ISO3,countryname,year,cgovtax,cgovtax_GDP,source,nGDP
AFG,Afghanistan,2006,25532.72,7.012556,Derived using data on central government tax revenue to GDP from IMF_GFS and the spliced GDP,364100.1
AFG,Afghanistan,2007,29971.95,5.999345,Derived using data on central government tax revenue to GDP from IMF_GFS and the spliced GDP,499587
AFG,Afghanistan,2008,31347.88,6.058997,Derived using data on central government tax revenue to GDP from IMF_GFS and the spliced GDP,517377.4
AFG,Afghanistan,2009,51303.88,8.544127,Derived using data on central government tax revenue to GDP from IMF_GFS and the spliced GDP,600457.8
AFG,Afghanistan,2010,65821.08,9.356195,Derived using data on central government tax revenue to GDP from IMF_GFS and the spliced GDP,703502.6
AFG,Afghanistan,2011,75971.41,9.06741,Derived using data on central government tax revenue to GDP from IMF_GFS and the spliced GDP,837851.3
AFG,Afghanistan,2012,77330.88,7.672027,Derived using data on central government tax revenue to GDP from IMF_GFS and the spliced GDP,1007959
AFG,Afghanistan,2013,80056.58,7.262972,Derived using data on central government tax revenue to GDP from IMF_GFS and the spliced GDP,1102256
AFG,Afghanistan,2014,76361.59,6.840275,Derived using data on central government tax revenue to GDP from IMF_GFS and the spliced GDP,1116353
AFG,Afghanistan,2015,86390.24,7.555844,Derived using data on central government tax revenue to GDP from IMF_GFS and the spliced GDP,1143357
AFG,Afghanistan,2016,109011.8,8.813914,Derived using data on central government tax revenue to GDP from IMF_GFS and the spliced GDP,1236815
AFG,Afghanistan,2017,119602.7,9.236835,Derived using data on central government tax revenue to GDP from IMF_GFS and the spliced GDP,1294845
AGO,Angola,2018,2544548,9.928881,Derived using data on central government tax revenue to GDP from IMF_GFS and the spliced GDP,2.56e+07
AGO,Angola,2019,3423957,11.28885,Derived using data on central government tax revenue to GDP from IMF_GFS and the spliced GDP,3.03e+07
AGO,Angola,2020,6504240,20.51761,Derived using data on central government tax revenue to GDP from IMF_GFS and the spliced GDP,3.17e+07
AGO,Angola,2021,4724600,10.70333,Derived using data on central government tax revenue to GDP from IMF_GFS and the spliced GDP,4.41e+07
AGO,Angola,2022,6642129,12.72829,Derived using data on central government tax revenue to GDP from IMF_GFS and the spliced GDP,5.22e+07
AGO,Angola,2023,5732954,9.242218,Derived using data on central government tax revenue to GDP from IMF_GFS and the spliced GDP,6.20e+07
ALB,Albania,1998,57266.09,14.56893,Derived using data on central government tax revenue to GDP from IMF_GFS and the spliced GDP,393070
ALB,Albania,1999,,,Derived using data on central government tax revenue to GDP from IMF_GFS and the spliced GDP,453512.3
ALB,Albania,2000,,,Derived using data on central government tax revenue to GDP from IMF_GFS and the spliced GDP,516206.8
ALB,Albania,2001,,,Derived using data on central government tax revenue to GDP from IMF_GFS and the spliced GDP,583125.1
ALB,Albania,2002,104498.9,16.48424,Derived using data on central government tax revenue to GDP from IMF_GFS and the spliced GDP,633932.6
ALB,Albania,2003,120495.4,17.19615,Derived using data on central government tax revenue to GDP from IMF_GFS and the spliced GDP,700711.6
ALB,Albania,2004,136614.6,17.96509,Derived using data on central government tax revenue to GDP from IMF_GFS and the spliced GDP,760444.8
ALB,Albania,2005,,,Derived using data on central government tax revenue to GDP from IMF_GFS and the spliced GDP,824594.6
ALB,Albania,2006,,,Derived using data on central government tax revenue to GDP from IMF_GFS and the spliced GDP,897697.7
ALB,Albania,2007,,,Derived using data on central government tax revenue to GDP from IMF_GFS and the spliced GDP,1005281
ALB,Albania,2008,,,Derived using data on central government tax revenue to GDP from IMF_GFS and the spliced GDP,1112317
ALB,Albania,2009,,,Derived using data on central government tax revenue to GDP from IMF_GFS and the spliced GDP,1171607
ALB,Albania,2010,,,Derived using data on central government tax revenue to GDP from IMF_GFS and the spliced GDP,1256235
ALB,Albania,2011,235907.8,18.02201,Derived using data on central government tax revenue to GDP from IMF_GFS and the spliced GDP,1308998
ALB,Albania,2012,231625.6,17.48279,Derived using data on central government tax revenue to GDP from IMF_GFS and the spliced GDP,1324877
ALB,Albania,2013,223165,16.50328,Derived using data on central government tax revenue to GDP from IMF_GFS and the spliced GDP,1352247
ALB,Albania,2014,256684,18.30194,Derived using data on central government tax revenue to GDP from IMF_GFS and the spliced GDP,1402496
ALB,Albania,2015,267516.6,18.5158,Derived using data on central government tax revenue to GDP from IMF_GFS and the spliced GDP,1444802
ALB,Albania,2016,261796,17.59023,Derived using data on central government tax revenue to GDP from IMF_GFS and the spliced GDP,1488303
ALB,Albania,2017,298243.9,18.88749,Derived using data on central government tax revenue to GDP from IMF_GFS and the spliced GDP,1579056
ALB,Albania,2018,308015.2,18.54597,Derived using data on central government tax revenue to GDP from IMF_GFS and the spliced GDP,1660820
ALB,Albania,2019,310638.4,18.14438,Derived using data on central government tax revenue to GDP from IMF_GFS and the spliced GDP,1712037
ALB,Albania,2020,281240.1,16.98326,Derived using data on central government tax revenue to GDP from IMF_GFS and the spliced GDP,1655985
ALB,Albania,2021,339708,18.1986,Derived using data on central government tax revenue to GDP from IMF_GFS and the spliced GDP,1866672
ALB,Albania,2022,390330.3,18.15708,Derived using data on central government tax revenue to GDP from IMF_GFS and the spliced GDP,2149742
ALB,Albania,2023,430299.3,18.20005,Derived using data on central government tax revenue to GDP from IMF_GFS and the spliced GDP,2364276
AND,Andorra,2018,384.8627,14.122,Derived using data on central government tax revenue to GDP from IMF_GFS and the spliced GDP,2725.27
AND,Andorra,2019,387.9642,13.7653,Derived using data on central government tax revenue to GDP from IMF_GFS and the spliced GDP,2818.422
AND,Andorra,2020,320.4032,12.65872,Derived using data on central government tax revenue to GDP from IMF_GFS and the spliced GDP,2531.087
AND,Andorra,2021,368.5372,13.1107,Derived using data on central government tax revenue to GDP from IMF_GFS and the spliced GDP,2810.965
AND,Andorra,2022,481.0985,14.98604,Derived using data on central government tax revenue to GDP from IMF_GFS and the spliced GDP,3210.31
AND,Andorra,2023,495.6816,14.15999,Derived using data on central government tax revenue to GDP from IMF_GFS and the spliced GDP,3500.58
ARE,United Arab Emirates,2011,698.7407,.0527288,Derived using data on central government tax revenue to GDP from IMF_GFS and the spliced GDP,1325158
ARE,United Arab Emirates,2012,857.5503,.0607124,Derived using data on central government tax revenue to GDP from IMF_GFS and the spliced GDP,1412481
ARE,United Arab Emirates,2013,1130.572,.07692,Derived using data on central government tax revenue to GDP from IMF_GFS and the spliced GDP,1469803
ARE,United Arab Emirates,2014,1000.815,.0658084,Derived using data on central government tax revenue to GDP from IMF_GFS and the spliced GDP,1520802
ARE,United Arab Emirates,2015,1106.924,.0814013,Derived using data on central government tax revenue to GDP from IMF_GFS and the spliced GDP,1359837
ARE,United Arab Emirates,2016,680.0366,.0501469,Derived using data on central government tax revenue to GDP from IMF_GFS and the spliced GDP,1356090
ARE,United Arab Emirates,2017,941.1244,.0656214,Derived using data on central government tax revenue to GDP from IMF_GFS and the spliced GDP,1434173
ARE,United Arab Emirates,2018,919.6563,.0586389,Derived using data on central government tax revenue to GDP from IMF_GFS and the spliced GDP,1568339
ARE,United Arab Emirates,2019,14924.51,.9722384,Derived using data on central government tax revenue to GDP from IMF_GFS and the spliced GDP,1535067
ARE,United Arab Emirates,2020,8754.191,.6820883,Derived using data on central government tax revenue to GDP from IMF_GFS and the spliced GDP,1283440
ARE,United Arab Emirates,2021,8161.097,.5352437,Derived using data on central government tax revenue to GDP from IMF_GFS and the spliced GDP,1524744
ARE,United Arab Emirates,2022,10680.89,.5785077,Derived using data on central government tax revenue to GDP from IMF_GFS and the spliced GDP,1846283
ARE,United Arab Emirates,2023,11836.2,.6268694,Derived using data on central government tax revenue to GDP from IMF_GFS and the spliced GDP,1888144
ARG,Argentina,2002,24586.12,7.257984,Derived using data on central government tax revenue to GDP from IMF_GFS and the spliced GDP,338745.9
ARG,Argentina,2003,38406.79,9.427839,Derived using data on central government tax revenue to GDP from IMF_GFS and the spliced GDP,407376.3
ARG,Argentina,2004,53071.04,10.93988,Derived using data on central government tax revenue to GDP from IMF_GFS and the spliced GDP,485115.2
ARG,Argentina,2005,63578.8,10.9141,Derived using data on central government tax revenue to GDP from IMF_GFS and the spliced GDP,582538.2
ARG,Argentina,2006,77023,10.75884,Derived using data on central government tax revenue to GDP from IMF_GFS and the spliced GDP,715904.3
ARG,Argentina,2007,92883.1,10.35509,Derived using data on central government tax revenue to GDP from IMF_GFS and the spliced GDP,896980.2
ARG,Argentina,2008,129637.4,11.27629,Derived using data on central government tax revenue to GDP from IMF_GFS and the spliced GDP,1149646
ARG,Argentina,2009,129126.6,10.34727,Derived using data on central government tax revenue to GDP from IMF_GFS and the spliced GDP,1247929
ARG,Argentina,2010,179381.2,10.7949,Derived using data on central government tax revenue to GDP from IMF_GFS and the spliced GDP,1661721
ARG,Argentina,2011,230338,10.57069,Derived using data on central government tax revenue to GDP from IMF_GFS and the spliced GDP,2179024
ARG,Argentina,2012,282636.3,10.71439,Derived using data on central government tax revenue to GDP from IMF_GFS and the spliced GDP,2637914
ARG,Argentina,2013,342365,10.22501,Derived using data on central government tax revenue to GDP from IMF_GFS and the spliced GDP,3348309
ARG,Argentina,2014,474357.4,10.35921,Derived using data on central government tax revenue to GDP from IMF_GFS and the spliced GDP,4579087
ARG,Argentina,2015,594422.9,9.982732,Derived using data on central government tax revenue to GDP from IMF_GFS and the spliced GDP,5954511
ARG,Argentina,2016,718147.8,8.727927,Derived using data on central government tax revenue to GDP from IMF_GFS and the spliced GDP,8228160
ARG,Argentina,2017,895041.4,8.396081,Derived using data on central government tax revenue to GDP from IMF_GFS and the spliced GDP,1.07e+07
ARG,Argentina,2018,1055951,7.161506,Derived using data on central government tax revenue to GDP from IMF_GFS and the spliced GDP,1.47e+07
ARG,Argentina,2019,1680755,7.796274,Derived using data on central government tax revenue to GDP from IMF_GFS and the spliced GDP,2.16e+07
ARG,Argentina,2020,2144366,7.880855,Derived using data on central government tax revenue to GDP from IMF_GFS and the spliced GDP,2.72e+07
ARG,Argentina,2021,4002170,8.659128,Derived using data on central government tax revenue to GDP from IMF_GFS and the spliced GDP,4.62e+07
ARG,Argentina,2022,6963205,8.424643,Derived using data on central government tax revenue to GDP from IMF_GFS and the spliced GDP,8.27e+07
ARG,Argentina,2023,1.36e+07,7.120998,Derived using data on central government tax revenue to GDP from IMF_GFS and the spliced GDP,1.91e+08
ARM,Armenia,2004,284781.5,13.99641,Derived using data on central government tax revenue to GDP from IMF_GFS and the spliced GDP,2034676
ARM,Armenia,2005,342888.9,14.33566,Derived using data on central government tax revenue to GDP from IMF_GFS and the spliced GDP,2391859
ARM,Armenia,2006,407828.5,14.39756,Derived using data on central government tax revenue to GDP from IMF_GFS and the spliced GDP,2832621
ARM,Armenia,2007,537156.4,15.99409,Derived using data on central government tax revenue to GDP from IMF_GFS and the spliced GDP,3358467
ARM,Armenia,2008,,,Derived using data on central government tax revenue to GDP from IMF_GFS and the spliced GDP,3805239
ARM,Armenia,2009,,,Derived using data on central government tax revenue to GDP from IMF_GFS and the spliced GDP,3350328
ARM,Armenia,2010,,,Derived using data on central government tax revenue to GDP from IMF_GFS and the spliced GDP,3690038
ARM,Armenia,2011,,,Derived using data on central government tax revenue to GDP from IMF_GFS and the spliced GDP,4028887
ARM,Armenia,2012,,,Derived using data on central government tax revenue to GDP from IMF_GFS and the spliced GDP,4266461
ARM,Armenia,2013,983389.8,21.58621,Derived using data on central government tax revenue to GDP from IMF_GFS and the spliced GDP,4555638
ARM,Armenia,2014,1042943,21.59917,Derived using data on central government tax revenue to GDP from IMF_GFS and the spliced GDP,4828627
ARM,Armenia,2015,1055694,20.93122,Derived using data on central government tax revenue to GDP from IMF_GFS and the spliced GDP,5043633
ARM,Armenia,2016,1078187,21.27738,Derived using data on central government tax revenue to GDP from IMF_GFS and the spliced GDP,5067294
ARM,Armenia,2017,1156338,20.78065,Derived using data on central government tax revenue to GDP from IMF_GFS and the spliced GDP,5564494
ARM,Armenia,2018,1255762,20.8701,Derived using data on central government tax revenue to GDP from IMF_GFS and the spliced GDP,6017035
ARM,Armenia,2019,1458191,22.28517,Derived using data on central government tax revenue to GDP from IMF_GFS and the spliced GDP,6543322
ARM,Armenia,2020,1351390,21.86042,Derived using data on central government tax revenue to GDP from IMF_GFS and the spliced GDP,6181903
ARM,Armenia,2021,1538262,22.00101,Derived using data on central government tax revenue to GDP from IMF_GFS and the spliced GDP,6991778
ARM,Armenia,2022,1855625,21.82716,Derived using data on central government tax revenue to GDP from IMF_GFS and the spliced GDP,8501449
ARM,Armenia,2023,2136951,22.48186,Derived using data on central government tax revenue to GDP from IMF_GFS and the spliced GDP,9505222
AUS,Australia,1901,27.29837,3.923923,Derived using data on central government tax revenue to GDP from Mitchell and the spliced GDP,695.6908
AUS,Australia,1902,26.98261,3.660184,Derived using data on central government tax revenue to GDP from Mitchell and the spliced GDP,737.1928
AUS,Australia,1903,25.31393,3.562146,Derived using data on central government tax revenue to GDP from Mitchell and the spliced GDP,710.6371
AUS,Australia,1904,24.47922,3.290931,Derived using data on central government tax revenue to GDP from Mitchell and the spliced GDP,743.8387
AUS,Australia,1905,25.03541,3.396047,Derived using data on central government tax revenue to GDP from Mitchell and the spliced GDP,737.1928
AUS,Australia,1906,26.98324,3.392738,Derived using data on central government tax revenue to GDP from Mitchell and the spliced GDP,795.3234
AUS,Australia,1907,32.20831,3.605649,Derived using data on central government tax revenue to GDP from Mitchell and the spliced GDP,893.2737
AUS,Australia,1908,30.04318,3.375772,Derived using data on central government tax revenue to GDP from Mitchell and the spliced GDP,889.9647
AUS,Australia,1909,32.26785,3.391701,Derived using data on central government tax revenue to GDP from Mitchell and the spliced GDP,951.3767
AUS,Australia,1910,37.55363,3.630445,Derived using data on central government tax revenue to GDP from Mitchell and the spliced GDP,1034.408
AUS,Australia,1911,40.61372,3.57611,Derived using data on central government tax revenue to GDP from Mitchell and the spliced GDP,1135.696
AUS,Australia,1912,43.11679,3.537934,Derived using data on central government tax revenue to GDP from Mitchell and the spliced GDP,1218.7
AUS,Australia,1913,42.5611,3.19618,Derived using data on central government tax revenue to GDP from Mitchell and the spliced GDP,1331.624
AUS,Australia,1914,41.17016,2.869869,Derived using data on central government tax revenue to GDP from Mitchell and the spliced GDP,1434.566
AUS,Australia,1915,58.97286,4.238439,Derived using data on central government tax revenue to GDP from Mitchell and the spliced GDP,1391.382
AUS,Australia,1916,57.86066,3.596282,Derived using data on central government tax revenue to GDP from Mitchell and the spliced GDP,1608.902
AUS,Australia,1917,57.30414,3.376995,Derived using data on central government tax revenue to GDP from Mitchell and the spliced GDP,1696.897
AUS,Australia,1918,77.33228,4.385654,Derived using data on central government tax revenue to GDP from Mitchell and the spliced GDP,1763.301
AUS,Australia,1919,97.08342,5.106627,Derived using data on central government tax revenue to GDP from Mitchell and the spliced GDP,1901.126
AUS,Australia,1920,127.9597,6.150648,Derived using data on central government tax revenue to GDP from Mitchell and the spliced GDP,2080.427
AUS,Australia,1921,122.3961,5.334071,Derived using data on central government tax revenue to GDP from Mitchell and the spliced GDP,2294.61
AUS,Australia,1922,127.9609,5.592716,Derived using data on central government tax revenue to GDP from Mitchell and the spliced GDP,2287.992
AUS,Australia,1923,130.7415,5.214768,Derived using data on central government tax revenue to GDP from Mitchell and the spliced GDP,2507.14
AUS,Australia,1924,133.5241,5.125455,Derived using data on central government tax revenue to GDP from Mitchell and the spliced GDP,2605.118
AUS,Australia,1925,139.0847,4.864643,Derived using data on central government tax revenue to GDP from Mitchell and the spliced GDP,2859.094
AUS,Australia,1926,152.998,5.554314,Derived using data on central government tax revenue to GDP from Mitchell and the spliced GDP,2754.58
AUS,Australia,1927,144.6461,5.038746,Derived using data on central government tax revenue to GDP from Mitchell and the spliced GDP,2870.676
AUS,Australia,1928,144.1006,4.990503,Derived using data on central government tax revenue to GDP from Mitchell and the spliced GDP,2887.497
AUS,Australia,1929,147.4328,5.186642,Derived using data on central government tax revenue to GDP from Mitchell and the spliced GDP,2842.548
AUS,Australia,1930,116.8344,4.493364,Derived using data on central government tax revenue to GDP from Mitchell and the spliced GDP,2600.154
AUS,Australia,1931,116.2762,5.441415,Derived using data on central government tax revenue to GDP from Mitchell and the spliced GDP,2136.875
AUS,Australia,1932,122.3896,6.092302,Derived using data on central government tax revenue to GDP from Mitchell and the spliced GDP,2008.922
AUS,Australia,1933,120.4564,5.739247,Derived using data on central government tax revenue to GDP from Mitchell and the spliced GDP,2098.82
AUS,Australia,1934,130.1777,5.782295,Derived using data on central government tax revenue to GDP from Mitchell and the spliced GDP,2251.316
AUS,Australia,1935,138.5294,5.826402,Derived using data on central government tax revenue to GDP from Mitchell and the spliced GDP,2377.615
AUS,Australia,1936,143.5368,5.492362,Derived using data on central government tax revenue to GDP from Mitchell and the spliced GDP,2613.39
AUS,Australia,1937,159.6709,5.600873,Derived using data on central government tax revenue to GDP from Mitchell and the spliced GDP,2850.821
AUS,Australia,1938,164.1226,5.322973,Derived using data on central government tax revenue to GDP from Mitchell and the spliced GDP,3083.288
AUS,Australia,1939,194.7181,6.447324,Derived using data on central government tax revenue to GDP from Mitchell and the spliced GDP,3020.138
AUS,Australia,1940,267.0562,8.12307,Derived using data on central government tax revenue to GDP from Mitchell and the spliced GDP,3287.627
AUS,Australia,1941,375.5333,10.54437,Derived using data on central government tax revenue to GDP from Mitchell and the spliced GDP,3561.458
AUS,Australia,1942,573.0213,13.82174,Derived using data on central government tax revenue to GDP from Mitchell and the spliced GDP,4145.796
AUS,Australia,1943,700.9972,14.77245,Derived using data on central government tax revenue to GDP from Mitchell and the spliced GDP,4745.302
AUS,Australia,1944,787.2314,16.32129,Derived using data on central government tax revenue to GDP from Mitchell and the spliced GDP,4823.342
AUS,Australia,1945,909.645,19.27693,Derived using data on central government tax revenue to GDP from Mitchell and the spliced GDP,4718.828
AUS,Australia,1946,962.5011,19.75068,Derived using data on central government tax revenue to GDP from Mitchell and the spliced GDP,4873.255
AUS,Australia,1947,1068.213,20.61349,Derived using data on central government tax revenue to GDP from Mitchell and the spliced GDP,5182.107
AUS,Australia,1948,1215.636,19.53943,Derived using data on central government tax revenue to GDP from Mitchell and the spliced GDP,6221.453
AUS,Australia,1949,1296.399,18.0557,Derived using data on central government tax revenue to GDP from Mitchell and the spliced GDP,7179.999
AUS,Australia,1950,1873.568,22.11282,Derived using data on central government tax revenue to GDP from Mitchell and the spliced GDP,8472.769
AUS,Australia,1951,1975.419,21.27314,Derived using data on central government tax revenue to GDP from Mitchell and the spliced GDP,9285.98
AUS,Australia,1952,1856.428,19.08927,Derived using data on central government tax revenue to GDP from Mitchell and the spliced GDP,9724.984
AUS,Australia,1953,1820.314,17.15215,Derived using data on central government tax revenue to GDP from Mitchell and the spliced GDP,10612.75
AUS,Australia,1954,1883.824,16.30213,Derived using data on central government tax revenue to GDP from Mitchell and the spliced GDP,11555.69
AUS,Australia,1955,2055.632,16.39967,Derived using data on central government tax revenue to GDP from Mitchell and the spliced GDP,12534.6
AUS,Australia,1956,2235.754,16.61697,Derived using data on central government tax revenue to GDP from Mitchell and the spliced GDP,13454.65
AUS,Australia,1957,2203.55,16.12992,Derived using data on central government tax revenue to GDP from Mitchell and the spliced GDP,13661.25
AUS,Australia,1958,2264.895,15.31093,Derived using data on central government tax revenue to GDP from Mitchell and the spliced GDP,14792.66
AUS,Australia,1959,2580.26,15.76055,Derived using data on central government tax revenue to GDP from Mitchell and the spliced GDP,16371.63
AUS,Australia,1960,2831.728,16.35324,Derived using data on central government tax revenue to GDP from Mitchell and the spliced GDP,17316
AUS,Australia,1961,2664.98,15.2485,Derived using data on central government tax revenue to GDP from Mitchell and the spliced GDP,17477
AUS,Australia,1962,2802.97,15.10628,Derived using data on central government tax revenue to GDP from Mitchell and the spliced GDP,18555
AUS,Australia,1963,3176.295,15.68231,Derived using data on central government tax revenue to GDP from Mitchell and the spliced GDP,20254
AUS,Australia,1964,3715.104,16.7031,Derived using data on central government tax revenue to GDP from Mitchell and the spliced GDP,22242
AUS,Australia,1965,4027.638,16.84358,Derived using data on central government tax revenue to GDP from Mitchell and the spliced GDP,23912
AUS,Australia,1966,4377.424,17.10934,Derived using data on central government tax revenue to GDP from Mitchell and the spliced GDP,25585
AUS,Australia,1967,4862.946,17.17081,Derived using data on central government tax revenue to GDP from Mitchell and the spliced GDP,28321
AUS,Australia,1968,5554.06,17.97547,Derived using data on central government tax revenue to GDP from Mitchell and the spliced GDP,30898
AUS,Australia,1969,6433.279,18.5285,Derived using data on central government tax revenue to GDP from Mitchell and the spliced GDP,34721
AUS,Australia,1970,7293.352,18.89274,Derived using data on central government tax revenue to GDP from Mitchell and the spliced GDP,38604
AUS,Australia,1971,8123.607,19.03822,Derived using data on central government tax revenue to GDP from Mitchell and the spliced GDP,42670
AUS,Australia,1972,8586.885,18.35589,Derived using data on central government tax revenue to GDP from Mitchell and the spliced GDP,46780
AUS,Australia,1973,11476.83,20.77631,Derived using data on central government tax revenue to GDP from Mitchell and the spliced GDP,55240
AUS,Australia,1974,14865.64,22.53325,Derived using data on central government tax revenue to GDP from Mitchell and the spliced GDP,65972
AUS,Australia,1975,16811.77,21.83035,Derived using data on central government tax revenue to GDP from Mitchell and the spliced GDP,77011
AUS,Australia,1976,19118.91,21.13965,Derived using data on central government tax revenue to GDP from Mitchell and the spliced GDP,90441
AUS,Australia,1977,20256.2,20.11999,Derived using data on central government tax revenue to GDP from Mitchell and the spliced GDP,100677
AUS,Australia,1978,22380.62,20.14512,Derived using data on central government tax revenue to GDP from Mitchell and the spliced GDP,111097
AUS,Australia,1979,26912.09,21.1067,Derived using data on central government tax revenue to GDP from Mitchell and the spliced GDP,127505
AUS,Australia,1980,31476.58,21.88214,Derived using data on central government tax revenue to GDP from Mitchell and the spliced GDP,143846
AUS,Australia,1981,36845.47,22.37833,Derived using data on central government tax revenue to GDP from Mitchell and the spliced GDP,164648
AUS,Australia,1982,39492.9,21.47778,Derived using data on central government tax revenue to GDP from Mitchell and the spliced GDP,183878
AUS,Australia,1983,42667.49,21.42932,Derived using data on central government tax revenue to GDP from Mitchell and the spliced GDP,199108
AUS,Australia,1984,50204.14,22.32555,Derived using data on central government tax revenue to GDP from Mitchell and the spliced GDP,224873
AUS,Australia,1985,56069.13,22.45091,Derived using data on central government tax revenue to GDP from Mitchell and the spliced GDP,249741
AUS,Australia,1986,61449.52,22.61418,Derived using data on central government tax revenue to GDP from Mitchell and the spliced GDP,271730
AUS,Australia,1987,70325.3,23.00965,Derived using data on central government tax revenue to GDP from Mitchell and the spliced GDP,305634
AUS,Australia,1988,78083.78,22.58696,Derived using data on central government tax revenue to GDP from Mitchell and the spliced GDP,345703
AUS,Australia,1989,77590.04,19.95064,Derived using data on central government tax revenue to GDP from Mitchell and the spliced GDP,388910
AUS,Australia,1990,77954.22,18.84595,Derived using data on central government tax revenue to GDP from Mitchell and the spliced GDP,413639
AUS,Australia,1991,72057.61,17.29514,Derived using data on central government tax revenue to GDP from Mitchell and the spliced GDP,416635
AUS,Australia,1992,72724.34,16.82265,Derived using data on central government tax revenue to GDP from Mitchell and the spliced GDP,432300
AUS,Australia,1993,74113.7,16.28218,Derived using data on central government tax revenue to GDP from Mitchell and the spliced GDP,455183
AUS,Australia,1994,75951.3,15.73553,Derived using data on central government tax revenue to GDP from Mitchell and the spliced GDP,482674
AUS,Australia,1995,84178.19,16.43848,Derived using data on central government tax revenue to GDP from Mitchell and the spliced GDP,512080
AUS,Australia,1996,93531.48,17.2187,Derived using data on central government tax revenue to GDP from Mitchell and the spliced GDP,543197
AUS,Australia,1997,100633.3,17.54942,Derived using data on central government tax revenue to GDP from Mitchell and the spliced GDP,573428
AUS,Australia,1998,106173.2,17.54192,Derived using data on central government tax revenue to GDP from Mitchell and the spliced GDP,605254
AUS,Australia,1999,114109.8,17.87885,Derived using data on central government tax revenue to GDP from IMF_GFS and the spliced GDP,638239
AUS,Australia,2000,125017.6,18.17922,Derived using data on central government tax revenue to GDP from Mitchell and the spliced GDP,687695
AUS,Australia,2001,143007.3,19.56637,Derived using data on central government tax revenue to GDP from Mitchell and the spliced GDP,730883
AUS,Australia,2002,145593.9,18.59543,Derived using data on central government tax revenue to GDP from Mitchell and the spliced GDP,782955
AUS,Australia,2003,161944,19.49313,Derived using data on central government tax revenue to GDP from Mitchell and the spliced GDP,830775
AUS,Australia,2004,176294.3,19.69324,Derived using data on central government tax revenue to GDP from Mitchell and the spliced GDP,895202
AUS,Australia,2005,199574.8,20.68252,Derived using data on central government tax revenue to GDP from Mitchell and the spliced GDP,964944
AUS,Australia,2006,206382.9,19.83839,Derived using data on central government tax revenue to GDP from Mitchell and the spliced GDP,1040321
AUS,Australia,2007,231581.6,20.42229,Derived using data on central government tax revenue to GDP from Mitchell and the spliced GDP,1133965
AUS,Australia,2008,271494.2,21.95324,Derived using data on central government tax revenue to GDP from Mitchell and the spliced GDP,1236693
AUS,Australia,2009,263721.3,20.86695,Derived using data on central government tax revenue to GDP from Mitchell and the spliced GDP,1263823
AUS,Australia,2010,267490.9,19.57736,Derived using data on central government tax revenue to GDP from Mitchell and the spliced GDP,1366328
AUS,Australia,2011,288537.8,19.64082,Derived using data on central government tax revenue to GDP from IMF_GFS and the spliced GDP,1469072
AUS,Australia,2012,316829.3,20.89788,Derived using data on central government tax revenue to GDP from IMF_GFS and the spliced GDP,1516083
AUS,Australia,2013,337645.1,21.50677,Derived using data on central government tax revenue to GDP from IMF_GFS and the spliced GDP,1569948
AUS,Australia,2014,350363.7,21.7041,Derived using data on central government tax revenue to GDP from IMF_GFS and the spliced GDP,1614274
AUS,Australia,2015,355632.3,21.68365,Derived using data on central government tax revenue to GDP from IMF_GFS and the spliced GDP,1640094
AUS,Australia,2016,369628.6,21.7428,Derived using data on central government tax revenue to GDP from IMF_GFS and the spliced GDP,1700005
AUS,Australia,2017,388991.3,21.56784,Derived using data on central government tax revenue to GDP from IMF_GFS and the spliced GDP,1803571
AUS,Australia,2018,428487.6,22.57098,Derived using data on central government tax revenue to GDP from IMF_GFS and the spliced GDP,1898400
AUS,Australia,2019,457095.4,22.88382,Derived using data on central government tax revenue to GDP from IMF_GFS and the spliced GDP,1997461
AUS,Australia,2020,449570.9,22.7154,Derived using data on central government tax revenue to GDP from IMF_GFS and the spliced GDP,1979146
AUS,Australia,2021,484609.9,21.96433,Derived using data on central government tax revenue to GDP from IMF_GFS and the spliced GDP,2206350
AUS,Australia,2022,557852.6,22.48371,Derived using data on central government tax revenue to GDP from IMF_GFS and the spliced GDP,2481141
AUT,Austria,1913,.0103647,.0013123,Derived using data on central government tax revenue to GDP from Mitchell and the spliced GDP,789.8423
AUT,Austria,1914,,,Derived using data on central government tax revenue to GDP from Mitchell and the spliced GDP,
AUT,Austria,1915,,,Derived using data on central government tax revenue to GDP from Mitchell and the spliced GDP,
AUT,Austria,1916,,,Derived using data on central government tax revenue to GDP from Mitchell and the spliced GDP,
AUT,Austria,1917,,,Derived using data on central government tax revenue to GDP from Mitchell and the spliced GDP,
AUT,Austria,1918,,,Derived using data on central government tax revenue to GDP from Mitchell and the spliced GDP,
AUT,Austria,1919,,,Derived using data on central government tax revenue to GDP from Mitchell and the spliced GDP,
AUT,Austria,1920,,,Derived using data on central government tax revenue to GDP from Mitchell and the spliced GDP,
AUT,Austria,1921,,,Derived using data on central government tax revenue to GDP from Mitchell and the spliced GDP,
AUT,Austria,1922,,,Derived using data on central government tax revenue to GDP from Mitchell and the spliced GDP,
AUT,Austria,1923,,,Derived using data on central government tax revenue to GDP from Mitchell and the spliced GDP,
AUT,Austria,1924,58.53574,8.099352,Derived using data on central government tax revenue to GDP from Mitchell and the spliced GDP,722.7213
AUT,Austria,1925,62.20398,7.745384,Derived using data on central government tax revenue to GDP from Mitchell and the spliced GDP,803.1104
AUT,Austria,1926,66.9649,8.346304,Derived using data on central government tax revenue to GDP from Mitchell and the spliced GDP,802.33
AUT,Austria,1927,69.85265,8.055805,Derived using data on central government tax revenue to GDP from Mitchell and the spliced GDP,867.1096
AUT,Austria,1928,74.92576,8.219178,Derived using data on central government tax revenue to GDP from Mitchell and the spliced GDP,911.5967
AUT,Austria,1929,80.38909,8.519438,Derived using data on central government tax revenue to GDP from Mitchell and the spliced GDP,943.5962
AUT,Austria,1930,81.09152,8.987889,Derived using data on central government tax revenue to GDP from Mitchell and the spliced GDP,902.231
AUT,Austria,1931,79.68666,9.855212,Derived using data on central government tax revenue to GDP from Mitchell and the spliced GDP,808.5738
AUT,Austria,1932,72.97456,9.790576,Derived using data on central government tax revenue to GDP from Mitchell and the spliced GDP,745.3552
AUT,Austria,1933,67.74538,9.62306,Derived using data on central government tax revenue to GDP from Mitchell and the spliced GDP,703.9899
AUT,Austria,1934,71.64775,10.22272,Derived using data on central government tax revenue to GDP from Mitchell and the spliced GDP,700.868
AUT,Austria,1935,75.86232,10.63457,Derived using data on central government tax revenue to GDP from Mitchell and the spliced GDP,713.3556
AUT,Austria,1936,75.15989,10.33262,Derived using data on central government tax revenue to GDP from Mitchell and the spliced GDP,727.4042
AUT,Austria,1937,78.90619,10.29532,Derived using data on central government tax revenue to GDP from Mitchell and the spliced GDP,766.428
AUT,Austria,1938,,,Derived using data on central government tax revenue to GDP from Mitchell and the spliced GDP,
AUT,Austria,1939,,,Derived using data on central government tax revenue to GDP from Mitchell and the spliced GDP,
AUT,Austria,1940,,,Derived using data on central government tax revenue to GDP from Mitchell and the spliced GDP,
AUT,Austria,1941,,,Derived using data on central government tax revenue to GDP from Mitchell and the spliced GDP,
AUT,Austria,1942,,,Derived using data on central government tax revenue to GDP from Mitchell and the spliced GDP,
AUT,Austria,1943,,,Derived using data on central government tax revenue to GDP from Mitchell and the spliced GDP,
AUT,Austria,1944,,,Derived using data on central government tax revenue to GDP from Mitchell and the spliced GDP,
AUT,Austria,1945,,,Derived using data on central government tax revenue to GDP from Mitchell and the spliced GDP,
AUT,Austria,1946,,,Derived using data on central government tax revenue to GDP from Mitchell and the spliced GDP,
AUT,Austria,1947,,,Derived using data on central government tax revenue to GDP from Mitchell and the spliced GDP,
AUT,Austria,1948,300.0933,11.97819,Derived using data on central government tax revenue to GDP from Mitchell and the spliced GDP,2505.33
AUT,Austria,1949,468.9884,14.47952,Derived using data on central government tax revenue to GDP from Mitchell and the spliced GDP,3238.978
AUT,Austria,1950,624.3813,15.41426,Derived using data on central government tax revenue to GDP from Mitchell and the spliced GDP,4050.674
AUT,Austria,1951,880.6896,16.35311,Derived using data on central government tax revenue to GDP from Mitchell and the spliced GDP,5385.456
AUT,Austria,1952,796.2643,12.75,Derived using data on central government tax revenue to GDP from Mitchell and the spliced GDP,6245.209
AUT,Austria,1953,1144.403,17.81818,Derived using data on central government tax revenue to GDP from Mitchell and the spliced GDP,6422.668
AUT,Austria,1954,1216.152,16.88034,Derived using data on central government tax revenue to GDP from Mitchell and the spliced GDP,7204.548
AUT,Austria,1955,1289.444,15.60748,Derived using data on central government tax revenue to GDP from Mitchell and the spliced GDP,8261.708
AUT,Austria,1956,,,Derived using data on central government tax revenue to GDP from Mitchell and the spliced GDP,9185.665
AUT,Austria,1957,1717.929,16.89394,Derived using data on central government tax revenue to GDP from Mitchell and the spliced GDP,10168.91
AUT,Austria,1958,1804.082,17.08029,Derived using data on central government tax revenue to GDP from Mitchell and the spliced GDP,10562.36
AUT,Austria,1959,1908.202,16.9863,Derived using data on central government tax revenue to GDP from Mitchell and the spliced GDP,11233.77
AUT,Austria,1960,2108.277,16.80982,Derived using data on central government tax revenue to GDP from Mitchell and the spliced GDP,12541.94
AUT,Austria,1961,2475.584,17.79005,Derived using data on central government tax revenue to GDP from Mitchell and the spliced GDP,13915.55
AUT,Austria,1962,2735.222,18.48958,Derived using data on central government tax revenue to GDP from Mitchell and the spliced GDP,14793.31
AUT,Austria,1963,2950.1,18.50241,Derived using data on central government tax revenue to GDP from Mitchell and the spliced GDP,15944.4
AUT,Austria,1964,3314.597,18.98679,Derived using data on central government tax revenue to GDP from Mitchell and the spliced GDP,17457.39
AUT,Austria,1965,3649.181,19.22764,Derived using data on central government tax revenue to GDP from Mitchell and the spliced GDP,18978.83
AUT,Austria,1966,4035.247,19.51673,Derived using data on central government tax revenue to GDP from Mitchell and the spliced GDP,20675.83
AUT,Austria,1967,4228.729,19.23077,Derived using data on central government tax revenue to GDP from Mitchell and the spliced GDP,21989.39
AUT,Austria,1968,4517.185,19.12052,Derived using data on central government tax revenue to GDP from Mitchell and the spliced GDP,23624.8
AUT,Austria,1969,5050.961,19.58209,Derived using data on central government tax revenue to GDP from Mitchell and the spliced GDP,25793.78
AUT,Austria,1970,5703.609,19.70745,Derived using data on central government tax revenue to GDP from Mitchell and the spliced GDP,28941.39
AUT,Austria,1971,6507.998,20.14286,Derived using data on central government tax revenue to GDP from Mitchell and the spliced GDP,32309.21
AUT,Austria,1972,7599.948,20.58333,Derived using data on central government tax revenue to GDP from Mitchell and the spliced GDP,36922.83
AUT,Austria,1973,8546.128,20.42357,Derived using data on central government tax revenue to GDP from Mitchell and the spliced GDP,41844.44
AUT,Austria,1974,10433.28,21.9063,Derived using data on central government tax revenue to GDP from Mitchell and the spliced GDP,47626.86
AUT,Austria,1975,10989.22,21.75305,Derived using data on central government tax revenue to GDP from Mitchell and the spliced GDP,50518.07
AUT,Austria,1976,11976.42,21.46207,Derived using data on central government tax revenue to GDP from Mitchell and the spliced GDP,55802.72
AUT,Austria,1977,13112.13,21.25628,Derived using data on central government tax revenue to GDP from Mitchell and the spliced GDP,61685.88
AUT,Austria,1978,14668.5,22.48219,Derived using data on central government tax revenue to GDP from Mitchell and the spliced GDP,65245
AUT,Austria,1979,15886.74,22.19804,Derived using data on central government tax revenue to GDP from Mitchell and the spliced GDP,71568.19
AUT,Austria,1980,17066.02,22.20101,Derived using data on central government tax revenue to GDP from Mitchell and the spliced GDP,76870.49
AUT,Austria,1981,18865.33,23.0303,Derived using data on central government tax revenue to GDP from Mitchell and the spliced GDP,81915.26
AUT,Austria,1982,19400.93,22.03704,Derived using data on central government tax revenue to GDP from Mitchell and the spliced GDP,88037.81
AUT,Austria,1983,20611.78,21.97336,Derived using data on central government tax revenue to GDP from Mitchell and the spliced GDP,93803.52
AUT,Austria,1984,22429.87,22.77212,Derived using data on central government tax revenue to GDP from Mitchell and the spliced GDP,98497.05
AUT,Austria,1985,24090.39,23.17507,Derived using data on central government tax revenue to GDP from Mitchell and the spliced GDP,103949.6
AUT,Austria,1986,25237.37,23.05204,Derived using data on central government tax revenue to GDP from Mitchell and the spliced GDP,109480
AUT,Austria,1987,25351.25,22.3025,Derived using data on central government tax revenue to GDP from Mitchell and the spliced GDP,113670
AUT,Austria,1988,26353.91,22.10728,Derived using data on central government tax revenue to GDP from Mitchell and the spliced GDP,119209.2
AUT,Austria,1989,27103.52,21.25523,Derived using data on central government tax revenue to GDP from Mitchell and the spliced GDP,127514.6
AUT,Austria,1990,29692.29,21.66574,Derived using data on central government tax revenue to GDP from Mitchell and the spliced GDP,137047.2
AUT,Austria,1991,32570.78,22.16805,Derived using data on central government tax revenue to GDP from Mitchell and the spliced GDP,146926.7
AUT,Austria,1992,35429.32,22.82502,Derived using data on central government tax revenue to GDP from Mitchell and the spliced GDP,155221.4
AUT,Austria,1993,35596.06,22.20019,Derived using data on central government tax revenue to GDP from Mitchell and the spliced GDP,160341.2
AUT,Austria,1994,,,Derived using data on central government tax revenue to GDP from EUS and the spliced GDP,168338.6
AUT,Austria,1995,48742.26,27.7,Derived using data on central government tax revenue to GDP from EUS and the spliced GDP,175964.8
AUT,Austria,1996,52970.64,29.2,Derived using data on central government tax revenue to GDP from EUS and the spliced GDP,181406.3
AUT,Austria,1997,56329.19,30,Derived using data on central government tax revenue to GDP from EUS and the spliced GDP,187764
AUT,Austria,1998,58745.04,30.1,Derived using data on central government tax revenue to GDP from EUS and the spliced GDP,195166.3
AUT,Austria,1999,60434.38,29.8,Derived using data on central government tax revenue to GDP from EUS and the spliced GDP,202800
AUT,Austria,2000,62507.79,29.4,Derived using data on central government tax revenue to GDP from EUS and the spliced GDP,212611.5
AUT,Austria,2001,68501.84,31.2,Derived using data on central government tax revenue to GDP from EUS and the spliced GDP,219557.2
AUT,Austria,2002,68015.02,30.2,Derived using data on central government tax revenue to GDP from EUS and the spliced GDP,225215.3
AUT,Austria,2003,68728.13,29.8,Derived using data on central government tax revenue to GDP from EUS and the spliced GDP,230631.3
AUT,Austria,2004,70635.29,29.4,Derived using data on central government tax revenue to GDP from EUS and the spliced GDP,240256.1
AUT,Austria,2005,71404.71,28.3,Derived using data on central government tax revenue to GDP from EUS and the spliced GDP,252313.5
AUT,Austria,2006,74017.83,27.8,Derived using data on central government tax revenue to GDP from EUS and the spliced GDP,266251.2
AUT,Austria,2007,79333.65,28.1,Derived using data on central government tax revenue to GDP from EUS and the spliced GDP,282326.2
AUT,Austria,2008,83689.5,28.7,Derived using data on central government tax revenue to GDP from EUS and the spliced GDP,291601
AUT,Austria,2009,79809.33,27.9,Derived using data on central government tax revenue to GDP from EUS and the spliced GDP,286054.9
AUT,Austria,2010,81942.27,27.9,Derived using data on central government tax revenue to GDP from EUS and the spliced GDP,293699.9
AUT,Austria,2011,86297.23,28,Derived using data on central government tax revenue to GDP from EUS and the spliced GDP,308204.4
AUT,Austria,2012,90522.16,28.6,Derived using data on central government tax revenue to GDP from EUS and the spliced GDP,316511
AUT,Austria,2013,94040.5,29.3,Derived using data on central government tax revenue to GDP from EUS and the spliced GDP,320957.3
AUT,Austria,2014,96743.88,29.3,Derived using data on central government tax revenue to GDP from EUS and the spliced GDP,330183.9
AUT,Austria,2015,101535.9,29.7,Derived using data on central government tax revenue to GDP from EUS and the spliced GDP,341871.8
AUT,Austria,2016,100629.8,28.3,Derived using data on central government tax revenue to GDP from EUS and the spliced GDP,355582.4
AUT,Austria,2017,103689.6,28.2,Derived using data on central government tax revenue to GDP from EUS and the spliced GDP,367693.5
AUT,Austria,2018,107676.6,28.1,Derived using data on central government tax revenue to GDP from EUS and the spliced GDP,383190.7
AUT,Austria,2019,111585.3,28.2,Derived using data on central government tax revenue to GDP from EUS and the spliced GDP,395692.6
AUT,Austria,2020,102844.6,27.1,Derived using data on central government tax revenue to GDP from EUS and the spliced GDP,379500.2
AUT,Austria,2021,115310.9,28.4,Derived using data on central government tax revenue to GDP from EUS and the spliced GDP,406024.2
AUT,Austria,2022,127275.6,28.4,Derived using data on central government tax revenue to GDP from EUS and the spliced GDP,448153.7
AUT,Austria,2023,132222.8,27.9,Derived using data on central government tax revenue to GDP from EUS and the spliced GDP,473916.9
AUT,Austria,2024,135907.8,28.1,Derived using data on central government tax revenue to GDP from EUS and the spliced GDP,483657.7
AZE,Azerbaijan,2008,6591,16.42118,Derived using data on central government tax revenue to GDP from IMF_GFS and the spliced GDP,40137.2
AZE,Azerbaijan,2009,5022.2,14.10671,Derived using data on central government tax revenue to GDP from IMF_GFS and the spliced GDP,35601.5
AZE,Azerbaijan,2010,5162.8,12.15778,Derived using data on central government tax revenue to GDP from IMF_GFS and the spliced GDP,42465
AZE,Azerbaijan,2011,6366.9,12.22476,Derived using data on central government tax revenue to GDP from IMF_GFS and the spliced GDP,52082
AZE,Azerbaijan,2012,6995.5,12.77864,Derived using data on central government tax revenue to GDP from IMF_GFS and the spliced GDP,54743.7
AZE,Azerbaijan,2013,7789.6,13.38833,Derived using data on central government tax revenue to GDP from IMF_GFS and the spliced GDP,58182
AZE,Azerbaijan,2014,8387.4,14.21254,Derived using data on central government tax revenue to GDP from IMF_GFS and the spliced GDP,59014.1
AZE,Azerbaijan,2015,8485,15.60316,Derived using data on central government tax revenue to GDP from IMF_GFS and the spliced GDP,54380
AZE,Azerbaijan,2016,8795.199,14.55552,Derived using data on central government tax revenue to GDP from IMF_GFS and the spliced GDP,60425.2
AZE,Azerbaijan,2017,9259.3,13.16405,Derived using data on central government tax revenue to GDP from IMF_GFS and the spliced GDP,70337.8
AZE,Azerbaijan,2018,10388.95,12.97127,Derived using data on central government tax revenue to GDP from IMF_GFS and the spliced GDP,80092
AZE,Azerbaijan,2019,11644.7,14.21885,Derived using data on central government tax revenue to GDP from IMF_GFS and the spliced GDP,81896.2
AZE,Azerbaijan,2020,11021.4,15.18557,Derived using data on central government tax revenue to GDP from IMF_GFS and the spliced GDP,72578.1
AZE,Azerbaijan,2021,12509.1,13.42132,Derived using data on central government tax revenue to GDP from IMF_GFS and the spliced GDP,93203.2
AZE,Azerbaijan,2022,20695.69,15.44769,Derived using data on central government tax revenue to GDP from IMF_GFS and the spliced GDP,133972.7
AZE,Azerbaijan,2023,21899.69,17.80383,Derived using data on central government tax revenue to GDP from IMF_GFS and the spliced GDP,123005.5
BDI,Burundi,1973,2454.049,10.03812,Derived using data on central government tax revenue to GDP from IMF_GFS and the spliced GDP,24447.3
BDI,Burundi,1974,2747.646,10.07309,Derived using data on central government tax revenue to GDP from IMF_GFS and the spliced GDP,27277.1
BDI,Burundi,1975,2845.32,8.708928,Derived using data on central government tax revenue to GDP from IMF_GFS and the spliced GDP,32671.3
BDI,Burundi,1976,4465.791,11.32156,Derived using data on central government tax revenue to GDP from IMF_GFS and the spliced GDP,39445
BDI,Burundi,1977,6963.575,14.24286,Derived using data on central government tax revenue to GDP from IMF_GFS and the spliced GDP,48891.7
BDI,Burundi,1978,9414.896,17.04803,Derived using data on central government tax revenue to GDP from IMF_GFS and the spliced GDP,55225.7
BDI,Burundi,1979,11456.78,16.05601,Derived using data on central government tax revenue to GDP from IMF_GFS and the spliced GDP,71355.1
BDI,Burundi,1980,10772.68,12.58388,Derived using data on central government tax revenue to GDP from IMF_GFS and the spliced GDP,85607
BDI,Burundi,1981,10166,11.37353,Derived using data on central government tax revenue to GDP from IMF_GFS and the spliced GDP,89383
BDI,Burundi,1982,,,Derived using data on central government tax revenue to GDP from AFRISTAT and the spliced GDP,94094
BDI,Burundi,1983,,,Derived using data on central government tax revenue to GDP from AFRISTAT and the spliced GDP,102892
BDI,Burundi,1984,,,Derived using data on central government tax revenue to GDP from AFRISTAT and the spliced GDP,120451
BDI,Burundi,1985,,,Derived using data on central government tax revenue to GDP from AFRISTAT and the spliced GDP,141347
BDI,Burundi,1986,,,Derived using data on central government tax revenue to GDP from AFRISTAT and the spliced GDP,140842
BDI,Burundi,1987,,,Derived using data on central government tax revenue to GDP from AFRISTAT and the spliced GDP,143590
BDI,Burundi,1988,,,Derived using data on central government tax revenue to GDP from AFRISTAT and the spliced GDP,152907
BDI,Burundi,1989,,,Derived using data on central government tax revenue to GDP from AFRISTAT and the spliced GDP,179548
BDI,Burundi,1990,,,Derived using data on central government tax revenue to GDP from AFRISTAT and the spliced GDP,196656
BDI,Burundi,1991,,,Derived using data on central government tax revenue to GDP from AFRISTAT and the spliced GDP,211898
BDI,Burundi,1992,,,Derived using data on central government tax revenue to GDP from AFRISTAT and the spliced GDP,226384
BDI,Burundi,1993,,,Derived using data on central government tax revenue to GDP from AFRISTAT and the spliced GDP,236676
BDI,Burundi,1994,,,Derived using data on central government tax revenue to GDP from AFRISTAT and the spliced GDP,270051
BDI,Burundi,1995,,,Derived using data on central government tax revenue to GDP from AFRISTAT and the spliced GDP,249865
BDI,Burundi,1996,,,Derived using data on central government tax revenue to GDP from AFRISTAT and the spliced GDP,263075
BDI,Burundi,1997,,,Derived using data on central government tax revenue to GDP from AFRISTAT and the spliced GDP,342786
BDI,Burundi,1998,,,Derived using data on central government tax revenue to GDP from AFRISTAT and the spliced GDP,400166
BDI,Burundi,1999,,,Derived using data on central government tax revenue to GDP from AFRISTAT and the spliced GDP,455443
BDI,Burundi,2000,,,Derived using data on central government tax revenue to GDP from AFRISTAT and the spliced GDP,511039
BDI,Burundi,2001,,,Derived using data on central government tax revenue to GDP from AFRISTAT and the spliced GDP,549981
BDI,Burundi,2002,81652.22,13.96708,Derived using data on central government tax revenue to GDP from AFRISTAT and the spliced GDP,584605
BDI,Burundi,2003,90993.2,14.11447,Derived using data on central government tax revenue to GDP from AFRISTAT and the spliced GDP,644680
BDI,Burundi,2004,99316.2,13.26894,Derived using data on central government tax revenue to GDP from AFRISTAT and the spliced GDP,748486
BDI,Burundi,2005,158999.5,13.15959,Derived using data on central government tax revenue to GDP from AFRISTAT and the spliced GDP,1208240
BDI,Burundi,2006,163600,12.4895,Derived using data on central government tax revenue to GDP from AFRISTAT and the spliced GDP,1309900
BDI,Burundi,2007,185699.9,12.65649,Derived using data on central government tax revenue to GDP from AFRISTAT and the spliced GDP,1467230
BDI,Burundi,2008,237100.1,12.40621,Derived using data on central government tax revenue to GDP from AFRISTAT and the spliced GDP,1911140
BDI,Burundi,2009,289000.4,13.23153,Derived using data on central government tax revenue to GDP from AFRISTAT and the spliced GDP,2184180
BDI,Burundi,2010,363100.4,14.51792,Derived using data on central government tax revenue to GDP from AFRISTAT and the spliced GDP,2501050
BDI,Burundi,2011,440999.4,15.64094,Derived using data on central government tax revenue to GDP from AFRISTAT and the spliced GDP,2819520
BDI,Burundi,2012,491899.9,14.65169,Derived using data on central government tax revenue to GDP from AFRISTAT and the spliced GDP,3357290
BDI,Burundi,2013,524500.1,13.75738,Derived using data on central government tax revenue to GDP from AFRISTAT and the spliced GDP,3812500
BDI,Burundi,2014,572200.5,13.67242,Derived using data on central government tax revenue to GDP from AFRISTAT and the spliced GDP,4185070
BDI,Burundi,2015,543699.8,12.30683,Derived using data on central government tax revenue to GDP from AFRISTAT and the spliced GDP,4417870
BDI,Burundi,2016,584597.3,12.05803,Derived using data on central government tax revenue to GDP from AFRISTAT and the spliced GDP,4848200
BDI,Burundi,2017,699100.8,12.26036,Derived using data on central government tax revenue to GDP from AFRISTAT and the spliced GDP,5702124
BDI,Burundi,2018,770904.1,13.03442,Derived using data on central government tax revenue to GDP from AFRISTAT and the spliced GDP,5914372
BDI,Burundi,2019,893493.6,14.37168,Derived using data on central government tax revenue to GDP from AFRISTAT and the spliced GDP,6217043
BDI,Burundi,2020,890876.4,13.47865,Derived using data on central government tax revenue to GDP from AFRISTAT and the spliced GDP,6609536
BDI,Burundi,2021,992853.5,13.42638,Derived using data on central government tax revenue to GDP from AFRISTAT and the spliced GDP,7394798
BDI,Burundi,2022,1141564,12.80902,Derived using data on central government tax revenue to GDP from AFRISTAT and the spliced GDP,8912186
BDI,Burundi,2023,1289767,12.65217,Derived using data on central government tax revenue to GDP from AFRISTAT and the spliced GDP,1.02e+07
BEL,Belgium,1924,77.46125,7.252396,Derived using data on central government tax revenue to GDP from Mitchell and the spliced GDP,1068.078
BEL,Belgium,1925,,,Derived using data on central government tax revenue to GDP from Mitchell and the spliced GDP,1122.255
BEL,Belgium,1926,,,Derived using data on central government tax revenue to GDP from Mitchell and the spliced GDP,1386.243
BEL,Belgium,1927,162.0842,9.211618,Derived using data on central government tax revenue to GDP from Mitchell and the spliced GDP,1759.563
BEL,Belgium,1928,,,Derived using data on central government tax revenue to GDP from Mitchell and the spliced GDP,2000.776
BEL,Belgium,1929,,,Derived using data on central government tax revenue to GDP from Mitchell and the spliced GDP,2245.804
BEL,Belgium,1930,177.9236,7.821053,Derived using data on central government tax revenue to GDP from Mitchell and the spliced GDP,2274.931
BEL,Belgium,1931,,,Derived using data on central government tax revenue to GDP from Mitchell and the spliced GDP,2066.413
BEL,Belgium,1932,,,Derived using data on central government tax revenue to GDP from Mitchell and the spliced GDP,1774.967
BEL,Belgium,1933,,,Derived using data on central government tax revenue to GDP from Mitchell and the spliced GDP,1730.081
BEL,Belgium,1934,187.9312,11.23077,Derived using data on central government tax revenue to GDP from Mitchell and the spliced GDP,1673.36
BEL,Belgium,1935,174.7815,10.65483,Derived using data on central government tax revenue to GDP from Mitchell and the spliced GDP,1640.397
BEL,Belgium,1936,175.7146,9.792643,Derived using data on central government tax revenue to GDP from Mitchell and the spliced GDP,1794.353
BEL,Belgium,1937,192.3476,8.949464,Derived using data on central government tax revenue to GDP from Mitchell and the spliced GDP,2149.264
BEL,Belgium,1938,197.9017,9.498466,Derived using data on central government tax revenue to GDP from Mitchell and the spliced GDP,2083.512
BEL,Belgium,1939,203.0947,9.873846,Derived using data on central government tax revenue to GDP from Mitchell and the spliced GDP,2056.896
BEL,Belgium,1940,,,Derived using data on central government tax revenue to GDP from Mitchell and the spliced GDP,1903.988
BEL,Belgium,1941,255.9921,16.22174,Derived using data on central government tax revenue to GDP from Mitchell and the spliced GDP,1578.081
BEL,Belgium,1942,,,Derived using data on central government tax revenue to GDP from Mitchell and the spliced GDP,1732.458
BEL,Belgium,1943,335.6852,17.79091,Derived using data on central government tax revenue to GDP from Mitchell and the spliced GDP,1886.835
BEL,Belgium,1944,,,Derived using data on central government tax revenue to GDP from Mitchell and the spliced GDP,3476.351
BEL,Belgium,1945,,,Derived using data on central government tax revenue to GDP from Mitchell and the spliced GDP,5065.868
BEL,Belgium,1946,628.2816,11.63299,Derived using data on central government tax revenue to GDP from Mitchell and the spliced GDP,5400.86
BEL,Belgium,1947,689.3519,10.49358,Derived using data on central government tax revenue to GDP from Mitchell and the spliced GDP,6569.274
BEL,Belgium,1948,1207.048,14.52056,Derived using data on central government tax revenue to GDP from Mitchell and the spliced GDP,8312.677
BEL,Belgium,1949,914.6417,11.29914,Derived using data on central government tax revenue to GDP from Mitchell and the spliced GDP,8094.794
BEL,Belgium,1950,847.0958,10,Derived using data on central government tax revenue to GDP from Mitchell and the spliced GDP,8470.958
BEL,Belgium,1951,1146.396,11.47059,Derived using data on central government tax revenue to GDP from Mitchell and the spliced GDP,9994.217
BEL,Belgium,1952,1110.149,10.55944,Derived using data on central government tax revenue to GDP from Mitchell and the spliced GDP,10513.33
BEL,Belgium,1953,1118.971,10.57737,Derived using data on central government tax revenue to GDP from Mitchell and the spliced GDP,10578.92
BEL,Belgium,1954,1122.094,10.18692,Derived using data on central government tax revenue to GDP from Mitchell and the spliced GDP,11015.06
BEL,Belgium,1955,1230.018,10.50328,Derived using data on central government tax revenue to GDP from Mitchell and the spliced GDP,11710.8
BEL,Belgium,1956,,,Derived using data on central government tax revenue to GDP from Mitchell and the spliced GDP,12450.67
BEL,Belgium,1957,1433.005,10.85106,Derived using data on central government tax revenue to GDP from Mitchell and the spliced GDP,13206.12
BEL,Belgium,1958,1405.357,10.55662,Derived using data on central government tax revenue to GDP from Mitchell and the spliced GDP,13312.56
BEL,Belgium,1959,1499.438,10.87523,Derived using data on central government tax revenue to GDP from Mitchell and the spliced GDP,13787.64
BEL,Belgium,1960,1630.849,11.13835,Derived using data on central government tax revenue to GDP from Mitchell and the spliced GDP,14641.74
BEL,Belgium,1961,1726.805,11.10561,Derived using data on central government tax revenue to GDP from Mitchell and the spliced GDP,15548.94
BEL,Belgium,1962,1918.757,11.54321,Derived using data on central government tax revenue to GDP from Mitchell and the spliced GDP,16622.39
BEL,Belgium,1963,2019.326,11.2931,Derived using data on central government tax revenue to GDP from Mitchell and the spliced GDP,17881.06
BEL,Belgium,1964,2281.729,11.40103,Derived using data on central government tax revenue to GDP from Mitchell and the spliced GDP,20013.36
BEL,Belgium,1965,2510.039,11.50766,Derived using data on central government tax revenue to GDP from Mitchell and the spliced GDP,21811.91
BEL,Belgium,1966,2867.817,12.24535,Derived using data on central government tax revenue to GDP from Mitchell and the spliced GDP,23419.65
BEL,Belgium,1967,3190.414,12.70961,Derived using data on central government tax revenue to GDP from Mitchell and the spliced GDP,25102.38
BEL,Belgium,1968,3448.735,12.84895,Derived using data on central government tax revenue to GDP from Mitchell and the spliced GDP,26840.6
BEL,Belgium,1969,3921.65,13.17241,Derived using data on central government tax revenue to GDP from Mitchell and the spliced GDP,29771.69
BEL,Belgium,1970,4534.917,13.69969,Derived using data on central government tax revenue to GDP from Mitchell and the spliced GDP,33102.33
BEL,Belgium,1971,5072.634,13.98725,Derived using data on central government tax revenue to GDP from Mitchell and the spliced GDP,36266.12
BEL,Belgium,1972,5762.466,14.19355,Derived using data on central government tax revenue to GDP from Mitchell and the spliced GDP,40599.2
BEL,Belgium,1973,6672.385,14.46429,Derived using data on central government tax revenue to GDP from Mitchell and the spliced GDP,46130.06
BEL,Belgium,1974,8029.643,14.8407,Derived using data on central government tax revenue to GDP from Mitchell and the spliced GDP,54105.54
BEL,Belgium,1975,10153.14,16.95615,Derived using data on central government tax revenue to GDP from Mitchell and the spliced GDP,59878.8
BEL,Belgium,1976,11197.13,16.45283,Derived using data on central government tax revenue to GDP from Mitchell and the spliced GDP,68055.98
BEL,Belgium,1977,12805.27,17.39769,Derived using data on central government tax revenue to GDP from Mitchell and the spliced GDP,73603.26
BEL,Belgium,1978,15089.82,19.09061,Derived using data on central government tax revenue to GDP from Mitchell and the spliced GDP,79043.16
BEL,Belgium,1979,16580.97,19.61362,Derived using data on central government tax revenue to GDP from Mitchell and the spliced GDP,84538.07
BEL,Belgium,1980,17748.33,19.30455,Derived using data on central government tax revenue to GDP from Mitchell and the spliced GDP,91938.57
BEL,Belgium,1981,17825.25,18.49217,Derived using data on central government tax revenue to GDP from Mitchell and the spliced GDP,96393.51
BEL,Belgium,1982,20340.55,19.5005,Derived using data on central government tax revenue to GDP from Mitchell and the spliced GDP,104307.8
BEL,Belgium,1983,21745.08,19.67773,Derived using data on central government tax revenue to GDP from Mitchell and the spliced GDP,110506
BEL,Belgium,1984,24023.28,20.1217,Derived using data on central government tax revenue to GDP from Mitchell and the spliced GDP,119389.9
BEL,Belgium,1985,25818.38,20.33291,Derived using data on central government tax revenue to GDP from Mitchell and the spliced GDP,126978.3
BEL,Belgium,1986,25921.74,19.5034,Derived using data on central government tax revenue to GDP from Mitchell and the spliced GDP,132908.8
BEL,Belgium,1987,26475.05,19.14812,Derived using data on central government tax revenue to GDP from Mitchell and the spliced GDP,138264.5
BEL,Belgium,1988,27226.11,18.40403,Derived using data on central government tax revenue to GDP from Mitchell and the spliced GDP,147935.6
BEL,Belgium,1989,21886.33,13.6439,Derived using data on central government tax revenue to GDP from Mitchell and the spliced GDP,160411.1
BEL,Belgium,1990,22884.4,13.45375,Derived using data on central government tax revenue to GDP from Mitchell and the spliced GDP,170096.8
BEL,Belgium,1991,23150.09,12.99125,Derived using data on central government tax revenue to GDP from Mitchell and the spliced GDP,178197.6
BEL,Belgium,1992,23686.54,12.65841,Derived using data on central government tax revenue to GDP from Mitchell and the spliced GDP,187121
BEL,Belgium,1993,24153.01,12.5326,Derived using data on central government tax revenue to GDP from Mitchell and the spliced GDP,192721.4
BEL,Belgium,1994,,,Derived using data on central government tax revenue to GDP from EUS and the spliced GDP,203106.9
BEL,Belgium,1995,55990.1,26.6,Derived using data on central government tax revenue to GDP from EUS and the spliced GDP,210489.1
BEL,Belgium,1996,57857.52,27,Derived using data on central government tax revenue to GDP from EUS and the spliced GDP,214287.1
BEL,Belgium,1997,61179.71,27.3,Derived using data on central government tax revenue to GDP from EUS and the spliced GDP,224101.5
BEL,Belgium,1998,64669.41,27.8,Derived using data on central government tax revenue to GDP from EUS and the spliced GDP,232623.8
BEL,Belgium,1999,66876.9,27.6,Derived using data on central government tax revenue to GDP from EUS and the spliced GDP,242307.6
BEL,Belgium,2000,71529.02,27.9,Derived using data on central government tax revenue to GDP from EUS and the spliced GDP,256376.4
BEL,Belgium,2001,72163.4,27.3,Derived using data on central government tax revenue to GDP from EUS and the spliced GDP,264334.8
BEL,Belgium,2002,71593.05,26.2,Derived using data on central government tax revenue to GDP from EUS and the spliced GDP,273255.9
BEL,Belgium,2003,71987.25,25.6,Derived using data on central government tax revenue to GDP from EUS and the spliced GDP,281200.2
BEL,Belgium,2004,77173.12,26,Derived using data on central government tax revenue to GDP from EUS and the spliced GDP,296819.7
BEL,Belgium,2005,80299.73,25.9,Derived using data on central government tax revenue to GDP from EUS and the spliced GDP,310037.6
BEL,Belgium,2006,83563.91,25.7,Derived using data on central government tax revenue to GDP from EUS and the spliced GDP,325151.4
BEL,Belgium,2007,86935.58,25.3,Derived using data on central government tax revenue to GDP from EUS and the spliced GDP,343618.9
BEL,Belgium,2008,90397.95,25.7,Derived using data on central government tax revenue to GDP from EUS and the spliced GDP,351743
BEL,Belgium,2009,84151.85,24.2,Derived using data on central government tax revenue to GDP from EUS and the spliced GDP,347734.9
BEL,Belgium,2010,90810.6,25,Derived using data on central government tax revenue to GDP from EUS and the spliced GDP,363242.4
BEL,Belgium,2011,95822.59,25.3,Derived using data on central government tax revenue to GDP from EUS and the spliced GDP,378745.4
BEL,Belgium,2012,101639,26.2,Derived using data on central government tax revenue to GDP from EUS and the spliced GDP,387935
BEL,Belgium,2013,104573.3,26.5,Derived using data on central government tax revenue to GDP from EUS and the spliced GDP,394616.2
BEL,Belgium,2014,107314,26.5,Derived using data on central government tax revenue to GDP from EUS and the spliced GDP,404958.3
BEL,Belgium,2015,103053.4,24.8,Derived using data on central government tax revenue to GDP from EUS and the spliced GDP,415538
BEL,Belgium,2016,97690.49,22.8,Derived using data on central government tax revenue to GDP from EUS and the spliced GDP,428467.1
BEL,Belgium,2017,103757.3,23.4,Derived using data on central government tax revenue to GDP from EUS and the spliced GDP,443407.1
BEL,Belgium,2018,109818.5,23.9,Derived using data on central government tax revenue to GDP from EUS and the spliced GDP,459491.8
BEL,Belgium,2019,107395.7,22.4,Derived using data on central government tax revenue to GDP from EUS and the spliced GDP,479445
BEL,Belgium,2020,100170.2,21.6,Derived using data on central government tax revenue to GDP from EUS and the spliced GDP,463751
BEL,Belgium,2021,116385.3,23,Derived using data on central government tax revenue to GDP from EUS and the spliced GDP,506023.1
BEL,Belgium,2022,127924.4,22.7,Derived using data on central government tax revenue to GDP from EUS and the spliced GDP,563543.6
BEL,Belgium,2023,133575.8,22.4,Derived using data on central government tax revenue to GDP from EUS and the spliced GDP,596320.5
BEL,Belgium,2024,140588.5,22.9,Derived using data on central government tax revenue to GDP from EUS and the spliced GDP,613923.4
BEN,Benin,1965,1541.689,1.977848,Derived using data on central government tax revenue to GDP from BCEAO and the spliced GDP,77947.81
BEN,Benin,1966,1295.019,1.603665,Derived using data on central government tax revenue to GDP from BCEAO and the spliced GDP,80753.69
BEN,Benin,1967,1510.856,1.851152,Derived using data on central government tax revenue to GDP from BCEAO and the spliced GDP,81617.03
BEN,Benin,1968,2004.196,2.364496,Derived using data on central government tax revenue to GDP from BCEAO and the spliced GDP,84762.08
BEN,Benin,1969,2189.199,2.510608,Derived using data on central government tax revenue to GDP from BCEAO and the spliced GDP,87197.95
BEN,Benin,1970,2744.207,3.082785,Derived using data on central government tax revenue to GDP from BCEAO and the spliced GDP,89017.15
BEN,Benin,1971,3241.869,3.44464,Derived using data on central government tax revenue to GDP from BCEAO and the spliced GDP,94113.44
BEN,Benin,1972,3433.351,3.23646,Derived using data on central government tax revenue to GDP from BCEAO and the spliced GDP,106083.5
BEN,Benin,1973,4358.169,3.792224,Derived using data on central government tax revenue to GDP from BCEAO and the spliced GDP,114923.8
BEN,Benin,1974,5298.584,3.974122,Derived using data on central government tax revenue to GDP from BCEAO and the spliced GDP,133327.2
BEN,Benin,1975,6875.766,4.760363,Derived using data on central government tax revenue to GDP from BCEAO and the spliced GDP,144437.9
BEN,Benin,1976,11566.21,6.743738,Derived using data on central government tax revenue to GDP from BCEAO and the spliced GDP,171510.4
BEN,Benin,1977,13462.23,6.972477,Derived using data on central government tax revenue to GDP from BCEAO and the spliced GDP,193076.7
BEN,Benin,1978,16066.71,7.464491,Derived using data on central government tax revenue to GDP from BCEAO and the spliced GDP,215241.9
BEN,Benin,1979,18362.74,7.430516,Derived using data on central government tax revenue to GDP from BCEAO and the spliced GDP,247126
BEN,Benin,1980,25900.24,8.258099,Derived using data on central government tax revenue to GDP from BCEAO and the spliced GDP,313634.4
BEN,Benin,1981,44556.68,11.67672,Derived using data on central government tax revenue to GDP from BCEAO and the spliced GDP,381585.6
BEN,Benin,1982,62581.02,13.90463,Derived using data on central government tax revenue to GDP from BCEAO and the spliced GDP,450073.3
BEN,Benin,1983,56882.03,12.61417,Derived using data on central government tax revenue to GDP from BCEAO and the spliced GDP,450937.6
BEN,Benin,1984,51335.18,10.34562,Derived using data on central government tax revenue to GDP from BCEAO and the spliced GDP,496202.2
BEN,Benin,1985,51957.61,10.2384,Derived using data on central government tax revenue to GDP from BCEAO and the spliced GDP,507477.8
BEN,Benin,1986,56118.63,11.23151,Derived using data on central government tax revenue to GDP from BCEAO and the spliced GDP,499653.6
BEN,Benin,1987,53867.66,10.61984,Derived using data on central government tax revenue to GDP from BCEAO and the spliced GDP,507235.9
BEN,Benin,1988,50633.26,9.715689,Derived using data on central government tax revenue to GDP from BCEAO and the spliced GDP,521149.5
BEN,Benin,1989,37497.09,7.24363,Derived using data on central government tax revenue to GDP from BCEAO and the spliced GDP,517656
BEN,Benin,1990,29182.08,5.378097,Derived using data on central government tax revenue to GDP from BCEAO and the spliced GDP,542609.8
BEN,Benin,1991,34605.99,6.073161,Derived using data on central government tax revenue to GDP from BCEAO and the spliced GDP,569818.4
BEN,Benin,1992,42121.88,6.968979,Derived using data on central government tax revenue to GDP from BCEAO and the spliced GDP,604419.6
BEN,Benin,1993,48116.86,7.347112,Derived using data on central government tax revenue to GDP from BCEAO and the spliced GDP,654908.5
BEN,Benin,1994,67695.8,7.503494,Derived using data on central government tax revenue to GDP from BCEAO and the spliced GDP,902190.4
BEN,Benin,1995,96310.93,8.228801,Derived using data on central government tax revenue to GDP from BCEAO and the spliced GDP,1170413
BEN,Benin,1996,120188.6,8.515873,Derived using data on central government tax revenue to GDP from BCEAO and the spliced GDP,1411348
BEN,Benin,1997,144632.3,8.646789,Derived using data on central government tax revenue to GDP from BCEAO and the spliced GDP,1672671
BEN,Benin,1998,178958.7,9.045022,Derived using data on central government tax revenue to GDP from BCEAO and the spliced GDP,1978532
BEN,Benin,1999,199399.8,8.809989,Derived using data on central government tax revenue to GDP from BCEAO and the spliced GDP,2263338
BEN,Benin,2000,234099.6,9.364263,Derived using data on central government tax revenue to GDP from BCEAO and the spliced GDP,2499926
BEN,Benin,2001,247300.2,9.209982,Derived using data on central government tax revenue to GDP from BCEAO and the spliced GDP,2685133
BEN,Benin,2002,282500.1,9.709004,Derived using data on central government tax revenue to GDP from BCEAO and the spliced GDP,2909672
BEN,Benin,2003,307200.1,9.903224,Derived using data on central government tax revenue to GDP from BCEAO and the spliced GDP,3102021
BEN,Benin,2004,311399.6,9.53936,Derived using data on central government tax revenue to GDP from BCEAO and the spliced GDP,3264365
BEN,Benin,2005,334000.1,9.645234,Derived using data on central government tax revenue to GDP from BCEAO and the spliced GDP,3462851
BEN,Benin,2006,378800,10.30804,Derived using data on central government tax revenue to GDP from BCEAO and the spliced GDP,3674800
BEN,Benin,2007,446700.3,11.42461,Derived using data on central government tax revenue to GDP from BCEAO and the spliced GDP,3909982
BEN,Benin,2008,512200,11.73336,Derived using data on central government tax revenue to GDP from BCEAO and the spliced GDP,4365330
BEN,Benin,2009,500500.3,10.92792,Derived using data on central government tax revenue to GDP from BCEAO and the spliced GDP,4580012
BEN,Benin,2010,525900.4,11.1466,Derived using data on central government tax revenue to GDP from BCEAO and the spliced GDP,4718034
BEN,Benin,2011,534700.3,10.61079,Derived using data on central government tax revenue to GDP from BCEAO and the spliced GDP,5039213
BEN,Benin,2012,598200.1,10.51634,Derived using data on central government tax revenue to GDP from BCEAO and the spliced GDP,5688292
BEN,Benin,2013,668099.9,10.8062,Derived using data on central government tax revenue to GDP from BCEAO and the spliced GDP,6182559
BEN,Benin,2014,701200.3,10.69012,Derived using data on central government tax revenue to GDP from BCEAO and the spliced GDP,6559333
BEN,Benin,2015,713100.4,10.59142,Derived using data on central government tax revenue to GDP from BCEAO and the spliced GDP,6732814
BEN,Benin,2016,641102.7,9.151772,Derived using data on central government tax revenue to GDP from BCEAO and the spliced GDP,7005230
BEN,Benin,2017,712800.2,9.664692,Derived using data on central government tax revenue to GDP from BCEAO and the spliced GDP,7375302
BEN,Benin,2018,811300.4,10.2411,Derived using data on central government tax revenue to GDP from BCEAO and the spliced GDP,7922004
BEN,Benin,2019,893305.1,10.59391,Derived using data on central government tax revenue to GDP from BCEAO and the spliced GDP,8432248
BEN,Benin,2020,947901.1,10.52193,Derived using data on central government tax revenue to GDP from BCEAO and the spliced GDP,9008810
BEN,Benin,2021,1082301,11.03297,Derived using data on central government tax revenue to GDP from BCEAO and the spliced GDP,9809694
BEN,Benin,2022,1320701,12.1673,Derived using data on central government tax revenue to GDP from BCEAO and the spliced GDP,1.09e+07
BEN,Benin,2023,1537900,12.88574,Derived using data on central government tax revenue to GDP from BCEAO and the spliced GDP,1.19e+07
BEN,Benin,2024,1715400,13.22591,Derived using data on central government tax revenue to GDP from BCEAO and the spliced GDP,1.30e+07
BFA,Burkina Faso,1961,7584.227,8.006536,Derived using data on central government tax revenue to GDP from BCEAO and the spliced GDP,94725.45
BFA,Burkina Faso,1962,7584.227,7.538462,Derived using data on central government tax revenue to GDP from BCEAO and the spliced GDP,100607.1
BFA,Burkina Faso,1963,10370.27,9.985097,Derived using data on central government tax revenue to GDP from BCEAO and the spliced GDP,103857.5
BFA,Burkina Faso,1964,10834.61,10.11561,Derived using data on central government tax revenue to GDP from BCEAO and the spliced GDP,107107.9
BFA,Burkina Faso,1965,11144.17,10.27104,Derived using data on central government tax revenue to GDP from BCEAO and the spliced GDP,108500.9
BFA,Burkina Faso,1966,10525.05,9.523809,Derived using data on central government tax revenue to GDP from BCEAO and the spliced GDP,110513
BFA,Burkina Faso,1967,10215.49,9.44206,Derived using data on central government tax revenue to GDP from BCEAO and the spliced GDP,108191.3
BFA,Burkina Faso,1968,11298.95,9.023486,Derived using data on central government tax revenue to GDP from BCEAO and the spliced GDP,125217.1
BFA,Burkina Faso,1969,13311.09,10.52632,Derived using data on central government tax revenue to GDP from BCEAO and the spliced GDP,126455.4
BFA,Burkina Faso,1970,14394.55,10.28761,Derived using data on central government tax revenue to GDP from BCEAO and the spliced GDP,139921.3
BFA,Burkina Faso,1971,13857.62,9.738955,Derived using data on central government tax revenue to GDP from BCEAO and the spliced GDP,142290.6
BFA,Burkina Faso,1972,16546.07,9.949749,Derived using data on central government tax revenue to GDP from BCEAO and the spliced GDP,166296.3
BFA,Burkina Faso,1973,18851.99,11.07692,Derived using data on central government tax revenue to GDP from BCEAO and the spliced GDP,170191.6
BFA,Burkina Faso,1974,24566.23,12.13504,Derived using data on central government tax revenue to GDP from BCEAO and the spliced GDP,202440.5
BFA,Burkina Faso,1975,26802.11,12.5,Derived using data on central government tax revenue to GDP from BCEAO and the spliced GDP,214416.9
BFA,Burkina Faso,1976,29744.21,12.97554,Derived using data on central government tax revenue to GDP from BCEAO and the spliced GDP,229232.9
BFA,Burkina Faso,1977,43618.89,15.31701,Derived using data on central government tax revenue to GDP from BCEAO and the spliced GDP,284774.2
BFA,Burkina Faso,1978,42116.76,12.49438,Derived using data on central government tax revenue to GDP from BCEAO and the spliced GDP,337085.6
BFA,Burkina Faso,1979,53025.61,12.43564,Derived using data on central government tax revenue to GDP from BCEAO and the spliced GDP,426400.2
BFA,Burkina Faso,1980,58075.86,12.64241,Derived using data on central government tax revenue to GDP from BCEAO and the spliced GDP,459373.3
BFA,Burkina Faso,1981,68986.69,12.60012,Derived using data on central government tax revenue to GDP from BCEAO and the spliced GDP,547508
BFA,Burkina Faso,1982,76975,12.67527,Derived using data on central government tax revenue to GDP from BCEAO and the spliced GDP,607285.1
BFA,Burkina Faso,1983,73801.36,11.46982,Derived using data on central government tax revenue to GDP from BCEAO and the spliced GDP,643439.8
BFA,Burkina Faso,1984,79195.77,12.00717,Derived using data on central government tax revenue to GDP from BCEAO and the spliced GDP,659570.8
BFA,Burkina Faso,1985,61315.32,7.73639,Derived using data on central government tax revenue to GDP from BCEAO and the spliced GDP,792557.3
BFA,Burkina Faso,1986,73108.41,9.12365,Derived using data on central government tax revenue to GDP from BCEAO and the spliced GDP,801306.7
BFA,Burkina Faso,1987,78878.38,9.746968,Derived using data on central government tax revenue to GDP from BCEAO and the spliced GDP,809260.7
BFA,Burkina Faso,1988,84566.02,9.551255,Derived using data on central government tax revenue to GDP from BCEAO and the spliced GDP,885391.6
BFA,Burkina Faso,1989,81427.16,8.588326,Derived using data on central government tax revenue to GDP from BCEAO and the spliced GDP,948114.4
BFA,Burkina Faso,1990,77188.98,8.0449,Derived using data on central government tax revenue to GDP from BCEAO and the spliced GDP,959477.3
BFA,Burkina Faso,1991,80412.88,8.00185,Derived using data on central government tax revenue to GDP from BCEAO and the spliced GDP,1004929
BFA,Burkina Faso,1992,69616.95,6.895586,Derived using data on central government tax revenue to GDP from BCEAO and the spliced GDP,1009587
BFA,Burkina Faso,1993,73337.48,7.123793,Derived using data on central government tax revenue to GDP from BCEAO and the spliced GDP,1029472
BFA,Burkina Faso,1994,105065.9,8.786901,Derived using data on central government tax revenue to GDP from BCEAO and the spliced GDP,1195711
BFA,Burkina Faso,1995,128595.2,9.528657,Derived using data on central government tax revenue to GDP from BCEAO and the spliced GDP,1349563
BFA,Burkina Faso,1996,150536.8,10.01284,Derived using data on central government tax revenue to GDP from BCEAO and the spliced GDP,1503438
BFA,Burkina Faso,1997,168103.8,10.35579,Derived using data on central government tax revenue to GDP from BCEAO and the spliced GDP,1623283
BFA,Burkina Faso,1998,184975.2,9.837951,Derived using data on central government tax revenue to GDP from BCEAO and the spliced GDP,1880221
BFA,Burkina Faso,1999,220699.8,10.57909,Derived using data on central government tax revenue to GDP from BCEAO and the spliced GDP,2086188
BFA,Burkina Faso,2000,203000,9.629251,Derived using data on central government tax revenue to GDP from BCEAO and the spliced GDP,2108160
BFA,Burkina Faso,2001,213200,9.12429,Derived using data on central government tax revenue to GDP from BCEAO and the spliced GDP,2336621
BFA,Burkina Faso,2002,240900.2,9.586648,Derived using data on central government tax revenue to GDP from BCEAO and the spliced GDP,2512872
BFA,Burkina Faso,2003,270099.9,9.82482,Derived using data on central government tax revenue to GDP from BCEAO and the spliced GDP,2749159
BFA,Burkina Faso,2004,318600.3,11.0822,Derived using data on central government tax revenue to GDP from BCEAO and the spliced GDP,2874883
BFA,Burkina Faso,2005,336799.6,10.39275,Derived using data on central government tax revenue to GDP from BCEAO and the spliced GDP,3240716
BFA,Burkina Faso,2006,362300,10.5919,Derived using data on central government tax revenue to GDP from BCEAO and the spliced GDP,3420540
BFA,Burkina Faso,2007,405199.8,11.10158,Derived using data on central government tax revenue to GDP from BCEAO and the spliced GDP,3649928
BFA,Burkina Faso,2008,444700.1,10.54956,Derived using data on central government tax revenue to GDP from BCEAO and the spliced GDP,4215341
BFA,Burkina Faso,2009,494600.1,11.12811,Derived using data on central government tax revenue to GDP from BCEAO and the spliced GDP,4444601
BFA,Burkina Faso,2010,565700.3,11.30907,Derived using data on central government tax revenue to GDP from BCEAO and the spliced GDP,5002182
BFA,Burkina Faso,2011,695600.4,12.2189,Derived using data on central government tax revenue to GDP from BCEAO and the spliced GDP,5692823
BFA,Burkina Faso,2012,890799.4,13.8903,Derived using data on central government tax revenue to GDP from BCEAO and the spliced GDP,6413106
BFA,Burkina Faso,2013,992599.3,14.94848,Derived using data on central government tax revenue to GDP from BCEAO and the spliced GDP,6640135
BFA,Burkina Faso,2014,940699.5,13.66409,Derived using data on central government tax revenue to GDP from BCEAO and the spliced GDP,6884467
BFA,Burkina Faso,2015,929300.1,13.28461,Derived using data on central government tax revenue to GDP from BCEAO and the spliced GDP,6995311
BFA,Burkina Faso,2016,1075403,14.14051,Derived using data on central government tax revenue to GDP from BCEAO and the spliced GDP,7605123
BFA,Burkina Faso,2017,1238200,15.11604,Derived using data on central government tax revenue to GDP from BCEAO and the spliced GDP,8191299
BFA,Burkina Faso,2018,1354297,15.34426,Derived using data on central government tax revenue to GDP from BCEAO and the spliced GDP,8826081
BFA,Burkina Faso,2019,1474900,15.70078,Derived using data on central government tax revenue to GDP from BCEAO and the spliced GDP,9393802
BFA,Burkina Faso,2020,1376996,13.49696,Derived using data on central government tax revenue to GDP from BCEAO and the spliced GDP,1.02e+07
BFA,Burkina Faso,2021,1687500,15.44922,Derived using data on central government tax revenue to GDP from BCEAO and the spliced GDP,1.09e+07
BFA,Burkina Faso,2022,2028822,17.28232,Derived using data on central government tax revenue to GDP from BCEAO and the spliced GDP,1.17e+07
BFA,Burkina Faso,2023,2216887,17.9821,Derived using data on central government tax revenue to GDP from BCEAO and the spliced GDP,1.23e+07
BFA,Burkina Faso,2024,2516650,18.62468,Derived using data on central government tax revenue to GDP from BCEAO and the spliced GDP,1.35e+07
BGR,Bulgaria,1924,.0046129,6.406818,Derived using data on central government tax revenue to GDP from Mitchell and the spliced GDP,.0719996
BGR,Bulgaria,1925,.0048371,5.912,Derived using data on central government tax revenue to GDP from Mitchell and the spliced GDP,.0818177
BGR,Bulgaria,1926,.0046145,5.755102,Derived using data on central government tax revenue to GDP from Mitchell and the spliced GDP,.0801814
BGR,Bulgaria,1927,.0049336,5.688679,Derived using data on central government tax revenue to GDP from Mitchell and the spliced GDP,.0867268
BGR,Bulgaria,1928,.0057125,6.233929,Derived using data on central government tax revenue to GDP from Mitchell and the spliced GDP,.0916359
BGR,Bulgaria,1929,.0056094,6.121428,Derived using data on central government tax revenue to GDP from Mitchell and the spliced GDP,.0916359
BGR,Bulgaria,1930,.0045474,5.671429,Derived using data on central government tax revenue to GDP from Mitchell and the spliced GDP,.0801814
BGR,Bulgaria,1931,.0044231,6.006667,Derived using data on central government tax revenue to GDP from Mitchell and the spliced GDP,.073636
BGR,Bulgaria,1932,.0038831,6.084615,Derived using data on central government tax revenue to GDP from Mitchell and the spliced GDP,.0638178
BGR,Bulgaria,1933,.0034102,5.788889,Derived using data on central government tax revenue to GDP from Mitchell and the spliced GDP,.0589088
BGR,Bulgaria,1934,.0031614,5.52,Derived using data on central government tax revenue to GDP from Mitchell and the spliced GDP,.0572724
BGR,Bulgaria,1935,.0038749,6.4,Derived using data on central government tax revenue to GDP from Mitchell and the spliced GDP,.0605451
BGR,Bulgaria,1936,.0045736,6.9875,Derived using data on central government tax revenue to GDP from Mitchell and the spliced GDP,.0654542
BGR,Bulgaria,1937,.0052805,6.865957,Derived using data on central government tax revenue to GDP from Mitchell and the spliced GDP,.0769087
BGR,Bulgaria,1938,.0055914,6.7,Derived using data on central government tax revenue to GDP from Mitchell and the spliced GDP,.0834541
BGR,Bulgaria,1939,.0058909,6.101695,Derived using data on central government tax revenue to GDP from Mitchell and the spliced GDP,.0965449
BGR,Bulgaria,1940,.0068056,6.398461,Derived using data on central government tax revenue to GDP from Mitchell and the spliced GDP,.1063631
BGR,Bulgaria,1941,.0109325,7.506742,Derived using data on central government tax revenue to GDP from Mitchell and the spliced GDP,.1456356
BGR,Bulgaria,1942,,,Derived using data on central government tax revenue to GDP from IMF_GFS and the spliced GDP,.1996353
BGR,Bulgaria,1943,,,Derived using data on central government tax revenue to GDP from IMF_GFS and the spliced GDP,.2650895
BGR,Bulgaria,1944,,,Derived using data on central government tax revenue to GDP from IMF_GFS and the spliced GDP,.4090887
BGR,Bulgaria,1945,,,Derived using data on central government tax revenue to GDP from IMF_GFS and the spliced GDP,.4679975
BGR,Bulgaria,1946,,,Derived using data on central government tax revenue to GDP from IMF_GFS and the spliced GDP,.5465425
BGR,Bulgaria,1947,,,Derived using data on central government tax revenue to GDP from IMF_GFS and the spliced GDP,
BGR,Bulgaria,1948,,,Derived using data on central government tax revenue to GDP from IMF_GFS and the spliced GDP,2.580531
BGR,Bulgaria,1949,,,Derived using data on central government tax revenue to GDP from IMF_GFS and the spliced GDP,2.708167
BGR,Bulgaria,1950,,,Derived using data on central government tax revenue to GDP from IMF_GFS and the spliced GDP,3.071438
BGR,Bulgaria,1951,,,Derived using data on central government tax revenue to GDP from IMF_GFS and the spliced GDP,3.853615
BGR,Bulgaria,1952,,,Derived using data on central government tax revenue to GDP from IMF_GFS and the spliced GDP,3.997615
BGR,Bulgaria,1953,,,Derived using data on central government tax revenue to GDP from IMF_GFS and the spliced GDP,4.549066
BGR,Bulgaria,1954,,,Derived using data on central government tax revenue to GDP from IMF_GFS and the spliced GDP,4.431248
BGR,Bulgaria,1955,,,Derived using data on central government tax revenue to GDP from IMF_GFS and the spliced GDP,4.61452
BGR,Bulgaria,1956,,,Derived using data on central government tax revenue to GDP from IMF_GFS and the spliced GDP,4.491794
BGR,Bulgaria,1957,,,Derived using data on central government tax revenue to GDP from IMF_GFS and the spliced GDP,5.251062
BGR,Bulgaria,1958,,,Derived using data on central government tax revenue to GDP from IMF_GFS and the spliced GDP,5.704332
BGR,Bulgaria,1959,,,Derived using data on central government tax revenue to GDP from IMF_GFS and the spliced GDP,6.905416
BGR,Bulgaria,1960,,,Derived using data on central government tax revenue to GDP from IMF_GFS and the spliced GDP,7.345596
BGR,Bulgaria,1961,,,Derived using data on central government tax revenue to GDP from IMF_GFS and the spliced GDP,7.717049
BGR,Bulgaria,1962,,,Derived using data on central government tax revenue to GDP from IMF_GFS and the spliced GDP,8.440317
BGR,Bulgaria,1963,,,Derived using data on central government tax revenue to GDP from IMF_GFS and the spliced GDP,9.28795
BGR,Bulgaria,1964,,,Derived using data on central government tax revenue to GDP from IMF_GFS and the spliced GDP,10.15194
BGR,Bulgaria,1965,,,Derived using data on central government tax revenue to GDP from IMF_GFS and the spliced GDP,10.85885
BGR,Bulgaria,1966,,,Derived using data on central government tax revenue to GDP from IMF_GFS and the spliced GDP,11.90284
BGR,Bulgaria,1967,,,Derived using data on central government tax revenue to GDP from IMF_GFS and the spliced GDP,12.85029
BGR,Bulgaria,1968,,,Derived using data on central government tax revenue to GDP from IMF_GFS and the spliced GDP,14.00065
BGR,Bulgaria,1969,,,Derived using data on central government tax revenue to GDP from IMF_GFS and the spliced GDP,15.29992
BGR,Bulgaria,1970,,,Derived using data on central government tax revenue to GDP from IMF_GFS and the spliced GDP,15.29992
BGR,Bulgaria,1971,,,Derived using data on central government tax revenue to GDP from IMF_GFS and the spliced GDP,15.12556
BGR,Bulgaria,1972,,,Derived using data on central government tax revenue to GDP from IMF_GFS and the spliced GDP,16.33153
BGR,Bulgaria,1973,,,Derived using data on central government tax revenue to GDP from IMF_GFS and the spliced GDP,17.65375
BGR,Bulgaria,1974,,,Derived using data on central government tax revenue to GDP from IMF_GFS and the spliced GDP,19.01955
BGR,Bulgaria,1975,,,Derived using data on central government tax revenue to GDP from IMF_GFS and the spliced GDP,20.76313
BGR,Bulgaria,1976,,,Derived using data on central government tax revenue to GDP from IMF_GFS and the spliced GDP,22.0127
BGR,Bulgaria,1977,,,Derived using data on central government tax revenue to GDP from IMF_GFS and the spliced GDP,22.50671
BGR,Bulgaria,1978,,,Derived using data on central government tax revenue to GDP from IMF_GFS and the spliced GDP,27.22237
BGR,Bulgaria,1979,,,Derived using data on central government tax revenue to GDP from IMF_GFS and the spliced GDP,31.93803
BGR,Bulgaria,1980,,,Derived using data on central government tax revenue to GDP from IMF_GFS and the spliced GDP,37.4739
BGR,Bulgaria,1981,,,Derived using data on central government tax revenue to GDP from IMF_GFS and the spliced GDP,40.4191
BGR,Bulgaria,1982,,,Derived using data on central government tax revenue to GDP from IMF_GFS and the spliced GDP,42.15541
BGR,Bulgaria,1983,,,Derived using data on central government tax revenue to GDP from IMF_GFS and the spliced GDP,43.32012
BGR,Bulgaria,1984,,,Derived using data on central government tax revenue to GDP from IMF_GFS and the spliced GDP,46.01744
BGR,Bulgaria,1985,,,Derived using data on central government tax revenue to GDP from IMF_GFS and the spliced GDP,47.36
BGR,Bulgaria,1986,,,Derived using data on central government tax revenue to GDP from IMF_GFS and the spliced GDP,50.01707
BGR,Bulgaria,1987,,,Derived using data on central government tax revenue to GDP from IMF_GFS and the spliced GDP,53.07938
BGR,Bulgaria,1988,,,Derived using data on central government tax revenue to GDP from IMF_GFS and the spliced GDP,55.7148
BGR,Bulgaria,1989,,,Derived using data on central government tax revenue to GDP from IMF_GFS and the spliced GDP,57.50763
BGR,Bulgaria,1990,10.84697,16.44703,Derived using data on central government tax revenue to GDP from IMF_GFS and the spliced GDP,65.95092
BGR,Bulgaria,1991,30.3917,15.41104,Derived using data on central government tax revenue to GDP from IMF_GFS and the spliced GDP,197.2073
BGR,Bulgaria,1992,34.03847,11.66298,Derived using data on central government tax revenue to GDP from IMF_GFS and the spliced GDP,291.8504
BGR,Bulgaria,1993,45.60121,10.49771,Derived using data on central government tax revenue to GDP from IMF_GFS and the spliced GDP,434.3921
BGR,Bulgaria,1994,111.9453,14.65797,Derived using data on central government tax revenue to GDP from IMF_GFS and the spliced GDP,763.7164
BGR,Bulgaria,1995,142.8758,11.2,Derived using data on central government tax revenue to GDP from EUS and the spliced GDP,1275.677
BGR,Bulgaria,1996,264.6438,12.1,Derived using data on central government tax revenue to GDP from EUS and the spliced GDP,2187.139
BGR,Bulgaria,1997,3520.986,18.5,Derived using data on central government tax revenue to GDP from EUS and the spliced GDP,19032.36
BGR,Bulgaria,1998,5133.247,19.4,Derived using data on central government tax revenue to GDP from EUS and the spliced GDP,26460.04
BGR,Bulgaria,1999,5008.587,20,Derived using data on central government tax revenue to GDP from EUS and the spliced GDP,25042.94
BGR,Bulgaria,2000,5765.601,20.5,Derived using data on central government tax revenue to GDP from EUS and the spliced GDP,28124.88
BGR,Bulgaria,2001,6135.364,19.8,Derived using data on central government tax revenue to GDP from EUS and the spliced GDP,30986.69
BGR,Bulgaria,2002,6166.437,18.1,Derived using data on central government tax revenue to GDP from EUS and the spliced GDP,34068.71
BGR,Bulgaria,2003,7364.22,20.1,Derived using data on central government tax revenue to GDP from EUS and the spliced GDP,36637.91
BGR,Bulgaria,2004,8652.272,21,Derived using data on central government tax revenue to GDP from EUS and the spliced GDP,41201.3
BGR,Bulgaria,2005,9826.603,20.9,Derived using data on central government tax revenue to GDP from EUS and the spliced GDP,47017.24
BGR,Bulgaria,2006,11686.64,21.8,Derived using data on central government tax revenue to GDP from EUS and the spliced GDP,53608.44
BGR,Bulgaria,2007,13841.8,21.8,Derived using data on central government tax revenue to GDP from EUS and the spliced GDP,63494.49
BGR,Bulgaria,2008,16026.35,22,Derived using data on central government tax revenue to GDP from EUS and the spliced GDP,72847.05
BGR,Bulgaria,2009,13611.75,18.6,Derived using data on central government tax revenue to GDP from EUS and the spliced GDP,73181.47
BGR,Bulgaria,2010,13404.88,17.9,Derived using data on central government tax revenue to GDP from EUS and the spliced GDP,74887.6
BGR,Bulgaria,2011,14521.61,17.9,Derived using data on central government tax revenue to GDP from EUS and the spliced GDP,81126.31
BGR,Bulgaria,2012,15206.28,18.4,Derived using data on central government tax revenue to GDP from EUS and the spliced GDP,82642.83
BGR,Bulgaria,2013,16203.92,19.7,Derived using data on central government tax revenue to GDP from EUS and the spliced GDP,82253.42
BGR,Bulgaria,2014,16492.95,19.6,Derived using data on central government tax revenue to GDP from EUS and the spliced GDP,84147.69
BGR,Bulgaria,2015,18003.85,20.1,Derived using data on central government tax revenue to GDP from EUS and the spliced GDP,89571.38
BGR,Bulgaria,2016,19355.94,20.3,Derived using data on central government tax revenue to GDP from EUS and the spliced GDP,95349.44
BGR,Bulgaria,2017,21050.01,20.5,Derived using data on central government tax revenue to GDP from EUS and the spliced GDP,102683
BGR,Bulgaria,2018,21956.33,20,Derived using data on central government tax revenue to GDP from EUS and the spliced GDP,109781.7
BGR,Bulgaria,2019,24700.74,20.6,Derived using data on central government tax revenue to GDP from EUS and the spliced GDP,119906.5
BGR,Bulgaria,2020,24459.86,20.2,Derived using data on central government tax revenue to GDP from EUS and the spliced GDP,121088.4
BGR,Bulgaria,2021,28758.01,20.6,Derived using data on central government tax revenue to GDP from EUS and the spliced GDP,139602
BGR,Bulgaria,2022,36534.13,21.7,Derived using data on central government tax revenue to GDP from EUS and the spliced GDP,168360
BGR,Bulgaria,2023,37972.66,20.5,Derived using data on central government tax revenue to GDP from EUS and the spliced GDP,185232.5
BGR,Bulgaria,2024,42273.73,20.7,Derived using data on central government tax revenue to GDP from EUS and the spliced GDP,204220.9
BHR,Bahrain,1990,81.57552,4.419442,Derived using data on central government tax revenue to GDP from IMF_GFS and the spliced GDP,1845.833
BHR,Bahrain,1991,87.31481,4.467873,Derived using data on central government tax revenue to GDP from IMF_GFS and the spliced GDP,1954.282
BHR,Bahrain,1992,96.12983,4.706453,Derived using data on central government tax revenue to GDP from IMF_GFS and the spliced GDP,2042.511
BHR,Bahrain,1993,103.903,4.647071,Derived using data on central government tax revenue to GDP from IMF_GFS and the spliced GDP,2235.881
BHR,Bahrain,1994,108.2843,4.49275,Derived using data on central government tax revenue to GDP from IMF_GFS and the spliced GDP,2410.2
BHR,Bahrain,1995,105.507,4.134449,Derived using data on central government tax revenue to GDP from IMF_GFS and the spliced GDP,2551.9
BHR,Bahrain,1996,115.7357,4.360473,Derived using data on central government tax revenue to GDP from IMF_GFS and the spliced GDP,2654.2
BHS,Bahamas,1973,82.00075,8.43223,Derived using data on central government tax revenue to GDP from IMF_GFS and the spliced GDP,972.4681
BHS,Bahamas,1974,89.2485,7.56892,Derived using data on central government tax revenue to GDP from IMF_GFS and the spliced GDP,1179.144
BHS,Bahamas,1975,81.91647,7.439485,Derived using data on central government tax revenue to GDP from IMF_GFS and the spliced GDP,1101.104
BHS,Bahamas,1976,93.29375,7.691413,Derived using data on central government tax revenue to GDP from IMF_GFS and the spliced GDP,1212.96
BHS,Bahamas,1977,95.56921,7.419862,Derived using data on central government tax revenue to GDP from IMF_GFS and the spliced GDP,1288.019
BHS,Bahamas,1978,114.0257,7.592865,Derived using data on central government tax revenue to GDP from IMF_GFS and the spliced GDP,1501.748
BHS,Bahamas,1979,146.6406,8.036757,Derived using data on central government tax revenue to GDP from IMF_GFS and the spliced GDP,1824.624
BHS,Bahamas,1980,168.3839,7.690344,Derived using data on central government tax revenue to GDP from IMF_GFS and the spliced GDP,2189.549
BHS,Bahamas,1981,175.5473,7.73891,Derived using data on central government tax revenue to GDP from IMF_GFS and the spliced GDP,2268.373
BHS,Bahamas,1982,179.6769,7.034598,Derived using data on central government tax revenue to GDP from IMF_GFS and the spliced GDP,2554.188
BHS,Bahamas,1983,207.3195,7.292762,Derived using data on central government tax revenue to GDP from IMF_GFS and the spliced GDP,2842.812
BHS,Bahamas,1984,228.3885,7.522375,Derived using data on central government tax revenue to GDP from IMF_GFS and the spliced GDP,3036.123
BHS,Bahamas,1985,265.6386,8.034225,Derived using data on central government tax revenue to GDP from IMF_GFS and the spliced GDP,3306.337
BHS,Bahamas,1986,285.5278,7.988689,Derived using data on central government tax revenue to GDP from IMF_GFS and the spliced GDP,3574.151
BHS,Bahamas,1987,,,Derived using data on central government tax revenue to GDP from IMF_GFS and the spliced GDP,3935.17
BHS,Bahamas,1988,334.4922,8.17537,Derived using data on central government tax revenue to GDP from IMF_GFS and the spliced GDP,4091.463
BHS,Bahamas,1989,339.9702,7.371291,Derived using data on central government tax revenue to GDP from IMF_GFS and the spliced GDP,4612.085
BHS,Bahamas,1990,400.9816,8.410657,Derived using data on central government tax revenue to GDP from IMF_GFS and the spliced GDP,4767.542
BHS,Bahamas,1991,387.6436,8.27344,Derived using data on central government tax revenue to GDP from IMF_GFS and the spliced GDP,4685.397
BHS,Bahamas,1992,438.3487,9.361654,Derived using data on central government tax revenue to GDP from IMF_GFS and the spliced GDP,4682.385
BHS,Bahamas,1993,434.8764,9.339478,Derived using data on central government tax revenue to GDP from IMF_GFS and the spliced GDP,4656.325
BHS,Bahamas,1994,497.7338,10.1422,Derived using data on central government tax revenue to GDP from IMF_GFS and the spliced GDP,4907.553
BHS,Bahamas,1995,543.4139,10.52188,Derived using data on central government tax revenue to GDP from IMF_GFS and the spliced GDP,5164.608
BHS,Bahamas,1996,606.2772,10.34159,Derived using data on central government tax revenue to GDP from IMF_GFS and the spliced GDP,5862.514
BHS,Bahamas,1997,658.2684,10.39524,Derived using data on central government tax revenue to GDP from IMF_GFS and the spliced GDP,6332.4
BHS,Bahamas,1998,681.4409,9.972501,Derived using data on central government tax revenue to GDP from IMF_GFS and the spliced GDP,6833.2
BHS,Bahamas,1999,793.2607,10.32367,Derived using data on central government tax revenue to GDP from IMF_GFS and the spliced GDP,7683.9
BHS,Bahamas,2000,862.4644,10.67869,Derived using data on central government tax revenue to GDP from IMF_GFS and the spliced GDP,8076.5
BHS,Bahamas,2001,820.0968,9.85954,Derived using data on central government tax revenue to GDP from IMF_GFS and the spliced GDP,8317.8
BHS,Bahamas,2002,799.2273,8.999091,Derived using data on central government tax revenue to GDP from IMF_GFS and the spliced GDP,8881.2
BHS,Bahamas,2003,823.9012,9.288523,Derived using data on central government tax revenue to GDP from IMF_GFS and the spliced GDP,8870.1
BHS,Bahamas,2004,853.7643,9.428338,Derived using data on central government tax revenue to GDP from IMF_GFS and the spliced GDP,9055.3
BHS,Bahamas,2005,983.7883,10.00171,Derived using data on central government tax revenue to GDP from IMF_GFS and the spliced GDP,9836.2
BIH,Bosnia and Herzegovina,2005,3602.345,20.40954,Derived using data on central government tax revenue to GDP from IMF_GFS and the spliced GDP,17650.3
BIH,Bosnia and Herzegovina,2006,4491.76,22.39475,Derived using data on central government tax revenue to GDP from IMF_GFS and the spliced GDP,20057.2
BIH,Bosnia and Herzegovina,2007,4967.541,22.03106,Derived using data on central government tax revenue to GDP from IMF_GFS and the spliced GDP,22547.9
BIH,Bosnia and Herzegovina,2008,5290.004,20.72943,Derived using data on central government tax revenue to GDP from IMF_GFS and the spliced GDP,25519.3
BIH,Bosnia and Herzegovina,2009,4700.419,18.95445,Derived using data on central government tax revenue to GDP from IMF_GFS and the spliced GDP,24798.5
BIH,Bosnia and Herzegovina,2010,4996.909,19.70001,Derived using data on central government tax revenue to GDP from IMF_GFS and the spliced GDP,25365
BIH,Bosnia and Herzegovina,2011,5329.485,20.31727,Derived using data on central government tax revenue to GDP from IMF_GFS and the spliced GDP,26231.3
BIH,Bosnia and Herzegovina,2012,5375.843,20.50072,Derived using data on central government tax revenue to GDP from IMF_GFS and the spliced GDP,26222.7
BIH,Bosnia and Herzegovina,2013,5296.282,19.77789,Derived using data on central government tax revenue to GDP from IMF_GFS and the spliced GDP,26778.8
BIH,Bosnia and Herzegovina,2014,5421.748,19.81727,Derived using data on central government tax revenue to GDP from IMF_GFS and the spliced GDP,27358.7
BIH,Bosnia and Herzegovina,2015,5698.997,19.70001,Derived using data on central government tax revenue to GDP from IMF_GFS and the spliced GDP,28928.9
BIH,Bosnia and Herzegovina,2016,5966.385,19.71375,Derived using data on central government tax revenue to GDP from IMF_GFS and the spliced GDP,30265.1
BIH,Bosnia and Herzegovina,2017,6356.612,19.98765,Derived using data on central government tax revenue to GDP from IMF_GFS and the spliced GDP,31802.7
BIH,Bosnia and Herzegovina,2018,6836.224,20.14102,Derived using data on central government tax revenue to GDP from IMF_GFS and the spliced GDP,33941.8
BIH,Bosnia and Herzegovina,2019,7094.928,19.8266,Derived using data on central government tax revenue to GDP from IMF_GFS and the spliced GDP,35784.9
BIH,Bosnia and Herzegovina,2020,6511.629,18.75064,Derived using data on central government tax revenue to GDP from IMF_GFS and the spliced GDP,34727.5
BIH,Bosnia and Herzegovina,2021,7476.028,19.09815,Derived using data on central government tax revenue to GDP from IMF_GFS and the spliced GDP,39145.3
BIH,Bosnia and Herzegovina,2022,8708.94,19.09106,Derived using data on central government tax revenue to GDP from IMF_GFS and the spliced GDP,45617.9
BIH,Bosnia and Herzegovina,2023,9703.142,19.43731,Derived using data on central government tax revenue to GDP from IMF_GFS and the spliced GDP,49920.2
BLR,Belarus,1992,.0005283,5.526993,Derived using data on central government tax revenue to GDP from IMF_GFS and the spliced GDP,.009558
BLR,Belarus,1993,.0066049,6.483985,Derived using data on central government tax revenue to GDP from IMF_GFS and the spliced GDP,.101865
BLR,Belarus,1994,.1315154,7.149488,Derived using data on central government tax revenue to GDP from IMF_GFS and the spliced GDP,1.839508
BLR,Belarus,1995,2.154595,17.16683,Derived using data on central government tax revenue to GDP from IMF_GFS and the spliced GDP,12.55092
BLR,Belarus,1996,2.819849,14.21808,Derived using data on central government tax revenue to GDP from IMF_GFS and the spliced GDP,19.83284
BLR,Belarus,1997,6.221762,16.40593,Derived using data on central government tax revenue to GDP from IMF_GFS and the spliced GDP,37.92385
BLR,Belarus,1998,12.428,17.12052,Derived using data on central government tax revenue to GDP from IMF_GFS and the spliced GDP,72.59126
BLR,Belarus,1999,52.18355,16.68046,Derived using data on central government tax revenue to GDP from IMF_GFS and the spliced GDP,312.8424
BLR,Belarus,2000,151.6341,16.05824,Derived using data on central government tax revenue to GDP from IMF_GFS and the spliced GDP,944.2761
BLR,Belarus,2001,270.456,15.23344,Derived using data on central government tax revenue to GDP from IMF_GFS and the spliced GDP,1775.41
BLR,Belarus,2002,371.0968,13.7329,Derived using data on central government tax revenue to GDP from IMF_GFS and the spliced GDP,2702.246
BLR,Belarus,2003,646.5791,17.10452,Derived using data on central government tax revenue to GDP from IMF_GFS and the spliced GDP,3780.165
BLR,Belarus,2004,918.2485,17.76699,Derived using data on central government tax revenue to GDP from IMF_GFS and the spliced GDP,5168.283
BLR,Belarus,2005,1310.85,19.48696,Derived using data on central government tax revenue to GDP from IMF_GFS and the spliced GDP,6726.807
BLR,Belarus,2006,1761.28,21.49258,Derived using data on central government tax revenue to GDP from IMF_GFS and the spliced GDP,8194.828
BLR,Belarus,2007,2304.979,22.94607,Derived using data on central government tax revenue to GDP from IMF_GFS and the spliced GDP,10045.2
BLR,Belarus,2008,3290.814,24.52517,Derived using data on central government tax revenue to GDP from IMF_GFS and the spliced GDP,13418.11
BLR,Belarus,2009,2647.086,18.62947,Derived using data on central government tax revenue to GDP from IMF_GFS and the spliced GDP,14209.13
BLR,Belarus,2010,2782.247,16.32144,Derived using data on central government tax revenue to GDP from IMF_GFS and the spliced GDP,17046.58
BLR,Belarus,2011,4457.84,14.50907,Derived using data on central government tax revenue to GDP from IMF_GFS and the spliced GDP,30724.5
BLR,Belarus,2012,8029.69,14.66298,Derived using data on central government tax revenue to GDP from IMF_GFS and the spliced GDP,54761.67
BLR,Belarus,2013,8957.021,13.35496,Derived using data on central government tax revenue to GDP from IMF_GFS and the spliced GDP,67068.85
BLR,Belarus,2014,10231.73,12.69772,Derived using data on central government tax revenue to GDP from IMF_GFS and the spliced GDP,80579.27
BLR,Belarus,2015,12743,14.17309,Derived using data on central government tax revenue to GDP from IMF_GFS and the spliced GDP,89909.81
BLR,Belarus,2016,13091.79,13.78824,Derived using data on central government tax revenue to GDP from IMF_GFS and the spliced GDP,94949
BLR,Belarus,2017,13767.36,13.01901,Derived using data on central government tax revenue to GDP from IMF_GFS and the spliced GDP,105748.2
BLR,Belarus,2018,17947.44,14.67257,Derived using data on central government tax revenue to GDP from IMF_GFS and the spliced GDP,122319.7
BLR,Belarus,2019,17921.4,13.30151,Derived using data on central government tax revenue to GDP from IMF_GFS and the spliced GDP,134732.1
BLR,Belarus,2020,18000.82,12.02292,Derived using data on central government tax revenue to GDP from IMF_GFS and the spliced GDP,149720.8
BLR,Belarus,2021,23172.85,13.10096,Derived using data on central government tax revenue to GDP from IMF_GFS and the spliced GDP,176879
BLR,Belarus,2022,22033.16,11.37249,Derived using data on central government tax revenue to GDP from IMF_GFS and the spliced GDP,193741
BLR,Belarus,2023,27679.17,12.80848,Derived using data on central government tax revenue to GDP from IMF_GFS and the spliced GDP,216100.3
BOL,Bolivia,2002,7473.058,13.1841,Derived using data on central government tax revenue to GDP from IMF_GFS and the spliced GDP,56682.33
BOL,Bolivia,2003,8030.865,12.973,Derived using data on central government tax revenue to GDP from IMF_GFS and the spliced GDP,61904.45
BOL,Bolivia,2004,10455.3,15.01635,Derived using data on central government tax revenue to GDP from IMF_GFS and the spliced GDP,69626.11
BOL,Bolivia,2005,12489.54,16.21516,Derived using data on central government tax revenue to GDP from IMF_GFS and the spliced GDP,77023.82
BOL,Bolivia,2006,15428.46,16.81617,Derived using data on central government tax revenue to GDP from IMF_GFS and the spliced GDP,91747.8
BOL,Bolivia,2007,17475.37,16.96487,Derived using data on central government tax revenue to GDP from IMF_GFS and the spliced GDP,103009.2
BRA,Brazil,1900,5.98e-14,6.516129,Derived using data on central government tax revenue to GDP from Mitchell and the spliced GDP,9.18e-13
BRA,Brazil,1901,5.75e-14,7.185185,Derived using data on central government tax revenue to GDP from Mitchell and the spliced GDP,8.00e-13
BRA,Brazil,1902,6.52e-14,7.586207,Derived using data on central government tax revenue to GDP from Mitchell and the spliced GDP,8.59e-13
BRA,Brazil,1903,6.64e-14,7.724138,Derived using data on central government tax revenue to GDP from Mitchell and the spliced GDP,8.59e-13
BRA,Brazil,1904,6.90e-14,7.28125,Derived using data on central government tax revenue to GDP from Mitchell and the spliced GDP,9.48e-13
BRA,Brazil,1905,7.67e-14,9.592592,Derived using data on central government tax revenue to GDP from Mitchell and the spliced GDP,8.00e-13
BRA,Brazil,1906,8.62e-14,9.09375,Derived using data on central government tax revenue to GDP from Mitchell and the spliced GDP,9.48e-13
BRA,Brazil,1907,9.92e-14,9.054055,Derived using data on central government tax revenue to GDP from Mitchell and the spliced GDP,1.10e-12
BRA,Brazil,1908,8.35e-14,7.621621,Derived using data on central government tax revenue to GDP from Mitchell and the spliced GDP,1.10e-12
BRA,Brazil,1909,8.26e-14,6.642857,Derived using data on central government tax revenue to GDP from Mitchell and the spliced GDP,1.24e-12
BRA,Brazil,1910,1.02e-13,7.166667,Derived using data on central government tax revenue to GDP from Mitchell and the spliced GDP,1.42e-12
BRA,Brazil,1911,1.12e-13,6.872728,Derived using data on central government tax revenue to GDP from Mitchell and the spliced GDP,1.63e-12
BRA,Brazil,1912,1.22e-13,7.210526,Derived using data on central government tax revenue to GDP from Mitchell and the spliced GDP,1.69e-12
BRA,Brazil,1913,1.21e-13,7.175438,Derived using data on central government tax revenue to GDP from Mitchell and the spliced GDP,1.69e-12
BRA,Brazil,1914,7.32e-14,5.255319,Derived using data on central government tax revenue to GDP from Mitchell and the spliced GDP,1.39e-12
BRA,Brazil,1915,6.55e-14,4.911111,Derived using data on central government tax revenue to GDP from Mitchell and the spliced GDP,1.33e-12
BRA,Brazil,1916,7.94e-14,5.583333,Derived using data on central government tax revenue to GDP from Mitchell and the spliced GDP,1.42e-12
BRA,Brazil,1917,8.18e-14,5.018182,Derived using data on central government tax revenue to GDP from Mitchell and the spliced GDP,1.63e-12
BRA,Brazil,1918,8.62e-14,5.290909,Derived using data on central government tax revenue to GDP from Mitchell and the spliced GDP,1.63e-12
BRA,Brazil,1919,1.02e-13,4.156627,Derived using data on central government tax revenue to GDP from Mitchell and the spliced GDP,2.46e-12
BRA,Brazil,1920,1.56e-13,5.357143,Derived using data on central government tax revenue to GDP from Mitchell and the spliced GDP,2.90e-12
BRA,Brazil,1921,1.40e-13,4.73,Derived using data on central government tax revenue to GDP from Mitchell and the spliced GDP,2.96e-12
BRA,Brazil,1922,1.40e-13,3.95,Derived using data on central government tax revenue to GDP from Mitchell and the spliced GDP,3.55e-12
BRA,Brazil,1923,2.28e-13,4.81875,Derived using data on central government tax revenue to GDP from Mitchell and the spliced GDP,4.74e-12
BRA,Brazil,1924,2.64e-13,4.45,Derived using data on central government tax revenue to GDP from Mitchell and the spliced GDP,5.92e-12
BRA,Brazil,1925,3.16e-13,4.854545,Derived using data on central government tax revenue to GDP from Mitchell and the spliced GDP,6.52e-12
BRA,Brazil,1926,2.90e-13,4.252174,Derived using data on central government tax revenue to GDP from Mitchell and the spliced GDP,6.81e-12
BRA,Brazil,1927,3.78e-13,5.104,Derived using data on central government tax revenue to GDP from Mitchell and the spliced GDP,7.41e-12
BRA,Brazil,1928,4.29e-13,5.167858,Derived using data on central government tax revenue to GDP from Mitchell and the spliced GDP,8.29e-12
BRA,Brazil,1929,4.24e-13,5.724,Derived using data on central government tax revenue to GDP from Mitchell and the spliced GDP,7.41e-12
BRA,Brazil,1930,3.08e-13,4.727273,Derived using data on central government tax revenue to GDP from Mitchell and the spliced GDP,6.52e-12
BRA,Brazil,1931,3.19e-13,5.977777,Derived using data on central government tax revenue to GDP from Mitchell and the spliced GDP,5.33e-12
BRA,Brazil,1932,2.99e-13,5.611111,Derived using data on central government tax revenue to GDP from Mitchell and the spliced GDP,5.33e-12
BRA,Brazil,1933,3.93e-13,6.973685,Derived using data on central government tax revenue to GDP from Mitchell and the spliced GDP,5.63e-12
BRA,Brazil,1934,4.45e-13,6.008,Derived using data on central government tax revenue to GDP from Mitchell and the spliced GDP,7.41e-12
BRA,Brazil,1935,5.04e-13,5.666667,Derived using data on central government tax revenue to GDP from Mitchell and the spliced GDP,8.89e-12
BRA,Brazil,1936,5.38e-13,4.910811,Derived using data on central government tax revenue to GDP from Mitchell and the spliced GDP,1.10e-11
BRA,Brazil,1937,6.14e-13,4.933333,Derived using data on central government tax revenue to GDP from Mitchell and the spliced GDP,1.24e-11
BRA,Brazil,1938,6.50e-13,4.875556,Derived using data on central government tax revenue to GDP from Mitchell and the spliced GDP,1.33e-11
BRA,Brazil,1939,7.07e-13,5.3,Derived using data on central government tax revenue to GDP from Mitchell and the spliced GDP,1.33e-11
BRA,Brazil,1940,7.24e-13,5.089583,Derived using data on central government tax revenue to GDP from Mitchell and the spliced GDP,1.42e-11
BRA,Brazil,1941,8.24e-13,5.452941,Derived using data on central government tax revenue to GDP from Mitchell and the spliced GDP,1.51e-11
BRA,Brazil,1942,8.64e-13,5.027586,Derived using data on central government tax revenue to GDP from Mitchell and the spliced GDP,1.72e-11
BRA,Brazil,1943,1.08e-12,5.444776,Derived using data on central government tax revenue to GDP from Mitchell and the spliced GDP,1.98e-11
BRA,Brazil,1944,1.45e-12,5.55341,Derived using data on central government tax revenue to GDP from Mitchell and the spliced GDP,2.61e-11
BRA,Brazil,1945,1.84e-12,5.542857,Derived using data on central government tax revenue to GDP from Mitchell and the spliced GDP,3.32e-11
BRA,Brazil,1946,2.42e-12,5.516216,Derived using data on central government tax revenue to GDP from Mitchell and the spliced GDP,4.38e-11
BRA,Brazil,1947,3.03e-12,5.505914,Derived using data on central government tax revenue to GDP from Mitchell and the spliced GDP,5.51e-11
BRA,Brazil,1948,3.17e-12,5.486667,Derived using data on central government tax revenue to GDP from Mitchell and the spliced GDP,5.78e-11
BRA,Brazil,1949,3.59e-12,5.271739,Derived using data on central government tax revenue to GDP from Mitchell and the spliced GDP,6.81e-11
BRA,Brazil,1950,4.05e-12,5.031986,Derived using data on central government tax revenue to GDP from Mitchell and the spliced GDP,8.06e-11
BRA,Brazil,1951,5.67e-12,5.919814,Derived using data on central government tax revenue to GDP from Mitchell and the spliced GDP,9.57e-11
BRA,Brazil,1952,6.47e-12,5.467758,Derived using data on central government tax revenue to GDP from Mitchell and the spliced GDP,1.18e-10
BRA,Brazil,1953,7.04e-12,5.063617,Derived using data on central government tax revenue to GDP from Mitchell and the spliced GDP,1.39e-10
BRA,Brazil,1954,9.43e-12,5.129664,Derived using data on central government tax revenue to GDP from Mitchell and the spliced GDP,1.84e-10
BRA,Brazil,1955,1.13e-11,4.878672,Derived using data on central government tax revenue to GDP from Mitchell and the spliced GDP,2.31e-10
BRA,Brazil,1956,1.49e-11,5.02008,Derived using data on central government tax revenue to GDP from Mitchell and the spliced GDP,2.96e-10
BRA,Brazil,1957,1.76e-11,4.909688,Derived using data on central government tax revenue to GDP from Mitchell and the spliced GDP,3.59e-10
BRA,Brazil,1958,2.49e-11,5.829904,Derived using data on central government tax revenue to GDP from Mitchell and the spliced GDP,4.27e-10
BRA,Brazil,1959,3.42e-11,5.982906,Derived using data on central government tax revenue to GDP from Mitchell and the spliced GDP,5.71e-10
BRA,Brazil,1960,4.81e-11,5.964285,Derived using data on central government tax revenue to GDP from Mitchell and the spliced GDP,8.06e-10
BRA,Brazil,1961,6.84e-11,5.926829,Derived using data on central government tax revenue to GDP from Mitchell and the spliced GDP,1.15e-09
BRA,Brazil,1962,1.27e-10,5.727272,Derived using data on central government tax revenue to GDP from Mitchell and the spliced GDP,2.21e-09
BRA,Brazil,1963,2.06e-10,5.234043,Derived using data on central government tax revenue to GDP from Mitchell and the spliced GDP,3.94e-09
BRA,Brazil,1964,4.17e-10,5.443223,Derived using data on central government tax revenue to GDP from Mitchell and the spliced GDP,7.66e-09
BRA,Brazil,1965,8.99e-10,5.772727,Derived using data on central government tax revenue to GDP from Mitchell and the spliced GDP,1.56e-08
BRA,Brazil,1966,1.41e-09,6.203125,Derived using data on central government tax revenue to GDP from Mitchell and the spliced GDP,2.27e-08
BRA,Brazil,1967,1.73e-09,5.534884,Derived using data on central government tax revenue to GDP from Mitchell and the spliced GDP,3.12e-08
BRA,Brazil,1968,2.78e-09,6.609836,Derived using data on central government tax revenue to GDP from Mitchell and the spliced GDP,4.21e-08
BRA,Brazil,1969,4.06e-09,7.15679,Derived using data on central government tax revenue to GDP from Mitchell and the spliced GDP,5.67e-08
BRA,Brazil,1970,4.86e-09,6.836734,Derived using data on central government tax revenue to GDP from Mitchell and the spliced GDP,7.12e-08
BRA,Brazil,1971,6.76e-09,7.394636,Derived using data on central government tax revenue to GDP from Mitchell and the spliced GDP,9.15e-08
BRA,Brazil,1972,1.06e-08,8.000001,Derived using data on central government tax revenue to GDP from Mitchell and the spliced GDP,1.32e-07
BRA,Brazil,1973,1.51e-08,7.826087,Derived using data on central government tax revenue to GDP from Mitchell and the spliced GDP,1.93e-07
BRA,Brazil,1974,2.36e-08,8.587571,Derived using data on central government tax revenue to GDP from Mitchell and the spliced GDP,2.74e-07
BRA,Brazil,1975,3.06e-08,7.920398,Derived using data on central government tax revenue to GDP from Mitchell and the spliced GDP,3.86e-07
BRA,Brazil,1976,4.82e-08,8.041743,Derived using data on central government tax revenue to GDP from Mitchell and the spliced GDP,6.00e-07
BRA,Brazil,1977,6.94e-08,7.507026,Derived using data on central government tax revenue to GDP from Mitchell and the spliced GDP,9.25e-07
BRA,Brazil,1978,9.36e-08,6.975462,Derived using data on central government tax revenue to GDP from Mitchell and the spliced GDP,1.34e-06
BRA,Brazil,1979,1.44e-07,6.535732,Derived using data on central government tax revenue to GDP from Mitchell and the spliced GDP,2.21e-06
BRA,Brazil,1980,2.41e-07,5.936509,Derived using data on central government tax revenue to GDP from Mitchell and the spliced GDP,4.07e-06
BRA,Brazil,1981,5.25e-07,5.735773,Derived using data on central government tax revenue to GDP from Mitchell and the spliced GDP,9.15e-06
BRA,Brazil,1982,1.10e-06,5.689109,Derived using data on central government tax revenue to GDP from Mitchell and the spliced GDP,.0000193
BRA,Brazil,1983,2.70e-06,6.187179,Derived using data on central government tax revenue to GDP from Mitchell and the spliced GDP,.0000437
BRA,Brazil,1984,8.13e-06,5.699482,Derived using data on central government tax revenue to GDP from Mitchell and the spliced GDP,.0001426
BRA,Brazil,1985,.0000337,6.58713,Derived using data on central government tax revenue to GDP from Mitchell and the spliced GDP,.0005109
BRA,Brazil,1986,.0000909,6.71764,Derived using data on central government tax revenue to GDP from Mitchell and the spliced GDP,.0013536
BRA,Brazil,1987,.000275,6.448817,Derived using data on central government tax revenue to GDP from Mitchell and the spliced GDP,.0042642
BRA,Brazil,1988,.00216,6.77974,Derived using data on central government tax revenue to GDP from Mitchell and the spliced GDP,.0318595
BRA,Brazil,1989,.0331904,7.090922,Derived using data on central government tax revenue to GDP from Mitchell and the spliced GDP,.4680689
BRA,Brazil,1990,.9051692,7.404429,Derived using data on central government tax revenue to GDP from Mitchell and the spliced GDP,12.2247
BRA,Brazil,1991,4.251984,6.299624,Derived using data on central government tax revenue to GDP from Mitchell and the spliced GDP,67.49583
BRA,Brazil,1992,45.81216,6.404411,Derived using data on central government tax revenue to GDP from Mitchell and the spliced GDP,715.3221
BRA,Brazil,1993,,,Derived using data on central government tax revenue to GDP from IMF_GFS and the spliced GDP,15681.27
BRA,Brazil,1994,,,Derived using data on central government tax revenue to GDP from IMF_GFS and the spliced GDP,387209.4
BRA,Brazil,1995,,,Derived using data on central government tax revenue to GDP from IMF_GFS and the spliced GDP,714229.8
BRA,Brazil,1996,,,Derived using data on central government tax revenue to GDP from IMF_GFS and the spliced GDP,854763
BRA,Brazil,1997,,,Derived using data on central government tax revenue to GDP from IMF_GFS and the spliced GDP,952089
BRA,Brazil,1998,,,Derived using data on central government tax revenue to GDP from IMF_GFS and the spliced GDP,1002351
BRA,Brazil,1999,,,Derived using data on central government tax revenue to GDP from IMF_GFS and the spliced GDP,1087711
BRA,Brazil,2000,,,Derived using data on central government tax revenue to GDP from IMF_GFS and the spliced GDP,1199093
BRA,Brazil,2001,,,Derived using data on central government tax revenue to GDP from IMF_GFS and the spliced GDP,1315756
BRA,Brazil,2002,,,Derived using data on central government tax revenue to GDP from IMF_GFS and the spliced GDP,1488788
BRA,Brazil,2003,,,Derived using data on central government tax revenue to GDP from IMF_GFS and the spliced GDP,1717951
BRA,Brazil,2004,,,Derived using data on central government tax revenue to GDP from IMF_GFS and the spliced GDP,1957750
BRA,Brazil,2005,,,Derived using data on central government tax revenue to GDP from IMF_GFS and the spliced GDP,2170584
BRA,Brazil,2006,,,Derived using data on central government tax revenue to GDP from IMF_GFS and the spliced GDP,2409450
BRA,Brazil,2007,,,Derived using data on central government tax revenue to GDP from IMF_GFS and the spliced GDP,2720263
BRA,Brazil,2008,,,Derived using data on central government tax revenue to GDP from IMF_GFS and the spliced GDP,3109803
BRA,Brazil,2009,,,Derived using data on central government tax revenue to GDP from IMF_GFS and the spliced GDP,3333039
BRA,Brazil,2010,553716.7,14.24958,Derived using data on central government tax revenue to GDP from IMF_GFS and the spliced GDP,3885847
BRA,Brazil,2011,649949.6,14.8513,Derived using data on central government tax revenue to GDP from IMF_GFS and the spliced GDP,4376382
BRA,Brazil,2012,690071.2,14.33241,Derived using data on central government tax revenue to GDP from IMF_GFS and the spliced GDP,4814760
BRA,Brazil,2013,753107.5,14.12531,Derived using data on central government tax revenue to GDP from IMF_GFS and the spliced GDP,5331619
BRA,Brazil,2014,779585.1,13.49007,Derived using data on central government tax revenue to GDP from IMF_GFS and the spliced GDP,5778953
BRA,Brazil,2015,817203.6,13.62963,Derived using data on central government tax revenue to GDP from IMF_GFS and the spliced GDP,5995787
BRA,Brazil,2016,859551.9,13.71043,Derived using data on central government tax revenue to GDP from IMF_GFS and the spliced GDP,6269327
BRA,Brazil,2017,895969.4,13.60523,Derived using data on central government tax revenue to GDP from IMF_GFS and the spliced GDP,6585479
BRA,Brazil,2018,976384.8,13.94011,Derived using data on central government tax revenue to GDP from IMF_GFS and the spliced GDP,7004141
BRA,Brazil,2019,1015096,13.73769,Derived using data on central government tax revenue to GDP from IMF_GFS and the spliced GDP,7389131
BRA,Brazil,2020,967894.2,12.71939,Derived using data on central government tax revenue to GDP from IMF_GFS and the spliced GDP,7609597
BRA,Brazil,2021,1274017,14.13667,Derived using data on central government tax revenue to GDP from IMF_GFS and the spliced GDP,9012142
BRA,Brazil,2022,1484318,14.72585,Derived using data on central government tax revenue to GDP from IMF_GFS and the spliced GDP,1.01e+07
BRA,Brazil,2023,1536649,14.15469,Derived using data on central government tax revenue to GDP from IMF_GFS and the spliced GDP,1.09e+07
BRB,Barbados,1972,126.6889,23.5247,Derived using data on central government tax revenue to GDP from IMF_GFS and the spliced GDP,538.5359
BRB,Barbados,1973,152.6718,22.78523,Derived using data on central government tax revenue to GDP from IMF_GFS and the spliced GDP,670.0472
BRB,Barbados,1974,172.4733,20.54157,Derived using data on central government tax revenue to GDP from IMF_GFS and the spliced GDP,839.6308
BRB,Barbados,1975,177.4832,18.28911,Derived using data on central government tax revenue to GDP from IMF_GFS and the spliced GDP,970.4312
BRB,Barbados,1976,178.8007,17.13608,Derived using data on central government tax revenue to GDP from IMF_GFS and the spliced GDP,1043.417
BRB,Barbados,1977,226.108,19.05064,Derived using data on central government tax revenue to GDP from IMF_GFS and the spliced GDP,1186.879
BRB,Barbados,1978,280.2237,21.09625,Derived using data on central government tax revenue to GDP from IMF_GFS and the spliced GDP,1328.311
BRB,Barbados,1979,322.5618,20.02773,Derived using data on central government tax revenue to GDP from IMF_GFS and the spliced GDP,1610.577
BRB,Barbados,1980,394.5468,19.08676,Derived using data on central government tax revenue to GDP from IMF_GFS and the spliced GDP,2067.124
BRB,Barbados,1981,413.0254,18.15424,Derived using data on central government tax revenue to GDP from IMF_GFS and the spliced GDP,2275.09
BRB,Barbados,1982,445.2105,18.72912,Derived using data on central government tax revenue to GDP from IMF_GFS and the spliced GDP,2377.103
BRB,Barbados,1983,503.005,19.93149,Derived using data on central government tax revenue to GDP from IMF_GFS and the spliced GDP,2523.67
BRB,Barbados,1984,527.5516,19.17847,Derived using data on central government tax revenue to GDP from IMF_GFS and the spliced GDP,2750.75
BRB,Barbados,1985,610.4765,21.2068,Derived using data on central government tax revenue to GDP from IMF_GFS and the spliced GDP,2878.683
BRB,Barbados,1986,631.3156,19.97385,Derived using data on central government tax revenue to GDP from IMF_GFS and the spliced GDP,3160.71
BRB,Barbados,1987,685.8138,19.70455,Derived using data on central government tax revenue to GDP from IMF_GFS and the spliced GDP,3480.484
BRB,Barbados,1988,816.4054,22.05268,Derived using data on central government tax revenue to GDP from IMF_GFS and the spliced GDP,3702.068
BRB,Barbados,1989,914.7249,22.34441,Derived using data on central government tax revenue to GDP from IMF_GFS and the spliced GDP,4093.753
BRB,Barbados,1990,,,Derived using data on central government tax revenue to GDP from IMF_GFS and the spliced GDP,4109.401
BRB,Barbados,1991,,,Derived using data on central government tax revenue to GDP from IMF_GFS and the spliced GDP,4076.481
BRB,Barbados,1992,,,Derived using data on central government tax revenue to GDP from IMF_GFS and the spliced GDP,3940.057
BRB,Barbados,1993,,,Derived using data on central government tax revenue to GDP from IMF_GFS and the spliced GDP,4155.852
BRB,Barbados,1994,,,Derived using data on central government tax revenue to GDP from IMF_GFS and the spliced GDP,4369.325
BRB,Barbados,1995,,,Derived using data on central government tax revenue to GDP from IMF_GFS and the spliced GDP,4594.107
BRB,Barbados,1996,,,Derived using data on central government tax revenue to GDP from IMF_GFS and the spliced GDP,4898.563
BRB,Barbados,1997,,,Derived using data on central government tax revenue to GDP from IMF_GFS and the spliced GDP,5177.673
BRB,Barbados,1998,,,Derived using data on central government tax revenue to GDP from IMF_GFS and the spliced GDP,5838.086
BRB,Barbados,1999,,,Derived using data on central government tax revenue to GDP from IMF_GFS and the spliced GDP,6117.6
BRB,Barbados,2000,,,Derived using data on central government tax revenue to GDP from IMF_GFS and the spliced GDP,6304.212
BRB,Barbados,2001,,,Derived using data on central government tax revenue to GDP from IMF_GFS and the spliced GDP,6294.417
BRB,Barbados,2002,,,Derived using data on central government tax revenue to GDP from IMF_GFS and the spliced GDP,6401.355
BRB,Barbados,2003,1676.696,25.35102,Derived using data on central government tax revenue to GDP from IMF_GFS and the spliced GDP,6613.919
BRB,Barbados,2004,1829.486,25.77607,Derived using data on central government tax revenue to GDP from IMF_GFS and the spliced GDP,7097.615
CAF,Central African Republic,1990,43002.5,10.47788,Derived using data on central government tax revenue to GDP from AFRISTAT and the spliced GDP,410412.3
CAF,Central African Republic,1991,33899.78,8.33833,Derived using data on central government tax revenue to GDP from AFRISTAT and the spliced GDP,406553.6
CAF,Central African Republic,1992,31388.69,8.027336,Derived using data on central government tax revenue to GDP from AFRISTAT and the spliced GDP,391022.4
CAF,Central African Republic,1993,25110.95,6.627948,Derived using data on central government tax revenue to GDP from AFRISTAT and the spliced GDP,378864.6
CAF,Central African Republic,1994,38294.2,7.744786,Derived using data on central government tax revenue to GDP from AFRISTAT and the spliced GDP,494451.3
CAF,Central African Republic,1995,45618.22,7.831234,Derived using data on central government tax revenue to GDP from AFRISTAT and the spliced GDP,582516.4
CAF,Central African Republic,1996,31807.2,5.896752,Derived using data on central government tax revenue to GDP from AFRISTAT and the spliced GDP,539402
CAF,Central African Republic,1997,,,Derived using data on central government tax revenue to GDP from AFRISTAT and the spliced GDP,572666.7
CAF,Central African Republic,1998,,,Derived using data on central government tax revenue to GDP from AFRISTAT and the spliced GDP,597099.6
CAF,Central African Republic,1999,,,Derived using data on central government tax revenue to GDP from AFRISTAT and the spliced GDP,643862.9
CAF,Central African Republic,2000,,,Derived using data on central government tax revenue to GDP from AFRISTAT and the spliced GDP,681241.8
CAF,Central African Republic,2001,,,Derived using data on central government tax revenue to GDP from AFRISTAT and the spliced GDP,714688.6
CAF,Central African Republic,2002,67904.19,9.392381,Derived using data on central government tax revenue to GDP from AFRISTAT and the spliced GDP,722971
CAF,Central African Republic,2003,47396.91,6.838501,Derived using data on central government tax revenue to GDP from AFRISTAT and the spliced GDP,693089.2
CAF,Central African Republic,2004,50431.15,7.183693,Derived using data on central government tax revenue to GDP from AFRISTAT and the spliced GDP,702022.7
CAF,Central African Republic,2005,54827.79,7.357361,Derived using data on central government tax revenue to GDP from AFRISTAT and the spliced GDP,745210
CAF,Central African Republic,2006,67160.95,8.353924,Derived using data on central government tax revenue to GDP from AFRISTAT and the spliced GDP,803945
CAF,Central African Republic,2007,66472.77,7.903273,Derived using data on central government tax revenue to GDP from AFRISTAT and the spliced GDP,841079
CAF,Central African Republic,2008,80511.03,8.842925,Derived using data on central government tax revenue to GDP from IMF_GFS and the spliced GDP,910457
CAF,Central African Republic,2009,85815.94,8.826293,Derived using data on central government tax revenue to GDP from IMF_GFS and the spliced GDP,972276.1
CAF,Central African Republic,2010,99071.53,9.345122,Derived using data on central government tax revenue to GDP from IMF_GFS and the spliced GDP,1060142
CAF,Central African Republic,2011,96240.64,8.376793,Derived using data on central government tax revenue to GDP from IMF_GFS and the spliced GDP,1148896
CAF,Central African Republic,2012,111100,8.669115,Derived using data on central government tax revenue to GDP from AFRISTAT and the spliced GDP,1281561
CAF,Central African Republic,2013,39800.02,4.763883,Derived using data on central government tax revenue to GDP from AFRISTAT and the spliced GDP,835453.5
CAF,Central African Republic,2014,37599.98,4.018906,Derived using data on central government tax revenue to GDP from AFRISTAT and the spliced GDP,935577.6
CAF,Central African Republic,2015,60900.01,6.074255,Derived using data on central government tax revenue to GDP from AFRISTAT and the spliced GDP,1002592
CAF,Central African Republic,2016,52900.02,4.891282,Derived using data on central government tax revenue to GDP from AFRISTAT and the spliced GDP,1081516
CAF,Central African Republic,2017,84600,7.030525,Derived using data on central government tax revenue to GDP from AFRISTAT and the spliced GDP,1203324
CAF,Central African Republic,2018,102200,8.28446,Derived using data on central government tax revenue to GDP from AFRISTAT and the spliced GDP,1233635
CAF,Central African Republic,2019,104100,7.998556,Derived using data on central government tax revenue to GDP from AFRISTAT and the spliced GDP,1301485
CAF,Central African Republic,2020,103300,7.713399,Derived using data on central government tax revenue to GDP from AFRISTAT and the spliced GDP,1339228
CAF,Central African Republic,2021,117000,8.384238,Derived using data on central government tax revenue to GDP from AFRISTAT and the spliced GDP,1395476
CAF,Central African Republic,2022,107600,7.240031,Derived using data on central government tax revenue to GDP from AFRISTAT and the spliced GDP,1486182
CAN,Canada,1867,12.15122,2.768497,Derived using data on central government tax revenue to GDP from Mitchell and the spliced GDP,438.9103
CAN,Canada,1868,,,Derived using data on central government tax revenue to GDP from Mitchell and the spliced GDP,
CAN,Canada,1869,,,Derived using data on central government tax revenue to GDP from Mitchell and the spliced GDP,
CAN,Canada,1870,13.9346,3.558952,Derived using data on central government tax revenue to GDP from Mitchell and the spliced GDP,391.5367
CAN,Canada,1871,,,Derived using data on central government tax revenue to GDP from Mitchell and the spliced GDP,422.3876
CAN,Canada,1872,,,Derived using data on central government tax revenue to GDP from Mitchell and the spliced GDP,457.7571
CAN,Canada,1873,,,Derived using data on central government tax revenue to GDP from Mitchell and the spliced GDP,499.2226
CAN,Canada,1874,,,Derived using data on central government tax revenue to GDP from Mitchell and the spliced GDP,496.9453
CAN,Canada,1875,,,Derived using data on central government tax revenue to GDP from Mitchell and the spliced GDP,463.0772
CAN,Canada,1876,,,Derived using data on central government tax revenue to GDP from Mitchell and the spliced GDP,431.5724
CAN,Canada,1877,,,Derived using data on central government tax revenue to GDP from Mitchell and the spliced GDP,444.9043
CAN,Canada,1878,,,Derived using data on central government tax revenue to GDP from Mitchell and the spliced GDP,419.269
CAN,Canada,1879,,,Derived using data on central government tax revenue to GDP from Mitchell and the spliced GDP,455.5802
CAN,Canada,1880,18.7798,3.807189,Derived using data on central government tax revenue to GDP from Mitchell and the spliced GDP,493.272
CAN,Canada,1881,,,Derived using data on central government tax revenue to GDP from Mitchell and the spliced GDP,582.0439
CAN,Canada,1882,,,Derived using data on central government tax revenue to GDP from Mitchell and the spliced GDP,633.4187
CAN,Canada,1883,,,Derived using data on central government tax revenue to GDP from Mitchell and the spliced GDP,625.8879
CAN,Canada,1884,,,Derived using data on central government tax revenue to GDP from Mitchell and the spliced GDP,598.9191
CAN,Canada,1885,,,Derived using data on central government tax revenue to GDP from Mitchell and the spliced GDP,567.5513
CAN,Canada,1886,,,Derived using data on central government tax revenue to GDP from Mitchell and the spliced GDP,573.901
CAN,Canada,1887,,,Derived using data on central government tax revenue to GDP from Mitchell and the spliced GDP,625.4263
CAN,Canada,1888,,,Derived using data on central government tax revenue to GDP from Mitchell and the spliced GDP,645.1058
CAN,Canada,1889,,,Derived using data on central government tax revenue to GDP from Mitchell and the spliced GDP,671.1597
CAN,Canada,1890,25.73657,3.668712,Derived using data on central government tax revenue to GDP from Mitchell and the spliced GDP,701.5151
CAN,Canada,1891,,,Derived using data on central government tax revenue to GDP from Mitchell and the spliced GDP,720.0259
CAN,Canada,1892,,,Derived using data on central government tax revenue to GDP from Mitchell and the spliced GDP,716.7302
CAN,Canada,1893,,,Derived using data on central government tax revenue to GDP from Mitchell and the spliced GDP,698.4334
CAN,Canada,1894,,,Derived using data on central government tax revenue to GDP from Mitchell and the spliced GDP,666.7085
CAN,Canada,1895,,,Derived using data on central government tax revenue to GDP from Mitchell and the spliced GDP,648.293
CAN,Canada,1896,,,Derived using data on central government tax revenue to GDP from Mitchell and the spliced GDP,655.8657
CAN,Canada,1897,,,Derived using data on central government tax revenue to GDP from Mitchell and the spliced GDP,733.8602
CAN,Canada,1898,,,Derived using data on central government tax revenue to GDP from Mitchell and the spliced GDP,787.4396
CAN,Canada,1899,,,Derived using data on central government tax revenue to GDP from Mitchell and the spliced GDP,845.379
CAN,Canada,1900,34.19503,3.682171,Derived using data on central government tax revenue to GDP from Mitchell and the spliced GDP,928.665
CAN,Canada,1901,,,Derived using data on central government tax revenue to GDP from Mitchell and the spliced GDP,1013.927
CAN,Canada,1902,,,Derived using data on central government tax revenue to GDP from Mitchell and the spliced GDP,1145.891
CAN,Canada,1903,,,Derived using data on central government tax revenue to GDP from Mitchell and the spliced GDP,1205.817
CAN,Canada,1904,,,Derived using data on central government tax revenue to GDP from Mitchell and the spliced GDP,1234.133
CAN,Canada,1905,,,Derived using data on central government tax revenue to GDP from Mitchell and the spliced GDP,1393.517
CAN,Canada,1906,,,Derived using data on central government tax revenue to GDP from Mitchell and the spliced GDP,1561.718
CAN,Canada,1907,,,Derived using data on central government tax revenue to GDP from Mitchell and the spliced GDP,1768.995
CAN,Canada,1908,,,Derived using data on central government tax revenue to GDP from Mitchell and the spliced GDP,1692.63
CAN,Canada,1909,,,Derived using data on central government tax revenue to GDP from Mitchell and the spliced GDP,1881.514
CAN,Canada,1910,86.18234,4.162769,Derived using data on central government tax revenue to GDP from Mitchell and the spliced GDP,2070.313
CAN,Canada,1911,,,Derived using data on central government tax revenue to GDP from Mitchell and the spliced GDP,2285.608
CAN,Canada,1912,,,Derived using data on central government tax revenue to GDP from Mitchell and the spliced GDP,2552.441
CAN,Canada,1913,,,Derived using data on central government tax revenue to GDP from Mitchell and the spliced GDP,2713.738
CAN,Canada,1914,,,Derived using data on central government tax revenue to GDP from Mitchell and the spliced GDP,2506.081
CAN,Canada,1915,,,Derived using data on central government tax revenue to GDP from Mitchell and the spliced GDP,2751.717
CAN,Canada,1916,,,Derived using data on central government tax revenue to GDP from Mitchell and the spliced GDP,3318.873
CAN,Canada,1917,,,Derived using data on central government tax revenue to GDP from Mitchell and the spliced GDP,4085.616
CAN,Canada,1918,,,Derived using data on central government tax revenue to GDP from Mitchell and the spliced GDP,4361.557
CAN,Canada,1919,,,Derived using data on central government tax revenue to GDP from Mitchell and the spliced GDP,4469.943
CAN,Canada,1920,303.7008,5.863251,Derived using data on central government tax revenue to GDP from Mitchell and the spliced GDP,5179.734
CAN,Canada,1921,,,Derived using data on central government tax revenue to GDP from CS1 and the spliced GDP,4169.493
CAN,Canada,1922,,,Derived using data on central government tax revenue to GDP from CS1 and the spliced GDP,4333.373
CAN,Canada,1923,,,Derived using data on central government tax revenue to GDP from CS1 and the spliced GDP,4662.24
CAN,Canada,1924,,,Derived using data on central government tax revenue to GDP from CS1 and the spliced GDP,4607.237
CAN,Canada,1925,,,Derived using data on central government tax revenue to GDP from CS1 and the spliced GDP,5113.066
CAN,Canada,1926,368.9045,6.743102,Derived using data on central government tax revenue to GDP from CS1 and the spliced GDP,5470.843
CAN,Canada,1927,388.0407,6.563568,Derived using data on central government tax revenue to GDP from CS1 and the spliced GDP,5912.04
CAN,Canada,1928,420.9976,6.545455,Derived using data on central government tax revenue to GDP from CS1 and the spliced GDP,6431.908
CAN,Canada,1929,402.9245,6.173644,Derived using data on central government tax revenue to GDP from CS1 and the spliced GDP,6526.526
CAN,Canada,1930,315.7482,5.192307,Derived using data on central government tax revenue to GDP from CS1 and the spliced GDP,6081.077
CAN,Canada,1931,292.3594,5.859791,Derived using data on central government tax revenue to GDP from CS1 and the spliced GDP,4989.247
CAN,Canada,1932,271.097,6.685894,Derived using data on central government tax revenue to GDP from CS1 and the spliced GDP,4054.76
CAN,Canada,1933,289.1701,7.789233,Derived using data on central government tax revenue to GDP from CS1 and the spliced GDP,3712.433
CAN,Canada,1934,324.2532,7.684556,Derived using data on central government tax revenue to GDP from CS1 and the spliced GDP,4219.544
CAN,Canada,1935,337.0107,7.370379,Derived using data on central government tax revenue to GDP from CS1 and the spliced GDP,4572.502
CAN,Canada,1936,411.4295,8.351316,Derived using data on central government tax revenue to GDP from CS1 and the spliced GDP,4926.522
CAN,Canada,1937,477.3432,8.567067,Derived using data on central government tax revenue to GDP from CS1 and the spliced GDP,5571.839
CAN,Canada,1938,463.5226,8.270106,Derived using data on central government tax revenue to GDP from CS1 and the spliced GDP,5604.796
CAN,Canada,1939,497.5427,8.325921,Derived using data on central government tax revenue to GDP from CS1 and the spliced GDP,5975.827
CAN,Canada,1940,827.1115,11.58945,Derived using data on central government tax revenue to GDP from CS1 and the spliced GDP,7136.76
CAN,Canada,1941,1446.914,16.43323,Derived using data on central government tax revenue to GDP from CS1 and the spliced GDP,8804.804
CAN,Canada,1942,2197.48,20.13638,Derived using data on central government tax revenue to GDP from CS1 and the spliced GDP,10912.98
CAN,Canada,1943,2590.836,22.04831,Derived using data on central government tax revenue to GDP from CS1 and the spliced GDP,11750.72
CAN,Canada,1944,2291.035,18.18872,Derived using data on central government tax revenue to GDP from CS1 and the spliced GDP,12595.91
CAN,Canada,1945,2341.002,18.56191,Derived using data on central government tax revenue to GDP from CS1 and the spliced GDP,12611.85
CAN,Canada,1946,2581.268,20.42911,Derived using data on central government tax revenue to GDP from CS1 and the spliced GDP,12635.24
CAN,Canada,1947,2606.783,18.19936,Derived using data on central government tax revenue to GDP from CS1 and the spliced GDP,14323.49
CAN,Canada,1948,2589.773,15.70701,Derived using data on central government tax revenue to GDP from CS1 and the spliced GDP,16488.01
CAN,Canada,1949,2469.64,13.82738,Derived using data on central government tax revenue to GDP from CS1 and the spliced GDP,17860.5
CAN,Canada,1950,2960.804,15.06138,Derived using data on central government tax revenue to GDP from CS1 and the spliced GDP,19658.25
CAN,Canada,1951,3898.71,17.02403,Derived using data on central government tax revenue to GDP from CS1 and the spliced GDP,22901.22
CAN,Canada,1952,4441.389,17.16691,Derived using data on central government tax revenue to GDP from CS1 and the spliced GDP,25871.8
CAN,Canada,1953,4512.898,16.63376,Derived using data on central government tax revenue to GDP from CS1 and the spliced GDP,27130.96
CAN,Canada,1954,4276.114,15.68022,Derived using data on central government tax revenue to GDP from CS1 and the spliced GDP,27270.75
CAN,Canada,1955,4544.402,15.11497,Derived using data on central government tax revenue to GDP from CS1 and the spliced GDP,30065.56
CAN,Canada,1956,5295.817,15.65912,Derived using data on central government tax revenue to GDP from CS1 and the spliced GDP,33819.39
CAN,Canada,1957,5279.371,14.90168,Derived using data on central government tax revenue to GDP from CS1 and the spliced GDP,35428.03
CAN,Canada,1958,4876.515,13.29327,Derived using data on central government tax revenue to GDP from CS1 and the spliced GDP,36684.09
CAN,Canada,1959,5599.156,14.38148,Derived using data on central government tax revenue to GDP from CS1 and the spliced GDP,38933.11
CAN,Canada,1960,5939.642,14.64845,Derived using data on central government tax revenue to GDP from CS1 and the spliced GDP,40547.91
CAN,Canada,1961,6100.48,14.51597,Derived using data on central government tax revenue to GDP from CS1 and the spliced GDP,42026
CAN,Canada,1962,6316.323,13.80949,Derived using data on central government tax revenue to GDP from CS1 and the spliced GDP,45739
CAN,Canada,1963,6726.141,13.66741,Derived using data on central government tax revenue to GDP from CS1 and the spliced GDP,49213
CAN,Canada,1964,7865.45,14.57239,Derived using data on central government tax revenue to GDP from CS1 and the spliced GDP,53975
CAN,Canada,1965,8626.526,14.48595,Derived using data on central government tax revenue to GDP from CS1 and the spliced GDP,59551
CAN,Canada,1966,9413.229,14.11173,Derived using data on central government tax revenue to GDP from CS1 and the spliced GDP,66705
CAN,Canada,1967,10284.81,14.32185,Derived using data on central government tax revenue to GDP from CS1 and the spliced GDP,71812
CAN,Canada,1968,11472.82,14.6199,Derived using data on central government tax revenue to GDP from CS1 and the spliced GDP,78474
CAN,Canada,1969,13845.69,16.01954,Derived using data on central government tax revenue to GDP from CS1 and the spliced GDP,86430
CAN,Canada,1970,14415.69,15.47529,Derived using data on central government tax revenue to GDP from CS1 and the spliced GDP,93153
CAN,Canada,1971,15801.4,15.54261,Derived using data on central government tax revenue to GDP from CS1 and the spliced GDP,101665
CAN,Canada,1972,18255.66,16.0813,Derived using data on central government tax revenue to GDP from CS1 and the spliced GDP,113521
CAN,Canada,1973,21124.33,15.88702,Derived using data on central government tax revenue to GDP from CS1 and the spliced GDP,132966
CAN,Canada,1974,27326.55,17.27604,Derived using data on central government tax revenue to GDP from CS1 and the spliced GDP,158176
CAN,Canada,1975,29155.17,16.38594,Derived using data on central government tax revenue to GDP from CS1 and the spliced GDP,177928
CAN,Canada,1976,30252.61,14.68673,Derived using data on central government tax revenue to GDP from Mitchell and the spliced GDP,205986
CAN,Canada,1977,30475.91,13.39006,Derived using data on central government tax revenue to GDP from Mitchell and the spliced GDP,227601
CAN,Canada,1978,32806.13,13.01443,Derived using data on central government tax revenue to GDP from Mitchell and the spliced GDP,252075
CAN,Canada,1979,39758.14,13.82373,Derived using data on central government tax revenue to GDP from Mitchell and the spliced GDP,287608
CAN,Canada,1980,51405.79,15.92585,Derived using data on central government tax revenue to GDP from Mitchell and the spliced GDP,322782
CAN,Canada,1981,57421.96,15.58863,Derived using data on central government tax revenue to GDP from Mitchell and the spliced GDP,368358
CAN,Canada,1982,55806.65,14.37645,Derived using data on central government tax revenue to GDP from Mitchell and the spliced GDP,388181
CAN,Canada,1983,59777.48,14.18828,Derived using data on central government tax revenue to GDP from Mitchell and the spliced GDP,421316
CAN,Canada,1984,64255.91,13.90863,Derived using data on central government tax revenue to GDP from Mitchell and the spliced GDP,461986
CAN,Canada,1985,66521.81,13.30364,Derived using data on central government tax revenue to GDP from Mitchell and the spliced GDP,500027
CAN,Canada,1986,75671.29,14.36897,Derived using data on central government tax revenue to GDP from Mitchell and the spliced GDP,526630
CAN,Canada,1987,86930.81,15.13588,Derived using data on central government tax revenue to GDP from Mitchell and the spliced GDP,574336
CAN,Canada,1988,91405.7,14.58073,Derived using data on central government tax revenue to GDP from Mitchell and the spliced GDP,626894
CAN,Canada,1989,102343.2,15.23919,Derived using data on central government tax revenue to GDP from Mitchell and the spliced GDP,671579
CAN,Canada,1990,98150,14.11213,Derived using data on central government tax revenue to GDP from IMF_GFS and the spliced GDP,695501
CAN,Canada,1991,101039,14.39768,Derived using data on central government tax revenue to GDP from IMF_GFS and the spliced GDP,701773
CAN,Canada,1992,102800,14.30886,Derived using data on central government tax revenue to GDP from IMF_GFS and the spliced GDP,718436
CAN,Canada,1993,101988,13.65234,Derived using data on central government tax revenue to GDP from IMF_GFS and the spliced GDP,747037
CAN,Canada,1994,103540,13.07369,Derived using data on central government tax revenue to GDP from IMF_GFS and the spliced GDP,791972
CAN,Canada,1995,110498,13.28706,Derived using data on central government tax revenue to GDP from IMF_GFS and the spliced GDP,831621
CAN,Canada,1996,119332,13.87849,Derived using data on central government tax revenue to GDP from IMF_GFS and the spliced GDP,859834
CAN,Canada,1997,132114,14.56723,Derived using data on central government tax revenue to GDP from IMF_GFS and the spliced GDP,906926
CAN,Canada,1998,137962,14.66826,Derived using data on central government tax revenue to GDP from IMF_GFS and the spliced GDP,940548
CAN,Canada,1999,148163,14.69977,Derived using data on central government tax revenue to GDP from IMF_GFS and the spliced GDP,1007927
CAN,Canada,2000,164336,14.85764,Derived using data on central government tax revenue to GDP from IMF_GFS and the spliced GDP,1106071
CAN,Canada,2001,162312,14.18138,Derived using data on central government tax revenue to GDP from IMF_GFS and the spliced GDP,1144543
CAN,Canada,2002,159687,13.37755,Derived using data on central government tax revenue to GDP from IMF_GFS and the spliced GDP,1193694
CAN,Canada,2003,165989,13.22888,Derived using data on central government tax revenue to GDP from IMF_GFS and the spliced GDP,1254747
CAN,Canada,2004,178249,13.34468,Derived using data on central government tax revenue to GDP from IMF_GFS and the spliced GDP,1335731
CAN,Canada,2005,189062,13.29933,Derived using data on central government tax revenue to GDP from IMF_GFS and the spliced GDP,1421590
CAN,Canada,2006,199766,13.34795,Derived using data on central government tax revenue to GDP from IMF_GFS and the spliced GDP,1496604
CAN,Canada,2007,210372,13.33442,Derived using data on central government tax revenue to GDP from IMF_GFS and the spliced GDP,1577661
CAN,Canada,2008,205310,12.39016,Derived using data on central government tax revenue to GDP from IMF_GFS and the spliced GDP,1657041
CAN,Canada,2009,193343,12.30439,Derived using data on central government tax revenue to GDP from IMF_GFS and the spliced GDP,1571334
CAN,Canada,2010,195474,11.73279,Derived using data on central government tax revenue to GDP from IMF_GFS and the spliced GDP,1666048
CAN,Canada,2011,209409,11.80392,Derived using data on central government tax revenue to GDP from IMF_GFS and the spliced GDP,1774063
CAN,Canada,2012,213133,11.66445,Derived using data on central government tax revenue to GDP from IMF_GFS and the spliced GDP,1827201
CAN,Canada,2013,221108,11.62352,Derived using data on central government tax revenue to GDP from IMF_GFS and the spliced GDP,1902247
CAN,Canada,2014,235565,11.80837,Derived using data on central government tax revenue to GDP from IMF_GFS and the spliced GDP,1994898
CAN,Canada,2015,246612,12.38982,Derived using data on central government tax revenue to GDP from IMF_GFS and the spliced GDP,1990441
CAN,Canada,2016,253122,12.49655,Derived using data on central government tax revenue to GDP from IMF_GFS and the spliced GDP,2025535
CAN,Canada,2017,269978,12.61202,Derived using data on central government tax revenue to GDP from IMF_GFS and the spliced GDP,2140641
CAN,Canada,2018,291927,13.05767,Derived using data on central government tax revenue to GDP from IMF_GFS and the spliced GDP,2235675
CAN,Canada,2019,294787,12.74169,Derived using data on central government tax revenue to GDP from IMF_GFS and the spliced GDP,2313563
CAN,Canada,2020,300184,13.51859,Derived using data on central government tax revenue to GDP from IMF_GFS and the spliced GDP,2220527
CAN,Canada,2021,354920,14.10022,Derived using data on central government tax revenue to GDP from IMF_GFS and the spliced GDP,2517123
CAN,Canada,2022,391618,13.92029,Derived using data on central government tax revenue to GDP from IMF_GFS and the spliced GDP,2813289
CAN,Canada,2023,413368,14.29281,Derived using data on central government tax revenue to GDP from IMF_GFS and the spliced GDP,2892140
CHE,Switzerland,1913,117.5432,2.225567,Derived using data on central government tax revenue to GDP from Mitchell and the spliced GDP,5281.493
CHE,Switzerland,1914,,,Derived using data on central government tax revenue to GDP from Mitchell and the spliced GDP,4942.073
CHE,Switzerland,1915,,,Derived using data on central government tax revenue to GDP from Mitchell and the spliced GDP,5312.322
CHE,Switzerland,1916,,,Derived using data on central government tax revenue to GDP from Mitchell and the spliced GDP,6649.799
CHE,Switzerland,1917,,,Derived using data on central government tax revenue to GDP from Mitchell and the spliced GDP,8051.383
CHE,Switzerland,1918,,,Derived using data on central government tax revenue to GDP from Mitchell and the spliced GDP,9733.179
CHE,Switzerland,1919,,,Derived using data on central government tax revenue to GDP from Mitchell and the spliced GDP,9925.696
CHE,Switzerland,1920,,,Derived using data on central government tax revenue to GDP from Mitchell and the spliced GDP,11262.68
CHE,Switzerland,1921,,,Derived using data on central government tax revenue to GDP from Mitchell and the spliced GDP,8386.206
CHE,Switzerland,1922,,,Derived using data on central government tax revenue to GDP from Mitchell and the spliced GDP,7832.045
CHE,Switzerland,1923,,,Derived using data on central government tax revenue to GDP from Mitchell and the spliced GDP,8500.43
CHE,Switzerland,1924,282.8297,3.066031,Derived using data on central government tax revenue to GDP from Mitchell and the spliced GDP,9224.623
CHE,Switzerland,1925,,,Derived using data on central government tax revenue to GDP from Mitchell and the spliced GDP,9444.411
CHE,Switzerland,1926,,,Derived using data on central government tax revenue to GDP from Mitchell and the spliced GDP,9353.633
CHE,Switzerland,1927,,,Derived using data on central government tax revenue to GDP from Mitchell and the spliced GDP,9754.6
CHE,Switzerland,1928,,,Derived using data on central government tax revenue to GDP from Mitchell and the spliced GDP,10468.36
CHE,Switzerland,1929,362.3655,3.400877,Derived using data on central government tax revenue to GDP from Mitchell and the spliced GDP,10655.06
CHE,Switzerland,1930,514.4736,4.908116,Derived using data on central government tax revenue to GDP from Mitchell and the spliced GDP,10482.1
CHE,Switzerland,1931,402.5244,3.991374,Derived using data on central government tax revenue to GDP from Mitchell and the spliced GDP,10084.86
CHE,Switzerland,1932,384.485,4.228932,Derived using data on central government tax revenue to GDP from Mitchell and the spliced GDP,9091.773
CHE,Switzerland,1933,356.5287,3.975235,Derived using data on central government tax revenue to GDP from Mitchell and the spliced GDP,8968.746
CHE,Switzerland,1934,396.1482,4.513058,Derived using data on central government tax revenue to GDP from Mitchell and the spliced GDP,8777.823
CHE,Switzerland,1935,418.5619,5.029509,Derived using data on central government tax revenue to GDP from Mitchell and the spliced GDP,8322.122
CHE,Switzerland,1936,403.9264,4.861054,Derived using data on central government tax revenue to GDP from Mitchell and the spliced GDP,8309.439
CHE,Switzerland,1937,429.5161,4.487517,Derived using data on central government tax revenue to GDP from Mitchell and the spliced GDP,9571.354
CHE,Switzerland,1938,423.3468,4.488741,Derived using data on central government tax revenue to GDP from Mitchell and the spliced GDP,9431.304
CHE,Switzerland,1939,487.6454,4.943401,Derived using data on central government tax revenue to GDP from Mitchell and the spliced GDP,9864.572
CHE,Switzerland,1940,422.6818,3.830683,Derived using data on central government tax revenue to GDP from Mitchell and the spliced GDP,11034.11
CHE,Switzerland,1941,938.8611,7.795884,Derived using data on central government tax revenue to GDP from Mitchell and the spliced GDP,12043.04
CHE,Switzerland,1942,845.6041,6.497249,Derived using data on central government tax revenue to GDP from Mitchell and the spliced GDP,13014.8
CHE,Switzerland,1943,818.1237,5.976072,Derived using data on central government tax revenue to GDP from Mitchell and the spliced GDP,13689.99
CHE,Switzerland,1944,961.9896,6.784344,Derived using data on central government tax revenue to GDP from Mitchell and the spliced GDP,14179.55
CHE,Switzerland,1945,919.9041,6.094306,Derived using data on central government tax revenue to GDP from Mitchell and the spliced GDP,15094.48
CHE,Switzerland,1946,1921.485,10.41566,Derived using data on central government tax revenue to GDP from Mitchell and the spliced GDP,18448.05
CHE,Switzerland,1947,1734.783,8.431876,Derived using data on central government tax revenue to GDP from Mitchell and the spliced GDP,20574.11
CHE,Switzerland,1948,1795.959,8.793198,Derived using data on central government tax revenue to GDP from Mitchell and the spliced GDP,20424.42
CHE,Switzerland,1949,1562.182,7.257968,Derived using data on central government tax revenue to GDP from Mitchell and the spliced GDP,21523.69
CHE,Switzerland,1950,2054.613,8.709561,Derived using data on central government tax revenue to GDP from Mitchell and the spliced GDP,23590.31
CHE,Switzerland,1951,1691.647,6.542732,Derived using data on central government tax revenue to GDP from Mitchell and the spliced GDP,25855.37
CHE,Switzerland,1952,1929.163,7.06156,Derived using data on central government tax revenue to GDP from Mitchell and the spliced GDP,27319.22
CHE,Switzerland,1953,1795.173,6.26049,Derived using data on central government tax revenue to GDP from Mitchell and the spliced GDP,28674.64
CHE,Switzerland,1954,2236.748,7.36124,Derived using data on central government tax revenue to GDP from Mitchell and the spliced GDP,30385.48
CHE,Switzerland,1955,2090.896,6.379149,Derived using data on central government tax revenue to GDP from Mitchell and the spliced GDP,32777.04
CHE,Switzerland,1956,2523.635,7.161099,Derived using data on central government tax revenue to GDP from Mitchell and the spliced GDP,35240.89
CHE,Switzerland,1957,2348.731,6.265309,Derived using data on central government tax revenue to GDP from Mitchell and the spliced GDP,37487.88
CHE,Switzerland,1958,2828.113,7.337726,Derived using data on central government tax revenue to GDP from Mitchell and the spliced GDP,38542.09
CHE,Switzerland,1959,2616.42,6.391855,Derived using data on central government tax revenue to GDP from Mitchell and the spliced GDP,40933.65
CHE,Switzerland,1960,3202.778,7.113489,Derived using data on central government tax revenue to GDP from Mitchell and the spliced GDP,45024.01
CHE,Switzerland,1961,3395.679,6.704137,Derived using data on central government tax revenue to GDP from Mitchell and the spliced GDP,50650.5
CHE,Switzerland,1962,4204.693,7.485848,Derived using data on central government tax revenue to GDP from Mitchell and the spliced GDP,56168.56
CHE,Switzerland,1963,4241.118,6.866546,Derived using data on central government tax revenue to GDP from Mitchell and the spliced GDP,61764.94
CHE,Switzerland,1964,5298.795,7.739566,Derived using data on central government tax revenue to GDP from Mitchell and the spliced GDP,68463.72
CHE,Switzerland,1965,5177.837,7.061475,Derived using data on central government tax revenue to GDP from Mitchell and the spliced GDP,73325.16
CHE,Switzerland,1966,6065.981,7.703733,Derived using data on central government tax revenue to GDP from Mitchell and the spliced GDP,78740.8
CHE,Switzerland,1967,6238.746,7.360581,Derived using data on central government tax revenue to GDP from Mitchell and the spliced GDP,84758.87
CHE,Switzerland,1968,7029.701,7.767124,Derived using data on central government tax revenue to GDP from Mitchell and the spliced GDP,90505.84
CHE,Switzerland,1969,7204.937,7.347023,Derived using data on central government tax revenue to GDP from Mitchell and the spliced GDP,98066.07
CHE,Switzerland,1970,8320.324,7.616922,Derived using data on central government tax revenue to GDP from Mitchell and the spliced GDP,109234.7
CHE,Switzerland,1971,8981.438,7.237835,Derived using data on central government tax revenue to GDP from Mitchell and the spliced GDP,124090.1
CHE,Switzerland,1972,10730.35,7.631058,Derived using data on central government tax revenue to GDP from Mitchell and the spliced GDP,140614.2
CHE,Switzerland,1973,11414.37,7.284288,Derived using data on central government tax revenue to GDP from Mitchell and the spliced GDP,156698.5
CHE,Switzerland,1974,12866.06,7.568288,Derived using data on central government tax revenue to GDP from Mitchell and the spliced GDP,169999.7
CHE,Switzerland,1975,12807.4,7.584577,Derived using data on central government tax revenue to GDP from Mitchell and the spliced GDP,168861.1
CHE,Switzerland,1976,14958.91,8.746071,Derived using data on central government tax revenue to GDP from Mitchell and the spliced GDP,171035.8
CHE,Switzerland,1977,14583.59,8.302632,Derived using data on central government tax revenue to GDP from Mitchell and the spliced GDP,175650.3
CHE,Switzerland,1978,15340,8.394413,Derived using data on central government tax revenue to GDP from Mitchell and the spliced GDP,182740.6
CHE,Switzerland,1979,15003.77,7.854648,Derived using data on central government tax revenue to GDP from Mitchell and the spliced GDP,191017.7
CHE,Switzerland,1980,16748.23,8.161249,Derived using data on central government tax revenue to GDP from Mitchell and the spliced GDP,205216.5
CHE,Switzerland,1981,17761.79,8.064471,Derived using data on central government tax revenue to GDP from Mitchell and the spliced GDP,220247.4
CHE,Switzerland,1982,19553.31,8.382636,Derived using data on central government tax revenue to GDP from Mitchell and the spliced GDP,233259.7
CHE,Switzerland,1983,19696.59,8.193677,Derived using data on central government tax revenue to GDP from Mitchell and the spliced GDP,240387.7
CHE,Switzerland,1984,22063.15,8.582997,Derived using data on central government tax revenue to GDP from Mitchell and the spliced GDP,257056.5
CHE,Switzerland,1985,22091.72,8.102457,Derived using data on central government tax revenue to GDP from Mitchell and the spliced GDP,272654.5
CHE,Switzerland,1986,24666.99,8.619958,Derived using data on central government tax revenue to GDP from Mitchell and the spliced GDP,286161.3
CHE,Switzerland,1987,24022.92,8.091923,Derived using data on central government tax revenue to GDP from Mitchell and the spliced GDP,296875.3
CHE,Switzerland,1988,27489.51,8.723053,Derived using data on central government tax revenue to GDP from Mitchell and the spliced GDP,315136.3
CHE,Switzerland,1989,26394.12,7.751724,Derived using data on central government tax revenue to GDP from Mitchell and the spliced GDP,340493.5
CHE,Switzerland,1990,27971.58,7.572326,Derived using data on central government tax revenue to GDP from Mitchell and the spliced GDP,369392.2
CHE,Switzerland,1991,28042.17,7.269558,Derived using data on central government tax revenue to GDP from Mitchell and the spliced GDP,385747.9
CHE,Switzerland,1992,29585.88,7.520393,Derived using data on central government tax revenue to GDP from Mitchell and the spliced GDP,393408.7
CHE,Switzerland,1993,29857.72,7.428761,Derived using data on central government tax revenue to GDP from Mitchell and the spliced GDP,401920.6
CHE,Switzerland,1994,32746.27,7.947902,Derived using data on central government tax revenue to GDP from IMF_GFS and the spliced GDP,412011.5
CHE,Switzerland,1995,33398.46,8,Derived using data on central government tax revenue to GDP from EUS and the spliced GDP,417480.8
CHE,Switzerland,1996,35747.88,8.5,Derived using data on central government tax revenue to GDP from EUS and the spliced GDP,420563.3
CHE,Switzerland,1997,35946.23,8.4,Derived using data on central government tax revenue to GDP from EUS and the spliced GDP,427931.3
CHE,Switzerland,1998,41329.71,9.4,Derived using data on central government tax revenue to GDP from EUS and the spliced GDP,439677.8
CHE,Switzerland,1999,40230.88,9,Derived using data on central government tax revenue to GDP from EUS and the spliced GDP,447009.8
CHE,Switzerland,2000,48110.2,10.2,Derived using data on central government tax revenue to GDP from EUS and the spliced GDP,471668.7
CHE,Switzerland,2001,44524.62,9.2,Derived using data on central government tax revenue to GDP from EUS and the spliced GDP,483963.3
CHE,Switzerland,2002,44393.32,9.2,Derived using data on central government tax revenue to GDP from EUS and the spliced GDP,482536.1
CHE,Switzerland,2003,44869.88,9.2,Derived using data on central government tax revenue to GDP from EUS and the spliced GDP,487716.1
CHE,Switzerland,2004,46154.94,9.2,Derived using data on central government tax revenue to GDP from EUS and the spliced GDP,501684.1
CHE,Switzerland,2005,48951.48,9.4,Derived using data on central government tax revenue to GDP from EUS and the spliced GDP,520760.4
CHE,Switzerland,2006,52632.45,9.5,Derived using data on central government tax revenue to GDP from EUS and the spliced GDP,554025.8
CHE,Switzerland,2007,53640.74,9.1,Derived using data on central government tax revenue to GDP from EUS and the spliced GDP,589458.6
CHE,Switzerland,2008,60179.61,9.8,Derived using data on central government tax revenue to GDP from EUS and the spliced GDP,614077.7
CHE,Switzerland,2009,59068.1,9.8,Derived using data on central government tax revenue to GDP from EUS and the spliced GDP,602735.7
CHE,Switzerland,2010,59904.45,9.6,Derived using data on central government tax revenue to GDP from EUS and the spliced GDP,624004.7
CHE,Switzerland,2011,62294.63,9.8,Derived using data on central government tax revenue to GDP from EUS and the spliced GDP,635659.5
CHE,Switzerland,2012,60513.74,9.4,Derived using data on central government tax revenue to GDP from EUS and the spliced GDP,643763.2
CHE,Switzerland,2013,62235.77,9.5,Derived using data on central government tax revenue to GDP from EUS and the spliced GDP,655113.3
CHE,Switzerland,2014,62581.44,9.4,Derived using data on central government tax revenue to GDP from EUS and the spliced GDP,665760
CHE,Switzerland,2015,65438.85,9.8,Derived using data on central government tax revenue to GDP from EUS and the spliced GDP,667743.4
CHE,Switzerland,2016,66412.32,9.8,Derived using data on central government tax revenue to GDP from EUS and the spliced GDP,677676.7
CHE,Switzerland,2017,69170.63,10.1,Derived using data on central government tax revenue to GDP from EUS and the spliced GDP,684857.7
CHE,Switzerland,2018,70275.27,9.9,Derived using data on central government tax revenue to GDP from EUS and the spliced GDP,709851.2
CHE,Switzerland,2019,71734.92,10,Derived using data on central government tax revenue to GDP from EUS and the spliced GDP,717349.2
CHE,Switzerland,2020,68910.45,9.9,Derived using data on central government tax revenue to GDP from EUS and the spliced GDP,696065.2
CHE,Switzerland,2021,72216.56,9.7,Derived using data on central government tax revenue to GDP from EUS and the spliced GDP,744500.6
CHE,Switzerland,2022,72774.58,9.2,Derived using data on central government tax revenue to GDP from EUS and the spliced GDP,791028
CHE,Switzerland,2023,76377.97,9.5,Derived using data on central government tax revenue to GDP from EUS and the spliced GDP,803978.6
CHE,Switzerland,2024,81093.59,9.8,Derived using data on central government tax revenue to GDP from EUS and the spliced GDP,827485.6
CHL,Chile,1940,.0059988,27.43331,Derived using data on central government tax revenue to GDP from Mitchell and the spliced GDP,.021867
CHL,Chile,1941,.0071481,26.63558,Derived using data on central government tax revenue to GDP from Mitchell and the spliced GDP,.0268367
CHL,Chile,1942,.0067876,21.34017,Derived using data on central government tax revenue to GDP from Mitchell and the spliced GDP,.0318065
CHL,Chile,1943,.0084867,21.34583,Derived using data on central government tax revenue to GDP from Mitchell and the spliced GDP,.0397581
CHL,Chile,1944,.0099875,21.37936,Derived using data on central government tax revenue to GDP from Mitchell and the spliced GDP,.0467158
CHL,Chile,1945,.0142331,26.51802,Derived using data on central government tax revenue to GDP from Mitchell and the spliced GDP,.0536734
CHL,Chile,1946,.0158692,23.47902,Derived using data on central government tax revenue to GDP from Mitchell and the spliced GDP,.0675888
CHL,Chile,1947,.0223863,28.50952,Derived using data on central government tax revenue to GDP from Mitchell and the spliced GDP,.0785223
CHL,Chile,1948,.0348752,32.1903,Derived using data on central government tax revenue to GDP from Mitchell and the spliced GDP,.1083408
CHL,Chile,1949,.0402791,31.17247,Derived using data on central government tax revenue to GDP from Mitchell and the spliced GDP,.1292138
CHL,Chile,1950,.0360561,23.25349,Derived using data on central government tax revenue to GDP from Mitchell and the spliced GDP,.1550566
CHL,Chile,1951,.0576897,30.38781,Derived using data on central government tax revenue to GDP from Mitchell and the spliced GDP,.189845
CHL,Chile,1952,.0719469,29.23745,Derived using data on central government tax revenue to GDP from Mitchell and the spliced GDP,.2460778
CHL,Chile,1953,.0956055,28.55012,Derived using data on central government tax revenue to GDP from Mitchell and the spliced GDP,.334869
CHL,Chile,1954,.1567415,28.66777,Derived using data on central government tax revenue to GDP from Mitchell and the spliced GDP,.5467517
CHL,Chile,1955,.266881,27.4418,Derived using data on central government tax revenue to GDP from Mitchell and the spliced GDP,.9725347
CHL,Chile,1956,.4958991,31.53441,Derived using data on central government tax revenue to GDP from Mitchell and the spliced GDP,1.572565
CHL,Chile,1957,.6945992,32.20644,Derived using data on central government tax revenue to GDP from Mitchell and the spliced GDP,2.156709
CHL,Chile,1958,.7891516,28.16041,Derived using data on central government tax revenue to GDP from Mitchell and the spliced GDP,2.802345
CHL,Chile,1959,1.266832,31.75282,Derived using data on central government tax revenue to GDP from Mitchell and the spliced GDP,3.989668
CHL,Chile,1960,1.636807,34.64181,Derived using data on central government tax revenue to GDP from Mitchell and the spliced GDP,4.724946
CHL,Chile,1961,1.91217,36.02654,Derived using data on central government tax revenue to GDP from Mitchell and the spliced GDP,5.307671
CHL,Chile,1962,2.207769,35.26554,Derived using data on central government tax revenue to GDP from Mitchell and the spliced GDP,6.260415
CHL,Chile,1963,3.171752,33.07915,Derived using data on central government tax revenue to GDP from Mitchell and the spliced GDP,9.588372
CHL,Chile,1964,4.976621,34.21307,Derived using data on central government tax revenue to GDP from Mitchell and the spliced GDP,14.54597
CHL,Chile,1965,8.412676,41.26815,Derived using data on central government tax revenue to GDP from Mitchell and the spliced GDP,20.3854
CHL,Chile,1966,13.43841,46.15774,Derived using data on central government tax revenue to GDP from Mitchell and the spliced GDP,29.11409
CHL,Chile,1967,16.82304,44.50069,Derived using data on central government tax revenue to GDP from Mitchell and the spliced GDP,37.804
CHL,Chile,1968,22.68251,43.29745,Derived using data on central government tax revenue to GDP from Mitchell and the spliced GDP,52.38763
CHL,Chile,1969,33.3364,43.86423,Derived using data on central government tax revenue to GDP from Mitchell and the spliced GDP,75.99906
CHL,Chile,1970,49.43912,45.34431,Derived using data on central government tax revenue to GDP from Mitchell and the spliced GDP,109.0305
CHL,Chile,1971,50.65926,35.85364,Derived using data on central government tax revenue to GDP from Mitchell and the spliced GDP,141.2946
CHL,Chile,1972,68.1619,26.18207,Derived using data on central government tax revenue to GDP from Mitchell and the spliced GDP,260.3381
CHL,Chile,1973,343.4629,26.91501,Derived using data on central government tax revenue to GDP from Mitchell and the spliced GDP,1276.102
CHL,Chile,1974,3304.849,32.29157,Derived using data on central government tax revenue to GDP from Mitchell and the spliced GDP,10234.4
CHL,Chile,1975,17186.91,43.58092,Derived using data on central government tax revenue to GDP from Mitchell and the spliced GDP,39436.77
CHL,Chile,1976,44584.74,31.14346,Derived using data on central government tax revenue to GDP from Mitchell and the spliced GDP,143159.3
CHL,Chile,1977,99252.94,31.00102,Derived using data on central government tax revenue to GDP from Mitchell and the spliced GDP,320160.2
CHL,Chile,1978,157258.6,28.99429,Derived using data on central government tax revenue to GDP from Mitchell and the spliced GDP,542377.8
CHL,Chile,1979,262902.6,30.60153,Derived using data on central government tax revenue to GDP from Mitchell and the spliced GDP,859115.7
CHL,Chile,1980,388146.8,32.437,Derived using data on central government tax revenue to GDP from Mitchell and the spliced GDP,1196617
CHL,Chile,1981,451783.8,31.48812,Derived using data on central government tax revenue to GDP from Mitchell and the spliced GDP,1434776
CHL,Chile,1982,411875.3,30.7785,Derived using data on central government tax revenue to GDP from Mitchell and the spliced GDP,1338191
CHL,Chile,1983,549961.1,32.18922,Derived using data on central government tax revenue to GDP from Mitchell and the spliced GDP,1708526
CHL,Chile,1984,674905.4,31.88234,Derived using data on central government tax revenue to GDP from Mitchell and the spliced GDP,2116863
CHL,Chile,1985,839618.1,27.52803,Derived using data on central government tax revenue to GDP from Mitchell and the spliced GDP,3050048
CHL,Chile,1986,965346.6,24.66815,Derived using data on central government tax revenue to GDP from Mitchell and the spliced GDP,3913332
CHL,Chile,1987,1235032,23.76557,Derived using data on central government tax revenue to GDP from Mitchell and the spliced GDP,5196729
CHL,Chile,1988,851096.3,12.56584,Derived using data on central government tax revenue to GDP from Mitchell and the spliced GDP,6773094
CHL,Chile,1989,1028988,12.22592,Derived using data on central government tax revenue to GDP from Mitchell and the spliced GDP,8416443
CHL,Chile,1990,1231889,11.6418,Derived using data on central government tax revenue to GDP from Mitchell and the spliced GDP,1.06e+07
CHL,Chile,1991,2581530,18.64034,Derived using data on central government tax revenue to GDP from Mitchell and the spliced GDP,1.38e+07
CHL,Chile,1992,2698968,15.52921,Derived using data on central government tax revenue to GDP from Mitchell and the spliced GDP,1.74e+07
CHL,Chile,1993,3318852,16.13244,Derived using data on central government tax revenue to GDP from IMF_GFS and the spliced GDP,2.06e+07
CHL,Chile,1994,3792234,15.48667,Derived using data on central government tax revenue to GDP from IMF_GFS and the spliced GDP,2.45e+07
CHL,Chile,1995,,,Derived using data on central government tax revenue to GDP from IMF_GFS and the spliced GDP,2.96e+07
CHL,Chile,1996,,,Derived using data on central government tax revenue to GDP from IMF_GFS and the spliced GDP,3.24e+07
CHL,Chile,1997,,,Derived using data on central government tax revenue to GDP from IMF_GFS and the spliced GDP,3.59e+07
CHL,Chile,1998,,,Derived using data on central government tax revenue to GDP from IMF_GFS and the spliced GDP,3.77e+07
CHL,Chile,1999,,,Derived using data on central government tax revenue to GDP from IMF_GFS and the spliced GDP,3.84e+07
CHL,Chile,2000,,,Derived using data on central government tax revenue to GDP from IMF_GFS and the spliced GDP,4.23e+07
CHL,Chile,2001,,,Derived using data on central government tax revenue to GDP from IMF_GFS and the spliced GDP,4.55e+07
CHL,Chile,2002,,,Derived using data on central government tax revenue to GDP from IMF_GFS and the spliced GDP,4.84e+07
CHL,Chile,2003,,,Derived using data on central government tax revenue to GDP from IMF_GFS and the spliced GDP,5.28e+07
CHL,Chile,2004,,,Derived using data on central government tax revenue to GDP from IMF_GFS and the spliced GDP,6.02e+07
CHL,Chile,2005,1.24e+07,18.12089,Derived using data on central government tax revenue to GDP from IMF_GFS and the spliced GDP,6.83e+07
CHL,Chile,2006,1.60e+07,19.61202,Derived using data on central government tax revenue to GDP from IMF_GFS and the spliced GDP,8.17e+07
CHL,Chile,2007,1.84e+07,20.37903,Derived using data on central government tax revenue to GDP from IMF_GFS and the spliced GDP,9.03e+07
CHL,Chile,2008,1.75e+07,18.70926,Derived using data on central government tax revenue to GDP from IMF_GFS and the spliced GDP,9.37e+07
CHL,Chile,2009,1.40e+07,14.60586,Derived using data on central government tax revenue to GDP from IMF_GFS and the spliced GDP,9.61e+07
CHL,Chile,2010,1.93e+07,17.47101,Derived using data on central government tax revenue to GDP from IMF_GFS and the spliced GDP,1.11e+08
CHL,Chile,2011,2.30e+07,18.9361,Derived using data on central government tax revenue to GDP from IMF_GFS and the spliced GDP,1.21e+08
CHL,Chile,2012,2.47e+07,18.99106,Derived using data on central government tax revenue to GDP from IMF_GFS and the spliced GDP,1.30e+08
CHL,Chile,2013,2.40e+07,17.45877,Derived using data on central government tax revenue to GDP from IMF_GFS and the spliced GDP,1.37e+08
CHL,Chile,2014,2.52e+07,17.0445,Derived using data on central government tax revenue to GDP from IMF_GFS and the spliced GDP,1.48e+08
CHL,Chile,2015,2.78e+07,17.54608,Derived using data on central government tax revenue to GDP from IMF_GFS and the spliced GDP,1.59e+08
CHL,Chile,2016,2.94e+07,17.46896,Derived using data on central government tax revenue to GDP from IMF_GFS and the spliced GDP,1.68e+08
CHL,Chile,2017,3.14e+07,17.50579,Derived using data on central government tax revenue to GDP from IMF_GFS and the spliced GDP,1.79e+08
CHL,Chile,2018,3.49e+07,18.39552,Derived using data on central government tax revenue to GDP from IMF_GFS and the spliced GDP,1.90e+08
CHL,Chile,2019,3.47e+07,17.71885,Derived using data on central government tax revenue to GDP from IMF_GFS and the spliced GDP,1.96e+08
CHL,Chile,2020,3.25e+07,16.19617,Derived using data on central government tax revenue to GDP from IMF_GFS and the spliced GDP,2.01e+08
CHL,Chile,2021,4.71e+07,19.6644,Derived using data on central government tax revenue to GDP from IMF_GFS and the spliced GDP,2.39e+08
CHL,Chile,2022,5.61e+07,21.27361,Derived using data on central government tax revenue to GDP from IMF_GFS and the spliced GDP,2.64e+08
CHL,Chile,2023,5.00e+07,17.71859,Derived using data on central government tax revenue to GDP from IMF_GFS and the spliced GDP,2.82e+08
CHN,China,2005,1602285,8.553781,Derived using data on central government tax revenue to GDP from IMF_GFS and the spliced GDP,1.87e+07
CHN,China,2006,1986071,9.050694,Derived using data on central government tax revenue to GDP from IMF_GFS and the spliced GDP,2.19e+07
CHN,China,2007,2635210,9.756701,Derived using data on central government tax revenue to GDP from IMF_GFS and the spliced GDP,2.70e+07
CHN,China,2008,3236760,10.13881,Derived using data on central government tax revenue to GDP from IMF_GFS and the spliced GDP,3.19e+07
CHN,China,2009,3601988,10.33517,Derived using data on central government tax revenue to GDP from IMF_GFS and the spliced GDP,3.49e+07
CHN,China,2010,4245814,10.30239,Derived using data on central government tax revenue to GDP from IMF_GFS and the spliced GDP,4.12e+07
CHN,China,2011,5071847,10.3944,Derived using data on central government tax revenue to GDP from IMF_GFS and the spliced GDP,4.88e+07
CHN,China,2012,5519377,10.24802,Derived using data on central government tax revenue to GDP from IMF_GFS and the spliced GDP,5.39e+07
CHN,China,2013,5841610,9.851556,Derived using data on central government tax revenue to GDP from IMF_GFS and the spliced GDP,5.93e+07
CHN,China,2014,6200047,9.633937,Derived using data on central government tax revenue to GDP from IMF_GFS and the spliced GDP,6.44e+07
CHN,China,2015,6429172,9.333084,Derived using data on central government tax revenue to GDP from IMF_GFS and the spliced GDP,6.89e+07
CHN,China,2016,6813084,9.127985,Derived using data on central government tax revenue to GDP from IMF_GFS and the spliced GDP,7.46e+07
CHN,China,2017,7866075,9.454009,Derived using data on central government tax revenue to GDP from IMF_GFS and the spliced GDP,8.32e+07
CHN,China,2018,8353831,9.087352,Derived using data on central government tax revenue to GDP from IMF_GFS and the spliced GDP,9.19e+07
CHN,China,2019,8342878,8.456918,Derived using data on central government tax revenue to GDP from IMF_GFS and the spliced GDP,9.87e+07
CHN,China,2020,8103956,7.995481,Derived using data on central government tax revenue to GDP from IMF_GFS and the spliced GDP,1.01e+08
CHN,China,2021,9185423,7.992628,Derived using data on central government tax revenue to GDP from IMF_GFS and the spliced GDP,1.15e+08
CHN,China,2022,9294808,7.715302,Derived using data on central government tax revenue to GDP from IMF_GFS and the spliced GDP,1.20e+08
CHN,China,2023,9906397,7.85859,Derived using data on central government tax revenue to GDP from IMF_GFS and the spliced GDP,1.26e+08
CIV,Ivory Coast,1960,27923.4,17.41294,Derived using data on central government tax revenue to GDP from BCEAO and the spliced GDP,160360.1
CIV,Ivory Coast,1961,34077.95,18.76962,Derived using data on central government tax revenue to GDP from BCEAO and the spliced GDP,181559.1
CIV,Ivory Coast,1962,33963.98,17.941,Derived using data on central government tax revenue to GDP from BCEAO and the spliced GDP,189309.3
CIV,Ivory Coast,1963,38636.87,17.30475,Derived using data on central government tax revenue to GDP from BCEAO and the spliced GDP,223273.3
CIV,Ivory Coast,1964,48666.51,18.00928,Derived using data on central government tax revenue to GDP from BCEAO and the spliced GDP,270230.2
CIV,Ivory Coast,1965,55732.83,20.65034,Derived using data on central government tax revenue to GDP from BCEAO and the spliced GDP,269888.3
CIV,Ivory Coast,1966,57670.38,21.36824,Derived using data on central government tax revenue to GDP from BCEAO and the spliced GDP,269888.3
CIV,Ivory Coast,1967,54479.13,18.57754,Derived using data on central government tax revenue to GDP from BCEAO and the spliced GDP,293252.8
CIV,Ivory Coast,1968,78983.34,25.2551,Derived using data on central government tax revenue to GDP from BCEAO and the spliced GDP,312742.1
CIV,Ivory Coast,1969,79097.33,21.34728,Derived using data on central government tax revenue to GDP from BCEAO and the spliced GDP,370526.5
CIV,Ivory Coast,1970,94597.66,22.8022,Derived using data on central government tax revenue to GDP from BCEAO and the spliced GDP,414862
CIV,Ivory Coast,1971,95497.47,21.71498,Derived using data on central government tax revenue to GDP from BCEAO and the spliced GDP,439777
CIV,Ivory Coast,1972,109769.5,23.26428,Derived using data on central government tax revenue to GDP from BCEAO and the spliced GDP,471837
CIV,Ivory Coast,1973,141308.4,24.95759,Derived using data on central government tax revenue to GDP from BCEAO and the spliced GDP,566194
CIV,Ivory Coast,1974,184523.7,24.9687,Derived using data on central government tax revenue to GDP from BCEAO and the spliced GDP,739020
CIV,Ivory Coast,1975,248064.2,29.72448,Derived using data on central government tax revenue to GDP from BCEAO and the spliced GDP,834545
CIV,Ivory Coast,1976,356797.9,32.02977,Derived using data on central government tax revenue to GDP from BCEAO and the spliced GDP,1113957
CIV,Ivory Coast,1977,586193.4,38.08268,Derived using data on central government tax revenue to GDP from BCEAO and the spliced GDP,1539265
CIV,Ivory Coast,1978,703035.2,39.42973,Derived using data on central government tax revenue to GDP from BCEAO and the spliced GDP,1783008
CIV,Ivory Coast,1979,513077.5,26.38383,Derived using data on central government tax revenue to GDP from BCEAO and the spliced GDP,1944666
CIV,Ivory Coast,1980,554354.2,25.78528,Derived using data on central government tax revenue to GDP from BCEAO and the spliced GDP,2149886
CIV,Ivory Coast,1981,619004.6,27.01424,Derived using data on central government tax revenue to GDP from BCEAO and the spliced GDP,2291401
CIV,Ivory Coast,1982,631842.9,25.41048,Derived using data on central government tax revenue to GDP from BCEAO and the spliced GDP,2486544
CIV,Ivory Coast,1983,623444.8,23.92424,Derived using data on central government tax revenue to GDP from BCEAO and the spliced GDP,2605913
CIV,Ivory Coast,1984,705693.6,23.60653,Derived using data on central government tax revenue to GDP from BCEAO and the spliced GDP,2989400
CIV,Ivory Coast,1985,620960.4,19.80861,Derived using data on central government tax revenue to GDP from BCEAO and the spliced GDP,3134800
CIV,Ivory Coast,1986,660137.6,20.81337,Derived using data on central government tax revenue to GDP from BCEAO and the spliced GDP,3171700
CIV,Ivory Coast,1987,670377.9,22.11228,Derived using data on central government tax revenue to GDP from BCEAO and the spliced GDP,3031700
CIV,Ivory Coast,1988,623897.8,20.42887,Derived using data on central government tax revenue to GDP from BCEAO and the spliced GDP,3054000
CIV,Ivory Coast,1989,619076.3,18.11224,Derived using data on central government tax revenue to GDP from BCEAO and the spliced GDP,3418000
CIV,Ivory Coast,1990,448552.5,13.85277,Derived using data on central government tax revenue to GDP from BCEAO and the spliced GDP,3238000
CIV,Ivory Coast,1991,397680.4,12.22503,Derived using data on central government tax revenue to GDP from BCEAO and the spliced GDP,3253000
CIV,Ivory Coast,1992,390514.7,12.26106,Derived using data on central government tax revenue to GDP from BCEAO and the spliced GDP,3185000
CIV,Ivory Coast,1993,337488.3,10.68677,Derived using data on central government tax revenue to GDP from BCEAO and the spliced GDP,3158000
CIV,Ivory Coast,1994,532320.6,11.53207,Derived using data on central government tax revenue to GDP from BCEAO and the spliced GDP,4616000
CIV,Ivory Coast,1995,658130.4,11.87318,Derived using data on central government tax revenue to GDP from BCEAO and the spliced GDP,5543000
CIV,Ivory Coast,1996,752837.1,12.12335,Derived using data on central government tax revenue to GDP from BCEAO and the spliced GDP,6209810
CIV,Ivory Coast,1997,804998.3,11.76579,Derived using data on central government tax revenue to GDP from BCEAO and the spliced GDP,6841856
CIV,Ivory Coast,1998,828081.9,11.104,Derived using data on central government tax revenue to GDP from BCEAO and the spliced GDP,7457508
CIV,Ivory Coast,1999,843664.8,10.90852,Derived using data on central government tax revenue to GDP from BCEAO and the spliced GDP,7734000
CIV,Ivory Coast,2000,776886.4,10.21547,Derived using data on central government tax revenue to GDP from BCEAO and the spliced GDP,7605000
CIV,Ivory Coast,2001,845223.7,10.30185,Derived using data on central government tax revenue to GDP from BCEAO and the spliced GDP,8204580
CIV,Ivory Coast,2002,910990.3,10.58589,Derived using data on central government tax revenue to GDP from BCEAO and the spliced GDP,8605700
CIV,Ivory Coast,2003,860782.1,9.67584,Derived using data on central government tax revenue to GDP from BCEAO and the spliced GDP,8896200
CIV,Ivory Coast,2004,898038.3,10.26858,Derived using data on central government tax revenue to GDP from BCEAO and the spliced GDP,8745500
CIV,Ivory Coast,2005,905170.4,10.04433,Derived using data on central government tax revenue to GDP from BCEAO and the spliced GDP,9011755
CIV,Ivory Coast,2006,986726.8,10.60095,Derived using data on central government tax revenue to GDP from BCEAO and the spliced GDP,9307908
CIV,Ivory Coast,2007,1061957,10.89278,Derived using data on central government tax revenue to GDP from BCEAO and the spliced GDP,9749183
CIV,Ivory Coast,2008,1176613,10.84632,Derived using data on central government tax revenue to GDP from BCEAO and the spliced GDP,1.08e+07
CIV,Ivory Coast,2009,1366412,11.91968,Derived using data on central government tax revenue to GDP from BCEAO and the spliced GDP,1.15e+07
CIV,Ivory Coast,2010,1472526,11.32019,Derived using data on central government tax revenue to GDP from BCEAO and the spliced GDP,1.30e+07
CIV,Ivory Coast,2011,1203252,8.917677,Derived using data on central government tax revenue to GDP from BCEAO and the spliced GDP,1.35e+07
CIV,Ivory Coast,2012,1881910,11.70454,Derived using data on central government tax revenue to GDP from BCEAO and the spliced GDP,1.61e+07
CIV,Ivory Coast,2013,2162597,11.28076,Derived using data on central government tax revenue to GDP from BCEAO and the spliced GDP,1.92e+07
CIV,Ivory Coast,2014,2438009,10.66117,Derived using data on central government tax revenue to GDP from BCEAO and the spliced GDP,2.29e+07
CIV,Ivory Coast,2015,2954900,10.90918,Derived using data on central government tax revenue to GDP from BCEAO and the spliced GDP,2.71e+07
CIV,Ivory Coast,2016,3352601,11.68695,Derived using data on central government tax revenue to GDP from BCEAO and the spliced GDP,2.87e+07
CIV,Ivory Coast,2017,3458105,11.34116,Derived using data on central government tax revenue to GDP from BCEAO and the spliced GDP,3.05e+07
CIV,Ivory Coast,2018,3651101,11.23205,Derived using data on central government tax revenue to GDP from BCEAO and the spliced GDP,3.25e+07
CIV,Ivory Coast,2019,3972307,11.22785,Derived using data on central government tax revenue to GDP from BCEAO and the spliced GDP,3.54e+07
CIV,Ivory Coast,2020,4149195,11.43723,Derived using data on central government tax revenue to GDP from BCEAO and the spliced GDP,3.63e+07
CIV,Ivory Coast,2021,5096000,12.62422,Derived using data on central government tax revenue to GDP from BCEAO and the spliced GDP,4.04e+07
CIV,Ivory Coast,2022,5616697,12.83195,Derived using data on central government tax revenue to GDP from BCEAO and the spliced GDP,4.38e+07
CIV,Ivory Coast,2023,6508003,13.61765,Derived using data on central government tax revenue to GDP from BCEAO and the spliced GDP,4.78e+07
CIV,Ivory Coast,2024,7533803,14.37748,Derived using data on central government tax revenue to GDP from BCEAO and the spliced GDP,5.24e+07
CMR,Cameroon,1975,74557,9.593824,Derived using data on central government tax revenue to GDP from IMF_GFS and the spliced GDP,777135.4
CMR,Cameroon,1976,100961,10.69378,Derived using data on central government tax revenue to GDP from IMF_GFS and the spliced GDP,944109.4
CMR,Cameroon,1977,122284.4,10.77004,Derived using data on central government tax revenue to GDP from IMF_GFS and the spliced GDP,1135413
CMR,Cameroon,1978,164079.5,11.95222,Derived using data on central government tax revenue to GDP from IMF_GFS and the spliced GDP,1372796
CMR,Cameroon,1979,157360.3,9.137674,Derived using data on central government tax revenue to GDP from IMF_GFS and the spliced GDP,1722104
CMR,Cameroon,1980,221183.5,10.3758,Derived using data on central government tax revenue to GDP from IMF_GFS and the spliced GDP,2131725
CMR,Cameroon,1981,283474.8,11.01715,Derived using data on central government tax revenue to GDP from IMF_GFS and the spliced GDP,2573033
CMR,Cameroon,1982,355365.5,11.38254,Derived using data on central government tax revenue to GDP from IMF_GFS and the spliced GDP,3122022
CMR,Cameroon,1983,606655.5,16.05898,Derived using data on central government tax revenue to GDP from IMF_GFS and the spliced GDP,3777673
CMR,Cameroon,1984,648849.2,15.20604,Derived using data on central government tax revenue to GDP from IMF_GFS and the spliced GDP,4267048
CMR,Cameroon,1985,,,Derived using data on central government tax revenue to GDP from IMF_GFS and the spliced GDP,4311625
CMR,Cameroon,1986,474801.1,11.68407,Derived using data on central government tax revenue to GDP from IMF_GFS and the spliced GDP,4063661
CMR,Cameroon,1987,375807.6,9.776335,Derived using data on central government tax revenue to GDP from IMF_GFS and the spliced GDP,3844054
CMR,Cameroon,1988,398596.8,10.70356,Derived using data on central government tax revenue to GDP from IMF_GFS and the spliced GDP,3723966
CMR,Cameroon,1989,441531.3,11.5441,Derived using data on central government tax revenue to GDP from IMF_GFS and the spliced GDP,3824736
CMR,Cameroon,1990,280985.6,7.439394,Derived using data on central government tax revenue to GDP from IMF_GFS and the spliced GDP,3776996
CMR,Cameroon,1991,265352.1,6.782701,Derived using data on central government tax revenue to GDP from IMF_GFS and the spliced GDP,3912189
CMR,Cameroon,1992,289203.3,7.429121,Derived using data on central government tax revenue to GDP from IMF_GFS and the spliced GDP,3892834
CMR,Cameroon,1993,331971.6,7.24499,Derived using data on central government tax revenue to GDP from IMF_GFS and the spliced GDP,4582085
CMR,Cameroon,1994,311904.5,6.310432,Derived using data on central government tax revenue to GDP from IMF_GFS and the spliced GDP,4942680
CMR,Cameroon,1995,401800,7.409,Derived using data on central government tax revenue to GDP from AFRISTAT and the spliced GDP,5423134
CMR,Cameroon,1996,476200,8.391297,Derived using data on central government tax revenue to GDP from AFRISTAT and the spliced GDP,5674927
CMR,Cameroon,1997,507300,8.055608,Derived using data on central government tax revenue to GDP from AFRISTAT and the spliced GDP,6297477
CMR,Cameroon,1998,599900,9.000263,Derived using data on central government tax revenue to GDP from AFRISTAT and the spliced GDP,6665361
CMR,Cameroon,1999,,,Derived using data on central government tax revenue to GDP from AFRISTAT and the spliced GDP,7118458
CMR,Cameroon,2000,,,Derived using data on central government tax revenue to GDP from AFRISTAT and the spliced GDP,7504469
CMR,Cameroon,2001,,,Derived using data on central government tax revenue to GDP from AFRISTAT and the spliced GDP,8022308
CMR,Cameroon,2002,,,Derived using data on central government tax revenue to GDP from AFRISTAT and the spliced GDP,8614012
CMR,Cameroon,2003,,,Derived using data on central government tax revenue to GDP from AFRISTAT and the spliced GDP,9261145
CMR,Cameroon,2004,,,Derived using data on central government tax revenue to GDP from AFRISTAT and the spliced GDP,9927779
CMR,Cameroon,2005,,,Derived using data on central government tax revenue to GDP from AFRISTAT and the spliced GDP,1.03e+07
CMR,Cameroon,2006,1090000,9.977859,Derived using data on central government tax revenue to GDP from AFRISTAT and the spliced GDP,1.09e+07
CMR,Cameroon,2007,1210000,10.56504,Derived using data on central government tax revenue to GDP from AFRISTAT and the spliced GDP,1.15e+07
CMR,Cameroon,2008,1302000,10.53317,Derived using data on central government tax revenue to GDP from AFRISTAT and the spliced GDP,1.24e+07
CMR,Cameroon,2009,1429000,10.87793,Derived using data on central government tax revenue to GDP from AFRISTAT and the spliced GDP,1.31e+07
CMR,Cameroon,2010,1440000,10.58002,Derived using data on central government tax revenue to GDP from AFRISTAT and the spliced GDP,1.36e+07
COG,Republic of the Congo,2001,188764,8.476546,Derived using data on central government tax revenue to GDP from IMF_GFS and the spliced GDP,2226897
COG,Republic of the Congo,2002,176000.1,7.583407,Derived using data on central government tax revenue to GDP from IMF_GFS and the spliced GDP,2320858
COG,Republic of the Congo,2003,176823,7.891039,Derived using data on central government tax revenue to GDP from IMF_GFS and the spliced GDP,2240807
COG,Republic of the Congo,2004,192761.8,7.16323,Derived using data on central government tax revenue to GDP from IMF_GFS and the spliced GDP,2690990
COG,Republic of the Congo,2005,200447.6,5.716835,Derived using data on central government tax revenue to GDP from IMF_GFS and the spliced GDP,3506269
COG,Republic of the Congo,2006,234100,5.551104,Derived using data on central government tax revenue to GDP from IMF_GFS and the spliced GDP,4217179
COG,Republic of the Congo,2007,265642,6.319246,Derived using data on central government tax revenue to GDP from IMF_GFS and the spliced GDP,4203698
COG,Republic of the Congo,2008,315770,6.077365,Derived using data on central government tax revenue to GDP from IMF_GFS and the spliced GDP,5195837
COG,Republic of the Congo,2009,380739,8.326159,Derived using data on central government tax revenue to GDP from IMF_GFS and the spliced GDP,4572805
COG,Republic of the Congo,2010,451750,6.943856,Derived using data on central government tax revenue to GDP from IMF_GFS and the spliced GDP,6505751
COG,Republic of the Congo,2011,602771,8.17031,Derived using data on central government tax revenue to GDP from IMF_GFS and the spliced GDP,7377578
COG,Republic of the Congo,2012,658402,7.288668,Derived using data on central government tax revenue to GDP from IMF_GFS and the spliced GDP,9033228
COG,Republic of the Congo,2013,765801.3,8.633801,Derived using data on central government tax revenue to GDP from IMF_GFS and the spliced GDP,8869805
COG,Republic of the Congo,2014,848454.7,9.589447,Derived using data on central government tax revenue to GDP from IMF_GFS and the spliced GDP,8847796
COG,Republic of the Congo,2015,937793.8,12.75633,Derived using data on central government tax revenue to GDP from IMF_GFS and the spliced GDP,7351596
COG,Republic of the Congo,2016,847979.6,13.09021,Derived using data on central government tax revenue to GDP from IMF_GFS and the spliced GDP,6477967
COG,Republic of the Congo,2017,697093.6,10.14431,Derived using data on central government tax revenue to GDP from IMF_GFS and the spliced GDP,6871767
COG,Republic of the Congo,2018,560794.5,6.833865,Derived using data on central government tax revenue to GDP from IMF_GFS and the spliced GDP,8206111
COG,Republic of the Congo,2019,581550.6,7.10155,Derived using data on central government tax revenue to GDP from IMF_GFS and the spliced GDP,8189066
COG,Republic of the Congo,2020,551733.7,8.358061,Derived using data on central government tax revenue to GDP from IMF_GFS and the spliced GDP,6601217
COG,Republic of the Congo,2021,540903.9,7.290057,Derived using data on central government tax revenue to GDP from IMF_GFS and the spliced GDP,7419749
COL,Colombia,1945,107.5168,4.196078,Derived using data on central government tax revenue to GDP from Mitchell and the spliced GDP,2562.316
COL,Colombia,1946,134.6472,4.322581,Derived using data on central government tax revenue to GDP from Mitchell and the spliced GDP,3114.972
COL,Colombia,1947,192.9273,5.079365,Derived using data on central government tax revenue to GDP from Mitchell and the spliced GDP,3798.256
COL,Colombia,1948,198.9563,4.449438,Derived using data on central government tax revenue to GDP from Mitchell and the spliced GDP,4471.492
COL,Colombia,1949,222.0674,4.169811,Derived using data on central government tax revenue to GDP from Mitchell and the spliced GDP,5325.597
COL,Colombia,1950,331.5938,4.198473,Derived using data on central government tax revenue to GDP from Mitchell and the spliced GDP,7897.961
COL,Colombia,1951,503.4516,5.615212,Derived using data on central government tax revenue to GDP from Mitchell and the spliced GDP,8965.851
COL,Colombia,1952,528.3276,5.450777,Derived using data on central government tax revenue to GDP from Mitchell and the spliced GDP,9692.702
COL,Colombia,1953,648.3511,6.009346,Derived using data on central government tax revenue to GDP from Mitchell and the spliced GDP,10789.05
COL,Colombia,1954,849.363,6.609375,Derived using data on central government tax revenue to GDP from Mitchell and the spliced GDP,12850.88
COL,Colombia,1955,979.6218,7.315384,Derived using data on central government tax revenue to GDP from Mitchell and the spliced GDP,13391.25
COL,Colombia,1956,848.5659,5.653333,Derived using data on central government tax revenue to GDP from Mitchell and the spliced GDP,15010.01
COL,Colombia,1957,803.7651,4.483333,Derived using data on central government tax revenue to GDP from Mitchell and the spliced GDP,17927.85
COL,Colombia,1958,1355.971,6.528572,Derived using data on central government tax revenue to GDP from Mitchell and the spliced GDP,20769.79
COL,Colombia,1959,1538.132,6.483333,Derived using data on central government tax revenue to GDP from Mitchell and the spliced GDP,23724.4
COL,Colombia,1960,1824.376,6.744444,Derived using data on central government tax revenue to GDP from Mitchell and the spliced GDP,27050.05
COL,Colombia,1961,1886.566,6.116667,Derived using data on central government tax revenue to GDP from Mitchell and the spliced GDP,30843.03
COL,Colombia,1962,1781.19,5.15,Derived using data on central government tax revenue to GDP from Mitchell and the spliced GDP,34586.21
COL,Colombia,1963,2365.182,5.190909,Derived using data on central government tax revenue to GDP from Mitchell and the spliced GDP,45563.93
COL,Colombia,1964,3499.425,6.15,Derived using data on central government tax revenue to GDP from Mitchell and the spliced GDP,56901.22
COL,Colombia,1965,3419.522,5.603279,Derived using data on central government tax revenue to GDP from Mitchell and the spliced GDP,61027.17
COL,Colombia,1966,5213.906,6.767568,Derived using data on central government tax revenue to GDP from Mitchell and the spliced GDP,77042.54
COL,Colombia,1967,5404.571,6.225301,Derived using data on central government tax revenue to GDP from Mitchell and the spliced GDP,86816.21
COL,Colombia,1968,6543.806,6.7125,Derived using data on central government tax revenue to GDP from Mitchell and the spliced GDP,97486.86
COL,Colombia,1969,8612.394,7.542342,Derived using data on central government tax revenue to GDP from Mitchell and the spliced GDP,114187.3
COL,Colombia,1970,9942.952,7.457143,Derived using data on central government tax revenue to GDP from Mitchell and the spliced GDP,133334.6
COL,Colombia,1971,14041.24,8.978205,Derived using data on central government tax revenue to GDP from Mitchell and the spliced GDP,156392.5
COL,Colombia,1972,14182.59,7.445789,Derived using data on central government tax revenue to GDP from Mitchell and the spliced GDP,190478
COL,Colombia,1973,14820.19,6.083539,Derived using data on central government tax revenue to GDP from Mitchell and the spliced GDP,243611.4
COL,Colombia,1974,19026.75,5.894099,Derived using data on central government tax revenue to GDP from Mitchell and the spliced GDP,322810.1
COL,Colombia,1975,30175.73,7.432099,Derived using data on central government tax revenue to GDP from Mitchell and the spliced GDP,406018.9
COL,Colombia,1976,37129.41,6.917293,Derived using data on central government tax revenue to GDP from Mitchell and the spliced GDP,536762.1
COL,Colombia,1977,47136.62,6.480446,Derived using data on central government tax revenue to GDP from Mitchell and the spliced GDP,727366.8
COL,Colombia,1978,63482.26,6.820682,Derived using data on central government tax revenue to GDP from Mitchell and the spliced GDP,930731.8
COL,Colombia,1979,79787.51,6.509672,Derived using data on central government tax revenue to GDP from Mitchell and the spliced GDP,1225676
COL,Colombia,1980,106872.6,6.516783,Derived using data on central government tax revenue to GDP from Mitchell and the spliced GDP,1639959
COL,Colombia,1981,129817.7,6.248109,Derived using data on central government tax revenue to GDP from Mitchell and the spliced GDP,2077711
COL,Colombia,1982,173806.1,6.5839,Derived using data on central government tax revenue to GDP from Mitchell and the spliced GDP,2639865
COL,Colombia,1983,196013.9,6.021611,Derived using data on central government tax revenue to GDP from Mitchell and the spliced GDP,3255174
COL,Colombia,1984,257588.8,6.243194,Derived using data on central government tax revenue to GDP from Mitchell and the spliced GDP,4125915
COL,Colombia,1985,391861,7.329843,Derived using data on central government tax revenue to GDP from Mitchell and the spliced GDP,5346104
COL,Colombia,1986,570160.1,7.748969,Derived using data on central government tax revenue to GDP from Mitchell and the spliced GDP,7357883
COL,Colombia,1987,834775.1,8.646873,Derived using data on central government tax revenue to GDP from Mitchell and the spliced GDP,9654069
COL,Colombia,1988,1113848,8.584093,Derived using data on central government tax revenue to GDP from Mitchell and the spliced GDP,1.30e+07
COL,Colombia,1989,1426202,8.45508,Derived using data on central government tax revenue to GDP from Mitchell and the spliced GDP,1.69e+07
COL,Colombia,1990,2077834,9.140795,Derived using data on central government tax revenue to GDP from Mitchell and the spliced GDP,2.27e+07
COL,Colombia,1991,3239960,10.92044,Derived using data on central government tax revenue to GDP from Mitchell and the spliced GDP,2.97e+07
COL,Colombia,1992,4368282,11.41986,Derived using data on central government tax revenue to GDP from Mitchell and the spliced GDP,3.83e+07
COL,Colombia,1993,,,Derived using data on central government tax revenue to GDP from IMF_GFS and the spliced GDP,5.05e+07
COL,Colombia,1994,,,Derived using data on central government tax revenue to GDP from IMF_GFS and the spliced GDP,6.76e+07
COL,Colombia,1995,,,Derived using data on central government tax revenue to GDP from IMF_GFS and the spliced GDP,8.68e+07
COL,Colombia,1996,,,Derived using data on central government tax revenue to GDP from IMF_GFS and the spliced GDP,1.06e+08
COL,Colombia,1997,,,Derived using data on central government tax revenue to GDP from IMF_GFS and the spliced GDP,1.30e+08
COL,Colombia,1998,1.43e+07,9.361804,Derived using data on central government tax revenue to GDP from IMF_GFS and the spliced GDP,1.53e+08
COL,Colombia,1999,1.57e+07,9.414139,Derived using data on central government tax revenue to GDP from IMF_GFS and the spliced GDP,1.67e+08
COL,Colombia,2000,1.95e+07,9.977164,Derived using data on central government tax revenue to GDP from IMF_GFS and the spliced GDP,1.95e+08
COL,Colombia,2001,,,Derived using data on central government tax revenue to GDP from IMF_GFS and the spliced GDP,2.13e+08
COL,Colombia,2002,,,Derived using data on central government tax revenue to GDP from IMF_GFS and the spliced GDP,2.33e+08
COL,Colombia,2003,,,Derived using data on central government tax revenue to GDP from IMF_GFS and the spliced GDP,2.65e+08
COL,Colombia,2004,,,Derived using data on central government tax revenue to GDP from IMF_GFS and the spliced GDP,3.01e+08
COL,Colombia,2005,,,Derived using data on central government tax revenue to GDP from IMF_GFS and the spliced GDP,3.38e+08
COL,Colombia,2006,,,Derived using data on central government tax revenue to GDP from IMF_GFS and the spliced GDP,3.82e+08
COL,Colombia,2007,,,Derived using data on central government tax revenue to GDP from IMF_GFS and the spliced GDP,4.29e+08
COL,Colombia,2008,,,Derived using data on central government tax revenue to GDP from IMF_GFS and the spliced GDP,4.77e+08
COL,Colombia,2009,,,Derived using data on central government tax revenue to GDP from IMF_GFS and the spliced GDP,5.02e+08
COL,Colombia,2010,,,Derived using data on central government tax revenue to GDP from IMF_GFS and the spliced GDP,5.44e+08
COL,Colombia,2011,,,Derived using data on central government tax revenue to GDP from IMF_GFS and the spliced GDP,6.19e+08
COL,Colombia,2012,,,Derived using data on central government tax revenue to GDP from IMF_GFS and the spliced GDP,6.67e+08
COL,Colombia,2013,9.89e+07,13.85036,Derived using data on central government tax revenue to GDP from IMF_GFS and the spliced GDP,7.14e+08
COL,Colombia,2014,1.13e+08,14.86135,Derived using data on central government tax revenue to GDP from IMF_GFS and the spliced GDP,7.63e+08
COL,Colombia,2015,1.21e+08,15.08126,Derived using data on central government tax revenue to GDP from IMF_GFS and the spliced GDP,8.05e+08
COL,Colombia,2016,1.24e+08,14.3852,Derived using data on central government tax revenue to GDP from IMF_GFS and the spliced GDP,8.64e+08
COL,Colombia,2017,1.36e+08,14.72681,Derived using data on central government tax revenue to GDP from IMF_GFS and the spliced GDP,9.20e+08
COL,Colombia,2018,1.44e+08,14.60882,Derived using data on central government tax revenue to GDP from IMF_GFS and the spliced GDP,9.88e+08
COL,Colombia,2019,1.58e+08,14.89958,Derived using data on central government tax revenue to GDP from IMF_GFS and the spliced GDP,1.06e+09
COL,Colombia,2020,1.40e+08,14.04437,Derived using data on central government tax revenue to GDP from IMF_GFS and the spliced GDP,9.98e+08
COL,Colombia,2021,1.72e+08,14.44514,Derived using data on central government tax revenue to GDP from IMF_GFS and the spliced GDP,1.19e+09
COL,Colombia,2022,2.25e+08,15.27577,Derived using data on central government tax revenue to GDP from IMF_GFS and the spliced GDP,1.47e+09
COL,Colombia,2023,2.78e+08,17.69641,Derived using data on central government tax revenue to GDP from IMF_GFS and the spliced GDP,1.57e+09
COM,Comoros,1990,13864.17,9.969816,Derived using data on central government tax revenue to GDP from AFRISTAT and the spliced GDP,139061.4
COM,Comoros,1991,9757.589,6.725128,Derived using data on central government tax revenue to GDP from AFRISTAT and the spliced GDP,145091.5
COM,Comoros,1992,12832.86,8.740729,Derived using data on central government tax revenue to GDP from AFRISTAT and the spliced GDP,146816.8
COM,Comoros,1993,12197.51,7.843331,Derived using data on central government tax revenue to GDP from AFRISTAT and the spliced GDP,155514.4
COM,Comoros,1994,12050.57,7.476464,Derived using data on central government tax revenue to GDP from AFRISTAT and the spliced GDP,161180.1
COM,Comoros,1995,12302.57,6.800963,Derived using data on central government tax revenue to GDP from AFRISTAT and the spliced GDP,180894.5
COM,Comoros,1996,12237.2,6.6409,Derived using data on central government tax revenue to GDP from AFRISTAT and the spliced GDP,184270.2
COM,Comoros,1997,14616.12,7.555628,Derived using data on central government tax revenue to GDP from AFRISTAT and the spliced GDP,193446.8
COM,Comoros,1998,,,Derived using data on central government tax revenue to GDP from AFRISTAT and the spliced GDP,198588.9
COM,Comoros,1999,,,Derived using data on central government tax revenue to GDP from AFRISTAT and the spliced GDP,214170.8
COM,Comoros,2000,,,Derived using data on central government tax revenue to GDP from AFRISTAT and the spliced GDP,225309.9
COM,Comoros,2001,,,Derived using data on central government tax revenue to GDP from AFRISTAT and the spliced GDP,250465.5
COM,Comoros,2002,,,Derived using data on central government tax revenue to GDP from AFRISTAT and the spliced GDP,266977.2
COM,Comoros,2003,23613.52,8.241216,Derived using data on central government tax revenue to GDP from AFRISTAT and the spliced GDP,286529.6
COM,Comoros,2004,23783.93,7.877469,Derived using data on central government tax revenue to GDP from AFRISTAT and the spliced GDP,301923.5
COM,Comoros,2005,21392.64,6.868238,Derived using data on central government tax revenue to GDP from AFRISTAT and the spliced GDP,311472
COM,Comoros,2006,21029.64,6.412941,Derived using data on central government tax revenue to GDP from AFRISTAT and the spliced GDP,327925
COM,Comoros,2007,16700,5.846786,Derived using data on central government tax revenue to GDP from AFRISTAT and the spliced GDP,285627
COM,Comoros,2008,18300,5.974769,Derived using data on central government tax revenue to GDP from AFRISTAT and the spliced GDP,306288
COM,Comoros,2009,20500,6.419651,Derived using data on central government tax revenue to GDP from AFRISTAT and the spliced GDP,319332
COM,Comoros,2010,22400.02,6.64793,Derived using data on central government tax revenue to GDP from AFRISTAT and the spliced GDP,336947.3
COM,Comoros,2011,23500.03,6.498966,Derived using data on central government tax revenue to GDP from AFRISTAT and the spliced GDP,361596.4
COM,Comoros,2012,26799.98,6.889743,Derived using data on central government tax revenue to GDP from AFRISTAT and the spliced GDP,388983.8
COM,Comoros,2013,29199.97,7.062061,Derived using data on central government tax revenue to GDP from AFRISTAT and the spliced GDP,413476.6
COM,Comoros,2014,29900,7.023511,Derived using data on central government tax revenue to GDP from AFRISTAT and the spliced GDP,425713
COM,Comoros,2015,28900,6.746882,Derived using data on central government tax revenue to GDP from AFRISTAT and the spliced GDP,428346
COM,Comoros,2016,35400,7.863888,Derived using data on central government tax revenue to GDP from AFRISTAT and the spliced GDP,450159
COM,Comoros,2017,47300,10.08062,Derived using data on central government tax revenue to GDP from AFRISTAT and the spliced GDP,469217
COM,Comoros,2018,42668.5,8.615808,Derived using data on central government tax revenue to GDP from AFRISTAT and the spliced GDP,495235
COM,Comoros,2019,35812.9,6.819335,Derived using data on central government tax revenue to GDP from AFRISTAT and the spliced GDP,525167
COM,Comoros,2020,40569.46,7.696015,Derived using data on central government tax revenue to GDP from AFRISTAT and the spliced GDP,527149
COM,Comoros,2021,46556.75,8.635758,Derived using data on central government tax revenue to GDP from AFRISTAT and the spliced GDP,539116
CPV,Cape Verde,1990,3310.502,13.4934,Derived using data on central government tax revenue to GDP from AFRISTAT and the spliced GDP,24534.22
CPV,Cape Verde,1991,3539.692,13.57374,Derived using data on central government tax revenue to GDP from AFRISTAT and the spliced GDP,26077.49
CPV,Cape Verde,1992,4337.196,15.64212,Derived using data on central government tax revenue to GDP from AFRISTAT and the spliced GDP,27727.66
CPV,Cape Verde,1993,3940.546,11.91599,Derived using data on central government tax revenue to GDP from AFRISTAT and the spliced GDP,33069.4
CPV,Cape Verde,1994,6292.852,16.51885,Derived using data on central government tax revenue to GDP from AFRISTAT and the spliced GDP,38094.98
CPV,Cape Verde,1995,7215.703,16.82743,Derived using data on central government tax revenue to GDP from AFRISTAT and the spliced GDP,42880.59
CPV,Cape Verde,1996,7777.854,16.40166,Derived using data on central government tax revenue to GDP from AFRISTAT and the spliced GDP,47421.12
CPV,Cape Verde,1997,8353.7,15.97933,Derived using data on central government tax revenue to GDP from AFRISTAT and the spliced GDP,52278.15
CPV,Cape Verde,1998,9621.931,16.39674,Derived using data on central government tax revenue to GDP from AFRISTAT and the spliced GDP,58681.97
CPV,Cape Verde,1999,11801.23,16.79814,Derived using data on central government tax revenue to GDP from AFRISTAT and the spliced GDP,70253.2
CPV,Cape Verde,2000,12737.38,17.35397,Derived using data on central government tax revenue to GDP from AFRISTAT and the spliced GDP,73397.48
CPV,Cape Verde,2001,14507.56,18.16079,Derived using data on central government tax revenue to GDP from AFRISTAT and the spliced GDP,79883.98
CPV,Cape Verde,2002,17602.02,20.7537,Derived using data on central government tax revenue to GDP from AFRISTAT and the spliced GDP,84813.89
CPV,Cape Verde,2003,17820.69,18.98733,Derived using data on central government tax revenue to GDP from AFRISTAT and the spliced GDP,93855.67
CPV,Cape Verde,2004,19834.32,20.22257,Derived using data on central government tax revenue to GDP from AFRISTAT and the spliced GDP,98080.11
CPV,Cape Verde,2005,19586.86,18.78711,Derived using data on central government tax revenue to GDP from IMF_GFS and the spliced GDP,104256.9
CPV,Cape Verde,2006,24297.84,20.37257,Derived using data on central government tax revenue to GDP from IMF_GFS and the spliced GDP,119267.4
CPV,Cape Verde,2007,27802.71,20.90676,Derived using data on central government tax revenue to GDP from IMF_GFS and the spliced GDP,132984.3
CPV,Cape Verde,2008,31421.27,21.2838,Derived using data on central government tax revenue to GDP from IMF_GFS and the spliced GDP,147630
CPV,Cape Verde,2009,27309.04,18.42064,Derived using data on central government tax revenue to GDP from IMF_GFS and the spliced GDP,148252.4
CPV,Cape Verde,2010,28031.29,18.44614,Derived using data on central government tax revenue to GDP from IMF_GFS and the spliced GDP,151962.9
CPV,Cape Verde,2011,32016.45,19.73092,Derived using data on central government tax revenue to GDP from IMF_GFS and the spliced GDP,162265.3
CPV,Cape Verde,2012,29529.45,17.88198,Derived using data on central government tax revenue to GDP from IMF_GFS and the spliced GDP,165135.2
CPV,Cape Verde,2013,30067.56,17.83931,Derived using data on central government tax revenue to GDP from IMF_GFS and the spliced GDP,168546.7
CPV,Cape Verde,2014,28913.06,17.05276,Derived using data on central government tax revenue to GDP from IMF_GFS and the spliced GDP,169550.6
CPV,Cape Verde,2015,32657.12,18.77809,Derived using data on central government tax revenue to GDP from IMF_GFS and the spliced GDP,173910.8
CPV,Cape Verde,2016,34305.82,18.60382,Derived using data on central government tax revenue to GDP from IMF_GFS and the spliced GDP,184402.1
CPV,Cape Verde,2017,39228.46,20.08675,Derived using data on central government tax revenue to GDP from IMF_GFS and the spliced GDP,195295.2
CPV,Cape Verde,2018,40700,19.7586,Derived using data on central government tax revenue to GDP from AFRISTAT and the spliced GDP,205986.2
CPV,Cape Verde,2019,42000,18.93354,Derived using data on central government tax revenue to GDP from AFRISTAT and the spliced GDP,221828.6
CPV,Cape Verde,2020,32200,18.26227,Derived using data on central government tax revenue to GDP from AFRISTAT and the spliced GDP,176319.8
CPV,Cape Verde,2021,33500,17.51461,Derived using data on central government tax revenue to GDP from AFRISTAT and the spliced GDP,191268.9
CPV,Cape Verde,2022,45213.48,18.71597,Derived using data on central government tax revenue to GDP from AFRISTAT and the spliced GDP,241577
CPV,Cape Verde,2023,51423.42,19.49228,Derived using data on central government tax revenue to GDP from AFRISTAT and the spliced GDP,263814.3
CRI,Costa Rica,2002,797460,13.36811,Derived using data on central government tax revenue to GDP from IMF_GFS and the spliced GDP,5965392
CRI,Costa Rica,2003,935400,13.58495,Derived using data on central government tax revenue to GDP from IMF_GFS and the spliced GDP,6885560
CRI,Costa Rica,2004,1088771,13.35893,Derived using data on central government tax revenue to GDP from IMF_GFS and the spliced GDP,8150138
CRI,Costa Rica,2005,1305865,13.6354,Derived using data on central government tax revenue to GDP from IMF_GFS and the spliced GDP,9577022
CRI,Costa Rica,2006,1607477,13.84166,Derived using data on central government tax revenue to GDP from IMF_GFS and the spliced GDP,1.16e+07
CRI,Costa Rica,2007,2063423,14.85647,Derived using data on central government tax revenue to GDP from IMF_GFS and the spliced GDP,1.39e+07
CRI,Costa Rica,2008,2469034,15.23251,Derived using data on central government tax revenue to GDP from IMF_GFS and the spliced GDP,1.62e+07
CRI,Costa Rica,2009,2323668,13.18307,Derived using data on central government tax revenue to GDP from IMF_GFS and the spliced GDP,1.76e+07
CRI,Costa Rica,2010,2564864,12.95254,Derived using data on central government tax revenue to GDP from IMF_GFS and the spliced GDP,1.98e+07
CRI,Costa Rica,2011,2856249,13.20899,Derived using data on central government tax revenue to GDP from IMF_GFS and the spliced GDP,2.16e+07
CRI,Costa Rica,2012,3112884,13.1053,Derived using data on central government tax revenue to GDP from IMF_GFS and the spliced GDP,2.38e+07
CRI,Costa Rica,2013,3416320,13.41682,Derived using data on central government tax revenue to GDP from IMF_GFS and the spliced GDP,2.55e+07
CRI,Costa Rica,2014,3652938,13.04559,Derived using data on central government tax revenue to GDP from IMF_GFS and the spliced GDP,2.80e+07
CRI,Costa Rica,2015,3998984,13.25399,Derived using data on central government tax revenue to GDP from IMF_GFS and the spliced GDP,3.02e+07
CRI,Costa Rica,2016,4331079,13.51085,Derived using data on central government tax revenue to GDP from IMF_GFS and the spliced GDP,3.21e+07
CRI,Costa Rica,2017,4548508,13.2441,Derived using data on central government tax revenue to GDP from IMF_GFS and the spliced GDP,3.43e+07
CRI,Costa Rica,2018,4747514,13.18215,Derived using data on central government tax revenue to GDP from IMF_GFS and the spliced GDP,3.60e+07
CRI,Costa Rica,2019,5039293,13.32013,Derived using data on central government tax revenue to GDP from IMF_GFS and the spliced GDP,3.78e+07
CRI,Costa Rica,2020,4466299,12.23803,Derived using data on central government tax revenue to GDP from IMF_GFS and the spliced GDP,3.65e+07
CRI,Costa Rica,2021,5662094,14.04059,Derived using data on central government tax revenue to GDP from IMF_GFS and the spliced GDP,4.03e+07
CRI,Costa Rica,2022,6432119,14.35419,Derived using data on central government tax revenue to GDP from IMF_GFS and the spliced GDP,4.48e+07
CRI,Costa Rica,2023,6546665,13.91153,Derived using data on central government tax revenue to GDP from IMF_GFS and the spliced GDP,4.71e+07
CYP,Cyprus,1995,1512.625,19.7,Derived using data on central government tax revenue to GDP from EUS and the spliced GDP,7678.3
CYP,Cyprus,1996,1532.064,19.2,Derived using data on central government tax revenue to GDP from EUS and the spliced GDP,7979.5
CYP,Cyprus,1997,1557.453,18.6,Derived using data on central government tax revenue to GDP from EUS and the spliced GDP,8373.4
CYP,Cyprus,1998,1793.84,19.8,Derived using data on central government tax revenue to GDP from EUS and the spliced GDP,9059.8
CYP,Cyprus,1999,1985.246,20.4,Derived using data on central government tax revenue to GDP from EUS and the spliced GDP,9731.6
CYP,Cyprus,2000,2383.875,22.5,Derived using data on central government tax revenue to GDP from EUS and the spliced GDP,10595
CYP,Cyprus,2001,2603.053,22.8,Derived using data on central government tax revenue to GDP from EUS and the spliced GDP,11416.9
CYP,Cyprus,2002,2743.587,23.1,Derived using data on central government tax revenue to GDP from EUS and the spliced GDP,11877
CYP,Cyprus,2003,3082.872,24,Derived using data on central government tax revenue to GDP from EUS and the spliced GDP,12845.3
CYP,Cyprus,2004,3283.967,23.7,Derived using data on central government tax revenue to GDP from EUS and the spliced GDP,13856.4
CYP,Cyprus,2005,3690.753,24.9,Derived using data on central government tax revenue to GDP from EUS and the spliced GDP,14822.3
CYP,Cyprus,2006,4176,26.1,Derived using data on central government tax revenue to GDP from EUS and the spliced GDP,16000
CYP,Cyprus,2007,5306.015,30.3,Derived using data on central government tax revenue to GDP from EUS and the spliced GDP,17511.6
CYP,Cyprus,2008,5436.717,28.6,Derived using data on central government tax revenue to GDP from EUS and the spliced GDP,19009.5
CYP,Cyprus,2009,4724.901,25.3,Derived using data on central government tax revenue to GDP from EUS and the spliced GDP,18675.5
CYP,Cyprus,2010,4865.275,25,Derived using data on central government tax revenue to GDP from EUS and the spliced GDP,19461.1
CYP,Cyprus,2011,5004.241,25.2,Derived using data on central government tax revenue to GDP from EUS and the spliced GDP,19858.1
CYP,Cyprus,2012,5029.813,25.8,Derived using data on central government tax revenue to GDP from EUS and the spliced GDP,19495.4
CYP,Cyprus,2013,4762.639,26.4,Derived using data on central government tax revenue to GDP from EUS and the spliced GDP,18040.3
CYP,Cyprus,2014,4737.839,27.1,Derived using data on central government tax revenue to GDP from EUS and the spliced GDP,17482.8
CYP,Cyprus,2015,4719.324,26.3,Derived using data on central government tax revenue to GDP from EUS and the spliced GDP,17944.2
CYP,Cyprus,2016,4848.519,25.5,Derived using data on central government tax revenue to GDP from EUS and the spliced GDP,19013.8
CYP,Cyprus,2017,5220.287,25.7,Derived using data on central government tax revenue to GDP from EUS and the spliced GDP,20312.4
CYP,Cyprus,2018,5582.797,25.6,Derived using data on central government tax revenue to GDP from EUS and the spliced GDP,21807.8
CYP,Cyprus,2019,5803.423,24.8,Derived using data on central government tax revenue to GDP from EUS and the spliced GDP,23400.9
CYP,Cyprus,2020,5347.29,23.9,Derived using data on central government tax revenue to GDP from EUS and the spliced GDP,22373.6
CYP,Cyprus,2021,6214.536,24.2,Derived using data on central government tax revenue to GDP from EUS and the spliced GDP,25679.9
CYP,Cyprus,2022,7233.478,24.4,Derived using data on central government tax revenue to GDP from EUS and the spliced GDP,29645.4
CYP,Cyprus,2023,8401.753,25.9,Derived using data on central government tax revenue to GDP from EUS and the spliced GDP,32439.2
CYP,Cyprus,2024,8866.4,25.5,Derived using data on central government tax revenue to GDP from EUS and the spliced GDP,34770.2
CZE,Czech Republic,1995,467432.7,29.1,Derived using data on central government tax revenue to GDP from EUS and the spliced GDP,1606298
CZE,Czech Republic,1996,509421.6,27.7,Derived using data on central government tax revenue to GDP from EUS and the spliced GDP,1839067
CZE,Czech Republic,1997,552520.4,27.9,Derived using data on central government tax revenue to GDP from EUS and the spliced GDP,1980360
CZE,Czech Republic,1998,580699.7,26.8,Derived using data on central government tax revenue to GDP from EUS and the spliced GDP,2166790
CZE,Czech Republic,1999,613013.4,27.1,Derived using data on central government tax revenue to GDP from EUS and the spliced GDP,2262042
CZE,Czech Republic,2000,645867.9,26.9,Derived using data on central government tax revenue to GDP from EUS and the spliced GDP,2400996
CZE,Czech Republic,2001,700006.9,27,Derived using data on central government tax revenue to GDP from EUS and the spliced GDP,2592618
CZE,Czech Republic,2002,748954.8,27.7,Derived using data on central government tax revenue to GDP from EUS and the spliced GDP,2703808
CZE,Czech Republic,2003,801596.4,28.3,Derived using data on central government tax revenue to GDP from EUS and the spliced GDP,2832496
CZE,Czech Republic,2004,890939.9,28.9,Derived using data on central government tax revenue to GDP from EUS and the spliced GDP,3082837
CZE,Czech Republic,2005,942910.4,28.7,Derived using data on central government tax revenue to GDP from EUS and the spliced GDP,3285402
CZE,Czech Republic,2006,1003077,28.4,Derived using data on central government tax revenue to GDP from EUS and the spliced GDP,3531962
CZE,Czech Republic,2007,1114986,28.9,Derived using data on central government tax revenue to GDP from EUS and the spliced GDP,3858082
CZE,Czech Republic,2008,1125461,27.9,Derived using data on central government tax revenue to GDP from EUS and the spliced GDP,4033909
CZE,Czech Republic,2009,1057793,26.8,Derived using data on central government tax revenue to GDP from EUS and the spliced GDP,3946989
CZE,Czech Republic,2010,1075793,26.7,Derived using data on central government tax revenue to GDP from EUS and the spliced GDP,4029188
CZE,Czech Republic,2011,1137466,27.8,Derived using data on central government tax revenue to GDP from EUS and the spliced GDP,4091604
CZE,Czech Republic,2012,1165155,28.3,Derived using data on central government tax revenue to GDP from EUS and the spliced GDP,4117155
CZE,Czech Republic,2013,1196262,28.7,Derived using data on central government tax revenue to GDP from EUS and the spliced GDP,4168159
CZE,Czech Republic,2014,1221186,27.9,Derived using data on central government tax revenue to GDP from EUS and the spliced GDP,4377010
CZE,Czech Republic,2015,1312378,28.2,Derived using data on central government tax revenue to GDP from EUS and the spliced GDP,4653823
CZE,Czech Republic,2016,1389402,28.7,Derived using data on central government tax revenue to GDP from EUS and the spliced GDP,4841122
CZE,Czech Republic,2017,1503746,29,Derived using data on central government tax revenue to GDP from EUS and the spliced GDP,5185332
CZE,Czech Republic,2018,1611498,29.4,Derived using data on central government tax revenue to GDP from EUS and the spliced GDP,5481286
CZE,Czech Republic,2019,1726185,29.3,Derived using data on central government tax revenue to GDP from EUS and the spliced GDP,5891418
CZE,Czech Republic,2020,1667372,28.6,Derived using data on central government tax revenue to GDP from EUS and the spliced GDP,5829971
CZE,Czech Republic,2021,1759391,27.9,Derived using data on central government tax revenue to GDP from EUS and the spliced GDP,6306061
CZE,Czech Republic,2022,1931280,27.4,Derived using data on central government tax revenue to GDP from EUS and the spliced GDP,7048467
CZE,Czech Republic,2023,2089681,27.4,Derived using data on central government tax revenue to GDP from EUS and the spliced GDP,7626573
CZE,Czech Republic,2024,2263412,28.2,Derived using data on central government tax revenue to GDP from EUS and the spliced GDP,8026285
DEU,Germany,1872,4.52e-11,.5569147,Derived using data on central government tax revenue to GDP from Mitchell and the spliced GDP,8.11e-09
DEU,Germany,1873,7.05e-11,.8027998,Derived using data on central government tax revenue to GDP from Mitchell and the spliced GDP,8.79e-09
DEU,Germany,1874,6.13e-11,.6784499,Derived using data on central government tax revenue to GDP from Mitchell and the spliced GDP,9.04e-09
DEU,Germany,1875,6.50e-11,.7298771,Derived using data on central government tax revenue to GDP from Mitchell and the spliced GDP,8.90e-09
DEU,Germany,1876,8.24e-11,.9057763,Derived using data on central government tax revenue to GDP from Mitchell and the spliced GDP,9.10e-09
DEU,Germany,1877,6.62e-11,.733117,Derived using data on central government tax revenue to GDP from Mitchell and the spliced GDP,9.04e-09
DEU,Germany,1878,6.46e-11,.7081188,Derived using data on central government tax revenue to GDP from Mitchell and the spliced GDP,9.12e-09
DEU,Germany,1879,8.04e-11,.8837394,Derived using data on central government tax revenue to GDP from Mitchell and the spliced GDP,9.10e-09
DEU,Germany,1880,8.43e-11,.9109282,Derived using data on central government tax revenue to GDP from Mitchell and the spliced GDP,9.26e-09
DEU,Germany,1881,1.03e-10,1.09394,Derived using data on central government tax revenue to GDP from Mitchell and the spliced GDP,9.44e-09
DEU,Germany,1882,1.02e-10,1.052665,Derived using data on central government tax revenue to GDP from Mitchell and the spliced GDP,9.67e-09
DEU,Germany,1883,9.69e-11,.9946116,Derived using data on central government tax revenue to GDP from Mitchell and the spliced GDP,9.74e-09
DEU,Germany,1884,1.03e-10,1.022545,Derived using data on central government tax revenue to GDP from Mitchell and the spliced GDP,1.01e-08
DEU,Germany,1885,1.01e-10,.9916414,Derived using data on central government tax revenue to GDP from Mitchell and the spliced GDP,1.02e-08
DEU,Germany,1886,1.05e-10,1.021469,Derived using data on central government tax revenue to GDP from Mitchell and the spliced GDP,1.03e-08
DEU,Germany,1887,1.15e-10,1.085606,Derived using data on central government tax revenue to GDP from Mitchell and the spliced GDP,1.06e-08
DEU,Germany,1888,1.37e-10,1.232526,Derived using data on central government tax revenue to GDP from Mitchell and the spliced GDP,1.11e-08
DEU,Germany,1889,1.66e-10,1.411404,Derived using data on central government tax revenue to GDP from Mitchell and the spliced GDP,1.17e-08
DEU,Germany,1890,1.77e-10,1.446397,Derived using data on central government tax revenue to GDP from Mitchell and the spliced GDP,1.22e-08
DEU,Germany,1891,1.94e-10,1.552403,Derived using data on central government tax revenue to GDP from Mitchell and the spliced GDP,1.25e-08
DEU,Germany,1892,1.78e-10,1.411867,Derived using data on central government tax revenue to GDP from Mitchell and the spliced GDP,1.26e-08
DEU,Germany,1893,1.73e-10,1.365466,Derived using data on central government tax revenue to GDP from Mitchell and the spliced GDP,1.27e-08
DEU,Germany,1894,1.86e-10,1.443962,Derived using data on central government tax revenue to GDP from Mitchell and the spliced GDP,1.29e-08
DEU,Germany,1895,1.96e-10,1.453652,Derived using data on central government tax revenue to GDP from Mitchell and the spliced GDP,1.35e-08
DEU,Germany,1896,2.10e-10,1.486624,Derived using data on central government tax revenue to GDP from Mitchell and the spliced GDP,1.41e-08
DEU,Germany,1897,2.07e-10,1.398705,Derived using data on central government tax revenue to GDP from Mitchell and the spliced GDP,1.48e-08
DEU,Germany,1898,2.33e-10,1.492207,Derived using data on central government tax revenue to GDP from Mitchell and the spliced GDP,1.56e-08
DEU,Germany,1899,2.17e-10,1.355952,Derived using data on central government tax revenue to GDP from Mitchell and the spliced GDP,1.60e-08
DEU,Germany,1900,2.27e-10,1.362704,Derived using data on central government tax revenue to GDP from Mitchell and the spliced GDP,1.66e-08
DEU,Germany,1901,2.37e-10,1.41585,Derived using data on central government tax revenue to GDP from Mitchell and the spliced GDP,1.68e-08
DEU,Germany,1902,2.42e-10,1.403775,Derived using data on central government tax revenue to GDP from Mitchell and the spliced GDP,1.73e-08
DEU,Germany,1903,2.34e-10,1.304416,Derived using data on central government tax revenue to GDP from Mitchell and the spliced GDP,1.79e-08
DEU,Germany,1904,2.34e-10,1.260919,Derived using data on central government tax revenue to GDP from Mitchell and the spliced GDP,1.86e-08
DEU,Germany,1905,2.70e-10,1.34168,Derived using data on central government tax revenue to GDP from Mitchell and the spliced GDP,2.01e-08
DEU,Germany,1906,2.68e-10,1.256452,Derived using data on central government tax revenue to GDP from Mitchell and the spliced GDP,2.13e-08
DEU,Germany,1907,2.98e-10,1.360362,Derived using data on central government tax revenue to GDP from Mitchell and the spliced GDP,2.19e-08
DEU,Germany,1908,2.81e-10,1.229043,Derived using data on central government tax revenue to GDP from Mitchell and the spliced GDP,2.29e-08
DEU,Germany,1909,3.31e-10,1.388386,Derived using data on central government tax revenue to GDP from Mitchell and the spliced GDP,2.39e-08
DEU,Germany,1910,3.65e-10,1.449228,Derived using data on central government tax revenue to GDP from Mitchell and the spliced GDP,2.52e-08
DEU,Germany,1911,4.10e-10,1.559266,Derived using data on central government tax revenue to GDP from Mitchell and the spliced GDP,2.63e-08
DEU,Germany,1912,3.90e-10,1.429223,Derived using data on central government tax revenue to GDP from Mitchell and the spliced GDP,2.73e-08
DEU,Germany,1913,4.02e-10,1.399052,Derived using data on central government tax revenue to GDP from Mitchell and the spliced GDP,2.87e-08
DEU,Germany,1914,,,Derived using data on central government tax revenue to GDP from Mitchell and the spliced GDP,2.72e-08
DEU,Germany,1915,,,Derived using data on central government tax revenue to GDP from Mitchell and the spliced GDP,3.14e-08
DEU,Germany,1916,,,Derived using data on central government tax revenue to GDP from Mitchell and the spliced GDP,3.94e-08
DEU,Germany,1917,,,Derived using data on central government tax revenue to GDP from Mitchell and the spliced GDP,5.77e-08
DEU,Germany,1918,,,Derived using data on central government tax revenue to GDP from Mitchell and the spliced GDP,6.91e-08
DEU,Germany,1919,,,Derived using data on central government tax revenue to GDP from Mitchell and the spliced GDP,8.16e-08
DEU,Germany,1920,,,Derived using data on central government tax revenue to GDP from Mitchell and the spliced GDP,2.24e-07
DEU,Germany,1921,,,Derived using data on central government tax revenue to GDP from Mitchell and the spliced GDP,3.11e-07
DEU,Germany,1922,,,Derived using data on central government tax revenue to GDP from Mitchell and the spliced GDP,3.71e-06
DEU,Germany,1923,,,Derived using data on central government tax revenue to GDP from Mitchell and the spliced GDP,3409.075
DEU,Germany,1924,,,Derived using data on central government tax revenue to GDP from Mitchell and the spliced GDP,31494.72
DEU,Germany,1925,1748.991,4.73345,Derived using data on central government tax revenue to GDP from Mitchell and the spliced GDP,36949.6
DEU,Germany,1926,1910.131,4.997814,Derived using data on central government tax revenue to GDP from Mitchell and the spliced GDP,38219.34
DEU,Germany,1927,2071.332,4.820315,Derived using data on central government tax revenue to GDP from Mitchell and the spliced GDP,42970.88
DEU,Germany,1928,2275.173,4.955567,Derived using data on central government tax revenue to GDP from Mitchell and the spliced GDP,45911.46
DEU,Germany,1929,2373.338,5.16687,Derived using data on central government tax revenue to GDP from Mitchell and the spliced GDP,45933.77
DEU,Germany,1930,2356.282,5.543078,Derived using data on central government tax revenue to GDP from Mitchell and the spliced GDP,42508.54
DEU,Germany,1931,2029.135,5.832009,Derived using data on central government tax revenue to GDP from Mitchell and the spliced GDP,34793.06
DEU,Germany,1932,1683.052,5.839342,Derived using data on central government tax revenue to GDP from Mitchell and the spliced GDP,28822.64
DEU,Germany,1933,1660.012,5.607177,Derived using data on central government tax revenue to GDP from Mitchell and the spliced GDP,29605.13
DEU,Germany,1934,1965.57,5.942766,Derived using data on central government tax revenue to GDP from Mitchell and the spliced GDP,33075
DEU,Germany,1935,2415.061,6.536371,Derived using data on central government tax revenue to GDP from Mitchell and the spliced GDP,36948.04
DEU,Germany,1936,2934.961,7.144228,Derived using data on central government tax revenue to GDP from Mitchell and the spliced GDP,41081.57
DEU,Germany,1937,3585.434,7.797028,Derived using data on central government tax revenue to GDP from Mitchell and the spliced GDP,45984.63
DEU,Germany,1938,4517.866,8.819033,Derived using data on central government tax revenue to GDP from Mitchell and the spliced GDP,51228.59
DEU,Germany,1939,,,Derived using data on central government tax revenue to GDP from Mitchell and the spliced GDP,61872.2
DEU,Germany,1940,,,Derived using data on central government tax revenue to GDP from Mitchell and the spliced GDP,69448.62
DEU,Germany,1941,,,Derived using data on central government tax revenue to GDP from Mitchell and the spliced GDP,75762.03
DEU,Germany,1942,,,Derived using data on central government tax revenue to GDP from Mitchell and the spliced GDP,78918.48
DEU,Germany,1943,,,Derived using data on central government tax revenue to GDP from Mitchell and the spliced GDP,85231.9
DEU,Germany,1944,,,Derived using data on central government tax revenue to GDP from Mitchell and the spliced GDP,82075.45
DEU,Germany,1945,,,Derived using data on central government tax revenue to GDP from Mitchell and the spliced GDP,54022.07
DEU,Germany,1946,,,Derived using data on central government tax revenue to GDP from Mitchell and the spliced GDP,25968.71
DEU,Germany,1947,,,Derived using data on central government tax revenue to GDP from Mitchell and the spliced GDP,32701.61
DEU,Germany,1948,,,Derived using data on central government tax revenue to GDP from Mitchell and the spliced GDP,44938.98
DEU,Germany,1949,,,Derived using data on central government tax revenue to GDP from Mitchell and the spliced GDP,57533.59
DEU,Germany,1950,4803.355,7.67534,Derived using data on central government tax revenue to GDP from Mitchell and the spliced GDP,62581.67
DEU,Germany,1951,6865.896,8.978496,Derived using data on central government tax revenue to GDP from Mitchell and the spliced GDP,76470.45
DEU,Germany,1952,8621.869,9.870589,Derived using data on central government tax revenue to GDP from Mitchell and the spliced GDP,87349.09
DEU,Germany,1953,9291.534,9.87744,Derived using data on central government tax revenue to GDP from Mitchell and the spliced GDP,94068.24
DEU,Germany,1954,9513.938,9.397841,Derived using data on central government tax revenue to GDP from Mitchell and the spliced GDP,101235.4
DEU,Germany,1955,10507.09,9.081521,Derived using data on central government tax revenue to GDP from Mitchell and the spliced GDP,115697.5
DEU,Germany,1956,11816.03,9.27882,Derived using data on central government tax revenue to GDP from Mitchell and the spliced GDP,127344.1
DEU,Germany,1957,12786.35,9.23344,Derived using data on central government tax revenue to GDP from Mitchell and the spliced GDP,138478.7
DEU,Germany,1958,13370.34,9.037097,Derived using data on central government tax revenue to GDP from Mitchell and the spliced GDP,147949.5
DEU,Germany,1959,14795.94,9.233845,Derived using data on central government tax revenue to GDP from Mitchell and the spliced GDP,160236
DEU,Germany,1960,17972.93,9.858604,Derived using data on central government tax revenue to GDP from Mitchell and the spliced GDP,182307
DEU,Germany,1961,19576.95,9.799629,Derived using data on central government tax revenue to GDP from Mitchell and the spliced GDP,199772.3
DEU,Germany,1962,21561.56,9.923411,Derived using data on central government tax revenue to GDP from Mitchell and the spliced GDP,217279.7
DEU,Germany,1963,23082.57,10.0236,Derived using data on central government tax revenue to GDP from Mitchell and the spliced GDP,230282.3
DEU,Germany,1964,25342.24,10.01459,Derived using data on central government tax revenue to GDP from Mitchell and the spliced GDP,253053.3
DEU,Germany,1965,27180.32,9.828887,Derived using data on central government tax revenue to GDP from Mitchell and the spliced GDP,276535.1
DEU,Germany,1966,28807.17,9.797143,Derived using data on central government tax revenue to GDP from Mitchell and the spliced GDP,294036.5
DEU,Germany,1967,29309.9,9.844713,Derived using data on central government tax revenue to GDP from Mitchell and the spliced GDP,297722.2
DEU,Germany,1968,31050.32,9.667943,Derived using data on central government tax revenue to GDP from Mitchell and the spliced GDP,321167.8
DEU,Germany,1969,38043.95,10.58208,Derived using data on central government tax revenue to GDP from Mitchell and the spliced GDP,359513.1
DEU,Germany,1970,40268.38,9.901265,Derived using data on central government tax revenue to GDP from Mitchell and the spliced GDP,406699.4
DEU,Germany,1971,45350.09,10.04639,Derived using data on central government tax revenue to GDP from Mitchell and the spliced GDP,451407
DEU,Germany,1972,50528.76,10.26682,Derived using data on central government tax revenue to GDP from Mitchell and the spliced GDP,492155.9
DEU,Germany,1973,59675.61,10.88667,Derived using data on central government tax revenue to GDP from Mitchell and the spliced GDP,548153.2
DEU,Germany,1974,64154.34,10.81374,Derived using data on central government tax revenue to GDP from Mitchell and the spliced GDP,593266.8
DEU,Germany,1975,65481.69,10.53689,Derived using data on central government tax revenue to GDP from Mitchell and the spliced GDP,621451.6
DEU,Germany,1976,71761.53,10.65071,Derived using data on central government tax revenue to GDP from Mitchell and the spliced GDP,673772.1
DEU,Germany,1977,80182.27,11.16876,Derived using data on central government tax revenue to GDP from Mitchell and the spliced GDP,717915.8
DEU,Germany,1978,89136.3,11.6406,Derived using data on central government tax revenue to GDP from Mitchell and the spliced GDP,765736.2
DEU,Germany,1979,93130.55,11.19848,Derived using data on central government tax revenue to GDP from Mitchell and the spliced GDP,831635.9
DEU,Germany,1980,101112.6,11.36959,Derived using data on central government tax revenue to GDP from Mitchell and the spliced GDP,889325.1
DEU,Germany,1981,104089.8,11.17611,Derived using data on central government tax revenue to GDP from Mitchell and the spliced GDP,931359.6
DEU,Germany,1982,106952.3,11.02397,Derived using data on central government tax revenue to GDP from Mitchell and the spliced GDP,970179.9
DEU,Germany,1983,111819,11.03725,Derived using data on central government tax revenue to GDP from Mitchell and the spliced GDP,1013106
DEU,Germany,1984,116225,10.93958,Derived using data on central government tax revenue to GDP from Mitchell and the spliced GDP,1062426
DEU,Germany,1985,122898.8,11.06939,Derived using data on central government tax revenue to GDP from Mitchell and the spliced GDP,1110258
DEU,Germany,1986,124838.4,10.67252,Derived using data on central government tax revenue to GDP from Mitchell and the spliced GDP,1169718
DEU,Germany,1987,129506.6,10.78056,Derived using data on central government tax revenue to GDP from Mitchell and the spliced GDP,1201297
DEU,Germany,1988,135998.8,10.73483,Derived using data on central government tax revenue to GDP from Mitchell and the spliced GDP,1266892
DEU,Germany,1989,151791.2,11.2093,Derived using data on central government tax revenue to GDP from Mitchell and the spliced GDP,1354153
DEU,Germany,1990,153085.2,10.38762,Derived using data on central government tax revenue to GDP from Mitchell and the spliced GDP,1473727
DEU,Germany,1991,187542.6,11.74492,Derived using data on central government tax revenue to GDP from Mitchell and the spliced GDP,1596797
DEU,Germany,1992,211045.1,12.35342,Derived using data on central government tax revenue to GDP from Mitchell and the spliced GDP,1708394
DEU,Germany,1993,206695,11.7736,Derived using data on central government tax revenue to GDP from Mitchell and the spliced GDP,1755581
DEU,Germany,1994,220222.4,11.98563,Derived using data on central government tax revenue to GDP from IMF_GFS and the spliced GDP,1837387
DEU,Germany,1995,224267.6,11.8,Derived using data on central government tax revenue to GDP from EUS and the spliced GDP,1900573
DEU,Germany,1996,218061.4,11.3,Derived using data on central government tax revenue to GDP from EUS and the spliced GDP,1929747
DEU,Germany,1997,218655,11.1,Derived using data on central government tax revenue to GDP from EUS and the spliced GDP,1969865
DEU,Germany,1998,226316.3,11.2,Derived using data on central government tax revenue to GDP from EUS and the spliced GDP,2020681
DEU,Germany,1999,244594.9,11.8,Derived using data on central government tax revenue to GDP from EUS and the spliced GDP,2072838
DEU,Germany,2000,253456.3,11.9,Derived using data on central government tax revenue to GDP from EUS and the spliced GDP,2129885
DEU,Germany,2001,246213.3,11.2,Derived using data on central government tax revenue to GDP from EUS and the spliced GDP,2198333
DEU,Germany,2002,247202.1,11.1,Derived using data on central government tax revenue to GDP from EUS and the spliced GDP,2227046
DEU,Germany,2003,253608.3,11.3,Derived using data on central government tax revenue to GDP from EUS and the spliced GDP,2244321
DEU,Germany,2004,244597.9,10.7,Derived using data on central government tax revenue to GDP from EUS and the spliced GDP,2285962
DEU,Germany,2005,255473.5,11,Derived using data on central government tax revenue to GDP from EUS and the spliced GDP,2322486
DEU,Germany,2006,271828.3,11.2,Derived using data on central government tax revenue to GDP from EUS and the spliced GDP,2427038
DEU,Germany,2007,297838.3,11.7,Derived using data on central government tax revenue to GDP from EUS and the spliced GDP,2545626
DEU,Germany,2008,307778.5,11.9,Derived using data on central government tax revenue to GDP from EUS and the spliced GDP,2586374
DEU,Germany,2009,301643.3,12.1,Derived using data on central government tax revenue to GDP from EUS and the spliced GDP,2492920
DEU,Germany,2010,302831.1,11.6,Derived using data on central government tax revenue to GDP from EUS and the spliced GDP,2610613
DEU,Germany,2011,329285.8,12,Derived using data on central government tax revenue to GDP from EUS and the spliced GDP,2744048
DEU,Germany,2012,341798.8,12.2,Derived using data on central government tax revenue to GDP from EUS and the spliced GDP,2801630
DEU,Germany,2013,353259.9,12.3,Derived using data on central government tax revenue to GDP from EUS and the spliced GDP,2872032
DEU,Germany,2014,367749.8,12.3,Derived using data on central government tax revenue to GDP from EUS and the spliced GDP,2989836
DEU,Germany,2015,376113.4,12.2,Derived using data on central government tax revenue to GDP from EUS and the spliced GDP,3082897
DEU,Germany,2016,386097.2,12.1,Derived using data on central government tax revenue to GDP from EUS and the spliced GDP,3190886
DEU,Germany,2017,406903.2,12.2,Derived using data on central government tax revenue to GDP from EUS and the spliced GDP,3335272
DEU,Germany,2018,419180.3,12.2,Derived using data on central government tax revenue to GDP from EUS and the spliced GDP,3435904
DEU,Germany,2019,428460.5,12.1,Derived using data on central government tax revenue to GDP from EUS and the spliced GDP,3540996
DEU,Germany,2020,392461.4,11.4,Derived using data on central government tax revenue to GDP from EUS and the spliced GDP,3442644
DEU,Germany,2021,429074.8,11.7,Derived using data on central government tax revenue to GDP from EUS and the spliced GDP,3667306
DEU,Germany,2022,453935,11.5,Derived using data on central government tax revenue to GDP from EUS and the spliced GDP,3947261
DEU,Germany,2023,456396.5,10.9,Derived using data on central government tax revenue to GDP from EUS and the spliced GDP,4187124
DEU,Germany,2024,479947.2,11.1,Derived using data on central government tax revenue to GDP from EUS and the spliced GDP,4323849
DJI,Djibouti,2005,30700,24.37688,Derived using data on central government tax revenue to GDP from AFRISTAT and the spliced GDP,125939
DJI,Djibouti,2006,32590.22,23.85744,Derived using data on central government tax revenue to GDP from AFRISTAT and the spliced GDP,136604
DJI,Djibouti,2007,30900,20.50527,Derived using data on central government tax revenue to GDP from AFRISTAT and the spliced GDP,150693
DJI,Djibouti,2008,34197.74,19.71142,Derived using data on central government tax revenue to GDP from AFRISTAT and the spliced GDP,173492
DJI,Djibouti,2009,38997.09,20.0591,Derived using data on central government tax revenue to GDP from AFRISTAT and the spliced GDP,194410.9
DJI,Djibouti,2010,44738.38,20.2415,Derived using data on central government tax revenue to GDP from AFRISTAT and the spliced GDP,221023
DJI,Djibouti,2011,63119.46,24.42989,Derived using data on central government tax revenue to GDP from AFRISTAT and the spliced GDP,258369.8
DJI,Djibouti,2012,60592.23,19.99426,Derived using data on central government tax revenue to GDP from AFRISTAT and the spliced GDP,303048.1
DJI,Djibouti,2013,55056.25,15.16486,Derived using data on central government tax revenue to GDP from AFRISTAT and the spliced GDP,363051.5
DJI,Djibouti,2014,55189.44,14.01227,Derived using data on central government tax revenue to GDP from AFRISTAT and the spliced GDP,393865
DJI,Djibouti,2015,65599.95,15.22517,Derived using data on central government tax revenue to GDP from AFRISTAT and the spliced GDP,430865
DJI,Djibouti,2016,64899.96,14.01863,Derived using data on central government tax revenue to GDP from AFRISTAT and the spliced GDP,462955
DJI,Djibouti,2017,66200.04,13.48355,Derived using data on central government tax revenue to GDP from AFRISTAT and the spliced GDP,490969
DJI,Djibouti,2018,70900.02,13.69297,Derived using data on central government tax revenue to GDP from AFRISTAT and the spliced GDP,517784
DJI,Djibouti,2019,71300.03,12.98834,Derived using data on central government tax revenue to GDP from AFRISTAT and the spliced GDP,548954
DJI,Djibouti,2020,66674.13,11.79357,Derived using data on central government tax revenue to GDP from AFRISTAT and the spliced GDP,565343
DJI,Djibouti,2021,71947.98,11.95745,Derived using data on central government tax revenue to GDP from AFRISTAT and the spliced GDP,601700
DJI,Djibouti,2022,76120.92,11.65532,Derived using data on central government tax revenue to GDP from AFRISTAT and the spliced GDP,653100
DNK,Denmark,1853,18.66579,4.176904,Derived using data on central government tax revenue to GDP from Mitchell and the spliced GDP,446.881
DNK,Denmark,1854,18.64388,3.99061,Derived using data on central government tax revenue to GDP from Mitchell and the spliced GDP,467.1938
DNK,Denmark,1855,20.87581,4.051173,Derived using data on central government tax revenue to GDP from Mitchell and the spliced GDP,515.3029
DNK,Denmark,1856,21.96338,4.184101,Derived using data on central government tax revenue to GDP from Mitchell and the spliced GDP,524.9247
DNK,Denmark,1857,21.90337,4.065041,Derived using data on central government tax revenue to GDP from Mitchell and the spliced GDP,538.823
DNK,Denmark,1858,18.57403,3.736264,Derived using data on central government tax revenue to GDP from Mitchell and the spliced GDP,497.1284
DNK,Denmark,1859,18.60268,3.640257,Derived using data on central government tax revenue to GDP from Mitchell and the spliced GDP,511.0266
DNK,Denmark,1860,18.60545,3.663793,Derived using data on central government tax revenue to GDP from Mitchell and the spliced GDP,507.8193
DNK,Denmark,1861,19.66704,3.6,Derived using data on central government tax revenue to GDP from Mitchell and the spliced GDP,546.3067
DNK,Denmark,1862,19.71304,3.658537,Derived using data on central government tax revenue to GDP from Mitchell and the spliced GDP,538.823
DNK,Denmark,1863,20.84624,3.838384,Derived using data on central government tax revenue to GDP from Mitchell and the spliced GDP,543.0994
DNK,Denmark,1864,23.0289,4.158416,Derived using data on central government tax revenue to GDP from Mitchell and the spliced GDP,553.7903
DNK,Denmark,1865,26.41683,4.173913,Derived using data on central government tax revenue to GDP from Mitchell and the spliced GDP,632.9032
DNK,Denmark,1866,24.1966,3.722504,Derived using data on central government tax revenue to GDP from Mitchell and the spliced GDP,650.0087
DNK,Denmark,1867,26.34624,3.785489,Derived using data on central government tax revenue to GDP from Mitchell and the spliced GDP,695.9797
DNK,Denmark,1868,29.66242,4.141104,Derived using data on central government tax revenue to GDP from Mitchell and the spliced GDP,716.2925
DNK,Denmark,1869,26.37875,3.74415,Derived using data on central government tax revenue to GDP from Mitchell and the spliced GDP,704.5325
DNK,Denmark,1870,29.64217,4.035874,Derived using data on central government tax revenue to GDP from Mitchell and the spliced GDP,734.467
DNK,Denmark,1871,31.86366,4.233577,Derived using data on central government tax revenue to GDP from Mitchell and the spliced GDP,752.6417
DNK,Denmark,1872,30.84675,3.878116,Derived using data on central government tax revenue to GDP from Mitchell and the spliced GDP,795.4054
DNK,Denmark,1873,31.87705,3.713188,Derived using data on central government tax revenue to GDP from Mitchell and the spliced GDP,858.4819
DNK,Denmark,1874,33.06392,3.708282,Derived using data on central government tax revenue to GDP from Mitchell and the spliced GDP,891.6238
DNK,Denmark,1875,36.45899,4.084158,Derived using data on central government tax revenue to GDP from Mitchell and the spliced GDP,892.6929
DNK,Denmark,1876,35.28008,3.846154,Derived using data on central government tax revenue to GDP from Mitchell and the spliced GDP,917.282
DNK,Denmark,1877,34.21375,4.010349,Derived using data on central government tax revenue to GDP from Mitchell and the spliced GDP,853.1364
DNK,Denmark,1878,34.19124,4.08971,Derived using data on central government tax revenue to GDP from Mitchell and the spliced GDP,836.0309
DNK,Denmark,1879,35.3829,4.216074,Derived using data on central government tax revenue to GDP from Mitchell and the spliced GDP,839.2382
DNK,Denmark,1880,36.37208,3.928571,Derived using data on central government tax revenue to GDP from Mitchell and the spliced GDP,925.8347
DNK,Denmark,1881,38.66702,4.171633,Derived using data on central government tax revenue to GDP from Mitchell and the spliced GDP,926.9038
DNK,Denmark,1882,39.80046,4.235294,Derived using data on central government tax revenue to GDP from Mitchell and the spliced GDP,939.733
DNK,Denmark,1883,40.92361,4.262673,Derived using data on central government tax revenue to GDP from Mitchell and the spliced GDP,960.0457
DNK,Denmark,1884,42.07819,4.529202,Derived using data on central government tax revenue to GDP from Mitchell and the spliced GDP,929.0421
DNK,Denmark,1885,41.00364,4.512195,Derived using data on central government tax revenue to GDP from Mitchell and the spliced GDP,908.7292
DNK,Denmark,1886,39.85016,4.395605,Derived using data on central government tax revenue to GDP from Mitchell and the spliced GDP,906.5911
DNK,Denmark,1887,40.99139,4.474002,Derived using data on central government tax revenue to GDP from Mitchell and the spliced GDP,916.213
DNK,Denmark,1888,43.28112,4.637337,Derived using data on central government tax revenue to GDP from Mitchell and the spliced GDP,933.3184
DNK,Denmark,1889,43.19041,4.372197,Derived using data on central government tax revenue to GDP from Mitchell and the spliced GDP,987.8422
DNK,Denmark,1890,43.07726,4.041451,Derived using data on central government tax revenue to GDP from Mitchell and the spliced GDP,1065.886
DNK,Denmark,1891,44.16373,3.968254,Derived using data on central government tax revenue to GDP from Mitchell and the spliced GDP,1112.926
DNK,Denmark,1892,45.22849,4.079602,Derived using data on central government tax revenue to GDP from Mitchell and the spliced GDP,1108.65
DNK,Denmark,1893,46.42858,4.2,Derived using data on central government tax revenue to GDP from Mitchell and the spliced GDP,1105.442
DNK,Denmark,1894,46.444,4.242424,Derived using data on central government tax revenue to GDP from Mitchell and the spliced GDP,1094.751
DNK,Denmark,1895,50.92958,4.427334,Derived using data on central government tax revenue to GDP from Mitchell and the spliced GDP,1150.344
DNK,Denmark,1896,52.0504,4.438149,Derived using data on central government tax revenue to GDP from Mitchell and the spliced GDP,1172.795
DNK,Denmark,1897,55.50124,4.557885,Derived using data on central government tax revenue to GDP from Mitchell and the spliced GDP,1217.697
DNK,Denmark,1898,57.75506,4.494382,Derived using data on central government tax revenue to GDP from Mitchell and the spliced GDP,1285.05
DNK,Denmark,1899,59.96058,4.43714,Derived using data on central government tax revenue to GDP from Mitchell and the spliced GDP,1351.334
DNK,Denmark,1900,59.73983,4.08472,Derived using data on central government tax revenue to GDP from Mitchell and the spliced GDP,1462.52
DNK,Denmark,1901,58.60299,3.862974,Derived using data on central government tax revenue to GDP from Mitchell and the spliced GDP,1517.043
DNK,Denmark,1902,61.97065,4.011461,Derived using data on central government tax revenue to GDP from Mitchell and the spliced GDP,1544.84
DNK,Denmark,1903,64.17046,3.967168,Derived using data on central government tax revenue to GDP from Mitchell and the spliced GDP,1617.538
DNK,Denmark,1904,67.50756,4.124408,Derived using data on central government tax revenue to GDP from Mitchell and the spliced GDP,1636.782
DNK,Denmark,1905,69.64408,4.043646,Derived using data on central government tax revenue to GDP from Mitchell and the spliced GDP,1722.309
DNK,Denmark,1906,72.05373,3.995083,Derived using data on central government tax revenue to GDP from Mitchell and the spliced GDP,1803.56
DNK,Denmark,1907,77.50465,4.025302,Derived using data on central government tax revenue to GDP from Mitchell and the spliced GDP,1925.437
DNK,Denmark,1908,78.64559,4.004512,Derived using data on central government tax revenue to GDP from Mitchell and the spliced GDP,1963.924
DNK,Denmark,1909,64.83629,3.227571,Derived using data on central government tax revenue to GDP from Mitchell and the spliced GDP,2008.826
DNK,Denmark,1910,69.24521,3.277836,Derived using data on central government tax revenue to GDP from Mitchell and the spliced GDP,2112.528
DNK,Denmark,1911,74.71873,3.315456,Derived using data on central government tax revenue to GDP from Mitchell and the spliced GDP,2253.649
DNK,Denmark,1912,81.45808,3.427513,Derived using data on central government tax revenue to GDP from Mitchell and the spliced GDP,2376.594
DNK,Denmark,1913,88.01783,3.476749,Derived using data on central government tax revenue to GDP from Mitchell and the spliced GDP,2531.613
DNK,Denmark,1914,88.788,3.202847,Derived using data on central government tax revenue to GDP from Mitchell and the spliced GDP,2772.159
DNK,Denmark,1915,99.81487,3.152061,Derived using data on central government tax revenue to GDP from Mitchell and the spliced GDP,3166.654
DNK,Denmark,1916,110.5295,2.681179,Derived using data on central government tax revenue to GDP from Mitchell and the spliced GDP,4122.423
DNK,Denmark,1917,156.6063,3.622283,Derived using data on central government tax revenue to GDP from Mitchell and the spliced GDP,4323.413
DNK,Denmark,1918,162.5455,3.252203,Derived using data on central government tax revenue to GDP from Mitchell and the spliced GDP,4998.011
DNK,Denmark,1919,285.8457,4.689916,Derived using data on central government tax revenue to GDP from Mitchell and the spliced GDP,6094.9
DNK,Denmark,1920,542.1702,6.90914,Derived using data on central government tax revenue to GDP from Mitchell and the spliced GDP,7847.145
DNK,Denmark,1921,440.3143,7.162582,Derived using data on central government tax revenue to GDP from Mitchell and the spliced GDP,6147.425
DNK,Denmark,1922,322.0788,5.789863,Derived using data on central government tax revenue to GDP from Mitchell and the spliced GDP,5562.805
DNK,Denmark,1923,341.3076,5.489221,Derived using data on central government tax revenue to GDP from Mitchell and the spliced GDP,6217.778
DNK,Denmark,1924,358.8791,5.31526,Derived using data on central government tax revenue to GDP from Mitchell and the spliced GDP,6751.862
DNK,Denmark,1925,361.3087,5.704535,Derived using data on central government tax revenue to GDP from Mitchell and the spliced GDP,6333.71
DNK,Denmark,1926,345.0807,6.040875,Derived using data on central government tax revenue to GDP from Mitchell and the spliced GDP,5712.428
DNK,Denmark,1927,319.5384,5.791651,Derived using data on central government tax revenue to GDP from Mitchell and the spliced GDP,5517.225
DNK,Denmark,1928,307.2186,5.444179,Derived using data on central government tax revenue to GDP from Mitchell and the spliced GDP,5643.066
DNK,Denmark,1929,334.7364,5.54981,Derived using data on central government tax revenue to GDP from Mitchell and the spliced GDP,6031.492
DNK,Denmark,1930,347.0254,5.836985,Derived using data on central government tax revenue to GDP from Mitchell and the spliced GDP,5945.285
DNK,Denmark,1931,346.0636,6.165021,Derived using data on central government tax revenue to GDP from Mitchell and the spliced GDP,5613.34
DNK,Denmark,1932,315.1684,5.907668,Derived using data on central government tax revenue to GDP from Mitchell and the spliced GDP,5334.903
DNK,Denmark,1933,396.5255,6.865238,Derived using data on central government tax revenue to GDP from Mitchell and the spliced GDP,5775.844
DNK,Denmark,1934,466.5679,7.440925,Derived using data on central government tax revenue to GDP from Mitchell and the spliced GDP,6270.294
DNK,Denmark,1935,474.8208,7.115987,Derived using data on central government tax revenue to GDP from Mitchell and the spliced GDP,6672.592
DNK,Denmark,1936,498.1065,7.10015,Derived using data on central government tax revenue to GDP from Mitchell and the spliced GDP,7015.437
DNK,Denmark,1937,526.5389,7.029828,Derived using data on central government tax revenue to GDP from Mitchell and the spliced GDP,7490.068
DNK,Denmark,1938,606.9877,7.718925,Derived using data on central government tax revenue to GDP from Mitchell and the spliced GDP,7863.63
DNK,Denmark,1939,688.1015,8.096469,Derived using data on central government tax revenue to GDP from Mitchell and the spliced GDP,8498.785
DNK,Denmark,1940,904.8697,10.09281,Derived using data on central government tax revenue to GDP from Mitchell and the spliced GDP,8965.49
DNK,Denmark,1941,925.835,9.154066,Derived using data on central government tax revenue to GDP from Mitchell and the spliced GDP,10113.92
DNK,Denmark,1942,1073.254,9.446461,Derived using data on central government tax revenue to GDP from Mitchell and the spliced GDP,11361.44
DNK,Denmark,1943,1155.651,9.014423,Derived using data on central government tax revenue to GDP from Mitchell and the spliced GDP,12820.02
DNK,Denmark,1944,1384.055,9.67509,Derived using data on central government tax revenue to GDP from Mitchell and the spliced GDP,14305.35
DNK,Denmark,1945,1326.066,9.3,Derived using data on central government tax revenue to GDP from Mitchell and the spliced GDP,14258.78
DNK,Denmark,1946,1927.068,12.44595,Derived using data on central government tax revenue to GDP from Mitchell and the spliced GDP,15483.5
DNK,Denmark,1947,2293.685,13.3865,Derived using data on central government tax revenue to GDP from Mitchell and the spliced GDP,17134.31
DNK,Denmark,1948,2612.909,13.99435,Derived using data on central government tax revenue to GDP from Mitchell and the spliced GDP,18671.17
DNK,Denmark,1949,2610.875,13.0582,Derived using data on central government tax revenue to GDP from Mitchell and the spliced GDP,19994.14
DNK,Denmark,1950,2897.615,12.66204,Derived using data on central government tax revenue to GDP from Mitchell and the spliced GDP,22884.27
DNK,Denmark,1951,3267.675,13.42308,Derived using data on central government tax revenue to GDP from Mitchell and the spliced GDP,24343.71
DNK,Denmark,1952,3602.232,13.828,Derived using data on central government tax revenue to GDP from Mitchell and the spliced GDP,26050.27
DNK,Denmark,1953,4031.01,14.38491,Derived using data on central government tax revenue to GDP from Mitchell and the spliced GDP,28022.5
DNK,Denmark,1954,4276.302,14.56159,Derived using data on central government tax revenue to GDP from Mitchell and the spliced GDP,29366.99
DNK,Denmark,1955,4689.189,15.38676,Derived using data on central government tax revenue to GDP from Mitchell and the spliced GDP,30475.48
DNK,Denmark,1956,5398.764,16.51634,Derived using data on central government tax revenue to GDP from Mitchell and the spliced GDP,32687.41
DNK,Denmark,1957,5803.562,16.65443,Derived using data on central government tax revenue to GDP from Mitchell and the spliced GDP,34846.95
DNK,Denmark,1958,6212.874,17.14118,Derived using data on central government tax revenue to GDP from Mitchell and the spliced GDP,36245.32
DNK,Denmark,1959,7148.49,17.60962,Derived using data on central government tax revenue to GDP from Mitchell and the spliced GDP,40594.22
DNK,Denmark,1960,7721.144,17.57284,Derived using data on central government tax revenue to GDP from Mitchell and the spliced GDP,43937.94
DNK,Denmark,1961,8645.712,17.73348,Derived using data on central government tax revenue to GDP from Mitchell and the spliced GDP,48753.61
DNK,Denmark,1962,11109.19,20.22244,Derived using data on central government tax revenue to GDP from Mitchell and the spliced GDP,54934.97
DNK,Denmark,1963,13199.36,22.57196,Derived using data on central government tax revenue to GDP from Mitchell and the spliced GDP,58476.78
DNK,Denmark,1964,15162.95,22.68412,Derived using data on central government tax revenue to GDP from Mitchell and the spliced GDP,66843.88
DNK,Denmark,1965,18177.86,24.20937,Derived using data on central government tax revenue to GDP from Mitchell and the spliced GDP,75086.05
DNK,Denmark,1966,21598.7,26.2075,Derived using data on central government tax revenue to GDP from Mitchell and the spliced GDP,82414.2
DNK,Denmark,1967,23930.53,26.34188,Derived using data on central government tax revenue to GDP from Mitchell and the spliced GDP,90845.93
DNK,Denmark,1968,31136.17,30.73908,Derived using data on central government tax revenue to GDP from Mitchell and the spliced GDP,101291.8
DNK,Denmark,1969,37006.17,32.009,Derived using data on central government tax revenue to GDP from Mitchell and the spliced GDP,115611.8
DNK,Denmark,1970,49625.54,38.75,Derived using data on central government tax revenue to GDP from Mitchell and the spliced GDP,128065.9
DNK,Denmark,1971,58088.01,40.98214,Derived using data on central government tax revenue to GDP from Mitchell and the spliced GDP,141739.8
DNK,Denmark,1972,66201.63,41.00775,Derived using data on central government tax revenue to GDP from Mitchell and the spliced GDP,161436.9
DNK,Denmark,1973,79320.57,42.68456,Derived using data on central government tax revenue to GDP from Mitchell and the spliced GDP,185829.6
DNK,Denmark,1974,84298.27,40.52941,Derived using data on central government tax revenue to GDP from Mitchell and the spliced GDP,207992.8
DNK,Denmark,1975,86389.2,37.19577,Derived using data on central government tax revenue to GDP from Mitchell and the spliced GDP,232255.5
DNK,Denmark,1976,103537.3,38.48624,Derived using data on central government tax revenue to GDP from Mitchell and the spliced GDP,269024.3
DNK,Denmark,1977,118750,39.79167,Derived using data on central government tax revenue to GDP from Mitchell and the spliced GDP,298429.3
DNK,Denmark,1978,124395.2,37.39622,Derived using data on central government tax revenue to GDP from Mitchell and the spliced GDP,332641.2
DNK,Denmark,1979,161198.4,43.5274,Derived using data on central government tax revenue to GDP from Mitchell and the spliced GDP,370337.8
DNK,Denmark,1980,173652.6,43.51266,Derived using data on central government tax revenue to GDP from Mitchell and the spliced GDP,399085.3
DNK,Denmark,1981,191237.8,43.68116,Derived using data on central government tax revenue to GDP from Mitchell and the spliced GDP,437803.8
DNK,Denmark,1982,213625.7,42.67003,Derived using data on central government tax revenue to GDP from Mitchell and the spliced GDP,500645.7
DNK,Denmark,1983,210474.2,38.14815,Derived using data on central government tax revenue to GDP from Mitchell and the spliced GDP,551728.4
DNK,Denmark,1984,234916.3,38.53098,Derived using data on central government tax revenue to GDP from Mitchell and the spliced GDP,609681.6
DNK,Denmark,1985,265353.9,40.09756,Derived using data on central government tax revenue to GDP from Mitchell and the spliced GDP,661770.8
DNK,Denmark,1986,300086.9,42.26727,Derived using data on central government tax revenue to GDP from Mitchell and the spliced GDP,709974.7
DNK,Denmark,1987,315489.8,42.24286,Derived using data on central government tax revenue to GDP from Mitchell and the spliced GDP,746847.5
DNK,Denmark,1988,320134.9,41.1612,Derived using data on central government tax revenue to GDP from Mitchell and the spliced GDP,777758.8
DNK,Denmark,1989,412439.1,50.23468,Derived using data on central government tax revenue to GDP from Mitchell and the spliced GDP,821024.6
DNK,Denmark,1990,423833.2,49.54944,Derived using data on central government tax revenue to GDP from Mitchell and the spliced GDP,855374.3
DNK,Denmark,1991,427178.2,47.9831,Derived using data on central government tax revenue to GDP from Mitchell and the spliced GDP,890268.1
DNK,Denmark,1992,460358.6,49.85899,Derived using data on central government tax revenue to GDP from Mitchell and the spliced GDP,923321.1
DNK,Denmark,1993,454924.9,49.02634,Derived using data on central government tax revenue to GDP from Mitchell and the spliced GDP,927919.4
DNK,Denmark,1994,,,Derived using data on central government tax revenue to GDP from EUS and the spliced GDP,992367.6
DNK,Denmark,1995,331390.4,32,Derived using data on central government tax revenue to GDP from EUS and the spliced GDP,1035595
DNK,Denmark,1996,351148.5,32.3,Derived using data on central government tax revenue to GDP from EUS and the spliced GDP,1087147
DNK,Denmark,1997,367279.4,32.1,Derived using data on central government tax revenue to GDP from EUS and the spliced GDP,1144173
DNK,Denmark,1998,385195.8,32.5,Derived using data on central government tax revenue to GDP from EUS and the spliced GDP,1185218
DNK,Denmark,1999,403318.6,32.5,Derived using data on central government tax revenue to GDP from EUS and the spliced GDP,1240980
DNK,Denmark,2000,422988.4,31.9,Derived using data on central government tax revenue to GDP from EUS and the spliced GDP,1325983
DNK,Denmark,2001,418544.3,30.5,Derived using data on central government tax revenue to GDP from EUS and the spliced GDP,1372277
DNK,Denmark,2002,430501.2,30.5,Derived using data on central government tax revenue to GDP from EUS and the spliced GDP,1411479
DNK,Denmark,2003,440301.3,30.6,Derived using data on central government tax revenue to GDP from EUS and the spliced GDP,1438893
DNK,Denmark,2004,475547.4,31.5,Derived using data on central government tax revenue to GDP from EUS and the spliced GDP,1509674
DNK,Denmark,2005,529496.1,33.3,Derived using data on central government tax revenue to GDP from EUS and the spliced GDP,1590079
DNK,Denmark,2006,542647.6,32.2,Derived using data on central government tax revenue to GDP from EUS and the spliced GDP,1685241
DNK,Denmark,2007,618816.3,35.5,Derived using data on central government tax revenue to GDP from EUS and the spliced GDP,1743144
DNK,Denmark,2008,609875.9,33.7,Derived using data on central government tax revenue to GDP from EUS and the spliced GDP,1809721
DNK,Denmark,2009,575933.1,33.3,Derived using data on central government tax revenue to GDP from EUS and the spliced GDP,1729529
DNK,Denmark,2010,598255.6,33,Derived using data on central government tax revenue to GDP from EUS and the spliced GDP,1812896
DNK,Denmark,2011,611863.8,33.1,Derived using data on central government tax revenue to GDP from EUS and the spliced GDP,1848531
DNK,Denmark,2012,639813,33.8,Derived using data on central government tax revenue to GDP from EUS and the spliced GDP,1892938
DNK,Denmark,2013,658088.8,34,Derived using data on central government tax revenue to GDP from EUS and the spliced GDP,1935555
DNK,Denmark,2014,728736.1,36.8,Derived using data on central government tax revenue to GDP from EUS and the spliced GDP,1980261
DNK,Denmark,2015,698390.8,34.4,Derived using data on central government tax revenue to GDP from EUS and the spliced GDP,2030206
DNK,Denmark,2016,708212.3,33.7,Derived using data on central government tax revenue to GDP from EUS and the spliced GDP,2101520
DNK,Denmark,2017,733512.4,33.5,Derived using data on central government tax revenue to GDP from EUS and the spliced GDP,2189589
DNK,Denmark,2018,731394.8,32.6,Derived using data on central government tax revenue to GDP from EUS and the spliced GDP,2243542
DNK,Denmark,2019,810880.1,35.2,Derived using data on central government tax revenue to GDP from EUS and the spliced GDP,2303637
DNK,Denmark,2020,807327,34.7,Derived using data on central government tax revenue to GDP from EUS and the spliced GDP,2326591
DNK,Denmark,2021,906334.6,35.3,Derived using data on central government tax revenue to GDP from EUS and the spliced GDP,2567520
DNK,Denmark,2022,878866.4,30.9,Derived using data on central government tax revenue to GDP from EUS and the spliced GDP,2844228
DNK,Denmark,2023,900322.3,32.1,Derived using data on central government tax revenue to GDP from EUS and the spliced GDP,2804742
DNK,Denmark,2024,980660.9,33.5,Derived using data on central government tax revenue to GDP from EUS and the spliced GDP,2927346
DOM,Dominican Republic,2003,73831.27,11.74514,Derived using data on central government tax revenue to GDP from IMF_GFS and the spliced GDP,628611.1
DOM,Dominican Republic,2004,117202.9,12.52188,Derived using data on central government tax revenue to GDP from IMF_GFS and the spliced GDP,935984.8
DOM,Dominican Republic,2005,148412,13.69816,Derived using data on central government tax revenue to GDP from IMF_GFS and the spliced GDP,1083445
DOM,Dominican Republic,2006,176529.8,13.99476,Derived using data on central government tax revenue to GDP from IMF_GFS and the spliced GDP,1261400
DOM,Dominican Republic,2007,217103.8,14.88627,Derived using data on central government tax revenue to GDP from IMF_GFS and the spliced GDP,1458417
DOM,Dominican Republic,2008,235306.1,14.16105,Derived using data on central government tax revenue to GDP from IMF_GFS and the spliced GDP,1661643
DOM,Dominican Republic,2009,219364.6,12.63591,Derived using data on central government tax revenue to GDP from IMF_GFS and the spliced GDP,1736041
DOM,Dominican Republic,2010,242097.4,12.2074,Derived using data on central government tax revenue to GDP from IMF_GFS and the spliced GDP,1983202
DOM,Dominican Republic,2011,271803.8,12.29763,Derived using data on central government tax revenue to GDP from IMF_GFS and the spliced GDP,2210214
DOM,Dominican Republic,2012,310814,13.02648,Derived using data on central government tax revenue to GDP from IMF_GFS and the spliced GDP,2386016
DOM,Dominican Republic,2013,353761.5,13.50354,Derived using data on central government tax revenue to GDP from IMF_GFS and the spliced GDP,2619770
DOM,Dominican Republic,2014,391642.6,13.38645,Derived using data on central government tax revenue to GDP from IMF_GFS and the spliced GDP,2925665
DOM,Dominican Republic,2015,413865.7,12.91049,Derived using data on central government tax revenue to GDP from IMF_GFS and the spliced GDP,3205655
DOM,Dominican Republic,2016,452864.3,12.98613,Derived using data on central government tax revenue to GDP from IMF_GFS and the spliced GDP,3487293
DOM,Dominican Republic,2017,497654.9,13.08704,Derived using data on central government tax revenue to GDP from IMF_GFS and the spliced GDP,3802656
DOM,Dominican Republic,2018,554880.5,13.09964,Derived using data on central government tax revenue to GDP from IMF_GFS and the spliced GDP,4235847
DOM,Dominican Republic,2019,610497,13.38153,Derived using data on central government tax revenue to GDP from IMF_GFS and the spliced GDP,4562235
DOM,Dominican Republic,2020,555377.9,12.46176,Derived using data on central government tax revenue to GDP from IMF_GFS and the spliced GDP,4456658
DOM,Dominican Republic,2021,779573.8,14.45606,Derived using data on central government tax revenue to GDP from IMF_GFS and the spliced GDP,5392714
DOM,Dominican Republic,2022,870145.9,13.89884,Derived using data on central government tax revenue to GDP from IMF_GFS and the spliced GDP,6260564
DOM,Dominican Republic,2023,981710.9,14.39455,Derived using data on central government tax revenue to GDP from IMF_GFS and the spliced GDP,6820020
ECU,Ecuador,2013,13845.41,14.33712,Derived using data on central government tax revenue to GDP from IMF_GFS and the spliced GDP,96570.34
ECU,Ecuador,2014,14542.09,14.15733,Derived using data on central government tax revenue to GDP from IMF_GFS and the spliced GDP,102717.8
ECU,Ecuador,2015,15597.85,16.04559,Derived using data on central government tax revenue to GDP from IMF_GFS and the spliced GDP,97209.55
ECU,Ecuador,2016,13881.07,14.21201,Derived using data on central government tax revenue to GDP from IMF_GFS and the spliced GDP,97671.43
ECU,Ecuador,2017,14324.41,13.71183,Derived using data on central government tax revenue to GDP from IMF_GFS and the spliced GDP,104467.5
ECU,Ecuador,2018,15349.62,14.28151,Derived using data on central government tax revenue to GDP from IMF_GFS and the spliced GDP,107479
ECU,Ecuador,2019,14350.49,13.3374,Derived using data on central government tax revenue to GDP from IMF_GFS and the spliced GDP,107595.8
ECU,Ecuador,2020,11978.33,12.49494,Derived using data on central government tax revenue to GDP from IMF_GFS and the spliced GDP,95865.48
ECU,Ecuador,2021,13813.38,12.85742,Derived using data on central government tax revenue to GDP from IMF_GFS and the spliced GDP,107435.1
ECU,Ecuador,2022,15230.4,13.06366,Derived using data on central government tax revenue to GDP from IMF_GFS and the spliced GDP,116586.1
EGY,Egypt,2002,49643.51,12.75137,Derived using data on central government tax revenue to GDP from IMF_GFS and the spliced GDP,389318.9
EGY,Egypt,2003,55027.65,12.69638,Derived using data on central government tax revenue to GDP from IMF_GFS and the spliced GDP,433412
EGY,Egypt,2004,64564.69,13.15863,Derived using data on central government tax revenue to GDP from IMF_GFS and the spliced GDP,490664.3
EGY,Egypt,2005,73033.8,13.3799,Derived using data on central government tax revenue to GDP from IMF_GFS and the spliced GDP,545847.3
EGY,Egypt,2006,92992.07,15.05457,Derived using data on central government tax revenue to GDP from IMF_GFS and the spliced GDP,617700
EGY,Egypt,2007,108730.1,14.59839,Derived using data on central government tax revenue to GDP from IMF_GFS and the spliced GDP,744809
EGY,Egypt,2008,130481,14.5705,Derived using data on central government tax revenue to GDP from IMF_GFS and the spliced GDP,895515
EGY,Egypt,2009,155222.3,14.89465,Derived using data on central government tax revenue to GDP from IMF_GFS and the spliced GDP,1042135
EGY,Egypt,2010,162152.2,13.43833,Derived using data on central government tax revenue to GDP from IMF_GFS and the spliced GDP,1206640
EGY,Egypt,2011,182666.5,13.32283,Derived using data on central government tax revenue to GDP from IMF_GFS and the spliced GDP,1371078
ESP,Spain,1901,7.887802,7.862745,Derived using data on central government tax revenue to GDP from Mitchell and the spliced GDP,100.3187
ESP,Spain,1902,7.432635,7.644231,Derived using data on central government tax revenue to GDP from Mitchell and the spliced GDP,97.23195
ESP,Spain,1903,7.88587,7.626168,Derived using data on central government tax revenue to GDP from Mitchell and the spliced GDP,103.4054
ESP,Spain,1904,8.045655,7.342342,Derived using data on central government tax revenue to GDP from Mitchell and the spliced GDP,109.5789
ESP,Spain,1905,7.636897,7.276786,Derived using data on central government tax revenue to GDP from Mitchell and the spliced GDP,104.9488
ESP,Spain,1906,8.164807,7.557522,Derived using data on central government tax revenue to GDP from Mitchell and the spliced GDP,108.0355
ESP,Spain,1907,7.959011,7.162393,Derived using data on central government tax revenue to GDP from Mitchell and the spliced GDP,111.1222
ESP,Spain,1908,7.843922,7.058824,Derived using data on central government tax revenue to GDP from Mitchell and the spliced GDP,111.1222
ESP,Spain,1909,7.749195,6.878049,Derived using data on central government tax revenue to GDP from Mitchell and the spliced GDP,112.6656
ESP,Spain,1910,7.895595,7.308333,Derived using data on central government tax revenue to GDP from Mitchell and the spliced GDP,108.0355
ESP,Spain,1911,8.312293,7.086614,Derived using data on central government tax revenue to GDP from Mitchell and the spliced GDP,117.2957
ESP,Spain,1912,8.696001,7.317461,Derived using data on central government tax revenue to GDP from Mitchell and the spliced GDP,118.8391
ESP,Spain,1913,9.582996,7.480916,Derived using data on central government tax revenue to GDP from Mitchell and the spliced GDP,128.0992
ESP,Spain,1914,8.281972,6.465278,Derived using data on central government tax revenue to GDP from Mitchell and the spliced GDP,128.0992
ESP,Spain,1915,7.424806,5.286585,Derived using data on central government tax revenue to GDP from Mitchell and the spliced GDP,140.4462
ESP,Spain,1916,7.438244,4.59,Derived using data on central government tax revenue to GDP from Mitchell and the spliced GDP,162.0533
ESP,Spain,1917,6.423664,3.65098,Derived using data on central government tax revenue to GDP from Mitchell and the spliced GDP,175.9435
ESP,Spain,1918,7.434946,3.490843,Derived using data on central government tax revenue to GDP from Mitchell and the spliced GDP,212.9843
ESP,Spain,1919,7.574392,3.293769,Derived using data on central government tax revenue to GDP from Mitchell and the spliced GDP,229.9613
ESP,Spain,1920,10.56168,3.866261,Derived using data on central government tax revenue to GDP from Mitchell and the spliced GDP,273.1755
ESP,Spain,1921,14.63586,5.817844,Derived using data on central government tax revenue to GDP from Mitchell and the spliced GDP,251.5684
ESP,Spain,1922,17.21151,6.758755,Derived using data on central government tax revenue to GDP from Mitchell and the spliced GDP,254.6551
ESP,Spain,1923,18.13826,7.122676,Derived using data on central government tax revenue to GDP from Mitchell and the spliced GDP,254.6551
ESP,Spain,1924,19.51576,6.986159,Derived using data on central government tax revenue to GDP from Mitchell and the spliced GDP,279.3489
ESP,Spain,1925,19.20912,6.482428,Derived using data on central government tax revenue to GDP from Mitchell and the spliced GDP,296.3259
ESP,Spain,1926,9.320333,3.212219,Derived using data on central government tax revenue to GDP from Mitchell and the spliced GDP,290.1525
ESP,Spain,1927,22.05319,7.108974,Derived using data on central government tax revenue to GDP from Mitchell and the spliced GDP,310.2162
ESP,Spain,1928,23.82322,7.835484,Derived using data on central government tax revenue to GDP from Mitchell and the spliced GDP,304.0428
ESP,Spain,1929,26.30922,8.04088,Derived using data on central government tax revenue to GDP from Mitchell and the spliced GDP,327.1932
ESP,Spain,1930,26.54939,8.114285,Derived using data on central government tax revenue to GDP from Mitchell and the spliced GDP,327.1932
ESP,Spain,1931,25.1281,7.827586,Derived using data on central government tax revenue to GDP from Mitchell and the spliced GDP,321.0198
ESP,Spain,1932,25.33031,7.890577,Derived using data on central government tax revenue to GDP from Mitchell and the spliced GDP,321.0198
ESP,Spain,1933,25.20376,8.247678,Derived using data on central government tax revenue to GDP from Mitchell and the spliced GDP,305.5861
ESP,Spain,1934,22.63319,6.696275,Derived using data on central government tax revenue to GDP from Mitchell and the spliced GDP,337.9968
ESP,Spain,1935,25.18663,7.22093,Derived using data on central government tax revenue to GDP from Mitchell and the spliced GDP,348.8003
ESP,Spain,1936,,,Derived using data on central government tax revenue to GDP from Mitchell and the spliced GDP,282.4357
ESP,Spain,1937,,,Derived using data on central government tax revenue to GDP from Mitchell and the spliced GDP,296.3259
ESP,Spain,1938,,,Derived using data on central government tax revenue to GDP from Mitchell and the spliced GDP,336.4534
ESP,Spain,1939,,,Derived using data on central government tax revenue to GDP from Mitchell and the spliced GDP,387.3844
ESP,Spain,1940,33.52462,6.939867,Derived using data on central government tax revenue to GDP from Mitchell and the spliced GDP,483.073
ESP,Spain,1941,47.15623,8.830688,Derived using data on central government tax revenue to GDP from Mitchell and the spliced GDP,534.004
ESP,Spain,1942,59.02293,9.170992,Derived using data on central government tax revenue to GDP from Mitchell and the spliced GDP,643.5829
ESP,Spain,1943,72.64104,10.48256,Derived using data on central government tax revenue to GDP from Mitchell and the spliced GDP,692.9706
ESP,Spain,1944,80.82269,10.10963,Derived using data on central government tax revenue to GDP from Mitchell and the spliced GDP,799.4627
ESP,Spain,1945,31.43358,3.962436,Derived using data on central government tax revenue to GDP from Mitchell and the spliced GDP,793.2892
ESP,Spain,1946,76.00722,7.576577,Derived using data on central government tax revenue to GDP from Mitchell and the spliced GDP,1003.187
ESP,Spain,1947,87.83335,7.52782,Derived using data on central government tax revenue to GDP from Mitchell and the spliced GDP,1166.783
ESP,Spain,1948,98.82155,7.846808,Derived using data on central government tax revenue to GDP from Mitchell and the spliced GDP,1259.385
ESP,Spain,1949,111.3959,8.258278,Derived using data on central government tax revenue to GDP from Mitchell and the spliced GDP,1348.9
ESP,Spain,1950,135.4192,8.131868,Derived using data on central government tax revenue to GDP from Mitchell and the spliced GDP,1665.29
ESP,Spain,1951,148.6474,7.095436,Derived using data on central government tax revenue to GDP from Mitchell and the spliced GDP,2094.972
ESP,Spain,1952,178.8745,8.249027,Derived using data on central government tax revenue to GDP from Mitchell and the spliced GDP,2168.431
ESP,Spain,1953,184.4661,8.717949,Derived using data on central government tax revenue to GDP from Mitchell and the spliced GDP,2115.935
ESP,Spain,1954,218.7902,8.881356,Derived using data on central government tax revenue to GDP from Mitchell and the spliced GDP,2463.477
ESP,Spain,1955,193.1388,6.997579,Derived using data on central government tax revenue to GDP from Mitchell and the spliced GDP,2760.08
ESP,Spain,1956,220.2269,6.919831,Derived using data on central government tax revenue to GDP from Mitchell and the spliced GDP,3182.547
ESP,Spain,1957,267.8841,7.21223,Derived using data on central government tax revenue to GDP from Mitchell and the spliced GDP,3714.304
ESP,Spain,1958,327.002,7.647976,Derived using data on central government tax revenue to GDP from Mitchell and the spliced GDP,4275.667
ESP,Spain,1959,363.6171,8.247734,Derived using data on central government tax revenue to GDP from Mitchell and the spliced GDP,4408.691
ESP,Spain,1960,421.8285,9.33726,Derived using data on central government tax revenue to GDP from Mitchell and the spliced GDP,4517.69
ESP,Spain,1961,419.2163,8.108109,Derived using data on central government tax revenue to GDP from Mitchell and the spliced GDP,5170.334
ESP,Spain,1962,494.377,8.25607,Derived using data on central government tax revenue to GDP from Mitchell and the spliced GDP,5988.043
ESP,Spain,1963,523.3705,7.408793,Derived using data on central government tax revenue to GDP from Mitchell and the spliced GDP,7064.181
ESP,Spain,1964,602.6563,7.545757,Derived using data on central government tax revenue to GDP from Mitchell and the spliced GDP,7986.691
ESP,Spain,1965,655.5994,7.076483,Derived using data on central government tax revenue to GDP from Mitchell and the spliced GDP,9264.479
ESP,Spain,1966,791.1191,7.36094,Derived using data on central government tax revenue to GDP from Mitchell and the spliced GDP,10747.53
ESP,Spain,1967,899.73,7.39274,Derived using data on central government tax revenue to GDP from Mitchell and the spliced GDP,12170.45
ESP,Spain,1968,947.0372,6.892489,Derived using data on central government tax revenue to GDP from Mitchell and the spliced GDP,13740.13
ESP,Spain,1969,1143.442,7.268019,Derived using data on central government tax revenue to GDP from Mitchell and the spliced GDP,15732.51
ESP,Spain,1970,1527.102,8.78882,Derived using data on central government tax revenue to GDP from Mitchell and the spliced GDP,17375.5
ESP,Spain,1971,1727.283,8.811644,Derived using data on central government tax revenue to GDP from Mitchell and the spliced GDP,19602.28
ESP,Spain,1972,2038.429,8.860723,Derived using data on central government tax revenue to GDP from Mitchell and the spliced GDP,23005.23
ESP,Spain,1973,2526.95,9.10628,Derived using data on central government tax revenue to GDP from Mitchell and the spliced GDP,27749.53
ESP,Spain,1974,2806.178,8.257546,Derived using data on central government tax revenue to GDP from Mitchell and the spliced GDP,33983.19
ESP,Spain,1975,3373.206,8.454636,Derived using data on central government tax revenue to GDP from Mitchell and the spliced GDP,39897.71
ESP,Spain,1976,3968.914,8.26652,Derived using data on central government tax revenue to GDP from Mitchell and the spliced GDP,48011.91
ESP,Spain,1977,5001.505,8.210939,Derived using data on central government tax revenue to GDP from Mitchell and the spliced GDP,60912.71
ESP,Spain,1978,6624.1,8.883447,Derived using data on central government tax revenue to GDP from Mitchell and the spliced GDP,74566.77
ESP,Spain,1979,7833.349,8.980276,Derived using data on central government tax revenue to GDP from Mitchell and the spliced GDP,87228.38
ESP,Spain,1980,9907.124,9.884755,Derived using data on central government tax revenue to GDP from Mitchell and the spliced GDP,100226.3
ESP,Spain,1981,11057.4,9.832795,Derived using data on central government tax revenue to GDP from Mitchell and the spliced GDP,112454.3
ESP,Spain,1982,11901.26,9.202454,Derived using data on central government tax revenue to GDP from Mitchell and the spliced GDP,129327.1
ESP,Spain,1983,15463.06,10.50062,Derived using data on central government tax revenue to GDP from Mitchell and the spliced GDP,147258.5
ESP,Spain,1984,18127.27,10.90909,Derived using data on central government tax revenue to GDP from Mitchell and the spliced GDP,166166.7
ESP,Spain,1985,24349.02,13.18748,Derived using data on central government tax revenue to GDP from Mitchell and the spliced GDP,184637.5
ESP,Spain,1986,32286.07,15.27348,Derived using data on central government tax revenue to GDP from Mitchell and the spliced GDP,211386.4
ESP,Spain,1987,38970.82,16.48683,Derived using data on central government tax revenue to GDP from Mitchell and the spliced GDP,236375.4
ESP,Spain,1988,,,Derived using data on central government tax revenue to GDP from EUS and the spliced GDP,263158
ESP,Spain,1989,,,Derived using data on central government tax revenue to GDP from EUS and the spliced GDP,294893.4
ESP,Spain,1990,,,Derived using data on central government tax revenue to GDP from EUS and the spliced GDP,328457.1
ESP,Spain,1991,,,Derived using data on central government tax revenue to GDP from EUS and the spliced GDP,360182
ESP,Spain,1992,,,Derived using data on central government tax revenue to GDP from EUS and the spliced GDP,387926.6
ESP,Spain,1993,,,Derived using data on central government tax revenue to GDP from EUS and the spliced GDP,401340.4
ESP,Spain,1994,,,Derived using data on central government tax revenue to GDP from EUS and the spliced GDP,426850.9
ESP,Spain,1995,77323.51,16.8,Derived using data on central government tax revenue to GDP from EUS and the spliced GDP,460259
ESP,Spain,1996,82142.92,16.8,Derived using data on central government tax revenue to GDP from EUS and the spliced GDP,488946
ESP,Spain,1997,86149.19,16.6,Derived using data on central government tax revenue to GDP from EUS and the spliced GDP,518971
ESP,Spain,1998,95000.59,17.1,Derived using data on central government tax revenue to GDP from EUS and the spliced GDP,555559
ESP,Spain,1999,101786.4,17.1,Derived using data on central government tax revenue to GDP from EUS and the spliced GDP,595242
ESP,Spain,2000,109439.2,16.9,Derived using data on central government tax revenue to GDP from EUS and the spliced GDP,647569
ESP,Spain,2001,117060,16.7,Derived using data on central government tax revenue to GDP from EUS and the spliced GDP,700958
ESP,Spain,2002,118459.6,15.8,Derived using data on central government tax revenue to GDP from EUS and the spliced GDP,749744
ESP,Spain,2003,122810.5,15.3,Derived using data on central government tax revenue to GDP from EUS and the spliced GDP,802683
ESP,Spain,2004,135029.3,15.7,Derived using data on central government tax revenue to GDP from EUS and the spliced GDP,860059
ESP,Spain,2005,152212,16.4,Derived using data on central government tax revenue to GDP from EUS and the spliced GDP,928122
ESP,Spain,2006,168836,16.8,Derived using data on central government tax revenue to GDP from EUS and the spliced GDP,1004976
ESP,Spain,2007,186414.6,17.3,Derived using data on central government tax revenue to GDP from EUS and the spliced GDP,1077541
ESP,Spain,2008,152403.2,13.7,Derived using data on central government tax revenue to GDP from EUS and the spliced GDP,1112432
ESP,Spain,2009,120174.9,11.2,Derived using data on central government tax revenue to GDP from EUS and the spliced GDP,1072990
ESP,Spain,2010,144337.4,13.4,Derived using data on central government tax revenue to GDP from EUS and the spliced GDP,1077145
ESP,Spain,2011,137861,12.9,Derived using data on central government tax revenue to GDP from EUS and the spliced GDP,1068690
ESP,Spain,2012,131567.4,12.7,Derived using data on central government tax revenue to GDP from EUS and the spliced GDP,1035964
ESP,Spain,2013,148719.5,14.5,Derived using data on central government tax revenue to GDP from EUS and the spliced GDP,1025652
ESP,Spain,2014,155842.3,15,Derived using data on central government tax revenue to GDP from EUS and the spliced GDP,1038949
ESP,Spain,2015,163066.8,15,Derived using data on central government tax revenue to GDP from EUS and the spliced GDP,1087112
ESP,Spain,2016,163953.2,14.6,Derived using data on central government tax revenue to GDP from EUS and the spliced GDP,1122967
ESP,Spain,2017,169653.5,14.5,Derived using data on central government tax revenue to GDP from EUS and the spliced GDP,1170024
ESP,Spain,2018,180629.1,14.9,Derived using data on central government tax revenue to GDP from EUS and the spliced GDP,1212276
ESP,Spain,2019,180534.2,14.4,Derived using data on central government tax revenue to GDP from EUS and the spliced GDP,1253710
ESP,Spain,2020,161477.6,14.3,Derived using data on central government tax revenue to GDP from EUS and the spliced GDP,1129214
ESP,Spain,2021,193969.4,15.7,Derived using data on central government tax revenue to GDP from EUS and the spliced GDP,1235474
ESP,Spain,2022,222527.9,16.2,Derived using data on central government tax revenue to GDP from EUS and the spliced GDP,1373629
ESP,Spain,2023,235236.9,15.7,Derived using data on central government tax revenue to GDP from EUS and the spliced GDP,1498324
ESP,Spain,2024,247667,15.6,Derived using data on central government tax revenue to GDP from EUS and the spliced GDP,1587609
EST,Estonia,1995,843.5864,29.5,Derived using data on central government tax revenue to GDP from EUS and the spliced GDP,2859.615
EST,Estonia,1996,1054.847,28.7,Derived using data on central government tax revenue to GDP from EUS and the spliced GDP,3675.423
EST,Estonia,1997,1306.569,28.6,Derived using data on central government tax revenue to GDP from EUS and the spliced GDP,4568.422
EST,Estonia,1998,1469.499,28.8,Derived using data on central government tax revenue to GDP from EUS and the spliced GDP,5102.429
EST,Estonia,1999,1491.954,27.6,Derived using data on central government tax revenue to GDP from EUS and the spliced GDP,5405.631
EST,Estonia,2000,1622.579,26.3,Derived using data on central government tax revenue to GDP from EUS and the spliced GDP,6169.501
EST,Estonia,2001,1793.934,25.7,Derived using data on central government tax revenue to GDP from EUS and the spliced GDP,6980.287
EST,Estonia,2002,2034.384,26,Derived using data on central government tax revenue to GDP from EUS and the spliced GDP,7824.553
EST,Estonia,2003,2265.879,25.9,Derived using data on central government tax revenue to GDP from EUS and the spliced GDP,8748.569
EST,Estonia,2004,2553.275,26.1,Derived using data on central government tax revenue to GDP from EUS and the spliced GDP,9782.661
EST,Estonia,2005,2811.264,24.8,Derived using data on central government tax revenue to GDP from EUS and the spliced GDP,11335.74
EST,Estonia,2006,3483.82,25.7,Derived using data on central government tax revenue to GDP from EUS and the spliced GDP,13555.72
EST,Estonia,2007,4274.936,26.1,Derived using data on central government tax revenue to GDP from EUS and the spliced GDP,16379.06
EST,Estonia,2008,4302.194,25.9,Derived using data on central government tax revenue to GDP from EUS and the spliced GDP,16610.79
EST,Estonia,2009,4018.206,28.4,Derived using data on central government tax revenue to GDP from EUS and the spliced GDP,14148.61
EST,Estonia,2010,3920.585,26.6,Derived using data on central government tax revenue to GDP from EUS and the spliced GDP,14739.04
EST,Estonia,2011,4235.505,25.3,Derived using data on central government tax revenue to GDP from EUS and the spliced GDP,16741.13
EST,Estonia,2012,4683.639,25.9,Derived using data on central government tax revenue to GDP from EUS and the spliced GDP,18083.55
EST,Estonia,2013,5001.657,26.1,Derived using data on central government tax revenue to GDP from EUS and the spliced GDP,19163.44
EST,Estonia,2014,5414.536,26.6,Derived using data on central government tax revenue to GDP from EUS and the spliced GDP,20355.4
EST,Estonia,2015,5817.855,27.7,Derived using data on central government tax revenue to GDP from EUS and the spliced GDP,21003.09
EST,Estonia,2016,6188.806,27.9,Derived using data on central government tax revenue to GDP from EUS and the spliced GDP,22182.1
EST,Estonia,2017,6557.353,27,Derived using data on central government tax revenue to GDP from EUS and the spliced GDP,24286.49
EST,Estonia,2018,7127.466,27,Derived using data on central government tax revenue to GDP from EUS and the spliced GDP,26398.02
EST,Estonia,2019,7763.138,27.3,Derived using data on central government tax revenue to GDP from EUS and the spliced GDP,28436.4
EST,Estonia,2020,7601.319,27.3,Derived using data on central government tax revenue to GDP from EUS and the spliced GDP,27843.66
EST,Estonia,2021,8822.95,28.1,Derived using data on central government tax revenue to GDP from EUS and the spliced GDP,31398.4
EST,Estonia,2022,10006.17,27.5,Derived using data on central government tax revenue to GDP from EUS and the spliced GDP,36386.06
EST,Estonia,2023,10724.08,28.1,Derived using data on central government tax revenue to GDP from EUS and the spliced GDP,38163.99
EST,Estonia,2024,11577.77,29.6,Derived using data on central government tax revenue to GDP from EUS and the spliced GDP,39114.1
ETH,Ethiopia,2002,6654.91,10.09926,Derived using data on central government tax revenue to GDP from IMF_GFS and the spliced GDP,65895
FIN,Finland,1883,.03099,3.333333,Derived using data on central government tax revenue to GDP from Mitchell and the spliced GDP,.9297003
FIN,Finland,1884,.0304481,3.333333,Derived using data on central government tax revenue to GDP from Mitchell and the spliced GDP,.9134437
FIN,Finland,1885,.0340862,3.8,Derived using data on central government tax revenue to GDP from Mitchell and the spliced GDP,.8970064
FIN,Finland,1886,.0340254,3.877551,Derived using data on central government tax revenue to GDP from Mitchell and the spliced GDP,.8774984
FIN,Finland,1887,.0346485,3.958333,Derived using data on central government tax revenue to GDP from Mitchell and the spliced GDP,.8753309
FIN,Finland,1888,.0323412,3.529412,Derived using data on central government tax revenue to GDP from Mitchell and the spliced GDP,.9163338
FIN,Finland,1889,.0362743,3.571429,Derived using data on central government tax revenue to GDP from Mitchell and the spliced GDP,1.01568
FIN,Finland,1890,.0358489,3.333333,Derived using data on central government tax revenue to GDP from Mitchell and the spliced GDP,1.075468
FIN,Finland,1891,.0378058,3.333333,Derived using data on central government tax revenue to GDP from Mitchell and the spliced GDP,1.134173
FIN,Finland,1892,.0398949,3.606557,Derived using data on central government tax revenue to GDP from Mitchell and the spliced GDP,1.106175
FIN,Finland,1893,.039636,3.548387,Derived using data on central government tax revenue to GDP from Mitchell and the spliced GDP,1.117013
FIN,Finland,1894,.0378552,3.28125,Derived using data on central government tax revenue to GDP from Mitchell and the spliced GDP,1.153681
FIN,Finland,1895,.0418407,3.484848,Derived using data on central government tax revenue to GDP from Mitchell and the spliced GDP,1.200645
FIN,Finland,1896,.0433993,3.333333,Derived using data on central government tax revenue to GDP from Mitchell and the spliced GDP,1.301978
FIN,Finland,1897,.0431072,3,Derived using data on central government tax revenue to GDP from Mitchell and the spliced GDP,1.436908
FIN,Finland,1898,.0485372,3.068182,Derived using data on central government tax revenue to GDP from Mitchell and the spliced GDP,1.581954
FIN,Finland,1899,.0580648,3.555556,Derived using data on central government tax revenue to GDP from Mitchell and the spliced GDP,1.633072
FIN,Finland,1900,.0614394,3.505155,Derived using data on central government tax revenue to GDP from Mitchell and the spliced GDP,1.752829
FIN,Finland,1901,.067096,3.93617,Derived using data on central government tax revenue to GDP from Mitchell and the spliced GDP,1.704601
FIN,Finland,1902,.0669056,4.021739,Derived using data on central government tax revenue to GDP from Mitchell and the spliced GDP,1.663598
FIN,Finland,1903,.0761498,4.158416,Derived using data on central government tax revenue to GDP from Mitchell and the spliced GDP,1.831223
FIN,Finland,1904,.0756018,4.038462,Derived using data on central government tax revenue to GDP from Mitchell and the spliced GDP,1.872045
FIN,Finland,1905,.082838,4.220183,Derived using data on central government tax revenue to GDP from Mitchell and the spliced GDP,1.962901
FIN,Finland,1906,.0973382,4.655172,Derived using data on central government tax revenue to GDP from Mitchell and the spliced GDP,2.090968
FIN,Finland,1907,.1026157,4.634146,Derived using data on central government tax revenue to GDP from Mitchell and the spliced GDP,2.214338
FIN,Finland,1908,.1027694,4.56,Derived using data on central government tax revenue to GDP from Mitchell and the spliced GDP,2.253715
FIN,Finland,1909,.109774,4.728682,Derived using data on central government tax revenue to GDP from Mitchell and the spliced GDP,2.321451
FIN,Finland,1910,.1157333,4.81203,Derived using data on central government tax revenue to GDP from Mitchell and the spliced GDP,2.405083
FIN,Finland,1911,.1140065,4.468085,Derived using data on central government tax revenue to GDP from Mitchell and the spliced GDP,2.551573
FIN,Finland,1912,.1285592,4.671052,Derived using data on central government tax revenue to GDP from Mitchell and the spliced GDP,2.752253
FIN,Finland,1913,.129785,4.5,Derived using data on central government tax revenue to GDP from Mitchell and the spliced GDP,2.884112
FIN,Finland,1914,.1068837,3.757962,Derived using data on central government tax revenue to GDP from Mitchell and the spliced GDP,2.844193
FIN,Finland,1915,.0830032,2.65896,Derived using data on central government tax revenue to GDP from Mitchell and the spliced GDP,3.12164
FIN,Finland,1916,.1191027,2.716049,Derived using data on central government tax revenue to GDP from Mitchell and the spliced GDP,4.385144
FIN,Finland,1917,.0847991,1.246684,Derived using data on central government tax revenue to GDP from Mitchell and the spliced GDP,6.801968
FIN,Finland,1918,.0307184,.3148148,Derived using data on central government tax revenue to GDP from Mitchell and the spliced GDP,9.757609
FIN,Finland,1919,.5671768,3.659674,Derived using data on central government tax revenue to GDP from Mitchell and the spliced GDP,15.49802
FIN,Finland,1920,.8774893,3.554744,Derived using data on central government tax revenue to GDP from Mitchell and the spliced GDP,24.68502
FIN,Finland,1921,1.225026,4.21118,Derived using data on central government tax revenue to GDP from Mitchell and the spliced GDP,29.08985
FIN,Finland,1922,1.696911,5.310734,Derived using data on central government tax revenue to GDP from Mitchell and the spliced GDP,31.95247
FIN,Finland,1923,2.236917,6.521053,Derived using data on central government tax revenue to GDP from Mitchell and the spliced GDP,34.303
FIN,Finland,1924,2.193576,6.034826,Derived using data on central government tax revenue to GDP from Mitchell and the spliced GDP,36.34863
FIN,Finland,1925,2.445341,6.239631,Derived using data on central government tax revenue to GDP from Mitchell and the spliced GDP,39.19048
FIN,Finland,1926,2.179716,5.331859,Derived using data on central government tax revenue to GDP from Mitchell and the spliced GDP,40.88099
FIN,Finland,1927,2.575001,5.628458,Derived using data on central government tax revenue to GDP from Mitchell and the spliced GDP,45.74968
FIN,Finland,1928,2.903405,5.879121,Derived using data on central government tax revenue to GDP from Mitchell and the spliced GDP,49.38503
FIN,Finland,1929,2.816386,5.879245,Derived using data on central government tax revenue to GDP from Mitchell and the spliced GDP,47.90386
FIN,Finland,1930,2.918529,6.729167,Derived using data on central government tax revenue to GDP from Mitchell and the spliced GDP,43.37132
FIN,Finland,1931,2.432963,6.319249,Derived using data on central government tax revenue to GDP from Mitchell and the spliced GDP,38.50083
FIN,Finland,1932,2.235112,5.75814,Derived using data on central government tax revenue to GDP from Mitchell and the spliced GDP,38.81657
FIN,Finland,1933,2.741928,6.584415,Derived using data on central government tax revenue to GDP from Mitchell and the spliced GDP,41.6427
FIN,Finland,1934,4.33966,9.195402,Derived using data on central government tax revenue to GDP from Mitchell and the spliced GDP,47.19381
FIN,Finland,1935,4.424845,8.909091,Derived using data on central government tax revenue to GDP from Mitchell and the spliced GDP,49.66663
FIN,Finland,1936,3.647585,6.666667,Derived using data on central government tax revenue to GDP from Mitchell and the spliced GDP,54.71378
FIN,Finland,1937,5.286917,8.207283,Derived using data on central government tax revenue to GDP from Mitchell and the spliced GDP,64.41738
FIN,Finland,1938,6.135918,8.831169,Derived using data on central government tax revenue to GDP from Mitchell and the spliced GDP,69.48025
FIN,Finland,1939,3.88691,5.748663,Derived using data on central government tax revenue to GDP from Mitchell and the spliced GDP,67.61417
FIN,Finland,1940,5.955245,7.692307,Derived using data on central government tax revenue to GDP from Mitchell and the spliced GDP,77.41819
FIN,Finland,1941,10.69448,11.14878,Derived using data on central government tax revenue to GDP from Mitchell and the spliced GDP,95.92513
FIN,Finland,1942,18.43452,15.50152,Derived using data on central government tax revenue to GDP from Mitchell and the spliced GDP,118.9207
FIN,Finland,1943,21.0541,13.81969,Derived using data on central government tax revenue to GDP from Mitchell and the spliced GDP,152.3486
FIN,Finland,1944,20.78088,12.15645,Derived using data on central government tax revenue to GDP from Mitchell and the spliced GDP,170.9453
FIN,Finland,1945,36.52776,13.86986,Derived using data on central government tax revenue to GDP from Mitchell and the spliced GDP,263.3606
FIN,Finland,1946,67.99577,17.20548,Derived using data on central government tax revenue to GDP from Mitchell and the spliced GDP,395.1983
FIN,Finland,1947,91.09258,16.95623,Derived using data on central government tax revenue to GDP from Mitchell and the spliced GDP,537.2219
FIN,Finland,1948,132.5399,17.88537,Derived using data on central government tax revenue to GDP from Mitchell and the spliced GDP,741.0519
FIN,Finland,1949,134.5396,16.78153,Derived using data on central government tax revenue to GDP from Mitchell and the spliced GDP,801.7125
FIN,Finland,1950,169.8721,17.18464,Derived using data on central government tax revenue to GDP from Mitchell and the spliced GDP,988.5109
FIN,Finland,1951,237.3606,16.54589,Derived using data on central government tax revenue to GDP from Mitchell and the spliced GDP,1434.559
FIN,Finland,1952,265.8942,17.79141,Derived using data on central government tax revenue to GDP from Mitchell and the spliced GDP,1494.509
FIN,Finland,1953,220.3317,14.93363,Derived using data on central government tax revenue to GDP from Mitchell and the spliced GDP,1475.406
FIN,Finland,1954,225.3094,13.76238,Derived using data on central government tax revenue to GDP from Mitchell and the spliced GDP,1637.141
FIN,Finland,1955,243.4448,13.42342,Derived using data on central government tax revenue to GDP from Mitchell and the spliced GDP,1813.582
FIN,Finland,1956,311.0487,15.40984,Derived using data on central government tax revenue to GDP from Mitchell and the spliced GDP,2018.508
FIN,Finland,1957,336.3768,15.30303,Derived using data on central government tax revenue to GDP from Mitchell and the spliced GDP,2198.106
FIN,Finland,1958,325.9651,13.80282,Derived using data on central government tax revenue to GDP from Mitchell and the spliced GDP,2361.584
FIN,Finland,1959,366.6906,14.25,Derived using data on central government tax revenue to GDP from Mitchell and the spliced GDP,2573.267
FIN,Finland,1960,448.2245,15.61728,Derived using data on central government tax revenue to GDP from Mitchell and the spliced GDP,2870.054
FIN,Finland,1961,480.9202,14.78261,Derived using data on central government tax revenue to GDP from Mitchell and the spliced GDP,3253.284
FIN,Finland,1962,525.1674,15.07614,Derived using data on central government tax revenue to GDP from Mitchell and the spliced GDP,3483.434
FIN,Finland,1963,494.9767,13.08411,Derived using data on central government tax revenue to GDP from Mitchell and the spliced GDP,3783.036
FIN,Finland,1964,619.6743,14.52282,Derived using data on central government tax revenue to GDP from Mitchell and the spliced GDP,4266.9
FIN,Finland,1965,709.605,15.03759,Derived using data on central government tax revenue to GDP from Mitchell and the spliced GDP,4718.874
FIN,Finland,1966,796.0043,15.73427,Derived using data on central government tax revenue to GDP from Mitchell and the spliced GDP,5059.049
FIN,Finland,1967,939.6564,16.93291,Derived using data on central government tax revenue to GDP from Mitchell and the spliced GDP,5549.292
FIN,Finland,1968,1134.171,17.8273,Derived using data on central government tax revenue to GDP from Mitchell and the spliced GDP,6361.993
FIN,Finland,1969,1204.377,16.58537,Derived using data on central government tax revenue to GDP from Mitchell and the spliced GDP,7261.686
FIN,Finland,1970,1365.53,16.84902,Derived using data on central government tax revenue to GDP from Mitchell and the spliced GDP,8104.507
FIN,Finland,1971,1540.103,17.29622,Derived using data on central government tax revenue to GDP from Mitchell and the spliced GDP,8904.273
FIN,Finland,1972,1861.129,17.91809,Derived using data on central government tax revenue to GDP from Mitchell and the spliced GDP,10386.87
FIN,Finland,1973,2266.694,17.92717,Derived using data on central government tax revenue to GDP from Mitchell and the spliced GDP,12643.9
FIN,Finland,1974,2797.964,17.53607,Derived using data on central government tax revenue to GDP from Mitchell and the spliced GDP,15955.48
FIN,Finland,1975,3216.547,17.59615,Derived using data on central government tax revenue to GDP from Mitchell and the spliced GDP,18279.83
FIN,Finland,1976,4136.166,20,Derived using data on central government tax revenue to GDP from Mitchell and the spliced GDP,20680.83
FIN,Finland,1977,4424.575,19.38461,Derived using data on central government tax revenue to GDP from Mitchell and the spliced GDP,22825.19
FIN,Finland,1978,4646.405,18.39161,Derived using data on central government tax revenue to GDP from Mitchell and the spliced GDP,25263.72
FIN,Finland,1979,5062.031,17.30539,Derived using data on central government tax revenue to GDP from Mitchell and the spliced GDP,29251.18
FIN,Finland,1980,6052.133,17.92746,Derived using data on central government tax revenue to GDP from Mitchell and the spliced GDP,33759.01
FIN,Finland,1981,7179.593,18.81279,Derived using data on central government tax revenue to GDP from Mitchell and the spliced GDP,38163.37
FIN,Finland,1982,7986.023,18.61789,Derived using data on central government tax revenue to GDP from Mitchell and the spliced GDP,42894.36
FIN,Finland,1983,8586.771,17.93358,Derived using data on central government tax revenue to GDP from Mitchell and the spliced GDP,47880.97
FIN,Finland,1984,9927.167,18.55738,Derived using data on central government tax revenue to GDP from Mitchell and the spliced GDP,53494.45
FIN,Finland,1985,11149.44,19.15408,Derived using data on central government tax revenue to GDP from Mitchell and the spliced GDP,58209.21
FIN,Finland,1986,12217.69,19.49296,Derived using data on central government tax revenue to GDP from Mitchell and the spliced GDP,62677.48
FIN,Finland,1987,13216.7,19.40569,Derived using data on central government tax revenue to GDP from Mitchell and the spliced GDP,68107.36
FIN,Finland,1988,15507.43,20.06912,Derived using data on central government tax revenue to GDP from Mitchell and the spliced GDP,77270.1
FIN,Finland,1989,17482.7,20.24641,Derived using data on central government tax revenue to GDP from Mitchell and the spliced GDP,86349.66
FIN,Finland,1990,18669.7,20.52427,Derived using data on central government tax revenue to GDP from Mitchell and the spliced GDP,90964
FIN,Finland,1991,20427.21,23.50306,Derived using data on central government tax revenue to GDP from Mitchell and the spliced GDP,86913
FIN,Finland,1992,18272.54,21.55136,Derived using data on central government tax revenue to GDP from Mitchell and the spliced GDP,84786
FIN,Finland,1993,16141.05,18.85417,Derived using data on central government tax revenue to GDP from Mitchell and the spliced GDP,85610
FIN,Finland,1994,,,Derived using data on central government tax revenue to GDP from EUS and the spliced GDP,90646
FIN,Finland,1995,20379.98,20.7,Derived using data on central government tax revenue to GDP from EUS and the spliced GDP,98454
FIN,Finland,1996,22434.94,22,Derived using data on central government tax revenue to GDP from EUS and the spliced GDP,101977
FIN,Finland,1997,25032.66,22.6,Derived using data on central government tax revenue to GDP from EUS and the spliced GDP,110764
FIN,Finland,1998,27337.84,22.7,Derived using data on central government tax revenue to GDP from EUS and the spliced GDP,120431
FIN,Finland,1999,28422.91,22.4,Derived using data on central government tax revenue to GDP from EUS and the spliced GDP,126888
FIN,Finland,2000,33141.8,24.3,Derived using data on central government tax revenue to GDP from EUS and the spliced GDP,136386
FIN,Finland,2001,31670.25,21.9,Derived using data on central government tax revenue to GDP from EUS and the spliced GDP,144613
FIN,Finland,2002,33399,22.5,Derived using data on central government tax revenue to GDP from EUS and the spliced GDP,148440
FIN,Finland,2003,33528.79,22.1,Derived using data on central government tax revenue to GDP from EUS and the spliced GDP,151714
FIN,Finland,2004,34605.54,21.8,Derived using data on central government tax revenue to GDP from EUS and the spliced GDP,158741
FIN,Finland,2005,35897.19,21.8,Derived using data on central government tax revenue to GDP from EUS and the spliced GDP,164666
FIN,Finland,2006,36992.25,21.4,Derived using data on central government tax revenue to GDP from EUS and the spliced GDP,172861
FIN,Finland,2007,39469.45,21.1,Derived using data on central government tax revenue to GDP from EUS and the spliced GDP,187059
FIN,Finland,2008,39821.86,20.5,Derived using data on central government tax revenue to GDP from EUS and the spliced GDP,194253
FIN,Finland,2009,34347.91,18.9,Derived using data on central government tax revenue to GDP from EUS and the spliced GDP,181735
FIN,Finland,2010,34995.34,18.6,Derived using data on central government tax revenue to GDP from EUS and the spliced GDP,188147
FIN,Finland,2011,39728.66,20.1,Derived using data on central government tax revenue to GDP from EUS and the spliced GDP,197655
FIN,Finland,2012,40476.36,20.2,Derived using data on central government tax revenue to GDP from EUS and the spliced GDP,200378
FIN,Finland,2013,42123.88,20.7,Derived using data on central government tax revenue to GDP from EUS and the spliced GDP,203497
FIN,Finland,2014,42611.99,20.7,Derived using data on central government tax revenue to GDP from EUS and the spliced GDP,205855
FIN,Finland,2015,43299.55,20.6,Derived using data on central government tax revenue to GDP from EUS and the spliced GDP,210192
FIN,Finland,2016,45300.57,21,Derived using data on central government tax revenue to GDP from EUS and the spliced GDP,215717
FIN,Finland,2017,46963.55,20.9,Derived using data on central government tax revenue to GDP from EUS and the spliced GDP,224706
FIN,Finland,2018,48700.05,21,Derived using data on central government tax revenue to GDP from EUS and the spliced GDP,231905
FIN,Finland,2019,49611.74,20.8,Derived using data on central government tax revenue to GDP from EUS and the spliced GDP,238518
FIN,Finland,2020,47277.4,20,Derived using data on central government tax revenue to GDP from EUS and the spliced GDP,236387
FIN,Finland,2021,51742.91,20.8,Derived using data on central government tax revenue to GDP from EUS and the spliced GDP,248764
FIN,Finland,2022,56418.29,21.2,Derived using data on central government tax revenue to GDP from EUS and the spliced GDP,266124
FIN,Finland,2023,69423.28,25.4,Derived using data on central government tax revenue to GDP from EUS and the spliced GDP,273320
FIN,Finland,2024,70311.37,25.3,Derived using data on central government tax revenue to GDP from EUS and the spliced GDP,277910.6
FRA,France,1838,.4408789,2.267626,Derived using data on central government tax revenue to GDP from Mitchell and the spliced GDP,19.44231
FRA,France,1839,,,Derived using data on central government tax revenue to GDP from Mitchell and the spliced GDP,18.87804
FRA,France,1840,.4438883,2.190702,Derived using data on central government tax revenue to GDP from Mitchell and the spliced GDP,20.26237
FRA,France,1841,,,Derived using data on central government tax revenue to GDP from Mitchell and the spliced GDP,21.1667
FRA,France,1842,.4468977,2.160786,Derived using data on central government tax revenue to GDP from Mitchell and the spliced GDP,20.68219
FRA,France,1843,,,Derived using data on central government tax revenue to GDP from Mitchell and the spliced GDP,20.48206
FRA,France,1844,.4499072,2.156354,Derived using data on central government tax revenue to GDP from Mitchell and the spliced GDP,20.86426
FRA,France,1845,,,Derived using data on central government tax revenue to GDP from Mitchell and the spliced GDP,21.08545
FRA,France,1846,.4484025,1.99665,Derived using data on central government tax revenue to GDP from Mitchell and the spliced GDP,22.45774
FRA,France,1847,.2091542,.8010604,Derived using data on central government tax revenue to GDP from Mitchell and the spliced GDP,26.10966
FRA,France,1848,.5898449,3.017241,Derived using data on central government tax revenue to GDP from Mitchell and the spliced GDP,19.54914
FRA,France,1849,.1956118,.9228367,Derived using data on central government tax revenue to GDP from Mitchell and the spliced GDP,21.1968
FRA,France,1850,.6455191,3.004412,Derived using data on central government tax revenue to GDP from Mitchell and the spliced GDP,21.4857
FRA,France,1851,.6334813,2.974424,Derived using data on central government tax revenue to GDP from Mitchell and the spliced GDP,21.29761
FRA,France,1852,.6304719,2.621043,Derived using data on central government tax revenue to GDP from Mitchell and the spliced GDP,24.05424
FRA,France,1853,.6319766,2.578902,Derived using data on central government tax revenue to GDP from Mitchell and the spliced GDP,24.50565
FRA,France,1854,.6485284,2.342901,Derived using data on central government tax revenue to GDP from Mitchell and the spliced GDP,27.68058
FRA,France,1855,.7132308,2.563825,Derived using data on central government tax revenue to GDP from Mitchell and the spliced GDP,27.81901
FRA,France,1856,.6981837,2.318725,Derived using data on central government tax revenue to GDP from Mitchell and the spliced GDP,30.11068
FRA,France,1857,.7162402,2.386324,Derived using data on central government tax revenue to GDP from Mitchell and the spliced GDP,30.01438
FRA,France,1858,.7252685,2.609072,Derived using data on central government tax revenue to GDP from Mitchell and the spliced GDP,27.79795
FRA,France,1859,.7388108,2.756104,Derived using data on central government tax revenue to GDP from Mitchell and the spliced GDP,26.80634
FRA,France,1860,.6560519,2.107909,Derived using data on central government tax revenue to GDP from Mitchell and the spliced GDP,31.12334
FRA,France,1861,.6500331,2.031985,Derived using data on central government tax revenue to GDP from Mitchell and the spliced GDP,31.99006
FRA,France,1862,.6966789,2.110878,Derived using data on central government tax revenue to GDP from Mitchell and the spliced GDP,33.00423
FRA,France,1863,.722259,2.207303,Derived using data on central government tax revenue to GDP from Mitchell and the spliced GDP,32.72134
FRA,France,1864,.6786226,2.074517,Derived using data on central government tax revenue to GDP from Mitchell and the spliced GDP,32.71232
FRA,France,1865,.6695943,2.128168,Derived using data on central government tax revenue to GDP from Mitchell and the spliced GDP,31.46341
FRA,France,1866,.6741084,1.971224,Derived using data on central government tax revenue to GDP from Mitchell and the spliced GDP,34.19746
FRA,France,1867,.6771178,1.996805,Derived using data on central government tax revenue to GDP from Mitchell and the spliced GDP,33.91006
FRA,France,1868,1.700318,4.51278,Derived using data on central government tax revenue to GDP from Mitchell and the spliced GDP,37.67785
FRA,France,1869,1.653672,4.337873,Derived using data on central government tax revenue to GDP from Mitchell and the spliced GDP,38.12173
FRA,France,1870,1.485145,4.119537,Derived using data on central government tax revenue to GDP from Mitchell and the spliced GDP,36.05126
FRA,France,1871,1.641635,4.606874,Derived using data on central government tax revenue to GDP from Mitchell and the spliced GDP,35.63446
FRA,France,1872,1.977184,5.265478,Derived using data on central government tax revenue to GDP from Mitchell and the spliced GDP,37.54995
FRA,France,1873,2.190853,6.011561,Derived using data on central government tax revenue to GDP from Mitchell and the spliced GDP,36.44399
FRA,France,1874,2.266088,5.793868,Derived using data on central government tax revenue to GDP from Mitchell and the spliced GDP,39.11183
FRA,France,1875,2.475242,6.269772,Derived using data on central government tax revenue to GDP from Mitchell and the spliced GDP,39.47898
FRA,France,1876,2.545963,6.876931,Derived using data on central government tax revenue to GDP from Mitchell and the spliced GDP,37.02179
FRA,France,1877,2.533925,6.57222,Derived using data on central government tax revenue to GDP from Mitchell and the spliced GDP,38.55509
FRA,France,1878,2.613675,6.95802,Derived using data on central government tax revenue to GDP from Mitchell and the spliced GDP,37.56349
FRA,France,1879,2.672359,7.739574,Derived using data on central government tax revenue to GDP from Mitchell and the spliced GDP,34.5285
FRA,France,1880,2.750603,7.194301,Derived using data on central government tax revenue to GDP from Mitchell and the spliced GDP,38.23308
FRA,France,1881,2.786716,6.990262,Derived using data on central government tax revenue to GDP from Mitchell and the spliced GDP,39.86569
FRA,France,1882,2.786716,6.64991,Derived using data on central government tax revenue to GDP from Mitchell and the spliced GDP,41.90607
FRA,France,1883,2.824334,6.889843,Derived using data on central government tax revenue to GDP from Mitchell and the spliced GDP,40.99271
FRA,France,1884,2.786716,7.114594,Derived using data on central government tax revenue to GDP from Mitchell and the spliced GDP,39.16901
FRA,France,1885,2.776183,7.350597,Derived using data on central government tax revenue to GDP from Mitchell and the spliced GDP,37.76813
FRA,France,1886,2.79123,7.353524,Derived using data on central government tax revenue to GDP from Mitchell and the spliced GDP,37.95772
FRA,France,1887,2.812296,7.433185,Derived using data on central government tax revenue to GDP from Mitchell and the spliced GDP,37.83434
FRA,France,1888,2.873989,7.436536,Derived using data on central government tax revenue to GDP from Mitchell and the spliced GDP,38.64688
FRA,France,1889,2.887532,6.99701,Derived using data on central government tax revenue to GDP from Mitchell and the spliced GDP,41.26808
FRA,France,1890,2.991356,6.872234,Derived using data on central government tax revenue to GDP from Mitchell and the spliced GDP,43.52814
FRA,France,1891,3.051544,6.914186,Derived using data on central government tax revenue to GDP from Mitchell and the spliced GDP,44.13454
FRA,France,1892,3.056059,7.077148,Derived using data on central government tax revenue to GDP from Mitchell and the spliced GDP,43.18206
FRA,France,1893,3.063582,7.232425,Derived using data on central government tax revenue to GDP from Mitchell and the spliced GDP,42.35899
FRA,France,1894,3.086153,7.219797,Derived using data on central government tax revenue to GDP from Mitchell and the spliced GDP,42.7457
FRA,France,1895,3.02446,7.398954,Derived using data on central government tax revenue to GDP from Mitchell and the spliced GDP,40.87685
FRA,France,1896,3.044021,7.034564,Derived using data on central government tax revenue to GDP from Mitchell and the spliced GDP,43.27235
FRA,France,1897,3.12678,6.831032,Derived using data on central government tax revenue to GDP from Mitchell and the spliced GDP,45.77317
FRA,France,1898,3.220072,6.708464,Derived using data on central government tax revenue to GDP from Mitchell and the spliced GDP,48.00013
FRA,France,1899,3.20352,6.536489,Derived using data on central government tax revenue to GDP from Mitchell and the spliced GDP,49.00979
FRA,France,1900,3.28026,6.645126,Derived using data on central government tax revenue to GDP from Mitchell and the spliced GDP,49.3634
FRA,France,1901,3.071105,6.597065,Derived using data on central government tax revenue to GDP from Mitchell and the spliced GDP,46.5526
FRA,France,1902,3.042516,6.342535,Derived using data on central government tax revenue to GDP from Mitchell and the spliced GDP,47.97004
FRA,France,1903,3.182454,6.240595,Derived using data on central government tax revenue to GDP from Mitchell and the spliced GDP,50.996
FRA,France,1904,3.244147,6.519307,Derived using data on central government tax revenue to GDP from Mitchell and the spliced GDP,49.76215
FRA,France,1905,3.275746,6.554268,Derived using data on central government tax revenue to GDP from Mitchell and the spliced GDP,49.97882
FRA,France,1906,3.366028,6.281061,Derived using data on central government tax revenue to GDP from Mitchell and the spliced GDP,53.59011
FRA,France,1907,3.489414,5.985907,Derived using data on central government tax revenue to GDP from Mitchell and the spliced GDP,58.29383
FRA,France,1908,3.498442,6.228902,Derived using data on central government tax revenue to GDP from Mitchell and the spliced GDP,56.16467
FRA,France,1909,3.629351,6.014812,Derived using data on central government tax revenue to GDP from Mitchell and the spliced GDP,60.34023
FRA,France,1910,3.773803,6.129931,Derived using data on central government tax revenue to GDP from Mitchell and the spliced GDP,61.56355
FRA,France,1911,4.291422,6.325268,Derived using data on central government tax revenue to GDP from Mitchell and the spliced GDP,67.8457
FRA,France,1912,4.195121,5.648298,Derived using data on central government tax revenue to GDP from Mitchell and the spliced GDP,74.2723
FRA,France,1913,4.42835,5.936939,Derived using data on central government tax revenue to GDP from Mitchell and the spliced GDP,74.5898
FRA,France,1914,,,Derived using data on central government tax revenue to GDP from Mitchell and the spliced GDP,70.70802
FRA,France,1915,,,Derived using data on central government tax revenue to GDP from Mitchell and the spliced GDP,81.48481
FRA,France,1916,,,Derived using data on central government tax revenue to GDP from Mitchell and the spliced GDP,98.44384
FRA,France,1917,,,Derived using data on central government tax revenue to GDP from Mitchell and the spliced GDP,97.91569
FRA,France,1918,,,Derived using data on central government tax revenue to GDP from Mitchell and the spliced GDP,100.1322
FRA,France,1919,,,Derived using data on central government tax revenue to GDP from Mitchell and the spliced GDP,148.3377
FRA,France,1920,15.34048,5.81339,Derived using data on central government tax revenue to GDP from Mitchell and the spliced GDP,263.8819
FRA,France,1921,19.30087,9.591786,Derived using data on central government tax revenue to GDP from Mitchell and the spliced GDP,201.2229
FRA,France,1922,20.22175,8.634892,Derived using data on central government tax revenue to GDP from Mitchell and the spliced GDP,234.1865
FRA,France,1923,24.22577,8.520277,Derived using data on central government tax revenue to GDP from Mitchell and the spliced GDP,284.3308
FRA,France,1924,30.5335,9.338758,Derived using data on central government tax revenue to GDP from Mitchell and the spliced GDP,326.9546
FRA,France,1925,32.88084,8.813245,Derived using data on central government tax revenue to GDP from Mitchell and the spliced GDP,373.0844
FRA,France,1926,45.15624,9.26904,Derived using data on central government tax revenue to GDP from Mitchell and the spliced GDP,487.1728
FRA,France,1927,48.97066,10.6878,Derived using data on central government tax revenue to GDP from Mitchell and the spliced GDP,458.1921
FRA,France,1928,52.86635,10.63478,Derived using data on central government tax revenue to GDP from Mitchell and the spliced GDP,497.1083
FRA,France,1929,69.09311,13.25478,Derived using data on central government tax revenue to GDP from Mitchell and the spliced GDP,521.2694
FRA,France,1930,56.1767,11.17507,Derived using data on central government tax revenue to GDP from Mitchell and the spliced GDP,502.6968
FRA,France,1931,54.1002,12.0334,Derived using data on central government tax revenue to GDP from Mitchell and the spliced GDP,449.5836
FRA,France,1932,40.07936,10.00511,Derived using data on central government tax revenue to GDP from Mitchell and the spliced GDP,400.5889
FRA,France,1933,46.88514,12.52673,Derived using data on central government tax revenue to GDP from Mitchell and the spliced GDP,374.2806
FRA,France,1934,43.66357,12.61707,Derived using data on central government tax revenue to GDP from Mitchell and the spliced GDP,346.0674
FRA,France,1935,39.47145,12.83291,Derived using data on central government tax revenue to GDP from Mitchell and the spliced GDP,307.58
FRA,France,1936,39.70318,10.71217,Derived using data on central government tax revenue to GDP from Mitchell and the spliced GDP,370.6363
FRA,France,1937,44.75447,8.577303,Derived using data on central government tax revenue to GDP from Mitchell and the spliced GDP,521.778
FRA,France,1938,55.86974,8.969639,Derived using data on central government tax revenue to GDP from Mitchell and the spliced GDP,622.8762
FRA,France,1939,,,Derived using data on central government tax revenue to GDP from Mitchell and the spliced GDP,708.173
FRA,France,1940,,,Derived using data on central government tax revenue to GDP from Mitchell and the spliced GDP,694.5358
FRA,France,1941,,,Derived using data on central government tax revenue to GDP from Mitchell and the spliced GDP,643.9011
FRA,France,1942,,,Derived using data on central government tax revenue to GDP from Mitchell and the spliced GDP,696.0012
FRA,France,1943,,,Derived using data on central government tax revenue to GDP from Mitchell and the spliced GDP,818.8668
FRA,France,1944,,,Derived using data on central government tax revenue to GDP from Mitchell and the spliced GDP,846.7786
FRA,France,1945,,,Derived using data on central government tax revenue to GDP from Mitchell and the spliced GDP,1361.078
FRA,France,1946,,,Derived using data on central government tax revenue to GDP from Mitchell and the spliced GDP,3155.927
FRA,France,1947,,,Derived using data on central government tax revenue to GDP from Mitchell and the spliced GDP,5103.452
FRA,France,1948,,,Derived using data on central government tax revenue to GDP from Mitchell and the spliced GDP,8686.143
FRA,France,1949,1829.723,13.8025,Derived using data on central government tax revenue to GDP from Mitchell and the spliced GDP,13256.46
FRA,France,1950,2385.32,15.57843,Derived using data on central government tax revenue to GDP from Mitchell and the spliced GDP,15311.68
FRA,France,1951,3162.614,16.4,Derived using data on central government tax revenue to GDP from Mitchell and the spliced GDP,19284.23
FRA,France,1952,3539.875,15.7415,Derived using data on central government tax revenue to GDP from Mitchell and the spliced GDP,22487.54
FRA,France,1953,3770.82,16.18301,Derived using data on central government tax revenue to GDP from Mitchell and the spliced GDP,23301.11
FRA,France,1954,3900.14,15.74691,Derived using data on central government tax revenue to GDP from Mitchell and the spliced GDP,24767.65
FRA,France,1955,4063.464,15.25434,Derived using data on central government tax revenue to GDP from Mitchell and the spliced GDP,26638.09
FRA,France,1956,4488.971,15.28497,Derived using data on central government tax revenue to GDP from Mitchell and the spliced GDP,29368.52
FRA,France,1957,5366.595,16.1713,Derived using data on central government tax revenue to GDP from Mitchell and the spliced GDP,33185.93
FRA,France,1958,6457.287,16.85944,Derived using data on central government tax revenue to GDP from Mitchell and the spliced GDP,38300.72
FRA,France,1959,7208.704,17.22711,Derived using data on central government tax revenue to GDP from Mitchell and the spliced GDP,41845.12
FRA,France,1960,7958.593,17.17172,Derived using data on central government tax revenue to GDP from Mitchell and the spliced GDP,46347.1
FRA,France,1961,8681.045,17.27554,Derived using data on central government tax revenue to GDP from Mitchell and the spliced GDP,50250.49
FRA,France,1962,9938.393,17.64543,Derived using data on central government tax revenue to GDP from Mitchell and the spliced GDP,56322.77
FRA,France,1963,11288.9,17.87654,Derived using data on central government tax revenue to GDP from Mitchell and the spliced GDP,63149.26
FRA,France,1964,12978.99,18.53007,Derived using data on central government tax revenue to GDP from Mitchell and the spliced GDP,70042.88
FRA,France,1965,14299.55,18.90269,Derived using data on central government tax revenue to GDP from Mitchell and the spliced GDP,75648.2
FRA,France,1966,15111.22,18.43212,Derived using data on central government tax revenue to GDP from Mitchell and the spliced GDP,81983.07
FRA,France,1967,16176.6,18.24779,Derived using data on central government tax revenue to GDP from Mitchell and the spliced GDP,88649.64
FRA,France,1968,17596.89,18.19512,Derived using data on central government tax revenue to GDP from Mitchell and the spliced GDP,96712.11
FRA,France,1969,22268.76,20.01427,Derived using data on central government tax revenue to GDP from Mitchell and the spliced GDP,111264.4
FRA,France,1970,24423.54,19.61686,Derived using data on central government tax revenue to GDP from Mitchell and the spliced GDP,124502.8
FRA,France,1971,26504.96,19.08257,Derived using data on central government tax revenue to GDP from Mitchell and the spliced GDP,138896.2
FRA,France,1972,30115.95,19.41896,Derived using data on central government tax revenue to GDP from Mitchell and the spliced GDP,155085.3
FRA,France,1973,34433.64,19.36266,Derived using data on central government tax revenue to GDP from Mitchell and the spliced GDP,177835.3
FRA,France,1974,42614.18,20.54773,Derived using data on central government tax revenue to GDP from Mitchell and the spliced GDP,207391.1
FRA,France,1975,45177.7,19.33884,Derived using data on central government tax revenue to GDP from Mitchell and the spliced GDP,233611.2
FRA,France,1976,54850.51,20.32181,Derived using data on central government tax revenue to GDP from Mitchell and the spliced GDP,269909.6
FRA,France,1977,60799.29,20.01591,Derived using data on central government tax revenue to GDP from Mitchell and the spliced GDP,303754.8
FRA,France,1978,67655.44,19.60147,Derived using data on central government tax revenue to GDP from Mitchell and the spliced GDP,345155
FRA,France,1979,79450.79,20.14913,Derived using data on central government tax revenue to GDP from Mitchell and the spliced GDP,394313.7
FRA,France,1980,93260.41,20.84758,Derived using data on central government tax revenue to GDP from Mitchell and the spliced GDP,447344.1
FRA,France,1981,107417.7,21.2891,Derived using data on central government tax revenue to GDP from Mitchell and the spliced GDP,504566.6
FRA,France,1982,125284.5,21.64093,Derived using data on central government tax revenue to GDP from Mitchell and the spliced GDP,578924.1
FRA,France,1983,136782.3,21.28775,Derived using data on central government tax revenue to GDP from Mitchell and the spliced GDP,642540.2
FRA,France,1984,148447.2,21.22192,Derived using data on central government tax revenue to GDP from Mitchell and the spliced GDP,699499.7
FRA,France,1985,164472.6,21.92553,Derived using data on central government tax revenue to GDP from Mitchell and the spliced GDP,750141.9
FRA,France,1986,175689.4,21.74591,Derived using data on central government tax revenue to GDP from Mitchell and the spliced GDP,807919.2
FRA,France,1987,187086.3,22.03298,Derived using data on central government tax revenue to GDP from Mitchell and the spliced GDP,849119.2
FRA,France,1988,197318.9,21.51526,Derived using data on central government tax revenue to GDP from Mitchell and the spliced GDP,917111.5
FRA,France,1989,211189.7,21.34091,Derived using data on central government tax revenue to GDP from Mitchell and the spliced GDP,989600.4
FRA,France,1990,222300,21.28284,Derived using data on central government tax revenue to GDP from Mitchell and the spliced GDP,1044503
FRA,France,1991,231983.4,21.40496,Derived using data on central government tax revenue to GDP from Mitchell and the spliced GDP,1083783
FRA,France,1992,230137,20.52354,Derived using data on central government tax revenue to GDP from Mitchell and the spliced GDP,1121332
FRA,France,1993,225557.5,19.88564,Derived using data on central government tax revenue to GDP from Mitchell and the spliced GDP,1134273
FRA,France,1994,,,Derived using data on central government tax revenue to GDP from EUS and the spliced GDP,1172317
FRA,France,1995,240552.1,19.8,Derived using data on central government tax revenue to GDP from EUS and the spliced GDP,1214910
FRA,France,1996,255723.8,20.5,Derived using data on central government tax revenue to GDP from EUS and the spliced GDP,1247433
FRA,France,1997,265762.9,20.6,Derived using data on central government tax revenue to GDP from EUS and the spliced GDP,1290111
FRA,France,1998,276125,20.5,Derived using data on central government tax revenue to GDP from EUS and the spliced GDP,1346951
FRA,France,1999,292751.5,21,Derived using data on central government tax revenue to GDP from EUS and the spliced GDP,1394055
FRA,France,2000,296554.3,20.1,Derived using data on central government tax revenue to GDP from EUS and the spliced GDP,1475395
FRA,France,2001,304723.9,19.9,Derived using data on central government tax revenue to GDP from EUS and the spliced GDP,1531276
FRA,France,2002,303431.8,19.2,Derived using data on central government tax revenue to GDP from EUS and the spliced GDP,1580374
FRA,France,2003,303831.8,18.7,Derived using data on central government tax revenue to GDP from EUS and the spliced GDP,1624769
FRA,France,2004,331818.3,19.6,Derived using data on central government tax revenue to GDP from EUS and the spliced GDP,1692951
FRA,France,2005,336257.8,19.1,Derived using data on central government tax revenue to GDP from EUS and the spliced GDP,1760512
FRA,France,2006,338201.1,18.3,Derived using data on central government tax revenue to GDP from EUS and the spliced GDP,1848094
FRA,France,2007,345198.6,17.8,Derived using data on central government tax revenue to GDP from EUS and the spliced GDP,1939318
FRA,France,2008,344141.1,17.3,Derived using data on central government tax revenue to GDP from EUS and the spliced GDP,1989255
FRA,France,2009,309904.3,16,Derived using data on central government tax revenue to GDP from EUS and the spliced GDP,1936902
FRA,France,2010,344962.7,17.3,Derived using data on central government tax revenue to GDP from EUS and the spliced GDP,1994004
FRA,France,2011,344207.7,16.7,Derived using data on central government tax revenue to GDP from EUS and the spliced GDP,2061124
FRA,France,2012,361205.8,17.3,Derived using data on central government tax revenue to GDP from EUS and the spliced GDP,2087895
FRA,France,2013,377886.5,17.8,Derived using data on central government tax revenue to GDP from EUS and the spliced GDP,2122958
FRA,France,2014,381742.6,17.7,Derived using data on central government tax revenue to GDP from EUS and the spliced GDP,2156738
FRA,France,2015,392078.3,17.8,Derived using data on central government tax revenue to GDP from EUS and the spliced GDP,2202687
FRA,France,2016,394763,17.7,Derived using data on central government tax revenue to GDP from EUS and the spliced GDP,2230299
FRA,France,2017,419910.3,18.3,Derived using data on central government tax revenue to GDP from EUS and the spliced GDP,2294592
FRA,France,2018,424252.7,18,Derived using data on central government tax revenue to GDP from EUS and the spliced GDP,2356960
FRA,France,2019,418819.5,17.2,Derived using data on central government tax revenue to GDP from EUS and the spliced GDP,2434997
FRA,France,2020,393909.6,17,Derived using data on central government tax revenue to GDP from EUS and the spliced GDP,2317115
FRA,France,2021,398389.8,15.9,Derived using data on central government tax revenue to GDP from EUS and the spliced GDP,2505596
FRA,France,2022,432603.3,16.3,Derived using data on central government tax revenue to GDP from EUS and the spliced GDP,2654008
FRA,France,2023,426782.8,15.1,Derived using data on central government tax revenue to GDP from EUS and the spliced GDP,2826376
FRA,France,2024,430926.1,14.7,Derived using data on central government tax revenue to GDP from EUS and the spliced GDP,2931470
GAB,Gabon,1998,698258.8,23.60303,Derived using data on central government tax revenue to GDP from AFRISTAT and the spliced GDP,2958345
GAB,Gabon,1999,,,Derived using data on central government tax revenue to GDP from  and the spliced GDP,3178495
GAB,Gabon,2000,,,Derived using data on central government tax revenue to GDP from  and the spliced GDP,4041735
GAB,Gabon,2001,,,Derived using data on central government tax revenue to GDP from  and the spliced GDP,3798323
GAB,Gabon,2002,,,Derived using data on central government tax revenue to GDP from  and the spliced GDP,3766046
GAB,Gabon,2003,,,Derived using data on central government tax revenue to GDP from  and the spliced GDP,3811100
GAB,Gabon,2004,,,Derived using data on central government tax revenue to GDP from  and the spliced GDP,4143938
GAB,Gabon,2005,,,Derived using data on central government tax revenue to GDP from  and the spliced GDP,5052603
GAB,Gabon,2006,,,Derived using data on central government tax revenue to GDP from  and the spliced GDP,5395402
GAB,Gabon,2007,,,Derived using data on central government tax revenue to GDP from  and the spliced GDP,5961579
GAB,Gabon,2008,,,Derived using data on central government tax revenue to GDP from  and the spliced GDP,6944822
GAB,Gabon,2009,,,Derived using data on central government tax revenue to GDP from  and the spliced GDP,5697000
GAB,Gabon,2010,,,Derived using data on central government tax revenue to GDP from  and the spliced GDP,7111500
GAB,Gabon,2011,,,Derived using data on central government tax revenue to GDP from  and the spliced GDP,8581600
GAB,Gabon,2012,,,Derived using data on central government tax revenue to GDP from  and the spliced GDP,8766500
GAB,Gabon,2013,,,Derived using data on central government tax revenue to GDP from  and the spliced GDP,8690500
GAB,Gabon,2014,,,Derived using data on central government tax revenue to GDP from  and the spliced GDP,8988300
GAB,Gabon,2015,,,Derived using data on central government tax revenue to GDP from  and the spliced GDP,8503500
GAB,Gabon,2016,,,Derived using data on central government tax revenue to GDP from  and the spliced GDP,8310600
GAB,Gabon,2017,,,Derived using data on central government tax revenue to GDP from  and the spliced GDP,8669000
GAB,Gabon,2018,956600.3,10.21038,Derived using data on central government tax revenue to GDP from AFRISTAT and the spliced GDP,9368900
GAB,Gabon,2019,1193200,12.06849,Derived using data on central government tax revenue to GDP from AFRISTAT and the spliced GDP,9886900
GBR,United Kingdom,1830,38.74583,8.248614,Derived using data on central government tax revenue to GDP from Mitchell and the spliced GDP,469.7253
GBR,United Kingdom,1831,35.38286,7.651429,Derived using data on central government tax revenue to GDP from Mitchell and the spliced GDP,462.4347
GBR,United Kingdom,1832,38.14938,8.268301,Derived using data on central government tax revenue to GDP from Mitchell and the spliced GDP,461.3932
GBR,United Kingdom,1833,37.10435,8.208572,Derived using data on central government tax revenue to GDP from Mitchell and the spliced GDP,452.0195
GBR,United Kingdom,1834,36.9046,7.686209,Derived using data on central government tax revenue to GDP from Mitchell and the spliced GDP,480.1405
GBR,United Kingdom,1835,35.53173,7.005192,Derived using data on central government tax revenue to GDP from Mitchell and the spliced GDP,507.22
GBR,United Kingdom,1836,38.3961,6.982095,Derived using data on central government tax revenue to GDP from Mitchell and the spliced GDP,549.9223
GBR,United Kingdom,1837,37.40675,6.987462,Derived using data on central government tax revenue to GDP from Mitchell and the spliced GDP,535.3411
GBR,United Kingdom,1838,36.71658,6.516246,Derived using data on central government tax revenue to GDP from Mitchell and the spliced GDP,563.462
GBR,United Kingdom,1839,37.00273,6.310415,Derived using data on central government tax revenue to GDP from Mitchell and the spliced GDP,586.3755
GBR,United Kingdom,1840,38.3466,6.792976,Derived using data on central government tax revenue to GDP from Mitchell and the spliced GDP,564.5036
GBR,United Kingdom,1841,39.86017,7.374021,Derived using data on central government tax revenue to GDP from Mitchell and the spliced GDP,540.5486
GBR,United Kingdom,1842,38.67676,7.547751,Derived using data on central government tax revenue to GDP from Mitchell and the spliced GDP,512.4276
GBR,United Kingdom,1843,43.36911,8.446294,Derived using data on central government tax revenue to GDP from Mitchell and the spliced GDP,513.4691
GBR,United Kingdom,1844,43.43765,7.824772,Derived using data on central government tax revenue to GDP from Mitchell and the spliced GDP,555.1299
GBR,United Kingdom,1845,42.70909,7.219458,Derived using data on central government tax revenue to GDP from Mitchell and the spliced GDP,591.5831
GBR,United Kingdom,1846,40.72622,6.684221,Derived using data on central government tax revenue to GDP from Mitchell and the spliced GDP,609.2889
GBR,United Kingdom,1847,20.95999,3.277595,Derived using data on central government tax revenue to GDP from Mitchell and the spliced GDP,639.493
GBR,United Kingdom,1848,41.45054,6.826439,Derived using data on central government tax revenue to GDP from Mitchell and the spliced GDP,607.2059
GBR,United Kingdom,1849,40.58415,6.59328,Derived using data on central government tax revenue to GDP from Mitchell and the spliced GDP,615.538
GBR,United Kingdom,1850,41.13428,7.260016,Derived using data on central government tax revenue to GDP from Mitchell and the spliced GDP,566.5866
GBR,United Kingdom,1851,39.30919,6.715686,Derived using data on central government tax revenue to GDP from Mitchell and the spliced GDP,585.334
GBR,United Kingdom,1852,41.15464,6.777708,Derived using data on central government tax revenue to GDP from Mitchell and the spliced GDP,607.2059
GBR,United Kingdom,1853,42.00326,6.129001,Derived using data on central government tax revenue to GDP from Mitchell and the spliced GDP,685.3198
GBR,United Kingdom,1854,47.52402,6.372836,Derived using data on central government tax revenue to GDP from Mitchell and the spliced GDP,745.728
GBR,United Kingdom,1855,50.6036,6.766897,Derived using data on central government tax revenue to GDP from Mitchell and the spliced GDP,747.811
GBR,United Kingdom,1856,54.04781,6.855115,Derived using data on central government tax revenue to GDP from Mitchell and the spliced GDP,788.4303
GBR,United Kingdom,1857,48.62953,6.23377,Derived using data on central government tax revenue to GDP from Mitchell and the spliced GDP,780.0981
GBR,United Kingdom,1858,45.05388,6.084084,Derived using data on central government tax revenue to GDP from Mitchell and the spliced GDP,740.5204
GBR,United Kingdom,1859,48.90521,6.146026,Derived using data on central government tax revenue to GDP from Mitchell and the spliced GDP,795.7209
GBR,United Kingdom,1860,49.37451,6.069939,Derived using data on central government tax revenue to GDP from Mitchell and the spliced GDP,813.4268
GBR,United Kingdom,1861,47.81677,5.6332,Derived using data on central government tax revenue to GDP from Mitchell and the spliced GDP,848.8384
GBR,United Kingdom,1862,46.62328,5.479152,Derived using data on central government tax revenue to GDP from Mitchell and the spliced GDP,850.9214
GBR,United Kingdom,1863,40.89689,4.407022,Derived using data on central government tax revenue to GDP from Mitchell and the spliced GDP,927.9939
GBR,United Kingdom,1864,46.63999,4.763906,Derived using data on central government tax revenue to GDP from Mitchell and the spliced GDP,979.0284
GBR,United Kingdom,1865,43.00569,4.31466,Derived using data on central government tax revenue to GDP from Mitchell and the spliced GDP,996.7342
GBR,United Kingdom,1866,43.35846,4.209302,Derived using data on central government tax revenue to GDP from Mitchell and the spliced GDP,1030.063
GBR,United Kingdom,1867,44.08874,4.332771,Derived using data on central government tax revenue to GDP from Mitchell and the spliced GDP,1017.565
GBR,United Kingdom,1868,60.30947,5.860857,Derived using data on central government tax revenue to GDP from Mitchell and the spliced GDP,1029.021
GBR,United Kingdom,1869,50.63751,4.794761,Derived using data on central government tax revenue to GDP from Mitchell and the spliced GDP,1056.101
GBR,United Kingdom,1870,44.8807,3.975236,Derived using data on central government tax revenue to GDP from Mitchell and the spliced GDP,1129.007
GBR,United Kingdom,1871,47.66123,3.931378,Derived using data on central government tax revenue to GDP from Mitchell and the spliced GDP,1212.329
GBR,United Kingdom,1872,50.40467,3.937781,Derived using data on central government tax revenue to GDP from Mitchell and the spliced GDP,1280.027
GBR,United Kingdom,1873,48.11216,3.594879,Derived using data on central government tax revenue to GDP from Mitchell and the spliced GDP,1338.353
GBR,United Kingdom,1874,44.49165,3.332138,Derived using data on central government tax revenue to GDP from Mitchell and the spliced GDP,1335.228
GBR,United Kingdom,1875,47.86267,3.6705,Derived using data on central government tax revenue to GDP from Mitchell and the spliced GDP,1303.982
GBR,United Kingdom,1876,49.51217,3.846148,Derived using data on central government tax revenue to GDP from Mitchell and the spliced GDP,1287.318
GBR,United Kingdom,1877,49.82388,3.921121,Derived using data on central government tax revenue to GDP from Mitchell and the spliced GDP,1270.654
GBR,United Kingdom,1878,48.64969,3.902281,Derived using data on central government tax revenue to GDP from Mitchell and the spliced GDP,1246.699
GBR,United Kingdom,1879,51.32341,4.284994,Derived using data on central government tax revenue to GDP from Mitchell and the spliced GDP,1197.747
GBR,United Kingdom,1880,46.66613,3.625066,Derived using data on central government tax revenue to GDP from Mitchell and the spliced GDP,1287.318
GBR,United Kingdom,1881,52.09774,3.982555,Derived using data on central government tax revenue to GDP from Mitchell and the spliced GDP,1308.149
GBR,United Kingdom,1882,55.40565,4.111046,Derived using data on central government tax revenue to GDP from Mitchell and the spliced GDP,1347.726
GBR,United Kingdom,1883,51.84774,3.826354,Derived using data on central government tax revenue to GDP from Mitchell and the spliced GDP,1355.017
GBR,United Kingdom,1884,52.31288,3.973691,Derived using data on central government tax revenue to GDP from Mitchell and the spliced GDP,1316.481
GBR,United Kingdom,1885,54.52056,4.231781,Derived using data on central government tax revenue to GDP from Mitchell and the spliced GDP,1288.36
GBR,United Kingdom,1886,55.78893,4.298952,Derived using data on central government tax revenue to GDP from Mitchell and the spliced GDP,1297.733
GBR,United Kingdom,1887,55.62494,4.117771,Derived using data on central government tax revenue to GDP from Mitchell and the spliced GDP,1350.851
GBR,United Kingdom,1888,56.32163,4.020551,Derived using data on central government tax revenue to GDP from Mitchell and the spliced GDP,1400.844
GBR,United Kingdom,1889,57.70501,3.907238,Derived using data on central government tax revenue to GDP from Mitchell and the spliced GDP,1476.875
GBR,United Kingdom,1890,59.05516,3.905025,Derived using data on central government tax revenue to GDP from Mitchell and the spliced GDP,1512.286
GBR,United Kingdom,1891,58.84929,3.891412,Derived using data on central government tax revenue to GDP from Mitchell and the spliced GDP,1512.286
GBR,United Kingdom,1892,57.80102,3.910981,Derived using data on central government tax revenue to GDP from Mitchell and the spliced GDP,1477.916
GBR,United Kingdom,1893,61.08856,4.133425,Derived using data on central government tax revenue to GDP from Mitchell and the spliced GDP,1477.916
GBR,United Kingdom,1894,61.84149,3.968998,Derived using data on central government tax revenue to GDP from Mitchell and the spliced GDP,1558.113
GBR,United Kingdom,1895,65.76754,4.127173,Derived using data on central government tax revenue to GDP from Mitchell and the spliced GDP,1593.525
GBR,United Kingdom,1896,64.37894,3.907238,Derived using data on central government tax revenue to GDP from Mitchell and the spliced GDP,1647.684
GBR,United Kingdom,1897,69.35339,4.107875,Derived using data on central government tax revenue to GDP from Mitchell and the spliced GDP,1688.303
GBR,United Kingdom,1898,68.22104,3.828255,Derived using data on central government tax revenue to GDP from Mitchell and the spliced GDP,1782.04
GBR,United Kingdom,1899,73.06356,3.865065,Derived using data on central government tax revenue to GDP from Mitchell and the spliced GDP,1890.358
GBR,United Kingdom,1900,84.8526,4.322016,Derived using data on central government tax revenue to GDP from Mitchell and the spliced GDP,1963.264
GBR,United Kingdom,1901,89.64062,4.527467,Derived using data on central government tax revenue to GDP from Mitchell and the spliced GDP,1979.929
GBR,United Kingdom,1902,100.0116,5.027472,Derived using data on central government tax revenue to GDP from Mitchell and the spliced GDP,1989.302
GBR,United Kingdom,1903,91.43311,4.657198,Derived using data on central government tax revenue to GDP from Mitchell and the spliced GDP,1963.264
GBR,United Kingdom,1904,91.59955,4.660731,Derived using data on central government tax revenue to GDP from Mitchell and the spliced GDP,1965.347
GBR,United Kingdom,1905,91.13837,4.47368,Derived using data on central government tax revenue to GDP from Mitchell and the spliced GDP,2037.212
GBR,United Kingdom,1906,91.96991,4.341376,Derived using data on central government tax revenue to GDP from Mitchell and the spliced GDP,2118.451
GBR,United Kingdom,1907,93.40673,4.254418,Derived using data on central government tax revenue to GDP from Mitchell and the spliced GDP,2195.523
GBR,United Kingdom,1908,87.25803,4.172288,Derived using data on central government tax revenue to GDP from Mitchell and the spliced GDP,2091.371
GBR,United Kingdom,1909,65.71481,3.076311,Derived using data on central government tax revenue to GDP from Mitchell and the spliced GDP,2136.156
GBR,United Kingdom,1910,124.421,5.587512,Derived using data on central government tax revenue to GDP from Mitchell and the spliced GDP,2226.769
GBR,United Kingdom,1911,106.0005,4.576208,Derived using data on central government tax revenue to GDP from Mitchell and the spliced GDP,2316.339
GBR,United Kingdom,1912,107.4708,4.449615,Derived using data on central government tax revenue to GDP from Mitchell and the spliced GDP,2415.284
GBR,United Kingdom,1913,108.4985,4.310023,Derived using data on central government tax revenue to GDP from Mitchell and the spliced GDP,2517.353
GBR,United Kingdom,1914,134.8636,5.296005,Derived using data on central government tax revenue to GDP from Mitchell and the spliced GDP,2546.515
GBR,United Kingdom,1915,213.148,6.987062,Derived using data on central government tax revenue to GDP from Mitchell and the spliced GDP,3050.611
GBR,United Kingdom,1916,401.4511,11.36008,Derived using data on central government tax revenue to GDP from Mitchell and the spliced GDP,3533.876
GBR,United Kingdom,1917,468.9569,10.72564,Derived using data on central government tax revenue to GDP from Mitchell and the spliced GDP,4372.299
GBR,United Kingdom,1918,606.8716,11.69803,Derived using data on central government tax revenue to GDP from Mitchell and the spliced GDP,5187.809
GBR,United Kingdom,1919,774.4445,13.90634,Derived using data on central government tax revenue to GDP from Mitchell and the spliced GDP,5569.005
GBR,United Kingdom,1920,809.7285,13.12594,Derived using data on central government tax revenue to GDP from Mitchell and the spliced GDP,6168.92
GBR,United Kingdom,1921,679.0841,13.40487,Derived using data on central government tax revenue to GDP from Mitchell and the spliced GDP,5065.951
GBR,United Kingdom,1922,626.3149,13.60822,Derived using data on central government tax revenue to GDP from Mitchell and the spliced GDP,4602.475
GBR,United Kingdom,1923,575.087,13.0937,Derived using data on central government tax revenue to GDP from Mitchell and the spliced GDP,4392.088
GBR,United Kingdom,1924,549.0184,12.17958,Derived using data on central government tax revenue to GDP from Mitchell and the spliced GDP,4507.696
GBR,United Kingdom,1925,528.3104,11.35041,Derived using data on central government tax revenue to GDP from Mitchell and the spliced GDP,4654.551
GBR,United Kingdom,1926,517.0242,11.51504,Derived using data on central government tax revenue to GDP from Mitchell and the spliced GDP,4489.991
GBR,United Kingdom,1927,535.2985,11.27351,Derived using data on central government tax revenue to GDP from Mitchell and the spliced GDP,4748.288
GBR,United Kingdom,1928,516.1442,10.87011,Derived using data on central government tax revenue to GDP from Mitchell and the spliced GDP,4748.288
GBR,United Kingdom,1929,512.2715,10.57515,Derived using data on central government tax revenue to GDP from Mitchell and the spliced GDP,4844.107
GBR,United Kingdom,1930,531.7415,11.15943,Derived using data on central government tax revenue to GDP from Mitchell and the spliced GDP,4764.952
GBR,United Kingdom,1931,561.3304,12.59531,Derived using data on central government tax revenue to GDP from Mitchell and the spliced GDP,4456.662
GBR,United Kingdom,1932,266.8172,6.119939,Derived using data on central government tax revenue to GDP from Mitchell and the spliced GDP,4359.801
GBR,United Kingdom,1933,553.0291,12.46146,Derived using data on central government tax revenue to GDP from Mitchell and the spliced GDP,4437.915
GBR,United Kingdom,1934,550.2704,11.79844,Derived using data on central government tax revenue to GDP from Mitchell and the spliced GDP,4663.924
GBR,United Kingdom,1935,569.6033,11.68832,Derived using data on central government tax revenue to GDP from Mitchell and the spliced GDP,4873.27
GBR,United Kingdom,1936,618.3595,12.00868,Derived using data on central government tax revenue to GDP from Mitchell and the spliced GDP,5149.272
GBR,United Kingdom,1937,667.8851,12.12671,Derived using data on central government tax revenue to GDP from Mitchell and the spliced GDP,5507.555
GBR,United Kingdom,1938,714.3514,12.57562,Derived using data on central government tax revenue to GDP from Mitchell and the spliced GDP,5680.447
GBR,United Kingdom,1939,838.4048,13.75803,Derived using data on central government tax revenue to GDP from Mitchell and the spliced GDP,6093.931
GBR,United Kingdom,1940,1109.588,15.04101,Derived using data on central government tax revenue to GDP from Mitchell and the spliced GDP,7377.083
GBR,United Kingdom,1941,1708.592,19.27256,Derived using data on central government tax revenue to GDP from Mitchell and the spliced GDP,8865.414
GBR,United Kingdom,1942,2220.369,22.91825,Derived using data on central government tax revenue to GDP from Mitchell and the spliced GDP,9688.215
GBR,United Kingdom,1943,2645.142,25.71843,Derived using data on central government tax revenue to GDP from Mitchell and the spliced GDP,10285
GBR,United Kingdom,1944,2804.574,27.10389,Derived using data on central government tax revenue to GDP from Mitchell and the spliced GDP,10347.5
GBR,United Kingdom,1945,2874.215,28.61803,Derived using data on central government tax revenue to GDP from Mitchell and the spliced GDP,10043.37
GBR,United Kingdom,1946,2630.586,26.10023,Derived using data on central government tax revenue to GDP from Mitchell and the spliced GDP,10078.78
GBR,United Kingdom,1947,2879.272,26.50011,Derived using data on central government tax revenue to GDP from Mitchell and the spliced GDP,10865.13
GBR,United Kingdom,1948,3145.816,26.4276,Derived using data on central government tax revenue to GDP from Mitchell and the spliced GDP,11903.53
GBR,United Kingdom,1949,3232.101,25.49503,Derived using data on central government tax revenue to GDP from Mitchell and the spliced GDP,12677.38
GBR,United Kingdom,1950,3459.756,26.06996,Derived using data on central government tax revenue to GDP from Mitchell and the spliced GDP,13271.04
GBR,United Kingdom,1951,3742.984,25.30884,Derived using data on central government tax revenue to GDP from Mitchell and the spliced GDP,14789.24
GBR,United Kingdom,1952,3824.272,23.9688,Derived using data on central government tax revenue to GDP from Mitchell and the spliced GDP,15955.21
GBR,United Kingdom,1953,3677.284,21.49068,Derived using data on central government tax revenue to GDP from Mitchell and the spliced GDP,17111.06
GBR,United Kingdom,1954,3947.037,21.79841,Derived using data on central government tax revenue to GDP from Mitchell and the spliced GDP,18107
GBR,United Kingdom,1955,4107.263,21.02176,Derived using data on central government tax revenue to GDP from Mitchell and the spliced GDP,19538.15
GBR,United Kingdom,1956,4332.315,20.61252,Derived using data on central government tax revenue to GDP from Mitchell and the spliced GDP,21017.88
GBR,United Kingdom,1957,4496.774,20.26863,Derived using data on central government tax revenue to GDP from Mitchell and the spliced GDP,22185.88
GBR,United Kingdom,1958,4680.073,20.23361,Derived using data on central government tax revenue to GDP from Mitchell and the spliced GDP,23130.2
GBR,United Kingdom,1959,4714.848,19.23902,Derived using data on central government tax revenue to GDP from Mitchell and the spliced GDP,24506.7
GBR,United Kingdom,1960,5044.439,19.25285,Derived using data on central government tax revenue to GDP from Mitchell and the spliced GDP,26201
GBR,United Kingdom,1961,5549.486,19.87781,Derived using data on central government tax revenue to GDP from Mitchell and the spliced GDP,27918
GBR,United Kingdom,1962,5723.251,19.57671,Derived using data on central government tax revenue to GDP from Mitchell and the spliced GDP,29235
GBR,United Kingdom,1963,5733.115,18.43505,Derived using data on central government tax revenue to GDP from Mitchell and the spliced GDP,31099
GBR,United Kingdom,1964,6539.301,19.20669,Derived using data on central government tax revenue to GDP from Mitchell and the spliced GDP,34047
GBR,United Kingdom,1965,7328.692,19.89978,Derived using data on central government tax revenue to GDP from Mitchell and the spliced GDP,36828
GBR,United Kingdom,1966,7904.43,20.06506,Derived using data on central government tax revenue to GDP from Mitchell and the spliced GDP,39394
GBR,United Kingdom,1967,8796.558,21.10853,Derived using data on central government tax revenue to GDP from Mitchell and the spliced GDP,41673
GBR,United Kingdom,1968,10472.76,22.8688,Derived using data on central government tax revenue to GDP from Mitchell and the spliced GDP,45795
GBR,United Kingdom,1969,12199.14,24.51546,Derived using data on central government tax revenue to GDP from Mitchell and the spliced GDP,49761
GBR,United Kingdom,1970,12976.76,23.15584,Derived using data on central government tax revenue to GDP from Mitchell and the spliced GDP,56041
GBR,United Kingdom,1971,14238.6,22.64768,Derived using data on central government tax revenue to GDP from Mitchell and the spliced GDP,62870
GBR,United Kingdom,1972,14789,20.95412,Derived using data on central government tax revenue to GDP from Mitchell and the spliced GDP,70578
GBR,United Kingdom,1973,16757.96,20.48825,Derived using data on central government tax revenue to GDP from Mitchell and the spliced GDP,81793
GBR,United Kingdom,1974,21153.07,22.8255,Derived using data on central government tax revenue to GDP from Mitchell and the spliced GDP,92673
GBR,United Kingdom,1975,26371.48,22.9132,Derived using data on central government tax revenue to GDP from Mitchell and the spliced GDP,115093
GBR,United Kingdom,1976,34340.8,25.06646,Derived using data on central government tax revenue to GDP from Mitchell and the spliced GDP,136999
GBR,United Kingdom,1977,33897.27,21.21417,Derived using data on central government tax revenue to GDP from Mitchell and the spliced GDP,159786
GBR,United Kingdom,1978,37745.76,20.27619,Derived using data on central government tax revenue to GDP from Mitchell and the spliced GDP,186158
GBR,United Kingdom,1979,46257.7,20.93288,Derived using data on central government tax revenue to GDP from Mitchell and the spliced GDP,220981
GBR,United Kingdom,1980,54943.38,21.13451,Derived using data on central government tax revenue to GDP from Mitchell and the spliced GDP,259970
GBR,United Kingdom,1981,64735.54,22.30875,Derived using data on central government tax revenue to GDP from Mitchell and the spliced GDP,290180
GBR,United Kingdom,1982,71656.89,22.42375,Derived using data on central government tax revenue to GDP from Mitchell and the spliced GDP,319558
GBR,United Kingdom,1983,77505.44,22.05951,Derived using data on central government tax revenue to GDP from Mitchell and the spliced GDP,351347
GBR,United Kingdom,1984,85837.53,22.71315,Derived using data on central government tax revenue to GDP from Mitchell and the spliced GDP,377920
GBR,United Kingdom,1985,93720.25,22.60335,Derived using data on central government tax revenue to GDP from Mitchell and the spliced GDP,414630
GBR,United Kingdom,1986,105685.5,23.66447,Derived using data on central government tax revenue to GDP from Mitchell and the spliced GDP,446600
GBR,United Kingdom,1987,117150.2,23.58052,Derived using data on central government tax revenue to GDP from Mitchell and the spliced GDP,496809
GBR,United Kingdom,1988,130307.3,23.44993,Derived using data on central government tax revenue to GDP from Mitchell and the spliced GDP,555683
GBR,United Kingdom,1989,142460.6,23.17823,Derived using data on central government tax revenue to GDP from Mitchell and the spliced GDP,614631
GBR,United Kingdom,1990,153980.8,22.95491,Derived using data on central government tax revenue to GDP from Mitchell and the spliced GDP,670797
GBR,United Kingdom,1991,159885.7,22.65043,Derived using data on central government tax revenue to GDP from Mitchell and the spliced GDP,705884
GBR,United Kingdom,1992,161115.8,22.04426,Derived using data on central government tax revenue to GDP from Mitchell and the spliced GDP,730874
GBR,United Kingdom,1993,162645,21.12671,Derived using data on central government tax revenue to GDP from Mitchell and the spliced GDP,769855
GBR,United Kingdom,1994,177335,21.87177,Derived using data on central government tax revenue to GDP from IMF_GFS and the spliced GDP,810794
GBR,United Kingdom,1995,197897,23.23157,Derived using data on central government tax revenue to GDP from IMF_GFS and the spliced GDP,851845
GBR,United Kingdom,1996,209890,23.06501,Derived using data on central government tax revenue to GDP from IMF_GFS and the spliced GDP,909993
GBR,United Kingdom,1997,226311,23.73713,Derived using data on central government tax revenue to GDP from IMF_GFS and the spliced GDP,953405
GBR,United Kingdom,1998,249876,25.02511,Derived using data on central government tax revenue to GDP from IMF_GFS and the spliced GDP,998501
GBR,United Kingdom,1999,265837,25.48167,Derived using data on central government tax revenue to GDP from IMF_GFS and the spliced GDP,1043248
GBR,United Kingdom,2000,287177,26.08916,Derived using data on central government tax revenue to GDP from IMF_GFS and the spliced GDP,1100752
GBR,United Kingdom,2001,295043,25.74243,Derived using data on central government tax revenue to GDP from IMF_GFS and the spliced GDP,1146135
GBR,United Kingdom,2002,297402,24.96158,Derived using data on central government tax revenue to GDP from IMF_GFS and the spliced GDP,1191439
GBR,United Kingdom,2003,308989,24.5554,Derived using data on central government tax revenue to GDP from IMF_GFS and the spliced GDP,1258334
GBR,United Kingdom,2004,332674,25.15233,Derived using data on central government tax revenue to GDP from IMF_GFS and the spliced GDP,1322637
GBR,United Kingdom,2005,356515,25.48813,Derived using data on central government tax revenue to GDP from IMF_GFS and the spliced GDP,1398749
GBR,United Kingdom,2006,379352,25.77053,Derived using data on central government tax revenue to GDP from IMF_GFS and the spliced GDP,1472038
GBR,United Kingdom,2007,401524,25.99472,Derived using data on central government tax revenue to GDP from IMF_GFS and the spliced GDP,1544637
GBR,United Kingdom,2008,421636,26.45808,Derived using data on central government tax revenue to GDP from IMF_GFS and the spliced GDP,1593600
GBR,United Kingdom,2009,374388,24.17275,Derived using data on central government tax revenue to GDP from IMF_GFS and the spliced GDP,1548802
GBR,United Kingdom,2010,406662,25.28123,Derived using data on central government tax revenue to GDP from IMF_GFS and the spliced GDP,1608553
GBR,United Kingdom,2011,429635,25.84131,Derived using data on central government tax revenue to GDP from IMF_GFS and the spliced GDP,1662590
GBR,United Kingdom,2012,430401,25.11509,Derived using data on central government tax revenue to GDP from IMF_GFS and the spliced GDP,1713715
GBR,United Kingdom,2013,447761,25.13589,Derived using data on central government tax revenue to GDP from IMF_GFS and the spliced GDP,1781361
GBR,United Kingdom,2014,463404,24.88056,Derived using data on central government tax revenue to GDP from IMF_GFS and the spliced GDP,1862514
GBR,United Kingdom,2015,480389,25.0666,Derived using data on central government tax revenue to GDP from IMF_GFS and the spliced GDP,1916451
GBR,United Kingdom,2016,506982,25.45544,Derived using data on central government tax revenue to GDP from IMF_GFS and the spliced GDP,1991645
GBR,United Kingdom,2017,533062,25.59744,Derived using data on central government tax revenue to GDP from IMF_GFS and the spliced GDP,2082482
GBR,United Kingdom,2018,549981,25.55313,Derived using data on central government tax revenue to GDP from IMF_GFS and the spliced GDP,2152304
GBR,United Kingdom,2019,561311,25.12672,Derived using data on central government tax revenue to GDP from IMF_GFS and the spliced GDP,2233921
GBR,United Kingdom,2020,521478,24.79113,Derived using data on central government tax revenue to GDP from IMF_GFS and the spliced GDP,2103486
GBR,United Kingdom,2021,603682,26.41472,Derived using data on central government tax revenue to GDP from IMF_GFS and the spliced GDP,2285400
GBR,United Kingdom,2022,685335,27.12664,Derived using data on central government tax revenue to GDP from IMF_GFS and the spliced GDP,2526428
GBR,United Kingdom,2023,739608,27.19118,Derived using data on central government tax revenue to GDP from IMF_GFS and the spliced GDP,2720029
GEO,Georgia,1995,202.5733,5.213596,Derived using data on central government tax revenue to GDP from IMF_GFS and the spliced GDP,3885.482
GEO,Georgia,1996,311.7913,7.661554,Derived using data on central government tax revenue to GDP from IMF_GFS and the spliced GDP,4069.557
GEO,Georgia,1997,495.1731,10.334,Derived using data on central government tax revenue to GDP from IMF_GFS and the spliced GDP,4791.688
GEO,Georgia,1998,514.6946,9.742209,Derived using data on central government tax revenue to GDP from IMF_GFS and the spliced GDP,5283.14
GEO,Georgia,1999,649.1667,10.88594,Derived using data on central government tax revenue to GDP from IMF_GFS and the spliced GDP,5963.35
GEO,Georgia,2000,705.0327,11.09036,Derived using data on central government tax revenue to GDP from IMF_GFS and the spliced GDP,6357.165
GEO,Georgia,2001,806.1701,11.48243,Derived using data on central government tax revenue to GDP from IMF_GFS and the spliced GDP,7020.901
GEO,Georgia,2002,886.6413,11.30404,Derived using data on central government tax revenue to GDP from IMF_GFS and the spliced GDP,7843.578
GEO,Georgia,2003,957.1519,10.62411,Derived using data on central government tax revenue to GDP from IMF_GFS and the spliced GDP,9009.24
GEO,Georgia,2004,1518.184,14.68981,Derived using data on central government tax revenue to GDP from IMF_GFS and the spliced GDP,10334.95
GEO,Georgia,2005,1967.064,16.09053,Derived using data on central government tax revenue to GDP from IMF_GFS and the spliced GDP,12224.98
GEO,Georgia,2006,2620.352,18.06306,Derived using data on central government tax revenue to GDP from IMF_GFS and the spliced GDP,14506.69
GEO,Georgia,2007,3643.914,20.38315,Derived using data on central government tax revenue to GDP from IMF_GFS and the spliced GDP,17877.09
GEO,Georgia,2008,4728.207,23.56289,Derived using data on central government tax revenue to GDP from IMF_GFS and the spliced GDP,20066.33
GEO,Georgia,2009,4326.715,22.86746,Derived using data on central government tax revenue to GDP from IMF_GFS and the spliced GDP,18920.83
GEO,Georgia,2010,4675.8,21.11099,Derived using data on central government tax revenue to GDP from IMF_GFS and the spliced GDP,22148.65
GEO,Georgia,2011,5914.4,22.66108,Derived using data on central government tax revenue to GDP from IMF_GFS and the spliced GDP,26099.38
GEO,Georgia,2012,6441,23.08862,Derived using data on central government tax revenue to GDP from IMF_GFS and the spliced GDP,27896.86
GEO,Georgia,2013,6428.6,22.06281,Derived using data on central government tax revenue to GDP from IMF_GFS and the spliced GDP,29137.73
GEO,Georgia,2014,6995.7,22.05287,Derived using data on central government tax revenue to GDP from IMF_GFS and the spliced GDP,31722.4
GEO,Georgia,2015,7720.7,22.34764,Derived using data on central government tax revenue to GDP from IMF_GFS and the spliced GDP,34548.16
GEO,Georgia,2016,8422.7,23.04224,Derived using data on central government tax revenue to GDP from IMF_GFS and the spliced GDP,36553.3
GEO,Georgia,2017,9513.8,23.01368,Derived using data on central government tax revenue to GDP from IMF_GFS and the spliced GDP,41339.77
GEO,Georgia,2018,10004,22.0477,Derived using data on central government tax revenue to GDP from IMF_GFS and the spliced GDP,45374.36
GEO,Georgia,2019,11385.9,22.89715,Derived using data on central government tax revenue to GDP from IMF_GFS and the spliced GDP,49726.29
GEO,Georgia,2020,10545.7,21.18098,Derived using data on central government tax revenue to GDP from IMF_GFS and the spliced GDP,49788.54
GEO,Georgia,2021,13039.2,21.47285,Derived using data on central government tax revenue to GDP from IMF_GFS and the spliced GDP,60724.14
GEO,Georgia,2022,16686.6,22.90226,Derived using data on central government tax revenue to GDP from IMF_GFS and the spliced GDP,72860.06
GEO,Georgia,2023,19087.7,23.78646,Derived using data on central government tax revenue to GDP from IMF_GFS and the spliced GDP,80246.08
GHA,Ghana,2010,6190.045,10.157,Derived using data on central government tax revenue to GDP from IMF_GFS and the spliced GDP,60943.66
GIN,Guinea,1989,172827.3,8.200738,Derived using data on central government tax revenue to GDP from IMF_GFS and the spliced GDP,2107460
GIN,Guinea,1990,224344.2,8.700617,Derived using data on central government tax revenue to GDP from IMF_GFS and the spliced GDP,2578486
GIN,Guinea,1991,240248.2,7.72314,Derived using data on central government tax revenue to GDP from IMF_GFS and the spliced GDP,3110758
GIN,Guinea,1992,312478.9,7.792318,Derived using data on central government tax revenue to GDP from IMF_GFS and the spliced GDP,4010089
GIN,Guinea,1993,,,Derived using data on central government tax revenue to GDP from IMF_GFS and the spliced GDP,4225775
GIN,Guinea,1994,,,Derived using data on central government tax revenue to GDP from IMF_GFS and the spliced GDP,4525557
GIN,Guinea,1995,,,Derived using data on central government tax revenue to GDP from IMF_GFS and the spliced GDP,5214978
GIN,Guinea,1996,,,Derived using data on central government tax revenue to GDP from IMF_GFS and the spliced GDP,5526408
GIN,Guinea,1997,,,Derived using data on central government tax revenue to GDP from IMF_GFS and the spliced GDP,5886898
GIN,Guinea,1998,454902.3,7.496686,Derived using data on central government tax revenue to GDP from IMF_GFS and the spliced GDP,6068046
GIN,Guinea,1999,529276.8,8.028929,Derived using data on central government tax revenue to GDP from IMF_GFS and the spliced GDP,6592122
GMB,Gambia,1990,742.2509,8.010424,Derived using data on central government tax revenue to GDP from IMF_GFS and the spliced GDP,9266.063
GMB,Gambia,1991,795.6462,7.94132,Derived using data on central government tax revenue to GDP from IMF_GFS and the spliced GDP,10019.07
GMB,Gambia,1992,879.0767,8.32494,Derived using data on central government tax revenue to GDP from IMF_GFS and the spliced GDP,10559.56
GMB,Gambia,1993,1063.389,9.297812,Derived using data on central government tax revenue to GDP from IMF_GFS and the spliced GDP,11436.98
GNB,Guinea-Bissau,1990,563.0052,2.388488,Derived using data on central government tax revenue to GDP from BCEAO and the spliced GDP,23571.62
GNB,Guinea-Bissau,1991,727.1228,1.748153,Derived using data on central government tax revenue to GDP from BCEAO and the spliced GDP,41593.77
GNB,Guinea-Bissau,1992,847.0908,1.221001,Derived using data on central government tax revenue to GDP from BCEAO and the spliced GDP,69376.73
GNB,Guinea-Bissau,1993,1761.022,1.66789,Derived using data on central government tax revenue to GDP from BCEAO and the spliced GDP,105583.8
GNB,Guinea-Bissau,1994,1094.083,.9447926,Derived using data on central government tax revenue to GDP from BCEAO and the spliced GDP,115801.4
GNB,Guinea-Bissau,1995,4605.246,2.070938,Derived using data on central government tax revenue to GDP from BCEAO and the spliced GDP,222374.9
GNB,Guinea-Bissau,1996,6290.902,2.893607,Derived using data on central government tax revenue to GDP from BCEAO and the spliced GDP,217407
GNB,Guinea-Bissau,1997,7443.943,3.092328,Derived using data on central government tax revenue to GDP from BCEAO and the spliced GDP,240723
GNB,Guinea-Bissau,1998,2860.461,1.290582,Derived using data on central government tax revenue to GDP from BCEAO and the spliced GDP,221641.3
GNB,Guinea-Bissau,1999,8966.926,3.588349,Derived using data on central government tax revenue to GDP from BCEAO and the spliced GDP,249890
GNB,Guinea-Bissau,2000,16258.37,6.296323,Derived using data on central government tax revenue to GDP from BCEAO and the spliced GDP,258220
GNB,Guinea-Bissau,2001,13645.53,4.897419,Derived using data on central government tax revenue to GDP from BCEAO and the spliced GDP,278627
GNB,Guinea-Bissau,2002,10457.19,3.674995,Derived using data on central government tax revenue to GDP from BCEAO and the spliced GDP,284549.7
GNB,Guinea-Bissau,2003,10263.05,3.706703,Derived using data on central government tax revenue to GDP from BCEAO and the spliced GDP,276878
GNB,Guinea-Bissau,2004,10784.39,3.843648,Derived using data on central government tax revenue to GDP from BCEAO and the spliced GDP,280577
GNB,Guinea-Bissau,2005,16791.1,5.424955,Derived using data on central government tax revenue to GDP from BCEAO and the spliced GDP,309516
GNB,Guinea-Bissau,2006,17263.63,5.578506,Derived using data on central government tax revenue to GDP from BCEAO and the spliced GDP,309467
GNB,Guinea-Bissau,2007,17395.83,5.215124,Derived using data on central government tax revenue to GDP from BCEAO and the spliced GDP,333565
GNB,Guinea-Bissau,2008,19045.91,4.91892,Derived using data on central government tax revenue to GDP from BCEAO and the spliced GDP,387197
GNB,Guinea-Bissau,2009,24805.82,6.353908,Derived using data on central government tax revenue to GDP from BCEAO and the spliced GDP,390402.6
GNB,Guinea-Bissau,2010,29923.14,7.115831,Derived using data on central government tax revenue to GDP from BCEAO and the spliced GDP,420515
GNB,Guinea-Bissau,2011,38400.82,7.409173,Derived using data on central government tax revenue to GDP from BCEAO and the spliced GDP,518287.6
GNB,Guinea-Bissau,2012,36765.18,7.279107,Derived using data on central government tax revenue to GDP from BCEAO and the spliced GDP,505078.2
GNB,Guinea-Bissau,2013,33371.36,6.459029,Derived using data on central government tax revenue to GDP from BCEAO and the spliced GDP,516662.3
GNB,Guinea-Bissau,2014,41072.11,7.885253,Derived using data on central government tax revenue to GDP from BCEAO and the spliced GDP,520872.4
GNB,Guinea-Bissau,2015,56305.62,9.085571,Derived using data on central government tax revenue to GDP from BCEAO and the spliced GDP,619725.7
GNB,Guinea-Bissau,2016,60133.46,8.606668,Derived using data on central government tax revenue to GDP from BCEAO and the spliced GDP,698684.5
GNB,Guinea-Bissau,2017,74670.03,9.524367,Derived using data on central government tax revenue to GDP from BCEAO and the spliced GDP,783989.4
GNB,Guinea-Bissau,2018,71278.82,8.989805,Derived using data on central government tax revenue to GDP from BCEAO and the spliced GDP,792885.1
GNB,Guinea-Bissau,2019,67973.98,8.497153,Derived using data on central government tax revenue to GDP from BCEAO and the spliced GDP,799961.8
GNB,Guinea-Bissau,2020,56238.22,6.996182,Derived using data on central government tax revenue to GDP from BCEAO and the spliced GDP,803841.6
GNB,Guinea-Bissau,2021,77761.66,8.86952,Derived using data on central government tax revenue to GDP from BCEAO and the spliced GDP,876729.1
GNB,Guinea-Bissau,2022,84066.24,8.543283,Derived using data on central government tax revenue to GDP from BCEAO and the spliced GDP,984003.9
GNB,Guinea-Bissau,2023,97087.63,8.692204,Derived using data on central government tax revenue to GDP from BCEAO and the spliced GDP,1116951
GNB,Guinea-Bissau,2024,104262.9,8.798027,Derived using data on central government tax revenue to GDP from BCEAO and the spliced GDP,1185072
GNQ,Equatorial Guinea,2005,384648.7,8.559431,Derived using data on central government tax revenue to GDP from AFRISTAT and the spliced GDP,4493858
GNQ,Equatorial Guinea,2006,510000.4,9.669812,Derived using data on central government tax revenue to GDP from AFRISTAT and the spliced GDP,5274150
GNQ,Equatorial Guinea,2007,472799.9,7.54688,Derived using data on central government tax revenue to GDP from AFRISTAT and the spliced GDP,6264840
GNQ,Equatorial Guinea,2008,688600.3,7.785975,Derived using data on central government tax revenue to GDP from AFRISTAT and the spliced GDP,8844110
GNQ,Equatorial Guinea,2009,905700.1,12.76367,Derived using data on central government tax revenue to GDP from AFRISTAT and the spliced GDP,7095920
GNQ,Equatorial Guinea,2010,612399.8,7.586444,Derived using data on central government tax revenue to GDP from AFRISTAT and the spliced GDP,8072290
GNQ,Equatorial Guinea,2011,706098.7,7.015666,Derived using data on central government tax revenue to GDP from AFRISTAT and the spliced GDP,1.01e+07
GNQ,Equatorial Guinea,2012,999299.1,8.742392,Derived using data on central government tax revenue to GDP from AFRISTAT and the spliced GDP,1.14e+07
GNQ,Equatorial Guinea,2013,906398.2,8.361221,Derived using data on central government tax revenue to GDP from AFRISTAT and the spliced GDP,1.08e+07
GNQ,Equatorial Guinea,2014,986504.4,9.179432,Derived using data on central government tax revenue to GDP from AFRISTAT and the spliced GDP,1.07e+07
GNQ,Equatorial Guinea,2015,876000,11.23737,Derived using data on central government tax revenue to GDP from AFRISTAT and the spliced GDP,7795420
GNQ,Equatorial Guinea,2016,422400.3,6.341042,Derived using data on central government tax revenue to GDP from AFRISTAT and the spliced GDP,6661370
GNQ,Equatorial Guinea,2017,425299.8,6.00321,Derived using data on central government tax revenue to GDP from AFRISTAT and the spliced GDP,7084540
GNQ,Equatorial Guinea,2018,445100.1,6.118474,Derived using data on central government tax revenue to GDP from AFRISTAT and the spliced GDP,7274690
GNQ,Equatorial Guinea,2019,619399.9,9.302576,Derived using data on central government tax revenue to GDP from AFRISTAT and the spliced GDP,6658370
GNQ,Equatorial Guinea,2020,472100,8.290103,Derived using data on central government tax revenue to GDP from AFRISTAT and the spliced GDP,5694742
GNQ,Equatorial Guinea,2021,383000,5.653905,Derived using data on central government tax revenue to GDP from AFRISTAT and the spliced GDP,6774079
GNQ,Equatorial Guinea,2022,575036.1,6.835484,Derived using data on central government tax revenue to GDP from AFRISTAT and the spliced GDP,8412515
GRC,Greece,1833,.0432561,12.8123,Derived using data on central government tax revenue to GDP from NBS and the spliced GDP,.337614
GRC,Greece,1834,.0517759,12.58463,Derived using data on central government tax revenue to GDP from NBS and the spliced GDP,.4114218
GRC,Greece,1835,.0678443,13.03618,Derived using data on central government tax revenue to GDP from NBS and the spliced GDP,.5204313
GRC,Greece,1836,.0658492,14.83038,Derived using data on central government tax revenue to GDP from NBS and the spliced GDP,.4440158
GRC,Greece,1837,.068305,14.03019,Derived using data on central government tax revenue to GDP from NBS and the spliced GDP,.4868428
GRC,Greece,1838,.0748714,14.28812,Derived using data on central government tax revenue to GDP from NBS and the spliced GDP,.5240116
GRC,Greece,1839,.0779041,13.85401,Derived using data on central government tax revenue to GDP from NBS and the spliced GDP,.562322
GRC,Greece,1840,.082344,13.29225,Derived using data on central government tax revenue to GDP from NBS and the spliced GDP,.6194892
GRC,Greece,1841,.0776817,13.92198,Derived using data on central government tax revenue to GDP from NBS and the spliced GDP,.5579786
GRC,Greece,1842,.0697299,14.14002,Derived using data on central government tax revenue to GDP from NBS and the spliced GDP,.4931388
GRC,Greece,1843,.0625345,12.99586,Derived using data on central government tax revenue to GDP from NBS and the spliced GDP,.481188
GRC,Greece,1844,.0550947,11.13583,Derived using data on central government tax revenue to GDP from NBS and the spliced GDP,.4947521
GRC,Greece,1845,.0570522,11.48875,Derived using data on central government tax revenue to GDP from NBS and the spliced GDP,.4965918
GRC,Greece,1846,.0600986,11.35776,Derived using data on central government tax revenue to GDP from NBS and the spliced GDP,.5291414
GRC,Greece,1847,.0498226,10.36919,Derived using data on central government tax revenue to GDP from NBS and the spliced GDP,.4804864
GRC,Greece,1848,.0607516,11.27275,Derived using data on central government tax revenue to GDP from NBS and the spliced GDP,.538924
GRC,Greece,1849,.0667308,12.02607,Derived using data on central government tax revenue to GDP from NBS and the spliced GDP,.5548843
GRC,Greece,1850,.0652702,10.62838,Derived using data on central government tax revenue to GDP from NBS and the spliced GDP,.6141123
GRC,Greece,1851,.0676849,10.57763,Derived using data on central government tax revenue to GDP from NBS and the spliced GDP,.6398866
GRC,Greece,1852,.0680031,8.945279,Derived using data on central government tax revenue to GDP from NBS and the spliced GDP,.7602125
GRC,Greece,1853,.0708469,10.05792,Derived using data on central government tax revenue to GDP from NBS and the spliced GDP,.7043895
GRC,Greece,1854,.0798705,9.817095,Derived using data on central government tax revenue to GDP from NBS and the spliced GDP,.8135859
GRC,Greece,1855,.0893595,11.87891,Derived using data on central government tax revenue to GDP from NBS and the spliced GDP,.7522533
GRC,Greece,1856,.0974905,9.395859,Derived using data on central government tax revenue to GDP from NBS and the spliced GDP,1.03759
GRC,Greece,1857,.1011604,10.13731,Derived using data on central government tax revenue to GDP from NBS and the spliced GDP,.9979022
GRC,Greece,1858,.0955419,10.23447,Derived using data on central government tax revenue to GDP from NBS and the spliced GDP,.9335306
GRC,Greece,1859,.1053013,9.25836,Derived using data on central government tax revenue to GDP from NBS and the spliced GDP,1.137364
GRC,Greece,1860,,,Derived using data on central government tax revenue to GDP from NBS and the spliced GDP,1.041745
GRC,Greece,1861,.1055702,10.26376,Derived using data on central government tax revenue to GDP from NBS and the spliced GDP,1.028573
GRC,Greece,1862,.0833871,7.886196,Derived using data on central government tax revenue to GDP from NBS and the spliced GDP,1.057381
GRC,Greece,1863,.0806952,7.362656,Derived using data on central government tax revenue to GDP from NBS and the spliced GDP,1.096007
GRC,Greece,1864,.0992187,7.740999,Derived using data on central government tax revenue to GDP from NBS and the spliced GDP,1.28173
GRC,Greece,1865,.1116151,8.946265,Derived using data on central government tax revenue to GDP from NBS and the spliced GDP,1.247617
GRC,Greece,1866,.1157334,8.704614,Derived using data on central government tax revenue to GDP from NBS and the spliced GDP,1.329564
GRC,Greece,1867,.1487463,9.569794,Derived using data on central government tax revenue to GDP from NBS and the spliced GDP,1.554331
GRC,Greece,1868,.1544099,10.36701,Derived using data on central government tax revenue to GDP from NBS and the spliced GDP,1.489436
GRC,Greece,1869,.1422086,10.76453,Derived using data on central government tax revenue to GDP from NBS and the spliced GDP,1.321086
GRC,Greece,1870,.1488886,9.438128,Derived using data on central government tax revenue to GDP from NBS and the spliced GDP,1.577523
GRC,Greece,1871,.1631152,9.046047,Derived using data on central government tax revenue to GDP from NBS and the spliced GDP,1.803166
GRC,Greece,1872,.1649892,10.88506,Derived using data on central government tax revenue to GDP from NBS and the spliced GDP,1.515741
GRC,Greece,1873,.1632309,9.955385,Derived using data on central government tax revenue to GDP from NBS and the spliced GDP,1.639624
GRC,Greece,1874,.1740956,9.917186,Derived using data on central government tax revenue to GDP from NBS and the spliced GDP,1.755494
GRC,Greece,1875,.1735563,9.905073,Derived using data on central government tax revenue to GDP from NBS and the spliced GDP,1.752196
GRC,Greece,1876,.1620551,9.591656,Derived using data on central government tax revenue to GDP from NBS and the spliced GDP,1.689542
GRC,Greece,1877,.1764213,9.199379,Derived using data on central government tax revenue to GDP from NBS and the spliced GDP,1.917752
GRC,Greece,1878,.1906048,9.67322,Derived using data on central government tax revenue to GDP from NBS and the spliced GDP,1.970438
GRC,Greece,1879,.2010218,10.32458,Derived using data on central government tax revenue to GDP from NBS and the spliced GDP,1.947021
GRC,Greece,1880,.1965915,9.769321,Derived using data on central government tax revenue to GDP from NBS and the spliced GDP,2.012335
GRC,Greece,1881,.2152396,9.234792,Derived using data on central government tax revenue to GDP from NBS and the spliced GDP,2.330746
GRC,Greece,1882,.2808,10.83948,Derived using data on central government tax revenue to GDP from NBS and the spliced GDP,2.590529
GRC,Greece,1883,.3022042,10.98256,Derived using data on central government tax revenue to GDP from NBS and the spliced GDP,2.751673
GRC,Greece,1884,.3218727,11.48143,Derived using data on central government tax revenue to GDP from NBS and the spliced GDP,2.803419
GRC,Greece,1885,.3033472,10.9605,Derived using data on central government tax revenue to GDP from NBS and the spliced GDP,2.767641
GRC,Greece,1886,.3414399,11.65888,Derived using data on central government tax revenue to GDP from NBS and the spliced GDP,2.928583
GRC,Greece,1887,.4155461,13.62667,Derived using data on central government tax revenue to GDP from NBS and the spliced GDP,3.049505
GRC,Greece,1888,.4497288,14.35168,Derived using data on central government tax revenue to GDP from NBS and the spliced GDP,3.133631
GRC,Greece,1889,.3025984,10.02504,Derived using data on central government tax revenue to GDP from NBS and the spliced GDP,3.018427
GRC,Greece,1890,.2851782,8.985415,Derived using data on central government tax revenue to GDP from NBS and the spliced GDP,3.173791
GRC,Greece,1891,.3160359,9.124125,Derived using data on central government tax revenue to GDP from NBS and the spliced GDP,3.463739
GRC,Greece,1892,.333584,9.192826,Derived using data on central government tax revenue to GDP from NBS and the spliced GDP,3.628743
GRC,Greece,1893,.3383183,8.981727,Derived using data on central government tax revenue to GDP from NBS and the spliced GDP,3.76674
GRC,Greece,1894,.3612864,10.604,Derived using data on central government tax revenue to GDP from NBS and the spliced GDP,3.407076
GRC,Greece,1895,.3560888,10.02113,Derived using data on central government tax revenue to GDP from NBS and the spliced GDP,3.553382
GRC,Greece,1896,.362567,9.605503,Derived using data on central government tax revenue to GDP from NBS and the spliced GDP,3.774576
GRC,Greece,1897,.324813,9.264524,Derived using data on central government tax revenue to GDP from NBS and the spliced GDP,3.505987
GRC,Greece,1898,.4045644,10.39546,Derived using data on central government tax revenue to GDP from NBS and the spliced GDP,3.891743
GRC,Greece,1899,.4151204,11.17352,Derived using data on central government tax revenue to GDP from NBS and the spliced GDP,3.715215
GRC,Greece,1900,.4035727,10.07393,Derived using data on central government tax revenue to GDP from NBS and the spliced GDP,4.006111
GRC,Greece,1901,.4464962,9.826474,Derived using data on central government tax revenue to GDP from NBS and the spliced GDP,4.543808
GRC,Greece,1902,.4437591,10.16164,Derived using data on central government tax revenue to GDP from NBS and the spliced GDP,4.367002
GRC,Greece,1903,.4440438,10.39733,Derived using data on central government tax revenue to GDP from NBS and the spliced GDP,4.270751
GRC,Greece,1904,.4441335,11.33558,Derived using data on central government tax revenue to GDP from NBS and the spliced GDP,3.918049
GRC,Greece,1905,.4663112,11.75501,Derived using data on central government tax revenue to GDP from NBS and the spliced GDP,3.966913
GRC,Greece,1906,.5138738,12.41988,Derived using data on central government tax revenue to GDP from NBS and the spliced GDP,4.137509
GRC,Greece,1907,.5266952,11.899,Derived using data on central government tax revenue to GDP from NBS and the spliced GDP,4.426383
GRC,Greece,1908,.5042732,11.54104,Derived using data on central government tax revenue to GDP from NBS and the spliced GDP,4.369393
GRC,Greece,1909,.4918337,10.4226,Derived using data on central government tax revenue to GDP from NBS and the spliced GDP,4.718918
GRC,Greece,1910,.5558493,12.28885,Derived using data on central government tax revenue to GDP from NBS and the spliced GDP,4.523201
GRC,Greece,1911,.5859527,10.10121,Derived using data on central government tax revenue to GDP from NBS and the spliced GDP,5.800814
GRC,Greece,1912,.5241854,9.296077,Derived using data on central government tax revenue to GDP from NBS and the spliced GDP,5.638781
GRC,Greece,1913,.5304487,9.046341,Derived using data on central government tax revenue to GDP from NBS and the spliced GDP,5.863682
GRC,Greece,1914,.9261565,10.94991,Derived using data on central government tax revenue to GDP from NBS and the spliced GDP,8.458121
GRC,Greece,1915,.9562839,9.833317,Derived using data on central government tax revenue to GDP from NBS and the spliced GDP,9.724937
GRC,Greece,1916,.9473438,7.350947,Derived using data on central government tax revenue to GDP from NBS and the spliced GDP,12.88737
GRC,Greece,1917,.7621631,4.141166,Derived using data on central government tax revenue to GDP from NBS and the spliced GDP,18.40455
GRC,Greece,1918,1.399558,4.873143,Derived using data on central government tax revenue to GDP from NBS and the spliced GDP,28.71981
GRC,Greece,1919,1.891189,7.291114,Derived using data on central government tax revenue to GDP from NBS and the spliced GDP,25.93827
GRC,Greece,1920,2.500586,6.814313,Derived using data on central government tax revenue to GDP from NBS and the spliced GDP,36.69609
GRC,Greece,1921,3.389604,7.259769,Derived using data on central government tax revenue to GDP from NBS and the spliced GDP,46.69024
GRC,Greece,1922,7.852514,10.64276,Derived using data on central government tax revenue to GDP from NBS and the spliced GDP,73.78271
GRC,Greece,1923,15.88292,14.01446,Derived using data on central government tax revenue to GDP from NBS and the spliced GDP,113.3324
GRC,Greece,1924,22.91637,16.1607,Derived using data on central government tax revenue to GDP from NBS and the spliced GDP,141.803
GRC,Greece,1925,24.14924,14.70623,Derived using data on central government tax revenue to GDP from NBS and the spliced GDP,164.2109
GRC,Greece,1926,29.96942,15.51804,Derived using data on central government tax revenue to GDP from NBS and the spliced GDP,193.1263
GRC,Greece,1927,38.13314,18.04548,Derived using data on central government tax revenue to GDP from NBS and the spliced GDP,211.3169
GRC,Greece,1928,37.24066,16.8569,Derived using data on central government tax revenue to GDP from NBS and the spliced GDP,220.9223
GRC,Greece,1929,37.54319,17.37149,Derived using data on central government tax revenue to GDP from NBS and the spliced GDP,216.1196
GRC,Greece,1930,36.86849,17.85275,Derived using data on central government tax revenue to GDP from NBS and the spliced GDP,206.5143
GRC,Greece,1931,40.61682,21.68501,Derived using data on central government tax revenue to GDP from NBS and the spliced GDP,187.3037
GRC,Greece,1932,36.63394,17.33602,Derived using data on central government tax revenue to GDP from NBS and the spliced GDP,211.3169
GRC,Greece,1933,37.04887,15.74335,Derived using data on central government tax revenue to GDP from NBS and the spliced GDP,235.3302
GRC,Greece,1934,40.29546,15.83064,Derived using data on central government tax revenue to GDP from NBS and the spliced GDP,254.5409
GRC,Greece,1935,44.63451,16.89765,Derived using data on central government tax revenue to GDP from NBS and the spliced GDP,264.1462
GRC,Greece,1936,,,Derived using data on central government tax revenue to GDP from NBS and the spliced GDP,283.3568
GRC,Greece,1937,53.12903,16.26827,Derived using data on central government tax revenue to GDP from NBS and the spliced GDP,326.5807
GRC,Greece,1938,54.39832,16.90554,Derived using data on central government tax revenue to GDP from NBS and the spliced GDP,321.7781
GRC,Greece,1939,53.43861,16.60729,Derived using data on central government tax revenue to GDP from NBS and the spliced GDP,321.7781
GRC,Greece,1940,,,Derived using data on central government tax revenue to GDP from Mitchell and the spliced GDP,
GRC,Greece,1941,,,Derived using data on central government tax revenue to GDP from Mitchell and the spliced GDP,
GRC,Greece,1942,,,Derived using data on central government tax revenue to GDP from Mitchell and the spliced GDP,
GRC,Greece,1943,,,Derived using data on central government tax revenue to GDP from Mitchell and the spliced GDP,
GRC,Greece,1944,,,Derived using data on central government tax revenue to GDP from Mitchell and the spliced GDP,
GRC,Greece,1945,,,Derived using data on central government tax revenue to GDP from Mitchell and the spliced GDP,
GRC,Greece,1946,,,Derived using data on central government tax revenue to GDP from Mitchell and the spliced GDP,30.73701
GRC,Greece,1947,,,Derived using data on central government tax revenue to GDP from Mitchell and the spliced GDP,48.98711
GRC,Greece,1948,,,Derived using data on central government tax revenue to GDP from Mitchell and the spliced GDP,76.36226
GRC,Greece,1949,,,Derived using data on central government tax revenue to GDP from Mitchell and the spliced GDP,104.6979
GRC,Greece,1950,,,Derived using data on central government tax revenue to GDP from Mitchell and the spliced GDP,123.9086
GRC,Greece,1951,19.23945,13.13443,Derived using data on central government tax revenue to GDP from Mitchell and the spliced GDP,146.4811
GRC,Greece,1952,24.06166,15.61199,Derived using data on central government tax revenue to GDP from Mitchell and the spliced GDP,154.123
GRC,Greece,1953,27.3254,13.63934,Derived using data on central government tax revenue to GDP from Mitchell and the spliced GDP,200.3425
GRC,Greece,1954,27.42235,11.62118,Derived using data on central government tax revenue to GDP from Mitchell and the spliced GDP,235.9687
GRC,Greece,1955,29.86412,11.11664,Derived using data on central government tax revenue to GDP from Mitchell and the spliced GDP,268.6435
GRC,Greece,1956,54.51965,17.54586,Derived using data on central government tax revenue to GDP from Mitchell and the spliced GDP,310.7266
GRC,Greece,1957,49.17208,14.76731,Derived using data on central government tax revenue to GDP from Mitchell and the spliced GDP,332.9792
GRC,Greece,1958,54.71357,15.69048,Derived using data on central government tax revenue to GDP from Mitchell and the spliced GDP,348.7056
GRC,Greece,1959,53.89939,14.92112,Derived using data on central government tax revenue to GDP from Mitchell and the spliced GDP,361.2289
GRC,Greece,1960,51.62809,13.68865,Derived using data on central government tax revenue to GDP from Mitchell and the spliced GDP,377.1599
GRC,Greece,1961,58.84561,13.63714,Derived using data on central government tax revenue to GDP from Mitchell and the spliced GDP,431.5098
GRC,Greece,1962,65.31001,14.41182,Derived using data on central government tax revenue to GDP from Mitchell and the spliced GDP,453.1698
GRC,Greece,1963,74.39497,14.51667,Derived using data on central government tax revenue to GDP from Mitchell and the spliced GDP,512.4797
GRC,Greece,1964,86.27589,14.88029,Derived using data on central government tax revenue to GDP from Mitchell and the spliced GDP,579.7997
GRC,Greece,1965,101.1441,15.13182,Derived using data on central government tax revenue to GDP from Mitchell and the spliced GDP,668.4197
GRC,Greece,1966,125.794,16.85976,Derived using data on central government tax revenue to GDP from Mitchell and the spliced GDP,746.1197
GRC,Greece,1967,142.1034,17.64098,Derived using data on central government tax revenue to GDP from Mitchell and the spliced GDP,805.5297
GRC,Greece,1968,166.8191,19.03655,Derived using data on central government tax revenue to GDP from Mitchell and the spliced GDP,876.3096
GRC,Greece,1969,194.3356,19.265,Derived using data on central government tax revenue to GDP from Mitchell and the spliced GDP,1008.75
GRC,Greece,1970,217.497,19.06883,Derived using data on central government tax revenue to GDP from Mitchell and the spliced GDP,1140.589
GRC,Greece,1971,233.3282,18.42657,Derived using data on central government tax revenue to GDP from Mitchell and the spliced GDP,1266.26
GRC,Greece,1972,272.274,18.57576,Derived using data on central government tax revenue to GDP from Mitchell and the spliced GDP,1465.749
GRC,Greece,1973,336.4496,17.57009,Derived using data on central government tax revenue to GDP from Mitchell and the spliced GDP,1914.899
GRC,Greece,1974,391.827,17.81065,Derived using data on central government tax revenue to GDP from Mitchell and the spliced GDP,2199.959
GRC,Greece,1975,510.6694,19.29173,Derived using data on central government tax revenue to GDP from Mitchell and the spliced GDP,2647.089
GRC,Greece,1976,699.6399,21.24829,Derived using data on central government tax revenue to GDP from Mitchell and the spliced GDP,3292.688
GRC,Greece,1977,853.8885,22.14201,Derived using data on central government tax revenue to GDP from Mitchell and the spliced GDP,3856.418
GRC,Greece,1978,1021.15,21.70108,Derived using data on central government tax revenue to GDP from Mitchell and the spliced GDP,4705.528
GRC,Greece,1979,1301.546,22.28916,Derived using data on central government tax revenue to GDP from Mitchell and the spliced GDP,5839.368
GRC,Greece,1980,1443.135,20.58399,Derived using data on central government tax revenue to GDP from Mitchell and the spliced GDP,7010.957
GRC,Greece,1981,1511.932,18.01464,Derived using data on central government tax revenue to GDP from Mitchell and the spliced GDP,8392.796
GRC,Greece,1982,2133.342,20.20971,Derived using data on central government tax revenue to GDP from Mitchell and the spliced GDP,10556.03
GRC,Greece,1983,2641.293,20.97109,Derived using data on central government tax revenue to GDP from Mitchell and the spliced GDP,12594.92
GRC,Greece,1984,3368.67,21.50552,Derived using data on central government tax revenue to GDP from Mitchell and the spliced GDP,15664.21
GRC,Greece,1985,4118.359,21.54829,Derived using data on central government tax revenue to GDP from Mitchell and the spliced GDP,19112.23
GRC,Greece,1986,5409.161,23.68431,Derived using data on central government tax revenue to GDP from Mitchell and the spliced GDP,22838.59
GRC,Greece,1987,6383.909,24.81346,Derived using data on central government tax revenue to GDP from Mitchell and the spliced GDP,25727.61
GRC,Greece,1988,7188.932,22.96355,Derived using data on central government tax revenue to GDP from Mitchell and the spliced GDP,31305.84
GRC,Greece,1989,8091.557,21.74787,Derived using data on central government tax revenue to GDP from Mitchell and the spliced GDP,37206.2
GRC,Greece,1990,11158.93,24.84978,Derived using data on central government tax revenue to GDP from Mitchell and the spliced GDP,44905.55
GRC,Greece,1991,14258.21,25.70952,Derived using data on central government tax revenue to GDP from Mitchell and the spliced GDP,55458.87
GRC,Greece,1992,17358.42,27.07524,Derived using data on central government tax revenue to GDP from Mitchell and the spliced GDP,64111.78
GRC,Greece,1993,19124.79,26.49284,Derived using data on central government tax revenue to GDP from Mitchell and the spliced GDP,72188.52
GRC,Greece,1994,,,Derived using data on central government tax revenue to GDP from EUS and the spliced GDP,81865.77
GRC,Greece,1995,18720.92,20.4,Derived using data on central government tax revenue to GDP from EUS and the spliced GDP,91769.2
GRC,Greece,1996,20736.8,20.6,Derived using data on central government tax revenue to GDP from EUS and the spliced GDP,100664.1
GRC,Greece,1997,24351.31,21.9,Derived using data on central government tax revenue to GDP from EUS and the spliced GDP,111193.2
GRC,Greece,1998,27970.91,23.1,Derived using data on central government tax revenue to GDP from EUS and the spliced GDP,121086.2
GRC,Greece,1999,30880.32,24,Derived using data on central government tax revenue to GDP from EUS and the spliced GDP,128668
GRC,Greece,2000,34040.3,25,Derived using data on central government tax revenue to GDP from EUS and the spliced GDP,136161.2
GRC,Greece,2001,34205.78,23.2,Derived using data on central government tax revenue to GDP from EUS and the spliced GDP,147438.7
GRC,Greece,2002,37342.04,23.5,Derived using data on central government tax revenue to GDP from EUS and the spliced GDP,158902.3
GRC,Greece,2003,38127.02,21.9,Derived using data on central government tax revenue to GDP from EUS and the spliced GDP,174096
GRC,Greece,2004,40425.71,21.4,Derived using data on central government tax revenue to GDP from EUS and the spliced GDP,188905.2
GRC,Greece,2005,44213.57,22.7,Derived using data on central government tax revenue to GDP from EUS and the spliced GDP,194773.4
GRC,Greece,2006,46502.86,21.7,Derived using data on central government tax revenue to GDP from EUS and the spliced GDP,214298.9
GRC,Greece,2007,50671.5,22.1,Derived using data on central government tax revenue to GDP from EUS and the spliced GDP,229282.8
GRC,Greece,2008,52999.26,22.2,Derived using data on central government tax revenue to GDP from EUS and the spliced GDP,238735.4
GRC,Greece,2009,51785.29,22.1,Derived using data on central government tax revenue to GDP from EUS and the spliced GDP,234322.6
GRC,Greece,2010,51425.82,23,Derived using data on central government tax revenue to GDP from EUS and the spliced GDP,223590.5
GRC,Greece,2011,51479.17,25.3,Derived using data on central government tax revenue to GDP from EUS and the spliced GDP,203475
GRC,Greece,2012,52423.58,28.2,Derived using data on central government tax revenue to GDP from EUS and the spliced GDP,185899.2
GRC,Greece,2013,49515.66,27.8,Derived using data on central government tax revenue to GDP from EUS and the spliced GDP,178113.9
GRC,Greece,2014,50532.61,28.7,Derived using data on central government tax revenue to GDP from EUS and the spliced GDP,176071.8
GRC,Greece,2015,50679.88,28.9,Derived using data on central government tax revenue to GDP from EUS and the spliced GDP,175362.9
GRC,Greece,2016,53381.15,30.6,Derived using data on central government tax revenue to GDP from EUS and the spliced GDP,174448.2
GRC,Greece,2017,52681.41,29.7,Derived using data on central government tax revenue to GDP from EUS and the spliced GDP,177378.5
GRC,Greece,2018,53642.86,29.7,Derived using data on central government tax revenue to GDP from EUS and the spliced GDP,180615.7
GRC,Greece,2019,52406.28,28.3,Derived using data on central government tax revenue to GDP from EUS and the spliced GDP,185181.2
GRC,Greece,2020,45905.82,27.4,Derived using data on central government tax revenue to GDP from EUS and the spliced GDP,167539.5
GRC,Greece,2021,50388.86,27.3,Derived using data on central government tax revenue to GDP from EUS and the spliced GDP,184574.6
GRC,Greece,2022,60901.28,29.3,Derived using data on central government tax revenue to GDP from EUS and the spliced GDP,207854.2
GRC,Greece,2023,63505.53,28.2,Derived using data on central government tax revenue to GDP from EUS and the spliced GDP,225196.9
GRC,Greece,2024,68963.73,28.9,Derived using data on central government tax revenue to GDP from EUS and the spliced GDP,238628.8
GTM,Guatemala,2014,48682.33,10.88296,Derived using data on central government tax revenue to GDP from IMF_GFS and the spliced GDP,447326.3
GTM,Guatemala,2015,49849.39,10.47206,Derived using data on central government tax revenue to GDP from IMF_GFS and the spliced GDP,476022.8
GTM,Guatemala,2016,52888.68,10.53556,Derived using data on central government tax revenue to GDP from IMF_GFS and the spliced GDP,502001.7
GTM,Guatemala,2017,56613.68,10.75268,Derived using data on central government tax revenue to GDP from IMF_GFS and the spliced GDP,526507.4
GTM,Guatemala,2018,58876.36,10.67823,Derived using data on central government tax revenue to GDP from IMF_GFS and the spliced GDP,551368.1
GTM,Guatemala,2019,62655.06,10.54849,Derived using data on central government tax revenue to GDP from IMF_GFS and the spliced GDP,593972
GTM,Guatemala,2020,60316.95,10.05077,Derived using data on central government tax revenue to GDP from IMF_GFS and the spliced GDP,600122.5
GTM,Guatemala,2021,77988.75,11.65994,Derived using data on central government tax revenue to GDP from IMF_GFS and the spliced GDP,668860.9
GTM,Guatemala,2022,88374.34,11.92687,Derived using data on central government tax revenue to GDP from IMF_GFS and the spliced GDP,740968.6
GTM,Guatemala,2023,95430.89,11.6656,Derived using data on central government tax revenue to GDP from IMF_GFS and the spliced GDP,818054.1
HND,Honduras,2003,19632.4,13.74647,Derived using data on central government tax revenue to GDP from IMF_GFS and the spliced GDP,142817.8
HND,Honduras,2004,23411.9,14.49586,Derived using data on central government tax revenue to GDP from IMF_GFS and the spliced GDP,161507.5
HND,Honduras,2005,26707.54,14.53495,Derived using data on central government tax revenue to GDP from IMF_GFS and the spliced GDP,183747
HND,Honduras,2006,31434.96,15.23836,Derived using data on central government tax revenue to GDP from IMF_GFS and the spliced GDP,206288.4
HND,Honduras,2007,38270,16.385,Derived using data on central government tax revenue to GDP from IMF_GFS and the spliced GDP,233567.3
HND,Honduras,2008,42329.19,16.13052,Derived using data on central government tax revenue to GDP from IMF_GFS and the spliced GDP,262416.8
HND,Honduras,2009,39034.88,14.16197,Derived using data on central government tax revenue to GDP from IMF_GFS and the spliced GDP,275631.7
HND,Honduras,2010,43172.3,14.4251,Derived using data on central government tax revenue to GDP from IMF_GFS and the spliced GDP,299286
HND,Honduras,2011,49543.87,14.78798,Derived using data on central government tax revenue to GDP from IMF_GFS and the spliced GDP,335028
HND,Honduras,2012,53289.7,14.74747,Derived using data on central government tax revenue to GDP from IMF_GFS and the spliced GDP,361348
HND,Honduras,2013,56719.13,15.06324,Derived using data on central government tax revenue to GDP from IMF_GFS and the spliced GDP,376540
HND,Honduras,2014,68591.41,16.54264,Derived using data on central government tax revenue to GDP from IMF_GFS and the spliced GDP,414634
HND,Honduras,2015,79854.82,17.34447,Derived using data on central government tax revenue to GDP from IMF_GFS and the spliced GDP,460405
HRV,Croatia,1995,3693.288,23.5,Derived using data on central government tax revenue to GDP from EUS and the spliced GDP,15716.12
HRV,Croatia,1996,3999.915,23.1,Derived using data on central government tax revenue to GDP from EUS and the spliced GDP,17315.65
HRV,Croatia,1997,4382.039,22.3,Derived using data on central government tax revenue to GDP from EUS and the spliced GDP,19650.4
HRV,Croatia,1998,5260.196,24.2,Derived using data on central government tax revenue to GDP from EUS and the spliced GDP,21736.35
HRV,Croatia,1999,5220.325,23.4,Derived using data on central government tax revenue to GDP from EUS and the spliced GDP,22309.08
HRV,Croatia,2000,5464.104,22.8,Derived using data on central government tax revenue to GDP from EUS and the spliced GDP,23965.37
HRV,Croatia,2001,5640.518,21.9,Derived using data on central government tax revenue to GDP from EUS and the spliced GDP,25755.79
HRV,Croatia,2002,6281.955,22.2,Derived using data on central government tax revenue to GDP from EUS and the spliced GDP,28297.09
HRV,Croatia,2003,6761.169,21.7,Derived using data on central government tax revenue to GDP from EUS and the spliced GDP,31157.46
HRV,Croatia,2004,7029.33,20.9,Derived using data on central government tax revenue to GDP from EUS and the spliced GDP,33633.16
HRV,Croatia,2005,7561.886,20.9,Derived using data on central government tax revenue to GDP from EUS and the spliced GDP,36181.27
HRV,Croatia,2006,8491.472,21.5,Derived using data on central government tax revenue to GDP from EUS and the spliced GDP,39495.22
HRV,Croatia,2007,9302.541,21.5,Derived using data on central government tax revenue to GDP from EUS and the spliced GDP,43267.63
HRV,Croatia,2008,9917.036,21.3,Derived using data on central government tax revenue to GDP from EUS and the spliced GDP,46558.86
HRV,Croatia,2009,9070.331,20.3,Derived using data on central government tax revenue to GDP from EUS and the spliced GDP,44681.44
HRV,Croatia,2010,9031.67,20.3,Derived using data on central government tax revenue to GDP from EUS and the spliced GDP,44490.99
HRV,Croatia,2011,8857.139,19.6,Derived using data on central government tax revenue to GDP from EUS and the spliced GDP,45189.48
HRV,Croatia,2012,9003.69,20.1,Derived using data on central government tax revenue to GDP from EUS and the spliced GDP,44794.48
HRV,Croatia,2013,9283.63,20.6,Derived using data on central government tax revenue to GDP from EUS and the spliced GDP,45066.16
HRV,Croatia,2014,9153.845,20.4,Derived using data on central government tax revenue to GDP from EUS and the spliced GDP,44871.79
HRV,Croatia,2015,9837.867,21.4,Derived using data on central government tax revenue to GDP from EUS and the spliced GDP,45971.34
HRV,Croatia,2016,10417.76,21.9,Derived using data on central government tax revenue to GDP from EUS and the spliced GDP,47569.66
HRV,Croatia,2017,10941.81,22,Derived using data on central government tax revenue to GDP from EUS and the spliced GDP,49735.51
HRV,Croatia,2018,11383.28,21.8,Derived using data on central government tax revenue to GDP from EUS and the spliced GDP,52216.87
HRV,Croatia,2019,12079.38,22,Derived using data on central government tax revenue to GDP from EUS and the spliced GDP,54906.29
HRV,Croatia,2020,10606.14,20.9,Derived using data on central government tax revenue to GDP from EUS and the spliced GDP,50747.11
HRV,Croatia,2021,12311.18,21.1,Derived using data on central government tax revenue to GDP from EUS and the spliced GDP,58346.84
HRV,Croatia,2022,14672.47,21.7,Derived using data on central government tax revenue to GDP from EUS and the spliced GDP,67615.06
HRV,Croatia,2023,16546.28,21.2,Derived using data on central government tax revenue to GDP from EUS and the spliced GDP,78048.48
HRV,Croatia,2024,18506.28,21.6,Derived using data on central government tax revenue to GDP from EUS and the spliced GDP,85677.23
HUN,Hungary,1900,.0530263,.0017666,Derived using data on central government tax revenue to GDP from Mitchell and the spliced GDP,3001.643
HUN,Hungary,1901,,,Derived using data on central government tax revenue to GDP from Mitchell and the spliced GDP,2831.746
HUN,Hungary,1902,,,Derived using data on central government tax revenue to GDP from Mitchell and the spliced GDP,3016.457
HUN,Hungary,1903,,,Derived using data on central government tax revenue to GDP from Mitchell and the spliced GDP,3205.469
HUN,Hungary,1904,,,Derived using data on central government tax revenue to GDP from Mitchell and the spliced GDP,2904.499
HUN,Hungary,1905,,,Derived using data on central government tax revenue to GDP from Mitchell and the spliced GDP,3426.831
HUN,Hungary,1906,,,Derived using data on central government tax revenue to GDP from Mitchell and the spliced GDP,3838.837
HUN,Hungary,1907,,,Derived using data on central government tax revenue to GDP from Mitchell and the spliced GDP,3818.475
HUN,Hungary,1908,,,Derived using data on central government tax revenue to GDP from Mitchell and the spliced GDP,3904.639
HUN,Hungary,1909,,,Derived using data on central government tax revenue to GDP from Mitchell and the spliced GDP,4088.886
HUN,Hungary,1910,,,Derived using data on central government tax revenue to GDP from Mitchell and the spliced GDP,4516.373
HUN,Hungary,1911,,,Derived using data on central government tax revenue to GDP from Mitchell and the spliced GDP,4667.872
HUN,Hungary,1912,.0735629,.0014591,Derived using data on central government tax revenue to GDP from Mitchell and the spliced GDP,5041.542
HUN,Hungary,1913,,,Derived using data on central government tax revenue to GDP from Mitchell and the spliced GDP,5031.567
HUN,Hungary,1914,,,Derived using data on central government tax revenue to GDP from Mitchell and the spliced GDP,
HUN,Hungary,1915,,,Derived using data on central government tax revenue to GDP from Mitchell and the spliced GDP,
HUN,Hungary,1916,,,Derived using data on central government tax revenue to GDP from Mitchell and the spliced GDP,
HUN,Hungary,1917,,,Derived using data on central government tax revenue to GDP from Mitchell and the spliced GDP,
HUN,Hungary,1918,,,Derived using data on central government tax revenue to GDP from Mitchell and the spliced GDP,
HUN,Hungary,1919,,,Derived using data on central government tax revenue to GDP from Mitchell and the spliced GDP,
HUN,Hungary,1920,,,Derived using data on central government tax revenue to GDP from Mitchell and the spliced GDP,
HUN,Hungary,1921,.5501569,.0190794,Derived using data on central government tax revenue to GDP from Mitchell and the spliced GDP,2883.516
HUN,Hungary,1922,,,Derived using data on central government tax revenue to GDP from Mitchell and the spliced GDP,
HUN,Hungary,1923,,,Derived using data on central government tax revenue to GDP from Mitchell and the spliced GDP,
HUN,Hungary,1924,,,Derived using data on central government tax revenue to GDP from Mitchell and the spliced GDP,
HUN,Hungary,1925,255.9814,7.61176,Derived using data on central government tax revenue to GDP from Mitchell and the spliced GDP,3362.973
HUN,Hungary,1926,325.0558,8.295887,Derived using data on central government tax revenue to GDP from Mitchell and the spliced GDP,3918.277
HUN,Hungary,1927,437.4709,11.6041,Derived using data on central government tax revenue to GDP from Mitchell and the spliced GDP,3769.97
HUN,Hungary,1928,467.9449,11.80591,Derived using data on central government tax revenue to GDP from Mitchell and the spliced GDP,3963.649
HUN,Hungary,1929,474.0397,10.87801,Derived using data on central government tax revenue to GDP from Mitchell and the spliced GDP,4357.779
HUN,Hungary,1930,425.2813,9.961929,Derived using data on central government tax revenue to GDP from Mitchell and the spliced GDP,4269.066
HUN,Hungary,1931,376.5229,9.84245,Derived using data on central government tax revenue to GDP from Mitchell and the spliced GDP,3825.5
HUN,Hungary,1932,383.295,11.55102,Derived using data on central government tax revenue to GDP from Mitchell and the spliced GDP,3318.278
HUN,Hungary,1933,354.8526,11.61347,Derived using data on central government tax revenue to GDP from Mitchell and the spliced GDP,3055.524
HUN,Hungary,1934,361.6246,12.0433,Derived using data on central government tax revenue to GDP from Mitchell and the spliced GDP,3002.703
HUN,Hungary,1935,367.0421,11.84182,Derived using data on central government tax revenue to GDP from Mitchell and the spliced GDP,3099.542
HUN,Hungary,1936,386.6809,11.57042,Derived using data on central government tax revenue to GDP from Mitchell and the spliced GDP,3341.98
HUN,Hungary,1937,423.9269,11.65519,Derived using data on central government tax revenue to GDP from Mitchell and the spliced GDP,3637.239
HUN,Hungary,1938,447.6289,11.85438,Derived using data on central government tax revenue to GDP from Mitchell and the spliced GDP,3776.065
HUN,Hungary,1939,478.1029,11.93979,Derived using data on central government tax revenue to GDP from Mitchell and the spliced GDP,4004.281
HUN,Hungary,1940,946.7249,20.61339,Derived using data on central government tax revenue to GDP from Mitchell and the spliced GDP,4592.767
HUN,Hungary,1941,,,Derived using data on central government tax revenue to GDP from EUS and the spliced GDP,5089.155
HUN,Hungary,1942,,,Derived using data on central government tax revenue to GDP from EUS and the spliced GDP,6206.534
HUN,Hungary,1943,,,Derived using data on central government tax revenue to GDP from EUS and the spliced GDP,7781.023
HUN,Hungary,1944,,,Derived using data on central government tax revenue to GDP from EUS and the spliced GDP,
HUN,Hungary,1945,,,Derived using data on central government tax revenue to GDP from EUS and the spliced GDP,
HUN,Hungary,1946,,,Derived using data on central government tax revenue to GDP from EUS and the spliced GDP,
HUN,Hungary,1947,,,Derived using data on central government tax revenue to GDP from EUS and the spliced GDP,
HUN,Hungary,1948,,,Derived using data on central government tax revenue to GDP from EUS and the spliced GDP,
HUN,Hungary,1949,,,Derived using data on central government tax revenue to GDP from EUS and the spliced GDP,
HUN,Hungary,1950,,,Derived using data on central government tax revenue to GDP from EUS and the spliced GDP,31489.78
HUN,Hungary,1951,,,Derived using data on central government tax revenue to GDP from EUS and the spliced GDP,44221.13
HUN,Hungary,1952,,,Derived using data on central government tax revenue to GDP from EUS and the spliced GDP,49977.33
HUN,Hungary,1953,,,Derived using data on central government tax revenue to GDP from EUS and the spliced GDP,56207.56
HUN,Hungary,1954,,,Derived using data on central government tax revenue to GDP from EUS and the spliced GDP,57968.28
HUN,Hungary,1955,,,Derived using data on central government tax revenue to GDP from EUS and the spliced GDP,63859.92
HUN,Hungary,1956,,,Derived using data on central government tax revenue to GDP from EUS and the spliced GDP,55868.96
HUN,Hungary,1957,,,Derived using data on central government tax revenue to GDP from EUS and the spliced GDP,72460.35
HUN,Hungary,1958,,,Derived using data on central government tax revenue to GDP from EUS and the spliced GDP,74491.95
HUN,Hungary,1959,,,Derived using data on central government tax revenue to GDP from EUS and the spliced GDP,86681.54
HUN,Hungary,1960,,,Derived using data on central government tax revenue to GDP from EUS and the spliced GDP,96162.34
HUN,Hungary,1961,,,Derived using data on central government tax revenue to GDP from EUS and the spliced GDP,101669.5
HUN,Hungary,1962,,,Derived using data on central government tax revenue to GDP from EUS and the spliced GDP,107238.7
HUN,Hungary,1963,,,Derived using data on central government tax revenue to GDP from EUS and the spliced GDP,134896
HUN,Hungary,1964,,,Derived using data on central government tax revenue to GDP from EUS and the spliced GDP,150176.7
HUN,Hungary,1965,,,Derived using data on central government tax revenue to GDP from EUS and the spliced GDP,166109.8
HUN,Hungary,1966,,,Derived using data on central government tax revenue to GDP from EUS and the spliced GDP,192232.8
HUN,Hungary,1967,,,Derived using data on central government tax revenue to GDP from EUS and the spliced GDP,225601.6
HUN,Hungary,1968,,,Derived using data on central government tax revenue to GDP from EUS and the spliced GDP,261197.6
HUN,Hungary,1969,,,Derived using data on central government tax revenue to GDP from EUS and the spliced GDP,286849
HUN,Hungary,1970,,,Derived using data on central government tax revenue to GDP from EUS and the spliced GDP,346808.3
HUN,Hungary,1971,,,Derived using data on central government tax revenue to GDP from EUS and the spliced GDP,376326.1
HUN,Hungary,1972,,,Derived using data on central government tax revenue to GDP from EUS and the spliced GDP,407825.7
HUN,Hungary,1973,,,Derived using data on central government tax revenue to GDP from EUS and the spliced GDP,447460.9
HUN,Hungary,1974,,,Derived using data on central government tax revenue to GDP from EUS and the spliced GDP,468217.3
HUN,Hungary,1975,,,Derived using data on central government tax revenue to GDP from EUS and the spliced GDP,503471.8
HUN,Hungary,1976,,,Derived using data on central government tax revenue to GDP from EUS and the spliced GDP,551659.9
HUN,Hungary,1977,,,Derived using data on central government tax revenue to GDP from EUS and the spliced GDP,607044.9
HUN,Hungary,1978,,,Derived using data on central government tax revenue to GDP from EUS and the spliced GDP,656797.5
HUN,Hungary,1979,,,Derived using data on central government tax revenue to GDP from EUS and the spliced GDP,711661.1
HUN,Hungary,1980,,,Derived using data on central government tax revenue to GDP from EUS and the spliced GDP,752026.4
HUN,Hungary,1981,,,Derived using data on central government tax revenue to GDP from EUS and the spliced GDP,813461
HUN,Hungary,1982,,,Derived using data on central government tax revenue to GDP from EUS and the spliced GDP,884387.3
HUN,Hungary,1983,,,Derived using data on central government tax revenue to GDP from EUS and the spliced GDP,934870
HUN,Hungary,1984,,,Derived using data on central government tax revenue to GDP from EUS and the spliced GDP,1020607
HUN,Hungary,1985,,,Derived using data on central government tax revenue to GDP from EUS and the spliced GDP,1078183
HUN,Hungary,1986,,,Derived using data on central government tax revenue to GDP from EUS and the spliced GDP,1135654
HUN,Hungary,1987,,,Derived using data on central government tax revenue to GDP from EUS and the spliced GDP,1279175
HUN,Hungary,1988,,,Derived using data on central government tax revenue to GDP from EUS and the spliced GDP,1502384
HUN,Hungary,1989,,,Derived using data on central government tax revenue to GDP from EUS and the spliced GDP,1796936
HUN,Hungary,1990,,,Derived using data on central government tax revenue to GDP from EUS and the spliced GDP,2179208
HUN,Hungary,1991,,,Derived using data on central government tax revenue to GDP from EUS and the spliced GDP,2605808
HUN,Hungary,1992,,,Derived using data on central government tax revenue to GDP from EUS and the spliced GDP,3069275
HUN,Hungary,1993,,,Derived using data on central government tax revenue to GDP from EUS and the spliced GDP,3700925
HUN,Hungary,1994,,,Derived using data on central government tax revenue to GDP from EUS and the spliced GDP,4552606
HUN,Hungary,1995,1428763,24.4,Derived using data on central government tax revenue to GDP from EUS and the spliced GDP,5855584
HUN,Hungary,1996,1722914,24.1,Derived using data on central government tax revenue to GDP from EUS and the spliced GDP,7149020
HUN,Hungary,1997,1974339,22.3,Derived using data on central government tax revenue to GDP from EUS and the spliced GDP,8853540
HUN,Hungary,1998,2301082,22,Derived using data on central government tax revenue to GDP from EUS and the spliced GDP,1.05e+07
HUN,Hungary,1999,2669713,22.9,Derived using data on central government tax revenue to GDP from EUS and the spliced GDP,1.17e+07
HUN,Hungary,2000,3121628,23.4,Derived using data on central government tax revenue to GDP from EUS and the spliced GDP,1.33e+07
HUN,Hungary,2001,3467936,22.5,Derived using data on central government tax revenue to GDP from EUS and the spliced GDP,1.54e+07
HUN,Hungary,2002,3837012,22,Derived using data on central government tax revenue to GDP from EUS and the spliced GDP,1.74e+07
HUN,Hungary,2003,4146608,21.7,Derived using data on central government tax revenue to GDP from EUS and the spliced GDP,1.91e+07
HUN,Hungary,2004,4512977,21.4,Derived using data on central government tax revenue to GDP from EUS and the spliced GDP,2.11e+07
HUN,Hungary,2005,4740210,21,Derived using data on central government tax revenue to GDP from EUS and the spliced GDP,2.26e+07
HUN,Hungary,2006,5107609,21,Derived using data on central government tax revenue to GDP from EUS and the spliced GDP,2.43e+07
HUN,Hungary,2007,5789308,22.5,Derived using data on central government tax revenue to GDP from EUS and the spliced GDP,2.57e+07
HUN,Hungary,2008,6644898,24.4,Derived using data on central government tax revenue to GDP from EUS and the spliced GDP,2.72e+07
HUN,Hungary,2009,6431675,24.3,Derived using data on central government tax revenue to GDP from EUS and the spliced GDP,2.65e+07
HUN,Hungary,2010,6363197,23.2,Derived using data on central government tax revenue to GDP from EUS and the spliced GDP,2.74e+07
HUN,Hungary,2011,6154287,21.6,Derived using data on central government tax revenue to GDP from EUS and the spliced GDP,2.85e+07
HUN,Hungary,2012,6738172,23.3,Derived using data on central government tax revenue to GDP from EUS and the spliced GDP,2.89e+07
HUN,Hungary,2013,7009313,23.1,Derived using data on central government tax revenue to GDP from EUS and the spliced GDP,3.03e+07
HUN,Hungary,2014,7648637,23.3,Derived using data on central government tax revenue to GDP from EUS and the spliced GDP,3.28e+07
HUN,Hungary,2015,8186433,23.4,Derived using data on central government tax revenue to GDP from EUS and the spliced GDP,3.50e+07
HUN,Hungary,2016,8496980,23.4,Derived using data on central government tax revenue to GDP from EUS and the spliced GDP,3.63e+07
HUN,Hungary,2017,9243943,23.5,Derived using data on central government tax revenue to GDP from EUS and the spliced GDP,3.93e+07
HUN,Hungary,2018,9843201,22.6,Derived using data on central government tax revenue to GDP from EUS and the spliced GDP,4.36e+07
HUN,Hungary,2019,1.08e+07,22.6,Derived using data on central government tax revenue to GDP from EUS and the spliced GDP,4.79e+07
HUN,Hungary,2020,1.12e+07,23,Derived using data on central government tax revenue to GDP from EUS and the spliced GDP,4.88e+07
HUN,Hungary,2021,1.20e+07,21.6,Derived using data on central government tax revenue to GDP from EUS and the spliced GDP,5.56e+07
HUN,Hungary,2022,1.57e+07,23.7,Derived using data on central government tax revenue to GDP from EUS and the spliced GDP,6.62e+07
HUN,Hungary,2023,1.73e+07,23.1,Derived using data on central government tax revenue to GDP from EUS and the spliced GDP,7.51e+07
HUN,Hungary,2024,1.87e+07,23,Derived using data on central government tax revenue to GDP from EUS and the spliced GDP,8.13e+07
IDN,Indonesia,2008,6.59e+08,12.16473,Derived using data on central government tax revenue to GDP from IMF_GFS and the spliced GDP,5.41e+09
IDN,Indonesia,2009,6.20e+08,10.31248,Derived using data on central government tax revenue to GDP from IMF_GFS and the spliced GDP,6.01e+09
IDN,Indonesia,2010,7.23e+08,10.53749,Derived using data on central government tax revenue to GDP from IMF_GFS and the spliced GDP,6.86e+09
IDN,Indonesia,2011,8.74e+08,11.15813,Derived using data on central government tax revenue to GDP from IMF_GFS and the spliced GDP,7.83e+09
IDN,Indonesia,2012,9.81e+08,11.38059,Derived using data on central government tax revenue to GDP from IMF_GFS and the spliced GDP,8.62e+09
IDN,Indonesia,2013,1.08e+09,11.2853,Derived using data on central government tax revenue to GDP from IMF_GFS and the spliced GDP,9.55e+09
IDN,Indonesia,2014,1.15e+09,10.83552,Derived using data on central government tax revenue to GDP from IMF_GFS and the spliced GDP,1.06e+10
IDN,Indonesia,2015,1.24e+09,10.75349,Derived using data on central government tax revenue to GDP from IMF_GFS and the spliced GDP,1.15e+10
IDN,Indonesia,2016,1.28e+09,10.33635,Derived using data on central government tax revenue to GDP from IMF_GFS and the spliced GDP,1.24e+10
IDN,Indonesia,2017,1.34e+09,9.877293,Derived using data on central government tax revenue to GDP from IMF_GFS and the spliced GDP,1.36e+10
IDN,Indonesia,2018,1.52e+09,10.23014,Derived using data on central government tax revenue to GDP from IMF_GFS and the spliced GDP,1.48e+10
IDN,Indonesia,2019,1.54e+09,9.751962,Derived using data on central government tax revenue to GDP from IMF_GFS and the spliced GDP,1.58e+10
IDN,Indonesia,2020,1.28e+09,8.310105,Derived using data on central government tax revenue to GDP from IMF_GFS and the spliced GDP,1.54e+10
IDN,Indonesia,2021,1.54e+09,9.09401,Derived using data on central government tax revenue to GDP from IMF_GFS and the spliced GDP,1.70e+10
IDN,Indonesia,2022,2.03e+09,10.38013,Derived using data on central government tax revenue to GDP from IMF_GFS and the spliced GDP,1.96e+10
IDN,Indonesia,2023,2.15e+09,10.29266,Derived using data on central government tax revenue to GDP from IMF_GFS and the spliced GDP,2.09e+10
IND,India,1948,4296.296,3.641379,Derived using data on central government tax revenue to GDP from Mitchell and the spliced GDP,117985.4
IND,India,1949,4175.599,3.421111,Derived using data on central government tax revenue to GDP from Mitchell and the spliced GDP,122053.9
IND,India,1950,4751.964,3.65,Derived using data on central government tax revenue to GDP from Mitchell and the spliced GDP,130190.8
IND,India,1951,6210.944,4.522,Derived using data on central government tax revenue to GDP from Mitchell and the spliced GDP,137349.5
IND,India,1952,5136.979,3.82551,Derived using data on central government tax revenue to GDP from Mitchell and the spliced GDP,134282.2
IND,India,1953,4926.116,3.469231,Derived using data on central government tax revenue to GDP from Mitchell and the spliced GDP,141994.5
IND,India,1954,5424.521,4.089691,Derived using data on central government tax revenue to GDP from Mitchell and the spliced GDP,132638.9
IND,India,1955,5729.08,4.128155,Derived using data on central government tax revenue to GDP from Mitchell and the spliced GDP,138780.6
IND,India,1956,6746.611,4.30339,Derived using data on central government tax revenue to GDP from Mitchell and the spliced GDP,156774.3
IND,India,1957,7951.093,5.001667,Derived using data on central government tax revenue to GDP from Mitchell and the spliced GDP,158968.9
IND,India,1958,7873.904,4.490298,Derived using data on central government tax revenue to GDP from Mitchell and the spliced GDP,175353.7
IND,India,1959,8847.164,4.948571,Derived using data on central government tax revenue to GDP from Mitchell and the spliced GDP,178782.2
IND,India,1960,9498.796,5.18,Derived using data on central government tax revenue to GDP from Mitchell and the spliced GDP,183374.5
IND,India,1961,10542.94,5.30625,Derived using data on central government tax revenue to GDP from Mitchell and the spliced GDP,198689.1
IND,India,1962,12665.19,6.035088,Derived using data on central government tax revenue to GDP from Mitchell and the spliced GDP,209859.2
IND,India,1963,14544.11,6.334905,Derived using data on central government tax revenue to GDP from Mitchell and the spliced GDP,229586.9
IND,India,1964,16595.44,6.16129,Derived using data on central government tax revenue to GDP from Mitchell and the spliced GDP,269350.1
IND,India,1965,20130.5,6.681993,Derived using data on central government tax revenue to GDP from Mitchell and the spliced GDP,301264.9
IND,India,1966,20558.05,6.378379,Derived using data on central government tax revenue to GDP from Mitchell and the spliced GDP,322308.5
IND,India,1967,20494.59,5.459538,Derived using data on central government tax revenue to GDP from Mitchell and the spliced GDP,375390.7
IND,India,1968,22549.04,5.3406,Derived using data on central government tax revenue to GDP from Mitchell and the spliced GDP,422219.2
IND,India,1969,23954.76,5.277228,Derived using data on central government tax revenue to GDP from Mitchell and the spliced GDP,453927
IND,India,1970,27261.62,5.506945,Derived using data on central government tax revenue to GDP from Mitchell and the spliced GDP,495040.8
IND,India,1971,32314.58,6.118791,Derived using data on central government tax revenue to GDP from Mitchell and the spliced GDP,528120.4
IND,India,1972,36604.2,6.494118,Derived using data on central government tax revenue to GDP from Mitchell and the spliced GDP,563651.7
IND,India,1973,39102.88,6.067742,Derived using data on central government tax revenue to GDP from Mitchell and the spliced GDP,644438.8
IND,India,1974,53005.89,6.734972,Derived using data on central government tax revenue to GDP from Mitchell and the spliced GDP,787024.6
IND,India,1975,65599.66,7.296954,Derived using data on central government tax revenue to GDP from Mitchell and the spliced GDP,899000.6
IND,India,1976,70728.8,7.385159,Derived using data on central government tax revenue to GDP from Mitchell and the spliced GDP,957715.4
IND,India,1977,73631.1,6.971904,Derived using data on central government tax revenue to GDP from Mitchell and the spliced GDP,1056112
IND,India,1978,93622.84,7.936661,Derived using data on central government tax revenue to GDP from Mitchell and the spliced GDP,1179625
IND,India,1979,91694.12,7.229022,Derived using data on central government tax revenue to GDP from Mitchell and the spliced GDP,1268417
IND,India,1980,94202.93,6.580883,Derived using data on central government tax revenue to GDP from Mitchell and the spliced GDP,1431464
IND,India,1981,116902.3,6.827285,Derived using data on central government tax revenue to GDP from Mitchell and the spliced GDP,1712281
IND,India,1982,135708.3,6.911847,Derived using data on central government tax revenue to GDP from Mitchell and the spliced GDP,1963416
IND,India,1983,159108.1,7.109827,Derived using data on central government tax revenue to GDP from Mitchell and the spliced GDP,2237863
IND,India,1984,187967.8,7.312014,Derived using data on central government tax revenue to GDP from Mitchell and the spliced GDP,2570671
IND,India,1985,224827,7.785415,Derived using data on central government tax revenue to GDP from Mitchell and the spliced GDP,2887798
IND,India,1986,261849.6,8.061645,Derived using data on central government tax revenue to GDP from Mitchell and the spliced GDP,3248092
IND,India,1987,299844.5,8.265183,Derived using data on central government tax revenue to GDP from Mitchell and the spliced GDP,3627803
IND,India,1988,329149.3,7.820253,Derived using data on central government tax revenue to GDP from Mitchell and the spliced GDP,4208935
IND,India,1989,403303.6,8.185202,Derived using data on central government tax revenue to GDP from Mitchell and the spliced GDP,4927229
IND,India,1990,461283.8,8.089636,Derived using data on central government tax revenue to GDP from Mitchell and the spliced GDP,5702159
IND,India,1991,,,Derived using data on central government tax revenue to GDP from Mitchell and the spliced GDP,6624872
IND,India,1992,580031.4,7.616676,Derived using data on central government tax revenue to GDP from Mitchell and the spliced GDP,7615282
IND,India,1993,590165.1,6.756963,Derived using data on central government tax revenue to GDP from Mitchell and the spliced GDP,8734177
IND,India,1994,642299.3,6.347163,Derived using data on central government tax revenue to GDP from Mitchell and the spliced GDP,1.01e+07
IND,India,1995,734975.3,6.186869,Derived using data on central government tax revenue to GDP from Mitchell and the spliced GDP,1.19e+07
IND,India,1996,853296.1,6.110218,Derived using data on central government tax revenue to GDP from Mitchell and the spliced GDP,1.40e+07
IND,India,1997,877889.4,5.674877,Derived using data on central government tax revenue to GDP from Mitchell and the spliced GDP,1.55e+07
IND,India,1998,1011778,5.703619,Derived using data on central government tax revenue to GDP from Mitchell and the spliced GDP,1.77e+07
IND,India,1999,1221145,6.175134,Derived using data on central government tax revenue to GDP from Mitchell and the spliced GDP,1.98e+07
IND,India,2000,1476951,6.929887,Derived using data on central government tax revenue to GDP from Mitchell and the spliced GDP,2.13e+07
IND,India,2001,1692294,7.332747,Derived using data on central government tax revenue to GDP from Mitchell and the spliced GDP,2.31e+07
IND,India,2002,1667927,6.70645,Derived using data on central government tax revenue to GDP from Mitchell and the spliced GDP,2.49e+07
IND,India,2003,1978567,7.094203,Derived using data on central government tax revenue to GDP from Mitchell and the spliced GDP,2.79e+07
IND,India,2004,2538735,7.967579,Derived using data on central government tax revenue to GDP from Mitchell and the spliced GDP,3.19e+07
IND,India,2005,1666962,4.589495,Derived using data on central government tax revenue to GDP from Mitchell and the spliced GDP,3.63e+07
IND,India,2006,2370335,5.571191,Derived using data on central government tax revenue to GDP from Mitchell and the spliced GDP,4.25e+07
IND,India,2007,3447899,7.03845,Derived using data on central government tax revenue to GDP from Mitchell and the spliced GDP,4.90e+07
IND,India,2008,9628702,17.4618,Derived using data on central government tax revenue to GDP from Mitchell and the spliced GDP,5.51e+07
IND,India,2009,6330224,9.943165,Derived using data on central government tax revenue to GDP from Mitchell and the spliced GDP,6.37e+07
IRL,Ireland,1947,67.7482,15.36145,Derived using data on central government tax revenue to GDP from Mitchell and the spliced GDP,441.0275
IRL,Ireland,1948,76.2494,15.61644,Derived using data on central government tax revenue to GDP from Mitchell and the spliced GDP,488.2637
IRL,Ireland,1949,76.59937,14.578,Derived using data on central government tax revenue to GDP from Mitchell and the spliced GDP,525.4448
IRL,Ireland,1950,80.44662,15.07538,Derived using data on central government tax revenue to GDP from Mitchell and the spliced GDP,533.6293
IRL,Ireland,1951,88.72775,15.71429,Derived using data on central government tax revenue to GDP from Mitchell and the spliced GDP,564.6312
IRL,Ireland,1952,102.2409,15.89958,Derived using data on central government tax revenue to GDP from Mitchell and the spliced GDP,643.0412
IRL,Ireland,1953,106.5016,15.07634,Derived using data on central government tax revenue to GDP from Mitchell and the spliced GDP,706.4156
IRL,Ireland,1954,107.9133,15.15152,Derived using data on central government tax revenue to GDP from Mitchell and the spliced GDP,712.2281
IRL,Ireland,1955,113.9076,15.24501,Derived using data on central government tax revenue to GDP from Mitchell and the spliced GDP,747.1798
IRL,Ireland,1956,120.6188,15.92129,Derived using data on central government tax revenue to GDP from Mitchell and the spliced GDP,757.5943
IRL,Ireland,1957,124.0981,15.83477,Derived using data on central government tax revenue to GDP from Mitchell and the spliced GDP,783.7063
IRL,Ireland,1958,125.9687,15.47421,Derived using data on central government tax revenue to GDP from Mitchell and the spliced GDP,814.0555
IRL,Ireland,1959,130.2393,15.02347,Derived using data on central government tax revenue to GDP from Mitchell and the spliced GDP,866.9054
IRL,Ireland,1960,138.0014,15.08876,Derived using data on central government tax revenue to GDP from Mitchell and the spliced GDP,914.5976
IRL,Ireland,1961,154.4133,15.68088,Derived using data on central government tax revenue to GDP from Mitchell and the spliced GDP,984.7234
IRL,Ireland,1962,167.242,15.68878,Derived using data on central government tax revenue to GDP from Mitchell and the spliced GDP,1065.998
IRL,Ireland,1963,191.067,16.66667,Derived using data on central government tax revenue to GDP from Mitchell and the spliced GDP,1146.402
IRL,Ireland,1964,230.2514,17.64706,Derived using data on central government tax revenue to GDP from Mitchell and the spliced GDP,1304.758
IRL,Ireland,1965,257.2621,18.51852,Derived using data on central government tax revenue to GDP from Mitchell and the spliced GDP,1389.215
IRL,Ireland,1966,296.3828,20.24715,Derived using data on central government tax revenue to GDP from Mitchell and the spliced GDP,1463.825
IRL,Ireland,1967,330.0766,20.6446,Derived using data on central government tax revenue to GDP from Mitchell and the spliced GDP,1598.852
IRL,Ireland,1968,374.6759,20.76923,Derived using data on central government tax revenue to GDP from Mitchell and the spliced GDP,1803.995
IRL,Ireland,1969,432.3707,20.74967,Derived using data on central government tax revenue to GDP from Mitchell and the spliced GDP,2083.748
IRL,Ireland,1970,512.8976,21.85075,Derived using data on central government tax revenue to GDP from Mitchell and the spliced GDP,2347.277
IRL,Ireland,1971,615.1536,22.91334,Derived using data on central government tax revenue to GDP from Mitchell and the spliced GDP,2684.696
IRL,Ireland,1972,710.9399,21.93177,Derived using data on central government tax revenue to GDP from Mitchell and the spliced GDP,3241.599
IRL,Ireland,1973,881.7047,22.53211,Derived using data on central government tax revenue to GDP from Mitchell and the spliced GDP,3913.103
IRL,Ireland,1974,690.207,15.94684,Derived using data on central government tax revenue to GDP from Mitchell and the spliced GDP,4328.173
IRL,Ireland,1975,1214.229,22.10221,Derived using data on central government tax revenue to GDP from Mitchell and the spliced GDP,5493.701
IRL,Ireland,1976,1704.752,25.29989,Derived using data on central government tax revenue to GDP from Mitchell and the spliced GDP,6738.181
IRL,Ireland,1977,1971.121,23.87493,Derived using data on central government tax revenue to GDP from Mitchell and the spliced GDP,8256.028
IRL,Ireland,1978,2319.703,23.69429,Derived using data on central government tax revenue to GDP from Mitchell and the spliced GDP,9790.139
IRL,Ireland,1979,2696.617,23.48703,Derived using data on central government tax revenue to GDP from Mitchell and the spliced GDP,11481.3
IRL,Ireland,1980,3603.19,26.5356,Derived using data on central government tax revenue to GDP from Mitchell and the spliced GDP,13578.7
IRL,Ireland,1981,4526.021,27.46453,Derived using data on central government tax revenue to GDP from Mitchell and the spliced GDP,16479.51
IRL,Ireland,1982,5581.503,28.74348,Derived using data on central government tax revenue to GDP from Mitchell and the spliced GDP,19418.33
IRL,Ireland,1983,5978.52,27.84356,Derived using data on central government tax revenue to GDP from Mitchell and the spliced GDP,21471.82
IRL,Ireland,1984,6771.94,28.4147,Derived using data on central government tax revenue to GDP from Mitchell and the spliced GDP,23832.52
IRL,Ireland,1985,7149.375,27.63912,Derived using data on central government tax revenue to GDP from Mitchell and the spliced GDP,25866.87
IRL,Ireland,1986,7814.286,28.48363,Derived using data on central government tax revenue to GDP from Mitchell and the spliced GDP,27434.31
IRL,Ireland,1987,7808.076,26.608,Derived using data on central government tax revenue to GDP from Mitchell and the spliced GDP,29344.85
IRL,Ireland,1988,8994.04,28.43271,Derived using data on central government tax revenue to GDP from Mitchell and the spliced GDP,31632.72
IRL,Ireland,1989,9153.026,25.91659,Derived using data on central government tax revenue to GDP from Mitchell and the spliced GDP,35317.25
IRL,Ireland,1990,9853.482,26.01094,Derived using data on central government tax revenue to GDP from IMF_GFS and the spliced GDP,37882.07
IRL,Ireland,1991,10305.04,26.21572,Derived using data on central government tax revenue to GDP from IMF_GFS and the spliced GDP,39308.63
IRL,Ireland,1992,11051.46,26.46092,Derived using data on central government tax revenue to GDP from IMF_GFS and the spliced GDP,41765.23
IRL,Ireland,1993,11927.75,26.44168,Derived using data on central government tax revenue to GDP from IMF_GFS and the spliced GDP,45109.67
IRL,Ireland,1994,13439.78,27.70261,Derived using data on central government tax revenue to GDP from IMF_GFS and the spliced GDP,48514.5
IRL,Ireland,1995,15289.85,27.9,Derived using data on central government tax revenue to GDP from EUS and the spliced GDP,54802.34
IRL,Ireland,1996,17122.88,28.5,Derived using data on central government tax revenue to GDP from EUS and the spliced GDP,60080.27
IRL,Ireland,1997,19384.12,28,Derived using data on central government tax revenue to GDP from EUS and the spliced GDP,69229.01
IRL,Ireland,1998,22232.69,27.6,Derived using data on central government tax revenue to GDP from EUS and the spliced GDP,80553.23
IRL,Ireland,1999,25612.23,27.6,Derived using data on central government tax revenue to GDP from EUS and the spliced GDP,92797.93
IRL,Ireland,2000,29665.99,27.3,Derived using data on central government tax revenue to GDP from EUS and the spliced GDP,108666.6
IRL,Ireland,2001,30646.71,25.1,Derived using data on central government tax revenue to GDP from EUS and the spliced GDP,122098.5
IRL,Ireland,2002,33169.08,24.4,Derived using data on central government tax revenue to GDP from EUS and the spliced GDP,135938.9
IRL,Ireland,2003,36308.92,25,Derived using data on central government tax revenue to GDP from EUS and the spliced GDP,145235.7
IRL,Ireland,2004,40671.88,26,Derived using data on central government tax revenue to GDP from EUS and the spliced GDP,156430.3
IRL,Ireland,2005,45455.46,26.7,Derived using data on central government tax revenue to GDP from EUS and the spliced GDP,170245.2
IRL,Ireland,2006,52017.96,28.1,Derived using data on central government tax revenue to GDP from EUS and the spliced GDP,185117.3
IRL,Ireland,2007,53610.49,27.2,Derived using data on central government tax revenue to GDP from EUS and the spliced GDP,197097.4
IRL,Ireland,2008,47146.95,25.2,Derived using data on central government tax revenue to GDP from EUS and the spliced GDP,187091
IRL,Ireland,2009,40203.23,23.7,Derived using data on central government tax revenue to GDP from EUS and the spliced GDP,169633.9
IRL,Ireland,2010,38967.11,23.3,Derived using data on central government tax revenue to GDP from EUS and the spliced GDP,167240.8
IRL,Ireland,2011,40871.11,23.6,Derived using data on central government tax revenue to GDP from EUS and the spliced GDP,173182.7
IRL,Ireland,2012,43136.78,24.4,Derived using data on central government tax revenue to GDP from EUS and the spliced GDP,176790.1
IRL,Ireland,2013,44196.3,24.2,Derived using data on central government tax revenue to GDP from EUS and the spliced GDP,182629.3
IRL,Ireland,2014,48372.72,24.2,Derived using data on central government tax revenue to GDP from EUS and the spliced GDP,199887.3
IRL,Ireland,2015,52827.82,19.4,Derived using data on central government tax revenue to GDP from EUS and the spliced GDP,272308.3
IRL,Ireland,2016,54877.61,19.9,Derived using data on central government tax revenue to GDP from EUS and the spliced GDP,275766.9
IRL,Ireland,2017,58015.84,18.8,Derived using data on central government tax revenue to GDP from EUS and the spliced GDP,308594.9
IRL,Ireland,2018,62962.3,18.8,Derived using data on central government tax revenue to GDP from EUS and the spliced GDP,334905.8
IRL,Ireland,2019,67135.15,18.5,Derived using data on central government tax revenue to GDP from EUS and the spliced GDP,362892.7
IRL,Ireland,2020,65099.51,17,Derived using data on central government tax revenue to GDP from EUS and the spliced GDP,382938.3
IRL,Ireland,2021,79330.99,17.7,Derived using data on central government tax revenue to GDP from EUS and the spliced GDP,448197.7
IRL,Ireland,2022,92651.38,17.8,Derived using data on central government tax revenue to GDP from EUS and the spliced GDP,520513.3
IRL,Ireland,2023,94950.84,18.6,Derived using data on central government tax revenue to GDP from EUS and the spliced GDP,510488.4
IRL,Ireland,2024,97805.2,18.9,Derived using data on central government tax revenue to GDP from EUS and the spliced GDP,517487.8
IRN,Iran,1959,60111.55,21.00121,Derived using data on central government tax revenue to GDP from Mitchell and the spliced GDP,286229
IRN,Iran,1960,64647.23,20.65361,Derived using data on central government tax revenue to GDP from Mitchell and the spliced GDP,313006.9
IRN,Iran,1961,69833.84,21.1461,Derived using data on central government tax revenue to GDP from Mitchell and the spliced GDP,330244.4
IRN,Iran,1962,72983.77,20.86004,Derived using data on central government tax revenue to GDP from Mitchell and the spliced GDP,349873.6
IRN,Iran,1963,92088.24,24.88877,Derived using data on central government tax revenue to GDP from Mitchell and the spliced GDP,369999.2
IRN,Iran,1964,115329,28.43011,Derived using data on central government tax revenue to GDP from Mitchell and the spliced GDP,405658
IRN,Iran,1965,123400.2,26.51626,Derived using data on central government tax revenue to GDP from Mitchell and the spliced GDP,465375.5
IRN,Iran,1966,139086.7,27.49378,Derived using data on central government tax revenue to GDP from Mitchell and the spliced GDP,505884.3
IRN,Iran,1967,162154.4,28.4404,Derived using data on central government tax revenue to GDP from Mitchell and the spliced GDP,570155
IRN,Iran,1968,186904.5,28.91355,Derived using data on central government tax revenue to GDP from Mitchell and the spliced GDP,646425.1
IRN,Iran,1969,192396.8,26.22929,Derived using data on central government tax revenue to GDP from Mitchell and the spliced GDP,733518.9
IRN,Iran,1970,278650.5,33.51378,Derived using data on central government tax revenue to GDP from Mitchell and the spliced GDP,831450.6
IRN,Iran,1971,433091.2,41.63602,Derived using data on central government tax revenue to GDP from Mitchell and the spliced GDP,1040184
IRN,Iran,1972,514718.6,39.61279,Derived using data on central government tax revenue to GDP from Mitchell and the spliced GDP,1299375
IRN,Iran,1973,819943.1,43.95437,Derived using data on central government tax revenue to GDP from Mitchell and the spliced GDP,1865442
IRN,Iran,1974,2461621,78.77464,Derived using data on central government tax revenue to GDP from Mitchell and the spliced GDP,3124890
IRN,Iran,1975,2724437,77.19313,Derived using data on central government tax revenue to GDP from Mitchell and the spliced GDP,3529378
IRN,Iran,1976,3218910,67.0567,Derived using data on central government tax revenue to GDP from Mitchell and the spliced GDP,4800280
IRN,Iran,1977,3466698,60.94033,Derived using data on central government tax revenue to GDP from Mitchell and the spliced GDP,5688676
IRN,Iran,1978,2765488,50.31226,Derived using data on central government tax revenue to GDP from Mitchell and the spliced GDP,5496650
IRN,Iran,1979,3014536,47.32123,Derived using data on central government tax revenue to GDP from Mitchell and the spliced GDP,6370368
IRN,Iran,1980,2177168,32.23534,Derived using data on central government tax revenue to GDP from Mitchell and the spliced GDP,6753980
IRN,Iran,1981,2826025,35.13794,Derived using data on central government tax revenue to GDP from Mitchell and the spliced GDP,8042659
IRN,Iran,1982,4034918,37.9342,Derived using data on central government tax revenue to GDP from Mitchell and the spliced GDP,1.06e+07
IRN,Iran,1983,4524458,33.17192,Derived using data on central government tax revenue to GDP from Mitchell and the spliced GDP,1.36e+07
IRN,Iran,1984,3857971,25.86889,Derived using data on central government tax revenue to GDP from Mitchell and the spliced GDP,1.49e+07
IRN,Iran,1985,3601435,22.78228,Derived using data on central government tax revenue to GDP from Mitchell and the spliced GDP,1.58e+07
IRN,Iran,1986,2178512,13.61043,Derived using data on central government tax revenue to GDP from Mitchell and the spliced GDP,1.60e+07
IRN,Iran,1987,2771258,14.27057,Derived using data on central government tax revenue to GDP from Mitchell and the spliced GDP,1.94e+07
IRN,Iran,1988,2590594,11.82887,Derived using data on central government tax revenue to GDP from Mitchell and the spliced GDP,2.19e+07
IRN,Iran,1989,2802434,10.29089,Derived using data on central government tax revenue to GDP from Mitchell and the spliced GDP,2.72e+07
IRN,Iran,1990,4264936,11.22749,Derived using data on central government tax revenue to GDP from Mitchell and the spliced GDP,3.80e+07
IRN,Iran,1991,6111656,11.36303,Derived using data on central government tax revenue to GDP from Mitchell and the spliced GDP,5.38e+07
IRN,Iran,1992,1.46e+07,20.35542,Derived using data on central government tax revenue to GDP from Mitchell and the spliced GDP,7.19e+07
IRN,Iran,1993,1881104,1.7724,Derived using data on central government tax revenue to GDP from Mitchell and the spliced GDP,1.06e+08
IRN,Iran,1994,8449140,6.04669,Derived using data on central government tax revenue to GDP from Mitchell and the spliced GDP,1.40e+08
IRN,Iran,1995,1.14e+07,5.801255,Derived using data on central government tax revenue to GDP from Mitchell and the spliced GDP,1.97e+08
IRN,Iran,1996,2.13e+07,7.748511,Derived using data on central government tax revenue to GDP from Mitchell and the spliced GDP,2.75e+08
IRN,Iran,1997,2.79e+07,8.593026,Derived using data on central government tax revenue to GDP from Mitchell and the spliced GDP,3.25e+08
IRN,Iran,1998,2.96e+07,8.159396,Derived using data on central government tax revenue to GDP from Mitchell and the spliced GDP,3.63e+08
IRN,Iran,1999,4.09e+07,8.298877,Derived using data on central government tax revenue to GDP from Mitchell and the spliced GDP,4.92e+08
IRN,Iran,2000,4.53e+07,7.08487,Derived using data on central government tax revenue to GDP from Mitchell and the spliced GDP,6.40e+08
IRN,Iran,2001,3.80e+07,5.075242,Derived using data on central government tax revenue to GDP from Mitchell and the spliced GDP,7.49e+08
IRN,Iran,2002,4.43e+07,4.275429,Derived using data on central government tax revenue to GDP from Mitchell and the spliced GDP,1.04e+09
IRN,Iran,2003,6.08e+07,4.78295,Derived using data on central government tax revenue to GDP from Mitchell and the spliced GDP,1.27e+09
IRN,Iran,2004,7.26e+07,4.432484,Derived using data on central government tax revenue to GDP from Mitchell and the spliced GDP,1.64e+09
IRN,Iran,2005,1.51e+08,7.37786,Derived using data on central government tax revenue to GDP from Mitchell and the spliced GDP,2.05e+09
IRN,Iran,2006,1.70e+08,6.827457,Derived using data on central government tax revenue to GDP from IMF_GFS and the spliced GDP,2.50e+09
IRN,Iran,2007,2.27e+08,6.756273,Derived using data on central government tax revenue to GDP from IMF_GFS and the spliced GDP,3.35e+09
IRN,Iran,2008,2.91e+08,7.178832,Derived using data on central government tax revenue to GDP from IMF_GFS and the spliced GDP,4.06e+09
IRN,Iran,2009,3.66e+08,8.448796,Derived using data on central government tax revenue to GDP from IMF_GFS and the spliced GDP,4.33e+09
ISL,Iceland,1990,88143.16,23.37875,Derived using data on central government tax revenue to GDP from IMF_GFS and the spliced GDP,377022.5
ISL,Iceland,1991,92646.46,22.72704,Derived using data on central government tax revenue to GDP from IMF_GFS and the spliced GDP,407648.5
ISL,Iceland,1992,94052.27,23.08136,Derived using data on central government tax revenue to GDP from IMF_GFS and the spliced GDP,407481.5
ISL,Iceland,1993,94513.96,22.48213,Derived using data on central government tax revenue to GDP from IMF_GFS and the spliced GDP,420396
ISL,Iceland,1994,99406.12,22.24313,Derived using data on central government tax revenue to GDP from IMF_GFS and the spliced GDP,446907
ISL,Iceland,1995,103750.5,22.51335,Derived using data on central government tax revenue to GDP from IMF_GFS and the spliced GDP,460840
ISL,Iceland,1996,115793.5,23.44784,Derived using data on central government tax revenue to GDP from IMF_GFS and the spliced GDP,493834.5
ISL,Iceland,1997,118062.6,21.99696,Derived using data on central government tax revenue to GDP from IMF_GFS and the spliced GDP,536722.4
ISL,Iceland,1998,153265.5,25.4,Derived using data on central government tax revenue to GDP from EUS and the spliced GDP,603407.6
ISL,Iceland,1999,178672.8,27.5,Derived using data on central government tax revenue to GDP from EUS and the spliced GDP,649719.1
ISL,Iceland,2000,193000.7,27.2,Derived using data on central government tax revenue to GDP from EUS and the spliced GDP,709561.3
ISL,Iceland,2001,202976,25.3,Derived using data on central government tax revenue to GDP from EUS and the spliced GDP,802276.6
ISL,Iceland,2002,215243.3,25.2,Derived using data on central government tax revenue to GDP from EUS and the spliced GDP,854139.9
ISL,Iceland,2003,231457.4,26.4,Derived using data on central government tax revenue to GDP from EUS and the spliced GDP,876732.7
ISL,Iceland,2004,266865.9,27.5,Derived using data on central government tax revenue to GDP from EUS and the spliced GDP,970421.5
ISL,Iceland,2005,316305.6,29.8,Derived using data on central government tax revenue to GDP from EUS and the spliced GDP,1061428
ISL,Iceland,2006,364037.7,29.7,Derived using data on central government tax revenue to GDP from EUS and the spliced GDP,1225716
ISL,Iceland,2007,393894.2,28.4,Derived using data on central government tax revenue to GDP from EUS and the spliced GDP,1386951
ISL,Iceland,2008,400585.5,25.2,Derived using data on central government tax revenue to GDP from EUS and the spliced GDP,1589625
ISL,Iceland,2009,369190.7,22.7,Derived using data on central government tax revenue to GDP from EUS and the spliced GDP,1626391
ISL,Iceland,2010,398389.2,23.7,Derived using data on central government tax revenue to GDP from EUS and the spliced GDP,1680967
ISL,Iceland,2011,425367.1,24.1,Derived using data on central government tax revenue to GDP from EUS and the spliced GDP,1765009
ISL,Iceland,2012,455754.5,24.7,Derived using data on central government tax revenue to GDP from EUS and the spliced GDP,1845160
ISL,Iceland,2013,492536.4,25,Derived using data on central government tax revenue to GDP from EUS and the spliced GDP,1970146
ISL,Iceland,2014,577921.6,27.7,Derived using data on central government tax revenue to GDP from EUS and the spliced GDP,2086360
ISL,Iceland,2015,598509.6,25.9,Derived using data on central government tax revenue to GDP from EUS and the spliced GDP,2310848
ISL,Iceland,2016,1014870,40.4,Derived using data on central government tax revenue to GDP from EUS and the spliced GDP,2512055
ISL,Iceland,2017,713329.1,27,Derived using data on central government tax revenue to GDP from EUS and the spliced GDP,2641960
ISL,Iceland,2018,739454.3,26,Derived using data on central government tax revenue to GDP from EUS and the spliced GDP,2844055
ISL,Iceland,2019,750472.8,24.8,Derived using data on central government tax revenue to GDP from EUS and the spliced GDP,3026100
ISL,Iceland,2020,732291.3,25,Derived using data on central government tax revenue to GDP from EUS and the spliced GDP,2929165
ISL,Iceland,2021,787085.7,24,Derived using data on central government tax revenue to GDP from EUS and the spliced GDP,3279524
ISL,Iceland,2022,976899.8,25.1,Derived using data on central government tax revenue to GDP from EUS and the spliced GDP,3892031
ISL,Iceland,2023,1119160,25.9,Derived using data on central government tax revenue to GDP from EUS and the spliced GDP,4321079
ISL,Iceland,2024,1201980,26.4,Derived using data on central government tax revenue to GDP from EUS and the spliced GDP,4552953
ISR,Israel,2000,146351.3,26.2927,Derived using data on central government tax revenue to GDP from IMF_GFS and the spliced GDP,556623.4
ISR,Israel,2001,146675.8,25.83592,Derived using data on central government tax revenue to GDP from IMF_GFS and the spliced GDP,567720.4
ISR,Israel,2002,147559.5,24.84869,Derived using data on central government tax revenue to GDP from IMF_GFS and the spliced GDP,593832.2
ISR,Israel,2003,144337.5,24.09363,Derived using data on central government tax revenue to GDP from IMF_GFS and the spliced GDP,599069.3
ISR,Israel,2004,150833.4,24.01025,Derived using data on central government tax revenue to GDP from IMF_GFS and the spliced GDP,628204
ISR,Israel,2005,162149.9,24.50599,Derived using data on central government tax revenue to GDP from IMF_GFS and the spliced GDP,661674.8
ISR,Israel,2006,178973.3,25.24984,Derived using data on central government tax revenue to GDP from IMF_GFS and the spliced GDP,708809.8
ISR,Israel,2007,191299.2,25.21116,Derived using data on central government tax revenue to GDP from IMF_GFS and the spliced GDP,758787.8
ISR,Israel,2008,184222.7,23.20828,Derived using data on central government tax revenue to GDP from IMF_GFS and the spliced GDP,793780
ISR,Israel,2009,178292.1,21.24635,Derived using data on central government tax revenue to GDP from IMF_GFS and the spliced GDP,839165.9
ISR,Israel,2010,196828.2,21.96367,Derived using data on central government tax revenue to GDP from IMF_GFS and the spliced GDP,896153.6
ISR,Israel,2011,212907.7,22.19459,Derived using data on central government tax revenue to GDP from IMF_GFS and the spliced GDP,959277.5
ISR,Israel,2012,219584.7,21.6045,Derived using data on central government tax revenue to GDP from IMF_GFS and the spliced GDP,1016384
ISR,Israel,2013,242510.4,22.50264,Derived using data on central government tax revenue to GDP from IMF_GFS and the spliced GDP,1077698
ISR,Israel,2014,257036.5,22.80483,Derived using data on central government tax revenue to GDP from IMF_GFS and the spliced GDP,1127114
ISR,Israel,2015,272035.1,23.06287,Derived using data on central government tax revenue to GDP from IMF_GFS and the spliced GDP,1179537
ISR,Israel,2016,285046,23.05377,Derived using data on central government tax revenue to GDP from IMF_GFS and the spliced GDP,1236440
ISR,Israel,2017,312603,24.22728,Derived using data on central government tax revenue to GDP from IMF_GFS and the spliced GDP,1290293
ISR,Israel,2018,306965.5,22.71866,Derived using data on central government tax revenue to GDP from IMF_GFS and the spliced GDP,1351160
ISR,Israel,2019,317271.3,22.19979,Derived using data on central government tax revenue to GDP from IMF_GFS and the spliced GDP,1429164
ISR,Israel,2020,311635.7,21.90932,Derived using data on central government tax revenue to GDP from IMF_GFS and the spliced GDP,1422389
ISR,Israel,2021,388684.5,24.4274,Derived using data on central government tax revenue to GDP from IMF_GFS and the spliced GDP,1591183
ISR,Israel,2022,441131.8,24.88265,Derived using data on central government tax revenue to GDP from IMF_GFS and the spliced GDP,1772849
ISR,Israel,2023,415804.3,22.07493,Derived using data on central government tax revenue to GDP from IMF_GFS and the spliced GDP,1883604
ITA,Italy,1862,.1717955,3.54321,Derived using data on central government tax revenue to GDP from Mitchell and the spliced GDP,4.848583
ITA,Italy,1863,.1911813,4,Derived using data on central government tax revenue to GDP from Mitchell and the spliced GDP,4.779533
ITA,Italy,1864,.203479,4.246753,Derived using data on central government tax revenue to GDP from Mitchell and the spliced GDP,4.791402
ITA,Italy,1865,.2488778,4.8625,Derived using data on central government tax revenue to GDP from Mitchell and the spliced GDP,5.118309
ITA,Italy,1866,.2288108,4.195402,Derived using data on central government tax revenue to GDP from Mitchell and the spliced GDP,5.453847
ITA,Italy,1867,.2730941,5.216867,Derived using data on central government tax revenue to GDP from Mitchell and the spliced GDP,5.23483
ITA,Italy,1868,.2428413,4.39785,Derived using data on central government tax revenue to GDP from Mitchell and the spliced GDP,5.521818
ITA,Italy,1869,.3025911,5.688889,Derived using data on central government tax revenue to GDP from Mitchell and the spliced GDP,5.318985
ITA,Italy,1870,.294238,5.411111,Derived using data on central government tax revenue to GDP from Mitchell and the spliced GDP,5.437664
ITA,Italy,1871,.323083,5.892473,Derived using data on central government tax revenue to GDP from Mitchell and the spliced GDP,5.482977
ITA,Italy,1872,.3217099,5.490385,Derived using data on central government tax revenue to GDP from Mitchell and the spliced GDP,5.859514
ITA,Italy,1873,.3238158,4.957627,Derived using data on central government tax revenue to GDP from Mitchell and the spliced GDP,6.53167
ITA,Italy,1874,.3526417,5.300885,Derived using data on central government tax revenue to GDP from Mitchell and the spliced GDP,6.652507
ITA,Italy,1875,.3523062,6.16,Derived using data on central government tax revenue to GDP from Mitchell and the spliced GDP,5.719257
ITA,Italy,1876,.34679,6.16,Derived using data on central government tax revenue to GDP from Mitchell and the spliced GDP,5.629708
ITA,Italy,1877,.3572308,5.633929,Derived using data on central government tax revenue to GDP from Mitchell and the spliced GDP,6.340704
ITA,Italy,1878,.3798203,6.018868,Derived using data on central government tax revenue to GDP from Mitchell and the spliced GDP,6.310495
ITA,Italy,1879,.3955196,6.528846,Derived using data on central government tax revenue to GDP from Mitchell and the spliced GDP,6.058032
ITA,Italy,1880,.3886327,6.035714,Derived using data on central government tax revenue to GDP from Mitchell and the spliced GDP,6.438884
ITA,Italy,1881,.4514596,7.118812,Derived using data on central government tax revenue to GDP from Mitchell and the spliced GDP,6.341783
ITA,Italy,1882,.4392927,6.715596,Derived using data on central government tax revenue to GDP from Mitchell and the spliced GDP,6.54138
ITA,Italy,1883,.4659355,7.421568,Derived using data on central government tax revenue to GDP from Mitchell and the spliced GDP,6.278128
ITA,Italy,1884,.2413357,3.970297,Derived using data on central government tax revenue to GDP from Mitchell and the spliced GDP,6.078531
ITA,Italy,1885,.5148697,7.916667,Derived using data on central government tax revenue to GDP from Mitchell and the spliced GDP,6.503618
ITA,Italy,1886,.5145083,7.491071,Derived using data on central government tax revenue to GDP from Mitchell and the spliced GDP,6.868288
ITA,Italy,1887,.5404997,8.153846,Derived using data on central government tax revenue to GDP from Mitchell and the spliced GDP,6.628771
ITA,Italy,1888,.541839,8.233009,Derived using data on central government tax revenue to GDP from Mitchell and the spliced GDP,6.581299
ITA,Italy,1889,.5963653,8.704762,Derived using data on central government tax revenue to GDP from Mitchell and the spliced GDP,6.851025
ITA,Italy,1890,.5544692,7.713044,Derived using data on central government tax revenue to GDP from Mitchell and the spliced GDP,7.188721
ITA,Italy,1891,.527048,7.325,Derived using data on central government tax revenue to GDP from Mitchell and the spliced GDP,7.195194
ITA,Italy,1892,.5528133,8.175926,Derived using data on central government tax revenue to GDP from Mitchell and the spliced GDP,6.761476
ITA,Italy,1893,.5393052,8.054545,Derived using data on central government tax revenue to GDP from Mitchell and the spliced GDP,6.695662
ITA,Italy,1894,.5408676,8.245283,Derived using data on central government tax revenue to GDP from Mitchell and the spliced GDP,6.559721
ITA,Italy,1895,.5924054,8.518182,Derived using data on central government tax revenue to GDP from Mitchell and the spliced GDP,6.954599
ITA,Italy,1896,.6067462,8.563637,Derived using data on central government tax revenue to GDP from Mitchell and the spliced GDP,7.085146
ITA,Italy,1897,.6231579,8.759259,Derived using data on central government tax revenue to GDP from Mitchell and the spliced GDP,7.114276
ITA,Italy,1898,.5709335,7.859504,Derived using data on central government tax revenue to GDP from Mitchell and the spliced GDP,7.264244
ITA,Italy,1899,.5976728,7.926229,Derived using data on central government tax revenue to GDP from Mitchell and the spliced GDP,7.540442
ITA,Italy,1900,.5689917,7.361538,Derived using data on central government tax revenue to GDP from Mitchell and the spliced GDP,7.72925
ITA,Italy,1901,.5589519,7.074627,Derived using data on central government tax revenue to GDP from Mitchell and the spliced GDP,7.900796
ITA,Italy,1902,.5926933,7.460938,Derived using data on central government tax revenue to GDP from Mitchell and the spliced GDP,7.943952
ITA,Italy,1903,.5647763,6.814286,Derived using data on central government tax revenue to GDP from Mitchell and the spliced GDP,8.288122
ITA,Italy,1904,.5824943,6.956522,Derived using data on central government tax revenue to GDP from Mitchell and the spliced GDP,8.373355
ITA,Italy,1905,.5859016,6.668965,Derived using data on central government tax revenue to GDP from Mitchell and the spliced GDP,8.785495
ITA,Italy,1906,.6281956,6.519481,Derived using data on central government tax revenue to GDP from Mitchell and the spliced GDP,9.63567
ITA,Italy,1907,.6044949,5.838151,Derived using data on central government tax revenue to GDP from Mitchell and the spliced GDP,10.35422
ITA,Italy,1908,.6303602,6.120482,Derived using data on central government tax revenue to GDP from Mitchell and the spliced GDP,10.29919
ITA,Italy,1909,.6326275,5.905556,Derived using data on central government tax revenue to GDP from Mitchell and the spliced GDP,10.71241
ITA,Italy,1910,.6848221,6.117978,Derived using data on central government tax revenue to GDP from Mitchell and the spliced GDP,11.1936
ITA,Italy,1911,.7188571,5.781726,Derived using data on central government tax revenue to GDP from Mitchell and the spliced GDP,12.43326
ITA,Italy,1912,.7406929,5.660194,Derived using data on central government tax revenue to GDP from Mitchell and the spliced GDP,13.086
ITA,Italy,1913,.7750117,5.668224,Derived using data on central government tax revenue to GDP from Mitchell and the spliced GDP,13.67292
ITA,Italy,1914,.7780241,6.019417,Derived using data on central government tax revenue to GDP from Mitchell and the spliced GDP,12.92524
ITA,Italy,1915,.7658374,5.32906,Derived using data on central government tax revenue to GDP from Mitchell and the spliced GDP,14.37097
ITA,Italy,1916,1.008466,4.925,Derived using data on central government tax revenue to GDP from Mitchell and the spliced GDP,20.47647
ITA,Italy,1917,1.297795,4.434272,Derived using data on central government tax revenue to GDP from Mitchell and the spliced GDP,29.26736
ITA,Italy,1918,1.703326,4.233962,Derived using data on central government tax revenue to GDP from Mitchell and the spliced GDP,40.23008
ITA,Italy,1919,1.757321,4.031299,Derived using data on central government tax revenue to GDP from Mitchell and the spliced GDP,43.59194
ITA,Italy,1920,2.079287,3.380802,Derived using data on central government tax revenue to GDP from Mitchell and the spliced GDP,61.50278
ITA,Italy,1921,2.855896,4.60499,Derived using data on central government tax revenue to GDP from Mitchell and the spliced GDP,62.01742
ITA,Italy,1922,3.340513,5.054717,Derived using data on central government tax revenue to GDP from Mitchell and the spliced GDP,66.08704
ITA,Italy,1923,3.597836,5.032174,Derived using data on central government tax revenue to GDP from Mitchell and the spliced GDP,71.49664
ITA,Italy,1924,4.445846,6.115,Derived using data on central government tax revenue to GDP from Mitchell and the spliced GDP,72.70394
ITA,Italy,1925,4.866044,5.402,Derived using data on central government tax revenue to GDP from Mitchell and the spliced GDP,90.07857
ITA,Italy,1926,5.310585,5.499375,Derived using data on central government tax revenue to GDP from Mitchell and the spliced GDP,96.56708
ITA,Italy,1927,5.802173,6.841007,Derived using data on central government tax revenue to GDP from Mitchell and the spliced GDP,84.81461
ITA,Italy,1928,6.003221,7.003572,Derived using data on central government tax revenue to GDP from Mitchell and the spliced GDP,85.71657
ITA,Italy,1929,6.019354,6.879856,Derived using data on central government tax revenue to GDP from Mitchell and the spliced GDP,87.49244
ITA,Italy,1930,5.667667,7.364,Derived using data on central government tax revenue to GDP from Mitchell and the spliced GDP,76.96452
ITA,Italy,1931,5.936219,8.655856,Derived using data on central government tax revenue to GDP from Mitchell and the spliced GDP,68.58038
ITA,Italy,1932,5.986056,9.299066,Derived using data on central government tax revenue to GDP from Mitchell and the spliced GDP,64.37266
ITA,Italy,1933,5.680046,9.646821,Derived using data on central government tax revenue to GDP from Mitchell and the spliced GDP,58.87997
ITA,Italy,1934,5.558442,9.427855,Derived using data on central government tax revenue to GDP from Mitchell and the spliced GDP,58.95765
ITA,Italy,1935,5.425591,8.305357,Derived using data on central government tax revenue to GDP from Mitchell and the spliced GDP,65.32641
ITA,Italy,1936,5.229426,7.722689,Derived using data on central government tax revenue to GDP from Mitchell and the spliced GDP,67.7151
ITA,Italy,1937,5.865206,6.880142,Derived using data on central government tax revenue to GDP from Mitchell and the spliced GDP,85.24833
ITA,Italy,1938,6.756698,7.273856,Derived using data on central government tax revenue to GDP from Mitchell and the spliced GDP,92.89018
ITA,Italy,1939,7.119281,6.940237,Derived using data on central government tax revenue to GDP from Mitchell and the spliced GDP,102.5798
ITA,Italy,1940,8.284031,6.81641,Derived using data on central government tax revenue to GDP from Mitchell and the spliced GDP,121.5307
ITA,Italy,1941,10.03783,6.917544,Derived using data on central government tax revenue to GDP from Mitchell and the spliced GDP,145.1069
ITA,Italy,1942,11.94026,6.604947,Derived using data on central government tax revenue to GDP from Mitchell and the spliced GDP,180.7775
ITA,Italy,1943,14.27831,5.7928,Derived using data on central government tax revenue to GDP from Mitchell and the spliced GDP,246.4837
ITA,Italy,1944,15.05958,3.122303,Derived using data on central government tax revenue to GDP from Mitchell and the spliced GDP,482.3229
ITA,Italy,1945,20.98044,2.34576,Derived using data on central government tax revenue to GDP from Mitchell and the spliced GDP,894.3986
ITA,Italy,1946,70.02411,3.489933,Derived using data on central government tax revenue to GDP from Mitchell and the spliced GDP,2006.46
ITA,Italy,1947,134.7456,3.472454,Derived using data on central government tax revenue to GDP from Mitchell and the spliced GDP,3880.413
ITA,Italy,1948,257.8191,5.643564,Derived using data on central government tax revenue to GDP from Mitchell and the spliced GDP,4568.374
ITA,Italy,1949,346.3581,7.17477,Derived using data on central government tax revenue to GDP from Mitchell and the spliced GDP,4827.445
ITA,Italy,1950,427.0575,7.819905,Derived using data on central government tax revenue to GDP from Mitchell and the spliced GDP,5461.159
ITA,Italy,1951,552.4495,8.68718,Derived using data on central government tax revenue to GDP from Mitchell and the spliced GDP,6359.365
ITA,Italy,1952,589.1248,8.59292,Derived using data on central government tax revenue to GDP from Mitchell and the spliced GDP,6855.932
ITA,Italy,1953,632.6269,8.344,Derived using data on central government tax revenue to GDP from Mitchell and the spliced GDP,7581.818
ITA,Italy,1954,722.8559,8.947369,Derived using data on central government tax revenue to GDP from Mitchell and the spliced GDP,8078.978
ITA,Italy,1955,820.5771,9.212329,Derived using data on central government tax revenue to GDP from Mitchell and the spliced GDP,8907.38
ITA,Italy,1956,918.2149,9.471698,Derived using data on central government tax revenue to GDP from Mitchell and the spliced GDP,9694.301
ITA,Italy,1957,1027.364,9.870588,Derived using data on central government tax revenue to GDP from Mitchell and the spliced GDP,10408.33
ITA,Italy,1958,1100.588,9.846994,Derived using data on central government tax revenue to GDP from Mitchell and the spliced GDP,11176.89
ITA,Italy,1959,1199.688,10.10825,Derived using data on central government tax revenue to GDP from Mitchell and the spliced GDP,11868.41
ITA,Italy,1960,1438.021,10.45714,Derived using data on central government tax revenue to GDP from Mitchell and the spliced GDP,13751.57
ITA,Italy,1961,1518.657,9.929752,Derived using data on central government tax revenue to GDP from Mitchell and the spliced GDP,15294
ITA,Italy,1962,1706.306,9.930147,Derived using data on central government tax revenue to GDP from Mitchell and the spliced GDP,17183.09
ITA,Italy,1963,1977.685,10.04823,Derived using data on central government tax revenue to GDP from Mitchell and the spliced GDP,19681.92
ITA,Italy,1964,2242.635,10.40882,Derived using data on central government tax revenue to GDP from Mitchell and the spliced GDP,21545.52
ITA,Italy,1965,2566.006,11.06831,Derived using data on central government tax revenue to GDP from Mitchell and the spliced GDP,23183.36
ITA,Italy,1966,2813.865,11.20202,Derived using data on central government tax revenue to GDP from Mitchell and the spliced GDP,25119.26
ITA,Italy,1967,3075.392,11.11468,Derived using data on central government tax revenue to GDP from Mitchell and the spliced GDP,27669.64
ITA,Italy,1968,3312.509,11.04468,Derived using data on central government tax revenue to GDP from Mitchell and the spliced GDP,29991.89
ITA,Italy,1969,3717.664,11.22824,Derived using data on central government tax revenue to GDP from Mitchell and the spliced GDP,33109.95
ITA,Italy,1970,4068.575,10.91883,Derived using data on central government tax revenue to GDP from Mitchell and the spliced GDP,37262.02
ITA,Italy,1971,3838.902,9.452055,Derived using data on central government tax revenue to GDP from Mitchell and the spliced GDP,40614.46
ITA,Italy,1972,4087.006,9.202788,Derived using data on central government tax revenue to GDP from Mitchell and the spliced GDP,44410.52
ITA,Italy,1973,5371.935,10.04654,Derived using data on central government tax revenue to GDP from Mitchell and the spliced GDP,53470.52
ITA,Italy,1974,7717.117,11.41066,Derived using data on central government tax revenue to GDP from Mitchell and the spliced GDP,67630.79
ITA,Italy,1975,7715.405,10,Derived using data on central government tax revenue to GDP from Mitchell and the spliced GDP,77154.05
ITA,Italy,1976,10574.05,10.91429,Derived using data on central government tax revenue to GDP from Mitchell and the spliced GDP,96882.66
ITA,Italy,1977,14080.66,11.96262,Derived using data on central government tax revenue to GDP from Mitchell and the spliced GDP,117705.5
ITA,Italy,1978,16082.9,11.61417,Derived using data on central government tax revenue to GDP from Mitchell and the spliced GDP,138476.5
ITA,Italy,1979,19294.88,11.3871,Derived using data on central government tax revenue to GDP from Mitchell and the spliced GDP,169445.2
ITA,Italy,1980,27200.84,12.78351,Derived using data on central government tax revenue to GDP from Mitchell and the spliced GDP,212780.8
ITA,Italy,1981,33361.32,13.11301,Derived using data on central government tax revenue to GDP from Mitchell and the spliced GDP,254414
ITA,Italy,1982,41233.04,13.74312,Derived using data on central government tax revenue to GDP from Mitchell and the spliced GDP,300026.8
ITA,Italy,1983,52946.61,15.12618,Derived using data on central government tax revenue to GDP from Mitchell and the spliced GDP,350032.8
ITA,Italy,1984,60573.29,15.13774,Derived using data on central government tax revenue to GDP from Mitchell and the spliced GDP,400147.5
ITA,Italy,1985,67859.89,15.10481,Derived using data on central government tax revenue to GDP from Mitchell and the spliced GDP,449260.2
ITA,Italy,1986,74143.1,14.91111,Derived using data on central government tax revenue to GDP from Mitchell and the spliced GDP,497233.9
ITA,Italy,1987,84440.36,15.55894,Derived using data on central government tax revenue to GDP from Mitchell and the spliced GDP,542712.7
ITA,Italy,1988,98770.13,16.36114,Derived using data on central government tax revenue to GDP from Mitchell and the spliced GDP,603687.4
ITA,Italy,1989,108597.6,16.37049,Derived using data on central government tax revenue to GDP from Mitchell and the spliced GDP,663374.1
ITA,Italy,1990,122759.6,16.74543,Derived using data on central government tax revenue to GDP from Mitchell and the spliced GDP,733093.6
ITA,Italy,1991,182487,22.79216,Derived using data on central government tax revenue to GDP from Mitchell and the spliced GDP,800656.7
ITA,Italy,1992,207069.7,24.60771,Derived using data on central government tax revenue to GDP from Mitchell and the spliced GDP,841483
ITA,Italy,1993,211392,24.39103,Derived using data on central government tax revenue to GDP from Mitchell and the spliced GDP,866679.4
ITA,Italy,1994,,,Derived using data on central government tax revenue to GDP from EUS and the spliced GDP,917843.3
ITA,Italy,1995,257805.2,26,Derived using data on central government tax revenue to GDP from EUS and the spliced GDP,991558.4
ITA,Italy,1996,256515.3,24.5,Derived using data on central government tax revenue to GDP from EUS and the spliced GDP,1047001
ITA,Italy,1997,283566.8,25.9,Derived using data on central government tax revenue to GDP from EUS and the spliced GDP,1094852
ITA,Italy,1998,282506.1,24.8,Derived using data on central government tax revenue to GDP from EUS and the spliced GDP,1139138
ITA,Italy,1999,296048.3,25.2,Derived using data on central government tax revenue to GDP from EUS and the spliced GDP,1174795
ITA,Italy,2000,298967.3,24,Derived using data on central government tax revenue to GDP from EUS and the spliced GDP,1245697
ITA,Italy,2001,307304.8,23.5,Derived using data on central government tax revenue to GDP from EUS and the spliced GDP,1307680
ITA,Italy,2002,311473,23,Derived using data on central government tax revenue to GDP from EUS and the spliced GDP,1354230
ITA,Italy,2003,320416.8,22.9,Derived using data on central government tax revenue to GDP from EUS and the spliced GDP,1399200
ITA,Italy,2004,324245.5,22.3,Derived using data on central government tax revenue to GDP from EUS and the spliced GDP,1454016
ITA,Italy,2005,330277.1,22,Derived using data on central government tax revenue to GDP from EUS and the spliced GDP,1501260
ITA,Italy,2006,365855.5,23.4,Derived using data on central government tax revenue to GDP from EUS and the spliced GDP,1563485
ITA,Italy,2007,386164.2,23.8,Derived using data on central government tax revenue to GDP from EUS and the spliced GDP,1622539
ITA,Italy,2008,387963.7,23.6,Derived using data on central government tax revenue to GDP from EUS and the spliced GDP,1643914
ITA,Italy,2009,380160.6,24,Derived using data on central government tax revenue to GDP from EUS and the spliced GDP,1584003
ITA,Italy,2010,386477.6,23.9,Derived using data on central government tax revenue to GDP from EUS and the spliced GDP,1617061
ITA,Italy,2011,394857.5,23.8,Derived using data on central government tax revenue to GDP from EUS and the spliced GDP,1659065
ITA,Italy,2012,410070.6,25.1,Derived using data on central government tax revenue to GDP from EUS and the spliced GDP,1633748
ITA,Italy,2013,410359.8,25.3,Derived using data on central government tax revenue to GDP from EUS and the spliced GDP,1621976
ITA,Italy,2014,411103.3,25.1,Derived using data on central government tax revenue to GDP from EUS and the spliced GDP,1637862
ITA,Italy,2015,415747.2,25,Derived using data on central government tax revenue to GDP from EUS and the spliced GDP,1662989
ITA,Italy,2016,430054.8,25.2,Derived using data on central government tax revenue to GDP from EUS and the spliced GDP,1706567
ITA,Italy,2017,433422.5,24.8,Derived using data on central government tax revenue to GDP from EUS and the spliced GDP,1747671
ITA,Italy,2018,433928.4,24.4,Derived using data on central government tax revenue to GDP from EUS and the spliced GDP,1778395
ITA,Italy,2019,447517.2,24.8,Derived using data on central government tax revenue to GDP from EUS and the spliced GDP,1804505
ITA,Italy,2020,417213.7,25,Derived using data on central government tax revenue to GDP from EUS and the spliced GDP,1668855
ITA,Italy,2021,459734.8,25,Derived using data on central government tax revenue to GDP from EUS and the spliced GDP,1838939
ITA,Italy,2022,492996.4,24.7,Derived using data on central government tax revenue to GDP from EUS and the spliced GDP,1995937
ITA,Italy,2023,530074.9,24.9,Derived using data on central government tax revenue to GDP from EUS and the spliced GDP,2128815
ITA,Italy,2024,563392.6,25.8,Derived using data on central government tax revenue to GDP from EUS and the spliced GDP,2183692
JOR,Jordan,2008,2770.849,17.23182,Derived using data on central government tax revenue to GDP from IMF_GFS and the spliced GDP,16079.84
JOR,Jordan,2009,2882.534,16.54585,Derived using data on central government tax revenue to GDP from IMF_GFS and the spliced GDP,17421.49
JOR,Jordan,2010,2997.9,15.56138,Derived using data on central government tax revenue to GDP from IMF_GFS and the spliced GDP,19265
JOR,Jordan,2011,3076.193,14.67502,Derived using data on central government tax revenue to GDP from IMF_GFS and the spliced GDP,20962.1
JOR,Jordan,2012,3359.394,14.9569,Derived using data on central government tax revenue to GDP from IMF_GFS and the spliced GDP,22460.5
JOR,Jordan,2013,3656.208,14.94605,Derived using data on central government tax revenue to GDP from IMF_GFS and the spliced GDP,24462.7
JOR,Jordan,2014,,,Derived using data on central government tax revenue to GDP from  and the spliced GDP,26161.8
JOR,Jordan,2015,,,Derived using data on central government tax revenue to GDP from  and the spliced GDP,27396.8
JOR,Jordan,2016,,,Derived using data on central government tax revenue to GDP from  and the spliced GDP,28323.5
JOR,Jordan,2017,,,Derived using data on central government tax revenue to GDP from  and the spliced GDP,29542
JOR,Jordan,2018,4542.997,14.7532,Derived using data on central government tax revenue to GDP from IMF_GFS and the spliced GDP,30793.3
JOR,Jordan,2019,,,Derived using data on central government tax revenue to GDP from  and the spliced GDP,31597.1
JOR,Jordan,2020,,,Derived using data on central government tax revenue to GDP from  and the spliced GDP,31027.27
JOR,Jordan,2021,5635.799,17.1456,Derived using data on central government tax revenue to GDP from IMF_GFS and the spliced GDP,32870.23
JOR,Jordan,2022,6058.199,17.53768,Derived using data on central government tax revenue to GDP from IMF_GFS and the spliced GDP,34543.9
JOR,Jordan,2023,6199.8,17.18458,Derived using data on central government tax revenue to GDP from IMF_GFS and the spliced GDP,36077.69
JPN,Japan,1885,55.22728,6.331003,Derived using data on central government tax revenue to GDP from AHSTAT and the spliced GDP,872.3307
JPN,Japan,1886,71.15724,8.154314,Derived using data on central government tax revenue to GDP from AHSTAT and the spliced GDP,872.6331
JPN,Japan,1887,72.85248,8.270245,Derived using data on central government tax revenue to GDP from AHSTAT and the spliced GDP,880.8987
JPN,Japan,1888,67.58926,7.789529,Derived using data on central government tax revenue to GDP from AHSTAT and the spliced GDP,867.6938
JPN,Japan,1889,72.91865,7.711258,Derived using data on central government tax revenue to GDP from AHSTAT and the spliced GDP,945.6129
JPN,Japan,1890,72.52001,6.131752,Derived using data on central government tax revenue to GDP from AHSTAT and the spliced GDP,1182.697
JPN,Japan,1891,60.84797,5.583106,Derived using data on central government tax revenue to GDP from AHSTAT and the spliced GDP,1089.859
JPN,Japan,1892,68.23046,5.893119,Derived using data on central government tax revenue to GDP from AHSTAT and the spliced GDP,1157.799
JPN,Japan,1893,68.17377,5.788935,Derived using data on central government tax revenue to GDP from AHSTAT and the spliced GDP,1177.656
JPN,Japan,1894,73.74037,5.265566,Derived using data on central government tax revenue to GDP from AHSTAT and the spliced GDP,1400.426
JPN,Japan,1895,73.3382,4.769916,Derived using data on central government tax revenue to GDP from AHSTAT and the spliced GDP,1537.516
JPN,Japan,1896,77.76984,4.861191,Derived using data on central government tax revenue to GDP from AHSTAT and the spliced GDP,1599.81
JPN,Japan,1897,88.898,4.617367,Derived using data on central government tax revenue to GDP from AHSTAT and the spliced GDP,1925.296
JPN,Japan,1898,120.1778,4.902665,Derived using data on central government tax revenue to GDP from AHSTAT and the spliced GDP,2451.275
JPN,Japan,1899,136.4989,6.16866,Derived using data on central government tax revenue to GDP from AHSTAT and the spliced GDP,2212.781
JPN,Japan,1900,158.1396,6.293452,Derived using data on central government tax revenue to GDP from AHSTAT and the spliced GDP,2512.764
JPN,Japan,1901,165.4144,6.512947,Derived using data on central government tax revenue to GDP from AHSTAT and the spliced GDP,2539.779
JPN,Japan,1902,172.0447,6.948291,Derived using data on central government tax revenue to GDP from AHSTAT and the spliced GDP,2476.072
JPN,Japan,1903,182.7471,6.452474,Derived using data on central government tax revenue to GDP from AHSTAT and the spliced GDP,2832.202
JPN,Japan,1904,232.3599,7.838738,Derived using data on central government tax revenue to GDP from AHSTAT and the spliced GDP,2964.251
JPN,Japan,1905,321.0633,10.41333,Derived using data on central government tax revenue to GDP from AHSTAT and the spliced GDP,3083.196
JPN,Japan,1906,405.005,11.27413,Derived using data on central government tax revenue to GDP from AHSTAT and the spliced GDP,3592.341
JPN,Japan,1907,428.2226,10.64553,Derived using data on central government tax revenue to GDP from AHSTAT and the spliced GDP,4022.559
JPN,Japan,1908,440.7536,10.8397,Derived using data on central government tax revenue to GDP from AHSTAT and the spliced GDP,4066.105
JPN,Japan,1909,430.9834,10.86858,Derived using data on central government tax revenue to GDP from AHSTAT and the spliced GDP,3965.405
JPN,Japan,1910,413.7118,10.35381,Derived using data on central government tax revenue to GDP from AHSTAT and the spliced GDP,3995.746
JPN,Japan,1911,437.0078,9.437001,Derived using data on central government tax revenue to GDP from AHSTAT and the spliced GDP,4630.792
JPN,Japan,1912,493.9163,9.636031,Derived using data on central government tax revenue to GDP from AHSTAT and the spliced GDP,5125.724
JPN,Japan,1913,501.9517,9.407967,Derived using data on central government tax revenue to GDP from AHSTAT and the spliced GDP,5335.39
JPN,Japan,1914,444.5702,9.09732,Derived using data on central government tax revenue to GDP from AHSTAT and the spliced GDP,4886.826
JPN,Japan,1915,433.2123,8.403802,Derived using data on central government tax revenue to GDP from AHSTAT and the spliced GDP,5154.956
JPN,Japan,1916,502.2418,7.576818,Derived using data on central government tax revenue to GDP from AHSTAT and the spliced GDP,6628.665
JPN,Japan,1917,585.9756,6.658879,Derived using data on central government tax revenue to GDP from AHSTAT and the spliced GDP,8799.915
JPN,Japan,1918,687.1344,5.885643,Derived using data on central government tax revenue to GDP from AHSTAT and the spliced GDP,11674.76
JPN,Japan,1919,1042.445,6.604269,Derived using data on central government tax revenue to GDP from AHSTAT and the spliced GDP,15784.41
JPN,Japan,1920,937.7017,6.012874,Derived using data on central government tax revenue to GDP from AHSTAT and the spliced GDP,15594.9
JPN,Japan,1921,1094.329,7.147974,Derived using data on central government tax revenue to GDP from AHSTAT and the spliced GDP,15309.63
JPN,Japan,1922,1144.823,7.335316,Derived using data on central government tax revenue to GDP from AHSTAT and the spliced GDP,15607
JPN,Japan,1923,1101.535,6.948453,Derived using data on central government tax revenue to GDP from AHSTAT and the spliced GDP,15852.95
JPN,Japan,1924,1245.857,7.476611,Derived using data on central government tax revenue to GDP from AHSTAT and the spliced GDP,16663.39
JPN,Japan,1925,1252.058,7.237138,Derived using data on central government tax revenue to GDP from AHSTAT and the spliced GDP,17300.45
JPN,Japan,1926,1222.983,7.283821,Derived using data on central government tax revenue to GDP from AHSTAT and the spliced GDP,16790.4
JPN,Japan,1927,1178.665,7.242496,Derived using data on central government tax revenue to GDP from AHSTAT and the spliced GDP,16274.3
JPN,Japan,1928,1252.88,7.324687,Derived using data on central government tax revenue to GDP from AHSTAT and the spliced GDP,17104.9
JPN,Japan,1929,1255.714,7.245609,Derived using data on central government tax revenue to GDP from AHSTAT and the spliced GDP,17330.69
JPN,Japan,1930,1100.014,7.549985,Derived using data on central government tax revenue to GDP from Mitchell and the spliced GDP,14569.76
JPN,Japan,1931,970.5248,7.414246,Derived using data on central government tax revenue to GDP from Mitchell and the spliced GDP,13090
JPN,Japan,1932,964.0367,6.707185,Derived using data on central government tax revenue to GDP from Mitchell and the spliced GDP,14373.19
JPN,Japan,1933,1126.89,6.917499,Derived using data on central government tax revenue to GDP from Mitchell and the spliced GDP,16290.43
JPN,Japan,1934,1247.124,7.287171,Derived using data on central government tax revenue to GDP from Mitchell and the spliced GDP,17113.97
JPN,Japan,1935,1351.271,7.404633,Derived using data on central government tax revenue to GDP from Mitchell and the spliced GDP,18248.99
JPN,Japan,1936,1610.505,8.027884,Derived using data on central government tax revenue to GDP from Mitchell and the spliced GDP,20061.39
JPN,Japan,1937,1940.383,8.255282,Derived using data on central government tax revenue to GDP from Mitchell and the spliced GDP,23504.74
JPN,Japan,1938,2606.109,9.496084,Derived using data on central government tax revenue to GDP from Mitchell and the spliced GDP,27444.04
JPN,Japan,1939,2901.255,8.511117,Derived using data on central government tax revenue to GDP from Mitchell and the spliced GDP,34087.83
JPN,Japan,1940,3445.346,8.650249,Derived using data on central government tax revenue to GDP from Mitchell and the spliced GDP,39829.45
JPN,Japan,1941,3755.328,8.273478,Derived using data on central government tax revenue to GDP from Mitchell and the spliced GDP,45389.96
JPN,Japan,1942,5393.396,9.809323,Derived using data on central government tax revenue to GDP from Mitchell and the spliced GDP,54982.34
JPN,Japan,1943,6626.213,10.26903,Derived using data on central government tax revenue to GDP from Mitchell and the spliced GDP,64526.21
JPN,Japan,1944,9315.091,12.36691,Derived using data on central government tax revenue to GDP from Mitchell and the spliced GDP,75322.7
JPN,Japan,1945,,,Derived using data on central government tax revenue to GDP from Mitchell and the spliced GDP,
JPN,Japan,1946,32215.57,6.527873,Derived using data on central government tax revenue to GDP from Mitchell and the spliced GDP,493507.9
JPN,Japan,1947,176307,12.93642,Derived using data on central government tax revenue to GDP from Mitchell and the spliced GDP,1362873
JPN,Japan,1948,407526.9,15.01987,Derived using data on central government tax revenue to GDP from Mitchell and the spliced GDP,2713252
JPN,Japan,1949,629521.4,17.91517,Derived using data on central government tax revenue to GDP from Mitchell and the spliced GDP,3513901
JPN,Japan,1950,612974.4,14.91624,Derived using data on central government tax revenue to GDP from Mitchell and the spliced GDP,4109442
JPN,Japan,1951,824887.2,14.49346,Derived using data on central government tax revenue to GDP from Mitchell and the spliced GDP,5691444
JPN,Japan,1952,949142.9,14.77269,Derived using data on central government tax revenue to GDP from Mitchell and the spliced GDP,6424982
JPN,Japan,1953,1043735,14.39336,Derived using data on central government tax revenue to GDP from Mitchell and the spliced GDP,7251505
JPN,Japan,1954,1073389,13.33043,Derived using data on central government tax revenue to GDP from Mitchell and the spliced GDP,8052165
JPN,Japan,1955,1060143,11.97683,Derived using data on central government tax revenue to GDP from Mitchell and the spliced GDP,8851611
JPN,Japan,1956,1256264,12.60684,Derived using data on central government tax revenue to GDP from Mitchell and the spliced GDP,9964936
JPN,Japan,1957,1397243,12.16714,Derived using data on central government tax revenue to GDP from Mitchell and the spliced GDP,1.15e+07
JPN,Japan,1958,1381305,11.31957,Derived using data on central government tax revenue to GDP from Mitchell and the spliced GDP,1.22e+07
JPN,Japan,1959,1642979,11.77759,Derived using data on central government tax revenue to GDP from Mitchell and the spliced GDP,1.40e+07
JPN,Japan,1960,2233885,13.1935,Derived using data on central government tax revenue to GDP from Mitchell and the spliced GDP,1.69e+07
JPN,Japan,1961,2717419,13.28812,Derived using data on central government tax revenue to GDP from Mitchell and the spliced GDP,2.04e+07
JPN,Japan,1962,2952388,12.72236,Derived using data on central government tax revenue to GDP from Mitchell and the spliced GDP,2.32e+07
JPN,Japan,1963,3390199,12.7646,Derived using data on central government tax revenue to GDP from Mitchell and the spliced GDP,2.66e+07
JPN,Japan,1964,3977075,12.72965,Derived using data on central government tax revenue to GDP from Mitchell and the spliced GDP,3.12e+07
JPN,Japan,1965,4101157,11.79887,Derived using data on central government tax revenue to GDP from Mitchell and the spliced GDP,3.48e+07
JPN,Japan,1966,4577776,11.34004,Derived using data on central government tax revenue to GDP from Mitchell and the spliced GDP,4.04e+07
JPN,Japan,1967,5507353,11.64184,Derived using data on central government tax revenue to GDP from Mitchell and the spliced GDP,4.73e+07
JPN,Japan,1968,6541732,11.67627,Derived using data on central government tax revenue to GDP from Mitchell and the spliced GDP,5.60e+07
JPN,Japan,1969,8021128,12.18781,Derived using data on central government tax revenue to GDP from Mitchell and the spliced GDP,6.58e+07
JPN,Japan,1970,9748837,12.56796,Derived using data on central government tax revenue to GDP from Mitchell and the spliced GDP,7.76e+07
JPN,Japan,1971,1.04e+07,12.21721,Derived using data on central government tax revenue to GDP from Mitchell and the spliced GDP,8.53e+07
JPN,Japan,1972,1.26e+07,12.87733,Derived using data on central government tax revenue to GDP from Mitchell and the spliced GDP,9.77e+07
JPN,Japan,1973,1.77e+07,14.90596,Derived using data on central government tax revenue to GDP from Mitchell and the spliced GDP,1.19e+08
JPN,Japan,1974,1.96e+07,13.83369,Derived using data on central government tax revenue to GDP from Mitchell and the spliced GDP,1.42e+08
JPN,Japan,1975,1.76e+07,11.20416,Derived using data on central government tax revenue to GDP from Mitchell and the spliced GDP,1.57e+08
JPN,Japan,1976,2.02e+07,11.46223,Derived using data on central government tax revenue to GDP from Mitchell and the spliced GDP,1.76e+08
JPN,Japan,1977,2.23e+07,11.34242,Derived using data on central government tax revenue to GDP from Mitchell and the spliced GDP,1.96e+08
JPN,Japan,1978,2.85e+07,13.16833,Derived using data on central government tax revenue to GDP from Mitchell and the spliced GDP,2.16e+08
JPN,Japan,1979,3.07e+07,13.12062,Derived using data on central government tax revenue to GDP from Mitchell and the spliced GDP,2.34e+08
JPN,Japan,1980,3.55e+07,13.97669,Derived using data on central government tax revenue to GDP from Mitchell and the spliced GDP,2.54e+08
JPN,Japan,1981,3.76e+07,13.77022,Derived using data on central government tax revenue to GDP from Mitchell and the spliced GDP,2.73e+08
JPN,Japan,1982,3.94e+07,13.74283,Derived using data on central government tax revenue to GDP from Mitchell and the spliced GDP,2.87e+08
JPN,Japan,1983,4.15e+07,13.93493,Derived using data on central government tax revenue to GDP from Mitchell and the spliced GDP,2.98e+08
JPN,Japan,1984,4.46e+07,14.05993,Derived using data on central government tax revenue to GDP from Mitchell and the spliced GDP,3.17e+08
JPN,Japan,1985,4.92e+07,14.46896,Derived using data on central government tax revenue to GDP from Mitchell and the spliced GDP,3.40e+08
JPN,Japan,1986,5.28e+07,14.82031,Derived using data on central government tax revenue to GDP from Mitchell and the spliced GDP,3.56e+08
JPN,Japan,1987,5.82e+07,15.70951,Derived using data on central government tax revenue to GDP from Mitchell and the spliced GDP,3.70e+08
JPN,Japan,1988,6.37e+07,15.98284,Derived using data on central government tax revenue to GDP from Mitchell and the spliced GDP,3.98e+08
JPN,Japan,1989,7.17e+07,16.72125,Derived using data on central government tax revenue to GDP from Mitchell and the spliced GDP,4.29e+08
JPN,Japan,1990,7.95e+07,17.15622,Derived using data on central government tax revenue to GDP from Mitchell and the spliced GDP,4.63e+08
JPN,Japan,1991,7.90e+07,16.08734,Derived using data on central government tax revenue to GDP from Mitchell and the spliced GDP,4.91e+08
JPN,Japan,1992,6.99e+07,13.90437,Derived using data on central government tax revenue to GDP from Mitchell and the spliced GDP,5.03e+08
JPN,Japan,1993,6.84e+07,13.52796,Derived using data on central government tax revenue to GDP from Mitchell and the spliced GDP,5.06e+08
JPN,Japan,1994,6.60e+07,12.92231,Derived using data on central government tax revenue to GDP from IMF_GFS and the spliced GDP,5.11e+08
JPN,Japan,1995,6.68e+07,12.80089,Derived using data on central government tax revenue to GDP from IMF_GFS and the spliced GDP,5.22e+08
JPN,Japan,1996,6.76e+07,12.6225,Derived using data on central government tax revenue to GDP from IMF_GFS and the spliced GDP,5.36e+08
JPN,Japan,1997,6.76e+07,12.44391,Derived using data on central government tax revenue to GDP from IMF_GFS and the spliced GDP,5.44e+08
JPN,Japan,1998,6.32e+07,11.77626,Derived using data on central government tax revenue to GDP from IMF_GFS and the spliced GDP,5.36e+08
JPN,Japan,1999,6.04e+07,11.43358,Derived using data on central government tax revenue to GDP from IMF_GFS and the spliced GDP,5.28e+08
JPN,Japan,2000,6.49e+07,12.1302,Derived using data on central government tax revenue to GDP from IMF_GFS and the spliced GDP,5.35e+08
JPN,Japan,2001,6.15e+07,11.57318,Derived using data on central government tax revenue to GDP from IMF_GFS and the spliced GDP,5.32e+08
JPN,Japan,2002,5.56e+07,10.59826,Derived using data on central government tax revenue to GDP from IMF_GFS and the spliced GDP,5.24e+08
JPN,Japan,2003,5.46e+07,10.42974,Derived using data on central government tax revenue to GDP from IMF_GFS and the spliced GDP,5.24e+08
JPN,Japan,2004,5.79e+07,10.94158,Derived using data on central government tax revenue to GDP from IMF_GFS and the spliced GDP,5.29e+08
JPN,Japan,2005,6.32e+07,11.86146,Derived using data on central government tax revenue to GDP from Mitchell and the spliced GDP,5.33e+08
JPN,Japan,2006,6.72e+07,12.56139,Derived using data on central government tax revenue to GDP from Mitchell and the spliced GDP,5.35e+08
JPN,Japan,2007,6.42e+07,11.91064,Derived using data on central government tax revenue to GDP from Mitchell and the spliced GDP,5.39e+08
JPN,Japan,2008,5.01e+07,9.490913,Derived using data on central government tax revenue to GDP from Mitchell and the spliced GDP,5.28e+08
JPN,Japan,2009,3.92e+07,7.930091,Derived using data on central government tax revenue to GDP from Mitchell and the spliced GDP,4.95e+08
JPN,Japan,2010,4.41e+07,8.721431,Derived using data on central government tax revenue to GDP from Mitchell and the spliced GDP,5.06e+08
JPN,Japan,2011,4.60e+07,9.24533,Derived using data on central government tax revenue to GDP from IMF_GFS and the spliced GDP,4.97e+08
JPN,Japan,2012,4.79e+07,9.577549,Derived using data on central government tax revenue to GDP from IMF_GFS and the spliced GDP,5.00e+08
JPN,Japan,2013,5.21e+07,10.2499,Derived using data on central government tax revenue to GDP from IMF_GFS and the spliced GDP,5.09e+08
JPN,Japan,2014,5.89e+07,11.3618,Derived using data on central government tax revenue to GDP from IMF_GFS and the spliced GDP,5.19e+08
JPN,Japan,2015,6.07e+07,11.28436,Derived using data on central government tax revenue to GDP from IMF_GFS and the spliced GDP,5.38e+08
JPN,Japan,2016,5.98e+07,10.98495,Derived using data on central government tax revenue to GDP from IMF_GFS and the spliced GDP,5.44e+08
JPN,Japan,2017,6.35e+07,11.47624,Derived using data on central government tax revenue to GDP from IMF_GFS and the spliced GDP,5.53e+08
JPN,Japan,2018,6.51e+07,11.70348,Derived using data on central government tax revenue to GDP from IMF_GFS and the spliced GDP,5.57e+08
JPN,Japan,2019,6.38e+07,11.42941,Derived using data on central government tax revenue to GDP from IMF_GFS and the spliced GDP,5.58e+08
JPN,Japan,2020,6.65e+07,12.31935,Derived using data on central government tax revenue to GDP from IMF_GFS and the spliced GDP,5.40e+08
JPN,Japan,2021,7.35e+07,13.29589,Derived using data on central government tax revenue to GDP from IMF_GFS and the spliced GDP,5.53e+08
JPN,Japan,2022,7.87e+07,14.01424,Derived using data on central government tax revenue to GDP from IMF_GFS and the spliced GDP,5.62e+08
JPN,Japan,2023,8.00e+07,13.48424,Derived using data on central government tax revenue to GDP from IMF_GFS and the spliced GDP,5.93e+08
KAZ,Kazakhstan,2005,1301737,17.14935,Derived using data on central government tax revenue to GDP from IMF_GFS and the spliced GDP,7590594
KAZ,Kazakhstan,2006,1516825,14.85084,Derived using data on central government tax revenue to GDP from IMF_GFS and the spliced GDP,1.02e+07
KAZ,Kazakhstan,2007,1577772,12.27858,Derived using data on central government tax revenue to GDP from IMF_GFS and the spliced GDP,1.28e+07
KAZ,Kazakhstan,2008,2032459,12.66099,Derived using data on central government tax revenue to GDP from IMF_GFS and the spliced GDP,1.61e+07
KAZ,Kazakhstan,2009,2741337,16.11826,Derived using data on central government tax revenue to GDP from IMF_GFS and the spliced GDP,1.70e+07
KAZ,Kazakhstan,2010,3427737,15.71238,Derived using data on central government tax revenue to GDP from IMF_GFS and the spliced GDP,2.18e+07
KAZ,Kazakhstan,2011,5156570,18.25784,Derived using data on central government tax revenue to GDP from IMF_GFS and the spliced GDP,2.82e+07
KAZ,Kazakhstan,2012,4128772,13.3121,Derived using data on central government tax revenue to GDP from IMF_GFS and the spliced GDP,3.10e+07
KAZ,Kazakhstan,2013,5770707,16.03018,Derived using data on central government tax revenue to GDP from IMF_GFS and the spliced GDP,3.60e+07
KAZ,Kazakhstan,2014,5631363,14.19343,Derived using data on central government tax revenue to GDP from IMF_GFS and the spliced GDP,3.97e+07
KAZ,Kazakhstan,2015,4021246,9.835712,Derived using data on central government tax revenue to GDP from IMF_GFS and the spliced GDP,4.09e+07
KAZ,Kazakhstan,2016,4661535,9.924251,Derived using data on central government tax revenue to GDP from IMF_GFS and the spliced GDP,4.70e+07
KAZ,Kazakhstan,2017,5602660,10.30301,Derived using data on central government tax revenue to GDP from IMF_GFS and the spliced GDP,5.44e+07
KAZ,Kazakhstan,2018,7243889,11.7178,Derived using data on central government tax revenue to GDP from IMF_GFS and the spliced GDP,6.18e+07
KAZ,Kazakhstan,2019,8195771,11.78694,Derived using data on central government tax revenue to GDP from IMF_GFS and the spliced GDP,6.95e+07
KAZ,Kazakhstan,2020,5877159,8.31881,Derived using data on central government tax revenue to GDP from IMF_GFS and the spliced GDP,7.06e+07
KAZ,Kazakhstan,2021,7931000,9.447111,Derived using data on central government tax revenue to GDP from IMF_GFS and the spliced GDP,8.40e+07
KAZ,Kazakhstan,2022,1.25e+07,12.06169,Derived using data on central government tax revenue to GDP from IMF_GFS and the spliced GDP,1.04e+08
KAZ,Kazakhstan,2023,1.44e+07,11.91154,Derived using data on central government tax revenue to GDP from IMF_GFS and the spliced GDP,1.21e+08
KEN,Kenya,2014,911804.1,15.18702,Derived using data on central government tax revenue to GDP from IMF_GFS and the spliced GDP,6003838
KEN,Kenya,2015,1021598,14.83948,Derived using data on central government tax revenue to GDP from IMF_GFS and the spliced GDP,6884327
KEN,Kenya,2016,1136564,14.96647,Derived using data on central government tax revenue to GDP from IMF_GFS and the spliced GDP,7594064
KEN,Kenya,2017,1276960,15.05246,Derived using data on central government tax revenue to GDP from IMF_GFS and the spliced GDP,8483396
KEN,Kenya,2018,1341388,14.36128,Derived using data on central government tax revenue to GDP from IMF_GFS and the spliced GDP,9340307
KEN,Kenya,2019,1545908,15.10011,Derived using data on central government tax revenue to GDP from IMF_GFS and the spliced GDP,1.02e+07
KEN,Kenya,2020,1532376,14.30113,Derived using data on central government tax revenue to GDP from IMF_GFS and the spliced GDP,1.07e+07
KEN,Kenya,2021,1630307,13.55464,Derived using data on central government tax revenue to GDP from IMF_GFS and the spliced GDP,1.20e+07
KEN,Kenya,2022,1987270,14.73182,Derived using data on central government tax revenue to GDP from IMF_GFS and the spliced GDP,1.35e+07
KEN,Kenya,2023,2110228,13.96687,Derived using data on central government tax revenue to GDP from IMF_GFS and the spliced GDP,1.51e+07
KGZ,Kyrgyzstan,2013,62414.37,17.56692,Derived using data on central government tax revenue to GDP from IMF_GFS and the spliced GDP,355294.8
KGZ,Kyrgyzstan,2014,70316.4,17.54865,Derived using data on central government tax revenue to GDP from IMF_GFS and the spliced GDP,400694
KGZ,Kyrgyzstan,2015,73127.36,16.80167,Derived using data on central government tax revenue to GDP from IMF_GFS and the spliced GDP,435238.7
KGZ,Kyrgyzstan,2016,82525.39,16.94917,Derived using data on central government tax revenue to GDP from IMF_GFS and the spliced GDP,486899.2
KGZ,Kyrgyzstan,2017,93452.32,17.04628,Derived using data on central government tax revenue to GDP from IMF_GFS and the spliced GDP,548227.2
KGZ,Kyrgyzstan,2018,107080.8,17.99886,Derived using data on central government tax revenue to GDP from IMF_GFS and the spliced GDP,594931
KGZ,Kyrgyzstan,2019,104405.9,15.96383,Derived using data on central government tax revenue to GDP from IMF_GFS and the spliced GDP,654015.2
KGZ,Kyrgyzstan,2020,89788.8,14.03633,Derived using data on central government tax revenue to GDP from IMF_GFS and the spliced GDP,639688.6
KGZ,Kyrgyzstan,2021,129102.5,16.49126,Derived using data on central government tax revenue to GDP from IMF_GFS and the spliced GDP,782854.3
KGZ,Kyrgyzstan,2022,199473.7,19.54198,Derived using data on central government tax revenue to GDP from IMF_GFS and the spliced GDP,1020745
KGZ,Kyrgyzstan,2023,261524,21.28117,Derived using data on central government tax revenue to GDP from IMF_GFS and the spliced GDP,1228899
KHM,Cambodia,2019,2.13e+07,14.57065,Derived using data on central government tax revenue to GDP from IMF_GFS and the spliced GDP,1.46e+08
KHM,Cambodia,2020,1.87e+07,13.29021,Derived using data on central government tax revenue to GDP from IMF_GFS and the spliced GDP,1.41e+08
KHM,Cambodia,2021,1.78e+07,11.99277,Derived using data on central government tax revenue to GDP from IMF_GFS and the spliced GDP,1.48e+08
KHM,Cambodia,2022,2.20e+07,13.51874,Derived using data on central government tax revenue to GDP from IMF_GFS and the spliced GDP,1.63e+08
KHM,Cambodia,2023,2.10e+07,11.95004,Derived using data on central government tax revenue to GDP from IMF_GFS and the spliced GDP,1.76e+08
KIR,Kiribati,2010,26.74053,14.82488,Derived using data on central government tax revenue to GDP from IMF_GFS and the spliced GDP,180.3761
KIR,Kiribati,2011,31.05582,16.34639,Derived using data on central government tax revenue to GDP from IMF_GFS and the spliced GDP,189.9858
KIR,Kiribati,2012,33.65373,16.8334,Derived using data on central government tax revenue to GDP from IMF_GFS and the spliced GDP,199.9223
KIR,Kiribati,2013,34.58923,16.55292,Derived using data on central government tax revenue to GDP from IMF_GFS and the spliced GDP,208.9615
KIR,Kiribati,2014,35.37086,15.9191,Derived using data on central government tax revenue to GDP from IMF_GFS and the spliced GDP,222.1913
KIR,Kiribati,2015,50.30973,19.73064,Derived using data on central government tax revenue to GDP from IMF_GFS and the spliced GDP,254.9828
KIR,Kiribati,2016,59.7826,21.5244,Derived using data on central government tax revenue to GDP from IMF_GFS and the spliced GDP,277.7434
KIR,Kiribati,2017,53.67992,18.45947,Derived using data on central government tax revenue to GDP from IMF_GFS and the spliced GDP,290.7989
KIR,Kiribati,2018,55.98597,17.91328,Derived using data on central government tax revenue to GDP from IMF_GFS and the spliced GDP,312.5389
KIR,Kiribati,2019,69.60294,22.29899,Derived using data on central government tax revenue to GDP from IMF_GFS and the spliced GDP,312.1349
KIR,Kiribati,2020,68.4043,21.31084,Derived using data on central government tax revenue to GDP from IMF_GFS and the spliced GDP,320.9836
KIR,Kiribati,2021,81.77848,21.53511,Derived using data on central government tax revenue to GDP from IMF_GFS and the spliced GDP,379.7448
KIR,Kiribati,2022,78.62077,20.19503,Derived using data on central government tax revenue to GDP from IMF_GFS and the spliced GDP,389.3076
KIR,Kiribati,2023,79.55676,18.31357,Derived using data on central government tax revenue to GDP from IMF_GFS and the spliced GDP,434.4143
KOR,South Korea,1911,9.304167,2.582299,Derived using data on central government tax revenue to GDP from CS2 and the spliced GDP,360.3055
KOR,South Korea,1912,9.815837,2.331007,Derived using data on central government tax revenue to GDP from CS2 and the spliced GDP,421.0987
KOR,South Korea,1913,10.38273,2.232004,Derived using data on central government tax revenue to GDP from CS2 and the spliced GDP,465.1752
KOR,South Korea,1914,12.64129,2.938884,Derived using data on central government tax revenue to GDP from CS2 and the spliced GDP,430.1391
KOR,South Korea,1915,13.20836,3.432246,Derived using data on central government tax revenue to GDP from CS2 and the spliced GDP,384.8315
KOR,South Korea,1916,13.15882,3.264685,Derived using data on central government tax revenue to GDP from CS2 and the spliced GDP,403.0654
KOR,South Korea,1917,16.08065,2.987853,Derived using data on central government tax revenue to GDP from CS2 and the spliced GDP,538.201
KOR,South Korea,1918,20.24071,2.469865,Derived using data on central government tax revenue to GDP from CS2 and the spliced GDP,819.5065
KOR,South Korea,1919,29.26466,2.619963,Derived using data on central government tax revenue to GDP from CS2 and the spliced GDP,1116.988
KOR,South Korea,1920,24.67514,2.224976,Derived using data on central government tax revenue to GDP from CS2 and the spliced GDP,1109.007
KOR,South Korea,1921,27.42394,3.007063,Derived using data on central government tax revenue to GDP from CS2 and the spliced GDP,911.9843
KOR,South Korea,1922,30.42145,3.015402,Derived using data on central government tax revenue to GDP from CS2 and the spliced GDP,1008.869
KOR,South Korea,1923,27.9018,2.559414,Derived using data on central government tax revenue to GDP from CS2 and the spliced GDP,1090.164
KOR,South Korea,1924,30.56229,2.615631,Derived using data on central government tax revenue to GDP from CS2 and the spliced GDP,1168.448
KOR,South Korea,1925,32.01394,2.608385,Derived using data on central government tax revenue to GDP from CS2 and the spliced GDP,1227.348
KOR,South Korea,1926,35.07167,2.930054,Derived using data on central government tax revenue to GDP from CS2 and the spliced GDP,1196.963
KOR,South Korea,1927,34.88578,2.927572,Derived using data on central government tax revenue to GDP from CS2 and the spliced GDP,1191.628
KOR,South Korea,1928,35.19124,3.171172,Derived using data on central government tax revenue to GDP from CS2 and the spliced GDP,1109.724
KOR,South Korea,1929,36.4549,3.352855,Derived using data on central government tax revenue to GDP from CS2 and the spliced GDP,1087.279
KOR,South Korea,1930,36.25078,3.78716,Derived using data on central government tax revenue to GDP from CS2 and the spliced GDP,957.2021
KOR,South Korea,1931,34.74514,3.740511,Derived using data on central government tax revenue to GDP from CS2 and the spliced GDP,928.8875
KOR,South Korea,1932,34.18658,3.499393,Derived using data on central government tax revenue to GDP from CS2 and the spliced GDP,976.9289
KOR,South Korea,1933,38.94313,3.894795,Derived using data on central government tax revenue to GDP from CS2 and the spliced GDP,999.8763
KOR,South Korea,1934,44.54953,3.95115,Derived using data on central government tax revenue to GDP from CS2 and the spliced GDP,1127.508
KOR,South Korea,1935,48.74791,3.73982,Derived using data on central government tax revenue to GDP from CS2 and the spliced GDP,1303.483
KOR,South Korea,1936,53.91666,4.078093,Derived using data on central government tax revenue to GDP from CS2 and the spliced GDP,1322.105
KOR,South Korea,1937,58.18222,3.521408,Derived using data on central government tax revenue to GDP from CS2 and the spliced GDP,1652.243
KOR,South Korea,1938,71.3875,4.184975,Derived using data on central government tax revenue to GDP from CS2 and the spliced GDP,1705.805
KOR,South Korea,1939,83.15642,4.816918,Derived using data on central government tax revenue to GDP from CS2 and the spliced GDP,1726.341
KOR,South Korea,1940,111.841,5.110318,Derived using data on central government tax revenue to GDP from CS2 and the spliced GDP,2188.533
KOR,South Korea,1941,,,Derived using data on central government tax revenue to GDP from CS2 and the spliced GDP,
KOR,South Korea,1942,,,Derived using data on central government tax revenue to GDP from CS2 and the spliced GDP,
KOR,South Korea,1943,,,Derived using data on central government tax revenue to GDP from CS2 and the spliced GDP,
KOR,South Korea,1944,,,Derived using data on central government tax revenue to GDP from CS2 and the spliced GDP,
KOR,South Korea,1945,,,Derived using data on central government tax revenue to GDP from CS2 and the spliced GDP,
KOR,South Korea,1946,,,Derived using data on central government tax revenue to GDP from CS2 and the spliced GDP,
KOR,South Korea,1947,,,Derived using data on central government tax revenue to GDP from CS2 and the spliced GDP,
KOR,South Korea,1948,,,Derived using data on central government tax revenue to GDP from CS2 and the spliced GDP,
KOR,South Korea,1949,,,Derived using data on central government tax revenue to GDP from CS2 and the spliced GDP,
KOR,South Korea,1950,,,Derived using data on central government tax revenue to GDP from CS2 and the spliced GDP,
KOR,South Korea,1951,,,Derived using data on central government tax revenue to GDP from CS2 and the spliced GDP,
KOR,South Korea,1952,,,Derived using data on central government tax revenue to GDP from CS2 and the spliced GDP,
KOR,South Korea,1953,2218.042,4.390448,Derived using data on central government tax revenue to GDP from CS2 and the spliced GDP,50519.71
KOR,South Korea,1954,5484.332,7.843995,Derived using data on central government tax revenue to GDP from CS2 and the spliced GDP,69917.59
KOR,South Korea,1955,11667.04,9.678662,Derived using data on central government tax revenue to GDP from CS2 and the spliced GDP,120543.9
KOR,South Korea,1956,,,Derived using data on central government tax revenue to GDP from CS2 and the spliced GDP,159979.1
KOR,South Korea,1957,12336.96,5.914726,Derived using data on central government tax revenue to GDP from CS2 and the spliced GDP,208580.4
KOR,South Korea,1958,15301.67,7.061856,Derived using data on central government tax revenue to GDP from CS2 and the spliced GDP,216680.6
KOR,South Korea,1959,23033.12,10.00498,Derived using data on central government tax revenue to GDP from CS2 and the spliced GDP,230216.5
KOR,South Korea,1960,25896.53,9.994797,Derived using data on central government tax revenue to GDP from CS2 and the spliced GDP,259100.1
KOR,South Korea,1961,24060.91,7.690701,Derived using data on central government tax revenue to GDP from CS2 and the spliced GDP,312857.2
KOR,South Korea,1962,29291.22,7.720401,Derived using data on central government tax revenue to GDP from CS2 and the spliced GDP,379400.3
KOR,South Korea,1963,32231.64,5.994175,Derived using data on central government tax revenue to GDP from CS2 and the spliced GDP,537716.1
KOR,South Korea,1964,38809.59,5.059695,Derived using data on central government tax revenue to GDP from CS2 and the spliced GDP,767034.1
KOR,South Korea,1965,56663.96,6.572511,Derived using data on central government tax revenue to GDP from CS2 and the spliced GDP,862135.6
KOR,South Korea,1966,90903.44,8.222954,Derived using data on central government tax revenue to GDP from CS2 and the spliced GDP,1105484
KOR,South Korea,1967,134056.2,9.841235,Derived using data on central government tax revenue to GDP from CS2 and the spliced GDP,1362189
KOR,South Korea,1968,201539.6,11.48044,Derived using data on central government tax revenue to GDP from CS2 and the spliced GDP,1755505
KOR,South Korea,1969,272639.8,11.88244,Derived using data on central government tax revenue to GDP from CS2 and the spliced GDP,2294476
KOR,South Korea,1970,347324.9,11.97663,Derived using data on central government tax revenue to GDP from CS2 and the spliced GDP,2900021
KOR,South Korea,1971,423338.3,11.87438,Derived using data on central government tax revenue to GDP from CS2 and the spliced GDP,3565141
KOR,South Korea,1972,450298.3,10.17527,Derived using data on central government tax revenue to GDP from CS2 and the spliced GDP,4425420
KOR,South Korea,1973,542130.8,9.458456,Derived using data on central government tax revenue to GDP from CS2 and the spliced GDP,5731705
KOR,South Korea,1974,878699.9,10.71934,Derived using data on central government tax revenue to GDP from CS2 and the spliced GDP,8197335
KOR,South Korea,1975,1306679,11.95114,Derived using data on central government tax revenue to GDP from CS2 and the spliced GDP,1.09e+07
KOR,South Korea,1976,1993767,13.28468,Derived using data on central government tax revenue to GDP from CS2 and the spliced GDP,1.50e+07
KOR,South Korea,1977,2503347,12.97324,Derived using data on central government tax revenue to GDP from CS2 and the spliced GDP,1.93e+07
KOR,South Korea,1978,3515335,13.4766,Derived using data on central government tax revenue to GDP from CS2 and the spliced GDP,2.61e+07
KOR,South Korea,1979,4590470,13.66188,Derived using data on central government tax revenue to GDP from CS2 and the spliced GDP,3.36e+07
KOR,South Korea,1980,5528939,13.42165,Derived using data on central government tax revenue to GDP from CS2 and the spliced GDP,4.12e+07
KOR,South Korea,1981,6869005,13.33618,Derived using data on central government tax revenue to GDP from CS2 and the spliced GDP,5.15e+07
KOR,South Korea,1982,7978433,13.43057,Derived using data on central government tax revenue to GDP from CS2 and the spliced GDP,5.94e+07
KOR,South Korea,1983,9642570,13.65846,Derived using data on central government tax revenue to GDP from CS2 and the spliced GDP,7.06e+07
KOR,South Korea,1984,1.05e+07,12.9133,Derived using data on central government tax revenue to GDP from CS2 and the spliced GDP,8.15e+07
KOR,South Korea,1985,1.16e+07,12.66332,Derived using data on central government tax revenue to GDP from CS2 and the spliced GDP,9.14e+07
KOR,South Korea,1986,1.32e+07,12.39424,Derived using data on central government tax revenue to GDP from CS2 and the spliced GDP,1.07e+08
KOR,South Korea,1987,1.62e+07,12.84422,Derived using data on central government tax revenue to GDP from CS2 and the spliced GDP,1.26e+08
KOR,South Korea,1988,1.95e+07,12.86646,Derived using data on central government tax revenue to GDP from CS2 and the spliced GDP,1.51e+08
KOR,South Korea,1989,2.23e+07,12.98485,Derived using data on central government tax revenue to GDP from CS2 and the spliced GDP,1.72e+08
KOR,South Korea,1990,2.82e+07,13.57904,Derived using data on central government tax revenue to GDP from CS2 and the spliced GDP,2.08e+08
KOR,South Korea,1991,2.97e+07,11.80918,Derived using data on central government tax revenue to GDP from CS2 and the spliced GDP,2.51e+08
KOR,South Korea,1992,3.39e+07,11.77311,Derived using data on central government tax revenue to GDP from CS2 and the spliced GDP,2.88e+08
KOR,South Korea,1993,3.78e+07,11.56695,Derived using data on central government tax revenue to GDP from CS2 and the spliced GDP,3.27e+08
KOR,South Korea,1994,4.51e+07,11.66711,Derived using data on central government tax revenue to GDP from CS2 and the spliced GDP,3.86e+08
KOR,South Korea,1995,5.33e+07,11.75759,Derived using data on central government tax revenue to GDP from CS2 and the spliced GDP,4.53e+08
KOR,South Korea,1996,6.04e+07,11.85892,Derived using data on central government tax revenue to GDP from CS2 and the spliced GDP,5.09e+08
KOR,South Korea,1997,6.45e+07,11.48478,Derived using data on central government tax revenue to GDP from CS2 and the spliced GDP,5.62e+08
KOR,South Korea,1998,6.25e+07,11.21834,Derived using data on central government tax revenue to GDP from CS2 and the spliced GDP,5.57e+08
KOR,South Korea,1999,6.92e+07,11.27927,Derived using data on central government tax revenue to GDP from CS2 and the spliced GDP,6.13e+08
KOR,South Korea,2000,8.72e+07,12.9072,Derived using data on central government tax revenue to GDP from CS2 and the spliced GDP,6.76e+08
KOR,South Korea,2001,9.20e+07,12.55786,Derived using data on central government tax revenue to GDP from CS2 and the spliced GDP,7.33e+08
KOR,South Korea,2002,1.01e+08,12.37446,Derived using data on central government tax revenue to GDP from CS2 and the spliced GDP,8.13e+08
KOR,South Korea,2003,1.12e+08,12.93917,Derived using data on central government tax revenue to GDP from CS2 and the spliced GDP,8.68e+08
KOR,South Korea,2004,1.16e+08,12.34776,Derived using data on central government tax revenue to GDP from CS2 and the spliced GDP,9.43e+08
KOR,South Korea,2005,1.32e+08,13.30637,Derived using data on central government tax revenue to GDP from CS2 and the spliced GDP,9.95e+08
KOR,South Korea,2006,1.44e+08,13.73374,Derived using data on central government tax revenue to GDP from CS2 and the spliced GDP,1.05e+09
KOR,South Korea,2007,1.69e+08,14.89471,Derived using data on central government tax revenue to GDP from CS2 and the spliced GDP,1.13e+09
KOR,South Korea,2008,1.75e+08,14.55148,Derived using data on central government tax revenue to GDP from CS2 and the spliced GDP,1.20e+09
KOR,South Korea,2009,1.72e+08,13.71257,Derived using data on central government tax revenue to GDP from CS2 and the spliced GDP,1.26e+09
KOR,South Korea,2010,1.86e+08,13.50965,Derived using data on central government tax revenue to GDP from CS2 and the spliced GDP,1.38e+09
KOR,South Korea,2011,2.01e+08,13.87857,Derived using data on central government tax revenue to GDP from CS2 and the spliced GDP,1.45e+09
KOR,South Korea,2012,2.03e+08,13.47355,Derived using data on central government tax revenue to GDP from IMF_GFS and the spliced GDP,1.50e+09
KOR,South Korea,2013,2.05e+08,13.02222,Derived using data on central government tax revenue to GDP from IMF_GFS and the spliced GDP,1.57e+09
KOR,South Korea,2014,2.07e+08,12.63057,Derived using data on central government tax revenue to GDP from IMF_GFS and the spliced GDP,1.64e+09
KOR,South Korea,2015,2.18e+08,12.53261,Derived using data on central government tax revenue to GDP from IMF_GFS and the spliced GDP,1.74e+09
KOR,South Korea,2016,2.43e+08,13.27831,Derived using data on central government tax revenue to GDP from IMF_GFS and the spliced GDP,1.83e+09
KOR,South Korea,2017,2.66e+08,13.75546,Derived using data on central government tax revenue to GDP from IMF_GFS and the spliced GDP,1.93e+09
KOR,South Korea,2018,2.95e+08,14.69428,Derived using data on central government tax revenue to GDP from IMF_GFS and the spliced GDP,2.01e+09
KOR,South Korea,2019,2.93e+08,14.33481,Derived using data on central government tax revenue to GDP from IMF_GFS and the spliced GDP,2.04e+09
KOR,South Korea,2020,2.88e+08,14.01122,Derived using data on central government tax revenue to GDP from IMF_GFS and the spliced GDP,2.06e+09
KOR,South Korea,2021,3.48e+08,15.66739,Derived using data on central government tax revenue to GDP from IMF_GFS and the spliced GDP,2.22e+09
KOR,South Korea,2022,3.99e+08,17.15867,Derived using data on central government tax revenue to GDP from IMF_GFS and the spliced GDP,2.32e+09
KOR,South Korea,2023,3.52e+08,14.64469,Derived using data on central government tax revenue to GDP from IMF_GFS and the spliced GDP,2.40e+09
KWT,Kuwait,1980,208.7596,2.691935,Derived using data on central government tax revenue to GDP from IMF_GFS and the spliced GDP,7755
KWT,Kuwait,1981,261,3.707913,Derived using data on central government tax revenue to GDP from IMF_GFS and the spliced GDP,7039
KWT,Kuwait,1982,214,3.443836,Derived using data on central government tax revenue to GDP from IMF_GFS and the spliced GDP,6214
KWT,Kuwait,1983,196.9859,3.238302,Derived using data on central government tax revenue to GDP from IMF_GFS and the spliced GDP,6083
KWT,Kuwait,1984,201.0125,3.128599,Derived using data on central government tax revenue to GDP from IMF_GFS and the spliced GDP,6425
KWT,Kuwait,1985,125.0078,1.938105,Derived using data on central government tax revenue to GDP from IMF_GFS and the spliced GDP,6450
KWT,Kuwait,1986,109.0035,2.095013,Derived using data on central government tax revenue to GDP from IMF_GFS and the spliced GDP,5203
KWT,Kuwait,1987,78.99793,1.267414,Derived using data on central government tax revenue to GDP from IMF_GFS and the spliced GDP,6233
KWT,Kuwait,1988,70.99877,1.229842,Derived using data on central government tax revenue to GDP from IMF_GFS and the spliced GDP,5773
KWT,Kuwait,1989,84.00352,1.176026,Derived using data on central government tax revenue to GDP from IMF_GFS and the spliced GDP,7143
KWT,Kuwait,1990,82.00646,1.53916,Derived using data on central government tax revenue to GDP from IMF_GFS and the spliced GDP,5328
KWT,Kuwait,1991,8.000365,.2555211,Derived using data on central government tax revenue to GDP from IMF_GFS and the spliced GDP,3131
KWT,Kuwait,1992,4.99951,.0858138,Derived using data on central government tax revenue to GDP from IMF_GFS and the spliced GDP,5826
KWT,Kuwait,1993,79.00458,1.092582,Derived using data on central government tax revenue to GDP from IMF_GFS and the spliced GDP,7231
KWT,Kuwait,1994,105.0035,1.422811,Derived using data on central government tax revenue to GDP from IMF_GFS and the spliced GDP,7380
KWT,Kuwait,1995,90.83434,1.146175,Derived using data on central government tax revenue to GDP from IMF_GFS and the spliced GDP,7925
KWT,Kuwait,1996,90.99883,.9650953,Derived using data on central government tax revenue to GDP from IMF_GFS and the spliced GDP,9429
KWT,Kuwait,1997,108.0058,1.173083,Derived using data on central government tax revenue to GDP from IMF_GFS and the spliced GDP,9207
KWT,Kuwait,1998,118.0112,1.492491,Derived using data on central government tax revenue to GDP from IMF_GFS and the spliced GDP,7907
KWT,Kuwait,1999,,,Derived using data on central government tax revenue to GDP from IMF_GFS and the spliced GDP,9170
KWT,Kuwait,2000,,,Derived using data on central government tax revenue to GDP from IMF_GFS and the spliced GDP,11570
KWT,Kuwait,2001,111.0405,1.037761,Derived using data on central government tax revenue to GDP from IMF_GFS and the spliced GDP,10700
KWT,Kuwait,2002,137.0106,1.182145,Derived using data on central government tax revenue to GDP from IMF_GFS and the spliced GDP,11590
KWT,Kuwait,2003,189.1259,1.325618,Derived using data on central government tax revenue to GDP from IMF_GFS and the spliced GDP,14267
KWT,Kuwait,2004,231.9907,1.32445,Derived using data on central government tax revenue to GDP from IMF_GFS and the spliced GDP,17516
KWT,Kuwait,2005,242.9763,1.029866,Derived using data on central government tax revenue to GDP from IMF_GFS and the spliced GDP,23593
KWT,Kuwait,2006,286.0049,.9704949,Derived using data on central government tax revenue to GDP from IMF_GFS and the spliced GDP,29470
KWT,Kuwait,2007,354.0054,1.08654,Derived using data on central government tax revenue to GDP from IMF_GFS and the spliced GDP,32581
KWT,Kuwait,2008,347.0017,.8758247,Derived using data on central government tax revenue to GDP from IMF_GFS and the spliced GDP,39620
KWT,Kuwait,2009,295.998,.9706127,Derived using data on central government tax revenue to GDP from IMF_GFS and the spliced GDP,30496
KWT,Kuwait,2010,323.999,.9794704,Derived using data on central government tax revenue to GDP from IMF_GFS and the spliced GDP,33079
KWT,Kuwait,2011,340.004,.7997836,Derived using data on central government tax revenue to GDP from IMF_GFS and the spliced GDP,42512
KWT,Kuwait,2012,348.9986,.7163059,Derived using data on central government tax revenue to GDP from IMF_GFS and the spliced GDP,48722
KWT,Kuwait,2013,383.9992,.7774506,Derived using data on central government tax revenue to GDP from IMF_GFS and the spliced GDP,49392.1
KWT,Kuwait,2014,412.0001,.8901373,Derived using data on central government tax revenue to GDP from IMF_GFS and the spliced GDP,46285
KWT,Kuwait,2015,475.9956,1.380778,Derived using data on central government tax revenue to GDP from IMF_GFS and the spliced GDP,34473
LBN,Lebanon,1993,1285045,9.33053,Derived using data on central government tax revenue to GDP from IMF_GFS and the spliced GDP,1.38e+07
LBN,Lebanon,1994,1724900,10.96466,Derived using data on central government tax revenue to GDP from IMF_GFS and the spliced GDP,1.57e+07
LBN,Lebanon,1995,2202654,11.80673,Derived using data on central government tax revenue to GDP from IMF_GFS and the spliced GDP,1.87e+07
LBN,Lebanon,1996,3050430,14.23932,Derived using data on central government tax revenue to GDP from IMF_GFS and the spliced GDP,2.14e+07
LBR,Liberia,2005,75.87965,10.74429,Derived using data on central government tax revenue to GDP from IMF_GFS and the spliced GDP,706.2325
LBR,Liberia,2006,88.4303,10.69746,Derived using data on central government tax revenue to GDP from IMF_GFS and the spliced GDP,826.6478
LBR,Liberia,2007,145.0582,14.87296,Derived using data on central government tax revenue to GDP from IMF_GFS and the spliced GDP,975.3145
LBR,Liberia,2008,179.8075,15.67483,Derived using data on central government tax revenue to GDP from IMF_GFS and the spliced GDP,1147.11
LBR,Liberia,2009,,,Derived using data on central government tax revenue to GDP from IMF_GFS and the spliced GDP,1219.941
LBR,Liberia,2010,239.7444,17.32965,Derived using data on central government tax revenue to GDP from IMF_GFS and the spliced GDP,1383.435
LBR,Liberia,2011,289.781,17.35714,Derived using data on central government tax revenue to GDP from IMF_GFS and the spliced GDP,1669.521
LBR,Liberia,2012,395.7923,20.74166,Derived using data on central government tax revenue to GDP from IMF_GFS and the spliced GDP,1908.199
LBR,Liberia,2013,435.9355,20.1838,Derived using data on central government tax revenue to GDP from IMF_GFS and the spliced GDP,2159.828
LSO,Lesotho,1972,5.064938,7.291254,Derived using data on central government tax revenue to GDP from IMF_GFS and the spliced GDP,69.46594
LSO,Lesotho,1973,11.09745,11.691,Derived using data on central government tax revenue to GDP from IMF_GFS and the spliced GDP,94.92302
LSO,Lesotho,1974,12.37871,11.68531,Derived using data on central government tax revenue to GDP from IMF_GFS and the spliced GDP,105.9339
LSO,Lesotho,1975,11.7549,9.795876,Derived using data on central government tax revenue to GDP from IMF_GFS and the spliced GDP,119.9985
LSO,Lesotho,1976,11.07156,7.947364,Derived using data on central government tax revenue to GDP from IMF_GFS and the spliced GDP,139.3111
LSO,Lesotho,1977,39.36166,21.58167,Derived using data on central government tax revenue to GDP from IMF_GFS and the spliced GDP,182.3847
LSO,Lesotho,1978,,,Derived using data on central government tax revenue to GDP from IMF_GFS and the spliced GDP,251.4978
LSO,Lesotho,1979,,,Derived using data on central government tax revenue to GDP from IMF_GFS and the spliced GDP,265.06
LSO,Lesotho,1980,,,Derived using data on central government tax revenue to GDP from IMF_GFS and the spliced GDP,322.5638
LSO,Lesotho,1981,,,Derived using data on central government tax revenue to GDP from IMF_GFS and the spliced GDP,369.0939
LSO,Lesotho,1982,117.4487,28.02347,Derived using data on central government tax revenue to GDP from IMF_GFS and the spliced GDP,419.1082
LSO,Lesotho,1983,148.2488,33.76955,Derived using data on central government tax revenue to GDP from IMF_GFS and the spliced GDP,439.0015
LSO,Lesotho,1984,187.8483,36.69316,Derived using data on central government tax revenue to GDP from IMF_GFS and the spliced GDP,511.9436
LSO,Lesotho,1985,209.0452,33.75018,Derived using data on central government tax revenue to GDP from IMF_GFS and the spliced GDP,619.39
LSO,Lesotho,1986,218.0235,30.73282,Derived using data on central government tax revenue to GDP from IMF_GFS and the spliced GDP,709.4156
LSO,Lesotho,1987,251.0681,29.65838,Derived using data on central government tax revenue to GDP from IMF_GFS and the spliced GDP,846.5333
LSO,Lesotho,1988,315.7125,29.08101,Derived using data on central government tax revenue to GDP from IMF_GFS and the spliced GDP,1085.631
LSO,Lesotho,1989,431.6449,32.66657,Derived using data on central government tax revenue to GDP from IMF_GFS and the spliced GDP,1321.366
LSO,Lesotho,1990,,,Derived using data on central government tax revenue to GDP from IMF_GFS and the spliced GDP,1521.067
LSO,Lesotho,1991,,,Derived using data on central government tax revenue to GDP from IMF_GFS and the spliced GDP,1807.481
LSO,Lesotho,1992,,,Derived using data on central government tax revenue to GDP from IMF_GFS and the spliced GDP,2239.145
LSO,Lesotho,1993,,,Derived using data on central government tax revenue to GDP from IMF_GFS and the spliced GDP,2550.013
LSO,Lesotho,1994,,,Derived using data on central government tax revenue to GDP from IMF_GFS and the spliced GDP,2835.214
LSO,Lesotho,1995,,,Derived using data on central government tax revenue to GDP from IMF_GFS and the spliced GDP,3240.715
LSO,Lesotho,1996,,,Derived using data on central government tax revenue to GDP from IMF_GFS and the spliced GDP,3848.134
LSO,Lesotho,1997,,,Derived using data on central government tax revenue to GDP from IMF_GFS and the spliced GDP,4488.234
LSO,Lesotho,1998,,,Derived using data on central government tax revenue to GDP from IMF_GFS and the spliced GDP,4722.653
LSO,Lesotho,1999,,,Derived using data on central government tax revenue to GDP from IMF_GFS and the spliced GDP,5219.843
LSO,Lesotho,2000,,,Derived using data on central government tax revenue to GDP from IMF_GFS and the spliced GDP,5705.225
LSO,Lesotho,2001,,,Derived using data on central government tax revenue to GDP from IMF_GFS and the spliced GDP,6482.352
LSO,Lesotho,2002,,,Derived using data on central government tax revenue to GDP from IMF_GFS and the spliced GDP,7378.966
LSO,Lesotho,2003,2096.958,26.83337,Derived using data on central government tax revenue to GDP from IMF_GFS and the spliced GDP,7814.739
LSO,Lesotho,2004,2430.212,28.59669,Derived using data on central government tax revenue to GDP from IMF_GFS and the spliced GDP,8498.227
LSO,Lesotho,2005,2578.236,27.79658,Derived using data on central government tax revenue to GDP from IMF_GFS and the spliced GDP,9275.373
LSO,Lesotho,2006,3566.798,34.58454,Derived using data on central government tax revenue to GDP from IMF_GFS and the spliced GDP,10313.27
LSO,Lesotho,2007,4472.685,37.74025,Derived using data on central government tax revenue to GDP from IMF_GFS and the spliced GDP,11851.23
LTU,Lithuania,1995,1539.412,19.7,Derived using data on central government tax revenue to GDP from EUS and the spliced GDP,7814.274
LTU,Lithuania,1996,1836.082,18.8,Derived using data on central government tax revenue to GDP from EUS and the spliced GDP,9766.395
LTU,Lithuania,1997,2544.468,21.6,Derived using data on central government tax revenue to GDP from EUS and the spliced GDP,11779.94
LTU,Lithuania,1998,2890.347,22.1,Derived using data on central government tax revenue to GDP from EUS and the spliced GDP,13078.49
LTU,Lithuania,1999,2821.971,22.1,Derived using data on central government tax revenue to GDP from EUS and the spliced GDP,12769.1
LTU,Lithuania,2000,2716.44,20.3,Derived using data on central government tax revenue to GDP from EUS and the spliced GDP,13381.48
LTU,Lithuania,2001,2755.594,19.4,Derived using data on central government tax revenue to GDP from EUS and the spliced GDP,14204.09
LTU,Lithuania,2002,2919.621,19.2,Derived using data on central government tax revenue to GDP from EUS and the spliced GDP,15206.36
LTU,Lithuania,2003,3168.127,19,Derived using data on central government tax revenue to GDP from EUS and the spliced GDP,16674.35
LTU,Lithuania,2004,3570.995,19.5,Derived using data on central government tax revenue to GDP from EUS and the spliced GDP,18312.79
LTU,Lithuania,2005,4197.195,20,Derived using data on central government tax revenue to GDP from EUS and the spliced GDP,20985.98
LTU,Lithuania,2006,4991.916,20.8,Derived using data on central government tax revenue to GDP from EUS and the spliced GDP,23999.59
LTU,Lithuania,2007,6010.052,20.7,Derived using data on central government tax revenue to GDP from EUS and the spliced GDP,29034.06
LTU,Lithuania,2008,6798.083,20.8,Derived using data on central government tax revenue to GDP from EUS and the spliced GDP,32683.1
LTU,Lithuania,2009,4693.381,17.4,Derived using data on central government tax revenue to GDP from EUS and the spliced GDP,26973.46
LTU,Lithuania,2010,4592.13,16.6,Derived using data on central government tax revenue to GDP from EUS and the spliced GDP,27663.43
LTU,Lithuania,2011,4970.63,16,Derived using data on central government tax revenue to GDP from EUS and the spliced GDP,31066.44
LTU,Lithuania,2012,5318.469,16,Derived using data on central government tax revenue to GDP from EUS and the spliced GDP,33240.43
LTU,Lithuania,2013,5614.719,16.1,Derived using data on central government tax revenue to GDP from EUS and the spliced GDP,34874.03
LTU,Lithuania,2014,5934.851,16.3,Derived using data on central government tax revenue to GDP from EUS and the spliced GDP,36410.13
LTU,Lithuania,2015,6402.362,17.1,Derived using data on central government tax revenue to GDP from EUS and the spliced GDP,37440.71
LTU,Lithuania,2016,6754.801,17.4,Derived using data on central government tax revenue to GDP from EUS and the spliced GDP,38820.7
LTU,Lithuania,2017,7228.948,17.1,Derived using data on central government tax revenue to GDP from EUS and the spliced GDP,42274.55
LTU,Lithuania,2018,7811.059,17,Derived using data on central government tax revenue to GDP from EUS and the spliced GDP,45947.41
LTU,Lithuania,2019,10044.8,20.4,Derived using data on central government tax revenue to GDP from EUS and the spliced GDP,49239.23
LTU,Lithuania,2020,10455.04,20.8,Derived using data on central government tax revenue to GDP from EUS and the spliced GDP,50264.61
LTU,Lithuania,2021,12186.13,21.5,Derived using data on central government tax revenue to GDP from EUS and the spliced GDP,56679.66
LTU,Lithuania,2022,14637.84,21.7,Derived using data on central government tax revenue to GDP from EUS and the spliced GDP,67455.46
LTU,Lithuania,2023,15939.25,21.6,Derived using data on central government tax revenue to GDP from EUS and the spliced GDP,73792.84
LTU,Lithuania,2024,17447.35,22.2,Derived using data on central government tax revenue to GDP from EUS and the spliced GDP,78591.64
LUX,Luxembourg,1995,4022.221,26.4,Derived using data on central government tax revenue to GDP from EUS and the spliced GDP,15235.69
LUX,Luxembourg,1996,4249.689,26.5,Derived using data on central government tax revenue to GDP from EUS and the spliced GDP,16036.56
LUX,Luxembourg,1997,4684.375,27,Derived using data on central government tax revenue to GDP from EUS and the spliced GDP,17349.54
LUX,Luxembourg,1998,4949.099,27.3,Derived using data on central government tax revenue to GDP from EUS and the spliced GDP,18128.57
LUX,Luxembourg,1999,5485.582,26.7,Derived using data on central government tax revenue to GDP from EUS and the spliced GDP,20545.25
LUX,Luxembourg,2000,6181.887,26.9,Derived using data on central government tax revenue to GDP from EUS and the spliced GDP,22980.99
LUX,Luxembourg,2001,6326.266,26.5,Derived using data on central government tax revenue to GDP from EUS and the spliced GDP,23872.7
LUX,Luxembourg,2002,6574.492,26.3,Derived using data on central government tax revenue to GDP from EUS and the spliced GDP,24998.07
LUX,Luxembourg,2003,6869.52,26.2,Derived using data on central government tax revenue to GDP from EUS and the spliced GDP,26219.54
LUX,Luxembourg,2004,7215.934,25.6,Derived using data on central government tax revenue to GDP from EUS and the spliced GDP,28187.24
LUX,Luxembourg,2005,8146.302,26.9,Derived using data on central government tax revenue to GDP from EUS and the spliced GDP,30283.65
LUX,Luxembourg,2006,8680.44,25.4,Derived using data on central government tax revenue to GDP from EUS and the spliced GDP,34174.96
LUX,Luxembourg,2007,9674.176,25.7,Derived using data on central government tax revenue to GDP from EUS and the spliced GDP,37642.71
LUX,Luxembourg,2008,9961.477,24.9,Derived using data on central government tax revenue to GDP from EUS and the spliced GDP,40005.93
LUX,Luxembourg,2009,9877.789,25.3,Derived using data on central government tax revenue to GDP from EUS and the spliced GDP,39042.64
LUX,Luxembourg,2010,10672.27,25.2,Derived using data on central government tax revenue to GDP from EUS and the spliced GDP,42350.28
LUX,Luxembourg,2011,11279.81,25.4,Derived using data on central government tax revenue to GDP from EUS and the spliced GDP,44408.71
LUX,Luxembourg,2012,11998,25.9,Derived using data on central government tax revenue to GDP from EUS and the spliced GDP,46324.33
LUX,Luxembourg,2013,12720.84,26,Derived using data on central government tax revenue to GDP from EUS and the spliced GDP,48926.3
LUX,Luxembourg,2014,13564.53,26.2,Derived using data on central government tax revenue to GDP from EUS and the spliced GDP,51773
LUX,Luxembourg,2015,13455.28,24.8,Derived using data on central government tax revenue to GDP from EUS and the spliced GDP,54255.14
LUX,Luxembourg,2016,14206.71,25.3,Derived using data on central government tax revenue to GDP from EUS and the spliced GDP,56153.01
LUX,Luxembourg,2017,15155.09,26,Derived using data on central government tax revenue to GDP from EUS and the spliced GDP,58288.79
LUX,Luxembourg,2018,17062.67,28.4,Derived using data on central government tax revenue to GDP from EUS and the spliced GDP,60079.82
LUX,Luxembourg,2019,17668.68,28.4,Derived using data on central government tax revenue to GDP from EUS and the spliced GDP,62213.65
LUX,Luxembourg,2020,17612.81,27.3,Derived using data on central government tax revenue to GDP from EUS and the spliced GDP,64515.78
LUX,Luxembourg,2021,19942.47,27.6,Derived using data on central government tax revenue to GDP from EUS and the spliced GDP,72255.32
LUX,Luxembourg,2022,21927.03,28.2,Derived using data on central government tax revenue to GDP from EUS and the spliced GDP,77755.43
LUX,Luxembourg,2023,22700.71,28.5,Derived using data on central government tax revenue to GDP from EUS and the spliced GDP,79651.62
LUX,Luxembourg,2024,25079.48,30.2,Derived using data on central government tax revenue to GDP from EUS and the spliced GDP,83044.63
LVA,Latvia,1995,550.5466,14,Derived using data on central government tax revenue to GDP from EUS and the spliced GDP,3932.476
LVA,Latvia,1996,613.5021,13.5,Derived using data on central government tax revenue to GDP from EUS and the spliced GDP,4544.46
LVA,Latvia,1997,845.0054,16.1,Derived using data on central government tax revenue to GDP from EUS and the spliced GDP,5248.481
LVA,Latvia,1998,1000.927,17.1,Derived using data on central government tax revenue to GDP from EUS and the spliced GDP,5853.373
LVA,Latvia,1999,1000.092,16.4,Derived using data on central government tax revenue to GDP from EUS and the spliced GDP,6098.123
LVA,Latvia,2000,997.9962,14.9,Derived using data on central government tax revenue to GDP from EUS and the spliced GDP,6697.961
LVA,Latvia,2001,1083.026,14.8,Derived using data on central government tax revenue to GDP from EUS and the spliced GDP,7317.74
LVA,Latvia,2002,1179.64,14.5,Derived using data on central government tax revenue to GDP from EUS and the spliced GDP,8135.446
LVA,Latvia,2003,1362.273,14.9,Derived using data on central government tax revenue to GDP from EUS and the spliced GDP,9142.771
LVA,Latvia,2004,1583.701,14.9,Derived using data on central government tax revenue to GDP from EUS and the spliced GDP,10628.87
LVA,Latvia,2005,2057.112,15.7,Derived using data on central government tax revenue to GDP from EUS and the spliced GDP,13102.62
LVA,Latvia,2006,2672.348,16.4,Derived using data on central government tax revenue to GDP from EUS and the spliced GDP,16294.81
LVA,Latvia,2007,3441.492,16,Derived using data on central government tax revenue to GDP from EUS and the spliced GDP,21509.33
LVA,Latvia,2008,3666.247,15.7,Derived using data on central government tax revenue to GDP from EUS and the spliced GDP,23351.89
LVA,Latvia,2009,2550.583,13.8,Derived using data on central government tax revenue to GDP from EUS and the spliced GDP,18482.49
LVA,Latvia,2010,2533.909,14.3,Derived using data on central government tax revenue to GDP from EUS and the spliced GDP,17719.64
LVA,Latvia,2011,2905.823,15.2,Derived using data on central government tax revenue to GDP from EUS and the spliced GDP,19117.26
LVA,Latvia,2012,3292.275,15.6,Derived using data on central government tax revenue to GDP from EUS and the spliced GDP,21104.33
LVA,Latvia,2013,3534.947,16.1,Derived using data on central government tax revenue to GDP from EUS and the spliced GDP,21956.19
LVA,Latvia,2014,3737.643,16.4,Derived using data on central government tax revenue to GDP from EUS and the spliced GDP,22790.5
LVA,Latvia,2015,3941.548,16.6,Derived using data on central government tax revenue to GDP from EUS and the spliced GDP,23744.26
LVA,Latvia,2016,4287.181,17.5,Derived using data on central government tax revenue to GDP from EUS and the spliced GDP,24498.17
LVA,Latvia,2017,4552.998,17.5,Derived using data on central government tax revenue to GDP from EUS and the spliced GDP,26017.13
LVA,Latvia,2018,4729.778,16.8,Derived using data on central government tax revenue to GDP from EUS and the spliced GDP,28153.44
LVA,Latvia,2019,4996.823,16.9,Derived using data on central government tax revenue to GDP from EUS and the spliced GDP,29567
LVA,Latvia,2020,4938.913,16.9,Derived using data on central government tax revenue to GDP from EUS and the spliced GDP,29224.34
LVA,Latvia,2021,5520.787,17.1,Derived using data on central government tax revenue to GDP from EUS and the spliced GDP,32285.3
LVA,Latvia,2022,6426.451,17.8,Derived using data on central government tax revenue to GDP from EUS and the spliced GDP,36103.66
LVA,Latvia,2023,6759.54,17.3,Derived using data on central government tax revenue to GDP from EUS and the spliced GDP,39072.48
LVA,Latvia,2024,7367.996,18.6,Derived using data on central government tax revenue to GDP from EUS and the spliced GDP,39612.88
MAC,Macau,2001,9037.036,16.39758,Derived using data on central government tax revenue to GDP from IMF_GFS and the spliced GDP,55112
MAC,Macau,2002,10206.63,17.2351,Derived using data on central government tax revenue to GDP from IMF_GFS and the spliced GDP,59220
MAC,Macau,2003,13261.14,20.04798,Derived using data on central government tax revenue to GDP from IMF_GFS and the spliced GDP,66147
MAC,Macau,2004,18159.53,21.26857,Derived using data on central government tax revenue to GDP from IMF_GFS and the spliced GDP,85382
MAC,Macau,2005,20437.79,20.98013,Derived using data on central government tax revenue to GDP from IMF_GFS and the spliced GDP,97415
MAC,Macau,2006,25153.79,21.13515,Derived using data on central government tax revenue to GDP from IMF_GFS and the spliced GDP,119014
MAC,Macau,2007,37730.49,25.46244,Derived using data on central government tax revenue to GDP from IMF_GFS and the spliced GDP,148181
MAC,Macau,2008,49542.66,29.37794,Derived using data on central government tax revenue to GDP from IMF_GFS and the spliced GDP,168639
MAC,Macau,2009,50514.15,29.30684,Derived using data on central government tax revenue to GDP from IMF_GFS and the spliced GDP,172363
MAC,Macau,2010,77716.48,34.38828,Derived using data on central government tax revenue to GDP from IMF_GFS and the spliced GDP,225997
MAC,Macau,2011,110565.5,37.42427,Derived using data on central government tax revenue to GDP from IMF_GFS and the spliced GDP,295438
MAC,Macau,2012,126998.9,36.80275,Derived using data on central government tax revenue to GDP from IMF_GFS and the spliced GDP,345080
MAC,Macau,2013,149824.4,36.38819,Derived using data on central government tax revenue to GDP from IMF_GFS and the spliced GDP,411739
MAC,Macau,2014,153863.8,35.08738,Derived using data on central government tax revenue to GDP from IMF_GFS and the spliced GDP,438516
MAC,Macau,2015,104855.8,29.15025,Derived using data on central government tax revenue to GDP from IMF_GFS and the spliced GDP,359708
MAC,Macau,2016,100086.9,27.77536,Derived using data on central government tax revenue to GDP from IMF_GFS and the spliced GDP,360344
MAC,Macau,2017,117420.6,29.03713,Derived using data on central government tax revenue to GDP from IMF_GFS and the spliced GDP,404381
MAC,Macau,2018,131147.6,29.43651,Derived using data on central government tax revenue to GDP from IMF_GFS and the spliced GDP,445527
MAC,Macau,2019,132376.3,29.77827,Derived using data on central government tax revenue to GDP from IMF_GFS and the spliced GDP,444540
MAC,Macau,2020,44193.9,21.82727,Derived using data on central government tax revenue to GDP from IMF_GFS and the spliced GDP,202471
MAC,Macau,2021,47869.87,19.30813,Derived using data on central government tax revenue to GDP from IMF_GFS and the spliced GDP,247926
MAC,Macau,2022,34410.17,17.06659,Derived using data on central government tax revenue to GDP from IMF_GFS and the spliced GDP,201623
MAC,Macau,2023,82106.43,22.2313,Derived using data on central government tax revenue to GDP from IMF_GFS and the spliced GDP,369328
MAR,Morocco,2002,82484.4,17.62366,Derived using data on central government tax revenue to GDP from IMF_GFS and the spliced GDP,468032.2
MAR,Morocco,2003,87025.46,17.36236,Derived using data on central government tax revenue to GDP from IMF_GFS and the spliced GDP,501230.7
MAR,Morocco,2004,93059.66,17.53707,Derived using data on central government tax revenue to GDP from IMF_GFS and the spliced GDP,530645.4
MAR,Morocco,2005,107452.4,19.37967,Derived using data on central government tax revenue to GDP from IMF_GFS and the spliced GDP,554459.7
MAR,Morocco,2006,120245.9,19.82145,Derived using data on central government tax revenue to GDP from IMF_GFS and the spliced GDP,606645.3
MAR,Morocco,2007,143034.8,22.08929,Derived using data on central government tax revenue to GDP from IMF_GFS and the spliced GDP,647530
MAR,Morocco,2008,177504.2,24.48006,Derived using data on central government tax revenue to GDP from IMF_GFS and the spliced GDP,725097.1
MAR,Morocco,2009,165932.9,21.67439,Derived using data on central government tax revenue to GDP from IMF_GFS and the spliced GDP,765571.2
MAR,Morocco,2010,171141.6,21.08572,Derived using data on central government tax revenue to GDP from IMF_GFS and the spliced GDP,811646.8
MAR,Morocco,2011,184690.5,21.52696,Derived using data on central government tax revenue to GDP from IMF_GFS and the spliced GDP,857949.9
MDA,Moldova,2002,3487.118,12.88135,Derived using data on central government tax revenue to GDP from IMF_GFS and the spliced GDP,27071.05
MDA,Moldova,2003,4863.722,14.67291,Derived using data on central government tax revenue to GDP from IMF_GFS and the spliced GDP,33147.62
MDA,Moldova,2004,6288.453,16.35751,Derived using data on central government tax revenue to GDP from IMF_GFS and the spliced GDP,38443.84
MDA,Moldova,2005,8353.36,18.4854,Derived using data on central government tax revenue to GDP from IMF_GFS and the spliced GDP,45188.95
MDA,Moldova,2006,10512.24,19.57105,Derived using data on central government tax revenue to GDP from IMF_GFS and the spliced GDP,53713.21
MDA,Moldova,2007,13082.42,20.40144,Derived using data on central government tax revenue to GDP from IMF_GFS and the spliced GDP,64125
MDA,Moldova,2008,15440.29,20.4461,Derived using data on central government tax revenue to GDP from IMF_GFS and the spliced GDP,75517.06
MDA,Moldova,2009,12826.54,17.68531,Derived using data on central government tax revenue to GDP from IMF_GFS and the spliced GDP,72526.53
MDA,Moldova,2010,13079.9,15.16064,Derived using data on central government tax revenue to GDP from IMF_GFS and the spliced GDP,86275.38
MDA,Moldova,2011,15053.3,15.24033,Derived using data on central government tax revenue to GDP from IMF_GFS and the spliced GDP,98772.81
MDA,Moldova,2012,16450,15.59535,Derived using data on central government tax revenue to GDP from IMF_GFS and the spliced GDP,105480.2
MDA,Moldova,2013,18491.3,15.46964,Derived using data on central government tax revenue to GDP from IMF_GFS and the spliced GDP,119532.9
MDA,Moldova,2014,21955.55,16.6375,Derived using data on central government tax revenue to GDP from IMF_GFS and the spliced GDP,131964.3
MDA,Moldova,2015,24067.21,16.40124,Derived using data on central government tax revenue to GDP from IMF_GFS and the spliced GDP,146740.2
MDA,Moldova,2016,25832.5,16.24579,Derived using data on central government tax revenue to GDP from IMF_GFS and the spliced GDP,159010.4
MDA,Moldova,2017,31201.5,17.72739,Derived using data on central government tax revenue to GDP from IMF_GFS and the spliced GDP,176007.3
MDA,Moldova,2018,34057.9,18.01408,Derived using data on central government tax revenue to GDP from IMF_GFS and the spliced GDP,189062.6
MDA,Moldova,2019,36417.2,17.65629,Derived using data on central government tax revenue to GDP from IMF_GFS and the spliced GDP,206256.2
MDA,Moldova,2020,35772.1,17.9099,Derived using data on central government tax revenue to GDP from IMF_GFS and the spliced GDP,199733.7
MDA,Moldova,2021,44513.7,18.38812,Derived using data on central government tax revenue to GDP from IMF_GFS and the spliced GDP,242078.6
MDA,Moldova,2022,51733.77,18.84736,Derived using data on central government tax revenue to GDP from IMF_GFS and the spliced GDP,274488.1
MDA,Moldova,2023,54857.35,18.25741,Derived using data on central government tax revenue to GDP from IMF_GFS and the spliced GDP,300466.3
MDG,Madagascar,1972,26341.36,40.18073,Derived using data on central government tax revenue to GDP from IMF_GFS and the spliced GDP,65557.19
MDG,Madagascar,1973,28715.99,40.20902,Derived using data on central government tax revenue to GDP from IMF_GFS and the spliced GDP,71416.79
MDG,Madagascar,1974,,,Derived using data on central government tax revenue to GDP from IMF_GFS and the spliced GDP,87378.34
MDG,Madagascar,1975,,,Derived using data on central government tax revenue to GDP from IMF_GFS and the spliced GDP,92628.53
MDG,Madagascar,1976,,,Derived using data on central government tax revenue to GDP from IMF_GFS and the spliced GDP,98699.08
MDG,Madagascar,1977,,,Derived using data on central government tax revenue to GDP from IMF_GFS and the spliced GDP,109715.1
MDG,Madagascar,1978,57998.46,50.85299,Derived using data on central government tax revenue to GDP from IMF_GFS and the spliced GDP,114051.2
MDG,Madagascar,1979,67215.31,48.18927,Derived using data on central government tax revenue to GDP from IMF_GFS and the spliced GDP,139481.9
MDG,Madagascar,1980,71693.7,44.3435,Derived using data on central government tax revenue to GDP from IMF_GFS and the spliced GDP,161678
MDG,Madagascar,1981,,,Derived using data on central government tax revenue to GDP from IMF_GFS and the spliced GDP,184928.9
MDG,Madagascar,1982,,,Derived using data on central government tax revenue to GDP from IMF_GFS and the spliced GDP,233469.8
MDG,Madagascar,1983,,,Derived using data on central government tax revenue to GDP from IMF_GFS and the spliced GDP,286206.2
MDG,Madagascar,1984,,,Derived using data on central government tax revenue to GDP from IMF_GFS and the spliced GDP,320895.1
MDG,Madagascar,1985,,,Derived using data on central government tax revenue to GDP from IMF_GFS and the spliced GDP,364092
MDG,Madagascar,1986,,,Derived using data on central government tax revenue to GDP from IMF_GFS and the spliced GDP,516511.9
MDG,Madagascar,1987,,,Derived using data on central government tax revenue to GDP from IMF_GFS and the spliced GDP,642962
MDG,Madagascar,1988,323619.1,40.17464,Derived using data on central government tax revenue to GDP from IMF_GFS and the spliced GDP,805530.8
MDG,Madagascar,1989,326419.3,34.77065,Derived using data on central government tax revenue to GDP from IMF_GFS and the spliced GDP,938778
MDG,Madagascar,1990,79724.77,7.391908,Derived using data on central government tax revenue to GDP from IMF_GFS and the spliced GDP,1078541
MDG,Madagascar,1991,64703.14,5.626451,Derived using data on central government tax revenue to GDP from IMF_GFS and the spliced GDP,1149981
MDG,Madagascar,1992,91506.97,6.991044,Derived using data on central government tax revenue to GDP from IMF_GFS and the spliced GDP,1308917
MDG,Madagascar,1993,101410.8,6.770598,Derived using data on central government tax revenue to GDP from IMF_GFS and the spliced GDP,1497812
MDG,Madagascar,1994,137801.7,6.499533,Derived using data on central government tax revenue to GDP from IMF_GFS and the spliced GDP,2120178
MDG,Madagascar,1995,214245.4,6.845866,Derived using data on central government tax revenue to GDP from IMF_GFS and the spliced GDP,3129559
MDG,Madagascar,1996,258474,6.86137,Derived using data on central government tax revenue to GDP from IMF_GFS and the spliced GDP,3767090
MDG,Madagascar,1997,325956.2,7.777527,Derived using data on central government tax revenue to GDP from IMF_GFS and the spliced GDP,4191001
MDG,Madagascar,1998,391312.1,8.285024,Derived using data on central government tax revenue to GDP from AFRISTAT and the spliced GDP,4723126
MDG,Madagascar,1999,520998.1,9.59586,Derived using data on central government tax revenue to GDP from AFRISTAT and the spliced GDP,5429406
MDG,Madagascar,2000,578063.7,9.487256,Derived using data on central government tax revenue to GDP from IMF_GFS and the spliced GDP,6093055
MDG,Madagascar,2001,562059.5,8.111543,Derived using data on central government tax revenue to GDP from IMF_GFS and the spliced GDP,6929132
MDG,Madagascar,2002,439569.7,6.301796,Derived using data on central government tax revenue to GDP from IMF_GFS and the spliced GDP,6975308
MDG,Madagascar,2003,676632.6,8.59814,Derived using data on central government tax revenue to GDP from AFRISTAT and the spliced GDP,7869524
MDG,Madagascar,2004,887361,9.372162,Derived using data on central government tax revenue to GDP from AFRISTAT and the spliced GDP,9468050
MDG,Madagascar,2005,1018288,8.691008,Derived using data on central government tax revenue to GDP from AFRISTAT and the spliced GDP,1.17e+07
MDG,Madagascar,2006,1262298,9.202612,Derived using data on central government tax revenue to GDP from AFRISTAT and the spliced GDP,1.37e+07
MDG,Madagascar,2007,1573100,9.847823,Derived using data on central government tax revenue to GDP from AFRISTAT and the spliced GDP,1.60e+07
MDG,Madagascar,2008,2087200,11.39145,Derived using data on central government tax revenue to GDP from AFRISTAT and the spliced GDP,1.83e+07
MDG,Madagascar,2009,1782000,9.472377,Derived using data on central government tax revenue to GDP from AFRISTAT and the spliced GDP,1.88e+07
MDG,Madagascar,2010,1980800,9.494153,Derived using data on central government tax revenue to GDP from AFRISTAT and the spliced GDP,2.09e+07
MDG,Madagascar,2011,2219400,9.487132,Derived using data on central government tax revenue to GDP from AFRISTAT and the spliced GDP,2.34e+07
MDG,Madagascar,2012,2263000,8.904028,Derived using data on central government tax revenue to GDP from AFRISTAT and the spliced GDP,2.54e+07
MDG,Madagascar,2013,2451100,8.939838,Derived using data on central government tax revenue to GDP from AFRISTAT and the spliced GDP,2.74e+07
MDG,Madagascar,2014,2588800,8.560681,Derived using data on central government tax revenue to GDP from AFRISTAT and the spliced GDP,3.02e+07
MDG,Madagascar,2015,3012000,9.067871,Derived using data on central government tax revenue to GDP from AFRISTAT and the spliced GDP,3.32e+07
MDG,Madagascar,2016,3649000,9.695096,Derived using data on central government tax revenue to GDP from AFRISTAT and the spliced GDP,3.76e+07
MDG,Madagascar,2017,4328400,10.54194,Derived using data on central government tax revenue to GDP from AFRISTAT and the spliced GDP,4.11e+07
MDG,Madagascar,2018,5002801,10.9026,Derived using data on central government tax revenue to GDP from AFRISTAT and the spliced GDP,4.59e+07
MDG,Madagascar,2019,5618400,11.00887,Derived using data on central government tax revenue to GDP from AFRISTAT and the spliced GDP,5.10e+07
MDG,Madagascar,2020,4872900,9.857057,Derived using data on central government tax revenue to GDP from AFRISTAT and the spliced GDP,4.94e+07
MDG,Madagascar,2021,5913200,10.75552,Derived using data on central government tax revenue to GDP from AFRISTAT and the spliced GDP,5.50e+07
MDG,Madagascar,2022,7074000,11.26874,Derived using data on central government tax revenue to GDP from AFRISTAT and the spliced GDP,6.28e+07
MDV,Maldives,1979,10.72365,1.694734,Derived using data on central government tax revenue to GDP from IMF_GFS and the spliced GDP,632.7631
MDV,Maldives,1980,24.38885,3.468907,Derived using data on central government tax revenue to GDP from IMF_GFS and the spliced GDP,703.0701
MDV,Maldives,1981,31.28117,4.207831,Derived using data on central government tax revenue to GDP from IMF_GFS and the spliced GDP,743.4037
MDV,Maldives,1982,60.38085,6.726769,Derived using data on central government tax revenue to GDP from IMF_GFS and the spliced GDP,897.6204
MDV,Maldives,1983,71.22535,7.730575,Derived using data on central government tax revenue to GDP from IMF_GFS and the spliced GDP,921.3461
MDV,Maldives,1984,95.39848,8.985251,Derived using data on central government tax revenue to GDP from IMF_GFS and the spliced GDP,1061.723
MDV,Maldives,1985,111.788,9.486632,Derived using data on central government tax revenue to GDP from IMF_GFS and the spliced GDP,1178.374
MDV,Maldives,1986,122.7352,9.267926,Derived using data on central government tax revenue to GDP from IMF_GFS and the spliced GDP,1324.3
MDV,Maldives,1987,198.0816,11.65131,Derived using data on central government tax revenue to GDP from IMF_GFS and the spliced GDP,1700.08
MDV,Maldives,1988,247.9908,12.83409,Derived using data on central government tax revenue to GDP from IMF_GFS and the spliced GDP,1932.283
MDV,Maldives,1989,317.9383,14.21649,Derived using data on central government tax revenue to GDP from IMF_GFS and the spliced GDP,2236.405
MDV,Maldives,1990,348.6231,13.00298,Derived using data on central government tax revenue to GDP from IMF_GFS and the spliced GDP,2681.101
MDV,Maldives,1991,445.1386,13.60997,Derived using data on central government tax revenue to GDP from IMF_GFS and the spliced GDP,3270.679
MDV,Maldives,1992,547.489,13.93117,Derived using data on central government tax revenue to GDP from IMF_GFS and the spliced GDP,3929.958
MDV,Maldives,1993,589.7905,12.79085,Derived using data on central government tax revenue to GDP from IMF_GFS and the spliced GDP,4611.034
MDV,Maldives,1994,652.0272,12.11105,Derived using data on central government tax revenue to GDP from IMF_GFS and the spliced GDP,5383.738
MDV,Maldives,1995,776.138,11.64342,Derived using data on central government tax revenue to GDP from IMF_GFS and the spliced GDP,6665.896
MDV,Maldives,1996,864.7346,11.49197,Derived using data on central government tax revenue to GDP from IMF_GFS and the spliced GDP,7524.683
MDV,Maldives,1997,955.4648,11.25259,Derived using data on central government tax revenue to GDP from IMF_GFS and the spliced GDP,8491.067
MDV,Maldives,1998,998.1304,11.06144,Derived using data on central government tax revenue to GDP from IMF_GFS and the spliced GDP,9023.516
MDV,Maldives,1999,1080.675,10.97724,Derived using data on central government tax revenue to GDP from IMF_GFS and the spliced GDP,9844.688
MDV,Maldives,2000,1121.032,10.74719,Derived using data on central government tax revenue to GDP from IMF_GFS and the spliced GDP,10430.93
MDV,Maldives,2001,1157.239,10.65579,Derived using data on central government tax revenue to GDP from IMF_GFS and the spliced GDP,10860.19
MDV,Maldives,2002,1203.85,10.29762,Derived using data on central government tax revenue to GDP from IMF_GFS and the spliced GDP,11690.57
MDV,Maldives,2003,1268.702,9.420718,Derived using data on central government tax revenue to GDP from IMF_GFS and the spliced GDP,13467.15
MDV,Maldives,2004,1647.202,10.48945,Derived using data on central government tax revenue to GDP from IMF_GFS and the spliced GDP,15703.42
MDV,Maldives,2005,1722.803,11.56939,Derived using data on central government tax revenue to GDP from IMF_GFS and the spliced GDP,14891.04
MDV,Maldives,2006,2370.4,11.75644,Derived using data on central government tax revenue to GDP from IMF_GFS and the spliced GDP,20162.56
MDV,Maldives,2007,2905.1,12.14745,Derived using data on central government tax revenue to GDP from IMF_GFS and the spliced GDP,23915.31
MDV,Maldives,2008,3366.8,11.57888,Derived using data on central government tax revenue to GDP from IMF_GFS and the spliced GDP,29077.07
MDV,Maldives,2009,2732,9.100668,Derived using data on central government tax revenue to GDP from IMF_GFS and the spliced GDP,30019.78
MEX,Mexico,1925,.2009382,2.977517,Derived using data on central government tax revenue to GDP from Mitchell and the spliced GDP,6.748517
MEX,Mexico,1926,.1927367,2.735739,Derived using data on central government tax revenue to GDP from Mitchell and the spliced GDP,7.04514
MEX,Mexico,1927,.1571966,2.446809,Derived using data on central government tax revenue to GDP from Mitchell and the spliced GDP,6.424555
MEX,Mexico,1928,.1763335,2.727849,Derived using data on central government tax revenue to GDP from Mitchell and the spliced GDP,6.464196
MEX,Mexico,1929,.1777005,2.83657,Derived using data on central government tax revenue to GDP from Mitchell and the spliced GDP,6.264625
MEX,Mexico,1930,.1968374,3.273471,Derived using data on central government tax revenue to GDP from Mitchell and the spliced GDP,6.013111
MEX,Mexico,1931,.1134549,2.087525,Derived using data on central government tax revenue to GDP from Mitchell and the spliced GDP,5.434901
MEX,Mexico,1932,.1038864,2.515723,Derived using data on central government tax revenue to GDP from Mitchell and the spliced GDP,4.129485
MEX,Mexico,1933,.1038864,2.132435,Derived using data on central government tax revenue to GDP from Mitchell and the spliced GDP,4.871727
MEX,Mexico,1934,.1585635,2.965235,Derived using data on central government tax revenue to GDP from Mitchell and the spliced GDP,5.347417
MEX,Mexico,1935,.1872689,3.201683,Derived using data on central government tax revenue to GDP from Mitchell and the spliced GDP,5.849079
MEX,Mexico,1936,.2118736,3.076618,Derived using data on central government tax revenue to GDP from Mitchell and the spliced GDP,6.886577
MEX,Mexico,1937,.2829538,3.229833,Derived using data on central government tax revenue to GDP from Mitchell and the spliced GDP,8.760633
MEX,Mexico,1938,.2665507,2.841737,Derived using data on central government tax revenue to GDP from Mitchell and the spliced GDP,9.37985
MEX,Mexico,1939,.3608686,3.598201,Derived using data on central government tax revenue to GDP from Mitchell and the spliced GDP,10.02914
MEX,Mexico,1940,.3595017,3.383072,Derived using data on central government tax revenue to GDP from Mitchell and the spliced GDP,10.62649
MEX,Mexico,1941,.4579204,3.850132,Derived using data on central government tax revenue to GDP from Mitchell and the spliced GDP,11.89363
MEX,Mexico,1942,.4770574,3.467117,Derived using data on central government tax revenue to GDP from Mitchell and the spliced GDP,13.75948
MEX,Mexico,1943,.8092206,4.818885,Derived using data on central government tax revenue to GDP from Mitchell and the spliced GDP,16.79269
MEX,Mexico,1944,.9705179,4.006998,Derived using data on central government tax revenue to GDP from Mitchell and the spliced GDP,24.22057
MEX,Mexico,1945,1.03203,3.895367,Derived using data on central government tax revenue to GDP from Mitchell and the spliced GDP,26.49377
MEX,Mexico,1946,1.301314,3.616746,Derived using data on central government tax revenue to GDP from Mitchell and the spliced GDP,35.98024
MEX,Mexico,1947,1.504986,3.765776,Derived using data on central government tax revenue to GDP from Mitchell and the spliced GDP,39.96484
MEX,Mexico,1948,1.602038,3.756892,Derived using data on central government tax revenue to GDP from Mitchell and the spliced GDP,42.64264
MEX,Mexico,1949,2.228091,4.749971,Derived using data on central government tax revenue to GDP from Mitchell and the spliced GDP,46.90746
MEX,Mexico,1950,2.603995,4.635036,Derived using data on central government tax revenue to GDP from Mitchell and the spliced GDP,56.18069
MEX,Mexico,1951,3.85918,5.292453,Derived using data on central government tax revenue to GDP from Mitchell and the spliced GDP,72.91856
MEX,Mexico,1952,4.287775,5.231029,Derived using data on central government tax revenue to GDP from Mitchell and the spliced GDP,81.96811
MEX,Mexico,1953,3.589468,4.409168,Derived using data on central government tax revenue to GDP from Mitchell and the spliced GDP,81.40919
MEX,Mexico,1954,4.490531,4.526316,Derived using data on central government tax revenue to GDP from Mitchell and the spliced GDP,99.20942
MEX,Mexico,1955,6.571343,5.419501,Derived using data on central government tax revenue to GDP from Mitchell and the spliced GDP,121.2536
MEX,Mexico,1956,7.28207,5.242574,Derived using data on central government tax revenue to GDP from Mitchell and the spliced GDP,138.9026
MEX,Mexico,1957,7.128218,4.445218,Derived using data on central government tax revenue to GDP from Mitchell and the spliced GDP,160.357
MEX,Mexico,1958,8.089521,4.516279,Derived using data on central government tax revenue to GDP from Mitchell and the spliced GDP,179.1192
MEX,Mexico,1959,8.588071,4.465942,Derived using data on central government tax revenue to GDP from Mitchell and the spliced GDP,192.3015
MEX,Mexico,1960,9.74651,4.455128,Derived using data on central government tax revenue to GDP from Mitchell and the spliced GDP,218.7706
MEX,Mexico,1961,10.25175,4.31988,Derived using data on central government tax revenue to GDP from Mitchell and the spliced GDP,237.3155
MEX,Mexico,1962,11.201,4.377778,Derived using data on central government tax revenue to GDP from Mitchell and the spliced GDP,255.8605
MEX,Mexico,1963,12.26323,4.305129,Derived using data on central government tax revenue to GDP from Mitchell and the spliced GDP,284.8517
MEX,Mexico,1964,16.27113,4.838461,Derived using data on central government tax revenue to GDP from Mitchell and the spliced GDP,336.2872
MEX,Mexico,1965,15.40877,4.206349,Derived using data on central government tax revenue to GDP from Mitchell and the spliced GDP,366.3217
MEX,Mexico,1966,19.41821,4.770318,Derived using data on central government tax revenue to GDP from Mitchell and the spliced GDP,407.0632
MEX,Mexico,1967,23.28029,5.228758,Derived using data on central government tax revenue to GDP from Mitchell and the spliced GDP,445.2356
MEX,Mexico,1968,27.33716,5.545722,Derived using data on central government tax revenue to GDP from Mitchell and the spliced GDP,492.9413
MEX,Mexico,1969,30.95023,5.68,Derived using data on central government tax revenue to GDP from Mitchell and the spliced GDP,544.8985
MEX,Mexico,1970,34.0313,5.27027,Derived using data on central government tax revenue to GDP from Mitchell and the spliced GDP,645.722
MEX,Mexico,1971,37.4999,5.265306,Derived using data on central government tax revenue to GDP from Mitchell and the spliced GDP,712.2075
MEX,Mexico,1972,41.40337,5.044248,Derived using data on central government tax revenue to GDP from Mitchell and the spliced GDP,820.8037
MEX,Mexico,1973,50.13763,4.992764,Derived using data on central government tax revenue to GDP from Mitchell and the spliced GDP,1004.206
MEX,Mexico,1974,66.83702,5.111111,Derived using data on central government tax revenue to GDP from Mitchell and the spliced GDP,1307.681
MEX,Mexico,1975,90.11816,5.636364,Derived using data on central government tax revenue to GDP from Mitchell and the spliced GDP,1598.871
MEX,Mexico,1976,117.7251,5.908096,Derived using data on central government tax revenue to GDP from Mitchell and the spliced GDP,1992.605
MEX,Mexico,1977,172.9857,6.435911,Derived using data on central government tax revenue to GDP from Mitchell and the spliced GDP,2687.82
MEX,Mexico,1978,242.7682,7.145914,Derived using data on central government tax revenue to GDP from Mitchell and the spliced GDP,3397.302
MEX,Mexico,1979,324.0686,7.268579,Derived using data on central government tax revenue to GDP from Mitchell and the spliced GDP,4458.486
MEX,Mexico,1980,632.3234,10.17306,Derived using data on central government tax revenue to GDP from Mitchell and the spliced GDP,6215.667
MEX,Mexico,1981,855.7527,10.04426,Derived using data on central government tax revenue to GDP from Mitchell and the spliced GDP,8519.815
MEX,Mexico,1982,1407.514,10.23681,Derived using data on central government tax revenue to GDP from Mitchell and the spliced GDP,13749.54
MEX,Mexico,1983,1350.015,5.448606,Derived using data on central government tax revenue to GDP from Mitchell and the spliced GDP,24777.26
MEX,Mexico,1984,1845.652,4.518418,Derived using data on central government tax revenue to GDP from Mitchell and the spliced GDP,40847.3
MEX,Mexico,1985,3087.999,4.658228,Derived using data on central government tax revenue to GDP from Mitchell and the spliced GDP,66291.28
MEX,Mexico,1986,5489.142,5.038994,Derived using data on central government tax revenue to GDP from Mitchell and the spliced GDP,108933.3
MEX,Mexico,1987,13168.57,4.887114,Derived using data on central government tax revenue to GDP from Mitchell and the spliced GDP,269454.9
MEX,Mexico,1988,31065.68,5.717179,Derived using data on central government tax revenue to GDP from Mitchell and the spliced GDP,543374.3
MEX,Mexico,1989,42760.9,5.96811,Derived using data on central government tax revenue to GDP from Mitchell and the spliced GDP,716489.8
MEX,Mexico,1990,58663.17,6.073761,Derived using data on central government tax revenue to GDP from Mitchell and the spliced GDP,965845.8
MEX,Mexico,1991,122276.9,9.847129,Derived using data on central government tax revenue to GDP from IMF_GFS and the spliced GDP,1241752
MEX,Mexico,1992,145588.7,9.853874,Derived using data on central government tax revenue to GDP from IMF_GFS and the spliced GDP,1477477
MEX,Mexico,1993,141510,8.567132,Derived using data on central government tax revenue to GDP from IMF_GFS and the spliced GDP,1651778
MEX,Mexico,1994,151277,8.096059,Derived using data on central government tax revenue to GDP from IMF_GFS and the spliced GDP,1868526
MEX,Mexico,1995,196003,8.031618,Derived using data on central government tax revenue to GDP from IMF_GFS and the spliced GDP,2440392
MEX,Mexico,1996,273058,8.314389,Derived using data on central government tax revenue to GDP from IMF_GFS and the spliced GDP,3284162
MEX,Mexico,1997,356141,8.59224,Derived using data on central government tax revenue to GDP from IMF_GFS and the spliced GDP,4144914
MEX,Mexico,1998,392295,7.702649,Derived using data on central government tax revenue to GDP from IMF_GFS and the spliced GDP,5092988
MEX,Mexico,1999,493975,8.185177,Derived using data on central government tax revenue to GDP from IMF_GFS and the spliced GDP,6034995
MEX,Mexico,2000,640777,9.132296,Derived using data on central government tax revenue to GDP from IMF_GFS and the spliced GDP,7016604
MEX,Mexico,2001,,,Derived using data on central government tax revenue to GDP from IMF_GFS and the spliced GDP,7437108
MEX,Mexico,2002,,,Derived using data on central government tax revenue to GDP from IMF_GFS and the spliced GDP,7827758
MEX,Mexico,2003,,,Derived using data on central government tax revenue to GDP from IMF_GFS and the spliced GDP,8259533
MEX,Mexico,2004,,,Derived using data on central government tax revenue to GDP from IMF_GFS and the spliced GDP,9248390
MEX,Mexico,2005,,,Derived using data on central government tax revenue to GDP from IMF_GFS and the spliced GDP,9999599
MEX,Mexico,2006,,,Derived using data on central government tax revenue to GDP from IMF_GFS and the spliced GDP,1.11e+07
MEX,Mexico,2007,,,Derived using data on central government tax revenue to GDP from IMF_GFS and the spliced GDP,1.20e+07
MEX,Mexico,2008,1238321,9.578772,Derived using data on central government tax revenue to GDP from IMF_GFS and the spliced GDP,1.29e+07
MEX,Mexico,2009,1177331,9.234605,Derived using data on central government tax revenue to GDP from IMF_GFS and the spliced GDP,1.27e+07
MEX,Mexico,2010,1351463,9.675318,Derived using data on central government tax revenue to GDP from IMF_GFS and the spliced GDP,1.40e+07
MEX,Mexico,2011,1468377,9.617072,Derived using data on central government tax revenue to GDP from IMF_GFS and the spliced GDP,1.53e+07
MEX,Mexico,2012,1545872,9.352411,Derived using data on central government tax revenue to GDP from IMF_GFS and the spliced GDP,1.65e+07
MEX,Mexico,2013,1675668,9.88361,Derived using data on central government tax revenue to GDP from IMF_GFS and the spliced GDP,1.70e+07
MEX,Mexico,2014,1857813,10.24286,Derived using data on central government tax revenue to GDP from IMF_GFS and the spliced GDP,1.81e+07
MEX,Mexico,2015,2373960,12.34598,Derived using data on central government tax revenue to GDP from IMF_GFS and the spliced GDP,1.92e+07
MEX,Mexico,2016,2724339,13.12379,Derived using data on central government tax revenue to GDP from IMF_GFS and the spliced GDP,2.08e+07
MEX,Mexico,2017,2859266,12.68743,Derived using data on central government tax revenue to GDP from IMF_GFS and the spliced GDP,2.25e+07
MEX,Mexico,2018,3073376,12.71216,Derived using data on central government tax revenue to GDP from IMF_GFS and the spliced GDP,2.42e+07
MEX,Mexico,2019,3209823,12.77703,Derived using data on central government tax revenue to GDP from IMF_GFS and the spliced GDP,2.51e+07
MEX,Mexico,2020,3348154,13.90039,Derived using data on central government tax revenue to GDP from IMF_GFS and the spliced GDP,2.41e+07
MEX,Mexico,2021,3589011,13.44701,Derived using data on central government tax revenue to GDP from IMF_GFS and the spliced GDP,2.67e+07
MEX,Mexico,2022,3960306,13.43718,Derived using data on central government tax revenue to GDP from IMF_GFS and the spliced GDP,2.95e+07
MEX,Mexico,2023,4533580,14.26894,Derived using data on central government tax revenue to GDP from IMF_GFS and the spliced GDP,3.18e+07
MHL,Marshall Islands,2008,27.24163,18.6626,Derived using data on central government tax revenue to GDP from IMF_GFS and the spliced GDP,145.9691
MHL,Marshall Islands,2009,27.96932,18.56886,Derived using data on central government tax revenue to GDP from IMF_GFS and the spliced GDP,150.6249
MHL,Marshall Islands,2010,28.5346,17.79869,Derived using data on central government tax revenue to GDP from IMF_GFS and the spliced GDP,160.3185
MHL,Marshall Islands,2011,29.2204,17.03147,Derived using data on central government tax revenue to GDP from IMF_GFS and the spliced GDP,171.5671
MHL,Marshall Islands,2012,29.49458,16.39902,Derived using data on central government tax revenue to GDP from IMF_GFS and the spliced GDP,179.8558
MHL,Marshall Islands,2013,30.84777,16.6324,Derived using data on central government tax revenue to GDP from IMF_GFS and the spliced GDP,185.468
MHL,Marshall Islands,2014,29.99277,16.19717,Derived using data on central government tax revenue to GDP from IMF_GFS and the spliced GDP,185.1729
MHL,Marshall Islands,2015,31.75423,17.35229,Derived using data on central government tax revenue to GDP from IMF_GFS and the spliced GDP,182.9973
MHL,Marshall Islands,2016,34.9034,17.38945,Derived using data on central government tax revenue to GDP from IMF_GFS and the spliced GDP,200.716
MHL,Marshall Islands,2017,37.80504,17.77377,Derived using data on central government tax revenue to GDP from IMF_GFS and the spliced GDP,212.7012
MHL,Marshall Islands,2018,39.02288,17.79183,Derived using data on central government tax revenue to GDP from IMF_GFS and the spliced GDP,219.3303
MKD,Macedonia,2005,56172.45,18.21137,Derived using data on central government tax revenue to GDP from IMF_GFS and the spliced GDP,308447.2
MKD,Macedonia,2006,59886.56,17.88512,Derived using data on central government tax revenue to GDP from IMF_GFS and the spliced GDP,334840.1
MKD,Macedonia,2007,70446.94,18.89219,Derived using data on central government tax revenue to GDP from IMF_GFS and the spliced GDP,372889.2
MKD,Macedonia,2008,,,Derived using data on central government tax revenue to GDP from IMF_GFS and the spliced GDP,414890.1
MKD,Macedonia,2009,,,Derived using data on central government tax revenue to GDP from IMF_GFS and the spliced GDP,414621.9
MKD,Macedonia,2010,,,Derived using data on central government tax revenue to GDP from IMF_GFS and the spliced GDP,437295.5
MKD,Macedonia,2011,,,Derived using data on central government tax revenue to GDP from IMF_GFS and the spliced GDP,464186.3
MKD,Macedonia,2012,,,Derived using data on central government tax revenue to GDP from IMF_GFS and the spliced GDP,466702.7
MKD,Macedonia,2013,77737.16,15.48885,Derived using data on central government tax revenue to GDP from IMF_GFS and the spliced GDP,501891
MKD,Macedonia,2014,84747.19,16.06183,Derived using data on central government tax revenue to GDP from IMF_GFS and the spliced GDP,527631
MKD,Macedonia,2015,92955.62,16.63029,Derived using data on central government tax revenue to GDP from IMF_GFS and the spliced GDP,558953.6
MKD,Macedonia,2016,99704.07,16.76277,Derived using data on central government tax revenue to GDP from IMF_GFS and the spliced GDP,594794.9
MKD,Macedonia,2017,104880.7,16.9681,Derived using data on central government tax revenue to GDP from IMF_GFS and the spliced GDP,618105.5
MKD,Macedonia,2018,114760.8,17.36489,Derived using data on central government tax revenue to GDP from IMF_GFS and the spliced GDP,660878.2
MKD,Macedonia,2019,116922.2,16.87962,Derived using data on central government tax revenue to GDP from IMF_GFS and the spliced GDP,692682.9
MKD,Macedonia,2020,106545.9,15.91948,Derived using data on central government tax revenue to GDP from IMF_GFS and the spliced GDP,669280.2
MKD,Macedonia,2021,125367.2,17.18666,Derived using data on central government tax revenue to GDP from IMF_GFS and the spliced GDP,729444.5
MKD,Macedonia,2022,145161.8,17.7876,Derived using data on central government tax revenue to GDP from IMF_GFS and the spliced GDP,816083.8
MKD,Macedonia,2023,170560.4,18.89017,Derived using data on central government tax revenue to GDP from IMF_GFS and the spliced GDP,902905.2
MLI,Mali,1967,4133.511,5.897772,Derived using data on central government tax revenue to GDP from BCEAO and the spliced GDP,70085.98
MLI,Mali,1968,6062.483,7.904191,Derived using data on central government tax revenue to GDP from BCEAO and the spliced GDP,76699.6
MLI,Mali,1969,5878.771,6.801275,Derived using data on central government tax revenue to GDP from BCEAO and the spliced GDP,86436.31
MLI,Mali,1970,8910.014,10.06224,Derived using data on central government tax revenue to GDP from BCEAO and the spliced GDP,88549
MLI,Mali,1971,10226.14,10.55276,Derived using data on central government tax revenue to GDP from BCEAO and the spliced GDP,96904.87
MLI,Mali,1972,8880.534,8.131868,Derived using data on central government tax revenue to GDP from BCEAO and the spliced GDP,109206.6
MLI,Mali,1973,9038.972,8.079471,Derived using data on central government tax revenue to GDP from BCEAO and the spliced GDP,111875.8
MLI,Mali,1974,7448.198,6.568974,Derived using data on central government tax revenue to GDP from BCEAO and the spliced GDP,113384.5
MLI,Mali,1975,9228.93,6.140765,Derived using data on central government tax revenue to GDP from BCEAO and the spliced GDP,150289.6
MLI,Mali,1976,13336.82,6.72043,Derived using data on central government tax revenue to GDP from BCEAO and the spliced GDP,198451.9
MLI,Mali,1977,15407.31,6.488764,Derived using data on central government tax revenue to GDP from BCEAO and the spliced GDP,237445.9
MLI,Mali,1978,16690.77,6.603275,Derived using data on central government tax revenue to GDP from BCEAO and the spliced GDP,252765
MLI,Mali,1979,19482.19,6.466569,Derived using data on central government tax revenue to GDP from BCEAO and the spliced GDP,301275.5
MLI,Mali,1980,21878.52,6.271478,Derived using data on central government tax revenue to GDP from BCEAO and the spliced GDP,348857.5
MLI,Mali,1981,27542.48,6.655386,Derived using data on central government tax revenue to GDP from BCEAO and the spliced GDP,413837.5
MLI,Mali,1982,29956.42,6.819006,Derived using data on central government tax revenue to GDP from BCEAO and the spliced GDP,439307.8
MLI,Mali,1983,31351.2,7.002897,Derived using data on central government tax revenue to GDP from BCEAO and the spliced GDP,447689
MLI,Mali,1984,36152.22,7.165848,Derived using data on central government tax revenue to GDP from BCEAO and the spliced GDP,504507.3
MLI,Mali,1985,48263.54,8.523758,Derived using data on central government tax revenue to GDP from BCEAO and the spliced GDP,566223.7
MLI,Mali,1986,68146.47,10.70029,Derived using data on central government tax revenue to GDP from BCEAO and the spliced GDP,636865.6
MLI,Mali,1987,62803.76,9.605286,Derived using data on central government tax revenue to GDP from BCEAO and the spliced GDP,653845.8
MLI,Mali,1988,57439.65,8.569478,Derived using data on central government tax revenue to GDP from BCEAO and the spliced GDP,670281.8
MLI,Mali,1989,65304.84,9.071174,Derived using data on central government tax revenue to GDP from BCEAO and the spliced GDP,719916.1
MLI,Mali,1990,59998.68,8.06701,Derived using data on central government tax revenue to GDP from BCEAO and the spliced GDP,743753.7
MLI,Mali,1991,75003.49,8.839128,Derived using data on central government tax revenue to GDP from BCEAO and the spliced GDP,848539.6
MLI,Mali,1992,71097.54,8.677928,Derived using data on central government tax revenue to GDP from BCEAO and the spliced GDP,819291.6
MLI,Mali,1993,82993.5,9.594003,Derived using data on central government tax revenue to GDP from BCEAO and the spliced GDP,865056.1
MLI,Mali,1994,103200.6,8.322648,Derived using data on central government tax revenue to GDP from BCEAO and the spliced GDP,1239997
MLI,Mali,1995,130725.2,9.231763,Derived using data on central government tax revenue to GDP from BCEAO and the spliced GDP,1416037
MLI,Mali,1996,172795.5,10.73119,Derived using data on central government tax revenue to GDP from BCEAO and the spliced GDP,1610218
MLI,Mali,1997,196305.7,11.71129,Derived using data on central government tax revenue to GDP from BCEAO and the spliced GDP,1676209
MLI,Mali,1998,223001.6,11.54173,Derived using data on central government tax revenue to GDP from BCEAO and the spliced GDP,1932134
MLI,Mali,1999,235300.5,11.11127,Derived using data on central government tax revenue to GDP from BCEAO and the spliced GDP,2117674
MLI,Mali,2000,233300,11.09225,Derived using data on central government tax revenue to GDP from BCEAO and the spliced GDP,2103270
MLI,Mali,2001,281600.3,11.08574,Derived using data on central government tax revenue to GDP from BCEAO and the spliced GDP,2540203
MLI,Mali,2002,306000.6,11.28689,Derived using data on central government tax revenue to GDP from BCEAO and the spliced GDP,2711116
MLI,Mali,2003,361799.8,13.23491,Derived using data on central government tax revenue to GDP from BCEAO and the spliced GDP,2733678
MLI,Mali,2004,389999.1,13.55937,Derived using data on central government tax revenue to GDP from BCEAO and the spliced GDP,2876233
MLI,Mali,2005,445099.3,13.5122,Derived using data on central government tax revenue to GDP from BCEAO and the spliced GDP,3294055
MLI,Mali,2006,478599.6,13.26556,Derived using data on central government tax revenue to GDP from BCEAO and the spliced GDP,3607837
MLI,Mali,2007,487200.1,12.47964,Derived using data on central government tax revenue to GDP from BCEAO and the spliced GDP,3903961
MLI,Mali,2008,519400,11.89519,Derived using data on central government tax revenue to GDP from BCEAO and the spliced GDP,4366470
MLI,Mali,2009,624299.9,12.98639,Derived using data on central government tax revenue to GDP from BCEAO and the spliced GDP,4807339
MLI,Mali,2010,681899.9,12.89294,Derived using data on central government tax revenue to GDP from BCEAO and the spliced GDP,5288939
MLI,Mali,2011,726699.9,11.86656,Derived using data on central government tax revenue to GDP from BCEAO and the spliced GDP,6123929
MLI,Mali,2012,758700,11.94359,Derived using data on central government tax revenue to GDP from BCEAO and the spliced GDP,6352360
MLI,Mali,2013,804500,12.30017,Derived using data on central government tax revenue to GDP from BCEAO and the spliced GDP,6540560
MLI,Mali,2014,754896.1,10.64314,Derived using data on central government tax revenue to GDP from BCEAO and the spliced GDP,7092793
MLI,Mali,2015,910331.4,11.74971,Derived using data on central government tax revenue to GDP from BCEAO and the spliced GDP,7747690
MLI,Mali,2016,1038141,12.4898,Derived using data on central government tax revenue to GDP from BCEAO and the spliced GDP,8311915
MLI,Mali,2017,1136121,12.73363,Derived using data on central government tax revenue to GDP from BCEAO and the spliced GDP,8922205
MLI,Mali,2018,943552.1,9.951032,Derived using data on central government tax revenue to GDP from BCEAO and the spliced GDP,9481953
MLI,Mali,2019,1262000,12.46458,Derived using data on central government tax revenue to GDP from BCEAO and the spliced GDP,1.01e+07
MLI,Mali,2020,1217094,12.10697,Derived using data on central government tax revenue to GDP from BCEAO and the spliced GDP,1.01e+07
MLI,Mali,2021,1377903,12.86835,Derived using data on central government tax revenue to GDP from BCEAO and the spliced GDP,1.07e+07
MLI,Mali,2022,1335204,11.39797,Derived using data on central government tax revenue to GDP from BCEAO and the spliced GDP,1.17e+07
MLI,Mali,2023,1595858,12.73343,Derived using data on central government tax revenue to GDP from BCEAO and the spliced GDP,1.25e+07
MLI,Mali,2024,1832254,13.6742,Derived using data on central government tax revenue to GDP from BCEAO and the spliced GDP,1.34e+07
MLT,Malta,1995,838.915,27.5,Derived using data on central government tax revenue to GDP from EUS and the spliced GDP,3050.6
MLT,Malta,1996,818.4225,25.5,Derived using data on central government tax revenue to GDP from EUS and the spliced GDP,3209.5
MLT,Malta,1997,943.1296,27.7,Derived using data on central government tax revenue to GDP from EUS and the spliced GDP,3404.8
MLT,Malta,1998,925.293,25.5,Derived using data on central government tax revenue to GDP from EUS and the spliced GDP,3628.6
MLT,Malta,1999,1062.155,27.8,Derived using data on central government tax revenue to GDP from EUS and the spliced GDP,3820.7
MLT,Malta,2000,1170.08,28.4,Derived using data on central government tax revenue to GDP from EUS and the spliced GDP,4120
MLT,Malta,2001,1280.28,30,Derived using data on central government tax revenue to GDP from EUS and the spliced GDP,4267.6
MLT,Malta,2002,1386,30.8,Derived using data on central government tax revenue to GDP from EUS and the spliced GDP,4500
MLT,Malta,2003,1466.45,30.8,Derived using data on central government tax revenue to GDP from EUS and the spliced GDP,4761.2
MLT,Malta,2004,1514.316,30.9,Derived using data on central government tax revenue to GDP from EUS and the spliced GDP,4900.7
MLT,Malta,2005,1681.074,32.7,Derived using data on central government tax revenue to GDP from EUS and the spliced GDP,5140.9
MLT,Malta,2006,1780.979,33.1,Derived using data on central government tax revenue to GDP from EUS and the spliced GDP,5380.6
MLT,Malta,2007,1953.032,33.8,Derived using data on central government tax revenue to GDP from EUS and the spliced GDP,5778.2
MLT,Malta,2008,2033.099,32.6,Derived using data on central government tax revenue to GDP from EUS and the spliced GDP,6236.5
MLT,Malta,2009,2062.333,32.8,Derived using data on central government tax revenue to GDP from EUS and the spliced GDP,6287.6
MLT,Malta,2010,2182.116,31.8,Derived using data on central government tax revenue to GDP from EUS and the spliced GDP,6862
MLT,Malta,2011,2271.594,32.3,Derived using data on central government tax revenue to GDP from EUS and the spliced GDP,7032.8
MLT,Malta,2012,2393.44,32,Derived using data on central government tax revenue to GDP from EUS and the spliced GDP,7479.5
MLT,Malta,2013,2568.89,31.6,Derived using data on central government tax revenue to GDP from EUS and the spliced GDP,8129.4
MLT,Malta,2014,2845.623,31.8,Derived using data on central government tax revenue to GDP from EUS and the spliced GDP,8948.5
MLT,Malta,2015,3086.863,30.2,Derived using data on central government tax revenue to GDP from EUS and the spliced GDP,10221.4
MLT,Malta,2016,3487.44,32.1,Derived using data on central government tax revenue to GDP from EUS and the spliced GDP,10864.3
MLT,Malta,2017,3961.281,31.6,Derived using data on central government tax revenue to GDP from EUS and the spliced GDP,12535.7
MLT,Malta,2018,4240.366,31,Derived using data on central government tax revenue to GDP from EUS and the spliced GDP,13678.6
MLT,Malta,2019,4465.825,30.6,Derived using data on central government tax revenue to GDP from EUS and the spliced GDP,14594.2
MLT,Malta,2020,4064.559,28.3,Derived using data on central government tax revenue to GDP from EUS and the spliced GDP,14362.4
MLT,Malta,2021,4653.775,27.9,Derived using data on central government tax revenue to GDP from EUS and the spliced GDP,16680.2
MLT,Malta,2022,5125.753,28.5,Derived using data on central government tax revenue to GDP from EUS and the spliced GDP,17985.1
MLT,Malta,2023,5565.625,26.6,Derived using data on central government tax revenue to GDP from EUS and the spliced GDP,20923.4
MLT,Malta,2024,6752.5,29.2,Derived using data on central government tax revenue to GDP from EUS and the spliced GDP,23125
MMR,Myanmar,2012,2436703,4.753684,Derived using data on central government tax revenue to GDP from IMF_GFS and the spliced GDP,5.13e+07
MMR,Myanmar,2013,3406017,5.871266,Derived using data on central government tax revenue to GDP from IMF_GFS and the spliced GDP,5.80e+07
MMR,Myanmar,2014,4032560,6.179043,Derived using data on central government tax revenue to GDP from IMF_GFS and the spliced GDP,6.53e+07
MMR,Myanmar,2015,4603095,6.330408,Derived using data on central government tax revenue to GDP from IMF_GFS and the spliced GDP,7.27e+07
MMR,Myanmar,2016,6045334,7.705196,Derived using data on central government tax revenue to GDP from IMF_GFS and the spliced GDP,7.85e+07
MMR,Myanmar,2017,5774473,6.581009,Derived using data on central government tax revenue to GDP from IMF_GFS and the spliced GDP,8.77e+07
MMR,Myanmar,2018,2949409,2.978487,Derived using data on central government tax revenue to GDP from IMF_GFS and the spliced GDP,9.90e+07
MMR,Myanmar,2019,7036225,6.454416,Derived using data on central government tax revenue to GDP from IMF_GFS and the spliced GDP,1.09e+08
MNG,Mongolia,1992,9428.036,11.08137,Derived using data on central government tax revenue to GDP from IMF_GFS and the spliced GDP,85080.09
MNG,Mongolia,1993,52376.16,17.51733,Derived using data on central government tax revenue to GDP from IMF_GFS and the spliced GDP,298996.3
MNG,Mongolia,1994,57700.71,11.32416,Derived using data on central government tax revenue to GDP from IMF_GFS and the spliced GDP,509536.2
MNG,Mongolia,1995,75460.97,9.773956,Derived using data on central government tax revenue to GDP from IMF_GFS and the spliced GDP,772061.7
MNG,Mongolia,1996,86483.38,9.602347,Derived using data on central government tax revenue to GDP from IMF_GFS and the spliced GDP,900648.3
MNG,Mongolia,1997,122624.5,10.57243,Derived using data on central government tax revenue to GDP from IMF_GFS and the spliced GDP,1159851
MNG,Mongolia,1998,95173.34,8.358672,Derived using data on central government tax revenue to GDP from IMF_GFS and the spliced GDP,1138618
MNG,Mongolia,1999,126396.5,9.805818,Derived using data on central government tax revenue to GDP from IMF_GFS and the spliced GDP,1288995
MNG,Mongolia,2000,197426.2,13.91016,Derived using data on central government tax revenue to GDP from IMF_GFS and the spliced GDP,1419295
MNG,Mongolia,2001,236627.9,14.66206,Derived using data on central government tax revenue to GDP from IMF_GFS and the spliced GDP,1613879
MNG,Mongolia,2002,240369.1,13.36924,Derived using data on central government tax revenue to GDP from IMF_GFS and the spliced GDP,1797926
MNG,Mongolia,2003,382565.6,18.03875,Derived using data on central government tax revenue to GDP from IMF_GFS and the spliced GDP,2120799
MNG,Mongolia,2004,,,Derived using data on central government tax revenue to GDP from IMF_GFS and the spliced GDP,2737756
MNG,Mongolia,2005,,,Derived using data on central government tax revenue to GDP from IMF_GFS and the spliced GDP,3526503
MNG,Mongolia,2006,1340739,28.70998,Derived using data on central government tax revenue to GDP from IMF_GFS and the spliced GDP,4669940
MNG,Mongolia,2007,1349399,23.47918,Derived using data on central government tax revenue to GDP from IMF_GFS and the spliced GDP,5747216
MNG,Mongolia,2008,1645788,21.65182,Derived using data on central government tax revenue to GDP from IMF_GFS and the spliced GDP,7601157
MNG,Mongolia,2009,1263980,16.54029,Derived using data on central government tax revenue to GDP from IMF_GFS and the spliced GDP,7641820
MNG,Mongolia,2010,1911620,19.59312,Derived using data on central government tax revenue to GDP from IMF_GFS and the spliced GDP,9756590
MNG,Mongolia,2011,2432805,18.46699,Derived using data on central government tax revenue to GDP from IMF_GFS and the spliced GDP,1.32e+07
MNG,Mongolia,2012,2555352,15.31214,Derived using data on central government tax revenue to GDP from IMF_GFS and the spliced GDP,1.67e+07
MNG,Mongolia,2013,3016333,15.73121,Derived using data on central government tax revenue to GDP from IMF_GFS and the spliced GDP,1.92e+07
MNG,Mongolia,2014,2867659,12.90163,Derived using data on central government tax revenue to GDP from IMF_GFS and the spliced GDP,2.22e+07
MNG,Mongolia,2015,2723139,11.89414,Derived using data on central government tax revenue to GDP from IMF_GFS and the spliced GDP,2.29e+07
MNG,Mongolia,2016,2716440,11.35099,Derived using data on central government tax revenue to GDP from IMF_GFS and the spliced GDP,2.39e+07
MNG,Mongolia,2017,3794584,13.54691,Derived using data on central government tax revenue to GDP from IMF_GFS and the spliced GDP,2.80e+07
MNG,Mongolia,2018,5437557,16.68853,Derived using data on central government tax revenue to GDP from IMF_GFS and the spliced GDP,3.26e+07
MNG,Mongolia,2019,6376103,16.85052,Derived using data on central government tax revenue to GDP from IMF_GFS and the spliced GDP,3.78e+07
MNG,Mongolia,2020,5298064,14.14579,Derived using data on central government tax revenue to GDP from IMF_GFS and the spliced GDP,3.75e+07
MNG,Mongolia,2021,7364734,16.90885,Derived using data on central government tax revenue to GDP from IMF_GFS and the spliced GDP,4.36e+07
MNG,Mongolia,2022,8494691,15.77429,Derived using data on central government tax revenue to GDP from IMF_GFS and the spliced GDP,5.39e+07
MNG,Mongolia,2023,9845562,14.29551,Derived using data on central government tax revenue to GDP from IMF_GFS and the spliced GDP,6.89e+07
MRT,Mauritania,1990,2278.107,12.34864,Derived using data on central government tax revenue to GDP from AFRISTAT and the spliced GDP,18448.24
MRT,Mauritania,1991,1725.104,8.578918,Derived using data on central government tax revenue to GDP from AFRISTAT and the spliced GDP,20108.64
MRT,Mauritania,1992,1952.951,9.025661,Derived using data on central government tax revenue to GDP from AFRISTAT and the spliced GDP,21637.76
MRT,Mauritania,1993,2529.489,9.85791,Derived using data on central government tax revenue to GDP from AFRISTAT and the spliced GDP,25659.49
MRT,Mauritania,1994,2661.763,9.56985,Derived using data on central government tax revenue to GDP from AFRISTAT and the spliced GDP,27814.05
MRT,Mauritania,1995,2606.896,8.473333,Derived using data on central government tax revenue to GDP from AFRISTAT and the spliced GDP,30765.89
MRT,Mauritania,1996,2924.741,8.886806,Derived using data on central government tax revenue to GDP from AFRISTAT and the spliced GDP,32911.05
MRT,Mauritania,1997,2924.747,8.263423,Derived using data on central government tax revenue to GDP from AFRISTAT and the spliced GDP,35393.89
MRT,Mauritania,1998,,,Derived using data on central government tax revenue to GDP from AFRISTAT and the spliced GDP,38304.84
MRT,Mauritania,1999,,,Derived using data on central government tax revenue to GDP from AFRISTAT and the spliced GDP,41607.89
MRT,Mauritania,2000,,,Derived using data on central government tax revenue to GDP from AFRISTAT and the spliced GDP,42516.91
MRT,Mauritania,2001,,,Derived using data on central government tax revenue to GDP from AFRISTAT and the spliced GDP,44634.48
MRT,Mauritania,2002,,,Derived using data on central government tax revenue to GDP from AFRISTAT and the spliced GDP,48289.61
MRT,Mauritania,2003,,,Derived using data on central government tax revenue to GDP from AFRISTAT and the spliced GDP,53951.34
MRT,Mauritania,2004,5900,9.412148,Derived using data on central government tax revenue to GDP from AFRISTAT and the spliced GDP,62684.95
MRT,Mauritania,2005,7600,9.746004,Derived using data on central government tax revenue to GDP from AFRISTAT and the spliced GDP,77980.68
MRT,Mauritania,2006,9700,9.213539,Derived using data on central government tax revenue to GDP from AFRISTAT and the spliced GDP,105279.8
MRT,Mauritania,2007,10700,9.520652,Derived using data on central government tax revenue to GDP from AFRISTAT and the spliced GDP,112387.3
MRT,Mauritania,2008,11500,9.272768,Derived using data on central government tax revenue to GDP from AFRISTAT and the spliced GDP,124019.1
MRT,Mauritania,2009,10700,8.650318,Derived using data on central government tax revenue to GDP from AFRISTAT and the spliced GDP,123694.9
MRT,Mauritania,2010,14600,9.401311,Derived using data on central government tax revenue to GDP from AFRISTAT and the spliced GDP,155297.5
MRT,Mauritania,2011,18400,9.675753,Derived using data on central government tax revenue to GDP from AFRISTAT and the spliced GDP,190166.1
MRT,Mauritania,2012,25100,12.57691,Derived using data on central government tax revenue to GDP from AFRISTAT and the spliced GDP,199572.1
MRT,Mauritania,2013,26900,12.38578,Derived using data on central government tax revenue to GDP from AFRISTAT and the spliced GDP,217184.5
MRT,Mauritania,2014,28000,14.02998,Derived using data on central government tax revenue to GDP from AFRISTAT and the spliced GDP,199572.6
MRT,Mauritania,2015,27000,13.48513,Derived using data on central government tax revenue to GDP from AFRISTAT and the spliced GDP,200220.6
MRT,Mauritania,2016,28500,12.64008,Derived using data on central government tax revenue to GDP from AFRISTAT and the spliced GDP,225473.2
MRT,Mauritania,2017,32300,13.26996,Derived using data on central government tax revenue to GDP from AFRISTAT and the spliced GDP,243406.9
MRT,Mauritania,2018,36200,13.57648,Derived using data on central government tax revenue to GDP from AFRISTAT and the spliced GDP,266637.6
MRT,Mauritania,2019,37300,12.87692,Derived using data on central government tax revenue to GDP from AFRISTAT and the spliced GDP,289665.5
MRT,Mauritania,2020,36900,12.01131,Derived using data on central government tax revenue to GDP from AFRISTAT and the spliced GDP,307210.5
MRT,Mauritania,2021,44000,13.22929,Derived using data on central government tax revenue to GDP from AFRISTAT and the spliced GDP,332595.4
MRT,Mauritania,2022,49000,13.8801,Derived using data on central government tax revenue to GDP from AFRISTAT and the spliced GDP,353023.5
MUS,Mauritius,2002,21478.57,14.18094,Derived using data on central government tax revenue to GDP from IMF_GFS and the spliced GDP,151460.8
MUS,Mauritius,2003,25774.26,15.20982,Derived using data on central government tax revenue to GDP from IMF_GFS and the spliced GDP,169458
MUS,Mauritius,2004,28989.64,15.34678,Derived using data on central government tax revenue to GDP from IMF_GFS and the spliced GDP,188897.2
MUS,Mauritius,2005,32588.76,16.307,Derived using data on central government tax revenue to GDP from IMF_GFS and the spliced GDP,199845.2
MUS,Mauritius,2006,35248.51,15.81573,Derived using data on central government tax revenue to GDP from IMF_GFS and the spliced GDP,222870
MUS,Mauritius,2007,38038.64,14.90478,Derived using data on central government tax revenue to GDP from IMF_GFS and the spliced GDP,255211
MUS,Mauritius,2008,47589.25,16.74181,Derived using data on central government tax revenue to GDP from IMF_GFS and the spliced GDP,284254
MUS,Mauritius,2009,52028.58,17.83291,Derived using data on central government tax revenue to GDP from IMF_GFS and the spliced GDP,291756
MUS,Mauritius,2010,54746.62,17.77736,Derived using data on central government tax revenue to GDP from IMF_GFS and the spliced GDP,307957
MUS,Mauritius,2011,58740.51,17.76532,Derived using data on central government tax revenue to GDP from IMF_GFS and the spliced GDP,330647
MUS,Mauritius,2012,64428.43,18.37431,Derived using data on central government tax revenue to GDP from IMF_GFS and the spliced GDP,350644
MUS,Mauritius,2013,68396.7,18.1226,Derived using data on central government tax revenue to GDP from IMF_GFS and the spliced GDP,377411
MUS,Mauritius,2014,72398.9,18.08386,Derived using data on central government tax revenue to GDP from IMF_GFS and the spliced GDP,400351
MUS,Mauritius,2015,,,Derived using data on central government tax revenue to GDP from IMF_GFS and the spliced GDP,420936
MUS,Mauritius,2016,78816,17.60779,Derived using data on central government tax revenue to GDP from IMF_GFS and the spliced GDP,447620
MUS,Mauritius,2017,84796.48,17.93264,Derived using data on central government tax revenue to GDP from IMF_GFS and the spliced GDP,472861
MUS,Mauritius,2018,92038.89,18.40605,Derived using data on central government tax revenue to GDP from IMF_GFS and the spliced GDP,500047
MUS,Mauritius,2019,99387.05,19.40744,Derived using data on central government tax revenue to GDP from IMF_GFS and the spliced GDP,512108
MUS,Mauritius,2020,92944.9,20.70623,Derived using data on central government tax revenue to GDP from IMF_GFS and the spliced GDP,448874
MUS,Mauritius,2021,87451.2,18.26439,Derived using data on central government tax revenue to GDP from IMF_GFS and the spliced GDP,478807
MUS,Mauritius,2022,108815.3,19.0505,Derived using data on central government tax revenue to GDP from IMF_GFS and the spliced GDP,571194
MUS,Mauritius,2023,129727.4,19.90545,Derived using data on central government tax revenue to GDP from IMF_GFS and the spliced GDP,651718
MYS,Malaysia,1996,45324.11,17.86298,Derived using data on central government tax revenue to GDP from IMF_GFS and the spliced GDP,253732
MYS,Malaysia,1997,51305.65,18.20673,Derived using data on central government tax revenue to GDP from IMF_GFS and the spliced GDP,281795
MYS,Malaysia,1998,43716.32,15.43421,Derived using data on central government tax revenue to GDP from IMF_GFS and the spliced GDP,283243
MYS,Malaysia,1999,39095.87,12.99885,Derived using data on central government tax revenue to GDP from IMF_GFS and the spliced GDP,300764
MYS,Malaysia,2000,45013.89,12.63012,Derived using data on central government tax revenue to GDP from IMF_GFS and the spliced GDP,356401
MYS,Malaysia,2001,57814.66,16.39765,Derived using data on central government tax revenue to GDP from IMF_GFS and the spliced GDP,352579
NAM,Namibia,2016,40454.48,25.65156,Derived using data on central government tax revenue to GDP from IMF_GFS and the spliced GDP,157707.7
NAM,Namibia,2017,47221.26,27.52302,Derived using data on central government tax revenue to GDP from IMF_GFS and the spliced GDP,171570
NAM,Namibia,2018,50128.7,27.68516,Derived using data on central government tax revenue to GDP from IMF_GFS and the spliced GDP,181067
NAM,Namibia,2019,52519.95,28.98279,Derived using data on central government tax revenue to GDP from IMF_GFS and the spliced GDP,181210.8
NAM,Namibia,2020,51579.97,29.60231,Derived using data on central government tax revenue to GDP from IMF_GFS and the spliced GDP,174243.1
NAM,Namibia,2021,48764.02,26.60451,Derived using data on central government tax revenue to GDP from IMF_GFS and the spliced GDP,183292.3
NAM,Namibia,2022,51967.78,25.28249,Derived using data on central government tax revenue to GDP from IMF_GFS and the spliced GDP,205548.5
NAM,Namibia,2023,75447.73,33.11568,Derived using data on central government tax revenue to GDP from IMF_GFS and the spliced GDP,227830.8
NER,Niger,1960,5729.539,7.563025,Derived using data on central government tax revenue to GDP from BCEAO and the spliced GDP,75757.24
NER,Niger,1961,5888.693,6.36833,Derived using data on central government tax revenue to GDP from BCEAO and the spliced GDP,92468.4
NER,Niger,1962,6366.154,6.568144,Derived using data on central government tax revenue to GDP from BCEAO and the spliced GDP,96924.7
NER,Niger,1963,8116.847,7.956318,Derived using data on central government tax revenue to GDP from BCEAO and the spliced GDP,102017.6
NER,Niger,1964,9708.385,9.186747,Derived using data on central government tax revenue to GDP from BCEAO and the spliced GDP,105678.2
NER,Niger,1965,10504.16,8.906882,Derived using data on central government tax revenue to GDP from BCEAO and the spliced GDP,117933
NER,Niger,1966,12732.31,8.333333,Derived using data on central government tax revenue to GDP from BCEAO and the spliced GDP,152787.7
NER,Niger,1967,13050.62,8.401639,Derived using data on central government tax revenue to GDP from BCEAO and the spliced GDP,155334.2
NER,Niger,1968,14005.54,9.21466,Derived using data on central government tax revenue to GDP from BCEAO and the spliced GDP,151991.9
NER,Niger,1969,13209.77,8.486708,Derived using data on central government tax revenue to GDP from BCEAO and the spliced GDP,155652.5
NER,Niger,1970,16233.7,10.10902,Derived using data on central government tax revenue to GDP from BCEAO and the spliced GDP,160586.3
NER,Niger,1971,17260.97,10.06843,Derived using data on central government tax revenue to GDP from BCEAO and the spliced GDP,171436.7
NER,Niger,1972,21332.51,10.84221,Derived using data on central government tax revenue to GDP from BCEAO and the spliced GDP,196754.3
NER,Niger,1973,21160.99,11.4094,Derived using data on central government tax revenue to GDP from BCEAO and the spliced GDP,185469.9
NER,Niger,1974,26630.1,11.57685,Derived using data on central government tax revenue to GDP from BCEAO and the spliced GDP,230029
NER,Niger,1975,22700.96,8.702883,Derived using data on central government tax revenue to GDP from BCEAO and the spliced GDP,260844.2
NER,Niger,1976,33274.63,9.667928,Derived using data on central government tax revenue to GDP from BCEAO and the spliced GDP,344175.4
NER,Niger,1977,43695.42,10.45706,Derived using data on central government tax revenue to GDP from BCEAO and the spliced GDP,417855.6
NER,Niger,1978,56141.92,10.80479,Derived using data on central government tax revenue to GDP from BCEAO and the spliced GDP,519602.1
NER,Niger,1979,73950.74,11.53239,Derived using data on central government tax revenue to GDP from BCEAO and the spliced GDP,641244.1
NER,Niger,1980,94327.75,12.15964,Derived using data on central government tax revenue to GDP from BCEAO and the spliced GDP,775744.4
NER,Niger,1981,92728.63,10.65669,Derived using data on central government tax revenue to GDP from BCEAO and the spliced GDP,870144.6
NER,Niger,1982,95327.84,9.938169,Derived using data on central government tax revenue to GDP from BCEAO and the spliced GDP,959209.2
NER,Niger,1983,90557.21,9.109429,Derived using data on central government tax revenue to GDP from BCEAO and the spliced GDP,994104.1
NER,Niger,1984,88395.6,9.570802,Derived using data on central government tax revenue to GDP from BCEAO and the spliced GDP,923596.6
NER,Niger,1985,86224.7,9.210323,Derived using data on central government tax revenue to GDP from BCEAO and the spliced GDP,936174.4
NER,Niger,1986,89507.08,9.590734,Derived using data on central government tax revenue to GDP from BCEAO and the spliced GDP,933266.3
NER,Niger,1987,91609.9,9.777227,Derived using data on central government tax revenue to GDP from BCEAO and the spliced GDP,936972.1
NER,Niger,1988,81665.63,8.460617,Derived using data on central government tax revenue to GDP from BCEAO and the spliced GDP,965244.3
NER,Niger,1989,82472.52,8.54778,Derived using data on central government tax revenue to GDP from BCEAO and the spliced GDP,964841.3
NER,Niger,1990,58782.4,6.01304,Derived using data on central government tax revenue to GDP from BCEAO and the spliced GDP,977582.2
NER,Niger,1991,50239.27,5.22575,Derived using data on central government tax revenue to GDP from BCEAO and the spliced GDP,961379.1
NER,Niger,1992,45111.3,4.813701,Derived using data on central government tax revenue to GDP from BCEAO and the spliced GDP,937143.9
NER,Niger,1993,44773.18,4.864604,Derived using data on central government tax revenue to GDP from BCEAO and the spliced GDP,920386.9
NER,Niger,1994,50386.39,4.514629,Derived using data on central government tax revenue to GDP from BCEAO and the spliced GDP,1116070
NER,Niger,1995,68428.85,5.638022,Derived using data on central government tax revenue to GDP from BCEAO and the spliced GDP,1213703
NER,Niger,1996,76091.66,5.713857,Derived using data on central government tax revenue to GDP from BCEAO and the spliced GDP,1331704
NER,Niger,1997,86950.49,6.214491,Derived using data on central government tax revenue to GDP from BCEAO and the spliced GDP,1399157
NER,Niger,1998,102459.4,6.340886,Derived using data on central government tax revenue to GDP from BCEAO and the spliced GDP,1615852
NER,Niger,1999,107475.1,6.478244,Derived using data on central government tax revenue to GDP from BCEAO and the spliced GDP,1659017
NER,Niger,2000,107419,6.41794,Derived using data on central government tax revenue to GDP from BCEAO and the spliced GDP,1673731
NER,Niger,2001,130355.1,6.946558,Derived using data on central government tax revenue to GDP from BCEAO and the spliced GDP,1876542
NER,Niger,2002,149526.2,7.348943,Derived using data on central government tax revenue to GDP from BCEAO and the spliced GDP,2034662
NER,Niger,2003,153673.1,7.356213,Derived using data on central government tax revenue to GDP from BCEAO and the spliced GDP,2089025
NER,Niger,2004,168148,8.071624,Derived using data on central government tax revenue to GDP from BCEAO and the spliced GDP,2083199
NER,Niger,2005,181300.3,7.495266,Derived using data on central government tax revenue to GDP from BCEAO and the spliced GDP,2418864
NER,Niger,2006,203800.2,7.847607,Derived using data on central government tax revenue to GDP from BCEAO and the spliced GDP,2596972
NER,Niger,2007,233200.1,8.440224,Derived using data on central government tax revenue to GDP from BCEAO and the spliced GDP,2762961
NER,Niger,2008,281299.6,8.661141,Derived using data on central government tax revenue to GDP from BCEAO and the spliced GDP,3247835
NER,Niger,2009,343000.3,10.07733,Derived using data on central government tax revenue to GDP from BCEAO and the spliced GDP,3403683
NER,Niger,2010,361799.8,9.572239,Derived using data on central government tax revenue to GDP from BCEAO and the spliced GDP,3779678
NER,Niger,2011,403900.2,9.952125,Derived using data on central government tax revenue to GDP from BCEAO and the spliced GDP,4058432
NER,Niger,2012,495699.8,10.59222,Derived using data on central government tax revenue to GDP from BCEAO and the spliced GDP,4679848
NER,Niger,2013,577500.6,11.5195,Derived using data on central government tax revenue to GDP from BCEAO and the spliced GDP,5013245
NER,Niger,2014,633400,11.77807,Derived using data on central government tax revenue to GDP from BCEAO and the spliced GDP,5377790
NER,Niger,2015,684705.5,11.95947,Derived using data on central government tax revenue to GDP from BCEAO and the spliced GDP,5725216
NER,Niger,2016,606802.5,9.846813,Derived using data on central government tax revenue to GDP from BCEAO and the spliced GDP,6162425
NER,Niger,2017,619800.8,9.543166,Derived using data on central government tax revenue to GDP from BCEAO and the spliced GDP,6494708
NER,Niger,2018,787702.9,11.07175,Derived using data on central government tax revenue to GDP from BCEAO and the spliced GDP,7114527
NER,Niger,2019,783599.6,10.35426,Derived using data on central government tax revenue to GDP from BCEAO and the spliced GDP,7567897
NER,Niger,2020,760095.7,9.608141,Derived using data on central government tax revenue to GDP from BCEAO and the spliced GDP,7910955
NER,Niger,2021,831296.6,10.05095,Derived using data on central government tax revenue to GDP from BCEAO and the spliced GDP,8270826
NER,Niger,2022,904631.6,9.396802,Derived using data on central government tax revenue to GDP from BCEAO and the spliced GDP,9627015
NER,Niger,2023,827268.1,8.108882,Derived using data on central government tax revenue to GDP from BCEAO and the spliced GDP,1.02e+07
NER,Niger,2024,845405.5,7.112279,Derived using data on central government tax revenue to GDP from BCEAO and the spliced GDP,1.19e+07
NLD,Netherlands,1900,44.41135,5.233853,Derived using data on central government tax revenue to GDP from Mitchell and the spliced GDP,848.5403
NLD,Netherlands,1901,54.06569,6.226516,Derived using data on central government tax revenue to GDP from Mitchell and the spliced GDP,868.3136
NLD,Netherlands,1902,57.37286,6.470279,Derived using data on central government tax revenue to GDP from Mitchell and the spliced GDP,886.7138
NLD,Netherlands,1903,59.25168,6.557377,Derived using data on central government tax revenue to GDP from Mitchell and the spliced GDP,903.5881
NLD,Netherlands,1904,61.97351,6.52283,Derived using data on central government tax revenue to GDP from Mitchell and the spliced GDP,950.1016
NLD,Netherlands,1905,64.45515,6.511176,Derived using data on central government tax revenue to GDP from Mitchell and the spliced GDP,989.9157
NLD,Netherlands,1906,67.99728,6.447124,Derived using data on central government tax revenue to GDP from Mitchell and the spliced GDP,1054.692
NLD,Netherlands,1907,67.32935,6.42369,Derived using data on central government tax revenue to GDP from Mitchell and the spliced GDP,1048.141
NLD,Netherlands,1908,65.24071,6.341464,Derived using data on central government tax revenue to GDP from Mitchell and the spliced GDP,1028.796
NLD,Netherlands,1909,69.80939,6.416882,Derived using data on central government tax revenue to GDP from Mitchell and the spliced GDP,1087.902
NLD,Netherlands,1910,75.94396,6.561462,Derived using data on central government tax revenue to GDP from Mitchell and the spliced GDP,1157.424
NLD,Netherlands,1911,83.71426,6.571087,Derived using data on central government tax revenue to GDP from Mitchell and the spliced GDP,1273.979
NLD,Netherlands,1912,84.52426,6.324405,Derived using data on central government tax revenue to GDP from Mitchell and the spliced GDP,1336.478
NLD,Netherlands,1913,89.57639,6.41254,Derived using data on central government tax revenue to GDP from Mitchell and the spliced GDP,1396.894
NLD,Netherlands,1914,92.56226,6.813187,Derived using data on central government tax revenue to GDP from Mitchell and the spliced GDP,1358.575
NLD,Netherlands,1915,104.0081,6.476604,Derived using data on central government tax revenue to GDP from Mitchell and the spliced GDP,1605.906
NLD,Netherlands,1916,143.3222,7.80065,Derived using data on central government tax revenue to GDP from Mitchell and the spliced GDP,1837.311
NLD,Netherlands,1917,181.1434,9.929078,Derived using data on central government tax revenue to GDP from Mitchell and the spliced GDP,1824.372
NLD,Netherlands,1918,190.101,9.317073,Derived using data on central government tax revenue to GDP from Mitchell and the spliced GDP,2040.351
NLD,Netherlands,1919,252.8045,9.186256,Derived using data on central government tax revenue to GDP from Mitchell and the spliced GDP,2751.986
NLD,Netherlands,1920,349.3479,11.16945,Derived using data on central government tax revenue to GDP from Mitchell and the spliced GDP,3127.709
NLD,Netherlands,1921,391.1502,13.59862,Derived using data on central government tax revenue to GDP from Mitchell and the spliced GDP,2876.397
NLD,Netherlands,1922,380.8322,13.88476,Derived using data on central government tax revenue to GDP from Mitchell and the spliced GDP,2742.808
NLD,Netherlands,1923,334.4228,12.65083,Derived using data on central government tax revenue to GDP from Mitchell and the spliced GDP,2643.485
NLD,Netherlands,1924,321.0456,11.54818,Derived using data on central government tax revenue to GDP from Mitchell and the spliced GDP,2780.054
NLD,Netherlands,1925,328.7791,11.54787,Derived using data on central government tax revenue to GDP from Mitchell and the spliced GDP,2847.097
NLD,Netherlands,1926,339.833,11.6994,Derived using data on central government tax revenue to GDP from Mitchell and the spliced GDP,2904.704
NLD,Netherlands,1927,350.0289,11.68483,Derived using data on central government tax revenue to GDP from Mitchell and the spliced GDP,2995.585
NLD,Netherlands,1928,335.5356,10.71092,Derived using data on central government tax revenue to GDP from Mitchell and the spliced GDP,3132.651
NLD,Netherlands,1929,356.1858,11.05296,Derived using data on central government tax revenue to GDP from Mitchell and the spliced GDP,3222.539
NLD,Netherlands,1930,359.1888,11.57608,Derived using data on central government tax revenue to GDP from Mitchell and the spliced GDP,3102.854
NLD,Netherlands,1931,356.7348,12.4408,Derived using data on central government tax revenue to GDP from Mitchell and the spliced GDP,2867.458
NLD,Netherlands,1932,316.411,12.17532,Derived using data on central government tax revenue to GDP from Mitchell and the spliced GDP,2598.789
NLD,Netherlands,1933,330.7408,13.2036,Derived using data on central government tax revenue to GDP from Mitchell and the spliced GDP,2504.929
NLD,Netherlands,1934,309.7822,12.57888,Derived using data on central government tax revenue to GDP from Mitchell and the spliced GDP,2462.717
NLD,Netherlands,1935,314.58,12.96455,Derived using data on central government tax revenue to GDP from Mitchell and the spliced GDP,2426.464
NLD,Netherlands,1936,301.0005,12.23216,Derived using data on central government tax revenue to GDP from Mitchell and the spliced GDP,2460.73
NLD,Netherlands,1937,320.2186,11.9209,Derived using data on central government tax revenue to GDP from Mitchell and the spliced GDP,2686.194
NLD,Netherlands,1938,343.1261,12.54866,Derived using data on central government tax revenue to GDP from Mitchell and the spliced GDP,2734.365
NLD,Netherlands,1939,426.6288,14.17378,Derived using data on central government tax revenue to GDP from Mitchell and the spliced GDP,3009.987
NLD,Netherlands,1940,461.7445,16.73632,Derived using data on central government tax revenue to GDP from Mitchell and the spliced GDP,2758.937
NLD,Netherlands,1941,683.9689,22.02903,Derived using data on central government tax revenue to GDP from Mitchell and the spliced GDP,3104.852
NLD,Netherlands,1942,546.1269,18.63376,Derived using data on central government tax revenue to GDP from Mitchell and the spliced GDP,2930.846
NLD,Netherlands,1943,759.4413,25.71428,Derived using data on central government tax revenue to GDP from Mitchell and the spliced GDP,2953.383
NLD,Netherlands,1944,702.837,34.12214,Derived using data on central government tax revenue to GDP from Mitchell and the spliced GDP,2059.768
NLD,Netherlands,1945,346.4394,15.7381,Derived using data on central government tax revenue to GDP from Mitchell and the spliced GDP,2201.279
NLD,Netherlands,1946,1311.333,26.90322,Derived using data on central government tax revenue to GDP from Mitchell and the spliced GDP,4874.261
NLD,Netherlands,1947,1694.461,26.71901,Derived using data on central government tax revenue to GDP from Mitchell and the spliced GDP,6341.78
NLD,Netherlands,1948,1848.026,24.83099,Derived using data on central government tax revenue to GDP from Mitchell and the spliced GDP,7442.42
NLD,Netherlands,1949,2046.666,23.24405,Derived using data on central government tax revenue to GDP from Mitchell and the spliced GDP,8805.117
NLD,Netherlands,1950,2215.43,21.78866,Derived using data on central government tax revenue to GDP from Mitchell and the spliced GDP,10167.81
NLD,Netherlands,1951,2742.075,23.61395,Derived using data on central government tax revenue to GDP from Mitchell and the spliced GDP,11612.1
NLD,Netherlands,1952,3053.583,25.21875,Derived using data on central government tax revenue to GDP from Mitchell and the spliced GDP,12108.38
NLD,Netherlands,1953,2962.015,22.98319,Derived using data on central government tax revenue to GDP from Mitchell and the spliced GDP,12887.74
NLD,Netherlands,1954,3054.206,21.21053,Derived using data on central government tax revenue to GDP from Mitchell and the spliced GDP,14399.48
NLD,Netherlands,1955,3184.569,19.76768,Derived using data on central government tax revenue to GDP from Mitchell and the spliced GDP,16109.98
NLD,Netherlands,1956,3771.172,21.58514,Derived using data on central government tax revenue to GDP from Mitchell and the spliced GDP,17471.15
NLD,Netherlands,1957,4154.547,21.87464,Derived using data on central government tax revenue to GDP from Mitchell and the spliced GDP,18992.53
NLD,Netherlands,1958,3973.672,20.73164,Derived using data on central government tax revenue to GDP from Mitchell and the spliced GDP,19167.19
NLD,Netherlands,1959,4262.709,20.85185,Derived using data on central government tax revenue to GDP from Mitchell and the spliced GDP,20442.83
NLD,Netherlands,1960,4817.274,21.06368,Derived using data on central government tax revenue to GDP from Mitchell and the spliced GDP,22870.05
NLD,Netherlands,1961,5300.294,21.92394,Derived using data on central government tax revenue to GDP from Mitchell and the spliced GDP,24175.83
NLD,Netherlands,1962,5608.72,21.5343,Derived using data on central government tax revenue to GDP from Mitchell and the spliced GDP,26045.52
NLD,Netherlands,1963,5908.118,20.88697,Derived using data on central government tax revenue to GDP from Mitchell and the spliced GDP,28286.14
NLD,Netherlands,1964,7011.208,21.08943,Derived using data on central government tax revenue to GDP from Mitchell and the spliced GDP,33245.13
NLD,Netherlands,1965,7961.557,21.42067,Derived using data on central government tax revenue to GDP from Mitchell and the spliced GDP,37167.64
NLD,Netherlands,1966,9042.488,22.32176,Derived using data on central government tax revenue to GDP from Mitchell and the spliced GDP,40509.74
NLD,Netherlands,1967,10251.34,23.05954,Derived using data on central government tax revenue to GDP from Mitchell and the spliced GDP,44455.98
NLD,Netherlands,1968,11364,23.05702,Derived using data on central government tax revenue to GDP from Mitchell and the spliced GDP,49286.51
NLD,Netherlands,1969,12777.58,22.93431,Derived using data on central government tax revenue to GDP from Mitchell and the spliced GDP,55713.79
NLD,Netherlands,1970,14681.15,23.48261,Derived using data on central government tax revenue to GDP from Mitchell and the spliced GDP,62519.25
NLD,Netherlands,1971,17312.49,24.57923,Derived using data on central government tax revenue to GDP from Mitchell and the spliced GDP,70435.46
NLD,Netherlands,1972,20205.58,25.38844,Derived using data on central government tax revenue to GDP from Mitchell and the spliced GDP,79585.75
NLD,Netherlands,1973,23141.2,25.47976,Derived using data on central government tax revenue to GDP from Mitchell and the spliced GDP,90821.89
NLD,Netherlands,1974,26139.44,25.36105,Derived using data on central government tax revenue to GDP from Mitchell and the spliced GDP,103069.2
NLD,Netherlands,1975,29700.65,26.17225,Derived using data on central government tax revenue to GDP from Mitchell and the spliced GDP,113481.4
NLD,Netherlands,1976,33695.54,25.92437,Derived using data on central government tax revenue to GDP from Mitchell and the spliced GDP,129976.3
NLD,Netherlands,1977,37177.22,26.2069,Derived using data on central government tax revenue to GDP from Mitchell and the spliced GDP,141860.5
NLD,Netherlands,1978,38298.45,25.01683,Derived using data on central government tax revenue to GDP from Mitchell and the spliced GDP,153090.7
NLD,Netherlands,1979,39136.01,24.11392,Derived using data on central government tax revenue to GDP from Mitchell and the spliced GDP,162296.3
NLD,Netherlands,1980,43190.17,24.80712,Derived using data on central government tax revenue to GDP from Mitchell and the spliced GDP,174103.9
NLD,Netherlands,1981,43183.95,23.65439,Derived using data on central government tax revenue to GDP from Mitchell and the spliced GDP,182562.1
NLD,Netherlands,1982,43498.52,22.89973,Derived using data on central government tax revenue to GDP from Mitchell and the spliced GDP,189952.1
NLD,Netherlands,1983,43354.79,21.9685,Derived using data on central government tax revenue to GDP from Mitchell and the spliced GDP,197349.8
NLD,Netherlands,1984,43644.08,21.15,Derived using data on central government tax revenue to GDP from Mitchell and the spliced GDP,206355
NLD,Netherlands,1985,45348.29,21.02871,Derived using data on central government tax revenue to GDP from Mitchell and the spliced GDP,215649.4
NLD,Netherlands,1986,47935.36,21.53318,Derived using data on central government tax revenue to GDP from Mitchell and the spliced GDP,222611.6
NLD,Netherlands,1987,50848.66,22.58503,Derived using data on central government tax revenue to GDP from Mitchell and the spliced GDP,225143.2
NLD,Netherlands,1988,54028.46,22.99781,Derived using data on central government tax revenue to GDP from Mitchell and the spliced GDP,234928.7
NLD,Netherlands,1989,50890.2,20.45455,Derived using data on central government tax revenue to GDP from Mitchell and the spliced GDP,248796.5
NLD,Netherlands,1990,53660.83,20.3876,Derived using data on central government tax revenue to GDP from Mitchell and the spliced GDP,263203.3
NLD,Netherlands,1991,64693.85,23.26568,Derived using data on central government tax revenue to GDP from Mitchell and the spliced GDP,278065.6
NLD,Netherlands,1992,60731,20.97691,Derived using data on central government tax revenue to GDP from Mitchell and the spliced GDP,289513.6
NLD,Netherlands,1993,72902.35,24.47735,Derived using data on central government tax revenue to GDP from Mitchell and the spliced GDP,297835.9
NLD,Netherlands,1994,,,Derived using data on central government tax revenue to GDP from EUS and the spliced GDP,313160.9
NLD,Netherlands,1995,70633.05,21.4,Derived using data on central government tax revenue to GDP from EUS and the spliced GDP,330061
NLD,Netherlands,1996,75941.36,22,Derived using data on central government tax revenue to GDP from EUS and the spliced GDP,345188
NLD,Netherlands,1997,79175.08,21.4,Derived using data on central government tax revenue to GDP from EUS and the spliced GDP,369977
NLD,Netherlands,1998,83742.13,21.2,Derived using data on central government tax revenue to GDP from EUS and the spliced GDP,395010
NLD,Netherlands,1999,90715.68,21.6,Derived using data on central government tax revenue to GDP from EUS and the spliced GDP,419980
NLD,Netherlands,2000,96356.09,21.3,Derived using data on central government tax revenue to GDP from EUS and the spliced GDP,452376
NLD,Netherlands,2001,103379.3,21.4,Derived using data on central government tax revenue to GDP from EUS and the spliced GDP,483081
NLD,Netherlands,2002,108149.5,21.5,Derived using data on central government tax revenue to GDP from EUS and the spliced GDP,503021
NLD,Netherlands,2003,105636.5,20.5,Derived using data on central government tax revenue to GDP from EUS and the spliced GDP,515300
NLD,Netherlands,2004,110448,20.8,Derived using data on central government tax revenue to GDP from EUS and the spliced GDP,531000
NLD,Netherlands,2005,117727.6,21.3,Derived using data on central government tax revenue to GDP from EUS and the spliced GDP,552712
NLD,Netherlands,2006,125761.8,21.4,Derived using data on central government tax revenue to GDP from EUS and the spliced GDP,587672
NLD,Netherlands,2007,135176.7,21.7,Derived using data on central government tax revenue to GDP from EUS and the spliced GDP,622934
NLD,Netherlands,2008,142664,21.9,Derived using data on central government tax revenue to GDP from EUS and the spliced GDP,651434
NLD,Netherlands,2009,133606.2,21.2,Derived using data on central government tax revenue to GDP from EUS and the spliced GDP,630218
NLD,Netherlands,2010,135591.8,21.1,Derived using data on central government tax revenue to GDP from EUS and the spliced GDP,642615
NLD,Netherlands,2011,137695.3,21,Derived using data on central government tax revenue to GDP from EUS and the spliced GDP,655692
NLD,Netherlands,2012,135521.4,20.6,Derived using data on central government tax revenue to GDP from EUS and the spliced GDP,657871
NLD,Netherlands,2013,139115.8,20.9,Derived using data on central government tax revenue to GDP from EUS and the spliced GDP,665626
NLD,Netherlands,2014,148634.4,21.9,Derived using data on central government tax revenue to GDP from EUS and the spliced GDP,678696
NLD,Netherlands,2015,154526.1,22.1,Derived using data on central government tax revenue to GDP from EUS and the spliced GDP,699213
NLD,Netherlands,2016,162794.4,22.6,Derived using data on central government tax revenue to GDP from EUS and the spliced GDP,720329
NLD,Netherlands,2017,175760.7,23.4,Derived using data on central government tax revenue to GDP from EUS and the spliced GDP,751114
NLD,Netherlands,2018,183478.2,23.3,Derived using data on central government tax revenue to GDP from EUS and the spliced GDP,787460
NLD,Netherlands,2019,199147,24,Derived using data on central government tax revenue to GDP from EUS and the spliced GDP,829779
NLD,Netherlands,2020,196824.5,24.1,Derived using data on central government tax revenue to GDP from EUS and the spliced GDP,816699
NLD,Netherlands,2021,218372.9,24.5,Derived using data on central government tax revenue to GDP from EUS and the spliced GDP,891318
NLD,Netherlands,2022,240472.3,24.2,Derived using data on central government tax revenue to GDP from EUS and the spliced GDP,993687
NLD,Netherlands,2023,272242.8,25.5,Derived using data on central government tax revenue to GDP from EUS and the spliced GDP,1067619
NLD,Netherlands,2024,288616.5,25.5,Derived using data on central government tax revenue to GDP from EUS and the spliced GDP,1131829
NOR,Norway,1865,17.63475,3.333333,Derived using data on central government tax revenue to GDP from Mitchell and the spliced GDP,529.0427
NOR,Norway,1866,,,Derived using data on central government tax revenue to GDP from Mitchell and the spliced GDP,540.6063
NOR,Norway,1867,,,Derived using data on central government tax revenue to GDP from Mitchell and the spliced GDP,562.7617
NOR,Norway,1868,,,Derived using data on central government tax revenue to GDP from Mitchell and the spliced GDP,579.492
NOR,Norway,1869,,,Derived using data on central government tax revenue to GDP from Mitchell and the spliced GDP,590.3649
NOR,Norway,1870,17.94285,2.952029,Derived using data on central government tax revenue to GDP from Mitchell and the spliced GDP,607.8141
NOR,Norway,1871,,,Derived using data on central government tax revenue to GDP from Mitchell and the spliced GDP,643.5246
NOR,Norway,1872,,,Derived using data on central government tax revenue to GDP from Mitchell and the spliced GDP,705.8392
NOR,Norway,1873,,,Derived using data on central government tax revenue to GDP from Mitchell and the spliced GDP,771.8027
NOR,Norway,1874,,,Derived using data on central government tax revenue to GDP from Mitchell and the spliced GDP,805.7888
NOR,Norway,1875,23.99939,2.983139,Derived using data on central government tax revenue to GDP from Mitchell and the spliced GDP,804.5012
NOR,Norway,1876,,,Derived using data on central government tax revenue to GDP from Mitchell and the spliced GDP,816.8443
NOR,Norway,1877,,,Derived using data on central government tax revenue to GDP from Mitchell and the spliced GDP,821.1774
NOR,Norway,1878,,,Derived using data on central government tax revenue to GDP from Mitchell and the spliced GDP,738.2393
NOR,Norway,1879,,,Derived using data on central government tax revenue to GDP from Mitchell and the spliced GDP,726.4778
NOR,Norway,1880,27.2381,3.472222,Derived using data on central government tax revenue to GDP from Mitchell and the spliced GDP,784.4572
NOR,Norway,1881,24.16537,3.112314,Derived using data on central government tax revenue to GDP from Mitchell and the spliced GDP,776.4439
NOR,Norway,1882,25.46392,3.157895,Derived using data on central government tax revenue to GDP from Mitchell and the spliced GDP,806.3574
NOR,Norway,1883,30.21852,3.733333,Derived using data on central government tax revenue to GDP from Mitchell and the spliced GDP,809.4246
NOR,Norway,1884,27.90576,3.606103,Derived using data on central government tax revenue to GDP from Mitchell and the spliced GDP,773.8481
NOR,Norway,1885,,,Derived using data on central government tax revenue to GDP from Mitchell and the spliced GDP,736.3052
NOR,Norway,1886,28.28265,3.898051,Derived using data on central government tax revenue to GDP from Mitchell and the spliced GDP,725.5588
NOR,Norway,1887,,,Derived using data on central government tax revenue to GDP from Mitchell and the spliced GDP,719.6106
NOR,Norway,1888,29.14723,3.802817,Derived using data on central government tax revenue to GDP from Mitchell and the spliced GDP,766.4641
NOR,Norway,1889,28.1615,3.376623,Derived using data on central government tax revenue to GDP from Mitchell and the spliced GDP,834.0135
NOR,Norway,1890,32.62678,3.846154,Derived using data on central government tax revenue to GDP from Mitchell and the spliced GDP,848.2962
NOR,Norway,1891,34.69366,3.990025,Derived using data on central government tax revenue to GDP from Mitchell and the spliced GDP,869.5099
NOR,Norway,1892,32.11672,3.754693,Derived using data on central government tax revenue to GDP from Mitchell and the spliced GDP,855.3754
NOR,Norway,1893,33.14708,3.955501,Derived using data on central government tax revenue to GDP from Mitchell and the spliced GDP,837.9996
NOR,Norway,1894,33.47977,3.921569,Derived using data on central government tax revenue to GDP from Mitchell and the spliced GDP,853.7343
NOR,Norway,1895,36.30888,4.086538,Derived using data on central government tax revenue to GDP from Mitchell and the spliced GDP,888.4998
NOR,Norway,1896,38.74017,4.114286,Derived using data on central government tax revenue to GDP from Mitchell and the spliced GDP,941.6012
NOR,Norway,1897,44.8802,4.461371,Derived using data on central government tax revenue to GDP from Mitchell and the spliced GDP,1005.973
NOR,Norway,1898,51.97533,4.809619,Derived using data on central government tax revenue to GDP from Mitchell and the spliced GDP,1080.654
NOR,Norway,1899,57.73992,5.070423,Derived using data on central government tax revenue to GDP from Mitchell and the spliced GDP,1138.76
NOR,Norway,1900,47.34019,3.856502,Derived using data on central government tax revenue to GDP from Mitchell and the spliced GDP,1227.542
NOR,Norway,1901,58.24642,4.813806,Derived using data on central government tax revenue to GDP from Mitchell and the spliced GDP,1209.987
NOR,Norway,1902,60.41652,5.055147,Derived using data on central government tax revenue to GDP from Mitchell and the spliced GDP,1195.149
NOR,Norway,1903,59.38253,4.902868,Derived using data on central government tax revenue to GDP from Mitchell and the spliced GDP,1211.179
NOR,Norway,1904,58.24187,4.810361,Derived using data on central government tax revenue to GDP from Mitchell and the spliced GDP,1210.759
NOR,Norway,1905,55.68329,4.434389,Derived using data on central government tax revenue to GDP from Mitchell and the spliced GDP,1255.715
NOR,Norway,1906,60.16305,4.465038,Derived using data on central government tax revenue to GDP from Mitchell and the spliced GDP,1347.425
NOR,Norway,1907,65.62021,4.505929,Derived using data on central government tax revenue to GDP from Mitchell and the spliced GDP,1456.308
NOR,Norway,1908,73.65361,4.849885,Derived using data on central government tax revenue to GDP from Mitchell and the spliced GDP,1518.667
NOR,Norway,1909,88.60438,5.775076,Derived using data on central government tax revenue to GDP from Mitchell and the spliced GDP,1534.255
NOR,Norway,1910,76.90958,4.66899,Derived using data on central government tax revenue to GDP from Mitchell and the spliced GDP,1647.243
NOR,Norway,1911,80.06528,4.509804,Derived using data on central government tax revenue to GDP from Mitchell and the spliced GDP,1775.361
NOR,Norway,1912,85.80587,4.404762,Derived using data on central government tax revenue to GDP from Mitchell and the spliced GDP,1948.025
NOR,Norway,1913,81.92027,3.877221,Derived using data on central government tax revenue to GDP from Mitchell and the spliced GDP,2112.86
NOR,Norway,1914,92.68037,4.220948,Derived using data on central government tax revenue to GDP from Mitchell and the spliced GDP,2195.724
NOR,Norway,1915,115.0883,3.893601,Derived using data on central government tax revenue to GDP from Mitchell and the spliced GDP,2955.832
NOR,Norway,1916,140.1806,3.254973,Derived using data on central government tax revenue to GDP from Mitchell and the spliced GDP,4306.659
NOR,Norway,1917,527.0334,10.53687,Derived using data on central government tax revenue to GDP from Mitchell and the spliced GDP,5001.803
NOR,Norway,1918,515.3604,8.934232,Derived using data on central government tax revenue to GDP from Mitchell and the spliced GDP,5768.379
NOR,Norway,1919,483.6187,7.280065,Derived using data on central government tax revenue to GDP from Mitchell and the spliced GDP,6643.055
NOR,Norway,1920,362.7187,4.653333,Derived using data on central government tax revenue to GDP from Mitchell and the spliced GDP,7794.814
NOR,Norway,1921,310.6471,5.359765,Derived using data on central government tax revenue to GDP from Mitchell and the spliced GDP,5795.909
NOR,Norway,1922,412.9247,7.590362,Derived using data on central government tax revenue to GDP from Mitchell and the spliced GDP,5440.12
NOR,Norway,1923,298.6345,5.503302,Derived using data on central government tax revenue to GDP from Mitchell and the spliced GDP,5426.46
NOR,Norway,1924,282.0086,4.770445,Derived using data on central government tax revenue to GDP from Mitchell and the spliced GDP,5911.58
NOR,Norway,1925,316.0442,5.450027,Derived using data on central government tax revenue to GDP from Mitchell and the spliced GDP,5798.947
NOR,Norway,1926,332.3103,6.650882,Derived using data on central government tax revenue to GDP from Mitchell and the spliced GDP,4996.484
NOR,Norway,1927,332.6844,7.06496,Derived using data on central government tax revenue to GDP from Mitchell and the spliced GDP,4708.936
NOR,Norway,1928,347.6841,7.415305,Derived using data on central government tax revenue to GDP from Mitchell and the spliced GDP,4688.736
NOR,Norway,1929,313.6079,6.467204,Derived using data on central government tax revenue to GDP from Mitchell and the spliced GDP,4849.205
NOR,Norway,1930,318.2559,6.557003,Derived using data on central government tax revenue to GDP from Mitchell and the spliced GDP,4853.68
NOR,Norway,1931,307.9051,7.157731,Derived using data on central government tax revenue to GDP from Mitchell and the spliced GDP,4301.713
NOR,Norway,1932,303.8821,7.068876,Derived using data on central government tax revenue to GDP from Mitchell and the spliced GDP,4298.875
NOR,Norway,1933,294.9436,6.906363,Derived using data on central government tax revenue to GDP from Mitchell and the spliced GDP,4270.606
NOR,Norway,1934,307.3296,6.858407,Derived using data on central government tax revenue to GDP from Mitchell and the spliced GDP,4481.063
NOR,Norway,1935,325.591,6.694177,Derived using data on central government tax revenue to GDP from Mitchell and the spliced GDP,4863.794
NOR,Norway,1936,385.3717,7.154639,Derived using data on central government tax revenue to GDP from Mitchell and the spliced GDP,5386.319
NOR,Norway,1937,445.8536,7.167174,Derived using data on central government tax revenue to GDP from Mitchell and the spliced GDP,6220.772
NOR,Norway,1938,502.4315,7.722671,Derived using data on central government tax revenue to GDP from Mitchell and the spliced GDP,6505.93
NOR,Norway,1939,589.2347,8.475931,Derived using data on central government tax revenue to GDP from Mitchell and the spliced GDP,6951.857
NOR,Norway,1940,,,Derived using data on central government tax revenue to GDP from Mitchell and the spliced GDP,7935.418
NOR,Norway,1941,,,Derived using data on central government tax revenue to GDP from Mitchell and the spliced GDP,9871.703
NOR,Norway,1942,,,Derived using data on central government tax revenue to GDP from Mitchell and the spliced GDP,10001.44
NOR,Norway,1943,,,Derived using data on central government tax revenue to GDP from Mitchell and the spliced GDP,9961.437
NOR,Norway,1944,,,Derived using data on central government tax revenue to GDP from Mitchell and the spliced GDP,9556.017
NOR,Norway,1945,,,Derived using data on central government tax revenue to GDP from Mitchell and the spliced GDP,10716.06
NOR,Norway,1946,1372.195,11.75,Derived using data on central government tax revenue to GDP from Mitchell and the spliced GDP,11678.25
NOR,Norway,1947,1875.637,13.72441,Derived using data on central government tax revenue to GDP from Mitchell and the spliced GDP,13666.43
NOR,Norway,1948,2185.515,14.60432,Derived using data on central government tax revenue to GDP from Mitchell and the spliced GDP,14964.86
NOR,Norway,1949,2656.299,16.48322,Derived using data on central government tax revenue to GDP from Mitchell and the spliced GDP,16115.17
NOR,Norway,1950,2682.793,15.05488,Derived using data on central government tax revenue to GDP from Mitchell and the spliced GDP,17820.09
NOR,Norway,1951,3000.322,13.63902,Derived using data on central government tax revenue to GDP from Mitchell and the spliced GDP,21998.07
NOR,Norway,1952,3633.622,14.93805,Derived using data on central government tax revenue to GDP from Mitchell and the spliced GDP,24324.6
NOR,Norway,1953,4152.24,16.869,Derived using data on central government tax revenue to GDP from Mitchell and the spliced GDP,24614.63
NOR,Norway,1954,4091.092,15.2621,Derived using data on central government tax revenue to GDP from Mitchell and the spliced GDP,26805.57
NOR,Norway,1955,4715.633,16.54132,Derived using data on central government tax revenue to GDP from Mitchell and the spliced GDP,28508.2
NOR,Norway,1956,5275.473,16.50758,Derived using data on central government tax revenue to GDP from Mitchell and the spliced GDP,31957.89
NOR,Norway,1957,5754.054,16.91379,Derived using data on central government tax revenue to GDP from Mitchell and the spliced GDP,34019.89
NOR,Norway,1958,6164.667,18.0692,Derived using data on central government tax revenue to GDP from Mitchell and the spliced GDP,34116.98
NOR,Norway,1959,6306.171,17.557,Derived using data on central government tax revenue to GDP from Mitchell and the spliced GDP,35918.27
NOR,Norway,1960,6328.242,16.51376,Derived using data on central government tax revenue to GDP from Mitchell and the spliced GDP,38321.02
NOR,Norway,1961,6997.41,16.73876,Derived using data on central government tax revenue to GDP from Mitchell and the spliced GDP,41803.63
NOR,Norway,1962,7639.573,16.96615,Derived using data on central government tax revenue to GDP from Mitchell and the spliced GDP,45028.33
NOR,Norway,1963,8256.155,17.08675,Derived using data on central government tax revenue to GDP from Mitchell and the spliced GDP,48319.06
NOR,Norway,1964,9018.968,16.97386,Derived using data on central government tax revenue to GDP from Mitchell and the spliced GDP,53134.46
NOR,Norway,1965,10113.32,17.25344,Derived using data on central government tax revenue to GDP from Mitchell and the spliced GDP,58616.27
NOR,Norway,1966,10894.72,17.22342,Derived using data on central government tax revenue to GDP from Mitchell and the spliced GDP,63255.27
NOR,Norway,1967,12015.65,17.3623,Derived using data on central government tax revenue to GDP from Mitchell and the spliced GDP,69205.4
NOR,Norway,1968,12799.95,17.32061,Derived using data on central government tax revenue to GDP from Mitchell and the spliced GDP,73900.11
NOR,Norway,1969,14827.21,18.42595,Derived using data on central government tax revenue to GDP from Mitchell and the spliced GDP,80469.19
NOR,Norway,1970,17566.27,18.97121,Derived using data on central government tax revenue to GDP from Mitchell and the spliced GDP,92594.34
NOR,Norway,1971,20829.15,20.1257,Derived using data on central government tax revenue to GDP from Mitchell and the spliced GDP,103495.3
NOR,Norway,1972,24061.23,20.98272,Derived using data on central government tax revenue to GDP from Mitchell and the spliced GDP,114671.6
NOR,Norway,1973,26552.35,20.41339,Derived using data on central government tax revenue to GDP from Mitchell and the spliced GDP,130073.2
NOR,Norway,1974,29846.01,19.79769,Derived using data on central government tax revenue to GDP from Mitchell and the spliced GDP,150755
NOR,Norway,1975,33841.2,19.59731,Derived using data on central government tax revenue to GDP from Mitchell and the spliced GDP,172682.9
NOR,Norway,1976,41011.03,20.81871,Derived using data on central government tax revenue to GDP from Mitchell and the spliced GDP,196991.2
NOR,Norway,1977,47536.41,21.40625,Derived using data on central government tax revenue to GDP from Mitchell and the spliced GDP,222067.9
NOR,Norway,1978,53471.94,21.92488,Derived using data on central government tax revenue to GDP from Mitchell and the spliced GDP,243887
NOR,Norway,1979,58541.77,21.75732,Derived using data on central government tax revenue to GDP from Mitchell and the spliced GDP,269067
NOR,Norway,1980,80407.33,25.26316,Derived using data on central government tax revenue to GDP from Mitchell and the spliced GDP,318279
NOR,Norway,1981,96928.76,26.55488,Derived using data on central government tax revenue to GDP from Mitchell and the spliced GDP,365013
NOR,Norway,1982,104208.6,25.77348,Derived using data on central government tax revenue to GDP from Mitchell and the spliced GDP,404325
NOR,Norway,1983,113085.1,25.14925,Derived using data on central government tax revenue to GDP from Mitchell and the spliced GDP,449656
NOR,Norway,1984,128019.1,25.27594,Derived using data on central government tax revenue to GDP from Mitchell and the spliced GDP,506486
NOR,Norway,1985,150723.7,26.8,Derived using data on central government tax revenue to GDP from Mitchell and the spliced GDP,562402
NOR,Norway,1986,157365.3,27.0428,Derived using data on central government tax revenue to GDP from Mitchell and the spliced GDP,581912
NOR,Norway,1987,152324.7,23.99287,Derived using data on central government tax revenue to GDP from Mitchell and the spliced GDP,634875
NOR,Norway,1988,150700.4,22.69297,Derived using data on central government tax revenue to GDP from Mitchell and the spliced GDP,664084
NOR,Norway,1989,152225.7,21.48148,Derived using data on central government tax revenue to GDP from Mitchell and the spliced GDP,708637
NOR,Norway,1990,166762,22.23903,Derived using data on central government tax revenue to GDP from Mitchell and the spliced GDP,749862
NOR,Norway,1991,178143.6,22.54731,Derived using data on central government tax revenue to GDP from Mitchell and the spliced GDP,790088
NOR,Norway,1992,176613.5,21.7212,Derived using data on central government tax revenue to GDP from Mitchell and the spliced GDP,813093
NOR,Norway,1993,,,Derived using data on central government tax revenue to GDP from EUS and the spliced GDP,855400
NOR,Norway,1994,,,Derived using data on central government tax revenue to GDP from EUS and the spliced GDP,897243
NOR,Norway,1995,314946.5,32.7,Derived using data on central government tax revenue to GDP from EUS and the spliced GDP,963139
NOR,Norway,1996,352260.8,33.4,Derived using data on central government tax revenue to GDP from EUS and the spliced GDP,1054673
NOR,Norway,1997,380066.2,33.3,Derived using data on central government tax revenue to GDP from EUS and the spliced GDP,1141340
NOR,Norway,1998,396815.9,34.1,Derived using data on central government tax revenue to GDP from EUS and the spliced GDP,1163683
NOR,Norway,1999,433130.7,34.2,Derived using data on central government tax revenue to GDP from EUS and the spliced GDP,1266464
NOR,Norway,2000,535741.9,35.5,Derived using data on central government tax revenue to GDP from EUS and the spliced GDP,1509132
NOR,Norway,2001,549914.8,35.1,Derived using data on central government tax revenue to GDP from EUS and the spliced GDP,1566709
NOR,Norway,2002,577169.5,36.9,Derived using data on central government tax revenue to GDP from EUS and the spliced GDP,1564145
NOR,Norway,2003,576553.4,35.5,Derived using data on central government tax revenue to GDP from EUS and the spliced GDP,1624094
NOR,Norway,2004,652664.9,36.5,Derived using data on central government tax revenue to GDP from EUS and the spliced GDP,1788123
NOR,Norway,2005,736907.1,36.9,Derived using data on central government tax revenue to GDP from EUS and the spliced GDP,1997038
NOR,Norway,2006,829877.3,37.3,Derived using data on central government tax revenue to GDP from EUS and the spliced GDP,2224872
NOR,Norway,2007,868544,36.8,Derived using data on central government tax revenue to GDP from EUS and the spliced GDP,2360174
NOR,Norway,2008,954452.8,36.4,Derived using data on central government tax revenue to GDP from EUS and the spliced GDP,2622123
NOR,Norway,2009,863658.1,35.4,Derived using data on central government tax revenue to GDP from EUS and the spliced GDP,2439712
NOR,Norway,2010,940531.7,36.1,Derived using data on central government tax revenue to GDP from EUS and the spliced GDP,2605351
NOR,Norway,2011,1034054,36.8,Derived using data on central government tax revenue to GDP from EUS and the spliced GDP,2809929
NOR,Norway,2012,1079876,36.2,Derived using data on central government tax revenue to GDP from EUS and the spliced GDP,2983083
NOR,Norway,2013,1066166,34.5,Derived using data on central government tax revenue to GDP from EUS and the spliced GDP,3090335
NOR,Norway,2014,1052872,33.3,Derived using data on central government tax revenue to GDP from EUS and the spliced GDP,3161777
NOR,Norway,2015,1017310,32.5,Derived using data on central government tax revenue to GDP from EUS and the spliced GDP,3130183
NOR,Norway,2016,1015827,32.6,Derived using data on central government tax revenue to GDP from EUS and the spliced GDP,3116035
NOR,Norway,2017,1083332,32.6,Derived using data on central government tax revenue to GDP from EUS and the spliced GDP,3323103
NOR,Norway,2018,1191002,33.3,Derived using data on central government tax revenue to GDP from EUS and the spliced GDP,3576581
NOR,Norway,2019,1215765,33.8,Derived using data on central government tax revenue to GDP from EUS and the spliced GDP,3596937
NOR,Norway,2020,1118089,32.3,Derived using data on central government tax revenue to GDP from EUS and the spliced GDP,3461575
NOR,Norway,2021,1509052,34.9,Derived using data on central government tax revenue to GDP from EUS and the spliced GDP,4323932
NOR,Norway,2022,2230100,38.9,Derived using data on central government tax revenue to GDP from EUS and the spliced GDP,5732905
NOR,Norway,2023,1855258,36.4,Derived using data on central government tax revenue to GDP from EUS and the spliced GDP,5096862
NOR,Norway,2024,1779247,34.9,Derived using data on central government tax revenue to GDP from EUS and the spliced GDP,5098128
NPL,Nepal,1972,509.4608,4.088166,Derived using data on central government tax revenue to GDP from IMF_GFS and the spliced GDP,12461.84
NPL,Nepal,1973,493.2417,4.116828,Derived using data on central government tax revenue to GDP from IMF_GFS and the spliced GDP,11981.11
NPL,Nepal,1974,613.0487,3.982614,Derived using data on central government tax revenue to GDP from IMF_GFS and the spliced GDP,15393.12
NPL,Nepal,1975,856.936,4.817066,Derived using data on central government tax revenue to GDP from IMF_GFS and the spliced GDP,17789.58
NPL,Nepal,1976,961.2756,5.147915,Derived using data on central government tax revenue to GDP from IMF_GFS and the spliced GDP,18673.11
NPL,Nepal,1977,1019.165,5.493935,Derived using data on central government tax revenue to GDP from IMF_GFS and the spliced GDP,18550.72
NPL,Nepal,1978,1154.122,5.448331,Derived using data on central government tax revenue to GDP from IMF_GFS and the spliced GDP,21183.04
NPL,Nepal,1979,1369.184,5.741145,Derived using data on central government tax revenue to GDP from IMF_GFS and the spliced GDP,23848.63
NPL,Nepal,1980,1418.027,5.656684,Derived using data on central government tax revenue to GDP from IMF_GFS and the spliced GDP,25068.17
NPL,Nepal,1981,1887.377,6.442966,Derived using data on central government tax revenue to GDP from IMF_GFS and the spliced GDP,29293.61
NPL,Nepal,1982,2137.556,6.4255,Derived using data on central government tax revenue to GDP from IMF_GFS and the spliced GDP,33266.77
NPL,Nepal,1983,2186.476,6.032529,Derived using data on central government tax revenue to GDP from IMF_GFS and the spliced GDP,36244.76
NPL,Nepal,1984,2442.098,5.774961,Derived using data on central government tax revenue to GDP from IMF_GFS and the spliced GDP,42287.7
NPL,Nepal,1985,2780.839,5.560246,Derived using data on central government tax revenue to GDP from IMF_GFS and the spliced GDP,50012.88
NPL,Nepal,1986,3208.742,5.362873,Derived using data on central government tax revenue to GDP from IMF_GFS and the spliced GDP,59832.52
NPL,Nepal,1987,3843.417,5.605887,Derived using data on central government tax revenue to GDP from IMF_GFS and the spliced GDP,68560.38
NPL,Nepal,1988,5056.386,6.124312,Derived using data on central government tax revenue to GDP from IMF_GFS and the spliced GDP,82562.52
NPL,Nepal,1989,5524.186,5.764287,Derived using data on central government tax revenue to GDP from IMF_GFS and the spliced GDP,95834.66
NPL,Nepal,1990,,,Derived using data on central government tax revenue to GDP from  and the spliced GDP,111020.9
NPL,Nepal,1991,,,Derived using data on central government tax revenue to GDP from  and the spliced GDP,129221.7
NPL,Nepal,1992,,,Derived using data on central government tax revenue to GDP from  and the spliced GDP,160479.8
NPL,Nepal,1993,,,Derived using data on central government tax revenue to GDP from  and the spliced GDP,184083.7
NPL,Nepal,1994,,,Derived using data on central government tax revenue to GDP from  and the spliced GDP,213925.9
NPL,Nepal,1995,,,Derived using data on central government tax revenue to GDP from  and the spliced GDP,235292.5
NPL,Nepal,1996,,,Derived using data on central government tax revenue to GDP from  and the spliced GDP,267217.3
NPL,Nepal,1997,,,Derived using data on central government tax revenue to GDP from  and the spliced GDP,301141.1
NPL,Nepal,1998,,,Derived using data on central government tax revenue to GDP from  and the spliced GDP,322968.3
NPL,Nepal,1999,,,Derived using data on central government tax revenue to GDP from  and the spliced GDP,367188.4
NPL,Nepal,2000,,,Derived using data on central government tax revenue to GDP from  and the spliced GDP,407394.5
NPL,Nepal,2001,,,Derived using data on central government tax revenue to GDP from  and the spliced GDP,441519
NPL,Nepal,2002,,,Derived using data on central government tax revenue to GDP from  and the spliced GDP,465632.6
NPL,Nepal,2003,,,Derived using data on central government tax revenue to GDP from  and the spliced GDP,505583
NPL,Nepal,2004,,,Derived using data on central government tax revenue to GDP from  and the spliced GDP,558735.9
NPL,Nepal,2005,,,Derived using data on central government tax revenue to GDP from  and the spliced GDP,621821.9
NPL,Nepal,2006,,,Derived using data on central government tax revenue to GDP from  and the spliced GDP,699346.4
NPL,Nepal,2007,,,Derived using data on central government tax revenue to GDP from  and the spliced GDP,788676.3
NPL,Nepal,2008,,,Derived using data on central government tax revenue to GDP from  and the spliced GDP,895757.6
NPL,Nepal,2009,,,Derived using data on central government tax revenue to GDP from  and the spliced GDP,1099944
NPL,Nepal,2010,,,Derived using data on central government tax revenue to GDP from  and the spliced GDP,1345435
NPL,Nepal,2011,,,Derived using data on central government tax revenue to GDP from  and the spliced GDP,1559222
NPL,Nepal,2012,,,Derived using data on central government tax revenue to GDP from  and the spliced GDP,1758379
NPL,Nepal,2013,,,Derived using data on central government tax revenue to GDP from  and the spliced GDP,1949295
NPL,Nepal,2014,,,Derived using data on central government tax revenue to GDP from  and the spliced GDP,2232525
NPL,Nepal,2015,,,Derived using data on central government tax revenue to GDP from  and the spliced GDP,2423638
NPL,Nepal,2016,,,Derived using data on central government tax revenue to GDP from  and the spliced GDP,2608184
NPL,Nepal,2017,,,Derived using data on central government tax revenue to GDP from  and the spliced GDP,3077145
NPL,Nepal,2018,,,Derived using data on central government tax revenue to GDP from  and the spliced GDP,3455949
NPL,Nepal,2019,764417.8,19.80906,Derived using data on central government tax revenue to GDP from IMF_GFS and the spliced GDP,3858930
NPL,Nepal,2020,613390.6,15.77365,Derived using data on central government tax revenue to GDP from IMF_GFS and the spliced GDP,3888704
NPL,Nepal,2021,761056.6,17.4853,Derived using data on central government tax revenue to GDP from IMF_GFS and the spliced GDP,4352550
NRU,Nauru,2014,29.59517,20.0845,Derived using data on central government tax revenue to GDP from IMF_GFS and the spliced GDP,147.3533
NRU,Nauru,2015,23.68917,17.05441,Derived using data on central government tax revenue to GDP from IMF_GFS and the spliced GDP,138.9035
NRU,Nauru,2016,39.16582,25.2821,Derived using data on central government tax revenue to GDP from IMF_GFS and the spliced GDP,154.9152
NRU,Nauru,2017,37.92673,22.62497,Derived using data on central government tax revenue to GDP from IMF_GFS and the spliced GDP,167.6321
NRU,Nauru,2018,56.31123,28.82166,Derived using data on central government tax revenue to GDP from IMF_GFS and the spliced GDP,195.3782
NRU,Nauru,2019,69.16401,34.18636,Derived using data on central government tax revenue to GDP from IMF_GFS and the spliced GDP,202.3147
NRU,Nauru,2020,95.36337,44.34854,Derived using data on central government tax revenue to GDP from IMF_GFS and the spliced GDP,215.0316
NZL,New Zealand,1931,21.9536,10.3,Derived using data on central government tax revenue to GDP from Mitchell and the spliced GDP,213.1418
NZL,New Zealand,1932,20.67475,10.54348,Derived using data on central government tax revenue to GDP from Mitchell and the spliced GDP,196.0904
NZL,New Zealand,1933,24.08502,11.18812,Derived using data on central government tax revenue to GDP from Mitchell and the spliced GDP,215.2732
NZL,New Zealand,1934,28.561,12.52336,Derived using data on central government tax revenue to GDP from Mitchell and the spliced GDP,228.0617
NZL,New Zealand,1935,32.61069,12.24,Derived using data on central government tax revenue to GDP from Mitchell and the spliced GDP,266.4272
NZL,New Zealand,1936,40.71008,12.08861,Derived using data on central government tax revenue to GDP from Mitchell and the spliced GDP,336.764
NZL,New Zealand,1937,50.30146,13.64162,Derived using data on central government tax revenue to GDP from Mitchell and the spliced GDP,368.7353
NZL,New Zealand,1938,50.94088,12.84946,Derived using data on central government tax revenue to GDP from Mitchell and the spliced GDP,396.4437
NZL,New Zealand,1939,69.05794,15.57692,Derived using data on central government tax revenue to GDP from Mitchell and the spliced GDP,443.3349
NZL,New Zealand,1940,81.6333,16.9469,Derived using data on central government tax revenue to GDP from Mitchell and the spliced GDP,481.7004
NZL,New Zealand,1941,99.11093,18.75,Derived using data on central government tax revenue to GDP from Mitchell and the spliced GDP,528.5916
NZL,New Zealand,1942,124.9011,20.5614,Derived using data on central government tax revenue to GDP from Mitchell and the spliced GDP,607.454
NZL,New Zealand,1943,125.3274,18.49057,Derived using data on central government tax revenue to GDP from Mitchell and the spliced GDP,677.7908
NZL,New Zealand,1944,136.6239,19.8452,Derived using data on central government tax revenue to GDP from Mitchell and the spliced GDP,688.4479
NZL,New Zealand,1945,148.1335,19.80057,Derived using data on central government tax revenue to GDP from Mitchell and the spliced GDP,748.1276
NZL,New Zealand,1946,219.536,27.24868,Derived using data on central government tax revenue to GDP from Mitchell and the spliced GDP,805.6759
NZL,New Zealand,1947,225.9303,21.72131,Derived using data on central government tax revenue to GDP from Mitchell and the spliced GDP,1040.132
NZL,New Zealand,1948,251.5073,23.83838,Derived using data on central government tax revenue to GDP from Mitchell and the spliced GDP,1055.052
NZL,New Zealand,1949,262.1644,22.20217,Derived using data on central government tax revenue to GDP from Mitchell and the spliced GDP,1180.805
NZL,New Zealand,1950,302.6613,20.17045,Derived using data on central government tax revenue to GDP from Mitchell and the spliced GDP,1500.518
NZL,New Zealand,1951,370.3083,23.69863,Derived using data on central government tax revenue to GDP from Mitchell and the spliced GDP,1562.573
NZL,New Zealand,1952,379.9674,23.29843,Derived using data on central government tax revenue to GDP from Mitchell and the spliced GDP,1630.871
NZL,New Zealand,1953,408.4879,22.72189,Derived using data on central government tax revenue to GDP from Mitchell and the spliced GDP,1797.772
NZL,New Zealand,1954,453.5298,22.47071,Derived using data on central government tax revenue to GDP from Mitchell and the spliced GDP,2018.315
NZL,New Zealand,1955,437.5334,20.60606,Derived using data on central government tax revenue to GDP from Mitchell and the spliced GDP,2123.324
NZL,New Zealand,1956,452.472,20.30799,Derived using data on central government tax revenue to GDP from Mitchell and the spliced GDP,2228.049
NZL,New Zealand,1957,424.9296,17.98561,Derived using data on central government tax revenue to GDP from Mitchell and the spliced GDP,2362.608
NZL,New Zealand,1958,538.9279,21.97425,Derived using data on central government tax revenue to GDP from Mitchell and the spliced GDP,2452.543
NZL,New Zealand,1959,511.8032,19.58098,Derived using data on central government tax revenue to GDP from Mitchell and the spliced GDP,2613.777
NZL,New Zealand,1960,574.6943,20.46892,Derived using data on central government tax revenue to GDP from Mitchell and the spliced GDP,2807.643
NZL,New Zealand,1961,609.2948,21.27201,Derived using data on central government tax revenue to GDP from Mitchell and the spliced GDP,2864.303
NZL,New Zealand,1962,575.4445,18.53951,Derived using data on central government tax revenue to GDP from Mitchell and the spliced GDP,3103.882
NZL,New Zealand,1963,627.2988,18.63734,Derived using data on central government tax revenue to GDP from Mitchell and the spliced GDP,3365.818
NZL,New Zealand,1964,712.787,19.39259,Derived using data on central government tax revenue to GDP from Mitchell and the spliced GDP,3675.564
NZL,New Zealand,1965,795.6451,19.9123,Derived using data on central government tax revenue to GDP from Mitchell and the spliced GDP,3995.746
NZL,New Zealand,1966,858.4694,20.67343,Derived using data on central government tax revenue to GDP from Mitchell and the spliced GDP,4152.524
NZL,New Zealand,1967,870.5383,20.17691,Derived using data on central government tax revenue to GDP from Mitchell and the spliced GDP,4314.528
NZL,New Zealand,1968,903.9952,19.86024,Derived using data on central government tax revenue to GDP from Mitchell and the spliced GDP,4551.785
NZL,New Zealand,1969,972.1689,19.34164,Derived using data on central government tax revenue to GDP from Mitchell and the spliced GDP,5026.299
NZL,New Zealand,1970,1210.104,20.93621,Derived using data on central government tax revenue to GDP from Mitchell and the spliced GDP,5779.958
NZL,New Zealand,1971,1370.454,20.0611,Derived using data on central government tax revenue to GDP from Mitchell and the spliced GDP,6831.399
NZL,New Zealand,1972,1572.942,19.92153,Derived using data on central government tax revenue to GDP from Mitchell and the spliced GDP,7895.691
NZL,New Zealand,1973,2013.126,22.00239,Derived using data on central government tax revenue to GDP from Mitchell and the spliced GDP,9149.58
NZL,New Zealand,1974,2482.256,24.89351,Derived using data on central government tax revenue to GDP from Mitchell and the spliced GDP,9971.498
NZL,New Zealand,1975,2632.712,23.41447,Derived using data on central government tax revenue to GDP from Mitchell and the spliced GDP,11243.96
NZL,New Zealand,1976,3228.544,23.64371,Derived using data on central government tax revenue to GDP from Mitchell and the spliced GDP,13654.98
NZL,New Zealand,1977,4135.566,27.01122,Derived using data on central government tax revenue to GDP from Mitchell and the spliced GDP,15310.54
NZL,New Zealand,1978,4434.868,25.48054,Derived using data on central government tax revenue to GDP from Mitchell and the spliced GDP,17404.92
NZL,New Zealand,1979,5432.259,27.05201,Derived using data on central government tax revenue to GDP from Mitchell and the spliced GDP,20080.8
NZL,New Zealand,1980,6423.188,27.39833,Derived using data on central government tax revenue to GDP from Mitchell and the spliced GDP,23443.72
NZL,New Zealand,1981,8065.85,28.43057,Derived using data on central government tax revenue to GDP from Mitchell and the spliced GDP,28370.34
NZL,New Zealand,1982,9366.552,28.67146,Derived using data on central government tax revenue to GDP from Mitchell and the spliced GDP,32668.55
NZL,New Zealand,1983,9594.052,26.35168,Derived using data on central government tax revenue to GDP from Mitchell and the spliced GDP,36407.74
NZL,New Zealand,1984,10993.3,26.62752,Derived using data on central government tax revenue to GDP from Mitchell and the spliced GDP,41285.5
NZL,New Zealand,1985,13126.09,27.53348,Derived using data on central government tax revenue to GDP from Mitchell and the spliced GDP,47673.2
NZL,New Zealand,1986,15724.38,27.76243,Derived using data on central government tax revenue to GDP from Mitchell and the spliced GDP,56639.05
NZL,New Zealand,1987,14605.26,22.94518,Derived using data on central government tax revenue to GDP from Mitchell and the spliced GDP,63652.86
NZL,New Zealand,1988,19059.92,27.46623,Derived using data on central government tax revenue to GDP from Mitchell and the spliced GDP,69394
NZL,New Zealand,1989,20412.55,27.74877,Derived using data on central government tax revenue to GDP from Mitchell and the spliced GDP,73562
NZL,New Zealand,1990,24260.82,31.62502,Derived using data on central government tax revenue to GDP from Mitchell and the spliced GDP,76714
NZL,New Zealand,1991,23771.71,31.59576,Derived using data on central government tax revenue to GDP from Mitchell and the spliced GDP,75237
NZL,New Zealand,1992,21871.74,28.30194,Derived using data on central government tax revenue to GDP from Mitchell and the spliced GDP,77280
NZL,New Zealand,1993,19935.27,24.05781,Derived using data on central government tax revenue to GDP from Mitchell and the spliced GDP,82864
NZL,New Zealand,1994,24935.25,27.9747,Derived using data on central government tax revenue to GDP from Mitchell and the spliced GDP,89135
NZL,New Zealand,1995,26137.19,27.56594,Derived using data on central government tax revenue to GDP from Mitchell and the spliced GDP,94817
NZL,New Zealand,1996,28675.06,28.53438,Derived using data on central government tax revenue to GDP from Mitchell and the spliced GDP,100493
NZL,New Zealand,1997,27851.36,26.81393,Derived using data on central government tax revenue to GDP from Mitchell and the spliced GDP,103869
NZL,New Zealand,1998,29067.18,27.45528,Derived using data on central government tax revenue to GDP from Mitchell and the spliced GDP,105871
NZL,New Zealand,1999,27959.1,25.13765,Derived using data on central government tax revenue to GDP from Mitchell and the spliced GDP,111224
NZL,New Zealand,2000,29130.5,24.61511,Derived using data on central government tax revenue to GDP from Mitchell and the spliced GDP,118344
NZL,New Zealand,2001,31019.47,24.55976,Derived using data on central government tax revenue to GDP from Mitchell and the spliced GDP,126302
NZL,New Zealand,2002,33935.89,25.38439,Derived using data on central government tax revenue to GDP from Mitchell and the spliced GDP,133688
NZL,New Zealand,2003,37346.23,26.3875,Derived using data on central government tax revenue to GDP from Mitchell and the spliced GDP,141530
NZL,New Zealand,2004,40720.55,26.61317,Derived using data on central government tax revenue to GDP from Mitchell and the spliced GDP,153009
NZL,New Zealand,2005,45132.47,28.06606,Derived using data on central government tax revenue to GDP from Mitchell and the spliced GDP,160808
NZL,New Zealand,2006,50184.85,29.70256,Derived using data on central government tax revenue to GDP from Mitchell and the spliced GDP,168958
NZL,New Zealand,2007,54648.79,29.82605,Derived using data on central government tax revenue to GDP from Mitchell and the spliced GDP,183225
NZL,New Zealand,2008,63847.64,33.70229,Derived using data on central government tax revenue to GDP from Mitchell and the spliced GDP,189446
NZL,New Zealand,2009,61962.05,32.29276,Derived using data on central government tax revenue to GDP from Mitchell and the spliced GDP,191876
NZL,New Zealand,2010,59497.35,29.52341,Derived using data on central government tax revenue to GDP from Mitchell and the spliced GDP,201526
PAK,Pakistan,1950,958.0253,4.6875,Derived using data on central government tax revenue to GDP from Mitchell and the spliced GDP,20437.87
PAK,Pakistan,1951,1059.722,4.733333,Derived using data on central government tax revenue to GDP from Mitchell and the spliced GDP,22388.5
PAK,Pakistan,1952,895.882,4.151376,Derived using data on central government tax revenue to GDP from Mitchell and the spliced GDP,21580.36
PAK,Pakistan,1953,663.0909,3.077626,Derived using data on central government tax revenue to GDP from Mitchell and the spliced GDP,21545.54
PAK,Pakistan,1954,716.8188,3.424528,Derived using data on central government tax revenue to GDP from Mitchell and the spliced GDP,20931.9
PAK,Pakistan,1955,896.9697,3.995595,Derived using data on central government tax revenue to GDP from Mitchell and the spliced GDP,22448.97
PAK,Pakistan,1956,826.8926,3.105263,Derived using data on central government tax revenue to GDP from Mitchell and the spliced GDP,26628.75
PAK,Pakistan,1957,849.526,3.010563,Derived using data on central government tax revenue to GDP from Mitchell and the spliced GDP,28218.17
PAK,Pakistan,1958,1147.875,4.128572,Derived using data on central government tax revenue to GDP from Mitchell and the spliced GDP,27803.19
PAK,Pakistan,1959,1163.788,3.707937,Derived using data on central government tax revenue to GDP from Mitchell and the spliced GDP,31386.41
PAK,Pakistan,1960,1190.833,3.600575,Derived using data on central government tax revenue to GDP from Mitchell and the spliced GDP,33073.41
PAK,Pakistan,1961,1415.449,3.89589,Derived using data on central government tax revenue to GDP from Mitchell and the spliced GDP,36331.85
PAK,Pakistan,1962,1403.938,3.692507,Derived using data on central government tax revenue to GDP from Mitchell and the spliced GDP,38021.27
PAK,Pakistan,1963,1493.605,3.913043,Derived using data on central government tax revenue to GDP from Mitchell and the spliced GDP,38169.91
PAK,Pakistan,1964,1738.662,4.196754,Derived using data on central government tax revenue to GDP from Mitchell and the spliced GDP,41428.73
PAK,Pakistan,1965,1813.891,3.988889,Derived using data on central government tax revenue to GDP from Mitchell and the spliced GDP,45473.59
PAK,Pakistan,1966,2390.628,4.646003,Derived using data on central government tax revenue to GDP from Mitchell and the spliced GDP,51455.59
PAK,Pakistan,1967,2593.144,4.735069,Derived using data on central government tax revenue to GDP from Mitchell and the spliced GDP,54764.65
PAK,Pakistan,1968,3060.639,5.314166,Derived using data on central government tax revenue to GDP from Mitchell and the spliced GDP,57593.97
PAK,Pakistan,1969,3432.354,5.594315,Derived using data on central government tax revenue to GDP from Mitchell and the spliced GDP,61354.31
PAK,Pakistan,1970,5253.222,8.39604,Derived using data on central government tax revenue to GDP from Mitchell and the spliced GDP,62567.85
PAK,Pakistan,1971,5043.618,7.578558,Derived using data on central government tax revenue to GDP from Mitchell and the spliced GDP,66551.15
PAK,Pakistan,1972,5686.042,7.93722,Derived using data on central government tax revenue to GDP from Mitchell and the spliced GDP,71637.7
PAK,Pakistan,1973,7561.189,8.550057,Derived using data on central government tax revenue to GDP from Mitchell and the spliced GDP,88434.37
PAK,Pakistan,1974,9099.963,7.882883,Derived using data on central government tax revenue to GDP from Mitchell and the spliced GDP,115439.5
PAK,Pakistan,1975,10769.29,7.392308,Derived using data on central government tax revenue to GDP from Mitchell and the spliced GDP,145682.4
PAK,Pakistan,1976,12822.53,7.506667,Derived using data on central government tax revenue to GDP from Mitchell and the spliced GDP,170815.2
PAK,Pakistan,1977,19431.87,9.903409,Derived using data on central government tax revenue to GDP from Mitchell and the spliced GDP,196213.9
PAK,Pakistan,1978,24123.93,10.44103,Derived using data on central government tax revenue to GDP from Mitchell and the spliced GDP,231049.4
PAK,Pakistan,1979,30036.31,11.76068,Derived using data on central government tax revenue to GDP from Mitchell and the spliced GDP,255396
PAK,Pakistan,1980,35022.08,11.41367,Derived using data on central government tax revenue to GDP from Mitchell and the spliced GDP,306843.3
PAK,Pakistan,1981,39500.76,10.83642,Derived using data on central government tax revenue to GDP from Mitchell and the spliced GDP,364518.6
PAK,Pakistan,1982,46033.34,10.83791,Derived using data on central government tax revenue to GDP from Mitchell and the spliced GDP,424743.6
PAK,Pakistan,1983,52087.97,10.90952,Derived using data on central government tax revenue to GDP from Mitchell and the spliced GDP,477454.1
PAK,Pakistan,1984,55670.68,10.12076,Derived using data on central government tax revenue to GDP from Mitchell and the spliced GDP,550064.1
PAK,Pakistan,1985,65338.18,10.56116,Derived using data on central government tax revenue to GDP from Mitchell and the spliced GDP,618664.5
PAK,Pakistan,1986,66475.9,9.86014,Derived using data on central government tax revenue to GDP from Mitchell and the spliced GDP,674188.2
PAK,Pakistan,1987,74344.81,9.911111,Derived using data on central government tax revenue to GDP from Mitchell and the spliced GDP,750115.8
PAK,Pakistan,1988,87116.66,9.844156,Derived using data on central government tax revenue to GDP from Mitchell and the spliced GDP,884958.2
PAK,Pakistan,1989,103687.1,10.28037,Derived using data on central government tax revenue to GDP from Mitchell and the spliced GDP,1008592
PAK,Pakistan,1990,109734.7,9.784314,Derived using data on central government tax revenue to GDP from Mitchell and the spliced GDP,1121537
PAK,Pakistan,1991,114698.6,8.609666,Derived using data on central government tax revenue to GDP from Mitchell and the spliced GDP,1332207
PAK,Pakistan,1992,142338.8,9.013514,Derived using data on central government tax revenue to GDP from Mitchell and the spliced GDP,1579172
PAK,Pakistan,1993,141285.2,8.090017,Derived using data on central government tax revenue to GDP from Mitchell and the spliced GDP,1746414
PAK,Pakistan,1994,138703.4,6.780888,Derived using data on central government tax revenue to GDP from Mitchell and the spliced GDP,2045505
PAK,Pakistan,1995,188405.3,7.706032,Derived using data on central government tax revenue to GDP from Mitchell and the spliced GDP,2444907
PAK,Pakistan,1996,232879.1,8.019288,Derived using data on central government tax revenue to GDP from Mitchell and the spliced GDP,2903987
PAK,Pakistan,1997,260323.2,7.487387,Derived using data on central government tax revenue to GDP from Mitchell and the spliced GDP,3476823
PAK,Pakistan,1998,288259.8,7.192768,Derived using data on central government tax revenue to GDP from Mitchell and the spliced GDP,4007635
PAK,Pakistan,1999,304639.8,6.626609,Derived using data on central government tax revenue to GDP from Mitchell and the spliced GDP,4597220
PAK,Pakistan,2000,306410.3,5.953072,Derived using data on central government tax revenue to GDP from Mitchell and the spliced GDP,5147095
PAK,Pakistan,2001,321307,5.680999,Derived using data on central government tax revenue to GDP from Mitchell and the spliced GDP,5655818
PAK,Pakistan,2002,332875.6,5.520218,Derived using data on central government tax revenue to GDP from Mitchell and the spliced GDP,6030117
PAK,Pakistan,2003,355486.8,5.401203,Derived using data on central government tax revenue to GDP from Mitchell and the spliced GDP,6581623
PAK,Pakistan,2004,400325,5.259353,Derived using data on central government tax revenue to GDP from Mitchell and the spliced GDP,7611678
PAK,Pakistan,2005,464396,5.387905,Derived using data on central government tax revenue to GDP from Mitchell and the spliced GDP,8619232
PAK,Pakistan,2006,379879.9,3.920706,Derived using data on central government tax revenue to GDP from Mitchell and the spliced GDP,9689071
PAK,Pakistan,2007,603098.7,5.401577,Derived using data on central government tax revenue to GDP from Mitchell and the spliced GDP,1.12e+07
PER,Peru,1942,1.40e-07,4.72973,Derived using data on central government tax revenue to GDP from Mitchell and the spliced GDP,2.96e-06
PER,Peru,1943,1.94e-07,5.985807,Derived using data on central government tax revenue to GDP from Mitchell and the spliced GDP,3.24e-06
PER,Peru,1944,2.18e-07,5.693392,Derived using data on central government tax revenue to GDP from Mitchell and the spliced GDP,3.82e-06
PER,Peru,1945,2.45e-07,5.499439,Derived using data on central government tax revenue to GDP from Mitchell and the spliced GDP,4.45e-06
PER,Peru,1946,3.73e-07,7.068607,Derived using data on central government tax revenue to GDP from Mitchell and the spliced GDP,5.28e-06
PER,Peru,1947,4.80e-07,7.056925,Derived using data on central government tax revenue to GDP from Mitchell and the spliced GDP,6.81e-06
PER,Peru,1948,5.06e-07,5.878943,Derived using data on central government tax revenue to GDP from Mitchell and the spliced GDP,8.61e-06
PER,Peru,1949,6.52e-07,5.35685,Derived using data on central government tax revenue to GDP from Mitchell and the spliced GDP,.0000122
PER,Peru,1950,1.10e-06,7.317881,Derived using data on central government tax revenue to GDP from Mitchell and the spliced GDP,.0000151
PER,Peru,1951,1.45e-06,7.778894,Derived using data on central government tax revenue to GDP from Mitchell and the spliced GDP,.0000187
PER,Peru,1952,1.37e-06,6.679245,Derived using data on central government tax revenue to GDP from Mitchell and the spliced GDP,.0000205
PER,Peru,1953,1.50e-06,6.558951,Derived using data on central government tax revenue to GDP from Mitchell and the spliced GDP,.0000228
PER,Peru,1954,2.26e-06,8.802974,Derived using data on central government tax revenue to GDP from Mitchell and the spliced GDP,.0000256
PER,Peru,1955,2.55e-06,9.057433,Derived using data on central government tax revenue to GDP from Mitchell and the spliced GDP,.0000281
PER,Peru,1956,2.91e-06,9.260606,Derived using data on central government tax revenue to GDP from Mitchell and the spliced GDP,.0000314
PER,Peru,1957,3.33e-06,9.204986,Derived using data on central government tax revenue to GDP from Mitchell and the spliced GDP,.0000362
PER,Peru,1958,2.64e-06,6.799007,Derived using data on central government tax revenue to GDP from Mitchell and the spliced GDP,.0000388
PER,Peru,1959,3.01e-06,6.660337,Derived using data on central government tax revenue to GDP from Mitchell and the spliced GDP,.0000453
PER,Peru,1960,3.45e-06,6.194244,Derived using data on central government tax revenue to GDP from Mitchell and the spliced GDP,.0000557
PER,Peru,1961,3.73e-06,6.025039,Derived using data on central government tax revenue to GDP from Mitchell and the spliced GDP,.0000619
PER,Peru,1962,3.98e-06,5.63079,Derived using data on central government tax revenue to GDP from Mitchell and the spliced GDP,.0000707
PER,Peru,1963,4.93e-06,6.357052,Derived using data on central government tax revenue to GDP from Mitchell and the spliced GDP,.0000775
PER,Peru,1964,6.54e-06,7.178904,Derived using data on central government tax revenue to GDP from Mitchell and the spliced GDP,.0000911
PER,Peru,1965,8.13e-06,7.304348,Derived using data on central government tax revenue to GDP from Mitchell and the spliced GDP,.0001113
PER,Peru,1966,8.90e-06,6.861314,Derived using data on central government tax revenue to GDP from Mitchell and the spliced GDP,.0001298
PER,Peru,1967,.0000134,8.980892,Derived using data on central government tax revenue to GDP from Mitchell and the spliced GDP,.0001493
PER,Peru,1968,.0000165,9.301076,Derived using data on central government tax revenue to GDP from Mitchell and the spliced GDP,.0001775
PER,Peru,1969,.0000181,9.090909,Derived using data on central government tax revenue to GDP from Mitchell and the spliced GDP,.0001988
PER,Peru,1970,.0000204,9.045643,Derived using data on central government tax revenue to GDP from Mitchell and the spliced GDP,.000226
PER,Peru,1971,.0000207,8.219698,Derived using data on central government tax revenue to GDP from Mitchell and the spliced GDP,.000252
PER,Peru,1972,.00002,7.152543,Derived using data on central government tax revenue to GDP from Mitchell and the spliced GDP,.000279
PER,Peru,1973,.0000238,7.130919,Derived using data on central government tax revenue to GDP from Mitchell and the spliced GDP,.0003339
PER,Peru,1974,.0000357,8.482142,Derived using data on central government tax revenue to GDP from Mitchell and the spliced GDP,.0004209
PER,Peru,1975,.0000507,9.454545,Derived using data on central government tax revenue to GDP from Mitchell and the spliced GDP,.0005359
PER,Peru,1976,.0000498,7.058824,Derived using data on central government tax revenue to GDP from Mitchell and the spliced GDP,.0007059
PER,Peru,1977,.0000681,7.088847,Derived using data on central government tax revenue to GDP from Mitchell and the spliced GDP,.0009608
PER,Peru,1978,.0001141,7.449345,Derived using data on central government tax revenue to GDP from Mitchell and the spliced GDP,.0015317
PER,Peru,1979,.0002352,8.366762,Derived using data on central government tax revenue to GDP from Mitchell and the spliced GDP,.0028115
PER,Peru,1980,.0004913,10.21703,Derived using data on central government tax revenue to GDP from Mitchell and the spliced GDP,.0048082
PER,Peru,1981,.0006488,7.556603,Derived using data on central government tax revenue to GDP from Mitchell and the spliced GDP,.0085865
PER,Peru,1982,.0009701,6.724138,Derived using data on central government tax revenue to GDP from Mitchell and the spliced GDP,.0144275
PER,Peru,1983,.0013287,5.082803,Derived using data on central government tax revenue to GDP from Mitchell and the spliced GDP,.0261404
PER,Peru,1984,.003021,5.178779,Derived using data on central government tax revenue to GDP from Mitchell and the spliced GDP,.0583338
PER,Peru,1985,.0086886,5.449736,Derived using data on central government tax revenue to GDP from Mitchell and the spliced GDP,.159432
PER,Peru,1986,.0179093,5.944445,Derived using data on central government tax revenue to GDP from Mitchell and the spliced GDP,.3012771
PER,Peru,1987,.0249994,4.196676,Derived using data on central government tax revenue to GDP from Mitchell and the spliced GDP,.5956955
PER,Peru,1988,.1473651,3.701196,Derived using data on central government tax revenue to GDP from Mitchell and the spliced GDP,3.981555
PER,Peru,1989,2.299196,2.481739,Derived using data on central government tax revenue to GDP from Mitchell and the spliced GDP,92.64456
PER,Peru,1990,119.212,2.179355,Derived using data on central government tax revenue to GDP from Mitchell and the spliced GDP,5470.057
PER,Peru,1991,602.6107,2.271071,Derived using data on central government tax revenue to GDP from Mitchell and the spliced GDP,26534.21
PER,Peru,1992,1351.361,3.023318,Derived using data on central government tax revenue to GDP from Mitchell and the spliced GDP,44697.95
PER,Peru,1993,,,Derived using data on central government tax revenue to GDP from IMF_GFS and the spliced GDP,68869.02
PER,Peru,1994,,,Derived using data on central government tax revenue to GDP from IMF_GFS and the spliced GDP,98017.88
PER,Peru,1995,17122.85,14.24034,Derived using data on central government tax revenue to GDP from IMF_GFS and the spliced GDP,120241.9
PER,Peru,1996,19958.29,14.72043,Derived using data on central government tax revenue to GDP from IMF_GFS and the spliced GDP,135582.2
PER,Peru,1997,23068.16,14.89442,Derived using data on central government tax revenue to GDP from IMF_GFS and the spliced GDP,154877.8
PER,Peru,1998,23836.42,14.66338,Derived using data on central government tax revenue to GDP from IMF_GFS and the spliced GDP,162557.5
PER,Peru,1999,22749.37,13.39544,Derived using data on central government tax revenue to GDP from IMF_GFS and the spliced GDP,169829.2
PER,Peru,2000,23376.46,12.9472,Derived using data on central government tax revenue to GDP from IMF_GFS and the spliced GDP,180552.3
PER,Peru,2001,24003.69,13.15307,Derived using data on central government tax revenue to GDP from IMF_GFS and the spliced GDP,182495
PER,Peru,2002,24431.28,12.68122,Derived using data on central government tax revenue to GDP from IMF_GFS and the spliced GDP,192657.2
PER,Peru,2003,27497.46,13.45928,Derived using data on central government tax revenue to GDP from IMF_GFS and the spliced GDP,204301.2
PER,Peru,2004,31447.6,13.79916,Derived using data on central government tax revenue to GDP from IMF_GFS and the spliced GDP,227895
PER,Peru,2005,36242.69,14.45631,Derived using data on central government tax revenue to GDP from IMF_GFS and the spliced GDP,250705
PER,Peru,2006,46105.97,15.88655,Derived using data on central government tax revenue to GDP from IMF_GFS and the spliced GDP,290220.1
PER,Peru,2007,52444.32,16.40747,Derived using data on central government tax revenue to GDP from IMF_GFS and the spliced GDP,319636.9
PER,Peru,2008,57917.01,16.42199,Derived using data on central government tax revenue to GDP from IMF_GFS and the spliced GDP,352679.7
PER,Peru,2009,52246.23,14.34921,Derived using data on central government tax revenue to GDP from IMF_GFS and the spliced GDP,364105.4
PER,Peru,2010,63833.73,15.3198,Derived using data on central government tax revenue to GDP from IMF_GFS and the spliced GDP,416674.7
PER,Peru,2011,75874.48,16.04661,Derived using data on central government tax revenue to GDP from IMF_GFS and the spliced GDP,472838.1
PER,Peru,2012,83854.8,16.50897,Derived using data on central government tax revenue to GDP from IMF_GFS and the spliced GDP,507934.9
PER,Peru,2013,88628.79,16.31588,Derived using data on central government tax revenue to GDP from IMF_GFS and the spliced GDP,543205.7
PER,Peru,2014,94307.66,16.55004,Derived using data on central government tax revenue to GDP from IMF_GFS and the spliced GDP,569833.6
PER,Peru,2015,89054.43,14.7438,Derived using data on central government tax revenue to GDP from IMF_GFS and the spliced GDP,604012.8
PER,Peru,2016,87625.53,13.53397,Derived using data on central government tax revenue to GDP from IMF_GFS and the spliced GDP,647448.9
PER,Peru,2017,88630.56,12.88735,Derived using data on central government tax revenue to GDP from IMF_GFS and the spliced GDP,687733
PER,Peru,2018,102512,14.01973,Derived using data on central government tax revenue to GDP from IMF_GFS and the spliced GDP,731198.3
PER,Peru,2019,108730.3,14.27543,Derived using data on central government tax revenue to GDP from IMF_GFS and the spliced GDP,761660.2
PER,Peru,2020,91055.45,12.93554,Derived using data on central government tax revenue to GDP from IMF_GFS and the spliced GDP,703917
PER,Peru,2021,139952.4,15.95327,Derived using data on central government tax revenue to GDP from IMF_GFS and the spliced GDP,877264.4
PHL,Philippines,2012,1360426,12.29976,Derived using data on central government tax revenue to GDP from IMF_GFS and the spliced GDP,1.11e+07
PHL,Philippines,2013,1535065,12.7385,Derived using data on central government tax revenue to GDP from IMF_GFS and the spliced GDP,1.21e+07
PHL,Philippines,2014,1718310,13.01077,Derived using data on central government tax revenue to GDP from IMF_GFS and the spliced GDP,1.32e+07
PHL,Philippines,2015,1815077,13.01675,Derived using data on central government tax revenue to GDP from IMF_GFS and the spliced GDP,1.39e+07
PHL,Philippines,2016,1979902,13.08388,Derived using data on central government tax revenue to GDP from IMF_GFS and the spliced GDP,1.51e+07
PHL,Philippines,2017,2250280,13.5914,Derived using data on central government tax revenue to GDP from IMF_GFS and the spliced GDP,1.66e+07
PHL,Philippines,2018,2565165,14.04401,Derived using data on central government tax revenue to GDP from IMF_GFS and the spliced GDP,1.83e+07
PHL,Philippines,2019,2827726,14.48788,Derived using data on central government tax revenue to GDP from IMF_GFS and the spliced GDP,1.95e+07
PHL,Philippines,2020,2503880,13.94797,Derived using data on central government tax revenue to GDP from IMF_GFS and the spliced GDP,1.80e+07
PHL,Philippines,2021,2742263,14.12765,Derived using data on central government tax revenue to GDP from IMF_GFS and the spliced GDP,1.94e+07
PHL,Philippines,2022,3219962,14.6174,Derived using data on central government tax revenue to GDP from IMF_GFS and the spliced GDP,2.20e+07
PHL,Philippines,2023,3429277,14.10145,Derived using data on central government tax revenue to GDP from IMF_GFS and the spliced GDP,2.43e+07
PLW,Palau,2008,33.40725,16.8522,Derived using data on central government tax revenue to GDP from IMF_GFS and the spliced GDP,198.2368
PLW,Palau,2009,29.4007,16.00602,Derived using data on central government tax revenue to GDP from IMF_GFS and the spliced GDP,183.6852
PLW,Palau,2010,31.33647,17.10204,Derived using data on central government tax revenue to GDP from IMF_GFS and the spliced GDP,183.2323
PLW,Palau,2011,34.82549,17.92498,Derived using data on central government tax revenue to GDP from IMF_GFS and the spliced GDP,194.2847
PLW,Palau,2012,39.0977,18.35855,Derived using data on central government tax revenue to GDP from IMF_GFS and the spliced GDP,212.9672
PLW,Palau,2013,41.53569,18.50253,Derived using data on central government tax revenue to GDP from IMF_GFS and the spliced GDP,224.4866
PLW,Palau,2014,47.06958,19.35705,Derived using data on central government tax revenue to GDP from IMF_GFS and the spliced GDP,243.1651
PLW,Palau,2015,54.72971,19.51581,Derived using data on central government tax revenue to GDP from IMF_GFS and the spliced GDP,280.4378
PLW,Palau,2016,58.93585,19.70788,Derived using data on central government tax revenue to GDP from IMF_GFS and the spliced GDP,299.0472
PLW,Palau,2017,56.66493,19.83903,Derived using data on central government tax revenue to GDP from IMF_GFS and the spliced GDP,285.6235
PLW,Palau,2018,60.1576,21.11659,Derived using data on central government tax revenue to GDP from IMF_GFS and the spliced GDP,284.8831
PLW,Palau,2019,53.08453,18.8282,Derived using data on central government tax revenue to GDP from IMF_GFS and the spliced GDP,281.9416
POL,Poland,1995,78545.29,23.1,Derived using data on central government tax revenue to GDP from EUS and the spliced GDP,340022.9
POL,Poland,1996,95231.11,22.4,Derived using data on central government tax revenue to GDP from EUS and the spliced GDP,425138.9
POL,Poland,1997,112414.6,21.7,Derived using data on central government tax revenue to GDP from EUS and the spliced GDP,518039.7
POL,Poland,1998,126179.2,20.9,Derived using data on central government tax revenue to GDP from EUS and the spliced GDP,603728.3
POL,Poland,1999,126342.3,18.9,Derived using data on central government tax revenue to GDP from EUS and the spliced GDP,668477.9
POL,Poland,2000,132666.3,17.7,Derived using data on central government tax revenue to GDP from EUS and the spliced GDP,749527.4
POL,Poland,2001,133018.1,16.9,Derived using data on central government tax revenue to GDP from EUS and the spliced GDP,787089.4
POL,Poland,2002,145183.6,17.8,Derived using data on central government tax revenue to GDP from EUS and the spliced GDP,815638.1
POL,Poland,2003,149611.9,17.6,Derived using data on central government tax revenue to GDP from EUS and the spliced GDP,850067.6
POL,Poland,2004,155383.2,16.6,Derived using data on central government tax revenue to GDP from EUS and the spliced GDP,936043.5
POL,Poland,2005,171788.6,17.3,Derived using data on central government tax revenue to GDP from EUS and the spliced GDP,992997.8
POL,Poland,2006,192988.8,18,Derived using data on central government tax revenue to GDP from EUS and the spliced GDP,1072160
POL,Poland,2007,224589.1,18.9,Derived using data on central government tax revenue to GDP from EUS and the spliced GDP,1188302
POL,Poland,2008,246275,19.1,Derived using data on central government tax revenue to GDP from EUS and the spliced GDP,1289398
POL,Poland,2009,232046.4,16.9,Derived using data on central government tax revenue to GDP from EUS and the spliced GDP,1373055
POL,Poland,2010,250457.2,17.4,Derived using data on central government tax revenue to GDP from EUS and the spliced GDP,1439409
POL,Poland,2011,273149.6,17.5,Derived using data on central government tax revenue to GDP from EUS and the spliced GDP,1560855
POL,Poland,2012,273958.4,16.9,Derived using data on central government tax revenue to GDP from EUS and the spliced GDP,1621056
POL,Poland,2013,271788.2,16.6,Derived using data on central government tax revenue to GDP from EUS and the spliced GDP,1637278
POL,Poland,2014,283784.8,16.6,Derived using data on central government tax revenue to GDP from EUS and the spliced GDP,1709547
POL,Poland,2015,298050.2,16.5,Derived using data on central government tax revenue to GDP from EUS and the spliced GDP,1806365
POL,Poland,2016,319167.8,17.1,Derived using data on central government tax revenue to GDP from EUS and the spliced GDP,1866478
POL,Poland,2017,351349.2,17.6,Derived using data on central government tax revenue to GDP from EUS and the spliced GDP,1996302
POL,Poland,2018,386201.2,18,Derived using data on central government tax revenue to GDP from EUS and the spliced GDP,2145562
POL,Poland,2019,413700.7,17.9,Derived using data on central government tax revenue to GDP from EUS and the spliced GDP,2311177
POL,Poland,2020,427321.2,18.1,Derived using data on central government tax revenue to GDP from EUS and the spliced GDP,2360891
POL,Poland,2021,524136.1,19.7,Derived using data on central government tax revenue to GDP from EUS and the spliced GDP,2660589
POL,Poland,2022,551107.1,17.8,Derived using data on central government tax revenue to GDP from EUS and the spliced GDP,3096108
POL,Poland,2023,639379.1,18.8,Derived using data on central government tax revenue to GDP from EUS and the spliced GDP,3400953
POL,Poland,2024,658916.3,18.2,Derived using data on central government tax revenue to GDP from EUS and the spliced GDP,3620419
PRT,Portugal,1837,.0303192,2.941176,Derived using data on central government tax revenue to GDP from CS1 and the spliced GDP,1.030853
PRT,Portugal,1838,.0303192,3.030303,Derived using data on central government tax revenue to GDP from CS1 and the spliced GDP,1.000534
PRT,Portugal,1839,.0353724,3.535353,Derived using data on central government tax revenue to GDP from CS1 and the spliced GDP,1.000534
PRT,Portugal,1840,.0353724,3.5,Derived using data on central government tax revenue to GDP from CS1 and the spliced GDP,1.01064
PRT,Portugal,1841,.0303192,2.690583,Derived using data on central government tax revenue to GDP from CS1 and the spliced GDP,1.126864
PRT,Portugal,1842,.0353724,2.880658,Derived using data on central government tax revenue to GDP from CS1 and the spliced GDP,1.227928
PRT,Portugal,1843,.0353724,2.8,Derived using data on central government tax revenue to GDP from CS1 and the spliced GDP,1.263301
PRT,Portugal,1844,.0404256,3.11284,Derived using data on central government tax revenue to GDP from CS1 and the spliced GDP,1.298673
PRT,Portugal,1845,,,Derived using data on central government tax revenue to GDP from CS1 and the spliced GDP,
PRT,Portugal,1846,,,Derived using data on central government tax revenue to GDP from CS1 and the spliced GDP,
PRT,Portugal,1847,,,Derived using data on central government tax revenue to GDP from CS1 and the spliced GDP,
PRT,Portugal,1848,,,Derived using data on central government tax revenue to GDP from CS1 and the spliced GDP,1.248141
PRT,Portugal,1849,,,Derived using data on central government tax revenue to GDP from CS1 and the spliced GDP,
PRT,Portugal,1850,,,Derived using data on central government tax revenue to GDP from CS1 and the spliced GDP,
PRT,Portugal,1851,,,Derived using data on central government tax revenue to GDP from CS1 and the spliced GDP,1.288567
PRT,Portugal,1852,.0454788,3,Derived using data on central government tax revenue to GDP from CS1 and the spliced GDP,1.515961
PRT,Portugal,1853,.050532,3.378378,Derived using data on central government tax revenue to GDP from CS1 and the spliced GDP,1.495748
PRT,Portugal,1854,.0454788,3.050848,Derived using data on central government tax revenue to GDP from CS1 and the spliced GDP,1.490695
PRT,Portugal,1855,.050532,3.246753,Derived using data on central government tax revenue to GDP from CS1 and the spliced GDP,1.556386
PRT,Portugal,1856,.050532,3.08642,Derived using data on central government tax revenue to GDP from CS1 and the spliced GDP,1.637238
PRT,Portugal,1857,.050532,2.985075,Derived using data on central government tax revenue to GDP from CS1 and the spliced GDP,1.692823
PRT,Portugal,1858,.050532,2.932551,Derived using data on central government tax revenue to GDP from CS1 and the spliced GDP,1.723142
PRT,Portugal,1859,.0555852,3.197675,Derived using data on central government tax revenue to GDP from CS1 and the spliced GDP,1.738302
PRT,Portugal,1860,.050532,2.890173,Derived using data on central government tax revenue to GDP from CS1 and the spliced GDP,1.748408
PRT,Portugal,1861,.0555852,3.005465,Derived using data on central government tax revenue to GDP from CS1 and the spliced GDP,1.849472
PRT,Portugal,1862,.0606384,3.092783,Derived using data on central government tax revenue to GDP from CS1 and the spliced GDP,1.960642
PRT,Portugal,1863,.0656916,3.233831,Derived using data on central government tax revenue to GDP from CS1 and the spliced GDP,2.031387
PRT,Portugal,1864,.0656916,3.037383,Derived using data on central government tax revenue to GDP from CS1 and the spliced GDP,2.162771
PRT,Portugal,1865,.075798,3.496504,Derived using data on central government tax revenue to GDP from CS1 and the spliced GDP,2.167824
PRT,Portugal,1866,.0656916,3.13253,Derived using data on central government tax revenue to GDP from CS1 and the spliced GDP,2.097079
PRT,Portugal,1867,.0656916,3.023256,Derived using data on central government tax revenue to GDP from CS1 and the spliced GDP,2.172877
PRT,Portugal,1868,.0707448,3.174603,Derived using data on central government tax revenue to GDP from CS1 and the spliced GDP,2.228462
PRT,Portugal,1869,.0707448,3.076923,Derived using data on central government tax revenue to GDP from CS1 and the spliced GDP,2.299207
PRT,Portugal,1870,.075798,3.191489,Derived using data on central government tax revenue to GDP from CS1 and the spliced GDP,2.375005
PRT,Portugal,1871,.075798,3.198294,Derived using data on central government tax revenue to GDP from CS1 and the spliced GDP,2.369952
PRT,Portugal,1872,.0808512,3.219316,Derived using data on central government tax revenue to GDP from CS1 and the spliced GDP,2.511441
PRT,Portugal,1873,.0859044,3.219697,Derived using data on central government tax revenue to GDP from CS1 and the spliced GDP,2.668091
PRT,Portugal,1874,.0960108,3.374778,Derived using data on central government tax revenue to GDP from CS1 and the spliced GDP,2.844953
PRT,Portugal,1875,.101064,3.361345,Derived using data on central government tax revenue to GDP from CS1 and the spliced GDP,3.006655
PRT,Portugal,1876,.1061172,3.505843,Derived using data on central government tax revenue to GDP from CS1 and the spliced GDP,3.026868
PRT,Portugal,1877,.1061172,3.425775,Derived using data on central government tax revenue to GDP from CS1 and the spliced GDP,3.097613
PRT,Portugal,1878,.1111704,3.594771,Derived using data on central government tax revenue to GDP from CS1 and the spliced GDP,3.09256
PRT,Portugal,1879,.1212768,4.026845,Derived using data on central government tax revenue to GDP from CS1 and the spliced GDP,3.011708
PRT,Portugal,1880,.101064,3.289474,Derived using data on central government tax revenue to GDP from CS1 and the spliced GDP,3.072347
PRT,Portugal,1881,.1111704,3.470031,Derived using data on central government tax revenue to GDP from CS1 and the spliced GDP,3.20373
PRT,Portugal,1882,.12633,3.846154,Derived using data on central government tax revenue to GDP from CS1 and the spliced GDP,3.284581
PRT,Portugal,1883,.1162236,3.543914,Derived using data on central government tax revenue to GDP from CS1 and the spliced GDP,3.279528
PRT,Portugal,1884,.1263301,3.687316,Derived using data on central government tax revenue to GDP from CS1 and the spliced GDP,3.426071
PRT,Portugal,1885,.1313833,3.714286,Derived using data on central government tax revenue to GDP from CS1 and the spliced GDP,3.537241
PRT,Portugal,1886,.1364365,3.663501,Derived using data on central government tax revenue to GDP from CS1 and the spliced GDP,3.72421
PRT,Portugal,1887,.1465429,3.846154,Derived using data on central government tax revenue to GDP from CS1 and the spliced GDP,3.810115
PRT,Portugal,1888,.1617025,4.010025,Derived using data on central government tax revenue to GDP from CS1 and the spliced GDP,4.032455
PRT,Portugal,1889,.1617025,3.936039,Derived using data on central government tax revenue to GDP from CS1 and the spliced GDP,4.108253
PRT,Portugal,1890,.1617025,3.950617,Derived using data on central government tax revenue to GDP from CS1 and the spliced GDP,4.093094
PRT,Portugal,1891,.1667557,4.069051,Derived using data on central government tax revenue to GDP from CS1 and the spliced GDP,4.098147
PRT,Portugal,1892,.1617025,3.804994,Derived using data on central government tax revenue to GDP from CS1 and the spliced GDP,4.249743
PRT,Portugal,1893,.1768621,4.069767,Derived using data on central government tax revenue to GDP from CS1 and the spliced GDP,4.345754
PRT,Portugal,1894,.1970749,4.431818,Derived using data on central government tax revenue to GDP from CS1 and the spliced GDP,4.446818
PRT,Portugal,1895,.1920217,4.081633,Derived using data on central government tax revenue to GDP from CS1 and the spliced GDP,4.704531
PRT,Portugal,1896,.2172877,4.512067,Derived using data on central government tax revenue to GDP from CS1 and the spliced GDP,4.815701
PRT,Portugal,1897,.2021281,4.22833,Derived using data on central government tax revenue to GDP from CS1 and the spliced GDP,4.780329
PRT,Portugal,1898,.2021281,4.136505,Derived using data on central government tax revenue to GDP from CS1 and the spliced GDP,4.886446
PRT,Portugal,1899,.2071813,4.149797,Derived using data on central government tax revenue to GDP from CS1 and the spliced GDP,4.992563
PRT,Portugal,1900,.2223409,4.317959,Derived using data on central government tax revenue to GDP from CS1 and the spliced GDP,5.149213
PRT,Portugal,1901,.2273941,4.527163,Derived using data on central government tax revenue to GDP from CS1 and the spliced GDP,5.022883
PRT,Portugal,1902,.2172877,4.308617,Derived using data on central government tax revenue to GDP from CS1 and the spliced GDP,5.043096
PRT,Portugal,1903,.2273941,4.356244,Derived using data on central government tax revenue to GDP from CS1 and the spliced GDP,5.219958
PRT,Portugal,1904,.2375005,4.463438,Derived using data on central government tax revenue to GDP from CS1 and the spliced GDP,5.321022
PRT,Portugal,1905,.2425537,4.532578,Derived using data on central government tax revenue to GDP from CS1 and the spliced GDP,5.351341
PRT,Portugal,1906,.2425537,4.494382,Derived using data on central government tax revenue to GDP from CS1 and the spliced GDP,5.39682
PRT,Portugal,1907,.2375005,4.288321,Derived using data on central government tax revenue to GDP from CS1 and the spliced GDP,5.53831
PRT,Portugal,1908,.2526601,4.464286,Derived using data on central government tax revenue to GDP from CS1 and the spliced GDP,5.659586
PRT,Portugal,1909,.2526601,4.397537,Derived using data on central government tax revenue to GDP from CS1 and the spliced GDP,5.745491
PRT,Portugal,1910,.2577133,4.434783,Derived using data on central government tax revenue to GDP from CS1 and the spliced GDP,5.811182
PRT,Portugal,1911,.2526601,4.413063,Derived using data on central government tax revenue to GDP from CS1 and the spliced GDP,5.725278
PRT,Portugal,1912,.2577133,4.282116,Derived using data on central government tax revenue to GDP from CS1 and the spliced GDP,6.018363
PRT,Portugal,1913,.2829793,4.631927,Derived using data on central government tax revenue to GDP from CS1 and the spliced GDP,6.109321
PRT,Portugal,1914,.2678197,4.69442,Derived using data on central government tax revenue to GDP from CS1 and the spliced GDP,5.705065
PRT,Portugal,1915,.2324473,3.807947,Derived using data on central government tax revenue to GDP from CS1 and the spliced GDP,6.104268
PRT,Portugal,1916,.2375005,3.398409,Derived using data on central government tax revenue to GDP from CS1 and the spliced GDP,6.988579
PRT,Portugal,1917,.2526601,3.49406,Derived using data on central government tax revenue to GDP from CS1 and the spliced GDP,7.231132
PRT,Portugal,1918,.2476069,2.820956,Derived using data on central government tax revenue to GDP from CS1 and the spliced GDP,8.777412
PRT,Portugal,1919,.323405,2.873821,Derived using data on central government tax revenue to GDP from CS1 and the spliced GDP,11.25348
PRT,Portugal,1920,.4446818,2.821417,Derived using data on central government tax revenue to GDP from CS1 and the spliced GDP,15.76094
PRT,Portugal,1921,.6619694,3.385013,Derived using data on central government tax revenue to GDP from CS1 and the spliced GDP,19.55589
PRT,Portugal,1922,.8742039,2.821726,Derived using data on central government tax revenue to GDP from CS1 and the spliced GDP,30.98118
PRT,Portugal,1923,1.622078,3.451984,Derived using data on central government tax revenue to GDP from CS1 and the spliced GDP,46.98973
PRT,Portugal,1924,2.804527,4.574302,Derived using data on central government tax revenue to GDP from CS1 and the spliced GDP,61.3105
PRT,Portugal,1925,3.70905,5.457249,Derived using data on central government tax revenue to GDP from CS1 and the spliced GDP,67.96557
PRT,Portugal,1926,4.11836,5.738225,Derived using data on central government tax revenue to GDP from CS1 and the spliced GDP,71.77063
PRT,Portugal,1927,4.583254,5.911105,Derived using data on central government tax revenue to GDP from CS1 and the spliced GDP,77.53634
PRT,Portugal,1928,5.401873,5.857855,Derived using data on central government tax revenue to GDP from CS1 and the spliced GDP,92.21588
PRT,Portugal,1929,7.296824,7.111899,Derived using data on central government tax revenue to GDP from CS1 and the spliced GDP,102.6002
PRT,Portugal,1930,7.82741,7.792926,Derived using data on central government tax revenue to GDP from CS1 and the spliced GDP,100.4425
PRT,Portugal,1931,7.271557,7.498306,Derived using data on central government tax revenue to GDP from CS1 and the spliced GDP,96.976
PRT,Portugal,1932,7.488845,7.596883,Derived using data on central government tax revenue to GDP from CS1 and the spliced GDP,98.57787
PRT,Portugal,1933,7.564643,7.525639,Derived using data on central government tax revenue to GDP from CS1 and the spliced GDP,100.5183
PRT,Portugal,1934,7.822357,7.48984,Derived using data on central government tax revenue to GDP from CS1 and the spliced GDP,104.4396
PRT,Portugal,1935,12.25907,11.61321,Derived using data on central government tax revenue to GDP from CS1 and the spliced GDP,105.5614
PRT,Portugal,1936,8.145762,7.560266,Derived using data on central government tax revenue to GDP from CS1 and the spliced GDP,107.7444
PRT,Portugal,1937,8.403476,7.461414,Derived using data on central government tax revenue to GDP from CS1 and the spliced GDP,112.6258
PRT,Portugal,1938,8.85321,7.568361,Derived using data on central government tax revenue to GDP from CS1 and the spliced GDP,116.9766
PRT,Portugal,1939,8.509592,7.192278,Derived using data on central government tax revenue to GDP from CS1 and the spliced GDP,118.3157
PRT,Portugal,1940,8.726879,7.062239,Derived using data on central government tax revenue to GDP from CS1 and the spliced GDP,123.571
PRT,Portugal,1941,9.656669,6.580805,Derived using data on central government tax revenue to GDP from CS1 and the spliced GDP,146.7399
PRT,Portugal,1942,11.94577,6.930316,Derived using data on central government tax revenue to GDP from CS1 and the spliced GDP,172.3698
PRT,Portugal,1943,12.3955,6.760928,Derived using data on central government tax revenue to GDP from CS1 and the spliced GDP,183.3403
PRT,Portugal,1944,12.76439,7.170433,Derived using data on central government tax revenue to GDP from CS1 and the spliced GDP,178.0142
PRT,Portugal,1945,12.98673,7.069957,Derived using data on central government tax revenue to GDP from CS1 and the spliced GDP,183.6889
PRT,Portugal,1946,14.9979,7.017544,Derived using data on central government tax revenue to GDP from CS1 and the spliced GDP,213.7201
PRT,Portugal,1947,17.11014,7.215001,Derived using data on central government tax revenue to GDP from CS1 and the spliced GDP,237.1468
PRT,Portugal,1948,17.65589,7.326023,Derived using data on central government tax revenue to GDP from CS1 and the spliced GDP,241.0024
PRT,Portugal,1949,18.63116,7.586576,Derived using data on central government tax revenue to GDP from CS1 and the spliced GDP,245.5806
PRT,Portugal,1950,19.4144,7.583294,Derived using data on central government tax revenue to GDP from CS1 and the spliced GDP,256.0154
PRT,Portugal,1951,21.09687,7.461646,Derived using data on central government tax revenue to GDP from CS1 and the spliced GDP,282.7375
PRT,Portugal,1952,22.64596,7.750775,Derived using data on central government tax revenue to GDP from CS1 and the spliced GDP,292.1768
PRT,Portugal,1953,24.24046,7.694133,Derived using data on central government tax revenue to GDP from CS1 and the spliced GDP,315.0511
PRT,Portugal,1954,20.14247,6.245544,Derived using data on central government tax revenue to GDP from Mitchell and the spliced GDP,322.5094
PRT,Portugal,1955,21.51566,6.32397,Derived using data on central government tax revenue to GDP from Mitchell and the spliced GDP,340.224
PRT,Portugal,1956,22.9207,6.254355,Derived using data on central government tax revenue to GDP from Mitchell and the spliced GDP,366.4758
PRT,Portugal,1957,24.36779,6.294509,Derived using data on central government tax revenue to GDP from Mitchell and the spliced GDP,387.1278
PRT,Portugal,1958,25.12745,6.340872,Derived using data on central government tax revenue to GDP from Mitchell and the spliced GDP,396.2774
PRT,Portugal,1959,26.43349,6.24357,Derived using data on central government tax revenue to GDP from Mitchell and the spliced GDP,423.3714
PRT,Portugal,1960,29.36205,6.28453,Derived using data on central government tax revenue to GDP from Mitchell and the spliced GDP,467.2115
PRT,Portugal,1961,33.24287,6.611902,Derived using data on central government tax revenue to GDP from Mitchell and the spliced GDP,502.7732
PRT,Portugal,1962,33.09663,6.186522,Derived using data on central government tax revenue to GDP from Mitchell and the spliced GDP,534.9796
PRT,Portugal,1963,35.55921,6.12754,Derived using data on central government tax revenue to GDP from Mitchell and the spliced GDP,580.3179
PRT,Portugal,1964,36.98526,5.875783,Derived using data on central government tax revenue to GDP from Mitchell and the spliced GDP,629.4524
PRT,Portugal,1965,43.94923,6.252337,Derived using data on central government tax revenue to GDP from Mitchell and the spliced GDP,702.9249
PRT,Portugal,1966,49.58239,6.438461,Derived using data on central government tax revenue to GDP from Mitchell and the spliced GDP,770.0968
PRT,Portugal,1967,64.81624,7.529771,Derived using data on central government tax revenue to GDP from Mitchell and the spliced GDP,860.7996
PRT,Portugal,1968,71.10296,7.461905,Derived using data on central government tax revenue to GDP from Mitchell and the spliced GDP,952.8795
PRT,Portugal,1969,80.15385,7.669753,Derived using data on central government tax revenue to GDP from Mitchell and the spliced GDP,1045.064
PRT,Portugal,1970,99.47505,8.555367,Derived using data on central government tax revenue to GDP from Mitchell and the spliced GDP,1162.721
PRT,Portugal,1971,102.376,7.862814,Derived using data on central government tax revenue to GDP from Mitchell and the spliced GDP,1302.027
PRT,Portugal,1972,114.0268,7.520779,Derived using data on central government tax revenue to GDP from Mitchell and the spliced GDP,1516.157
PRT,Portugal,1973,128.6978,6.97331,Derived using data on central government tax revenue to GDP from Mitchell and the spliced GDP,1845.576
PRT,Portugal,1974,167.79,7.56213,Derived using data on central government tax revenue to GDP from Mitchell and the spliced GDP,2218.82
PRT,Portugal,1975,251.9306,10.21277,Derived using data on central government tax revenue to GDP from Mitchell and the spliced GDP,2466.82
PRT,Portugal,1976,341.9983,11.15385,Derived using data on central government tax revenue to GDP from Mitchell and the spliced GDP,3066.191
PRT,Portugal,1977,477.9298,11.67732,Derived using data on central government tax revenue to GDP from Mitchell and the spliced GDP,4092.805
PRT,Portugal,1978,578.9592,11.24524,Derived using data on central government tax revenue to GDP from Mitchell and the spliced GDP,5148.485
PRT,Portugal,1979,755.5733,11.63142,Derived using data on central government tax revenue to GDP from Mitchell and the spliced GDP,6495.968
PRT,Portugal,1980,1001.931,12.19745,Derived using data on central government tax revenue to GDP from Mitchell and the spliced GDP,8214.262
PRT,Portugal,1981,1335.534,13.60426,Derived using data on central government tax revenue to GDP from Mitchell and the spliced GDP,9817.023
PRT,Portugal,1982,1647.072,13.61081,Derived using data on central government tax revenue to GDP from Mitchell and the spliced GDP,12101.2
PRT,Portugal,1983,2193.159,14.56994,Derived using data on central government tax revenue to GDP from Mitchell and the spliced GDP,15052.63
PRT,Portugal,1984,2520.831,13.68963,Derived using data on central government tax revenue to GDP from Mitchell and the spliced GDP,18414.16
PRT,Portugal,1985,3148.187,13.66061,Derived using data on central government tax revenue to GDP from Mitchell and the spliced GDP,23045.72
PRT,Portugal,1986,4026.235,13.9276,Derived using data on central government tax revenue to GDP from Mitchell and the spliced GDP,28908.32
PRT,Portugal,1987,4467.038,13.19339,Derived using data on central government tax revenue to GDP from Mitchell and the spliced GDP,33858.14
PRT,Portugal,1988,,,Derived using data on central government tax revenue to GDP from EUS and the spliced GDP,40457.33
PRT,Portugal,1989,,,Derived using data on central government tax revenue to GDP from EUS and the spliced GDP,47590.6
PRT,Portugal,1990,,,Derived using data on central government tax revenue to GDP from EUS and the spliced GDP,55973.43
PRT,Portugal,1991,,,Derived using data on central government tax revenue to GDP from EUS and the spliced GDP,64310.66
PRT,Portugal,1992,,,Derived using data on central government tax revenue to GDP from EUS and the spliced GDP,72452.52
PRT,Portugal,1993,,,Derived using data on central government tax revenue to GDP from EUS and the spliced GDP,76207.32
PRT,Portugal,1994,,,Derived using data on central government tax revenue to GDP from EUS and the spliced GDP,82542.2
PRT,Portugal,1995,20832.68,23.4,Derived using data on central government tax revenue to GDP from EUS and the spliced GDP,89028.55
PRT,Portugal,1996,22644.38,24,Derived using data on central government tax revenue to GDP from EUS and the spliced GDP,94351.59
PRT,Portugal,1997,24354.77,23.8,Derived using data on central government tax revenue to GDP from EUS and the spliced GDP,102331
PRT,Portugal,1998,26390.75,23.7,Derived using data on central government tax revenue to GDP from EUS and the spliced GDP,111353.4
PRT,Portugal,1999,28824.4,24.1,Derived using data on central government tax revenue to GDP from EUS and the spliced GDP,119603.3
PRT,Portugal,2000,31204.71,24.3,Derived using data on central government tax revenue to GDP from EUS and the spliced GDP,128414.4
PRT,Portugal,2001,32450.23,23.9,Derived using data on central government tax revenue to GDP from EUS and the spliced GDP,135775
PRT,Portugal,2002,34783.24,24.4,Derived using data on central government tax revenue to GDP from EUS and the spliced GDP,142554.3
PRT,Portugal,2003,34910.22,23.9,Derived using data on central government tax revenue to GDP from EUS and the spliced GDP,146067.9
PRT,Portugal,2004,36844.11,24.2,Derived using data on central government tax revenue to GDP from EUS and the spliced GDP,152248.4
PRT,Portugal,2005,39479.62,24.9,Derived using data on central government tax revenue to GDP from EUS and the spliced GDP,158552.7
PRT,Portugal,2006,41731.38,25.1,Derived using data on central government tax revenue to GDP from EUS and the spliced GDP,166260.5
PRT,Portugal,2007,44046.34,25.1,Derived using data on central government tax revenue to GDP from EUS and the spliced GDP,175483.4
PRT,Portugal,2008,44417.49,24.8,Derived using data on central government tax revenue to GDP from EUS and the spliced GDP,179102.8
PRT,Portugal,2009,40521.2,23.1,Derived using data on central government tax revenue to GDP from EUS and the spliced GDP,175416.4
PRT,Portugal,2010,42626.9,23.7,Derived using data on central government tax revenue to GDP from EUS and the spliced GDP,179860.3
PRT,Portugal,2011,44255.82,25.1,Derived using data on central government tax revenue to GDP from EUS and the spliced GDP,176318
PRT,Portugal,2012,40617.84,24.1,Derived using data on central government tax revenue to GDP from EUS and the spliced GDP,168538.8
PRT,Portugal,2013,45229.05,26.5,Derived using data on central government tax revenue to GDP from EUS and the spliced GDP,170675.7
PRT,Portugal,2014,45721.28,26.4,Derived using data on central government tax revenue to GDP from EUS and the spliced GDP,173186.7
PRT,Portugal,2015,47180.28,26.3,Derived using data on central government tax revenue to GDP from EUS and the spliced GDP,179392.7
PRT,Portugal,2016,48086.23,25.8,Derived using data on central government tax revenue to GDP from EUS and the spliced GDP,186380.8
PRT,Portugal,2017,50245.85,25.7,Derived using data on central government tax revenue to GDP from EUS and the spliced GDP,195509.1
PRT,Portugal,2018,52684.39,25.7,Derived using data on central government tax revenue to GDP from EUS and the spliced GDP,204997.6
PRT,Portugal,2019,54051.45,25.2,Derived using data on central government tax revenue to GDP from EUS and the spliced GDP,214489.9
PRT,Portugal,2020,50660.24,25.2,Derived using data on central government tax revenue to GDP from EUS and the spliced GDP,201032.7
PRT,Portugal,2021,54339.93,25.1,Derived using data on central government tax revenue to GDP from EUS and the spliced GDP,216493.8
PRT,Portugal,2022,62696.97,25.7,Derived using data on central government tax revenue to GDP from EUS and the spliced GDP,243957.1
PRT,Portugal,2023,67113.47,25.1,Derived using data on central government tax revenue to GDP from EUS and the spliced GDP,267384.3
PRT,Portugal,2024,70278.79,24.8,Derived using data on central government tax revenue to GDP from EUS and the spliced GDP,283382.2
PRY,Paraguay,2005,5772782,8.264614,Derived using data on central government tax revenue to GDP from IMF_GFS and the spliced GDP,6.98e+07
PRY,Paraguay,2006,6485008,8.350504,Derived using data on central government tax revenue to GDP from IMF_GFS and the spliced GDP,7.77e+07
PRY,Paraguay,2007,7043591,7.837878,Derived using data on central government tax revenue to GDP from IMF_GFS and the spliced GDP,8.99e+07
PRY,Paraguay,2008,8693324,8.094072,Derived using data on central government tax revenue to GDP from IMF_GFS and the spliced GDP,1.07e+08
PRY,Paraguay,2009,9246193,8.327582,Derived using data on central government tax revenue to GDP from IMF_GFS and the spliced GDP,1.11e+08
PRY,Paraguay,2010,1.15e+07,8.871214,Derived using data on central government tax revenue to GDP from IMF_GFS and the spliced GDP,1.29e+08
PRY,Paraguay,2011,1.33e+07,9.366835,Derived using data on central government tax revenue to GDP from IMF_GFS and the spliced GDP,1.41e+08
PRY,Paraguay,2012,1.39e+07,9.457778,Derived using data on central government tax revenue to GDP from IMF_GFS and the spliced GDP,1.47e+08
PRY,Paraguay,2013,1.49e+07,8.929432,Derived using data on central government tax revenue to GDP from IMF_GFS and the spliced GDP,1.66e+08
PRY,Paraguay,2014,1.76e+07,9.745176,Derived using data on central government tax revenue to GDP from IMF_GFS and the spliced GDP,1.80e+08
PRY,Paraguay,2015,1.82e+07,9.642287,Derived using data on central government tax revenue to GDP from IMF_GFS and the spliced GDP,1.88e+08
PRY,Paraguay,2016,1.96e+07,9.559065,Derived using data on central government tax revenue to GDP from IMF_GFS and the spliced GDP,2.05e+08
PRY,Paraguay,2017,2.18e+07,9.958436,Derived using data on central government tax revenue to GDP from IMF_GFS and the spliced GDP,2.19e+08
PRY,Paraguay,2018,2.32e+07,10.07511,Derived using data on central government tax revenue to GDP from IMF_GFS and the spliced GDP,2.31e+08
PRY,Paraguay,2019,2.37e+07,9.995879,Derived using data on central government tax revenue to GDP from IMF_GFS and the spliced GDP,2.37e+08
PRY,Paraguay,2020,2.28e+07,9.515,Derived using data on central government tax revenue to GDP from IMF_GFS and the spliced GDP,2.40e+08
PRY,Paraguay,2021,2.65e+07,9.794255,Derived using data on central government tax revenue to GDP from IMF_GFS and the spliced GDP,2.71e+08
PRY,Paraguay,2022,3.01e+07,10.26616,Derived using data on central government tax revenue to GDP from IMF_GFS and the spliced GDP,2.93e+08
PRY,Paraguay,2023,3.19e+07,10.177,Derived using data on central government tax revenue to GDP from IMF_GFS and the spliced GDP,3.13e+08
PSE,Palestine,2005,238.7011,4.656947,Derived using data on central government tax revenue to GDP from IMF_GFS and the spliced GDP,5125.7
PSE,Palestine,2006,225.9029,4.223826,Derived using data on central government tax revenue to GDP from IMF_GFS and the spliced GDP,5348.3
PSE,Palestine,2007,255.1068,4.38652,Derived using data on central government tax revenue to GDP from IMF_GFS and the spliced GDP,5815.7
PSE,Palestine,2008,337.6612,4.618915,Derived using data on central government tax revenue to GDP from IMF_GFS and the spliced GDP,7310.4
PSE,Palestine,2009,379.2588,4.690488,Derived using data on central government tax revenue to GDP from IMF_GFS and the spliced GDP,8085.7
PSE,Palestine,2010,485.7673,5.01748,Derived using data on central government tax revenue to GDP from IMF_GFS and the spliced GDP,9681.5
PSE,Palestine,2011,549.6335,4.91354,Derived using data on central government tax revenue to GDP from IMF_GFS and the spliced GDP,11186.1
PSE,Palestine,2012,514.6071,4.215189,Derived using data on central government tax revenue to GDP from IMF_GFS and the spliced GDP,12208.4
PSE,Palestine,2013,599.5464,4.435992,Derived using data on central government tax revenue to GDP from IMF_GFS and the spliced GDP,13515.5
PSE,Palestine,2014,726.3975,5.192373,Derived using data on central government tax revenue to GDP from IMF_GFS and the spliced GDP,13989.7
PSE,Palestine,2015,709.2516,5.07609,Derived using data on central government tax revenue to GDP from IMF_GFS and the spliced GDP,13972.4
PSE,Palestine,2016,818.6332,5.313936,Derived using data on central government tax revenue to GDP from IMF_GFS and the spliced GDP,15405.4
PSE,Palestine,2017,925.8636,5.740722,Derived using data on central government tax revenue to GDP from IMF_GFS and the spliced GDP,16128
PSE,Palestine,2018,851.4122,5.230897,Derived using data on central government tax revenue to GDP from IMF_GFS and the spliced GDP,16276.6
PSE,Palestine,2019,890.8826,5.199654,Derived using data on central government tax revenue to GDP from IMF_GFS and the spliced GDP,17133.5
PSE,Palestine,2020,940.8058,6.057327,Derived using data on central government tax revenue to GDP from IMF_GFS and the spliced GDP,15531.7
PSE,Palestine,2021,1208.718,6.674679,Derived using data on central government tax revenue to GDP from IMF_GFS and the spliced GDP,18109
ROU,Romania,1995,1339.466,17.6,Derived using data on central government tax revenue to GDP from EUS and the spliced GDP,7610.6
ROU,Romania,1996,1867.583,16.4,Derived using data on central government tax revenue to GDP from EUS and the spliced GDP,11387.7
ROU,Romania,1997,4411.517,17.3,Derived using data on central government tax revenue to GDP from EUS and the spliced GDP,25500.1
ROU,Romania,1998,6735.401,18.2,Derived using data on central government tax revenue to GDP from EUS and the spliced GDP,37007.7
ROU,Romania,1999,9647.12,17.5,Derived using data on central government tax revenue to GDP from EUS and the spliced GDP,55126.4
ROU,Romania,2000,14799.78,18.3,Derived using data on central government tax revenue to GDP from EUS and the spliced GDP,80873.1
ROU,Romania,2001,20426.1,17.4,Derived using data on central government tax revenue to GDP from EUS and the spliced GDP,117391.4
ROU,Romania,2002,26342.97,17.3,Derived using data on central government tax revenue to GDP from EUS and the spliced GDP,152271.5
ROU,Romania,2003,35120.92,18.3,Derived using data on central government tax revenue to GDP from EUS and the spliced GDP,191917.6
ROU,Romania,2004,44043.89,18,Derived using data on central government tax revenue to GDP from EUS and the spliced GDP,244688.3
ROU,Romania,2005,52208.87,18.2,Derived using data on central government tax revenue to GDP from EUS and the spliced GDP,286861.9
ROU,Romania,2006,63753.84,18.6,Derived using data on central government tax revenue to GDP from EUS and the spliced GDP,342762.6
ROU,Romania,2007,77901.47,18.3,Derived using data on central government tax revenue to GDP from EUS and the spliced GDP,425691.1
ROU,Romania,2008,94470.49,17.5,Derived using data on central government tax revenue to GDP from EUS and the spliced GDP,539831.4
ROU,Romania,2009,84947.14,16,Derived using data on central government tax revenue to GDP from EUS and the spliced GDP,530919.6
ROU,Romania,2010,91876.08,17,Derived using data on central government tax revenue to GDP from EUS and the spliced GDP,540447.5
ROU,Romania,2011,101591.6,17.3,Derived using data on central government tax revenue to GDP from EUS and the spliced GDP,587235
ROU,Romania,2012,104985.3,16.9,Derived using data on central government tax revenue to GDP from EUS and the spliced GDP,621214.7
ROU,Romania,2013,111167.6,17.6,Derived using data on central government tax revenue to GDP from EUS and the spliced GDP,631634
ROU,Romania,2014,118396.2,17.7,Derived using data on central government tax revenue to GDP from EUS and the spliced GDP,668905
ROU,Romania,2015,133246.6,18.7,Derived using data on central government tax revenue to GDP from EUS and the spliced GDP,712548.6
ROU,Romania,2016,133879,17.8,Derived using data on central government tax revenue to GDP from EUS and the spliced GDP,752129.1
ROU,Romania,2017,139665.8,16.4,Derived using data on central government tax revenue to GDP from EUS and the spliced GDP,851620.6
ROU,Romania,2018,150666.7,15.7,Derived using data on central government tax revenue to GDP from EUS and the spliced GDP,959660.3
ROU,Romania,2019,168521,15.8,Derived using data on central government tax revenue to GDP from EUS and the spliced GDP,1066589
ROU,Romania,2020,167931.8,15.7,Derived using data on central government tax revenue to GDP from EUS and the spliced GDP,1069629
ROU,Romania,2021,195534.7,16.4,Derived using data on central government tax revenue to GDP from EUS and the spliced GDP,1192285
ROU,Romania,2022,245932.7,17.7,Derived using data on central government tax revenue to GDP from EUS and the spliced GDP,1389450
ROU,Romania,2023,272774.2,17,Derived using data on central government tax revenue to GDP from EUS and the spliced GDP,1604554
ROU,Romania,2024,314681.4,17.7,Derived using data on central government tax revenue to GDP from EUS and the spliced GDP,1777861
RUS,Russian Federation,1928,.1978602,1.725352,Derived using data on central government tax revenue to GDP from Mitchell and the spliced GDP,11.46781
RUS,Russian Federation,1929,.2902488,2.260377,Derived using data on central government tax revenue to GDP from Mitchell and the spliced GDP,12.84072
RUS,Russian Federation,1930,.9313964,6.134574,Derived using data on central government tax revenue to GDP from Mitchell and the spliced GDP,15.18274
RUS,Russian Federation,1931,1.485728,6.813704,Derived using data on central government tax revenue to GDP from Mitchell and the spliced GDP,21.805
RUS,Russian Federation,1932,1.780661,4.46336,Derived using data on central government tax revenue to GDP from Mitchell and the spliced GDP,39.89507
RUS,Russian Federation,1933,2.305596,3.707662,Derived using data on central government tax revenue to GDP from Mitchell and the spliced GDP,62.18462
RUS,Russian Federation,1934,2.926553,3.631062,Derived using data on central government tax revenue to GDP from Mitchell and the spliced GDP,80.59772
RUS,Russian Federation,1935,,,Derived using data on central government tax revenue to GDP from Mitchell and the spliced GDP,120.0082
RUS,Russian Federation,1936,,,Derived using data on central government tax revenue to GDP from Mitchell and the spliced GDP,153.2003
RUS,Russian Federation,1937,,,Derived using data on central government tax revenue to GDP from Mitchell and the spliced GDP,171.4519
RUS,Russian Federation,1938,7.757411,4.444979,Derived using data on central government tax revenue to GDP from Mitchell and the spliced GDP,174.5207
RUS,Russian Federation,1939,,,Derived using data on central government tax revenue to GDP from Mitchell and the spliced GDP,189.0574
RUS,Russian Federation,1940,11.06402,4.340938,Derived using data on central government tax revenue to GDP from Mitchell and the spliced GDP,254.8762
RUS,Russian Federation,1941,,,Derived using data on central government tax revenue to GDP from Mitchell and the spliced GDP,
RUS,Russian Federation,1942,,,Derived using data on central government tax revenue to GDP from Mitchell and the spliced GDP,
RUS,Russian Federation,1943,,,Derived using data on central government tax revenue to GDP from Mitchell and the spliced GDP,
RUS,Russian Federation,1944,,,Derived using data on central government tax revenue to GDP from Mitchell and the spliced GDP,
RUS,Russian Federation,1945,,,Derived using data on central government tax revenue to GDP from Mitchell and the spliced GDP,269.7359
RUS,Russian Federation,1946,,,Derived using data on central government tax revenue to GDP from Mitchell and the spliced GDP,379.5685
RUS,Russian Federation,1947,,,Derived using data on central government tax revenue to GDP from Mitchell and the spliced GDP,616.1931
RUS,Russian Federation,1948,,,Derived using data on central government tax revenue to GDP from Mitchell and the spliced GDP,607.3095
RUS,Russian Federation,1949,,,Derived using data on central government tax revenue to GDP from Mitchell and the spliced GDP,600.8488
RUS,Russian Federation,1950,25.19688,4.615385,Derived using data on central government tax revenue to GDP from Mitchell and the spliced GDP,545.9325
RUS,Russian Federation,1951,,,Derived using data on central government tax revenue to GDP from Mitchell and the spliced GDP,544.3173
RUS,Russian Federation,1952,28.42726,5.050215,Derived using data on central government tax revenue to GDP from Mitchell and the spliced GDP,562.892
RUS,Russian Federation,1953,29.07333,5.341246,Derived using data on central government tax revenue to GDP from Mitchell and the spliced GDP,544.3173
RUS,Russian Federation,1954,,,Derived using data on central government tax revenue to GDP from Mitchell and the spliced GDP,554.816
RUS,Russian Federation,1955,31.73838,26.02649,Derived using data on central government tax revenue to GDP from Mitchell and the spliced GDP,121.9465
RUS,Russian Federation,1956,33.35357,38.59813,Derived using data on central government tax revenue to GDP from Mitchell and the spliced GDP,86.41239
RUS,Russian Federation,1957,,,Derived using data on central government tax revenue to GDP from Mitchell and the spliced GDP,91.25795
RUS,Russian Federation,1958,39.73355,38.4375,Derived using data on central government tax revenue to GDP from Mitchell and the spliced GDP,103.3718
RUS,Russian Federation,1959,42.47936,38.67647,Derived using data on central government tax revenue to GDP from Mitchell and the spliced GDP,109.8326
RUS,Russian Federation,1960,44.82138,38.27586,Derived using data on central government tax revenue to GDP from Mitchell and the spliced GDP,117.1009
RUS,Russian Federation,1961,47.06445,37.51634,Derived using data on central government tax revenue to GDP from Mitchell and the spliced GDP,125.4505
RUS,Russian Federation,1962,51.94522,38.06061,Derived using data on central government tax revenue to GDP from Mitchell and the spliced GDP,136.4803
RUS,Russian Federation,1963,55.97524,39.34911,Derived using data on central government tax revenue to GDP from Mitchell and the spliced GDP,142.2529
RUS,Russian Federation,1964,61.10255,39.8895,Derived using data on central government tax revenue to GDP from Mitchell and the spliced GDP,153.1795
RUS,Russian Federation,1965,63.41549,40.05182,Derived using data on central government tax revenue to GDP from Mitchell and the spliced GDP,158.3336
RUS,Russian Federation,1966,70.35436,40.28986,Derived using data on central government tax revenue to GDP from Mitchell and the spliced GDP,174.6205
RUS,Russian Federation,1967,77.2976,40.53333,Derived using data on central government tax revenue to GDP from Mitchell and the spliced GDP,190.7013
RUS,Russian Federation,1968,83.48231,40.69672,Derived using data on central government tax revenue to GDP from Mitchell and the spliced GDP,205.1328
RUS,Russian Federation,1969,83.22524,39.73282,Derived using data on central government tax revenue to GDP from Mitchell and the spliced GDP,209.4622
RUS,Russian Federation,1970,92.51747,40.10345,Derived using data on central government tax revenue to GDP from Mitchell and the spliced GDP,230.697
RUS,Russian Federation,1971,98.07545,40.59016,Derived using data on central government tax revenue to GDP from Mitchell and the spliced GDP,241.6237
RUS,Russian Federation,1972,103.4681,41.52866,Derived using data on central government tax revenue to GDP from Mitchell and the spliced GDP,249.1487
RUS,Russian Federation,1973,107.8311,39.91124,Derived using data on central government tax revenue to GDP from Mitchell and the spliced GDP,270.1774
RUS,Russian Federation,1974,115.4793,40.96045,Derived using data on central government tax revenue to GDP from Mitchell and the spliced GDP,281.9287
RUS,Russian Federation,1975,126.3879,42.61708,Derived using data on central government tax revenue to GDP from Mitchell and the spliced GDP,296.5663
RUS,Russian Federation,1976,129.9799,41.68394,Derived using data on central government tax revenue to GDP from Mitchell and the spliced GDP,311.8224
RUS,Russian Federation,1977,139.6624,42.80788,Derived using data on central government tax revenue to GDP from Mitchell and the spliced GDP,326.2538
RUS,Russian Federation,1978,150.0261,43.38028,Derived using data on central government tax revenue to GDP from Mitchell and the spliced GDP,345.8394
RUS,Russian Federation,1979,159.8753,44.37642,Derived using data on central government tax revenue to GDP from Mitchell and the spliced GDP,360.2708
RUS,Russian Federation,1980,169.905,45.10822,Derived using data on central government tax revenue to GDP from Mitchell and the spliced GDP,376.6608
RUS,Russian Federation,1981,175.9563,44.74332,Derived using data on central government tax revenue to GDP from Mitchell and the spliced GDP,393.257
RUS,Russian Federation,1982,187.0327,43.90057,Derived using data on central government tax revenue to GDP from Mitchell and the spliced GDP,426.037
RUS,Russian Federation,1983,192.0495,43.35767,Derived using data on central government tax revenue to GDP from Mitchell and the spliced GDP,442.9424
RUS,Russian Federation,1984,196.4743,42.94737,Derived using data on central government tax revenue to GDP from Mitchell and the spliced GDP,457.477
RUS,Russian Federation,1985,205.5479,42.85467,Derived using data on central government tax revenue to GDP from Mitchell and the spliced GDP,479.6395
RUS,Russian Federation,1986,209.8989,43.0494,Derived using data on central government tax revenue to GDP from Mitchell and the spliced GDP,487.5768
RUS,Russian Federation,1987,212.6077,42.31667,Derived using data on central government tax revenue to GDP from Mitchell and the spliced GDP,502.4206
RUS,Russian Federation,1988,216.0924,40.71315,Derived using data on central government tax revenue to GDP from Mitchell and the spliced GDP,530.7681
RUS,Russian Federation,1989,228.796,40.1952,Derived using data on central government tax revenue to GDP from Mitchell and the spliced GDP,569.2123
RUS,Russian Federation,1990,,,Derived using data on central government tax revenue to GDP from IMF_GFS and the spliced GDP,639.9417
RUS,Russian Federation,1991,,,Derived using data on central government tax revenue to GDP from IMF_GFS and the spliced GDP,1389.255
RUS,Russian Federation,1992,,,Derived using data on central government tax revenue to GDP from IMF_GFS and the spliced GDP,18879.87
RUS,Russian Federation,1993,,,Derived using data on central government tax revenue to GDP from IMF_GFS and the spliced GDP,170376.3
RUS,Russian Federation,1994,,,Derived using data on central government tax revenue to GDP from IMF_GFS and the spliced GDP,606707.9
RUS,Russian Federation,1995,,,Derived using data on central government tax revenue to GDP from IMF_GFS and the spliced GDP,1530310
RUS,Russian Federation,1996,,,Derived using data on central government tax revenue to GDP from IMF_GFS and the spliced GDP,2150890
RUS,Russian Federation,1997,,,Derived using data on central government tax revenue to GDP from IMF_GFS and the spliced GDP,2509427
RUS,Russian Federation,1998,,,Derived using data on central government tax revenue to GDP from IMF_GFS and the spliced GDP,2816994
RUS,Russian Federation,1999,,,Derived using data on central government tax revenue to GDP from IMF_GFS and the spliced GDP,5166907
RUS,Russian Federation,2000,,,Derived using data on central government tax revenue to GDP from IMF_GFS and the spliced GDP,7826201
RUS,Russian Federation,2001,,,Derived using data on central government tax revenue to GDP from IMF_GFS and the spliced GDP,9580846
RUS,Russian Federation,2002,1476434,12.72541,Derived using data on central government tax revenue to GDP from IMF_GFS and the spliced GDP,1.16e+07
RUS,Russian Federation,2003,1759255,12.40058,Derived using data on central government tax revenue to GDP from IMF_GFS and the spliced GDP,1.42e+07
RUS,Russian Federation,2004,2251593,12.31133,Derived using data on central government tax revenue to GDP from IMF_GFS and the spliced GDP,1.83e+07
RUS,Russian Federation,2005,3595210,15.48932,Derived using data on central government tax revenue to GDP from IMF_GFS and the spliced GDP,2.32e+07
RUS,Russian Federation,2006,4456647,15.41475,Derived using data on central government tax revenue to GDP from IMF_GFS and the spliced GDP,2.89e+07
RUS,Russian Federation,2007,5516456,15.44753,Derived using data on central government tax revenue to GDP from IMF_GFS and the spliced GDP,3.57e+07
RUS,Russian Federation,2008,6545070,14.7627,Derived using data on central government tax revenue to GDP from IMF_GFS and the spliced GDP,4.43e+07
RUS,Russian Federation,2009,5040382,12.09231,Derived using data on central government tax revenue to GDP from IMF_GFS and the spliced GDP,4.17e+07
RUS,Russian Federation,2010,6057363,12.17813,Derived using data on central government tax revenue to GDP from IMF_GFS and the spliced GDP,4.97e+07
RUS,Russian Federation,2011,8388430,13.9542,Derived using data on central government tax revenue to GDP from IMF_GFS and the spliced GDP,6.01e+07
RUS,Russian Federation,2012,9364306,13.75011,Derived using data on central government tax revenue to GDP from IMF_GFS and the spliced GDP,6.81e+07
RUS,Russian Federation,2013,9439600,12.93349,Derived using data on central government tax revenue to GDP from IMF_GFS and the spliced GDP,7.30e+07
RUS,Russian Federation,2014,1.05e+07,13.25535,Derived using data on central government tax revenue to GDP from IMF_GFS and the spliced GDP,7.90e+07
RUS,Russian Federation,2015,8842205,10.64207,Derived using data on central government tax revenue to GDP from IMF_GFS and the spliced GDP,8.31e+07
RUS,Russian Federation,2016,7862209,9.183107,Derived using data on central government tax revenue to GDP from IMF_GFS and the spliced GDP,8.56e+07
RUS,Russian Federation,2017,9449195,10.28841,Derived using data on central government tax revenue to GDP from IMF_GFS and the spliced GDP,9.18e+07
RUS,Russian Federation,2018,1.19e+07,11.46877,Derived using data on central government tax revenue to GDP from IMF_GFS and the spliced GDP,1.04e+08
RUS,Russian Federation,2019,1.20e+07,10.9384,Derived using data on central government tax revenue to GDP from IMF_GFS and the spliced GDP,1.10e+08
RUS,Russian Federation,2020,1.16e+07,10.79912,Derived using data on central government tax revenue to GDP from IMF_GFS and the spliced GDP,1.08e+08
RUS,Russian Federation,2021,1.58e+07,11.60649,Derived using data on central government tax revenue to GDP from IMF_GFS and the spliced GDP,1.36e+08
RUS,Russian Federation,2022,1.70e+07,10.97034,Derived using data on central government tax revenue to GDP from IMF_GFS and the spliced GDP,1.55e+08
RUS,Russian Federation,2023,2.13e+07,12.37193,Derived using data on central government tax revenue to GDP from IMF_GFS and the spliced GDP,1.72e+08
RWA,Rwanda,1973,1681.003,5.238471,Derived using data on central government tax revenue to GDP from IMF_GFS and the spliced GDP,32089.57
RWA,Rwanda,1974,2565.914,5.50162,Derived using data on central government tax revenue to GDP from IMF_GFS and the spliced GDP,46639.25
RWA,Rwanda,1975,3139.542,5.63067,Derived using data on central government tax revenue to GDP from IMF_GFS and the spliced GDP,55757.88
RWA,Rwanda,1976,5208.479,7.967309,Derived using data on central government tax revenue to GDP from IMF_GFS and the spliced GDP,65373.13
RWA,Rwanda,1977,6426.769,8.491385,Derived using data on central government tax revenue to GDP from IMF_GFS and the spliced GDP,75685.75
RWA,Rwanda,1978,6487.73,7.575662,Derived using data on central government tax revenue to GDP from IMF_GFS and the spliced GDP,85639.12
RWA,Rwanda,1979,9141.588,8.996278,Derived using data on central government tax revenue to GDP from IMF_GFS and the spliced GDP,101615.2
RWA,Rwanda,1980,9303.183,8.153214,Derived using data on central government tax revenue to GDP from IMF_GFS and the spliced GDP,114104.5
RWA,Rwanda,1981,,,Derived using data on central government tax revenue to GDP from IMF_GFS and the spliced GDP,129584
RWA,Rwanda,1982,,,Derived using data on central government tax revenue to GDP from IMF_GFS and the spliced GDP,138375.1
RWA,Rwanda,1983,,,Derived using data on central government tax revenue to GDP from IMF_GFS and the spliced GDP,150240.9
RWA,Rwanda,1984,,,Derived using data on central government tax revenue to GDP from IMF_GFS and the spliced GDP,168118.9
RWA,Rwanda,1985,,,Derived using data on central government tax revenue to GDP from IMF_GFS and the spliced GDP,183535
RWA,Rwanda,1986,,,Derived using data on central government tax revenue to GDP from IMF_GFS and the spliced GDP,178558.4
RWA,Rwanda,1987,,,Derived using data on central government tax revenue to GDP from IMF_GFS and the spliced GDP,181136.5
RWA,Rwanda,1988,,,Derived using data on central government tax revenue to GDP from IMF_GFS and the spliced GDP,187994
RWA,Rwanda,1989,16975.37,8.445858,Derived using data on central government tax revenue to GDP from IMF_GFS and the spliced GDP,200990.4
RWA,Rwanda,1990,,,Derived using data on central government tax revenue to GDP from IMF_GFS and the spliced GDP,203822.2
RWA,Rwanda,1991,,,Derived using data on central government tax revenue to GDP from IMF_GFS and the spliced GDP,226869.6
RWA,Rwanda,1992,,,Derived using data on central government tax revenue to GDP from IMF_GFS and the spliced GDP,256461.5
RWA,Rwanda,1993,,,Derived using data on central government tax revenue to GDP from IMF_GFS and the spliced GDP,267460
RWA,Rwanda,1994,,,Derived using data on central government tax revenue to GDP from IMF_GFS and the spliced GDP,160627.6
RWA,Rwanda,1995,,,Derived using data on central government tax revenue to GDP from IMF_GFS and the spliced GDP,322515.6
RWA,Rwanda,1996,,,Derived using data on central government tax revenue to GDP from IMF_GFS and the spliced GDP,426288.7
RWA,Rwanda,1997,,,Derived using data on central government tax revenue to GDP from IMF_GFS and the spliced GDP,588140.3
RWA,Rwanda,1998,,,Derived using data on central government tax revenue to GDP from IMF_GFS and the spliced GDP,683426.9
RWA,Rwanda,1999,,,Derived using data on central government tax revenue to GDP from IMF_GFS and the spliced GDP,720000
RWA,Rwanda,2000,,,Derived using data on central government tax revenue to GDP from IMF_GFS and the spliced GDP,806000
RWA,Rwanda,2001,,,Derived using data on central government tax revenue to GDP from IMF_GFS and the spliced GDP,871000
RWA,Rwanda,2002,,,Derived using data on central government tax revenue to GDP from IMF_GFS and the spliced GDP,935000
RWA,Rwanda,2003,,,Derived using data on central government tax revenue to GDP from IMF_GFS and the spliced GDP,1150000
RWA,Rwanda,2004,,,Derived using data on central government tax revenue to GDP from IMF_GFS and the spliced GDP,1372000
RWA,Rwanda,2005,,,Derived using data on central government tax revenue to GDP from IMF_GFS and the spliced GDP,1636000
RWA,Rwanda,2006,,,Derived using data on central government tax revenue to GDP from IMF_GFS and the spliced GDP,1831000
RWA,Rwanda,2007,,,Derived using data on central government tax revenue to GDP from IMF_GFS and the spliced GDP,2225000
RWA,Rwanda,2008,,,Derived using data on central government tax revenue to GDP from IMF_GFS and the spliced GDP,2831000
RWA,Rwanda,2009,,,Derived using data on central government tax revenue to GDP from IMF_GFS and the spliced GDP,3223000
RWA,Rwanda,2010,,,Derived using data on central government tax revenue to GDP from IMF_GFS and the spliced GDP,3569000
RWA,Rwanda,2011,,,Derived using data on central government tax revenue to GDP from IMF_GFS and the spliced GDP,4131000
RWA,Rwanda,2012,,,Derived using data on central government tax revenue to GDP from IMF_GFS and the spliced GDP,4700000
RWA,Rwanda,2013,,,Derived using data on central government tax revenue to GDP from IMF_GFS and the spliced GDP,5054000
RWA,Rwanda,2014,727488.2,12.94693,Derived using data on central government tax revenue to GDP from IMF_GFS and the spliced GDP,5619000
RWA,Rwanda,2015,817216.6,13.29456,Derived using data on central government tax revenue to GDP from IMF_GFS and the spliced GDP,6147000
RWA,Rwanda,2016,986405.7,14.41692,Derived using data on central government tax revenue to GDP from IMF_GFS and the spliced GDP,6842000
RWA,Rwanda,2017,1034980,13.45178,Derived using data on central government tax revenue to GDP from IMF_GFS and the spliced GDP,7694000
RWA,Rwanda,2018,1182603,14.24994,Derived using data on central government tax revenue to GDP from IMF_GFS and the spliced GDP,8299000
RWA,Rwanda,2019,1359415,14.60481,Derived using data on central government tax revenue to GDP from IMF_GFS and the spliced GDP,9308000
RWA,Rwanda,2020,1446738,15.0749,Derived using data on central government tax revenue to GDP from IMF_GFS and the spliced GDP,9597000
RWA,Rwanda,2021,1584176,14.47661,Derived using data on central government tax revenue to GDP from IMF_GFS and the spliced GDP,1.09e+07
RWA,Rwanda,2022,1876869,13.6798,Derived using data on central government tax revenue to GDP from IMF_GFS and the spliced GDP,1.37e+07
RWA,Rwanda,2023,2245880,13.73207,Derived using data on central government tax revenue to GDP from IMF_GFS and the spliced GDP,1.64e+07
SAU,Saudi Arabia,2018,263261,8.292498,Derived using data on central government tax revenue to GDP from IMF_GFS and the spliced GDP,3174689
SAU,Saudi Arabia,2019,220053.3,6.997777,Derived using data on central government tax revenue to GDP from IMF_GFS and the spliced GDP,3144618
SAU,Saudi Arabia,2020,226820.2,8.237471,Derived using data on central government tax revenue to GDP from IMF_GFS and the spliced GDP,2753517
SAU,Saudi Arabia,2021,317105,9.673483,Derived using data on central government tax revenue to GDP from IMF_GFS and the spliced GDP,3278086
SAU,Saudi Arabia,2022,323094.1,7.772023,Derived using data on central government tax revenue to GDP from IMF_GFS and the spliced GDP,4157143
SAU,Saudi Arabia,2023,356637.3,8.90828,Derived using data on central government tax revenue to GDP from IMF_GFS and the spliced GDP,4003436
SEN,Senegal,1962,61045.88,25.14518,Derived using data on central government tax revenue to GDP from BCEAO and the spliced GDP,242773.7
SEN,Senegal,1963,44550.8,17.62409,Derived using data on central government tax revenue to GDP from BCEAO and the spliced GDP,252783.5
SEN,Senegal,1964,45255.72,16.8239,Derived using data on central government tax revenue to GDP from BCEAO and the spliced GDP,268996.6
SEN,Senegal,1965,46524.57,16.52479,Derived using data on central government tax revenue to GDP from BCEAO and the spliced GDP,281544.2
SEN,Senegal,1966,47511.46,16.33543,Derived using data on central government tax revenue to GDP from BCEAO and the spliced GDP,290849.1
SEN,Senegal,1967,48075.39,16.51332,Derived using data on central government tax revenue to GDP from BCEAO and the spliced GDP,291131
SEN,Senegal,1968,48639.33,15.80394,Derived using data on central government tax revenue to GDP from BCEAO and the spliced GDP,307767.1
SEN,Senegal,1969,48216.37,15.68807,Derived using data on central government tax revenue to GDP from BCEAO and the spliced GDP,307344.1
SEN,Senegal,1970,55406.54,16.27329,Derived using data on central government tax revenue to GDP from BCEAO and the spliced GDP,340475.3
SEN,Senegal,1971,55037.02,15.70048,Derived using data on central government tax revenue to GDP from BCEAO and the spliced GDP,350543.5
SEN,Senegal,1972,62054.26,15.99418,Derived using data on central government tax revenue to GDP from BCEAO and the spliced GDP,387980.2
SEN,Senegal,1973,62765.08,15.9099,Derived using data on central government tax revenue to GDP from BCEAO and the spliced GDP,394503.2
SEN,Senegal,1974,67907.84,14.13459,Derived using data on central government tax revenue to GDP from BCEAO and the spliced GDP,480437.4
SEN,Senegal,1975,86479.97,15.00612,Derived using data on central government tax revenue to GDP from BCEAO and the spliced GDP,576298
SEN,Senegal,1976,101688.4,15.61282,Derived using data on central government tax revenue to GDP from BCEAO and the spliced GDP,651313.2
SEN,Senegal,1977,115118.3,16.78667,Derived using data on central government tax revenue to GDP from BCEAO and the spliced GDP,685771.9
SEN,Senegal,1978,132984.8,18.95687,Derived using data on central government tax revenue to GDP from BCEAO and the spliced GDP,701512.4
SEN,Senegal,1979,147915.2,17.9255,Derived using data on central government tax revenue to GDP from BCEAO and the spliced GDP,825166.8
SEN,Senegal,1980,181998.6,20.45959,Derived using data on central government tax revenue to GDP from BCEAO and the spliced GDP,889551.6
SEN,Senegal,1981,159365.3,16.79038,Derived using data on central government tax revenue to GDP from BCEAO and the spliced GDP,949146.1
SEN,Senegal,1982,196794,16.45659,Derived using data on central government tax revenue to GDP from BCEAO and the spliced GDP,1195837
SEN,Senegal,1983,231707.7,17.40925,Derived using data on central government tax revenue to GDP from BCEAO and the spliced GDP,1330946
SEN,Senegal,1984,249955.5,17.37172,Derived using data on central government tax revenue to GDP from BCEAO and the spliced GDP,1438864
SEN,Senegal,1985,267754.1,16.40915,Derived using data on central government tax revenue to GDP from BCEAO and the spliced GDP,1631737
SEN,Senegal,1986,266414.6,14.50932,Derived using data on central government tax revenue to GDP from BCEAO and the spliced GDP,1836162
SEN,Senegal,1987,276135.7,14.17927,Derived using data on central government tax revenue to GDP from BCEAO and the spliced GDP,1947461
SEN,Senegal,1988,289519.9,13.85424,Derived using data on central government tax revenue to GDP from BCEAO and the spliced GDP,2089756
SEN,Senegal,1989,276417.5,13.29358,Derived using data on central government tax revenue to GDP from BCEAO and the spliced GDP,2079330
SEN,Senegal,1990,223762.2,10.2369,Derived using data on central government tax revenue to GDP from BCEAO and the spliced GDP,2185840
SEN,Senegal,1991,244981.9,11.20768,Derived using data on central government tax revenue to GDP from BCEAO and the spliced GDP,2185840
SEN,Senegal,1992,268091.9,11.92745,Derived using data on central government tax revenue to GDP from BCEAO and the spliced GDP,2247689
SEN,Senegal,1993,223499.9,10.31599,Derived using data on central government tax revenue to GDP from BCEAO and the spliced GDP,2166539
SEN,Senegal,1994,291772.3,10.24227,Derived using data on central government tax revenue to GDP from BCEAO and the spliced GDP,2848707
SEN,Senegal,1995,345324.1,10.97178,Derived using data on central government tax revenue to GDP from BCEAO and the spliced GDP,3147384
SEN,Senegal,1996,375757.8,11.20636,Derived using data on central government tax revenue to GDP from BCEAO and the spliced GDP,3353077
SEN,Senegal,1997,395024.6,11.3967,Derived using data on central government tax revenue to GDP from BCEAO and the spliced GDP,3466131
SEN,Senegal,1998,426779.1,11.51953,Derived using data on central government tax revenue to GDP from BCEAO and the spliced GDP,3704830
SEN,Senegal,1999,491200.5,12.10535,Derived using data on central government tax revenue to GDP from BCEAO and the spliced GDP,4057714
SEN,Senegal,2000,537300.3,12.58134,Derived using data on central government tax revenue to GDP from BCEAO and the spliced GDP,4270612
SEN,Senegal,2001,576799.5,12.10158,Derived using data on central government tax revenue to GDP from BCEAO and the spliced GDP,4766316
SEN,Senegal,2002,629200.5,12.94536,Derived using data on central government tax revenue to GDP from BCEAO and the spliced GDP,4860434
SEN,Senegal,2003,676999.9,13.31377,Derived using data on central government tax revenue to GDP from BCEAO and the spliced GDP,5084959
SEN,Senegal,2004,738499.8,13.89754,Derived using data on central government tax revenue to GDP from BCEAO and the spliced GDP,5313889
SEN,Senegal,2005,850800.8,14.65734,Derived using data on central government tax revenue to GDP from BCEAO and the spliced GDP,5804605
SEN,Senegal,2006,921900.3,15.08519,Derived using data on central government tax revenue to GDP from BCEAO and the spliced GDP,6111292
SEN,Senegal,2007,1041401,15.54769,Derived using data on central government tax revenue to GDP from BCEAO and the spliced GDP,6698105
SEN,Senegal,2008,1087200,14.46345,Derived using data on central government tax revenue to GDP from BCEAO and the spliced GDP,7516880
SEN,Senegal,2009,1084599,14.28364,Derived using data on central government tax revenue to GDP from BCEAO and the spliced GDP,7593296
SEN,Senegal,2010,1194700,14.97731,Derived using data on central government tax revenue to GDP from BCEAO and the spliced GDP,7976730
SEN,Senegal,2011,1286900,15.32944,Derived using data on central government tax revenue to GDP from BCEAO and the spliced GDP,8394960
SEN,Senegal,2012,1352000,14.99412,Derived using data on central government tax revenue to GDP from BCEAO and the spliced GDP,9016870
SEN,Senegal,2013,1342800,14.37084,Derived using data on central government tax revenue to GDP from BCEAO and the spliced GDP,9343920
SEN,Senegal,2014,1482500,15.16618,Derived using data on central government tax revenue to GDP from BCEAO and the spliced GDP,9775039
SEN,Senegal,2015,1597108,15.19796,Derived using data on central government tax revenue to GDP from BCEAO and the spliced GDP,1.05e+07
SEN,Senegal,2016,1791200,15.87465,Derived using data on central government tax revenue to GDP from BCEAO and the spliced GDP,1.13e+07
SEN,Senegal,2017,1844900,15.1323,Derived using data on central government tax revenue to GDP from BCEAO and the spliced GDP,1.22e+07
SEN,Senegal,2018,1990400,15.50144,Derived using data on central government tax revenue to GDP from BCEAO and the spliced GDP,1.28e+07
SEN,Senegal,2019,2409993,17.57495,Derived using data on central government tax revenue to GDP from BCEAO and the spliced GDP,1.37e+07
SEN,Senegal,2020,2368203,16.77267,Derived using data on central government tax revenue to GDP from BCEAO and the spliced GDP,1.41e+07
SEN,Senegal,2021,2594100,16.9981,Derived using data on central government tax revenue to GDP from BCEAO and the spliced GDP,1.53e+07
SEN,Senegal,2022,3135503,18.20013,Derived using data on central government tax revenue to GDP from BCEAO and the spliced GDP,1.72e+07
SEN,Senegal,2023,3459807,18.75778,Derived using data on central government tax revenue to GDP from BCEAO and the spliced GDP,1.84e+07
SEN,Senegal,2024,3516487,17.51679,Derived using data on central government tax revenue to GDP from BCEAO and the spliced GDP,2.01e+07
SGP,Singapore,1972,1330.566,16.02647,Derived using data on central government tax revenue to GDP from IMF_GFS and the spliced GDP,8302.3
SGP,Singapore,1973,1590.329,15.29809,Derived using data on central government tax revenue to GDP from IMF_GFS and the spliced GDP,10395.6
SGP,Singapore,1974,1895.788,14.7746,Derived using data on central government tax revenue to GDP from IMF_GFS and the spliced GDP,12831.4
SGP,Singapore,1975,2234.568,16.27662,Derived using data on central government tax revenue to GDP from IMF_GFS and the spliced GDP,13728.7
SGP,Singapore,1976,2422.949,16.14933,Derived using data on central government tax revenue to GDP from IMF_GFS and the spliced GDP,15003.4
SGP,Singapore,1977,2707.036,16.55355,Derived using data on central government tax revenue to GDP from IMF_GFS and the spliced GDP,16353.2
SGP,Singapore,1978,2917.213,15.90854,Derived using data on central government tax revenue to GDP from IMF_GFS and the spliced GDP,18337.4
SGP,Singapore,1979,3391,16.03977,Derived using data on central government tax revenue to GDP from IMF_GFS and the spliced GDP,21141.2
SGP,Singapore,1980,4396,16.99292,Derived using data on central government tax revenue to GDP from IMF_GFS and the spliced GDP,25869.6
SGP,Singapore,1981,5427,17.88021,Derived using data on central government tax revenue to GDP from IMF_GFS and the spliced GDP,30352
SGP,Singapore,1982,6428,18.91634,Derived using data on central government tax revenue to GDP from IMF_GFS and the spliced GDP,33981.2
SGP,Singapore,1983,7140,18.76084,Derived using data on central government tax revenue to GDP from IMF_GFS and the spliced GDP,38058
SGP,Singapore,1984,7371,17.66338,Derived using data on central government tax revenue to GDP from IMF_GFS and the spliced GDP,41730.4
SGP,Singapore,1985,6400,15.66217,Derived using data on central government tax revenue to GDP from IMF_GFS and the spliced GDP,40862.8
SGP,Singapore,1986,5208,12.73577,Derived using data on central government tax revenue to GDP from IMF_GFS and the spliced GDP,40892.7
SGP,Singapore,1987,5957,13.07808,Derived using data on central government tax revenue to GDP from IMF_GFS and the spliced GDP,45549.5
SGP,Singapore,1988,7519,14.07201,Derived using data on central government tax revenue to GDP from IMF_GFS and the spliced GDP,53432.3
SGP,Singapore,1989,9618,15.68787,Derived using data on central government tax revenue to GDP from IMF_GFS and the spliced GDP,61308.5
SGP,Singapore,1990,10254,14.54627,Derived using data on central government tax revenue to GDP from IMF_GFS and the spliced GDP,70492.3
SGP,Singapore,1991,11924,15.18153,Derived using data on central government tax revenue to GDP from IMF_GFS and the spliced GDP,78542.8
SGP,Singapore,1992,13675,16.10335,Derived using data on central government tax revenue to GDP from IMF_GFS and the spliced GDP,84920.2
SGP,Singapore,1993,15952,16.29033,Derived using data on central government tax revenue to GDP from IMF_GFS and the spliced GDP,97923.1
SGP,Singapore,1994,18699,16.61315,Derived using data on central government tax revenue to GDP from IMF_GFS and the spliced GDP,112555.4
SGP,Singapore,1995,19626,15.7685,Derived using data on central government tax revenue to GDP from IMF_GFS and the spliced GDP,124463.3
SGP,Singapore,1996,21585,15.89737,Derived using data on central government tax revenue to GDP from IMF_GFS and the spliced GDP,135777.2
SGP,Singapore,1997,22764,15.31234,Derived using data on central government tax revenue to GDP from IMF_GFS and the spliced GDP,148664.4
SGP,Singapore,1998,20131,14.03103,Derived using data on central government tax revenue to GDP from IMF_GFS and the spliced GDP,143474.9
SGP,Singapore,1999,21253,14.53172,Derived using data on central government tax revenue to GDP from IMF_GFS and the spliced GDP,146252.5
SGP,Singapore,2000,24606,14.85579,Derived using data on central government tax revenue to GDP from IMF_GFS and the spliced GDP,165632.4
SGP,Singapore,2001,23466,14.58552,Derived using data on central government tax revenue to GDP from IMF_GFS and the spliced GDP,160885.6
SGP,Singapore,2002,21025,12.68874,Derived using data on central government tax revenue to GDP from IMF_GFS and the spliced GDP,165698.1
SGP,Singapore,2003,21173,12.44607,Derived using data on central government tax revenue to GDP from IMF_GFS and the spliced GDP,170117.9
SGP,Singapore,2004,22563,11.60451,Derived using data on central government tax revenue to GDP from IMF_GFS and the spliced GDP,194433
SGP,Singapore,2005,24627,11.57703,Derived using data on central government tax revenue to GDP from IMF_GFS and the spliced GDP,212723
SGP,Singapore,2006,27940,11.83102,Derived using data on central government tax revenue to GDP from IMF_GFS and the spliced GDP,236158.8
SGP,Singapore,2007,34961,12.82043,Derived using data on central government tax revenue to GDP from IMF_GFS and the spliced GDP,272697.6
SGP,Singapore,2008,37679,13.75439,Derived using data on central government tax revenue to GDP from IMF_GFS and the spliced GDP,273941.6
SGP,Singapore,2009,36584,12.95493,Derived using data on central government tax revenue to GDP from IMF_GFS and the spliced GDP,282394.5
SGP,Singapore,2010,41807.1,12.78582,Derived using data on central government tax revenue to GDP from IMF_GFS and the spliced GDP,326980.1
SGP,Singapore,2011,46049.3,13.10572,Derived using data on central government tax revenue to GDP from IMF_GFS and the spliced GDP,351367.9
SGP,Singapore,2012,50081.5,13.58067,Derived using data on central government tax revenue to GDP from IMF_GFS and the spliced GDP,368770.5
SGP,Singapore,2013,51077.1,13.27125,Derived using data on central government tax revenue to GDP from IMF_GFS and the spliced GDP,384870.3
SGP,Singapore,2014,54083.6,13.55656,Derived using data on central government tax revenue to GDP from IMF_GFS and the spliced GDP,398947.9
SGP,Singapore,2015,55639.6,13.13977,Derived using data on central government tax revenue to GDP from IMF_GFS and the spliced GDP,423444.1
SGP,Singapore,2016,58662.97,13.30867,Derived using data on central government tax revenue to GDP from IMF_GFS and the spliced GDP,440787.7
SGP,Singapore,2017,66314.73,13.99008,Derived using data on central government tax revenue to GDP from IMF_GFS and the spliced GDP,474012.4
SGP,Singapore,2018,66154.77,13.01315,Derived using data on central government tax revenue to GDP from IMF_GFS and the spliced GDP,508368.7
SGP,Singapore,2019,67618.89,13.1515,Derived using data on central government tax revenue to GDP from IMF_GFS and the spliced GDP,514153.4
SGP,Singapore,2020,61391.99,12.73154,Derived using data on central government tax revenue to GDP from IMF_GFS and the spliced GDP,482203.8
SGP,Singapore,2021,74727.57,12.8129,Derived using data on central government tax revenue to GDP from IMF_GFS and the spliced GDP,583221.5
SGP,Singapore,2022,82695.76,12.03319,Derived using data on central government tax revenue to GDP from IMF_GFS and the spliced GDP,687230.4
SGP,Singapore,2023,94302.77,14.00605,Derived using data on central government tax revenue to GDP from IMF_GFS and the spliced GDP,673300.3
SLV,El Salvador,2002,1532.299,12.09946,Derived using data on central government tax revenue to GDP from IMF_GFS and the spliced GDP,12664.19
SLV,El Salvador,2003,1679.099,12.67829,Derived using data on central government tax revenue to GDP from IMF_GFS and the spliced GDP,13243.89
SLV,El Salvador,2004,1736.8,12.65446,Derived using data on central government tax revenue to GDP from IMF_GFS and the spliced GDP,13724.81
SLV,El Salvador,2005,2132.8,14.51082,Derived using data on central government tax revenue to GDP from IMF_GFS and the spliced GDP,14698
SLV,El Salvador,2006,2507.201,15.67012,Derived using data on central government tax revenue to GDP from IMF_GFS and the spliced GDP,15999.89
SLV,El Salvador,2007,2848.6,16.7449,Derived using data on central government tax revenue to GDP from IMF_GFS and the spliced GDP,17011.75
SLV,El Salvador,2008,3068.601,17.06021,Derived using data on central government tax revenue to GDP from IMF_GFS and the spliced GDP,17986.89
SLV,El Salvador,2009,2636.199,14.97703,Derived using data on central government tax revenue to GDP from IMF_GFS and the spliced GDP,17601.62
SLV,El Salvador,2010,2916.999,15.81207,Derived using data on central government tax revenue to GDP from IMF_GFS and the spliced GDP,18447.92
SLV,El Salvador,2011,3112.349,15.34403,Derived using data on central government tax revenue to GDP from IMF_GFS and the spliced GDP,20283.78
SLV,El Salvador,2012,3460.799,16.18243,Derived using data on central government tax revenue to GDP from IMF_GFS and the spliced GDP,21386.15
SLV,El Salvador,2013,3750.5,17.05474,Derived using data on central government tax revenue to GDP from IMF_GFS and the spliced GDP,21990.96
SLV,El Salvador,2014,3775.097,16.7088,Derived using data on central government tax revenue to GDP from IMF_GFS and the spliced GDP,22593.47
SLV,El Salvador,2015,3926.534,16.75269,Derived using data on central government tax revenue to GDP from IMF_GFS and the spliced GDP,23438.24
SLV,El Salvador,2016,4198.37,17.35478,Derived using data on central government tax revenue to GDP from IMF_GFS and the spliced GDP,24191.43
SLV,El Salvador,2017,4434.743,17.75375,Derived using data on central government tax revenue to GDP from IMF_GFS and the spliced GDP,24979.19
SLV,El Salvador,2018,4717.301,18.12892,Derived using data on central government tax revenue to GDP from IMF_GFS and the spliced GDP,26020.85
SLV,El Salvador,2019,4860.501,18.08146,Derived using data on central government tax revenue to GDP from IMF_GFS and the spliced GDP,26881.14
SLV,El Salvador,2020,4583.199,18.39077,Derived using data on central government tax revenue to GDP from IMF_GFS and the spliced GDP,24921.19
SLV,El Salvador,2021,5718.499,19.68967,Derived using data on central government tax revenue to GDP from IMF_GFS and the spliced GDP,29043.14
SLV,El Salvador,2022,6744.5,21.08386,Derived using data on central government tax revenue to GDP from IMF_GFS and the spliced GDP,31988.92
SLV,El Salvador,2023,7009.539,20.60683,Derived using data on central government tax revenue to GDP from IMF_GFS and the spliced GDP,34015.61
SMR,San Marino,2002,249.5183,18.10421,Derived using data on central government tax revenue to GDP from IMF_GFS and the spliced GDP,1378.234
SMR,San Marino,2003,247.9458,16.90528,Derived using data on central government tax revenue to GDP from IMF_GFS and the spliced GDP,1466.677
SMR,San Marino,2004,249.0793,15.92615,Derived using data on central government tax revenue to GDP from IMF_GFS and the spliced GDP,1563.964
SMR,San Marino,2005,276.0083,16.92995,Derived using data on central government tax revenue to GDP from IMF_GFS and the spliced GDP,1630.296
SMR,San Marino,2006,297.2493,17.22077,Derived using data on central government tax revenue to GDP from IMF_GFS and the spliced GDP,1726.109
SMR,San Marino,2007,320.5304,17.63578,Derived using data on central government tax revenue to GDP from IMF_GFS and the spliced GDP,1817.5
SMR,San Marino,2008,331.9474,17.66994,Derived using data on central government tax revenue to GDP from IMF_GFS and the spliced GDP,1878.6
SMR,San Marino,2009,288.1605,16.94264,Derived using data on central government tax revenue to GDP from IMF_GFS and the spliced GDP,1700.8
SMR,San Marino,2010,251.85,15.59153,Derived using data on central government tax revenue to GDP from IMF_GFS and the spliced GDP,1615.3
SMR,San Marino,2011,238.6707,16.15368,Derived using data on central government tax revenue to GDP from IMF_GFS and the spliced GDP,1477.5
SMR,San Marino,2012,252.447,18.01391,Derived using data on central government tax revenue to GDP from IMF_GFS and the spliced GDP,1401.4
SMR,San Marino,2013,239.9118,17.07979,Derived using data on central government tax revenue to GDP from IMF_GFS and the spliced GDP,1404.653
SMR,San Marino,2014,255.2896,18.35936,Derived using data on central government tax revenue to GDP from IMF_GFS and the spliced GDP,1390.515
SMR,San Marino,2015,228.9504,17.89653,Derived using data on central government tax revenue to GDP from IMF_GFS and the spliced GDP,1279.301
SMR,San Marino,2016,221.4327,16.6926,Derived using data on central government tax revenue to GDP from IMF_GFS and the spliced GDP,1326.532
SMR,San Marino,2017,222.9872,16.47919,Derived using data on central government tax revenue to GDP from IMF_GFS and the spliced GDP,1353.144
SMR,San Marino,2018,251.8241,17.96551,Derived using data on central government tax revenue to GDP from IMF_GFS and the spliced GDP,1401.709
SMR,San Marino,2019,244.1761,16.91273,Derived using data on central government tax revenue to GDP from IMF_GFS and the spliced GDP,1443.741
SMR,San Marino,2020,218.2279,16.13626,Derived using data on central government tax revenue to GDP from IMF_GFS and the spliced GDP,1352.407
SMR,San Marino,2021,271.3264,17.29597,Derived using data on central government tax revenue to GDP from IMF_GFS and the spliced GDP,1568.726
SMR,San Marino,2022,309.8978,17.81608,Derived using data on central government tax revenue to GDP from IMF_GFS and the spliced GDP,1739.427
SMR,San Marino,2023,323.8568,17.61934,Derived using data on central government tax revenue to GDP from IMF_GFS and the spliced GDP,1838.076
SOM,Somalia,2017,3291751,1.727005,Derived using data on central government tax revenue to GDP from IMF_GFS and the spliced GDP,1.91e+08
SOM,Somalia,2018,4357234,2.277531,Derived using data on central government tax revenue to GDP from IMF_GFS and the spliced GDP,1.91e+08
SOM,Somalia,2019,4210013,2.001751,Derived using data on central government tax revenue to GDP from IMF_GFS and the spliced GDP,2.10e+08
SOM,Somalia,2020,3391601,1.617664,Derived using data on central government tax revenue to GDP from IMF_GFS and the spliced GDP,2.10e+08
SOM,Somalia,2021,,,Derived using data on central government tax revenue to GDP from  and the spliced GDP,2.30e+08
SOM,Somalia,2022,4415112,1.780769,Derived using data on central government tax revenue to GDP from IMF_GFS and the spliced GDP,2.48e+08
SOM,Somalia,2023,5503850,2.064873,Derived using data on central government tax revenue to GDP from IMF_GFS and the spliced GDP,2.67e+08
SRB,Serbia,2007,558938.2,21.30211,Derived using data on central government tax revenue to GDP from IMF_GFS and the spliced GDP,2623863
SRB,Serbia,2008,638953.4,21.14784,Derived using data on central government tax revenue to GDP from IMF_GFS and the spliced GDP,3021364
SRB,Serbia,2009,634815.3,20.00481,Derived using data on central government tax revenue to GDP from IMF_GFS and the spliced GDP,3173314
SRB,Serbia,2010,684569.4,20.22927,Derived using data on central government tax revenue to GDP from IMF_GFS and the spliced GDP,3384054
SRB,Serbia,2011,716156.7,19.05474,Derived using data on central government tax revenue to GDP from IMF_GFS and the spliced GDP,3758417
SRB,Serbia,2012,736141.6,18.5525,Derived using data on central government tax revenue to GDP from IMF_GFS and the spliced GDP,3967884
SRB,Serbia,2013,895385.9,20.83874,Derived using data on central government tax revenue to GDP from IMF_GFS and the spliced GDP,4296738
SRB,Serbia,2014,953936.3,21.97014,Derived using data on central government tax revenue to GDP from IMF_GFS and the spliced GDP,4341967
SRB,Serbia,2015,1004561,22.35521,Derived using data on central government tax revenue to GDP from IMF_GFS and the spliced GDP,4493630
SRB,Serbia,2016,1094338,23.28992,Derived using data on central government tax revenue to GDP from IMF_GFS and the spliced GDP,4698763
SRB,Serbia,2017,1192326,24.06804,Derived using data on central government tax revenue to GDP from IMF_GFS and the spliced GDP,4953980
SRB,Serbia,2018,1247871,23.59819,Derived using data on central government tax revenue to GDP from IMF_GFS and the spliced GDP,5287994
SRB,Serbia,2019,1363436,24.04974,Derived using data on central government tax revenue to GDP from IMF_GFS and the spliced GDP,5669235
SRB,Serbia,2020,1353916,23.48857,Derived using data on central government tax revenue to GDP from IMF_GFS and the spliced GDP,5764148
SRB,Serbia,2021,1611168,24.50064,Derived using data on central government tax revenue to GDP from IMF_GFS and the spliced GDP,6576024
SRB,Serbia,2022,1875308,25.13771,Derived using data on central government tax revenue to GDP from IMF_GFS and the spliced GDP,7460139
STP,Sao Tome and Principe,1999,51.44963,9.830801,Derived using data on central government tax revenue to GDP from AFRISTAT and the spliced GDP,523.3514
STP,Sao Tome and Principe,2000,56.48999,9.77096,Derived using data on central government tax revenue to GDP from AFRISTAT and the spliced GDP,578.1417
STP,Sao Tome and Principe,2001,67.1413,10.51271,Derived using data on central government tax revenue to GDP from AFRISTAT and the spliced GDP,638.668
STP,Sao Tome and Principe,2002,90.40705,12.27291,Derived using data on central government tax revenue to GDP from AFRISTAT and the spliced GDP,736.639
STP,Sao Tome and Principe,2003,107.7768,11.96745,Derived using data on central government tax revenue to GDP from AFRISTAT and the spliced GDP,900.583
STP,Sao Tome and Principe,2004,135.4458,12.98219,Derived using data on central government tax revenue to GDP from AFRISTAT and the spliced GDP,1043.32
STP,Sao Tome and Principe,2005,166.4695,12.49443,Derived using data on central government tax revenue to GDP from AFRISTAT and the spliced GDP,1332.35
STP,Sao Tome and Principe,2006,241.5278,14.43155,Derived using data on central government tax revenue to GDP from AFRISTAT and the spliced GDP,1673.61
STP,Sao Tome and Principe,2007,312.7801,15.84475,Derived using data on central government tax revenue to GDP from AFRISTAT and the spliced GDP,1974.03
STP,Sao Tome and Principe,2008,411.4,14.88956,Derived using data on central government tax revenue to GDP from AFRISTAT and the spliced GDP,2763.009
STP,Sao Tome and Principe,2009,432.0478,14.19208,Derived using data on central government tax revenue to GDP from AFRISTAT and the spliced GDP,3044.288
STP,Sao Tome and Principe,2010,669.5776,18.33142,Derived using data on central government tax revenue to GDP from AFRISTAT and the spliced GDP,3652.623
STP,Sao Tome and Principe,2011,742.1376,18.05729,Derived using data on central government tax revenue to GDP from AFRISTAT and the spliced GDP,4109.907
STP,Sao Tome and Principe,2012,,,Derived using data on central government tax revenue to GDP from AFRISTAT and the spliced GDP,4815.931
STP,Sao Tome and Principe,2013,1007.204,18.02131,Derived using data on central government tax revenue to GDP from AFRISTAT and the spliced GDP,5588.961
STP,Sao Tome and Principe,2014,1041.935,16.17178,Derived using data on central government tax revenue to GDP from AFRISTAT and the spliced GDP,6442.92
STP,Sao Tome and Principe,2015,1222.445,17.38772,Derived using data on central government tax revenue to GDP from AFRISTAT and the spliced GDP,7030.51
STP,Sao Tome and Principe,2016,1121.715,14.57193,Derived using data on central government tax revenue to GDP from AFRISTAT and the spliced GDP,7697.781
STP,Sao Tome and Principe,2017,1213.504,14.74279,Derived using data on central government tax revenue to GDP from AFRISTAT and the spliced GDP,8231.171
STP,Sao Tome and Principe,2018,1181.184,13.70443,Derived using data on central government tax revenue to GDP from AFRISTAT and the spliced GDP,8618.99
STP,Sao Tome and Principe,2019,1200.591,12.73932,Derived using data on central government tax revenue to GDP from AFRISTAT and the spliced GDP,9424.295
STP,Sao Tome and Principe,2020,1350.514,13.17922,Derived using data on central government tax revenue to GDP from AFRISTAT and the spliced GDP,10247.3
STP,Sao Tome and Principe,2021,1325.4,12.11292,Derived using data on central government tax revenue to GDP from AFRISTAT and the spliced GDP,10942.04
STP,Sao Tome and Principe,2022,1348.3,10.62479,Derived using data on central government tax revenue to GDP from AFRISTAT and the spliced GDP,12690.14
SVK,Slovakia,1995,4726.542,23.6,Derived using data on central government tax revenue to GDP from EUS and the spliced GDP,20027.72
SVK,Slovakia,1996,4850.076,21.8,Derived using data on central government tax revenue to GDP from EUS and the spliced GDP,22248.06
SVK,Slovakia,1997,5136.896,20.9,Derived using data on central government tax revenue to GDP from EUS and the spliced GDP,24578.45
SVK,Slovakia,1998,5573.512,20.8,Derived using data on central government tax revenue to GDP from EUS and the spliced GDP,26795.73
SVK,Slovakia,1999,5780.056,20.2,Derived using data on central government tax revenue to GDP from EUS and the spliced GDP,28614.14
SVK,Slovakia,2000,6010.083,19,Derived using data on central government tax revenue to GDP from EUS and the spliced GDP,31632.02
SVK,Slovakia,2001,6106.705,17.8,Derived using data on central government tax revenue to GDP from EUS and the spliced GDP,34307.33
SVK,Slovakia,2002,6559.916,17.6,Derived using data on central government tax revenue to GDP from EUS and the spliced GDP,37272.25
SVK,Slovakia,2003,7582.807,18.4,Derived using data on central government tax revenue to GDP from EUS and the spliced GDP,41210.91
SVK,Slovakia,2004,8233.42,17.9,Derived using data on central government tax revenue to GDP from EUS and the spliced GDP,45996.76
SVK,Slovakia,2005,9401.593,18.7,Derived using data on central government tax revenue to GDP from EUS and the spliced GDP,50275.89
SVK,Slovakia,2006,9692.038,17.2,Derived using data on central government tax revenue to GDP from EUS and the spliced GDP,56349.06
SVK,Slovakia,2007,10867.08,17.2,Derived using data on central government tax revenue to GDP from EUS and the spliced GDP,63180.69
SVK,Slovakia,2008,11586.07,16.9,Derived using data on central government tax revenue to GDP from EUS and the spliced GDP,68556.65
SVK,Slovakia,2009,10312.88,16.1,Derived using data on central government tax revenue to GDP from EUS and the spliced GDP,64055.14
SVK,Slovakia,2010,10721.37,15.6,Derived using data on central government tax revenue to GDP from EUS and the spliced GDP,68726.72
SVK,Slovakia,2011,11890.5,16.6,Derived using data on central government tax revenue to GDP from EUS and the spliced GDP,71629.53
SVK,Slovakia,2012,11796.42,16,Derived using data on central government tax revenue to GDP from EUS and the spliced GDP,73727.61
SVK,Slovakia,2013,12838.54,17.2,Derived using data on central government tax revenue to GDP from EUS and the spliced GDP,74642.67
SVK,Slovakia,2014,13781.21,18,Derived using data on central government tax revenue to GDP from EUS and the spliced GDP,76562.3
SVK,Slovakia,2015,15030.37,18.7,Derived using data on central government tax revenue to GDP from EUS and the spliced GDP,80376.3
SVK,Slovakia,2016,15181.61,18.6,Derived using data on central government tax revenue to GDP from EUS and the spliced GDP,81621.57
SVK,Slovakia,2017,16227.43,19.1,Derived using data on central government tax revenue to GDP from EUS and the spliced GDP,84960.37
SVK,Slovakia,2018,17242.69,19.1,Derived using data on central government tax revenue to GDP from EUS and the spliced GDP,90275.85
SVK,Slovakia,2019,18342.21,19.4,Derived using data on central government tax revenue to GDP from EUS and the spliced GDP,94547.48
SVK,Slovakia,2020,18109.55,19.2,Derived using data on central government tax revenue to GDP from EUS and the spliced GDP,94320.59
SVK,Slovakia,2021,20086.12,19.7,Derived using data on central government tax revenue to GDP from EUS and the spliced GDP,101960
SVK,Slovakia,2022,22568.16,20.5,Derived using data on central government tax revenue to GDP from EUS and the spliced GDP,110088.6
SVK,Slovakia,2023,24706.7,20.1,Derived using data on central government tax revenue to GDP from EUS and the spliced GDP,122918.9
SVK,Slovakia,2024,26273.03,19.9,Derived using data on central government tax revenue to GDP from EUS and the spliced GDP,132025.3
SVN,Slovenia,1995,2325.032,22,Derived using data on central government tax revenue to GDP from EUS and the spliced GDP,10568.33
SVN,Slovenia,1996,2728.497,22.5,Derived using data on central government tax revenue to GDP from EUS and the spliced GDP,12126.65
SVN,Slovenia,1997,3052.539,22.1,Derived using data on central government tax revenue to GDP from EUS and the spliced GDP,13812.39
SVN,Slovenia,1998,3486.359,22.8,Derived using data on central government tax revenue to GDP from EUS and the spliced GDP,15291.05
SVN,Slovenia,1999,4012.967,23.4,Derived using data on central government tax revenue to GDP from EUS and the spliced GDP,17149.43
SVN,Slovenia,2000,4252.146,22.7,Derived using data on central government tax revenue to GDP from EUS and the spliced GDP,18731.92
SVN,Slovenia,2001,4752.827,22.7,Derived using data on central government tax revenue to GDP from EUS and the spliced GDP,20937.56
SVN,Slovenia,2002,5445.795,23.4,Derived using data on central government tax revenue to GDP from EUS and the spliced GDP,23272.63
SVN,Slovenia,2003,5988.817,23.6,Derived using data on central government tax revenue to GDP from EUS and the spliced GDP,25376.34
SVN,Slovenia,2004,6443.907,23.5,Derived using data on central government tax revenue to GDP from EUS and the spliced GDP,27420.88
SVN,Slovenia,2005,6937.377,24,Derived using data on central government tax revenue to GDP from EUS and the spliced GDP,28905.74
SVN,Slovenia,2006,7448.076,23.8,Derived using data on central government tax revenue to GDP from EUS and the spliced GDP,31294.44
SVN,Slovenia,2007,8175.237,23.4,Derived using data on central government tax revenue to GDP from EUS and the spliced GDP,34936.91
SVN,Slovenia,2008,8529.704,22.6,Derived using data on central government tax revenue to GDP from EUS and the spliced GDP,37742.05
SVN,Slovenia,2009,7846.846,21.9,Derived using data on central government tax revenue to GDP from EUS and the spliced GDP,35830.35
SVN,Slovenia,2010,8075.374,22.4,Derived using data on central government tax revenue to GDP from EUS and the spliced GDP,36050.78
SVN,Slovenia,2011,8092.087,22,Derived using data on central government tax revenue to GDP from EUS and the spliced GDP,36782.21
SVN,Slovenia,2012,7941.321,22.1,Derived using data on central government tax revenue to GDP from EUS and the spliced GDP,35933.58
SVN,Slovenia,2013,8037.202,22.3,Derived using data on central government tax revenue to GDP from EUS and the spliced GDP,36041.27
SVN,Slovenia,2014,8348.689,22.4,Derived using data on central government tax revenue to GDP from EUS and the spliced GDP,37270.93
SVN,Slovenia,2015,8661.125,22.5,Derived using data on central government tax revenue to GDP from EUS and the spliced GDP,38493.89
SVN,Slovenia,2016,9002.96,22.5,Derived using data on central government tax revenue to GDP from EUS and the spliced GDP,40013.16
SVN,Slovenia,2017,9462.856,22.2,Derived using data on central government tax revenue to GDP from EUS and the spliced GDP,42625.48
SVN,Slovenia,2018,10183.58,22.4,Derived using data on central government tax revenue to GDP from EUS and the spliced GDP,45462.43
SVN,Slovenia,2019,10594.42,22,Derived using data on central government tax revenue to GDP from EUS and the spliced GDP,48156.45
SVN,Slovenia,2020,9768.388,20.9,Derived using data on central government tax revenue to GDP from EUS and the spliced GDP,46738.7
SVN,Slovenia,2021,11444.98,22,Derived using data on central government tax revenue to GDP from EUS and the spliced GDP,52022.64
SVN,Slovenia,2022,12178.48,21.4,Derived using data on central government tax revenue to GDP from EUS and the spliced GDP,56908.77
SVN,Slovenia,2023,13237.91,20.7,Derived using data on central government tax revenue to GDP from EUS and the spliced GDP,63951.24
SVN,Slovenia,2024,14075.21,21.3,Derived using data on central government tax revenue to GDP from EUS and the spliced GDP,66080.81
SWE,Sweden,1861,30.88033,3.091565,Derived using data on central government tax revenue to GDP from Mitchell and the spliced GDP,998.8575
SWE,Sweden,1862,29.08326,2.848669,Derived using data on central government tax revenue to GDP from Mitchell and the spliced GDP,1020.942
SWE,Sweden,1863,32.00258,3.053567,Derived using data on central government tax revenue to GDP from Mitchell and the spliced GDP,1048.039
SWE,Sweden,1864,33.50499,3.204306,Derived using data on central government tax revenue to GDP from Mitchell and the spliced GDP,1045.624
SWE,Sweden,1865,34.50257,3.305554,Derived using data on central government tax revenue to GDP from Mitchell and the spliced GDP,1043.776
SWE,Sweden,1866,31.24164,2.99449,Derived using data on central government tax revenue to GDP from Mitchell and the spliced GDP,1043.304
SWE,Sweden,1867,30.54363,2.805911,Derived using data on central government tax revenue to GDP from Mitchell and the spliced GDP,1088.546
SWE,Sweden,1868,31.53817,3.000978,Derived using data on central government tax revenue to GDP from Mitchell and the spliced GDP,1050.93
SWE,Sweden,1869,32.3528,2.941144,Derived using data on central government tax revenue to GDP from Mitchell and the spliced GDP,1100.007
SWE,Sweden,1870,36.76702,3.132809,Derived using data on central government tax revenue to GDP from Mitchell and the spliced GDP,1173.612
SWE,Sweden,1871,40.49239,3.281223,Derived using data on central government tax revenue to GDP from Mitchell and the spliced GDP,1234.064
SWE,Sweden,1872,42.70073,3.050156,Derived using data on central government tax revenue to GDP from Mitchell and the spliced GDP,1399.952
SWE,Sweden,1873,45.14205,2.839403,Derived using data on central government tax revenue to GDP from Mitchell and the spliced GDP,1589.843
SWE,Sweden,1874,55.82835,3.250674,Derived using data on central government tax revenue to GDP from Mitchell and the spliced GDP,1717.439
SWE,Sweden,1875,47.9368,2.905788,Derived using data on central government tax revenue to GDP from Mitchell and the spliced GDP,1649.7
SWE,Sweden,1876,50.11214,2.876498,Derived using data on central government tax revenue to GDP from Mitchell and the spliced GDP,1742.124
SWE,Sweden,1877,48.18037,2.82235,Derived using data on central government tax revenue to GDP from Mitchell and the spliced GDP,1707.101
SWE,Sweden,1878,44.66803,2.884438,Derived using data on central government tax revenue to GDP from Mitchell and the spliced GDP,1548.587
SWE,Sweden,1879,47.14064,3.085479,Derived using data on central government tax revenue to GDP from Mitchell and the spliced GDP,1527.822
SWE,Sweden,1880,51.90019,3.307216,Derived using data on central government tax revenue to GDP from Mitchell and the spliced GDP,1569.302
SWE,Sweden,1881,56.99588,3.442054,Derived using data on central government tax revenue to GDP from Mitchell and the spliced GDP,1655.868
SWE,Sweden,1882,53.69933,3.304243,Derived using data on central government tax revenue to GDP from Mitchell and the spliced GDP,1625.163
SWE,Sweden,1883,54.77933,3.243174,Derived using data on central government tax revenue to GDP from Mitchell and the spliced GDP,1689.065
SWE,Sweden,1884,54.64019,3.305267,Derived using data on central government tax revenue to GDP from Mitchell and the spliced GDP,1653.125
SWE,Sweden,1885,56.57756,3.457432,Derived using data on central government tax revenue to GDP from Mitchell and the spliced GDP,1636.404
SWE,Sweden,1886,53.19249,3.430143,Derived using data on central government tax revenue to GDP from Mitchell and the spliced GDP,1550.737
SWE,Sweden,1887,50.41507,3.394799,Derived using data on central government tax revenue to GDP from Mitchell and the spliced GDP,1485.068
SWE,Sweden,1888,62.56145,4.041814,Derived using data on central government tax revenue to GDP from Mitchell and the spliced GDP,1547.856
SWE,Sweden,1889,66.5747,4.023102,Derived using data on central government tax revenue to GDP from Mitchell and the spliced GDP,1654.81
SWE,Sweden,1890,70.03466,4.078746,Derived using data on central government tax revenue to GDP from Mitchell and the spliced GDP,1717.063
SWE,Sweden,1891,65.1347,3.573364,Derived using data on central government tax revenue to GDP from Mitchell and the spliced GDP,1822.784
SWE,Sweden,1892,66.14797,3.593596,Derived using data on central government tax revenue to GDP from Mitchell and the spliced GDP,1840.718
SWE,Sweden,1893,67.69213,3.699663,Derived using data on central government tax revenue to GDP from Mitchell and the spliced GDP,1829.684
SWE,Sweden,1894,73.64558,4.038557,Derived using data on central government tax revenue to GDP from Mitchell and the spliced GDP,1823.562
SWE,Sweden,1895,77.10317,3.98081,Derived using data on central government tax revenue to GDP from Mitchell and the spliced GDP,1936.871
SWE,Sweden,1896,78.58372,3.901196,Derived using data on central government tax revenue to GDP from Mitchell and the spliced GDP,2014.349
SWE,Sweden,1897,82.54657,3.791506,Derived using data on central government tax revenue to GDP from Mitchell and the spliced GDP,2177.145
SWE,Sweden,1898,88.7032,3.767408,Derived using data on central government tax revenue to GDP from Mitchell and the spliced GDP,2354.489
SWE,Sweden,1899,98.87209,3.885784,Derived using data on central government tax revenue to GDP from Mitchell and the spliced GDP,2544.457
SWE,Sweden,1900,99.05027,3.786821,Derived using data on central government tax revenue to GDP from Mitchell and the spliced GDP,2615.658
SWE,Sweden,1901,91.90748,3.540203,Derived using data on central government tax revenue to GDP from Mitchell and the spliced GDP,2596.107
SWE,Sweden,1902,98.48584,3.779373,Derived using data on central government tax revenue to GDP from Mitchell and the spliced GDP,2605.877
SWE,Sweden,1903,115.4078,4.078249,Derived using data on central government tax revenue to GDP from Mitchell and the spliced GDP,2829.838
SWE,Sweden,1904,116.4436,4.101996,Derived using data on central government tax revenue to GDP from Mitchell and the spliced GDP,2838.707
SWE,Sweden,1905,118.2529,4.079654,Derived using data on central government tax revenue to GDP from Mitchell and the spliced GDP,2898.602
SWE,Sweden,1906,114.8693,3.522718,Derived using data on central government tax revenue to GDP from Mitchell and the spliced GDP,3260.815
SWE,Sweden,1907,134.6354,3.71238,Derived using data on central government tax revenue to GDP from Mitchell and the spliced GDP,3626.66
SWE,Sweden,1908,133.4295,3.717924,Derived using data on central government tax revenue to GDP from Mitchell and the spliced GDP,3588.817
SWE,Sweden,1909,124.3991,3.488945,Derived using data on central government tax revenue to GDP from Mitchell and the spliced GDP,3565.521
SWE,Sweden,1910,137.2939,3.61367,Derived using data on central government tax revenue to GDP from Mitchell and the spliced GDP,3799.292
SWE,Sweden,1911,145.8005,3.737595,Derived using data on central government tax revenue to GDP from Mitchell and the spliced GDP,3900.917
SWE,Sweden,1912,151.0509,3.613903,Derived using data on central government tax revenue to GDP from Mitchell and the spliced GDP,4179.717
SWE,Sweden,1913,155.3948,3.46576,Derived using data on central government tax revenue to GDP from Mitchell and the spliced GDP,4483.714
SWE,Sweden,1914,153.1112,3.32166,Derived using data on central government tax revenue to GDP from Mitchell and the spliced GDP,4609.478
SWE,Sweden,1915,151.7055,2.811762,Derived using data on central government tax revenue to GDP from Mitchell and the spliced GDP,5395.39
SWE,Sweden,1916,182.9239,2.687834,Derived using data on central government tax revenue to GDP from Mitchell and the spliced GDP,6805.624
SWE,Sweden,1917,190.6455,2.322436,Derived using data on central government tax revenue to GDP from Mitchell and the spliced GDP,8208.86
SWE,Sweden,1918,323.3443,2.985327,Derived using data on central government tax revenue to GDP from Mitchell and the spliced GDP,10831.12
SWE,Sweden,1919,461.5283,3.509124,Derived using data on central government tax revenue to GDP from Mitchell and the spliced GDP,13152.24
SWE,Sweden,1920,558.6881,3.738136,Derived using data on central government tax revenue to GDP from Mitchell and the spliced GDP,14945.63
SWE,Sweden,1921,544.2601,4.708411,Derived using data on central government tax revenue to GDP from Mitchell and the spliced GDP,11559.32
SWE,Sweden,1922,473.6949,4.780974,Derived using data on central government tax revenue to GDP from Mitchell and the spliced GDP,9907.917
SWE,Sweden,1923,151.6316,1.580812,Derived using data on central government tax revenue to GDP from Mitchell and the spliced GDP,9592.008
SWE,Sweden,1924,455.5204,4.474932,Derived using data on central government tax revenue to GDP from Mitchell and the spliced GDP,10179.38
SWE,Sweden,1925,453.1852,4.317052,Derived using data on central government tax revenue to GDP from Mitchell and the spliced GDP,10497.56
SWE,Sweden,1926,444.3992,4.169696,Derived using data on central government tax revenue to GDP from Mitchell and the spliced GDP,10657.83
SWE,Sweden,1927,464.5972,4.268054,Derived using data on central government tax revenue to GDP from Mitchell and the spliced GDP,10885.46
SWE,Sweden,1928,479.47,4.252885,Derived using data on central government tax revenue to GDP from Mitchell and the spliced GDP,11273.99
SWE,Sweden,1929,483.0562,4.086195,Derived using data on central government tax revenue to GDP from Mitchell and the spliced GDP,11821.66
SWE,Sweden,1930,501.6592,4.198167,Derived using data on central government tax revenue to GDP from Mitchell and the spliced GDP,11949.48
SWE,Sweden,1931,542.5735,4.875887,Derived using data on central government tax revenue to GDP from Mitchell and the spliced GDP,11127.69
SWE,Sweden,1932,545.6135,5.256528,Derived using data on central government tax revenue to GDP from Mitchell and the spliced GDP,10379.73
SWE,Sweden,1933,558.6565,5.352907,Derived using data on central government tax revenue to GDP from Mitchell and the spliced GDP,10436.51
SWE,Sweden,1934,566.0574,4.999417,Derived using data on central government tax revenue to GDP from Mitchell and the spliced GDP,11322.47
SWE,Sweden,1935,622.0383,5.179081,Derived using data on central government tax revenue to GDP from Mitchell and the spliced GDP,12010.59
SWE,Sweden,1936,670.5546,5.293105,Derived using data on central government tax revenue to GDP from Mitchell and the spliced GDP,12668.45
SWE,Sweden,1937,748.3389,5.444826,Derived using data on central government tax revenue to GDP from Mitchell and the spliced GDP,13744.04
SWE,Sweden,1938,819.5569,5.719101,Derived using data on central government tax revenue to GDP from Mitchell and the spliced GDP,14330.17
SWE,Sweden,1939,974.2392,6.252849,Derived using data on central government tax revenue to GDP from Mitchell and the spliced GDP,15580.72
SWE,Sweden,1940,1196.968,7.18717,Derived using data on central government tax revenue to GDP from Mitchell and the spliced GDP,16654.23
SWE,Sweden,1941,1397.432,7.677386,Derived using data on central government tax revenue to GDP from Mitchell and the spliced GDP,18201.93
SWE,Sweden,1942,1583.434,8.022408,Derived using data on central government tax revenue to GDP from Mitchell and the spliced GDP,19737.64
SWE,Sweden,1943,1898.475,8.959826,Derived using data on central government tax revenue to GDP from Mitchell and the spliced GDP,21188.75
SWE,Sweden,1944,2245.874,10.15409,Derived using data on central government tax revenue to GDP from Mitchell and the spliced GDP,22117.94
SWE,Sweden,1945,2299.702,10.03438,Derived using data on central government tax revenue to GDP from Mitchell and the spliced GDP,22918.23
SWE,Sweden,1946,2615.555,10.10146,Derived using data on central government tax revenue to GDP from Mitchell and the spliced GDP,25892.84
SWE,Sweden,1947,2745.343,9.360954,Derived using data on central government tax revenue to GDP from Mitchell and the spliced GDP,29327.6
SWE,Sweden,1948,3505.242,10.92977,Derived using data on central government tax revenue to GDP from Mitchell and the spliced GDP,32070.58
SWE,Sweden,1949,3742.376,11.1646,Derived using data on central government tax revenue to GDP from Mitchell and the spliced GDP,33520.04
SWE,Sweden,1950,3666.18,9.990196,Derived using data on central government tax revenue to GDP from Mitchell and the spliced GDP,36697.78
SWE,Sweden,1951,4453.303,9.851444,Derived using data on central government tax revenue to GDP from Mitchell and the spliced GDP,45204.57
SWE,Sweden,1952,5864.648,11.93078,Derived using data on central government tax revenue to GDP from Mitchell and the spliced GDP,49155.61
SWE,Sweden,1953,6059.864,11.91858,Derived using data on central government tax revenue to GDP from Mitchell and the spliced GDP,50843.84
SWE,Sweden,1954,6544.042,12.14989,Derived using data on central government tax revenue to GDP from Mitchell and the spliced GDP,53860.93
SWE,Sweden,1955,6995.823,12.0821,Derived using data on central government tax revenue to GDP from Mitchell and the spliced GDP,57902.36
SWE,Sweden,1956,8004.994,12.7243,Derived using data on central government tax revenue to GDP from Mitchell and the spliced GDP,62911.09
SWE,Sweden,1957,8458.557,12.58553,Derived using data on central government tax revenue to GDP from Mitchell and the spliced GDP,67208.61
SWE,Sweden,1958,9552.137,13.45547,Derived using data on central government tax revenue to GDP from Mitchell and the spliced GDP,70990.72
SWE,Sweden,1959,10104.36,13.35601,Derived using data on central government tax revenue to GDP from Mitchell and the spliced GDP,75654.07
SWE,Sweden,1960,10837.08,13.16254,Derived using data on central government tax revenue to GDP from Mitchell and the spliced GDP,82332.75
SWE,Sweden,1961,13415.17,14.97795,Derived using data on central government tax revenue to GDP from Mitchell and the spliced GDP,89566.14
SWE,Sweden,1962,14468.77,14.89554,Derived using data on central government tax revenue to GDP from Mitchell and the spliced GDP,97134.96
SWE,Sweden,1963,16041.24,15.25762,Derived using data on central government tax revenue to GDP from Mitchell and the spliced GDP,105136
SWE,Sweden,1964,16869.03,14.38756,Derived using data on central government tax revenue to GDP from Mitchell and the spliced GDP,117247.3
SWE,Sweden,1965,19469.79,15.09014,Derived using data on central government tax revenue to GDP from Mitchell and the spliced GDP,129023.3
SWE,Sweden,1966,22066.81,15.72315,Derived using data on central government tax revenue to GDP from Mitchell and the spliced GDP,140346
SWE,Sweden,1967,24071.29,15.80129,Derived using data on central government tax revenue to GDP from Mitchell and the spliced GDP,152337.5
SWE,Sweden,1968,25211.05,15.59549,Derived using data on central government tax revenue to GDP from Mitchell and the spliced GDP,161656.1
SWE,Sweden,1969,27304.47,15.55313,Derived using data on central government tax revenue to GDP from Mitchell and the spliced GDP,175556.1
SWE,Sweden,1970,30293.39,15.40938,Derived using data on central government tax revenue to GDP from Mitchell and the spliced GDP,196590.6
SWE,Sweden,1971,34115.25,16.04986,Derived using data on central government tax revenue to GDP from Mitchell and the spliced GDP,212557.9
SWE,Sweden,1972,38040.52,16.3556,Derived using data on central government tax revenue to GDP from Mitchell and the spliced GDP,232584
SWE,Sweden,1973,38365.64,14.8232,Derived using data on central government tax revenue to GDP from Mitchell and the spliced GDP,258821.5
SWE,Sweden,1974,42320.36,14.47534,Derived using data on central government tax revenue to GDP from Mitchell and the spliced GDP,292361.8
SWE,Sweden,1975,50581,14.73216,Derived using data on central government tax revenue to GDP from Mitchell and the spliced GDP,343337.2
SWE,Sweden,1976,66644.84,17.16212,Derived using data on central government tax revenue to GDP from Mitchell and the spliced GDP,388325.3
SWE,Sweden,1977,74913.18,17.73668,Derived using data on central government tax revenue to GDP from Mitchell and the spliced GDP,422362.9
SWE,Sweden,1978,81270.37,17.26222,Derived using data on central government tax revenue to GDP from Mitchell and the spliced GDP,470799
SWE,Sweden,1979,90163.78,17.08585,Derived using data on central government tax revenue to GDP from Mitchell and the spliced GDP,527710.3
SWE,Sweden,1980,99515.6,16.59806,Derived using data on central government tax revenue to GDP from Mitchell and the spliced GDP,599561.5
SWE,Sweden,1981,116965.6,17.85481,Derived using data on central government tax revenue to GDP from Mitchell and the spliced GDP,655093.1
SWE,Sweden,1982,122709.2,17.11674,Derived using data on central government tax revenue to GDP from Mitchell and the spliced GDP,716896.1
SWE,Sweden,1983,136109.7,16.94512,Derived using data on central government tax revenue to GDP from Mitchell and the spliced GDP,803238.3
SWE,Sweden,1984,159951.7,17.74991,Derived using data on central government tax revenue to GDP from Mitchell and the spliced GDP,901140.8
SWE,Sweden,1985,187027.4,19.09282,Derived using data on central government tax revenue to GDP from Mitchell and the spliced GDP,979569.3
SWE,Sweden,1986,196131,18.33797,Derived using data on central government tax revenue to GDP from Mitchell and the spliced GDP,1069535
SWE,Sweden,1987,227811,19.67974,Derived using data on central government tax revenue to GDP from Mitchell and the spliced GDP,1157591
SWE,Sweden,1988,242237.5,19.14575,Derived using data on central government tax revenue to GDP from Mitchell and the spliced GDP,1265229
SWE,Sweden,1989,270714.7,19.31269,Derived using data on central government tax revenue to GDP from Mitchell and the spliced GDP,1401745
SWE,Sweden,1990,313384.8,20.26905,Derived using data on central government tax revenue to GDP from Mitchell and the spliced GDP,1546125
SWE,Sweden,1991,288280.2,17.42452,Derived using data on central government tax revenue to GDP from Mitchell and the spliced GDP,1654451
SWE,Sweden,1992,270657.5,16.38475,Derived using data on central government tax revenue to GDP from Mitchell and the spliced GDP,1651886
SWE,Sweden,1993,268712.2,16.25059,Derived using data on central government tax revenue to GDP from Mitchell and the spliced GDP,1653554
SWE,Sweden,1994,275454.3,15.64313,Derived using data on central government tax revenue to GDP from IMF_GFS and the spliced GDP,1760864
SWE,Sweden,1995,537007,28.2,Derived using data on central government tax revenue to GDP from EUS and the spliced GDP,1904280
SWE,Sweden,1996,567764.3,29,Derived using data on central government tax revenue to GDP from EUS and the spliced GDP,1957808
SWE,Sweden,1997,606848.3,29.6,Derived using data on central government tax revenue to GDP from EUS and the spliced GDP,2050163
SWE,Sweden,1998,644190.1,29.9,Derived using data on central government tax revenue to GDP from EUS and the spliced GDP,2154482
SWE,Sweden,1999,690387.6,30.5,Derived using data on central government tax revenue to GDP from EUS and the spliced GDP,2263566
SWE,Sweden,2000,741917.8,30.8,Derived using data on central government tax revenue to GDP from EUS and the spliced GDP,2408824
SWE,Sweden,2001,724767.2,28.9,Derived using data on central government tax revenue to GDP from EUS and the spliced GDP,2507845
SWE,Sweden,2002,727157.7,27.9,Derived using data on central government tax revenue to GDP from EUS and the spliced GDP,2606300
SWE,Sweden,2003,757958.9,28,Derived using data on central government tax revenue to GDP from EUS and the spliced GDP,2706996
SWE,Sweden,2004,798196.7,28.3,Derived using data on central government tax revenue to GDP from EUS and the spliced GDP,2820483
SWE,Sweden,2005,864564.8,29.6,Derived using data on central government tax revenue to GDP from EUS and the spliced GDP,2920827
SWE,Sweden,2006,916305.4,29.4,Derived using data on central government tax revenue to GDP from EUS and the spliced GDP,3116685
SWE,Sweden,2007,974381.8,29.4,Derived using data on central government tax revenue to GDP from EUS and the spliced GDP,3314224
SWE,Sweden,2008,969325.8,28.6,Derived using data on central government tax revenue to GDP from EUS and the spliced GDP,3389251
SWE,Sweden,2009,930859.4,28,Derived using data on central government tax revenue to GDP from EUS and the spliced GDP,3324498
SWE,Sweden,2010,995563.9,28.1,Derived using data on central government tax revenue to GDP from EUS and the spliced GDP,3542932
SWE,Sweden,2011,1013478,27.4,Derived using data on central government tax revenue to GDP from EUS and the spliced GDP,3698826
SWE,Sweden,2012,1010344,27.1,Derived using data on central government tax revenue to GDP from EUS and the spliced GDP,3728206
SWE,Sweden,2013,1031998,27.1,Derived using data on central government tax revenue to GDP from EUS and the spliced GDP,3808110
SWE,Sweden,2014,1080075,27.2,Derived using data on central government tax revenue to GDP from EUS and the spliced GDP,3970862
SWE,Sweden,2015,1175932,27.8,Derived using data on central government tax revenue to GDP from EUS and the spliced GDP,4229970
SWE,Sweden,2016,1260939,28.7,Derived using data on central government tax revenue to GDP from EUS and the spliced GDP,4393514
SWE,Sweden,2017,1324570,28.9,Derived using data on central government tax revenue to GDP from EUS and the spliced GDP,4583286
SWE,Sweden,2018,1376454,28.7,Derived using data on central government tax revenue to GDP from EUS and the spliced GDP,4796006
SWE,Sweden,2019,1410647,28,Derived using data on central government tax revenue to GDP from EUS and the spliced GDP,5038023
SWE,Sweden,2020,1375326,27.4,Derived using data on central government tax revenue to GDP from EUS and the spliced GDP,5019437
SWE,Sweden,2021,1548398,28.4,Derived using data on central government tax revenue to GDP from EUS and the spliced GDP,5452104
SWE,Sweden,2022,1668360,28.5,Derived using data on central government tax revenue to GDP from EUS and the spliced GDP,5853893
SWE,Sweden,2023,1719917,27.7,Derived using data on central government tax revenue to GDP from EUS and the spliced GDP,6209087
SWE,Sweden,2024,1773234,27.7,Derived using data on central government tax revenue to GDP from EUS and the spliced GDP,6401565
SYC,Seychelles,1993,1038.871,35.35999,Derived using data on central government tax revenue to GDP from IMF_GFS and the spliced GDP,2937.985
SYC,Seychelles,1994,942.6276,31.96715,Derived using data on central government tax revenue to GDP from IMF_GFS and the spliced GDP,2948.739
SYC,Seychelles,1995,808.0118,27.63522,Derived using data on central government tax revenue to GDP from IMF_GFS and the spliced GDP,2923.848
SYC,Seychelles,1996,807.8996,26.93785,Derived using data on central government tax revenue to GDP from IMF_GFS and the spliced GDP,2999.125
SYC,Seychelles,1997,921.9014,26.96494,Derived using data on central government tax revenue to GDP from IMF_GFS and the spliced GDP,3418.889
SYC,Seychelles,1998,1022.585,26.43614,Derived using data on central government tax revenue to GDP from IMF_GFS and the spliced GDP,3868.135
SYC,Seychelles,1999,1092.923,27.2181,Derived using data on central government tax revenue to GDP from IMF_GFS and the spliced GDP,4015.427
SYC,Seychelles,2000,,,Derived using data on central government tax revenue to GDP from IMF_GFS and the spliced GDP,4267.358
SYC,Seychelles,2001,,,Derived using data on central government tax revenue to GDP from IMF_GFS and the spliced GDP,4371.393
SYC,Seychelles,2002,,,Derived using data on central government tax revenue to GDP from IMF_GFS and the spliced GDP,4591.833
SYC,Seychelles,2003,,,Derived using data on central government tax revenue to GDP from IMF_GFS and the spliced GDP,4571.084
SYC,Seychelles,2004,,,Derived using data on central government tax revenue to GDP from IMF_GFS and the spliced GDP,4616.3
SYC,Seychelles,2005,1380.034,27.30001,Derived using data on central government tax revenue to GDP from IMF_GFS and the spliced GDP,5055.066
SYC,Seychelles,2006,1385.315,24.69255,Derived using data on central government tax revenue to GDP from IMF_GFS and the spliced GDP,5610.253
SYC,Seychelles,2007,1617.02,23.24973,Derived using data on central government tax revenue to GDP from IMF_GFS and the spliced GDP,6955.005
SYC,Seychelles,2008,2062.727,22.3675,Derived using data on central government tax revenue to GDP from IMF_GFS and the spliced GDP,9221.981
SYC,Seychelles,2009,2947.018,25.24082,Derived using data on central government tax revenue to GDP from IMF_GFS and the spliced GDP,11675.6
SYC,Seychelles,2010,3313.692,27.85042,Derived using data on central government tax revenue to GDP from IMF_GFS and the spliced GDP,11898.17
SYC,Seychelles,2011,4241.539,32.95665,Derived using data on central government tax revenue to GDP from IMF_GFS and the spliced GDP,12870.06
SYC,Seychelles,2012,4524.212,30.40518,Derived using data on central government tax revenue to GDP from IMF_GFS and the spliced GDP,14879.74
SYC,Seychelles,2013,4625.052,28.06606,Derived using data on central government tax revenue to GDP from IMF_GFS and the spliced GDP,16479.17
SYC,Seychelles,2014,5149.875,29.11508,Derived using data on central government tax revenue to GDP from IMF_GFS and the spliced GDP,17688
SYC,Seychelles,2015,5305.4,27.8192,Derived using data on central government tax revenue to GDP from IMF_GFS and the spliced GDP,19071
SYC,Seychelles,2016,5939.755,28.43077,Derived using data on central government tax revenue to GDP from IMF_GFS and the spliced GDP,20892
SYC,Seychelles,2017,6619.383,28.94858,Derived using data on central government tax revenue to GDP from IMF_GFS and the spliced GDP,22866
SYC,Seychelles,2018,7174.592,28.903,Derived using data on central government tax revenue to GDP from IMF_GFS and the spliced GDP,24823
SYC,Seychelles,2019,7436.565,28.35678,Derived using data on central government tax revenue to GDP from IMF_GFS and the spliced GDP,26225
SYC,Seychelles,2020,6375.542,26.17647,Derived using data on central government tax revenue to GDP from IMF_GFS and the spliced GDP,24356
SYC,Seychelles,2021,6737.639,26.77491,Derived using data on central government tax revenue to GDP from IMF_GFS and the spliced GDP,25164
SYC,Seychelles,2022,7401.891,25.19964,Derived using data on central government tax revenue to GDP from IMF_GFS and the spliced GDP,29373
SYC,Seychelles,2023,8175.35,27.23673,Derived using data on central government tax revenue to GDP from IMF_GFS and the spliced GDP,30015.9
TCD,Chad,1990,26577.98,5.323632,Derived using data on central government tax revenue to GDP from AFRISTAT and the spliced GDP,499245.3
TCD,Chad,1991,21524.58,4.19221,Derived using data on central government tax revenue to GDP from AFRISTAT and the spliced GDP,513442.4
TCD,Chad,1992,22166.56,4.416698,Derived using data on central government tax revenue to GDP from AFRISTAT and the spliced GDP,501880.8
TCD,Chad,1993,21138.82,4.513224,Derived using data on central government tax revenue to GDP from AFRISTAT and the spliced GDP,468375.2
TCD,Chad,1994,29571.02,3.969153,Derived using data on central government tax revenue to GDP from AFRISTAT and the spliced GDP,745020.8
TCD,Chad,1995,46027.93,5.611527,Derived using data on central government tax revenue to GDP from AFRISTAT and the spliced GDP,820238.9
TCD,Chad,1996,60581.75,6.445796,Derived using data on central government tax revenue to GDP from AFRISTAT and the spliced GDP,939864.6
TCD,Chad,1997,69638.73,6.799115,Derived using data on central government tax revenue to GDP from AFRISTAT and the spliced GDP,1024232
TCD,Chad,1998,79639.02,6.751869,Derived using data on central government tax revenue to GDP from AFRISTAT and the spliced GDP,1179511
TCD,Chad,1999,,,Derived using data on central government tax revenue to GDP from AFRISTAT and the spliced GDP,1070639
TCD,Chad,2000,,,Derived using data on central government tax revenue to GDP from AFRISTAT and the spliced GDP,1121908
TCD,Chad,2001,,,Derived using data on central government tax revenue to GDP from AFRISTAT and the spliced GDP,1425558
TCD,Chad,2002,,,Derived using data on central government tax revenue to GDP from AFRISTAT and the spliced GDP,1575520
TCD,Chad,2003,,,Derived using data on central government tax revenue to GDP from AFRISTAT and the spliced GDP,1799911
TCD,Chad,2004,,,Derived using data on central government tax revenue to GDP from AFRISTAT and the spliced GDP,2652865
TCD,Chad,2005,,,Derived using data on central government tax revenue to GDP from AFRISTAT and the spliced GDP,3523810
TCD,Chad,2006,,,Derived using data on central government tax revenue to GDP from AFRISTAT and the spliced GDP,3979284
TCD,Chad,2007,,,Derived using data on central government tax revenue to GDP from AFRISTAT and the spliced GDP,4195984
TCD,Chad,2008,,,Derived using data on central government tax revenue to GDP from AFRISTAT and the spliced GDP,4942457
TCD,Chad,2009,,,Derived using data on central government tax revenue to GDP from AFRISTAT and the spliced GDP,4837209
TCD,Chad,2010,507165.1,8.409923,Derived using data on central government tax revenue to GDP from AFRISTAT and the spliced GDP,6030557
TCD,Chad,2011,1067289,15.40516,Derived using data on central government tax revenue to GDP from AFRISTAT and the spliced GDP,6928122
TCD,Chad,2012,849653.9,10.2704,Derived using data on central government tax revenue to GDP from AFRISTAT and the spliced GDP,8272843
TCD,Chad,2013,909035.3,11.27875,Derived using data on central government tax revenue to GDP from AFRISTAT and the spliced GDP,8059717
TCD,Chad,2014,724304.4,8.374912,Derived using data on central government tax revenue to GDP from AFRISTAT and the spliced GDP,8648502
TCD,Chad,2015,380297.7,4.463391,Derived using data on central government tax revenue to GDP from AFRISTAT and the spliced GDP,8520376
TCD,Chad,2016,297732.4,3.843537,Derived using data on central government tax revenue to GDP from AFRISTAT and the spliced GDP,7746313
TCD,Chad,2017,465700,6.008093,Derived using data on central government tax revenue to GDP from AFRISTAT and the spliced GDP,7751211
TCD,Chad,2018,496640.8,5.820285,Derived using data on central government tax revenue to GDP from AFRISTAT and the spliced GDP,8532928
TCD,Chad,2019,604137.1,6.896585,Derived using data on central government tax revenue to GDP from AFRISTAT and the spliced GDP,8759945
TCD,Chad,2020,829469.1,9.852048,Derived using data on central government tax revenue to GDP from AFRISTAT and the spliced GDP,8419255
TCD,Chad,2021,671197.6,7.583363,Derived using data on central government tax revenue to GDP from AFRISTAT and the spliced GDP,8850923
TCD,Chad,2022,1115357,10.99481,Derived using data on central government tax revenue to GDP from AFRISTAT and the spliced GDP,1.01e+07
TGO,Togo,1963,3691.249,9.876543,Derived using data on central government tax revenue to GDP from BCEAO and the spliced GDP,37373.89
TGO,Togo,1964,4498.709,10.15625,Derived using data on central government tax revenue to GDP from BCEAO and the spliced GDP,44294.98
TGO,Togo,1965,4729.412,9.425287,Derived using data on central government tax revenue to GDP from BCEAO and the spliced GDP,50177.91
TGO,Togo,1966,5306.17,8.6629,Derived using data on central government tax revenue to GDP from BCEAO and the spliced GDP,61251.66
TGO,Togo,1967,5882.928,8.947369,Derived using data on central government tax revenue to GDP from BCEAO and the spliced GDP,65750.37
TGO,Togo,1968,6228.982,9.015025,Derived using data on central government tax revenue to GDP from BCEAO and the spliced GDP,69095.56
TGO,Togo,1969,7497.849,9.339081,Derived using data on central government tax revenue to GDP from BCEAO and the spliced GDP,80284.66
TGO,Togo,1970,10266.29,12.07598,Derived using data on central government tax revenue to GDP from BCEAO and the spliced GDP,85014.07
TGO,Togo,1971,12119.88,12.69841,Derived using data on central government tax revenue to GDP from BCEAO and the spliced GDP,95444.05
TGO,Togo,1972,13586.72,13.35616,Derived using data on central government tax revenue to GDP from BCEAO and the spliced GDP,101726.2
TGO,Togo,1973,12778.71,12.16814,Derived using data on central government tax revenue to GDP from BCEAO and the spliced GDP,105017.7
TGO,Togo,1974,17651.28,11.62969,Derived using data on central government tax revenue to GDP from BCEAO and the spliced GDP,151777.7
TGO,Togo,1975,30441.07,20.42089,Derived using data on central government tax revenue to GDP from BCEAO and the spliced GDP,149068.3
TGO,Togo,1976,37530.66,23.69773,Derived using data on central government tax revenue to GDP from BCEAO and the spliced GDP,158372.4
TGO,Togo,1977,47287.49,24.11137,Derived using data on central government tax revenue to GDP from BCEAO and the spliced GDP,196121.1
TGO,Togo,1978,58630.38,26.27119,Derived using data on central government tax revenue to GDP from BCEAO and the spliced GDP,223173.7
TGO,Togo,1979,58911.31,23.44925,Derived using data on central government tax revenue to GDP from BCEAO and the spliced GDP,251229
TGO,Togo,1980,69849.3,25.16779,Derived using data on central government tax revenue to GDP from BCEAO and the spliced GDP,277534.6
TGO,Togo,1981,62856.34,20.96899,Derived using data on central government tax revenue to GDP from BCEAO and the spliced GDP,299758.5
TGO,Togo,1982,74939.63,23.91546,Derived using data on central government tax revenue to GDP from BCEAO and the spliced GDP,313352.2
TGO,Togo,1983,67998.13,20.80537,Derived using data on central government tax revenue to GDP from BCEAO and the spliced GDP,326829.8
TGO,Togo,1984,77530.15,21.89293,Derived using data on central government tax revenue to GDP from BCEAO and the spliced GDP,354133.3
TGO,Togo,1985,86850.77,22.48175,Derived using data on central government tax revenue to GDP from BCEAO and the spliced GDP,386316.7
TGO,Togo,1986,90377.24,21.39358,Derived using data on central government tax revenue to GDP from BCEAO and the spliced GDP,422450.4
TGO,Togo,1987,84513.07,19.57911,Derived using data on central government tax revenue to GDP from BCEAO and the spliced GDP,431649.1
TGO,Togo,1988,100161.5,19.3157,Derived using data on central government tax revenue to GDP from BCEAO and the spliced GDP,518549.8
TGO,Togo,1989,105805.9,19.41613,Derived using data on central government tax revenue to GDP from BCEAO and the spliced GDP,544938.1
TGO,Togo,1990,67182.97,11.99546,Derived using data on central government tax revenue to GDP from BCEAO and the spliced GDP,560069.8
TGO,Togo,1991,56106.1,9.785264,Derived using data on central government tax revenue to GDP from BCEAO and the spliced GDP,573373.4
TGO,Togo,1992,44706.94,7.924593,Derived using data on central government tax revenue to GDP from BCEAO and the spliced GDP,564154.4
TGO,Togo,1993,25160.23,5.469607,Derived using data on central government tax revenue to GDP from BCEAO and the spliced GDP,460000.7
TGO,Togo,1994,49101.66,7.023879,Derived using data on central government tax revenue to GDP from BCEAO and the spliced GDP,699067.6
TGO,Togo,1995,72310.08,8.71169,Derived using data on central government tax revenue to GDP from BCEAO and the spliced GDP,830035
TGO,Togo,1996,79885.13,8.591847,Derived using data on central government tax revenue to GDP from BCEAO and the spliced GDP,929778.2
TGO,Togo,1997,94218.25,8.721084,Derived using data on central government tax revenue to GDP from BCEAO and the spliced GDP,1080350
TGO,Togo,1998,93648.27,9.06154,Derived using data on central government tax revenue to GDP from BCEAO and the spliced GDP,1033470
TGO,Togo,1999,91775.09,8.493417,Derived using data on central government tax revenue to GDP from BCEAO and the spliced GDP,1080544
TGO,Togo,2000,73576.63,6.944119,Derived using data on central government tax revenue to GDP from BCEAO and the spliced GDP,1059553
TGO,Togo,2001,76622.22,7.057181,Derived using data on central government tax revenue to GDP from BCEAO and the spliced GDP,1085734
TGO,Togo,2002,81792.51,6.908391,Derived using data on central government tax revenue to GDP from BCEAO and the spliced GDP,1183959
TGO,Togo,2003,105371.4,8.587952,Derived using data on central government tax revenue to GDP from BCEAO and the spliced GDP,1226968
TGO,Togo,2004,114013.4,9.566648,Derived using data on central government tax revenue to GDP from BCEAO and the spliced GDP,1191780
TGO,Togo,2005,128704.9,9.536649,Derived using data on central government tax revenue to GDP from BCEAO and the spliced GDP,1349582
TGO,Togo,2006,159630.5,10.32318,Derived using data on central government tax revenue to GDP from BCEAO and the spliced GDP,1546330
TGO,Togo,2007,195899.5,10.88545,Derived using data on central government tax revenue to GDP from BCEAO and the spliced GDP,1799645
TGO,Togo,2008,211199.6,10.34194,Derived using data on central government tax revenue to GDP from BCEAO and the spliced GDP,2042166
TGO,Togo,2009,229100.3,10.31671,Derived using data on central government tax revenue to GDP from BCEAO and the spliced GDP,2220673
TGO,Togo,2010,246699.5,10.50462,Derived using data on central government tax revenue to GDP from BCEAO and the spliced GDP,2348485
TGO,Togo,2011,291399.7,11.40366,Derived using data on central government tax revenue to GDP from BCEAO and the spliced GDP,2555317
TGO,Togo,2012,327699.8,11.85635,Derived using data on central government tax revenue to GDP from BCEAO and the spliced GDP,2763918
TGO,Togo,2013,402800,13.54346,Derived using data on central government tax revenue to GDP from BCEAO and the spliced GDP,2974130
TGO,Togo,2014,458199.4,14.51493,Derived using data on central government tax revenue to GDP from BCEAO and the spliced GDP,3156746
TGO,Togo,2015,516300.6,15.17329,Derived using data on central government tax revenue to GDP from BCEAO and the spliced GDP,3402694
TGO,Togo,2016,568501.3,15.80132,Derived using data on central government tax revenue to GDP from BCEAO and the spliced GDP,3597808
TGO,Togo,2017,563200.2,15.1851,Derived using data on central government tax revenue to GDP from BCEAO and the spliced GDP,3708901
TGO,Togo,2018,546893.4,14.00727,Derived using data on central government tax revenue to GDP from BCEAO and the spliced GDP,3904353
TGO,Togo,2019,626195.9,15.28398,Derived using data on central government tax revenue to GDP from BCEAO and the spliced GDP,4097073
TGO,Togo,2020,662822.9,15.38281,Derived using data on central government tax revenue to GDP from BCEAO and the spliced GDP,4308855
TGO,Togo,2021,788665.6,16.85316,Derived using data on central government tax revenue to GDP from BCEAO and the spliced GDP,4679632
TGO,Togo,2022,873276.4,16.94092,Derived using data on central government tax revenue to GDP from BCEAO and the spliced GDP,5154835
TGO,Togo,2023,994120.7,17.6655,Derived using data on central government tax revenue to GDP from BCEAO and the spliced GDP,5627469
TGO,Togo,2024,1116230,18.25725,Derived using data on central government tax revenue to GDP from BCEAO and the spliced GDP,6113902
THA,Thailand,1946,133.9564,1.300971,Derived using data on central government tax revenue to GDP from Mitchell and the spliced GDP,10296.65
THA,Thailand,1947,1390.547,8.803798,Derived using data on central government tax revenue to GDP from Mitchell and the spliced GDP,15794.86
THA,Thailand,1948,678.7789,3.67027,Derived using data on central government tax revenue to GDP from Mitchell and the spliced GDP,18493.98
THA,Thailand,1949,1384.549,6.238739,Derived using data on central government tax revenue to GDP from Mitchell and the spliced GDP,22192.77
THA,Thailand,1950,1600.479,6.253906,Derived using data on central government tax revenue to GDP from Mitchell and the spliced GDP,25591.66
THA,Thailand,1951,2569.003,8.347518,Derived using data on central government tax revenue to GDP from Mitchell and the spliced GDP,30775.65
THA,Thailand,1952,,,Derived using data on central government tax revenue to GDP from Mitchell and the spliced GDP,33518.35
THA,Thailand,1953,2902.467,8.331412,Derived using data on central government tax revenue to GDP from Mitchell and the spliced GDP,34837.63
THA,Thailand,1954,,,Derived using data on central government tax revenue to GDP from Mitchell and the spliced GDP,37215.45
THA,Thailand,1955,3240.247,8.442786,Derived using data on central government tax revenue to GDP from Mitchell and the spliced GDP,38378.88
THA,Thailand,1956,,,Derived using data on central government tax revenue to GDP from Mitchell and the spliced GDP,42293.14
THA,Thailand,1957,3941.163,7.984055,Derived using data on central government tax revenue to GDP from Mitchell and the spliced GDP,49362.93
THA,Thailand,1958,4756.666,9.240618,Derived using data on central government tax revenue to GDP from Mitchell and the spliced GDP,51475.63
THA,Thailand,1959,5728.833,10.40461,Derived using data on central government tax revenue to GDP from Mitchell and the spliced GDP,55060.52
THA,Thailand,1960,7809.699,12.8037,Derived using data on central government tax revenue to GDP from Mitchell and the spliced GDP,60995.63
THA,Thailand,1961,9191.445,13.79492,Derived using data on central government tax revenue to GDP from Mitchell and the spliced GDP,66629.23
THA,Thailand,1962,,,Derived using data on central government tax revenue to GDP from Mitchell and the spliced GDP,72078.66
THA,Thailand,1963,10755.43,13.6417,Derived using data on central government tax revenue to GDP from Mitchell and the spliced GDP,78842.31
THA,Thailand,1964,11654.22,13.9759,Derived using data on central government tax revenue to GDP from Mitchell and the spliced GDP,83387.92
THA,Thailand,1965,14703.75,16.31079,Derived using data on central government tax revenue to GDP from Mitchell and the spliced GDP,90147.38
THA,Thailand,1966,16110.19,15.31683,Derived using data on central government tax revenue to GDP from Mitchell and the spliced GDP,105179.7
THA,Thailand,1967,17344.5,14.66667,Derived using data on central government tax revenue to GDP from Mitchell and the spliced GDP,118257.9
THA,Thailand,1968,19194.4,14.69231,Derived using data on central government tax revenue to GDP from Mitchell and the spliced GDP,130642.5
THA,Thailand,1969,8676.245,6.007752,Derived using data on central government tax revenue to GDP from Mitchell and the spliced GDP,144417.5
THA,Thailand,1970,32644.47,21.2449,Derived using data on central government tax revenue to GDP from Mitchell and the spliced GDP,153657.9
THA,Thailand,1971,,,Derived using data on central government tax revenue to GDP from Mitchell and the spliced GDP,159946.7
THA,Thailand,1972,35577.68,20.06471,Derived using data on central government tax revenue to GDP from Mitchell and the spliced GDP,177314.7
THA,Thailand,1973,44384.72,19.16742,Derived using data on central government tax revenue to GDP from Mitchell and the spliced GDP,231563.3
THA,Thailand,1974,53418.57,18.35126,Derived using data on central government tax revenue to GDP from Mitchell and the spliced GDP,291089.4
THA,Thailand,1975,98521.42,31.15512,Derived using data on central government tax revenue to GDP from Mitchell and the spliced GDP,316228.7
THA,Thailand,1976,103367.5,28.61272,Derived using data on central government tax revenue to GDP from Mitchell and the spliced GDP,361264.3
THA,Thailand,1977,122557.4,29.13151,Derived using data on central government tax revenue to GDP from Mitchell and the spliced GDP,420703.8
THA,Thailand,1978,137369,26.98771,Derived using data on central government tax revenue to GDP from Mitchell and the spliced GDP,509005.7
THA,Thailand,1979,140815,24.16816,Derived using data on central government tax revenue to GDP from Mitchell and the spliced GDP,582647
THA,Thailand,1980,147662.2,21.5083,Derived using data on central government tax revenue to GDP from Mitchell and the spliced GDP,686536.2
THA,Thailand,1981,171174.8,21.72368,Derived using data on central government tax revenue to GDP from Mitchell and the spliced GDP,787963.9
THA,Thailand,1982,223003.2,25.57007,Derived using data on central government tax revenue to GDP from Mitchell and the spliced GDP,872125.7
THA,Thailand,1983,279592.8,29.29424,Derived using data on central government tax revenue to GDP from Mitchell and the spliced GDP,954429.3
THA,Thailand,1984,355479.2,34.7166,Derived using data on central government tax revenue to GDP from Mitchell and the spliced GDP,1023946
THA,Thailand,1985,435246.9,39.75379,Derived using data on central government tax revenue to GDP from Mitchell and the spliced GDP,1094857
THA,Thailand,1986,753660.8,64.16593,Derived using data on central government tax revenue to GDP from Mitchell and the spliced GDP,1174550
THA,Thailand,1987,593765.4,44.07692,Derived using data on central government tax revenue to GDP from Mitchell and the spliced GDP,1347112
THA,Thailand,1988,699420.8,43.26923,Derived using data on central government tax revenue to GDP from Mitchell and the spliced GDP,1616439
THA,Thailand,1989,,,Derived using data on central government tax revenue to GDP from Mitchell and the spliced GDP,1924426
THA,Thailand,1990,788631.3,34.84432,Derived using data on central government tax revenue to GDP from Mitchell and the spliced GDP,2263299
THA,Thailand,1991,772883.2,29.91623,Derived using data on central government tax revenue to GDP from Mitchell and the spliced GDP,2583491
THA,Thailand,1992,672789.7,22.9177,Derived using data on central government tax revenue to GDP from Mitchell and the spliced GDP,2935678
THA,Thailand,1993,637321.9,19.52923,Derived using data on central government tax revenue to GDP from Mitchell and the spliced GDP,3263426
THA,Thailand,1994,672148.3,18.21989,Derived using data on central government tax revenue to GDP from Mitchell and the spliced GDP,3689090
THA,Thailand,1995,715261.4,16.95891,Derived using data on central government tax revenue to GDP from Mitchell and the spliced GDP,4217614
THA,Thailand,1996,763946.2,16.46931,Derived using data on central government tax revenue to GDP from Mitchell and the spliced GDP,4638604
THA,Thailand,1997,888022.3,18.85274,Derived using data on central government tax revenue to GDP from Mitchell and the spliced GDP,4710310
THA,Thailand,1998,1033203,21.97579,Derived using data on central government tax revenue to GDP from Mitchell and the spliced GDP,4701553
THA,Thailand,1999,1225708,25.58982,Derived using data on central government tax revenue to GDP from Mitchell and the spliced GDP,4789826
THA,Thailand,2000,734340.2,14.48454,Derived using data on central government tax revenue to GDP from Mitchell and the spliced GDP,5069820
THA,Thailand,2001,795643.1,14.88574,Derived using data on central government tax revenue to GDP from Mitchell and the spliced GDP,5345001
THA,Thailand,2002,777180.3,13.47031,Derived using data on central government tax revenue to GDP from IMF_GFS and the spliced GDP,5769578
THA,Thailand,2003,914844.6,14.48157,Derived using data on central government tax revenue to GDP from IMF_GFS and the spliced GDP,6317303
THA,Thailand,2004,1032942,14.85333,Derived using data on central government tax revenue to GDP from IMF_GFS and the spliced GDP,6954280
THA,Thailand,2005,1223016,16.06186,Derived using data on central government tax revenue to GDP from IMF_GFS and the spliced GDP,7614413
THA,Thailand,2006,1313609,15.63699,Derived using data on central government tax revenue to GDP from IMF_GFS and the spliced GDP,8400647
THA,Thailand,2007,1374439,15.14316,Derived using data on central government tax revenue to GDP from IMF_GFS and the spliced GDP,9076303
THA,Thailand,2008,1493400,15.38489,Derived using data on central government tax revenue to GDP from IMF_GFS and the spliced GDP,9706929
THA,Thailand,2009,1370973,14.19423,Derived using data on central government tax revenue to GDP from IMF_GFS and the spliced GDP,9658664
THA,Thailand,2010,1613942,14.93265,Derived using data on central government tax revenue to GDP from IMF_GFS and the spliced GDP,1.08e+07
THA,Thailand,2011,1850018,16.36184,Derived using data on central government tax revenue to GDP from IMF_GFS and the spliced GDP,1.13e+07
THA,Thailand,2012,1908090,15.44094,Derived using data on central government tax revenue to GDP from IMF_GFS and the spliced GDP,1.24e+07
THA,Thailand,2013,2290972,17.73862,Derived using data on central government tax revenue to GDP from IMF_GFS and the spliced GDP,1.29e+07
THA,Thailand,2014,2182802,16.4985,Derived using data on central government tax revenue to GDP from IMF_GFS and the spliced GDP,1.32e+07
THA,Thailand,2015,2316035,16.85188,Derived using data on central government tax revenue to GDP from IMF_GFS and the spliced GDP,1.37e+07
THA,Thailand,2016,2349049,16.10003,Derived using data on central government tax revenue to GDP from IMF_GFS and the spliced GDP,1.46e+07
THA,Thailand,2017,2403646,15.51874,Derived using data on central government tax revenue to GDP from IMF_GFS and the spliced GDP,1.55e+07
THA,Thailand,2018,2570313,15.69816,Derived using data on central government tax revenue to GDP from IMF_GFS and the spliced GDP,1.64e+07
THA,Thailand,2019,2600585,15.39795,Derived using data on central government tax revenue to GDP from IMF_GFS and the spliced GDP,1.69e+07
THA,Thailand,2020,2379444,15.19315,Derived using data on central government tax revenue to GDP from IMF_GFS and the spliced GDP,1.57e+07
THA,Thailand,2021,2441664,15.0826,Derived using data on central government tax revenue to GDP from IMF_GFS and the spliced GDP,1.62e+07
THA,Thailand,2022,2630864,15.13903,Derived using data on central government tax revenue to GDP from IMF_GFS and the spliced GDP,1.74e+07
THA,Thailand,2023,2780470,15.51497,Derived using data on central government tax revenue to GDP from IMF_GFS and the spliced GDP,1.79e+07
TJK,Tajikistan,1998,72.83894,7.183574,Derived using data on central government tax revenue to GDP from IMF_GFS and the spliced GDP,1013.965
TJK,Tajikistan,1999,103.7168,7.796729,Derived using data on central government tax revenue to GDP from IMF_GFS and the spliced GDP,1330.261
TJK,Tajikistan,2000,136.1303,7.617812,Derived using data on central government tax revenue to GDP from IMF_GFS and the spliced GDP,1787
TJK,Tajikistan,2001,214.6338,8.370726,Derived using data on central government tax revenue to GDP from IMF_GFS and the spliced GDP,2564.1
TJK,Tajikistan,2002,,,Derived using data on central government tax revenue to GDP from IMF_GFS and the spliced GDP,3375.1
TJK,Tajikistan,2003,462.2222,9.70953,Derived using data on central government tax revenue to GDP from IMF_GFS and the spliced GDP,4760.5
TJK,Tajikistan,2004,606.6334,9.836606,Derived using data on central government tax revenue to GDP from IMF_GFS and the spliced GDP,6167.1
TJK,Tajikistan,2005,,,Derived using data on central government tax revenue to GDP from  and the spliced GDP,7206.5
TJK,Tajikistan,2006,,,Derived using data on central government tax revenue to GDP from  and the spliced GDP,9335
TJK,Tajikistan,2007,,,Derived using data on central government tax revenue to GDP from  and the spliced GDP,12804.1
TJK,Tajikistan,2008,,,Derived using data on central government tax revenue to GDP from  and the spliced GDP,17706.8
TJK,Tajikistan,2009,,,Derived using data on central government tax revenue to GDP from  and the spliced GDP,20628.1
TJK,Tajikistan,2010,,,Derived using data on central government tax revenue to GDP from  and the spliced GDP,24706.9
TJK,Tajikistan,2011,,,Derived using data on central government tax revenue to GDP from  and the spliced GDP,30071.1
TJK,Tajikistan,2012,,,Derived using data on central government tax revenue to GDP from  and the spliced GDP,36475.07
TJK,Tajikistan,2013,,,Derived using data on central government tax revenue to GDP from  and the spliced GDP,41227.72
TJK,Tajikistan,2014,,,Derived using data on central government tax revenue to GDP from  and the spliced GDP,46797.11
TJK,Tajikistan,2015,,,Derived using data on central government tax revenue to GDP from  and the spliced GDP,50977.8
TJK,Tajikistan,2016,,,Derived using data on central government tax revenue to GDP from  and the spliced GDP,54790.3
TJK,Tajikistan,2017,,,Derived using data on central government tax revenue to GDP from  and the spliced GDP,64434.3
TJK,Tajikistan,2018,,,Derived using data on central government tax revenue to GDP from  and the spliced GDP,71059.2
TJK,Tajikistan,2019,,,Derived using data on central government tax revenue to GDP from  and the spliced GDP,79109.8
TJK,Tajikistan,2020,,,Derived using data on central government tax revenue to GDP from  and the spliced GDP,83958.3
TJK,Tajikistan,2021,10457.33,10.34598,Derived using data on central government tax revenue to GDP from IMF_GFS and the spliced GDP,101076.3
TJK,Tajikistan,2022,12483.01,10.56256,Derived using data on central government tax revenue to GDP from IMF_GFS and the spliced GDP,118181.7
TJK,Tajikistan,2023,14477.03,11.06878,Derived using data on central government tax revenue to GDP from IMF_GFS and the spliced GDP,130791.5
TLS,Timor-Leste,2010,971.7122,110.1828,Derived using data on central government tax revenue to GDP from IMF_GFS and the spliced GDP,881.9094
TLS,Timor-Leste,2011,1412.639,135.5005,Derived using data on central government tax revenue to GDP from IMF_GFS and the spliced GDP,1042.535
TLS,Timor-Leste,2012,1713.69,147.6613,Derived using data on central government tax revenue to GDP from IMF_GFS and the spliced GDP,1160.555
TLS,Timor-Leste,2013,1310.295,93.87901,Derived using data on central government tax revenue to GDP from IMF_GFS and the spliced GDP,1395.727
TLS,Timor-Leste,2014,909.0602,62.80056,Derived using data on central government tax revenue to GDP from IMF_GFS and the spliced GDP,1447.535
TLS,Timor-Leste,2015,575.4298,36.07247,Derived using data on central government tax revenue to GDP from IMF_GFS and the spliced GDP,1595.205
TLS,Timor-Leste,2016,247.8102,14.99514,Derived using data on central government tax revenue to GDP from IMF_GFS and the spliced GDP,1652.604
TLS,Timor-Leste,2017,321.0966,20.09103,Derived using data on central government tax revenue to GDP from IMF_GFS and the spliced GDP,1598.208
TLS,Timor-Leste,2018,393.4607,25.12268,Derived using data on central government tax revenue to GDP from IMF_GFS and the spliced GDP,1566.157
TLS,Timor-Leste,2019,558.1019,27.53294,Derived using data on central government tax revenue to GDP from IMF_GFS and the spliced GDP,2027.034
TLS,Timor-Leste,2020,374.8997,17.33545,Derived using data on central government tax revenue to GDP from IMF_GFS and the spliced GDP,2162.619
TLS,Timor-Leste,2021,1271.805,35.08533,Derived using data on central government tax revenue to GDP from IMF_GFS and the spliced GDP,3624.89
TLS,Timor-Leste,2022,1285.66,40.06925,Derived using data on central government tax revenue to GDP from IMF_GFS and the spliced GDP,3208.594
TTO,Trinidad and Tobago,1976,1784.523,27.75561,Derived using data on central government tax revenue to GDP from IMF_GFS and the spliced GDP,6429.414
TTO,Trinidad and Tobago,1977,2392.313,30.08619,Derived using data on central government tax revenue to GDP from IMF_GFS and the spliced GDP,7951.531
TTO,Trinidad and Tobago,1978,2597.863,28.78507,Derived using data on central government tax revenue to GDP from IMF_GFS and the spliced GDP,9025.035
TTO,Trinidad and Tobago,1979,3344.876,28.68747,Derived using data on central government tax revenue to GDP from IMF_GFS and the spliced GDP,11659.71
TTO,Trinidad and Tobago,1980,5536.559,35.04705,Derived using data on central government tax revenue to GDP from IMF_GFS and the spliced GDP,15797.51
TTO,Trinidad and Tobago,1981,6067.438,34.25348,Derived using data on central government tax revenue to GDP from IMF_GFS and the spliced GDP,17713.35
TTO,Trinidad and Tobago,1982,,,Derived using data on central government tax revenue to GDP from IMF_GFS and the spliced GDP,20622.47
TTO,Trinidad and Tobago,1983,,,Derived using data on central government tax revenue to GDP from IMF_GFS and the spliced GDP,19668.24
TTO,Trinidad and Tobago,1984,,,Derived using data on central government tax revenue to GDP from IMF_GFS and the spliced GDP,19651.35
TTO,Trinidad and Tobago,1985,,,Derived using data on central government tax revenue to GDP from IMF_GFS and the spliced GDP,19075.02
TTO,Trinidad and Tobago,1986,,,Derived using data on central government tax revenue to GDP from IMF_GFS and the spliced GDP,18218.96
TTO,Trinidad and Tobago,1987,,,Derived using data on central government tax revenue to GDP from IMF_GFS and the spliced GDP,18231.63
TTO,Trinidad and Tobago,1988,,,Derived using data on central government tax revenue to GDP from IMF_GFS and the spliced GDP,18245.35
TTO,Trinidad and Tobago,1989,,,Derived using data on central government tax revenue to GDP from IMF_GFS and the spliced GDP,19393.8
TTO,Trinidad and Tobago,1990,,,Derived using data on central government tax revenue to GDP from IMF_GFS and the spliced GDP,22735.7
TTO,Trinidad and Tobago,1991,,,Derived using data on central government tax revenue to GDP from IMF_GFS and the spliced GDP,23812.37
TTO,Trinidad and Tobago,1992,,,Derived using data on central government tax revenue to GDP from IMF_GFS and the spliced GDP,24402.43
TTO,Trinidad and Tobago,1993,5768.326,22.31313,Derived using data on central government tax revenue to GDP from IMF_GFS and the spliced GDP,25851.71
TTO,Trinidad and Tobago,1994,6331.739,20.4642,Derived using data on central government tax revenue to GDP from IMF_GFS and the spliced GDP,30940.56
TTO,Trinidad and Tobago,1995,7184.448,21.47299,Derived using data on central government tax revenue to GDP from IMF_GFS and the spliced GDP,33458.07
TTO,Trinidad and Tobago,1996,8105.284,22.201,Derived using data on central government tax revenue to GDP from IMF_GFS and the spliced GDP,36508.64
TTO,Trinidad and Tobago,1997,7754.91,20.48097,Derived using data on central government tax revenue to GDP from IMF_GFS and the spliced GDP,37863.98
TTO,Trinidad and Tobago,1998,8124.574,20.2205,Derived using data on central government tax revenue to GDP from IMF_GFS and the spliced GDP,40179.88
TTO,Trinidad and Tobago,1999,8244.741,18.21161,Derived using data on central government tax revenue to GDP from IMF_GFS and the spliced GDP,45271.9
TTO,Trinidad and Tobago,2000,10380.18,19.14274,Derived using data on central government tax revenue to GDP from IMF_GFS and the spliced GDP,54225.16
TTO,Trinidad and Tobago,2001,12289.25,21.16365,Derived using data on central government tax revenue to GDP from IMF_GFS and the spliced GDP,58067.74
TTO,Trinidad and Tobago,2002,11698.41,19.6854,Derived using data on central government tax revenue to GDP from IMF_GFS and the spliced GDP,59426.81
TTO,Trinidad and Tobago,2003,15337.28,20.41137,Derived using data on central government tax revenue to GDP from IMF_GFS and the spliced GDP,75140.88
TTO,Trinidad and Tobago,2004,18563.8,21.01689,Derived using data on central government tax revenue to GDP from IMF_GFS and the spliced GDP,88328.02
TTO,Trinidad and Tobago,2005,26590.46,25.01038,Derived using data on central government tax revenue to GDP from IMF_GFS and the spliced GDP,106317.7
TTO,Trinidad and Tobago,2006,35046.63,28.62094,Derived using data on central government tax revenue to GDP from IMF_GFS and the spliced GDP,122451
TTO,Trinidad and Tobago,2007,35759.12,24.72254,Derived using data on central government tax revenue to GDP from IMF_GFS and the spliced GDP,144641.8
TUN,Tunisia,1990,2165.325,18.23487,Derived using data on central government tax revenue to GDP from IMF_GFS and the spliced GDP,11874.64
TUN,Tunisia,1991,2465.939,18.67215,Derived using data on central government tax revenue to GDP from IMF_GFS and the spliced GDP,13206.51
TUN,Tunisia,1992,2815.462,18.71011,Derived using data on central government tax revenue to GDP from IMF_GFS and the spliced GDP,15047.81
TUN,Tunisia,1993,3098.673,19.24821,Derived using data on central government tax revenue to GDP from IMF_GFS and the spliced GDP,16098.5
TUN,Tunisia,1994,3305.133,19.03639,Derived using data on central government tax revenue to GDP from IMF_GFS and the spliced GDP,17362.18
TUN,Tunisia,1995,3518.334,18.79313,Derived using data on central government tax revenue to GDP from IMF_GFS and the spliced GDP,18721.38
TUN,Tunisia,1996,3821.626,18.25686,Derived using data on central government tax revenue to GDP from IMF_GFS and the spliced GDP,20932.55
TUN,Tunisia,1997,4231.019,18.44071,Derived using data on central government tax revenue to GDP from IMF_GFS and the spliced GDP,22943.9
TUN,Tunisia,1998,4762.719,19.18316,Derived using data on central government tax revenue to GDP from IMF_GFS and the spliced GDP,24827.6
TUN,Tunisia,1999,5206.719,19.13117,Derived using data on central government tax revenue to GDP from IMF_GFS and the spliced GDP,27215.9
TUR,Turkey,2008,176802.1,17.63161,Derived using data on central government tax revenue to GDP from IMF_GFS and the spliced GDP,1002757
TUR,Turkey,2009,183508.4,18.23464,Derived using data on central government tax revenue to GDP from IMF_GFS and the spliced GDP,1006373
TUR,Turkey,2010,221731.7,18.98933,Derived using data on central government tax revenue to GDP from IMF_GFS and the spliced GDP,1167665
TUR,Turkey,2011,262779.7,18.70415,Derived using data on central government tax revenue to GDP from IMF_GFS and the spliced GDP,1404928
TUR,Turkey,2012,288424,18.23761,Derived using data on central government tax revenue to GDP from IMF_GFS and the spliced GDP,1581479
TUR,Turkey,2013,337535.9,18.51107,Derived using data on central government tax revenue to GDP from IMF_GFS and the spliced GDP,1823427
TUR,Turkey,2014,370837.8,18.04653,Derived using data on central government tax revenue to GDP from IMF_GFS and the spliced GDP,2054898
TUR,Turkey,2015,427787.5,18.19644,Derived using data on central government tax revenue to GDP from IMF_GFS and the spliced GDP,2350941
TUR,Turkey,2016,482922.2,18.38611,Derived using data on central government tax revenue to GDP from IMF_GFS and the spliced GDP,2626560
TUR,Turkey,2017,559035.6,17.83945,Derived using data on central government tax revenue to GDP from IMF_GFS and the spliced GDP,3133704
TUR,Turkey,2018,654276.7,17.39558,Derived using data on central government tax revenue to GDP from IMF_GFS and the spliced GDP,3761166
TUR,Turkey,2019,729608.8,16.89766,Derived using data on central government tax revenue to GDP from IMF_GFS and the spliced GDP,4317809
TUR,Turkey,2020,900875.9,17.84419,Derived using data on central government tax revenue to GDP from IMF_GFS and the spliced GDP,5048567
TUR,Turkey,2021,1300379,17.92107,Derived using data on central government tax revenue to GDP from IMF_GFS and the spliced GDP,7256143
TUR,Turkey,2022,2635625,17.55705,Derived using data on central government tax revenue to GDP from IMF_GFS and the spliced GDP,1.50e+07
TUR,Turkey,2023,4940246,18.61033,Derived using data on central government tax revenue to GDP from IMF_GFS and the spliced GDP,2.65e+07
TZA,Tanzania,2014,9705159,11.45146,Derived using data on central government tax revenue to GDP from IMF_GFS and the spliced GDP,8.48e+07
UGA,Uganda,2015,9909804,10.13471,Derived using data on central government tax revenue to GDP from IMF_GFS and the spliced GDP,9.78e+07
UGA,Uganda,2016,1.13e+07,10.81323,Derived using data on central government tax revenue to GDP from IMF_GFS and the spliced GDP,1.04e+08
UGA,Uganda,2017,1.26e+07,11.03932,Derived using data on central government tax revenue to GDP from IMF_GFS and the spliced GDP,1.14e+08
UGA,Uganda,2018,1.41e+07,11.08877,Derived using data on central government tax revenue to GDP from IMF_GFS and the spliced GDP,1.27e+08
UGA,Uganda,2019,1.61e+07,11.53816,Derived using data on central government tax revenue to GDP from IMF_GFS and the spliced GDP,1.40e+08
UGA,Uganda,2020,1.60e+07,11.27055,Derived using data on central government tax revenue to GDP from IMF_GFS and the spliced GDP,1.42e+08
UGA,Uganda,2021,1.85e+07,12.04447,Derived using data on central government tax revenue to GDP from IMF_GFS and the spliced GDP,1.54e+08
UGA,Uganda,2022,2.04e+07,11.66867,Derived using data on central government tax revenue to GDP from IMF_GFS and the spliced GDP,1.75e+08
UGA,Uganda,2023,2.37e+07,12.46602,Derived using data on central government tax revenue to GDP from IMF_GFS and the spliced GDP,1.90e+08
UKR,Ukraine,1999,16969.84,12.56203,Derived using data on central government tax revenue to GDP from IMF_GFS and the spliced GDP,135088.4
UKR,Ukraine,2000,24013.25,13.63398,Derived using data on central government tax revenue to GDP from IMF_GFS and the spliced GDP,176128
UKR,Ukraine,2001,25569.07,12.108,Derived using data on central government tax revenue to GDP from IMF_GFS and the spliced GDP,211175
UKR,Ukraine,2002,30708.28,13.11546,Derived using data on central government tax revenue to GDP from IMF_GFS and the spliced GDP,234138
UKR,Ukraine,2003,37899.17,13.6645,Derived using data on central government tax revenue to GDP from IMF_GFS and the spliced GDP,277355
UKR,Ukraine,2004,47566.52,13.30368,Derived using data on central government tax revenue to GDP from IMF_GFS and the spliced GDP,357544
UKR,Ukraine,2005,78478.3,17.16029,Derived using data on central government tax revenue to GDP from IMF_GFS and the spliced GDP,457325
UKR,Ukraine,2006,100263.6,17.74521,Derived using data on central government tax revenue to GDP from IMF_GFS and the spliced GDP,565018
UKR,Ukraine,2007,123349,16.42232,Derived using data on central government tax revenue to GDP from IMF_GFS and the spliced GDP,751106
UKR,Ukraine,2008,175818.3,17.74475,Derived using data on central government tax revenue to GDP from IMF_GFS and the spliced GDP,990819
UKR,Ukraine,2009,155243.9,16.3925,Derived using data on central government tax revenue to GDP from IMF_GFS and the spliced GDP,947042
UKR,Ukraine,2010,168059.8,15.57052,Derived using data on central government tax revenue to GDP from IMF_GFS and the spliced GDP,1079346
UKR,Ukraine,2011,240694,18.51505,Derived using data on central government tax revenue to GDP from IMF_GFS and the spliced GDP,1299991
UKR,Ukraine,2012,257287,18.31656,Derived using data on central government tax revenue to GDP from IMF_GFS and the spliced GDP,1404669
UKR,Ukraine,2013,257309,17.56138,Derived using data on central government tax revenue to GDP from IMF_GFS and the spliced GDP,1465198
UKR,Ukraine,2014,274446.6,17.29435,Derived using data on central government tax revenue to GDP from IMF_GFS and the spliced GDP,1586915
UKR,Ukraine,2015,406684.4,20.45136,Derived using data on central government tax revenue to GDP from IMF_GFS and the spliced GDP,1988544
UKR,Ukraine,2016,468250.4,19.63012,Derived using data on central government tax revenue to GDP from IMF_GFS and the spliced GDP,2385367
UKR,Ukraine,2017,597806.6,20.05237,Derived using data on central government tax revenue to GDP from IMF_GFS and the spliced GDP,2981227
UKR,Ukraine,2018,717135.8,20.14255,Derived using data on central government tax revenue to GDP from IMF_GFS and the spliced GDP,3560302
UKR,Ukraine,2019,763468.5,19.19614,Derived using data on central government tax revenue to GDP from IMF_GFS and the spliced GDP,3977198
UKR,Ukraine,2020,808577.1,19.1514,Derived using data on central government tax revenue to GDP from IMF_GFS and the spliced GDP,4222026
UKR,Ukraine,2021,1040149,19.08232,Derived using data on central government tax revenue to GDP from IMF_GFS and the spliced GDP,5450849
UKR,Ukraine,2022,874487.1,16.69151,Derived using data on central government tax revenue to GDP from IMF_GFS and the spliced GDP,5239114
UKR,Ukraine,2023,1173134,17.69977,Derived using data on central government tax revenue to GDP from IMF_GFS and the spliced GDP,6627961
URY,Uruguay,1956,.0003884,5.694364,Derived using data on central government tax revenue to GDP from Mitchell and the spliced GDP,.0068203
URY,Uruguay,1957,.0005118,5.557372,Derived using data on central government tax revenue to GDP from Mitchell and the spliced GDP,.0092087
URY,Uruguay,1958,.0003919,4.866989,Derived using data on central government tax revenue to GDP from Mitchell and the spliced GDP,.0080526
URY,Uruguay,1959,.0005671,4.850536,Derived using data on central government tax revenue to GDP from Mitchell and the spliced GDP,.0116918
URY,Uruguay,1960,.0011246,5.42647,Derived using data on central government tax revenue to GDP from Mitchell and the spliced GDP,.0207244
URY,Uruguay,1961,.0014368,5.514451,Derived using data on central government tax revenue to GDP from Mitchell and the spliced GDP,.0260551
URY,Uruguay,1962,.0012839,4.93617,Derived using data on central government tax revenue to GDP from Mitchell and the spliced GDP,.0260094
URY,Uruguay,1963,.0012244,4.049107,Derived using data on central government tax revenue to GDP from Mitchell and the spliced GDP,.0302385
URY,Uruguay,1964,.0018292,4.484663,Derived using data on central government tax revenue to GDP from Mitchell and the spliced GDP,.0407886
URY,Uruguay,1965,.0014979,2.476191,Derived using data on central government tax revenue to GDP from Mitchell and the spliced GDP,.0604937
URY,Uruguay,1966,.0042429,4.116466,Derived using data on central government tax revenue to GDP from Mitchell and the spliced GDP,.1030708
URY,Uruguay,1967,.0059666,3.294117,Derived using data on central government tax revenue to GDP from Mitchell and the spliced GDP,.181129
URY,Uruguay,1968,.0129199,3.2,Derived using data on central government tax revenue to GDP from Mitchell and the spliced GDP,.4037478
URY,Uruguay,1969,,,Derived using data on central government tax revenue to GDP from Mitchell and the spliced GDP,.5144994
URY,Uruguay,1970,,,Derived using data on central government tax revenue to GDP from Mitchell and the spliced GDP,.629336
URY,Uruguay,1971,,,Derived using data on central government tax revenue to GDP from Mitchell and the spliced GDP,.756041
URY,Uruguay,1972,.0345559,2.657005,Derived using data on central government tax revenue to GDP from Mitchell and the spliced GDP,1.300559
URY,Uruguay,1973,.1361293,5.076142,Derived using data on central government tax revenue to GDP from Mitchell and the spliced GDP,2.681748
URY,Uruguay,1974,.2764473,5.807303,Derived using data on central government tax revenue to GDP from Mitchell and the spliced GDP,4.760339
URY,Uruguay,1975,.6010634,7.029145,Derived using data on central government tax revenue to GDP from Mitchell and the spliced GDP,8.551018
URY,Uruguay,1976,1.185372,8.957113,Derived using data on central government tax revenue to GDP from Mitchell and the spliced GDP,13.23387
URY,Uruguay,1977,2.024139,9.706251,Derived using data on central government tax revenue to GDP from Mitchell and the spliced GDP,20.85397
URY,Uruguay,1978,2.921545,9.020369,Derived using data on central government tax revenue to GDP from Mitchell and the spliced GDP,32.38831
URY,Uruguay,1979,5.780807,9.58008,Derived using data on central government tax revenue to GDP from Mitchell and the spliced GDP,60.34195
URY,Uruguay,1980,11.62386,12.03905,Derived using data on central government tax revenue to GDP from Mitchell and the spliced GDP,96.55132
URY,Uruguay,1981,14.81962,11.55738,Derived using data on central government tax revenue to GDP from Mitchell and the spliced GDP,128.2265
URY,Uruguay,1982,13.05851,9.689922,Derived using data on central government tax revenue to GDP from Mitchell and the spliced GDP,134.7639
URY,Uruguay,1983,18.37656,9.485715,Derived using data on central government tax revenue to GDP from Mitchell and the spliced GDP,193.7288
URY,Uruguay,1984,27.3914,9.151291,Derived using data on central government tax revenue to GDP from Mitchell and the spliced GDP,299.3174
URY,Uruguay,1985,58.15775,11.00209,Derived using data on central government tax revenue to GDP from Mitchell and the spliced GDP,528.6064
URY,Uruguay,1986,117.1247,11.91011,Derived using data on central government tax revenue to GDP from Mitchell and the spliced GDP,983.4054
URY,Uruguay,1987,213.2085,11.61951,Derived using data on central government tax revenue to GDP from Mitchell and the spliced GDP,1834.919
URY,Uruguay,1988,375.4248,12.47249,Derived using data on central government tax revenue to GDP from Mitchell and the spliced GDP,3010.023
URY,Uruguay,1989,674.8226,12.62658,Derived using data on central government tax revenue to GDP from Mitchell and the spliced GDP,5344.462
URY,Uruguay,1990,1826.661,16.90515,Derived using data on central government tax revenue to GDP from Mitchell and the spliced GDP,10805.35
URY,Uruguay,1991,2703.592,12.07637,Derived using data on central government tax revenue to GDP from Mitchell and the spliced GDP,22387.46
URY,Uruguay,1992,5209.285,12.10887,Derived using data on central government tax revenue to GDP from Mitchell and the spliced GDP,43020.42
URY,Uruguay,1993,,,Derived using data on central government tax revenue to GDP from IMF_GFS and the spliced GDP,65297.07
URY,Uruguay,1994,,,Derived using data on central government tax revenue to GDP from IMF_GFS and the spliced GDP,97340.95
URY,Uruguay,1995,,,Derived using data on central government tax revenue to GDP from IMF_GFS and the spliced GDP,135311
URY,Uruguay,1996,,,Derived using data on central government tax revenue to GDP from IMF_GFS and the spliced GDP,180618.6
URY,Uruguay,1997,,,Derived using data on central government tax revenue to GDP from IMF_GFS and the spliced GDP,226318.3
URY,Uruguay,1998,,,Derived using data on central government tax revenue to GDP from IMF_GFS and the spliced GDP,265838.9
URY,Uruguay,1999,,,Derived using data on central government tax revenue to GDP from IMF_GFS and the spliced GDP,271961
URY,Uruguay,2000,,,Derived using data on central government tax revenue to GDP from IMF_GFS and the spliced GDP,276152
URY,Uruguay,2001,39051.97,14.02966,Derived using data on central government tax revenue to GDP from IMF_GFS and the spliced GDP,278353
URY,Uruguay,2002,41828.92,14.46202,Derived using data on central government tax revenue to GDP from IMF_GFS and the spliced GDP,289233
URY,Uruguay,2003,53589.41,15.77124,Derived using data on central government tax revenue to GDP from IMF_GFS and the spliced GDP,339792
URY,Uruguay,2004,64262.62,16.35806,Derived using data on central government tax revenue to GDP from IMF_GFS and the spliced GDP,392850
URY,Uruguay,2005,69722.26,16.40454,Derived using data on central government tax revenue to GDP from IMF_GFS and the spliced GDP,425018
URY,Uruguay,2006,82035.96,17.40469,Derived using data on central government tax revenue to GDP from IMF_GFS and the spliced GDP,471344
URY,Uruguay,2007,92724.73,16.8753,Derived using data on central government tax revenue to GDP from IMF_GFS and the spliced GDP,549470
URY,Uruguay,2008,106368.9,16.7207,Derived using data on central government tax revenue to GDP from IMF_GFS and the spliced GDP,636151
URY,Uruguay,2009,122619.5,17.16102,Derived using data on central government tax revenue to GDP from IMF_GFS and the spliced GDP,714523
URY,Uruguay,2010,139890.6,17.3115,Derived using data on central government tax revenue to GDP from IMF_GFS and the spliced GDP,808079
URY,Uruguay,2011,164449.7,17.50898,Derived using data on central government tax revenue to GDP from IMF_GFS and the spliced GDP,939230.6
URY,Uruguay,2012,184661.5,17.25238,Derived using data on central government tax revenue to GDP from IMF_GFS and the spliced GDP,1070354
URY,Uruguay,2013,214355.6,17.45357,Derived using data on central government tax revenue to GDP from IMF_GFS and the spliced GDP,1228148
URY,Uruguay,2014,239213.1,17.01337,Derived using data on central government tax revenue to GDP from IMF_GFS and the spliced GDP,1406031
URY,Uruguay,2015,264647.3,16.96602,Derived using data on central government tax revenue to GDP from IMF_GFS and the spliced GDP,1559867
URY,Uruguay,2016,376787.2,21.73225,Derived using data on central government tax revenue to GDP from IMF_GFS and the spliced GDP,1733770
URY,Uruguay,2017,336989,18.07746,Derived using data on central government tax revenue to GDP from IMF_GFS and the spliced GDP,1864139
URY,Uruguay,2018,367910.8,18.32477,Derived using data on central government tax revenue to GDP from IMF_GFS and the spliced GDP,2007724
URY,Uruguay,2019,391901.6,17.86508,Derived using data on central government tax revenue to GDP from IMF_GFS and the spliced GDP,2193674
URY,Uruguay,2020,417473,18.51489,Derived using data on central government tax revenue to GDP from IMF_GFS and the spliced GDP,2254796
URY,Uruguay,2021,471353.6,17.81162,Derived using data on central government tax revenue to GDP from IMF_GFS and the spliced GDP,2646327
URY,Uruguay,2022,540523.7,18.71288,Derived using data on central government tax revenue to GDP from IMF_GFS and the spliced GDP,2888512
URY,Uruguay,2023,564953.6,18.84062,Derived using data on central government tax revenue to GDP from IMF_GFS and the spliced GDP,2998594
USA,United States,1789,4.177292,2.576724,Derived using data on central government tax revenue to GDP from Mitchell and the spliced GDP,162.1164
USA,United States,1790,,,Derived using data on central government tax revenue to GDP from Mitchell and the spliced GDP,192.898
USA,United States,1791,,,Derived using data on central government tax revenue to GDP from Mitchell and the spliced GDP,210.0651
USA,United States,1792,3.368271,1.467401,Derived using data on central government tax revenue to GDP from Mitchell and the spliced GDP,229.5398
USA,United States,1793,4.566071,1.78087,Derived using data on central government tax revenue to GDP from Mitchell and the spliced GDP,256.3955
USA,United States,1794,5.210067,1.621621,Derived using data on central government tax revenue to GDP from Mitchell and the spliced GDP,321.2875
USA,United States,1795,6.051701,1.550892,Derived using data on central government tax revenue to GDP from Mitchell and the spliced GDP,390.2077
USA,United States,1796,6.883004,1.626107,Derived using data on central government tax revenue to GDP from Mitchell and the spliced GDP,423.281
USA,United States,1797,7.927968,1.911154,Derived using data on central government tax revenue to GDP from Mitchell and the spliced GDP,414.8263
USA,United States,1798,7.813363,1.869984,Derived using data on central government tax revenue to GDP from Mitchell and the spliced GDP,417.8304
USA,United States,1799,7.263525,1.626379,Derived using data on central government tax revenue to GDP from Mitchell and the spliced GDP,446.6071
USA,United States,1800,9.689195,1.995698,Derived using data on central government tax revenue to GDP from Mitchell and the spliced GDP,485.5041
USA,United States,1801,10.93585,2.102905,Derived using data on central government tax revenue to GDP from Mitchell and the spliced GDP,520.0356
USA,United States,1802,10.84573,2.379286,Derived using data on central government tax revenue to GDP from Mitchell and the spliced GDP,455.8398
USA,United States,1803,9.526232,1.933983,Derived using data on central government tax revenue to GDP from Mitchell and the spliced GDP,492.5707
USA,United States,1804,10.3561,1.923331,Derived using data on central government tax revenue to GDP from Mitchell and the spliced GDP,538.4463
USA,United States,1805,11.52773,2.031861,Derived using data on central government tax revenue to GDP from Mitchell and the spliced GDP,567.3485
USA,United States,1806,14.22606,2.27901,Derived using data on central government tax revenue to GDP from Mitchell and the spliced GDP,624.2213
USA,United States,1807,15.62627,2.624902,Derived using data on central government tax revenue to GDP from Mitchell and the spliced GDP,595.3088
USA,United States,1808,20.97208,3.211377,Derived using data on central government tax revenue to GDP from Mitchell and the spliced GDP,653.0557
USA,United States,1809,9.340976,1.345524,Derived using data on central government tax revenue to GDP from Mitchell and the spliced GDP,694.226
USA,United States,1810,9.661189,1.353298,Derived using data on central government tax revenue to GDP from Mitchell and the spliced GDP,713.8997
USA,United States,1811,16.08961,2.073899,Derived using data on central government tax revenue to GDP from Mitchell and the spliced GDP,775.8143
USA,United States,1812,11.63348,1.463533,Derived using data on central government tax revenue to GDP from Mitchell and the spliced GDP,794.8905
USA,United States,1813,18.92417,1.930757,Derived using data on central government tax revenue to GDP from Mitchell and the spliced GDP,980.1425
USA,United States,1814,11.07961,1.016354,Derived using data on central government tax revenue to GDP from Mitchell and the spliced GDP,1090.133
USA,United States,1815,12.78722,1.367406,Derived using data on central government tax revenue to GDP from Mitchell and the spliced GDP,935.1445
USA,United States,1816,36.88564,4.453036,Derived using data on central government tax revenue to GDP from Mitchell and the spliced GDP,828.3257
USA,United States,1817,24.37177,3.13524,Derived using data on central government tax revenue to GDP from Mitchell and the spliced GDP,777.3497
USA,United States,1818,15.21565,2.041054,Derived using data on central government tax revenue to GDP from Mitchell and the spliced GDP,745.4799
USA,United States,1819,18.20904,2.478862,Derived using data on central government tax revenue to GDP from Mitchell and the spliced GDP,734.5726
USA,United States,1820,15.28476,2.129832,Derived using data on central government tax revenue to GDP from Mitchell and the spliced GDP,717.651
USA,United States,1821,14.81934,1.996893,Derived using data on central government tax revenue to GDP from Mitchell and the spliced GDP,742.1196
USA,United States,1822,19.40615,2.378911,Derived using data on central government tax revenue to GDP from Mitchell and the spliced GDP,815.7579
USA,United States,1823,19.28204,2.515062,Derived using data on central government tax revenue to GDP from Mitchell and the spliced GDP,766.6625
USA,United States,1824,16.89034,2.21771,Derived using data on central government tax revenue to GDP from Mitchell and the spliced GDP,761.6117
USA,United States,1825,18.1188,2.177125,Derived using data on central government tax revenue to GDP from Mitchell and the spliced GDP,832.2354
USA,United States,1826,21.09075,2.407398,Derived using data on central government tax revenue to GDP from Mitchell and the spliced GDP,876.0809
USA,United States,1827,19.72928,2.131977,Derived using data on central government tax revenue to GDP from Mitchell and the spliced GDP,925.3982
USA,United States,1828,21.90544,2.415595,Derived using data on central government tax revenue to GDP from Mitchell and the spliced GDP,906.8341
USA,United States,1829,22.10226,2.351535,Derived using data on central government tax revenue to GDP from Mitchell and the spliced GDP,939.9077
USA,United States,1830,22.52482,2.181792,Derived using data on central government tax revenue to GDP from Mitchell and the spliced GDP,1032.4
USA,United States,1831,22.03127,2.069587,Derived using data on central government tax revenue to GDP from Mitchell and the spliced GDP,1064.525
USA,United States,1832,25.62708,2.243098,Derived using data on central government tax revenue to GDP from Mitchell and the spliced GDP,1142.486
USA,United States,1833,24.23212,2.067262,Derived using data on central government tax revenue to GDP from Mitchell and the spliced GDP,1172.184
USA,United States,1834,13.69445,1.110611,Derived using data on central government tax revenue to GDP from Mitchell and the spliced GDP,1233.055
USA,United States,1835,14.61555,1.076564,Derived using data on central government tax revenue to GDP from Mitchell and the spliced GDP,1357.611
USA,United States,1836,16.79984,1.122436,Derived using data on central government tax revenue to GDP from Mitchell and the spliced GDP,1496.73
USA,United States,1837,8.754944,.556178,Derived using data on central government tax revenue to GDP from Mitchell and the spliced GDP,1574.126
USA,United States,1838,13.62918,.8421188,Derived using data on central government tax revenue to GDP from Mitchell and the spliced GDP,1618.439
USA,United States,1839,18.56404,1.101521,Derived using data on central government tax revenue to GDP from Mitchell and the spliced GDP,1685.309
USA,United States,1840,12.31747,.7747543,Derived using data on central government tax revenue to GDP from Mitchell and the spliced GDP,1589.855
USA,United States,1841,13.11224,.7812963,Derived using data on central government tax revenue to GDP from Mitchell and the spliced GDP,1678.267
USA,United States,1842,18.07632,1.097891,Derived using data on central government tax revenue to GDP from Mitchell and the spliced GDP,1646.458
USA,United States,1843,7.037901,.4412089,Derived using data on central government tax revenue to GDP from Mitchell and the spliced GDP,1595.141
USA,United States,1844,25.71277,1.47681,Derived using data on central government tax revenue to GDP from Mitchell and the spliced GDP,1741.102
USA,United States,1845,27.55141,1.450604,Derived using data on central government tax revenue to GDP from Mitchell and the spliced GDP,1899.306
USA,United States,1846,27.62506,1.3073,Derived using data on central government tax revenue to GDP from Mitchell and the spliced GDP,2113.139
USA,United States,1847,25.22667,1.018655,Derived using data on central government tax revenue to GDP from Mitchell and the spliced GDP,2476.469
USA,United States,1848,34.55222,1.38424,Derived using data on central government tax revenue to GDP from Mitchell and the spliced GDP,2496.114
USA,United States,1849,29.2315,1.174956,Derived using data on central government tax revenue to GDP from Mitchell and the spliced GDP,2487.88
USA,United States,1850,38.00692,1.431211,Derived using data on central government tax revenue to GDP from Mitchell and the spliced GDP,2655.577
USA,United States,1851,47.46604,1.695536,Derived using data on central government tax revenue to GDP from Mitchell and the spliced GDP,2799.472
USA,United States,1852,47.73104,1.518438,Derived using data on central government tax revenue to GDP from Mitchell and the spliced GDP,3143.43
USA,United States,1853,54.92061,1.623295,Derived using data on central government tax revenue to GDP from Mitchell and the spliced GDP,3383.28
USA,United States,1854,61.90494,1.633594,Derived using data on central government tax revenue to GDP from Mitchell and the spliced GDP,3789.493
USA,United States,1855,51.01569,1.260337,Derived using data on central government tax revenue to GDP from Mitchell and the spliced GDP,4047.78
USA,United States,1856,60.41005,1.472347,Derived using data on central government tax revenue to GDP from Mitchell and the spliced GDP,4102.977
USA,United States,1857,63.14187,1.489007,Derived using data on central government tax revenue to GDP from Mitchell and the spliced GDP,4240.537
USA,United States,1858,43.40972,1.045793,Derived using data on central government tax revenue to GDP from Mitchell and the spliced GDP,4150.889
USA,United States,1859,52.12079,1.164751,Derived using data on central government tax revenue to GDP from Mitchell and the spliced GDP,4474.845
USA,United States,1860,56.3308,1.277409,Derived using data on central government tax revenue to GDP from Mitchell and the spliced GDP,4409.77
USA,United States,1861,47.03599,1.006557,Derived using data on central government tax revenue to GDP from Mitchell and the spliced GDP,4672.956
USA,United States,1862,66.46486,1.130075,Derived using data on central government tax revenue to GDP from Mitchell and the spliced GDP,5881.454
USA,United States,1863,150.4843,1.942793,Derived using data on central government tax revenue to GDP from Mitchell and the spliced GDP,7745.77
USA,United States,1864,290.6406,3.027611,Derived using data on central government tax revenue to GDP from Mitchell and the spliced GDP,9599.666
USA,United States,1865,415.1952,4.146825,Derived using data on central government tax revenue to GDP from Mitchell and the spliced GDP,10012.36
USA,United States,1866,597.0949,6.563018,Derived using data on central government tax revenue to GDP from Mitchell and the spliced GDP,9097.87
USA,United States,1867,506.1557,5.979136,Derived using data on central government tax revenue to GDP from Mitchell and the spliced GDP,8465.365
USA,United States,1868,384.347,4.652602,Derived using data on central government tax revenue to GDP from Mitchell and the spliced GDP,8260.904
USA,United States,1869,338.0412,4.220566,Derived using data on central government tax revenue to GDP from Mitchell and the spliced GDP,8009.38
USA,United States,1870,377.8756,4.783751,Derived using data on central government tax revenue to GDP from Mitchell and the spliced GDP,7899.149
USA,United States,1871,331.4995,4.277113,Derived using data on central government tax revenue to GDP from Mitchell and the spliced GDP,7750.544
USA,United States,1872,316.6256,3.768445,Derived using data on central government tax revenue to GDP from Mitchell and the spliced GDP,8402.023
USA,United States,1873,284.0672,3.178998,Derived using data on central government tax revenue to GDP from Mitchell and the spliced GDP,8935.745
USA,United States,1874,248.6154,2.871179,Derived using data on central government tax revenue to GDP from Mitchell and the spliced GDP,8659.001
USA,United States,1875,250.385,3.005465,Derived using data on central government tax revenue to GDP from Mitchell and the spliced GDP,8330.989
USA,United States,1876,262.9181,3.099857,Derived using data on central government tax revenue to GDP from Mitchell and the spliced GDP,8481.621
USA,United States,1877,249.0575,2.862865,Derived using data on central government tax revenue to GDP from Mitchell and the spliced GDP,8699.589
USA,United States,1878,237.854,2.780449,Derived using data on central government tax revenue to GDP from Mitchell and the spliced GDP,8554.517
USA,United States,1879,251.8811,2.63615,Derived using data on central government tax revenue to GDP from Mitchell and the spliced GDP,9554.885
USA,United States,1880,289.9987,2.737978,Derived using data on central government tax revenue to GDP from Mitchell and the spliced GDP,10591.71
USA,United States,1881,325.4035,2.733963,Derived using data on central government tax revenue to GDP from Mitchell and the spliced GDP,11902.27
USA,United States,1882,348.6467,2.784965,Derived using data on central government tax revenue to GDP from Mitchell and the spliced GDP,12518.89
USA,United States,1883,364.5453,2.883983,Derived using data on central government tax revenue to GDP from Mitchell and the spliced GDP,12640.34
USA,United States,1884,323.7196,2.673775,Derived using data on central government tax revenue to GDP from Mitchell and the spliced GDP,12107.21
USA,United States,1885,303.8534,2.547993,Derived using data on central government tax revenue to GDP from Mitchell and the spliced GDP,11925.21
USA,United States,1886,329.3218,2.624302,Derived using data on central government tax revenue to GDP from Mitchell and the spliced GDP,12548.93
USA,United States,1887,351.4509,2.590778,Derived using data on central government tax revenue to GDP from Mitchell and the spliced GDP,13565.46
USA,United States,1888,366.2195,2.555317,Derived using data on central government tax revenue to GDP from Mitchell and the spliced GDP,14331.67
USA,United States,1889,363.1112,2.532565,Derived using data on central government tax revenue to GDP from Mitchell and the spliced GDP,14337.68
USA,United States,1890,411.1892,2.63457,Derived using data on central government tax revenue to GDP from Mitchell and the spliced GDP,15607.45
USA,United States,1891,399.9594,2.508531,Derived using data on central government tax revenue to GDP from Mitchell and the spliced GDP,15943.97
USA,United States,1892,362.3741,2.141727,Derived using data on central government tax revenue to GDP from Mitchell and the spliced GDP,16919.71
USA,United States,1893,388.8721,2.440588,Derived using data on central government tax revenue to GDP from Mitchell and the spliced GDP,15933.54
USA,United States,1894,299.249,2.04883,Derived using data on central government tax revenue to GDP from Mitchell and the spliced GDP,14605.85
USA,United States,1895,316.4392,1.963719,Derived using data on central government tax revenue to GDP from Mitchell and the spliced GDP,16114.28
USA,United States,1896,341.5056,2.135792,Derived using data on central government tax revenue to GDP from Mitchell and the spliced GDP,15989.65
USA,United States,1897,342.2069,2.053357,Derived using data on central government tax revenue to GDP from Mitchell and the spliced GDP,16665.73
USA,United States,1898,359.95,1.928664,Derived using data on central government tax revenue to GDP from Mitchell and the spliced GDP,18663.18
USA,United States,1899,512.4768,2.547174,Derived using data on central government tax revenue to GDP from Mitchell and the spliced GDP,20119.43
USA,United States,1900,553.7729,2.61255,Derived using data on central government tax revenue to GDP from Mitchell and the spliced GDP,21196.65
USA,United States,1901,559.6422,2.440588,Derived using data on central government tax revenue to GDP from Mitchell and the spliced GDP,22930.63
USA,United States,1902,557.7574,2.253223,Derived using data on central government tax revenue to GDP from Mitchell and the spliced GDP,24753.76
USA,United States,1903,554.499,2.080865,Derived using data on central government tax revenue to GDP from Mitchell and the spliced GDP,26647.52
USA,United States,1904,526.1597,1.996015,Derived using data on central government tax revenue to GDP from Mitchell and the spliced GDP,26360.51
USA,United States,1905,539.8109,1.828438,Derived using data on central government tax revenue to GDP from Mitchell and the spliced GDP,29523.06
USA,United States,1906,562.7426,1.769957,Derived using data on central government tax revenue to GDP from Mitchell and the spliced GDP,31794.14
USA,United States,1907,634.6875,1.832294,Derived using data on central government tax revenue to GDP from Mitchell and the spliced GDP,34638.96
USA,United States,1908,553.4497,1.79711,Derived using data on central government tax revenue to GDP from Mitchell and the spliced GDP,30796.65
USA,United States,1909,493.1015,1.51535,Derived using data on central government tax revenue to GDP from Mitchell and the spliced GDP,32540.43
USA,United States,1910,551.9531,1.635619,Derived using data on central government tax revenue to GDP from Mitchell and the spliced GDP,33745.82
USA,United States,1911,570.8762,1.646375,Derived using data on central government tax revenue to GDP from Mitchell and the spliced GDP,34674.75
USA,United States,1912,561.1017,1.486551,Derived using data on central government tax revenue to GDP from Mitchell and the spliced GDP,37745.21
USA,United States,1913,612.1805,1.54914,Derived using data on central government tax revenue to GDP from Mitchell and the spliced GDP,39517.45
USA,United States,1914,681.5746,1.850556,Derived using data on central government tax revenue to GDP from Mitchell and the spliced GDP,36830.8
USA,United States,1915,565.4366,1.44806,Derived using data on central government tax revenue to GDP from Mitchell and the spliced GDP,39047.87
USA,United States,1916,650.9396,1.298837,Derived using data on central government tax revenue to GDP from Mitchell and the spliced GDP,50117.1
USA,United States,1917,924.3329,1.533449,Derived using data on central government tax revenue to GDP from Mitchell and the spliced GDP,60278.03
USA,United States,1918,787.2831,1.028221,Derived using data on central government tax revenue to GDP from Mitchell and the spliced GDP,76567.48
USA,United States,1919,889.4846,1.124653,Derived using data on central government tax revenue to GDP from Mitchell and the spliced GDP,79089.66
USA,United States,1920,1020.714,1.143704,Derived using data on central government tax revenue to GDP from Mitchell and the spliced GDP,89246.3
USA,United States,1921,982.0174,1.321446,Derived using data on central government tax revenue to GDP from Mitchell and the spliced GDP,74313.86
USA,United States,1922,878.5679,1.185005,Derived using data on central government tax revenue to GDP from Mitchell and the spliced GDP,74140.43
USA,United States,1923,1112.994,1.290605,Derived using data on central government tax revenue to GDP from Mitchell and the spliced GDP,86238.12
USA,United States,1924,1210.245,1.378631,Derived using data on central government tax revenue to GDP from Mitchell and the spliced GDP,87785.94
USA,United States,1925,2593.007,2.835465,Derived using data on central government tax revenue to GDP from Mitchell and the spliced GDP,91449.09
USA,United States,1926,2916.943,2.979967,Derived using data on central government tax revenue to GDP from Mitchell and the spliced GDP,97885.05
USA,United States,1927,3111.341,3.225311,Derived using data on central government tax revenue to GDP from Mitchell and the spliced GDP,96466.39
USA,United States,1928,3026.032,3.078219,Derived using data on central government tax revenue to GDP from Mitchell and the spliced GDP,98304.66
USA,United States,1929,3158.362,3.020734,Derived using data on central government tax revenue to GDP from Mitchell and the spliced GDP,104556.1
USA,United States,1930,3330.536,3.61386,Derived using data on central government tax revenue to GDP from Mitchell and the spliced GDP,92160.08
USA,United States,1931,2631.884,3.40076,Derived using data on central government tax revenue to GDP from Mitchell and the spliced GDP,77391.06
USA,United States,1932,1731.315,2.908695,Derived using data on central government tax revenue to GDP from Mitchell and the spliced GDP,59522.05
USA,United States,1933,1734.764,3.035242,Derived using data on central government tax revenue to GDP from Mitchell and the spliced GDP,57154.05
USA,United States,1934,2281.077,3.414784,Derived using data on central government tax revenue to GDP from Mitchell and the spliced GDP,66800.05
USA,United States,1935,2654.329,3.575284,Derived using data on central government tax revenue to GDP from Mitchell and the spliced GDP,74241.06
USA,United States,1936,3174.604,3.74231,Derived using data on central government tax revenue to GDP from Mitchell and the spliced GDP,84830.07
USA,United States,1937,4521.354,4.86151,Derived using data on central government tax revenue to GDP from Mitchell and the spliced GDP,93003.08
USA,United States,1938,5169.39,5.917879,Derived using data on central government tax revenue to GDP from Mitchell and the spliced GDP,87352.07
USA,United States,1939,4746.044,5.079401,Derived using data on central government tax revenue to GDP from Mitchell and the spliced GDP,93437.08
USA,United States,1940,4912.243,4.773845,Derived using data on central government tax revenue to GDP from Mitchell and the spliced GDP,102899.1
USA,United States,1941,7810.891,6.04048,Derived using data on central government tax revenue to GDP from Mitchell and the spliced GDP,129309.1
USA,United States,1942,13420.82,8.087163,Derived using data on central government tax revenue to GDP from Mitchell and the spliced GDP,165952.1
USA,United States,1943,22574.47,11.11582,Derived using data on central government tax revenue to GDP from Mitchell and the spliced GDP,203084.2
USA,United States,1944,42888.93,19.1087,Derived using data on central government tax revenue to GDP from Mitchell and the spliced GDP,224447.2
USA,United States,1945,43922.1,19.26347,Derived using data on central government tax revenue to GDP from Mitchell and the spliced GDP,228007.2
USA,United States,1946,38176.51,16.77829,Derived using data on central government tax revenue to GDP from Mitchell and the spliced GDP,227535.2
USA,United States,1947,36860.03,14.76668,Derived using data on central government tax revenue to GDP from CS1 and the spliced GDP,249616.2
USA,United States,1948,38952.03,14.19182,Derived using data on central government tax revenue to GDP from CS1 and the spliced GDP,274468.2
USA,United States,1949,34424.03,12.63382,Derived using data on central government tax revenue to GDP from CS1 and the spliced GDP,272475.2
USA,United States,1950,35864.03,11.96156,Derived using data on central government tax revenue to GDP from CS1 and the spliced GDP,299827.3
USA,United States,1951,57627.88,16.61161,Derived using data on central government tax revenue to GDP from CS1 and the spliced GDP,346913.3
USA,United States,1952,57483.96,15.64867,Derived using data on central government tax revenue to GDP from CS1 and the spliced GDP,367340.8
USA,United States,1953,62703.92,16.11025,Derived using data on central government tax revenue to GDP from CS1 and the spliced GDP,389217.5
USA,United States,1954,53236,13.63107,Derived using data on central government tax revenue to GDP from CS1 and the spliced GDP,390549
USA,United States,1955,59228.2,13.92034,Derived using data on central government tax revenue to GDP from CS1 and the spliced GDP,425479.4
USA,United States,1956,63935.92,14.22846,Derived using data on central government tax revenue to GDP from CS1 and the spliced GDP,449352.4
USA,United States,1957,68528.06,14.45619,Derived using data on central government tax revenue to GDP from CS1 and the spliced GDP,474039.4
USA,United States,1958,61631.93,12.80721,Derived using data on central government tax revenue to GDP from CS1 and the spliced GDP,481228.4
USA,United States,1959,70632.03,13.54001,Derived using data on central government tax revenue to GDP from CS1 and the spliced GDP,521654.3
USA,United States,1960,77184.03,14.23056,Derived using data on central government tax revenue to GDP from CS1 and the spliced GDP,542382.3
USA,United States,1961,73820.1,13.13035,Derived using data on central government tax revenue to GDP from CS1 and the spliced GDP,562209.8
USA,United States,1962,80135.94,13.26926,Derived using data on central government tax revenue to GDP from CS1 and the spliced GDP,603921.5
USA,United States,1963,85448.2,13.40466,Derived using data on central government tax revenue to GDP from CS1 and the spliced GDP,637451.5
USA,United States,1964,87560.19,12.79257,Derived using data on central government tax revenue to GDP from CS1 and the spliced GDP,684461.5
USA,United States,1965,93352.16,12.57623,Derived using data on central government tax revenue to GDP from CS1 and the spliced GDP,742290.3
USA,United States,1966,98691.97,12.13306,Derived using data on central government tax revenue to GDP from CS1 and the spliced GDP,813413.8
USA,United States,1967,105787.7,12.30152,Derived using data on central government tax revenue to GDP from CS1 and the spliced GDP,859956.3
USA,United States,1968,118227.4,12.56874,Derived using data on central government tax revenue to GDP from CS1 and the spliced GDP,940646.5
USA,United States,1969,143020,14.05443,Derived using data on central government tax revenue to GDP from CS1 and the spliced GDP,1017615
USA,United States,1970,135749,12.64769,Derived using data on central government tax revenue to GDP from CS1 and the spliced GDP,1073311
USA,United States,1971,133248,11.43907,Derived using data on central government tax revenue to GDP from CS1 and the spliced GDP,1164850
USA,United States,1972,150632.2,11.77631,Derived using data on central government tax revenue to GDP from CS1 and the spliced GDP,1279112
USA,United States,1973,163716,11.48581,Derived using data on central government tax revenue to GDP from CS1 and the spliced GDP,1425376
USA,United States,1974,177043.9,11.45736,Derived using data on central government tax revenue to GDP from CS1 and the spliced GDP,1545243
USA,United States,1975,183944.1,10.91718,Derived using data on central government tax revenue to GDP from CS1 and the spliced GDP,1684905
USA,United States,1976,204383,10.90967,Derived using data on central government tax revenue to GDP from CS1 and the spliced GDP,1873413
USA,United States,1977,228931.9,10.99669,Derived using data on central government tax revenue to GDP from CS1 and the spliced GDP,2081825
USA,United States,1978,252624,10.74265,Derived using data on central government tax revenue to GDP from CS1 and the spliced GDP,2351599
USA,United States,1979,305110.2,11.61296,Derived using data on central government tax revenue to GDP from CS1 and the spliced GDP,2627326
USA,United States,1980,334369.2,11.70224,Derived using data on central government tax revenue to GDP from CS1 and the spliced GDP,2857309
USA,United States,1981,389143,12.13402,Derived using data on central government tax revenue to GDP from CS1 and the spliced GDP,3207041
USA,United States,1982,373505,11.17011,Derived using data on central government tax revenue to GDP from CS1 and the spliced GDP,3343789
USA,United States,1983,366025.8,10.07216,Derived using data on central government tax revenue to GDP from CS1 and the spliced GDP,3634037
USA,United States,1984,401000.1,9.93161,Derived using data on central government tax revenue to GDP from CS1 and the spliced GDP,4037614
USA,United States,1985,458534.2,10.56779,Derived using data on central government tax revenue to GDP from CS1 and the spliced GDP,4338981
USA,United States,1986,450793.2,9.843435,Derived using data on central government tax revenue to GDP from CS1 and the spliced GDP,4579633
USA,United States,1987,480364.1,9.893774,Derived using data on central government tax revenue to GDP from CS1 and the spliced GDP,4855216
USA,United States,1988,538868,10.29074,Derived using data on central government tax revenue to GDP from CS1 and the spliced GDP,5236438
USA,United States,1989,598208.9,10.60357,Derived using data on central government tax revenue to GDP from CS1 and the spliced GDP,5641580
USA,United States,1990,607186.1,10.18231,Derived using data on central government tax revenue to GDP from CS1 and the spliced GDP,5963145
USA,United States,1991,613433,9.961353,Derived using data on central government tax revenue to GDP from CS1 and the spliced GDP,6158129
USA,United States,1992,627451,9.622999,Derived using data on central government tax revenue to GDP from CS1 and the spliced GDP,6520327
USA,United States,1993,656937.9,9.578367,Derived using data on central government tax revenue to GDP from CS1 and the spliced GDP,6858559
USA,United States,1994,727521.1,9.983498,Derived using data on central government tax revenue to GDP from CS1 and the spliced GDP,7287237
USA,United States,1995,803103,10.51217,Derived using data on central government tax revenue to GDP from CS1 and the spliced GDP,7639749
USA,United States,1996,875999,10.85081,Derived using data on central government tax revenue to GDP from CS1 and the spliced GDP,8073122
USA,United States,1997,978032.9,11.40224,Derived using data on central government tax revenue to GDP from CS1 and the spliced GDP,8577552
USA,United States,1998,1063588,11.73573,Derived using data on central government tax revenue to GDP from CS1 and the spliced GDP,9062817
USA,United States,1999,1142659,11.86417,Derived using data on central government tax revenue to GDP from CS1 and the spliced GDP,9631172
USA,United States,2000,1272073,12.40932,Derived using data on central government tax revenue to GDP from CS1 and the spliced GDP,1.03e+07
USA,United States,2001,1301000,12.29455,Derived using data on central government tax revenue to GDP from CS1 and the spliced GDP,1.06e+07
USA,United States,2002,1055567,9.658309,Derived using data on central government tax revenue to GDP from CS1 and the spliced GDP,1.09e+07
USA,United States,2003,1062924,9.277952,Derived using data on central government tax revenue to GDP from CS1 and the spliced GDP,1.15e+07
USA,United States,2004,1086156,8.890387,Derived using data on central government tax revenue to GDP from CS1 and the spliced GDP,1.22e+07
USA,United States,2005,1326264,10.17136,Derived using data on central government tax revenue to GDP from CS1 and the spliced GDP,1.30e+07
USA,United States,2006,1492519,10.80316,Derived using data on central government tax revenue to GDP from CS1 and the spliced GDP,1.38e+07
USA,United States,2007,1606513,11.09913,Derived using data on central government tax revenue to GDP from CS1 and the spliced GDP,1.45e+07
USA,United States,2008,1551383,10.50371,Derived using data on central government tax revenue to GDP from CS1 and the spliced GDP,1.48e+07
USA,United States,2009,1144195,7.902954,Derived using data on central government tax revenue to GDP from CS1 and the spliced GDP,1.45e+07
USA,United States,2010,1213369,8.062804,Derived using data on central government tax revenue to GDP from CS1 and the spliced GDP,1.50e+07
USA,United States,2011,1458521,9.349654,Derived using data on central government tax revenue to GDP from CS1 and the spliced GDP,1.56e+07
USA,United States,2012,1529118,9.407659,Derived using data on central government tax revenue to GDP from CS1 and the spliced GDP,1.63e+07
USA,United States,2013,1710991,10.13579,Derived using data on central government tax revenue to GDP from CS1 and the spliced GDP,1.69e+07
USA,United States,2014,1865024,10.59183,Derived using data on central government tax revenue to GDP from CS1 and the spliced GDP,1.76e+07
USA,United States,2015,2017750,11.02896,Derived using data on central government tax revenue to GDP from CS1 and the spliced GDP,1.83e+07
USA,United States,2016,2001701,10.64456,Derived using data on central government tax revenue to GDP from CS1 and the spliced GDP,1.88e+07
USA,United States,2017,1943310,9.908729,Derived using data on central government tax revenue to GDP from CS1 and the spliced GDP,1.96e+07
USA,United States,2018,1987756,9.622901,Derived using data on central government tax revenue to GDP from CS1 and the spliced GDP,2.07e+07
USA,United States,2019,2079842,9.655727,Derived using data on central government tax revenue to GDP from CS1 and the spliced GDP,2.15e+07
USA,United States,2020,2157393,10.10294,Derived using data on central government tax revenue to GDP from CS1 and the spliced GDP,2.14e+07
USA,United States,2021,2460515,10.39017,Derived using data on central government tax revenue to GDP from CS1 and the spliced GDP,2.37e+07
USA,United States,2022,3216270,12.36699,Derived using data on central government tax revenue to GDP from CS1 and the spliced GDP,2.60e+07
USA,United States,2023,2890700,10.42794,Derived using data on central government tax revenue to GDP from CS1 and the spliced GDP,2.77e+07
USA,United States,2024,3020467,10.35482,Derived using data on central government tax revenue to GDP from CS1 and the spliced GDP,2.92e+07
UZB,Uzbekistan,2011,1.12e+07,10.81103,Derived using data on central government tax revenue to GDP from IMF_GFS and the spliced GDP,1.03e+08
UZB,Uzbekistan,2012,1.50e+07,11.74182,Derived using data on central government tax revenue to GDP from IMF_GFS and the spliced GDP,1.28e+08
UZB,Uzbekistan,2013,1.92e+07,12.50703,Derived using data on central government tax revenue to GDP from IMF_GFS and the spliced GDP,1.53e+08
UZB,Uzbekistan,2014,2.30e+07,12.32107,Derived using data on central government tax revenue to GDP from IMF_GFS and the spliced GDP,1.87e+08
UZB,Uzbekistan,2015,2.80e+07,12.65178,Derived using data on central government tax revenue to GDP from IMF_GFS and the spliced GDP,2.21e+08
UZB,Uzbekistan,2016,3.20e+07,12.50894,Derived using data on central government tax revenue to GDP from IMF_GFS and the spliced GDP,2.55e+08
UZB,Uzbekistan,2017,2.94e+07,9.263245,Derived using data on central government tax revenue to GDP from IMF_GFS and the spliced GDP,3.17e+08
UZB,Uzbekistan,2018,4.95e+07,11.59783,Derived using data on central government tax revenue to GDP from IMF_GFS and the spliced GDP,4.27e+08
UZB,Uzbekistan,2019,5.97e+07,11.2154,Derived using data on central government tax revenue to GDP from IMF_GFS and the spliced GDP,5.33e+08
UZB,Uzbekistan,2020,8.11e+07,13.39508,Derived using data on central government tax revenue to GDP from IMF_GFS and the spliced GDP,6.06e+08
UZB,Uzbekistan,2021,9.87e+07,13.3608,Derived using data on central government tax revenue to GDP from IMF_GFS and the spliced GDP,7.38e+08
UZB,Uzbekistan,2022,1.07e+08,11.98874,Derived using data on central government tax revenue to GDP from IMF_GFS and the spliced GDP,8.97e+08
UZB,Uzbekistan,2023,1.24e+08,11.64887,Derived using data on central government tax revenue to GDP from IMF_GFS and the spliced GDP,1.07e+09
VCT,Saint Vincent and the Grenadines,1978,18.896,13.02647,Derived using data on central government tax revenue to GDP from IMF_GFS and the spliced GDP,145.0585
VCT,Saint Vincent and the Grenadines,1979,24.39761,14.48217,Derived using data on central government tax revenue to GDP from IMF_GFS and the spliced GDP,168.4665
VCT,Saint Vincent and the Grenadines,1980,29.29856,15.51825,Derived using data on central government tax revenue to GDP from IMF_GFS and the spliced GDP,188.8007
VCT,Saint Vincent and the Grenadines,1981,31.70921,13.67758,Derived using data on central government tax revenue to GDP from IMF_GFS and the spliced GDP,231.8335
VCT,Saint Vincent and the Grenadines,1982,44.09388,16.40893,Derived using data on central government tax revenue to GDP from IMF_GFS and the spliced GDP,268.7188
VCT,Saint Vincent and the Grenadines,1983,56.03183,18.60102,Derived using data on central government tax revenue to GDP from IMF_GFS and the spliced GDP,301.2299
VCT,Saint Vincent and the Grenadines,1984,56.29178,17.17103,Derived using data on central government tax revenue to GDP from IMF_GFS and the spliced GDP,327.8299
VCT,Saint Vincent and the Grenadines,1985,66.3922,18.43692,Derived using data on central government tax revenue to GDP from IMF_GFS and the spliced GDP,360.1045
VCT,Saint Vincent and the Grenadines,1986,74.05849,18.23683,Derived using data on central government tax revenue to GDP from IMF_GFS and the spliced GDP,406.0929
VCT,Saint Vincent and the Grenadines,1987,84.29968,18.58384,Derived using data on central government tax revenue to GDP from IMF_GFS and the spliced GDP,453.6182
VCT,Saint Vincent and the Grenadines,1988,94.60545,18.06399,Derived using data on central government tax revenue to GDP from IMF_GFS and the spliced GDP,523.7239
VCT,Saint Vincent and the Grenadines,1989,107.8536,19.00618,Derived using data on central government tax revenue to GDP from IMF_GFS and the spliced GDP,567.4661
VCT,Saint Vincent and the Grenadines,1990,,,Derived using data on central government tax revenue to GDP from IMF_GFS and the spliced GDP,632.4882
VCT,Saint Vincent and the Grenadines,1991,,,Derived using data on central government tax revenue to GDP from IMF_GFS and the spliced GDP,682.6431
VCT,Saint Vincent and the Grenadines,1992,,,Derived using data on central government tax revenue to GDP from IMF_GFS and the spliced GDP,756.3451
VCT,Saint Vincent and the Grenadines,1993,,,Derived using data on central government tax revenue to GDP from IMF_GFS and the spliced GDP,779.1224
VCT,Saint Vincent and the Grenadines,1994,,,Derived using data on central government tax revenue to GDP from IMF_GFS and the spliced GDP,799.7681
VCT,Saint Vincent and the Grenadines,1995,,,Derived using data on central government tax revenue to GDP from IMF_GFS and the spliced GDP,875.9719
VCT,Saint Vincent and the Grenadines,1996,,,Derived using data on central government tax revenue to GDP from IMF_GFS and the spliced GDP,931.0197
VCT,Saint Vincent and the Grenadines,1997,203.7175,20.56489,Derived using data on central government tax revenue to GDP from IMF_GFS and the spliced GDP,990.6082
VCT,Saint Vincent and the Grenadines,1998,228.1446,21.17422,Derived using data on central government tax revenue to GDP from IMF_GFS and the spliced GDP,1077.464
VCT,Saint Vincent and the Grenadines,1999,233.5959,20.69309,Derived using data on central government tax revenue to GDP from IMF_GFS and the spliced GDP,1128.859
VEN,Venezuela,1950,1.96e-11,13.39167,Derived using data on central government tax revenue to GDP from Mitchell and the spliced GDP,1.47e-10
VEN,Venezuela,1951,2.20e-11,13.50769,Derived using data on central government tax revenue to GDP from Mitchell and the spliced GDP,1.63e-10
VEN,Venezuela,1952,2.38e-11,12.88571,Derived using data on central government tax revenue to GDP from Mitchell and the spliced GDP,1.85e-10
VEN,Venezuela,1953,2.61e-11,13.67333,Derived using data on central government tax revenue to GDP from Mitchell and the spliced GDP,1.91e-10
VEN,Venezuela,1954,2.85e-11,13.26875,Derived using data on central government tax revenue to GDP from Mitchell and the spliced GDP,2.15e-10
VEN,Venezuela,1955,3.46e-11,15.42778,Derived using data on central government tax revenue to GDP from Mitchell and the spliced GDP,2.24e-10
VEN,Venezuela,1956,6.37e-11,25.165,Derived using data on central government tax revenue to GDP from Mitchell and the spliced GDP,2.53e-10
VEN,Venezuela,1957,5.31e-11,18.00417,Derived using data on central government tax revenue to GDP from Mitchell and the spliced GDP,2.95e-10
VEN,Venezuela,1958,5.84e-11,18.868,Derived using data on central government tax revenue to GDP from Mitchell and the spliced GDP,3.09e-10
VEN,Venezuela,1959,5.45e-11,17.24615,Derived using data on central government tax revenue to GDP from Mitchell and the spliced GDP,3.16e-10
VEN,Venezuela,1960,5.65e-11,18.84615,Derived using data on central government tax revenue to GDP from Mitchell and the spliced GDP,3.00e-10
VEN,Venezuela,1961,2.62e-11,8.52963,Derived using data on central government tax revenue to GDP from Mitchell and the spliced GDP,3.07e-10
VEN,Venezuela,1962,5.87e-11,17.30333,Derived using data on central government tax revenue to GDP from Mitchell and the spliced GDP,3.40e-10
VEN,Venezuela,1963,6.74e-11,18.30625,Derived using data on central government tax revenue to GDP from Mitchell and the spliced GDP,3.68e-10
VEN,Venezuela,1964,7.23e-11,17.53611,Derived using data on central government tax revenue to GDP from Mitchell and the spliced GDP,4.12e-10
VEN,Venezuela,1965,7.42e-11,16.68421,Derived using data on central government tax revenue to GDP from Mitchell and the spliced GDP,4.44e-10
VEN,Venezuela,1966,7.87e-11,16.9725,Derived using data on central government tax revenue to GDP from Mitchell and the spliced GDP,4.64e-10
VEN,Venezuela,1967,8.54e-11,17.75476,Derived using data on central government tax revenue to GDP from Mitchell and the spliced GDP,4.81e-10
VEN,Venezuela,1968,8.70e-11,17.00444,Derived using data on central government tax revenue to GDP from Mitchell and the spliced GDP,5.11e-10
VEN,Venezuela,1969,8.88e-11,16.22826,Derived using data on central government tax revenue to GDP from Mitchell and the spliced GDP,5.47e-10
VEN,Venezuela,1970,9.61e-11,15.76154,Derived using data on central government tax revenue to GDP from Mitchell and the spliced GDP,6.10e-10
VEN,Venezuela,1971,1.20e-10,17.88772,Derived using data on central government tax revenue to GDP from Mitchell and the spliced GDP,6.70e-10
VEN,Venezuela,1972,1.26e-10,17.47049,Derived using data on central government tax revenue to GDP from Mitchell and the spliced GDP,7.20e-10
VEN,Venezuela,1973,1.68e-10,19.49726,Derived using data on central government tax revenue to GDP from Mitchell and the spliced GDP,8.60e-10
VEN,Venezuela,1974,4.68e-10,35.73839,Derived using data on central government tax revenue to GDP from Mitchell and the spliced GDP,1.31e-09
VEN,Venezuela,1975,4.25e-10,30.76271,Derived using data on central government tax revenue to GDP from Mitchell and the spliced GDP,1.38e-09
VEN,Venezuela,1976,3.94e-10,24.96296,Derived using data on central government tax revenue to GDP from Mitchell and the spliced GDP,1.58e-09
VEN,Venezuela,1977,4.27e-10,23.46154,Derived using data on central government tax revenue to GDP from Mitchell and the spliced GDP,1.82e-09
VEN,Venezuela,1978,4.08e-10,20.59172,Derived using data on central government tax revenue to GDP from Mitchell and the spliced GDP,1.98e-09
VEN,Venezuela,1979,4.93e-10,20.28846,Derived using data on central government tax revenue to GDP from Mitchell and the spliced GDP,2.43e-09
VEN,Venezuela,1980,6.61e-10,22.24409,Derived using data on central government tax revenue to GDP from Mitchell and the spliced GDP,2.97e-09
VEN,Venezuela,1981,1.02e-09,30.42105,Derived using data on central government tax revenue to GDP from Mitchell and the spliced GDP,3.34e-09
VEN,Venezuela,1982,7.65e-10,22.43986,Derived using data on central government tax revenue to GDP from Mitchell and the spliced GDP,3.41e-09
VEN,Venezuela,1983,6.18e-10,18.17241,Derived using data on central government tax revenue to GDP from Mitchell and the spliced GDP,3.40e-09
VEN,Venezuela,1984,7.28e-10,17.88095,Derived using data on central government tax revenue to GDP from Mitchell and the spliced GDP,4.07e-09
VEN,Venezuela,1985,9.05e-10,20.10753,Derived using data on central government tax revenue to GDP from Mitchell and the spliced GDP,4.50e-09
VEN,Venezuela,1986,6.43e-10,13.59918,Derived using data on central government tax revenue to GDP from Mitchell and the spliced GDP,4.73e-09
VEN,Venezuela,1987,8.39e-10,12.44253,Derived using data on central government tax revenue to GDP from Mitchell and the spliced GDP,6.74e-09
VEN,Venezuela,1988,1.14e-09,13.52806,Derived using data on central government tax revenue to GDP from Mitchell and the spliced GDP,8.45e-09
VEN,Venezuela,1989,1.96e-09,13.62252,Derived using data on central government tax revenue to GDP from Mitchell and the spliced GDP,1.44e-08
VEN,Venezuela,1990,3.34e-09,15.13822,Derived using data on central government tax revenue to GDP from Mitchell and the spliced GDP,2.21e-08
VEN,Venezuela,1991,4.99e-09,16.99374,Derived using data on central government tax revenue to GDP from Mitchell and the spliced GDP,2.94e-08
VEN,Venezuela,1992,4.97e-09,12.44251,Derived using data on central government tax revenue to GDP from Mitchell and the spliced GDP,4.00e-08
VUT,Vanuatu,1981,974.4589,10.26833,Derived using data on central government tax revenue to GDP from IMF_GFS and the spliced GDP,9489.949
VUT,Vanuatu,1982,1207.986,11.69239,Derived using data on central government tax revenue to GDP from IMF_GFS and the spliced GDP,10331.38
VUT,Vanuatu,1983,1460.976,12.83492,Derived using data on central government tax revenue to GDP from IMF_GFS and the spliced GDP,11382.81
VUT,Vanuatu,1984,1996.975,14.43142,Derived using data on central government tax revenue to GDP from IMF_GFS and the spliced GDP,13837.69
VUT,Vanuatu,1985,2326.605,16.55196,Derived using data on central government tax revenue to GDP from IMF_GFS and the spliced GDP,14056.37
VUT,Vanuatu,1986,2255.329,16.51257,Derived using data on central government tax revenue to GDP from IMF_GFS and the spliced GDP,13658.25
VUT,Vanuatu,1987,2821.102,18.76726,Derived using data on central government tax revenue to GDP from IMF_GFS and the spliced GDP,15032.04
VUT,Vanuatu,1988,3204.919,19.04445,Derived using data on central government tax revenue to GDP from IMF_GFS and the spliced GDP,16828.62
VUT,Vanuatu,1989,3467.785,18.91143,Derived using data on central government tax revenue to GDP from IMF_GFS and the spliced GDP,18336.98
VUT,Vanuatu,1990,4052.062,20.1855,Derived using data on central government tax revenue to GDP from IMF_GFS and the spliced GDP,20074.12
VUT,Vanuatu,1991,,,Derived using data on central government tax revenue to GDP from IMF_GFS and the spliced GDP,22808.24
VUT,Vanuatu,1992,,,Derived using data on central government tax revenue to GDP from IMF_GFS and the spliced GDP,24157.36
VUT,Vanuatu,1993,,,Derived using data on central government tax revenue to GDP from IMF_GFS and the spliced GDP,26667.18
VUT,Vanuatu,1994,,,Derived using data on central government tax revenue to GDP from IMF_GFS and the spliced GDP,27992.75
VUT,Vanuatu,1995,5471.603,17.90131,Derived using data on central government tax revenue to GDP from IMF_GFS and the spliced GDP,30565.38
VUT,Vanuatu,1996,5878.929,18.57162,Derived using data on central government tax revenue to GDP from IMF_GFS and the spliced GDP,31655.44
VUT,Vanuatu,1997,5980.482,18.09128,Derived using data on central government tax revenue to GDP from IMF_GFS and the spliced GDP,33057.26
VUT,Vanuatu,1998,5876.402,17.73552,Derived using data on central government tax revenue to GDP from IMF_GFS and the spliced GDP,33133.52
VUT,Vanuatu,1999,5857.655,17.12485,Derived using data on central government tax revenue to GDP from IMF_GFS and the spliced GDP,34205.58
WSM,Samoa,2012,364.722,20.53861,Derived using data on central government tax revenue to GDP from IMF_GFS and the spliced GDP,1775.787
WSM,Samoa,2013,418.6694,22.69419,Derived using data on central government tax revenue to GDP from IMF_GFS and the spliced GDP,1844.831
WSM,Samoa,2014,451.7468,23.68292,Derived using data on central government tax revenue to GDP from IMF_GFS and the spliced GDP,1907.479
WSM,Samoa,2015,476.5048,22.53866,Derived using data on central government tax revenue to GDP from IMF_GFS and the spliced GDP,2114.167
WSM,Samoa,2016,512.7052,22.97079,Derived using data on central government tax revenue to GDP from IMF_GFS and the spliced GDP,2231.988
WSM,Samoa,2017,528.8856,23.48328,Derived using data on central government tax revenue to GDP from IMF_GFS and the spliced GDP,2252.179
WSM,Samoa,2018,552.4265,23.88151,Derived using data on central government tax revenue to GDP from IMF_GFS and the spliced GDP,2313.197
WSM,Samoa,2019,589.6689,24.39475,Derived using data on central government tax revenue to GDP from IMF_GFS and the spliced GDP,2417.196
WSM,Samoa,2020,539.6474,24.42299,Derived using data on central government tax revenue to GDP from IMF_GFS and the spliced GDP,2209.587
WSM,Samoa,2021,548.48,25.02896,Derived using data on central government tax revenue to GDP from IMF_GFS and the spliced GDP,2191.381
WSM,Samoa,2022,591.1735,25.64997,Derived using data on central government tax revenue to GDP from IMF_GFS and the spliced GDP,2304.773
WSM,Samoa,2023,757.5776,26.79815,Derived using data on central government tax revenue to GDP from IMF_GFS and the spliced GDP,2826.978
ZAF,South Africa,1993,93192.88,19.37504,Derived using data on central government tax revenue to GDP from CS1 and the spliced GDP,480994.5
ZAF,South Africa,1994,104096.9,19.0971,Derived using data on central government tax revenue to GDP from CS1 and the spliced GDP,545092.6
ZAF,South Africa,1995,122535.4,19.67173,Derived using data on central government tax revenue to GDP from CS1 and the spliced GDP,622900.8
ZAF,South Africa,1996,145828,20.77902,Derived using data on central government tax revenue to GDP from IMF_GFS and the spliced GDP,701803.9
ZAF,South Africa,1997,163690.6,21.02251,Derived using data on central government tax revenue to GDP from IMF_GFS and the spliced GDP,778644.4
ZAF,South Africa,1998,183580.5,21.70666,Derived using data on central government tax revenue to GDP from IMF_GFS and the spliced GDP,845733.4
ZAF,South Africa,1999,199273.7,21.52703,Derived using data on central government tax revenue to GDP from IMF_GFS and the spliced GDP,925690.4
ZAF,South Africa,2000,218742.2,20.77052,Derived using data on central government tax revenue to GDP from IMF_GFS and the spliced GDP,1053138
ZAF,South Africa,2001,250532.9,21.48762,Derived using data on central government tax revenue to GDP from IMF_GFS and the spliced GDP,1165941
ZAF,South Africa,2002,280500.1,20.61471,Derived using data on central government tax revenue to GDP from IMF_GFS and the spliced GDP,1360679
ZAF,South Africa,2003,301912.3,20.25715,Derived using data on central government tax revenue to GDP from IMF_GFS and the spliced GDP,1490399
ZAF,South Africa,2004,353989.3,21.42229,Derived using data on central government tax revenue to GDP from IMF_GFS and the spliced GDP,1652434
ZAF,South Africa,2005,416079,22.6699,Derived using data on central government tax revenue to GDP from IMF_GFS and the spliced GDP,1835381
ZAF,South Africa,2006,494591,24.03735,Derived using data on central government tax revenue to GDP from IMF_GFS and the spliced GDP,2057594
ZAF,South Africa,2007,573916.7,24.45685,Derived using data on central government tax revenue to GDP from IMF_GFS and the spliced GDP,2346650
ZAF,South Africa,2008,626376.9,23.98413,Derived using data on central government tax revenue to GDP from IMF_GFS and the spliced GDP,2611631
ZAF,South Africa,2009,599226.6,21.44515,Derived using data on central government tax revenue to GDP from IMF_GFS and the spliced GDP,2794229
ZAF,South Africa,2010,673668.5,22.04692,Derived using data on central government tax revenue to GDP from IMF_GFS and the spliced GDP,3055613
ZAF,South Africa,2011,744061.9,22.36403,Derived using data on central government tax revenue to GDP from IMF_GFS and the spliced GDP,3327047
ZAF,South Africa,2012,814935.3,22.85046,Derived using data on central government tax revenue to GDP from IMF_GFS and the spliced GDP,3566385
ZAF,South Africa,2013,901402.6,23.3003,Derived using data on central government tax revenue to GDP from IMF_GFS and the spliced GDP,3868630
ZAF,South Africa,2014,987109.9,23.87857,Derived using data on central government tax revenue to GDP from IMF_GFS and the spliced GDP,4133873
ZAF,South Africa,2015,1073926,24.29262,Derived using data on central government tax revenue to GDP from IMF_GFS and the spliced GDP,4420793
ZAF,South Africa,2016,1145268,24.06251,Derived using data on central government tax revenue to GDP from IMF_GFS and the spliced GDP,4759555
ZAF,South Africa,2017,1220580,24.03574,Derived using data on central government tax revenue to GDP from IMF_GFS and the spliced GDP,5078190
ZAF,South Africa,2018,1292022,24.09055,Derived using data on central government tax revenue to GDP from IMF_GFS and the spliced GDP,5363191
ZAF,South Africa,2019,1357662,24.13532,Derived using data on central government tax revenue to GDP from IMF_GFS and the spliced GDP,5625207
ZAF,South Africa,2020,1252085,22.50833,Derived using data on central government tax revenue to GDP from IMF_GFS and the spliced GDP,5562761
ZAF,South Africa,2021,1562753,25.12404,Derived using data on central government tax revenue to GDP from IMF_GFS and the spliced GDP,6220152
ZAF,South Africa,2022,1686065,25.33331,Derived using data on central government tax revenue to GDP from IMF_GFS and the spliced GDP,6655524
ZAF,South Africa,2023,1738842,24.75575,Derived using data on central government tax revenue to GDP from IMF_GFS and the spliced GDP,7023995
ZWE,Zimbabwe,1990,6196.876,45.69923,Derived using data on central government tax revenue to GDP from IMF_GFS and the spliced GDP,13560.13
ZWE,Zimbabwe,1991,7917.805,62.57911,Derived using data on central government tax revenue to GDP from IMF_GFS and the spliced GDP,12652.47
ZWE,Zimbabwe,1992,10154.46,97.32397,Derived using data on central government tax revenue to GDP from IMF_GFS and the spliced GDP,10433.67
ZWE,Zimbabwe,1993,13064.63,128.9042,Derived using data on central government tax revenue to GDP from IMF_GFS and the spliced GDP,10135.14
ZWE,Zimbabwe,1994,14923.23,140.0436,Derived using data on central government tax revenue to GDP from IMF_GFS and the spliced GDP,10656.13
ZWE,Zimbabwe,1995,19106.56,172.7025,Derived using data on central government tax revenue to GDP from IMF_GFS and the spliced GDP,11063.28
ZWE,Zimbabwe,1996,25734.29,191.1001,Derived using data on central government tax revenue to GDP from IMF_GFS and the spliced GDP,13466.39
ZWE,Zimbabwe,1997,35901.95,259.1426,Derived using data on central government tax revenue to GDP from IMF_GFS and the spliced GDP,13854.13
