ISO3,countryname,year,cgovtax_GDP,AFRISTAT,AHSTAT,BCEAO,EUS,IMF_GFS,Mitchell,NBS,CS1,CS2,chainlinking_ratio,source,source_change,source_change_count
AFG,Afghanistan,2013,7.262972,,,,,7.2629721,,,,,1,IMF_GFS,,
AFG,Afghanistan,2010,9.356195,,,,,9.3561955,,,,,1,IMF_GFS,,
AFG,Afghanistan,2012,7.672027,,,,,7.6720266,,,,,1,IMF_GFS,,
AFG,Afghanistan,2011,9.06741,,,,,9.0674094,,,,,1,IMF_GFS,,
AFG,Afghanistan,2014,6.840275,,,,,6.8402754,,,,,1,IMF_GFS,,
AFG,Afghanistan,2009,8.544127,,,,,8.5441266,,,,,1,IMF_GFS,,
AFG,Afghanistan,2015,7.555844,,,,,7.5558439,,,,,1,IMF_GFS,,
AFG,Afghanistan,2007,5.999345,,,,,5.9993451,,,,,1,IMF_GFS,,
AFG,Afghanistan,2017,9.236835,,,,,9.2368344,,,,,1,IMF_GFS,,
AFG,Afghanistan,2006,7.012556,,,,,7.0125559,,,,,1,IMF_GFS,,
AFG,Afghanistan,2008,6.058997,,,,,6.0589966,,,,,1,IMF_GFS,,
AFG,Afghanistan,2016,8.813914,,,,,8.8139139,,,,,1,IMF_GFS,,
AGO,Angola,2018,9.928881,,,,,9.9288803,,,,,1,IMF_GFS,,
AGO,Angola,2019,11.28885,,,,,11.288852,,,,,1,IMF_GFS,,
AGO,Angola,2021,10.70333,,,,,10.70333,,,,,1,IMF_GFS,,
AGO,Angola,2023,9.242218,,,,,9.2422181,,,,,1,IMF_GFS,,
AGO,Angola,2020,20.51761,,,,,20.517608,,,,,1,IMF_GFS,,
AGO,Angola,2022,12.72829,,,,,12.728287,,,,,1,IMF_GFS,,
ALB,Albania,2004,17.96509,,,,,17.965087,,,,,1,IMF_GFS,,
ALB,Albania,2009,,,,,,,,,,,1,IMF_GFS,,
ALB,Albania,2021,18.1986,,,,,18.198596,,,,,1,IMF_GFS,,
ALB,Albania,2005,,,,,,,,,,,1,IMF_GFS,,
ALB,Albania,2023,18.20005,,,,,18.200046,,,,,1,IMF_GFS,,
ALB,Albania,2011,18.02201,,,,,18.022012,,,,,1,IMF_GFS,,
ALB,Albania,2012,17.48279,,,,,17.482794,,,,,1,IMF_GFS,,
ALB,Albania,2018,18.54597,,,,,18.545967,,,,,1,IMF_GFS,,
ALB,Albania,1999,,,,,,,,,,,1,IMF_GFS,,
ALB,Albania,2001,,,,,,,,,,,1,IMF_GFS,,
ALB,Albania,1998,14.56893,,,,,14.568929,,,,,1,IMF_GFS,,
ALB,Albania,2000,,,,,,,,,,,1,IMF_GFS,,
ALB,Albania,2002,16.48424,,,,,16.484235,,,,,1,IMF_GFS,,
ALB,Albania,2022,18.15708,,,,,18.15708,,,,,1,IMF_GFS,,
ALB,Albania,2007,,,,,,,,,,,1,IMF_GFS,,
ALB,Albania,2020,16.98326,,,,,16.983257,,,,,1,IMF_GFS,,
ALB,Albania,2016,17.59023,,,,,17.590228,,,,,1,IMF_GFS,,
ALB,Albania,2010,,,,,,,,,,,1,IMF_GFS,,
ALB,Albania,2008,,,,,,,,,,,1,IMF_GFS,,
ALB,Albania,2003,17.19615,,,,,17.19615,,,,,1,IMF_GFS,,
ALB,Albania,2015,18.5158,,,,,18.515796,,,,,1,IMF_GFS,,
ALB,Albania,2019,18.14438,,,,,18.144377,,,,,1,IMF_GFS,,
ALB,Albania,2006,,,,,,,,,,,1,IMF_GFS,,
ALB,Albania,2017,18.88749,,,,,18.887486,,,,,1,IMF_GFS,,
ALB,Albania,2013,16.50328,,,,,16.503277,,,,,1,IMF_GFS,,
ALB,Albania,2014,18.30194,,,,,18.301941,,,,,1,IMF_GFS,,
AND,Andorra,2019,13.7653,,,,,13.765297,,,,,1,IMF_GFS,,
AND,Andorra,2022,14.98604,,,,,14.986045,,,,,1,IMF_GFS,,
AND,Andorra,2023,14.15999,,,,,14.159985,,,,,1,IMF_GFS,,
AND,Andorra,2021,13.1107,,,,,13.110699,,,,,1,IMF_GFS,,
AND,Andorra,2020,12.65872,,,,,12.658721,,,,,1,IMF_GFS,,
AND,Andorra,2018,14.122,,,,,14.122005,,,,,1,IMF_GFS,,
ARE,United Arab Emirates,2023,.6268694,,,,,.62686939,,,,,1,IMF_GFS,,
ARE,United Arab Emirates,2022,.5785077,,,,,.57850774,,,,,1,IMF_GFS,,
ARE,United Arab Emirates,2015,.0814013,,,,,.08140128,,,,,1,IMF_GFS,,
ARE,United Arab Emirates,2014,.0658084,,,,,.06580837,,,,,1,IMF_GFS,,
ARE,United Arab Emirates,2013,.07692,,,,,.07691997,,,,,1,IMF_GFS,,
ARE,United Arab Emirates,2012,.0607124,,,,,.06071236,,,,,1,IMF_GFS,,
ARE,United Arab Emirates,2021,.5352437,,,,,.53524367,,,,,1,IMF_GFS,,
ARE,United Arab Emirates,2020,.6820883,,,,,.68208827,,,,,1,IMF_GFS,,
ARE,United Arab Emirates,2011,.0527288,,,,,.05272885,,,,,1,IMF_GFS,,
ARE,United Arab Emirates,2016,.0501469,,,,,.05014685,,,,,1,IMF_GFS,,
ARE,United Arab Emirates,2019,.9722384,,,,,.97223839,,,,,1,IMF_GFS,,
ARE,United Arab Emirates,2017,.0656214,,,,,.0656214,,,,,1,IMF_GFS,,
ARE,United Arab Emirates,2018,.0586389,,,,,.05863886,,,,,1,IMF_GFS,,
ARG,Argentina,2013,10.22501,,,,,10.225014,,,,,1,IMF_GFS,,
ARG,Argentina,2023,7.120998,,,,,7.1209986,,,,,1,IMF_GFS,,
ARG,Argentina,2004,10.93988,,,,,10.939883,,,,,1,IMF_GFS,,
ARG,Argentina,2012,10.71439,,,,,10.714387,,,,,1,IMF_GFS,,
ARG,Argentina,2007,10.35509,,,,,10.355089,,,,,1,IMF_GFS,,
ARG,Argentina,2014,10.35921,,,,,10.359215,,,,,1,IMF_GFS,,
ARG,Argentina,2017,8.396081,,,,,8.3960808,,,,,1,IMF_GFS,,
ARG,Argentina,2011,10.57069,,,,,10.570695,,,,,1,IMF_GFS,,
ARG,Argentina,2006,10.75884,,,,,10.758841,,,,,1,IMF_GFS,,
ARG,Argentina,2021,8.659128,,,,,8.6591278,,,,,1,IMF_GFS,,
ARG,Argentina,2020,7.880855,,,,,7.8808553,,,,,1,IMF_GFS,,
ARG,Argentina,2015,9.982732,,,,,9.9827317,,,,,1,IMF_GFS,,
ARG,Argentina,2018,7.161506,,,,,7.1615062,,,,,1,IMF_GFS,,
ARG,Argentina,2022,8.424643,,,,,8.4246427,,,,,1,IMF_GFS,,
ARG,Argentina,2009,10.34727,,,,,10.347269,,,,,1,IMF_GFS,,
ARG,Argentina,2016,8.727927,,,,,8.7279275,,,,,1,IMF_GFS,,
ARG,Argentina,2002,7.257984,,,,,7.2579835,,,,,1,IMF_GFS,,
ARG,Argentina,2005,10.9141,,,,,10.9141,,,,,1,IMF_GFS,,
ARG,Argentina,2008,11.27629,,,,,11.276288,,,,,1,IMF_GFS,,
ARG,Argentina,2019,7.796274,,,,,7.7962741,,,,,1,IMF_GFS,,
ARG,Argentina,2003,9.427839,,,,,9.4278397,,,,,1,IMF_GFS,,
ARG,Argentina,2010,10.7949,,,,,10.794905,,,,,1,IMF_GFS,,
ARM,Armenia,2004,13.99641,,,,,13.996405,,,,,1,IMF_GFS,,
ARM,Armenia,2007,15.99409,,,,,15.994094,,,,,1,IMF_GFS,,
ARM,Armenia,2017,20.78065,,,,,20.780653,,,,,1,IMF_GFS,,
ARM,Armenia,2005,14.33566,,,,,14.335663,,,,,1,IMF_GFS,,
ARM,Armenia,2018,20.8701,,,,,20.870104,,,,,1,IMF_GFS,,
ARM,Armenia,2020,21.86042,,,,,21.860419,,,,,1,IMF_GFS,,
ARM,Armenia,2015,20.93122,,,,,20.931221,,,,,1,IMF_GFS,,
ARM,Armenia,2012,,,,,,,,,,,1,IMF_GFS,,
ARM,Armenia,2016,21.27738,,,,,21.277375,,,,,1,IMF_GFS,,
ARM,Armenia,2011,,,,,,,,,,,1,IMF_GFS,,
ARM,Armenia,2021,22.00101,,,,,22.001005,,,,,1,IMF_GFS,,
ARM,Armenia,2013,21.58621,,,,,21.586214,,,,,1,IMF_GFS,,
ARM,Armenia,2009,,,,,,,,,,,1,IMF_GFS,,
ARM,Armenia,2019,22.28517,,,,,22.285171,,,,,1,IMF_GFS,,
ARM,Armenia,2010,,,,,,,,,,,1,IMF_GFS,,
ARM,Armenia,2022,21.82716,,,,,21.827155,,,,,1,IMF_GFS,,
ARM,Armenia,2023,22.48186,,,,,22.481863,,,,,1,IMF_GFS,,
ARM,Armenia,2008,,,,,,,,,,,1,IMF_GFS,,
ARM,Armenia,2006,14.39756,,,,,14.397564,,,,,1,IMF_GFS,,
ARM,Armenia,2014,21.59917,,,,,21.599175,,,,,1,IMF_GFS,,
AUS,Australia,1987,23.00965,,,,,21.856518,27.46792,,,,.8376915,Mitchell,,
AUS,Australia,1958,15.31093,,,,,,18.27753,,,,.8376915,Mitchell,,
AUS,Australia,1984,22.32555,,,,,20.030306,26.65128,,,,.8376915,Mitchell,,
AUS,Australia,1983,21.42932,,,,,20.675873,25.5814,,,,.8376915,Mitchell,,
AUS,Australia,1982,21.47778,,,,,20.643633,25.63924,,,,.8376915,Mitchell,,
AUS,Australia,1933,5.739247,,,,,,6.851266,,,,.8376915,Mitchell,,
AUS,Australia,1935,5.826402,,,,,,6.955307,,,,.8376915,Mitchell,,
AUS,Australia,1959,15.76055,,,,,,18.81427,,,,.8376915,Mitchell,,
AUS,Australia,1937,5.600873,,,,,,6.68608,,,,.8376915,Mitchell,,
AUS,Australia,1969,18.5285,,,,,,22.11852,,,,.8376915,Mitchell,,
AUS,Australia,1943,14.77245,,,,,,17.63471,,,,.8376915,Mitchell,,
AUS,Australia,1921,5.334071,,,,,,6.367583,,,,.8376915,Mitchell,,
AUS,Australia,2015,21.68365,,,,,21.68365,,,,,1,IMF_GFS,,
AUS,Australia,2018,22.57098,,,,,22.570983,,,,,1,IMF_GFS,,
AUS,Australia,1951,21.27314,,,,,,25.39495,,,,.8376915,Mitchell,,
AUS,Australia,1975,21.83035,,,,,18.523736,26.06013,,,,.8376915,Mitchell,,
AUS,Australia,1979,21.1067,,,,,18.547306,25.19626,,,,.8376915,Mitchell,,
AUS,Australia,1994,15.73553,,,,,19.330066,18.78439,,,,.8376915,Mitchell,,
AUS,Australia,1917,3.376995,,,,,,4.031311,,,,.8376915,Mitchell,,
AUS,Australia,1968,17.97547,,,,,,21.45833,,,,.8376915,Mitchell,,
AUS,Australia,1991,17.29514,,,,,22.266642,20.64619,,,,.8376915,Mitchell,,
AUS,Australia,1914,2.869869,,,,,,3.425926,,,,.8376915,Mitchell,,
AUS,Australia,2022,22.48371,,,,,22.483711,,,,,1,IMF_GFS,,
AUS,Australia,1931,5.441415,,,,,,6.495727,,,,.8376915,Mitchell,,
AUS,Australia,1961,15.2485,,,,,,18.203,,,,.8376915,Mitchell,,
AUS,Australia,2013,21.50677,,,,,21.506769,,,,,1,IMF_GFS,,
AUS,Australia,1910,3.630445,,,,,,4.333869,,,,.8376915,Mitchell,,
AUS,Australia,2010,19.57736,,,,,19.577359,23.21683,,,,.8432398,Mitchell,1,3
AUS,Australia,1996,17.2187,,,,,,20.55494,,,,.8376915,Mitchell,,
AUS,Australia,1977,20.11999,,,,,19.685982,24.01837,,,,.8376915,Mitchell,,
AUS,Australia,1926,5.554314,,,,,,6.6305,,,,.8376915,Mitchell,,
AUS,Australia,1920,6.150648,,,,,,7.342378,,,,.8376915,Mitchell,,
AUS,Australia,1980,21.88214,,,,,19.214737,26.12195,,,,.8376915,Mitchell,,
AUS,Australia,1912,3.537934,,,,,,4.223433,,,,.8376915,Mitchell,,
AUS,Australia,1906,3.392738,,,,,,4.050104,,,,.8376915,Mitchell,,
AUS,Australia,1956,16.61697,,,,,,19.83662,,,,.8376915,Mitchell,,
AUS,Australia,1966,17.10934,,,,,,20.42439,,,,.8376915,Mitchell,,
AUS,Australia,1993,16.28218,,,,,19.525281,19.43696,,,,.8376915,Mitchell,,
AUS,Australia,1941,10.54437,,,,,,12.58741,,,,.8376915,Mitchell,,
AUS,Australia,1978,20.14512,,,,,19.30105,24.04837,,,,.8376915,Mitchell,,
AUS,Australia,2014,21.7041,,,,,21.704102,,,,,1,IMF_GFS,,
AUS,Australia,1904,3.290931,,,,,,3.928571,,,,.8376915,Mitchell,,
AUS,Australia,1967,17.17081,,,,,,20.49778,,,,.8376915,Mitchell,,
AUS,Australia,1962,15.10628,,,,,,18.03323,,,,.8376915,Mitchell,,
AUS,Australia,1973,20.77631,,,,,15.440213,24.80186,,,,.8376915,Mitchell,,
AUS,Australia,2005,20.68252,,,,,23.777467,24.52745,,,,.8432398,Mitchell,,
AUS,Australia,1924,5.125455,,,,,,6.118547,,,,.8376915,Mitchell,,
AUS,Australia,1932,6.092302,,,,,,7.272727,,,,.8376915,Mitchell,,
AUS,Australia,2020,22.7154,,,,,22.715399,,,,,1,IMF_GFS,,
AUS,Australia,1964,16.7031,,,,,,19.93944,,,,.8376915,Mitchell,,
AUS,Australia,2000,18.17922,,,,,22.212727,21.55878,,,,.8432398,Mitchell,,
AUS,Australia,1948,19.53943,,,,,,23.32533,,,,.8376915,Mitchell,,
AUS,Australia,1976,21.13965,,,,,18.768145,25.2356,,,,.8376915,Mitchell,,
AUS,Australia,2017,21.56784,,,,,21.56784,,,,,1,IMF_GFS,,
AUS,Australia,1905,3.396047,,,,,,4.054054,,,,.8376915,Mitchell,,
AUS,Australia,1903,3.562146,,,,,,4.252337,,,,.8376915,Mitchell,,
AUS,Australia,1947,20.61349,,,,,,24.6075,,,,.8376915,Mitchell,,
AUS,Australia,1925,4.864643,,,,,,5.807201,,,,.8376915,Mitchell,,
AUS,Australia,2003,19.49313,,,,,23.511376,23.11695,,,,.8432398,Mitchell,,
AUS,Australia,1907,3.605649,,,,,,4.304267,,,,.8376915,Mitchell,,
AUS,Australia,1974,22.53325,,,,,16.631806,26.89923,,,,.8376915,Mitchell,,
AUS,Australia,1930,4.493364,,,,,,5.363985,,,,.8376915,Mitchell,,
AUS,Australia,1918,4.385654,,,,,,5.235405,,,,.8376915,Mitchell,,
AUS,Australia,1965,16.84358,,,,,,20.10714,,,,.8376915,Mitchell,,
AUS,Australia,2007,20.42229,,,,,23.119959,24.21884,,,,.8432398,Mitchell,,
AUS,Australia,1944,16.32129,,,,,,19.48365,,,,.8376915,Mitchell,,
AUS,Australia,1928,4.990503,,,,,,5.957447,,,,.8376915,Mitchell,,
AUS,Australia,1957,16.12992,,,,,,19.25521,,,,.8376915,Mitchell,,
AUS,Australia,1998,17.54192,,,,,,20.94079,,,,.8376915,Mitchell,1,3
AUS,Australia,1997,17.54942,,,,,,20.94974,,,,.8376915,Mitchell,,
AUS,Australia,1972,18.35589,,,,,17.139286,21.91247,,,,.8376915,Mitchell,,
AUS,Australia,1902,3.660184,,,,,,4.36937,,,,.8376915,Mitchell,,
AUS,Australia,1988,22.58696,,,,,21.709822,26.96333,,,,.8376915,Mitchell,,
AUS,Australia,1909,3.391701,,,,,,4.048866,,,,.8376915,Mitchell,,
AUS,Australia,1929,5.186642,,,,,,6.191589,,,,.8376915,Mitchell,,
AUS,Australia,1927,5.038746,,,,,,6.015038,,,,.8376915,Mitchell,,
AUS,Australia,1954,16.30213,,,,,,19.46078,,,,.8376915,Mitchell,,
AUS,Australia,1995,16.43848,,,,,,19.62355,,,,.8376915,Mitchell,,
AUS,Australia,2008,21.95324,,,,,23.117201,26.0344,,,,.8432398,Mitchell,,
AUS,Australia,1923,5.214768,,,,,,6.225165,,,,.8376915,Mitchell,,
AUS,Australia,1985,22.45091,,,,,21.283321,26.80093,,,,.8376915,Mitchell,,
AUS,Australia,2006,19.83839,,,,,23.579931,23.52639,,,,.8432398,Mitchell,,
AUS,Australia,1922,5.592716,,,,,,6.676342,,,,.8376915,Mitchell,,
AUS,Australia,1953,17.15215,,,,,,20.4755,,,,.8376915,Mitchell,,
AUS,Australia,2021,21.96433,,,,,21.964327,,,,,1,IMF_GFS,,
AUS,Australia,1934,5.782295,,,,,,6.902655,,,,.8376915,Mitchell,,
AUS,Australia,1992,16.82265,,,,,20.19449,20.08216,,,,.8376915,Mitchell,,
AUS,Australia,1986,22.61418,,,,,21.747381,26.99583,,,,.8376915,Mitchell,,
AUS,Australia,2009,20.86695,,,,,21.963409,24.74616,,,,.8432398,Mitchell,,
AUS,Australia,2016,21.7428,,,,,21.742796,,,,,1,IMF_GFS,,
AUS,Australia,1955,16.39967,,,,,,19.57722,,,,.8376915,Mitchell,,
AUS,Australia,1981,22.37833,,,,,19.94331,26.71428,,,,.8376915,Mitchell,,
AUS,Australia,1942,13.82174,,,,,,16.4998,,,,.8376915,Mitchell,,
AUS,Australia,1938,5.322973,,,,,,6.354335,,,,.8376915,Mitchell,,
AUS,Australia,1989,19.95064,,,,,21.427323,23.81621,,,,.8376915,Mitchell,,
AUS,Australia,1971,19.03822,,,,,,22.727,,,,.8376915,Mitchell,,
AUS,Australia,1946,19.75068,,,,,,23.57751,,,,.8376915,Mitchell,,
AUS,Australia,1960,16.35324,,,,,,19.5218,,,,.8376915,Mitchell,,
AUS,Australia,2019,22.88382,,,,,22.88382,,,,,1,IMF_GFS,,
AUS,Australia,1916,3.596282,,,,,,4.293086,,,,.8376915,Mitchell,,
AUS,Australia,2011,19.64082,,,,,19.640822,,,,,1,IMF_GFS,,
AUS,Australia,1999,17.87885,,,,,21.845705,,,,,.8184148,IMF_GFS,1,3
AUS,Australia,1908,3.375772,,,,,,4.029851,,,,.8376915,Mitchell,,
AUS,Australia,1919,5.106627,,,,,,6.09607,,,,.8376915,Mitchell,,
AUS,Australia,1963,15.68231,,,,,,18.72087,,,,.8376915,Mitchell,,
AUS,Australia,1952,19.08927,,,,,,22.78794,,,,.8376915,Mitchell,,
AUS,Australia,1970,18.89274,,,,,,22.55333,,,,.8376915,Mitchell,,
AUS,Australia,1939,6.447324,,,,,,7.696537,,,,.8376915,Mitchell,,
AUS,Australia,2002,18.59543,,,,,22.780043,22.05236,,,,.8432398,Mitchell,,
AUS,Australia,1950,22.11282,,,,,,26.39733,,,,.8376915,Mitchell,,
AUS,Australia,1913,3.19618,,,,,,3.815461,,,,.8376915,Mitchell,,
AUS,Australia,1949,18.0557,,,,,,21.55412,,,,.8376915,Mitchell,,
AUS,Australia,2004,19.69324,,,,,23.444153,23.35426,,,,.8432398,Mitchell,,
AUS,Australia,2012,20.89788,,,,,20.897883,,,,,1,IMF_GFS,,
AUS,Australia,1911,3.57611,,,,,,4.269006,,,,.8376915,Mitchell,,
AUS,Australia,2001,19.56637,,,,,24.093472,23.2038,,,,.8432398,Mitchell,,
AUS,Australia,1936,5.492362,,,,,,6.556544,,,,.8376915,Mitchell,,
AUS,Australia,1915,4.238439,,,,,,5.059666,,,,.8376915,Mitchell,,
AUS,Australia,1990,18.84595,,,,,21.879474,22.49749,,,,.8376915,Mitchell,,
AUS,Australia,1945,19.27693,,,,,,23.01196,,,,.8376915,Mitchell,,
AUS,Australia,1940,8.12307,,,,,,9.69697,,,,.8376915,Mitchell,,
AUS,Australia,1901,3.923923,,,,,,4.68421,,,,.8376915,Mitchell,,
AUT,Austria,1946,,,,,,,,,,,1,Mitchell,,
AUT,Austria,1996,29.2,,,,29.2,25.92725,,,,,1,EUS,,
AUT,Austria,1995,27.7,,,,27.7,24.592864,,,,,1,EUS,,
AUT,Austria,2015,29.7,,,,29.7,27.043233,,,,,1,EUS,,
AUT,Austria,2021,28.4,,,,28.4,26.078414,,,,,1,EUS,,
AUT,Austria,2000,29.4,,,,29.4,26.210226,,,,,1,EUS,,
AUT,Austria,1935,10.63457,,,,,,10.63457,,,,1,Mitchell,,
AUT,Austria,1976,21.46207,,,,,,21.46207,,,,1,Mitchell,,
AUT,Austria,1922,,,,,,,,,,,1,Mitchell,,
AUT,Austria,1980,22.20101,,,,,,22.20101,,,,1,Mitchell,,
AUT,Austria,2014,29.3,,,,29.3,26.597562,,,,,1,EUS,,
AUT,Austria,1959,16.9863,,,,,,16.9863,,,,1,Mitchell,,
AUT,Austria,1942,,,,,,,,,,,1,Mitchell,,
AUT,Austria,1972,20.58333,,,,,,20.58333,,,,1,Mitchell,,
AUT,Austria,1913,.0013123,,,,,,.0013123,,,,1,Mitchell,,
AUT,Austria,2012,28.6,,,,28.6,26.01353,,,,,1,EUS,,
AUT,Austria,1961,17.79005,,,,,,17.79005,,,,1,Mitchell,,
AUT,Austria,2010,27.9,,,,27.9,25.336675,,,,,1,EUS,,
AUT,Austria,2009,27.9,,,,27.9,25.241305,,,,,1,EUS,,
AUT,Austria,1943,,,,,,,,,,,1,Mitchell,,
AUT,Austria,1917,,,,,,,,,,,1,Mitchell,,
AUT,Austria,1925,7.745384,,,,,,7.745384,,,,1,Mitchell,,
AUT,Austria,1956,,,,,,,,,,,1,Mitchell,,
AUT,Austria,1963,18.50241,,,,,,18.50241,,,,1,Mitchell,,
AUT,Austria,1988,22.10728,,,,,,22.10728,,,,1,Mitchell,,
AUT,Austria,1949,14.47952,,,,,,14.47952,,,,1,Mitchell,,
AUT,Austria,1955,15.60748,,,,,,15.60748,,,,1,Mitchell,,
AUT,Austria,1979,22.19804,,,,,,22.19804,,,,1,Mitchell,,
AUT,Austria,1937,10.29532,,,,,,10.29532,,,,1,Mitchell,,
AUT,Austria,1944,,,,,,,,,,,1,Mitchell,,
AUT,Austria,1965,19.22764,,,,,,19.22764,,,,1,Mitchell,,
AUT,Austria,1993,22.20019,,,,,,22.20019,,,,1,Mitchell,1,1
AUT,Austria,1948,11.97819,,,,,,11.97819,,,,1,Mitchell,,
AUT,Austria,1921,,,,,,,,,,,1,Mitchell,,
AUT,Austria,1968,19.12052,,,,,,19.12052,,,,1,Mitchell,,
AUT,Austria,2023,27.9,,,,27.9,25.605614,,,,,1,EUS,,
AUT,Austria,1920,,,,,,,,,,,1,Mitchell,,
AUT,Austria,1992,22.82502,,,,,,22.82502,,,,1,Mitchell,,
AUT,Austria,1916,,,,,,,,,,,1,Mitchell,,
AUT,Austria,1981,23.0303,,,,,,23.0303,,,,1,Mitchell,,
AUT,Austria,2001,31.2,,,,31.2,27.958191,,,,,1,EUS,,
AUT,Austria,1999,29.8,,,,29.8,26.605215,,,,,1,EUS,,
AUT,Austria,1952,12.75,,,,,,12.75,,,,1,Mitchell,,
AUT,Austria,1931,9.855212,,,,,,9.855212,,,,1,Mitchell,,
AUT,Austria,1928,8.219178,,,,,,8.219178,,,,1,Mitchell,,
AUT,Austria,1987,22.3025,,,,,,22.3025,,,,1,Mitchell,,
AUT,Austria,1914,,,,,,,,,,,1,Mitchell,,
AUT,Austria,1969,19.58209,,,,,,19.58209,,,,1,Mitchell,,
AUT,Austria,2006,27.8,,,,27.8,25.016477,,,,,1,EUS,,
AUT,Austria,1923,,,,,,,,,,,1,Mitchell,,
AUT,Austria,1982,22.03704,,,,,,22.03704,,,,1,Mitchell,,
AUT,Austria,1915,,,,,,,,,,,1,Mitchell,,
AUT,Austria,1983,21.97336,,,,,,21.97336,,,,1,Mitchell,,
AUT,Austria,1998,30.1,,,,30.1,26.876299,,,,,1,EUS,,
AUT,Austria,1929,8.519438,,,,,,8.519438,,,,1,Mitchell,,
AUT,Austria,2018,28.1,,,,28.1,25.585465,,,,,1,EUS,,
AUT,Austria,1954,16.88034,,,,,,16.88034,,,,1,Mitchell,,
AUT,Austria,1978,22.48219,,,,,,22.48219,,,,1,Mitchell,,
AUT,Austria,1939,,,,,,,,,,,1,Mitchell,,
AUT,Austria,1974,21.9063,,,,,,21.9063,,,,1,Mitchell,,
AUT,Austria,1919,,,,,,,,,,,1,Mitchell,,
AUT,Austria,1964,18.98679,,,,,,18.98679,,,,1,Mitchell,,
AUT,Austria,1975,21.75305,,,,,,21.75305,,,,1,Mitchell,,
AUT,Austria,1989,21.25523,,,,,,21.25523,,,,1,Mitchell,,
AUT,Austria,1932,9.790576,,,,,,9.790576,,,,1,Mitchell,,
AUT,Austria,1958,17.08029,,,,,,17.08029,,,,1,Mitchell,,
AUT,Austria,2024,28.1,,,,28.1,,,,,,1,EUS,,
AUT,Austria,1947,,,,,,,,,,,1,Mitchell,,
AUT,Austria,1951,16.35311,,,,,,16.35311,,,,1,Mitchell,,
AUT,Austria,1957,16.89394,,,,,,16.89394,,,,1,Mitchell,,
AUT,Austria,1966,19.51673,,,,,,19.51673,,,,1,Mitchell,,
AUT,Austria,1960,16.80982,,,,,,16.80982,,,,1,Mitchell,,
AUT,Austria,1990,21.66574,,,,,,21.66574,,,,1,Mitchell,,
AUT,Austria,1941,,,,,,,,,,,1,Mitchell,,
AUT,Austria,1927,8.055805,,,,,,8.055805,,,,1,Mitchell,,
AUT,Austria,1962,18.48958,,,,,,18.48958,,,,1,Mitchell,,
AUT,Austria,1970,19.70745,,,,,,19.70745,,,,1,Mitchell,,
AUT,Austria,1918,,,,,,,,,,,1,Mitchell,,
AUT,Austria,2022,28.4,,,,28.4,26.249114,,,,,1,EUS,,
AUT,Austria,1930,8.987889,,,,,,8.987889,,,,1,Mitchell,,
AUT,Austria,1994,,,,,,,,,,,1,EUS,,
AUT,Austria,2020,27.1,,,,27.1,24.629046,,,,,1,EUS,,
AUT,Austria,2017,28.2,,,,28.2,25.617527,,,,,1,EUS,,
AUT,Austria,1971,20.14286,,,,,,20.14286,,,,1,Mitchell,,
AUT,Austria,1997,30,,,,30,26.791374,,,,,1,EUS,,
AUT,Austria,1934,10.22272,,,,,,10.22272,,,,1,Mitchell,,
AUT,Austria,2005,28.3,,,,28.3,25.47532,,,,,1,EUS,,
AUT,Austria,2003,29.8,,,,29.8,26.660637,,,,,1,EUS,,
AUT,Austria,1991,22.16805,,,,,,22.16805,,,,1,Mitchell,,
AUT,Austria,2019,28.2,,,,28.2,25.716052,,,,,1,EUS,,
AUT,Austria,2016,28.3,,,,28.3,25.681772,,,,,1,EUS,,
AUT,Austria,1926,8.346304,,,,,,8.346304,,,,1,Mitchell,,
AUT,Austria,1967,19.23077,,,,,,19.23077,,,,1,Mitchell,,
AUT,Austria,1977,21.25628,,,,,,21.25628,,,,1,Mitchell,,
AUT,Austria,1985,23.17507,,,,,,23.17507,,,,1,Mitchell,,
AUT,Austria,1933,9.62306,,,,,,9.62306,,,,1,Mitchell,,
AUT,Austria,1938,,,,,,,,,,,1,Mitchell,,
AUT,Austria,2002,30.2,,,,30.2,26.978525,,,,,1,EUS,,
AUT,Austria,2013,29.3,,,,29.3,26.54946,,,,,1,EUS,,
AUT,Austria,2007,28.1,,,,28.1,25.435495,,,,,1,EUS,,
AUT,Austria,1945,,,,,,,,,,,1,Mitchell,,
AUT,Austria,1984,22.77212,,,,,,22.77212,,,,1,Mitchell,,
AUT,Austria,2004,29.4,,,,29.4,26.278468,,,,,1,EUS,,
AUT,Austria,1924,8.099352,,,,,,8.099352,,,,1,Mitchell,,
AUT,Austria,1986,23.05204,,,,,,23.05204,,,,1,Mitchell,,
AUT,Austria,1936,10.33262,,,,,,10.33262,,,,1,Mitchell,,
AUT,Austria,1973,20.42357,,,,,,20.42357,,,,1,Mitchell,,
AUT,Austria,2011,28,,,,28,25.484425,,,,,1,EUS,,
AUT,Austria,2008,28.7,,,,28.7,26.076969,,,,,1,EUS,,
AUT,Austria,1950,15.41426,,,,,,15.41426,,,,1,Mitchell,,
AUT,Austria,1953,17.81818,,,,,,17.81818,,,,1,Mitchell,,
AUT,Austria,1940,,,,,,,,,,,1,Mitchell,,
AZE,Azerbaijan,2021,13.42132,,,,,13.42132,,,,,1,IMF_GFS,,
AZE,Azerbaijan,2016,14.55552,,,,,14.555517,,,,,1,IMF_GFS,,
AZE,Azerbaijan,2019,14.21885,,,,,14.218853,,,,,1,IMF_GFS,,
AZE,Azerbaijan,2011,12.22476,,,,,12.224761,,,,,1,IMF_GFS,,
AZE,Azerbaijan,2023,17.80383,,,,,17.803832,,,,,1,IMF_GFS,,
AZE,Azerbaijan,2010,12.15778,,,,,12.157777,,,,,1,IMF_GFS,,
AZE,Azerbaijan,2015,15.60316,,,,,15.603163,,,,,1,IMF_GFS,,
AZE,Azerbaijan,2012,12.77864,,,,,12.778639,,,,,1,IMF_GFS,,
AZE,Azerbaijan,2014,14.21254,,,,,14.212536,,,,,1,IMF_GFS,,
AZE,Azerbaijan,2013,13.38833,,,,,13.388333,,,,,1,IMF_GFS,,
AZE,Azerbaijan,2009,14.10671,,,,,14.106709,,,,,1,IMF_GFS,,
AZE,Azerbaijan,2020,15.18557,,,,,15.185573,,,,,1,IMF_GFS,,
AZE,Azerbaijan,2008,16.42118,,,,,16.421175,,,,,1,IMF_GFS,,
AZE,Azerbaijan,2018,12.97127,,,,,12.971272,,,,,1,IMF_GFS,,
AZE,Azerbaijan,2017,13.16405,,,,,13.164046,,,,,1,IMF_GFS,,
AZE,Azerbaijan,2022,15.44769,,,,,15.44769,,,,,1,IMF_GFS,,
BDI,Burundi,1999,,,,,,,,,,,1,AFRISTAT,,
BDI,Burundi,1988,,,,,,,,,,,1,AFRISTAT,,
BDI,Burundi,1980,12.58388,,,,,12.583877,,,,,1,IMF_GFS,,
BDI,Burundi,2010,14.51792,14.51792,,,,,,,,,1,AFRISTAT,,
BDI,Burundi,1993,,,,,,,,,,,1,AFRISTAT,,
BDI,Burundi,1995,,,,,,,,,,,1,AFRISTAT,,
BDI,Burundi,1997,,,,,,,,,,,1,AFRISTAT,,
BDI,Burundi,1989,,,,,,,,,,,1,AFRISTAT,,
BDI,Burundi,2001,,,,,,,,,,,1,AFRISTAT,,
BDI,Burundi,2003,14.11447,14.11447,,,,,,,,,1,AFRISTAT,,
BDI,Burundi,2011,15.64094,15.64094,,,,,,,,,1,AFRISTAT,,
BDI,Burundi,2020,13.47865,13.47865,,,,,,,,,1,AFRISTAT,,
BDI,Burundi,1981,11.37353,,,,,11.37353,,,,,1,IMF_GFS,1,1
BDI,Burundi,2002,13.96708,13.96708,,,,,,,,,1,AFRISTAT,,
BDI,Burundi,2016,12.05803,12.05803,,,,,,,,,1,AFRISTAT,,
BDI,Burundi,1984,,,,,,,,,,,1,AFRISTAT,,
BDI,Burundi,1986,,,,,,,,,,,1,AFRISTAT,,
BDI,Burundi,2012,14.65169,14.65169,,,,,,,,,1,AFRISTAT,,
BDI,Burundi,2014,13.67242,13.67242,,,,,,,,,1,AFRISTAT,,
BDI,Burundi,1978,17.04803,,,,,17.048033,,,,,1,IMF_GFS,,
BDI,Burundi,2015,12.30683,12.30683,,,,,,,,,1,AFRISTAT,,
BDI,Burundi,1990,,,,,,,,,,,1,AFRISTAT,,
BDI,Burundi,1979,16.05601,,,,,16.056005,,,,,1,IMF_GFS,,
BDI,Burundi,1985,,,,,,,,,,,1,AFRISTAT,,
BDI,Burundi,1977,14.24286,,,,,14.242857,,,,,1,IMF_GFS,,
BDI,Burundi,2022,12.80902,12.80902,,,,,,,,,1,AFRISTAT,,
BDI,Burundi,1996,,,,,,,,,,,1,AFRISTAT,,
BDI,Burundi,1974,10.07309,,,,,10.073087,,,,,1,IMF_GFS,,
BDI,Burundi,2021,13.42638,13.42638,,,,,,,,,1,AFRISTAT,,
BDI,Burundi,2005,13.15959,13.15959,,,,,,,,,1,AFRISTAT,,
BDI,Burundi,2008,12.40621,12.40621,,,,,,,,,1,AFRISTAT,,
BDI,Burundi,2019,14.37168,14.37168,,,,,,,,,1,AFRISTAT,,
BDI,Burundi,1976,11.32156,,,,,11.321562,,,,,1,IMF_GFS,,
BDI,Burundi,2006,12.4895,12.4895,,,,,,,,,1,AFRISTAT,,
BDI,Burundi,1973,10.03812,,,,,10.038118,,,,,1,IMF_GFS,,
BDI,Burundi,1992,,,,,,,,,,,1,AFRISTAT,,
BDI,Burundi,2007,12.65649,12.65649,,,,,,,,,1,AFRISTAT,,
BDI,Burundi,1994,,,,,,,,,,,1,AFRISTAT,,
BDI,Burundi,1975,8.708928,,,,,8.7089285,,,,,1,IMF_GFS,,
BDI,Burundi,2018,13.03442,13.03442,,,,,,,,,1,AFRISTAT,,
BDI,Burundi,1982,,,,,,,,,,,1,AFRISTAT,,
BDI,Burundi,2017,12.26036,12.26036,,,,,,,,,1,AFRISTAT,,
BDI,Burundi,2009,13.23153,13.23153,,,,,,,,,1,AFRISTAT,,
BDI,Burundi,2000,,,,,,,,,,,1,AFRISTAT,,
BDI,Burundi,1983,,,,,,,,,,,1,AFRISTAT,,
BDI,Burundi,1998,,,,,,,,,,,1,AFRISTAT,,
BDI,Burundi,2013,13.75738,13.75738,,,,,,,,,1,AFRISTAT,,
BDI,Burundi,2023,12.65217,12.65217,,,,,,,,,1,AFRISTAT,,
BDI,Burundi,2004,13.26894,13.26894,,,,,,,,,1,AFRISTAT,,
BDI,Burundi,1991,,,,,,,,,,,1,AFRISTAT,,
BDI,Burundi,1987,,,,,,,,,,,1,AFRISTAT,,
BEL,Belgium,2005,25.9,,,,25.9,24.730822,,,,,1,EUS,,
BEL,Belgium,2023,22.4,,,,22.4,,,,,,1,EUS,,
BEL,Belgium,2022,22.7,,,,22.7,22.449041,,,,,1,EUS,,
BEL,Belgium,2019,22.4,,,,22.4,21.817058,,,,,1,EUS,,
BEL,Belgium,2018,23.9,,,,23.9,23.253074,,,,,1,EUS,,
BEL,Belgium,1939,9.873846,,,,,,9.873846,,,,1,Mitchell,,
BEL,Belgium,2011,25.3,,,,25.3,24.198496,,,,,1,EUS,,
BEL,Belgium,2009,24.2,,,,24.2,23.028634,,,,,1,EUS,,
BEL,Belgium,2002,26.2,,,,26.2,25.029405,,,,,1,EUS,,
BEL,Belgium,2000,27.9,,,,27.9,26.643914,,,,,1,EUS,,
BEL,Belgium,1980,19.30455,,,,,,19.30455,,,,1,Mitchell,,
BEL,Belgium,1976,16.45283,,,,,,16.45283,,,,1,Mitchell,,
BEL,Belgium,1949,11.29914,,,,,,11.29914,,,,1,Mitchell,,
BEL,Belgium,1947,10.49358,,,,,,10.49358,,,,1,Mitchell,,
BEL,Belgium,1937,8.949464,,,,,,8.949464,,,,1,Mitchell,,
BEL,Belgium,1932,,,,,,,,,,,1,Mitchell,,
BEL,Belgium,1930,7.821053,,,,,,7.821053,,,,1,Mitchell,,
BEL,Belgium,1929,,,,,,,,,,,1,Mitchell,,
BEL,Belgium,1998,27.8,,,,27.8,26.501694,,,,,1,EUS,,
BEL,Belgium,2024,22.9,,,,22.9,,,,,,1,EUS,,
BEL,Belgium,2003,25.6,,,,25.6,24.388996,,,,,1,EUS,,
BEL,Belgium,1940,,,,,,,,,,,1,Mitchell,,
BEL,Belgium,1941,16.22174,,,,,,16.22174,,,,1,Mitchell,,
BEL,Belgium,1954,10.18692,,,,,,10.18692,,,,1,Mitchell,,
BEL,Belgium,1942,,,,,,,,,,,1,Mitchell,,
BEL,Belgium,1969,13.17241,,,,,,13.17241,,,,1,Mitchell,,
BEL,Belgium,1965,11.50766,,,,,,11.50766,,,,1,Mitchell,,
BEL,Belgium,1986,19.5034,,,,,,19.5034,,,,1,Mitchell,,
BEL,Belgium,1960,11.13835,,,,,,11.13835,,,,1,Mitchell,,
BEL,Belgium,1926,,,,,,,,,,,1,Mitchell,,
BEL,Belgium,1948,14.52056,,,,,,14.52056,,,,1,Mitchell,,
BEL,Belgium,1944,,,,,,,,,,,1,Mitchell,,
BEL,Belgium,1931,,,,,,,,,,,1,Mitchell,,
BEL,Belgium,1996,27,,,,27,25.632747,,,,,1,EUS,,
BEL,Belgium,1970,13.69969,,,,,,13.69969,,,,1,Mitchell,,
BEL,Belgium,2010,25,,,,25,23.73261,,,,,1,EUS,,
BEL,Belgium,2014,26.5,,,,26.5,25.403842,,,,,1,EUS,,
BEL,Belgium,1950,10,,,,,,10,,,,1,Mitchell,,
BEL,Belgium,1974,14.8407,,,,,,14.8407,,,,1,Mitchell,,
BEL,Belgium,1968,12.84895,,,,,,12.84895,,,,1,Mitchell,,
BEL,Belgium,1977,17.39769,,,,,,17.39769,,,,1,Mitchell,,
BEL,Belgium,1994,,,,,,,,,,,1,EUS,,
BEL,Belgium,1961,11.10561,,,,,,11.10561,,,,1,Mitchell,,
BEL,Belgium,1966,12.24535,,,,,,12.24535,,,,1,Mitchell,,
BEL,Belgium,2020,21.6,,,,21.6,21.207519,,,,,1,EUS,,
BEL,Belgium,1934,11.23077,,,,,,11.23077,,,,1,Mitchell,,
BEL,Belgium,1982,19.5005,,,,,,19.5005,,,,1,Mitchell,,
BEL,Belgium,1935,10.65483,,,,,,10.65483,,,,1,Mitchell,,
BEL,Belgium,1975,16.95615,,,,,,16.95615,,,,1,Mitchell,,
BEL,Belgium,1991,12.99125,,,,,,12.99125,,,,1,Mitchell,,
BEL,Belgium,1981,18.49217,,,,,,18.49217,,,,1,Mitchell,,
BEL,Belgium,1959,10.87523,,,,,,10.87523,,,,1,Mitchell,,
BEL,Belgium,1990,13.45375,,,,,,13.45375,,,,1,Mitchell,,
BEL,Belgium,1928,,,,,,,,,,,1,Mitchell,,
BEL,Belgium,1987,19.14812,,,,,,19.14812,,,,1,Mitchell,,
BEL,Belgium,1983,19.67773,,,,,,19.67773,,,,1,Mitchell,,
BEL,Belgium,2017,23.4,,,,23.4,22.720773,,,,,1,EUS,,
BEL,Belgium,1989,13.6439,,,,,,13.6439,,,,1,Mitchell,,
BEL,Belgium,1978,19.09061,,,,,,19.09061,,,,1,Mitchell,,
BEL,Belgium,1962,11.54321,,,,,,11.54321,,,,1,Mitchell,,
BEL,Belgium,1971,13.98725,,,,,,13.98725,,,,1,Mitchell,,
BEL,Belgium,1955,10.50328,,,,,,10.50328,,,,1,Mitchell,,
BEL,Belgium,2007,25.3,,,,25.3,24.082021,,,,,1,EUS,,
BEL,Belgium,2015,24.8,,,,24.8,23.632956,,,,,1,EUS,,
BEL,Belgium,1967,12.70961,,,,,,12.70961,,,,1,Mitchell,,
BEL,Belgium,2021,23,,,,23,22.534814,,,,,1,EUS,,
BEL,Belgium,1951,11.47059,,,,,,11.47059,,,,1,Mitchell,,
BEL,Belgium,1945,,,,,,,,,,,1,Mitchell,,
BEL,Belgium,2006,25.7,,,,25.7,24.549086,,,,,1,EUS,,
BEL,Belgium,2016,22.8,,,,22.8,22.106839,,,,,1,EUS,,
BEL,Belgium,1956,,,,,,,,,,,1,Mitchell,,
BEL,Belgium,1952,10.55944,,,,,,10.55944,,,,1,Mitchell,,
BEL,Belgium,1925,,,,,,,,,,,1,Mitchell,,
BEL,Belgium,1957,10.85106,,,,,,10.85106,,,,1,Mitchell,,
BEL,Belgium,1988,18.40403,,,,,,18.40403,,,,1,Mitchell,,
BEL,Belgium,2013,26.5,,,,26.5,25.437589,,,,,1,EUS,,
BEL,Belgium,1936,9.792643,,,,,,9.792643,,,,1,Mitchell,,
BEL,Belgium,1924,7.252396,,,,,,7.252396,,,,1,Mitchell,,
BEL,Belgium,1927,9.211618,,,,,,9.211618,,,,1,Mitchell,,
BEL,Belgium,1979,19.61362,,,,,,19.61362,,,,1,Mitchell,,
BEL,Belgium,1993,12.5326,,,,,,12.5326,,,,1,Mitchell,1,1
BEL,Belgium,2001,27.3,,,,27.3,26.144097,,,,,1,EUS,,
BEL,Belgium,1946,11.63299,,,,,,11.63299,,,,1,Mitchell,,
BEL,Belgium,1985,20.33291,,,,,,20.33291,,,,1,Mitchell,,
BEL,Belgium,1933,,,,,,,,,,,1,Mitchell,,
BEL,Belgium,1938,9.498466,,,,,,9.498466,,,,1,Mitchell,,
BEL,Belgium,1972,14.19355,,,,,,14.19355,,,,1,Mitchell,,
BEL,Belgium,1973,14.46429,,,,,,14.46429,,,,1,Mitchell,,
BEL,Belgium,1958,10.55662,,,,,,10.55662,,,,1,Mitchell,,
BEL,Belgium,1953,10.57737,,,,,,10.57737,,,,1,Mitchell,,
BEL,Belgium,1999,27.6,,,,27.6,26.370581,,,,,1,EUS,,
BEL,Belgium,1963,11.2931,,,,,,11.2931,,,,1,Mitchell,,
BEL,Belgium,2008,25.7,,,,25.7,24.524538,,,,,1,EUS,,
BEL,Belgium,1984,20.1217,,,,,,20.1217,,,,1,Mitchell,,
BEL,Belgium,1964,11.40103,,,,,,11.40103,,,,1,Mitchell,,
BEL,Belgium,1992,12.65841,,,,,,12.65841,,,,1,Mitchell,,
BEL,Belgium,2012,26.2,,,,26.2,25.08948,,,,,1,EUS,,
BEL,Belgium,2004,26,,,,26,24.769524,,,,,1,EUS,,
BEL,Belgium,1943,17.79091,,,,,,17.79091,,,,1,Mitchell,,
BEL,Belgium,1997,27.3,,,,27.3,25.925676,,,,,1,EUS,,
BEL,Belgium,1995,26.6,,,,26.6,25.249015,,,,,1,EUS,,
BEN,Benin,2012,10.51634,10.51634,,10.51634,,,,,,,1,BCEAO,,
BEN,Benin,1981,11.67672,,,11.67672,,,,,,,1,BCEAO,,
BEN,Benin,1983,12.61417,,,12.61417,,,,,,,1,BCEAO,,
BEN,Benin,2023,12.88574,,,12.88574,,,,,,,1,BCEAO,,
BEN,Benin,1978,7.464491,,,7.464491,,9.1995166,,,,,1,BCEAO,,
BEN,Benin,1986,11.23151,,,11.23151,,,,,,,1,BCEAO,,
BEN,Benin,2006,10.30804,10.30804,,10.30804,,,,,,,1,BCEAO,,
BEN,Benin,1985,10.2384,,,10.2384,,,,,,,1,BCEAO,,
BEN,Benin,1976,6.743738,,,6.743738,,10.099052,,,,,1,BCEAO,,
BEN,Benin,2015,10.59142,10.59141,,10.59142,,,,,,,1,BCEAO,,
BEN,Benin,2002,9.709004,9.709002,,9.709004,,,,,,,1,BCEAO,,
BEN,Benin,2007,11.42461,11.42461,,11.42461,,,,,,,1,BCEAO,,
BEN,Benin,1974,3.974122,,,3.974122,,,,,,,1,BCEAO,,
BEN,Benin,2016,9.151772,9.151733,,9.151772,,,,,,,1,BCEAO,,
BEN,Benin,1973,3.792224,,,3.792224,,,,,,,1,BCEAO,,
BEN,Benin,1970,3.082785,,,3.082785,,,,,,,1,BCEAO,,
BEN,Benin,1977,6.972477,,,6.972477,,9.5428291,,,,,1,BCEAO,,
BEN,Benin,1967,1.851152,,,1.851152,,,,,,,1,BCEAO,,
BEN,Benin,1991,6.073161,8.422738,,6.073161,,,,,,,1,BCEAO,,
BEN,Benin,1982,13.90463,,,13.90463,,,,,,,1,BCEAO,,
BEN,Benin,2004,9.53936,9.539374,,9.53936,,,,,,,1,BCEAO,,
BEN,Benin,1984,10.34562,,,10.34562,,,,,,,1,BCEAO,,
BEN,Benin,1993,7.347112,10.21628,,7.347112,,,,,,,1,BCEAO,,
BEN,Benin,1995,8.228801,11.3577,,8.228801,,,,,,,1,BCEAO,,
BEN,Benin,1968,2.364496,,,2.364496,,,,,,,1,BCEAO,,
BEN,Benin,1997,8.646789,11.99452,,8.646789,,,,,,,1,BCEAO,,
BEN,Benin,1969,2.510608,,,2.510608,,,,,,,1,BCEAO,,
BEN,Benin,1965,1.977848,,,1.977848,,,,,,,1,BCEAO,,
BEN,Benin,2000,9.364263,9.364277,,9.364263,,,,,,,1,BCEAO,,
BEN,Benin,1999,8.809989,8.809997,,8.809989,,,,,,,1,BCEAO,,
BEN,Benin,1971,3.44464,,,3.44464,,,,,,,1,BCEAO,,
BEN,Benin,2013,10.8062,10.8062,,10.8062,,,,,,,1,BCEAO,,
BEN,Benin,1987,10.61984,,,10.61984,,,,,,,1,BCEAO,,
BEN,Benin,2005,9.645234,9.645231,,9.645234,,,,,,,1,BCEAO,,
BEN,Benin,2020,10.52193,10.52192,,10.52193,,,,,,,1,BCEAO,,
BEN,Benin,2021,11.03297,11.03296,,11.03297,,,,,,,1,BCEAO,,
BEN,Benin,2008,11.73336,11.73336,,11.73336,,,,,,,1,BCEAO,,
BEN,Benin,2017,9.664692,9.664689,,9.664692,,,,,,,1,BCEAO,,
BEN,Benin,2024,13.22591,,,13.22591,,,,,,,1,BCEAO,,
BEN,Benin,1980,8.258099,,,8.258099,,,,,,,1,BCEAO,,
BEN,Benin,2011,10.61079,10.61078,,10.61079,,,,,,,1,BCEAO,,
BEN,Benin,1972,3.23646,,,3.23646,,,,,,,1,BCEAO,,
BEN,Benin,1989,7.24363,,,7.24363,,,,,,,1,BCEAO,,
BEN,Benin,1979,7.430516,,,7.430516,,8.3026086,,,,,1,BCEAO,,
BEN,Benin,1998,9.045022,12.60713,,9.045022,,,,,,,1,BCEAO,,
BEN,Benin,2018,10.2411,10.2411,,10.2411,,,,,,,1,BCEAO,,
BEN,Benin,1975,4.760363,,,4.760363,,,,,,,1,BCEAO,,
BEN,Benin,1994,7.503494,10.34647,,7.503494,,,,,,,1,BCEAO,,
BEN,Benin,1990,5.378097,7.420878,,5.378097,,,,,,,1,BCEAO,,
BEN,Benin,2014,10.69012,10.69011,,10.69012,,,,,,,1,BCEAO,,
BEN,Benin,2009,10.92792,10.92792,,10.92792,,,,,,,1,BCEAO,,
BEN,Benin,1992,6.968979,9.65653,,6.968979,,,,,,,1,BCEAO,,
BEN,Benin,2010,11.1466,11.14659,,11.1466,,,,,,,1,BCEAO,,
BEN,Benin,1988,9.715689,,,9.715689,,,,,,,1,BCEAO,,
BEN,Benin,2019,10.59391,10.59385,,10.59391,,,,,,,1,BCEAO,,
BEN,Benin,2022,12.1673,12.1673,,12.1673,,,,,,,1,BCEAO,,
BEN,Benin,1966,1.603665,,,1.603665,,,,,,,1,BCEAO,,
BEN,Benin,2003,9.903224,9.903221,,9.903224,,,,,,,1,BCEAO,,
BEN,Benin,2001,9.209982,9.209972,,9.209982,,,,,,,1,BCEAO,,
BEN,Benin,1996,8.515873,11.80625,,8.515873,,,,,,,1,BCEAO,,
BFA,Burkina Faso,1997,10.35579,11.64753,,10.35579,,,,,,,1,BCEAO,,
BFA,Burkina Faso,1977,15.31701,,,15.31701,,,,,,,1,BCEAO,,
BFA,Burkina Faso,1994,8.786901,9.883355,,8.786901,,,,,,,1,BCEAO,,
BFA,Burkina Faso,1964,10.11561,,,10.11561,,,,,,,1,BCEAO,,
BFA,Burkina Faso,2018,15.34426,15.3443,,15.34426,,,,,,,1,BCEAO,,
BFA,Burkina Faso,1995,9.528657,10.7179,,9.528657,,,,,,,1,BCEAO,,
BFA,Burkina Faso,2000,9.629251,9.62925,,9.629251,,,,,,,1,BCEAO,,
BFA,Burkina Faso,1980,12.64241,,,12.64241,,,,,,,1,BCEAO,,
BFA,Burkina Faso,2022,17.28232,17.66972,,17.28232,,17.630498,,,,,1,BCEAO,,
BFA,Burkina Faso,1973,11.07692,,,11.07692,,5.2416867,,,,,1,BCEAO,,
BFA,Burkina Faso,1991,8.00185,9.000269,,8.00185,,,,,,,1,BCEAO,,
BFA,Burkina Faso,1969,10.52632,,,10.52632,,,,,,,1,BCEAO,,
BFA,Burkina Faso,2009,11.12811,11.12811,,11.12811,,,,,,,1,BCEAO,,
BFA,Burkina Faso,2003,9.82482,9.824821,,9.82482,,,,,,,1,BCEAO,,
BFA,Burkina Faso,1984,12.00717,,,12.00717,,,,,,,1,BCEAO,,
BFA,Burkina Faso,1982,12.67527,,,12.67527,,,,,,,1,BCEAO,,
BFA,Burkina Faso,1961,8.006536,,,8.006536,,,,,,,1,BCEAO,,
BFA,Burkina Faso,2007,11.10158,11.10159,,11.10158,,,,,,,1,BCEAO,,
BFA,Burkina Faso,2005,10.39275,10.39277,,10.39275,,,,,,,1,BCEAO,,
BFA,Burkina Faso,1966,9.523809,,,9.523809,,,,,,,1,BCEAO,,
BFA,Burkina Faso,1968,9.023486,,,9.023486,,,,,,,1,BCEAO,,
BFA,Burkina Faso,1987,9.746968,,,9.746968,,,,,,,1,BCEAO,,
BFA,Burkina Faso,1990,8.0449,9.048113,,8.0449,,,,,,,1,BCEAO,,
BFA,Burkina Faso,1998,9.837951,11.06507,,9.837951,,,,,,,1,BCEAO,,
BFA,Burkina Faso,1996,10.01284,11.26095,,10.01284,,,,,,,1,BCEAO,,
BFA,Burkina Faso,1988,9.551255,,,9.551255,,,,,,,1,BCEAO,,
BFA,Burkina Faso,1971,9.738955,,,9.738955,,,,,,,1,BCEAO,,
BFA,Burkina Faso,1992,6.895586,7.754739,,6.895586,,,,,,,1,BCEAO,,
BFA,Burkina Faso,2023,17.9821,,,17.9821,,18.398584,,,,,1,BCEAO,,
BFA,Burkina Faso,2011,12.2189,12.21889,,12.2189,,,,,,,1,BCEAO,,
BFA,Burkina Faso,1975,12.5,,,12.5,,,,,,,1,BCEAO,,
BFA,Burkina Faso,1965,10.27104,,,10.27104,,,,,,,1,BCEAO,,
BFA,Burkina Faso,1974,12.13504,,,12.13504,,5.4877776,,,,,1,BCEAO,,
BFA,Burkina Faso,1970,10.28761,,,10.28761,,,,,,,1,BCEAO,,
BFA,Burkina Faso,2024,18.62468,,,18.62468,,,,,,,1,BCEAO,,
BFA,Burkina Faso,1981,12.60012,,,12.60012,,,,,,,1,BCEAO,,
BFA,Burkina Faso,1967,9.44206,,,9.44206,,,,,,,1,BCEAO,,
BFA,Burkina Faso,2017,15.11604,15.11604,,15.11604,,,,,,,1,BCEAO,,
BFA,Burkina Faso,2019,15.70078,15.16851,,15.70078,,,,,,,1,BCEAO,,
BFA,Burkina Faso,2021,15.44922,15.61677,,15.44922,,16.063807,,,,,1,BCEAO,,
BFA,Burkina Faso,2020,13.49696,13.497,,13.49696,,13.739657,,,,,1,BCEAO,,
BFA,Burkina Faso,1985,7.73639,,,7.73639,,,,,,,1,BCEAO,,
BFA,Burkina Faso,1979,12.43564,,,12.43564,,,,,,,1,BCEAO,,
BFA,Burkina Faso,2008,10.54956,10.54956,,10.54956,,,,,,,1,BCEAO,,
BFA,Burkina Faso,2002,9.586648,9.586639,,9.586648,,,,,,,1,BCEAO,,
BFA,Burkina Faso,2012,13.8903,13.89031,,13.8903,,,,,,,1,BCEAO,,
BFA,Burkina Faso,2015,13.28461,13.28461,,13.28461,,,,,,,1,BCEAO,,
BFA,Burkina Faso,2006,10.5919,10.5919,,10.5919,,,,,,,1,BCEAO,,
BFA,Burkina Faso,2014,13.66409,13.66409,,13.66409,,,,,,,1,BCEAO,,
BFA,Burkina Faso,1963,9.985097,,,9.985097,,,,,,,1,BCEAO,,
BFA,Burkina Faso,1999,10.57909,10.5791,,10.57909,,,,,,,1,BCEAO,,
BFA,Burkina Faso,2004,11.0822,11.08219,,11.0822,,,,,,,1,BCEAO,,
BFA,Burkina Faso,2010,11.30907,11.31106,,11.30907,,,,,,,1,BCEAO,,
BFA,Burkina Faso,2013,14.94848,14.94849,,14.94848,,,,,,,1,BCEAO,,
BFA,Burkina Faso,1993,7.123793,8.013342,,7.123793,,,,,,,1,BCEAO,,
BFA,Burkina Faso,2001,9.12429,9.124289,,9.12429,,,,,,,1,BCEAO,,
BFA,Burkina Faso,1986,9.12365,,,9.12365,,,,,,,1,BCEAO,,
BFA,Burkina Faso,1978,12.49438,,,12.49438,,,,,,,1,BCEAO,,
BFA,Burkina Faso,1972,9.949749,,,9.949749,,,,,,,1,BCEAO,,
BFA,Burkina Faso,1989,8.588326,,,8.588326,,,,,,,1,BCEAO,,
BFA,Burkina Faso,1976,12.97554,,,12.97554,,,,,,,1,BCEAO,,
BFA,Burkina Faso,1983,11.46982,,,11.46982,,,,,,,1,BCEAO,,
BFA,Burkina Faso,1962,7.538462,,,7.538462,,,,,,,1,BCEAO,,
BFA,Burkina Faso,2016,14.14051,14.14047,,14.14051,,,,,,,1,BCEAO,,
BGR,Bulgaria,2000,20.5,,,,20.5,20.457993,,,,,1,EUS,,
BGR,Bulgaria,2011,17.9,,,,17.9,17.882715,,,,,1,EUS,,
BGR,Bulgaria,1953,,,,,,,,,,,1,IMF_GFS,,
BGR,Bulgaria,2002,18.1,,,,18.1,18.147666,,,,,1,EUS,,
BGR,Bulgaria,1994,14.65797,,,,,14.65797,,,,,1,IMF_GFS,1,2
BGR,Bulgaria,2003,20.1,,,,20.1,20.115186,,,,,1,EUS,,
BGR,Bulgaria,2015,20.1,,,,20.1,20.077804,,,,,1,EUS,,
BGR,Bulgaria,1983,,,,,,,,,,,1,IMF_GFS,,
BGR,Bulgaria,1929,6.121428,,,,,,6.121428,,,,1,Mitchell,,
BGR,Bulgaria,1977,,,,,,,,,,,1,IMF_GFS,,
BGR,Bulgaria,1924,6.406818,,,,,,6.406818,,,,1,Mitchell,,
BGR,Bulgaria,1990,16.44703,,,,,16.447035,,,,,1,IMF_GFS,,
BGR,Bulgaria,1938,6.7,,,,,,6.7,,,,1,Mitchell,,
BGR,Bulgaria,2021,20.6,,,,20.6,20.674344,,,,,1,EUS,,
BGR,Bulgaria,1960,,,,,,,,,,,1,IMF_GFS,,
BGR,Bulgaria,1926,5.755102,,,,,,5.755102,,,,1,Mitchell,,
BGR,Bulgaria,1972,,,,,,,,,,,1,IMF_GFS,,
BGR,Bulgaria,1975,,,,,,,,,,,1,IMF_GFS,,
BGR,Bulgaria,2012,18.4,,,,18.4,18.385335,,,,,1,EUS,,
BGR,Bulgaria,2016,20.3,,,,20.3,20.33303,,,,,1,EUS,,
BGR,Bulgaria,1989,,,,,,,,,,,1,IMF_GFS,,
BGR,Bulgaria,1998,19.4,,,,19.4,19.375501,,,,,1,EUS,,
BGR,Bulgaria,2014,19.6,,,,19.6,19.566621,,,,,1,EUS,,
BGR,Bulgaria,1936,6.9875,,,,,,6.9875,,,,1,Mitchell,,
BGR,Bulgaria,2001,19.8,,,,19.8,19.780494,,,,,1,EUS,,
BGR,Bulgaria,1979,,,,,,,,,,,1,IMF_GFS,,
BGR,Bulgaria,1978,,,,,,,,,,,1,IMF_GFS,,
BGR,Bulgaria,1931,6.006667,,,,,,6.006667,,,,1,Mitchell,,
BGR,Bulgaria,1997,18.5,,,,18.5,18.522635,,,,,1,EUS,,
BGR,Bulgaria,1951,,,,,,,,,,,1,IMF_GFS,,
BGR,Bulgaria,2007,21.8,,,,21.8,21.760613,,,,,1,EUS,,
BGR,Bulgaria,2017,20.5,,,,20.5,20.523225,,,,,1,EUS,,
BGR,Bulgaria,1946,,,,,,,,,,,1,IMF_GFS,,
BGR,Bulgaria,2008,22,,,,22,21.97388,,,,,1,EUS,,
BGR,Bulgaria,1982,,,,,,,,,,,1,IMF_GFS,,
BGR,Bulgaria,1954,,,,,,,,,,,1,IMF_GFS,,
BGR,Bulgaria,1925,5.912,,,,,,5.912,,,,1,Mitchell,,
BGR,Bulgaria,1993,10.49771,,,,,10.497708,,,,,1,IMF_GFS,,
BGR,Bulgaria,1945,,,,,,,,,,,1,IMF_GFS,,
BGR,Bulgaria,1932,6.084615,,,,,,6.084615,,,,1,Mitchell,,
BGR,Bulgaria,2006,21.8,,,,21.8,21.81202,,,,,1,EUS,,
BGR,Bulgaria,1987,,,,,,,,,,,1,IMF_GFS,,
BGR,Bulgaria,1966,,,,,,,,,,,1,IMF_GFS,,
BGR,Bulgaria,1955,,,,,,,,,,,1,IMF_GFS,,
BGR,Bulgaria,1963,,,,,,,,,,,1,IMF_GFS,,
BGR,Bulgaria,2013,19.7,,,,19.7,19.686282,,,,,1,EUS,,
BGR,Bulgaria,1939,6.101695,,,,,,6.101695,,,,1,Mitchell,,
BGR,Bulgaria,1965,,,,,,,,,,,1,IMF_GFS,,
BGR,Bulgaria,2004,21,,,,21,21.029571,,,,,1,EUS,,
BGR,Bulgaria,2005,20.9,,,,20.9,20.885522,,,,,1,EUS,,
BGR,Bulgaria,1958,,,,,,,,,,,1,IMF_GFS,,
BGR,Bulgaria,2020,20.2,,,,20.2,20.278213,,,,,1,EUS,,
BGR,Bulgaria,1974,,,,,,,,,,,1,IMF_GFS,,
BGR,Bulgaria,1940,6.398461,,,,,,6.398461,,,,1,Mitchell,,
BGR,Bulgaria,1964,,,,,,,,,,,1,IMF_GFS,,
BGR,Bulgaria,1988,,,,,,,,,,,1,IMF_GFS,,
BGR,Bulgaria,1948,,,,,,,,,,,1,IMF_GFS,,
BGR,Bulgaria,2018,20,,,,20,19.912689,,,,,1,EUS,,
BGR,Bulgaria,1950,,,,,,,,,,,1,IMF_GFS,,
BGR,Bulgaria,2022,21.7,,,,21.7,21.796959,,,,,1,EUS,,
BGR,Bulgaria,1956,,,,,,,,,,,1,IMF_GFS,,
BGR,Bulgaria,1986,,,,,,,,,,,1,IMF_GFS,,
BGR,Bulgaria,1970,,,,,,,,,,,1,IMF_GFS,,
BGR,Bulgaria,1973,,,,,,,,,,,1,IMF_GFS,,
BGR,Bulgaria,2024,20.7,,,,20.7,,,,,,1,EUS,,
BGR,Bulgaria,1934,5.52,,,,,,5.52,,,,1,Mitchell,,
BGR,Bulgaria,1941,7.506742,,,,,,7.506742,,,,1,Mitchell,1,2
BGR,Bulgaria,1943,,,,,,,,,,,1,IMF_GFS,,
BGR,Bulgaria,1967,,,,,,,,,,,1,IMF_GFS,,
BGR,Bulgaria,1952,,,,,,,,,,,1,IMF_GFS,,
BGR,Bulgaria,1957,,,,,,,,,,,1,IMF_GFS,,
BGR,Bulgaria,2010,17.9,,,,17.9,17.871432,,,,,1,EUS,,
BGR,Bulgaria,2009,18.6,,,,18.6,18.586499,,,,,1,EUS,,
BGR,Bulgaria,1961,,,,,,,,,,,1,IMF_GFS,,
BGR,Bulgaria,1942,,,,,,,,,,,1,IMF_GFS,,
BGR,Bulgaria,1927,5.688679,,,,,,5.688679,,,,1,Mitchell,,
BGR,Bulgaria,1959,,,,,,,,,,,1,IMF_GFS,,
BGR,Bulgaria,1976,,,,,,,,,,,1,IMF_GFS,,
BGR,Bulgaria,1968,,,,,,,,,,,1,IMF_GFS,,
BGR,Bulgaria,1992,11.66298,,,,,11.662984,,,,,1,IMF_GFS,,
BGR,Bulgaria,1947,,,,,,,,,,,1,IMF_GFS,,
BGR,Bulgaria,1991,15.41104,,,,,15.411039,,,,,1,IMF_GFS,,
BGR,Bulgaria,1937,6.865957,,,,,,6.865957,,,,1,Mitchell,,
BGR,Bulgaria,1980,,,,,,,,,,,1,IMF_GFS,,
BGR,Bulgaria,1930,5.671429,,,,,,5.671429,,,,1,Mitchell,,
BGR,Bulgaria,1985,,,,,,,,,,,1,IMF_GFS,,
BGR,Bulgaria,1944,,,,,,,,,,,1,IMF_GFS,,
BGR,Bulgaria,1933,5.788889,,,,,,5.788889,,,,1,Mitchell,,
BGR,Bulgaria,2019,20.6,,,,20.6,20.482815,,,,,1,EUS,,
BGR,Bulgaria,2023,20.5,,,,20.5,20.641431,,,,,1,EUS,,
BGR,Bulgaria,1935,6.4,,,,,,6.4,,,,1,Mitchell,,
BGR,Bulgaria,1928,6.233929,,,,,,6.233929,,,,1,Mitchell,,
BGR,Bulgaria,1949,,,,,,,,,,,1,IMF_GFS,,
BGR,Bulgaria,1962,,,,,,,,,,,1,IMF_GFS,,
BGR,Bulgaria,1971,,,,,,,,,,,1,IMF_GFS,,
BGR,Bulgaria,1969,,,,,,,,,,,1,IMF_GFS,,
BGR,Bulgaria,1996,12.1,,,,12.1,12.068597,,,,,1,EUS,,
BGR,Bulgaria,1984,,,,,,,,,,,1,IMF_GFS,,
BGR,Bulgaria,1999,20,,,,20,20.032296,,,,,1,EUS,,
BGR,Bulgaria,1995,11.2,,,,11.2,11.156664,,,,,1,EUS,,
BGR,Bulgaria,1981,,,,,,,,,,,1,IMF_GFS,,
BHR,Bahrain,1990,4.419442,,,,,4.4194421,,,,,1,IMF_GFS,,
BHR,Bahrain,1992,4.706453,,,,,4.7064532,,,,,1,IMF_GFS,,
BHR,Bahrain,1991,4.467873,,,,,4.4678728,,,,,1,IMF_GFS,,
BHR,Bahrain,1996,4.360473,,,,,4.360473,,,,,1,IMF_GFS,,
BHR,Bahrain,1993,4.647071,,,,,4.647071,,,,,1,IMF_GFS,,
BHR,Bahrain,1995,4.134449,,,,,4.1344486,,,,,1,IMF_GFS,,
BHR,Bahrain,1994,4.49275,,,,,4.4927503,,,,,1,IMF_GFS,,
BHS,Bahamas,2001,9.85954,,,,,9.8595397,,,,,1,IMF_GFS,,
BHS,Bahamas,2000,10.67869,,,,,10.67869,,,,,1,IMF_GFS,,
BHS,Bahamas,1996,10.34159,,,,,10.341591,,,,,1,IMF_GFS,,
BHS,Bahamas,1989,7.371291,,,,,7.3712911,,,,,1,IMF_GFS,,
BHS,Bahamas,1976,7.691413,,,,,7.6914135,,,,,1,IMF_GFS,,
BHS,Bahamas,1986,7.988689,,,,,7.9886893,,,,,1,IMF_GFS,,
BHS,Bahamas,2004,9.428338,,,,,9.4283378,,,,,1,IMF_GFS,,
BHS,Bahamas,1994,10.1422,,,,,10.1422,,,,,1,IMF_GFS,,
BHS,Bahamas,2003,9.288523,,,,,9.2885224,,,,,1,IMF_GFS,,
BHS,Bahamas,1999,10.32367,,,,,10.323673,,,,,1,IMF_GFS,,
BHS,Bahamas,1991,8.27344,,,,,8.2734401,,,,,1,IMF_GFS,,
BHS,Bahamas,1978,7.592865,,,,,7.5928646,,,,,1,IMF_GFS,,
BHS,Bahamas,1987,,,,,,,,,,,1,IMF_GFS,,
BHS,Bahamas,1985,8.034225,,,,,8.0342254,,,,,1,IMF_GFS,,
BHS,Bahamas,1990,8.410657,,,,,8.4106565,,,,,1,IMF_GFS,,
BHS,Bahamas,1997,10.39524,,,,,10.395244,,,,,1,IMF_GFS,,
BHS,Bahamas,1975,7.439485,,,,,7.4394848,,,,,1,IMF_GFS,,
BHS,Bahamas,1974,7.56892,,,,,7.5689202,,,,,1,IMF_GFS,,
BHS,Bahamas,1979,8.036757,,,,,8.0367566,,,,,1,IMF_GFS,,
BHS,Bahamas,1983,7.292762,,,,,7.2927617,,,,,1,IMF_GFS,,
BHS,Bahamas,1988,8.17537,,,,,8.1753702,,,,,1,IMF_GFS,,
BHS,Bahamas,2005,10.00171,,,,,10.001711,,,,,1,IMF_GFS,,
BHS,Bahamas,1995,10.52188,,,,,10.521879,,,,,1,IMF_GFS,,
BHS,Bahamas,1977,7.419862,,,,,7.4198625,,,,,1,IMF_GFS,,
BHS,Bahamas,2002,8.999091,,,,,8.9990908,,,,,1,IMF_GFS,,
BHS,Bahamas,1984,7.522375,,,,,7.5223749,,,,,1,IMF_GFS,,
BHS,Bahamas,1998,9.972501,,,,,9.972501,,,,,1,IMF_GFS,,
BHS,Bahamas,1992,9.361654,,,,,9.3616546,,,,,1,IMF_GFS,,
BHS,Bahamas,1980,7.690344,,,,,7.6903442,,,,,1,IMF_GFS,,
BHS,Bahamas,1981,7.73891,,,,,7.7389097,,,,,1,IMF_GFS,,
BHS,Bahamas,1973,8.43223,,,,,8.4322299,,,,,1,IMF_GFS,,
BHS,Bahamas,1993,9.339478,,,,,9.3394773,,,,,1,IMF_GFS,,
BHS,Bahamas,1982,7.034598,,,,,7.0345984,,,,,1,IMF_GFS,,
BIH,Bosnia and Herzegovina,2018,20.14102,,,,,20.141018,,,,,1,IMF_GFS,,
BIH,Bosnia and Herzegovina,2017,19.98765,,,,,19.98765,,,,,1,IMF_GFS,,
BIH,Bosnia and Herzegovina,2014,19.81727,,,,,19.817271,,,,,1,IMF_GFS,,
BIH,Bosnia and Herzegovina,2013,19.77789,,,,,19.777888,,,,,1,IMF_GFS,,
BIH,Bosnia and Herzegovina,2022,19.09106,,,,,19.091061,,,,,1,IMF_GFS,,
BIH,Bosnia and Herzegovina,2012,20.50072,,,,,20.500723,,,,,1,IMF_GFS,,
BIH,Bosnia and Herzegovina,2015,19.70001,,,,,19.700011,,,,,1,IMF_GFS,,
BIH,Bosnia and Herzegovina,2006,22.39475,,,,,22.394752,,,,,1,IMF_GFS,,
BIH,Bosnia and Herzegovina,2010,19.70001,,,,,19.700014,,,,,1,IMF_GFS,,
BIH,Bosnia and Herzegovina,2011,20.31727,,,,,20.317271,,,,,1,IMF_GFS,,
BIH,Bosnia and Herzegovina,2016,19.71375,,,,,19.713745,,,,,1,IMF_GFS,,
BIH,Bosnia and Herzegovina,2020,18.75064,,,,,18.750643,,,,,1,IMF_GFS,,
BIH,Bosnia and Herzegovina,2023,19.43731,,,,,19.437305,,,,,1,IMF_GFS,,
BIH,Bosnia and Herzegovina,2021,19.09815,,,,,19.098149,,,,,1,IMF_GFS,,
BIH,Bosnia and Herzegovina,2005,20.40954,,,,,20.409539,,,,,1,IMF_GFS,,
BIH,Bosnia and Herzegovina,2007,22.03106,,,,,22.031056,,,,,1,IMF_GFS,,
BIH,Bosnia and Herzegovina,2008,20.72943,,,,,20.729425,,,,,1,IMF_GFS,,
BIH,Bosnia and Herzegovina,2019,19.8266,,,,,19.826597,,,,,1,IMF_GFS,,
BIH,Bosnia and Herzegovina,2009,18.95445,,,,,18.954451,,,,,1,IMF_GFS,,
BLR,Belarus,2011,14.50907,,,,,14.509073,,,,,1,IMF_GFS,,
BLR,Belarus,2017,13.01901,,,,,13.019006,,,,,1,IMF_GFS,,
BLR,Belarus,2002,13.7329,,,,,13.732905,,,,,1,IMF_GFS,,
BLR,Belarus,2004,17.76699,,,,,17.766993,,,,,1,IMF_GFS,,
BLR,Belarus,2014,12.69772,,,,,12.697725,,,,,1,IMF_GFS,,
BLR,Belarus,2013,13.35496,,,,,13.354963,,,,,1,IMF_GFS,,
BLR,Belarus,1994,7.149488,,,,,7.1494885,,,,,1,IMF_GFS,,
BLR,Belarus,1997,16.40593,,,,,16.405934,,,,,1,IMF_GFS,,
BLR,Belarus,2015,14.17309,,,,,14.173094,,,,,1,IMF_GFS,,
BLR,Belarus,2016,13.78824,,,,,13.788236,,,,,1,IMF_GFS,,
BLR,Belarus,2012,14.66298,,,,,14.662975,,,,,1,IMF_GFS,,
BLR,Belarus,2019,13.30151,,,,,13.301506,,,,,1,IMF_GFS,,
BLR,Belarus,2006,21.49258,,,,,21.49258,,,,,1,IMF_GFS,,
BLR,Belarus,2001,15.23344,,,,,15.233436,,,,,1,IMF_GFS,,
BLR,Belarus,2003,17.10452,,,,,17.10452,,,,,1,IMF_GFS,,
BLR,Belarus,2020,12.02292,,,,,12.022923,,,,,1,IMF_GFS,,
BLR,Belarus,2010,16.32144,,,,,16.321438,,,,,1,IMF_GFS,,
BLR,Belarus,2022,11.37249,,,,,11.372487,,,,,1,IMF_GFS,,
BLR,Belarus,2008,24.52517,,,,,24.525174,,,,,1,IMF_GFS,,
BLR,Belarus,2007,22.94607,,,,,22.946068,,,,,1,IMF_GFS,,
BLR,Belarus,2000,16.05824,,,,,16.058238,,,,,1,IMF_GFS,,
BLR,Belarus,2023,12.80848,,,,,12.808482,,,,,1,IMF_GFS,,
BLR,Belarus,1992,5.526993,,,,,5.5269931,,,,,1,IMF_GFS,,
BLR,Belarus,2021,13.10096,,,,,13.100958,,,,,1,IMF_GFS,,
BLR,Belarus,1999,16.68046,,,,,16.680462,,,,,1,IMF_GFS,,
BLR,Belarus,2009,18.62947,,,,,18.629471,,,,,1,IMF_GFS,,
BLR,Belarus,2005,19.48696,,,,,19.48696,,,,,1,IMF_GFS,,
BLR,Belarus,1996,14.21808,,,,,14.218082,,,,,1,IMF_GFS,,
BLR,Belarus,1993,6.483985,,,,,6.4839853,,,,,1,IMF_GFS,,
BLR,Belarus,1995,17.16683,,,,,17.166828,,,,,1,IMF_GFS,,
BLR,Belarus,2018,14.67257,,,,,14.672569,,,,,1,IMF_GFS,,
BLR,Belarus,1998,17.12052,,,,,17.120521,,,,,1,IMF_GFS,,
BOL,Bolivia,2006,16.81617,,,,,16.816168,,,,,1,IMF_GFS,,
BOL,Bolivia,2005,16.21516,,,,,16.215164,,,,,1,IMF_GFS,,
BOL,Bolivia,2003,12.973,,,,,12.973,,,,,1,IMF_GFS,,
BOL,Bolivia,2002,13.1841,,,,,13.184105,,,,,1,IMF_GFS,,
BOL,Bolivia,2007,16.96487,,,,,16.964866,,,,,1,IMF_GFS,,
BOL,Bolivia,2004,15.01635,,,,,15.016349,,,,,1,IMF_GFS,,
BRA,Brazil,1903,7.724138,,,,,,7.724138,,,,1,Mitchell,,
BRA,Brazil,2007,,,,,,,,,,,1,IMF_GFS,,
BRA,Brazil,1909,6.642857,,,,,,6.642857,,,,1,Mitchell,,
BRA,Brazil,1962,5.727272,,,,,,5.727272,,,,1,Mitchell,,
BRA,Brazil,1917,5.018182,,,,,,5.018182,,,,1,Mitchell,,
BRA,Brazil,2018,13.94011,,,,,13.940108,,,,,1,IMF_GFS,,
BRA,Brazil,1918,5.290909,,,,,,5.290909,,,,1,Mitchell,,
BRA,Brazil,1920,5.357143,,,,,,5.357143,,,,1,Mitchell,,
BRA,Brazil,1957,4.909688,,,,,,4.909688,,,,1,Mitchell,,
BRA,Brazil,1904,7.28125,,,,,,7.28125,,,,1,Mitchell,,
BRA,Brazil,1930,4.727273,,,,,,4.727273,,,,1,Mitchell,,
BRA,Brazil,1921,4.73,,,,,,4.73,,,,1,Mitchell,,
BRA,Brazil,1902,7.586207,,,,,,7.586207,,,,1,Mitchell,,
BRA,Brazil,1944,5.55341,,,,,,5.55341,,,,1,Mitchell,,
BRA,Brazil,1966,6.203125,,,,,,6.203125,,,,1,Mitchell,,
BRA,Brazil,1953,5.063617,,,,,,5.063617,,,,1,Mitchell,,
BRA,Brazil,1954,5.129664,,,,,,5.129664,,,,1,Mitchell,,
BRA,Brazil,2021,14.13667,,,,,14.136675,,,,,1,IMF_GFS,,
BRA,Brazil,1908,7.621621,,,,,,7.621621,,,,1,Mitchell,,
BRA,Brazil,1960,5.964285,,,,,,5.964285,,,,1,Mitchell,,
BRA,Brazil,1951,5.919814,,,,,,5.919814,,,,1,Mitchell,,
BRA,Brazil,2006,,,,,,,,,,,1,IMF_GFS,,
BRA,Brazil,1945,5.542857,,,,,,5.542857,,,,1,Mitchell,,
BRA,Brazil,1973,7.826087,,,,,,7.826087,,,,1,Mitchell,,
BRA,Brazil,1979,6.535732,,,,,,6.535732,,,,1,Mitchell,,
BRA,Brazil,1981,5.735773,,,,,,5.735773,,,,1,Mitchell,,
BRA,Brazil,1989,7.090922,,,,,,7.090922,,,,1,Mitchell,,
BRA,Brazil,1984,5.699482,,,,,,5.699482,,,,1,Mitchell,,
BRA,Brazil,1986,6.71764,,,,,,6.71764,,,,1,Mitchell,,
BRA,Brazil,1939,5.3,,,,,,5.3,,,,1,Mitchell,,
BRA,Brazil,1993,,,,,,,,,,,1,IMF_GFS,,
BRA,Brazil,1995,,,,,,,,,,,1,IMF_GFS,,
BRA,Brazil,1999,,,,,,,,,,,1,IMF_GFS,,
BRA,Brazil,2008,,,,,,,,,,,1,IMF_GFS,,
BRA,Brazil,1938,4.875556,,,,,,4.875556,,,,1,Mitchell,,
BRA,Brazil,1988,6.77974,,,,,,6.77974,,,,1,Mitchell,,
BRA,Brazil,1969,7.15679,,,,,,7.15679,,,,1,Mitchell,,
BRA,Brazil,2011,14.8513,,,,,14.851299,,,,,1,IMF_GFS,,
BRA,Brazil,1977,7.507026,,,,,,7.507026,,,,1,Mitchell,,
BRA,Brazil,1931,5.977777,,,,,,5.977777,,,,1,Mitchell,,
BRA,Brazil,1929,5.724,,,,,,5.724,,,,1,Mitchell,,
BRA,Brazil,2013,14.12531,,,,,14.125306,,,,,1,IMF_GFS,,
BRA,Brazil,1936,4.910811,,,,,,4.910811,,,,1,Mitchell,,
BRA,Brazil,1959,5.982906,,,,,,5.982906,,,,1,Mitchell,,
BRA,Brazil,1943,5.444776,,,,,,5.444776,,,,1,Mitchell,,
BRA,Brazil,1963,5.234043,,,,,,5.234043,,,,1,Mitchell,,
BRA,Brazil,1907,9.054055,,,,,,9.054055,,,,1,Mitchell,,
BRA,Brazil,2019,13.73769,,,,,13.737695,,,,,1,IMF_GFS,,
BRA,Brazil,1942,5.027586,,,,,,5.027586,,,,1,Mitchell,,
BRA,Brazil,2000,,,,,,,,,,,1,IMF_GFS,,
BRA,Brazil,1972,8.000001,,,,,,8.000001,,,,1,Mitchell,,
BRA,Brazil,1947,5.505914,,,,,,5.505914,,,,1,Mitchell,,
BRA,Brazil,1967,5.534884,,,,,,5.534884,,,,1,Mitchell,,
BRA,Brazil,1985,6.58713,,,,,,6.58713,,,,1,Mitchell,,
BRA,Brazil,2023,14.15469,,,,,14.154694,,,,,1,IMF_GFS,,
BRA,Brazil,1919,4.156627,,,,,,4.156627,,,,1,Mitchell,,
BRA,Brazil,1975,7.920398,,,,,,7.920398,,,,1,Mitchell,,
BRA,Brazil,1910,7.166667,,,,,,7.166667,,,,1,Mitchell,,
BRA,Brazil,1905,9.592592,,,,,,9.592592,,,,1,Mitchell,,
BRA,Brazil,2012,14.33241,,,,,14.332411,,,,,1,IMF_GFS,,
BRA,Brazil,1922,3.95,,,,,,3.95,,,,1,Mitchell,,
BRA,Brazil,1994,,,,,,,,,,,1,IMF_GFS,,
BRA,Brazil,1906,9.09375,,,,,,9.09375,,,,1,Mitchell,,
BRA,Brazil,1987,6.448817,,,,,,6.448817,,,,1,Mitchell,,
BRA,Brazil,1933,6.973685,,,,,,6.973685,,,,1,Mitchell,,
BRA,Brazil,1900,6.516129,,,,,,6.516129,,,,1,Mitchell,,
BRA,Brazil,1940,5.089583,,,,,,5.089583,,,,1,Mitchell,,
BRA,Brazil,1980,5.936509,,,,,,5.936509,,,,1,Mitchell,,
BRA,Brazil,1911,6.872728,,,,,,6.872728,,,,1,Mitchell,,
BRA,Brazil,1914,5.255319,,,,,,5.255319,,,,1,Mitchell,,
BRA,Brazil,1974,8.587571,,,,,,8.587571,,,,1,Mitchell,,
BRA,Brazil,1990,7.404429,,,,,,7.404429,,,,1,Mitchell,,
BRA,Brazil,2003,,,,,,,,,,,1,IMF_GFS,,
BRA,Brazil,1913,7.175438,,,,,,7.175438,,,,1,Mitchell,,
BRA,Brazil,2004,,,,,,,,,,,1,IMF_GFS,,
BRA,Brazil,1926,4.252174,,,,,,4.252174,,,,1,Mitchell,,
BRA,Brazil,1970,6.836734,,,,,,6.836734,,,,1,Mitchell,,
BRA,Brazil,1948,5.486667,,,,,,5.486667,,,,1,Mitchell,,
BRA,Brazil,1928,5.167858,,,,,,5.167858,,,,1,Mitchell,,
BRA,Brazil,2009,,,,,,,,,,,1,IMF_GFS,,
BRA,Brazil,1982,5.689109,,,,,,5.689109,,,,1,Mitchell,,
BRA,Brazil,1961,5.926829,,,,,,5.926829,,,,1,Mitchell,,
BRA,Brazil,1958,5.829904,,,,,,5.829904,,,,1,Mitchell,,
BRA,Brazil,1924,4.45,,,,,,4.45,,,,1,Mitchell,,
BRA,Brazil,1971,7.394636,,,,,,7.394636,,,,1,Mitchell,,
BRA,Brazil,2016,13.71043,,,,,13.710433,,,,,1,IMF_GFS,,
BRA,Brazil,1956,5.02008,,,,,,5.02008,,,,1,Mitchell,,
BRA,Brazil,2014,13.49007,,,,,13.490075,,,,,1,IMF_GFS,,
BRA,Brazil,1997,,,,,,,,,,,1,IMF_GFS,,
BRA,Brazil,2022,14.72585,,,,,14.725849,,,,,1,IMF_GFS,,
BRA,Brazil,1927,5.104,,,,,,5.104,,,,1,Mitchell,,
BRA,Brazil,2017,13.60523,,,,,13.605229,,,,,1,IMF_GFS,,
BRA,Brazil,1923,4.81875,,,,,,4.81875,,,,1,Mitchell,,
BRA,Brazil,1935,5.666667,,,,,,5.666667,,,,1,Mitchell,,
BRA,Brazil,1952,5.467758,,,,,,5.467758,,,,1,Mitchell,,
BRA,Brazil,1912,7.210526,,,,,,7.210526,,,,1,Mitchell,,
BRA,Brazil,1955,4.878672,,,,,,4.878672,,,,1,Mitchell,,
BRA,Brazil,1915,4.911111,,,,,,4.911111,,,,1,Mitchell,,
BRA,Brazil,1946,5.516216,,,,,,5.516216,,,,1,Mitchell,,
BRA,Brazil,2020,12.71939,,,,,12.719388,,,,,1,IMF_GFS,,
BRA,Brazil,2010,14.24958,,,,,14.249576,,,,,1,IMF_GFS,,
BRA,Brazil,2015,13.62963,,,,,13.629629,,,,,1,IMF_GFS,,
BRA,Brazil,1968,6.609836,,,,,,6.609836,,,,1,Mitchell,,
BRA,Brazil,1934,6.008,,,,,,6.008,,,,1,Mitchell,,
BRA,Brazil,1965,5.772727,,,,,,5.772727,,,,1,Mitchell,,
BRA,Brazil,1983,6.187179,,,,,,6.187179,,,,1,Mitchell,,
BRA,Brazil,2001,,,,,,,,,,,1,IMF_GFS,,
BRA,Brazil,1901,7.185185,,,,,,7.185185,,,,1,Mitchell,,
BRA,Brazil,1932,5.611111,,,,,,5.611111,,,,1,Mitchell,,
BRA,Brazil,1949,5.271739,,,,,,5.271739,,,,1,Mitchell,,
BRA,Brazil,2002,,,,,,,,,,,1,IMF_GFS,,
BRA,Brazil,1992,6.404411,,,,,,6.404411,,,,1,Mitchell,1,1
BRA,Brazil,1978,6.975462,,,,,,6.975462,,,,1,Mitchell,,
BRA,Brazil,1991,6.299624,,,,,,6.299624,,,,1,Mitchell,,
BRA,Brazil,1925,4.854545,,,,,,4.854545,,,,1,Mitchell,,
BRA,Brazil,1964,5.443223,,,,,,5.443223,,,,1,Mitchell,,
BRA,Brazil,1916,5.583333,,,,,,5.583333,,,,1,Mitchell,,
BRA,Brazil,1950,5.031986,,,,,,5.031986,,,,1,Mitchell,,
BRA,Brazil,1976,8.041743,,,,,,8.041743,,,,1,Mitchell,,
BRA,Brazil,1937,4.933333,,,,,,4.933333,,,,1,Mitchell,,
BRA,Brazil,1941,5.452941,,,,,,5.452941,,,,1,Mitchell,,
BRA,Brazil,2005,,,,,,,,,,,1,IMF_GFS,,
BRA,Brazil,1998,,,,,,,,,,,1,IMF_GFS,,
BRA,Brazil,1996,,,,,,,,,,,1,IMF_GFS,,
BRB,Barbados,1994,,,,,,,,,,,1,IMF_GFS,,
BRB,Barbados,1972,23.5247,,,,,23.524699,,,,,1,IMF_GFS,,
BRB,Barbados,1984,19.17847,,,,,19.178466,,,,,1,IMF_GFS,,
BRB,Barbados,2000,,,,,,,,,,,1,IMF_GFS,,
BRB,Barbados,1985,21.2068,,,,,21.206798,,,,,1,IMF_GFS,,
BRB,Barbados,1987,19.70455,,,,,19.704552,,,,,1,IMF_GFS,,
BRB,Barbados,1974,20.54157,,,,,20.541568,,,,,1,IMF_GFS,,
BRB,Barbados,1993,,,,,,,,,,,1,IMF_GFS,,
BRB,Barbados,1986,19.97385,,,,,19.973852,,,,,1,IMF_GFS,,
BRB,Barbados,1975,18.28911,,,,,18.289112,,,,,1,IMF_GFS,,
BRB,Barbados,1979,20.02773,,,,,20.027725,,,,,1,IMF_GFS,,
BRB,Barbados,1981,18.15424,,,,,18.154241,,,,,1,IMF_GFS,,
BRB,Barbados,1983,19.93149,,,,,19.931486,,,,,1,IMF_GFS,,
BRB,Barbados,1996,,,,,,,,,,,1,IMF_GFS,,
BRB,Barbados,1997,,,,,,,,,,,1,IMF_GFS,,
BRB,Barbados,1988,22.05268,,,,,22.052682,,,,,1,IMF_GFS,,
BRB,Barbados,1973,22.78523,,,,,22.785227,,,,,1,IMF_GFS,,
BRB,Barbados,1980,19.08676,,,,,19.086757,,,,,1,IMF_GFS,,
BRB,Barbados,2003,25.35102,,,,,25.35102,,,,,1,IMF_GFS,,
BRB,Barbados,1982,18.72912,,,,,18.729124,,,,,1,IMF_GFS,,
BRB,Barbados,1995,,,,,,,,,,,1,IMF_GFS,,
BRB,Barbados,1978,21.09625,,,,,21.096249,,,,,1,IMF_GFS,,
BRB,Barbados,2002,,,,,,,,,,,1,IMF_GFS,,
BRB,Barbados,1999,,,,,,,,,,,1,IMF_GFS,,
BRB,Barbados,1977,19.05064,,,,,19.05064,,,,,1,IMF_GFS,,
BRB,Barbados,2004,25.77607,,,,,25.776069,,,,,1,IMF_GFS,,
BRB,Barbados,1976,17.13608,,,,,17.136077,,,,,1,IMF_GFS,,
BRB,Barbados,1990,,,,,,,,,,,1,IMF_GFS,,
BRB,Barbados,1998,,,,,,,,,,,1,IMF_GFS,,
BRB,Barbados,1989,22.34441,,,,,22.34441,,,,,1,IMF_GFS,,
BRB,Barbados,1992,,,,,,,,,,,1,IMF_GFS,,
BRB,Barbados,2001,,,,,,,,,,,1,IMF_GFS,,
BRB,Barbados,1991,,,,,,,,,,,1,IMF_GFS,,
CAF,Central African Republic,2002,9.392381,9.392381,,,,,,,,,1,AFRISTAT,,
CAF,Central African Republic,1992,8.027336,8.027336,,,,,,,,,1,AFRISTAT,,
CAF,Central African Republic,2010,9.345122,8.66865,,,,9.3451225,,,,,1,IMF_GFS,,
CAF,Central African Republic,2019,7.998556,7.998556,,,,,,,,,1,AFRISTAT,,
CAF,Central African Republic,1997,,,,,,,,,,,1,AFRISTAT,,
CAF,Central African Republic,2007,7.903273,7.903273,,,,,,,,,1,AFRISTAT,1,2
CAF,Central African Republic,2000,,,,,,,,,,,1,AFRISTAT,,
CAF,Central African Republic,1998,,,,,,,,,,,1,AFRISTAT,,
CAF,Central African Republic,2005,7.357361,7.357361,,,,,,,,,1,AFRISTAT,,
CAF,Central African Republic,2020,7.713399,7.713399,,,,,,,,,1,AFRISTAT,,
CAF,Central African Republic,2004,7.183693,7.183693,,,,,,,,,1,AFRISTAT,,
CAF,Central African Republic,2001,,,,,,,,,,,1,AFRISTAT,,
CAF,Central African Republic,2003,6.838501,6.838501,,,,,,,,,1,AFRISTAT,,
CAF,Central African Republic,2018,8.28446,8.28446,,,,,,,,,1,AFRISTAT,,
CAF,Central African Republic,2014,4.018906,4.018906,,,,,,,,,1,AFRISTAT,,
CAF,Central African Republic,2009,8.826293,8.330968,,,,8.8262926,,,,,1,IMF_GFS,,
CAF,Central African Republic,1991,8.33833,8.33833,,,,,,,,,1,AFRISTAT,,
CAF,Central African Republic,2013,4.763883,4.763883,,,,,,,,,1,AFRISTAT,,
CAF,Central African Republic,2015,6.074255,6.074255,,,,,,,,,1,AFRISTAT,,
CAF,Central African Republic,2016,4.891282,4.891282,,,,,,,,,1,AFRISTAT,,
CAF,Central African Republic,1999,,,,,,,,,,,1,AFRISTAT,,
CAF,Central African Republic,1995,7.831234,7.831234,,,,,,,,,1,AFRISTAT,,
CAF,Central African Republic,2006,8.353924,8.353924,,,,,,,,,1,AFRISTAT,,
CAF,Central African Republic,2012,8.669115,8.669115,,,,,,,,,1,AFRISTAT,,
CAF,Central African Republic,2011,8.376793,7.581191,,,,8.3767927,,,,,1,IMF_GFS,1,2
CAF,Central African Republic,2022,7.240031,7.240031,,,,,,,,,1,AFRISTAT,,
CAF,Central African Republic,1996,5.896752,5.896752,,,,,,,,,1,AFRISTAT,,
CAF,Central African Republic,1993,6.627948,6.627948,,,,,,,,,1,AFRISTAT,,
CAF,Central African Republic,2017,7.030525,7.030525,,,,,,,,,1,AFRISTAT,,
CAF,Central African Republic,2021,8.384238,8.384238,,,,,,,,,1,AFRISTAT,,
CAF,Central African Republic,1990,10.47788,10.47788,,,,,,,,,1,AFRISTAT,,
CAF,Central African Republic,1994,7.744786,7.744786,,,,,,,,,1,AFRISTAT,,
CAF,Central African Republic,2008,8.842925,7.952219,,,,8.8429253,,,,,1,IMF_GFS,,
CAN,Canada,1895,,,,,,,,,,,1,Mitchell,,
CAN,Canada,1976,14.68673,,,,,,14.68673,,,,1,Mitchell,,
CAN,Canada,1924,,,,,,,,,,,1,CS1,,
CAN,Canada,1909,,,,,,,,,,,1,Mitchell,,
CAN,Canada,1952,17.16691,,,,,,16.95811,,17.16691,,1,CS1,,
CAN,Canada,1969,16.01954,,,,,,15.50354,,16.01954,,1,CS1,,
CAN,Canada,1933,7.789233,,,,,,7.703322,,7.789233,,1,CS1,,
CAN,Canada,1987,15.13588,,,,,,15.13588,,,,1,Mitchell,,
CAN,Canada,1903,,,,,,,,,,,1,Mitchell,,
CAN,Canada,1879,,,,,,,,,,,1,Mitchell,,
CAN,Canada,2010,11.73279,,,,,11.732795,,,,,1,IMF_GFS,,
CAN,Canada,1905,,,,,,,,,,,1,Mitchell,,
CAN,Canada,1962,13.80949,,,,,,13.38222,,13.80949,,1,CS1,,
CAN,Canada,1961,14.51597,,,,,,14.12351,,14.51597,,1,CS1,,
CAN,Canada,1926,6.743102,,,,,,6.665371,,6.743102,,1,CS1,,
CAN,Canada,1988,14.58073,,,,,,14.58073,,,,1,Mitchell,,
CAN,Canada,1873,,,,,,,,,,,1,Mitchell,,
CAN,Canada,1907,,,,,,,,,,,1,Mitchell,,
CAN,Canada,1938,8.270106,,,,,,8.23217,,8.270106,,1,CS1,,
CAN,Canada,1984,13.90863,,,,,,13.90863,,,,1,Mitchell,,
CAN,Canada,1955,15.11497,,,,,,14.81949,,15.11497,,1,CS1,,
CAN,Canada,1975,16.38594,,,,,,15.30355,,16.38594,,1,CS1,1,3
CAN,Canada,1912,,,,,,,,,,,1,Mitchell,,
CAN,Canada,2007,13.33442,,,,,13.334424,,,,,1,IMF_GFS,,
CAN,Canada,1945,18.56191,,,,,,14.7096,,18.56191,,1,CS1,,
CAN,Canada,1978,13.01443,,,,,,13.01443,,,,1,Mitchell,,
CAN,Canada,1940,11.58945,,,,,,11.20214,,11.58945,,1,CS1,,
CAN,Canada,1991,14.39768,,,,,14.397676,15.53716,,,,1,IMF_GFS,,
CAN,Canada,1930,5.192307,,,,,,5.13986,,5.192307,,1,CS1,,
CAN,Canada,2017,12.61202,,,,,12.612017,,,,,1,IMF_GFS,,
CAN,Canada,1919,,,,,,,,,,,1,Mitchell,,
CAN,Canada,1917,,,,,,,,,,,1,Mitchell,,
CAN,Canada,1886,,,,,,,,,,,1,Mitchell,,
CAN,Canada,1957,14.90168,,,,,,14.68517,,14.90168,,1,CS1,,
CAN,Canada,1963,13.66741,,,,,,13.22443,,13.66741,,1,CS1,,
CAN,Canada,1910,4.162769,,,,,,4.162769,,,,1,Mitchell,,
CAN,Canada,1881,,,,,,,,,,,1,Mitchell,,
CAN,Canada,2014,11.80837,,,,,11.808373,,,,,1,IMF_GFS,,
CAN,Canada,1887,,,,,,,,,,,1,Mitchell,,
CAN,Canada,1931,5.859791,,,,,,5.838483,,5.859791,,1,CS1,,
CAN,Canada,1884,,,,,,,,,,,1,Mitchell,,
CAN,Canada,1897,,,,,,,,,,,1,Mitchell,,
CAN,Canada,1968,14.6199,,,,,,14.15094,,14.6199,,1,CS1,,
CAN,Canada,1914,,,,,,,,,,,1,Mitchell,,
CAN,Canada,1882,,,,,,,,,,,1,Mitchell,,
CAN,Canada,1966,14.11173,,,,,,13.63205,,14.11173,,1,CS1,,
CAN,Canada,1868,,,,,,,,,,,1,Mitchell,,
CAN,Canada,1896,,,,,,,,,,,1,Mitchell,,
CAN,Canada,1934,7.684556,,,,,,7.533384,,7.684556,,1,CS1,,
CAN,Canada,1973,15.88702,,,,,,15.38694,,15.88702,,1,CS1,,
CAN,Canada,1965,14.48595,,,,,,13.99434,,14.48595,,1,CS1,,
CAN,Canada,1869,,,,,,,,,,,1,Mitchell,,
CAN,Canada,1959,14.38148,,,,,,14.1384,,14.38148,,1,CS1,,
CAN,Canada,2023,14.29281,,,,,14.292807,,,,,1,IMF_GFS,,
CAN,Canada,1902,,,,,,,,,,,1,Mitchell,,
CAN,Canada,1946,20.42911,,,,,,16.41565,,20.42911,,1,CS1,,
CAN,Canada,1922,,,,,,,,,,,1,CS1,,
CAN,Canada,1871,,,,,,,,,,,1,Mitchell,,
CAN,Canada,1875,,,,,,,,,,,1,Mitchell,,
CAN,Canada,1888,,,,,,,,,,,1,Mitchell,,
CAN,Canada,1890,3.668712,,,,,,3.668712,,,,1,Mitchell,,
CAN,Canada,1899,,,,,,,,,,,1,Mitchell,,
CAN,Canada,2012,11.66445,,,,,11.664453,,,,,1,IMF_GFS,,
CAN,Canada,1943,22.04831,,,,,,17.96797,,22.04831,,1,CS1,,
CAN,Canada,1878,,,,,,,,,,,1,Mitchell,,
CAN,Canada,1929,6.173644,,,,,,6.124776,,6.173644,,1,CS1,,
CAN,Canada,1920,5.863251,,,,,,5.863251,,,,1,Mitchell,1,3
CAN,Canada,1911,,,,,,,,,,,1,Mitchell,,
CAN,Canada,1950,15.06138,,,,,,14.8026,,15.06138,,1,CS1,,
CAN,Canada,1927,6.563568,,,,,,6.509621,,6.563568,,1,CS1,,
CAN,Canada,1971,15.54261,,,,,,15.18897,,15.54261,,1,CS1,,
CAN,Canada,1960,14.64845,,,,,,14.42909,,14.64845,,1,CS1,,
CAN,Canada,1998,14.66826,,,,,14.668257,,,,,1,IMF_GFS,,
CAN,Canada,1951,17.02403,,,,,,16.81146,,17.02403,,1,CS1,,
CAN,Canada,1958,13.29327,,,,,,13.08223,,13.29327,,1,CS1,,
CAN,Canada,1970,15.47529,,,,,,14.96981,,15.47529,,1,CS1,,
CAN,Canada,1947,18.19936,,,,,,16.25473,,18.19936,,1,CS1,,
CAN,Canada,1867,2.768497,,,,,,2.768497,,,,1,Mitchell,,
CAN,Canada,1967,14.32185,,,,,,13.87644,,14.32185,,1,CS1,,
CAN,Canada,1891,,,,,,,,,,,1,Mitchell,,
CAN,Canada,1949,13.82738,,,,,,13.6369,,13.82738,,1,CS1,,
CAN,Canada,1953,16.63376,,,,,,16.42664,,16.63376,,1,CS1,,
CAN,Canada,2009,12.30439,,,,,12.304386,,,,,1,IMF_GFS,,
CAN,Canada,1977,13.39006,,,,,,13.39006,,,,1,Mitchell,,
CAN,Canada,2000,14.85764,,,,,14.857636,,,,,1,IMF_GFS,,
CAN,Canada,1992,14.30886,,,,,14.30886,14.80156,,,,1,IMF_GFS,,
CAN,Canada,1872,,,,,,,,,,,1,Mitchell,,
CAN,Canada,1932,6.685894,,,,,,6.607236,,6.685894,,1,CS1,,
CAN,Canada,2013,11.62352,,,,,11.623517,,,,,1,IMF_GFS,,
CAN,Canada,1989,15.23919,,,,,,15.23919,,,,1,Mitchell,1,3
CAN,Canada,1948,15.70701,,,,,,15.22342,,15.70701,,1,CS1,,
CAN,Canada,1870,3.558952,,,,,,3.558952,,,,1,Mitchell,,
CAN,Canada,1942,20.13638,,,,,,15.6454,,20.13638,,1,CS1,,
CAN,Canada,1964,14.57239,,,,,,14.11467,,14.57239,,1,CS1,,
CAN,Canada,1997,14.56723,,,,,14.56723,,,,,1,IMF_GFS,,
CAN,Canada,2020,13.51859,,,,,13.518593,,,,,1,IMF_GFS,,
CAN,Canada,1990,14.11213,,,,,14.112129,15.26418,,,,1,IMF_GFS,,
CAN,Canada,1913,,,,,,,,,,,1,Mitchell,,
CAN,Canada,1954,15.68022,,,,,,15.44367,,15.68022,,1,CS1,,
CAN,Canada,2003,13.22888,,,,,13.228882,,,,,1,IMF_GFS,,
CAN,Canada,2004,13.34468,,,,,13.344678,,,,,1,IMF_GFS,,
CAN,Canada,1999,14.69977,,,,,14.699775,,,,,1,IMF_GFS,,
CAN,Canada,1900,3.682171,,,,,,3.682171,,,,1,Mitchell,,
CAN,Canada,1994,13.07369,,,,,13.073695,,,,,1,IMF_GFS,,
CAN,Canada,1982,14.37645,,,,,,14.37645,,,,1,Mitchell,,
CAN,Canada,1885,,,,,,,,,,,1,Mitchell,,
CAN,Canada,1877,,,,,,,,,,,1,Mitchell,,
CAN,Canada,1979,13.82373,,,,,,13.82373,,,,1,Mitchell,,
CAN,Canada,2011,11.80392,,,,,11.803921,,,,,1,IMF_GFS,,
CAN,Canada,1936,8.351316,,,,,,8.308157,,8.351316,,1,CS1,,
CAN,Canada,2005,13.29933,,,,,13.299334,,,,,1,IMF_GFS,,
CAN,Canada,1986,14.36897,,,,,,14.36897,,,,1,Mitchell,,
CAN,Canada,2001,14.18138,,,,,14.181381,,,,,1,IMF_GFS,,
CAN,Canada,1925,,,,,,,,,,,1,CS1,,
CAN,Canada,1901,,,,,,,,,,,1,Mitchell,,
CAN,Canada,1993,13.65234,,,,,13.652336,,,,,1,IMF_GFS,,
CAN,Canada,2019,12.74169,,,,,12.741689,,,,,1,IMF_GFS,,
CAN,Canada,2018,13.05767,,,,,13.057667,,,,,1,IMF_GFS,,
CAN,Canada,1916,,,,,,,,,,,1,Mitchell,,
CAN,Canada,1883,,,,,,,,,,,1,Mitchell,,
CAN,Canada,1892,,,,,,,,,,,1,Mitchell,,
CAN,Canada,1889,,,,,,,,,,,1,Mitchell,,
CAN,Canada,1893,,,,,,,,,,,1,Mitchell,,
CAN,Canada,1928,6.545455,,,,,,6.495868,,6.545455,,1,CS1,,
CAN,Canada,1939,8.325921,,,,,,8.27255,,8.325921,,1,CS1,,
CAN,Canada,1996,13.87849,,,,,13.878493,,,,,1,IMF_GFS,,
CAN,Canada,1898,,,,,,,,,,,1,Mitchell,,
CAN,Canada,1876,,,,,,,,,,,1,Mitchell,,
CAN,Canada,1981,15.58863,,,,,,15.58863,,,,1,Mitchell,,
CAN,Canada,1915,,,,,,,,,,,1,Mitchell,,
CAN,Canada,1983,14.18828,,,,,,14.18828,,,,1,Mitchell,,
CAN,Canada,1937,8.567067,,,,,,8.528907,,8.567067,,1,CS1,,
CAN,Canada,1974,17.27604,,,,,,15.88259,,17.27604,,1,CS1,,
CAN,Canada,1880,3.807189,,,,,,3.807189,,,,1,Mitchell,,
CAN,Canada,2006,13.34795,,,,,13.347953,,,,,1,IMF_GFS,,
CAN,Canada,1918,,,,,,,,,,,1,Mitchell,,
CAN,Canada,1906,,,,,,,,,,,1,Mitchell,,
CAN,Canada,1935,7.370379,,,,,,7.323878,,7.370379,,1,CS1,,
CAN,Canada,2002,13.37755,,,,,13.377549,,,,,1,IMF_GFS,,
CAN,Canada,2016,12.49655,,,,,12.49655,,,,,1,IMF_GFS,,
CAN,Canada,1995,13.28706,,,,,13.287062,,,,,1,IMF_GFS,,
CAN,Canada,2015,12.38982,,,,,12.389817,,,,,1,IMF_GFS,,
CAN,Canada,2008,12.39016,,,,,12.390158,,,,,1,IMF_GFS,,
CAN,Canada,1904,,,,,,,,,,,1,Mitchell,,
CAN,Canada,1908,,,,,,,,,,,1,Mitchell,,
CAN,Canada,1874,,,,,,,,,,,1,Mitchell,,
CAN,Canada,1972,16.0813,,,,,,15.72948,,16.0813,,1,CS1,,
CAN,Canada,2021,14.10022,,,,,14.100225,,,,,1,IMF_GFS,,
CAN,Canada,2022,13.92029,,,,,13.92029,,,,,1,IMF_GFS,,
CAN,Canada,1923,,,,,,,,,,,1,CS1,,
CAN,Canada,1921,,,,,,,,,,,1,CS1,,
CAN,Canada,1956,15.65912,,,,,,15.34935,,15.65912,,1,CS1,,
CAN,Canada,1894,,,,,,,,,,,1,Mitchell,,
CAN,Canada,1980,15.92585,,,,,,15.92585,,,,1,Mitchell,,
CAN,Canada,1985,13.30364,,,,,,13.30364,,,,1,Mitchell,,
CAN,Canada,1944,18.18872,,,,,,15.09116,,18.18872,,1,CS1,,
CAN,Canada,1941,16.43323,,,,,,14.67037,,16.43323,,1,CS1,,
CHE,Switzerland,2000,10.2,,,,10.2,10.029609,,,,,1,EUS,,
CHE,Switzerland,1917,,,,,,,,,,,1.036853,Mitchell,,
CHE,Switzerland,2008,9.8,,,,9.8,9.5922942,,,,,1,EUS,,
CHE,Switzerland,1946,10.41566,,,,,,10.04545,,,,1.036853,Mitchell,,
CHE,Switzerland,1958,7.337726,,,,,,7.076923,,,,1.036853,Mitchell,,
CHE,Switzerland,1988,8.723053,,,,,,8.413012,,,,1.036853,Mitchell,,
CHE,Switzerland,1936,4.861054,,,,,,4.688279,,,,1.036853,Mitchell,,
CHE,Switzerland,1997,8.4,,,,8.4,8.3218812,,,,,1,EUS,,
CHE,Switzerland,2002,9.2,,,,9.2,8.9471872,,,,,1,EUS,,
CHE,Switzerland,1982,8.382636,,,,,,8.084694,,,,1.036853,Mitchell,,
CHE,Switzerland,1929,3.400877,,,,,,3.28,,,,1.036853,Mitchell,,
CHE,Switzerland,1923,,,,,,,,,,,1.036853,Mitchell,,
CHE,Switzerland,2007,9.1,,,,9.1,9.0598803,,,,,1,EUS,,
CHE,Switzerland,1941,7.795884,,,,,,7.518797,,,,1.036853,Mitchell,,
CHE,Switzerland,1949,7.257968,,,,,,7,,,,1.036853,Mitchell,,
CHE,Switzerland,1921,,,,,,,,,,,1.036853,Mitchell,,
CHE,Switzerland,2009,9.8,,,,9.8,9.3532349,,,,,1,EUS,,
CHE,Switzerland,2015,9.8,,,,9.8,9.5599426,,,,,1,EUS,,
CHE,Switzerland,1987,8.091923,,,,,,7.804314,,,,1.036853,Mitchell,,
CHE,Switzerland,1925,,,,,,,,,,,1.036853,Mitchell,,
CHE,Switzerland,2011,9.8,,,,9.8,9.3231143,,,,,1,EUS,,
CHE,Switzerland,1945,6.094306,,,,,,5.877698,,,,1.036853,Mitchell,,
CHE,Switzerland,1985,8.102457,,,,,,7.814474,,,,1.036853,Mitchell,,
CHE,Switzerland,1968,7.767124,,,,,,7.491059,,,,1.036853,Mitchell,,
CHE,Switzerland,1951,6.542732,,,,,,6.310185,,,,1.036853,Mitchell,,
CHE,Switzerland,2018,9.9,,,,9.9,9.6865249,,,,,1,EUS,,
CHE,Switzerland,1984,8.582997,,,,,,8.277934,,,,1.036853,Mitchell,,
CHE,Switzerland,2014,9.4,,,,9.4,9.0854064,,,,,1,EUS,,
CHE,Switzerland,2010,9.6,,,,9.6,9.3721177,,,,,1,EUS,,
CHE,Switzerland,1915,,,,,,,,,,,1.036853,Mitchell,,
CHE,Switzerland,1999,9,,,,9,8.9279865,,,,,1,EUS,,
CHE,Switzerland,1916,,,,,,,,,,,1.036853,Mitchell,,
CHE,Switzerland,1990,7.572326,,,,,7.9495591,7.303185,,,,1.036853,Mitchell,,
CHE,Switzerland,1918,,,,,,,,,,,1.036853,Mitchell,,
CHE,Switzerland,1978,8.394413,,,,,,8.096052,,,,1.036853,Mitchell,,
CHE,Switzerland,1927,,,,,,,,,,,1.036853,Mitchell,,
CHE,Switzerland,1975,7.584577,,,,,,7.315,,,,1.036853,Mitchell,,
CHE,Switzerland,1974,7.568288,,,,,,7.299291,,,,1.036853,Mitchell,,
CHE,Switzerland,1970,7.616922,,,,,,7.346196,,,,1.036853,Mitchell,,
CHE,Switzerland,1954,7.36124,,,,,,7.099602,,,,1.036853,Mitchell,,
CHE,Switzerland,1963,6.866546,,,,,,6.62249,,,,1.036853,Mitchell,,
CHE,Switzerland,1938,4.488741,,,,,,4.329199,,,,1.036853,Mitchell,,
CHE,Switzerland,1944,6.784344,,,,,,6.54321,,,,1.036853,Mitchell,,
CHE,Switzerland,1950,8.709561,,,,,,8.4,,,,1.036853,Mitchell,,
CHE,Switzerland,1961,6.704137,,,,,,6.465854,,,,1.036853,Mitchell,,
CHE,Switzerland,1967,7.360581,,,,,,7.098966,,,,1.036853,Mitchell,,
CHE,Switzerland,1992,7.520393,,,,,7.9237228,7.253098,,,,1.036853,Mitchell,,
CHE,Switzerland,1980,8.161249,,,,,,7.871176,,,,1.036853,Mitchell,,
CHE,Switzerland,1939,4.943401,,,,,,4.767699,,,,1.036853,Mitchell,,
CHE,Switzerland,1960,7.113489,,,,,,6.860656,,,,1.036853,Mitchell,,
CHE,Switzerland,1914,,,,,,,,,,,1.036853,Mitchell,,
CHE,Switzerland,1998,9.4,,,,9.4,9.2677937,,,,,1,EUS,,
CHE,Switzerland,1957,6.265309,,,,,,6.042623,,,,1.036853,Mitchell,,
CHE,Switzerland,1979,7.854648,,,,,,7.575472,,,,1.036853,Mitchell,,
CHE,Switzerland,1973,7.284288,,,,,,7.025384,,,,1.036853,Mitchell,,
CHE,Switzerland,1966,7.703733,,,,,,7.429921,,,,1.036853,Mitchell,,
CHE,Switzerland,1933,3.975235,,,,,,3.833944,,,,1.036853,Mitchell,,
CHE,Switzerland,1976,8.746071,,,,,,8.435211,,,,1.036853,Mitchell,,
CHE,Switzerland,1920,,,,,,,,,,,1.036853,Mitchell,,
CHE,Switzerland,1930,4.908116,,,,,,4.733668,,,,1.036853,Mitchell,,
CHE,Switzerland,1991,7.269558,,,,,7.7579637,7.011178,,,,1.036853,Mitchell,,
CHE,Switzerland,2003,9.2,,,,9.2,8.9755601,,,,,1,EUS,,
CHE,Switzerland,1952,7.06156,,,,,,6.810573,,,,1.036853,Mitchell,,
CHE,Switzerland,2022,9.2,,,,9.2,8.9906056,,,,,1,EUS,,
CHE,Switzerland,1964,7.739566,,,,,,7.464481,,,,1.036853,Mitchell,,
CHE,Switzerland,1995,8,,,,8,7.9106767,,,,,1,EUS,,
CHE,Switzerland,2004,9.2,,,,9.2,9.0308526,,,,,1,EUS,,
CHE,Switzerland,1965,7.061475,,,,,,6.810491,,,,1.036853,Mitchell,,
CHE,Switzerland,1959,6.391855,,,,,,6.16467,,,,1.036853,Mitchell,,
CHE,Switzerland,2023,9.5,,,,9.5,8.9996736,,,,,1,EUS,,
CHE,Switzerland,1937,4.487517,,,,,,4.328018,,,,1.036853,Mitchell,,
CHE,Switzerland,1993,7.428761,,,,,7.345816,7.164723,,,,1.036853,Mitchell,1,2
CHE,Switzerland,1947,8.431876,,,,,,8.132184,,,,1.036853,Mitchell,,
CHE,Switzerland,1989,7.751724,,,,,,7.476207,,,,1.036853,Mitchell,,
CHE,Switzerland,2016,9.8,,,,9.8,9.406985,,,,,1,EUS,,
CHE,Switzerland,1977,8.302632,,,,,,8.007534,,,,1.036853,Mitchell,,
CHE,Switzerland,1972,7.631058,,,,,,7.359829,,,,1.036853,Mitchell,,
CHE,Switzerland,1922,,,,,,,,,,,1.036853,Mitchell,,
CHE,Switzerland,2024,9.8,,,,9.8,,,,,,1,EUS,,
CHE,Switzerland,1940,3.830683,,,,,,3.69453,,,,1.036853,Mitchell,,
CHE,Switzerland,1955,6.379149,,,,,,6.152416,,,,1.036853,Mitchell,,
CHE,Switzerland,1953,6.26049,,,,,,6.037975,,,,1.036853,Mitchell,,
CHE,Switzerland,1986,8.619958,,,,,,8.313581,,,,1.036853,Mitchell,,
CHE,Switzerland,1971,7.237835,,,,,,6.980583,,,,1.036853,Mitchell,,
CHE,Switzerland,2019,10,,,,10,9.9006697,,,,,1,EUS,,
CHE,Switzerland,1934,4.513058,,,,,,4.352651,,,,1.036853,Mitchell,,
CHE,Switzerland,1996,8.5,,,,8.5,8.3341829,,,,,1,EUS,,
CHE,Switzerland,1931,3.991374,,,,,,3.849509,,,,1.036853,Mitchell,,
CHE,Switzerland,1932,4.228932,,,,,,4.078624,,,,1.036853,Mitchell,,
CHE,Switzerland,2012,9.4,,,,9.4,9.1673982,,,,,1,EUS,,
CHE,Switzerland,2005,9.4,,,,9.4,9.1277014,,,,,1,EUS,,
CHE,Switzerland,1981,8.064471,,,,,,7.777838,,,,1.036853,Mitchell,,
CHE,Switzerland,2001,9.2,,,,9.2,8.9645847,,,,,1,EUS,,
CHE,Switzerland,1935,5.029509,,,,,,4.850746,,,,1.036853,Mitchell,,
CHE,Switzerland,1926,,,,,,,,,,,1.036853,Mitchell,,
CHE,Switzerland,2021,9.7,,,,9.7,10.07781,,,,,1,EUS,,
CHE,Switzerland,2006,9.5,,,,9.5,9.1889891,,,,,1,EUS,,
CHE,Switzerland,1983,8.193677,,,,,,7.902451,,,,1.036853,Mitchell,,
CHE,Switzerland,1942,6.497249,,,,,,6.266318,,,,1.036853,Mitchell,,
CHE,Switzerland,2017,10.1,,,,10.1,10.057241,,,,,1,EUS,,
CHE,Switzerland,1962,7.485848,,,,,,7.21978,,,,1.036853,Mitchell,,
CHE,Switzerland,1924,3.066031,,,,,,2.957055,,,,1.036853,Mitchell,,
CHE,Switzerland,2020,9.9,,,,9.9,9.3523189,,,,,1,EUS,,
CHE,Switzerland,1928,,,,,,,,,,,1.036853,Mitchell,,
CHE,Switzerland,1943,5.976072,,,,,,5.763666,,,,1.036853,Mitchell,,
CHE,Switzerland,1948,8.793198,,,,,,8.480663,,,,1.036853,Mitchell,,
CHE,Switzerland,2013,9.5,,,,9.5,9.2491251,,,,,1,EUS,,
CHE,Switzerland,1994,7.947902,,,,,7.8591605,,,,,1.011292,IMF_GFS,1,2
CHE,Switzerland,1913,2.225567,,,,,,2.146465,,,,1.036853,Mitchell,,
CHE,Switzerland,1919,,,,,,,,,,,1.036853,Mitchell,,
CHE,Switzerland,1956,7.161099,,,,,,6.906574,,,,1.036853,Mitchell,,
CHE,Switzerland,1969,7.347023,,,,,,7.085889,,,,1.036853,Mitchell,,
CHL,Chile,2018,18.39552,,,,,18.395525,,,,,1,IMF_GFS,,
CHL,Chile,1976,31.14346,,,,,18.325254,6.868217,,,,4.534431,Mitchell,,
CHL,Chile,1956,31.53441,,,,,,6.954436,,,,4.534431,Mitchell,,
CHL,Chile,1972,26.18207,,,,,16.199631,5.774059,,,,4.534431,Mitchell,,
CHL,Chile,1992,15.52921,,,,,15.52921,3.424732,,,,4.534431,Mitchell,1,1
CHL,Chile,2023,17.71859,,,,,17.718594,,,,,1,IMF_GFS,,
CHL,Chile,1952,29.23745,,,,,,6.447877,,,,4.534431,Mitchell,,
CHL,Chile,1957,32.20644,,,,,,7.102642,,,,4.534431,Mitchell,,
CHL,Chile,2005,18.12089,,,,,18.12089,,,,,1,IMF_GFS,,
CHL,Chile,2017,17.50579,,,,,17.505795,,,,,1,IMF_GFS,,
CHL,Chile,2020,16.19617,,,,,16.196169,,,,,1,IMF_GFS,,
CHL,Chile,2014,17.0445,,,,,17.044501,,,,,1,IMF_GFS,,
CHL,Chile,2007,20.37903,,,,,20.379029,,,,,1,IMF_GFS,,
CHL,Chile,2004,,,,,,,,,,,1,IMF_GFS,,
CHL,Chile,2008,18.70926,,,,,18.709265,,,,,1,IMF_GFS,,
CHL,Chile,1969,43.86423,,,,,,9.673591,,,,4.534431,Mitchell,,
CHL,Chile,1997,,,,,,,,,,,1,IMF_GFS,,
CHL,Chile,1968,43.29745,,,,,,9.548596,,,,4.534431,Mitchell,,
CHL,Chile,1988,12.56584,,,,,14.425735,2.771206,,,,4.534431,Mitchell,,
CHL,Chile,1987,23.76557,,,,,16.995785,5.241137,,,,4.534431,Mitchell,,
CHL,Chile,1953,28.55012,,,,,,6.296296,,,,4.534431,Mitchell,,
CHL,Chile,1964,34.21307,,,,,,7.545173,,,,4.534431,Mitchell,,
CHL,Chile,1958,28.16041,,,,,,6.210351,,,,4.534431,Mitchell,,
CHL,Chile,1955,27.4418,,,,,,6.051873,,,,4.534431,Mitchell,,
CHL,Chile,1975,43.58092,,,,,20.656219,9.611111,,,,4.534431,Mitchell,,
CHL,Chile,1984,31.88234,,,,,19.41225,7.031168,,,,4.534431,Mitchell,,
CHL,Chile,2006,19.61202,,,,,19.612017,,,,,1,IMF_GFS,,
CHL,Chile,1998,,,,,,,,,,,1,IMF_GFS,,
CHL,Chile,1966,46.15774,,,,,,10.17939,,,,4.534431,Mitchell,,
CHL,Chile,1978,28.99429,,,,,18.134906,6.39425,,,,4.534431,Mitchell,,
CHL,Chile,1951,30.38781,,,,,,6.701571,,,,4.534431,Mitchell,,
CHL,Chile,1982,30.7785,,,,,19.519517,6.787732,,,,4.534431,Mitchell,,
CHL,Chile,1974,32.29157,,,,,16.208239,7.121416,,,,4.534431,Mitchell,,
CHL,Chile,1954,28.66777,,,,,,6.322242,,,,4.534431,Mitchell,,
CHL,Chile,2001,,,,,,,,,,,1,IMF_GFS,,
CHL,Chile,2015,17.54608,,,,,17.546083,,,,,1,IMF_GFS,,
CHL,Chile,2019,17.71885,,,,,17.718853,,,,,1,IMF_GFS,,
CHL,Chile,1941,26.63558,,,,,,5.874074,,,,4.534431,Mitchell,,
CHL,Chile,2013,17.45877,,,,,17.458773,,,,,1,IMF_GFS,,
CHL,Chile,1994,15.48667,,,,,15.48667,,,,,1,IMF_GFS,,
CHL,Chile,1946,23.47902,,,,,,5.177941,,,,4.534431,Mitchell,,
CHL,Chile,1962,35.26554,,,,,,7.777281,,,,4.534431,Mitchell,,
CHL,Chile,2002,,,,,,,,,,,1,IMF_GFS,,
CHL,Chile,1983,32.18922,,,,,18.425035,7.098845,,,,4.534431,Mitchell,,
CHL,Chile,1961,36.02654,,,,,,7.945107,,,,4.534431,Mitchell,,
CHL,Chile,1947,28.50952,,,,,,6.287342,,,,4.534431,Mitchell,,
CHL,Chile,1960,34.64181,,,,,,7.639727,,,,4.534431,Mitchell,,
CHL,Chile,1985,27.52803,,,,,18.489581,6.07089,,,,4.534431,Mitchell,,
CHL,Chile,1973,26.91501,,,,,17.389406,5.935697,,,,4.534431,Mitchell,,
CHL,Chile,1993,16.13244,,,,,16.132438,,,,,1,IMF_GFS,,
CHL,Chile,1948,32.1903,,,,,,7.099082,,,,4.534431,Mitchell,,
CHL,Chile,1950,23.25349,,,,,,5.128205,,,,4.534431,Mitchell,,
CHL,Chile,1942,21.34017,,,,,,4.70625,,,,4.534431,Mitchell,,
CHL,Chile,1963,33.07915,,,,,,7.295106,,,,4.534431,Mitchell,,
CHL,Chile,2012,18.99106,,,,,18.99106,,,,,1,IMF_GFS,,
CHL,Chile,1965,41.26815,,,,,,9.101064,,,,4.534431,Mitchell,,
CHL,Chile,1970,45.34431,,,,,,10,,,,4.534431,Mitchell,,
CHL,Chile,1940,27.43331,,,,,,6.05,,,,4.534431,Mitchell,,
CHL,Chile,1999,,,,,,,,,,,1,IMF_GFS,,
CHL,Chile,1959,31.75282,,,,,,7.002603,,,,4.534431,Mitchell,,
CHL,Chile,1995,,,,,,,,,,,1,IMF_GFS,,
CHL,Chile,1986,24.66815,,,,,18.200328,5.440187,,,,4.534431,Mitchell,,
CHL,Chile,2022,21.27361,,,,,21.273615,,,,,1,IMF_GFS,,
CHL,Chile,1971,35.85364,,,,,,7.906977,,,,4.534431,Mitchell,,
CHL,Chile,1980,32.437,,,,,19.04953,7.153488,,,,4.534431,Mitchell,,
CHL,Chile,1943,21.34583,,,,,,4.7075,,,,4.534431,Mitchell,,
CHL,Chile,1981,31.48812,,,,,20.199913,6.944226,,,,4.534431,Mitchell,,
CHL,Chile,1989,12.22592,,,,,13.938601,2.696241,,,,4.534431,Mitchell,,
CHL,Chile,2021,19.6644,,,,,19.664405,,,,,1,IMF_GFS,,
CHL,Chile,2010,17.47101,,,,,17.471006,,,,,1,IMF_GFS,,
CHL,Chile,1977,31.00102,,,,,18.615825,6.836805,,,,4.534431,Mitchell,,
CHL,Chile,1996,,,,,,,,,,,1,IMF_GFS,,
CHL,Chile,1967,44.50069,,,,,,9.813953,,,,4.534431,Mitchell,,
CHL,Chile,2016,17.46896,,,,,17.468964,,,,,1,IMF_GFS,,
CHL,Chile,1979,30.60153,,,,,17.369677,6.748704,,,,4.534431,Mitchell,,
CHL,Chile,2003,,,,,,,,,,,1,IMF_GFS,,
CHL,Chile,1945,26.51802,,,,,,5.848148,,,,4.534431,Mitchell,,
CHL,Chile,1949,31.17247,,,,,,6.874616,,,,4.534431,Mitchell,,
CHL,Chile,2009,14.60586,,,,,14.605861,,,,,1,IMF_GFS,,
CHL,Chile,2011,18.9361,,,,,18.936096,,,,,1,IMF_GFS,,
CHL,Chile,1944,21.37936,,,,,,4.714894,,,,4.534431,Mitchell,,
CHL,Chile,2000,,,,,,,,,,,1,IMF_GFS,,
CHL,Chile,1991,18.64034,,,,,15.063125,4.110843,,,,4.534431,Mitchell,,
CHL,Chile,1990,11.6418,,,,,13.260259,2.567422,,,,4.534431,Mitchell,,
CHN,China,2008,10.13881,,,,,10.138808,,,,,1,IMF_GFS,,
CHN,China,2015,9.333084,,,,,9.3330841,,,,,1,IMF_GFS,,
CHN,China,2010,10.30239,,,,,10.30239,,,,,1,IMF_GFS,,
CHN,China,2006,9.050694,,,,,9.0506942,,,,,1,IMF_GFS,,
CHN,China,2023,7.85859,,,,,7.8585898,,,,,1,IMF_GFS,,
CHN,China,2017,9.454009,,,,,9.4540095,,,,,1,IMF_GFS,,
CHN,China,2014,9.633937,,,,,9.6339365,,,,,1,IMF_GFS,,
CHN,China,2021,7.992628,,,,,7.9926274,,,,,1,IMF_GFS,,
CHN,China,2013,9.851556,,,,,9.8515561,,,,,1,IMF_GFS,,
CHN,China,2018,9.087352,,,,,9.0873521,,,,,1,IMF_GFS,,
CHN,China,2012,10.24802,,,,,10.248017,,,,,1,IMF_GFS,,
CHN,China,2022,7.715302,,,,,7.7153016,,,,,1,IMF_GFS,,
CHN,China,2009,10.33517,,,,,10.335166,,,,,1,IMF_GFS,,
CHN,China,2007,9.756701,,,,,9.7567008,,,,,1,IMF_GFS,,
CHN,China,2016,9.127985,,,,,9.1279853,,,,,1,IMF_GFS,,
CHN,China,2005,8.553781,,,,,8.5537801,,,,,1,IMF_GFS,,
CHN,China,2011,10.3944,,,,,10.394403,,,,,1,IMF_GFS,,
CHN,China,2019,8.456918,,,,,8.4569176,,,,,1,IMF_GFS,,
CHN,China,2020,7.995481,,,,,7.9954807,,,,,1,IMF_GFS,,
CIV,Ivory Coast,2021,12.62422,12.10647,,12.62422,,12.389413,,,,,1,BCEAO,,
CIV,Ivory Coast,1969,21.34728,,,21.34728,,,,,,,1,BCEAO,,
CIV,Ivory Coast,2005,10.04433,9.872439,,10.04433,,,,,,,1,BCEAO,,
CIV,Ivory Coast,2017,11.34116,11.34114,,11.34116,,11.756371,,,,,1,BCEAO,,
CIV,Ivory Coast,1993,10.68677,13.91737,,10.68677,,,,,,,1,BCEAO,,
CIV,Ivory Coast,2002,10.58589,10.05464,,10.58589,,,,,,,1,BCEAO,,
CIV,Ivory Coast,1961,18.76962,,,18.76962,,,,,,,1,BCEAO,,
CIV,Ivory Coast,1978,39.42973,,,39.42973,,,,,,,1,BCEAO,,
CIV,Ivory Coast,1964,18.00928,,,18.00928,,,,,,,1,BCEAO,,
CIV,Ivory Coast,2011,8.917677,8.634698,,8.917677,,,,,,,1,BCEAO,,
CIV,Ivory Coast,2024,14.37748,,,14.37748,,,,,,,1,BCEAO,,
CIV,Ivory Coast,1966,21.36824,,,21.36824,,,,,,,1,BCEAO,,
CIV,Ivory Coast,1967,18.57754,,,18.57754,,,,,,,1,BCEAO,,
CIV,Ivory Coast,1987,22.11228,,,22.11228,,,,,,,1,BCEAO,,
CIV,Ivory Coast,2001,10.30185,9.489929,,10.30185,,,,,,,1,BCEAO,,
CIV,Ivory Coast,2013,11.28076,11.40475,,11.28076,,,,,,,1,BCEAO,,
CIV,Ivory Coast,1979,26.38383,,,26.38383,,,,,,,1,BCEAO,,
CIV,Ivory Coast,1965,20.65034,,,20.65034,,,,,,,1,BCEAO,,
CIV,Ivory Coast,1960,17.41294,,,17.41294,,,,,,,1,BCEAO,,
CIV,Ivory Coast,1981,27.01424,,,27.01424,,,,,,,1,BCEAO,,
CIV,Ivory Coast,2000,10.21547,9.151912,,10.21547,,,,,,,1,BCEAO,,
CIV,Ivory Coast,1982,25.41048,,,25.41048,,,,,,,1,BCEAO,,
CIV,Ivory Coast,2010,11.32019,11.15624,,11.32019,,,,,,,1,BCEAO,,
CIV,Ivory Coast,2022,12.83195,11.51433,,12.83195,,11.944662,,,,,1,BCEAO,,
CIV,Ivory Coast,1977,38.08268,,,38.08268,,,,,,,1,BCEAO,,
CIV,Ivory Coast,1975,29.72448,,,29.72448,,,,,,,1,BCEAO,,
CIV,Ivory Coast,2004,10.26858,10.01289,,10.26858,,,,,,,1,BCEAO,,
CIV,Ivory Coast,1989,18.11224,,,18.11224,,,,,,,1,BCEAO,,
CIV,Ivory Coast,2019,11.22785,11.22785,,11.22785,,11.665477,,,,,1,BCEAO,,
CIV,Ivory Coast,2020,11.43723,11.43725,,11.43723,,11.786688,,,,,1,BCEAO,,
CIV,Ivory Coast,1970,22.8022,,,22.8022,,,,,,,1,BCEAO,,
CIV,Ivory Coast,1974,24.9687,,,24.9687,,,,,,,1,BCEAO,,
CIV,Ivory Coast,2012,11.70454,11.93998,,11.70454,,,,,,,1,BCEAO,,
CIV,Ivory Coast,2003,9.67584,9.655272,,9.67584,,,,,,,1,BCEAO,,
CIV,Ivory Coast,1990,13.85277,17.55842,,13.85277,,13.334133,,,,,1,BCEAO,,
CIV,Ivory Coast,2016,11.68695,11.68694,,11.68695,,,,,,,1,BCEAO,,
CIV,Ivory Coast,2007,10.89278,10.66503,,10.89278,,,,,,,1,BCEAO,,
CIV,Ivory Coast,1992,12.26106,16.93032,,12.26106,,,,,,,1,BCEAO,,
CIV,Ivory Coast,1997,11.76579,10.56408,,11.76579,,,,,,,1,BCEAO,,
CIV,Ivory Coast,1971,21.71498,,,21.71498,,,,,,,1,BCEAO,,
CIV,Ivory Coast,1973,24.95759,,,24.95759,,,,,,,1,BCEAO,,
CIV,Ivory Coast,1994,11.53207,14.69975,,11.53207,,,,,,,1,BCEAO,,
CIV,Ivory Coast,2009,11.91968,11.85123,,11.91968,,,,,,,1,BCEAO,,
CIV,Ivory Coast,1963,17.30475,,,17.30475,,,,,,,1,BCEAO,,
CIV,Ivory Coast,2008,10.84632,10.70078,,10.84632,,,,,,,1,BCEAO,,
CIV,Ivory Coast,2023,13.61765,,,13.61765,,13.352037,,,,,1,BCEAO,,
CIV,Ivory Coast,1972,23.26428,,,23.26428,,,,,,,1,BCEAO,,
CIV,Ivory Coast,1976,32.02977,,,32.02977,,,,,,,1,BCEAO,,
CIV,Ivory Coast,1983,23.92424,,,23.92424,,,,,,,1,BCEAO,,
CIV,Ivory Coast,1980,25.78528,,,25.78528,,,,,,,1,BCEAO,,
CIV,Ivory Coast,1999,10.90852,9.88996,,10.90852,,,,,,,1,BCEAO,,
CIV,Ivory Coast,1962,17.941,,,17.941,,,,,,,1,BCEAO,,
CIV,Ivory Coast,1996,12.12335,11.2577,,12.12335,,,,,,,1,BCEAO,,
CIV,Ivory Coast,2014,10.66117,10.67025,,10.66117,,,,,,,1,BCEAO,,
CIV,Ivory Coast,1968,25.2551,,,25.2551,,,,,,,1,BCEAO,,
CIV,Ivory Coast,1998,11.104,9.867253,,11.104,,,,,,,1,BCEAO,,
CIV,Ivory Coast,1984,23.60653,,,23.60653,,,,,,,1,BCEAO,,
CIV,Ivory Coast,2015,10.90918,10.90918,,10.90918,,,,,,,1,BCEAO,,
CIV,Ivory Coast,1988,20.42887,,,20.42887,,,,,,,1,BCEAO,,
CIV,Ivory Coast,2018,11.23205,11.23204,,11.23205,,11.665993,,,,,1,BCEAO,,
CIV,Ivory Coast,1986,20.81337,,,20.81337,,,,,,,1,BCEAO,,
CIV,Ivory Coast,1995,11.87318,16.34398,,11.87318,,13.614583,,,,,1,BCEAO,,
CIV,Ivory Coast,2006,10.60095,10.32734,,10.60095,,,,,,,1,BCEAO,,
CIV,Ivory Coast,1991,12.22503,16.88827,,12.22503,,,,,,,1,BCEAO,,
CIV,Ivory Coast,1985,19.80861,,,19.80861,,,,,,,1,BCEAO,,
CMR,Cameroon,1977,10.77004,,,,,10.770037,,,,,1,IMF_GFS,,
CMR,Cameroon,2004,,,,,,,,,,,1,AFRISTAT,,
CMR,Cameroon,2000,,,,,,,,,,,1,AFRISTAT,,
CMR,Cameroon,2001,,,,,,,,,,,1,AFRISTAT,,
CMR,Cameroon,1976,10.69378,,,,,10.693783,,,,,1,IMF_GFS,,
CMR,Cameroon,1991,6.782701,8.786899,,,,6.7827009,,,,,1,IMF_GFS,,
CMR,Cameroon,1987,9.776335,,,,,9.7763352,,,,,1,IMF_GFS,,
CMR,Cameroon,2010,10.58002,10.58002,,,,,,,,,1,AFRISTAT,,
CMR,Cameroon,1988,10.70356,,,,,10.703556,,,,,1,IMF_GFS,,
CMR,Cameroon,2003,,,,,,,,,,,1,AFRISTAT,,
CMR,Cameroon,1992,7.429121,9.62038,,,,7.4291209,,,,,1,IMF_GFS,,
CMR,Cameroon,1986,11.68407,,,,,11.684073,,,,,1,IMF_GFS,,
CMR,Cameroon,1993,7.24499,6.582157,,,,7.2449896,,,,,1,IMF_GFS,,
CMR,Cameroon,2005,,,,,,,,,,,1,AFRISTAT,,
CMR,Cameroon,1989,11.5441,,,,,11.544101,,,,,1,IMF_GFS,,
CMR,Cameroon,1981,11.01715,,,,,11.01715,,,,,1,IMF_GFS,,
CMR,Cameroon,1982,11.38254,,,,,11.382543,,,,,1,IMF_GFS,,
CMR,Cameroon,1996,8.391297,8.391297,,,,,,,,,1,AFRISTAT,,
CMR,Cameroon,2009,10.87793,10.87793,,,,,,,,,1,AFRISTAT,,
CMR,Cameroon,1990,7.439394,9.293725,,,,7.4393935,,,,,1,IMF_GFS,,
CMR,Cameroon,1980,10.3758,,,,,10.375799,,,,,1,IMF_GFS,,
CMR,Cameroon,1978,11.95222,,,,,11.952216,,,,,1,IMF_GFS,,
CMR,Cameroon,1995,7.409,7.409,,,,,,,,,1,AFRISTAT,,
CMR,Cameroon,1998,9.000263,9.000263,,,,,,,,,1,AFRISTAT,,
CMR,Cameroon,1999,,,,,,,,,,,1,AFRISTAT,,
CMR,Cameroon,2002,,,,,,,,,,,1,AFRISTAT,,
CMR,Cameroon,2007,10.56504,10.56504,,,,,,,,,1,AFRISTAT,,
CMR,Cameroon,1975,9.593824,,,,,9.5938245,,,,,1,IMF_GFS,,
CMR,Cameroon,1985,,,,,,,,,,,1,IMF_GFS,,
CMR,Cameroon,1984,15.20604,,,,,15.206044,,,,,1,IMF_GFS,,
CMR,Cameroon,1994,6.310432,5.523319,,,,6.3104324,,,,,1,IMF_GFS,1,1
CMR,Cameroon,2008,10.53317,10.53317,,,,,,,,,1,AFRISTAT,,
CMR,Cameroon,1997,8.055608,8.055608,,,,,,,,,1,AFRISTAT,,
CMR,Cameroon,2006,9.977859,9.977859,,,,,,,,,1,AFRISTAT,,
CMR,Cameroon,1983,16.05898,,,,,16.058975,,,,,1,IMF_GFS,,
CMR,Cameroon,1979,9.137674,,,,,9.1376746,,,,,1,IMF_GFS,,
COG,Republic of the Congo,2020,8.358061,,,,,8.3580607,,,,,1,IMF_GFS,,
COG,Republic of the Congo,2005,5.716835,35.35952,,,,5.7168349,,,,,1,IMF_GFS,,
COG,Republic of the Congo,2003,7.891039,,,,,7.8910394,,,,,1,IMF_GFS,,
COG,Republic of the Congo,2009,8.326159,28.59077,,,,8.3261587,,,,,1,IMF_GFS,,
COG,Republic of the Congo,2006,5.551104,42.46915,,,,5.5511042,,,,,1,IMF_GFS,,
COG,Republic of the Congo,2016,13.09021,19.30235,,,,13.090213,,,,,1,IMF_GFS,,
COG,Republic of the Congo,2004,7.16323,30.04724,,,,7.1632305,,,,,1,IMF_GFS,,
COG,Republic of the Congo,2017,10.14431,16.20107,,,,10.144315,,,,,1,IMF_GFS,,
COG,Republic of the Congo,2001,8.476546,,,,,8.4765459,,,,,1,IMF_GFS,,
COG,Republic of the Congo,2012,7.288668,32.83212,,,,7.2886683,,,,,1,IMF_GFS,,
COG,Republic of the Congo,2021,7.290057,,,,,7.2900572,,,,,1,IMF_GFS,,
COG,Republic of the Congo,2018,6.833865,22.93657,,,,6.8338647,,,,,1,IMF_GFS,,
COG,Republic of the Congo,2019,7.10155,,,,,7.1015496,,,,,1,IMF_GFS,,
COG,Republic of the Congo,2008,6.077365,46.99916,,,,6.0773654,,,,,1,IMF_GFS,,
COG,Republic of the Congo,2010,6.943856,34.14825,,,,6.9438559,,,,,1,IMF_GFS,,
COG,Republic of the Congo,2013,8.633801,34.50132,,,,8.6338009,,,,,1,IMF_GFS,,
COG,Republic of the Congo,2011,8.17031,38.68207,,,,8.1703097,,,,,1,IMF_GFS,,
COG,Republic of the Congo,2007,6.319246,37.20534,,,,6.3192456,,,,,1,IMF_GFS,,
COG,Republic of the Congo,2014,9.589447,31.53215,,,,9.5894466,,,,,1,IMF_GFS,,
COG,Republic of the Congo,2015,12.75633,19.88412,,,,12.75633,,,,,1,IMF_GFS,,
COG,Republic of the Congo,2002,7.583407,,,,,7.5834076,,,,,1,IMF_GFS,,
COL,Colombia,1964,6.15,,,,,,6.15,,,,1,Mitchell,,
COL,Colombia,1950,4.198473,,,,,,4.198473,,,,1,Mitchell,,
COL,Colombia,2003,,,,,,,,,,,1,IMF_GFS,,
COL,Colombia,1955,7.315384,,,,,,7.315384,,,,1,Mitchell,,
COL,Colombia,1948,4.449438,,,,,,4.449438,,,,1,Mitchell,,
COL,Colombia,2020,14.04437,,,,,14.044367,,,,,1,IMF_GFS,,
COL,Colombia,1952,5.450777,,,,,,5.450777,,,,1,Mitchell,,
COL,Colombia,1984,6.243194,,,,,,6.243194,,,,1,Mitchell,,
COL,Colombia,1949,4.169811,,,,,,4.169811,,,,1,Mitchell,,
COL,Colombia,1979,6.509672,,,,,,6.509672,,,,1,Mitchell,,
COL,Colombia,2021,14.44514,,,,,14.44514,,,,,1,IMF_GFS,,
COL,Colombia,2002,,,,,,,,,,,1,IMF_GFS,,
COL,Colombia,1987,8.646873,,,,,,8.646873,,,,1,Mitchell,,
COL,Colombia,2007,,,,,,,,,,,1,IMF_GFS,,
COL,Colombia,1972,7.445789,,,,,,7.445789,,,,1,Mitchell,,
COL,Colombia,1953,6.009346,,,,,,6.009346,,,,1,Mitchell,,
COL,Colombia,2008,,,,,,,,,,,1,IMF_GFS,,
COL,Colombia,1981,6.248109,,,,,,6.248109,,,,1,Mitchell,,
COL,Colombia,1993,,,,,,,,,,,1,IMF_GFS,,
COL,Colombia,1970,7.457143,,,,,,7.457143,,,,1,Mitchell,,
COL,Colombia,1945,4.196078,,,,,,4.196078,,,,1,Mitchell,,
COL,Colombia,2016,14.3852,,,,,14.385196,,,,,1,IMF_GFS,,
COL,Colombia,2012,,,,,,,,,,,1,IMF_GFS,,
COL,Colombia,1966,6.767568,,,,,,6.767568,,,,1,Mitchell,,
COL,Colombia,1982,6.5839,,,,,,6.5839,,,,1,Mitchell,,
COL,Colombia,1990,9.140795,,,,,,9.140795,,,,1,Mitchell,,
COL,Colombia,2017,14.72681,,,,,14.726806,,,,,1,IMF_GFS,,
COL,Colombia,1965,5.603279,,,,,,5.603279,,,,1,Mitchell,,
COL,Colombia,1951,5.615212,,,,,,5.615212,,,,1,Mitchell,,
COL,Colombia,1989,8.45508,,,,,,8.45508,,,,1,Mitchell,,
COL,Colombia,2014,14.86135,,,,,14.861348,,,,,1,IMF_GFS,,
COL,Colombia,2019,14.89958,,,,,14.899583,,,,,1,IMF_GFS,,
COL,Colombia,1971,8.978205,,,,,,8.978205,,,,1,Mitchell,,
COL,Colombia,1995,,,,,,,,,,,1,IMF_GFS,,
COL,Colombia,2023,17.69641,,,,,17.696413,,,,,1,IMF_GFS,,
COL,Colombia,2011,,,,,,,,,,,1,IMF_GFS,,
COL,Colombia,1958,6.528572,,,,,,6.528572,,,,1,Mitchell,,
COL,Colombia,1956,5.653333,,,,,,5.653333,,,,1,Mitchell,,
COL,Colombia,1962,5.15,,,,,,5.15,,,,1,Mitchell,,
COL,Colombia,1977,6.480446,,,,,,6.480446,,,,1,Mitchell,,
COL,Colombia,1961,6.116667,,,,,,6.116667,,,,1,Mitchell,,
COL,Colombia,1960,6.744444,,,,,,6.744444,,,,1,Mitchell,,
COL,Colombia,1997,,,,,,,,,,,1,IMF_GFS,,
COL,Colombia,1954,6.609375,,,,,,6.609375,,,,1,Mitchell,,
COL,Colombia,1974,5.894099,,,,,,5.894099,,,,1,Mitchell,,
COL,Colombia,1983,6.021611,,,,,,6.021611,,,,1,Mitchell,,
COL,Colombia,1967,6.225301,,,,,,6.225301,,,,1,Mitchell,,
COL,Colombia,1968,6.7125,,,,,,6.7125,,,,1,Mitchell,,
COL,Colombia,2018,14.60882,,,,,14.608819,,,,,1,IMF_GFS,,
COL,Colombia,2006,,,,,,,,,,,1,IMF_GFS,,
COL,Colombia,1994,,,,,,,,,,,1,IMF_GFS,,
COL,Colombia,1980,6.516783,,,,,,6.516783,,,,1,Mitchell,,
COL,Colombia,2013,13.85036,,,,,13.850364,,,,,1,IMF_GFS,,
COL,Colombia,1976,6.917293,,,,,,6.917293,,,,1,Mitchell,,
COL,Colombia,2010,,,,,,,,,,,1,IMF_GFS,,
COL,Colombia,1991,10.92044,,,,,,10.92044,,,,1,Mitchell,,
COL,Colombia,1959,6.483333,,,,,,6.483333,,,,1,Mitchell,,
COL,Colombia,2022,15.27577,,,,,15.275773,,,,,1,IMF_GFS,,
COL,Colombia,2015,15.08126,,,,,15.081256,,,,,1,IMF_GFS,,
COL,Colombia,2001,,,,,,,,,,,1,IMF_GFS,,
COL,Colombia,1957,4.483333,,,,,,4.483333,,,,1,Mitchell,,
COL,Colombia,1999,9.414139,,,,,9.4141387,,,,,1,IMF_GFS,,
COL,Colombia,1969,7.542342,,,,,,7.542342,,,,1,Mitchell,,
COL,Colombia,2005,,,,,,,,,,,1,IMF_GFS,,
COL,Colombia,1988,8.584093,,,,,,8.584093,,,,1,Mitchell,,
COL,Colombia,1975,7.432099,,,,,,7.432099,,,,1,Mitchell,,
COL,Colombia,2009,,,,,,,,,,,1,IMF_GFS,,
COL,Colombia,1946,4.322581,,,,,,4.322581,,,,1,Mitchell,,
COL,Colombia,1978,6.820682,,,,,,6.820682,,,,1,Mitchell,,
COL,Colombia,1985,7.329843,,,,,,7.329843,,,,1,Mitchell,,
COL,Colombia,1963,5.190909,,,,,,5.190909,,,,1,Mitchell,,
COL,Colombia,1996,,,,,,,,,,,1,IMF_GFS,,
COL,Colombia,1973,6.083539,,,,,,6.083539,,,,1,Mitchell,,
COL,Colombia,2000,9.977164,,,,,9.9771646,,,,,1,IMF_GFS,,
COL,Colombia,1992,11.41986,,,,,,11.41986,,,,1,Mitchell,1,1
COL,Colombia,1998,9.361804,,,,,9.3618041,,,,,1,IMF_GFS,,
COL,Colombia,2004,,,,,,,,,,,1,IMF_GFS,,
COL,Colombia,1986,7.748969,,,,,,7.748969,,,,1,Mitchell,,
COL,Colombia,1947,5.079365,,,,,,5.079365,,,,1,Mitchell,,
COM,Comoros,2014,7.023511,7.023511,,,,,,,,,1,AFRISTAT,,
COM,Comoros,2006,6.412941,6.412941,,,,,,,,,1,AFRISTAT,,
COM,Comoros,1997,7.555628,7.555628,,,,,,,,,1,AFRISTAT,,
COM,Comoros,1991,6.725128,6.725128,,,,,,,,,1,AFRISTAT,,
COM,Comoros,1996,6.6409,6.6409,,,,,,,,,1,AFRISTAT,,
COM,Comoros,2020,7.696015,7.696015,,,,,,,,,1,AFRISTAT,,
COM,Comoros,1993,7.843331,7.843331,,,,,,,,,1,AFRISTAT,,
COM,Comoros,2000,,,,,,,,,,,1,AFRISTAT,,
COM,Comoros,2003,8.241216,8.241216,,,,,,,,,1,AFRISTAT,,
COM,Comoros,2004,7.877469,7.877469,,,,,,,,,1,AFRISTAT,,
COM,Comoros,2008,5.974769,5.974769,,,,,,,,,1,AFRISTAT,,
COM,Comoros,1992,8.740729,8.740729,,,,,,,,,1,AFRISTAT,,
COM,Comoros,1995,6.800963,6.800963,,,,,,,,,1,AFRISTAT,,
COM,Comoros,2002,,,,,,,,,,,1,AFRISTAT,,
COM,Comoros,2009,6.419651,6.419651,,,,,,,,,1,AFRISTAT,,
COM,Comoros,2010,6.64793,6.64793,,,,,,,,,1,AFRISTAT,,
COM,Comoros,1998,,,,,,,,,,,1,AFRISTAT,,
COM,Comoros,2018,8.615808,8.615808,,,,,,,,,1,AFRISTAT,,
COM,Comoros,1990,9.969816,9.969816,,,,,,,,,1,AFRISTAT,,
COM,Comoros,1994,7.476464,7.476464,,,,,,,,,1,AFRISTAT,,
COM,Comoros,2007,5.846786,5.846786,,,,,,,,,1,AFRISTAT,,
COM,Comoros,2017,10.08062,10.08062,,,,,,,,,1,AFRISTAT,,
COM,Comoros,2013,7.062061,7.062061,,,,,,,,,1,AFRISTAT,,
COM,Comoros,2021,8.635758,8.635758,,,,,,,,,1,AFRISTAT,,
COM,Comoros,1999,,,,,,,,,,,1,AFRISTAT,,
COM,Comoros,2016,7.863888,7.863888,,,,,,,,,1,AFRISTAT,,
COM,Comoros,2012,6.889743,6.889743,,,,,,,,,1,AFRISTAT,,
COM,Comoros,2011,6.498966,6.498966,,,,,,,,,1,AFRISTAT,,
COM,Comoros,2015,6.746882,6.746882,,,,,,,,,1,AFRISTAT,,
COM,Comoros,2005,6.868238,6.868238,,,,,,,,,1,AFRISTAT,,
COM,Comoros,2019,6.819335,6.819335,,,,,,,,,1,AFRISTAT,,
COM,Comoros,2001,,,,,,,,,,,1,AFRISTAT,,
CPV,Cape Verde,1996,16.40166,16.40166,,,,,,,,,1,AFRISTAT,,
CPV,Cape Verde,1991,13.57374,13.57374,,,,,,,,,1,AFRISTAT,,
CPV,Cape Verde,2005,18.78711,21.58136,,,,18.787114,,,,,1,IMF_GFS,,
CPV,Cape Verde,2016,18.60382,17.51607,,,,18.603818,,,,,1,IMF_GFS,,
CPV,Cape Verde,2023,19.49228,19.49228,,,,,,,,,1,AFRISTAT,,
CPV,Cape Verde,2001,18.16079,18.16079,,,,,,,,,1,AFRISTAT,,
CPV,Cape Verde,1990,13.4934,13.4934,,,,,,,,,1,AFRISTAT,,
CPV,Cape Verde,2009,18.42064,17.2004,,,,18.420642,,,,,1,IMF_GFS,,
CPV,Cape Verde,2011,19.73092,18.24173,,,,19.730922,,,,,1,IMF_GFS,,
CPV,Cape Verde,2003,18.98733,18.98733,,,,,,,,,1,AFRISTAT,,
CPV,Cape Verde,1995,16.82743,16.82743,,,,,,,,,1,AFRISTAT,,
CPV,Cape Verde,2017,20.08675,18.38243,,,,20.086753,,,,,1,IMF_GFS,,
CPV,Cape Verde,1992,15.64212,15.64212,,,,,,,,,1,AFRISTAT,,
CPV,Cape Verde,2006,20.37257,23.30969,,,,20.37257,,,,,1,IMF_GFS,,
CPV,Cape Verde,1993,11.91599,11.91599,,,,,,,,,1,AFRISTAT,,
CPV,Cape Verde,2012,17.88198,16.71358,,,,17.881985,,,,,1,IMF_GFS,,
CPV,Cape Verde,2002,20.7537,20.7537,,,,,,,,,1,AFRISTAT,,
CPV,Cape Verde,2000,17.35397,17.35397,,,,,,,,,1,AFRISTAT,,
CPV,Cape Verde,1999,16.79814,16.79814,,,,,,,,,1,AFRISTAT,,
CPV,Cape Verde,2019,18.93354,18.93354,,,,,,,,,1,AFRISTAT,,
CPV,Cape Verde,2004,20.22257,20.22257,,,,,,,,,1,AFRISTAT,1,2
CPV,Cape Verde,2013,17.83931,16.67194,,,,17.839306,,,,,1,IMF_GFS,,
CPV,Cape Verde,2014,17.05276,16.21934,,,,17.052758,,,,,1,IMF_GFS,,
CPV,Cape Verde,2018,19.7586,19.7586,,,,,,,,,1,AFRISTAT,1,2
CPV,Cape Verde,2007,20.90676,19.62638,,,,20.906763,,,,,1,IMF_GFS,,
CPV,Cape Verde,2022,18.71597,18.71597,,,,,,,,,1,AFRISTAT,,
CPV,Cape Verde,1994,16.51885,16.51885,,,,,,,,,1,AFRISTAT,,
CPV,Cape Verde,2008,21.2838,19.91465,,,,21.283798,,,,,1,IMF_GFS,,
CPV,Cape Verde,2015,18.77809,17.42272,,,,18.778086,,,,,1,IMF_GFS,,
CPV,Cape Verde,2021,17.51461,17.51461,,,,,,,,,1,AFRISTAT,,
CPV,Cape Verde,1997,15.97933,15.97933,,,,,,,,,1,AFRISTAT,,
CPV,Cape Verde,2020,18.26227,18.26227,,,,,,,,,1,AFRISTAT,,
CPV,Cape Verde,2010,18.44614,17.24105,,,,18.446141,,,,,1,IMF_GFS,,
CPV,Cape Verde,1998,16.39674,16.39674,,,,,,,,,1,AFRISTAT,,
CRI,Costa Rica,2007,14.85647,,,,,14.85647,,,,,1,IMF_GFS,,
CRI,Costa Rica,2003,13.58495,,,,,13.584952,,,,,1,IMF_GFS,,
CRI,Costa Rica,2019,13.32013,,,,,13.320133,,,,,1,IMF_GFS,,
CRI,Costa Rica,2006,13.84166,,,,,13.841664,,,,,1,IMF_GFS,,
CRI,Costa Rica,2008,15.23251,,,,,15.23251,,,,,1,IMF_GFS,,
CRI,Costa Rica,2010,12.95254,,,,,12.952542,,,,,1,IMF_GFS,,
CRI,Costa Rica,2004,13.35893,,,,,13.358928,,,,,1,IMF_GFS,,
CRI,Costa Rica,2013,13.41682,,,,,13.416825,,,,,1,IMF_GFS,,
CRI,Costa Rica,2021,14.04059,,,,,14.040586,,,,,1,IMF_GFS,,
CRI,Costa Rica,2009,13.18307,,,,,13.183072,,,,,1,IMF_GFS,,
CRI,Costa Rica,2023,13.91153,,,,,13.91153,,,,,1,IMF_GFS,,
CRI,Costa Rica,2012,13.1053,,,,,13.105296,,,,,1,IMF_GFS,,
CRI,Costa Rica,2017,13.2441,,,,,13.244103,,,,,1,IMF_GFS,,
CRI,Costa Rica,2020,12.23803,,,,,12.238029,,,,,1,IMF_GFS,,
CRI,Costa Rica,2014,13.04559,,,,,13.045589,,,,,1,IMF_GFS,,
CRI,Costa Rica,2011,13.20899,,,,,13.208987,,,,,1,IMF_GFS,,
CRI,Costa Rica,2015,13.25399,,,,,13.253994,,,,,1,IMF_GFS,,
CRI,Costa Rica,2022,14.35419,,,,,14.354194,,,,,1,IMF_GFS,,
CRI,Costa Rica,2005,13.6354,,,,,13.635397,,,,,1,IMF_GFS,,
CRI,Costa Rica,2018,13.18215,,,,,13.182149,,,,,1,IMF_GFS,,
CRI,Costa Rica,2002,13.36811,,,,,13.368109,,,,,1,IMF_GFS,,
CRI,Costa Rica,2016,13.51085,,,,,13.510854,,,,,1,IMF_GFS,,
CYP,Cyprus,2001,22.8,,,,22.8,21.295623,,,,,1,EUS,,
CYP,Cyprus,2004,23.7,,,,23.7,21.828745,,,,,1,EUS,,
CYP,Cyprus,2013,26.4,,,,26.4,23.521227,,,,,1,EUS,,
CYP,Cyprus,2024,25.5,,,,25.5,,,,,,1,EUS,,
CYP,Cyprus,2017,25.7,,,,25.7,23.82005,,,,,1,EUS,,
CYP,Cyprus,2018,25.6,,,,25.6,23.982473,,,,,1,EUS,,
CYP,Cyprus,2019,24.8,,,,24.8,23.300845,,,,,1,EUS,,
CYP,Cyprus,1999,20.4,,,,20.4,18.847043,,,,,1,EUS,,
CYP,Cyprus,2015,26.3,,,,26.3,24.047593,,,,,1,EUS,,
CYP,Cyprus,2020,23.9,,,,23.9,22.231931,,,,,1,EUS,,
CYP,Cyprus,2012,25.8,,,,25.8,23.334855,,,,,1,EUS,,
CYP,Cyprus,1996,19.2,,,,19.2,17.84197,,,,,1,EUS,,
CYP,Cyprus,1997,18.6,,,,18.6,17.1173,,,,,1,EUS,,
CYP,Cyprus,2011,25.2,,,,25.2,23.149747,,,,,1,EUS,,
CYP,Cyprus,1995,19.7,,,,19.7,18.43507,,,,,1,EUS,,
CYP,Cyprus,2008,28.6,,,,28.6,26.949541,,,,,1,EUS,,
CYP,Cyprus,2002,23.1,,,,23.1,21.431338,,,,,1,EUS,,
CYP,Cyprus,2014,27.1,,,,27.1,24.715721,,,,,1,EUS,,
CYP,Cyprus,2016,25.5,,,,25.5,23.516201,,,,,1,EUS,,
CYP,Cyprus,2022,24.4,,,,24.4,24.578498,,,,,1,EUS,,
CYP,Cyprus,2000,22.5,,,,22.5,20.796602,,,,,1,EUS,,
CYP,Cyprus,2003,24,,,,24,22.015227,,,,,1,EUS,,
CYP,Cyprus,2010,25,,,,25,23.054314,,,,,1,EUS,,
CYP,Cyprus,2023,25.9,,,,25.9,25.354592,,,,,1,EUS,,
CYP,Cyprus,1998,19.8,,,,19.8,18.316078,,,,,1,EUS,,
CYP,Cyprus,2005,24.9,,,,24.9,23.168469,,,,,1,EUS,,
CYP,Cyprus,2006,26.1,,,,26.1,24.311723,,,,,1,EUS,,
CYP,Cyprus,2007,30.3,,,,30.3,28.423036,,,,,1,EUS,,
CYP,Cyprus,2009,25.3,,,,25.3,23.249177,,,,,1,EUS,,
CYP,Cyprus,2021,24.2,,,,24.2,23.245412,,,,,1,EUS,,
CZE,Czech Republic,2023,27.4,,,,27.4,18.24184,,,,,1,EUS,,
CZE,Czech Republic,2007,28.9,,,,28.9,19.102926,,,,,1,EUS,,
CZE,Czech Republic,2011,27.8,,,,27.8,18.658529,,,,,1,EUS,,
CZE,Czech Republic,2009,26.8,,,,26.8,17.866306,,,,,1,EUS,,
CZE,Czech Republic,2024,28.2,,,,28.2,,,,,,1,EUS,,
CZE,Czech Republic,2006,28.4,,,,28.4,18.665721,,,,,1,EUS,,
CZE,Czech Republic,2017,29,,,,29,19.727054,,,,,1,EUS,,
CZE,Czech Republic,2002,27.7,,,,27.7,17.9536,,,,,1,EUS,,
CZE,Czech Republic,2008,27.9,,,,27.9,18.144059,,,,,1,EUS,,
CZE,Czech Republic,2018,29.4,,,,29.4,19.795945,,,,,1,EUS,,
CZE,Czech Republic,1995,29.1,,,,29.1,19.603369,,,,,1,EUS,,
CZE,Czech Republic,2020,28.6,,,,28.6,19.143139,,,,,1,EUS,,
CZE,Czech Republic,1998,26.8,,,,26.8,17.396781,,,,,1,EUS,,
CZE,Czech Republic,2022,27.4,,,,27.4,18.148727,,,,,1,EUS,,
CZE,Czech Republic,2004,28.9,,,,28.9,19.158184,,,,,1,EUS,,
CZE,Czech Republic,2012,28.3,,,,28.3,19.12152,,,,,1,EUS,,
CZE,Czech Republic,2013,28.7,,,,28.7,19.586468,,,,,1,EUS,,
CZE,Czech Republic,2019,29.3,,,,29.3,19.660855,,,,,1,EUS,,
CZE,Czech Republic,2021,27.9,,,,27.9,18.248489,,,,,1,EUS,,
CZE,Czech Republic,1999,27.1,,,,27.1,17.863735,,,,,1,EUS,,
CZE,Czech Republic,1997,27.9,,,,27.9,18.295641,,,,,1,EUS,,
CZE,Czech Republic,2000,26.9,,,,26.9,17.531858,,,,,1,EUS,,
CZE,Czech Republic,2010,26.7,,,,26.7,17.62317,,,,,1,EUS,,
CZE,Czech Republic,2015,28.2,,,,28.2,19.277774,,,,,1,EUS,,
CZE,Czech Republic,2005,28.7,,,,28.7,19.054412,,,,,1,EUS,,
CZE,Czech Republic,2016,28.7,,,,28.7,19.660997,,,,,1,EUS,,
CZE,Czech Republic,1996,27.7,,,,27.7,18.400201,,,,,1,EUS,,
CZE,Czech Republic,2014,27.9,,,,27.9,18.95833,,,,,1,EUS,,
CZE,Czech Republic,2001,27,,,,27,17.594018,,,,,1,EUS,,
CZE,Czech Republic,2003,28.3,,,,28.3,18.529739,,,,,1,EUS,,
DEU,Germany,1971,10.04639,,,,,,18.33555,,,,.5479184,Mitchell,,
DEU,Germany,1874,.6784499,,,,,,1.238232,,,,.5479184,Mitchell,,
DEU,Germany,1980,11.36959,,,,,,20.75051,,,,.5479184,Mitchell,,
DEU,Germany,1935,6.536371,,,,,,11.92946,,,,.5479184,Mitchell,,
DEU,Germany,1899,1.355952,,,,,,2.474733,,,,.5479184,Mitchell,,
DEU,Germany,1979,11.19848,,,,,,20.43822,,,,.5479184,Mitchell,,
DEU,Germany,1944,,,,,,,,,,,.5479184,Mitchell,,
DEU,Germany,1951,8.978496,,,,,,16.38655,,,,.5479184,Mitchell,,
DEU,Germany,1956,9.27882,,,,,,16.93467,,,,.5479184,Mitchell,,
DEU,Germany,1994,11.98563,,,,,11.62403,,,,,1.031108,IMF_GFS,1,2
DEU,Germany,1918,,,,,,,,,,,.5479184,Mitchell,,
DEU,Germany,1977,11.16876,,,,,,20.38397,,,,.5479184,Mitchell,,
DEU,Germany,1973,10.88667,,,,,,19.86914,,,,.5479184,Mitchell,,
DEU,Germany,1913,1.399052,,,,,,2.553394,,,,.5479184,Mitchell,,
DEU,Germany,1940,,,,,,,,,,,.5479184,Mitchell,,
DEU,Germany,1911,1.559266,,,,,,2.845799,,,,.5479184,Mitchell,,
DEU,Germany,2015,12.2,,,,12.2,11.993907,,,,,1,EUS,,
DEU,Germany,1942,,,,,,,,,,,.5479184,Mitchell,,
DEU,Germany,2006,11.2,,,,11.2,10.932083,,,,,1,EUS,,
DEU,Germany,1995,11.8,,,,11.8,11.444001,,,,,1,EUS,,
DEU,Germany,1907,1.360362,,,,,,2.482781,,,,.5479184,Mitchell,,
DEU,Germany,1945,,,,,,,,,,,.5479184,Mitchell,,
DEU,Germany,2018,12.2,,,,12.2,11.961249,,,,,1,EUS,,
DEU,Germany,1965,9.828887,,,,,,17.93859,,,,.5479184,Mitchell,,
DEU,Germany,2020,11.4,,,,11.4,11.16839,,,,,1,EUS,,
DEU,Germany,1915,,,,,,,,,,,.5479184,Mitchell,,
DEU,Germany,1886,1.021469,,,,,,1.864272,,,,.5479184,Mitchell,,
DEU,Germany,1885,.9916414,,,,,,1.809834,,,,.5479184,Mitchell,,
DEU,Germany,2023,10.9,,,,10.9,10.721387,,,,,1,EUS,,
DEU,Germany,2022,11.5,,,,11.5,11.305335,,,,,1,EUS,,
DEU,Germany,1895,1.453652,,,,,,2.653045,,,,.5479184,Mitchell,,
DEU,Germany,1997,11.1,,,,11.1,10.696479,,,,,1,EUS,,
DEU,Germany,1986,10.67252,,,,,,19.47831,,,,.5479184,Mitchell,,
DEU,Germany,1990,10.38762,,,,,,18.95833,,,,.5479184,Mitchell,,
DEU,Germany,1955,9.081521,,,,,,16.57458,,,,.5479184,Mitchell,,
DEU,Germany,1982,11.02397,,,,,,20.11972,,,,.5479184,Mitchell,,
DEU,Germany,1974,10.81374,,,,,,19.73604,,,,.5479184,Mitchell,,
DEU,Germany,1967,9.844713,,,,,,17.96748,,,,.5479184,Mitchell,,
DEU,Germany,1897,1.398705,,,,,,2.552762,,,,.5479184,Mitchell,,
DEU,Germany,1934,5.942766,,,,,,10.84608,,,,.5479184,Mitchell,,
DEU,Germany,1954,9.397841,,,,,,17.1519,,,,.5479184,Mitchell,,
DEU,Germany,1948,,,,,,,,,,,.5479184,Mitchell,,
DEU,Germany,1947,,,,,,,,,,,.5479184,Mitchell,,
DEU,Germany,1946,,,,,,,,,,,.5479184,Mitchell,,
DEU,Germany,1939,,,,,,,,,,,.5479184,Mitchell,,
DEU,Germany,1958,9.037097,,,,,,16.49351,,,,.5479184,Mitchell,,
DEU,Germany,1932,5.839342,,,,,,10.65732,,,,.5479184,Mitchell,,
DEU,Germany,1926,4.997814,,,,,,9.121456,,,,.5479184,Mitchell,,
DEU,Germany,1929,5.16687,,,,,,9.429998,,,,.5479184,Mitchell,,
DEU,Germany,1930,5.543078,,,,,,10.11661,,,,.5479184,Mitchell,,
DEU,Germany,1919,,,,,,,,,,,.5479184,Mitchell,,
DEU,Germany,1921,,,,,,,,,,,.5479184,Mitchell,,
DEU,Germany,1917,,,,,,,,,,,.5479184,Mitchell,,
DEU,Germany,1908,1.229043,,,,,,2.243114,,,,.5479184,Mitchell,,
DEU,Germany,1905,1.34168,,,,,,2.448686,,,,.5479184,Mitchell,,
DEU,Germany,2019,12.1,,,,12.1,11.91056,,,,,1,EUS,,
DEU,Germany,1896,1.486624,,,,,,2.713221,,,,.5479184,Mitchell,,
DEU,Germany,1894,1.443962,,,,,,2.63536,,,,.5479184,Mitchell,,
DEU,Germany,1889,1.411404,,,,,,2.575938,,,,.5479184,Mitchell,,
DEU,Germany,1882,1.052665,,,,,,1.921208,,,,.5479184,Mitchell,,
DEU,Germany,1879,.8837394,,,,,,1.612903,,,,.5479184,Mitchell,,
DEU,Germany,1876,.9057763,,,,,,1.653123,,,,.5479184,Mitchell,,
DEU,Germany,1914,,,,,,,,,,,.5479184,Mitchell,,
DEU,Germany,1923,,,,,,,,,,,.5479184,Mitchell,,
DEU,Germany,2008,11.9,,,,11.9,11.624795,,,,,1,EUS,,
DEU,Germany,1887,1.085606,,,,,,1.981328,,,,.5479184,Mitchell,,
DEU,Germany,1892,1.411867,,,,,,2.576784,,,,.5479184,Mitchell,,
DEU,Germany,1983,11.03725,,,,,,20.14397,,,,.5479184,Mitchell,,
DEU,Germany,2005,11,,,,11,10.711826,,,,,1,EUS,,
DEU,Germany,2009,12.1,,,,12.1,11.830276,,,,,1,EUS,,
DEU,Germany,2000,11.9,,,,11.9,11.658715,,,,,1,EUS,,
DEU,Germany,1872,.5569147,,,,,,1.016419,,,,.5479184,Mitchell,,
DEU,Germany,1903,1.304416,,,,,,2.380676,,,,.5479184,Mitchell,,
DEU,Germany,2004,10.7,,,,10.7,10.480323,,,,,1,EUS,,
DEU,Germany,1970,9.901265,,,,,,18.07069,,,,.5479184,Mitchell,,
DEU,Germany,2016,12.1,,,,12.1,11.831132,,,,,1,EUS,,
DEU,Germany,1962,9.923411,,,,,,18.11111,,,,.5479184,Mitchell,,
DEU,Germany,1931,5.832009,,,,,,10.64394,,,,.5479184,Mitchell,,
DEU,Germany,1898,1.492207,,,,,,2.72341,,,,.5479184,Mitchell,,
DEU,Germany,1999,11.8,,,,11.8,11.411392,,,,,1,EUS,,
DEU,Germany,1952,9.870589,,,,,,18.01471,,,,.5479184,Mitchell,,
DEU,Germany,2011,12,,,,12,11.746955,,,,,1,EUS,,
DEU,Germany,1875,.7298771,,,,,,1.332091,,,,.5479184,Mitchell,,
DEU,Germany,2014,12.3,,,,12.3,12.047388,,,,,1,EUS,,
DEU,Germany,1989,11.2093,,,,,,20.45798,,,,.5479184,Mitchell,,
DEU,Germany,1938,8.819033,,,,,,16.09552,,,,.5479184,Mitchell,,
DEU,Germany,1996,11.3,,,,11.3,10.861264,,,,,1,EUS,,
DEU,Germany,1878,.7081188,,,,,,1.29238,,,,.5479184,Mitchell,,
DEU,Germany,1957,9.23344,,,,,,16.85185,,,,.5479184,Mitchell,,
DEU,Germany,1902,1.403775,,,,,,2.562015,,,,.5479184,Mitchell,,
DEU,Germany,1991,11.74492,,,,,11.587261,21.43553,,,,.5479184,Mitchell,,
DEU,Germany,1998,11.2,,,,11.2,10.792707,,,,,1,EUS,,
DEU,Germany,2017,12.2,,,,12.2,11.980691,,,,,1,EUS,,
DEU,Germany,2024,11.1,,,,11.1,,,,,,1,EUS,,
DEU,Germany,1909,1.388386,,,,,,2.533928,,,,.5479184,Mitchell,,
DEU,Germany,1922,,,,,,,,,,,.5479184,Mitchell,,
DEU,Germany,1943,,,,,,,,,,,.5479184,Mitchell,,
DEU,Germany,1953,9.87744,,,,,,18.02721,,,,.5479184,Mitchell,,
DEU,Germany,1891,1.552403,,,,,,2.833274,,,,.5479184,Mitchell,,
DEU,Germany,1873,.8027998,,,,,,1.465181,,,,.5479184,Mitchell,,
DEU,Germany,1972,10.26682,,,,,,18.73786,,,,.5479184,Mitchell,,
DEU,Germany,1927,4.820315,,,,,,8.797504,,,,.5479184,Mitchell,,
DEU,Germany,2002,11.1,,,,11.1,10.834413,,,,,1,EUS,,
DEU,Germany,1900,1.362704,,,,,,2.487056,,,,.5479184,Mitchell,,
DEU,Germany,1988,10.73483,,,,,,19.59203,,,,.5479184,Mitchell,,
DEU,Germany,1961,9.799629,,,,,,17.8852,,,,.5479184,Mitchell,,
DEU,Germany,1877,.733117,,,,,,1.338004,,,,.5479184,Mitchell,,
DEU,Germany,1884,1.022545,,,,,,1.866235,,,,.5479184,Mitchell,,
DEU,Germany,1920,,,,,,,,,,,.5479184,Mitchell,,
DEU,Germany,1993,11.7736,,,,,11.418394,21.48787,,,,.5479184,Mitchell,1,2
DEU,Germany,1941,,,,,,,,,,,.5479184,Mitchell,,
DEU,Germany,1975,10.53689,,,,,,19.23077,,,,.5479184,Mitchell,,
DEU,Germany,2012,12.2,,,,12.2,11.909777,,,,,1,EUS,,
DEU,Germany,1963,10.0236,,,,,,18.29396,,,,.5479184,Mitchell,,
DEU,Germany,1904,1.260919,,,,,,2.30129,,,,.5479184,Mitchell,,
DEU,Germany,1985,11.06939,,,,,,20.20263,,,,.5479184,Mitchell,,
DEU,Germany,1978,11.6406,,,,,,21.24514,,,,.5479184,Mitchell,,
DEU,Germany,1910,1.449228,,,,,,2.644971,,,,.5479184,Mitchell,,
DEU,Germany,1912,1.429223,,,,,,2.608459,,,,.5479184,Mitchell,,
DEU,Germany,1984,10.93958,,,,,,19.96571,,,,.5479184,Mitchell,,
DEU,Germany,1937,7.797028,,,,,,14.23027,,,,.5479184,Mitchell,,
DEU,Germany,1968,9.667943,,,,,,17.64486,,,,.5479184,Mitchell,,
DEU,Germany,1924,,,,,,,,,,,.5479184,Mitchell,,
DEU,Germany,1928,4.955567,,,,,,9.044353,,,,.5479184,Mitchell,,
DEU,Germany,1981,11.17611,,,,,,20.39739,,,,.5479184,Mitchell,,
DEU,Germany,1881,1.09394,,,,,,1.996538,,,,.5479184,Mitchell,,
DEU,Germany,1992,12.35342,,,,,11.700051,22.5461,,,,.5479184,Mitchell,,
DEU,Germany,1906,1.256452,,,,,,2.293138,,,,.5479184,Mitchell,,
DEU,Germany,1883,.9946116,,,,,,1.815255,,,,.5479184,Mitchell,,
DEU,Germany,1987,10.78056,,,,,,19.67549,,,,.5479184,Mitchell,,
DEU,Germany,1950,7.67534,,,,,,14.00818,,,,.5479184,Mitchell,,
DEU,Germany,1880,.9109282,,,,,,1.662525,,,,.5479184,Mitchell,,
DEU,Germany,1933,5.607177,,,,,,10.2336,,,,.5479184,Mitchell,,
DEU,Germany,1960,9.858604,,,,,,17.99283,,,,.5479184,Mitchell,,
DEU,Germany,2013,12.3,,,,12.3,12.091843,,,,,1,EUS,,
DEU,Germany,1964,10.01459,,,,,,18.27751,,,,.5479184,Mitchell,,
DEU,Germany,1893,1.365466,,,,,,2.492097,,,,.5479184,Mitchell,,
DEU,Germany,1888,1.232526,,,,,,2.249469,,,,.5479184,Mitchell,,
DEU,Germany,2010,11.6,,,,11.6,11.300964,,,,,1,EUS,,
DEU,Germany,1969,10.58208,,,,,,19.31323,,,,.5479184,Mitchell,,
DEU,Germany,1959,9.233845,,,,,,16.85259,,,,.5479184,Mitchell,,
DEU,Germany,1936,7.144228,,,,,,13.03885,,,,.5479184,Mitchell,,
DEU,Germany,1976,10.65071,,,,,,19.4385,,,,.5479184,Mitchell,,
DEU,Germany,1890,1.446397,,,,,,2.639804,,,,.5479184,Mitchell,,
DEU,Germany,2003,11.3,,,,11.3,11.007582,,,,,1,EUS,,
DEU,Germany,2001,11.2,,,,11.2,10.956261,,,,,1,EUS,,
DEU,Germany,1966,9.797143,,,,,,17.88066,,,,.5479184,Mitchell,,
DEU,Germany,1916,,,,,,,,,,,.5479184,Mitchell,,
DEU,Germany,1949,,,,,,,,,,,.5479184,Mitchell,,
DEU,Germany,1901,1.41585,,,,,,2.584053,,,,.5479184,Mitchell,,
DEU,Germany,2007,11.7,,,,11.7,11.468087,,,,,1,EUS,,
DEU,Germany,1925,4.73345,,,,,,8.638968,,,,.5479184,Mitchell,,
DEU,Germany,2021,11.7,,,,11.7,11.495188,,,,,1,EUS,,
DJI,Djibouti,2017,13.48355,13.48355,,,,,,,,,1,AFRISTAT,,
DJI,Djibouti,2019,12.98834,12.98834,,,,,,,,,1,AFRISTAT,,
DJI,Djibouti,2014,14.01227,14.01227,,,,,,,,,1,AFRISTAT,,
DJI,Djibouti,2008,19.71142,19.71142,,,,,,,,,1,AFRISTAT,,
DJI,Djibouti,2013,15.16486,15.16486,,,,,,,,,1,AFRISTAT,,
DJI,Djibouti,2009,20.0591,20.0591,,,,,,,,,1,AFRISTAT,,
DJI,Djibouti,2016,14.01863,14.01863,,,,,,,,,1,AFRISTAT,,
DJI,Djibouti,2010,20.2415,20.2415,,,,,,,,,1,AFRISTAT,,
DJI,Djibouti,2005,24.37688,24.37688,,,,,,,,,1,AFRISTAT,,
DJI,Djibouti,2021,11.95745,11.95745,,,,,,,,,1,AFRISTAT,,
DJI,Djibouti,2011,24.42989,24.42989,,,,,,,,,1,AFRISTAT,,
DJI,Djibouti,2006,23.85744,23.85744,,,,,,,,,1,AFRISTAT,,
DJI,Djibouti,2007,20.50527,20.50527,,,,,,,,,1,AFRISTAT,,
DJI,Djibouti,2012,19.99426,19.99426,,,,,,,,,1,AFRISTAT,,
DJI,Djibouti,2015,15.22517,15.22517,,,,,,,,,1,AFRISTAT,,
DJI,Djibouti,2020,11.79357,11.79357,,,,,,,,,1,AFRISTAT,,
DJI,Djibouti,2022,11.65532,11.65532,,,,,,,,,1,AFRISTAT,,
DJI,Djibouti,2018,13.69297,13.69297,,,,,,,,,1,AFRISTAT,,
DNK,Denmark,1924,5.31526,,,,,,5.31526,,,,1,Mitchell,,
DNK,Denmark,2004,31.5,,,,31.5,31.235684,,,,,1,EUS,,
DNK,Denmark,1968,30.73908,,,,,,30.73908,,,,1,Mitchell,,
DNK,Denmark,1931,6.165021,,,,,,6.165021,,,,1,Mitchell,,
DNK,Denmark,1977,39.79167,,,,,,39.79167,,,,1,Mitchell,,
DNK,Denmark,1982,42.67003,,,,,,42.67003,,,,1,Mitchell,,
DNK,Denmark,1945,9.3,,,,,,9.3,,,,1,Mitchell,,
DNK,Denmark,1946,12.44595,,,,,,12.44595,,,,1,Mitchell,,
DNK,Denmark,2013,34,,,,34,33.796129,,,,,1,EUS,,
DNK,Denmark,1944,9.67509,,,,,,9.67509,,,,1,Mitchell,,
DNK,Denmark,1895,4.427334,,,,,,4.427334,,,,1,Mitchell,,
DNK,Denmark,1886,4.395605,,,,,,4.395605,,,,1,Mitchell,,
DNK,Denmark,1929,5.54981,,,,,,5.54981,,,,1,Mitchell,,
DNK,Denmark,1973,42.68456,,,,,,42.68456,,,,1,Mitchell,,
DNK,Denmark,1986,42.26727,,,,,,42.26727,,,,1,Mitchell,,
DNK,Denmark,1893,4.2,,,,,,4.2,,,,1,Mitchell,,
DNK,Denmark,1875,4.084158,,,,,,4.084158,,,,1,Mitchell,,
DNK,Denmark,1897,4.557885,,,,,,4.557885,,,,1,Mitchell,,
DNK,Denmark,1862,3.658537,,,,,,3.658537,,,,1,Mitchell,,
DNK,Denmark,1974,40.52941,,,,,,40.52941,,,,1,Mitchell,,
DNK,Denmark,1904,4.124408,,,,,,4.124408,,,,1,Mitchell,,
DNK,Denmark,1942,9.446461,,,,,,9.446461,,,,1,Mitchell,,
DNK,Denmark,2017,33.5,,,,33.5,33.279716,,,,,1,EUS,,
DNK,Denmark,1890,4.041451,,,,,,4.041451,,,,1,Mitchell,,
DNK,Denmark,1927,5.791651,,,,,,5.791651,,,,1,Mitchell,,
DNK,Denmark,1903,3.967168,,,,,,3.967168,,,,1,Mitchell,,
DNK,Denmark,1899,4.43714,,,,,,4.43714,,,,1,Mitchell,,
DNK,Denmark,1940,10.09281,,,,,,10.09281,,,,1,Mitchell,,
DNK,Denmark,2003,30.6,,,,30.6,30.273898,,,,,1,EUS,,
DNK,Denmark,2020,34.7,,,,34.7,34.470964,,,,,1,EUS,,
DNK,Denmark,1950,12.66204,,,,,,12.66204,,,,1,Mitchell,,
DNK,Denmark,1877,4.010349,,,,,,4.010349,,,,1,Mitchell,,
DNK,Denmark,1885,4.512195,,,,,,4.512195,,,,1,Mitchell,,
DNK,Denmark,2006,32.2,,,,32.2,31.892868,,,,,1,EUS,,
DNK,Denmark,1891,3.968254,,,,,,3.968254,,,,1,Mitchell,,
DNK,Denmark,1934,7.440925,,,,,,7.440925,,,,1,Mitchell,,
DNK,Denmark,1865,4.173913,,,,,,4.173913,,,,1,Mitchell,,
DNK,Denmark,1884,4.529202,,,,,,4.529202,,,,1,Mitchell,,
DNK,Denmark,1983,38.14815,,,,,,38.14815,,,,1,Mitchell,,
DNK,Denmark,1883,4.262673,,,,,,4.262673,,,,1,Mitchell,,
DNK,Denmark,1857,4.065041,,,,,,4.065041,,,,1,Mitchell,,
DNK,Denmark,1864,4.158416,,,,,,4.158416,,,,1,Mitchell,,
DNK,Denmark,1866,3.722504,,,,,,3.722504,,,,1,Mitchell,,
DNK,Denmark,1867,3.785489,,,,,,3.785489,,,,1,Mitchell,,
DNK,Denmark,1868,4.141104,,,,,,4.141104,,,,1,Mitchell,,
DNK,Denmark,1887,4.474002,,,,,,4.474002,,,,1,Mitchell,,
DNK,Denmark,1981,43.68116,,,,,,43.68116,,,,1,Mitchell,,
DNK,Denmark,1882,4.235294,,,,,,4.235294,,,,1,Mitchell,,
DNK,Denmark,1907,4.025302,,,,,,4.025302,,,,1,Mitchell,,
DNK,Denmark,1935,7.115987,,,,,,7.115987,,,,1,Mitchell,,
DNK,Denmark,1869,3.74415,,,,,,3.74415,,,,1,Mitchell,,
DNK,Denmark,1919,4.689916,,,,,,4.689916,,,,1,Mitchell,,
DNK,Denmark,2007,35.5,,,,35.5,35.141847,,,,,1,EUS,,
DNK,Denmark,1937,7.029828,,,,,,7.029828,,,,1,Mitchell,,
DNK,Denmark,1938,7.718925,,,,,,7.718925,,,,1,Mitchell,,
DNK,Denmark,1943,9.014423,,,,,,9.014423,,,,1,Mitchell,,
DNK,Denmark,1915,3.152061,,,,,,3.152061,,,,1,Mitchell,,
DNK,Denmark,1989,50.23468,,,,,,50.23468,,,,1,Mitchell,,
DNK,Denmark,1954,14.56159,,,,,,14.56159,,,,1,Mitchell,,
DNK,Denmark,1955,15.38676,,,,,,15.38676,,,,1,Mitchell,,
DNK,Denmark,1958,17.14118,,,,,,17.14118,,,,1,Mitchell,,
DNK,Denmark,1959,17.60962,,,,,,17.60962,,,,1,Mitchell,,
DNK,Denmark,1962,20.22244,,,,,,20.22244,,,,1,Mitchell,,
DNK,Denmark,1964,22.68412,,,,,,22.68412,,,,1,Mitchell,,
DNK,Denmark,1971,40.98214,,,,,,40.98214,,,,1,Mitchell,,
DNK,Denmark,1980,43.51266,,,,,,43.51266,,,,1,Mitchell,,
DNK,Denmark,1988,41.1612,,,,,,41.1612,,,,1,Mitchell,,
DNK,Denmark,1967,26.34188,,,,,,26.34188,,,,1,Mitchell,,
DNK,Denmark,1991,47.9831,,,,,,47.9831,,,,1,Mitchell,,
DNK,Denmark,1993,49.02634,,,,,,49.02634,,,,1,Mitchell,1,1
DNK,Denmark,1979,43.5274,,,,,,43.5274,,,,1,Mitchell,,
DNK,Denmark,1995,32,,,,32,31.735542,,,,,1,EUS,,
DNK,Denmark,1997,32.1,,,,32.1,31.822111,,,,,1,EUS,,
DNK,Denmark,2000,31.9,,,,31.9,31.500932,,,,,1,EUS,,
DNK,Denmark,2011,33.1,,,,33.1,32.808953,,,,,1,EUS,,
DNK,Denmark,2014,36.8,,,,36.8,36.585058,,,,,1,EUS,,
DNK,Denmark,1879,4.216074,,,,,,4.216074,,,,1,Mitchell,,
DNK,Denmark,2019,35.2,,,,35.2,34.977386,,,,,1,EUS,,
DNK,Denmark,2021,35.3,,,,35.3,35.003998,,,,,1,EUS,,
DNK,Denmark,1861,3.6,,,,,,3.6,,,,1,Mitchell,,
DNK,Denmark,2023,32.1,,,,32.1,31.404161,,,,,1,EUS,,
DNK,Denmark,2005,33.3,,,,33.3,32.989682,,,,,1,EUS,,
DNK,Denmark,1888,4.637337,,,,,,4.637337,,,,1,Mitchell,,
DNK,Denmark,2010,33,,,,33,32.763711,,,,,1,EUS,,
DNK,Denmark,1961,17.73348,,,,,,17.73348,,,,1,Mitchell,,
DNK,Denmark,2015,34.4,,,,34.4,34.156041,,,,,1,EUS,,
DNK,Denmark,1902,4.011461,,,,,,4.011461,,,,1,Mitchell,,
DNK,Denmark,1965,24.20937,,,,,,24.20937,,,,1,Mitchell,,
DNK,Denmark,1922,5.789863,,,,,,5.789863,,,,1,Mitchell,,
DNK,Denmark,1871,4.233577,,,,,,4.233577,,,,1,Mitchell,,
DNK,Denmark,1905,4.043646,,,,,,4.043646,,,,1,Mitchell,,
DNK,Denmark,1996,32.3,,,,32.3,32.029247,,,,,1,EUS,,
DNK,Denmark,1892,4.079602,,,,,,4.079602,,,,1,Mitchell,,
DNK,Denmark,1870,4.035874,,,,,,4.035874,,,,1,Mitchell,,
DNK,Denmark,1894,4.242424,,,,,,4.242424,,,,1,Mitchell,,
DNK,Denmark,1926,6.040875,,,,,,6.040875,,,,1,Mitchell,,
DNK,Denmark,1860,3.663793,,,,,,3.663793,,,,1,Mitchell,,
DNK,Denmark,1975,37.19577,,,,,,37.19577,,,,1,Mitchell,,
DNK,Denmark,1856,4.184101,,,,,,4.184101,,,,1,Mitchell,,
DNK,Denmark,1957,16.65443,,,,,,16.65443,,,,1,Mitchell,,
DNK,Denmark,1896,4.438149,,,,,,4.438149,,,,1,Mitchell,,
DNK,Denmark,1909,3.227571,,,,,,3.227571,,,,1,Mitchell,,
DNK,Denmark,1853,4.176904,,,,,,4.176904,,,,1,Mitchell,,
DNK,Denmark,1936,7.10015,,,,,,7.10015,,,,1,Mitchell,,
DNK,Denmark,1874,3.708282,,,,,,3.708282,,,,1,Mitchell,,
DNK,Denmark,1994,,,,,,,,,,,1,EUS,,
DNK,Denmark,1878,4.08971,,,,,,4.08971,,,,1,Mitchell,,
DNK,Denmark,1992,49.85899,,,,,,49.85899,,,,1,Mitchell,,
DNK,Denmark,1912,3.427513,,,,,,3.427513,,,,1,Mitchell,,
DNK,Denmark,1917,3.622283,,,,,,3.622283,,,,1,Mitchell,,
DNK,Denmark,1913,3.476749,,,,,,3.476749,,,,1,Mitchell,,
DNK,Denmark,1978,37.39622,,,,,,37.39622,,,,1,Mitchell,,
DNK,Denmark,2001,30.5,,,,30.5,30.192665,,,,,1,EUS,,
DNK,Denmark,1914,3.202847,,,,,,3.202847,,,,1,Mitchell,,
DNK,Denmark,1969,32.009,,,,,,32.009,,,,1,Mitchell,,
DNK,Denmark,1855,4.051173,,,,,,4.051173,,,,1,Mitchell,,
DNK,Denmark,2008,33.7,,,,33.7,33.422776,,,,,1,EUS,,
DNK,Denmark,1990,49.54944,,,,,,49.54944,,,,1,Mitchell,,
DNK,Denmark,1956,16.51634,,,,,,16.51634,,,,1,Mitchell,,
DNK,Denmark,1858,3.736264,,,,,,3.736264,,,,1,Mitchell,,
DNK,Denmark,2022,30.9,,,,30.9,30.669271,,,,,1,EUS,,
DNK,Denmark,1925,5.704535,,,,,,5.704535,,,,1,Mitchell,,
DNK,Denmark,1947,13.3865,,,,,,13.3865,,,,1,Mitchell,,
DNK,Denmark,1920,6.90914,,,,,,6.90914,,,,1,Mitchell,,
DNK,Denmark,1876,3.846154,,,,,,3.846154,,,,1,Mitchell,,
DNK,Denmark,1985,40.09756,,,,,,40.09756,,,,1,Mitchell,,
DNK,Denmark,2009,33.3,,,,33.3,32.976762,,,,,1,EUS,,
DNK,Denmark,1963,22.57196,,,,,,22.57196,,,,1,Mitchell,,
DNK,Denmark,1898,4.494382,,,,,,4.494382,,,,1,Mitchell,,
DNK,Denmark,1960,17.57284,,,,,,17.57284,,,,1,Mitchell,,
DNK,Denmark,1976,38.48624,,,,,,38.48624,,,,1,Mitchell,,
DNK,Denmark,1859,3.640257,,,,,,3.640257,,,,1,Mitchell,,
DNK,Denmark,1918,3.252203,,,,,,3.252203,,,,1,Mitchell,,
DNK,Denmark,1901,3.862974,,,,,,3.862974,,,,1,Mitchell,,
DNK,Denmark,1863,3.838384,,,,,,3.838384,,,,1,Mitchell,,
DNK,Denmark,1984,38.53098,,,,,,38.53098,,,,1,Mitchell,,
DNK,Denmark,1941,9.154066,,,,,,9.154066,,,,1,Mitchell,,
DNK,Denmark,1928,5.444179,,,,,,5.444179,,,,1,Mitchell,,
DNK,Denmark,1910,3.277836,,,,,,3.277836,,,,1,Mitchell,,
DNK,Denmark,1939,8.096469,,,,,,8.096469,,,,1,Mitchell,,
DNK,Denmark,2018,32.6,,,,32.6,32.383927,,,,,1,EUS,,
DNK,Denmark,1908,4.004512,,,,,,4.004512,,,,1,Mitchell,,
DNK,Denmark,1952,13.828,,,,,,13.828,,,,1,Mitchell,,
DNK,Denmark,1854,3.99061,,,,,,3.99061,,,,1,Mitchell,,
DNK,Denmark,1921,7.162582,,,,,,7.162582,,,,1,Mitchell,,
DNK,Denmark,1906,3.995083,,,,,,3.995083,,,,1,Mitchell,,
DNK,Denmark,1880,3.928571,,,,,,3.928571,,,,1,Mitchell,,
DNK,Denmark,2024,33.5,,,,33.5,,,,,,1,EUS,,
DNK,Denmark,1930,5.836985,,,,,,5.836985,,,,1,Mitchell,,
DNK,Denmark,1873,3.713188,,,,,,3.713188,,,,1,Mitchell,,
DNK,Denmark,1966,26.2075,,,,,,26.2075,,,,1,Mitchell,,
DNK,Denmark,1970,38.75,,,,,,38.75,,,,1,Mitchell,,
DNK,Denmark,1923,5.489221,,,,,,5.489221,,,,1,Mitchell,,
DNK,Denmark,1881,4.171633,,,,,,4.171633,,,,1,Mitchell,,
DNK,Denmark,1900,4.08472,,,,,,4.08472,,,,1,Mitchell,,
DNK,Denmark,2002,30.5,,,,30.5,30.193697,,,,,1,EUS,,
DNK,Denmark,1933,6.865238,,,,,,6.865238,,,,1,Mitchell,,
DNK,Denmark,1953,14.38491,,,,,,14.38491,,,,1,Mitchell,,
DNK,Denmark,2012,33.8,,,,33.8,33.514674,,,,,1,EUS,,
DNK,Denmark,1932,5.907668,,,,,,5.907668,,,,1,Mitchell,,
DNK,Denmark,1999,32.5,,,,32.5,32.089317,,,,,1,EUS,,
DNK,Denmark,1911,3.315456,,,,,,3.315456,,,,1,Mitchell,,
DNK,Denmark,1872,3.878116,,,,,,3.878116,,,,1,Mitchell,,
DNK,Denmark,1948,13.99435,,,,,,13.99435,,,,1,Mitchell,,
DNK,Denmark,1889,4.372197,,,,,,4.372197,,,,1,Mitchell,,
DNK,Denmark,1949,13.0582,,,,,,13.0582,,,,1,Mitchell,,
DNK,Denmark,1987,42.24286,,,,,,42.24286,,,,1,Mitchell,,
DNK,Denmark,1951,13.42308,,,,,,13.42308,,,,1,Mitchell,,
DNK,Denmark,1972,41.00775,,,,,,41.00775,,,,1,Mitchell,,
DNK,Denmark,1916,2.681179,,,,,,2.681179,,,,1,Mitchell,,
DNK,Denmark,1998,32.5,,,,32.5,32.207071,,,,,1,EUS,,
DNK,Denmark,2016,33.7,,,,33.7,33.490315,,,,,1,EUS,,
DOM,Dominican Republic,2018,13.09964,,,,,13.099635,,,,,1,IMF_GFS,,
DOM,Dominican Republic,2004,12.52188,,,,,12.521884,,,,,1,IMF_GFS,,
DOM,Dominican Republic,2017,13.08704,,,,,13.087036,,,,,1,IMF_GFS,,
DOM,Dominican Republic,2011,12.29763,,,,,12.297626,,,,,1,IMF_GFS,,
DOM,Dominican Republic,2007,14.88627,,,,,14.886268,,,,,1,IMF_GFS,,
DOM,Dominican Republic,2005,13.69816,,,,,13.698161,,,,,1,IMF_GFS,,
DOM,Dominican Republic,2023,14.39455,,,,,14.394547,,,,,1,IMF_GFS,,
DOM,Dominican Republic,2010,12.2074,,,,,12.207401,,,,,1,IMF_GFS,,
DOM,Dominican Republic,2013,13.50354,,,,,13.503536,,,,,1,IMF_GFS,,
DOM,Dominican Republic,2003,11.74514,,,,,11.745143,,,,,1,IMF_GFS,,
DOM,Dominican Republic,2015,12.91049,,,,,12.910487,,,,,1,IMF_GFS,,
DOM,Dominican Republic,2014,13.38645,,,,,13.386447,,,,,1,IMF_GFS,,
DOM,Dominican Republic,2009,12.63591,,,,,12.635909,,,,,1,IMF_GFS,,
DOM,Dominican Republic,2016,12.98613,,,,,12.98613,,,,,1,IMF_GFS,,
DOM,Dominican Republic,2022,13.89884,,,,,13.898842,,,,,1,IMF_GFS,,
DOM,Dominican Republic,2021,14.45606,,,,,14.456057,,,,,1,IMF_GFS,,
DOM,Dominican Republic,2008,14.16105,,,,,14.161054,,,,,1,IMF_GFS,,
DOM,Dominican Republic,2019,13.38153,,,,,13.381534,,,,,1,IMF_GFS,,
DOM,Dominican Republic,2020,12.46176,,,,,12.461758,,,,,1,IMF_GFS,,
DOM,Dominican Republic,2006,13.99476,,,,,13.99476,,,,,1,IMF_GFS,,
DOM,Dominican Republic,2012,13.02648,,,,,13.026483,,,,,1,IMF_GFS,,
ECU,Ecuador,2020,12.49494,,,,,12.494941,,,,,1,IMF_GFS,,
ECU,Ecuador,2018,14.28151,,,,,14.281514,,,,,1,IMF_GFS,,
ECU,Ecuador,2015,16.04559,,,,,16.045589,,,,,1,IMF_GFS,,
ECU,Ecuador,2013,14.33712,,,,,14.337121,,,,,1,IMF_GFS,,
ECU,Ecuador,2021,12.85742,,,,,12.857415,,,,,1,IMF_GFS,,
ECU,Ecuador,2022,13.06366,,,,,13.063655,,,,,1,IMF_GFS,,
ECU,Ecuador,2016,14.21201,,,,,14.21201,,,,,1,IMF_GFS,,
ECU,Ecuador,2014,14.15733,,,,,14.157326,,,,,1,IMF_GFS,,
ECU,Ecuador,2017,13.71183,,,,,13.711831,,,,,1,IMF_GFS,,
ECU,Ecuador,2019,13.3374,,,,,13.337401,,,,,1,IMF_GFS,,
EGY,Egypt,2007,14.59839,,,,,14.59839,,,,,1,IMF_GFS,,
EGY,Egypt,2006,15.05457,,,,,15.054568,,,,,1,IMF_GFS,,
EGY,Egypt,2010,13.43833,,,,,13.438329,,,,,1,IMF_GFS,,
EGY,Egypt,2008,14.5705,,,,,14.570498,,,,,1,IMF_GFS,,
EGY,Egypt,2004,13.15863,,,,,13.158628,,,,,1,IMF_GFS,,
EGY,Egypt,2011,13.32283,,,,,13.322833,,,,,1,IMF_GFS,,
EGY,Egypt,2009,14.89465,,,,,14.894648,,,,,1,IMF_GFS,,
EGY,Egypt,2005,13.3799,,,,,13.379895,,,,,1,IMF_GFS,,
EGY,Egypt,2003,12.69638,,,,,12.696385,,,,,1,IMF_GFS,,
EGY,Egypt,2002,12.75137,,,,,12.751373,,,,,1,IMF_GFS,,
ESP,Spain,1980,9.884755,,,,,,9.884755,,,,1,Mitchell,,
ESP,Spain,1973,9.10628,,,,,,9.10628,,,,1,Mitchell,,
ESP,Spain,2018,14.9,,,,14.9,14.125496,,,,,1,EUS,,
ESP,Spain,1959,8.247734,,,,,,8.247734,,,,1,Mitchell,,
ESP,Spain,1912,7.317461,,,,,,7.317461,,,,1,Mitchell,,
ESP,Spain,1908,7.058824,,,,,,7.058824,,,,1,Mitchell,,
ESP,Spain,1965,7.076483,,,,,,7.076483,,,,1,Mitchell,,
ESP,Spain,1949,8.258278,,,,,,8.258278,,,,1,Mitchell,,
ESP,Spain,1929,8.04088,,,,,,8.04088,,,,1,Mitchell,,
ESP,Spain,1969,7.268019,,,,,,7.268019,,,,1,Mitchell,,
ESP,Spain,1958,7.647976,,,,,,7.647976,,,,1,Mitchell,,
ESP,Spain,1966,7.36094,,,,,,7.36094,,,,1,Mitchell,,
ESP,Spain,1945,3.962436,,,,,,3.962436,,,,1,Mitchell,,
ESP,Spain,1984,10.90909,,,,,,10.90909,,,,1,Mitchell,,
ESP,Spain,1903,7.626168,,,,,,7.626168,,,,1,Mitchell,,
ESP,Spain,1930,8.114285,,,,,,8.114285,,,,1,Mitchell,,
ESP,Spain,1953,8.717949,,,,,,8.717949,,,,1,Mitchell,,
ESP,Spain,2006,16.8,,,,16.8,15.842766,,,,,1,EUS,,
ESP,Spain,1960,9.33726,,,,,,9.33726,,,,1,Mitchell,,
ESP,Spain,1981,9.832795,,,,,,9.832795,,,,1,Mitchell,,
ESP,Spain,1934,6.696275,,,,,,6.696275,,,,1,Mitchell,,
ESP,Spain,1950,8.131868,,,,,,8.131868,,,,1,Mitchell,,
ESP,Spain,1962,8.25607,,,,,,8.25607,,,,1,Mitchell,,
ESP,Spain,2001,16.7,,,,16.7,15.608638,,,,,1,EUS,,
ESP,Spain,1963,7.408793,,,,,,7.408793,,,,1,Mitchell,,
ESP,Spain,1906,7.557522,,,,,,7.557522,,,,1,Mitchell,,
ESP,Spain,2002,15.8,,,,15.8,14.740365,,,,,1,EUS,,
ESP,Spain,1923,7.122676,,,,,,7.122676,,,,1,Mitchell,,
ESP,Spain,2019,14.4,,,,14.4,13.658023,,,,,1,EUS,,
ESP,Spain,1926,3.212219,,,,,,3.212219,,,,1,Mitchell,,
ESP,Spain,2020,14.3,,,,14.3,13.446256,,,,,1,EUS,,
ESP,Spain,1986,15.27348,,,,,,15.27348,,,,1,Mitchell,,
ESP,Spain,1920,3.866261,,,,,,3.866261,,,,1,Mitchell,,
ESP,Spain,1901,7.862745,,,,,,7.862745,,,,1,Mitchell,,
ESP,Spain,2013,14.5,,,,14.5,13.544653,,,,,1,EUS,,
ESP,Spain,2000,16.9,,,,16.9,15.821017,,,,,1,EUS,,
ESP,Spain,1961,8.108109,,,,,,8.108109,,,,1,Mitchell,,
ESP,Spain,1928,7.835484,,,,,,7.835484,,,,1,Mitchell,,
ESP,Spain,1911,7.086614,,,,,,7.086614,,,,1,Mitchell,,
ESP,Spain,2023,15.7,,,,15.7,14.992752,,,,,1,EUS,,
ESP,Spain,2010,13.4,,,,13.4,12.355254,,,,,1,EUS,,
ESP,Spain,1925,6.482428,,,,,,6.482428,,,,1,Mitchell,,
ESP,Spain,1918,3.490843,,,,,,3.490843,,,,1,Mitchell,,
ESP,Spain,1910,7.308333,,,,,,7.308333,,,,1,Mitchell,,
ESP,Spain,2014,15,,,,15,14.048235,,,,,1,EUS,,
ESP,Spain,1902,7.644231,,,,,,7.644231,,,,1,Mitchell,,
ESP,Spain,1941,8.830688,,,,,,8.830688,,,,1,Mitchell,,
ESP,Spain,1975,8.454636,,,,,,8.454636,,,,1,Mitchell,,
ESP,Spain,1944,10.10963,,,,,,10.10963,,,,1,Mitchell,,
ESP,Spain,1971,8.811644,,,,,,8.811644,,,,1,Mitchell,,
ESP,Spain,2011,12.9,,,,12.9,11.825693,,,,,1,EUS,,
ESP,Spain,1996,16.8,,,,16.8,15.631379,,,,,1,EUS,,
ESP,Spain,1909,6.878049,,,,,,6.878049,,,,1,Mitchell,,
ESP,Spain,1905,7.276786,,,,,,7.276786,,,,1,Mitchell,,
ESP,Spain,1942,9.170992,,,,,,9.170992,,,,1,Mitchell,,
ESP,Spain,1979,8.980276,,,,,,8.980276,,,,1,Mitchell,,
ESP,Spain,1976,8.26652,,,,,,8.26652,,,,1,Mitchell,,
ESP,Spain,1940,6.939867,,,,,,6.939867,,,,1,Mitchell,,
ESP,Spain,1977,8.210939,,,,,,8.210939,,,,1,Mitchell,,
ESP,Spain,1914,6.465278,,,,,,6.465278,,,,1,Mitchell,,
ESP,Spain,1974,8.257546,,,,,,8.257546,,,,1,Mitchell,,
ESP,Spain,1932,7.890577,,,,,,7.890577,,,,1,Mitchell,,
ESP,Spain,1985,13.18748,,,,,,13.18748,,,,1,Mitchell,,
ESP,Spain,1936,,,,,,,,,,,1,Mitchell,,
ESP,Spain,1989,,,,,,,,,,,1,EUS,,
ESP,Spain,1957,7.21223,,,,,,7.21223,,,,1,Mitchell,,
ESP,Spain,1954,8.881356,,,,,,8.881356,,,,1,Mitchell,,
ESP,Spain,1916,4.59,,,,,,4.59,,,,1,Mitchell,,
ESP,Spain,2009,11.2,,,,11.2,10.189284,,,,,1,EUS,,
ESP,Spain,2015,15,,,,15,14.082082,,,,,1,EUS,,
ESP,Spain,1931,7.827586,,,,,,7.827586,,,,1,Mitchell,,
ESP,Spain,2024,15.6,,,,15.6,,,,,,1,EUS,,
ESP,Spain,2012,12.7,,,,12.7,11.706295,,,,,1,EUS,,
ESP,Spain,1951,7.095436,,,,,,7.095436,,,,1,Mitchell,,
ESP,Spain,2007,17.3,,,,17.3,16.394736,,,,,1,EUS,,
ESP,Spain,1999,17.1,,,,17.1,15.924616,,,,,1,EUS,,
ESP,Spain,1922,6.758755,,,,,,6.758755,,,,1,Mitchell,,
ESP,Spain,2003,15.3,,,,15.3,14.313122,,,,,1,EUS,,
ESP,Spain,1993,,,,,,,,,,,1,EUS,,
ESP,Spain,1967,7.39274,,,,,,7.39274,,,,1,Mitchell,,
ESP,Spain,1998,17.1,,,,17.1,15.874822,,,,,1,EUS,,
ESP,Spain,1917,3.65098,,,,,,3.65098,,,,1,Mitchell,,
ESP,Spain,1983,10.50062,,,,,,10.50062,,,,1,Mitchell,,
ESP,Spain,2016,14.6,,,,14.6,13.683839,,,,,1,EUS,,
ESP,Spain,2005,16.4,,,,16.4,15.457882,,,,,1,EUS,,
ESP,Spain,2021,15.7,,,,15.7,14.877529,,,,,1,EUS,,
ESP,Spain,1948,7.846808,,,,,,7.846808,,,,1,Mitchell,,
ESP,Spain,1937,,,,,,,,,,,1,Mitchell,,
ESP,Spain,2008,13.7,,,,13.7,12.773185,,,,,1,EUS,,
ESP,Spain,1904,7.342342,,,,,,7.342342,,,,1,Mitchell,,
ESP,Spain,1972,8.860723,,,,,,8.860723,,,,1,Mitchell,,
ESP,Spain,1982,9.202454,,,,,,9.202454,,,,1,Mitchell,,
ESP,Spain,1964,7.545757,,,,,,7.545757,,,,1,Mitchell,,
ESP,Spain,1947,7.52782,,,,,,7.52782,,,,1,Mitchell,,
ESP,Spain,1938,,,,,,,,,,,1,Mitchell,,
ESP,Spain,1915,5.286585,,,,,,5.286585,,,,1,Mitchell,,
ESP,Spain,1990,,,,,,,,,,,1,EUS,,
ESP,Spain,1924,6.986159,,,,,,6.986159,,,,1,Mitchell,,
ESP,Spain,1927,7.108974,,,,,,7.108974,,,,1,Mitchell,,
ESP,Spain,2017,14.5,,,,14.5,13.625703,,,,,1,EUS,,
ESP,Spain,1994,,,,,,,,,,,1,EUS,,
ESP,Spain,1968,6.892489,,,,,,6.892489,,,,1,Mitchell,,
ESP,Spain,1978,8.883447,,,,,,8.883447,,,,1,Mitchell,,
ESP,Spain,1946,7.576577,,,,,,7.576577,,,,1,Mitchell,,
ESP,Spain,1987,16.48683,,,,,,16.48683,,,,1,Mitchell,1,1
ESP,Spain,1939,,,,,,,,,,,1,Mitchell,,
ESP,Spain,1970,8.78882,,,,,,8.78882,,,,1,Mitchell,,
ESP,Spain,1956,6.919831,,,,,,6.919831,,,,1,Mitchell,,
ESP,Spain,1907,7.162393,,,,,,7.162393,,,,1,Mitchell,,
ESP,Spain,1952,8.249027,,,,,,8.249027,,,,1,Mitchell,,
ESP,Spain,2004,15.7,,,,15.7,14.635973,,,,,1,EUS,,
ESP,Spain,1919,3.293769,,,,,,3.293769,,,,1,Mitchell,,
ESP,Spain,1995,16.8,,,,16.8,15.564932,,,,,1,EUS,,
ESP,Spain,1988,,,,,,,,,,,1,EUS,,
ESP,Spain,1935,7.22093,,,,,,7.22093,,,,1,Mitchell,,
ESP,Spain,1997,16.6,,,,16.6,15.412615,,,,,1,EUS,,
ESP,Spain,1955,6.997579,,,,,,6.997579,,,,1,Mitchell,,
ESP,Spain,2022,16.2,,,,16.2,15.496251,,,,,1,EUS,,
ESP,Spain,1992,,,,,,,,,,,1,EUS,,
ESP,Spain,1933,8.247678,,,,,,8.247678,,,,1,Mitchell,,
ESP,Spain,1921,5.817844,,,,,,5.817844,,,,1,Mitchell,,
ESP,Spain,1913,7.480916,,,,,,7.480916,,,,1,Mitchell,,
ESP,Spain,1943,10.48256,,,,,,10.48256,,,,1,Mitchell,,
ESP,Spain,1991,,,,,,,,,,,1,EUS,,
EST,Estonia,2000,26.3,,,,26.3,19.686177,,,,,1,EUS,,
EST,Estonia,2021,28.1,,,,28.1,21.744713,,,,,1,EUS,,
EST,Estonia,1998,28.8,,,,28.8,22.107352,,,,,1,EUS,,
EST,Estonia,2002,26,,,,26,19.628669,,,,,1,EUS,,
EST,Estonia,2019,27.3,,,,27.3,21.062649,,,,,1,EUS,,
EST,Estonia,2006,25.7,,,,25.7,19.955995,,,,,1,EUS,,
EST,Estonia,2010,26.6,,,,26.6,20.188634,,,,,1,EUS,,
EST,Estonia,2012,25.9,,,,25.9,20.162098,,,,,1,EUS,,
EST,Estonia,2013,26.1,,,,26.1,20.239594,,,,,1,EUS,,
EST,Estonia,2005,24.8,,,,24.8,19.096642,,,,,1,EUS,,
EST,Estonia,2014,26.6,,,,26.6,20.704689,,,,,1,EUS,,
EST,Estonia,1996,28.7,,,,28.7,21.849091,,,,,1,EUS,,
EST,Estonia,2024,29.6,,,,29.6,,,,,,1,EUS,,
EST,Estonia,2009,28.4,,,,28.4,21.717681,,,,,1,EUS,,
EST,Estonia,2016,27.9,,,,27.9,21.677402,,,,,1,EUS,,
EST,Estonia,2011,25.3,,,,25.3,19.446107,,,,,1,EUS,,
EST,Estonia,2001,25.7,,,,25.7,19.204337,,,,,1,EUS,,
EST,Estonia,2003,25.9,,,,25.9,19.824229,,,,,1,EUS,,
EST,Estonia,2020,27.3,,,,27.3,20.724625,,,,,1,EUS,,
EST,Estonia,2018,27,,,,27,20.83327,,,,,1,EUS,,
EST,Estonia,2017,27,,,,27,20.868082,,,,,1,EUS,,
EST,Estonia,1997,28.6,,,,28.6,21.967151,,,,,1,EUS,,
EST,Estonia,2004,26.1,,,,26.1,20.228354,,,,,1,EUS,,
EST,Estonia,2007,26.1,,,,26.1,20.260807,,,,,1,EUS,,
EST,Estonia,1999,27.6,,,,27.6,20.924598,,,,,1,EUS,,
EST,Estonia,2015,27.7,,,,27.7,21.565912,,,,,1,EUS,,
EST,Estonia,2023,28.1,,,,28.1,21.48294,,,,,1,EUS,,
EST,Estonia,1995,29.5,,,,29.5,22.839081,,,,,1,EUS,,
EST,Estonia,2022,27.5,,,,27.5,21.019775,,,,,1,EUS,,
EST,Estonia,2008,25.9,,,,25.9,19.38706,,,,,1,EUS,,
ETH,Ethiopia,2002,10.09926,,,,,10.099264,,,,,1,IMF_GFS,,
FIN,Finland,1883,3.333333,,,,,,3.333333,,,,1,Mitchell,,
FIN,Finland,1982,18.61789,,,,,,18.61789,,,,1,Mitchell,,
FIN,Finland,2012,20.2,,,,20.2,20.201819,,,,,1,EUS,,
FIN,Finland,1921,4.21118,,,,,,4.21118,,,,1,Mitchell,,
FIN,Finland,1968,17.8273,,,,,,17.8273,,,,1,Mitchell,,
FIN,Finland,2023,25.4,,,,25.4,25.333309,,,,,1,EUS,,
FIN,Finland,1910,4.81203,,,,,,4.81203,,,,1,Mitchell,,
FIN,Finland,1941,11.14878,,,,,,11.14878,,,,1,Mitchell,,
FIN,Finland,2021,20.8,,,,20.8,20.829782,,,,,1,EUS,,
FIN,Finland,2002,22.5,,,,22.5,22.4744,,,,,1,EUS,,
FIN,Finland,1944,12.15645,,,,,,12.15645,,,,1,Mitchell,,
FIN,Finland,1986,19.49296,,,,,,19.49296,,,,1,Mitchell,,
FIN,Finland,1984,18.55738,,,,,,18.55738,,,,1,Mitchell,,
FIN,Finland,1981,18.81279,,,,,,18.81279,,,,1,Mitchell,,
FIN,Finland,1975,17.59615,,,,,,17.59615,,,,1,Mitchell,,
FIN,Finland,1974,17.53607,,,,,,17.53607,,,,1,Mitchell,,
FIN,Finland,1971,17.29622,,,,,,17.29622,,,,1,Mitchell,,
FIN,Finland,1958,13.80282,,,,,,13.80282,,,,1,Mitchell,,
FIN,Finland,1953,14.93363,,,,,,14.93363,,,,1,Mitchell,,
FIN,Finland,2022,21.2,,,,21.2,21.200268,,,,,1,EUS,,
FIN,Finland,1931,6.319249,,,,,,6.319249,,,,1,Mitchell,,
FIN,Finland,1928,5.879121,,,,,,5.879121,,,,1,Mitchell,,
FIN,Finland,1926,5.331859,,,,,,5.331859,,,,1,Mitchell,,
FIN,Finland,1925,6.239631,,,,,,6.239631,,,,1,Mitchell,,
FIN,Finland,1920,3.554744,,,,,,3.554744,,,,1,Mitchell,,
FIN,Finland,1915,2.65896,,,,,,2.65896,,,,1,Mitchell,,
FIN,Finland,1985,19.15408,,,,,,19.15408,,,,1,Mitchell,,
FIN,Finland,1907,4.634146,,,,,,4.634146,,,,1,Mitchell,,
FIN,Finland,1902,4.021739,,,,,,4.021739,,,,1,Mitchell,,
FIN,Finland,1889,3.571429,,,,,,3.571429,,,,1,Mitchell,,
FIN,Finland,1888,3.529412,,,,,,3.529412,,,,1,Mitchell,,
FIN,Finland,1950,17.18464,,,,,,17.18464,,,,1,Mitchell,,
FIN,Finland,1961,14.78261,,,,,,14.78261,,,,1,Mitchell,,
FIN,Finland,1979,17.30539,,,,,,17.30539,,,,1,Mitchell,,
FIN,Finland,2019,20.8,,,,20.8,20.784595,,,,,1,EUS,,
FIN,Finland,1937,8.207283,,,,,,8.207283,,,,1,Mitchell,,
FIN,Finland,1970,16.84902,,,,,,16.84902,,,,1,Mitchell,,
FIN,Finland,1913,4.5,,,,,,4.5,,,,1,Mitchell,,
FIN,Finland,1994,,,,,,,,,,,1,EUS,,
FIN,Finland,1991,23.50306,,,,,,23.50306,,,,1,Mitchell,,
FIN,Finland,1945,13.86986,,,,,,13.86986,,,,1,Mitchell,,
FIN,Finland,2018,21,,,,21,20.964188,,,,,1,EUS,,
FIN,Finland,2024,25.3,,,,25.3,,,,,,1,EUS,,
FIN,Finland,1967,16.93291,,,,,,16.93291,,,,1,Mitchell,,
FIN,Finland,1922,5.310734,,,,,,5.310734,,,,1,Mitchell,,
FIN,Finland,1996,22,,,,22,21.933377,,,,,1,EUS,,
FIN,Finland,1934,9.195402,,,,,,9.195402,,,,1,Mitchell,,
FIN,Finland,1988,20.06912,,,,,,20.06912,,,,1,Mitchell,,
FIN,Finland,2007,21.1,,,,21.1,21.066615,,,,,1,EUS,,
FIN,Finland,2006,21.4,,,,21.4,21.424729,,,,,1,EUS,,
FIN,Finland,1998,22.7,,,,22.7,22.717573,,,,,1,EUS,,
FIN,Finland,1948,17.88537,,,,,,17.88537,,,,1,Mitchell,,
FIN,Finland,1980,17.92746,,,,,,17.92746,,,,1,Mitchell,,
FIN,Finland,1959,14.25,,,,,,14.25,,,,1,Mitchell,,
FIN,Finland,1972,17.91809,,,,,,17.91809,,,,1,Mitchell,,
FIN,Finland,1993,18.85417,,,,,,18.85417,,,,1,Mitchell,1,1
FIN,Finland,1923,6.521053,,,,,,6.521053,,,,1,Mitchell,,
FIN,Finland,1898,3.068182,,,,,,3.068182,,,,1,Mitchell,,
FIN,Finland,1906,4.655172,,,,,,4.655172,,,,1,Mitchell,,
FIN,Finland,1964,14.52282,,,,,,14.52282,,,,1,Mitchell,,
FIN,Finland,1952,17.79141,,,,,,17.79141,,,,1,Mitchell,,
FIN,Finland,1918,.3148148,,,,,,.3148148,,,,1,Mitchell,,
FIN,Finland,1995,20.7,,,,20.7,20.722368,,,,,1,EUS,,
FIN,Finland,2003,22.1,,,,22.1,22.063224,,,,,1,EUS,,
FIN,Finland,1886,3.877551,,,,,,3.877551,,,,1,Mitchell,,
FIN,Finland,1900,3.505155,,,,,,3.505155,,,,1,Mitchell,,
FIN,Finland,1946,17.20548,,,,,,17.20548,,,,1,Mitchell,,
FIN,Finland,1935,8.909091,,,,,,8.909091,,,,1,Mitchell,,
FIN,Finland,1894,3.28125,,,,,,3.28125,,,,1,Mitchell,,
FIN,Finland,1916,2.716049,,,,,,2.716049,,,,1,Mitchell,,
FIN,Finland,1895,3.484848,,,,,,3.484848,,,,1,Mitchell,,
FIN,Finland,1914,3.757962,,,,,,3.757962,,,,1,Mitchell,,
FIN,Finland,2005,21.8,,,,21.8,21.795635,,,,,1,EUS,,
FIN,Finland,1954,13.76238,,,,,,13.76238,,,,1,Mitchell,,
FIN,Finland,1956,15.40984,,,,,,15.40984,,,,1,Mitchell,,
FIN,Finland,1890,3.333333,,,,,,3.333333,,,,1,Mitchell,,
FIN,Finland,1897,3,,,,,,3,,,,1,Mitchell,,
FIN,Finland,2020,20,,,,20,20.005753,,,,,1,EUS,,
FIN,Finland,2008,20.5,,,,20.5,20.492348,,,,,1,EUS,,
FIN,Finland,1939,5.748663,,,,,,5.748663,,,,1,Mitchell,,
FIN,Finland,2011,20.1,,,,20.1,20.052617,,,,,1,EUS,,
FIN,Finland,1963,13.08411,,,,,,13.08411,,,,1,Mitchell,,
FIN,Finland,1965,15.03759,,,,,,15.03759,,,,1,Mitchell,,
FIN,Finland,1949,16.78153,,,,,,16.78153,,,,1,Mitchell,,
FIN,Finland,1904,4.038462,,,,,,4.038462,,,,1,Mitchell,,
FIN,Finland,2016,21,,,,21,20.987219,,,,,1,EUS,,
FIN,Finland,1891,3.333333,,,,,,3.333333,,,,1,Mitchell,,
FIN,Finland,2013,20.7,,,,20.7,20.727087,,,,,1,EUS,,
FIN,Finland,1896,3.333333,,,,,,3.333333,,,,1,Mitchell,,
FIN,Finland,1947,16.95623,,,,,,16.95623,,,,1,Mitchell,,
FIN,Finland,2017,20.9,,,,20.9,20.881062,,,,,1,EUS,,
FIN,Finland,1966,15.73427,,,,,,15.73427,,,,1,Mitchell,,
FIN,Finland,1930,6.729167,,,,,,6.729167,,,,1,Mitchell,,
FIN,Finland,1989,20.24641,,,,,,20.24641,,,,1,Mitchell,,
FIN,Finland,1999,22.4,,,,22.4,22.392188,,,,,1,EUS,,
FIN,Finland,1976,20,,,,,,20,,,,1,Mitchell,,
FIN,Finland,1905,4.220183,,,,,,4.220183,,,,1,Mitchell,,
FIN,Finland,2014,20.7,,,,20.7,20.735955,,,,,1,EUS,,
FIN,Finland,2015,20.6,,,,20.6,20.586892,,,,,1,EUS,,
FIN,Finland,1962,15.07614,,,,,,15.07614,,,,1,Mitchell,,
FIN,Finland,1932,5.75814,,,,,,5.75814,,,,1,Mitchell,,
FIN,Finland,1960,15.61728,,,,,,15.61728,,,,1,Mitchell,,
FIN,Finland,1983,17.93358,,,,,,17.93358,,,,1,Mitchell,,
FIN,Finland,1987,19.40569,,,,,,19.40569,,,,1,Mitchell,,
FIN,Finland,1885,3.8,,,,,,3.8,,,,1,Mitchell,,
FIN,Finland,2004,21.8,,,,21.8,21.81478,,,,,1,EUS,,
FIN,Finland,1955,13.42342,,,,,,13.42342,,,,1,Mitchell,,
FIN,Finland,2000,24.3,,,,24.3,24.25029,,,,,1,EUS,,
FIN,Finland,1992,21.55136,,,,,,21.55136,,,,1,Mitchell,,
FIN,Finland,1977,19.38461,,,,,,19.38461,,,,1,Mitchell,,
FIN,Finland,1911,4.468085,,,,,,4.468085,,,,1,Mitchell,,
FIN,Finland,1909,4.728682,,,,,,4.728682,,,,1,Mitchell,,
FIN,Finland,1943,13.81969,,,,,,13.81969,,,,1,Mitchell,,
FIN,Finland,1924,6.034826,,,,,,6.034826,,,,1,Mitchell,,
FIN,Finland,1933,6.584415,,,,,,6.584415,,,,1,Mitchell,,
FIN,Finland,1887,3.958333,,,,,,3.958333,,,,1,Mitchell,,
FIN,Finland,1908,4.56,,,,,,4.56,,,,1,Mitchell,,
FIN,Finland,1929,5.879245,,,,,,5.879245,,,,1,Mitchell,,
FIN,Finland,2001,21.9,,,,21.9,21.892223,,,,,1,EUS,,
FIN,Finland,1893,3.548387,,,,,,3.548387,,,,1,Mitchell,,
FIN,Finland,1990,20.52427,,,,,,20.52427,,,,1,Mitchell,,
FIN,Finland,1919,3.659674,,,,,,3.659674,,,,1,Mitchell,,
FIN,Finland,1917,1.246684,,,,,,1.246684,,,,1,Mitchell,,
FIN,Finland,1901,3.93617,,,,,,3.93617,,,,1,Mitchell,,
FIN,Finland,1978,18.39161,,,,,,18.39161,,,,1,Mitchell,,
FIN,Finland,1997,22.6,,,,22.6,22.624679,,,,,1,EUS,,
FIN,Finland,1884,3.333333,,,,,,3.333333,,,,1,Mitchell,,
FIN,Finland,2010,18.6,,,,18.6,18.600881,,,,,1,EUS,,
FIN,Finland,1940,7.692307,,,,,,7.692307,,,,1,Mitchell,,
FIN,Finland,1927,5.628458,,,,,,5.628458,,,,1,Mitchell,,
FIN,Finland,1903,4.158416,,,,,,4.158416,,,,1,Mitchell,,
FIN,Finland,1938,8.831169,,,,,,8.831169,,,,1,Mitchell,,
FIN,Finland,1936,6.666667,,,,,,6.666667,,,,1,Mitchell,,
FIN,Finland,1951,16.54589,,,,,,16.54589,,,,1,Mitchell,,
FIN,Finland,1969,16.58537,,,,,,16.58537,,,,1,Mitchell,,
FIN,Finland,1942,15.50152,,,,,,15.50152,,,,1,Mitchell,,
FIN,Finland,1899,3.555556,,,,,,3.555556,,,,1,Mitchell,,
FIN,Finland,1973,17.92717,,,,,,17.92717,,,,1,Mitchell,,
FIN,Finland,1912,4.671052,,,,,,4.671052,,,,1,Mitchell,,
FIN,Finland,1957,15.30303,,,,,,15.30303,,,,1,Mitchell,,
FIN,Finland,1892,3.606557,,,,,,3.606557,,,,1,Mitchell,,
FIN,Finland,2009,18.9,,,,18.9,18.884089,,,,,1,EUS,,
FRA,France,1962,17.64543,,,,,,17.64543,,,,1,Mitchell,,
FRA,France,1963,17.87654,,,,,,17.87654,,,,1,Mitchell,,
FRA,France,1869,4.337873,,,,,,4.337873,,,,1,Mitchell,,
FRA,France,1842,2.160786,,,,,,2.160786,,,,1,Mitchell,,
FRA,France,1911,6.325268,,,,,,6.325268,,,,1,Mitchell,,
FRA,France,1942,,,,,,,,,,,1,Mitchell,,
FRA,France,2023,15.1,,,,15.1,13.099553,,,,,1,EUS,,
FRA,France,1937,8.577303,,,,,,8.577303,,,,1,Mitchell,,
FRA,France,1886,7.353524,,,,,,7.353524,,,,1,Mitchell,,
FRA,France,1913,5.936939,,,,,,5.936939,,,,1,Mitchell,,
FRA,France,1898,6.708464,,,,,,6.708464,,,,1,Mitchell,,
FRA,France,1935,12.83291,,,,,,12.83291,,,,1,Mitchell,,
FRA,France,1897,6.831032,,,,,,6.831032,,,,1,Mitchell,,
FRA,France,1900,6.645126,,,,,,6.645126,,,,1,Mitchell,,
FRA,France,1992,20.52354,,,,,,20.52354,,,,1,Mitchell,,
FRA,France,1860,2.107909,,,,,,2.107909,,,,1,Mitchell,,
FRA,France,1957,16.1713,,,,,,16.1713,,,,1,Mitchell,,
FRA,France,1947,,,,,,,,,,,1,Mitchell,,
FRA,France,1845,,,,,,,,,,,1,Mitchell,,
FRA,France,2013,17.8,,,,17.8,15.553342,,,,,1,EUS,,
FRA,France,1953,16.18301,,,,,,16.18301,,,,1,Mitchell,,
FRA,France,1914,,,,,,,,,,,1,Mitchell,,
FRA,France,1934,12.61707,,,,,,12.61707,,,,1,Mitchell,,
FRA,France,1839,,,,,,,,,,,1,Mitchell,,
FRA,France,2022,16.3,,,,16.3,14.30711,,,,,1,EUS,,
FRA,France,1921,9.591786,,,,,,9.591786,,,,1,Mitchell,,
FRA,France,1864,2.074517,,,,,,2.074517,,,,1,Mitchell,,
FRA,France,1933,12.52673,,,,,,12.52673,,,,1,Mitchell,,
FRA,France,1929,13.25478,,,,,,13.25478,,,,1,Mitchell,,
FRA,France,1904,6.519307,,,,,,6.519307,,,,1,Mitchell,,
FRA,France,1931,12.0334,,,,,,12.0334,,,,1,Mitchell,,
FRA,France,1956,15.28497,,,,,,15.28497,,,,1,Mitchell,,
FRA,France,2016,17.7,,,,17.7,15.485897,,,,,1,EUS,,
FRA,France,1838,2.267626,,,,,,2.267626,,,,1,Mitchell,,
FRA,France,1881,6.990262,,,,,,6.990262,,,,1,Mitchell,,
FRA,France,1841,,,,,,,,,,,1,Mitchell,,
FRA,France,1851,2.974424,,,,,,2.974424,,,,1,Mitchell,,
FRA,France,1853,2.578902,,,,,,2.578902,,,,1,Mitchell,,
FRA,France,1949,13.8025,,,,,,13.8025,,,,1,Mitchell,,
FRA,France,1863,2.207303,,,,,,2.207303,,,,1,Mitchell,,
FRA,France,1858,2.609072,,,,,,2.609072,,,,1,Mitchell,,
FRA,France,1865,2.128168,,,,,,2.128168,,,,1,Mitchell,,
FRA,France,1922,8.634892,,,,,,8.634892,,,,1,Mitchell,,
FRA,France,1907,5.985907,,,,,,5.985907,,,,1,Mitchell,,
FRA,France,2004,19.6,,,,19.6,17.576286,,,,,1,EUS,,
FRA,France,1884,7.114594,,,,,,7.114594,,,,1,Mitchell,,
FRA,France,1889,6.99701,,,,,,6.99701,,,,1,Mitchell,,
FRA,France,1887,7.433185,,,,,,7.433185,,,,1,Mitchell,,
FRA,France,1996,20.5,,,,20.5,18.46016,,,,,1,EUS,,
FRA,France,1999,21,,,,21,18.89583,,,,,1,EUS,,
FRA,France,1902,6.342535,,,,,,6.342535,,,,1,Mitchell,,
FRA,France,1906,6.281061,,,,,,6.281061,,,,1,Mitchell,,
FRA,France,1899,6.536489,,,,,,6.536489,,,,1,Mitchell,,
FRA,France,1855,2.563825,,,,,,2.563825,,,,1,Mitchell,,
FRA,France,1910,6.129931,,,,,,6.129931,,,,1,Mitchell,,
FRA,France,1917,,,,,,,,,,,1,Mitchell,,
FRA,France,1908,6.228902,,,,,,6.228902,,,,1,Mitchell,,
FRA,France,1920,5.81339,,,,,,5.81339,,,,1,Mitchell,,
FRA,France,1952,15.7415,,,,,,15.7415,,,,1,Mitchell,,
FRA,France,1893,7.232425,,,,,,7.232425,,,,1,Mitchell,,
FRA,France,1923,8.520277,,,,,,8.520277,,,,1,Mitchell,,
FRA,France,1943,,,,,,,,,,,1,Mitchell,,
FRA,France,1919,,,,,,,,,,,1,Mitchell,,
FRA,France,1932,10.00511,,,,,,10.00511,,,,1,Mitchell,,
FRA,France,1945,,,,,,,,,,,1,Mitchell,,
FRA,France,1983,21.28775,,,,,,21.28775,,,,1,Mitchell,,
FRA,France,1958,16.85944,,,,,,16.85944,,,,1,Mitchell,,
FRA,France,1925,8.813245,,,,,,8.813245,,,,1,Mitchell,,
FRA,France,1964,18.53007,,,,,,18.53007,,,,1,Mitchell,,
FRA,France,1965,18.90269,,,,,,18.90269,,,,1,Mitchell,,
FRA,France,1966,18.43212,,,,,,18.43212,,,,1,Mitchell,,
FRA,France,1972,19.41896,,,,,,19.41896,,,,1,Mitchell,,
FRA,France,1950,15.57843,,,,,,15.57843,,,,1,Mitchell,,
FRA,France,1981,21.2891,,,,,,21.2891,,,,1,Mitchell,,
FRA,France,1982,21.64093,,,,,,21.64093,,,,1,Mitchell,,
FRA,France,2010,17.3,,,,17.3,15.129271,,,,,1,EUS,,
FRA,France,1990,21.28284,,,,,,21.28284,,,,1,Mitchell,,
FRA,France,1994,,,,,,,,,,,1,EUS,,
FRA,France,1997,20.6,,,,20.6,18.488426,,,,,1,EUS,,
FRA,France,2002,19.2,,,,19.2,17.094955,,,,,1,EUS,,
FRA,France,1872,5.265478,,,,,,5.265478,,,,1,Mitchell,,
FRA,France,1849,.9228367,,,,,,.9228367,,,,1,Mitchell,,
FRA,France,1856,2.318725,,,,,,2.318725,,,,1,Mitchell,,
FRA,France,1868,4.51278,,,,,,4.51278,,,,1,Mitchell,,
FRA,France,1986,21.74591,,,,,,21.74591,,,,1,Mitchell,,
FRA,France,1862,2.110878,,,,,,2.110878,,,,1,Mitchell,,
FRA,France,1871,4.606874,,,,,,4.606874,,,,1,Mitchell,,
FRA,France,2020,17,,,,17,14.789223,,,,,1,EUS,,
FRA,France,1915,,,,,,,,,,,1,Mitchell,,
FRA,France,1901,6.597065,,,,,,6.597065,,,,1,Mitchell,,
FRA,France,2011,16.7,,,,16.7,14.520535,,,,,1,EUS,,
FRA,France,1894,7.219797,,,,,,7.219797,,,,1,Mitchell,,
FRA,France,1927,10.6878,,,,,,10.6878,,,,1,Mitchell,,
FRA,France,1859,2.756104,,,,,,2.756104,,,,1,Mitchell,,
FRA,France,1846,1.99665,,,,,,1.99665,,,,1,Mitchell,,
FRA,France,2024,14.7,,,,14.7,,,,,,1,EUS,,
FRA,France,2021,15.9,,,,15.9,13.909522,,,,,1,EUS,,
FRA,France,2001,19.9,,,,19.9,17.831565,,,,,1,EUS,,
FRA,France,1975,19.33884,,,,,,19.33884,,,,1,Mitchell,,
FRA,France,1909,6.014812,,,,,,6.014812,,,,1,Mitchell,,
FRA,France,1995,19.8,,,,19.8,17.884902,,,,,1,EUS,,
FRA,France,1971,19.08257,,,,,,19.08257,,,,1,Mitchell,,
FRA,France,1955,15.25434,,,,,,15.25434,,,,1,Mitchell,,
FRA,France,1892,7.077148,,,,,,7.077148,,,,1,Mitchell,,
FRA,France,1882,6.64991,,,,,,6.64991,,,,1,Mitchell,,
FRA,France,1854,2.342901,,,,,,2.342901,,,,1,Mitchell,,
FRA,France,1987,22.03298,,,,,,22.03298,,,,1,Mitchell,,
FRA,France,1891,6.914186,,,,,,6.914186,,,,1,Mitchell,,
FRA,France,1998,20.5,,,,20.5,18.377924,,,,,1,EUS,,
FRA,France,1848,3.017241,,,,,,3.017241,,,,1,Mitchell,,
FRA,France,1867,1.996805,,,,,,1.996805,,,,1,Mitchell,,
FRA,France,1843,,,,,,,,,,,1,Mitchell,,
FRA,France,1967,18.24779,,,,,,18.24779,,,,1,Mitchell,,
FRA,France,2019,17.2,,,,17.2,15.084695,,,,,1,EUS,,
FRA,France,1930,11.17507,,,,,,11.17507,,,,1,Mitchell,,
FRA,France,1976,20.32181,,,,,,20.32181,,,,1,Mitchell,,
FRA,France,1847,.8010604,,,,,,.8010604,,,,1,Mitchell,,
FRA,France,1850,3.004412,,,,,,3.004412,,,,1,Mitchell,,
FRA,France,2000,20.1,,,,20.1,18.054926,,,,,1,EUS,,
FRA,France,2009,16,,,,16,13.746647,,,,,1,EUS,,
FRA,France,1885,7.350597,,,,,,7.350597,,,,1,Mitchell,,
FRA,France,1928,10.63478,,,,,,10.63478,,,,1,Mitchell,,
FRA,France,1993,19.88564,,,,,,19.88564,,,,1,Mitchell,1,1
FRA,France,1874,5.793868,,,,,,5.793868,,,,1,Mitchell,,
FRA,France,1951,16.4,,,,,,16.4,,,,1,Mitchell,,
FRA,France,1926,9.26904,,,,,,9.26904,,,,1,Mitchell,,
FRA,France,1969,20.01427,,,,,,20.01427,,,,1,Mitchell,,
FRA,France,1974,20.54773,,,,,,20.54773,,,,1,Mitchell,,
FRA,France,1903,6.240595,,,,,,6.240595,,,,1,Mitchell,,
FRA,France,1961,17.27554,,,,,,17.27554,,,,1,Mitchell,,
FRA,France,1944,,,,,,,,,,,1,Mitchell,,
FRA,France,1970,19.61686,,,,,,19.61686,,,,1,Mitchell,,
FRA,France,1980,20.84758,,,,,,20.84758,,,,1,Mitchell,,
FRA,France,2014,17.7,,,,17.7,15.39871,,,,,1,EUS,,
FRA,France,1978,19.60147,,,,,,19.60147,,,,1,Mitchell,,
FRA,France,1870,4.119537,,,,,,4.119537,,,,1,Mitchell,,
FRA,France,1844,2.156354,,,,,,2.156354,,,,1,Mitchell,,
FRA,France,1896,7.034564,,,,,,7.034564,,,,1,Mitchell,,
FRA,France,1875,6.269772,,,,,,6.269772,,,,1,Mitchell,,
FRA,France,1866,1.971224,,,,,,1.971224,,,,1,Mitchell,,
FRA,France,1984,21.22192,,,,,,21.22192,,,,1,Mitchell,,
FRA,France,1959,17.22711,,,,,,17.22711,,,,1,Mitchell,,
FRA,France,2005,19.1,,,,19.1,17.049547,,,,,1,EUS,,
FRA,France,1988,21.51526,,,,,,21.51526,,,,1,Mitchell,,
FRA,France,1861,2.031985,,,,,,2.031985,,,,1,Mitchell,,
FRA,France,1890,6.872234,,,,,,6.872234,,,,1,Mitchell,,
FRA,France,1973,19.36266,,,,,,19.36266,,,,1,Mitchell,,
FRA,France,1857,2.386324,,,,,,2.386324,,,,1,Mitchell,,
FRA,France,1985,21.92553,,,,,,21.92553,,,,1,Mitchell,,
FRA,France,2008,17.3,,,,17.3,15.206548,,,,,1,EUS,,
FRA,France,1968,18.19512,,,,,,18.19512,,,,1,Mitchell,,
FRA,France,1883,6.889843,,,,,,6.889843,,,,1,Mitchell,,
FRA,France,1948,,,,,,,,,,,1,Mitchell,,
FRA,France,1938,8.969639,,,,,,8.969639,,,,1,Mitchell,,
FRA,France,1960,17.17172,,,,,,17.17172,,,,1,Mitchell,,
FRA,France,1941,,,,,,,,,,,1,Mitchell,,
FRA,France,1876,6.876931,,,,,,6.876931,,,,1,Mitchell,,
FRA,France,1873,6.011561,,,,,,6.011561,,,,1,Mitchell,,
FRA,France,1916,,,,,,,,,,,1,Mitchell,,
FRA,France,1946,,,,,,,,,,,1,Mitchell,,
FRA,France,1977,20.01591,,,,,,20.01591,,,,1,Mitchell,,
FRA,France,2007,17.8,,,,17.8,15.66527,,,,,1,EUS,,
FRA,France,1991,21.40496,,,,,,21.40496,,,,1,Mitchell,,
FRA,France,1878,6.95802,,,,,,6.95802,,,,1,Mitchell,,
FRA,France,1936,10.71217,,,,,,10.71217,,,,1,Mitchell,,
FRA,France,1979,20.14913,,,,,,20.14913,,,,1,Mitchell,,
FRA,France,1905,6.554268,,,,,,6.554268,,,,1,Mitchell,,
FRA,France,1940,,,,,,,,,,,1,Mitchell,,
FRA,France,1852,2.621043,,,,,,2.621043,,,,1,Mitchell,,
FRA,France,1888,7.436536,,,,,,7.436536,,,,1,Mitchell,,
FRA,France,1924,9.338758,,,,,,9.338758,,,,1,Mitchell,,
FRA,France,2015,17.8,,,,17.8,15.595816,,,,,1,EUS,,
FRA,France,1954,15.74691,,,,,,15.74691,,,,1,Mitchell,,
FRA,France,2017,18.3,,,,18.3,16.124138,,,,,1,EUS,,
FRA,France,1877,6.57222,,,,,,6.57222,,,,1,Mitchell,,
FRA,France,2018,18,,,,18,15.837151,,,,,1,EUS,,
FRA,France,1879,7.739574,,,,,,7.739574,,,,1,Mitchell,,
FRA,France,1939,,,,,,,,,,,1,Mitchell,,
FRA,France,1895,7.398954,,,,,,7.398954,,,,1,Mitchell,,
FRA,France,2012,17.3,,,,17.3,15.040232,,,,,1,EUS,,
FRA,France,1989,21.34091,,,,,,21.34091,,,,1,Mitchell,,
FRA,France,2006,18.3,,,,18.3,16.162059,,,,,1,EUS,,
FRA,France,1880,7.194301,,,,,,7.194301,,,,1,Mitchell,,
FRA,France,1918,,,,,,,,,,,1,Mitchell,,
FRA,France,1840,2.190702,,,,,,2.190702,,,,1,Mitchell,,
FRA,France,2003,18.7,,,,18.7,16.661803,,,,,1,EUS,,
FRA,France,1912,5.648298,,,,,,5.648298,,,,1,Mitchell,,
GAB,Gabon,2008,,,,,,,,,,,1,,,
GAB,Gabon,2001,,,,,,,,,,,1,,,
GAB,Gabon,2007,,,,,,,,,,,1,,,
GAB,Gabon,2013,,,,,,,,,,,1,,,
GAB,Gabon,2002,,,,,,,,,,,1,,,
GAB,Gabon,2009,,,,,,,,,,,1,,,
GAB,Gabon,2014,,,,,,,,,,,1,,,
GAB,Gabon,2003,,,,,,,,,,,1,,,
GAB,Gabon,2011,,,,,,,,,,,1,,,
GAB,Gabon,1999,,,,,,,,,,,1,,,
GAB,Gabon,2010,,,,,,,,,,,1,,,
GAB,Gabon,2018,10.21038,10.21038,,,,,,,,,1,AFRISTAT,1,1
GAB,Gabon,2004,,,,,,,,,,,1,,,
GAB,Gabon,2012,,,,,,,,,,,1,,,
GAB,Gabon,2006,,,,,,,,,,,1,,,
GAB,Gabon,2017,,,,,,,,,,,1,,,
GAB,Gabon,1998,23.60303,23.60303,,,,,,,,,1,AFRISTAT,,
GAB,Gabon,2005,,,,,,,,,,,1,,,
GAB,Gabon,2015,,,,,,,,,,,1,,,
GAB,Gabon,2000,,,,,,,,,,,1,,,
GAB,Gabon,2016,,,,,,,,,,,1,,,
GAB,Gabon,2019,12.06849,12.06849,,,,,,,,,1,AFRISTAT,,
GBR,United Kingdom,1865,4.31466,,,,,,5.230769,,,,.8248614,Mitchell,,
GBR,United Kingdom,1855,6.766897,,,,,,8.203677,,,,.8248614,Mitchell,,
GBR,United Kingdom,1859,6.146026,,,,,,7.45098,,,,.8248614,Mitchell,,
GBR,United Kingdom,1920,13.12594,,,,,,15.9129,,,,.8248614,Mitchell,,
GBR,United Kingdom,1862,5.479152,,,,,,6.642512,,,,.8248614,Mitchell,,
GBR,United Kingdom,1885,4.231781,,,,,,5.130293,,,,.8248614,Mitchell,,
GBR,United Kingdom,1867,4.332771,,,,,,5.252726,,,,.8248614,Mitchell,,
GBR,United Kingdom,2021,26.41472,,,,,26.41472,,,,,1,IMF_GFS,,
GBR,United Kingdom,1982,22.42375,,,,,23.863274,27.18487,,,,.8248614,Mitchell,,
GBR,United Kingdom,2019,25.12672,,,,,25.126717,,,,,1,IMF_GFS,,
GBR,United Kingdom,2018,25.55313,,,,,25.553128,,,,,1,IMF_GFS,,
GBR,United Kingdom,1983,22.05951,,,,,22.659934,26.7433,,,,.8248614,Mitchell,,
GBR,United Kingdom,1962,19.57671,,,,,,23.73333,,,,.8248614,Mitchell,,
GBR,United Kingdom,1939,13.75803,,,,,,16.6792,,,,.8248614,Mitchell,,
GBR,United Kingdom,2000,26.08916,,,,,26.089164,,,,,1,IMF_GFS,,
GBR,United Kingdom,1917,10.72564,,,,,,13.00296,,,,.8248614,Mitchell,,
GBR,United Kingdom,1964,19.20669,,,,,,23.28475,,,,.8248614,Mitchell,,
GBR,United Kingdom,1843,8.446294,,,,,,10.23965,,,,.8248614,Mitchell,,
GBR,United Kingdom,1963,18.43505,,,,,,22.34926,,,,.8248614,Mitchell,,
GBR,United Kingdom,1959,19.23902,,,,,,23.32394,,,,.8248614,Mitchell,,
GBR,United Kingdom,1954,21.79841,,,,,,26.42675,,,,.8248614,Mitchell,,
GBR,United Kingdom,1946,26.10023,,,,,,31.64196,,,,.8248614,Mitchell,,
GBR,United Kingdom,1890,3.905025,,,,,,4.734159,,,,.8248614,Mitchell,,
GBR,United Kingdom,1845,7.219458,,,,,,8.752328,,,,.8248614,Mitchell,,
GBR,United Kingdom,1943,25.71843,,,,,,31.17909,,,,.8248614,Mitchell,,
GBR,United Kingdom,1942,22.91825,,,,,,27.78436,,,,.8248614,Mitchell,,
GBR,United Kingdom,1935,11.68832,,,,,,14.17004,,,,.8248614,Mitchell,,
GBR,United Kingdom,1928,10.87011,,,,,,13.17811,,,,.8248614,Mitchell,,
GBR,United Kingdom,1925,11.35041,,,,,,13.76038,,,,.8248614,Mitchell,,
GBR,United Kingdom,1918,11.69803,,,,,,14.18182,,,,.8248614,Mitchell,,
GBR,United Kingdom,1915,6.987062,,,,,,8.470589,,,,.8248614,Mitchell,,
GBR,United Kingdom,1941,19.27256,,,,,,23.36461,,,,.8248614,Mitchell,,
GBR,United Kingdom,1910,5.587512,,,,,,6.773879,,,,.8248614,Mitchell,,
GBR,United Kingdom,1909,3.076311,,,,,,3.729488,,,,.8248614,Mitchell,,
GBR,United Kingdom,1908,4.172288,,,,,,5.058169,,,,.8248614,Mitchell,,
GBR,United Kingdom,1907,4.254418,,,,,,5.157737,,,,.8248614,Mitchell,,
GBR,United Kingdom,1901,4.527467,,,,,,5.488761,,,,.8248614,Mitchell,,
GBR,United Kingdom,2009,24.17275,,,,,24.172748,,,,,1,IMF_GFS,,
GBR,United Kingdom,1971,22.64768,,,,,,27.45635,,,,.8248614,Mitchell,,
GBR,United Kingdom,1934,11.79844,,,,,,14.30354,,,,.8248614,Mitchell,,
GBR,United Kingdom,2003,24.5554,,,,,24.555404,,,,,1,IMF_GFS,,
GBR,United Kingdom,1870,3.975236,,,,,,4.819277,,,,.8248614,Mitchell,,
GBR,United Kingdom,1883,3.826354,,,,,,4.638783,,,,.8248614,Mitchell,,
GBR,United Kingdom,1968,22.8688,,,,,,27.72441,,,,.8248614,Mitchell,,
GBR,United Kingdom,1842,7.547751,,,,,,9.150327,,,,.8248614,Mitchell,,
GBR,United Kingdom,2002,24.96158,,,,,24.96158,,,,,1,IMF_GFS,,
GBR,United Kingdom,1978,20.27619,,,,,20.848975,24.58133,,,,.8248614,Mitchell,,
GBR,United Kingdom,1879,4.284994,,,,,,5.194805,,,,.8248614,Mitchell,,
GBR,United Kingdom,1994,21.87177,,,,,21.87177,,,,,1,IMF_GFS,,
GBR,United Kingdom,1981,22.30875,,,,,22.848232,27.04545,,,,.8248614,Mitchell,,
GBR,United Kingdom,1878,3.902281,,,,,,4.730832,,,,.8248614,Mitchell,,
GBR,United Kingdom,1997,23.73713,,,,,23.737132,,,,,1,IMF_GFS,,
GBR,United Kingdom,2013,25.13589,,,,,25.135893,,,,,1,IMF_GFS,,
GBR,United Kingdom,1869,4.794761,,,,,,5.812808,,,,.8248614,Mitchell,,
GBR,United Kingdom,1860,6.069939,,,,,,7.358738,,,,.8248614,Mitchell,,
GBR,United Kingdom,1940,15.04101,,,,,,18.23459,,,,.8248614,Mitchell,,
GBR,United Kingdom,1841,7.374021,,,,,,8.939709,,,,.8248614,Mitchell,,
GBR,United Kingdom,1881,3.982555,,,,,,4.828151,,,,.8248614,Mitchell,,
GBR,United Kingdom,1912,4.449615,,,,,,5.394379,,,,.8248614,Mitchell,,
GBR,United Kingdom,1930,11.15943,,,,,,13.52886,,,,.8248614,Mitchell,,
GBR,United Kingdom,1951,25.30884,,,,,,30.68254,,,,.8248614,Mitchell,,
GBR,United Kingdom,1844,7.824772,,,,,,9.486166,,,,.8248614,Mitchell,,
GBR,United Kingdom,1891,3.891412,,,,,,4.717656,,,,.8248614,Mitchell,,
GBR,United Kingdom,1889,3.907238,,,,,,4.736842,,,,.8248614,Mitchell,,
GBR,United Kingdom,1938,12.57562,,,,,,15.24574,,,,.8248614,Mitchell,,
GBR,United Kingdom,2014,24.88056,,,,,24.880565,,,,,1,IMF_GFS,,
GBR,United Kingdom,1896,3.907238,,,,,,4.736842,,,,.8248614,Mitchell,,
GBR,United Kingdom,1967,21.10853,,,,,,25.59039,,,,.8248614,Mitchell,,
GBR,United Kingdom,2001,25.74243,,,,,25.74243,,,,,1,IMF_GFS,,
GBR,United Kingdom,1960,19.25285,,,,,,23.34071,,,,.8248614,Mitchell,,
GBR,United Kingdom,2006,25.77053,,,,,25.77053,,,,,1,IMF_GFS,,
GBR,United Kingdom,2010,25.28123,,,,,25.281231,,,,,1,IMF_GFS,,
GBR,United Kingdom,1965,19.89978,,,,,,24.125,,,,.8248614,Mitchell,,
GBR,United Kingdom,1966,20.06506,,,,,,24.32537,,,,.8248614,Mitchell,,
GBR,United Kingdom,1949,25.49503,,,,,,30.90826,,,,.8248614,Mitchell,,
GBR,United Kingdom,1931,12.59531,,,,,,15.26961,,,,.8248614,Mitchell,,
GBR,United Kingdom,1857,6.23377,,,,,,7.557355,,,,.8248614,Mitchell,,
GBR,United Kingdom,1897,4.107875,,,,,,4.98008,,,,.8248614,Mitchell,,
GBR,United Kingdom,1847,3.277595,,,,,,3.97351,,,,.8248614,Mitchell,,
GBR,United Kingdom,1886,4.298952,,,,,,5.211726,,,,.8248614,Mitchell,,
GBR,United Kingdom,1871,3.931378,,,,,,4.766108,,,,.8248614,Mitchell,,
GBR,United Kingdom,1974,22.8255,,,,,22.827067,27.67192,,,,.8248614,Mitchell,,
GBR,United Kingdom,1996,23.06501,,,,,23.065013,,,,,1,IMF_GFS,,
GBR,United Kingdom,1979,20.93288,,,,,20.547015,25.37746,,,,.8248614,Mitchell,,
GBR,United Kingdom,1864,4.763906,,,,,,5.775401,,,,.8248614,Mitchell,,
GBR,United Kingdom,1989,23.17823,,,,,20.98023,28.09955,,,,.8248614,Mitchell,,
GBR,United Kingdom,1995,23.23157,,,,,23.231574,,,,,1,IMF_GFS,,
GBR,United Kingdom,1904,4.660731,,,,,,5.65032,,,,.8248614,Mitchell,,
GBR,United Kingdom,1990,22.95491,,,,,22.166617,27.82881,,,,.8248614,Mitchell,,
GBR,United Kingdom,1872,3.937781,,,,,,4.77387,,,,.8248614,Mitchell,,
GBR,United Kingdom,1953,21.49068,,,,,,26.05369,,,,.8248614,Mitchell,,
GBR,United Kingdom,1948,26.4276,,,,,,32.03883,,,,.8248614,Mitchell,,
GBR,United Kingdom,2011,25.84131,,,,,25.841308,,,,,1,IMF_GFS,,
GBR,United Kingdom,1985,22.60335,,,,,23.110243,27.4026,,,,.8248614,Mitchell,,
GBR,United Kingdom,1873,3.594879,,,,,,4.358161,,,,.8248614,Mitchell,,
GBR,United Kingdom,1906,4.341376,,,,,,5.263158,,,,.8248614,Mitchell,,
GBR,United Kingdom,1922,13.60822,,,,,,16.49759,,,,.8248614,Mitchell,,
GBR,United Kingdom,1853,6.129001,,,,,,7.430341,,,,.8248614,Mitchell,,
GBR,United Kingdom,1956,20.61252,,,,,,24.98907,,,,.8248614,Mitchell,,
GBR,United Kingdom,1911,4.576208,,,,,,5.54785,,,,.8248614,Mitchell,,
GBR,United Kingdom,1936,12.00868,,,,,,14.55842,,,,.8248614,Mitchell,,
GBR,United Kingdom,1986,23.66447,,,,,22.509852,28.68903,,,,.8248614,Mitchell,,
GBR,United Kingdom,1849,6.59328,,,,,,7.993197,,,,.8248614,Mitchell,,
GBR,United Kingdom,1984,22.71315,,,,,22.746878,27.53572,,,,.8248614,Mitchell,,
GBR,United Kingdom,1840,6.792976,,,,,,8.235294,,,,.8248614,Mitchell,,
GBR,United Kingdom,1957,20.26863,,,,,,24.57216,,,,.8248614,Mitchell,,
GBR,United Kingdom,1831,7.651429,,,,,,9.276018,,,,.8248614,Mitchell,,
GBR,United Kingdom,1832,8.268301,,,,,,10.02387,,,,.8248614,Mitchell,,
GBR,United Kingdom,1836,6.982095,,,,,,8.464567,,,,.8248614,Mitchell,,
GBR,United Kingdom,1903,4.657198,,,,,,5.646037,,,,.8248614,Mitchell,,
GBR,United Kingdom,1923,13.0937,,,,,,15.87382,,,,.8248614,Mitchell,,
GBR,United Kingdom,1952,23.9688,,,,,,29.05797,,,,.8248614,Mitchell,,
GBR,United Kingdom,1880,3.625066,,,,,,4.394757,,,,.8248614,Mitchell,,
GBR,United Kingdom,1848,6.826439,,,,,,8.275862,,,,.8248614,Mitchell,,
GBR,United Kingdom,1851,6.715686,,,,,,8.141593,,,,.8248614,Mitchell,,
GBR,United Kingdom,1921,13.40487,,,,,,16.25106,,,,.8248614,Mitchell,,
GBR,United Kingdom,1999,25.48167,,,,,25.481669,,,,,1,IMF_GFS,,
GBR,United Kingdom,1856,6.855115,,,,,,8.310627,,,,.8248614,Mitchell,,
GBR,United Kingdom,1950,26.06996,,,,,,31.60526,,,,.8248614,Mitchell,,
GBR,United Kingdom,1846,6.684221,,,,,,8.103448,,,,.8248614,Mitchell,,
GBR,United Kingdom,1958,20.23361,,,,,,24.5297,,,,.8248614,Mitchell,,
GBR,United Kingdom,1972,20.95412,,,,,22.146914,25.4032,,,,.8248614,Mitchell,,
GBR,United Kingdom,2016,25.45544,,,,,25.45544,,,,,1,IMF_GFS,,
GBR,United Kingdom,1830,8.248614,,,,,,10,,,,.8248614,Mitchell,,
GBR,United Kingdom,1894,3.968998,,,,,,4.811716,,,,.8248614,Mitchell,,
GBR,United Kingdom,1902,5.027472,,,,,,6.09493,,,,.8248614,Mitchell,,
GBR,United Kingdom,1977,21.21417,,,,,22.023285,25.71846,,,,.8248614,Mitchell,,
GBR,United Kingdom,1913,4.310023,,,,,,5.225149,,,,.8248614,Mitchell,,
GBR,United Kingdom,1932,6.119939,,,,,,7.419355,,,,.8248614,Mitchell,,
GBR,United Kingdom,1837,6.987462,,,,,,8.471074,,,,.8248614,Mitchell,,
GBR,United Kingdom,1998,25.02511,,,,,25.025113,,,,,1,IMF_GFS,,
GBR,United Kingdom,1993,21.12671,,,,,21.126706,25.61243,,,,.8248614,Mitchell,1,1
GBR,United Kingdom,1929,10.57515,,,,,,12.82051,,,,.8248614,Mitchell,,
GBR,United Kingdom,1955,21.02176,,,,,,25.48521,,,,.8248614,Mitchell,,
GBR,United Kingdom,2007,25.99472,,,,,25.994716,,,,,1,IMF_GFS,,
GBR,United Kingdom,2015,25.0666,,,,,25.066594,,,,,1,IMF_GFS,,
GBR,United Kingdom,1916,11.36008,,,,,,13.77211,,,,.8248614,Mitchell,,
GBR,United Kingdom,1945,28.61803,,,,,,34.69435,,,,.8248614,Mitchell,,
GBR,United Kingdom,1924,12.17958,,,,,,14.7656,,,,.8248614,Mitchell,,
GBR,United Kingdom,1898,3.828255,,,,,,4.641089,,,,.8248614,Mitchell,,
GBR,United Kingdom,1944,27.10389,,,,,,32.85872,,,,.8248614,Mitchell,,
GBR,United Kingdom,1900,4.322016,,,,,,5.239688,,,,.8248614,Mitchell,,
GBR,United Kingdom,1895,4.127173,,,,,,5.003475,,,,.8248614,Mitchell,,
GBR,United Kingdom,1914,5.296005,,,,,,6.420478,,,,.8248614,Mitchell,,
GBR,United Kingdom,1834,7.686209,,,,,,9.318182,,,,.8248614,Mitchell,,
GBR,United Kingdom,1877,3.921121,,,,,,4.753673,,,,.8248614,Mitchell,,
GBR,United Kingdom,1863,4.407022,,,,,,5.342742,,,,.8248614,Mitchell,,
GBR,United Kingdom,1852,6.777708,,,,,,8.216784,,,,.8248614,Mitchell,,
GBR,United Kingdom,2008,26.45808,,,,,26.458082,,,,,1,IMF_GFS,,
GBR,United Kingdom,1858,6.084084,,,,,,7.375886,,,,.8248614,Mitchell,,
GBR,United Kingdom,1888,4.020551,,,,,,4.874214,,,,.8248614,Mitchell,,
GBR,United Kingdom,1919,13.90634,,,,,,16.859,,,,.8248614,Mitchell,,
GBR,United Kingdom,1875,3.6705,,,,,,4.449838,,,,.8248614,Mitchell,,
GBR,United Kingdom,2012,25.11509,,,,,25.115086,,,,,1,IMF_GFS,,
GBR,United Kingdom,1905,4.47368,,,,,,5.423554,,,,.8248614,Mitchell,,
GBR,United Kingdom,1882,4.111046,,,,,,4.983923,,,,.8248614,Mitchell,,
GBR,United Kingdom,1899,3.865065,,,,,,4.685714,,,,.8248614,Mitchell,,
GBR,United Kingdom,1980,21.13451,,,,,22.326422,25.62189,,,,.8248614,Mitchell,,
GBR,United Kingdom,1933,12.46146,,,,,,15.10734,,,,.8248614,Mitchell,,
GBR,United Kingdom,1937,12.12671,,,,,,14.70151,,,,.8248614,Mitchell,,
GBR,United Kingdom,1969,24.51546,,,,,,29.7207,,,,.8248614,Mitchell,,
GBR,United Kingdom,1961,19.87781,,,,,,24.09836,,,,.8248614,Mitchell,,
GBR,United Kingdom,1850,7.260016,,,,,,8.801498,,,,.8248614,Mitchell,,
GBR,United Kingdom,1839,6.310415,,,,,,7.650273,,,,.8248614,Mitchell,,
GBR,United Kingdom,1927,11.27351,,,,,,13.66715,,,,.8248614,Mitchell,,
GBR,United Kingdom,1970,23.15584,,,,,,28.0724,,,,.8248614,Mitchell,,
GBR,United Kingdom,2020,24.79113,,,,,24.791132,,,,,1,IMF_GFS,,
GBR,United Kingdom,1884,3.973691,,,,,,4.817405,,,,.8248614,Mitchell,,
GBR,United Kingdom,2022,27.12664,,,,,27.126639,,,,,1,IMF_GFS,,
GBR,United Kingdom,1854,6.372836,,,,,,7.725947,,,,.8248614,Mitchell,,
GBR,United Kingdom,1947,26.50011,,,,,,32.12675,,,,.8248614,Mitchell,,
GBR,United Kingdom,1868,5.860857,,,,,,7.105263,,,,.8248614,Mitchell,,
GBR,United Kingdom,1833,8.208572,,,,,,9.951456,,,,.8248614,Mitchell,,
GBR,United Kingdom,2023,27.19118,,,,,27.191181,,,,,1,IMF_GFS,,
GBR,United Kingdom,1926,11.51504,,,,,,13.95997,,,,.8248614,Mitchell,,
GBR,United Kingdom,1876,3.846148,,,,,,4.662781,,,,.8248614,Mitchell,,
GBR,United Kingdom,1992,22.04426,,,,,22.330114,26.72481,,,,.8248614,Mitchell,,
GBR,United Kingdom,2005,25.48813,,,,,25.488133,,,,,1,IMF_GFS,,
GBR,United Kingdom,1987,23.58052,,,,,21.254848,28.58726,,,,.8248614,Mitchell,,
GBR,United Kingdom,1991,22.65043,,,,,22.808422,27.45968,,,,.8248614,Mitchell,,
GBR,United Kingdom,1887,4.117771,,,,,,4.992076,,,,.8248614,Mitchell,,
GBR,United Kingdom,1866,4.209302,,,,,,5.103042,,,,.8248614,Mitchell,,
GBR,United Kingdom,1973,20.48825,,,,,20.388619,24.83842,,,,.8248614,Mitchell,,
GBR,United Kingdom,2017,25.59744,,,,,25.597436,,,,,1,IMF_GFS,,
GBR,United Kingdom,1892,3.910981,,,,,,4.741379,,,,.8248614,Mitchell,,
GBR,United Kingdom,1861,5.6332,,,,,,6.829268,,,,.8248614,Mitchell,,
GBR,United Kingdom,1975,22.9132,,,,,22.899091,27.77824,,,,.8248614,Mitchell,,
GBR,United Kingdom,1835,7.005192,,,,,,8.492569,,,,.8248614,Mitchell,,
GBR,United Kingdom,1988,23.44993,,,,,21.169804,28.42893,,,,.8248614,Mitchell,,
GBR,United Kingdom,1874,3.332138,,,,,,4.039634,,,,.8248614,Mitchell,,
GBR,United Kingdom,2004,25.15233,,,,,25.152328,,,,,1,IMF_GFS,,
GBR,United Kingdom,1976,25.06646,,,,,22.469629,30.38869,,,,.8248614,Mitchell,,
GBR,United Kingdom,1893,4.133425,,,,,,5.011054,,,,.8248614,Mitchell,,
GBR,United Kingdom,1838,6.516246,,,,,,7.899807,,,,.8248614,Mitchell,,
GEO,Georgia,2009,22.86746,,,,,22.867465,,,,,1,IMF_GFS,,
GEO,Georgia,1996,7.661554,,,,,7.6615539,,,,,1,IMF_GFS,,
GEO,Georgia,2023,23.78646,,,,,23.786459,,,,,1,IMF_GFS,,
GEO,Georgia,2020,21.18098,,,,,21.180979,,,,,1,IMF_GFS,,
GEO,Georgia,1999,10.88594,,,,,10.885941,,,,,1,IMF_GFS,,
GEO,Georgia,2000,11.09036,,,,,11.090365,,,,,1,IMF_GFS,,
GEO,Georgia,2015,22.34764,,,,,22.347643,,,,,1,IMF_GFS,,
GEO,Georgia,1997,10.334,,,,,10.334002,,,,,1,IMF_GFS,,
GEO,Georgia,2011,22.66108,,,,,22.661079,,,,,1,IMF_GFS,,
GEO,Georgia,2010,21.11099,,,,,21.110992,,,,,1,IMF_GFS,,
GEO,Georgia,2019,22.89715,,,,,22.897146,,,,,1,IMF_GFS,,
GEO,Georgia,1998,9.742209,,,,,9.7422091,,,,,1,IMF_GFS,,
GEO,Georgia,2018,22.0477,,,,,22.047695,,,,,1,IMF_GFS,,
GEO,Georgia,2021,21.47285,,,,,21.472844,,,,,1,IMF_GFS,,
GEO,Georgia,2005,16.09053,,,,,16.09053,,,,,1,IMF_GFS,,
GEO,Georgia,2022,22.90226,,,,,22.90226,,,,,1,IMF_GFS,,
GEO,Georgia,2013,22.06281,,,,,22.062805,,,,,1,IMF_GFS,,
GEO,Georgia,2006,18.06306,,,,,18.06306,,,,,1,IMF_GFS,,
GEO,Georgia,2007,20.38315,,,,,20.383154,,,,,1,IMF_GFS,,
GEO,Georgia,2001,11.48243,,,,,11.48243,,,,,1,IMF_GFS,,
GEO,Georgia,2012,23.08862,,,,,23.088624,,,,,1,IMF_GFS,,
GEO,Georgia,2003,10.62411,,,,,10.624113,,,,,1,IMF_GFS,,
GEO,Georgia,2008,23.56289,,,,,23.562887,,,,,1,IMF_GFS,,
GEO,Georgia,2014,22.05287,,,,,22.052872,,,,,1,IMF_GFS,,
GEO,Georgia,2004,14.68981,,,,,14.689808,,,,,1,IMF_GFS,,
GEO,Georgia,2017,23.01368,,,,,23.013676,,,,,1,IMF_GFS,,
GEO,Georgia,2002,11.30404,,,,,11.304042,,,,,1,IMF_GFS,,
GEO,Georgia,2016,23.04224,,,,,23.042244,,,,,1,IMF_GFS,,
GEO,Georgia,1995,5.213596,,,,,5.213596,,,,,1,IMF_GFS,,
GHA,Ghana,2010,10.157,,,,,10.156997,,,,,1,IMF_GFS,,
GIN,Guinea,1992,7.792318,,,,,7.7923184,,,,,1,IMF_GFS,,
GIN,Guinea,1989,8.200738,,,,,8.200738,,,,,1,IMF_GFS,,
GIN,Guinea,1990,8.700617,,,,,8.7006169,,,,,1,IMF_GFS,,
GIN,Guinea,1998,7.496686,,,,,7.4966855,,,,,1,IMF_GFS,,
GIN,Guinea,1997,,,,,,,,,,,1,IMF_GFS,,
GIN,Guinea,1996,,,,,,,,,,,1,IMF_GFS,,
GIN,Guinea,1991,7.72314,,,,,7.7231395,,,,,1,IMF_GFS,,
GIN,Guinea,1995,,,,,,,,,,,1,IMF_GFS,,
GIN,Guinea,1994,,,,,,,,,,,1,IMF_GFS,,
GIN,Guinea,1993,,,,,,,,,,,1,IMF_GFS,,
GIN,Guinea,1999,8.028929,,,,,8.0289288,,,,,1,IMF_GFS,,
GMB,Gambia,1993,9.297812,,,,,9.2978123,,,,,1,IMF_GFS,,
GMB,Gambia,1992,8.32494,,,,,8.3249401,,,,,1,IMF_GFS,,
GMB,Gambia,1990,8.010424,,,,,8.0104235,,,,,1,IMF_GFS,,
GMB,Gambia,1991,7.94132,,,,,7.9413197,,,,,1,IMF_GFS,,
GNB,Guinea-Bissau,2023,8.692204,,,8.692204,,,,,,,1,BCEAO,,
GNB,Guinea-Bissau,2021,8.86952,8.836619,,8.86952,,,,,,,1,BCEAO,,
GNB,Guinea-Bissau,2016,8.606668,8.606225,,8.606668,,,,,,,1,BCEAO,,
GNB,Guinea-Bissau,2004,3.843648,3.843644,,3.843648,,,,,,,1,BCEAO,,
GNB,Guinea-Bissau,2008,4.91892,4.918923,,4.91892,,,,,,,1,BCEAO,,
GNB,Guinea-Bissau,2006,5.578506,5.578568,,5.578506,,,,,,,1,BCEAO,,
GNB,Guinea-Bissau,2010,7.115831,7.115796,,7.115831,,,,,,,1,BCEAO,,
GNB,Guinea-Bissau,1996,2.893607,3.330709,,2.893607,,,,,,,1,BCEAO,,
GNB,Guinea-Bissau,2017,9.524367,9.524892,,9.524367,,,,,,,1,BCEAO,,
GNB,Guinea-Bissau,2022,8.543283,8.59524,,8.543283,,,,,,,1,BCEAO,,
GNB,Guinea-Bissau,2013,6.459029,6.459006,,6.459029,,,,,,,1,BCEAO,,
GNB,Guinea-Bissau,2015,9.085571,9.085531,,9.085571,,,,,,,1,BCEAO,,
GNB,Guinea-Bissau,1992,1.221001,2.549466,,1.221001,,,,,,,1,BCEAO,,
GNB,Guinea-Bissau,2007,5.215124,5.215136,,5.215124,,,,,,,1,BCEAO,,
GNB,Guinea-Bissau,1999,3.588349,3.588299,,3.588349,,,,,,,1,BCEAO,,
GNB,Guinea-Bissau,2005,5.424955,5.424999,,5.424955,,,,,,,1,BCEAO,,
GNB,Guinea-Bissau,2001,4.897419,4.897496,,4.897419,,,,,,,1,BCEAO,,
GNB,Guinea-Bissau,2014,7.885253,7.885276,,7.885253,,,,,,,1,BCEAO,,
GNB,Guinea-Bissau,1993,1.66789,2.617493,,1.66789,,,,,,,1,BCEAO,,
GNB,Guinea-Bissau,1990,2.388488,18.75917,,2.388488,,,,,,,1,BCEAO,,
GNB,Guinea-Bissau,2000,6.296323,6.296396,,6.296323,,,,,,,1,BCEAO,,
GNB,Guinea-Bissau,2024,8.798027,,,8.798027,,,,,,,1,BCEAO,,
GNB,Guinea-Bissau,1997,3.092328,3.092299,,3.092328,,,,,,,1,BCEAO,,
GNB,Guinea-Bissau,1998,1.290582,1.290576,,1.290582,,,,,,,1,BCEAO,,
GNB,Guinea-Bissau,1991,1.748153,8.239038,,1.748153,,,,,,,1,BCEAO,,
GNB,Guinea-Bissau,2018,8.989805,8.989409,,8.989805,,,,,,,1,BCEAO,,
GNB,Guinea-Bissau,1994,.9447926,2.46946,,.9447926,,,,,,,1,BCEAO,,
GNB,Guinea-Bissau,2020,6.996182,6.908447,,6.996182,,,,,,,1,BCEAO,,
GNB,Guinea-Bissau,2012,7.279107,7.260388,,7.279107,,,,,,,1,BCEAO,,
GNB,Guinea-Bissau,1995,2.070938,3.432118,,2.070938,,,,,,,1,BCEAO,,
GNB,Guinea-Bissau,2009,6.353908,6.353907,,6.353908,,,,,,,1,BCEAO,,
GNB,Guinea-Bissau,2003,3.706703,3.706706,,3.706703,,,,,,,1,BCEAO,,
GNB,Guinea-Bissau,2002,3.674995,3.675028,,3.674995,,,,,,,1,BCEAO,,
GNB,Guinea-Bissau,2011,7.409173,7.390838,,7.409173,,,,,,,1,BCEAO,,
GNB,Guinea-Bissau,2019,8.497153,8.457657,,8.497153,,,,,,,1,BCEAO,,
GNQ,Equatorial Guinea,2012,8.742392,8.742392,,,,,,,,,1,AFRISTAT,,
GNQ,Equatorial Guinea,2006,9.669812,9.669812,,,,,,,,,1,AFRISTAT,,
GNQ,Equatorial Guinea,2021,5.653905,5.653905,,,,,,,,,1,AFRISTAT,,
GNQ,Equatorial Guinea,2019,9.302576,9.302576,,,,,,,,,1,AFRISTAT,,
GNQ,Equatorial Guinea,2022,6.835484,6.835484,,,,,,,,,1,AFRISTAT,,
GNQ,Equatorial Guinea,2015,11.23737,11.23737,,,,,,,,,1,AFRISTAT,,
GNQ,Equatorial Guinea,2007,7.54688,7.54688,,,,,,,,,1,AFRISTAT,,
GNQ,Equatorial Guinea,2017,6.00321,6.00321,,,,,,,,,1,AFRISTAT,,
GNQ,Equatorial Guinea,2020,8.290103,8.290103,,,,,,,,,1,AFRISTAT,,
GNQ,Equatorial Guinea,2016,6.341042,6.341042,,,,,,,,,1,AFRISTAT,,
GNQ,Equatorial Guinea,2014,9.179432,9.179432,,,,,,,,,1,AFRISTAT,,
GNQ,Equatorial Guinea,2018,6.118474,6.118474,,,,,,,,,1,AFRISTAT,,
GNQ,Equatorial Guinea,2013,8.361221,8.361221,,,,,,,,,1,AFRISTAT,,
GNQ,Equatorial Guinea,2005,8.559431,8.559431,,,,,,,,,1,AFRISTAT,,
GNQ,Equatorial Guinea,2010,7.586444,7.586444,,,,,,,,,1,AFRISTAT,,
GNQ,Equatorial Guinea,2008,7.785975,7.785975,,,,,,,,,1,AFRISTAT,,
GNQ,Equatorial Guinea,2009,12.76367,12.76367,,,,,,,,,1,AFRISTAT,,
GNQ,Equatorial Guinea,2011,7.015666,7.015666,,,,,,,,,1,AFRISTAT,,
GRC,Greece,2015,28.9,,,,28.9,25.088323,,,,,1,EUS,,
GRC,Greece,1889,10.02504,,,,,,,10.02504,,,1,NBS,,
GRC,Greece,1957,14.76731,,,,,,14.76731,,,,1,Mitchell,,
GRC,Greece,1927,18.04548,,,,,,,18.04548,,,1,NBS,,
GRC,Greece,1885,10.9605,,,,,,,10.9605,,,1,NBS,,
GRC,Greece,1853,10.05792,,,,,,,10.05792,,,1,NBS,,
GRC,Greece,1948,,,,,,,,,,,1,Mitchell,,
GRC,Greece,1911,10.10121,,,,,,,10.10121,,,1,NBS,,
GRC,Greece,1965,15.13182,,,,,,15.13182,,,,1,Mitchell,,
GRC,Greece,1861,10.26376,,,,,,,10.26376,,,1,NBS,,
GRC,Greece,1862,7.886196,,,,,,,7.886196,,,1,NBS,,
GRC,Greece,1932,17.33602,,,,,,,17.33602,,,1,NBS,,
GRC,Greece,1919,7.291114,,,,,,,7.291114,,,1,NBS,,
GRC,Greece,1926,15.51804,,,,,,,15.51804,,,1,NBS,,
GRC,Greece,1971,18.42657,,,,,,18.42657,,,,1,Mitchell,,
GRC,Greece,1906,12.41988,,,,,,,12.41988,,,1,NBS,,
GRC,Greece,1875,9.905073,,,,,,,9.905073,,,1,NBS,,
GRC,Greece,1890,8.985415,,,,,,,8.985415,,,1,NBS,,
GRC,Greece,1898,10.39546,,,,,,,10.39546,,,1,NBS,,
GRC,Greece,1943,,,,,,,,,,,1,Mitchell,,
GRC,Greece,1952,15.61199,,,,,,15.61199,,,,1,Mitchell,,
GRC,Greece,1974,17.81065,,,,,,17.81065,,,,1,Mitchell,,
GRC,Greece,1934,15.83064,,,,,,,15.83064,,,1,NBS,,
GRC,Greece,2008,22.2,,,,22.2,19.433002,,,,,1,EUS,,
GRC,Greece,1951,13.13443,,,,,,13.13443,,,,1,Mitchell,,
GRC,Greece,1842,14.14002,,,,,,,14.14002,,,1,NBS,,
GRC,Greece,1936,,,,,,,,,,,1,NBS,,
GRC,Greece,1871,9.046047,,,,,,,9.046047,,,1,NBS,,
GRC,Greece,1981,18.01464,,,,,,18.01464,,,,1,Mitchell,,
GRC,Greece,1973,17.57009,,,,,,17.57009,,,,1,Mitchell,,
GRC,Greece,1916,7.350947,,,,,,,7.350947,,,1,NBS,,
GRC,Greece,1900,10.07393,,,,,,,10.07393,,,1,NBS,,
GRC,Greece,1940,,,,,,,,,,,1,Mitchell,,
GRC,Greece,1982,20.20971,,,,,,20.20971,,,,1,Mitchell,,
GRC,Greece,1851,10.57763,,,,,,,10.57763,,,1,NBS,,
GRC,Greece,1924,16.1607,,,,,,,16.1607,,,1,NBS,,
GRC,Greece,1999,24,,,,24,21.200595,,,,,1,EUS,,
GRC,Greece,2017,29.7,,,,29.7,26.753019,,,,,1,EUS,,
GRC,Greece,1941,,,,,,,,,,,1,Mitchell,,
GRC,Greece,1961,13.63714,,,,,,13.63714,,,,1,Mitchell,,
GRC,Greece,1866,8.704614,,,,,,,8.704614,,,1,NBS,,
GRC,Greece,1966,16.85976,,,,,,16.85976,,,,1,Mitchell,,
GRC,Greece,1992,27.07524,,,,,,27.07524,,,,1,Mitchell,,
GRC,Greece,2022,29.3,,,,29.3,27.435336,,,,,1,EUS,,
GRC,Greece,1883,10.98256,,,,,,,10.98256,,,1,NBS,,
GRC,Greece,1910,12.28885,,,,,,,12.28885,,,1,NBS,,
GRC,Greece,1975,19.29173,,,,,,19.29173,,,,1,Mitchell,,
GRC,Greece,1929,17.37149,,,,,,,17.37149,,,1,NBS,,
GRC,Greece,1874,9.917186,,,,,,,9.917186,,,1,NBS,,
GRC,Greece,1933,15.74335,,,,,,,15.74335,,,1,NBS,,
GRC,Greece,1980,20.58399,,,,,,20.58399,,,,1,Mitchell,,
GRC,Greece,1945,,,,,,,,,,,1,Mitchell,,
GRC,Greece,1868,10.36701,,,,,,,10.36701,,,1,NBS,,
GRC,Greece,1963,14.51667,,,,,,14.51667,,,,1,Mitchell,,
GRC,Greece,1835,13.03618,,,,,,,13.03618,,,1,NBS,,
GRC,Greece,1977,22.14201,,,,,,22.14201,,,,1,Mitchell,,
GRC,Greece,1872,10.88506,,,,,,,10.88506,,,1,NBS,,
GRC,Greece,1995,20.4,,,,20.4,18.37668,,,,,1,EUS,,
GRC,Greece,1878,9.67322,,,,,,,9.67322,,,1,NBS,,
GRC,Greece,2020,27.4,,,,27.4,25.271535,,,,,1,EUS,,
GRC,Greece,1947,,,,,,,,,,,1,Mitchell,,
GRC,Greece,1978,21.70108,,,,,,21.70108,,,,1,Mitchell,,
GRC,Greece,1888,14.35168,,,,,,,14.35168,,,1,NBS,,
GRC,Greece,1913,9.046341,,,,,,,9.046341,,,1,NBS,,
GRC,Greece,1912,9.296077,,,,,,,9.296077,,,1,NBS,,
GRC,Greece,1968,19.03655,,,,,,19.03655,,,,1,Mitchell,,
GRC,Greece,2016,30.6,,,,30.6,26.931554,,,,,1,EUS,,
GRC,Greece,1969,19.265,,,,,,19.265,,,,1,Mitchell,,
GRC,Greece,2021,27.3,,,,27.3,25.629145,,,,,1,EUS,,
GRC,Greece,1884,11.48143,,,,,,,11.48143,,,1,NBS,,
GRC,Greece,1843,12.99586,,,,,,,12.99586,,,1,NBS,,
GRC,Greece,1915,9.833317,,,,,,,9.833317,,,1,NBS,,
GRC,Greece,1962,14.41182,,,,,,14.41182,,,,1,Mitchell,,
GRC,Greece,1967,17.64098,,,,,,17.64098,,,,1,Mitchell,,
GRC,Greece,1953,13.63934,,,,,,13.63934,,,,1,Mitchell,,
GRC,Greece,1873,9.955385,,,,,,,9.955385,,,1,NBS,,
GRC,Greece,1837,14.03019,,,,,,,14.03019,,,1,NBS,,
GRC,Greece,1950,,,,,,,,,,,1,Mitchell,,
GRC,Greece,2023,28.2,,,,28.2,26.894826,,,,,1,EUS,,
GRC,Greece,1833,12.8123,,,,,,,12.8123,,,1,NBS,,
GRC,Greece,1931,21.68501,,,,,,,21.68501,,,1,NBS,,
GRC,Greece,1993,26.49284,,,,,,26.49284,,,,1,Mitchell,1,2
GRC,Greece,1921,7.259769,,,,,,,7.259769,,,1,NBS,,
GRC,Greece,1887,13.62667,,,,,,,13.62667,,,1,NBS,,
GRC,Greece,1976,21.24829,,,,,,21.24829,,,,1,Mitchell,,
GRC,Greece,1838,14.28812,,,,,,,14.28812,,,1,NBS,,
GRC,Greece,1905,11.75501,,,,,,,11.75501,,,1,NBS,,
GRC,Greece,1848,11.27275,,,,,,,11.27275,,,1,NBS,,
GRC,Greece,1955,11.11664,,,,,,11.11664,,,,1,Mitchell,,
GRC,Greece,1972,18.57576,,,,,,18.57576,,,,1,Mitchell,,
GRC,Greece,1938,16.90554,,,,,,,16.90554,,,1,NBS,,
GRC,Greece,1944,,,,,,,,,,,1,Mitchell,,
GRC,Greece,1991,25.70952,,,,,,25.70952,,,,1,Mitchell,,
GRC,Greece,1903,10.39733,,,,,,,10.39733,,,1,NBS,,
GRC,Greece,1904,11.33558,,,,,,,11.33558,,,1,NBS,,
GRC,Greece,1970,19.06883,,,,,,19.06883,,,,1,Mitchell,,
GRC,Greece,1865,8.946265,,,,,,,8.946265,,,1,NBS,,
GRC,Greece,1902,10.16164,,,,,,,10.16164,,,1,NBS,,
GRC,Greece,1886,11.65888,,,,,,,11.65888,,,1,NBS,,
GRC,Greece,1846,11.35776,,,,,,,11.35776,,,1,NBS,,
GRC,Greece,2012,28.2,,,,28.2,24.36769,,,,,1,EUS,,
GRC,Greece,1946,,,,,,,,,,,1,Mitchell,,
GRC,Greece,1892,9.192826,,,,,,,9.192826,,,1,NBS,,
GRC,Greece,1922,10.64276,,,,,,,10.64276,,,1,NBS,,
GRC,Greece,1859,9.25836,,,,,,,9.25836,,,1,NBS,,
GRC,Greece,1845,11.48875,,,,,,,11.48875,,,1,NBS,,
GRC,Greece,1998,23.1,,,,23.1,20.271813,,,,,1,EUS,,
GRC,Greece,1942,,,,,,,,,,,1,Mitchell,,
GRC,Greece,1918,4.873143,,,,,,,4.873143,,,1,NBS,,
GRC,Greece,2010,23,,,,23,20.14019,,,,,1,EUS,,
GRC,Greece,1989,21.74787,,,,,,21.74787,,,,1,Mitchell,,
GRC,Greece,1869,10.76453,,,,,,,10.76453,,,1,NBS,,
GRC,Greece,1880,9.769321,,,,,,,9.769321,,,1,NBS,,
GRC,Greece,1850,10.62838,,,,,,,10.62838,,,1,NBS,,
GRC,Greece,1920,6.814313,,,,,,,6.814313,,,1,NBS,,
GRC,Greece,1847,10.36919,,,,,,,10.36919,,,1,NBS,,
GRC,Greece,1923,14.01446,,,,,,,14.01446,,,1,NBS,,
GRC,Greece,1937,16.26827,,,,,,,16.26827,,,1,NBS,,
GRC,Greece,1844,11.13583,,,,,,,11.13583,,,1,NBS,,
GRC,Greece,1870,9.438128,,,,,,,9.438128,,,1,NBS,,
GRC,Greece,1857,10.13731,,,,,,,10.13731,,,1,NBS,,
GRC,Greece,1959,14.92112,,,,,,14.92112,,,,1,Mitchell,,
GRC,Greece,1881,9.234792,,,,,,,9.234792,,,1,NBS,,
GRC,Greece,1864,7.740999,,,,,,,7.740999,,,1,NBS,,
GRC,Greece,1964,14.88029,,,,,,14.88029,,,,1,Mitchell,,
GRC,Greece,1896,9.605503,,,,,,,9.605503,,,1,NBS,,
GRC,Greece,1914,10.94991,,,,,,,10.94991,,,1,NBS,,
GRC,Greece,1897,9.264524,,,,,,,9.264524,,,1,NBS,,
GRC,Greece,2007,22.1,,,,22.1,19.539774,,,,,1,EUS,,
GRC,Greece,2024,28.9,,,,28.9,,,,,,1,EUS,,
GRC,Greece,1939,16.60729,,,,,,,16.60729,,,1,NBS,1,2
GRC,Greece,1839,13.85401,,,,,,,13.85401,,,1,NBS,,
GRC,Greece,1954,11.62118,,,,,,11.62118,,,,1,Mitchell,,
GRC,Greece,1909,10.4226,,,,,,,10.4226,,,1,NBS,,
GRC,Greece,1984,21.50552,,,,,,21.50552,,,,1,Mitchell,,
GRC,Greece,1996,20.6,,,,20.6,18.388611,,,,,1,EUS,,
GRC,Greece,1882,10.83948,,,,,,,10.83948,,,1,NBS,,
GRC,Greece,1893,8.981727,,,,,,,8.981727,,,1,NBS,,
GRC,Greece,1930,17.85275,,,,,,,17.85275,,,1,NBS,,
GRC,Greece,2006,21.7,,,,21.7,19.242951,,,,,1,EUS,,
GRC,Greece,1852,8.945279,,,,,,,8.945279,,,1,NBS,,
GRC,Greece,2009,22.1,,,,22.1,19.015788,,,,,1,EUS,,
GRC,Greece,1958,15.69048,,,,,,15.69048,,,,1,Mitchell,,
GRC,Greece,1879,10.32458,,,,,,,10.32458,,,1,NBS,,
GRC,Greece,1997,21.9,,,,21.9,19.274323,,,,,1,EUS,,
GRC,Greece,2004,21.4,,,,21.4,18.776476,,,,,1,EUS,,
GRC,Greece,1860,,,,,,,,,,,1,NBS,,
GRC,Greece,1849,12.02607,,,,,,,12.02607,,,1,NBS,,
GRC,Greece,1988,22.96355,,,,,,22.96355,,,,1,Mitchell,,
GRC,Greece,1907,11.899,,,,,,,11.899,,,1,NBS,,
GRC,Greece,1949,,,,,,,,,,,1,Mitchell,,
GRC,Greece,1836,14.83038,,,,,,,14.83038,,,1,NBS,,
GRC,Greece,1895,10.02113,,,,,,,10.02113,,,1,NBS,,
GRC,Greece,1994,,,,,,,,,,,1,EUS,,
GRC,Greece,2003,21.9,,,,21.9,19.31529,,,,,1,EUS,,
GRC,Greece,1983,20.97109,,,,,,20.97109,,,,1,Mitchell,,
GRC,Greece,1990,24.84978,,,,,,24.84978,,,,1,Mitchell,,
GRC,Greece,1956,17.54586,,,,,,17.54586,,,,1,Mitchell,,
GRC,Greece,1917,4.141166,,,,,,,4.141166,,,1,NBS,,
GRC,Greece,1834,12.58463,,,,,,,12.58463,,,1,NBS,,
GRC,Greece,1899,11.17352,,,,,,,11.17352,,,1,NBS,,
GRC,Greece,1841,13.92198,,,,,,,13.92198,,,1,NBS,,
GRC,Greece,1901,9.826474,,,,,,,9.826474,,,1,NBS,,
GRC,Greece,1891,9.124125,,,,,,,9.124125,,,1,NBS,,
GRC,Greece,1928,16.8569,,,,,,,16.8569,,,1,NBS,,
GRC,Greece,1858,10.23447,,,,,,,10.23447,,,1,NBS,,
GRC,Greece,2011,25.3,,,,25.3,22.191432,,,,,1,EUS,,
GRC,Greece,1854,9.817095,,,,,,,9.817095,,,1,NBS,,
GRC,Greece,1876,9.591656,,,,,,,9.591656,,,1,NBS,,
GRC,Greece,1856,9.395859,,,,,,,9.395859,,,1,NBS,,
GRC,Greece,1855,11.87891,,,,,,,11.87891,,,1,NBS,,
GRC,Greece,2019,28.3,,,,28.3,26.123632,,,,,1,EUS,,
GRC,Greece,2005,22.7,,,,22.7,20.020849,,,,,1,EUS,,
GRC,Greece,1960,13.68865,,,,,,13.68865,,,,1,Mitchell,,
GRC,Greece,1863,7.362656,,,,,,,7.362656,,,1,NBS,,
GRC,Greece,2002,23.5,,,,23.5,20.863718,,,,,1,EUS,,
GRC,Greece,1925,14.70623,,,,,,,14.70623,,,1,NBS,,
GRC,Greece,1840,13.29225,,,,,,,13.29225,,,1,NBS,,
GRC,Greece,1987,24.81346,,,,,,24.81346,,,,1,Mitchell,,
GRC,Greece,2000,25,,,,25,22.132812,,,,,1,EUS,,
GRC,Greece,2001,23.2,,,,23.2,20.549457,,,,,1,EUS,,
GRC,Greece,1985,21.54829,,,,,,21.54829,,,,1,Mitchell,,
GRC,Greece,1935,16.89765,,,,,,,16.89765,,,1,NBS,,
GRC,Greece,1986,23.68431,,,,,,23.68431,,,,1,Mitchell,,
GRC,Greece,1867,9.569794,,,,,,,9.569794,,,1,NBS,,
GRC,Greece,2013,27.8,,,,27.8,24.246683,,,,,1,EUS,,
GRC,Greece,2014,28.7,,,,28.7,24.982509,,,,,1,EUS,,
GRC,Greece,1979,22.28916,,,,,,22.28916,,,,1,Mitchell,,
GRC,Greece,1908,11.54104,,,,,,,11.54104,,,1,NBS,,
GRC,Greece,1894,10.604,,,,,,,10.604,,,1,NBS,,
GRC,Greece,2018,29.7,,,,29.7,27.196829,,,,,1,EUS,,
GRC,Greece,1877,9.199379,,,,,,,9.199379,,,1,NBS,,
GTM,Guatemala,2014,10.88296,,,,,10.882957,,,,,1,IMF_GFS,,
GTM,Guatemala,2018,10.67823,,,,,10.678232,,,,,1,IMF_GFS,,
GTM,Guatemala,2016,10.53556,,,,,10.535557,,,,,1,IMF_GFS,,
GTM,Guatemala,2021,11.65994,,,,,11.659936,,,,,1,IMF_GFS,,
GTM,Guatemala,2015,10.47206,,,,,10.472059,,,,,1,IMF_GFS,,
GTM,Guatemala,2022,11.92687,,,,,11.926867,,,,,1,IMF_GFS,,
GTM,Guatemala,2017,10.75268,,,,,10.752685,,,,,1,IMF_GFS,,
GTM,Guatemala,2019,10.54849,,,,,10.548487,,,,,1,IMF_GFS,,
GTM,Guatemala,2020,10.05077,,,,,10.050773,,,,,1,IMF_GFS,,
GTM,Guatemala,2023,11.6656,,,,,11.665597,,,,,1,IMF_GFS,,
HND,Honduras,2004,14.49586,,,,,14.495859,,,,,1,IMF_GFS,,
HND,Honduras,2003,13.74647,,,,,13.746466,,,,,1,IMF_GFS,,
HND,Honduras,2008,16.13052,,,,,16.130516,,,,,1,IMF_GFS,,
HND,Honduras,2005,14.53495,,,,,14.534954,,,,,1,IMF_GFS,,
HND,Honduras,2014,16.54264,,,,,16.542638,,,,,1,IMF_GFS,,
HND,Honduras,2012,14.74747,,,,,14.747472,,,,,1,IMF_GFS,,
HND,Honduras,2009,14.16197,,,,,14.16197,,,,,1,IMF_GFS,,
HND,Honduras,2006,15.23836,,,,,15.238356,,,,,1,IMF_GFS,,
HND,Honduras,2015,17.34447,,,,,17.344472,,,,,1,IMF_GFS,,
HND,Honduras,2010,14.4251,,,,,14.425098,,,,,1,IMF_GFS,,
HND,Honduras,2011,14.78798,,,,,14.787979,,,,,1,IMF_GFS,,
HND,Honduras,2013,15.06324,,,,,15.063242,,,,,1,IMF_GFS,,
HND,Honduras,2007,16.385,,,,,16.385001,,,,,1,IMF_GFS,,
HRV,Croatia,2005,20.9,,,,20.9,20.879401,,,,,1,EUS,,
HRV,Croatia,2011,19.6,,,,19.6,19.685951,,,,,1,EUS,,
HRV,Croatia,2012,20.1,,,,20.1,20.177319,,,,,1,EUS,,
HRV,Croatia,2018,21.8,,,,21.8,21.719013,,,,,1,EUS,,
HRV,Croatia,2014,20.4,,,,20.4,20.422776,,,,,1,EUS,,
HRV,Croatia,2007,21.5,,,,21.5,21.478195,,,,,1,EUS,,
HRV,Croatia,2016,21.9,,,,21.9,21.866583,,,,,1,EUS,,
HRV,Croatia,2004,20.9,,,,20.9,20.873743,,,,,1,EUS,,
HRV,Croatia,1998,24.2,,,,24.2,24.495317,,,,,1,EUS,,
HRV,Croatia,2023,21.2,,,,21.2,21.935348,,,,,1,EUS,,
HRV,Croatia,2015,21.4,,,,21.4,21.41148,,,,,1,EUS,,
HRV,Croatia,2013,20.6,,,,20.6,20.687379,,,,,1,EUS,,
HRV,Croatia,2021,21.1,,,,21.1,20.890697,,,,,1,EUS,,
HRV,Croatia,2000,22.8,,,,22.8,22.792207,,,,,1,EUS,,
HRV,Croatia,2019,22,,,,22,21.831582,,,,,1,EUS,,
HRV,Croatia,2017,22,,,,22,21.963413,,,,,1,EUS,,
HRV,Croatia,2001,21.9,,,,21.9,21.883433,,,,,1,EUS,,
HRV,Croatia,1996,23.1,,,,23.1,23.407632,,,,,1,EUS,,
HRV,Croatia,2006,21.5,,,,21.5,21.449504,,,,,1,EUS,,
HRV,Croatia,2024,21.6,,,,21.6,,,,,,1,EUS,,
HRV,Croatia,2020,20.9,,,,20.9,20.779777,,,,,1,EUS,,
HRV,Croatia,2010,20.3,,,,20.3,20.328485,,,,,1,EUS,,
HRV,Croatia,2022,21.7,,,,21.7,21.434314,,,,,1,EUS,,
HRV,Croatia,2008,21.3,,,,21.3,21.253833,,,,,1,EUS,,
HRV,Croatia,1997,22.3,,,,22.3,22.447461,,,,,1,EUS,,
HRV,Croatia,1995,23.5,,,,23.5,23.717547,,,,,1,EUS,,
HRV,Croatia,1999,23.4,,,,23.4,23.601936,,,,,1,EUS,,
HRV,Croatia,2002,22.2,,,,22.2,22.221383,,,,,1,EUS,,
HRV,Croatia,2003,21.7,,,,21.7,21.661777,,,,,1,EUS,,
HRV,Croatia,2009,20.3,,,,20.3,20.34869,,,,,1,EUS,,
HUN,Hungary,1998,22,,,,22,20.765236,,,,,1,EUS,,
HUN,Hungary,2001,22.5,,,,22.5,21.399656,,,,,1,EUS,,
HUN,Hungary,2013,23.1,,,,23.1,22.563346,,,,,1,EUS,,
HUN,Hungary,1919,,,,,,,,,,,1,Mitchell,,
HUN,Hungary,2012,23.3,,,,23.3,22.524948,,,,,1,EUS,,
HUN,Hungary,1957,,,,,,,,,,,1,EUS,,
HUN,Hungary,1932,11.55102,,,,,,11.55102,,,,1,Mitchell,,
HUN,Hungary,2008,24.4,,,,24.4,23.13113,,,,,1,EUS,,
HUN,Hungary,1973,,,,,,,,,,,1,EUS,,
HUN,Hungary,1912,.0014591,,,,,,.0014591,,,,1,Mitchell,,
HUN,Hungary,1959,,,,,,,,,,,1,EUS,,
HUN,Hungary,1902,,,,,,,,,,,1,Mitchell,,
HUN,Hungary,2019,22.6,,,,22.6,22.10912,,,,,1,EUS,,
HUN,Hungary,1911,,,,,,,,,,,1,Mitchell,,
HUN,Hungary,1977,,,,,,,,,,,1,EUS,,
HUN,Hungary,1967,,,,,,,,,,,1,EUS,,
HUN,Hungary,1965,,,,,,,,,,,1,EUS,,
HUN,Hungary,1936,11.57042,,,,,,11.57042,,,,1,Mitchell,,
HUN,Hungary,1914,,,,,,,,,,,1,Mitchell,,
HUN,Hungary,1915,,,,,,,,,,,1,Mitchell,,
HUN,Hungary,2018,22.6,,,,22.6,22.201909,,,,,1,EUS,,
HUN,Hungary,1989,,,,,,,,,,,1,EUS,,
HUN,Hungary,1904,,,,,,,,,,,1,Mitchell,,
HUN,Hungary,1952,,,,,,,,,,,1,EUS,,
HUN,Hungary,2020,23,,,,23,22.616625,,,,,1,EUS,,
HUN,Hungary,2006,21,,,,21,19.809703,,,,,1,EUS,,
HUN,Hungary,1985,,,,,,,,,,,1,EUS,,
HUN,Hungary,1999,22.9,,,,22.9,21.802165,,,,,1,EUS,,
HUN,Hungary,1958,,,,,,,,,,,1,EUS,,
HUN,Hungary,1978,,,,,,,,,,,1,EUS,,
HUN,Hungary,1970,,,,,,,,,,,1,EUS,,
HUN,Hungary,1935,11.84182,,,,,,11.84182,,,,1,Mitchell,,
HUN,Hungary,1923,,,,,,,,,,,1,Mitchell,,
HUN,Hungary,1968,,,,,,,,,,,1,EUS,,
HUN,Hungary,1971,,,,,,,,,,,1,EUS,,
HUN,Hungary,1913,,,,,,,,,,,1,Mitchell,,
HUN,Hungary,1976,,,,,,,,,,,1,EUS,,
HUN,Hungary,2011,21.6,,,,21.6,20.85822,,,,,1,EUS,,
HUN,Hungary,1963,,,,,,,,,,,1,EUS,,
HUN,Hungary,1944,,,,,,,,,,,1,EUS,,
HUN,Hungary,2003,21.7,,,,21.7,20.661614,,,,,1,EUS,,
HUN,Hungary,2017,23.5,,,,23.5,22.54833,,,,,1,EUS,,
HUN,Hungary,1984,,,,,,,,,,,1,EUS,,
HUN,Hungary,1974,,,,,,,,,,,1,EUS,,
HUN,Hungary,1927,11.6041,,,,,,11.6041,,,,1,Mitchell,,
HUN,Hungary,1921,.0190794,,,,,,.0190794,,,,1,Mitchell,,
HUN,Hungary,1983,,,,,,,,,,,1,EUS,,
HUN,Hungary,1962,,,,,,,,,,,1,EUS,,
HUN,Hungary,1931,9.84245,,,,,,9.84245,,,,1,Mitchell,,
HUN,Hungary,2014,23.3,,,,23.3,22.724843,,,,,1,EUS,,
HUN,Hungary,1941,,,,,,,,,,,1,EUS,,
HUN,Hungary,1969,,,,,,,,,,,1,EUS,,
HUN,Hungary,1901,,,,,,,,,,,1,Mitchell,,
HUN,Hungary,1942,,,,,,,,,,,1,EUS,,
HUN,Hungary,2005,21,,,,21,19.899446,,,,,1,EUS,,
HUN,Hungary,1925,7.61176,,,,,,7.61176,,,,1,Mitchell,,
HUN,Hungary,1981,,,,,,,,,,,1,EUS,,
HUN,Hungary,1943,,,,,,,,,,,1,EUS,,
HUN,Hungary,1997,22.3,,,,22.3,20.934715,,,,,1,EUS,,
HUN,Hungary,1955,,,,,,,,,,,1,EUS,,
HUN,Hungary,1900,.0017666,,,,,,.0017666,,,,1,Mitchell,,
HUN,Hungary,1987,,,,,,,,,,,1,EUS,,
HUN,Hungary,1954,,,,,,,,,,,1,EUS,,
HUN,Hungary,1930,9.961929,,,,,,9.961929,,,,1,Mitchell,,
HUN,Hungary,1980,,,,,,,,,,,1,EUS,,
HUN,Hungary,1949,,,,,,,,,,,1,EUS,,
HUN,Hungary,1966,,,,,,,,,,,1,EUS,,
HUN,Hungary,1979,,,,,,,,,,,1,EUS,,
HUN,Hungary,1964,,,,,,,,,,,1,EUS,,
HUN,Hungary,1945,,,,,,,,,,,1,EUS,,
HUN,Hungary,1960,,,,,,,,,,,1,EUS,,
HUN,Hungary,1903,,,,,,,,,,,1,Mitchell,,
HUN,Hungary,1940,20.61339,,,,,,20.61339,,,,1,Mitchell,1,1
HUN,Hungary,1946,,,,,,,,,,,1,EUS,,
HUN,Hungary,1961,,,,,,,,,,,1,EUS,,
HUN,Hungary,1938,11.85438,,,,,,11.85438,,,,1,Mitchell,,
HUN,Hungary,1906,,,,,,,,,,,1,Mitchell,,
HUN,Hungary,1926,8.295887,,,,,,8.295887,,,,1,Mitchell,,
HUN,Hungary,1948,,,,,,,,,,,1,EUS,,
HUN,Hungary,1905,,,,,,,,,,,1,Mitchell,,
HUN,Hungary,2022,23.7,,,,23.7,23.146517,,,,,1,EUS,,
HUN,Hungary,2016,23.4,,,,23.4,22.752368,,,,,1,EUS,,
HUN,Hungary,2010,23.2,,,,23.2,22.450803,,,,,1,EUS,,
HUN,Hungary,1934,12.0433,,,,,,12.0433,,,,1,Mitchell,,
HUN,Hungary,2007,22.5,,,,22.5,21.262997,,,,,1,EUS,,
HUN,Hungary,1994,,,,,,,,,,,1,EUS,,
HUN,Hungary,1992,,,,,,,,,,,1,EUS,,
HUN,Hungary,1995,24.4,,,,24.4,23.167201,,,,,1,EUS,,
HUN,Hungary,1993,,,,,,,,,,,1,EUS,,
HUN,Hungary,2000,23.4,,,,23.4,22.378463,,,,,1,EUS,,
HUN,Hungary,1991,,,,,,,,,,,1,EUS,,
HUN,Hungary,1990,,,,,,,,,,,1,EUS,,
HUN,Hungary,1929,10.87801,,,,,,10.87801,,,,1,Mitchell,,
HUN,Hungary,1933,11.61347,,,,,,11.61347,,,,1,Mitchell,,
HUN,Hungary,1996,24.1,,,,24.1,22.916075,,,,,1,EUS,,
HUN,Hungary,1956,,,,,,,,,,,1,EUS,,
HUN,Hungary,1937,11.65519,,,,,,11.65519,,,,1,Mitchell,,
HUN,Hungary,1950,,,,,,,,,,,1,EUS,,
HUN,Hungary,2002,22,,,,22,20.893051,,,,,1,EUS,,
HUN,Hungary,2009,24.3,,,,24.3,23.143885,,,,,1,EUS,,
HUN,Hungary,1909,,,,,,,,,,,1,Mitchell,,
HUN,Hungary,2023,23.1,,,,23.1,,,,,,1,EUS,,
HUN,Hungary,2015,23.4,,,,23.4,22.90929,,,,,1,EUS,,
HUN,Hungary,1918,,,,,,,,,,,1,Mitchell,,
HUN,Hungary,2021,21.6,,,,21.6,21.252955,,,,,1,EUS,,
HUN,Hungary,1907,,,,,,,,,,,1,Mitchell,,
HUN,Hungary,1908,,,,,,,,,,,1,Mitchell,,
HUN,Hungary,2024,23,,,,23,,,,,,1,EUS,,
HUN,Hungary,1910,,,,,,,,,,,1,Mitchell,,
HUN,Hungary,1972,,,,,,,,,,,1,EUS,,
HUN,Hungary,1947,,,,,,,,,,,1,EUS,,
HUN,Hungary,1988,,,,,,,,,,,1,EUS,,
HUN,Hungary,1922,,,,,,,,,,,1,Mitchell,,
HUN,Hungary,1924,,,,,,,,,,,1,Mitchell,,
HUN,Hungary,1916,,,,,,,,,,,1,Mitchell,,
HUN,Hungary,1939,11.93979,,,,,,11.93979,,,,1,Mitchell,,
HUN,Hungary,1951,,,,,,,,,,,1,EUS,,
HUN,Hungary,1982,,,,,,,,,,,1,EUS,,
HUN,Hungary,1928,11.80591,,,,,,11.80591,,,,1,Mitchell,,
HUN,Hungary,1920,,,,,,,,,,,1,Mitchell,,
HUN,Hungary,1986,,,,,,,,,,,1,EUS,,
HUN,Hungary,2004,21.4,,,,21.4,20.362673,,,,,1,EUS,,
HUN,Hungary,1917,,,,,,,,,,,1,Mitchell,,
HUN,Hungary,1975,,,,,,,,,,,1,EUS,,
HUN,Hungary,1953,,,,,,,,,,,1,EUS,,
IDN,Indonesia,2011,11.15813,,,,,11.158128,,,,,1,IMF_GFS,,
IDN,Indonesia,2012,11.38059,,,,,11.38059,,,,,1,IMF_GFS,,
IDN,Indonesia,2013,11.2853,,,,,11.285301,,,,,1,IMF_GFS,,
IDN,Indonesia,2022,10.38013,,,,,10.38013,,,,,1,IMF_GFS,,
IDN,Indonesia,2015,10.75349,,,,,10.753488,,,,,1,IMF_GFS,,
IDN,Indonesia,2018,10.23014,,,,,10.230143,,,,,1,IMF_GFS,,
IDN,Indonesia,2009,10.31248,,,,,10.312483,,,,,1,IMF_GFS,,
IDN,Indonesia,2023,10.29266,,,,,10.292664,,,,,1,IMF_GFS,,
IDN,Indonesia,2021,9.09401,,,,,9.09401,,,,,1,IMF_GFS,,
IDN,Indonesia,2014,10.83552,,,,,10.835524,,,,,1,IMF_GFS,,
IDN,Indonesia,2008,12.16473,,,,,12.164732,,,,,1,IMF_GFS,,
IDN,Indonesia,2020,8.310105,,,,,8.3101052,,,,,1,IMF_GFS,,
IDN,Indonesia,2010,10.53749,,,,,10.537485,,,,,1,IMF_GFS,,
IDN,Indonesia,2017,9.877293,,,,,9.8772931,,,,,1,IMF_GFS,,
IDN,Indonesia,2019,9.751962,,,,,9.7519618,,,,,1,IMF_GFS,,
IDN,Indonesia,2016,10.33635,,,,,10.336349,,,,,1,IMF_GFS,,
IND,India,2006,5.571191,,,,,,5.571191,,,,1,Mitchell,,
IND,India,1956,4.30339,,,,,,4.30339,,,,1,Mitchell,,
IND,India,1969,5.277228,,,,,,5.277228,,,,1,Mitchell,,
IND,India,1975,7.296954,,,,,,7.296954,,,,1,Mitchell,,
IND,India,1980,6.580883,,,,,,6.580883,,,,1,Mitchell,,
IND,India,1952,3.82551,,,,,,3.82551,,,,1,Mitchell,,
IND,India,1991,,,,,,,,,,,1,Mitchell,,
IND,India,1983,7.109827,,,,,,7.109827,,,,1,Mitchell,,
IND,India,1953,3.469231,,,,,,3.469231,,,,1,Mitchell,,
IND,India,1962,6.035088,,,,,,6.035088,,,,1,Mitchell,,
IND,India,1957,5.001667,,,,,,5.001667,,,,1,Mitchell,,
IND,India,1979,7.229022,,,,,,7.229022,,,,1,Mitchell,,
IND,India,1978,7.936661,,,,,,7.936661,,,,1,Mitchell,,
IND,India,2003,7.094203,,,,,,7.094203,,,,1,Mitchell,,
IND,India,1976,7.385159,,,,,,7.385159,,,,1,Mitchell,,
IND,India,1961,5.30625,,,,,,5.30625,,,,1,Mitchell,,
IND,India,2005,4.589495,,,,,,4.589495,,,,1,Mitchell,,
IND,India,1996,6.110218,,,,,,6.110218,,,,1,Mitchell,,
IND,India,1989,8.185202,,,,,,8.185202,,,,1,Mitchell,,
IND,India,1982,6.911847,,,,,,6.911847,,,,1,Mitchell,,
IND,India,1970,5.506945,,,,,,5.506945,,,,1,Mitchell,,
IND,India,1963,6.334905,,,,,,6.334905,,,,1,Mitchell,,
IND,India,1955,4.128155,,,,,,4.128155,,,,1,Mitchell,,
IND,India,1950,3.65,,,,,,3.65,,,,1,Mitchell,,
IND,India,1997,5.674877,,,,,,5.674877,,,,1,Mitchell,,
IND,India,1981,6.827285,,,,,,6.827285,,,,1,Mitchell,,
IND,India,1960,5.18,,,,,,5.18,,,,1,Mitchell,,
IND,India,1990,8.089636,,,,,,8.089636,,,,1,Mitchell,,
IND,India,1977,6.971904,,,,,,6.971904,,,,1,Mitchell,,
IND,India,2002,6.70645,,,,,,6.70645,,,,1,Mitchell,,
IND,India,1972,6.494118,,,,,,6.494118,,,,1,Mitchell,,
IND,India,1984,7.312014,,,,,,7.312014,,,,1,Mitchell,,
IND,India,2008,17.4618,,,,,,17.4618,,,,1,Mitchell,,
IND,India,1986,8.061645,,,,,,8.061645,,,,1,Mitchell,,
IND,India,1968,5.3406,,,,,,5.3406,,,,1,Mitchell,,
IND,India,1948,3.641379,,,,,,3.641379,,,,1,Mitchell,,
IND,India,1973,6.067742,,,,,,6.067742,,,,1,Mitchell,,
IND,India,1987,8.265183,,,,,,8.265183,,,,1,Mitchell,,
IND,India,1965,6.681993,,,,,,6.681993,,,,1,Mitchell,,
IND,India,1967,5.459538,,,,,,5.459538,,,,1,Mitchell,,
IND,India,1971,6.118791,,,,,,6.118791,,,,1,Mitchell,,
IND,India,2007,7.03845,,,,,,7.03845,,,,1,Mitchell,,
IND,India,1958,4.490298,,,,,,4.490298,,,,1,Mitchell,,
IND,India,1959,4.948571,,,,,,4.948571,,,,1,Mitchell,,
IND,India,1999,6.175134,,,,,,6.175134,,,,1,Mitchell,,
IND,India,1951,4.522,,,,,,4.522,,,,1,Mitchell,,
IND,India,2004,7.967579,,,,,,7.967579,,,,1,Mitchell,,
IND,India,1985,7.785415,,,,,,7.785415,,,,1,Mitchell,,
IND,India,1954,4.089691,,,,,,4.089691,,,,1,Mitchell,,
IND,India,1949,3.421111,,,,,,3.421111,,,,1,Mitchell,,
IND,India,1966,6.378379,,,,,,6.378379,,,,1,Mitchell,,
IND,India,1992,7.616676,,,,,,7.616676,,,,1,Mitchell,,
IND,India,1988,7.820253,,,,,,7.820253,,,,1,Mitchell,,
IND,India,1995,6.186869,,,,,,6.186869,,,,1,Mitchell,,
IND,India,2000,6.929887,,,,,,6.929887,,,,1,Mitchell,,
IND,India,2009,9.943165,,,,,,9.943165,,,,1,Mitchell,,
IND,India,2001,7.332747,,,,,,7.332747,,,,1,Mitchell,,
IND,India,1998,5.703619,,,,,,5.703619,,,,1,Mitchell,,
IND,India,1964,6.16129,,,,,,6.16129,,,,1,Mitchell,,
IND,India,1994,6.347163,,,,,,6.347163,,,,1,Mitchell,,
IND,India,1993,6.756963,,,,,,6.756963,,,,1,Mitchell,,
IND,India,1974,6.734972,,,,,8.180902,6.734972,,,,1,Mitchell,,
IRL,Ireland,1951,15.71429,,,,,,15.71429,,,,1,Mitchell,,
IRL,Ireland,1981,27.46453,,,,,,27.46453,,,,1,Mitchell,,
IRL,Ireland,1976,25.29989,,,,,,25.29989,,,,1,Mitchell,,
IRL,Ireland,2003,25,,,,25,24.160715,,,,,1,EUS,,
IRL,Ireland,1992,26.46092,,,,,26.460918,25.1609,,,,1,IMF_GFS,,
IRL,Ireland,1980,26.5356,,,,,,26.5356,,,,1,Mitchell,,
IRL,Ireland,1970,21.85075,,,,,,21.85075,,,,1,Mitchell,,
IRL,Ireland,2001,25.1,,,,25.1,24.208273,,,,,1,EUS,,
IRL,Ireland,2022,17.8,,,,17.8,16.755628,,,,,1,EUS,,
IRL,Ireland,1990,26.01094,,,,,26.01094,25.32388,,,,1,IMF_GFS,,
IRL,Ireland,1991,26.21572,,,,,26.215716,25.48867,,,,1,IMF_GFS,,
IRL,Ireland,1989,25.91659,,,,,,25.91659,,,,1,Mitchell,1,2
IRL,Ireland,1965,18.51852,,,,,,18.51852,,,,1,Mitchell,,
IRL,Ireland,2007,27.2,,,,27.2,25.937089,,,,,1,EUS,,
IRL,Ireland,2013,24.2,,,,24.2,22.442156,,,,,1,EUS,,
IRL,Ireland,1961,15.68088,,,,,,15.68088,,,,1,Mitchell,,
IRL,Ireland,2008,25.2,,,,25.2,23.810939,,,,,1,EUS,,
IRL,Ireland,2006,28.1,,,,28.1,26.818848,,,,,1,EUS,,
IRL,Ireland,2020,17,,,,17,15.910034,,,,,1,EUS,,
IRL,Ireland,1987,26.608,,,,,,26.608,,,,1,Mitchell,,
IRL,Ireland,1959,15.02347,,,,,,15.02347,,,,1,Mitchell,,
IRL,Ireland,1962,15.68878,,,,,,15.68878,,,,1,Mitchell,,
IRL,Ireland,2019,18.5,,,,18.5,17.363349,,,,,1,EUS,,
IRL,Ireland,1972,21.93177,,,,,,21.93177,,,,1,Mitchell,,
IRL,Ireland,2011,23.6,,,,23.6,21.646432,,,,,1,EUS,,
IRL,Ireland,1960,15.08876,,,,,,15.08876,,,,1,Mitchell,,
IRL,Ireland,1986,28.48363,,,,,,28.48363,,,,1,Mitchell,,
IRL,Ireland,1983,27.84356,,,,,,27.84356,,,,1,Mitchell,,
IRL,Ireland,2000,27.3,,,,27.3,26.349768,,,,,1,EUS,,
IRL,Ireland,2024,18.9,,,,18.9,,,,,,1,EUS,,
IRL,Ireland,1977,23.87493,,,,,,23.87493,,,,1,Mitchell,,
IRL,Ireland,1967,20.6446,,,,,,20.6446,,,,1,Mitchell,,
IRL,Ireland,1964,17.64706,,,,,,17.64706,,,,1,Mitchell,,
IRL,Ireland,2017,18.8,,,,18.8,17.612804,,,,,1,EUS,,
IRL,Ireland,1949,14.578,,,,,,14.578,,,,1,Mitchell,,
IRL,Ireland,2018,18.8,,,,18.8,17.640398,,,,,1,EUS,,
IRL,Ireland,1947,15.36145,,,,,,15.36145,,,,1,Mitchell,,
IRL,Ireland,1952,15.89958,,,,,,15.89958,,,,1,Mitchell,,
IRL,Ireland,1996,28.5,,,,28.5,27.171701,,,,,1,EUS,,
IRL,Ireland,1982,28.74348,,,,,,28.74348,,,,1,Mitchell,,
IRL,Ireland,1997,28,,,,28,26.873867,,,,,1,EUS,,
IRL,Ireland,1957,15.83477,,,,,,15.83477,,,,1,Mitchell,,
IRL,Ireland,2002,24.4,,,,24.4,23.516827,,,,,1,EUS,,
IRL,Ireland,2016,19.9,,,,19.9,18.630849,,,,,1,EUS,,
IRL,Ireland,1985,27.63912,,,,,,27.63912,,,,1,Mitchell,,
IRL,Ireland,1978,23.69429,,,,,,23.69429,,,,1,Mitchell,,
IRL,Ireland,2021,17.7,,,,17.7,16.604836,,,,,1,EUS,,
IRL,Ireland,1999,27.6,,,,27.6,26.650924,,,,,1,EUS,,
IRL,Ireland,1979,23.48703,,,,,,23.48703,,,,1,Mitchell,,
IRL,Ireland,1988,28.43271,,,,,,28.43271,,,,1,Mitchell,,
IRL,Ireland,1994,27.70261,,,,,27.702608,,,,,1,IMF_GFS,1,2
IRL,Ireland,1953,15.07634,,,,,,15.07634,,,,1,Mitchell,,
IRL,Ireland,1963,16.66667,,,,,,16.66667,,,,1,Mitchell,,
IRL,Ireland,1956,15.92129,,,,,,15.92129,,,,1,Mitchell,,
IRL,Ireland,2023,18.6,,,,18.6,18.027555,,,,,1,EUS,,
IRL,Ireland,1998,27.6,,,,27.6,26.494267,,,,,1,EUS,,
IRL,Ireland,2015,19.4,,,,19.4,18.111251,,,,,1,EUS,,
IRL,Ireland,1950,15.07538,,,,,,15.07538,,,,1,Mitchell,,
IRL,Ireland,2014,24.2,,,,24.2,22.460362,,,,,1,EUS,,
IRL,Ireland,1948,15.61644,,,,,,15.61644,,,,1,Mitchell,,
IRL,Ireland,1993,26.44168,,,,,26.441679,24.90864,,,,1,IMF_GFS,,
IRL,Ireland,2005,26.7,,,,26.7,25.457255,,,,,1,EUS,,
IRL,Ireland,2009,23.7,,,,23.7,22.062339,,,,,1,EUS,,
IRL,Ireland,1955,15.24501,,,,,,15.24501,,,,1,Mitchell,,
IRL,Ireland,1971,22.91334,,,,,,22.91334,,,,1,Mitchell,,
IRL,Ireland,1995,27.9,,,,27.9,26.487729,,,,,1,EUS,,
IRL,Ireland,1973,22.53211,,,,,,22.53211,,,,1,Mitchell,,
IRL,Ireland,2012,24.4,,,,24.4,22.306517,,,,,1,EUS,,
IRL,Ireland,1954,15.15152,,,,,,15.15152,,,,1,Mitchell,,
IRL,Ireland,2010,23.3,,,,23.3,21.832864,,,,,1,EUS,,
IRL,Ireland,1958,15.47421,,,,,,15.47421,,,,1,Mitchell,,
IRL,Ireland,1968,20.76923,,,,,,20.76923,,,,1,Mitchell,,
IRL,Ireland,1966,20.24715,,,,,,20.24715,,,,1,Mitchell,,
IRL,Ireland,1969,20.74967,,,,,,20.74967,,,,1,Mitchell,,
IRL,Ireland,2004,26,,,,26,25.069876,,,,,1,EUS,,
IRL,Ireland,1984,28.4147,,,,,,28.4147,,,,1,Mitchell,,
IRL,Ireland,1975,22.10221,,,,,,22.10221,,,,1,Mitchell,,
IRL,Ireland,1974,15.94684,,,,,,15.94684,,,,1,Mitchell,,
IRN,Iran,2006,6.827457,,,,,6.827457,,,,,1,IMF_GFS,,
IRN,Iran,1992,20.35542,,,,,7.4409892,11.22579,,,,1.813272,Mitchell,,
IRN,Iran,2000,7.08487,,,,,6.3418898,3.90723,,,,1.813272,Mitchell,,
IRN,Iran,2009,8.448796,,,,,8.4487967,,,,,1,IMF_GFS,,
IRN,Iran,1985,22.78228,,,,,7.7382579,12.56418,,,,1.813272,Mitchell,,
IRN,Iran,1973,43.95437,,,,,,24.24036,,,,1.813272,Mitchell,,
IRN,Iran,1981,35.13794,,,,,7.2244228,19.3782,,,,1.813272,Mitchell,,
IRN,Iran,1962,20.86004,,,,,,11.50409,,,,1.813272,Mitchell,,
IRN,Iran,1975,77.19313,,,,,,42.57118,,,,1.813272,Mitchell,,
IRN,Iran,1983,33.17192,,,,,6.4086878,18.29396,,,,1.813272,Mitchell,,
IRN,Iran,1959,21.00121,,,,,,11.58194,,,,1.813272,Mitchell,,
IRN,Iran,1988,11.82887,,,,,5.7500505,6.523494,,,,1.813272,Mitchell,,
IRN,Iran,1964,28.43011,,,,,,15.6789,,,,1.813272,Mitchell,,
IRN,Iran,1977,60.94033,,,,,,33.60794,,,,1.813272,Mitchell,,
IRN,Iran,1970,33.51378,,,,,,18.48249,,,,1.813272,Mitchell,,
IRN,Iran,1971,41.63602,,,,,,22.96182,,,,1.813272,Mitchell,,
IRN,Iran,1972,39.61279,,,,,,21.84603,,,,1.813272,Mitchell,,
IRN,Iran,1965,26.51626,,,,,,14.62343,,,,1.813272,Mitchell,,
IRN,Iran,1976,67.0567,,,,,,36.98105,,,,1.813272,Mitchell,,
IRN,Iran,1982,37.9342,,,,,6.1384517,20.9203,,,,1.813272,Mitchell,,
IRN,Iran,1986,13.61043,,,,,7.1364469,7.506009,,,,1.813272,Mitchell,,
IRN,Iran,1979,47.32123,,,,,,26.09715,,,,1.813272,Mitchell,,
IRN,Iran,1996,7.748511,,,,,8.6527797,4.273221,,,,1.813272,Mitchell,,
IRN,Iran,2008,7.178832,,,,,7.1788315,,,,,1,IMF_GFS,,
IRN,Iran,2004,4.432484,,,,,5.7896341,2.444468,,,,1.813272,Mitchell,,
IRN,Iran,2007,6.756273,,,,,6.7562726,,,,,1,IMF_GFS,,
IRN,Iran,1999,8.298877,,,,,9.0592933,4.576742,,,,1.813272,Mitchell,,
IRN,Iran,1968,28.91355,,,,,,15.94551,,,,1.813272,Mitchell,,
IRN,Iran,1967,28.4404,,,,,,15.68458,,,,1.813272,Mitchell,,
IRN,Iran,1997,8.593026,,,,,10.989559,4.738962,,,,1.813272,Mitchell,,
IRN,Iran,1991,11.36303,,,,,6.6588879,6.26659,,,,1.813272,Mitchell,,
IRN,Iran,1978,50.31226,,,,,,27.74667,,,,1.813272,Mitchell,,
IRN,Iran,1966,27.49378,,,,,,15.16252,,,,1.813272,Mitchell,,
IRN,Iran,2003,4.78295,,,,,5.749212,2.637746,,,,1.813272,Mitchell,,
IRN,Iran,1998,8.159396,,,,,9.285579,4.49982,,,,1.813272,Mitchell,,
IRN,Iran,1994,6.04669,,,,,4.6781519,3.334685,,,,1.813272,Mitchell,,
IRN,Iran,2005,7.37786,,,,,7.3778596,4.06881,,,,1.813272,Mitchell,1,1
IRN,Iran,1963,24.88877,,,,,,13.72589,,,,1.813272,Mitchell,,
IRN,Iran,1974,78.77464,,,,,,43.44337,,,,1.813272,Mitchell,,
IRN,Iran,1989,10.29089,,,,,5.6755953,5.675316,,,,1.813272,Mitchell,,
IRN,Iran,1995,5.801255,,,,,6.6036323,3.19933,,,,1.813272,Mitchell,,
IRN,Iran,1984,25.86889,,,,,6.8243854,14.26641,,,,1.813272,Mitchell,,
IRN,Iran,1960,20.65361,,,,,,11.39024,,,,1.813272,Mitchell,,
IRN,Iran,1961,21.1461,,,,,,11.66185,,,,1.813272,Mitchell,,
IRN,Iran,2002,4.275429,,,,,5.5371394,2.357853,,,,1.813272,Mitchell,,
IRN,Iran,1990,11.22749,,,,,5.9937854,6.191841,,,,1.813272,Mitchell,,
IRN,Iran,1993,1.7724,,,,,4.0950738,.9774597,,,,1.813272,Mitchell,,
IRN,Iran,2001,5.075242,,,,,6.3164394,2.798941,,,,1.813272,Mitchell,,
IRN,Iran,1987,14.27057,,,,,6.2945894,7.870069,,,,1.813272,Mitchell,,
IRN,Iran,1980,32.23534,,,,,5.4184051,17.77744,,,,1.813272,Mitchell,,
IRN,Iran,1969,26.22929,,,,,,14.46517,,,,1.813272,Mitchell,,
ISL,Iceland,2008,25.2,,,,25.2,22.797777,,,,,1,EUS,,
ISL,Iceland,2006,29.7,,,,29.7,26.897139,,,,,1,EUS,,
ISL,Iceland,1998,25.4,,,,25.4,23.955403,,,,,1,EUS,,
ISL,Iceland,1992,23.08136,,,,,23.081361,,,,,1,IMF_GFS,,
ISL,Iceland,2020,25,,,,25,22.401608,,,,,1,EUS,,
ISL,Iceland,2000,27.2,,,,27.2,25.105584,,,,,1,EUS,,
ISL,Iceland,2017,27,,,,27,23.923217,,,,,1,EUS,,
ISL,Iceland,1990,23.37875,,,,,23.378751,,,,,1,IMF_GFS,,
ISL,Iceland,2002,25.2,,,,25.2,22.59271,,,,,1,EUS,,
ISL,Iceland,2013,25,,,,25,21.656782,,,,,1,EUS,,
ISL,Iceland,1994,22.24313,,,,,22.243134,,,,,1,IMF_GFS,,
ISL,Iceland,1997,21.99696,,,,,21.996959,,,,,1,IMF_GFS,1,1
ISL,Iceland,2022,25.1,,,,25.1,22.468486,,,,,1,EUS,,
ISL,Iceland,2014,27.7,,,,27.7,24.491955,,,,,1,EUS,,
ISL,Iceland,2019,24.8,,,,24.8,21.932013,,,,,1,EUS,,
ISL,Iceland,2012,24.7,,,,24.7,21.503293,,,,,1,EUS,,
ISL,Iceland,2021,24,,,,24,21.390097,,,,,1,EUS,,
ISL,Iceland,2003,26.4,,,,26.4,23.677074,,,,,1,EUS,,
ISL,Iceland,2024,26.4,,,,26.4,,,,,,1,EUS,,
ISL,Iceland,2007,28.4,,,,28.4,25.958478,,,,,1,EUS,,
ISL,Iceland,2011,24.1,,,,24.1,20.582174,,,,,1,EUS,,
ISL,Iceland,2023,25.9,,,,25.9,23.436099,,,,,1,EUS,,
ISL,Iceland,2010,23.7,,,,23.7,20.226437,,,,,1,EUS,,
ISL,Iceland,1995,22.51335,,,,,22.513347,,,,,1,IMF_GFS,,
ISL,Iceland,2009,22.7,,,,22.7,19.933535,,,,,1,EUS,,
ISL,Iceland,2016,40.4,,,,40.4,37.612832,,,,,1,EUS,,
ISL,Iceland,1999,27.5,,,,27.5,25.860399,,,,,1,EUS,,
ISL,Iceland,1991,22.72704,,,,,22.727044,,,,,1,IMF_GFS,,
ISL,Iceland,1996,23.44784,,,,,23.447837,,,,,1,IMF_GFS,,
ISL,Iceland,2005,29.8,,,,29.8,27.243026,,,,,1,EUS,,
ISL,Iceland,2004,27.5,,,,27.5,24.766333,,,,,1,EUS,,
ISL,Iceland,1993,22.48213,,,,,22.482127,,,,,1,IMF_GFS,,
ISL,Iceland,2001,25.3,,,,25.3,22.764058,,,,,1,EUS,,
ISL,Iceland,2018,26,,,,26,22.978351,,,,,1,EUS,,
ISL,Iceland,2015,25.9,,,,25.9,22.689442,,,,,1,EUS,,
ISR,Israel,2009,21.24635,,,,,21.246346,,,,,1,IMF_GFS,,
ISR,Israel,2011,22.19459,,,,,22.194592,,,,,1,IMF_GFS,,
ISR,Israel,2019,22.19979,,,,,22.199785,,,,,1,IMF_GFS,,
ISR,Israel,2000,26.2927,,,,,26.292697,,,,,1,IMF_GFS,,
ISR,Israel,2018,22.71866,,,,,22.718664,,,,,1,IMF_GFS,,
ISR,Israel,2005,24.50599,,,,,24.505989,,,,,1,IMF_GFS,,
ISR,Israel,2001,25.83592,,,,,25.835921,,,,,1,IMF_GFS,,
ISR,Israel,2022,24.88265,,,,,24.88265,,,,,1,IMF_GFS,,
ISR,Israel,2004,24.01025,,,,,24.010252,,,,,1,IMF_GFS,,
ISR,Israel,2023,22.07493,,,,,22.07493,,,,,1,IMF_GFS,,
ISR,Israel,2015,23.06287,,,,,23.062871,,,,,1,IMF_GFS,,
ISR,Israel,2017,24.22728,,,,,24.22728,,,,,1,IMF_GFS,,
ISR,Israel,2012,21.6045,,,,,21.604502,,,,,1,IMF_GFS,,
ISR,Israel,2003,24.09363,,,,,24.093633,,,,,1,IMF_GFS,,
ISR,Israel,2010,21.96367,,,,,21.963671,,,,,1,IMF_GFS,,
ISR,Israel,2007,25.21116,,,,,25.211156,,,,,1,IMF_GFS,,
ISR,Israel,2020,21.90932,,,,,21.909317,,,,,1,IMF_GFS,,
ISR,Israel,2008,23.20828,,,,,23.20828,,,,,1,IMF_GFS,,
ISR,Israel,2021,24.4274,,,,,24.427396,,,,,1,IMF_GFS,,
ISR,Israel,2002,24.84869,,,,,24.848686,,,,,1,IMF_GFS,,
ISR,Israel,2013,22.50264,,,,,22.50264,,,,,1,IMF_GFS,,
ISR,Israel,2016,23.05377,,,,,23.053767,,,,,1,IMF_GFS,,
ISR,Israel,2014,22.80483,,,,,22.804832,,,,,1,IMF_GFS,,
ISR,Israel,2006,25.24984,,,,,25.249841,,,,,1,IMF_GFS,,
ITA,Italy,1899,7.926229,,,,,,7.926229,,,,1,Mitchell,,
ITA,Italy,1889,8.704762,,,,,,8.704762,,,,1,Mitchell,,
ITA,Italy,1962,9.930147,,,,,,9.930147,,,,1,Mitchell,,
ITA,Italy,1923,5.032174,,,,,,5.032174,,,,1,Mitchell,,
ITA,Italy,1997,25.9,,,,25.9,25.711288,,,,,1,EUS,,
ITA,Italy,1960,10.45714,,,,,,10.45714,,,,1,Mitchell,,
ITA,Italy,1947,3.472454,,,,,,3.472454,,,,1,Mitchell,,
ITA,Italy,1896,8.563637,,,,,,8.563637,,,,1,Mitchell,,
ITA,Italy,1983,15.12618,,,,,,15.12618,,,,1,Mitchell,,
ITA,Italy,1915,5.32906,,,,,,5.32906,,,,1,Mitchell,,
ITA,Italy,1862,3.54321,,,,,,3.54321,,,,1,Mitchell,,
ITA,Italy,1869,5.688889,,,,,,5.688889,,,,1,Mitchell,,
ITA,Italy,1934,9.427855,,,,,,9.427855,,,,1,Mitchell,,
ITA,Italy,1926,5.499375,,,,,,5.499375,,,,1,Mitchell,,
ITA,Italy,1965,11.06831,,,,,,11.06831,,,,1,Mitchell,,
ITA,Italy,1935,8.305357,,,,,,8.305357,,,,1,Mitchell,,
ITA,Italy,1932,9.299066,,,,,,9.299066,,,,1,Mitchell,,
ITA,Italy,1972,9.202788,,,,,,9.202788,,,,1,Mitchell,,
ITA,Italy,1948,5.643564,,,,,,5.643564,,,,1,Mitchell,,
ITA,Italy,1925,5.402,,,,,,5.402,,,,1,Mitchell,,
ITA,Italy,1911,5.781726,,,,,,5.781726,,,,1,Mitchell,,
ITA,Italy,1999,25.2,,,,25.2,24.942104,,,,,1,EUS,,
ITA,Italy,1918,4.233962,,,,,,4.233962,,,,1,Mitchell,,
ITA,Italy,1927,6.841007,,,,,,6.841007,,,,1,Mitchell,,
ITA,Italy,1876,6.16,,,,,,6.16,,,,1,Mitchell,,
ITA,Italy,1924,6.115,,,,,,6.115,,,,1,Mitchell,,
ITA,Italy,1864,4.246753,,,,,,4.246753,,,,1,Mitchell,,
ITA,Italy,1866,4.195402,,,,,,4.195402,,,,1,Mitchell,,
ITA,Italy,2000,24,,,,24,23.747935,,,,,1,EUS,,
ITA,Italy,2008,23.6,,,,23.6,23.457917,,,,,1,EUS,,
ITA,Italy,1944,3.122303,,,,,,3.122303,,,,1,Mitchell,,
ITA,Italy,1920,3.380802,,,,,,3.380802,,,,1,Mitchell,,
ITA,Italy,1984,15.13774,,,,,,15.13774,,,,1,Mitchell,,
ITA,Italy,1890,7.713044,,,,,,7.713044,,,,1,Mitchell,,
ITA,Italy,2023,24.9,,,,24.9,24.907237,,,,,1,EUS,,
ITA,Italy,1913,5.668224,,,,,,5.668224,,,,1,Mitchell,,
ITA,Italy,1961,9.929752,,,,,,9.929752,,,,1,Mitchell,,
ITA,Italy,1909,5.905556,,,,,,5.905556,,,,1,Mitchell,,
ITA,Italy,1937,6.880142,,,,,,6.880142,,,,1,Mitchell,,
ITA,Italy,1940,6.81641,,,,,,6.81641,,,,1,Mitchell,,
ITA,Italy,1933,9.646821,,,,,,9.646821,,,,1,Mitchell,,
ITA,Italy,2016,25.2,,,,25.2,25.083116,,,,,1,EUS,,
ITA,Italy,1958,9.846994,,,,,,9.846994,,,,1,Mitchell,,
ITA,Italy,1981,13.11301,,,,,,13.11301,,,,1,Mitchell,,
ITA,Italy,1893,8.054545,,,,,,8.054545,,,,1,Mitchell,,
ITA,Italy,1873,4.957627,,,,,,4.957627,,,,1,Mitchell,,
ITA,Italy,1966,11.20202,,,,,,11.20202,,,,1,Mitchell,,
ITA,Italy,1894,8.245283,,,,,,8.245283,,,,1,Mitchell,,
ITA,Italy,1892,8.175926,,,,,,8.175926,,,,1,Mitchell,,
ITA,Italy,1974,11.41066,,,,,,11.41066,,,,1,Mitchell,,
ITA,Italy,1887,8.153846,,,,,,8.153846,,,,1,Mitchell,,
ITA,Italy,1946,3.489933,,,,,,3.489933,,,,1,Mitchell,,
ITA,Italy,1900,7.361538,,,,,,7.361538,,,,1,Mitchell,,
ITA,Italy,1978,11.61417,,,,,,11.61417,,,,1,Mitchell,,
ITA,Italy,1905,6.668965,,,,,,6.668965,,,,1,Mitchell,,
ITA,Italy,1883,7.421568,,,,,,7.421568,,,,1,Mitchell,,
ITA,Italy,1872,5.490385,,,,,,5.490385,,,,1,Mitchell,,
ITA,Italy,1969,11.22824,,,,,,11.22824,,,,1,Mitchell,,
ITA,Italy,1988,16.36114,,,,,,16.36114,,,,1,Mitchell,,
ITA,Italy,2001,23.5,,,,23.5,23.325205,,,,,1,EUS,,
ITA,Italy,1885,7.916667,,,,,,7.916667,,,,1,Mitchell,,
ITA,Italy,1993,24.39103,,,,,,24.39103,,,,1,Mitchell,1,1
ITA,Italy,1881,7.118812,,,,,,7.118812,,,,1,Mitchell,,
ITA,Italy,1878,6.018868,,,,,,6.018868,,,,1,Mitchell,,
ITA,Italy,1949,7.17477,,,,,,7.17477,,,,1,Mitchell,,
ITA,Italy,1941,6.917544,,,,,,6.917544,,,,1,Mitchell,,
ITA,Italy,1929,6.879856,,,,,,6.879856,,,,1,Mitchell,,
ITA,Italy,1989,16.37049,,,,,,16.37049,,,,1,Mitchell,,
ITA,Italy,1916,4.925,,,,,,4.925,,,,1,Mitchell,,
ITA,Italy,1904,6.956522,,,,,,6.956522,,,,1,Mitchell,,
ITA,Italy,1971,9.452055,,,,,,9.452055,,,,1,Mitchell,,
ITA,Italy,1950,7.819905,,,,,,7.819905,,,,1,Mitchell,,
ITA,Italy,1987,15.55894,,,,,,15.55894,,,,1,Mitchell,,
ITA,Italy,2011,23.8,,,,23.8,23.690781,,,,,1,EUS,,
ITA,Italy,1938,7.273856,,,,,,7.273856,,,,1,Mitchell,,
ITA,Italy,2015,25,,,,25,24.839128,,,,,1,EUS,,
ITA,Italy,1902,7.460938,,,,,,7.460938,,,,1,Mitchell,,
ITA,Italy,1907,5.838151,,,,,,5.838151,,,,1,Mitchell,,
ITA,Italy,2022,24.7,,,,24.7,24.618951,,,,,1,EUS,,
ITA,Italy,1952,8.59292,,,,,,8.59292,,,,1,Mitchell,,
ITA,Italy,1930,7.364,,,,,,7.364,,,,1,Mitchell,,
ITA,Italy,1903,6.814286,,,,,,6.814286,,,,1,Mitchell,,
ITA,Italy,1967,11.11468,,,,,,11.11468,,,,1,Mitchell,,
ITA,Italy,1942,6.604947,,,,,,6.604947,,,,1,Mitchell,,
ITA,Italy,2003,22.9,,,,22.9,22.68695,,,,,1,EUS,,
ITA,Italy,2012,25.1,,,,25.1,24.910726,,,,,1,EUS,,
ITA,Italy,1910,6.117978,,,,,,6.117978,,,,1,Mitchell,,
ITA,Italy,2020,25,,,,25,24.845809,,,,,1,EUS,,
ITA,Italy,1917,4.434272,,,,,,4.434272,,,,1,Mitchell,,
ITA,Italy,2018,24.4,,,,24.4,24.243592,,,,,1,EUS,,
ITA,Italy,2004,22.3,,,,22.3,22.138776,,,,,1,EUS,,
ITA,Italy,2006,23.4,,,,23.4,23.242924,,,,,1,EUS,,
ITA,Italy,1970,10.91883,,,,,,10.91883,,,,1,Mitchell,,
ITA,Italy,2010,23.9,,,,23.9,23.737966,,,,,1,EUS,,
ITA,Italy,1865,4.8625,,,,,,4.8625,,,,1,Mitchell,,
ITA,Italy,1874,5.300885,,,,,,5.300885,,,,1,Mitchell,,
ITA,Italy,1877,5.633929,,,,,,5.633929,,,,1,Mitchell,,
ITA,Italy,1879,6.528846,,,,,,6.528846,,,,1,Mitchell,,
ITA,Italy,1880,6.035714,,,,,,6.035714,,,,1,Mitchell,,
ITA,Italy,1976,10.91429,,,,,,10.91429,,,,1,Mitchell,,
ITA,Italy,2009,24,,,,24,23.85879,,,,,1,EUS,,
ITA,Italy,1884,3.970297,,,,,,3.970297,,,,1,Mitchell,,
ITA,Italy,1897,8.759259,,,,,,8.759259,,,,1,Mitchell,,
ITA,Italy,1886,7.491071,,,,,,7.491071,,,,1,Mitchell,,
ITA,Italy,1898,7.859504,,,,,,7.859504,,,,1,Mitchell,,
ITA,Italy,1912,5.660194,,,,,,5.660194,,,,1,Mitchell,,
ITA,Italy,2017,24.8,,,,24.8,24.69719,,,,,1,EUS,,
ITA,Italy,1901,7.074627,,,,,,7.074627,,,,1,Mitchell,,
ITA,Italy,1939,6.940237,,,,,,6.940237,,,,1,Mitchell,,
ITA,Italy,1975,10,,,,,,10,,,,1,Mitchell,,
ITA,Italy,1870,5.411111,,,,,,5.411111,,,,1,Mitchell,,
ITA,Italy,1922,5.054717,,,,,,5.054717,,,,1,Mitchell,,
ITA,Italy,2007,23.8,,,,23.8,23.691785,,,,,1,EUS,,
ITA,Italy,1919,4.031299,,,,,,4.031299,,,,1,Mitchell,,
ITA,Italy,1875,6.16,,,,,,6.16,,,,1,Mitchell,,
ITA,Italy,1914,6.019417,,,,,,6.019417,,,,1,Mitchell,,
ITA,Italy,1928,7.003572,,,,,,7.003572,,,,1,Mitchell,,
ITA,Italy,1985,15.10481,,,,,,15.10481,,,,1,Mitchell,,
ITA,Italy,1936,7.722689,,,,,,7.722689,,,,1,Mitchell,,
ITA,Italy,1943,5.7928,,,,,,5.7928,,,,1,Mitchell,,
ITA,Italy,1955,9.212329,,,,,,9.212329,,,,1,Mitchell,,
ITA,Italy,2021,25,,,,25,24.876907,,,,,1,EUS,,
ITA,Italy,1956,9.471698,,,,,,9.471698,,,,1,Mitchell,,
ITA,Italy,2024,25.8,,,,25.8,,,,,,1,EUS,,
ITA,Italy,1982,13.74312,,,,,,13.74312,,,,1,Mitchell,,
ITA,Italy,1986,14.91111,,,,,,14.91111,,,,1,Mitchell,,
ITA,Italy,1990,16.74543,,,,,,16.74543,,,,1,Mitchell,,
ITA,Italy,1992,24.60771,,,,,,24.60771,,,,1,Mitchell,,
ITA,Italy,1994,,,,,,,,,,,1,EUS,,
ITA,Italy,1868,4.39785,,,,,,4.39785,,,,1,Mitchell,,
ITA,Italy,1888,8.233009,,,,,,8.233009,,,,1,Mitchell,,
ITA,Italy,1979,11.3871,,,,,,11.3871,,,,1,Mitchell,,
ITA,Italy,2005,22,,,,22,21.878988,,,,,1,EUS,,
ITA,Italy,1996,24.5,,,,24.5,24.247193,,,,,1,EUS,,
ITA,Italy,1931,8.655856,,,,,,8.655856,,,,1,Mitchell,,
ITA,Italy,1968,11.04468,,,,,,11.04468,,,,1,Mitchell,,
ITA,Italy,1863,4,,,,,,4,,,,1,Mitchell,,
ITA,Italy,2002,23,,,,23,22.802212,,,,,1,EUS,,
ITA,Italy,1895,8.518182,,,,,,8.518182,,,,1,Mitchell,,
ITA,Italy,1977,11.96262,,,,,,11.96262,,,,1,Mitchell,,
ITA,Italy,1921,4.60499,,,,,,4.60499,,,,1,Mitchell,,
ITA,Italy,1882,6.715596,,,,,,6.715596,,,,1,Mitchell,,
ITA,Italy,1954,8.947369,,,,,,8.947369,,,,1,Mitchell,,
ITA,Italy,1991,22.79216,,,,,,22.79216,,,,1,Mitchell,,
ITA,Italy,1953,8.344,,,,,,8.344,,,,1,Mitchell,,
ITA,Italy,1980,12.78351,,,,,,12.78351,,,,1,Mitchell,,
ITA,Italy,1906,6.519481,,,,,,6.519481,,,,1,Mitchell,,
ITA,Italy,1964,10.40882,,,,,,10.40882,,,,1,Mitchell,,
ITA,Italy,1945,2.34576,,,,,,2.34576,,,,1,Mitchell,,
ITA,Italy,2013,25.3,,,,25.3,25.183098,,,,,1,EUS,,
ITA,Italy,1963,10.04823,,,,,,10.04823,,,,1,Mitchell,,
ITA,Italy,1957,9.870588,,,,,,9.870588,,,,1,Mitchell,,
ITA,Italy,1891,7.325,,,,,,7.325,,,,1,Mitchell,,
ITA,Italy,1867,5.216867,,,,,,5.216867,,,,1,Mitchell,,
ITA,Italy,1951,8.68718,,,,,,8.68718,,,,1,Mitchell,,
ITA,Italy,1871,5.892473,,,,,,5.892473,,,,1,Mitchell,,
ITA,Italy,1973,10.04654,,,,,,10.04654,,,,1,Mitchell,,
ITA,Italy,1998,24.8,,,,24.8,24.592533,,,,,1,EUS,,
ITA,Italy,1959,10.10825,,,,,,10.10825,,,,1,Mitchell,,
ITA,Italy,1908,6.120482,,,,,,6.120482,,,,1,Mitchell,,
ITA,Italy,2014,25.1,,,,25.1,24.969389,,,,,1,EUS,,
ITA,Italy,1995,26,,,,26,24.307006,,,,,1,EUS,,
ITA,Italy,2019,24.8,,,,24.8,24.661612,,,,,1,EUS,,
JOR,Jordan,2016,,,,,,,,,,,1,,,
JOR,Jordan,2022,17.53768,,,,,17.537679,,,,,1,IMF_GFS,,
JOR,Jordan,2008,17.23182,,,,,17.231815,,,,,1,IMF_GFS,,
JOR,Jordan,2011,14.67502,,,,,14.675021,,,,,1,IMF_GFS,,
JOR,Jordan,2018,14.7532,,,,,14.7532,,,,,1,IMF_GFS,1,1
JOR,Jordan,2012,14.9569,,,,,14.956898,,,,,1,IMF_GFS,,
JOR,Jordan,2021,17.1456,,,,,17.1456,,,,,1,IMF_GFS,,
JOR,Jordan,2015,,,,,,,,,,,1,,,
JOR,Jordan,2014,,,,,,,,,,,1,,,
JOR,Jordan,2017,,,,,,,,,,,1,,,
JOR,Jordan,2019,,,,,,,,,,,1,,,
JOR,Jordan,2009,16.54585,,,,,16.545851,,,,,1,IMF_GFS,,
JOR,Jordan,2010,15.56138,,,,,15.561381,,,,,1,IMF_GFS,,
JOR,Jordan,2023,17.18458,,,,,17.184581,,,,,1,IMF_GFS,,
JOR,Jordan,2013,14.94605,,,,,14.94605,,,,,1,IMF_GFS,,
JOR,Jordan,2020,,,,,,,,,,,1,,,
JPN,Japan,1980,13.97669,,,,,10.306315,9.937499,,,,1.40646,Mitchell,,
JPN,Japan,2005,11.86146,,,,,9.9774354,10.62062,,,,1.116833,Mitchell,,
JPN,Japan,1915,8.403802,,8.695652,,,,5.75035,,,,.9664372,AHSTAT,,
JPN,Japan,1999,11.43358,,,,,9.6175147,,,,,1.188829,IMF_GFS,,
JPN,Japan,1955,11.97683,,,,,,8.515589,,,,1.40646,Mitchell,,
JPN,Japan,2017,11.47624,,,,,11.476243,,,,,1,IMF_GFS,,
JPN,Japan,2004,10.94158,,,,,9.2036678,,,,,1.188829,IMF_GFS,1,4
JPN,Japan,1989,16.72125,,,,,12.199935,11.88889,,,,1.40646,Mitchell,,
JPN,Japan,1987,15.70951,,,,,11.92103,11.16954,,,,1.40646,Mitchell,,
JPN,Japan,1949,17.91517,,,,,,12.73778,,,,1.40646,Mitchell,,
JPN,Japan,1977,11.34242,,,,,8.9141755,8.064516,,,,1.40646,Mitchell,,
JPN,Japan,1974,13.83369,,,,,10.981995,9.83582,,,,1.40646,Mitchell,,
JPN,Japan,1968,11.67627,,,,,,8.301887,,,,1.40646,Mitchell,,
JPN,Japan,1961,13.28812,,,,,,9.447917,,,,1.40646,Mitchell,,
JPN,Japan,1948,15.01987,,,,,,10.6792,,,,1.40646,Mitchell,,
JPN,Japan,1941,8.273478,,,,,,5.882484,,,,1.40646,Mitchell,,
JPN,Japan,1916,7.576818,,7.839948,,,,5.3214,,,,.9664372,AHSTAT,,
JPN,Japan,1993,13.52796,,,,,11.379237,9.618449,,,,1.40646,Mitchell,1,4
JPN,Japan,1907,10.64553,,11.01523,,,,7.64093,,,,.9664372,AHSTAT,,
JPN,Japan,1969,12.18781,,,,,,8.665595,,,,1.40646,Mitchell,,
JPN,Japan,1929,7.245609,,7.497237,,,,5.151664,,,,.9664372,AHSTAT,1,4
JPN,Japan,2016,10.98495,,,,,10.984954,,,,,1,IMF_GFS,,
JPN,Japan,1939,8.511117,,,,,,6.051446,,,,1.40646,Mitchell,,
JPN,Japan,2018,11.70348,,,,,11.703481,,,,,1,IMF_GFS,,
JPN,Japan,1902,6.948291,,7.189594,,,,5.813953,,,,.9664372,AHSTAT,,
JPN,Japan,1908,10.8397,,11.21614,,,,7.753585,,,,.9664372,AHSTAT,,
JPN,Japan,1976,11.46223,,,,,8.8835742,8.149701,,,,1.40646,Mitchell,,
JPN,Japan,1887,8.270245,,8.557457,,,,7.286063,,,,.9664372,AHSTAT,,
JPN,Japan,1971,12.21721,,,,,,8.686494,,,,1.40646,Mitchell,,
JPN,Japan,1953,14.39336,,,,,,10.23375,,,,1.40646,Mitchell,,
JPN,Japan,1935,7.404633,,,,,,5.26473,,,,1.40646,Mitchell,,
JPN,Japan,2000,12.1302,,,,,10.20349,,,,,1.188829,IMF_GFS,,
JPN,Japan,2019,11.42941,,,,,11.429406,,,,,1,IMF_GFS,,
JPN,Japan,1905,10.41333,,10.77497,,,,7.684825,,,,.9664372,AHSTAT,,
JPN,Japan,1981,13.77022,,,,,10.748471,9.790698,,,,1.40646,Mitchell,,
JPN,Japan,1963,12.7646,,,,,,9.075697,,,,1.40646,Mitchell,,
JPN,Japan,1894,5.265566,,5.448431,,,,4.648729,,,,.9664372,AHSTAT,,
JPN,Japan,2011,9.24533,,,,,9.2453297,,,,,1,IMF_GFS,,
JPN,Japan,1913,9.407967,,9.73469,,,,6.762418,,,,.9664372,AHSTAT,,
JPN,Japan,2002,10.59826,,,,,8.9148711,,,,,1.188829,IMF_GFS,,
JPN,Japan,1920,6.012874,,6.221691,,,,4.573478,,,,.9664372,AHSTAT,,
JPN,Japan,1889,7.711258,,7.979058,,,,6.680628,,,,.9664372,AHSTAT,,
JPN,Japan,1967,11.64184,,,,,,8.277405,,,,1.40646,Mitchell,,
JPN,Japan,1960,13.1935,,,,,,9.380645,,,,1.40646,Mitchell,,
JPN,Japan,2003,10.42974,,,,,8.7731195,,,,,1.188829,IMF_GFS,,
JPN,Japan,1909,10.86858,,11.24603,,,,7.751323,,,,.9664372,AHSTAT,,
JPN,Japan,1928,7.324687,,7.579062,,,,5.264752,,,,.9664372,AHSTAT,,
JPN,Japan,2009,7.930091,,,,,8.2769694,7.100513,,,,1.116833,Mitchell,,
JPN,Japan,1899,6.16866,,6.382887,,,,5.263613,,,,.9664372,AHSTAT,,
JPN,Japan,1973,14.90596,,,,,11.374397,10.59822,,,,1.40646,Mitchell,,
JPN,Japan,1946,6.527873,,,,,,4.64135,,,,1.40646,Mitchell,,
JPN,Japan,1927,7.242496,,7.494016,,,,5.315166,,,,.9664372,AHSTAT,,
JPN,Japan,1945,,,,,,,,,,,1.40646,Mitchell,,
JPN,Japan,1926,7.283821,,7.536776,,,,5.358373,,,,.9664372,AHSTAT,,
JPN,Japan,1990,17.15622,,,,,12.731549,12.19816,,,,1.40646,Mitchell,,
JPN,Japan,1956,12.60684,,,,,,8.963528,,,,1.40646,Mitchell,,
JPN,Japan,1942,9.809323,,,,,,6.974478,,,,1.40646,Mitchell,,
JPN,Japan,1933,6.917499,,,,,,4.918376,,,,1.40646,Mitchell,,
JPN,Japan,1975,11.20416,,,,,9.100159,7.966216,,,,1.40646,Mitchell,,
JPN,Japan,1925,7.237138,,7.488472,,,,5.31202,,,,.9664372,AHSTAT,,
JPN,Japan,1892,5.893119,,6.097778,,,,5.342222,,,,.9664372,AHSTAT,,
JPN,Japan,1947,12.93642,,,,,,9.197861,,,,1.40646,Mitchell,,
JPN,Japan,1986,14.82031,,,,,11.091979,10.53731,,,,1.40646,Mitchell,,
JPN,Japan,1959,11.77759,,,,,,8.373927,,,,1.40646,Mitchell,,
JPN,Japan,1901,6.512947,,6.73913,,,,5.450885,,,,.9664372,AHSTAT,,
JPN,Japan,1996,12.6225,,,,,10.617594,,,,,1.188829,IMF_GFS,,
JPN,Japan,1937,8.255282,,,,,,5.869547,,,,1.40646,Mitchell,,
JPN,Japan,1890,6.131752,,6.344697,,,,5.63447,,,,.9664372,AHSTAT,,
JPN,Japan,1958,11.31957,,,,,,8.048272,,,,1.40646,Mitchell,,
JPN,Japan,1923,6.948453,,7.189762,,,,4.811043,,,,.9664372,AHSTAT,,
JPN,Japan,1924,7.476611,,7.736261,,,,5.341551,,,,.9664372,AHSTAT,,
JPN,Japan,1893,5.788935,,5.989975,,,,5.204679,,,,.9664372,AHSTAT,,
JPN,Japan,1962,12.72236,,,,,,9.045662,,,,1.40646,Mitchell,,
JPN,Japan,1983,13.93493,,,,,10.621708,9.907801,,,,1.40646,Mitchell,,
JPN,Japan,1972,12.87733,,,,,10.212651,9.155844,,,,1.40646,Mitchell,,
JPN,Japan,2015,11.28436,,,,,11.284358,,,,,1,IMF_GFS,,
JPN,Japan,1900,6.293452,,6.512013,,,,5.3314,,,,.9664372,AHSTAT,,
JPN,Japan,1914,9.09732,,9.413255,,,,6.690587,,,,.9664372,AHSTAT,,
JPN,Japan,2013,10.2499,,,,,10.249899,,,,,1,IMF_GFS,,
JPN,Japan,1885,6.331003,,6.550869,,,,5.732009,,,,.9664372,AHSTAT,,
JPN,Japan,2023,13.48424,,,,,13.484242,,,,,1,IMF_GFS,,
JPN,Japan,2021,13.29589,,,,,13.295886,,,,,1,IMF_GFS,,
JPN,Japan,1897,4.617367,,4.777721,,,,4.266735,,,,.9664372,AHSTAT,,
JPN,Japan,1898,4.902665,,5.072926,,,,4.010939,,,,.9664372,AHSTAT,,
JPN,Japan,2012,9.577549,,,,,9.577549,,,,,1,IMF_GFS,,
JPN,Japan,1952,14.77269,,,,,,10.50346,,,,1.40646,Mitchell,,
JPN,Japan,1988,15.98284,,,,,12.238655,11.36388,,,,1.40646,Mitchell,,
JPN,Japan,1938,9.496084,,,,,,6.751763,,,,1.40646,Mitchell,,
JPN,Japan,2010,8.721431,,,,,8.7214305,7.80907,,,,1.116833,Mitchell,1,4
JPN,Japan,1918,5.885643,,6.090041,,,,4.383816,,,,.9664372,AHSTAT,,
JPN,Japan,1919,6.604269,,6.833624,,,,4.439268,,,,.9664372,AHSTAT,,
JPN,Japan,1934,7.287171,,,,,,5.181215,,,,1.40646,Mitchell,,
JPN,Japan,1970,12.56796,,,,,,8.935881,,,,1.40646,Mitchell,,
JPN,Japan,1932,6.707185,,,,,,4.768842,,,,1.40646,Mitchell,,
JPN,Japan,1957,12.16714,,,,,,8.650894,,,,1.40646,Mitchell,,
JPN,Japan,2014,11.3618,,,,,11.361804,,,,,1,IMF_GFS,,
JPN,Japan,1951,14.49346,,,,,,10.30492,,,,1.40646,Mitchell,,
JPN,Japan,1965,11.79887,,,,,,8.389058,,,,1.40646,Mitchell,,
JPN,Japan,1950,14.91624,,,,,,10.60552,,,,1.40646,Mitchell,,
JPN,Japan,1985,14.46896,,,,,11.219309,10.2875,,,,1.40646,Mitchell,,
JPN,Japan,1917,6.658879,,6.890131,,,,5.074488,,,,.9664372,AHSTAT,,
JPN,Japan,1891,5.583106,,5.776998,,,,5.057067,,,,.9664372,AHSTAT,,
JPN,Japan,1895,4.769916,,4.935567,,,,4.207474,,,,.9664372,AHSTAT,,
JPN,Japan,1906,11.27413,,11.66566,,,,8.146578,,,,.9664372,AHSTAT,,
JPN,Japan,1982,13.74283,,,,,10.732369,9.771218,,,,1.40646,Mitchell,,
JPN,Japan,1896,4.861191,,5.030012,,,,3.931573,,,,.9664372,AHSTAT,,
JPN,Japan,1910,10.35381,,10.71338,,,,7.286624,,,,.9664372,AHSTAT,,
JPN,Japan,1995,12.80089,,,,,10.767645,,,,,1.188829,IMF_GFS,,
JPN,Japan,1994,12.92231,,,,,10.869786,,,,,1.188829,IMF_GFS,,
JPN,Japan,2006,12.56139,,,,,10.349885,11.24732,,,,1.116833,Mitchell,,
JPN,Japan,1912,9.636031,,9.970675,,,,6.828655,,,,.9664372,AHSTAT,,
JPN,Japan,1964,12.72965,,,,,,9.050847,,,,1.40646,Mitchell,,
JPN,Japan,1904,7.838738,,8.110965,,,,5.977543,,,,.9664372,AHSTAT,,
JPN,Japan,1940,8.650249,,,,,,6.150371,,,,1.40646,Mitchell,,
JPN,Japan,2001,11.57318,,,,,9.7349422,,,,,1.188829,IMF_GFS,,
JPN,Japan,1931,7.414246,,,,,,5.271565,,,,1.40646,Mitchell,,
JPN,Japan,1954,13.33043,,,,,,9.478004,,,,1.40646,Mitchell,,
JPN,Japan,1998,11.77626,,,,,9.9057703,,,,,1.188829,IMF_GFS,,
JPN,Japan,1936,8.027884,,,,,,5.707865,,,,1.40646,Mitchell,,
JPN,Japan,2007,11.91064,,,,,9.9638834,10.66465,,,,1.116833,Mitchell,,
JPN,Japan,1944,12.36691,,,,,,8.792934,,,,1.40646,Mitchell,,
JPN,Japan,1943,10.26903,,,,,,7.301329,,,,1.40646,Mitchell,,
JPN,Japan,2008,9.490913,,,,,8.8113117,8.498056,,,,1.116833,Mitchell,,
JPN,Japan,1991,16.08734,,,,,12.904065,11.43818,,,,1.40646,Mitchell,,
JPN,Japan,1921,7.147974,,7.396211,,,,5.179363,,,,.9664372,AHSTAT,,
JPN,Japan,1978,13.16833,,,,,9.0031925,9.362745,,,,1.40646,Mitchell,,
JPN,Japan,1992,13.90437,,,,,11.417179,9.886075,,,,1.40646,Mitchell,,
JPN,Japan,1930,7.549985,,,,,,5.368077,,,,1.40646,Mitchell,,
JPN,Japan,1888,7.789529,,8.060046,,,,6.662817,,,,.9664372,AHSTAT,,
JPN,Japan,1979,13.12062,,,,,9.6759042,9.328829,,,,1.40646,Mitchell,,
JPN,Japan,1984,14.05993,,,,,10.903337,9.996677,,,,1.40646,Mitchell,,
JPN,Japan,1966,11.34004,,,,,,8.062828,,,,1.40646,Mitchell,,
JPN,Japan,1886,8.154314,,8.4375,,,,7.25,,,,.9664372,AHSTAT,,
JPN,Japan,1997,12.44391,,,,,10.46737,,,,,1.188829,IMF_GFS,,
JPN,Japan,1911,9.437001,,9.764732,,,,6.63231,,,,.9664372,AHSTAT,,
JPN,Japan,2022,14.01424,,,,,14.014244,,,,,1,IMF_GFS,,
JPN,Japan,2020,12.31935,,,,,12.319345,,,,,1,IMF_GFS,,
JPN,Japan,1922,7.335316,,7.59006,,,,5.618699,,,,.9664372,AHSTAT,,
JPN,Japan,1903,6.452474,,6.676558,,,,5.252226,,,,.9664372,AHSTAT,,
KAZ,Kazakhstan,2005,17.14935,,,,,17.149348,,,,,1,IMF_GFS,,
KAZ,Kazakhstan,2011,18.25784,,,,,18.257836,,,,,1,IMF_GFS,,
KAZ,Kazakhstan,2021,9.447111,,,,,9.4471111,,,,,1,IMF_GFS,,
KAZ,Kazakhstan,2010,15.71238,,,,,15.712378,,,,,1,IMF_GFS,,
KAZ,Kazakhstan,2013,16.03018,,,,,16.030176,,,,,1,IMF_GFS,,
KAZ,Kazakhstan,2008,12.66099,,,,,12.660994,,,,,1,IMF_GFS,,
KAZ,Kazakhstan,2006,14.85084,,,,,14.850844,,,,,1,IMF_GFS,,
KAZ,Kazakhstan,2016,9.924251,,,,,9.9242502,,,,,1,IMF_GFS,,
KAZ,Kazakhstan,2017,10.30301,,,,,10.303011,,,,,1,IMF_GFS,,
KAZ,Kazakhstan,2023,11.91154,,,,,11.911537,,,,,1,IMF_GFS,,
KAZ,Kazakhstan,2009,16.11826,,,,,16.118257,,,,,1,IMF_GFS,,
KAZ,Kazakhstan,2014,14.19343,,,,,14.193434,,,,,1,IMF_GFS,,
KAZ,Kazakhstan,2007,12.27858,,,,,12.278577,,,,,1,IMF_GFS,,
KAZ,Kazakhstan,2020,8.31881,,,,,8.3188097,,,,,1,IMF_GFS,,
KAZ,Kazakhstan,2012,13.3121,,,,,13.312097,,,,,1,IMF_GFS,,
KAZ,Kazakhstan,2019,11.78694,,,,,11.786942,,,,,1,IMF_GFS,,
KAZ,Kazakhstan,2022,12.06169,,,,,12.061692,,,,,1,IMF_GFS,,
KAZ,Kazakhstan,2018,11.7178,,,,,11.717799,,,,,1,IMF_GFS,,
KAZ,Kazakhstan,2015,9.835712,,,,,9.8357124,,,,,1,IMF_GFS,,
KEN,Kenya,2021,13.55464,,,,,13.554644,,,,,1,IMF_GFS,,
KEN,Kenya,2019,15.10011,,,,,15.100105,,,,,1,IMF_GFS,,
KEN,Kenya,2018,14.36128,,,,,14.361279,,,,,1,IMF_GFS,,
KEN,Kenya,2017,15.05246,,,,,15.052463,,,,,1,IMF_GFS,,
KEN,Kenya,2015,14.83948,,,,,14.839482,,,,,1,IMF_GFS,,
KEN,Kenya,2023,13.96687,,,,,13.966874,,,,,1,IMF_GFS,,
KEN,Kenya,2014,15.18702,,,,,15.187021,,,,,1,IMF_GFS,,
KEN,Kenya,2016,14.96647,,,,,14.966473,,,,,1,IMF_GFS,,
KEN,Kenya,2020,14.30113,,,,,14.301132,,,,,1,IMF_GFS,,
KEN,Kenya,2022,14.73182,,,,,14.731822,,,,,1,IMF_GFS,,
KGZ,Kyrgyzstan,2019,15.96383,,,,,15.963834,,,,,1,IMF_GFS,,
KGZ,Kyrgyzstan,2020,14.03633,,,,,14.036328,,,,,1,IMF_GFS,,
KGZ,Kyrgyzstan,2015,16.80167,,,,,16.801668,,,,,1,IMF_GFS,,
KGZ,Kyrgyzstan,2021,16.49126,,,,,16.49126,,,,,1,IMF_GFS,,
KGZ,Kyrgyzstan,2022,19.54198,,,,,19.541979,,,,,1,IMF_GFS,,
KGZ,Kyrgyzstan,2023,21.28117,,,,,21.281165,,,,,1,IMF_GFS,,
KGZ,Kyrgyzstan,2013,17.56692,,,,,17.566923,,,,,1,IMF_GFS,,
KGZ,Kyrgyzstan,2016,16.94917,,,,,16.949173,,,,,1,IMF_GFS,,
KGZ,Kyrgyzstan,2017,17.04628,,,,,17.046275,,,,,1,IMF_GFS,,
KGZ,Kyrgyzstan,2018,17.99886,,,,,17.998857,,,,,1,IMF_GFS,,
KGZ,Kyrgyzstan,2014,17.54865,,,,,17.548653,,,,,1,IMF_GFS,,
KHM,Cambodia,2019,14.57065,,,,,14.570646,,,,,1,IMF_GFS,,
KHM,Cambodia,2021,11.99277,,,,,11.99277,,,,,1,IMF_GFS,,
KHM,Cambodia,2022,13.51874,,,,,13.518738,,,,,1,IMF_GFS,,
KHM,Cambodia,2020,13.29021,,,,,13.290208,,,,,1,IMF_GFS,,
KHM,Cambodia,2023,11.95004,,,,,11.950038,,,,,1,IMF_GFS,,
KIR,Kiribati,2020,21.31084,,,,,21.310842,,,,,1,IMF_GFS,,
KIR,Kiribati,2017,18.45947,,,,,18.459465,,,,,1,IMF_GFS,,
KIR,Kiribati,2010,14.82488,,,,,14.824881,,,,,1,IMF_GFS,,
KIR,Kiribati,2015,19.73064,,,,,19.730638,,,,,1,IMF_GFS,,
KIR,Kiribati,2013,16.55292,,,,,16.552919,,,,,1,IMF_GFS,,
KIR,Kiribati,2021,21.53511,,,,,21.535115,,,,,1,IMF_GFS,,
KIR,Kiribati,2019,22.29899,,,,,22.298988,,,,,1,IMF_GFS,,
KIR,Kiribati,2022,20.19503,,,,,20.195026,,,,,1,IMF_GFS,,
KIR,Kiribati,2016,21.5244,,,,,21.524401,,,,,1,IMF_GFS,,
KIR,Kiribati,2018,17.91328,,,,,17.913281,,,,,1,IMF_GFS,,
KIR,Kiribati,2011,16.34639,,,,,16.346391,,,,,1,IMF_GFS,,
KIR,Kiribati,2014,15.9191,,,,,15.919104,,,,,1,IMF_GFS,,
KIR,Kiribati,2012,16.8334,,,,,16.833405,,,,,1,IMF_GFS,,
KIR,Kiribati,2023,18.31357,,,,,18.31357,,,,,1,IMF_GFS,,
KOR,South Korea,1936,4.078093,,,,,,,,,4.078093,1,CS2,,
KOR,South Korea,1916,3.264685,,,,,,,,,3.264685,1,CS2,,
KOR,South Korea,1954,7.843995,,,,,,78.78788,,,7.843995,1,CS2,,
KOR,South Korea,1999,11.27927,,,,,,9.009469,,,11.27927,1,CS2,,
KOR,South Korea,1942,,,,,,,,,,,1,CS2,,
KOR,South Korea,1933,3.894795,,,,,,,,,3.894795,1,CS2,,
KOR,South Korea,1960,9.994797,,,,,,8.189301,,,9.994797,1,CS2,,
KOR,South Korea,1929,3.352855,,,,,,,,,3.352855,1,CS2,,
KOR,South Korea,1965,6.572511,,,,,,11.02757,,,6.572511,1,CS2,,
KOR,South Korea,1998,11.21834,,,,,,8.630246,,,11.21834,1,CS2,,
KOR,South Korea,1912,2.331007,,,,,,,,,2.331007,1,CS2,,
KOR,South Korea,1923,2.559414,,,,,,,,,2.559414,1,CS2,,
KOR,South Korea,1948,,,,,,,,,,,1,CS2,,
KOR,South Korea,1977,12.97324,,,,,,17.98163,,,12.97324,1,CS2,,
KOR,South Korea,2020,14.01122,,,,,14.011222,,,,,1,IMF_GFS,,
KOR,South Korea,2011,13.87857,,,,,,,,,13.87857,1,CS2,1,1
KOR,South Korea,2022,17.15867,,,,,17.158675,,,,,1,IMF_GFS,,
KOR,South Korea,1955,9.678662,,,,,,,,,9.678662,1,CS2,,
KOR,South Korea,1984,12.9133,,,,,,12.5,,,12.9133,1,CS2,,
KOR,South Korea,1982,13.43057,,,,,,12.97794,,,13.43057,1,CS2,,
KOR,South Korea,1981,13.33618,,,,,,12.98947,,,13.33618,1,CS2,,
KOR,South Korea,1925,2.608385,,,,,,,,,2.608385,1,CS2,,
KOR,South Korea,2009,13.71257,,,,,,10.9937,,,13.71257,1,CS2,,
KOR,South Korea,1994,11.66711,,,,,,9.07647,,,11.66711,1,CS2,,
KOR,South Korea,1927,2.927572,,,,,,,,,2.927572,1,CS2,,
KOR,South Korea,2000,12.9072,,,,,,10.656,,,12.9072,1,CS2,,
KOR,South Korea,1988,12.86646,,,,,,12.92481,,,12.86646,1,CS2,,
KOR,South Korea,2015,12.53261,,,,,12.532613,,,,13.47928,1,IMF_GFS,,
KOR,South Korea,1921,3.007063,,,,,,,,,3.007063,1,CS2,,
KOR,South Korea,1945,,,,,,,,,,,1,CS2,,
KOR,South Korea,1989,12.98485,,,,,,13.40269,,,12.98485,1,CS2,,
KOR,South Korea,1919,2.619963,,,,,,,,,2.619963,1,CS2,,
KOR,South Korea,1993,11.56695,,,,,,8.735395,,,11.56695,1,CS2,,
KOR,South Korea,1990,13.57904,,,,,,10.82888,,,13.57904,1,CS2,,
KOR,South Korea,1924,2.615631,,,,,,,,,2.615631,1,CS2,,
KOR,South Korea,1985,12.66332,,,,,,12.32643,,,12.66332,1,CS2,,
KOR,South Korea,1932,3.499393,,,,,,,,,3.499393,1,CS2,,
KOR,South Korea,2007,14.89471,,,,,,10.73299,,,14.89471,1,CS2,,
KOR,South Korea,1996,11.85892,,,,,,9.385301,,,11.85892,1,CS2,,
KOR,South Korea,2021,15.66739,,,,,15.667386,,,,,1,IMF_GFS,,
KOR,South Korea,1913,2.232004,,,,,,,,,2.232004,1,CS2,,
KOR,South Korea,2008,14.55148,,,,,,11.34285,,,14.55148,1,CS2,,
KOR,South Korea,2018,14.69428,,,,,14.694281,,,,,1,IMF_GFS,,
KOR,South Korea,1962,7.720401,,,,,,7.982955,,,7.720401,1,CS2,,
KOR,South Korea,1931,3.740511,,,,,,,,,3.740511,1,CS2,,
KOR,South Korea,1961,7.690701,,,,,,7.869416,,,7.690701,1,CS2,,
KOR,South Korea,1974,10.71934,,,,,,,,,10.71934,1,CS2,,
KOR,South Korea,1918,2.469865,,,,,,,,,2.469865,1,CS2,,
KOR,South Korea,1920,2.224976,,,,,,,,,2.224976,1,CS2,,
KOR,South Korea,1958,7.061856,,,,,,6.551724,,,7.061856,1,CS2,,
KOR,South Korea,1991,11.80918,,,,,,8.641592,,,11.80918,1,CS2,,
KOR,South Korea,1970,11.97663,,,,,,14.94126,,,11.97663,1,CS2,,
KOR,South Korea,1968,11.48044,,,,,,16.13497,,,11.48044,1,CS2,,
KOR,South Korea,1946,,,,,,,,,,,1,CS2,,
KOR,South Korea,1967,9.841235,,,,,,15.48848,,,9.841235,1,CS2,,
KOR,South Korea,1943,,,,,,,,,,,1,CS2,,
KOR,South Korea,1915,3.432246,,,,,,,,,3.432246,1,CS2,,
KOR,South Korea,1930,3.78716,,,,,,,,,3.78716,1,CS2,,
KOR,South Korea,1937,3.521408,,,,,,,,,3.521408,1,CS2,,
KOR,South Korea,1976,13.28468,,,,,,15.87596,,,13.28468,1,CS2,,
KOR,South Korea,1980,13.42165,,,,,,13.18421,,,13.42165,1,CS2,,
KOR,South Korea,1969,11.88244,,,,,,15.7277,,,11.88244,1,CS2,,
KOR,South Korea,1959,10.00498,,,,,,8.009259,,,10.00498,1,CS2,,
KOR,South Korea,1926,2.930054,,,,,,,,,2.930054,1,CS2,,
KOR,South Korea,1978,13.4766,,,,,,17.41686,,,13.4766,1,CS2,,
KOR,South Korea,1956,,,,,,,,,,,1,CS2,,
KOR,South Korea,1911,2.582299,,,,,,,,,2.582299,1,CS2,,
KOR,South Korea,1944,,,,,,,,,,,1,CS2,,
KOR,South Korea,1964,5.059695,,,,,,5.232068,,,5.059695,1,CS2,,
KOR,South Korea,1940,5.110318,,,,,,,,,5.110318,1,CS2,,
KOR,South Korea,1992,11.77311,,,,,,9.151163,,,11.77311,1,CS2,,
KOR,South Korea,1975,11.95114,,,,,,16.68623,,,11.95114,1,CS2,,
KOR,South Korea,1917,2.987853,,,,,,,,,2.987853,1,CS2,,
KOR,South Korea,1957,5.914726,,,,,,6.020408,,,5.914726,1,CS2,,
KOR,South Korea,1987,12.84422,,,,,,12.75893,,,12.84422,1,CS2,,
KOR,South Korea,1947,,,,,,,,,,,1,CS2,,
KOR,South Korea,1914,2.938884,,,,,,,,,2.938884,1,CS2,,
KOR,South Korea,1953,4.390448,,,,,,43.82979,,,4.390448,1,CS2,,
KOR,South Korea,1966,8.222954,,,,,,,,,8.222954,1,CS2,,
KOR,South Korea,2002,12.37446,,,,,,10.80288,,,12.37446,1,CS2,,
KOR,South Korea,1997,11.48478,,,,,,9.344195,,,11.48478,1,CS2,,
KOR,South Korea,1934,3.95115,,,,,,,,,3.95115,1,CS2,,
KOR,South Korea,2013,13.02222,,,,,13.022219,,,,13.66853,1,IMF_GFS,,
KOR,South Korea,1935,3.73982,,,,,,,,,3.73982,1,CS2,,
KOR,South Korea,1986,12.39424,,,,,,12.22571,,,12.39424,1,CS2,,
KOR,South Korea,1922,3.015402,,,,,,,,,3.015402,1,CS2,,
KOR,South Korea,1972,10.17527,,,,,,10.6235,,,10.17527,1,CS2,,
KOR,South Korea,2004,12.34776,,,,,,10.69,,,12.34776,1,CS2,,
KOR,South Korea,2014,12.63057,,,,,12.630568,,,,13.41351,1,IMF_GFS,,
KOR,South Korea,2006,13.73374,,,,,,10.02328,,,13.73374,1,CS2,,
KOR,South Korea,1973,9.458456,,,,,,13.58937,,,9.458456,1,CS2,,
KOR,South Korea,1938,4.184975,,,,,,,,,4.184975,1,CS2,,
KOR,South Korea,1983,13.65846,,,,,,13.22933,,,13.65846,1,CS2,,
KOR,South Korea,1995,11.75759,,,,,,9.085213,,,11.75759,1,CS2,,
KOR,South Korea,2012,13.47355,,,,,13.473549,,,,14.24108,1,IMF_GFS,,
KOR,South Korea,1941,,,,,,,,,,,1,CS2,,
KOR,South Korea,2003,12.93917,,,,,,11.50156,,,12.93917,1,CS2,,
KOR,South Korea,1979,13.66188,,,,,,,,,13.66188,1,CS2,,
KOR,South Korea,2010,13.50965,,,,,,11.41623,,,13.50965,1,CS2,,
KOR,South Korea,2023,14.64469,,,,,14.644687,,,,,1,IMF_GFS,,
KOR,South Korea,1963,5.994175,,,,,,6.28,,,5.994175,1,CS2,,
KOR,South Korea,2016,13.27831,,,,,13.278312,,,,,1,IMF_GFS,,
KOR,South Korea,1949,,,,,,,,,,,1,CS2,,
KOR,South Korea,1928,3.171172,,,,,,,,,3.171172,1,CS2,,
KOR,South Korea,2001,12.55786,,,,,,10.72606,,,12.55786,1,CS2,,
KOR,South Korea,1951,,,,,,,,,,,1,CS2,,
KOR,South Korea,2019,14.33481,,,,,14.334813,,,,,1,IMF_GFS,,
KOR,South Korea,1952,,,,,,,,,,,1,CS2,,
KOR,South Korea,2017,13.75546,,,,,13.75546,,,,,1,IMF_GFS,,
KOR,South Korea,2005,13.30637,,,,,,11.09342,,,13.30637,1,CS2,,
KOR,South Korea,1939,4.816918,,,,,,,,,4.816918,1,CS2,,
KOR,South Korea,1950,,,,,,,,,,,1,CS2,,
KOR,South Korea,1971,11.87438,,,,,,9.02634,,,11.87438,1,CS2,,
KWT,Kuwait,2007,1.08654,,,,,1.0865395,,,,,1,IMF_GFS,,
KWT,Kuwait,1996,.9650953,,,,,.96509526,,,,,1,IMF_GFS,,
KWT,Kuwait,1987,1.267414,,,,,1.2674143,,,,,1,IMF_GFS,,
KWT,Kuwait,1989,1.176026,,,,,1.1760259,,,,,1,IMF_GFS,,
KWT,Kuwait,1993,1.092582,,,,,1.0925816,,,,,1,IMF_GFS,,
KWT,Kuwait,2003,1.325618,,,,,1.3256181,,,,,1,IMF_GFS,,
KWT,Kuwait,1999,,,,,,,,,,,1,IMF_GFS,,
KWT,Kuwait,2005,1.029866,,,,,1.0298661,,,,,1,IMF_GFS,,
KWT,Kuwait,1980,2.691935,,,,,2.6919351,,,,,1,IMF_GFS,,
KWT,Kuwait,1997,1.173083,,,,,1.1730831,,,,,1,IMF_GFS,,
KWT,Kuwait,2010,.9794704,,,,,.97947042,,,,,1,IMF_GFS,,
KWT,Kuwait,2002,1.182145,,,,,1.1821453,,,,,1,IMF_GFS,,
KWT,Kuwait,1988,1.229842,,,,,1.2298419,,,,,1,IMF_GFS,,
KWT,Kuwait,2009,.9706127,,,,,.97061273,,,,,1,IMF_GFS,,
KWT,Kuwait,1983,3.238302,,,,,3.2383015,,,,,1,IMF_GFS,,
KWT,Kuwait,2013,.7774506,,,,,.77745064,,,,,1,IMF_GFS,,
KWT,Kuwait,1991,.2555211,,,,,.25552109,,,,,1,IMF_GFS,,
KWT,Kuwait,1981,3.707913,,,,,3.7079132,,,,,1,IMF_GFS,,
KWT,Kuwait,2015,1.380778,,,,,1.3807779,,,,,1,IMF_GFS,,
KWT,Kuwait,2011,.7997836,,,,,.79978359,,,,,1,IMF_GFS,,
KWT,Kuwait,1990,1.53916,,,,,1.5391604,,,,,1,IMF_GFS,,
KWT,Kuwait,2014,.8901373,,,,,.89013729,,,,,1,IMF_GFS,,
KWT,Kuwait,2006,.9704949,,,,,.97049492,,,,,1,IMF_GFS,,
KWT,Kuwait,1998,1.492491,,,,,1.4924905,,,,,1,IMF_GFS,,
KWT,Kuwait,2004,1.32445,,,,,1.3244504,,,,,1,IMF_GFS,,
KWT,Kuwait,1995,1.146175,,,,,1.1461746,,,,,1,IMF_GFS,,
KWT,Kuwait,1992,.0858138,,,,,.08581377,,,,,1,IMF_GFS,,
KWT,Kuwait,1985,1.938105,,,,,1.9381047,,,,,1,IMF_GFS,,
KWT,Kuwait,1994,1.422811,,,,,1.4228111,,,,,1,IMF_GFS,,
KWT,Kuwait,1984,3.128599,,,,,3.1285994,,,,,1,IMF_GFS,,
KWT,Kuwait,1982,3.443836,,,,,3.4438364,,,,,1,IMF_GFS,,
KWT,Kuwait,1986,2.095013,,,,,2.0950129,,,,,1,IMF_GFS,,
KWT,Kuwait,2001,1.037761,,,,,1.0377614,,,,,1,IMF_GFS,,
KWT,Kuwait,2008,.8758247,,,,,.87582471,,,,,1,IMF_GFS,,
KWT,Kuwait,2012,.7163059,,,,,.71630591,,,,,1,IMF_GFS,,
KWT,Kuwait,2000,,,,,,,,,,,1,IMF_GFS,,
LBN,Lebanon,1993,9.33053,,,,,9.3305302,,,,,1,IMF_GFS,,
LBN,Lebanon,1994,10.96466,,,,,10.96466,,,,,1,IMF_GFS,,
LBN,Lebanon,1995,11.80673,,,,,11.806731,,,,,1,IMF_GFS,,
LBN,Lebanon,1996,14.23932,,,,,14.239316,,,,,1,IMF_GFS,,
LBR,Liberia,2010,17.32965,,,,,17.329646,,,,,1,IMF_GFS,,
LBR,Liberia,2012,20.74166,,,,,20.741664,,,,,1,IMF_GFS,,
LBR,Liberia,2009,,,,,,,,,,,1,IMF_GFS,,
LBR,Liberia,2008,15.67483,,,,,15.674827,,,,,1,IMF_GFS,,
LBR,Liberia,2005,10.74429,,,,,10.744286,,,,,1,IMF_GFS,,
LBR,Liberia,2006,10.69746,,,,,10.697458,,,,,1,IMF_GFS,,
LBR,Liberia,2007,14.87296,,,,,14.872962,,,,,1,IMF_GFS,,
LBR,Liberia,2011,17.35714,,,,,17.357138,,,,,1,IMF_GFS,,
LBR,Liberia,2013,20.1838,,,,,20.183802,,,,,1,IMF_GFS,,
LSO,Lesotho,2000,,,,,,,,,,,1,IMF_GFS,,
LSO,Lesotho,1991,,,,,,,,,,,1,IMF_GFS,,
LSO,Lesotho,1975,9.795876,,,,,9.795876,,,,,1,IMF_GFS,,
LSO,Lesotho,1978,,,,,,,,,,,1,IMF_GFS,,
LSO,Lesotho,2007,37.74025,,,,,37.740248,,,,,1,IMF_GFS,,
LSO,Lesotho,1995,,,,,,,,,,,1,IMF_GFS,,
LSO,Lesotho,2001,,,,,,,,,,,1,IMF_GFS,,
LSO,Lesotho,1992,,,,,,,,,,,1,IMF_GFS,,
LSO,Lesotho,1990,,,,,,,,,,,1,IMF_GFS,,
LSO,Lesotho,1986,30.73282,,,,,30.732824,,,,,1,IMF_GFS,,
LSO,Lesotho,1976,7.947364,,,,,7.9473639,,,,,1,IMF_GFS,,
LSO,Lesotho,1981,,,,,,,,,,,1,IMF_GFS,,
LSO,Lesotho,1983,33.76955,,,,,33.769551,,,,,1,IMF_GFS,,
LSO,Lesotho,1999,,,,,,,,,,,1,IMF_GFS,,
LSO,Lesotho,1984,36.69316,,,,,36.693156,,,,,1,IMF_GFS,,
LSO,Lesotho,1982,28.02347,,,,,28.02347,,,,,1,IMF_GFS,,
LSO,Lesotho,1985,33.75018,,,,,33.750181,,,,,1,IMF_GFS,,
LSO,Lesotho,1993,,,,,,,,,,,1,IMF_GFS,,
LSO,Lesotho,1989,32.66657,,,,,32.666568,,,,,1,IMF_GFS,,
LSO,Lesotho,2006,34.58454,,,,,34.584538,,,,,1,IMF_GFS,,
LSO,Lesotho,1974,11.68531,,,,,11.685313,,,,,1,IMF_GFS,,
LSO,Lesotho,1987,29.65838,,,,,29.658385,,,,,1,IMF_GFS,,
LSO,Lesotho,1972,7.291254,,,,,7.2912535,,,,,1,IMF_GFS,,
LSO,Lesotho,2005,27.79658,,,,,27.796576,,,,,1,IMF_GFS,,
LSO,Lesotho,2003,26.83337,,,,,26.833366,,,,,1,IMF_GFS,,
LSO,Lesotho,1980,,,,,,,,,,,1,IMF_GFS,,
LSO,Lesotho,2002,,,,,,,,,,,1,IMF_GFS,,
LSO,Lesotho,1998,,,,,,,,,,,1,IMF_GFS,,
LSO,Lesotho,1977,21.58167,,,,,21.581667,,,,,1,IMF_GFS,,
LSO,Lesotho,2004,28.59669,,,,,28.596693,,,,,1,IMF_GFS,,
LSO,Lesotho,1979,,,,,,,,,,,1,IMF_GFS,,
LSO,Lesotho,1996,,,,,,,,,,,1,IMF_GFS,,
LSO,Lesotho,1997,,,,,,,,,,,1,IMF_GFS,,
LSO,Lesotho,1988,29.08101,,,,,29.081008,,,,,1,IMF_GFS,,
LSO,Lesotho,1994,,,,,,,,,,,1,IMF_GFS,,
LSO,Lesotho,1973,11.691,,,,,11.691002,,,,,1,IMF_GFS,,
LTU,Lithuania,2003,19,,,,19,19.070228,,,,,1,EUS,,
LTU,Lithuania,2005,20,,,,20,19.755175,,,,,1,EUS,,
LTU,Lithuania,2024,22.2,,,,22.2,,,,,,1,EUS,,
LTU,Lithuania,2015,17.1,,,,17.1,16.803766,,,,,1,EUS,,
LTU,Lithuania,2010,16.6,,,,16.6,16.029742,,,,,1,EUS,,
LTU,Lithuania,2014,16.3,,,,16.3,15.955717,,,,,1,EUS,,
LTU,Lithuania,2001,19.4,,,,19.4,19.404637,,,,,1,EUS,,
LTU,Lithuania,2012,16,,,,16,15.628122,,,,,1,EUS,,
LTU,Lithuania,2019,20.4,,,,20.4,20.189839,,,,,1,EUS,,
LTU,Lithuania,2009,17.4,,,,17.4,17.036011,,,,,1,EUS,,
LTU,Lithuania,2011,16,,,,16,15.536092,,,,,1,EUS,,
LTU,Lithuania,2022,21.7,,,,21.7,21.315305,,,,,1,EUS,,
LTU,Lithuania,2017,17.1,,,,17.1,16.776166,,,,,1,EUS,,
LTU,Lithuania,2008,20.8,,,,20.8,20.524064,,,,,1,EUS,,
LTU,Lithuania,1999,22.1,,,,22.1,22.219509,,,,,1,EUS,,
LTU,Lithuania,2006,20.8,,,,20.8,20.476934,,,,,1,EUS,,
LTU,Lithuania,2004,19.5,,,,19.5,19.399889,,,,,1,EUS,,
LTU,Lithuania,1996,18.8,,,,18.8,18.92296,,,,,1,EUS,,
LTU,Lithuania,1997,21.6,,,,21.6,21.656489,,,,,1,EUS,,
LTU,Lithuania,2002,19.2,,,,19.2,19.196046,,,,,1,EUS,,
LTU,Lithuania,2007,20.7,,,,20.7,20.364853,,,,,1,EUS,,
LTU,Lithuania,2013,16.1,,,,16.1,15.692414,,,,,1,EUS,,
LTU,Lithuania,2016,17.4,,,,17.4,17.060361,,,,,1,EUS,,
LTU,Lithuania,2018,17,,,,17,16.911275,,,,,1,EUS,,
LTU,Lithuania,2021,21.5,,,,21.5,21.335336,,,,,1,EUS,,
LTU,Lithuania,1995,19.7,,,,19.7,19.848728,,,,,1,EUS,,
LTU,Lithuania,2000,20.3,,,,20.3,20.328666,,,,,1,EUS,,
LTU,Lithuania,1998,22.1,,,,22.1,22.1932,,,,,1,EUS,,
LTU,Lithuania,2020,20.8,,,,20.8,20.673168,,,,,1,EUS,,
LTU,Lithuania,2023,21.6,,,,21.6,22.024534,,,,,1,EUS,,
LUX,Luxembourg,2017,26,,,,26,24.51814,,,,,1,EUS,,
LUX,Luxembourg,2008,24.9,,,,24.9,23.555687,,,,,1,EUS,,
LUX,Luxembourg,2013,26,,,,26,24.552311,,,,,1,EUS,,
LUX,Luxembourg,2018,28.4,,,,28.4,26.917725,,,,,1,EUS,,
LUX,Luxembourg,1996,26.5,,,,26.5,25.225515,,,,,1,EUS,,
LUX,Luxembourg,1998,27.3,,,,27.3,26.815667,,,,,1,EUS,,
LUX,Luxembourg,2003,26.2,,,,26.2,24.630084,,,,,1,EUS,,
LUX,Luxembourg,2011,25.4,,,,25.4,23.987084,,,,,1,EUS,,
LUX,Luxembourg,2006,25.4,,,,25.4,23.929803,,,,,1,EUS,,
LUX,Luxembourg,2002,26.3,,,,26.3,24.781697,,,,,1,EUS,,
LUX,Luxembourg,2010,25.2,,,,25.2,23.817849,,,,,1,EUS,,
LUX,Luxembourg,2016,25.3,,,,25.3,23.767496,,,,,1,EUS,,
LUX,Luxembourg,2014,26.2,,,,26.2,24.745168,,,,,1,EUS,,
LUX,Luxembourg,2004,25.6,,,,25.6,24.042562,,,,,1,EUS,,
LUX,Luxembourg,1995,26.4,,,,26.4,24.832363,,,,,1,EUS,,
LUX,Luxembourg,2021,27.6,,,,27.6,26.362355,,,,,1,EUS,,
LUX,Luxembourg,2001,26.5,,,,26.5,24.984883,,,,,1,EUS,,
LUX,Luxembourg,2009,25.3,,,,25.3,23.839135,,,,,1,EUS,,
LUX,Luxembourg,2020,27.3,,,,27.3,25.676447,,,,,1,EUS,,
LUX,Luxembourg,2012,25.9,,,,25.9,24.427795,,,,,1,EUS,,
LUX,Luxembourg,2005,26.9,,,,26.9,25.335544,,,,,1,EUS,,
LUX,Luxembourg,1997,27,,,,27,26.833334,,,,,1,EUS,,
LUX,Luxembourg,2019,28.4,,,,28.4,26.88139,,,,,1,EUS,,
LUX,Luxembourg,2022,28.2,,,,28.2,26.434238,,,,,1,EUS,,
LUX,Luxembourg,1999,26.7,,,,26.7,26.091234,,,,,1,EUS,,
LUX,Luxembourg,2024,30.2,,,,30.2,,,,,,1,EUS,,
LUX,Luxembourg,2007,25.7,,,,25.7,24.380347,,,,,1,EUS,,
LUX,Luxembourg,2023,28.5,,,,28.5,27.93862,,,,,1,EUS,,
LUX,Luxembourg,2015,24.8,,,,24.8,23.321775,,,,,1,EUS,,
LUX,Luxembourg,2000,26.9,,,,26.9,25.472516,,,,,1,EUS,,
LVA,Latvia,2003,14.9,,,,14.9,14.199482,,,,,1,EUS,,
LVA,Latvia,2004,14.9,,,,14.9,14.287921,,,,,1,EUS,,
LVA,Latvia,2000,14.9,,,,14.9,14.558631,,,,,1,EUS,,
LVA,Latvia,1996,13.5,,,,13.5,13.111749,,,,,1,EUS,,
LVA,Latvia,2005,15.7,,,,15.7,15.06698,,,,,1,EUS,,
LVA,Latvia,1999,16.4,,,,16.4,15.93143,,,,,1,EUS,,
LVA,Latvia,2011,15.2,,,,15.2,14.535328,,,,,1,EUS,,
LVA,Latvia,2001,14.8,,,,14.8,14.520397,,,,,1,EUS,,
LVA,Latvia,2015,16.6,,,,16.6,15.804245,,,,,1,EUS,,
LVA,Latvia,2006,16.4,,,,16.4,15.547181,,,,,1,EUS,,
LVA,Latvia,2007,16,,,,16,15.171581,,,,,1,EUS,,
LVA,Latvia,1995,14,,,,14,13.594387,,,,,1,EUS,,
LVA,Latvia,1998,17.1,,,,17.1,16.631112,,,,,1,EUS,,
LVA,Latvia,2024,18.6,,,,18.6,,,,,,1,EUS,,
LVA,Latvia,1997,16.1,,,,16.1,15.637851,,,,,1,EUS,,
LVA,Latvia,2021,17.1,,,,17.1,15.893316,,,,,1,EUS,,
LVA,Latvia,2002,14.5,,,,14.5,14.029858,,,,,1,EUS,,
LVA,Latvia,2020,16.9,,,,16.9,15.774204,,,,,1,EUS,,
LVA,Latvia,2014,16.4,,,,16.4,15.587336,,,,,1,EUS,,
LVA,Latvia,2017,17.5,,,,17.5,16.566481,,,,,1,EUS,,
LVA,Latvia,2013,16.1,,,,16.1,15.337098,,,,,1,EUS,,
LVA,Latvia,2022,17.8,,,,17.8,16.103908,,,,,1,EUS,,
LVA,Latvia,2010,14.3,,,,14.3,13.86581,,,,,1,EUS,,
LVA,Latvia,2019,16.9,,,,16.9,15.638879,,,,,1,EUS,,
LVA,Latvia,2016,17.5,,,,17.5,16.618049,,,,,1,EUS,,
LVA,Latvia,2018,16.8,,,,16.8,15.617481,,,,,1,EUS,,
LVA,Latvia,2008,15.7,,,,15.7,14.577468,,,,,1,EUS,,
LVA,Latvia,2012,15.6,,,,15.6,14.860087,,,,,1,EUS,,
LVA,Latvia,2023,17.3,,,,17.3,16.288124,,,,,1,EUS,,
LVA,Latvia,2009,13.8,,,,13.8,13.177937,,,,,1,EUS,,
MAC,Macau,2020,21.82727,,,,,21.827274,,,,,1,IMF_GFS,,
MAC,Macau,2007,25.46244,,,,,25.462436,,,,,1,IMF_GFS,,
MAC,Macau,2013,36.38819,,,,,36.388189,,,,,1,IMF_GFS,,
MAC,Macau,2009,29.30684,,,,,29.306841,,,,,1,IMF_GFS,,
MAC,Macau,2019,29.77827,,,,,29.778266,,,,,1,IMF_GFS,,
MAC,Macau,2012,36.80275,,,,,36.802753,,,,,1,IMF_GFS,,
MAC,Macau,2002,17.2351,,,,,17.235102,,,,,1,IMF_GFS,,
MAC,Macau,2015,29.15025,,,,,29.150249,,,,,1,IMF_GFS,,
MAC,Macau,2004,21.26857,,,,,21.268568,,,,,1,IMF_GFS,,
MAC,Macau,2005,20.98013,,,,,20.980126,,,,,1,IMF_GFS,,
MAC,Macau,2006,21.13515,,,,,21.135151,,,,,1,IMF_GFS,,
MAC,Macau,2003,20.04798,,,,,20.047977,,,,,1,IMF_GFS,,
MAC,Macau,2001,16.39758,,,,,16.397584,,,,,1,IMF_GFS,,
MAC,Macau,2014,35.08738,,,,,35.087375,,,,,1,IMF_GFS,,
MAC,Macau,2023,22.2313,,,,,22.231304,,,,,1,IMF_GFS,,
MAC,Macau,2008,29.37794,,,,,29.377937,,,,,1,IMF_GFS,,
MAC,Macau,2022,17.06659,,,,,17.066588,,,,,1,IMF_GFS,,
MAC,Macau,2016,27.77536,,,,,27.775363,,,,,1,IMF_GFS,,
MAC,Macau,2011,37.42427,,,,,37.424274,,,,,1,IMF_GFS,,
MAC,Macau,2017,29.03713,,,,,29.037129,,,,,1,IMF_GFS,,
MAC,Macau,2010,34.38828,,,,,34.388284,,,,,1,IMF_GFS,,
MAC,Macau,2021,19.30813,,,,,19.308127,,,,,1,IMF_GFS,,
MAC,Macau,2018,29.43651,,,,,29.436514,,,,,1,IMF_GFS,,
MAR,Morocco,2009,21.67439,,,,,21.674388,,,,,1,IMF_GFS,,
MAR,Morocco,2002,17.62366,,,,,17.62366,,,,,1,IMF_GFS,,
MAR,Morocco,2003,17.36236,,,,,17.362355,,,,,1,IMF_GFS,,
MAR,Morocco,2005,19.37967,,,,,19.379668,,,,,1,IMF_GFS,,
MAR,Morocco,2007,22.08929,,,,,22.089287,,,,,1,IMF_GFS,,
MAR,Morocco,2010,21.08572,,,,,21.085721,,,,,1,IMF_GFS,,
MAR,Morocco,2011,21.52696,,,,,21.52696,,,,,1,IMF_GFS,,
MAR,Morocco,2004,17.53707,,,,,17.537069,,,,,1,IMF_GFS,,
MAR,Morocco,2006,19.82145,,,,,19.82145,,,,,1,IMF_GFS,,
MAR,Morocco,2008,24.48006,,,,,24.480058,,,,,1,IMF_GFS,,
MDA,Moldova,2020,17.9099,,,,,17.909898,,,,,1,IMF_GFS,,
MDA,Moldova,2022,18.84736,,,,,18.847365,,,,,1,IMF_GFS,,
MDA,Moldova,2009,17.68531,,,,,17.685313,,,,,1,IMF_GFS,,
MDA,Moldova,2018,18.01408,,,,,18.014084,,,,,1,IMF_GFS,,
MDA,Moldova,2013,15.46964,,,,,15.469636,,,,,1,IMF_GFS,,
MDA,Moldova,2004,16.35751,,,,,16.357506,,,,,1,IMF_GFS,,
MDA,Moldova,2011,15.24033,,,,,15.240327,,,,,1,IMF_GFS,,
MDA,Moldova,2016,16.24579,,,,,16.245792,,,,,1,IMF_GFS,,
MDA,Moldova,2021,18.38812,,,,,18.388116,,,,,1,IMF_GFS,,
MDA,Moldova,2002,12.88135,,,,,12.881354,,,,,1,IMF_GFS,,
MDA,Moldova,2023,18.25741,,,,,18.257408,,,,,1,IMF_GFS,,
MDA,Moldova,2005,18.4854,,,,,18.485404,,,,,1,IMF_GFS,,
MDA,Moldova,2007,20.40144,,,,,20.401437,,,,,1,IMF_GFS,,
MDA,Moldova,2017,17.72739,,,,,17.72739,,,,,1,IMF_GFS,,
MDA,Moldova,2012,15.59535,,,,,15.595346,,,,,1,IMF_GFS,,
MDA,Moldova,2015,16.40124,,,,,16.401237,,,,,1,IMF_GFS,,
MDA,Moldova,2019,17.65629,,,,,17.65629,,,,,1,IMF_GFS,,
MDA,Moldova,2006,19.57105,,,,,19.571051,,,,,1,IMF_GFS,,
MDA,Moldova,2010,15.16064,,,,,15.160641,,,,,1,IMF_GFS,,
MDA,Moldova,2014,16.6375,,,,,16.637495,,,,,1,IMF_GFS,,
MDA,Moldova,2008,20.4461,,,,,20.446097,,,,,1,IMF_GFS,,
MDA,Moldova,2003,14.67291,,,,,14.672914,,,,,1,IMF_GFS,,
MDG,Madagascar,1980,44.3435,,,,,44.3435,,,,,1,IMF_GFS,,
MDG,Madagascar,2015,9.067871,9.067871,,,,,,,,,1,AFRISTAT,,
MDG,Madagascar,1990,7.391908,,,,,7.391908,,,,,1,IMF_GFS,,
MDG,Madagascar,1974,,,,,,,,,,,1,IMF_GFS,,
MDG,Madagascar,1997,7.777527,7.777988,,,,7.7775273,,,,,1,IMF_GFS,1,3
MDG,Madagascar,2002,6.301796,6.301523,,,,6.3017966,,,,,1,IMF_GFS,1,3
MDG,Madagascar,2013,8.939838,8.939838,,,,,,,,,1,AFRISTAT,,
MDG,Madagascar,1988,40.17464,,,,,40.174637,,,,,1,IMF_GFS,,
MDG,Madagascar,2003,8.59814,8.59814,,,,,,,,,1,AFRISTAT,,
MDG,Madagascar,1975,,,,,,,,,,,1,IMF_GFS,,
MDG,Madagascar,1991,5.626451,,,,,5.626451,,,,,1,IMF_GFS,,
MDG,Madagascar,2011,9.487132,9.487132,,,,,,,,,1,AFRISTAT,,
MDG,Madagascar,2014,8.560681,8.560681,,,,,,,,,1,AFRISTAT,,
MDG,Madagascar,2000,9.487256,9.486618,,,,9.4872561,,,,,1,IMF_GFS,,
MDG,Madagascar,2009,9.472377,9.472377,,,,,,,,,1,AFRISTAT,,
MDG,Madagascar,1998,8.285024,8.285024,,,,,,,,,1,AFRISTAT,,
MDG,Madagascar,2001,8.111543,8.111822,,,,8.1115426,,,,,1,IMF_GFS,,
MDG,Madagascar,2022,11.26874,11.26874,,,,,,,,,1,AFRISTAT,,
MDG,Madagascar,1985,,,,,,,,,,,1,IMF_GFS,,
MDG,Madagascar,2007,9.847823,9.847823,,,,,,,,,1,AFRISTAT,,
MDG,Madagascar,1976,,,,,,,,,,,1,IMF_GFS,,
MDG,Madagascar,1993,6.770598,,,,,6.7705979,,,,,1,IMF_GFS,,
MDG,Madagascar,1999,9.59586,9.59586,,,,,,,,,1,AFRISTAT,1,3
MDG,Madagascar,1977,,,,,,,,,,,1,IMF_GFS,,
MDG,Madagascar,2017,10.54194,10.54194,,,,,,,,,1,AFRISTAT,,
MDG,Madagascar,1986,,,,,,,,,,,1,IMF_GFS,,
MDG,Madagascar,1995,6.845866,,,,,6.8458658,,,,,1,IMF_GFS,,
MDG,Madagascar,2019,11.00887,11.00887,,,,,,,,,1,AFRISTAT,,
MDG,Madagascar,1996,6.86137,6.859872,,,,6.8613696,,,,,1,IMF_GFS,,
MDG,Madagascar,1992,6.991044,,,,,6.9910437,,,,,1,IMF_GFS,,
MDG,Madagascar,1978,50.85299,,,,,50.852988,,,,,1,IMF_GFS,,
MDG,Madagascar,2012,8.904028,8.904028,,,,,,,,,1,AFRISTAT,,
MDG,Madagascar,1973,40.20902,,,,,40.209024,,,,,1,IMF_GFS,,
MDG,Madagascar,2008,11.39145,11.39145,,,,,,,,,1,AFRISTAT,,
MDG,Madagascar,2006,9.202612,9.202612,,,,,,,,,1,AFRISTAT,,
MDG,Madagascar,2005,8.691008,8.691008,,,,,,,,,1,AFRISTAT,,
MDG,Madagascar,2021,10.75552,10.75552,,,,,,,,,1,AFRISTAT,,
MDG,Madagascar,1981,,,,,,,,,,,1,IMF_GFS,,
MDG,Madagascar,2020,9.857057,9.857057,,,,,,,,,1,AFRISTAT,,
MDG,Madagascar,1972,40.18073,,,,,40.180733,,,,,1,IMF_GFS,,
MDG,Madagascar,1983,,,,,,,,,,,1,IMF_GFS,,
MDG,Madagascar,2018,10.9026,10.9026,,,,,,,,,1,AFRISTAT,,
MDG,Madagascar,1984,,,,,,,,,,,1,IMF_GFS,,
MDG,Madagascar,1989,34.77065,,,,,34.770654,,,,,1,IMF_GFS,,
MDG,Madagascar,1987,,,,,,,,,,,1,IMF_GFS,,
MDG,Madagascar,1994,6.499533,,,,,6.4995329,,,,,1,IMF_GFS,,
MDG,Madagascar,1979,48.18927,,,,,48.189275,,,,,1,IMF_GFS,,
MDG,Madagascar,2004,9.372162,9.372162,,,,,,,,,1,AFRISTAT,,
MDG,Madagascar,1982,,,,,,,,,,,1,IMF_GFS,,
MDG,Madagascar,2016,9.695096,9.695096,,,,,,,,,1,AFRISTAT,,
MDG,Madagascar,2010,9.494153,9.494153,,,,,,,,,1,AFRISTAT,,
MDV,Maldives,1988,12.83409,,,,,12.834088,,,,,1,IMF_GFS,,
MDV,Maldives,2009,9.100668,,,,,9.100668,,,,,1,IMF_GFS,,
MDV,Maldives,1990,13.00298,,,,,13.002982,,,,,1,IMF_GFS,,
MDV,Maldives,1994,12.11105,,,,,12.11105,,,,,1,IMF_GFS,,
MDV,Maldives,2002,10.29762,,,,,10.297616,,,,,1,IMF_GFS,,
MDV,Maldives,1984,8.985251,,,,,8.9852517,,,,,1,IMF_GFS,,
MDV,Maldives,1997,11.25259,,,,,11.252588,,,,,1,IMF_GFS,,
MDV,Maldives,2001,10.65579,,,,,10.655792,,,,,1,IMF_GFS,,
MDV,Maldives,1987,11.65131,,,,,11.651309,,,,,1,IMF_GFS,,
MDV,Maldives,1986,9.267926,,,,,9.2679266,,,,,1,IMF_GFS,,
MDV,Maldives,1995,11.64342,,,,,11.643417,,,,,1,IMF_GFS,,
MDV,Maldives,2008,11.57888,,,,,11.578883,,,,,1,IMF_GFS,,
MDV,Maldives,1992,13.93117,,,,,13.931165,,,,,1,IMF_GFS,,
MDV,Maldives,1991,13.60997,,,,,13.609975,,,,,1,IMF_GFS,,
MDV,Maldives,1983,7.730575,,,,,7.7305751,,,,,1,IMF_GFS,,
MDV,Maldives,2000,10.74719,,,,,10.747192,,,,,1,IMF_GFS,,
MDV,Maldives,1998,11.06144,,,,,11.061436,,,,,1,IMF_GFS,,
MDV,Maldives,1999,10.97724,,,,,10.977244,,,,,1,IMF_GFS,,
MDV,Maldives,1982,6.726769,,,,,6.726769,,,,,1,IMF_GFS,,
MDV,Maldives,2003,9.420718,,,,,9.420718,,,,,1,IMF_GFS,,
MDV,Maldives,2006,11.75644,,,,,11.756441,,,,,1,IMF_GFS,,
MDV,Maldives,2005,11.56939,,,,,11.569394,,,,,1,IMF_GFS,,
MDV,Maldives,1980,3.468907,,,,,3.4689072,,,,,1,IMF_GFS,,
MDV,Maldives,1993,12.79085,,,,,12.790851,,,,,1,IMF_GFS,,
MDV,Maldives,2004,10.48945,,,,,10.489448,,,,,1,IMF_GFS,,
MDV,Maldives,1981,4.207831,,,,,4.2078316,,,,,1,IMF_GFS,,
MDV,Maldives,1979,1.694734,,,,,1.6947342,,,,,1,IMF_GFS,,
MDV,Maldives,1985,9.486632,,,,,9.486632,,,,,1,IMF_GFS,,
MDV,Maldives,2007,12.14745,,,,,12.14745,,,,,1,IMF_GFS,,
MDV,Maldives,1989,14.21649,,,,,14.216495,,,,,1,IMF_GFS,,
MDV,Maldives,1996,11.49197,,,,,11.491973,,,,,1,IMF_GFS,,
MEX,Mexico,1983,5.448606,,,,,,5.448606,,,,1,Mitchell,,
MEX,Mexico,1931,2.087525,,,,,,2.087525,,,,1,Mitchell,,
MEX,Mexico,1989,5.96811,,,,,,5.96811,,,,1,Mitchell,,
MEX,Mexico,1940,3.383072,,,,,,3.383072,,,,1,Mitchell,,
MEX,Mexico,1975,5.636364,,,,,,5.636364,,,,1,Mitchell,,
MEX,Mexico,1986,5.038994,,,,,,5.038994,,,,1,Mitchell,,
MEX,Mexico,1956,5.242574,,,,,,5.242574,,,,1,Mitchell,,
MEX,Mexico,1962,4.377778,,,,,,4.377778,,,,1,Mitchell,,
MEX,Mexico,1938,2.841737,,,,,,2.841737,,,,1,Mitchell,,
MEX,Mexico,1946,3.616746,,,,,,3.616746,,,,1,Mitchell,,
MEX,Mexico,1944,4.006998,,,,,,4.006998,,,,1,Mitchell,,
MEX,Mexico,1927,2.446809,,,,,,2.446809,,,,1,Mitchell,,
MEX,Mexico,1978,7.145914,,,,,,7.145914,,,,1,Mitchell,,
MEX,Mexico,1941,3.850132,,,,,,3.850132,,,,1,Mitchell,,
MEX,Mexico,1951,5.292453,,,,,,5.292453,,,,1,Mitchell,,
MEX,Mexico,1932,2.515723,,,,,,2.515723,,,,1,Mitchell,,
MEX,Mexico,1933,2.132435,,,,,,2.132435,,,,1,Mitchell,,
MEX,Mexico,1953,4.409168,,,,,,4.409168,,,,1,Mitchell,,
MEX,Mexico,1979,7.268579,,,,,,7.268579,,,,1,Mitchell,,
MEX,Mexico,1967,5.228758,,,,,,5.228758,,,,1,Mitchell,,
MEX,Mexico,1937,3.229833,,,,,,3.229833,,,,1,Mitchell,,
MEX,Mexico,2009,9.234605,,,,,9.2346049,,,,,1,IMF_GFS,,
MEX,Mexico,1999,8.185177,,,,,8.1851765,,,,,1,IMF_GFS,,
MEX,Mexico,1957,4.445218,,,,,,4.445218,,,,1,Mitchell,,
MEX,Mexico,1945,3.895367,,,,,,3.895367,,,,1,Mitchell,,
MEX,Mexico,1982,10.23681,,,,,,10.23681,,,,1,Mitchell,,
MEX,Mexico,1929,2.83657,,,,,,2.83657,,,,1,Mitchell,,
MEX,Mexico,2006,,,,,,,,,,,1,IMF_GFS,,
MEX,Mexico,1968,5.545722,,,,,,5.545722,,,,1,Mitchell,,
MEX,Mexico,1942,3.467117,,,,,,3.467117,,,,1,Mitchell,,
MEX,Mexico,2018,12.71216,,,,,12.712157,,,,,1,IMF_GFS,,
MEX,Mexico,2021,13.44701,,,,,13.447007,,,,,1,IMF_GFS,,
MEX,Mexico,2022,13.43718,,,,,13.437185,,,,,1,IMF_GFS,,
MEX,Mexico,1936,3.076618,,,,,,3.076618,,,,1,Mitchell,,
MEX,Mexico,1997,8.59224,,,,,8.5922407,,,,,1,IMF_GFS,,
MEX,Mexico,2003,,,,,,,,,,,1,IMF_GFS,,
MEX,Mexico,1996,8.314389,,,,,8.3143893,,,,,1,IMF_GFS,,
MEX,Mexico,1943,4.818885,,,,,,4.818885,,,,1,Mitchell,,
MEX,Mexico,2011,9.617072,,,,,9.6170721,,,,,1,IMF_GFS,,
MEX,Mexico,1961,4.31988,,,,,,4.31988,,,,1,Mitchell,,
MEX,Mexico,2007,,,,,,,,,,,1,IMF_GFS,,
MEX,Mexico,2001,,,,,,,,,,,1,IMF_GFS,,
MEX,Mexico,1947,3.765776,,,,,,3.765776,,,,1,Mitchell,,
MEX,Mexico,2012,9.352411,,,,,9.3524111,,,,,1,IMF_GFS,,
MEX,Mexico,2004,,,,,,,,,,,1,IMF_GFS,,
MEX,Mexico,1948,3.756892,,,,,,3.756892,,,,1,Mitchell,,
MEX,Mexico,1973,4.992764,,,,,,4.992764,,,,1,Mitchell,,
MEX,Mexico,2014,10.24286,,,,,10.242855,,,,,1,IMF_GFS,,
MEX,Mexico,1939,3.598201,,,,,,3.598201,,,,1,Mitchell,,
MEX,Mexico,1995,8.031618,,,,,8.0316184,,,,,1,IMF_GFS,,
MEX,Mexico,1980,10.17306,,,,,,10.17306,,,,1,Mitchell,,
MEX,Mexico,1926,2.735739,,,,,,2.735739,,,,1,Mitchell,,
MEX,Mexico,1981,10.04426,,,,,,10.04426,,,,1,Mitchell,,
MEX,Mexico,1925,2.977517,,,,,,2.977517,,,,1,Mitchell,,
MEX,Mexico,2015,12.34598,,,,,12.345976,,,,,1,IMF_GFS,,
MEX,Mexico,1935,3.201683,,,,,,3.201683,,,,1,Mitchell,,
MEX,Mexico,1971,5.265306,,,,,,5.265306,,,,1,Mitchell,,
MEX,Mexico,1928,2.727849,,,,,,2.727849,,,,1,Mitchell,,
MEX,Mexico,2019,12.77703,,,,,12.777028,,,,,1,IMF_GFS,,
MEX,Mexico,1990,6.073761,,,,,,6.073761,,,,1,Mitchell,1,1
MEX,Mexico,1964,4.838461,,,,,,4.838461,,,,1,Mitchell,,
MEX,Mexico,1970,5.27027,,,,,,5.27027,,,,1,Mitchell,,
MEX,Mexico,1950,4.635036,,,,,,4.635036,,,,1,Mitchell,,
MEX,Mexico,2020,13.90039,,,,,13.900394,,,,,1,IMF_GFS,,
MEX,Mexico,2013,9.88361,,,,,9.8836101,,,,,1,IMF_GFS,,
MEX,Mexico,1965,4.206349,,,,,,4.206349,,,,1,Mitchell,,
MEX,Mexico,1976,5.908096,,,,,,5.908096,,,,1,Mitchell,,
MEX,Mexico,2005,,,,,,,,,,,1,IMF_GFS,,
MEX,Mexico,1966,4.770318,,,,,,4.770318,,,,1,Mitchell,,
MEX,Mexico,1949,4.749971,,,,,,4.749971,,,,1,Mitchell,,
MEX,Mexico,1974,5.111111,,,,,,5.111111,,,,1,Mitchell,,
MEX,Mexico,1934,2.965235,,,,,,2.965235,,,,1,Mitchell,,
MEX,Mexico,1984,4.518418,,,,,,4.518418,,,,1,Mitchell,,
MEX,Mexico,2016,13.12379,,,,,13.123786,,,,,1,IMF_GFS,,
MEX,Mexico,1930,3.273471,,,,,,3.273471,,,,1,Mitchell,,
MEX,Mexico,1991,9.847129,,,,,9.8471285,6.355491,,,,1,IMF_GFS,,
MEX,Mexico,1952,5.231029,,,,,,5.231029,,,,1,Mitchell,,
MEX,Mexico,1959,4.465942,,,,,,4.465942,,,,1,Mitchell,,
MEX,Mexico,1963,4.305129,,,,,,4.305129,,,,1,Mitchell,,
MEX,Mexico,1969,5.68,,,,,,5.68,,,,1,Mitchell,,
MEX,Mexico,1972,5.044248,,,,,,5.044248,,,,1,Mitchell,,
MEX,Mexico,1977,6.435911,,,,,,6.435911,,,,1,Mitchell,,
MEX,Mexico,1955,5.419501,,,,,,5.419501,,,,1,Mitchell,,
MEX,Mexico,1987,4.887114,,,,,,4.887114,,,,1,Mitchell,,
MEX,Mexico,1988,5.717179,,,,,,5.717179,,,,1,Mitchell,,
MEX,Mexico,1992,9.853874,,,,,9.8538739,7.063984,,,,1,IMF_GFS,,
MEX,Mexico,1994,8.096059,,,,,8.0960592,,,,,1,IMF_GFS,,
MEX,Mexico,1993,8.567132,,,,,8.5671324,,,,,1,IMF_GFS,,
MEX,Mexico,1998,7.702649,,,,,7.7026492,,,,,1,IMF_GFS,,
MEX,Mexico,2023,14.26894,,,,,14.268935,,,,,1,IMF_GFS,,
MEX,Mexico,2000,9.132296,,,,,9.1322954,,,,,1,IMF_GFS,,
MEX,Mexico,2002,,,,,,,,,,,1,IMF_GFS,,
MEX,Mexico,1954,4.526316,,,,,,4.526316,,,,1,Mitchell,,
MEX,Mexico,2008,9.578772,,,,,9.5787715,,,,,1,IMF_GFS,,
MEX,Mexico,1985,4.658228,,,,,,4.658228,,,,1,Mitchell,,
MEX,Mexico,2010,9.675318,,,,,9.6753175,,,,,1,IMF_GFS,,
MEX,Mexico,1958,4.516279,,,,,,4.516279,,,,1,Mitchell,,
MEX,Mexico,1960,4.455128,,,,,,4.455128,,,,1,Mitchell,,
MEX,Mexico,2017,12.68743,,,,,12.687432,,,,,1,IMF_GFS,,
MHL,Marshall Islands,2016,17.38945,,,,,17.389447,,,,,1,IMF_GFS,,
MHL,Marshall Islands,2008,18.6626,,,,,18.662603,,,,,1,IMF_GFS,,
MHL,Marshall Islands,2015,17.35229,,,,,17.352293,,,,,1,IMF_GFS,,
MHL,Marshall Islands,2009,18.56886,,,,,18.568861,,,,,1,IMF_GFS,,
MHL,Marshall Islands,2018,17.79183,,,,,17.791834,,,,,1,IMF_GFS,,
MHL,Marshall Islands,2012,16.39902,,,,,16.399015,,,,,1,IMF_GFS,,
MHL,Marshall Islands,2014,16.19717,,,,,16.19717,,,,,1,IMF_GFS,,
MHL,Marshall Islands,2013,16.6324,,,,,16.632396,,,,,1,IMF_GFS,,
MHL,Marshall Islands,2017,17.77377,,,,,17.773773,,,,,1,IMF_GFS,,
MHL,Marshall Islands,2010,17.79869,,,,,17.798694,,,,,1,IMF_GFS,,
MHL,Marshall Islands,2011,17.03147,,,,,17.031472,,,,,1,IMF_GFS,,
MKD,Macedonia,2007,18.89219,,,,,18.892191,,,,,1,IMF_GFS,,
MKD,Macedonia,2021,17.18666,,,,,17.186665,,,,,1,IMF_GFS,,
MKD,Macedonia,2006,17.88512,,,,,17.885122,,,,,1,IMF_GFS,,
MKD,Macedonia,2022,17.7876,,,,,17.787603,,,,,1,IMF_GFS,,
MKD,Macedonia,2013,15.48885,,,,,15.488854,,,,,1,IMF_GFS,,
MKD,Macedonia,2014,16.06183,,,,,16.061829,,,,,1,IMF_GFS,,
MKD,Macedonia,2020,15.91948,,,,,15.919483,,,,,1,IMF_GFS,,
MKD,Macedonia,2005,18.21137,,,,,18.211367,,,,,1,IMF_GFS,,
MKD,Macedonia,2009,,,,,,,,,,,1,IMF_GFS,,
MKD,Macedonia,2019,16.87962,,,,,16.879619,,,,,1,IMF_GFS,,
MKD,Macedonia,2015,16.63029,,,,,16.630291,,,,,1,IMF_GFS,,
MKD,Macedonia,2016,16.76277,,,,,16.762767,,,,,1,IMF_GFS,,
MKD,Macedonia,2012,,,,,,,,,,,1,IMF_GFS,,
MKD,Macedonia,2011,,,,,,,,,,,1,IMF_GFS,,
MKD,Macedonia,2018,17.36489,,,,,17.364892,,,,,1,IMF_GFS,,
MKD,Macedonia,2023,18.89017,,,,,18.890174,,,,,1,IMF_GFS,,
MKD,Macedonia,2017,16.9681,,,,,16.968095,,,,,1,IMF_GFS,,
MKD,Macedonia,2008,,,,,,,,,,,1,IMF_GFS,,
MKD,Macedonia,2010,,,,,,,,,,,1,IMF_GFS,,
MLI,Mali,1987,9.605286,,,9.605286,,,,,,,1,BCEAO,,
MLI,Mali,2009,12.98639,10.92098,,12.98639,,,,,,,1,BCEAO,,
MLI,Mali,1969,6.801275,,,6.801275,,,,,,,1,BCEAO,,
MLI,Mali,1978,6.603275,,,6.603275,,,,,,,1,BCEAO,,
MLI,Mali,2023,12.73343,,,12.73343,,,,,,,1,BCEAO,,
MLI,Mali,2022,11.39797,11.3183,,11.39797,,,,,,,1,BCEAO,,
MLI,Mali,1997,11.71129,9.84868,,11.71129,,,,,,,1,BCEAO,,
MLI,Mali,2018,9.951032,9.951082,,9.951032,,,,,,,1,BCEAO,,
MLI,Mali,1968,7.904191,,,7.904191,,,,,,,1,BCEAO,,
MLI,Mali,1998,11.54173,9.706084,,11.54173,,,,,,,1,BCEAO,,
MLI,Mali,1972,8.131868,,,8.131868,,,,,,,1,BCEAO,,
MLI,Mali,2014,10.64314,10.55701,,10.64314,,,,,,,1,BCEAO,,
MLI,Mali,2016,12.4898,12.48984,,12.4898,,,,,,,1,BCEAO,,
MLI,Mali,1983,7.002897,,,7.002897,,,,,,,1,BCEAO,,
MLI,Mali,1967,5.897772,,,5.897772,,,,,,,1,BCEAO,,
MLI,Mali,1988,8.569478,,,8.569478,,,,,,,1,BCEAO,,
MLI,Mali,1973,8.079471,,,8.079471,,,,,,,1,BCEAO,,
MLI,Mali,2002,11.28689,9.491755,,11.28689,,,,,,,1,BCEAO,,
MLI,Mali,2012,11.94359,10.04403,,11.94359,,,,,,,1,BCEAO,,
MLI,Mali,1975,6.140765,,,6.140765,,,,,,,1,BCEAO,,
MLI,Mali,1999,11.11127,9.344065,,11.11127,,,,,,,1,BCEAO,,
MLI,Mali,2004,13.55937,11.40286,,13.55937,,,,,,,1,BCEAO,,
MLI,Mali,1976,6.72043,,,6.72043,,,,,,,1,BCEAO,,
MLI,Mali,1992,8.677928,7.297764,,8.677928,,,,,,,1,BCEAO,,
MLI,Mali,2003,13.23491,11.12998,,13.23491,,,,,,,1,BCEAO,,
MLI,Mali,1970,10.06224,,,10.06224,,,,,,,1,BCEAO,,
MLI,Mali,1980,6.271478,,,6.271478,,,,,,,1,BCEAO,,
MLI,Mali,2007,12.47964,10.49482,,12.47964,,,,,,,1,BCEAO,,
MLI,Mali,2024,13.6742,,,13.6742,,,,,,,1,BCEAO,,
MLI,Mali,1977,6.488764,,,6.488764,,,,,,,1,BCEAO,,
MLI,Mali,2001,11.08574,9.322607,,11.08574,,,,,,,1,BCEAO,,
MLI,Mali,1981,6.655386,,,6.655386,,,,,,,1,BCEAO,,
MLI,Mali,1985,8.523758,,,8.523758,,,,,,,1,BCEAO,,
MLI,Mali,1979,6.466569,,,6.466569,,,,,,,1,BCEAO,,
MLI,Mali,1991,8.839128,7.4333,,8.839128,,,,,,,1,BCEAO,,
MLI,Mali,1971,10.55276,,,10.55276,,,,,,,1,BCEAO,,
MLI,Mali,1984,7.165848,,,7.165848,,,,,,,1,BCEAO,,
MLI,Mali,1994,8.322648,6.999005,,8.322648,,,,,,,1,BCEAO,,
MLI,Mali,1990,8.06701,6.784032,,8.06701,,,,,,,1,BCEAO,,
MLI,Mali,1974,6.568974,,,6.568974,,,,,,,1,BCEAO,,
MLI,Mali,2006,13.26556,11.15575,,13.26556,,,,,,,1,BCEAO,,
MLI,Mali,1996,10.73119,9.024471,,10.73119,,,,,,,1,BCEAO,,
MLI,Mali,1986,10.70029,,,10.70029,,,,,,,1,BCEAO,,
MLI,Mali,2010,12.89294,10.84239,,12.89294,,,,,,,1,BCEAO,,
MLI,Mali,1989,9.071174,,,9.071174,,,,,,,1,BCEAO,,
MLI,Mali,2000,11.09225,9.328091,,11.09225,,,,,,,1,BCEAO,,
MLI,Mali,2008,11.89519,10.15987,,11.89519,,,,,,,1,BCEAO,,
MLI,Mali,2013,12.30017,10.3439,,12.30017,,,,,,,1,BCEAO,,
MLI,Mali,1982,6.819006,,,6.819006,,,,,,,1,BCEAO,,
MLI,Mali,2017,12.73363,12.73367,,12.73363,,,,,,,1,BCEAO,,
MLI,Mali,1993,9.594003,8.136692,,9.594003,,,,,,,1,BCEAO,,
MLI,Mali,2011,11.86656,9.979255,,11.86656,,,,,,,1,BCEAO,,
MLI,Mali,2021,12.86835,12.86833,,12.86835,,,,,,,1,BCEAO,,
MLI,Mali,2005,13.5122,11.36318,,13.5122,,,,,,,1,BCEAO,,
MLI,Mali,2015,11.74971,11.74975,,11.74971,,,,,,,1,BCEAO,,
MLI,Mali,2019,12.46458,12.46463,,12.46458,,,,,,,1,BCEAO,,
MLI,Mali,1995,9.231763,7.809768,,9.231763,,,,,,,1,BCEAO,,
MLI,Mali,2020,12.10697,12.10697,,12.10697,,,,,,,1,BCEAO,,
MLT,Malta,2005,32.7,,,,32.7,25.374905,,,,,1,EUS,,
MLT,Malta,2002,30.8,,,,30.8,22.049942,,,,,1,EUS,,
MLT,Malta,2001,30,,,,30,20.804719,,,,,1,EUS,,
MLT,Malta,1997,27.7,,,,27.7,20.644764,,,,,1,EUS,,
MLT,Malta,1996,25.5,,,,25.5,19.153992,,,,,1,EUS,,
MLT,Malta,2010,31.8,,,,31.8,25.140092,,,,,1,EUS,,
MLT,Malta,2008,32.6,,,,32.6,25.664951,,,,,1,EUS,,
MLT,Malta,2006,33.1,,,,33.1,25.83316,,,,,1,EUS,,
MLT,Malta,2020,28.3,,,,28.3,22.511139,,,,,1,EUS,,
MLT,Malta,2021,27.9,,,,27.9,22.432524,,,,,1,EUS,,
MLT,Malta,2019,30.6,,,,30.6,25.102904,,,,,1,EUS,,
MLT,Malta,2012,32,,,,32,25.295287,,,,,1,EUS,,
MLT,Malta,2022,28.5,,,,28.5,22.654097,,,,,1,EUS,,
MLT,Malta,2015,30.2,,,,30.2,24.321737,,,,,1,EUS,,
MLT,Malta,2004,30.9,,,,30.9,23.467048,,,,,1,EUS,,
MLT,Malta,2016,32.1,,,,32.1,26.249487,,,,,1,EUS,,
MLT,Malta,1998,25.5,,,,25.5,18.870756,,,,,1,EUS,,
MLT,Malta,2017,31.6,,,,31.6,26.005736,,,,,1,EUS,,
MLT,Malta,2007,33.8,,,,33.8,26.885674,,,,,1,EUS,,
MLT,Malta,1999,27.8,,,,27.8,20.737991,,,,,1,EUS,,
MLT,Malta,2023,26.6,,,,26.6,21.754373,,,,,1,EUS,,
MLT,Malta,2018,31,,,,31,25.426791,,,,,1,EUS,,
MLT,Malta,2014,31.8,,,,31.8,25.575907,,,,,1,EUS,,
MLT,Malta,2024,29.2,,,,29.2,,,,,,1,EUS,,
MLT,Malta,2013,31.6,,,,31.6,25.142052,,,,,1,EUS,,
MLT,Malta,2009,32.8,,,,32.8,25.897244,,,,,1,EUS,,
MLT,Malta,2011,32.3,,,,32.3,25.41106,,,,,1,EUS,,
MLT,Malta,2000,28.4,,,,28.4,19.77743,,,,,1,EUS,,
MLT,Malta,1995,27.5,,,,27.5,21.180506,,,,,1,EUS,,
MLT,Malta,2003,30.8,,,,30.8,23.17108,,,,,1,EUS,,
MMR,Myanmar,2012,4.753684,,,,,4.753684,,,,,1,IMF_GFS,,
MMR,Myanmar,2019,6.454416,,,,,6.4544163,,,,,1,IMF_GFS,,
MMR,Myanmar,2014,6.179043,,,,,6.1790428,,,,,1,IMF_GFS,,
MMR,Myanmar,2017,6.581009,,,,,6.5810094,,,,,1,IMF_GFS,,
MMR,Myanmar,2016,7.705196,,,,,7.7051961,,,,,1,IMF_GFS,,
MMR,Myanmar,2013,5.871266,,,,,5.8712658,,,,,1,IMF_GFS,,
MMR,Myanmar,2015,6.330408,,,,,6.3304081,,,,,1,IMF_GFS,,
MMR,Myanmar,2018,2.978487,,,,,2.9784867,,,,,1,IMF_GFS,,
MNG,Mongolia,2010,19.59312,,,,,19.593119,,,,,1,IMF_GFS,,
MNG,Mongolia,2017,13.54691,,,,,13.546908,,,,,1,IMF_GFS,,
MNG,Mongolia,1993,17.51733,,,,,17.517328,,,,,1,IMF_GFS,,
MNG,Mongolia,2016,11.35099,,,,,11.350993,,,,,1,IMF_GFS,,
MNG,Mongolia,1992,11.08137,,,,,11.081365,,,,,1,IMF_GFS,,
MNG,Mongolia,2000,13.91016,,,,,13.91016,,,,,1,IMF_GFS,,
MNG,Mongolia,2020,14.14579,,,,,14.145787,,,,,1,IMF_GFS,,
MNG,Mongolia,2021,16.90885,,,,,16.908849,,,,,1,IMF_GFS,,
MNG,Mongolia,2008,21.65182,,,,,21.651815,,,,,1,IMF_GFS,,
MNG,Mongolia,2004,,,,,,,,,,,1,IMF_GFS,,
MNG,Mongolia,2012,15.31214,,,,,15.312142,,,,,1,IMF_GFS,,
MNG,Mongolia,2011,18.46699,,,,,18.466991,,,,,1,IMF_GFS,,
MNG,Mongolia,1994,11.32416,,,,,11.324165,,,,,1,IMF_GFS,,
MNG,Mongolia,2006,28.70998,,,,,28.709976,,,,,1,IMF_GFS,,
MNG,Mongolia,1997,10.57243,,,,,10.572433,,,,,1,IMF_GFS,,
MNG,Mongolia,2023,14.29551,,,,,14.295512,,,,,1,IMF_GFS,,
MNG,Mongolia,2013,15.73121,,,,,15.731208,,,,,1,IMF_GFS,,
MNG,Mongolia,1999,9.805818,,,,,9.8058176,,,,,1,IMF_GFS,,
MNG,Mongolia,2003,18.03875,,,,,18.038746,,,,,1,IMF_GFS,,
MNG,Mongolia,2019,16.85052,,,,,16.850521,,,,,1,IMF_GFS,,
MNG,Mongolia,1998,8.358672,,,,,8.3586718,,,,,1,IMF_GFS,,
MNG,Mongolia,2002,13.36924,,,,,13.36924,,,,,1,IMF_GFS,,
MNG,Mongolia,2009,16.54029,,,,,16.540294,,,,,1,IMF_GFS,,
MNG,Mongolia,1995,9.773956,,,,,9.7739561,,,,,1,IMF_GFS,,
MNG,Mongolia,2015,11.89414,,,,,11.894138,,,,,1,IMF_GFS,,
MNG,Mongolia,2001,14.66206,,,,,14.66206,,,,,1,IMF_GFS,,
MNG,Mongolia,2018,16.68853,,,,,16.688528,,,,,1,IMF_GFS,,
MNG,Mongolia,2014,12.90163,,,,,12.901634,,,,,1,IMF_GFS,,
MNG,Mongolia,2007,23.47918,,,,,23.479177,,,,,1,IMF_GFS,,
MNG,Mongolia,2022,15.77429,,,,,15.774289,,,,,1,IMF_GFS,,
MNG,Mongolia,2005,,,,,,,,,,,1,IMF_GFS,,
MNG,Mongolia,1996,9.602347,,,,,9.6023475,,,,,1,IMF_GFS,,
MRT,Mauritania,2016,12.64008,12.64008,,,,,,,,,1,AFRISTAT,,
MRT,Mauritania,2022,13.8801,13.8801,,,,,,,,,1,AFRISTAT,,
MRT,Mauritania,2010,9.401311,9.401311,,,,,,,,,1,AFRISTAT,,
MRT,Mauritania,2013,12.38578,12.38578,,,,,,,,,1,AFRISTAT,,
MRT,Mauritania,2000,,,,,,,,,,,1,AFRISTAT,,
MRT,Mauritania,1999,,,,,,,,,,,1,AFRISTAT,,
MRT,Mauritania,1994,9.56985,9.56985,,,,,,,,,1,AFRISTAT,,
MRT,Mauritania,2015,13.48513,13.48513,,,,,,,,,1,AFRISTAT,,
MRT,Mauritania,2012,12.57691,12.57691,,,,,,,,,1,AFRISTAT,,
MRT,Mauritania,2018,13.57648,13.57648,,,,,,,,,1,AFRISTAT,,
MRT,Mauritania,2021,13.22929,13.22929,,,,,,,,,1,AFRISTAT,,
MRT,Mauritania,2005,9.746004,9.746004,,,,,,,,,1,AFRISTAT,,
MRT,Mauritania,1991,8.578918,8.578918,,,,,,,,,1,AFRISTAT,,
MRT,Mauritania,2003,,,,,,,,,,,1,AFRISTAT,,
MRT,Mauritania,2020,12.01131,12.01131,,,,,,,,,1,AFRISTAT,,
MRT,Mauritania,2004,9.412148,9.412148,,,,,,,,,1,AFRISTAT,,
MRT,Mauritania,1993,9.85791,9.85791,,,,,,,,,1,AFRISTAT,,
MRT,Mauritania,2006,9.213539,9.213539,,,,,,,,,1,AFRISTAT,,
MRT,Mauritania,1990,12.34864,12.34864,,,,,,,,,1,AFRISTAT,,
MRT,Mauritania,1995,8.473333,8.473333,,,,,,,,,1,AFRISTAT,,
MRT,Mauritania,2017,13.26996,13.26996,,,,,,,,,1,AFRISTAT,,
MRT,Mauritania,2011,9.675753,9.675753,,,,,,,,,1,AFRISTAT,,
MRT,Mauritania,2009,8.650318,8.650318,,,,,,,,,1,AFRISTAT,,
MRT,Mauritania,2002,,,,,,,,,,,1,AFRISTAT,,
MRT,Mauritania,1997,8.263423,8.263423,,,,,,,,,1,AFRISTAT,,
MRT,Mauritania,1992,9.025661,9.025661,,,,,,,,,1,AFRISTAT,,
MRT,Mauritania,2007,9.520652,9.520652,,,,,,,,,1,AFRISTAT,,
MRT,Mauritania,2008,9.272768,9.272768,,,,,,,,,1,AFRISTAT,,
MRT,Mauritania,1996,8.886806,8.886806,,,,,,,,,1,AFRISTAT,,
MRT,Mauritania,1998,,,,,,,,,,,1,AFRISTAT,,
MRT,Mauritania,2019,12.87692,12.87692,,,,,,,,,1,AFRISTAT,,
MRT,Mauritania,2014,14.02998,14.02998,,,,,,,,,1,AFRISTAT,,
MRT,Mauritania,2001,,,,,,,,,,,1,AFRISTAT,,
MUS,Mauritius,2015,,,,,,,,,,,1,IMF_GFS,,
MUS,Mauritius,2023,19.90545,,,,,19.905454,,,,,1,IMF_GFS,,
MUS,Mauritius,2013,18.1226,,,,,18.122604,,,,,1,IMF_GFS,,
MUS,Mauritius,2011,17.76532,,,,,17.765324,,,,,1,IMF_GFS,,
MUS,Mauritius,2005,16.307,,,,,16.307,,,,,1,IMF_GFS,,
MUS,Mauritius,2014,18.08386,,,,,18.083856,,,,,1,IMF_GFS,,
MUS,Mauritius,2004,15.34678,,,,,15.346784,,,,,1,IMF_GFS,,
MUS,Mauritius,2006,15.81573,,,,,15.815726,,,,,1,IMF_GFS,,
MUS,Mauritius,2002,14.18094,,,,,14.18094,,,,,1,IMF_GFS,,
MUS,Mauritius,2018,18.40605,,,,,18.406048,,,,,1,IMF_GFS,,
MUS,Mauritius,2017,17.93264,,,,,17.932644,,,,,1,IMF_GFS,,
MUS,Mauritius,2022,19.0505,,,,,19.050498,,,,,1,IMF_GFS,,
MUS,Mauritius,2010,17.77736,,,,,17.777357,,,,,1,IMF_GFS,,
MUS,Mauritius,2020,20.70623,,,,,20.706233,,,,,1,IMF_GFS,,
MUS,Mauritius,2008,16.74181,,,,,16.741806,,,,,1,IMF_GFS,,
MUS,Mauritius,2003,15.20982,,,,,15.209818,,,,,1,IMF_GFS,,
MUS,Mauritius,2016,17.60779,,,,,17.607792,,,,,1,IMF_GFS,,
MUS,Mauritius,2009,17.83291,,,,,17.832909,,,,,1,IMF_GFS,,
MUS,Mauritius,2019,19.40744,,,,,19.407438,,,,,1,IMF_GFS,,
MUS,Mauritius,2021,18.26439,,,,,18.264395,,,,,1,IMF_GFS,,
MUS,Mauritius,2012,18.37431,,,,,18.374313,,,,,1,IMF_GFS,,
MUS,Mauritius,2007,14.90478,,,,,14.904782,,,,,1,IMF_GFS,,
MYS,Malaysia,1997,18.20673,,,,,18.206729,,,,,1,IMF_GFS,,
MYS,Malaysia,2000,12.63012,,,,,12.630124,,,,,1,IMF_GFS,,
MYS,Malaysia,1998,15.43421,,,,,15.434212,,,,,1,IMF_GFS,,
MYS,Malaysia,1999,12.99885,,,,,12.998852,,,,,1,IMF_GFS,,
MYS,Malaysia,2001,16.39765,,,,,16.397645,,,,,1,IMF_GFS,,
MYS,Malaysia,1996,17.86298,,,,,17.862984,,,,,1,IMF_GFS,,
NAM,Namibia,2023,33.11568,,,,,33.115683,,,,,1,IMF_GFS,,
NAM,Namibia,2017,27.52302,,,,,27.523023,,,,,1,IMF_GFS,,
NAM,Namibia,2016,25.65156,,,,,25.651564,,,,,1,IMF_GFS,,
NAM,Namibia,2018,27.68516,,,,,27.685158,,,,,1,IMF_GFS,,
NAM,Namibia,2020,29.60231,,,,,29.602308,,,,,1,IMF_GFS,,
NAM,Namibia,2022,25.28249,,,,,25.282492,,,,,1,IMF_GFS,,
NAM,Namibia,2019,28.98279,,,,,28.982793,,,,,1,IMF_GFS,,
NAM,Namibia,2021,26.60451,,,,,26.60451,,,,,1,IMF_GFS,,
NER,Niger,1972,10.84221,,,10.84221,,,,,,,1,BCEAO,,
NER,Niger,1978,10.80479,,,10.80479,,,,,,,1,BCEAO,,
NER,Niger,2000,6.41794,6.456836,,6.41794,,,,,,,1,BCEAO,,
NER,Niger,1960,7.563025,,,7.563025,,,,,,,1,BCEAO,,
NER,Niger,1986,9.590734,,,9.590734,,,,,,,1,BCEAO,,
NER,Niger,1994,4.514629,4.330779,,4.514629,,,,,,,1,BCEAO,,
NER,Niger,1987,9.777227,,,9.777227,,,,,,,1,BCEAO,,
NER,Niger,1980,12.15964,,,12.15964,,,,,,,1,BCEAO,,
NER,Niger,1967,8.401639,,,8.401639,,,,,,,1,BCEAO,,
NER,Niger,2005,7.495266,7.844614,,7.495266,,,,,,,1,BCEAO,,
NER,Niger,2007,8.440224,8.500767,,8.440224,,,,,,,1,BCEAO,,
NER,Niger,1976,9.667928,,,9.667928,,,,,,,1,BCEAO,,
NER,Niger,1968,9.21466,,,9.21466,,,,,,,1,BCEAO,,
NER,Niger,2003,7.356213,7.727791,,7.356213,,,,,,,1,BCEAO,,
NER,Niger,1969,8.486708,,,8.486708,,,,,,,1,BCEAO,,
NER,Niger,1981,10.65669,,,10.65669,,,,,,,1,BCEAO,,
NER,Niger,1974,11.57685,,,11.57685,,,,,,,1,BCEAO,,
NER,Niger,1982,9.938169,,,9.938169,,,,,,,1,BCEAO,,
NER,Niger,1983,9.109429,,,9.109429,,,,,,,1,BCEAO,,
NER,Niger,1988,8.460617,,,8.460617,,,,,,,1,BCEAO,,
NER,Niger,2015,11.95947,11.95937,,11.95947,,,,,,,1,BCEAO,,
NER,Niger,2020,9.608141,9.607862,,9.608141,,,,,,,1,BCEAO,,
NER,Niger,1964,9.186747,,,9.186747,,,,,,,1,BCEAO,,
NER,Niger,2014,11.77807,11.8091,,11.77807,,,,,,,1,BCEAO,,
NER,Niger,2019,10.35426,10.37588,,10.35426,,,,,,,1,BCEAO,,
NER,Niger,2021,10.05095,10.04978,,10.05095,,,,,,,1,BCEAO,,
NER,Niger,1979,11.53239,,,11.53239,,,,,,,1,BCEAO,,
NER,Niger,2011,9.952125,9.769629,,9.952125,,,,,,,1,BCEAO,,
NER,Niger,2018,11.07175,11.04701,,11.07175,,,,,,,1,BCEAO,,
NER,Niger,1975,8.702883,,,8.702883,,,,,,,1,BCEAO,,
NER,Niger,2004,8.071624,8.451735,,8.071624,,,,,,,1,BCEAO,,
NER,Niger,2006,7.847607,8.201719,,7.847607,,,,,,,1,BCEAO,,
NER,Niger,2016,9.846813,9.846775,,9.846813,,,,,,,1,BCEAO,,
NER,Niger,1989,8.54778,,,8.54778,,,,,,,1,BCEAO,,
NER,Niger,1999,6.478244,6.4407,,6.478244,,,,,,,1,BCEAO,,
NER,Niger,2009,10.07733,9.920007,,10.07733,,,,,,,1,BCEAO,,
NER,Niger,1962,6.568144,,,6.568144,,,,,,,1,BCEAO,,
NER,Niger,1990,6.01304,5.584074,,6.01304,,,,,,,1,BCEAO,,
NER,Niger,2001,6.946558,6.997752,,6.946558,,,,,,,1,BCEAO,,
NER,Niger,1973,11.4094,,,11.4094,,,,,,,1,BCEAO,,
NER,Niger,1961,6.36833,,,6.36833,,,,,,,1,BCEAO,,
NER,Niger,1977,10.45706,,,10.45706,,,,,,,1,BCEAO,,
NER,Niger,1965,8.906882,,,8.906882,,,,,,,1,BCEAO,,
NER,Niger,1993,4.864604,4.777864,,4.864604,,,,,,,1,BCEAO,,
NER,Niger,1971,10.06843,,,10.06843,,,,,,,1,BCEAO,,
NER,Niger,1991,5.22575,4.973321,,5.22575,,,,,,,1,BCEAO,,
NER,Niger,2022,9.396802,9.401668,,9.396802,,,,,,,1,BCEAO,,
NER,Niger,1997,6.214491,5.842358,,6.214491,,,,,,,1,BCEAO,,
NER,Niger,1985,9.210323,,,9.210323,,,,,,,1,BCEAO,,
NER,Niger,1963,7.956318,,,7.956318,,,,,,,1,BCEAO,,
NER,Niger,1992,4.813701,4.641262,,4.813701,,,,,,,1,BCEAO,,
NER,Niger,1984,9.570802,,,9.570802,,,,,,,1,BCEAO,,
NER,Niger,1995,5.638022,5.403251,,5.638022,,,,,,,1,BCEAO,,
NER,Niger,2017,9.543166,9.543157,,9.543166,,,,,,,1,BCEAO,,
NER,Niger,2010,9.572239,9.3134,,9.572239,,,,,,,1,BCEAO,,
NER,Niger,2012,10.59222,10.29925,,10.59222,,,,,,,1,BCEAO,,
NER,Niger,2013,11.5195,11.43548,,11.5195,,,,,,,1,BCEAO,,
NER,Niger,2002,7.348943,7.492057,,7.348943,,,,,,,1,BCEAO,,
NER,Niger,2024,7.112279,,,7.112279,,,,,,,1,BCEAO,,
NER,Niger,2008,8.661141,8.642806,,8.661141,,,,,,,1,BCEAO,,
NER,Niger,1998,6.340886,6.252176,,6.340886,,,,,,,1,BCEAO,,
NER,Niger,1970,10.10902,,,10.10902,,,,,,,1,BCEAO,,
NER,Niger,2023,8.108882,,,8.108882,,,,,,,1,BCEAO,,
NER,Niger,1966,8.333333,,,8.333333,,,,,,,1,BCEAO,,
NER,Niger,1996,5.713857,5.566232,,5.713857,,,,,,,1,BCEAO,,
NLD,Netherlands,1960,21.06368,,,,,,21.06368,,,,1,Mitchell,,
NLD,Netherlands,1917,9.929078,,,,,,9.929078,,,,1,Mitchell,,
NLD,Netherlands,1954,21.21053,,,,,,21.21053,,,,1,Mitchell,,
NLD,Netherlands,1974,25.36105,,,,,,25.36105,,,,1,Mitchell,,
NLD,Netherlands,1980,24.80712,,,,,,24.80712,,,,1,Mitchell,,
NLD,Netherlands,1948,24.83099,,,,,,24.83099,,,,1,Mitchell,,
NLD,Netherlands,2009,21.2,,,,21.2,20.80397,,,,,1,EUS,,
NLD,Netherlands,1933,13.2036,,,,,,13.2036,,,,1,Mitchell,,
NLD,Netherlands,2011,21,,,,21,20.664377,,,,,1,EUS,,
NLD,Netherlands,1972,25.38844,,,,,,25.38844,,,,1,Mitchell,,
NLD,Netherlands,1970,23.48261,,,,,,23.48261,,,,1,Mitchell,,
NLD,Netherlands,1951,23.61395,,,,,,23.61395,,,,1,Mitchell,,
NLD,Netherlands,1938,12.54866,,,,,,12.54866,,,,1,Mitchell,,
NLD,Netherlands,1977,26.2069,,,,,,26.2069,,,,1,Mitchell,,
NLD,Netherlands,1996,22,,,,22,21.437591,,,,,1,EUS,,
NLD,Netherlands,1915,6.476604,,,,,,6.476604,,,,1,Mitchell,,
NLD,Netherlands,1965,21.42067,,,,,,21.42067,,,,1,Mitchell,,
NLD,Netherlands,1961,21.92394,,,,,,21.92394,,,,1,Mitchell,,
NLD,Netherlands,1916,7.80065,,,,,,7.80065,,,,1,Mitchell,,
NLD,Netherlands,1911,6.571087,,,,,,6.571087,,,,1,Mitchell,,
NLD,Netherlands,2012,20.6,,,,20.6,20.322318,,,,,1,EUS,,
NLD,Netherlands,2004,20.8,,,,20.8,20.355436,,,,,1,EUS,,
NLD,Netherlands,1909,6.416882,,,,,,6.416882,,,,1,Mitchell,,
NLD,Netherlands,1962,21.5343,,,,,,21.5343,,,,1,Mitchell,,
NLD,Netherlands,2006,21.4,,,,21.4,21.101756,,,,,1,EUS,,
NLD,Netherlands,1979,24.11392,,,,,,24.11392,,,,1,Mitchell,,
NLD,Netherlands,2016,22.6,,,,22.6,22.347902,,,,,1,EUS,,
NLD,Netherlands,1927,11.68483,,,,,,11.68483,,,,1,Mitchell,,
NLD,Netherlands,1937,11.9209,,,,,,11.9209,,,,1,Mitchell,,
NLD,Netherlands,1971,24.57923,,,,,,24.57923,,,,1,Mitchell,,
NLD,Netherlands,2019,24,,,,24,23.575775,,,,,1,EUS,,
NLD,Netherlands,2013,20.9,,,,20.9,20.559763,,,,,1,EUS,,
NLD,Netherlands,2018,23.3,,,,23.3,22.952394,,,,,1,EUS,,
NLD,Netherlands,2008,21.9,,,,21.9,21.704317,,,,,1,EUS,,
NLD,Netherlands,1998,21.2,,,,21.2,20.679568,,,,,1,EUS,,
NLD,Netherlands,2001,21.4,,,,21.4,21.008363,,,,,1,EUS,,
NLD,Netherlands,1991,23.26568,,,,,,23.26568,,,,1,Mitchell,,
NLD,Netherlands,1959,20.85185,,,,,,20.85185,,,,1,Mitchell,,
NLD,Netherlands,1918,9.317073,,,,,,9.317073,,,,1,Mitchell,,
NLD,Netherlands,1910,6.561462,,,,,,6.561462,,,,1,Mitchell,,
NLD,Netherlands,1944,34.12214,,,,,,34.12214,,,,1,Mitchell,,
NLD,Netherlands,1923,12.65083,,,,,,12.65083,,,,1,Mitchell,,
NLD,Netherlands,1983,21.9685,,,,,,21.9685,,,,1,Mitchell,,
NLD,Netherlands,1921,13.59862,,,,,,13.59862,,,,1,Mitchell,,
NLD,Netherlands,1943,25.71428,,,,,,25.71428,,,,1,Mitchell,,
NLD,Netherlands,1924,11.54818,,,,,,11.54818,,,,1,Mitchell,,
NLD,Netherlands,1949,23.24405,,,,,,23.24405,,,,1,Mitchell,,
NLD,Netherlands,1920,11.16945,,,,,,11.16945,,,,1,Mitchell,,
NLD,Netherlands,2022,24.2,,,,24.2,23.898795,,,,,1,EUS,,
NLD,Netherlands,1968,23.05702,,,,,,23.05702,,,,1,Mitchell,,
NLD,Netherlands,2015,22.1,,,,22.1,21.796117,,,,,1,EUS,,
NLD,Netherlands,1995,21.4,,,,21.4,20.839494,,,,,1,EUS,,
NLD,Netherlands,1950,21.78866,,,,,,21.78866,,,,1,Mitchell,,
NLD,Netherlands,1958,20.73164,,,,,,20.73164,,,,1,Mitchell,,
NLD,Netherlands,2010,21.1,,,,21.1,20.801466,,,,,1,EUS,,
NLD,Netherlands,1926,11.6994,,,,,,11.6994,,,,1,Mitchell,,
NLD,Netherlands,1999,21.6,,,,21.6,21.18612,,,,,1,EUS,,
NLD,Netherlands,1997,21.4,,,,21.4,20.902992,,,,,1,EUS,,
NLD,Netherlands,1966,22.32176,,,,,,22.32176,,,,1,Mitchell,,
NLD,Netherlands,1973,25.47976,,,,,,25.47976,,,,1,Mitchell,,
NLD,Netherlands,1946,26.90322,,,,,,26.90322,,,,1,Mitchell,,
NLD,Netherlands,1906,6.447124,,,,,,6.447124,,,,1,Mitchell,,
NLD,Netherlands,1978,25.01683,,,,,,25.01683,,,,1,Mitchell,,
NLD,Netherlands,1964,21.08943,,,,,,21.08943,,,,1,Mitchell,,
NLD,Netherlands,1925,11.54787,,,,,,11.54787,,,,1,Mitchell,,
NLD,Netherlands,1963,20.88697,,,,,,20.88697,,,,1,Mitchell,,
NLD,Netherlands,1905,6.511176,,,,,,6.511176,,,,1,Mitchell,,
NLD,Netherlands,2021,24.5,,,,24.5,24.308676,,,,,1,EUS,,
NLD,Netherlands,1957,21.87464,,,,,,21.87464,,,,1,Mitchell,,
NLD,Netherlands,1942,18.63376,,,,,,18.63376,,,,1,Mitchell,,
NLD,Netherlands,1902,6.470279,,,,,,6.470279,,,,1,Mitchell,,
NLD,Netherlands,1956,21.58514,,,,,,21.58514,,,,1,Mitchell,,
NLD,Netherlands,1969,22.93431,,,,,,22.93431,,,,1,Mitchell,,
NLD,Netherlands,2007,21.7,,,,21.7,21.25005,,,,,1,EUS,,
NLD,Netherlands,1985,21.02871,,,,,,21.02871,,,,1,Mitchell,,
NLD,Netherlands,1900,5.233853,,,,,,5.233853,,,,1,Mitchell,,
NLD,Netherlands,1919,9.186256,,,,,,9.186256,,,,1,Mitchell,,
NLD,Netherlands,1901,6.226516,,,,,,6.226516,,,,1,Mitchell,,
NLD,Netherlands,1993,24.47735,,,,,,24.47735,,,,1,Mitchell,1,1
NLD,Netherlands,1936,12.23216,,,,,,12.23216,,,,1,Mitchell,,
NLD,Netherlands,1907,6.42369,,,,,,6.42369,,,,1,Mitchell,,
NLD,Netherlands,1981,23.65439,,,,,,23.65439,,,,1,Mitchell,,
NLD,Netherlands,1903,6.557377,,,,,,6.557377,,,,1,Mitchell,,
NLD,Netherlands,2005,21.3,,,,21.3,20.887797,,,,,1,EUS,,
NLD,Netherlands,1940,16.73632,,,,,,16.73632,,,,1,Mitchell,,
NLD,Netherlands,1914,6.813187,,,,,,6.813187,,,,1,Mitchell,,
NLD,Netherlands,1945,15.7381,,,,,,15.7381,,,,1,Mitchell,,
NLD,Netherlands,1988,22.99781,,,,,,22.99781,,,,1,Mitchell,,
NLD,Netherlands,1912,6.324405,,,,,,6.324405,,,,1,Mitchell,,
NLD,Netherlands,1953,22.98319,,,,,,22.98319,,,,1,Mitchell,,
NLD,Netherlands,1928,10.71092,,,,,,10.71092,,,,1,Mitchell,,
NLD,Netherlands,1932,12.17532,,,,,,12.17532,,,,1,Mitchell,,
NLD,Netherlands,1987,22.58503,,,,,,22.58503,,,,1,Mitchell,,
NLD,Netherlands,1952,25.21875,,,,,,25.21875,,,,1,Mitchell,,
NLD,Netherlands,1967,23.05954,,,,,,23.05954,,,,1,Mitchell,,
NLD,Netherlands,2020,24.1,,,,24.1,23.922823,,,,,1,EUS,,
NLD,Netherlands,1955,19.76768,,,,,,19.76768,,,,1,Mitchell,,
NLD,Netherlands,2023,25.5,,,,25.5,24.840881,,,,,1,EUS,,
NLD,Netherlands,1930,11.57608,,,,,,11.57608,,,,1,Mitchell,,
NLD,Netherlands,1982,22.89973,,,,,,22.89973,,,,1,Mitchell,,
NLD,Netherlands,1904,6.52283,,,,,,6.52283,,,,1,Mitchell,,
NLD,Netherlands,1989,20.45455,,,,,,20.45455,,,,1,Mitchell,,
NLD,Netherlands,1931,12.4408,,,,,,12.4408,,,,1,Mitchell,,
NLD,Netherlands,1941,22.02903,,,,,,22.02903,,,,1,Mitchell,,
NLD,Netherlands,1976,25.92437,,,,,,25.92437,,,,1,Mitchell,,
NLD,Netherlands,2014,21.9,,,,21.9,21.539373,,,,,1,EUS,,
NLD,Netherlands,2000,21.3,,,,21.3,20.92943,,,,,1,EUS,,
NLD,Netherlands,1986,21.53318,,,,,,21.53318,,,,1,Mitchell,,
NLD,Netherlands,2017,23.4,,,,23.4,23.061392,,,,,1,EUS,,
NLD,Netherlands,1994,,,,,,,,,,,1,EUS,,
NLD,Netherlands,2024,25.5,,,,25.5,,,,,,1,EUS,,
NLD,Netherlands,1992,20.97691,,,,,,20.97691,,,,1,Mitchell,,
NLD,Netherlands,1947,26.71901,,,,,,26.71901,,,,1,Mitchell,,
NLD,Netherlands,1975,26.17225,,,,,,26.17225,,,,1,Mitchell,,
NLD,Netherlands,1984,21.15,,,,,,21.15,,,,1,Mitchell,,
NLD,Netherlands,1935,12.96455,,,,,,12.96455,,,,1,Mitchell,,
NLD,Netherlands,1990,20.3876,,,,,,20.3876,,,,1,Mitchell,,
NLD,Netherlands,1908,6.341464,,,,,,6.341464,,,,1,Mitchell,,
NLD,Netherlands,1929,11.05296,,,,,,11.05296,,,,1,Mitchell,,
NLD,Netherlands,1913,6.41254,,,,,,6.41254,,,,1,Mitchell,,
NLD,Netherlands,2002,21.5,,,,21.5,21.080093,,,,,1,EUS,,
NLD,Netherlands,1922,13.88476,,,,,,13.88476,,,,1,Mitchell,,
NLD,Netherlands,1934,12.57888,,,,,,12.57888,,,,1,Mitchell,,
NLD,Netherlands,2003,20.5,,,,20.5,20.084055,,,,,1,EUS,,
NLD,Netherlands,1939,14.17378,,,,,,14.17378,,,,1,Mitchell,,
NOR,Norway,1925,5.450027,,,,,,5.450027,,,,1,Mitchell,,
NOR,Norway,1996,33.4,,,,33.4,23.936803,,,,,1,EUS,,
NOR,Norway,1952,14.93805,,,,,,14.93805,,,,1,Mitchell,,
NOR,Norway,1891,3.990025,,,,,,3.990025,,,,1,Mitchell,,
NOR,Norway,1869,,,,,,,,,,,1,Mitchell,,
NOR,Norway,1995,32.7,,,,32.7,23.004883,,,,,1,EUS,,
NOR,Norway,1871,,,,,,,,,,,1,Mitchell,,
NOR,Norway,1956,16.50758,,,,,,16.50758,,,,1,Mitchell,,
NOR,Norway,1986,27.0428,,,,,,27.0428,,,,1,Mitchell,,
NOR,Norway,1896,4.114286,,,,,,4.114286,,,,1,Mitchell,,
NOR,Norway,1917,10.53687,,,,,,10.53687,,,,1,Mitchell,,
NOR,Norway,1892,3.754693,,,,,,3.754693,,,,1,Mitchell,,
NOR,Norway,1941,,,,,,,,,,,1,Mitchell,,
NOR,Norway,1954,15.2621,,,,,,15.2621,,,,1,Mitchell,,
NOR,Norway,1865,3.333333,,,,,,3.333333,,,,1,Mitchell,,
NOR,Norway,1920,4.653333,,,,,,4.653333,,,,1,Mitchell,,
NOR,Norway,1930,6.557003,,,,,,6.557003,,,,1,Mitchell,,
NOR,Norway,1977,21.40625,,,,,,21.40625,,,,1,Mitchell,,
NOR,Norway,1870,2.952029,,,,,,2.952029,,,,1,Mitchell,,
NOR,Norway,1893,3.955501,,,,,,3.955501,,,,1,Mitchell,,
NOR,Norway,1898,4.809619,,,,,,4.809619,,,,1,Mitchell,,
NOR,Norway,1946,11.75,,,,,,11.75,,,,1,Mitchell,,
NOR,Norway,2004,36.5,,,,36.5,27.316969,,,,,1,EUS,,
NOR,Norway,1880,3.472222,,,,,,3.472222,,,,1,Mitchell,,
NOR,Norway,1923,5.503302,,,,,,5.503302,,,,1,Mitchell,,
NOR,Norway,1901,4.813806,,,,,,4.813806,,,,1,Mitchell,,
NOR,Norway,1922,7.590362,,,,,,7.590362,,,,1,Mitchell,,
NOR,Norway,2011,36.8,,,,36.8,27.551942,,,,,1,EUS,,
NOR,Norway,1999,34.2,,,,34.2,24.254223,,,,,1,EUS,,
NOR,Norway,1989,21.48148,,,,,,21.48148,,,,1,Mitchell,,
NOR,Norway,2015,32.5,,,,32.5,22.088549,,,,,1,EUS,,
NOR,Norway,1913,3.877221,,,,,,3.877221,,,,1,Mitchell,,
NOR,Norway,1950,15.05488,,,,,,15.05488,,,,1,Mitchell,,
NOR,Norway,1886,3.898051,,,,,,3.898051,,,,1,Mitchell,,
NOR,Norway,1979,21.75732,,,,,,21.75732,,,,1,Mitchell,,
NOR,Norway,1955,16.54132,,,,,,16.54132,,,,1,Mitchell,,
NOR,Norway,1932,7.068876,,,,,,7.068876,,,,1,Mitchell,,
NOR,Norway,1980,25.26316,,,,,,25.26316,,,,1,Mitchell,,
NOR,Norway,1945,,,,,,,,,,,1,Mitchell,,
NOR,Norway,1897,4.461371,,,,,,4.461371,,,,1,Mitchell,,
NOR,Norway,1874,,,,,,,,,,,1,Mitchell,,
NOR,Norway,1964,16.97386,,,,,,16.97386,,,,1,Mitchell,,
NOR,Norway,1994,,,,,,,,,,,1,EUS,,
NOR,Norway,1918,8.934232,,,,,,8.934232,,,,1,Mitchell,,
NOR,Norway,1948,14.60432,,,,,,14.60432,,,,1,Mitchell,,
NOR,Norway,1894,3.921569,,,,,,3.921569,,,,1,Mitchell,,
NOR,Norway,2018,33.3,,,,33.3,23.313619,,,,,1,EUS,,
NOR,Norway,2008,36.4,,,,36.4,27.764525,,,,,1,EUS,,
NOR,Norway,2009,35.4,,,,35.4,25.847354,,,,,1,EUS,,
NOR,Norway,1900,3.856502,,,,,,3.856502,,,,1,Mitchell,,
NOR,Norway,2006,37.3,,,,37.3,28.798286,,,,,1,EUS,,
NOR,Norway,1961,16.73876,,,,,,16.73876,,,,1,Mitchell,,
NOR,Norway,1910,4.66899,,,,,,4.66899,,,,1,Mitchell,,
NOR,Norway,1960,16.51376,,,,,,16.51376,,,,1,Mitchell,,
NOR,Norway,1957,16.91379,,,,,,16.91379,,,,1,Mitchell,,
NOR,Norway,2014,33.3,,,,33.3,23.412024,,,,,1,EUS,,
NOR,Norway,1970,18.97121,,,,,,18.97121,,,,1,Mitchell,,
NOR,Norway,1969,18.42595,,,,,,18.42595,,,,1,Mitchell,,
NOR,Norway,1868,,,,,,,,,,,1,Mitchell,,
NOR,Norway,1883,3.733333,,,,,,3.733333,,,,1,Mitchell,,
NOR,Norway,1873,,,,,,,,,,,1,Mitchell,,
NOR,Norway,2022,38.9,,,,38.9,31.480306,,,,,1,EUS,,
NOR,Norway,1965,17.25344,,,,,,17.25344,,,,1,Mitchell,,
NOR,Norway,1951,13.63902,,,,,,13.63902,,,,1,Mitchell,,
NOR,Norway,1916,3.254973,,,,,,3.254973,,,,1,Mitchell,,
NOR,Norway,1905,4.434389,,,,,,4.434389,,,,1,Mitchell,,
NOR,Norway,1909,5.775076,,,,,,5.775076,,,,1,Mitchell,,
NOR,Norway,1872,,,,,,,,,,,1,Mitchell,,
NOR,Norway,1992,21.7212,,,,,,21.7212,,,,1,Mitchell,1,1
NOR,Norway,1867,,,,,,,,,,,1,Mitchell,,
NOR,Norway,1887,,,,,,,,,,,1,Mitchell,,
NOR,Norway,1899,5.070423,,,,,,5.070423,,,,1,Mitchell,,
NOR,Norway,1968,17.32061,,,,,,17.32061,,,,1,Mitchell,,
NOR,Norway,1991,22.54731,,,,,,22.54731,,,,1,Mitchell,,
NOR,Norway,1907,4.505929,,,,,,4.505929,,,,1,Mitchell,,
NOR,Norway,1927,7.06496,,,,,,7.06496,,,,1,Mitchell,,
NOR,Norway,1962,16.96615,,,,,,16.96615,,,,1,Mitchell,,
NOR,Norway,1911,4.509804,,,,,,4.509804,,,,1,Mitchell,,
NOR,Norway,1949,16.48322,,,,,,16.48322,,,,1,Mitchell,,
NOR,Norway,1866,,,,,,,,,,,1,Mitchell,,
NOR,Norway,2017,32.6,,,,32.6,22.290034,,,,,1,EUS,,
NOR,Norway,1967,17.3623,,,,,,17.3623,,,,1,Mitchell,,
NOR,Norway,1939,8.475931,,,,,,8.475931,,,,1,Mitchell,,
NOR,Norway,1959,17.557,,,,,,17.557,,,,1,Mitchell,,
NOR,Norway,1974,19.79769,,,,,,19.79769,,,,1,Mitchell,,
NOR,Norway,1982,25.77348,,,,,,25.77348,,,,1,Mitchell,,
NOR,Norway,2013,34.5,,,,34.5,25.010136,,,,,1,EUS,,
NOR,Norway,1924,4.770445,,,,,,4.770445,,,,1,Mitchell,,
NOR,Norway,1915,3.893601,,,,,,3.893601,,,,1,Mitchell,,
NOR,Norway,1937,7.167174,,,,,,7.167174,,,,1,Mitchell,,
NOR,Norway,1993,,,,,,,,,,,1,EUS,,
NOR,Norway,1908,4.849885,,,,,,4.849885,,,,1,Mitchell,,
NOR,Norway,1975,19.59731,,,,,,19.59731,,,,1,Mitchell,,
NOR,Norway,1888,3.802817,,,,,,3.802817,,,,1,Mitchell,,
NOR,Norway,1936,7.154639,,,,,,7.154639,,,,1,Mitchell,,
NOR,Norway,1875,2.983139,,,,,,2.983139,,,,1,Mitchell,,
NOR,Norway,1943,,,,,,,,,,,1,Mitchell,,
NOR,Norway,1931,7.157731,,,,,,7.157731,,,,1,Mitchell,,
NOR,Norway,1940,,,,,,,,,,,1,Mitchell,,
NOR,Norway,1973,20.41339,,,,,,20.41339,,,,1,Mitchell,,
NOR,Norway,1929,6.467204,,,,,,6.467204,,,,1,Mitchell,,
NOR,Norway,2023,36.4,,,,36.4,26.921052,,,,,1,EUS,,
NOR,Norway,2019,33.8,,,,33.8,23.283011,,,,,1,EUS,,
NOR,Norway,2003,35.5,,,,35.5,25.869562,,,,,1,EUS,,
NOR,Norway,2024,34.9,,,,34.9,,,,,,1,EUS,,
NOR,Norway,2021,34.9,,,,34.9,25.505524,,,,,1,EUS,,
NOR,Norway,1971,20.1257,,,,,,20.1257,,,,1,Mitchell,,
NOR,Norway,1983,25.14925,,,,,,25.14925,,,,1,Mitchell,,
NOR,Norway,1972,20.98272,,,,,,20.98272,,,,1,Mitchell,,
NOR,Norway,1882,3.157895,,,,,,3.157895,,,,1,Mitchell,,
NOR,Norway,2005,36.9,,,,36.9,28.20372,,,,,1,EUS,,
NOR,Norway,1958,18.0692,,,,,,18.0692,,,,1,Mitchell,,
NOR,Norway,1976,20.81871,,,,,,20.81871,,,,1,Mitchell,,
NOR,Norway,2002,36.9,,,,36.9,27.134121,,,,,1,EUS,,
NOR,Norway,1881,3.112314,,,,,,3.112314,,,,1,Mitchell,,
NOR,Norway,1879,,,,,,,,,,,1,Mitchell,,
NOR,Norway,1934,6.858407,,,,,,6.858407,,,,1,Mitchell,,
NOR,Norway,1878,,,,,,,,,,,1,Mitchell,,
NOR,Norway,1938,7.722671,,,,,,7.722671,,,,1,Mitchell,,
NOR,Norway,1885,,,,,,,,,,,1,Mitchell,,
NOR,Norway,1889,3.376623,,,,,,3.376623,,,,1,Mitchell,,
NOR,Norway,2001,35.1,,,,35.1,26.039296,,,,,1,EUS,,
NOR,Norway,1906,4.465038,,,,,,4.465038,,,,1,Mitchell,,
NOR,Norway,1966,17.22342,,,,,,17.22342,,,,1,Mitchell,,
NOR,Norway,1935,6.694177,,,,,,6.694177,,,,1,Mitchell,,
NOR,Norway,1984,25.27594,,,,,,25.27594,,,,1,Mitchell,,
NOR,Norway,1895,4.086538,,,,,,4.086538,,,,1,Mitchell,,
NOR,Norway,1928,7.415305,,,,,,7.415305,,,,1,Mitchell,,
NOR,Norway,1947,13.72441,,,,,,13.72441,,,,1,Mitchell,,
NOR,Norway,2000,35.5,,,,35.5,26.671954,,,,,1,EUS,,
NOR,Norway,1978,21.92488,,,,,,21.92488,,,,1,Mitchell,,
NOR,Norway,2016,32.6,,,,32.6,21.960376,,,,,1,EUS,,
NOR,Norway,1884,3.606103,,,,,,3.606103,,,,1,Mitchell,,
NOR,Norway,1997,33.3,,,,33.3,23.891917,,,,,1,EUS,,
NOR,Norway,2007,36.8,,,,36.8,28.080218,,,,,1,EUS,,
NOR,Norway,1877,,,,,,,,,,,1,Mitchell,,
NOR,Norway,1944,,,,,,,,,,,1,Mitchell,,
NOR,Norway,2010,36.1,,,,36.1,26.743767,,,,,1,EUS,,
NOR,Norway,1876,,,,,,,,,,,1,Mitchell,,
NOR,Norway,1903,4.902868,,,,,,4.902868,,,,1,Mitchell,,
NOR,Norway,1921,5.359765,,,,,,5.359765,,,,1,Mitchell,,
NOR,Norway,1987,23.99287,,,,,,23.99287,,,,1,Mitchell,,
NOR,Norway,1919,7.280065,,,,,,7.280065,,,,1,Mitchell,,
NOR,Norway,1988,22.69297,,,,,,22.69297,,,,1,Mitchell,,
NOR,Norway,1953,16.869,,,,,,16.869,,,,1,Mitchell,,
NOR,Norway,1963,17.08675,,,,,,17.08675,,,,1,Mitchell,,
NOR,Norway,1902,5.055147,,,,,,5.055147,,,,1,Mitchell,,
NOR,Norway,2020,32.3,,,,32.3,21.253187,,,,,1,EUS,,
NOR,Norway,1926,6.650882,,,,,,6.650882,,,,1,Mitchell,,
NOR,Norway,1942,,,,,,,,,,,1,Mitchell,,
NOR,Norway,2012,36.2,,,,36.2,26.872534,,,,,1,EUS,,
NOR,Norway,1914,4.220948,,,,,,4.220948,,,,1,Mitchell,,
NOR,Norway,1933,6.906363,,,,,,6.906363,,,,1,Mitchell,,
NOR,Norway,1985,26.8,,,,,,26.8,,,,1,Mitchell,,
NOR,Norway,1912,4.404762,,,,,,4.404762,,,,1,Mitchell,,
NOR,Norway,1904,4.810361,,,,,,4.810361,,,,1,Mitchell,,
NOR,Norway,1990,22.23903,,,,,,22.23903,,,,1,Mitchell,,
NOR,Norway,1998,34.1,,,,34.1,23.956954,,,,,1,EUS,,
NOR,Norway,1981,26.55488,,,,,,26.55488,,,,1,Mitchell,,
NOR,Norway,1890,3.846154,,,,,,3.846154,,,,1,Mitchell,,
NPL,Nepal,2005,,,,,,,,,,,1,,,
NPL,Nepal,1978,5.448331,,,,,5.4483308,,,,,1,IMF_GFS,,
NPL,Nepal,2019,19.80906,,,,,19.80906,,,,,1,IMF_GFS,1,1
NPL,Nepal,2012,,,,,,,,,,,1,,,
NPL,Nepal,2010,,,,,,,,,,,1,,,
NPL,Nepal,2020,15.77365,,,,,15.77365,,,,,1,IMF_GFS,,
NPL,Nepal,2014,,,,,,,,,,,1,,,
NPL,Nepal,1993,,,,,,,,,,,1,,,
NPL,Nepal,1973,4.116828,,,,,4.1168284,,,,,1,IMF_GFS,,
NPL,Nepal,2009,,,,,,,,,,,1,,,
NPL,Nepal,1996,,,,,,,,,,,1,,,
NPL,Nepal,2011,,,,,,,,,,,1,,,
NPL,Nepal,1991,,,,,,,,,,,1,,,
NPL,Nepal,2021,17.4853,,,,,17.485303,,,,,1,IMF_GFS,,
NPL,Nepal,1998,,,,,,,,,,,1,,,
NPL,Nepal,2006,,,,,,,,,,,1,,,
NPL,Nepal,1981,6.442966,,,,,6.4429655,,,,,1,IMF_GFS,,
NPL,Nepal,1984,5.774961,,,,,5.7749611,,,,,1,IMF_GFS,,
NPL,Nepal,2004,,,,,,,,,,,1,,,
NPL,Nepal,1976,5.147915,,,,,5.1479153,,,,,1,IMF_GFS,,
NPL,Nepal,1987,5.605887,,,,,5.6058873,,,,,1,IMF_GFS,,
NPL,Nepal,2015,,,,,,,,,,,1,,,
NPL,Nepal,1977,5.493935,,,,,5.4939345,,,,,1,IMF_GFS,,
NPL,Nepal,1988,6.124312,,,,,6.124312,,,,,1,IMF_GFS,,
NPL,Nepal,2013,,,,,,,,,,,1,,,
NPL,Nepal,2002,,,,,,,,,,,1,,,
NPL,Nepal,1980,5.656684,,,,,5.6566841,,,,,1,IMF_GFS,,
NPL,Nepal,1975,4.817066,,,,,4.8170658,,,,,1,IMF_GFS,,
NPL,Nepal,2018,,,,,,,,,,,1,,,
NPL,Nepal,1979,5.741145,,,,,5.7411448,,,,,1,IMF_GFS,,
NPL,Nepal,2008,,,,,,,,,,,1,,,
NPL,Nepal,1982,6.4255,,,,,6.4255004,,,,,1,IMF_GFS,,
NPL,Nepal,1994,,,,,,,,,,,1,,,
NPL,Nepal,2003,,,,,,,,,,,1,,,
NPL,Nepal,1985,5.560246,,,,,5.5602459,,,,,1,IMF_GFS,,
NPL,Nepal,1974,3.982614,,,,,3.9826142,,,,,1,IMF_GFS,,
NPL,Nepal,1972,4.088166,,,,,4.0881655,,,,,1,IMF_GFS,,
NPL,Nepal,2001,,,,,,,,,,,1,,,
NPL,Nepal,2000,,,,,,,,,,,1,,,
NPL,Nepal,1986,5.362873,,,,,5.3628732,,,,,1,IMF_GFS,,
NPL,Nepal,1992,,,,,,,,,,,1,,,
NPL,Nepal,1995,,,,,,,,,,,1,,,
NPL,Nepal,1990,,,,,,,,,,,1,,,
NPL,Nepal,1997,,,,,,,,,,,1,,,
NPL,Nepal,1989,5.764287,,,,,5.7642875,,,,,1,IMF_GFS,,
NPL,Nepal,2017,,,,,,,,,,,1,,,
NPL,Nepal,1999,,,,,,,,,,,1,,,
NPL,Nepal,2007,,,,,,,,,,,1,,,
NPL,Nepal,1983,6.032529,,,,,6.0325287,,,,,1,IMF_GFS,,
NPL,Nepal,2016,,,,,,,,,,,1,,,
NRU,Nauru,2017,22.62497,,,,,22.624974,,,,,1,IMF_GFS,,
NRU,Nauru,2015,17.05441,,,,,17.054413,,,,,1,IMF_GFS,,
NRU,Nauru,2020,44.34854,,,,,44.348542,,,,,1,IMF_GFS,,
NRU,Nauru,2016,25.2821,,,,,25.2821,,,,,1,IMF_GFS,,
NRU,Nauru,2018,28.82166,,,,,28.821661,,,,,1,IMF_GFS,,
NRU,Nauru,2014,20.0845,,,,,20.084496,,,,,1,IMF_GFS,,
NRU,Nauru,2019,34.18636,,,,,34.186357,,,,,1,IMF_GFS,,
NZL,New Zealand,1943,18.49057,,,,,,18.49057,,,,1,Mitchell,,
NZL,New Zealand,1973,22.00239,,,,,,22.00239,,,,1,Mitchell,,
NZL,New Zealand,1958,21.97425,,,,,,21.97425,,,,1,Mitchell,,
NZL,New Zealand,1948,23.83838,,,,,,23.83838,,,,1,Mitchell,,
NZL,New Zealand,1995,27.56594,,,,,,27.56594,,,,1,Mitchell,,
NZL,New Zealand,1939,15.57692,,,,,,15.57692,,,,1,Mitchell,,
NZL,New Zealand,1981,28.43057,,,,,,28.43057,,,,1,Mitchell,,
NZL,New Zealand,1975,23.41447,,,,,,23.41447,,,,1,Mitchell,,
NZL,New Zealand,1989,27.74877,,,,,,27.74877,,,,1,Mitchell,,
NZL,New Zealand,1941,18.75,,,,,,18.75,,,,1,Mitchell,,
NZL,New Zealand,1950,20.17045,,,,,,20.17045,,,,1,Mitchell,,
NZL,New Zealand,1945,19.80057,,,,,,19.80057,,,,1,Mitchell,,
NZL,New Zealand,1962,18.53951,,,,,,18.53951,,,,1,Mitchell,,
NZL,New Zealand,1951,23.69863,,,,,,23.69863,,,,1,Mitchell,,
NZL,New Zealand,2010,29.52341,,,,,,29.52341,,,,1,Mitchell,,
NZL,New Zealand,1932,10.54348,,,,,,10.54348,,,,1,Mitchell,,
NZL,New Zealand,2001,24.55976,,,,,29.229941,24.55976,,,,1,Mitchell,,
NZL,New Zealand,1960,20.46892,,,,,,20.46892,,,,1,Mitchell,,
NZL,New Zealand,1991,31.59576,,,,,,31.59576,,,,1,Mitchell,,
NZL,New Zealand,1949,22.20217,,,,,,22.20217,,,,1,Mitchell,,
NZL,New Zealand,1942,20.5614,,,,,,20.5614,,,,1,Mitchell,,
NZL,New Zealand,1964,19.39259,,,,,,19.39259,,,,1,Mitchell,,
NZL,New Zealand,1976,23.64371,,,,,,23.64371,,,,1,Mitchell,,
NZL,New Zealand,1979,27.05201,,,,,,27.05201,,,,1,Mitchell,,
NZL,New Zealand,1974,24.89351,,,,,,24.89351,,,,1,Mitchell,,
NZL,New Zealand,1972,19.92153,,,,,,19.92153,,,,1,Mitchell,,
NZL,New Zealand,1965,19.9123,,,,,,19.9123,,,,1,Mitchell,,
NZL,New Zealand,2008,33.70229,,,,,,33.70229,,,,1,Mitchell,,
NZL,New Zealand,2009,32.29276,,,,,,32.29276,,,,1,Mitchell,,
NZL,New Zealand,2004,26.61317,,,,,29.672621,26.61317,,,,1,Mitchell,,
NZL,New Zealand,1967,20.17691,,,,,,20.17691,,,,1,Mitchell,,
NZL,New Zealand,2000,24.61511,,,,,,24.61511,,,,1,Mitchell,,
NZL,New Zealand,1931,10.3,,,,,,10.3,,,,1,Mitchell,,
NZL,New Zealand,1956,20.30799,,,,,,20.30799,,,,1,Mitchell,,
NZL,New Zealand,2002,25.38439,,,,,28.770812,25.38439,,,,1,Mitchell,,
NZL,New Zealand,1957,17.98561,,,,,,17.98561,,,,1,Mitchell,,
NZL,New Zealand,1987,22.94518,,,,,,22.94518,,,,1,Mitchell,,
NZL,New Zealand,1971,20.0611,,,,,,20.0611,,,,1,Mitchell,,
NZL,New Zealand,1996,28.53438,,,,,,28.53438,,,,1,Mitchell,,
NZL,New Zealand,1963,18.63734,,,,,,18.63734,,,,1,Mitchell,,
NZL,New Zealand,1982,28.67146,,,,,,28.67146,,,,1,Mitchell,,
NZL,New Zealand,1992,28.30194,,,,,,28.30194,,,,1,Mitchell,,
NZL,New Zealand,1952,23.29843,,,,,,23.29843,,,,1,Mitchell,,
NZL,New Zealand,1955,20.60606,,,,,,20.60606,,,,1,Mitchell,,
NZL,New Zealand,1986,27.76243,,,,,,27.76243,,,,1,Mitchell,,
NZL,New Zealand,1946,27.24868,,,,,,27.24868,,,,1,Mitchell,,
NZL,New Zealand,1954,22.47071,,,,,,22.47071,,,,1,Mitchell,,
NZL,New Zealand,2003,26.3875,,,,,30.003711,26.3875,,,,1,Mitchell,,
NZL,New Zealand,1990,31.62502,,,,,,31.62502,,,,1,Mitchell,,
NZL,New Zealand,1997,26.81393,,,,,,26.81393,,,,1,Mitchell,,
NZL,New Zealand,1970,20.93621,,,,,,20.93621,,,,1,Mitchell,,
NZL,New Zealand,1984,26.62752,,,,,,26.62752,,,,1,Mitchell,,
NZL,New Zealand,2005,28.06606,,,,,30.913658,28.06606,,,,1,Mitchell,,
NZL,New Zealand,1988,27.46623,,,,,,27.46623,,,,1,Mitchell,,
NZL,New Zealand,1934,12.52336,,,,,,12.52336,,,,1,Mitchell,,
NZL,New Zealand,1936,12.08861,,,,,,12.08861,,,,1,Mitchell,,
NZL,New Zealand,1993,24.05781,,,,,,24.05781,,,,1,Mitchell,,
NZL,New Zealand,1980,27.39833,,,,,,27.39833,,,,1,Mitchell,,
NZL,New Zealand,1978,25.48054,,,,,,25.48054,,,,1,Mitchell,,
NZL,New Zealand,2007,29.82605,,,,,,29.82605,,,,1,Mitchell,,
NZL,New Zealand,1983,26.35168,,,,,,26.35168,,,,1,Mitchell,,
NZL,New Zealand,1969,19.34164,,,,,,19.34164,,,,1,Mitchell,,
NZL,New Zealand,1940,16.9469,,,,,,16.9469,,,,1,Mitchell,,
NZL,New Zealand,2006,29.70256,,,,,,29.70256,,,,1,Mitchell,,
NZL,New Zealand,1935,12.24,,,,,,12.24,,,,1,Mitchell,,
NZL,New Zealand,1998,27.45528,,,,,,27.45528,,,,1,Mitchell,,
NZL,New Zealand,1938,12.84946,,,,,,12.84946,,,,1,Mitchell,,
NZL,New Zealand,1947,21.72131,,,,,,21.72131,,,,1,Mitchell,,
NZL,New Zealand,1968,19.86024,,,,,,19.86024,,,,1,Mitchell,,
NZL,New Zealand,1933,11.18812,,,,,,11.18812,,,,1,Mitchell,,
NZL,New Zealand,1994,27.9747,,,,,,27.9747,,,,1,Mitchell,,
NZL,New Zealand,1944,19.8452,,,,,,19.8452,,,,1,Mitchell,,
NZL,New Zealand,1985,27.53348,,,,,,27.53348,,,,1,Mitchell,,
NZL,New Zealand,1953,22.72189,,,,,,22.72189,,,,1,Mitchell,,
NZL,New Zealand,1966,20.67343,,,,,,20.67343,,,,1,Mitchell,,
NZL,New Zealand,1959,19.58098,,,,,,19.58098,,,,1,Mitchell,,
NZL,New Zealand,1977,27.01122,,,,,,27.01122,,,,1,Mitchell,,
NZL,New Zealand,1999,25.13765,,,,,,25.13765,,,,1,Mitchell,,
NZL,New Zealand,1937,13.64162,,,,,,13.64162,,,,1,Mitchell,,
NZL,New Zealand,1961,21.27201,,,,,,21.27201,,,,1,Mitchell,,
PAK,Pakistan,1955,3.995595,,,,,,3.995595,,,,1,Mitchell,,
PAK,Pakistan,1991,8.609666,,,,,,8.609666,,,,1,Mitchell,,
PAK,Pakistan,1975,7.392308,,,,,8.2285672,7.392308,,,,1,Mitchell,,
PAK,Pakistan,1965,3.988889,,,,,,3.988889,,,,1,Mitchell,,
PAK,Pakistan,1979,11.76068,,,,,9.3569065,11.76068,,,,1,Mitchell,,
PAK,Pakistan,1959,3.707937,,,,,,3.707937,,,,1,Mitchell,,
PAK,Pakistan,2000,5.953072,,,,,9.3608727,5.953072,,,,1,Mitchell,,
PAK,Pakistan,1990,9.784314,,,,,,9.784314,,,,1,Mitchell,,
PAK,Pakistan,1969,5.594315,,,,,,5.594315,,,,1,Mitchell,,
PAK,Pakistan,1970,8.39604,,,,,,8.39604,,,,1,Mitchell,,
PAK,Pakistan,1962,3.692507,,,,,,3.692507,,,,1,Mitchell,,
PAK,Pakistan,1974,7.882883,,,,,8.8169525,7.882883,,,,1,Mitchell,,
PAK,Pakistan,1972,7.93722,,,,,,7.93722,,,,1,Mitchell,,
PAK,Pakistan,1989,10.28037,,,,,10.537937,10.28037,,,,1,Mitchell,,
PAK,Pakistan,2001,5.680999,,,,,,5.680999,,,,1,Mitchell,,
PAK,Pakistan,1999,6.626609,,,,,10.047598,6.626609,,,,1,Mitchell,,
PAK,Pakistan,1980,11.41367,,,,,10.207152,11.41367,,,,1,Mitchell,,
PAK,Pakistan,1961,3.89589,,,,,,3.89589,,,,1,Mitchell,,
PAK,Pakistan,1987,9.911111,,,,,,9.911111,,,,1,Mitchell,,
PAK,Pakistan,1986,9.86014,,,,,10.344682,9.86014,,,,1,Mitchell,,
PAK,Pakistan,1973,8.550057,,,,,7.9463361,8.550057,,,,1,Mitchell,,
PAK,Pakistan,2003,5.401203,,,,,,5.401203,,,,1,Mitchell,,
PAK,Pakistan,1971,7.578558,,,,,,7.578558,,,,1,Mitchell,,
PAK,Pakistan,2005,5.387905,,,,,,5.387905,,,,1,Mitchell,,
PAK,Pakistan,1995,7.706032,,,,,,7.706032,,,,1,Mitchell,,
PAK,Pakistan,1956,3.105263,,,,,,3.105263,,,,1,Mitchell,,
PAK,Pakistan,1968,5.314166,,,,,,5.314166,,,,1,Mitchell,,
PAK,Pakistan,1996,8.019288,,,,,,8.019288,,,,1,Mitchell,,
PAK,Pakistan,1958,4.128572,,,,,,4.128572,,,,1,Mitchell,,
PAK,Pakistan,1998,7.192768,,,,,9.7909944,7.192768,,,,1,Mitchell,,
PAK,Pakistan,1953,3.077626,,,,,,3.077626,,,,1,Mitchell,,
PAK,Pakistan,1993,8.090017,,,,,,8.090017,,,,1,Mitchell,,
PAK,Pakistan,1966,4.646003,,,,,,4.646003,,,,1,Mitchell,,
PAK,Pakistan,1967,4.735069,,,,,,4.735069,,,,1,Mitchell,,
PAK,Pakistan,1992,9.013514,,,,,,9.013514,,,,1,Mitchell,,
PAK,Pakistan,1964,4.196754,,,,,,4.196754,,,,1,Mitchell,,
PAK,Pakistan,1977,9.903409,,,,,8.707414,9.903409,,,,1,Mitchell,,
PAK,Pakistan,1984,10.12076,,,,,10.187571,10.12076,,,,1,Mitchell,,
PAK,Pakistan,1985,10.56116,,,,,9.4667443,10.56116,,,,1,Mitchell,,
PAK,Pakistan,2002,5.520218,,,,,,5.520218,,,,1,Mitchell,,
PAK,Pakistan,1978,10.44103,,,,,9.3512745,10.44103,,,,1,Mitchell,,
PAK,Pakistan,1976,7.506667,,,,,8.6741506,7.506667,,,,1,Mitchell,,
PAK,Pakistan,2007,5.401577,,,,,,5.401577,,,,1,Mitchell,,
PAK,Pakistan,1988,9.844156,,,,,10.112961,9.844156,,,,1,Mitchell,,
PAK,Pakistan,1960,3.600575,,,,,,3.600575,,,,1,Mitchell,,
PAK,Pakistan,1957,3.010563,,,,,,3.010563,,,,1,Mitchell,,
PAK,Pakistan,1963,3.913043,,,,,,3.913043,,,,1,Mitchell,,
PAK,Pakistan,1982,10.83791,,,,,9.7347622,10.83791,,,,1,Mitchell,,
PAK,Pakistan,1950,4.6875,,,,,,4.6875,,,,1,Mitchell,,
PAK,Pakistan,1997,7.487387,,,,,9.7248865,7.487387,,,,1,Mitchell,,
PAK,Pakistan,1981,10.83642,,,,,10.391766,10.83642,,,,1,Mitchell,,
PAK,Pakistan,2004,5.259353,,,,,,5.259353,,,,1,Mitchell,,
PAK,Pakistan,1954,3.424528,,,,,,3.424528,,,,1,Mitchell,,
PAK,Pakistan,2006,3.920706,,,,,,3.920706,,,,1,Mitchell,,
PAK,Pakistan,1994,6.780888,,,,,,6.780888,,,,1,Mitchell,,
PAK,Pakistan,1983,10.90952,,,,,9.8189693,10.90952,,,,1,Mitchell,,
PAK,Pakistan,1952,4.151376,,,,,,4.151376,,,,1,Mitchell,,
PAK,Pakistan,1951,4.733333,,,,,,4.733333,,,,1,Mitchell,,
PER,Peru,1993,,,,,,,,,,,1,IMF_GFS,,
PER,Peru,1947,7.056925,,,,,,7.056925,,,,1,Mitchell,,
PER,Peru,1972,7.152543,,,,,,7.152543,,,,1,Mitchell,,
PER,Peru,1977,7.088847,,,,,,7.088847,,,,1,Mitchell,,
PER,Peru,1976,7.058824,,,,,,7.058824,,,,1,Mitchell,,
PER,Peru,1953,6.558951,,,,,,6.558951,,,,1,Mitchell,,
PER,Peru,1944,5.693392,,,,,,5.693392,,,,1,Mitchell,,
PER,Peru,1952,6.679245,,,,,,6.679245,,,,1,Mitchell,,
PER,Peru,2004,13.79916,,,,,13.79916,,,,,1,IMF_GFS,,
PER,Peru,2019,14.27543,,,,,14.275429,,,,,1,IMF_GFS,,
PER,Peru,2017,12.88735,,,,,12.88735,,,,,1,IMF_GFS,,
PER,Peru,1989,2.481739,,,,,,2.481739,,,,1,Mitchell,,
PER,Peru,2008,16.42199,,,,,16.421988,,,,,1,IMF_GFS,,
PER,Peru,1956,9.260606,,,,,,9.260606,,,,1,Mitchell,,
PER,Peru,1995,14.24034,,,,,14.240337,,,,,1,IMF_GFS,,
PER,Peru,1961,6.025039,,,,,,6.025039,,,,1,Mitchell,,
PER,Peru,1975,9.454545,,,,,,9.454545,,,,1,Mitchell,,
PER,Peru,1985,5.449736,,,,,,5.449736,,,,1,Mitchell,,
PER,Peru,1982,6.724138,,,,,,6.724138,,,,1,Mitchell,,
PER,Peru,2014,16.55004,,,,,16.550038,,,,,1,IMF_GFS,,
PER,Peru,1949,5.35685,,,,,,5.35685,,,,1,Mitchell,,
PER,Peru,2003,13.45928,,,,,13.459275,,,,,1,IMF_GFS,,
PER,Peru,1978,7.449345,,,,,,7.449345,,,,1,Mitchell,,
PER,Peru,2000,12.9472,,,,,12.947197,,,,,1,IMF_GFS,,
PER,Peru,1973,7.130919,,,,,,7.130919,,,,1,Mitchell,,
PER,Peru,1997,14.89442,,,,,14.894424,,,,,1,IMF_GFS,,
PER,Peru,1979,8.366762,,,,,,8.366762,,,,1,Mitchell,,
PER,Peru,1958,6.799007,,,,,,6.799007,,,,1,Mitchell,,
PER,Peru,1988,3.701196,,,,,,3.701196,,,,1,Mitchell,,
PER,Peru,2010,15.3198,,,,,15.3198,,,,,1,IMF_GFS,,
PER,Peru,1974,8.482142,,,,,,8.482142,,,,1,Mitchell,,
PER,Peru,1942,4.72973,,,,,,4.72973,,,,1,Mitchell,,
PER,Peru,2006,15.88655,,,,,15.886555,,,,,1,IMF_GFS,,
PER,Peru,1946,7.068607,,,,,,7.068607,,,,1,Mitchell,,
PER,Peru,1971,8.219698,,,,,,8.219698,,,,1,Mitchell,,
PER,Peru,1943,5.985807,,,,,,5.985807,,,,1,Mitchell,,
PER,Peru,1962,5.63079,,,,,,5.63079,,,,1,Mitchell,,
PER,Peru,2007,16.40747,,,,,16.407468,,,,,1,IMF_GFS,,
PER,Peru,1984,5.178779,,,,,,5.178779,,,,1,Mitchell,,
PER,Peru,1950,7.317881,,,,,,7.317881,,,,1,Mitchell,,
PER,Peru,1954,8.802974,,,,,,8.802974,,,,1,Mitchell,,
PER,Peru,2016,13.53397,,,,,13.533969,,,,,1,IMF_GFS,,
PER,Peru,1959,6.660337,,,,,,6.660337,,,,1,Mitchell,,
PER,Peru,1945,5.499439,,,,,,5.499439,,,,1,Mitchell,,
PER,Peru,1987,4.196676,,,,,,4.196676,,,,1,Mitchell,,
PER,Peru,1966,6.861314,,,,,,6.861314,,,,1,Mitchell,,
PER,Peru,1980,10.21703,,,,,,10.21703,,,,1,Mitchell,,
PER,Peru,1969,9.090909,,,,,,9.090909,,,,1,Mitchell,,
PER,Peru,2009,14.34921,,,,,14.349206,,,,,1,IMF_GFS,,
PER,Peru,1964,7.178904,,,,,,7.178904,,,,1,Mitchell,,
PER,Peru,1957,9.204986,,,,,,9.204986,,,,1,Mitchell,,
PER,Peru,1955,9.057433,,,,,,9.057433,,,,1,Mitchell,,
PER,Peru,1999,13.39544,,,,,13.39544,,,,,1,IMF_GFS,,
PER,Peru,1986,5.944445,,,,,,5.944445,,,,1,Mitchell,,
PER,Peru,1992,3.023318,,,,,,3.023318,,,,1,Mitchell,1,1
PER,Peru,1998,14.66338,,,,,14.663381,,,,,1,IMF_GFS,,
PER,Peru,2001,13.15307,,,,,13.153066,,,,,1,IMF_GFS,,
PER,Peru,2002,12.68122,,,,,12.68122,,,,,1,IMF_GFS,,
PER,Peru,1965,7.304348,,,,,,7.304348,,,,1,Mitchell,,
PER,Peru,1968,9.301076,,,,,,9.301076,,,,1,Mitchell,,
PER,Peru,2005,14.45631,,,,,14.456307,,,,,1,IMF_GFS,,
PER,Peru,2011,16.04661,,,,,16.04661,,,,,1,IMF_GFS,,
PER,Peru,2012,16.50897,,,,,16.508967,,,,,1,IMF_GFS,,
PER,Peru,1983,5.082803,,,,,,5.082803,,,,1,Mitchell,,
PER,Peru,2013,16.31588,,,,,16.315881,,,,,1,IMF_GFS,,
PER,Peru,1990,2.179355,,,,,,2.179355,,,,1,Mitchell,,
PER,Peru,2018,14.01973,,,,,14.019731,,,,,1,IMF_GFS,,
PER,Peru,1981,7.556603,,,,,,7.556603,,,,1,Mitchell,,
PER,Peru,1967,8.980892,,,,,,8.980892,,,,1,Mitchell,,
PER,Peru,1991,2.271071,,,,,,2.271071,,,,1,Mitchell,,
PER,Peru,1960,6.194244,,,,,,6.194244,,,,1,Mitchell,,
PER,Peru,2015,14.7438,,,,,14.743799,,,,,1,IMF_GFS,,
PER,Peru,1963,6.357052,,,,,,6.357052,,,,1,Mitchell,,
PER,Peru,1948,5.878943,,,,,,5.878943,,,,1,Mitchell,,
PER,Peru,1996,14.72043,,,,,14.720434,,,,,1,IMF_GFS,,
PER,Peru,1994,,,,,,,,,,,1,IMF_GFS,,
PER,Peru,1951,7.778894,,,,,,7.778894,,,,1,Mitchell,,
PER,Peru,2020,12.93554,,,,,12.935538,,,,,1,IMF_GFS,,
PER,Peru,2021,15.95327,,,,,15.953275,,,,,1,IMF_GFS,,
PER,Peru,1970,9.045643,,,,,,9.045643,,,,1,Mitchell,,
PHL,Philippines,2012,12.29976,,,,,12.299759,,,,,1,IMF_GFS,,
PHL,Philippines,2020,13.94797,,,,,13.947969,,,,,1,IMF_GFS,,
PHL,Philippines,2015,13.01675,,,,,13.016753,,,,,1,IMF_GFS,,
PHL,Philippines,2014,13.01077,,,,,13.010769,,,,,1,IMF_GFS,,
PHL,Philippines,2019,14.48788,,,,,14.487884,,,,,1,IMF_GFS,,
PHL,Philippines,2016,13.08388,,,,,13.083875,,,,,1,IMF_GFS,,
PHL,Philippines,2013,12.7385,,,,,12.738499,,,,,1,IMF_GFS,,
PHL,Philippines,2022,14.6174,,,,,14.617404,,,,,1,IMF_GFS,,
PHL,Philippines,2021,14.12765,,,,,14.127648,,,,,1,IMF_GFS,,
PHL,Philippines,2023,14.10145,,,,,14.101451,,,,,1,IMF_GFS,,
PHL,Philippines,2017,13.5914,,,,,13.591397,,,,,1,IMF_GFS,,
PHL,Philippines,2018,14.04401,,,,,14.04401,,,,,1,IMF_GFS,,
PLW,Palau,2015,19.51581,,,,,19.515809,,,,,1,IMF_GFS,,
PLW,Palau,2012,18.35855,,,,,18.358554,,,,,1,IMF_GFS,,
PLW,Palau,2018,21.11659,,,,,21.116594,,,,,1,IMF_GFS,,
PLW,Palau,2019,18.8282,,,,,18.828202,,,,,1,IMF_GFS,,
PLW,Palau,2017,19.83903,,,,,19.839027,,,,,1,IMF_GFS,,
PLW,Palau,2008,16.8522,,,,,16.852196,,,,,1,IMF_GFS,,
PLW,Palau,2009,16.00602,,,,,16.006021,,,,,1,IMF_GFS,,
PLW,Palau,2013,18.50253,,,,,18.502526,,,,,1,IMF_GFS,,
PLW,Palau,2016,19.70788,,,,,19.707876,,,,,1,IMF_GFS,,
PLW,Palau,2014,19.35705,,,,,19.357047,,,,,1,IMF_GFS,,
PLW,Palau,2010,17.10204,,,,,17.102044,,,,,1,IMF_GFS,,
PLW,Palau,2011,17.92498,,,,,17.924983,,,,,1,IMF_GFS,,
POL,Poland,2013,16.6,,,,16.6,15.74774,,,,,1,EUS,,
POL,Poland,1996,22.4,,,,22.4,22.097342,,,,,1,EUS,,
POL,Poland,2023,18.8,,,,18.8,17.974852,,,,,1,EUS,,
POL,Poland,2007,18.9,,,,18.9,18.086529,,,,,1,EUS,,
POL,Poland,2009,16.9,,,,16.9,16.0519,,,,,1,EUS,,
POL,Poland,2012,16.9,,,,16.9,16.09957,,,,,1,EUS,,
POL,Poland,1998,20.9,,,,20.9,20.320691,,,,,1,EUS,,
POL,Poland,2020,18.1,,,,18.1,17.477819,,,,,1,EUS,,
POL,Poland,2010,17.4,,,,17.4,16.620975,,,,,1,EUS,,
POL,Poland,2001,16.9,,,,16.9,16.06517,,,,,1,EUS,,
POL,Poland,2014,16.6,,,,16.6,15.715718,,,,,1,EUS,,
POL,Poland,1997,21.7,,,,21.7,21.1564,,,,,1,EUS,,
POL,Poland,2005,17.3,,,,17.3,16.4738,,,,,1,EUS,,
POL,Poland,2015,16.5,,,,16.5,15.709904,,,,,1,EUS,,
POL,Poland,2016,17.1,,,,17.1,16.320591,,,,,1,EUS,,
POL,Poland,2022,17.8,,,,17.8,17.203372,,,,,1,EUS,,
POL,Poland,2024,18.2,,,,18.2,,,,,,1,EUS,,
POL,Poland,1999,18.9,,,,18.9,18.268214,,,,,1,EUS,,
POL,Poland,2006,18,,,,18,17.155098,,,,,1,EUS,,
POL,Poland,2017,17.6,,,,17.6,16.854096,,,,,1,EUS,,
POL,Poland,2019,17.9,,,,17.9,17.331283,,,,,1,EUS,,
POL,Poland,2011,17.5,,,,17.5,16.780133,,,,,1,EUS,,
POL,Poland,1995,23.1,,,,23.1,22.844075,,,,,1,EUS,,
POL,Poland,2003,17.6,,,,17.6,16.721318,,,,,1,EUS,,
POL,Poland,2004,16.6,,,,16.6,15.689672,,,,,1,EUS,,
POL,Poland,2000,17.7,,,,17.7,17.020838,,,,,1,EUS,,
POL,Poland,2002,17.8,,,,17.8,16.840761,,,,,1,EUS,,
POL,Poland,2018,18,,,,18,17.355179,,,,,1,EUS,,
POL,Poland,2021,19.7,,,,19.7,19.118823,,,,,1,EUS,,
POL,Poland,2008,19.1,,,,19.1,18.267372,,,,,1,EUS,,
PRT,Portugal,1997,23.8,,,,23.8,20.189353,,,,,1,EUS,,
PRT,Portugal,1940,7.062239,,,,,,,,7.062239,,1,CS1,,
PRT,Portugal,1953,7.694133,,,,,,6.002033,,7.694133,,1,CS1,1,2
PRT,Portugal,1904,4.463438,,,,,,,,4.463438,,1,CS1,,
PRT,Portugal,2000,24.3,,,,24.3,20.817157,,,,,1,EUS,,
PRT,Portugal,1964,5.875783,,,,,,5.875783,,,,1,Mitchell,,
PRT,Portugal,1959,6.24357,,,,,,6.24357,,,,1,Mitchell,,
PRT,Portugal,1925,5.457249,,,,,,,,5.457249,,1,CS1,,
PRT,Portugal,1913,4.631927,,,,,,,,4.631927,,1,CS1,,
PRT,Portugal,1849,,,,,,,,,,,1,CS1,,
PRT,Portugal,1912,4.282116,,,,,,,,4.282116,,1,CS1,,
PRT,Portugal,1875,3.361345,,,,,,,,3.361345,,1,CS1,,
PRT,Portugal,1858,2.932551,,,,,,,,2.932551,,1,CS1,,
PRT,Portugal,1996,24,,,,24,20.443582,,,,,1,EUS,,
PRT,Portugal,1874,3.374778,,,,,,,,3.374778,,1,CS1,,
PRT,Portugal,1944,7.170433,,,,,,,,7.170433,,1,CS1,,
PRT,Portugal,1905,4.532578,,,,,,,,4.532578,,1,CS1,,
PRT,Portugal,1865,3.496504,,,,,,,,3.496504,,1,CS1,,
PRT,Portugal,1952,7.750775,,,,,,,,7.750775,,1,CS1,,
PRT,Portugal,1915,3.807947,,,,,,,,3.807947,,1,CS1,,
PRT,Portugal,1867,3.023256,,,,,,,,3.023256,,1,CS1,,
PRT,Portugal,1979,11.63142,,,,,,11.63142,,,,1,Mitchell,,
PRT,Portugal,1863,3.233831,,,,,,,,3.233831,,1,CS1,,
PRT,Portugal,1985,13.66061,,,,,,13.66061,,,,1,Mitchell,,
PRT,Portugal,1938,7.568361,,,,,,,,7.568361,,1,CS1,,
PRT,Portugal,1931,7.498306,,,,,,,,7.498306,,1,CS1,,
PRT,Portugal,1999,24.1,,,,24.1,20.880382,,,,,1,EUS,,
PRT,Portugal,1886,3.663501,,,,,,,,3.663501,,1,CS1,,
PRT,Portugal,1998,23.7,,,,23.7,20.317768,,,,,1,EUS,,
PRT,Portugal,1894,4.431818,,,,,,,,4.431818,,1,CS1,,
PRT,Portugal,2010,23.7,,,,23.7,19.819543,,,,,1,EUS,,
PRT,Portugal,1933,7.525639,,,,,,,,7.525639,,1,CS1,,
PRT,Portugal,1956,6.254355,,,,,,6.254355,,,,1,Mitchell,,
PRT,Portugal,1873,3.219697,,,,,,,,3.219697,,1,CS1,,
PRT,Portugal,1852,3,,,,,,,,3,,1,CS1,,
PRT,Portugal,2020,25.2,,,,25.2,22.214913,,,,,1,EUS,,
PRT,Portugal,1949,7.586576,,,,,,,,7.586576,,1,CS1,,
PRT,Portugal,1869,3.076923,,,,,,,,3.076923,,1,CS1,,
PRT,Portugal,1930,7.792926,,,,,,,,7.792926,,1,CS1,,
PRT,Portugal,1947,7.215001,,,,,,,,7.215001,,1,CS1,,
PRT,Portugal,1974,7.56213,,,,,,7.56213,,,,1,Mitchell,,
PRT,Portugal,1981,13.60426,,,,,,13.60426,,,,1,Mitchell,,
PRT,Portugal,1963,6.12754,,,,,,6.12754,,,,1,Mitchell,,
PRT,Portugal,2008,24.8,,,,24.8,20.985967,,,,,1,EUS,,
PRT,Portugal,1967,7.529771,,,,,,7.529771,,,,1,Mitchell,,
PRT,Portugal,1942,6.930316,,,,,,,,6.930316,,1,CS1,,
PRT,Portugal,1871,3.198294,,,,,,,,3.198294,,1,CS1,,
PRT,Portugal,1837,2.941176,,,,,,,,2.941176,,1,CS1,,
PRT,Portugal,1918,2.820956,,,,,,,,2.820956,,1,CS1,,
PRT,Portugal,1919,2.873821,,,,,,,,2.873821,,1,CS1,,
PRT,Portugal,1908,4.464286,,,,,,,,4.464286,,1,CS1,,
PRT,Portugal,1917,3.49406,,,,,,,,3.49406,,1,CS1,,
PRT,Portugal,1900,4.317959,,,,,,,,4.317959,,1,CS1,,
PRT,Portugal,1842,2.880658,,,,,,,,2.880658,,1,CS1,,
PRT,Portugal,1884,3.687316,,,,,,,,3.687316,,1,CS1,,
PRT,Portugal,1901,4.527163,,,,,,,,4.527163,,1,CS1,,
PRT,Portugal,1876,3.505843,,,,,,,,3.505843,,1,CS1,,
PRT,Portugal,1890,3.950617,,,,,,,,3.950617,,1,CS1,,
PRT,Portugal,1950,7.583294,,,,,,6.306733,,7.583294,,1,CS1,,
PRT,Portugal,1957,6.294509,,,,,,6.294509,,,,1,Mitchell,,
PRT,Portugal,1989,,,,,,,,,,,1,EUS,,
PRT,Portugal,1859,3.197675,,,,,,,,3.197675,,1,CS1,,
PRT,Portugal,1840,3.5,,,,,,,,3.5,,1,CS1,,
PRT,Portugal,1843,2.8,,,,,,,,2.8,,1,CS1,,
PRT,Portugal,1920,2.821417,,,,,,,,2.821417,,1,CS1,,
PRT,Portugal,1923,3.451984,,,,,,,,3.451984,,1,CS1,,
PRT,Portugal,1839,3.535353,,,,,,,,3.535353,,1,CS1,,
PRT,Portugal,1898,4.136505,,,,,,,,4.136505,,1,CS1,,
PRT,Portugal,1990,,,,,,,,,,,1,EUS,,
PRT,Portugal,1881,3.470031,,,,,,,,3.470031,,1,CS1,,
PRT,Portugal,1978,11.24524,,,,,,11.24524,,,,1,Mitchell,,
PRT,Portugal,2006,25.1,,,,25.1,21.020704,,,,,1,EUS,,
PRT,Portugal,1910,4.434783,,,,,,,,4.434783,,1,CS1,,
PRT,Portugal,2018,25.7,,,,25.7,22.70608,,,,,1,EUS,,
PRT,Portugal,1851,,,,,,,,,,,1,CS1,,
PRT,Portugal,1903,4.356244,,,,,,,,4.356244,,1,CS1,,
PRT,Portugal,1976,11.15385,,,,,,11.15385,,,,1,Mitchell,,
PRT,Portugal,1878,3.594771,,,,,,,,3.594771,,1,CS1,,
PRT,Portugal,1971,7.862814,,,,,,7.862814,,,,1,Mitchell,,
PRT,Portugal,1838,3.030303,,,,,,,,3.030303,,1,CS1,,
PRT,Portugal,1932,7.596883,,,,,,,,7.596883,,1,CS1,,
PRT,Portugal,2015,26.3,,,,26.3,22.934656,,,,,1,EUS,,
PRT,Portugal,1902,4.308617,,,,,,,,4.308617,,1,CS1,,
PRT,Portugal,1887,3.846154,,,,,,,,3.846154,,1,CS1,,
PRT,Portugal,1928,5.857855,,,,,,,,5.857855,,1,CS1,,
PRT,Portugal,1993,,,,,,,,,,,1,EUS,,
PRT,Portugal,1924,4.574302,,,,,,,,4.574302,,1,CS1,,
PRT,Portugal,2009,23.1,,,,23.1,19.001048,,,,,1,EUS,,
PRT,Portugal,1943,6.760928,,,,,,,,6.760928,,1,CS1,,
PRT,Portugal,1958,6.340872,,,,,,6.340872,,,,1,Mitchell,,
PRT,Portugal,2007,25.1,,,,25.1,21.262867,,,,,1,EUS,,
PRT,Portugal,1914,4.69442,,,,,,,,4.69442,,1,CS1,,
PRT,Portugal,2019,25.2,,,,25.2,22.344021,,,,,1,EUS,,
PRT,Portugal,1935,11.61321,,,,,,,,11.61321,,1,CS1,,
PRT,Portugal,2017,25.7,,,,25.7,22.463081,,,,,1,EUS,,
PRT,Portugal,1909,4.397537,,,,,,,,4.397537,,1,CS1,,
PRT,Portugal,2014,26.4,,,,26.4,22.791668,,,,,1,EUS,,
PRT,Portugal,1995,23.4,,,,23.4,19.628245,,,,,1,EUS,,
PRT,Portugal,1862,3.092783,,,,,,,,3.092783,,1,CS1,,
PRT,Portugal,2022,25.7,,,,25.7,23.232482,,,,,1,EUS,,
PRT,Portugal,1861,3.005465,,,,,,,,3.005465,,1,CS1,,
PRT,Portugal,1846,,,,,,,,,,,1,CS1,,
PRT,Portugal,1853,3.378378,,,,,,,,3.378378,,1,CS1,,
PRT,Portugal,1855,3.246753,,,,,,,,3.246753,,1,CS1,,
PRT,Portugal,1916,3.398409,,,,,,,,3.398409,,1,CS1,,
PRT,Portugal,1941,6.580805,,,,,,,,6.580805,,1,CS1,,
PRT,Portugal,2021,25.1,,,,25.1,22.23048,,,,,1,EUS,,
PRT,Portugal,1879,4.026845,,,,,,,,4.026845,,1,CS1,,
PRT,Portugal,1883,3.543914,,,,,,,,3.543914,,1,CS1,,
PRT,Portugal,1975,10.21277,,,,,,10.21277,,,,1,Mitchell,,
PRT,Portugal,1895,4.081633,,,,,,,,4.081633,,1,CS1,,
PRT,Portugal,1897,4.22833,,,,,,,,4.22833,,1,CS1,,
PRT,Portugal,1972,7.520779,,,,,,7.520779,,,,1,Mitchell,,
PRT,Portugal,1946,7.017544,,,,,,,,7.017544,,1,CS1,,
PRT,Portugal,1860,2.890173,,,,,,,,2.890173,,1,CS1,,
PRT,Portugal,1911,4.413063,,,,,,,,4.413063,,1,CS1,,
PRT,Portugal,1980,12.19745,,,,,,12.19745,,,,1,Mitchell,,
PRT,Portugal,1889,3.936039,,,,,,,,3.936039,,1,CS1,,
PRT,Portugal,2016,25.8,,,,25.8,22.486413,,,,,1,EUS,,
PRT,Portugal,1857,2.985075,,,,,,,,2.985075,,1,CS1,,
PRT,Portugal,1850,,,,,,,,,,,1,CS1,,
PRT,Portugal,2004,24.2,,,,24.2,19.92056,,,,,1,EUS,,
PRT,Portugal,1888,4.010025,,,,,,,,4.010025,,1,CS1,,
PRT,Portugal,1841,2.690583,,,,,,,,2.690583,,1,CS1,,
PRT,Portugal,1966,6.438461,,,,,,6.438461,,,,1,Mitchell,,
PRT,Portugal,1868,3.174603,,,,,,,,3.174603,,1,CS1,,
PRT,Portugal,1970,8.555367,,,,,,8.555367,,,,1,Mitchell,,
PRT,Portugal,1991,,,,,,,,,,,1,EUS,,
PRT,Portugal,1882,3.846154,,,,,,,,3.846154,,1,CS1,,
PRT,Portugal,2011,25.1,,,,25.1,21.293581,,,,,1,EUS,,
PRT,Portugal,1926,5.738225,,,,,,,,5.738225,,1,CS1,,
PRT,Portugal,1948,7.326023,,,,,,,,7.326023,,1,CS1,,
PRT,Portugal,1877,3.425775,,,,,,,,3.425775,,1,CS1,,
PRT,Portugal,2001,23.9,,,,23.9,20.473843,,,,,1,EUS,,
PRT,Portugal,2003,23.9,,,,23.9,19.830319,,,,,1,EUS,,
PRT,Portugal,1973,6.97331,,,,,,6.97331,,,,1,Mitchell,,
PRT,Portugal,1984,13.68963,,,,,,13.68963,,,,1,Mitchell,,
PRT,Portugal,1893,4.069767,,,,,,,,4.069767,,1,CS1,,
PRT,Portugal,1854,3.050848,,,,,,,,3.050848,,1,CS1,,
PRT,Portugal,1987,13.19339,,,,,,13.19339,,,,1,Mitchell,1,2
PRT,Portugal,1965,6.252337,,,,,,6.252337,,,,1,Mitchell,,
PRT,Portugal,1992,,,,,,,,,,,1,EUS,,
PRT,Portugal,1951,7.461646,,,,,,,,7.461646,,1,CS1,,
PRT,Portugal,1922,2.821726,,,,,,,,2.821726,,1,CS1,,
PRT,Portugal,2023,25.1,,,,25.1,22.941563,,,,,1,EUS,,
PRT,Portugal,1899,4.149797,,,,,,,,4.149797,,1,CS1,,
PRT,Portugal,1870,3.191489,,,,,,,,3.191489,,1,CS1,,
PRT,Portugal,1907,4.288321,,,,,,,,4.288321,,1,CS1,,
PRT,Portugal,1872,3.219316,,,,,,,,3.219316,,1,CS1,,
PRT,Portugal,1962,6.186522,,,,,,6.186522,,,,1,Mitchell,,
PRT,Portugal,1988,,,,,,,,,,,1,EUS,,
PRT,Portugal,1927,5.911105,,,,,,,,5.911105,,1,CS1,,
PRT,Portugal,1936,7.560266,,,,,,,,7.560266,,1,CS1,,
PRT,Portugal,1994,,,,,,,,,,,1,EUS,,
PRT,Portugal,2012,24.1,,,,24.1,20.939893,,,,,1,EUS,,
PRT,Portugal,1929,7.111899,,,,,,,,7.111899,,1,CS1,,
PRT,Portugal,1845,,,,,,,,,,,1,CS1,,
PRT,Portugal,1847,,,,,,,,,,,1,CS1,,
PRT,Portugal,1844,3.11284,,,,,,,,3.11284,,1,CS1,,
PRT,Portugal,1856,3.08642,,,,,,,,3.08642,,1,CS1,,
PRT,Portugal,1954,6.245544,,,,,,6.245544,,,,1,Mitchell,,
PRT,Portugal,1977,11.67732,,,,,,11.67732,,,,1,Mitchell,,
PRT,Portugal,1885,3.714286,,,,,,,,3.714286,,1,CS1,,
PRT,Portugal,2002,24.4,,,,24.4,20.783823,,,,,1,EUS,,
PRT,Portugal,1969,7.669753,,,,,,7.669753,,,,1,Mitchell,,
PRT,Portugal,1955,6.32397,,,,,,6.32397,,,,1,Mitchell,,
PRT,Portugal,1906,4.494382,,,,,,,,4.494382,,1,CS1,,
PRT,Portugal,1921,3.385013,,,,,,,,3.385013,,1,CS1,,
PRT,Portugal,1968,7.461905,,,,,,7.461905,,,,1,Mitchell,,
PRT,Portugal,1986,13.9276,,,,,,13.9276,,,,1,Mitchell,,
PRT,Portugal,1934,7.48984,,,,,,,,7.48984,,1,CS1,,
PRT,Portugal,1866,3.13253,,,,,,,,3.13253,,1,CS1,,
PRT,Portugal,2024,24.8,,,,24.8,,,,,,1,EUS,,
PRT,Portugal,1880,3.289474,,,,,,,,3.289474,,1,CS1,,
PRT,Portugal,1983,14.56994,,,,,,14.56994,,,,1,Mitchell,,
PRT,Portugal,1891,4.069051,,,,,,,,4.069051,,1,CS1,,
PRT,Portugal,2005,24.9,,,,24.9,20.452501,,,,,1,EUS,,
PRT,Portugal,1892,3.804994,,,,,,,,3.804994,,1,CS1,,
PRT,Portugal,1960,6.28453,,,,,,6.28453,,,,1,Mitchell,,
PRT,Portugal,1982,13.61081,,,,,,13.61081,,,,1,Mitchell,,
PRT,Portugal,1848,,,,,,,,,,,1,CS1,,
PRT,Portugal,1945,7.069957,,,,,,,,7.069957,,1,CS1,,
PRT,Portugal,2013,26.5,,,,26.5,22.79426,,,,,1,EUS,,
PRT,Portugal,1961,6.611902,,,,,,6.611902,,,,1,Mitchell,,
PRT,Portugal,1937,7.461414,,,,,,,,7.461414,,1,CS1,,
PRT,Portugal,1939,7.192278,,,,,,,,7.192278,,1,CS1,,
PRT,Portugal,1896,4.512067,,,,,,,,4.512067,,1,CS1,,
PRT,Portugal,1864,3.037383,,,,,,,,3.037383,,1,CS1,,
PRY,Paraguay,2015,9.642287,,,,,9.6422872,,,,,1,IMF_GFS,,
PRY,Paraguay,2018,10.07511,,,,,10.075112,,,,,1,IMF_GFS,,
PRY,Paraguay,2020,9.515,,,,,9.5150001,,,,,1,IMF_GFS,,
PRY,Paraguay,2012,9.457778,,,,,9.4577784,,,,,1,IMF_GFS,,
PRY,Paraguay,2013,8.929432,,,,,8.9294321,,,,,1,IMF_GFS,,
PRY,Paraguay,2011,9.366835,,,,,9.3668351,,,,,1,IMF_GFS,,
PRY,Paraguay,2006,8.350504,,,,,8.3505042,,,,,1,IMF_GFS,,
PRY,Paraguay,2007,7.837878,,,,,7.8378779,,,,,1,IMF_GFS,,
PRY,Paraguay,2010,8.871214,,,,,8.8712135,,,,,1,IMF_GFS,,
PRY,Paraguay,2009,8.327582,,,,,8.3275828,,,,,1,IMF_GFS,,
PRY,Paraguay,2008,8.094072,,,,,8.0940723,,,,,1,IMF_GFS,,
PRY,Paraguay,2014,9.745176,,,,,9.7451764,,,,,1,IMF_GFS,,
PRY,Paraguay,2017,9.958436,,,,,9.9584357,,,,,1,IMF_GFS,,
PRY,Paraguay,2016,9.559065,,,,,9.5590644,,,,,1,IMF_GFS,,
PRY,Paraguay,2021,9.794255,,,,,9.7942551,,,,,1,IMF_GFS,,
PRY,Paraguay,2005,8.264614,,,,,8.2646138,,,,,1,IMF_GFS,,
PRY,Paraguay,2023,10.177,,,,,10.176996,,,,,1,IMF_GFS,,
PRY,Paraguay,2019,9.995879,,,,,9.9958791,,,,,1,IMF_GFS,,
PRY,Paraguay,2022,10.26616,,,,,10.266159,,,,,1,IMF_GFS,,
PSE,Palestine,2017,5.740722,,,,,5.740722,,,,,1,IMF_GFS,,
PSE,Palestine,2007,4.38652,,,,,4.3865197,,,,,1,IMF_GFS,,
PSE,Palestine,2021,6.674679,,,,,6.6746791,,,,,1,IMF_GFS,,
PSE,Palestine,2020,6.057327,,,,,6.0573267,,,,,1,IMF_GFS,,
PSE,Palestine,2016,5.313936,,,,,5.313936,,,,,1,IMF_GFS,,
PSE,Palestine,2011,4.91354,,,,,4.91354,,,,,1,IMF_GFS,,
PSE,Palestine,2018,5.230897,,,,,5.2308976,,,,,1,IMF_GFS,,
PSE,Palestine,2014,5.192373,,,,,5.1923731,,,,,1,IMF_GFS,,
PSE,Palestine,2008,4.618915,,,,,4.6189153,,,,,1,IMF_GFS,,
PSE,Palestine,2015,5.07609,,,,,5.0760897,,,,,1,IMF_GFS,,
PSE,Palestine,2009,4.690488,,,,,4.6904878,,,,,1,IMF_GFS,,
PSE,Palestine,2012,4.215189,,,,,4.2151885,,,,,1,IMF_GFS,,
PSE,Palestine,2019,5.199654,,,,,5.1996536,,,,,1,IMF_GFS,,
PSE,Palestine,2005,4.656947,,,,,4.6569467,,,,,1,IMF_GFS,,
PSE,Palestine,2010,5.01748,,,,,5.0174799,,,,,1,IMF_GFS,,
PSE,Palestine,2013,4.435992,,,,,4.4359916,,,,,1,IMF_GFS,,
PSE,Palestine,2006,4.223826,,,,,4.2238262,,,,,1,IMF_GFS,,
ROU,Romania,2005,18.2,,,,18.2,17.468057,,,,,1,EUS,,
ROU,Romania,2016,17.8,,,,17.8,16.930877,,,,,1,EUS,,
ROU,Romania,2021,16.4,,,,16.4,14.683523,,,,,1,EUS,,
ROU,Romania,2012,16.9,,,,16.9,16.865633,,,,,1,EUS,,
ROU,Romania,2009,16,,,,16,15.27283,,,,,1,EUS,,
ROU,Romania,2008,17.5,,,,17.5,16.785345,,,,,1,EUS,,
ROU,Romania,2017,16.4,,,,16.4,15.337116,,,,,1,EUS,,
ROU,Romania,2013,17.6,,,,17.6,17.593,,,,,1,EUS,,
ROU,Romania,1995,17.6,,,,17.6,18.153631,,,,,1,EUS,,
ROU,Romania,2006,18.6,,,,18.6,17.947057,,,,,1,EUS,,
ROU,Romania,2001,17.4,,,,17.4,16.633416,,,,,1,EUS,,
ROU,Romania,2011,17.3,,,,17.3,17.216303,,,,,1,EUS,,
ROU,Romania,2024,17.7,,,,17.7,,,,,,1,EUS,,
ROU,Romania,2014,17.7,,,,17.7,17.712331,,,,,1,EUS,,
ROU,Romania,2015,18.7,,,,18.7,18.690309,,,,,1,EUS,,
ROU,Romania,2010,17,,,,17,16.242681,,,,,1,EUS,,
ROU,Romania,2022,17.7,,,,17.7,15.659776,,,,,1,EUS,,
ROU,Romania,2007,18.3,,,,18.3,17.539526,,,,,1,EUS,,
ROU,Romania,2002,17.3,,,,17.3,16.4891,,,,,1,EUS,,
ROU,Romania,1996,16.4,,,,16.4,16.648176,,,,,1,EUS,,
ROU,Romania,1999,17.5,,,,17.5,17.018706,,,,,1,EUS,,
ROU,Romania,2019,15.8,,,,15.8,14.203945,,,,,1,EUS,,
ROU,Romania,2020,15.7,,,,15.7,13.8491,,,,,1,EUS,,
ROU,Romania,2000,18.3,,,,18.3,17.92376,,,,,1,EUS,,
ROU,Romania,2004,18,,,,18,17.421266,,,,,1,EUS,,
ROU,Romania,2018,15.7,,,,15.7,14.093612,,,,,1,EUS,,
ROU,Romania,1998,18.2,,,,18.2,17.356457,,,,,1,EUS,,
ROU,Romania,1997,17.3,,,,17.3,16.979894,,,,,1,EUS,,
ROU,Romania,2023,17,,,,17,,,,,,1,EUS,,
ROU,Romania,2003,18.3,,,,18.3,17.774764,,,,,1,EUS,,
RUS,Russian Federation,1966,40.28986,,,,,,40.28986,,,,1,Mitchell,,
RUS,Russian Federation,2012,13.75011,,,,,13.750111,,,,,1,IMF_GFS,,
RUS,Russian Federation,2008,14.7627,,,,,14.762702,,,,,1,IMF_GFS,,
RUS,Russian Federation,1997,,,,,,,,,,,1,IMF_GFS,,
RUS,Russian Federation,2014,13.25535,,,,,13.255351,,,,,1,IMF_GFS,,
RUS,Russian Federation,1937,,,,,,,,,,,1,Mitchell,,
RUS,Russian Federation,2019,10.9384,,,,,10.938399,,,,,1,IMF_GFS,,
RUS,Russian Federation,1939,,,,,,,,,,,1,Mitchell,,
RUS,Russian Federation,1954,,,,,,,,,,,1,Mitchell,,
RUS,Russian Federation,1960,38.27586,,,,,,38.27586,,,,1,Mitchell,,
RUS,Russian Federation,1951,,,,,,,,,,,1,Mitchell,,
RUS,Russian Federation,2007,15.44753,,,,,15.447535,,,,,1,IMF_GFS,,
RUS,Russian Federation,2017,10.28841,,,,,10.288411,,,,,1,IMF_GFS,,
RUS,Russian Federation,1963,39.34911,,,,,,39.34911,,,,1,Mitchell,,
RUS,Russian Federation,1970,40.10345,,,,,,40.10345,,,,1,Mitchell,,
RUS,Russian Federation,1945,,,,,,,,,,,1,Mitchell,,
RUS,Russian Federation,2023,12.37193,,,,,12.371926,,,,,1,IMF_GFS,,
RUS,Russian Federation,1976,41.68394,,,,,,41.68394,,,,1,Mitchell,,
RUS,Russian Federation,1956,38.59813,,,,,,38.59813,,,,1,Mitchell,,
RUS,Russian Federation,1981,44.74332,,,,,,44.74332,,,,1,Mitchell,,
RUS,Russian Federation,1931,6.813704,,,,,,6.813704,,,,1,Mitchell,,
RUS,Russian Federation,1943,,,,,,,,,,,1,Mitchell,,
RUS,Russian Federation,1933,3.707662,,,,,,3.707662,,,,1,Mitchell,,
RUS,Russian Federation,1993,,,,,,,,,,,1,IMF_GFS,,
RUS,Russian Federation,1938,4.444979,,,,,,4.444979,,,,1,Mitchell,,
RUS,Russian Federation,2006,15.41475,,,,,15.414749,,,,,1,IMF_GFS,,
RUS,Russian Federation,1948,,,,,,,,,,,1,Mitchell,,
RUS,Russian Federation,2001,,,,,,,,,,,1,IMF_GFS,,
RUS,Russian Federation,1988,40.71315,,,,,,40.71315,,,,1,Mitchell,,
RUS,Russian Federation,1975,42.61708,,,,,,42.61708,,,,1,Mitchell,,
RUS,Russian Federation,1936,,,,,,,,,,,1,Mitchell,,
RUS,Russian Federation,1982,43.90057,,,,,,43.90057,,,,1,Mitchell,,
RUS,Russian Federation,1974,40.96045,,,,,,40.96045,,,,1,Mitchell,,
RUS,Russian Federation,1953,5.341246,,,,,,5.341246,,,,1,Mitchell,,
RUS,Russian Federation,1977,42.80788,,,,,,42.80788,,,,1,Mitchell,,
RUS,Russian Federation,2022,10.97034,,,,,10.970339,,,,,1,IMF_GFS,,
RUS,Russian Federation,1955,26.02649,,,,,,26.02649,,,,1,Mitchell,,
RUS,Russian Federation,1934,3.631062,,,,,,3.631062,,,,1,Mitchell,,
RUS,Russian Federation,2016,9.183107,,,,,9.1831075,,,,,1,IMF_GFS,,
RUS,Russian Federation,2005,15.48932,,,,,15.489321,,,,,1,IMF_GFS,,
RUS,Russian Federation,1957,,,,,,,,,,,1,Mitchell,,
RUS,Russian Federation,1930,6.134574,,,,,,6.134574,,,,1,Mitchell,,
RUS,Russian Federation,1968,40.69672,,,,,,40.69672,,,,1,Mitchell,,
RUS,Russian Federation,1967,40.53333,,,,,,40.53333,,,,1,Mitchell,,
RUS,Russian Federation,1994,,,,,,,,,,,1,IMF_GFS,,
RUS,Russian Federation,1995,,,,,,,,,,,1,IMF_GFS,,
RUS,Russian Federation,1996,,,,,,,,,,,1,IMF_GFS,,
RUS,Russian Federation,1940,4.340938,,,,,,4.340938,,,,1,Mitchell,,
RUS,Russian Federation,2020,10.79912,,,,,10.799116,,,,,1,IMF_GFS,,
RUS,Russian Federation,2009,12.09231,,,,,12.092306,,,,,1,IMF_GFS,,
RUS,Russian Federation,1961,37.51634,,,,,,37.51634,,,,1,Mitchell,,
RUS,Russian Federation,1965,40.05182,,,,,,40.05182,,,,1,Mitchell,,
RUS,Russian Federation,1983,43.35767,,,,,,43.35767,,,,1,Mitchell,,
RUS,Russian Federation,1972,41.52866,,,,,,41.52866,,,,1,Mitchell,,
RUS,Russian Federation,1991,,,,,,,,,,,1,IMF_GFS,,
RUS,Russian Federation,2010,12.17813,,,,,12.178131,,,,,1,IMF_GFS,,
RUS,Russian Federation,1985,42.85467,,,,,,42.85467,,,,1,Mitchell,,
RUS,Russian Federation,1990,,,,,,,,,,,1,IMF_GFS,,
RUS,Russian Federation,1929,2.260377,,,,,,2.260377,,,,1,Mitchell,,
RUS,Russian Federation,1979,44.37642,,,,,,44.37642,,,,1,Mitchell,,
RUS,Russian Federation,1942,,,,,,,,,,,1,Mitchell,,
RUS,Russian Federation,1949,,,,,,,,,,,1,Mitchell,,
RUS,Russian Federation,1969,39.73282,,,,,,39.73282,,,,1,Mitchell,,
RUS,Russian Federation,1964,39.8895,,,,,,39.8895,,,,1,Mitchell,,
RUS,Russian Federation,2021,11.60649,,,,,11.606494,,,,,1,IMF_GFS,,
RUS,Russian Federation,2018,11.46877,,,,,11.468773,,,,,1,IMF_GFS,,
RUS,Russian Federation,1987,42.31667,,,,,,42.31667,,,,1,Mitchell,,
RUS,Russian Federation,2013,12.93349,,,,,12.933492,,,,,1,IMF_GFS,,
RUS,Russian Federation,1962,38.06061,,,,,,38.06061,,,,1,Mitchell,,
RUS,Russian Federation,1941,,,,,,,,,,,1,Mitchell,,
RUS,Russian Federation,1986,43.0494,,,,,,43.0494,,,,1,Mitchell,,
RUS,Russian Federation,1946,,,,,,,,,,,1,Mitchell,,
RUS,Russian Federation,1971,40.59016,,,,,,40.59016,,,,1,Mitchell,,
RUS,Russian Federation,1980,45.10822,,,,,,45.10822,,,,1,Mitchell,,
RUS,Russian Federation,1973,39.91124,,,,,,39.91124,,,,1,Mitchell,,
RUS,Russian Federation,1989,40.1952,,,,,,40.1952,,,,1,Mitchell,1,1
RUS,Russian Federation,1952,5.050215,,,,,,5.050215,,,,1,Mitchell,,
RUS,Russian Federation,1998,,,,,,,,,,,1,IMF_GFS,,
RUS,Russian Federation,1959,38.67647,,,,,,38.67647,,,,1,Mitchell,,
RUS,Russian Federation,2004,12.31133,,,,,12.31133,,,,,1,IMF_GFS,,
RUS,Russian Federation,1999,,,,,,,,,,,1,IMF_GFS,,
RUS,Russian Federation,1944,,,,,,,,,,,1,Mitchell,,
RUS,Russian Federation,1984,42.94737,,,,,,42.94737,,,,1,Mitchell,,
RUS,Russian Federation,1928,1.725352,,,,,,1.725352,,,,1,Mitchell,,
RUS,Russian Federation,1947,,,,,,,,,,,1,Mitchell,,
RUS,Russian Federation,2002,12.72541,,,,,12.725407,,,,,1,IMF_GFS,,
RUS,Russian Federation,1950,4.615385,,,,,,4.615385,,,,1,Mitchell,,
RUS,Russian Federation,1935,,,,,,,,,,,1,Mitchell,,
RUS,Russian Federation,1978,43.38028,,,,,,43.38028,,,,1,Mitchell,,
RUS,Russian Federation,2011,13.9542,,,,,13.954203,,,,,1,IMF_GFS,,
RUS,Russian Federation,1958,38.4375,,,,,,38.4375,,,,1,Mitchell,,
RUS,Russian Federation,2015,10.64207,,,,,10.642066,,,,,1,IMF_GFS,,
RUS,Russian Federation,2003,12.40058,,,,,12.400584,,,,,1,IMF_GFS,,
RUS,Russian Federation,1992,,,,,,,,,,,1,IMF_GFS,,
RUS,Russian Federation,2000,,,,,,,,,,,1,IMF_GFS,,
RUS,Russian Federation,1932,4.46336,,,,,,4.46336,,,,1,Mitchell,,
RWA,Rwanda,2011,,,,,,,,,,,1,IMF_GFS,,
RWA,Rwanda,2023,13.73207,,,,,13.732072,,,,,1,IMF_GFS,,
RWA,Rwanda,1977,8.491385,,,,,8.4913855,,,,,1,IMF_GFS,,
RWA,Rwanda,1975,5.63067,,,,,5.6306698,,,,,1,IMF_GFS,,
RWA,Rwanda,2019,14.60481,,,,,14.604806,,,,,1,IMF_GFS,,
RWA,Rwanda,1984,,,,,,,,,,,1,IMF_GFS,,
RWA,Rwanda,1985,,,,,,,,,,,1,IMF_GFS,,
RWA,Rwanda,2020,15.0749,,,,,15.074902,,,,,1,IMF_GFS,,
RWA,Rwanda,2005,,,,,,,,,,,1,IMF_GFS,,
RWA,Rwanda,2017,13.45178,,,,,13.451781,,,,,1,IMF_GFS,,
RWA,Rwanda,2009,,,,,,,,,,,1,IMF_GFS,,
RWA,Rwanda,2006,,,,,,,,,,,1,IMF_GFS,,
RWA,Rwanda,1997,,,,,,,,,,,1,IMF_GFS,,
RWA,Rwanda,1995,,,,,,,,,,,1,IMF_GFS,,
RWA,Rwanda,2010,,,,,,,,,,,1,IMF_GFS,,
RWA,Rwanda,1986,,,,,,,,,,,1,IMF_GFS,,
RWA,Rwanda,1989,8.445858,,,,,8.4458576,,,,,1,IMF_GFS,,
RWA,Rwanda,2002,,,,,,,,,,,1,IMF_GFS,,
RWA,Rwanda,1974,5.50162,,,,,5.5016196,,,,,1,IMF_GFS,,
RWA,Rwanda,1983,,,,,,,,,,,1,IMF_GFS,,
RWA,Rwanda,2008,,,,,,,,,,,1,IMF_GFS,,
RWA,Rwanda,2016,14.41692,,,,,14.416921,,,,,1,IMF_GFS,,
RWA,Rwanda,2014,12.94693,,,,,12.946934,,,,,1,IMF_GFS,,
RWA,Rwanda,1980,8.153214,,,,,8.1532138,,,,,1,IMF_GFS,,
RWA,Rwanda,2021,14.47661,,,,,14.476615,,,,,1,IMF_GFS,,
RWA,Rwanda,1978,7.575662,,,,,7.5756622,,,,,1,IMF_GFS,,
RWA,Rwanda,1999,,,,,,,,,,,1,IMF_GFS,,
RWA,Rwanda,2004,,,,,,,,,,,1,IMF_GFS,,
RWA,Rwanda,1994,,,,,,,,,,,1,IMF_GFS,,
RWA,Rwanda,2012,,,,,,,,,,,1,IMF_GFS,,
RWA,Rwanda,1982,,,,,,,,,,,1,IMF_GFS,,
RWA,Rwanda,2007,,,,,,,,,,,1,IMF_GFS,,
RWA,Rwanda,2018,14.24994,,,,,14.249945,,,,,1,IMF_GFS,,
RWA,Rwanda,1979,8.996278,,,,,8.9962775,,,,,1,IMF_GFS,,
RWA,Rwanda,1988,,,,,,,,,,,1,IMF_GFS,,
RWA,Rwanda,2001,,,,,,,,,,,1,IMF_GFS,,
RWA,Rwanda,1996,,,,,,,,,,,1,IMF_GFS,,
RWA,Rwanda,2015,13.29456,,,,,13.294559,,,,,1,IMF_GFS,,
RWA,Rwanda,1992,,,,,,,,,,,1,IMF_GFS,,
RWA,Rwanda,2000,,,,,,,,,,,1,IMF_GFS,,
RWA,Rwanda,1990,,,,,,,,,,,1,IMF_GFS,,
RWA,Rwanda,1973,5.238471,,,,,5.2384708,,,,,1,IMF_GFS,,
RWA,Rwanda,1976,7.967309,,,,,7.9673088,,,,,1,IMF_GFS,,
RWA,Rwanda,1993,,,,,,,,,,,1,IMF_GFS,,
RWA,Rwanda,2003,,,,,,,,,,,1,IMF_GFS,,
RWA,Rwanda,2013,,,,,,,,,,,1,IMF_GFS,,
RWA,Rwanda,1998,,,,,,,,,,,1,IMF_GFS,,
RWA,Rwanda,1987,,,,,,,,,,,1,IMF_GFS,,
RWA,Rwanda,1981,,,,,,,,,,,1,IMF_GFS,,
RWA,Rwanda,2022,13.6798,,,,,13.679803,,,,,1,IMF_GFS,,
RWA,Rwanda,1991,,,,,,,,,,,1,IMF_GFS,,
SAU,Saudi Arabia,2022,7.772023,,,,,7.7720225,,,,,1,IMF_GFS,,
SAU,Saudi Arabia,2019,6.997777,,,,,6.9977769,,,,,1,IMF_GFS,,
SAU,Saudi Arabia,2023,8.90828,,,,,8.9082806,,,,,1,IMF_GFS,,
SAU,Saudi Arabia,2020,8.237471,,,,,8.237471,,,,,1,IMF_GFS,,
SAU,Saudi Arabia,2018,8.292498,,,,,8.2924973,,,,,1,IMF_GFS,,
SAU,Saudi Arabia,2021,9.673483,,,,,9.6734829,,,,,1,IMF_GFS,,
SEN,Senegal,1986,14.50932,,,14.50932,,,,,,,1,BCEAO,,
SEN,Senegal,2003,13.31377,13.31378,,13.31377,,,,,,,1,BCEAO,,
SEN,Senegal,2014,15.16618,15.16618,,15.16618,,,,,,,1,BCEAO,,
SEN,Senegal,1978,18.95687,,,18.95687,,,,,,,1,BCEAO,,
SEN,Senegal,1975,15.00612,,,15.00612,,,,,,,1,BCEAO,,
SEN,Senegal,1972,15.99418,,,15.99418,,,,,,,1,BCEAO,,
SEN,Senegal,2001,12.10158,12.10159,,12.10158,,,,,,,1,BCEAO,,
SEN,Senegal,1982,16.45659,,,16.45659,,,,,,,1,BCEAO,,
SEN,Senegal,1997,11.3967,11.37477,,11.3967,,,,,,,1,BCEAO,,
SEN,Senegal,2010,14.97731,14.97731,,14.97731,,,,,,,1,BCEAO,,
SEN,Senegal,1969,15.68807,,,15.68807,,,,,,,1,BCEAO,,
SEN,Senegal,1962,25.14518,,,25.14518,,,,,,,1,BCEAO,,
SEN,Senegal,1999,12.10535,12.10534,,12.10535,,,,,,,1,BCEAO,,
SEN,Senegal,1991,11.20768,11.79434,,11.20768,,,,,,,1,BCEAO,,
SEN,Senegal,2018,15.50144,15.50145,,15.50144,,16.378252,,,,,1,BCEAO,,
SEN,Senegal,1987,14.17927,,,14.17927,,,,,,,1,BCEAO,,
SEN,Senegal,1971,15.70048,,,15.70048,,,,,,,1,BCEAO,,
SEN,Senegal,2006,15.08519,15.08519,,15.08519,,,,,,,1,BCEAO,,
SEN,Senegal,1964,16.8239,,,16.8239,,,,,,,1,BCEAO,,
SEN,Senegal,1988,13.85424,,,13.85424,,,,,,,1,BCEAO,,
SEN,Senegal,1963,17.62409,,,17.62409,,,,,,,1,BCEAO,,
SEN,Senegal,1974,14.13459,,,14.13459,,,,,,,1,BCEAO,,
SEN,Senegal,1965,16.52479,,,16.52479,,,,,,,1,BCEAO,,
SEN,Senegal,2005,14.65734,14.65733,,14.65734,,,,,,,1,BCEAO,,
SEN,Senegal,2000,12.58134,12.58134,,12.58134,,,,,,,1,BCEAO,,
SEN,Senegal,1973,15.9099,,,15.9099,,,,,,,1,BCEAO,,
SEN,Senegal,2007,15.54769,15.54768,,15.54769,,,,,,,1,BCEAO,,
SEN,Senegal,1967,16.51332,,,16.51332,,,,,,,1,BCEAO,,
SEN,Senegal,1994,10.24227,9.584195,,10.24227,,,,,,,1,BCEAO,,
SEN,Senegal,1976,15.61282,,,15.61282,,,,,,,1,BCEAO,,
SEN,Senegal,1983,17.40925,,,17.40925,,,,,,,1,BCEAO,,
SEN,Senegal,2016,15.87465,15.87465,,15.87465,,16.371176,,,,,1,BCEAO,,
SEN,Senegal,2022,18.20013,18.09566,,18.20013,,18.659017,,,,,1,BCEAO,,
SEN,Senegal,1981,16.79038,,,16.79038,,,,,,,1,BCEAO,,
SEN,Senegal,1995,10.97178,10.45987,,10.97178,,,,,,,1,BCEAO,,
SEN,Senegal,1998,11.51953,11.43566,,11.51953,,,,,,,1,BCEAO,,
SEN,Senegal,2024,17.51679,,,17.51679,,,,,,,1,BCEAO,,
SEN,Senegal,2020,16.77267,16.77264,,16.77267,,17.471621,,,,,1,BCEAO,,
SEN,Senegal,1989,13.29358,,,13.29358,,,,,,,1,BCEAO,,
SEN,Senegal,1996,11.20636,11.00536,,11.20636,,,,,,,1,BCEAO,,
SEN,Senegal,1990,10.2369,10.88307,,10.2369,,,,,,,1,BCEAO,,
SEN,Senegal,2013,14.37084,14.37084,,14.37084,,,,,,,1,BCEAO,,
SEN,Senegal,2009,14.28364,14.28365,,14.28364,,,,,,,1,BCEAO,,
SEN,Senegal,2021,16.9981,16.9981,,16.9981,,17.519352,,,,,1,BCEAO,,
SEN,Senegal,2017,15.1323,15.13231,,15.1323,,15.906452,,,,,1,BCEAO,,
SEN,Senegal,1977,16.78667,,,16.78667,,,,,,,1,BCEAO,,
SEN,Senegal,2011,15.32944,15.32944,,15.32944,,,,,,,1,BCEAO,,
SEN,Senegal,1970,16.27329,,,16.27329,,,,,,,1,BCEAO,,
SEN,Senegal,1985,16.40915,,,16.40915,,,,,,,1,BCEAO,,
SEN,Senegal,2012,14.99412,14.99412,,14.99412,,,,,,,1,BCEAO,,
SEN,Senegal,1992,11.92745,12.84154,,11.92745,,,,,,,1,BCEAO,,
SEN,Senegal,1966,16.33543,,,16.33543,,,,,,,1,BCEAO,,
SEN,Senegal,1968,15.80394,,,15.80394,,,,,,,1,BCEAO,,
SEN,Senegal,2008,14.46345,14.46345,,14.46345,,,,,,,1,BCEAO,,
SEN,Senegal,1979,17.9255,,,17.9255,,,,,,,1,BCEAO,,
SEN,Senegal,1993,10.31599,10.55438,,10.31599,,,,,,,1,BCEAO,,
SEN,Senegal,1984,17.37172,,,17.37172,,,,,,,1,BCEAO,,
SEN,Senegal,2015,15.19796,15.19796,,15.19796,,15.791465,,,,,1,BCEAO,,
SEN,Senegal,2023,18.75778,,,18.75778,,19.217065,,,,,1,BCEAO,,
SEN,Senegal,2002,12.94536,12.94535,,12.94536,,,,,,,1,BCEAO,,
SEN,Senegal,2004,13.89754,13.89754,,13.89754,,,,,,,1,BCEAO,,
SEN,Senegal,1980,20.45959,,,20.45959,,,,,,,1,BCEAO,,
SEN,Senegal,2019,17.57495,17.575,,17.57495,,18.419094,,,,,1,BCEAO,,
SGP,Singapore,2022,12.03319,,,,,12.033193,,,,,1,IMF_GFS,,
SGP,Singapore,2017,13.99008,,,,,13.990085,,,,,1,IMF_GFS,,
SGP,Singapore,2009,12.95493,,,,,12.954927,,,,,1,IMF_GFS,,
SGP,Singapore,1982,18.91634,,,,,18.916342,,,,,1,IMF_GFS,,
SGP,Singapore,1978,15.90854,,,,,15.908541,,,,,1,IMF_GFS,,
SGP,Singapore,2002,12.68874,,,,,12.688739,,,,,1,IMF_GFS,,
SGP,Singapore,2000,14.85579,,,,,14.855789,,,,,1,IMF_GFS,,
SGP,Singapore,2016,13.30867,,,,,13.308668,,,,,1,IMF_GFS,,
SGP,Singapore,1990,14.54627,,,,,14.54627,,,,,1,IMF_GFS,,
SGP,Singapore,2021,12.8129,,,,,12.812898,,,,,1,IMF_GFS,,
SGP,Singapore,1997,15.31234,,,,,15.312341,,,,,1,IMF_GFS,,
SGP,Singapore,1975,16.27662,,,,,16.276618,,,,,1,IMF_GFS,,
SGP,Singapore,2023,14.00605,,,,,14.006049,,,,,1,IMF_GFS,,
SGP,Singapore,2001,14.58552,,,,,14.585519,,,,,1,IMF_GFS,,
SGP,Singapore,2015,13.13977,,,,,13.139775,,,,,1,IMF_GFS,,
SGP,Singapore,1989,15.68787,,,,,15.687874,,,,,1,IMF_GFS,,
SGP,Singapore,1993,16.29033,,,,,16.290334,,,,,1,IMF_GFS,,
SGP,Singapore,1980,16.99292,,,,,16.992918,,,,,1,IMF_GFS,,
SGP,Singapore,1973,15.29809,,,,,15.298095,,,,,1,IMF_GFS,,
SGP,Singapore,1984,17.66338,,,,,17.663382,,,,,1,IMF_GFS,,
SGP,Singapore,1994,16.61315,,,,,16.613152,,,,,1,IMF_GFS,,
SGP,Singapore,1974,14.7746,,,,,14.774601,,,,,1,IMF_GFS,,
SGP,Singapore,2011,13.10572,,,,,13.105722,,,,,1,IMF_GFS,,
SGP,Singapore,2003,12.44607,,,,,12.446074,,,,,1,IMF_GFS,,
SGP,Singapore,2012,13.58067,,,,,13.580669,,,,,1,IMF_GFS,,
SGP,Singapore,2007,12.82043,,,,,12.820428,,,,,1,IMF_GFS,,
SGP,Singapore,2019,13.1515,,,,,13.151501,,,,,1,IMF_GFS,,
SGP,Singapore,1999,14.53172,,,,,14.531717,,,,,1,IMF_GFS,,
SGP,Singapore,2014,13.55656,,,,,13.556557,,,,,1,IMF_GFS,,
SGP,Singapore,1996,15.89737,,,,,15.897367,,,,,1,IMF_GFS,,
SGP,Singapore,1985,15.66217,,,,,15.662167,,,,,1,IMF_GFS,,
SGP,Singapore,1991,15.18153,,,,,15.181532,,,,,1,IMF_GFS,,
SGP,Singapore,1988,14.07201,,,,,14.072013,,,,,1,IMF_GFS,,
SGP,Singapore,1987,13.07808,,,,,13.07808,,,,,1,IMF_GFS,,
SGP,Singapore,1981,17.88021,,,,,17.880206,,,,,1,IMF_GFS,,
SGP,Singapore,2005,11.57703,,,,,11.577027,,,,,1,IMF_GFS,,
SGP,Singapore,1977,16.55355,,,,,16.553554,,,,,1,IMF_GFS,,
SGP,Singapore,2018,13.01315,,,,,13.013148,,,,,1,IMF_GFS,,
SGP,Singapore,2020,12.73154,,,,,12.731545,,,,,1,IMF_GFS,,
SGP,Singapore,1992,16.10335,,,,,16.103354,,,,,1,IMF_GFS,,
SGP,Singapore,2013,13.27125,,,,,13.27125,,,,,1,IMF_GFS,,
SGP,Singapore,1979,16.03977,,,,,16.039771,,,,,1,IMF_GFS,,
SGP,Singapore,1976,16.14933,,,,,16.14933,,,,,1,IMF_GFS,,
SGP,Singapore,2004,11.60451,,,,,11.604512,,,,,1,IMF_GFS,,
SGP,Singapore,1986,12.73577,,,,,12.735769,,,,,1,IMF_GFS,,
SGP,Singapore,1983,18.76084,,,,,18.760839,,,,,1,IMF_GFS,,
SGP,Singapore,2006,11.83102,,,,,11.831022,,,,,1,IMF_GFS,,
SGP,Singapore,2008,13.75439,,,,,13.754391,,,,,1,IMF_GFS,,
SGP,Singapore,1998,14.03103,,,,,14.031026,,,,,1,IMF_GFS,,
SGP,Singapore,1995,15.7685,,,,,15.768504,,,,,1,IMF_GFS,,
SGP,Singapore,1972,16.02647,,,,,16.02647,,,,,1,IMF_GFS,,
SGP,Singapore,2010,12.78582,,,,,12.785824,,,,,1,IMF_GFS,,
SLV,El Salvador,2019,18.08146,,,,,18.081457,,,,,1,IMF_GFS,,
SLV,El Salvador,2010,15.81207,,,,,15.812072,,,,,1,IMF_GFS,,
SLV,El Salvador,2004,12.65446,,,,,12.654456,,,,,1,IMF_GFS,,
SLV,El Salvador,2023,20.60683,,,,,20.60683,,,,,1,IMF_GFS,,
SLV,El Salvador,2003,12.67829,,,,,12.67829,,,,,1,IMF_GFS,,
SLV,El Salvador,2005,14.51082,,,,,14.510818,,,,,1,IMF_GFS,,
SLV,El Salvador,2021,19.68967,,,,,19.689669,,,,,1,IMF_GFS,,
SLV,El Salvador,2022,21.08386,,,,,21.083863,,,,,1,IMF_GFS,,
SLV,El Salvador,2016,17.35478,,,,,17.354783,,,,,1,IMF_GFS,,
SLV,El Salvador,2006,15.67012,,,,,15.670118,,,,,1,IMF_GFS,,
SLV,El Salvador,2007,16.7449,,,,,16.744897,,,,,1,IMF_GFS,,
SLV,El Salvador,2002,12.09946,,,,,12.099461,,,,,1,IMF_GFS,,
SLV,El Salvador,2017,17.75375,,,,,17.753751,,,,,1,IMF_GFS,,
SLV,El Salvador,2020,18.39077,,,,,18.390768,,,,,1,IMF_GFS,,
SLV,El Salvador,2012,16.18243,,,,,16.182428,,,,,1,IMF_GFS,,
SLV,El Salvador,2014,16.7088,,,,,16.708795,,,,,1,IMF_GFS,,
SLV,El Salvador,2015,16.75269,,,,,16.752685,,,,,1,IMF_GFS,,
SLV,El Salvador,2011,15.34403,,,,,15.344026,,,,,1,IMF_GFS,,
SLV,El Salvador,2009,14.97703,,,,,14.977031,,,,,1,IMF_GFS,,
SLV,El Salvador,2013,17.05474,,,,,17.054735,,,,,1,IMF_GFS,,
SLV,El Salvador,2008,17.06021,,,,,17.060213,,,,,1,IMF_GFS,,
SLV,El Salvador,2018,18.12892,,,,,18.128924,,,,,1,IMF_GFS,,
SMR,San Marino,2017,16.47919,,,,,16.479192,,,,,1,IMF_GFS,,
SMR,San Marino,2016,16.6926,,,,,16.692601,,,,,1,IMF_GFS,,
SMR,San Marino,2007,17.63578,,,,,17.635783,,,,,1,IMF_GFS,,
SMR,San Marino,2012,18.01391,,,,,18.013912,,,,,1,IMF_GFS,,
SMR,San Marino,2008,17.66994,,,,,17.669938,,,,,1,IMF_GFS,,
SMR,San Marino,2020,16.13626,,,,,16.136261,,,,,1,IMF_GFS,,
SMR,San Marino,2018,17.96551,,,,,17.965506,,,,,1,IMF_GFS,,
SMR,San Marino,2010,15.59153,,,,,15.591529,,,,,1,IMF_GFS,,
SMR,San Marino,2014,18.35936,,,,,18.359358,,,,,1,IMF_GFS,,
SMR,San Marino,2004,15.92615,,,,,15.926154,,,,,1,IMF_GFS,,
SMR,San Marino,2011,16.15368,,,,,16.153685,,,,,1,IMF_GFS,,
SMR,San Marino,2006,17.22077,,,,,17.220771,,,,,1,IMF_GFS,,
SMR,San Marino,2002,18.10421,,,,,18.104206,,,,,1,IMF_GFS,,
SMR,San Marino,2019,16.91273,,,,,16.912734,,,,,1,IMF_GFS,,
SMR,San Marino,2015,17.89653,,,,,17.896532,,,,,1,IMF_GFS,,
SMR,San Marino,2009,16.94264,,,,,16.942642,,,,,1,IMF_GFS,,
SMR,San Marino,2021,17.29597,,,,,17.295973,,,,,1,IMF_GFS,,
SMR,San Marino,2023,17.61934,,,,,17.619339,,,,,1,IMF_GFS,,
SMR,San Marino,2005,16.92995,,,,,16.929953,,,,,1,IMF_GFS,,
SMR,San Marino,2022,17.81608,,,,,17.816084,,,,,1,IMF_GFS,,
SMR,San Marino,2003,16.90528,,,,,16.905281,,,,,1,IMF_GFS,,
SMR,San Marino,2013,17.07979,,,,,17.079794,,,,,1,IMF_GFS,,
SOM,Somalia,2019,2.001751,,,,,2.0017509,,,,,1,IMF_GFS,,
SOM,Somalia,2022,1.780769,,,,,1.7807688,,,,,1,IMF_GFS,,
SOM,Somalia,2023,2.064873,,,,,2.0648726,,,,,1,IMF_GFS,,
SOM,Somalia,2017,1.727005,,,,,1.727005,,,,,1,IMF_GFS,,
SOM,Somalia,2021,,,,,,,,,,,1,,,
SOM,Somalia,2018,2.277531,,,,,2.2775309,,,,,1,IMF_GFS,,
SOM,Somalia,2020,1.617664,,,,,1.6176641,,,,,1,IMF_GFS,,
SRB,Serbia,2018,23.59819,,,,,23.598187,,,,,1,IMF_GFS,,
SRB,Serbia,2015,22.35521,,,,,22.355213,,,,,1,IMF_GFS,,
SRB,Serbia,2013,20.83874,,,,,20.838739,,,,,1,IMF_GFS,,
SRB,Serbia,2017,24.06804,,,,,24.068039,,,,,1,IMF_GFS,,
SRB,Serbia,2020,23.48857,,,,,23.488566,,,,,1,IMF_GFS,,
SRB,Serbia,2019,24.04974,,,,,24.049735,,,,,1,IMF_GFS,,
SRB,Serbia,2009,20.00481,,,,,20.004806,,,,,1,IMF_GFS,,
SRB,Serbia,2008,21.14784,,,,,21.147844,,,,,1,IMF_GFS,,
SRB,Serbia,2011,19.05474,,,,,19.054741,,,,,1,IMF_GFS,,
SRB,Serbia,2007,21.30211,,,,,21.302114,,,,,1,IMF_GFS,,
SRB,Serbia,2012,18.5525,,,,,18.5525,,,,,1,IMF_GFS,,
SRB,Serbia,2016,23.28992,,,,,23.289915,,,,,1,IMF_GFS,,
SRB,Serbia,2014,21.97014,,,,,21.970142,,,,,1,IMF_GFS,,
SRB,Serbia,2022,25.13771,,,,,25.13771,,,,,1,IMF_GFS,,
SRB,Serbia,2010,20.22927,,,,,20.229267,,,,,1,IMF_GFS,,
SRB,Serbia,2021,24.50064,,,,,24.500642,,,,,1,IMF_GFS,,
STP,Sao Tome and Principe,2006,14.43155,14.43155,,,,,,,,,1,AFRISTAT,,
STP,Sao Tome and Principe,1999,9.830801,9.830801,,,,,,,,,1,AFRISTAT,,
STP,Sao Tome and Principe,2002,12.27291,12.27291,,,,,,,,,1,AFRISTAT,,
STP,Sao Tome and Principe,2019,12.73932,12.73932,,,,,,,,,1,AFRISTAT,,
STP,Sao Tome and Principe,2018,13.70443,13.70443,,,,,,,,,1,AFRISTAT,,
STP,Sao Tome and Principe,2014,16.17178,16.17178,,,,,,,,,1,AFRISTAT,,
STP,Sao Tome and Principe,2021,12.11292,12.11292,,,,,,,,,1,AFRISTAT,,
STP,Sao Tome and Principe,2020,13.17922,13.17922,,,,,,,,,1,AFRISTAT,,
STP,Sao Tome and Principe,2022,10.62479,10.62479,,,,,,,,,1,AFRISTAT,,
STP,Sao Tome and Principe,2007,15.84475,15.84475,,,,,,,,,1,AFRISTAT,,
STP,Sao Tome and Principe,2001,10.51271,10.51271,,,,,,,,,1,AFRISTAT,,
STP,Sao Tome and Principe,2013,18.02131,18.02131,,,,,,,,,1,AFRISTAT,,
STP,Sao Tome and Principe,2017,14.74279,14.74279,,,,,,,,,1,AFRISTAT,,
STP,Sao Tome and Principe,2008,14.88956,14.88956,,,,,,,,,1,AFRISTAT,,
STP,Sao Tome and Principe,2010,18.33142,18.33142,,,,,,,,,1,AFRISTAT,,
STP,Sao Tome and Principe,2015,17.38772,17.38772,,,,,,,,,1,AFRISTAT,,
STP,Sao Tome and Principe,2011,18.05729,18.05729,,,,,,,,,1,AFRISTAT,,
STP,Sao Tome and Principe,2003,11.96745,11.96745,,,,,,,,,1,AFRISTAT,,
STP,Sao Tome and Principe,2005,12.49443,12.49443,,,,,,,,,1,AFRISTAT,,
STP,Sao Tome and Principe,2016,14.57193,14.57193,,,,,,,,,1,AFRISTAT,,
STP,Sao Tome and Principe,2012,,,,,,,,,,,1,AFRISTAT,,
STP,Sao Tome and Principe,2004,12.98219,12.98219,,,,,,,,,1,AFRISTAT,,
STP,Sao Tome and Principe,2009,14.19208,14.19208,,,,,,,,,1,AFRISTAT,,
STP,Sao Tome and Principe,2000,9.77096,9.77096,,,,,,,,,1,AFRISTAT,,
SVK,Slovakia,1998,20.8,,,,20.8,20.162745,,,,,1,EUS,,
SVK,Slovakia,2014,18,,,,18,17.435762,,,,,1,EUS,,
SVK,Slovakia,2002,17.6,,,,17.6,17.118247,,,,,1,EUS,,
SVK,Slovakia,2021,19.7,,,,19.7,19.287021,,,,,1,EUS,,
SVK,Slovakia,2006,17.2,,,,17.2,16.802878,,,,,1,EUS,,
SVK,Slovakia,2011,16.6,,,,16.6,15.969377,,,,,1,EUS,,
SVK,Slovakia,2022,20.5,,,,20.5,19.885371,,,,,1,EUS,,
SVK,Slovakia,2000,19,,,,19,18.501813,,,,,1,EUS,,
SVK,Slovakia,1995,23.6,,,,23.6,23.241635,,,,,1,EUS,,
SVK,Slovakia,2004,17.9,,,,17.9,17.292841,,,,,1,EUS,,
SVK,Slovakia,1997,20.9,,,,20.9,20.462046,,,,,1,EUS,,
SVK,Slovakia,2008,16.9,,,,16.9,16.445769,,,,,1,EUS,,
SVK,Slovakia,2015,18.7,,,,18.7,18.10786,,,,,1,EUS,,
SVK,Slovakia,2001,17.8,,,,17.8,17.275395,,,,,1,EUS,,
SVK,Slovakia,2018,19.1,,,,19.1,18.546718,,,,,1,EUS,,
SVK,Slovakia,2016,18.6,,,,18.6,18.091722,,,,,1,EUS,,
SVK,Slovakia,2017,19.1,,,,19.1,18.565876,,,,,1,EUS,,
SVK,Slovakia,2007,17.2,,,,17.2,16.747607,,,,,1,EUS,,
SVK,Slovakia,1999,20.2,,,,20.2,19.74575,,,,,1,EUS,,
SVK,Slovakia,2020,19.2,,,,19.2,18.636554,,,,,1,EUS,,
SVK,Slovakia,2012,16,,,,16,15.515997,,,,,1,EUS,,
SVK,Slovakia,2005,18.7,,,,18.7,18.005376,,,,,1,EUS,,
SVK,Slovakia,2009,16.1,,,,16.1,15.523293,,,,,1,EUS,,
SVK,Slovakia,1996,21.8,,,,21.8,21.41863,,,,,1,EUS,,
SVK,Slovakia,2010,15.6,,,,15.6,15.003525,,,,,1,EUS,,
SVK,Slovakia,2019,19.4,,,,19.4,18.783826,,,,,1,EUS,,
SVK,Slovakia,2003,18.4,,,,18.4,17.683024,,,,,1,EUS,,
SVK,Slovakia,2024,19.9,,,,19.9,,,,,,1,EUS,,
SVK,Slovakia,2013,17.2,,,,17.2,16.6926,,,,,1,EUS,,
SVK,Slovakia,2023,20.1,,,,20.1,19.53088,,,,,1,EUS,,
SVN,Slovenia,2014,22.4,,,,22.4,22.03404,,,,,1,EUS,,
SVN,Slovenia,1996,22.5,,,,22.5,22.230359,,,,,1,EUS,,
SVN,Slovenia,2023,20.7,,,,20.7,20.357656,,,,,1,EUS,,
SVN,Slovenia,1999,23.4,,,,23.4,23.104155,,,,,1,EUS,,
SVN,Slovenia,2005,24,,,,24,23.668833,,,,,1,EUS,,
SVN,Slovenia,1997,22.1,,,,22.1,21.809613,,,,,1,EUS,,
SVN,Slovenia,2018,22.4,,,,22.4,22.0331,,,,,1,EUS,,
SVN,Slovenia,2009,21.9,,,,21.9,21.525304,,,,,1,EUS,,
SVN,Slovenia,2013,22.3,,,,22.3,21.895869,,,,,1,EUS,,
SVN,Slovenia,2008,22.6,,,,22.6,22.318029,,,,,1,EUS,,
SVN,Slovenia,2016,22.5,,,,22.5,22.163454,,,,,1,EUS,,
SVN,Slovenia,2002,23.4,,,,23.4,23.053561,,,,,1,EUS,,
SVN,Slovenia,2003,23.6,,,,23.6,23.273618,,,,,1,EUS,,
SVN,Slovenia,2022,21.4,,,,21.4,21.021014,,,,,1,EUS,,
SVN,Slovenia,2010,22.4,,,,22.4,22.018002,,,,,1,EUS,,
SVN,Slovenia,2021,22,,,,22,21.61278,,,,,1,EUS,,
SVN,Slovenia,2004,23.5,,,,23.5,23.230868,,,,,1,EUS,,
SVN,Slovenia,2001,22.7,,,,22.7,22.370033,,,,,1,EUS,,
SVN,Slovenia,2020,20.9,,,,20.9,20.48855,,,,,1,EUS,,
SVN,Slovenia,2011,22,,,,22,21.695478,,,,,1,EUS,,
SVN,Slovenia,2024,21.3,,,,21.3,,,,,,1,EUS,,
SVN,Slovenia,2012,22.1,,,,22.1,21.702039,,,,,1,EUS,,
SVN,Slovenia,2015,22.5,,,,22.5,22.122417,,,,,1,EUS,,
SVN,Slovenia,2017,22.2,,,,22.2,21.905449,,,,,1,EUS,,
SVN,Slovenia,2019,22,,,,22,21.699241,,,,,1,EUS,,
SVN,Slovenia,2000,22.7,,,,22.7,22.393078,,,,,1,EUS,,
SVN,Slovenia,1998,22.8,,,,22.8,22.478164,,,,,1,EUS,,
SVN,Slovenia,2006,23.8,,,,23.8,23.469058,,,,,1,EUS,,
SVN,Slovenia,1995,22,,,,22,21.474428,,,,,1,EUS,,
SVN,Slovenia,2007,23.4,,,,23.4,23.091156,,,,,1,EUS,,
SWE,Sweden,1867,2.805911,,,,,,3.625731,,,,.7738885,Mitchell,,
SWE,Sweden,1967,15.80129,,,,,,20.41805,,,,.7738885,Mitchell,,
SWE,Sweden,2012,27.1,,,,27.1,26.781978,,,,,1,EUS,,
SWE,Sweden,2019,28,,,,28,27.634921,,,,,1,EUS,,
SWE,Sweden,1977,17.73668,,,,,,22.91892,,,,.7738885,Mitchell,,
SWE,Sweden,1961,14.97795,,,,,,19.35414,,,,.7738885,Mitchell,,
SWE,Sweden,1989,19.31269,,,,,,24.95539,,,,.7738885,Mitchell,,
SWE,Sweden,1875,2.905788,,,,,,3.754789,,,,.7738885,Mitchell,,
SWE,Sweden,1870,3.132809,,,,,,4.04814,,,,.7738885,Mitchell,,
SWE,Sweden,1909,3.488945,,,,,,4.508331,,,,.7738885,Mitchell,,
SWE,Sweden,1862,2.848669,,,,,,3.680982,,,,.7738885,Mitchell,,
SWE,Sweden,1901,3.540203,,,,,,4.574565,,,,.7738885,Mitchell,,
SWE,Sweden,1883,3.243174,,,,,,4.190752,,,,.7738885,Mitchell,,
SWE,Sweden,2022,28.5,,,,28.5,27.936676,,,,,1,EUS,,
SWE,Sweden,2017,28.9,,,,28.9,28.505444,,,,,1,EUS,,
SWE,Sweden,2002,27.9,,,,27.9,27.538362,,,,,1,EUS,,
SWE,Sweden,1929,4.086195,,,,,,5.280083,,,,.7738885,Mitchell,,
SWE,Sweden,1979,17.08585,,,,,,22.07792,,,,.7738885,Mitchell,,
SWE,Sweden,1885,3.457432,,,,,,4.46761,,,,.7738885,Mitchell,,
SWE,Sweden,1877,2.82235,,,,,,3.646973,,,,.7738885,Mitchell,,
SWE,Sweden,1918,2.985327,,,,,,3.857567,,,,.7738885,Mitchell,,
SWE,Sweden,2008,28.6,,,,28.6,28.261125,,,,,1,EUS,,
SWE,Sweden,1980,16.59806,,,,,,21.44762,,,,.7738885,Mitchell,,
SWE,Sweden,1992,16.38475,,,,,17.152635,21.17198,,,,.7738885,Mitchell,,
SWE,Sweden,1881,3.442054,,,,,,4.447739,,,,.7738885,Mitchell,,
SWE,Sweden,1971,16.04986,,,,,,20.73925,,,,.7738885,Mitchell,,
SWE,Sweden,1990,20.26905,,,,,21.531517,26.19118,,,,.7738885,Mitchell,,
SWE,Sweden,1868,3.000978,,,,,,3.877791,,,,.7738885,Mitchell,,
SWE,Sweden,2024,27.7,,,,27.7,,,,,,1,EUS,,
SWE,Sweden,1932,5.256528,,,,,,6.792358,,,,.7738885,Mitchell,,
SWE,Sweden,1986,18.33797,,,,,,23.69588,,,,.7738885,Mitchell,,
SWE,Sweden,1893,3.699663,,,,,,4.780616,,,,.7738885,Mitchell,,
SWE,Sweden,1894,4.038557,,,,,,5.218526,,,,.7738885,Mitchell,,
SWE,Sweden,2014,27.2,,,,27.2,26.93225,,,,,1,EUS,,
SWE,Sweden,1995,28.2,,,,28.2,26.75772,,,,,1,EUS,,
SWE,Sweden,1983,16.94512,,,,,,21.89607,,,,.7738885,Mitchell,,
SWE,Sweden,1891,3.573364,,,,,,4.617414,,,,.7738885,Mitchell,,
SWE,Sweden,1865,3.305554,,,,,,4.271357,,,,.7738885,Mitchell,,
SWE,Sweden,2011,27.4,,,,27.4,27.136863,,,,,1,EUS,,
SWE,Sweden,1949,11.1646,,,,,,14.42662,,,,.7738885,Mitchell,,
SWE,Sweden,1935,5.179081,,,,,,6.692283,,,,.7738885,Mitchell,,
SWE,Sweden,2009,28,,,,28,27.733457,,,,,1,EUS,,
SWE,Sweden,1863,3.053567,,,,,,3.945746,,,,.7738885,Mitchell,,
SWE,Sweden,1892,3.593596,,,,,,4.643558,,,,.7738885,Mitchell,,
SWE,Sweden,1974,14.47534,,,,,,18.70469,,,,.7738885,Mitchell,,
SWE,Sweden,1880,3.307216,,,,,,4.273504,,,,.7738885,Mitchell,,
SWE,Sweden,1999,30.5,,,,30.5,30.270434,,,,,1,EUS,,
SWE,Sweden,1923,1.580812,,,,,,2.042687,,,,.7738885,Mitchell,,
SWE,Sweden,1928,4.252885,,,,,,5.495476,,,,.7738885,Mitchell,,
SWE,Sweden,1917,2.322436,,,,,,3.000996,,,,.7738885,Mitchell,,
SWE,Sweden,1938,5.719101,,,,,,7.390084,,,,.7738885,Mitchell,,
SWE,Sweden,1945,10.03438,,,,,,12.96618,,,,.7738885,Mitchell,,
SWE,Sweden,2013,27.1,,,,27.1,26.844168,,,,,1,EUS,,
SWE,Sweden,1871,3.281223,,,,,,4.239917,,,,.7738885,Mitchell,,
SWE,Sweden,1907,3.71238,,,,,,4.797048,,,,.7738885,Mitchell,,
SWE,Sweden,2004,28.3,,,,28.3,27.991907,,,,,1,EUS,,
SWE,Sweden,1887,3.394799,,,,,,4.386677,,,,.7738885,Mitchell,,
SWE,Sweden,1897,3.791506,,,,,,4.899292,,,,.7738885,Mitchell,,
SWE,Sweden,1878,2.884438,,,,,,3.727201,,,,.7738885,Mitchell,,
SWE,Sweden,1954,12.14989,,,,,,15.69979,,,,.7738885,Mitchell,,
SWE,Sweden,1964,14.38756,,,,,,18.59126,,,,.7738885,Mitchell,,
SWE,Sweden,1984,17.74991,,,,,,22.93601,,,,.7738885,Mitchell,,
SWE,Sweden,1960,13.16254,,,,,,17.00831,,,,.7738885,Mitchell,,
SWE,Sweden,1993,16.25059,,,,,15.419454,20.99861,,,,.7738885,Mitchell,1,2
SWE,Sweden,1988,19.14575,,,,,,24.73967,,,,.7738885,Mitchell,,
SWE,Sweden,1879,3.085479,,,,,,3.986981,,,,.7738885,Mitchell,,
SWE,Sweden,1866,2.99449,,,,,,3.869407,,,,.7738885,Mitchell,,
SWE,Sweden,1903,4.078249,,,,,,5.269814,,,,.7738885,Mitchell,,
SWE,Sweden,1924,4.474932,,,,,,5.782399,,,,.7738885,Mitchell,,
SWE,Sweden,1912,3.613903,,,,,,4.669798,,,,.7738885,Mitchell,,
SWE,Sweden,1889,4.023102,,,,,,5.198556,,,,.7738885,Mitchell,,
SWE,Sweden,1998,29.9,,,,29.9,29.661744,,,,,1,EUS,,
SWE,Sweden,1940,7.18717,,,,,,9.287087,,,,.7738885,Mitchell,,
SWE,Sweden,1973,14.8232,,,,,,19.15418,,,,.7738885,Mitchell,,
SWE,Sweden,1916,2.687834,,,,,,3.473154,,,,.7738885,Mitchell,,
SWE,Sweden,1959,13.35601,,,,,,17.25831,,,,.7738885,Mitchell,,
SWE,Sweden,2003,28,,,,28,27.591569,,,,,1,EUS,,
SWE,Sweden,1919,3.509124,,,,,,4.534405,,,,.7738885,Mitchell,,
SWE,Sweden,2007,29.4,,,,29.4,29.086144,,,,,1,EUS,,
SWE,Sweden,1915,2.811762,,,,,,3.633291,,,,.7738885,Mitchell,,
SWE,Sweden,1942,8.022408,,,,,,10.36636,,,,.7738885,Mitchell,,
SWE,Sweden,1987,19.67974,,,,,,25.42969,,,,.7738885,Mitchell,,
SWE,Sweden,1950,9.990196,,,,,,12.90909,,,,.7738885,Mitchell,,
SWE,Sweden,1890,4.078746,,,,,,5.270458,,,,.7738885,Mitchell,,
SWE,Sweden,2010,28.1,,,,28.1,27.814399,,,,,1,EUS,,
SWE,Sweden,1931,4.875887,,,,,,6.300504,,,,.7738885,Mitchell,,
SWE,Sweden,1873,2.839403,,,,,,3.669008,,,,.7738885,Mitchell,,
SWE,Sweden,1882,3.304243,,,,,,4.269663,,,,.7738885,Mitchell,,
SWE,Sweden,2015,27.8,,,,27.8,27.500357,,,,,1,EUS,,
SWE,Sweden,1910,3.61367,,,,,,4.669497,,,,.7738885,Mitchell,,
SWE,Sweden,1962,14.89554,,,,,,19.24765,,,,.7738885,Mitchell,,
SWE,Sweden,1900,3.786821,,,,,,4.893239,,,,.7738885,Mitchell,,
SWE,Sweden,1905,4.079654,,,,,,5.27163,,,,.7738885,Mitchell,,
SWE,Sweden,1914,3.32166,,,,,,4.292169,,,,.7738885,Mitchell,,
SWE,Sweden,2006,29.4,,,,29.4,29.153197,,,,,1,EUS,,
SWE,Sweden,1944,10.15409,,,,,,13.12086,,,,.7738885,Mitchell,,
SWE,Sweden,1908,3.717924,,,,,,4.804212,,,,.7738885,Mitchell,,
SWE,Sweden,1969,15.55313,,,,,,20.09739,,,,.7738885,Mitchell,,
SWE,Sweden,1996,29,,,,29,27.291705,,,,,1,EUS,,
SWE,Sweden,1985,19.09282,,,,,,24.67128,,,,.7738885,Mitchell,,
SWE,Sweden,1888,4.041814,,,,,,5.222734,,,,.7738885,Mitchell,,
SWE,Sweden,1936,5.293105,,,,,,6.839622,,,,.7738885,Mitchell,,
SWE,Sweden,1869,2.941144,,,,,,3.800475,,,,.7738885,Mitchell,,
SWE,Sweden,1934,4.999417,,,,,,6.460126,,,,.7738885,Mitchell,,
SWE,Sweden,1886,3.430143,,,,,,4.432348,,,,.7738885,Mitchell,,
SWE,Sweden,1874,3.250674,,,,,,4.200442,,,,.7738885,Mitchell,,
SWE,Sweden,1895,3.98081,,,,,,5.143907,,,,.7738885,Mitchell,,
SWE,Sweden,1921,4.708411,,,,,,6.084095,,,,.7738885,Mitchell,,
SWE,Sweden,1952,11.93078,,,,,,15.41667,,,,.7738885,Mitchell,,
SWE,Sweden,1902,3.779373,,,,,,4.883615,,,,.7738885,Mitchell,,
SWE,Sweden,1947,9.360954,,,,,,12.096,,,,.7738885,Mitchell,,
SWE,Sweden,2005,29.6,,,,29.6,29.239828,,,,,1,EUS,,
SWE,Sweden,1920,3.738136,,,,,,4.830329,,,,.7738885,Mitchell,,
SWE,Sweden,2021,28.4,,,,28.4,27.771133,,,,,1,EUS,,
SWE,Sweden,1946,10.10146,,,,,,13.05286,,,,.7738885,Mitchell,,
SWE,Sweden,1972,16.3556,,,,,,21.13431,,,,.7738885,Mitchell,,
SWE,Sweden,2023,27.7,,,,27.7,27.099143,,,,,1,EUS,,
SWE,Sweden,1968,15.59549,,,,,,20.15211,,,,.7738885,Mitchell,,
SWE,Sweden,1937,5.444826,,,,,,7.035673,,,,.7738885,Mitchell,,
SWE,Sweden,1864,3.204306,,,,,,4.140527,,,,.7738885,Mitchell,,
SWE,Sweden,1955,12.0821,,,,,,15.6122,,,,.7738885,Mitchell,,
SWE,Sweden,2000,30.8,,,,30.8,30.40867,,,,,1,EUS,,
SWE,Sweden,1978,17.26222,,,,,,22.30583,,,,.7738885,Mitchell,,
SWE,Sweden,1966,15.72315,,,,,,20.31707,,,,.7738885,Mitchell,,
SWE,Sweden,1953,11.91858,,,,,,15.4009,,,,.7738885,Mitchell,,
SWE,Sweden,1965,15.09014,,,,,,19.49911,,,,.7738885,Mitchell,,
SWE,Sweden,1896,3.901196,,,,,,5.041032,,,,.7738885,Mitchell,,
SWE,Sweden,2016,28.7,,,,28.7,28.312534,,,,,1,EUS,,
SWE,Sweden,1994,15.64313,,,,,14.843069,,,,,1.053901,IMF_GFS,1,2
SWE,Sweden,1991,17.42452,,,,,19.666752,22.51555,,,,.7738885,Mitchell,,
SWE,Sweden,1876,2.876498,,,,,,3.716941,,,,.7738885,Mitchell,,
SWE,Sweden,1925,4.317052,,,,,,5.578391,,,,.7738885,Mitchell,,
SWE,Sweden,1948,10.92977,,,,,,14.12319,,,,.7738885,Mitchell,,
SWE,Sweden,1911,3.737595,,,,,,4.829629,,,,.7738885,Mitchell,,
SWE,Sweden,1913,3.46576,,,,,,4.478372,,,,.7738885,Mitchell,,
SWE,Sweden,1997,29.6,,,,29.6,27.503995,,,,,1,EUS,,
SWE,Sweden,1939,6.252849,,,,,,8.079781,,,,.7738885,Mitchell,,
SWE,Sweden,1872,3.050156,,,,,,3.941338,,,,.7738885,Mitchell,,
SWE,Sweden,1861,3.091565,,,,,,3.994845,,,,.7738885,Mitchell,,
SWE,Sweden,1927,4.268054,,,,,,5.515077,,,,.7738885,Mitchell,,
SWE,Sweden,1941,7.677386,,,,,,9.920533,,,,.7738885,Mitchell,,
SWE,Sweden,1976,17.16212,,,,,,22.17647,,,,.7738885,Mitchell,,
SWE,Sweden,2020,27.4,,,,27.4,26.969168,,,,,1,EUS,,
SWE,Sweden,1898,3.767408,,,,,,4.868154,,,,.7738885,Mitchell,,
SWE,Sweden,1930,4.198167,,,,,,5.42477,,,,.7738885,Mitchell,,
SWE,Sweden,1926,4.169696,,,,,,5.38798,,,,.7738885,Mitchell,,
SWE,Sweden,1982,17.11674,,,,,,22.11783,,,,.7738885,Mitchell,,
SWE,Sweden,1951,9.851444,,,,,,12.7298,,,,.7738885,Mitchell,,
SWE,Sweden,2001,28.9,,,,28.9,28.515182,,,,,1,EUS,,
SWE,Sweden,1943,8.959826,,,,,,11.57767,,,,.7738885,Mitchell,,
SWE,Sweden,1922,4.780974,,,,,,6.177859,,,,.7738885,Mitchell,,
SWE,Sweden,1906,3.522718,,,,,,4.551971,,,,.7738885,Mitchell,,
SWE,Sweden,2018,28.7,,,,28.7,28.255111,,,,,1,EUS,,
SWE,Sweden,1884,3.305267,,,,,,4.270987,,,,.7738885,Mitchell,,
SWE,Sweden,1963,15.25762,,,,,,19.71553,,,,.7738885,Mitchell,,
SWE,Sweden,1975,14.73216,,,,,,19.03654,,,,.7738885,Mitchell,,
SWE,Sweden,1958,13.45547,,,,,,17.38684,,,,.7738885,Mitchell,,
SWE,Sweden,1956,12.7243,,,,,,16.44203,,,,.7738885,Mitchell,,
SWE,Sweden,1957,12.58553,,,,,,16.26271,,,,.7738885,Mitchell,,
SWE,Sweden,1899,3.885784,,,,,,5.021117,,,,.7738885,Mitchell,,
SWE,Sweden,1904,4.101996,,,,,,5.300501,,,,.7738885,Mitchell,,
SWE,Sweden,1970,15.40938,,,,,,19.91163,,,,.7738885,Mitchell,,
SWE,Sweden,1933,5.352907,,,,,,6.916897,,,,.7738885,Mitchell,,
SWE,Sweden,1981,17.85481,,,,,,23.07155,,,,.7738885,Mitchell,,
SYC,Seychelles,2004,,,,,,,,,,,1,IMF_GFS,,
SYC,Seychelles,2021,26.77491,,,,,26.774914,,,,,1,IMF_GFS,,
SYC,Seychelles,1994,31.96715,,,,,31.967146,,,,,1,IMF_GFS,,
SYC,Seychelles,2002,,,,,,,,,,,1,IMF_GFS,,
SYC,Seychelles,2016,28.43077,,,,,28.430765,,,,,1,IMF_GFS,,
SYC,Seychelles,1999,27.2181,,,,,27.218099,,,,,1,IMF_GFS,,
SYC,Seychelles,2010,27.85042,,,,,27.85042,,,,,1,IMF_GFS,,
SYC,Seychelles,1996,26.93785,,,,,26.937845,,,,,1,IMF_GFS,,
SYC,Seychelles,2005,27.30001,,,,,27.30001,,,,,1,IMF_GFS,,
SYC,Seychelles,2001,,,,,,,,,,,1,IMF_GFS,,
SYC,Seychelles,2018,28.903,,,,,28.903001,,,,,1,IMF_GFS,,
SYC,Seychelles,2006,24.69255,,,,,24.69255,,,,,1,IMF_GFS,,
SYC,Seychelles,2019,28.35678,,,,,28.356778,,,,,1,IMF_GFS,,
SYC,Seychelles,1993,35.35999,,,,,35.359993,,,,,1,IMF_GFS,,
SYC,Seychelles,2014,29.11508,,,,,29.115076,,,,,1,IMF_GFS,,
SYC,Seychelles,2013,28.06606,,,,,28.066056,,,,,1,IMF_GFS,,
SYC,Seychelles,2007,23.24973,,,,,23.249732,,,,,1,IMF_GFS,,
SYC,Seychelles,2003,,,,,,,,,,,1,IMF_GFS,,
SYC,Seychelles,1997,26.96494,,,,,26.964942,,,,,1,IMF_GFS,,
SYC,Seychelles,2000,,,,,,,,,,,1,IMF_GFS,,
SYC,Seychelles,2012,30.40518,,,,,30.405178,,,,,1,IMF_GFS,,
SYC,Seychelles,2008,22.3675,,,,,22.367502,,,,,1,IMF_GFS,,
SYC,Seychelles,2015,27.8192,,,,,27.819202,,,,,1,IMF_GFS,,
SYC,Seychelles,2017,28.94858,,,,,28.948584,,,,,1,IMF_GFS,,
SYC,Seychelles,1998,26.43614,,,,,26.436135,,,,,1,IMF_GFS,,
SYC,Seychelles,2022,25.19964,,,,,25.199642,,,,,1,IMF_GFS,,
SYC,Seychelles,2009,25.24082,,,,,25.240824,,,,,1,IMF_GFS,,
SYC,Seychelles,2020,26.17647,,,,,26.176472,,,,,1,IMF_GFS,,
SYC,Seychelles,2011,32.95665,,,,,32.956647,,,,,1,IMF_GFS,,
SYC,Seychelles,1995,27.63522,,,,,27.635222,,,,,1,IMF_GFS,,
SYC,Seychelles,2023,27.23673,,,,,27.236731,,,,,1,IMF_GFS,,
TCD,Chad,1999,,,,,,,,,,,1,AFRISTAT,,
TCD,Chad,1992,4.416698,4.416698,,,,,,,,,1,AFRISTAT,,
TCD,Chad,1997,6.799115,6.799115,,,,,,,,,1,AFRISTAT,,
TCD,Chad,2002,,,,,,,,,,,1,AFRISTAT,,
TCD,Chad,1998,6.751869,6.751869,,,,,,,,,1,AFRISTAT,,
TCD,Chad,2012,10.2704,10.2704,,,,,,,,,1,AFRISTAT,,
TCD,Chad,1991,4.19221,4.19221,,,,,,,,,1,AFRISTAT,,
TCD,Chad,2022,10.99481,10.99481,,,,,,,,,1,AFRISTAT,,
TCD,Chad,1996,6.445796,6.445796,,,,,,,,,1,AFRISTAT,,
TCD,Chad,2001,,,,,,,,,,,1,AFRISTAT,,
TCD,Chad,2010,8.409923,8.409923,,,,,,,,,1,AFRISTAT,,
TCD,Chad,2019,6.896585,6.896585,,,,,,,,,1,AFRISTAT,,
TCD,Chad,2008,,,,,,,,,,,1,AFRISTAT,,
TCD,Chad,2014,8.374912,8.374912,,,,,,,,,1,AFRISTAT,,
TCD,Chad,2006,,,,,,,,,,,1,AFRISTAT,,
TCD,Chad,1994,3.969153,3.969153,,,,,,,,,1,AFRISTAT,,
TCD,Chad,2004,,,,,,,,,,,1,AFRISTAT,,
TCD,Chad,1995,5.611527,5.611527,,,,,,,,,1,AFRISTAT,,
TCD,Chad,2020,9.852048,9.852048,,,,,,,,,1,AFRISTAT,,
TCD,Chad,1993,4.513224,4.513224,,,,,,,,,1,AFRISTAT,,
TCD,Chad,2009,,,,,,,,,,,1,AFRISTAT,,
TCD,Chad,2011,15.40516,15.40516,,,,,,,,,1,AFRISTAT,,
TCD,Chad,2005,,,,,,,,,,,1,AFRISTAT,,
TCD,Chad,2007,,,,,,,,,,,1,AFRISTAT,,
TCD,Chad,2018,5.820285,5.820285,,,,,,,,,1,AFRISTAT,,
TCD,Chad,2013,11.27875,11.27875,,,,,,,,,1,AFRISTAT,,
TCD,Chad,2017,6.008093,6.008093,,,,,,,,,1,AFRISTAT,,
TCD,Chad,2016,3.843537,3.843537,,,,,,,,,1,AFRISTAT,,
TCD,Chad,2015,4.463391,4.463391,,,,,,,,,1,AFRISTAT,,
TCD,Chad,2021,7.583363,7.583363,,,,,,,,,1,AFRISTAT,,
TCD,Chad,1990,5.323632,5.323632,,,,,,,,,1,AFRISTAT,,
TCD,Chad,2003,,,,,,,,,,,1,AFRISTAT,,
TCD,Chad,2000,,,,,,,,,,,1,AFRISTAT,,
TGO,Togo,2008,10.34194,10.34196,,10.34194,,,,,,,1,BCEAO,,
TGO,Togo,1966,8.6629,,,8.6629,,,,,,,1,BCEAO,,
TGO,Togo,1993,5.469607,6.264528,,5.469607,,,,,,,1,BCEAO,,
TGO,Togo,2021,16.85316,16.459,,16.85316,,,,,,,1,BCEAO,,
TGO,Togo,1998,9.06154,8.695879,,9.06154,,,,,,,1,BCEAO,,
TGO,Togo,1974,11.62969,,,11.62969,,,,,,,1,BCEAO,,
TGO,Togo,2006,10.32318,10.3232,,10.32318,,,,,,,1,BCEAO,,
TGO,Togo,1976,23.69773,,,23.69773,,,,,,,1,BCEAO,,
TGO,Togo,1981,20.96899,,,20.96899,,,,,,,1,BCEAO,,
TGO,Togo,1991,9.785264,10.79358,,9.785264,,,,,,,1,BCEAO,,
TGO,Togo,2015,15.17329,15.17327,,15.17329,,,,,,,1,BCEAO,,
TGO,Togo,1983,20.80537,,,20.80537,,,,,,,1,BCEAO,,
TGO,Togo,2022,16.94092,15.10575,,16.94092,,,,,,,1,BCEAO,,
TGO,Togo,1971,12.69841,,,12.69841,,,,,,,1,BCEAO,,
TGO,Togo,1967,8.947369,,,8.947369,,,,,,,1,BCEAO,,
TGO,Togo,1989,19.41613,,,19.41613,,,,,,,1,BCEAO,,
TGO,Togo,2000,6.944119,6.943791,,6.944119,,,,,,,1,BCEAO,,
TGO,Togo,2003,8.587952,8.587633,,8.587952,,,,,,,1,BCEAO,,
TGO,Togo,1985,22.48175,,,22.48175,,,,,,,1,BCEAO,,
TGO,Togo,2004,9.566648,9.566071,,9.566648,,,,,,,1,BCEAO,,
TGO,Togo,1973,12.16814,,,12.16814,,,,,,,1,BCEAO,,
TGO,Togo,1982,23.91546,,,23.91546,,,,,,,1,BCEAO,,
TGO,Togo,2018,14.00727,14.01,,14.00727,,,,,,,1,BCEAO,,
TGO,Togo,1977,24.11137,,,24.11137,,,,,,,1,BCEAO,,
TGO,Togo,2009,10.31671,10.31669,,10.31671,,,,,,,1,BCEAO,,
TGO,Togo,2012,11.85635,11.85636,,11.85635,,,,,,,1,BCEAO,,
TGO,Togo,1994,7.023879,7.826732,,7.023879,,,,,,,1,BCEAO,,
TGO,Togo,1975,20.42089,,,20.42089,,,,,,,1,BCEAO,,
TGO,Togo,1978,26.27119,,,26.27119,,,,,,,1,BCEAO,,
TGO,Togo,2023,17.6655,,,17.6655,,,,,,,1,BCEAO,,
TGO,Togo,1964,10.15625,,,10.15625,,,,,,,1,BCEAO,,
TGO,Togo,2007,10.88545,10.88548,,10.88545,,,,,,,1,BCEAO,,
TGO,Togo,1990,11.99546,13.17643,,11.99546,,,,,,,1,BCEAO,,
TGO,Togo,1986,21.39358,,,21.39358,,,,,,,1,BCEAO,,
TGO,Togo,1972,13.35616,,,13.35616,,,,,,,1,BCEAO,,
TGO,Togo,2002,6.908391,6.907948,,6.908391,,,,,,,1,BCEAO,,
TGO,Togo,2011,11.40366,11.40367,,11.40366,,,,,,,1,BCEAO,,
TGO,Togo,2020,15.38281,15.2059,,15.38281,,,,,,,1,BCEAO,,
TGO,Togo,1980,25.16779,,,25.16779,,,,,,,1,BCEAO,,
TGO,Togo,2014,14.51493,14.51495,,14.51493,,,,,,,1,BCEAO,,
TGO,Togo,1987,19.57911,,,19.57911,,,,,,,1,BCEAO,,
TGO,Togo,1969,9.339081,,,9.339081,,,,,,,1,BCEAO,,
TGO,Togo,2005,9.536649,9.53626,,9.536649,,,,,,,1,BCEAO,,
TGO,Togo,2017,15.1851,15.18509,,15.1851,,,,,,,1,BCEAO,,
TGO,Togo,1997,8.721084,9.364462,,8.721084,,,,,,,1,BCEAO,,
TGO,Togo,1979,23.44925,,,23.44925,,,,,,,1,BCEAO,,
TGO,Togo,2024,18.25725,,,18.25725,,,,,,,1,BCEAO,,
TGO,Togo,2019,15.28398,15.28408,,15.28398,,,,,,,1,BCEAO,,
TGO,Togo,1996,8.591847,9.266424,,8.591847,,,,,,,1,BCEAO,,
TGO,Togo,2001,7.057181,7.056797,,7.057181,,,,,,,1,BCEAO,,
TGO,Togo,2010,10.50462,10.50464,,10.50462,,,,,,,1,BCEAO,,
TGO,Togo,1970,12.07598,,,12.07598,,,,,,,1,BCEAO,,
TGO,Togo,1999,8.493417,8.223883,,8.493417,,,,,,,1,BCEAO,,
TGO,Togo,1963,9.876543,,,9.876543,,,,,,,1,BCEAO,,
TGO,Togo,2016,15.80132,15.80129,,15.80132,,,,,,,1,BCEAO,,
TGO,Togo,1965,9.425287,,,9.425287,,,,,,,1,BCEAO,,
TGO,Togo,2013,13.54346,13.54346,,13.54346,,,,,,,1,BCEAO,,
TGO,Togo,1984,21.89293,,,21.89293,,,,,,,1,BCEAO,,
TGO,Togo,1988,19.3157,,,19.3157,,,,,,,1,BCEAO,,
TGO,Togo,1992,7.924593,8.675393,,7.924593,,,,,,,1,BCEAO,,
TGO,Togo,1995,8.71169,9.621004,,8.71169,,,,,,,1,BCEAO,,
TGO,Togo,1968,9.015025,,,9.015025,,,,,,,1,BCEAO,,
THA,Thailand,2005,16.06186,,,,,16.06186,18.78558,,,,1,IMF_GFS,,
THA,Thailand,2017,15.51874,,,,,15.51874,,,,,1,IMF_GFS,,
THA,Thailand,2000,14.48454,,,,,,14.48454,,,,1,Mitchell,,
THA,Thailand,2015,16.85188,,,,,16.851881,,,,,1,IMF_GFS,,
THA,Thailand,2007,15.14316,,,,,15.143157,18.81602,,,,1,IMF_GFS,,
THA,Thailand,2001,14.88574,,,,,,14.88574,,,,1,Mitchell,1,1
THA,Thailand,1957,7.984055,,,,,,7.984055,,,,1,Mitchell,,
THA,Thailand,1994,18.21989,,,,,,18.21989,,,,1,Mitchell,,
THA,Thailand,2003,14.48157,,,,,14.481569,16.82963,,,,1,IMF_GFS,,
THA,Thailand,1995,16.95891,,,,,,16.95891,,,,1,Mitchell,,
THA,Thailand,1977,29.13151,,,,,,29.13151,,,,1,Mitchell,,
THA,Thailand,1988,43.26923,,,,,,43.26923,,,,1,Mitchell,,
THA,Thailand,1953,8.331412,,,,,,8.331412,,,,1,Mitchell,,
THA,Thailand,1952,,,,,,,,,,,1,Mitchell,,
THA,Thailand,2009,14.19423,,,,,14.194231,18.90657,,,,1,IMF_GFS,,
THA,Thailand,1980,21.5083,,,,,,21.5083,,,,1,Mitchell,,
THA,Thailand,1973,19.16742,,,,,,19.16742,,,,1,Mitchell,,
THA,Thailand,1950,6.253906,,,,,,6.253906,,,,1,Mitchell,,
THA,Thailand,2016,16.10003,,,,,16.100035,,,,,1,IMF_GFS,,
THA,Thailand,1955,8.442786,,,,,,8.442786,,,,1,Mitchell,,
THA,Thailand,1981,21.72368,,,,,,21.72368,,,,1,Mitchell,,
THA,Thailand,1968,14.69231,,,,,,14.69231,,,,1,Mitchell,,
THA,Thailand,1963,13.6417,,,,,,13.6417,,,,1,Mitchell,,
THA,Thailand,1971,,,,,,,,,,,1,Mitchell,,
THA,Thailand,1948,3.67027,,,,,,3.67027,,,,1,Mitchell,,
THA,Thailand,1965,16.31079,,,,,,16.31079,,,,1,Mitchell,,
THA,Thailand,1997,18.85274,,,,,,18.85274,,,,1,Mitchell,,
THA,Thailand,1951,8.347518,,,,,,8.347518,,,,1,Mitchell,,
THA,Thailand,1959,10.40461,,,,,,10.40461,,,,1,Mitchell,,
THA,Thailand,1975,31.15512,,,,,,31.15512,,,,1,Mitchell,,
THA,Thailand,1974,18.35126,,,,,,18.35126,,,,1,Mitchell,,
THA,Thailand,2014,16.4985,,,,,16.498495,,,,,1,IMF_GFS,,
THA,Thailand,2010,14.93265,,,,,14.932648,20.57045,,,,1,IMF_GFS,,
THA,Thailand,1993,19.52923,,,,,,19.52923,,,,1,Mitchell,,
THA,Thailand,1954,,,,,,,,,,,1,Mitchell,,
THA,Thailand,2012,15.44094,,,,,15.440936,,,,,1,IMF_GFS,,
THA,Thailand,2018,15.69816,,,,,15.698158,,,,,1,IMF_GFS,,
THA,Thailand,1984,34.7166,,,,,,34.7166,,,,1,Mitchell,,
THA,Thailand,1987,44.07692,,,,,,44.07692,,,,1,Mitchell,,
THA,Thailand,1992,22.9177,,,,,,22.9177,,,,1,Mitchell,,
THA,Thailand,1991,29.91623,,,,,,29.91623,,,,1,Mitchell,,
THA,Thailand,2004,14.85333,,,,,14.853331,17.38721,,,,1,IMF_GFS,,
THA,Thailand,2021,15.0826,,,,,15.082602,,,,,1,IMF_GFS,,
THA,Thailand,2023,15.51497,,,,,15.514968,,,,,1,IMF_GFS,,
THA,Thailand,1946,1.300971,,,,,,1.300971,,,,1,Mitchell,,
THA,Thailand,1999,25.58982,,,,,,25.58982,,,,1,Mitchell,,
THA,Thailand,2006,15.63699,,,,,15.636993,18.87639,,,,1,IMF_GFS,,
THA,Thailand,1985,39.75379,,,,,,39.75379,,,,1,Mitchell,,
THA,Thailand,2008,15.38489,,,,,15.384886,19.7728,,,,1,IMF_GFS,,
THA,Thailand,1947,8.803798,,,,,,8.803798,,,,1,Mitchell,,
THA,Thailand,2019,15.39795,,,,,15.397948,,,,,1,IMF_GFS,,
THA,Thailand,2020,15.19315,,,,,15.193152,,,,,1,IMF_GFS,,
THA,Thailand,1960,12.8037,,,,,,12.8037,,,,1,Mitchell,,
THA,Thailand,1966,15.31683,,,,,,15.31683,,,,1,Mitchell,,
THA,Thailand,1996,16.46931,,,,,,16.46931,,,,1,Mitchell,,
THA,Thailand,1962,,,,,,,,,,,1,Mitchell,,
THA,Thailand,1961,13.79492,,,,,,13.79492,,,,1,Mitchell,,
THA,Thailand,1998,21.97579,,,,,,21.97579,,,,1,Mitchell,,
THA,Thailand,1990,34.84432,,,,,,34.84432,,,,1,Mitchell,,
THA,Thailand,2022,15.13903,,,,,15.139034,,,,,1,IMF_GFS,,
THA,Thailand,1982,25.57007,,,,,,25.57007,,,,1,Mitchell,,
THA,Thailand,2002,13.47031,,,,,13.470313,15.53904,,,,1,IMF_GFS,,
THA,Thailand,1986,64.16593,,,,,,64.16593,,,,1,Mitchell,,
THA,Thailand,1983,29.29424,,,,,,29.29424,,,,1,Mitchell,,
THA,Thailand,1970,21.2449,,,,,,21.2449,,,,1,Mitchell,,
THA,Thailand,1956,,,,,,,,,,,1,Mitchell,,
THA,Thailand,2013,17.73862,,,,,17.738625,,,,,1,IMF_GFS,,
THA,Thailand,2011,16.36184,,,,,16.361835,,,,,1,IMF_GFS,,
THA,Thailand,1972,20.06471,,,,,,20.06471,,,,1,Mitchell,,
THA,Thailand,1967,14.66667,,,,,,14.66667,,,,1,Mitchell,,
THA,Thailand,1979,24.16816,,,,,,24.16816,,,,1,Mitchell,,
THA,Thailand,1958,9.240618,,,,,,9.240618,,,,1,Mitchell,,
THA,Thailand,1976,28.61272,,,,,,28.61272,,,,1,Mitchell,,
THA,Thailand,1969,6.007752,,,,,,6.007752,,,,1,Mitchell,,
THA,Thailand,1964,13.9759,,,,,,13.9759,,,,1,Mitchell,,
THA,Thailand,1949,6.238739,,,,,,6.238739,,,,1,Mitchell,,
THA,Thailand,1978,26.98771,,,,,,26.98771,,,,1,Mitchell,,
THA,Thailand,1989,,,,,,,,,,,1,Mitchell,,
TJK,Tajikistan,2001,8.370726,,,,,8.3707257,,,,,1,IMF_GFS,,
TJK,Tajikistan,2023,11.06878,,,,,11.068785,,,,,1,IMF_GFS,,
TJK,Tajikistan,2021,10.34598,,,,,10.345981,,,,,1,IMF_GFS,1,1
TJK,Tajikistan,1998,7.183574,,,,,7.1835739,,,,,1,IMF_GFS,,
TJK,Tajikistan,2000,7.617812,,,,,7.6178115,,,,,1,IMF_GFS,,
TJK,Tajikistan,2004,9.836606,,,,,9.8366061,,,,,1,IMF_GFS,,
TJK,Tajikistan,2015,,,,,,,,,,,1,,,
TJK,Tajikistan,2018,,,,,,,,,,,1,,,
TJK,Tajikistan,2002,,,,,,,,,,,1,IMF_GFS,,
TJK,Tajikistan,2013,,,,,,,,,,,1,,,
TJK,Tajikistan,1999,7.796729,,,,,7.7967286,,,,,1,IMF_GFS,,
TJK,Tajikistan,2008,,,,,,,,,,,1,,,
TJK,Tajikistan,2016,,,,,,,,,,,1,,,
TJK,Tajikistan,2005,,,,,,,,,,,1,,,
TJK,Tajikistan,2020,,,,,,,,,,,1,,,
TJK,Tajikistan,2012,,,,,,,,,,,1,,,
TJK,Tajikistan,2022,10.56256,,,,,10.562561,,,,,1,IMF_GFS,,
TJK,Tajikistan,2019,,,,,,,,,,,1,,,
TJK,Tajikistan,2011,,,,,,,,,,,1,,,
TJK,Tajikistan,2006,,,,,,,,,,,1,,,
TJK,Tajikistan,2010,,,,,,,,,,,1,,,
TJK,Tajikistan,2017,,,,,,,,,,,1,,,
TJK,Tajikistan,2007,,,,,,,,,,,1,,,
TJK,Tajikistan,2003,9.70953,,,,,9.7095296,,,,,1,IMF_GFS,,
TJK,Tajikistan,2009,,,,,,,,,,,1,,,
TJK,Tajikistan,2014,,,,,,,,,,,1,,,
TLS,Timor-Leste,2010,110.1828,,,,,110.18277,,,,,1,IMF_GFS,,
TLS,Timor-Leste,2013,93.87901,,,,,93.879009,,,,,1,IMF_GFS,,
TLS,Timor-Leste,2022,40.06925,,,,,40.06925,,,,,1,IMF_GFS,,
TLS,Timor-Leste,2020,17.33545,,,,,17.33545,,,,,1,IMF_GFS,,
TLS,Timor-Leste,2018,25.12268,,,,,25.122678,,,,,1,IMF_GFS,,
TLS,Timor-Leste,2012,147.6613,,,,,147.66125,,,,,1,IMF_GFS,,
TLS,Timor-Leste,2021,35.08533,,,,,35.085333,,,,,1,IMF_GFS,,
TLS,Timor-Leste,2011,135.5005,,,,,135.50045,,,,,1,IMF_GFS,,
TLS,Timor-Leste,2015,36.07247,,,,,36.072468,,,,,1,IMF_GFS,,
TLS,Timor-Leste,2016,14.99514,,,,,14.995135,,,,,1,IMF_GFS,,
TLS,Timor-Leste,2017,20.09103,,,,,20.091033,,,,,1,IMF_GFS,,
TLS,Timor-Leste,2019,27.53294,,,,,27.532937,,,,,1,IMF_GFS,,
TLS,Timor-Leste,2014,62.80056,,,,,62.800564,,,,,1,IMF_GFS,,
TTO,Trinidad and Tobago,2000,19.14274,,,,,19.142738,,,,,1,IMF_GFS,,
TTO,Trinidad and Tobago,1985,,,,,,,,,,,1,IMF_GFS,,
TTO,Trinidad and Tobago,2001,21.16365,,,,,21.163647,,,,,1,IMF_GFS,,
TTO,Trinidad and Tobago,2002,19.6854,,,,,19.685403,,,,,1,IMF_GFS,,
TTO,Trinidad and Tobago,1989,,,,,,,,,,,1,IMF_GFS,,
TTO,Trinidad and Tobago,1987,,,,,,,,,,,1,IMF_GFS,,
TTO,Trinidad and Tobago,2007,24.72254,,,,,24.722541,,,,,1,IMF_GFS,,
TTO,Trinidad and Tobago,1991,,,,,,,,,,,1,IMF_GFS,,
TTO,Trinidad and Tobago,2005,25.01038,,,,,25.010379,,,,,1,IMF_GFS,,
TTO,Trinidad and Tobago,1980,35.04705,,,,,35.047046,,,,,1,IMF_GFS,,
TTO,Trinidad and Tobago,1990,,,,,,,,,,,1,IMF_GFS,,
TTO,Trinidad and Tobago,1988,,,,,,,,,,,1,IMF_GFS,,
TTO,Trinidad and Tobago,1992,,,,,,,,,,,1,IMF_GFS,,
TTO,Trinidad and Tobago,1998,20.2205,,,,,20.220504,,,,,1,IMF_GFS,,
TTO,Trinidad and Tobago,1995,21.47299,,,,,21.472987,,,,,1,IMF_GFS,,
TTO,Trinidad and Tobago,1981,34.25348,,,,,34.253479,,,,,1,IMF_GFS,,
TTO,Trinidad and Tobago,1996,22.201,,,,,22.201002,,,,,1,IMF_GFS,,
TTO,Trinidad and Tobago,1977,30.08619,,,,,30.086187,,,,,1,IMF_GFS,,
TTO,Trinidad and Tobago,1984,,,,,,,,,,,1,IMF_GFS,,
TTO,Trinidad and Tobago,2003,20.41137,,,,,20.411367,,,,,1,IMF_GFS,,
TTO,Trinidad and Tobago,2004,21.01689,,,,,21.016886,,,,,1,IMF_GFS,,
TTO,Trinidad and Tobago,1976,27.75561,,,,,27.755611,,,,,1,IMF_GFS,,
TTO,Trinidad and Tobago,1979,28.68747,,,,,28.687468,,,,,1,IMF_GFS,,
TTO,Trinidad and Tobago,1997,20.48097,,,,,20.480968,,,,,1,IMF_GFS,,
TTO,Trinidad and Tobago,2006,28.62094,,,,,28.620935,,,,,1,IMF_GFS,,
TTO,Trinidad and Tobago,1982,,,,,,,,,,,1,IMF_GFS,,
TTO,Trinidad and Tobago,1978,28.78507,,,,,28.785071,,,,,1,IMF_GFS,,
TTO,Trinidad and Tobago,1993,22.31313,,,,,22.313131,,,,,1,IMF_GFS,,
TTO,Trinidad and Tobago,1999,18.21161,,,,,18.211608,,,,,1,IMF_GFS,,
TTO,Trinidad and Tobago,1994,20.4642,,,,,20.4642,,,,,1,IMF_GFS,,
TTO,Trinidad and Tobago,1983,,,,,,,,,,,1,IMF_GFS,,
TTO,Trinidad and Tobago,1986,,,,,,,,,,,1,IMF_GFS,,
TUN,Tunisia,1994,19.03639,,,,,19.036392,,,,,1,IMF_GFS,,
TUN,Tunisia,1997,18.44071,,,,,18.440712,,,,,1,IMF_GFS,,
TUN,Tunisia,1996,18.25686,,,,,18.256858,,,,,1,IMF_GFS,,
TUN,Tunisia,1995,18.79313,,,,,18.793131,,,,,1,IMF_GFS,,
TUN,Tunisia,1990,18.23487,,,,,18.23487,,,,,1,IMF_GFS,,
TUN,Tunisia,1992,18.71011,,,,,18.710114,,,,,1,IMF_GFS,,
TUN,Tunisia,1991,18.67215,,,,,18.672148,,,,,1,IMF_GFS,,
TUN,Tunisia,1993,19.24821,,,,,19.24821,,,,,1,IMF_GFS,,
TUN,Tunisia,1999,19.13117,,,,,19.131166,,,,,1,IMF_GFS,,
TUN,Tunisia,1998,19.18316,,,,,19.183164,,,,,1,IMF_GFS,,
TUR,Turkey,2008,17.63161,,,,,17.631613,,,,,1,IMF_GFS,,
TUR,Turkey,2023,18.61033,,,,,18.610328,,,,,1,IMF_GFS,,
TUR,Turkey,2017,17.83945,,,,,17.839448,,,,,1,IMF_GFS,,
TUR,Turkey,2022,17.55705,,,,,17.557049,,,,,1,IMF_GFS,,
TUR,Turkey,2018,17.39558,,,,,17.395584,,,,,1,IMF_GFS,,
TUR,Turkey,2015,18.19644,,,,,18.196437,,,,,1,IMF_GFS,,
TUR,Turkey,2014,18.04653,,,,,18.046533,,,,,1,IMF_GFS,,
TUR,Turkey,2009,18.23464,,,,,18.234641,,,,,1,IMF_GFS,,
TUR,Turkey,2010,18.98933,,,,,18.98933,,,,,1,IMF_GFS,,
TUR,Turkey,2013,18.51107,,,,,18.51107,,,,,1,IMF_GFS,,
TUR,Turkey,2012,18.23761,,,,,18.237606,,,,,1,IMF_GFS,,
TUR,Turkey,2011,18.70415,,,,,18.704145,,,,,1,IMF_GFS,,
TUR,Turkey,2016,18.38611,,,,,18.386112,,,,,1,IMF_GFS,,
TUR,Turkey,2019,16.89766,,,,,16.897662,,,,,1,IMF_GFS,,
TUR,Turkey,2021,17.92107,,,,,17.921072,,,,,1,IMF_GFS,,
TUR,Turkey,2020,17.84419,,,,,17.844191,,,,,1,IMF_GFS,,
TZA,Tanzania,2014,11.45146,,,,,11.451455,,,,,1,IMF_GFS,,
UGA,Uganda,2023,12.46602,,,,,12.466018,,,,,1,IMF_GFS,,
UGA,Uganda,2019,11.53816,,,,,11.538164,,,,,1,IMF_GFS,,
UGA,Uganda,2017,11.03932,,,,,11.039324,,,,,1,IMF_GFS,,
UGA,Uganda,2021,12.04447,,,,,12.044466,,,,,1,IMF_GFS,,
UGA,Uganda,2016,10.81323,,,,,10.813231,,,,,1,IMF_GFS,,
UGA,Uganda,2018,11.08877,,,,,11.088765,,,,,1,IMF_GFS,,
UGA,Uganda,2022,11.66867,,,,,11.668673,,,,,1,IMF_GFS,,
UGA,Uganda,2020,11.27055,,,,,11.270546,,,,,1,IMF_GFS,,
UGA,Uganda,2015,10.13471,,,,,10.134709,,,,,1,IMF_GFS,,
UKR,Ukraine,2018,20.14255,,,,,20.142553,,,,,1,IMF_GFS,,
UKR,Ukraine,2001,12.108,,,,,12.108003,,,,,1,IMF_GFS,,
UKR,Ukraine,1999,12.56203,,,,,12.562025,,,,,1,IMF_GFS,,
UKR,Ukraine,2019,19.19614,,,,,19.19614,,,,,1,IMF_GFS,,
UKR,Ukraine,2008,17.74475,,,,,17.744748,,,,,1,IMF_GFS,,
UKR,Ukraine,2004,13.30368,,,,,13.303685,,,,,1,IMF_GFS,,
UKR,Ukraine,2016,19.63012,,,,,19.63012,,,,,1,IMF_GFS,,
UKR,Ukraine,2014,17.29435,,,,,17.294348,,,,,1,IMF_GFS,,
UKR,Ukraine,2017,20.05237,,,,,20.052368,,,,,1,IMF_GFS,,
UKR,Ukraine,2003,13.6645,,,,,13.664497,,,,,1,IMF_GFS,,
UKR,Ukraine,2012,18.31656,,,,,18.316557,,,,,1,IMF_GFS,,
UKR,Ukraine,2013,17.56138,,,,,17.561381,,,,,1,IMF_GFS,,
UKR,Ukraine,2011,18.51505,,,,,18.515053,,,,,1,IMF_GFS,,
UKR,Ukraine,2006,17.74521,,,,,17.74521,,,,,1,IMF_GFS,,
UKR,Ukraine,2021,19.08232,,,,,19.082323,,,,,1,IMF_GFS,,
UKR,Ukraine,2005,17.16029,,,,,17.160292,,,,,1,IMF_GFS,,
UKR,Ukraine,2007,16.42232,,,,,16.422317,,,,,1,IMF_GFS,,
UKR,Ukraine,2002,13.11546,,,,,13.115463,,,,,1,IMF_GFS,,
UKR,Ukraine,2000,13.63398,,,,,13.633975,,,,,1,IMF_GFS,,
UKR,Ukraine,2015,20.45136,,,,,20.451365,,,,,1,IMF_GFS,,
UKR,Ukraine,2020,19.1514,,,,,19.1514,,,,,1,IMF_GFS,,
UKR,Ukraine,2009,16.3925,,,,,16.392502,,,,,1,IMF_GFS,,
UKR,Ukraine,2010,15.57052,,,,,15.570521,,,,,1,IMF_GFS,,
UKR,Ukraine,2023,17.69977,,,,,17.699767,,,,,1,IMF_GFS,,
UKR,Ukraine,2022,16.69151,,,,,16.691507,,,,,1,IMF_GFS,,
URY,Uruguay,1972,2.657005,,,,,,2.657005,,,,1,Mitchell,,
URY,Uruguay,1967,3.294117,,,,,,3.294117,,,,1,Mitchell,,
URY,Uruguay,2004,16.35806,,,,,16.358055,,,,,1,IMF_GFS,,
URY,Uruguay,1976,8.957113,,,,,,8.957113,,,,1,Mitchell,,
URY,Uruguay,1982,9.689922,,,,,,9.689922,,,,1,Mitchell,,
URY,Uruguay,2012,17.25238,,,,,17.252377,,,,,1,IMF_GFS,,
URY,Uruguay,2006,17.40469,,,,,17.40469,,,,,1,IMF_GFS,,
URY,Uruguay,2017,18.07746,,,,,18.077458,,,,,1,IMF_GFS,,
URY,Uruguay,2002,14.46202,,,,,14.462016,,,,,1,IMF_GFS,,
URY,Uruguay,1978,9.020369,,,,,,9.020369,,,,1,Mitchell,,
URY,Uruguay,1959,4.850536,,,,,,4.850536,,,,1,Mitchell,,
URY,Uruguay,2020,18.51489,,,,,18.514889,,,,,1,IMF_GFS,,
URY,Uruguay,1994,,,,,,,,,,,1,IMF_GFS,,
URY,Uruguay,1963,4.049107,,,,,,4.049107,,,,1,Mitchell,,
URY,Uruguay,1962,4.93617,,,,,,4.93617,,,,1,Mitchell,,
URY,Uruguay,2007,16.8753,,,,,16.875304,,,,,1,IMF_GFS,,
URY,Uruguay,1993,,,,,,,,,,,1,IMF_GFS,,
URY,Uruguay,2010,17.3115,,,,,17.311501,,,,,1,IMF_GFS,,
URY,Uruguay,2014,17.01337,,,,,17.013366,,,,,1,IMF_GFS,,
URY,Uruguay,1997,,,,,,,,,,,1,IMF_GFS,,
URY,Uruguay,1973,5.076142,,,,,,5.076142,,,,1,Mitchell,,
URY,Uruguay,2021,17.81162,,,,,17.811616,,,,,1,IMF_GFS,,
URY,Uruguay,1958,4.866989,,,,,,4.866989,,,,1,Mitchell,,
URY,Uruguay,2011,17.50898,,,,,17.508979,,,,,1,IMF_GFS,,
URY,Uruguay,1975,7.029145,,,,,,7.029145,,,,1,Mitchell,,
URY,Uruguay,2019,17.86508,,,,,17.865078,,,,,1,IMF_GFS,,
URY,Uruguay,1998,,,,,,,,,,,1,IMF_GFS,,
URY,Uruguay,1961,5.514451,,,,,,5.514451,,,,1,Mitchell,,
URY,Uruguay,2009,17.16102,,,,,17.161023,,,,,1,IMF_GFS,,
URY,Uruguay,2016,21.73225,,,,,21.732247,,,,,1,IMF_GFS,,
URY,Uruguay,1970,,,,,,,,,,,1,Mitchell,,
URY,Uruguay,1986,11.91011,,,,,,11.91011,,,,1,Mitchell,,
URY,Uruguay,1965,2.476191,,,,,,2.476191,,,,1,Mitchell,,
URY,Uruguay,1974,5.807303,,,,,,5.807303,,,,1,Mitchell,,
URY,Uruguay,1985,11.00209,,,,,,11.00209,,,,1,Mitchell,,
URY,Uruguay,2015,16.96602,,,,,16.966021,,,,,1,IMF_GFS,,
URY,Uruguay,1977,9.706251,,,,,,9.706251,,,,1,Mitchell,,
URY,Uruguay,2022,18.71288,,,,,18.712878,,,,,1,IMF_GFS,,
URY,Uruguay,2018,18.32477,,,,,18.324768,,,,,1,IMF_GFS,,
URY,Uruguay,1980,12.03905,,,,,,12.03905,,,,1,Mitchell,,
URY,Uruguay,1964,4.484663,,,,,,4.484663,,,,1,Mitchell,,
URY,Uruguay,1992,12.10887,,,,,,12.10887,,,,1,Mitchell,1,1
URY,Uruguay,1983,9.485715,,,,,,9.485715,,,,1,Mitchell,,
URY,Uruguay,2005,16.40454,,,,,16.404544,,,,,1,IMF_GFS,,
URY,Uruguay,2001,14.02966,,,,,14.029655,,,,,1,IMF_GFS,,
URY,Uruguay,1957,5.557372,,,,,,5.557372,,,,1,Mitchell,,
URY,Uruguay,1956,5.694364,,,,,,5.694364,,,,1,Mitchell,,
URY,Uruguay,1981,11.55738,,,,,,11.55738,,,,1,Mitchell,,
URY,Uruguay,1989,12.62658,,,,,,12.62658,,,,1,Mitchell,,
URY,Uruguay,1969,,,,,,,,,,,1,Mitchell,,
URY,Uruguay,2008,16.7207,,,,,16.720701,,,,,1,IMF_GFS,,
URY,Uruguay,2003,15.77124,,,,,15.771241,,,,,1,IMF_GFS,,
URY,Uruguay,1971,,,,,,,,,,,1,Mitchell,,
URY,Uruguay,2000,,,,,,,,,,,1,IMF_GFS,,
URY,Uruguay,1999,,,,,,,,,,,1,IMF_GFS,,
URY,Uruguay,1996,,,,,,,,,,,1,IMF_GFS,,
URY,Uruguay,1995,,,,,,,,,,,1,IMF_GFS,,
URY,Uruguay,1991,12.07637,,,,,,12.07637,,,,1,Mitchell,,
URY,Uruguay,1990,16.90515,,,,,,16.90515,,,,1,Mitchell,,
URY,Uruguay,2013,17.45357,,,,,17.453573,,,,,1,IMF_GFS,,
URY,Uruguay,1987,11.61951,,,,,,11.61951,,,,1,Mitchell,,
URY,Uruguay,1960,5.42647,,,,,,5.42647,,,,1,Mitchell,,
URY,Uruguay,1988,12.47249,,,,,,12.47249,,,,1,Mitchell,,
URY,Uruguay,1979,9.58008,,,,,,9.58008,,,,1,Mitchell,,
URY,Uruguay,1968,3.2,,,,,,3.2,,,,1,Mitchell,,
URY,Uruguay,2023,18.84062,,,,,18.840616,,,,,1,IMF_GFS,,
URY,Uruguay,1984,9.151291,,,,,,9.151291,,,,1,Mitchell,,
URY,Uruguay,1966,4.116466,,,,,,4.116466,,,,1,Mitchell,,
USA,United States,1973,11.48581,,,,,,16.42384,,11.48581,,1,CS1,,
USA,United States,1792,1.467401,,,,,,1.585903,,,,.925278,Mitchell,,
USA,United States,1850,1.431211,,,,,,1.54679,,,,.925278,Mitchell,,
USA,United States,1804,1.923331,,,,,,2.078652,,,,.925278,Mitchell,,
USA,United States,1930,3.61386,,,,,,3.905702,,,,.925278,Mitchell,,
USA,United States,1795,1.550892,,,,,,1.676136,,,,.925278,Mitchell,,
USA,United States,1826,2.407398,,,,,,2.60181,,,,.925278,Mitchell,,
USA,United States,1798,1.869984,,,,,,2.020997,,,,.925278,Mitchell,,
USA,United States,1858,1.045793,,,,,,1.130248,,,,.925278,Mitchell,,
USA,United States,1812,1.463533,,,,,,1.581722,,,,.925278,Mitchell,,
USA,United States,1809,1.345524,,,,,,1.454183,,,,.925278,Mitchell,,
USA,United States,1822,2.378911,,,,,,2.571023,,,,.925278,Mitchell,,
USA,United States,1827,2.131977,,,,,,2.304147,,,,.925278,Mitchell,,
USA,United States,1915,1.44806,,,,,,1.565,,,,.925278,Mitchell,,
USA,United States,1833,2.067262,,,,,,2.234206,,,,.925278,Mitchell,,
USA,United States,1897,2.053357,,,,,,2.219178,,,,.925278,Mitchell,,
USA,United States,1823,2.515062,,,,,,2.718169,,,,.925278,Mitchell,,
USA,United States,1839,1.101521,,,,,,1.190476,,,,.925278,Mitchell,,
USA,United States,1854,1.633594,,,,,,1.765517,,,,.925278,Mitchell,,
USA,United States,1869,4.220566,,,,,,4.561403,,,,.925278,Mitchell,,
USA,United States,1864,3.027611,,,,,,3.27211,,,,.925278,Mitchell,,
USA,United States,1825,2.177125,,,,,,2.352941,,,,.925278,Mitchell,,
USA,United States,2014,10.59183,,,,,10.899756,,,10.59183,,1,CS1,,
USA,United States,1881,2.733963,,,,,,2.954747,,,,.925278,Mitchell,,
USA,United States,1890,2.63457,,,,,,2.847328,,,,.925278,Mitchell,,
USA,United States,1845,1.450604,,,,,,1.567749,,,,.925278,Mitchell,,
USA,United States,1979,11.61296,,,,,,17.87879,,11.61296,,1,CS1,,
USA,United States,1898,1.928664,,,,,,2.084416,,,,.925278,Mitchell,,
USA,United States,2009,7.902954,,,,,7.9035264,,,7.902954,,1,CS1,,
USA,United States,1900,2.61255,,,,,,2.823529,,,,.925278,Mitchell,,
USA,United States,1800,1.995698,,,,,,2.156863,,,,.925278,Mitchell,,
USA,United States,1814,1.016354,,,,,,1.098431,,,,.925278,Mitchell,,
USA,United States,1920,1.143704,,,,,,1.236066,,,,.925278,Mitchell,,
USA,United States,1923,1.290605,,,,,,1.39483,,,,.925278,Mitchell,,
USA,United States,2024,10.35482,,,,,,,,10.35482,,1,CS1,,
USA,United States,2001,12.29455,,,,,11.857709,,,12.29455,,1,CS1,,
USA,United States,1883,2.883983,,,,,,3.116883,,,,.925278,Mitchell,,
USA,United States,1972,11.77631,,,,,,16.51278,,11.77631,,1,CS1,,
USA,United States,1936,3.74231,,,,,,4.044525,,,,.925278,Mitchell,,
USA,United States,1938,5.917879,,,,,,6.395784,,,,.925278,Mitchell,,
USA,United States,1942,8.087163,,,,,,8.740252,,,,.925278,Mitchell,,
USA,United States,1947,14.76668,,,,,,15.95918,,14.76668,,1,CS1,,
USA,United States,1989,10.60357,,,,,10.782402,17.56831,,10.60357,,1,CS1,,
USA,United States,1951,16.61161,,,,,,15.19976,,16.61161,,1,CS1,,
USA,United States,1959,13.54001,,,,,,15.59298,,13.54001,,1,CS1,,
USA,United States,1962,13.26926,,,,,,16.89871,,13.26926,,1,CS1,,
USA,United States,1925,2.835465,,,,,,3.064447,,,,.925278,Mitchell,,
USA,United States,1793,1.78087,,,,,,1.924686,,,,.925278,Mitchell,,
USA,United States,1949,12.63382,,,,,,14.75192,,12.63382,,1,CS1,,
USA,United States,1986,9.843435,,,,,,17.53308,,9.843435,,1,CS1,,
USA,United States,1987,9.893774,,,,,,18.25818,,9.893774,,1,CS1,,
USA,United States,1805,2.031861,,,,,,2.195946,,,,.925278,Mitchell,,
USA,United States,2003,9.277952,,,,,9.3906926,,,9.277952,,1,CS1,,
USA,United States,1934,3.414784,,,,,,3.690549,,,,.925278,Mitchell,,
USA,United States,2008,10.50371,,,,,10.276196,,,10.50371,,1,CS1,,
USA,United States,1801,2.102905,,,,,,2.272727,,,,.925278,Mitchell,,
USA,United States,2022,12.36699,,,,,12.634166,,,12.36699,,1,CS1,,
USA,United States,1838,.8421188,,,,,,.9101251,,,,.925278,Mitchell,,
USA,United States,1829,2.351535,,,,,,2.541436,,,,.925278,Mitchell,,
USA,United States,1917,1.533449,,,,,,1.657285,,,,.925278,Mitchell,,
USA,United States,1806,2.27901,,,,,,2.463054,,,,.925278,Mitchell,,
USA,United States,2007,11.09913,,,,,11.289896,,,11.09913,,1,CS1,,
USA,United States,1877,2.862865,,,,,,3.094059,,,,.925278,Mitchell,,
USA,United States,1791,,,,,,,,,,,.925278,Mitchell,,
USA,United States,1985,10.56779,,,,,,17.65878,,10.56779,,1,CS1,,
USA,United States,2016,10.64456,,,,,10.854522,,,10.64456,,1,CS1,,
USA,United States,1817,3.13524,,,,,,3.38843,,,,.925278,Mitchell,,
USA,United States,1914,1.850556,,,,,,2,,,,.925278,Mitchell,,
USA,United States,1843,.4412089,,,,,,.4768392,,,,.925278,Mitchell,,
USA,United States,1859,1.164751,,,,,,1.258812,,,,.925278,Mitchell,,
USA,United States,1994,9.983498,,,,,10.623486,,,9.983498,,1,CS1,,
USA,United States,1922,1.185005,,,,,,1.280702,,,,.925278,Mitchell,,
USA,United States,1874,2.871179,,,,,,3.103045,,,,.925278,Mitchell,,
USA,United States,1899,2.547174,,,,,,2.752874,,,,.925278,Mitchell,,
USA,United States,1946,16.77829,,,,,,18.13324,,,,.925278,Mitchell,1,1
USA,United States,1969,14.05443,,,,,,18.80901,,14.05443,,1,CS1,,
USA,United States,1967,12.30152,,,,,,17.62616,,12.30152,,1,CS1,,
USA,United States,1821,1.996893,,,,,,2.158155,,,,.925278,Mitchell,,
USA,United States,1871,4.277113,,,,,,4.622517,,,,.925278,Mitchell,,
USA,United States,1905,1.828438,,,,,,1.976096,,,,.925278,Mitchell,,
USA,United States,1797,1.911154,,,,,,2.065491,,,,.925278,Mitchell,,
USA,United States,1901,2.440588,,,,,,2.637681,,,,.925278,Mitchell,,
USA,United States,1808,3.211377,,,,,,3.470716,,,,.925278,Mitchell,,
USA,United States,1863,1.942793,,,,,,2.099686,,,,.925278,Mitchell,,
USA,United States,1940,4.773845,,,,,,5.159362,,,,.925278,Mitchell,,
USA,United States,1924,1.378631,,,,,,1.489965,,,,.925278,Mitchell,,
USA,United States,1966,12.13306,,,,,,16.42487,,12.13306,,1,CS1,,
USA,United States,1837,.556178,,,,,,.6010929,,,,.925278,Mitchell,,
USA,United States,1820,2.129832,,,,,,2.301829,,,,.925278,Mitchell,,
USA,United States,1879,2.63615,,,,,,2.849035,,,,.925278,Mitchell,,
USA,United States,1832,2.243098,,,,,,2.424242,,,,.925278,Mitchell,,
USA,United States,1963,13.40466,,,,,,17.00445,,13.40466,,1,CS1,,
USA,United States,1885,2.547993,,,,,,2.753759,,,,.925278,Mitchell,,
USA,United States,1919,1.124653,,,,,,1.215476,,,,.925278,Mitchell,,
USA,United States,1861,1.006557,,,,,,1.087843,,,,.925278,Mitchell,,
USA,United States,1916,1.298837,,,,,,1.403727,,,,.925278,Mitchell,,
USA,United States,1906,1.769957,,,,,,1.912892,,,,.925278,Mitchell,,
USA,United States,1988,10.29074,,,,,,18.04958,,10.29074,,1,CS1,,
USA,United States,1933,3.035242,,,,,,3.280357,,,,.925278,Mitchell,,
USA,United States,2012,9.407659,,,,,9.7639294,,,9.407659,,1,CS1,,
USA,United States,1799,1.626379,,,,,,1.75772,,,,.925278,Mitchell,,
USA,United States,2015,11.02896,,,,,11.18284,,,11.02896,,1,CS1,,
USA,United States,1816,4.453036,,,,,,4.812646,,,,.925278,Mitchell,,
USA,United States,1939,5.079401,,,,,,5.489595,,,,.925278,Mitchell,,
USA,United States,1867,5.979136,,,,,,6.461988,,,,.925278,Mitchell,,
USA,United States,1895,1.963719,,,,,,2.122302,,,,.925278,Mitchell,,
USA,United States,1848,1.38424,,,,,,1.496026,,,,.925278,Mitchell,,
USA,United States,2021,10.39017,,,,,11.411653,,,10.39017,,1,CS1,,
USA,United States,1953,16.11025,,,,,,18.38348,,16.11025,,1,CS1,,
USA,United States,1818,2.041054,,,,,,2.205882,,,,.925278,Mitchell,,
USA,United States,1912,1.486551,,,,,,1.606599,,,,.925278,Mitchell,,
USA,United States,1929,3.020734,,,,,,3.264678,,,,.925278,Mitchell,,
USA,United States,1907,1.832294,,,,,,1.980263,,,,.925278,Mitchell,,
USA,United States,1975,10.91718,,,,,,16.81477,,10.91718,,1,CS1,,
USA,United States,1952,15.64867,,,,,,18.49403,,15.64867,,1,CS1,,
USA,United States,1974,11.45736,,,,,,17.33198,,11.45736,,1,CS1,,
USA,United States,1950,11.96156,,,,,,13.36767,,11.96156,,1,CS1,,
USA,United States,1944,19.1087,,,,,,20.65184,,,,.925278,Mitchell,,
USA,United States,1865,4.146825,,,,,,4.481707,,,,.925278,Mitchell,,
USA,United States,2006,10.80316,,,,,11.310465,,,10.80316,,1,CS1,,
USA,United States,1896,2.135792,,,,,,2.308271,,,,.925278,Mitchell,,
USA,United States,1980,11.70224,,,,,,18.23573,,11.70224,,1,CS1,,
USA,United States,1828,2.415595,,,,,,2.61067,,,,.925278,Mitchell,,
USA,United States,2023,10.42794,,,,,10.652544,,,10.42794,,1,CS1,,
USA,United States,1824,2.21771,,,,,,2.396804,,,,.925278,Mitchell,,
USA,United States,1982,11.17011,,,,,,18.7271,,11.17011,,1,CS1,,
USA,United States,2004,8.890387,,,,,9.5374872,,,8.890387,,1,CS1,,
USA,United States,1955,13.92034,,,,,,15.81424,,13.92034,,1,CS1,,
USA,United States,2018,9.622901,,,,,9.9295346,,,9.622901,,1,CS1,,
USA,United States,1941,6.04048,,,,,,6.528287,,,,.925278,Mitchell,,
USA,United States,1931,3.40076,,,,,,3.675393,,,,.925278,Mitchell,,
USA,United States,1927,3.225311,,,,,,3.485775,,,,.925278,Mitchell,,
USA,United States,1887,2.590778,,,,,,2.8,,,,.925278,Mitchell,,
USA,United States,1926,2.979967,,,,,,3.220618,,,,.925278,Mitchell,,
USA,United States,1970,12.64769,,,,,,18.35549,,12.64769,,1,CS1,,
USA,United States,1840,.7747543,,,,,,.8373206,,,,.925278,Mitchell,,
USA,United States,1819,2.478862,,,,,,2.679045,,,,.925278,Mitchell,,
USA,United States,2002,9.658309,,,,,9.8680239,,,9.658309,,1,CS1,,
USA,United States,1997,11.40224,,,,,11.828203,,,11.40224,,1,CS1,,
USA,United States,1849,1.174956,,,,,,1.269841,,,,.925278,Mitchell,,
USA,United States,2019,9.655727,,,,,9.8847928,,,9.655727,,1,CS1,,
USA,United States,1852,1.518438,,,,,,1.641061,,,,.925278,Mitchell,,
USA,United States,1964,12.79257,,,,,,16.82056,,12.79257,,1,CS1,,
USA,United States,1855,1.260337,,,,,,1.362118,,,,.925278,Mitchell,,
USA,United States,1991,9.961353,,,,,10.320349,17.19488,,9.961353,,1,CS1,,
USA,United States,1945,19.26347,,,,,,20.81912,,,,.925278,Mitchell,,
USA,United States,1789,2.576724,,,,,,2.78481,,,,.925278,Mitchell,,
USA,United States,1957,14.45619,,,,,,17.30665,,14.45619,,1,CS1,,
USA,United States,1932,2.908695,,,,,,3.14359,,,,.925278,Mitchell,,
USA,United States,1977,10.99669,,,,,,17.13712,,10.99669,,1,CS1,,
USA,United States,1996,10.85081,,,,,11.37391,,,10.85081,,1,CS1,,
USA,United States,1911,1.646375,,,,,,1.77933,,,,.925278,Mitchell,,
USA,United States,1910,1.635619,,,,,,1.767705,,,,.925278,Mitchell,,
USA,United States,1882,2.784965,,,,,,3.009868,,,,.925278,Mitchell,,
USA,United States,1810,1.353298,,,,,,1.462585,,,,.925278,Mitchell,,
USA,United States,1981,12.13402,,,,,,18.96823,,12.13402,,1,CS1,,
USA,United States,1891,2.508531,,,,,,2.711111,,,,.925278,Mitchell,,
USA,United States,1965,12.57623,,,,,,15.941,,12.57623,,1,CS1,,
USA,United States,1834,1.110611,,,,,,1.2003,,,,.925278,Mitchell,,
USA,United States,1875,3.005465,,,,,,3.248175,,,,.925278,Mitchell,,
USA,United States,1836,1.122436,,,,,,1.21308,,,,.925278,Mitchell,,
USA,United States,1971,11.43907,,,,,,16.46419,,11.43907,,1,CS1,,
USA,United States,1876,3.099857,,,,,,3.35019,,,,.925278,Mitchell,,
USA,United States,1857,1.489007,,,,,,1.609253,,,,.925278,Mitchell,,
USA,United States,1790,,,,,,,,,,,.925278,Mitchell,,
USA,United States,1872,3.768445,,,,,,4.07277,,,,.925278,Mitchell,,
USA,United States,1868,4.652602,,,,,,5.028328,,,,.925278,Mitchell,,
USA,United States,1893,2.440588,,,,,,2.637681,,,,.925278,Mitchell,,
USA,United States,1841,.7812963,,,,,,.8443908,,,,.925278,Mitchell,,
USA,United States,1862,1.130075,,,,,,1.221336,,,,.925278,Mitchell,,
USA,United States,1796,1.626107,,,,,,1.757426,,,,.925278,Mitchell,,
USA,United States,1894,2.04883,,,,,,2.214286,,,,.925278,Mitchell,,
USA,United States,1956,14.22846,,,,,,17.04858,,14.22846,,1,CS1,,
USA,United States,1802,2.379286,,,,,,2.571429,,,,.925278,Mitchell,,
USA,United States,1995,10.51217,,,,,10.980988,,,10.51217,,1,CS1,,
USA,United States,1873,3.178998,,,,,,3.435722,,,,.925278,Mitchell,,
USA,United States,1815,1.367406,,,,,,1.477833,,,,.925278,Mitchell,,
USA,United States,1853,1.623295,,,,,,1.754386,,,,.925278,Mitchell,,
USA,United States,2017,9.908729,,,,,11.503888,,,9.908729,,1,CS1,,
USA,United States,1999,11.86417,,,,,12.259979,,,11.86417,,1,CS1,,
USA,United States,1892,2.141727,,,,,,2.314685,,,,.925278,Mitchell,,
USA,United States,1880,2.737978,,,,,,2.959087,,,,.925278,Mitchell,,
USA,United States,1961,13.13035,,,,,,17.04758,,13.13035,,1,CS1,,
USA,United States,1866,6.563018,,,,,,7.093023,,,,.925278,Mitchell,,
USA,United States,1835,1.076564,,,,,,1.163503,,,,.925278,Mitchell,,
USA,United States,1958,12.80721,,,,,,16.95644,,12.80721,,1,CS1,,
USA,United States,1878,2.780449,,,,,,3.004987,,,,.925278,Mitchell,,
USA,United States,1870,4.783751,,,,,,5.170068,,,,.925278,Mitchell,,
USA,United States,1856,1.472347,,,,,,1.591248,,,,.925278,Mitchell,,
USA,United States,1908,1.79711,,,,,,1.942238,,,,.925278,Mitchell,,
USA,United States,1984,9.93161,,,,,,17.02015,,9.93161,,1,CS1,,
USA,United States,2013,10.13579,,,,,10.46023,,,10.13579,,1,CS1,,
USA,United States,1921,1.321446,,,,,,1.428161,,,,.925278,Mitchell,,
USA,United States,1886,2.624302,,,,,,2.836231,,,,.925278,Mitchell,,
USA,United States,1993,9.578367,,,,,10.304948,,,9.578367,,1,CS1,,
USA,United States,1794,1.621621,,,,,,1.752577,,,,.925278,Mitchell,,
USA,United States,1998,11.73573,,,,,12.32982,,,11.73573,,1,CS1,,
USA,United States,1928,3.078219,,,,,,3.326804,,,,.925278,Mitchell,,
USA,United States,2010,8.062804,,,,,8.5632198,,,8.062804,,1,CS1,,
USA,United States,1888,2.555317,,,,,,2.761675,,,,.925278,Mitchell,,
USA,United States,1811,2.073899,,,,,,2.241379,,,,.925278,Mitchell,,
USA,United States,1948,14.19182,,,,,,15.56307,,14.19182,,1,CS1,,
USA,United States,1909,1.51535,,,,,,1.637725,,,,.925278,Mitchell,,
USA,United States,1943,11.11582,,,,,,12.01349,,,,.925278,Mitchell,,
USA,United States,1842,1.097891,,,,,,1.186552,,,,.925278,Mitchell,,
USA,United States,1847,1.018655,,,,,,1.100917,,,,.925278,Mitchell,,
USA,United States,1813,1.930757,,,,,,2.086677,,,,.925278,Mitchell,,
USA,United States,2000,12.40932,,,,,12.970798,,,12.40932,,1,CS1,,
USA,United States,1851,1.695536,,,,,,1.832461,,,,.925278,Mitchell,,
USA,United States,1846,1.3073,,,,,,1.412873,,,,.925278,Mitchell,,
USA,United States,1889,2.532565,,,,,,2.737086,,,,.925278,Mitchell,,
USA,United States,2011,9.349654,,,,,9.5389329,,,9.349654,,1,CS1,,
USA,United States,1844,1.47681,,,,,,1.596071,,,,.925278,Mitchell,,
USA,United States,1803,1.933983,,,,,,2.090164,,,,.925278,Mitchell,,
USA,United States,1968,12.56874,,,,,,16.57892,,12.56874,,1,CS1,,
USA,United States,2020,10.10294,,,,,10.154036,,,10.10294,,1,CS1,,
USA,United States,1903,2.080865,,,,,,2.248908,,,,.925278,Mitchell,,
USA,United States,1935,3.575284,,,,,,3.864011,,,,.925278,Mitchell,,
USA,United States,1902,2.253223,,,,,,2.435185,,,,.925278,Mitchell,,
USA,United States,1860,1.277409,,,,,,1.380568,,,,.925278,Mitchell,,
USA,United States,1954,13.63107,,,,,,18.34631,,13.63107,,1,CS1,,
USA,United States,1976,10.90967,,,,,,15.9899,,10.90967,,1,CS1,,
USA,United States,1978,10.74265,,,,,,17.18222,,10.74265,,1,CS1,,
USA,United States,1807,2.624902,,,,,,2.836879,,,,.925278,Mitchell,,
USA,United States,1983,10.07216,,,,,,16.9906,,10.07216,,1,CS1,,
USA,United States,1960,14.23056,,,,,,17.48496,,14.23056,,1,CS1,,
USA,United States,1913,1.54914,,,,,,1.674242,,,,.925278,Mitchell,,
USA,United States,1884,2.673775,,,,,,2.889699,,,,.925278,Mitchell,,
USA,United States,1831,2.069587,,,,,,2.236719,,,,.925278,Mitchell,,
USA,United States,1990,10.18231,,,,,10.465318,17.22463,,10.18231,,1,CS1,,
USA,United States,2005,10.17136,,,,,10.68173,,,10.17136,,1,CS1,,
USA,United States,1937,4.86151,,,,,,5.254107,,,,.925278,Mitchell,,
USA,United States,1830,2.181792,,,,,,2.357985,,,,.925278,Mitchell,,
USA,United States,1918,1.028221,,,,,,1.111257,,,,.925278,Mitchell,,
USA,United States,1992,9.622999,,,,,9.9841649,16.84783,,9.622999,,1,CS1,,
USA,United States,1904,1.996015,,,,,,2.157205,,,,.925278,Mitchell,,
UZB,Uzbekistan,2012,11.74182,,,,,11.741822,,,,,1,IMF_GFS,,
UZB,Uzbekistan,2017,9.263245,,,,,9.2632442,,,,,1,IMF_GFS,,
UZB,Uzbekistan,2011,10.81103,,,,,10.811031,,,,,1,IMF_GFS,,
UZB,Uzbekistan,2014,12.32107,,,,,12.321074,,,,,1,IMF_GFS,,
UZB,Uzbekistan,2022,11.98874,,,,,11.988741,,,,,1,IMF_GFS,,
UZB,Uzbekistan,2023,11.64887,,,,,11.648873,,,,,1,IMF_GFS,,
UZB,Uzbekistan,2013,12.50703,,,,,12.507033,,,,,1,IMF_GFS,,
UZB,Uzbekistan,2021,13.3608,,,,,13.360797,,,,,1,IMF_GFS,,
UZB,Uzbekistan,2020,13.39508,,,,,13.395081,,,,,1,IMF_GFS,,
UZB,Uzbekistan,2015,12.65178,,,,,12.651776,,,,,1,IMF_GFS,,
UZB,Uzbekistan,2016,12.50894,,,,,12.50894,,,,,1,IMF_GFS,,
UZB,Uzbekistan,2019,11.2154,,,,,11.215399,,,,,1,IMF_GFS,,
UZB,Uzbekistan,2018,11.59783,,,,,11.597825,,,,,1,IMF_GFS,,
VCT,Saint Vincent and the Grenadines,1986,18.23683,,,,,18.236831,,,,,1,IMF_GFS,,
VCT,Saint Vincent and the Grenadines,1999,20.69309,,,,,20.693087,,,,,1,IMF_GFS,,
VCT,Saint Vincent and the Grenadines,1997,20.56489,,,,,20.56489,,,,,1,IMF_GFS,,
VCT,Saint Vincent and the Grenadines,1980,15.51825,,,,,15.518248,,,,,1,IMF_GFS,,
VCT,Saint Vincent and the Grenadines,1978,13.02647,,,,,13.02647,,,,,1,IMF_GFS,,
VCT,Saint Vincent and the Grenadines,1992,,,,,,,,,,,1,IMF_GFS,,
VCT,Saint Vincent and the Grenadines,1990,,,,,,,,,,,1,IMF_GFS,,
VCT,Saint Vincent and the Grenadines,1981,13.67758,,,,,13.677575,,,,,1,IMF_GFS,,
VCT,Saint Vincent and the Grenadines,1995,,,,,,,,,,,1,IMF_GFS,,
VCT,Saint Vincent and the Grenadines,1984,17.17103,,,,,17.171033,,,,,1,IMF_GFS,,
VCT,Saint Vincent and the Grenadines,1988,18.06399,,,,,18.063993,,,,,1,IMF_GFS,,
VCT,Saint Vincent and the Grenadines,1991,,,,,,,,,,,1,IMF_GFS,,
VCT,Saint Vincent and the Grenadines,1983,18.60102,,,,,18.601019,,,,,1,IMF_GFS,,
VCT,Saint Vincent and the Grenadines,1998,21.17422,,,,,21.174225,,,,,1,IMF_GFS,,
VCT,Saint Vincent and the Grenadines,1985,18.43692,,,,,18.436925,,,,,1,IMF_GFS,,
VCT,Saint Vincent and the Grenadines,1996,,,,,,,,,,,1,IMF_GFS,,
VCT,Saint Vincent and the Grenadines,1994,,,,,,,,,,,1,IMF_GFS,,
VCT,Saint Vincent and the Grenadines,1979,14.48217,,,,,14.482171,,,,,1,IMF_GFS,,
VCT,Saint Vincent and the Grenadines,1989,19.00618,,,,,19.006177,,,,,1,IMF_GFS,,
VCT,Saint Vincent and the Grenadines,1982,16.40893,,,,,16.408929,,,,,1,IMF_GFS,,
VCT,Saint Vincent and the Grenadines,1993,,,,,,,,,,,1,IMF_GFS,,
VCT,Saint Vincent and the Grenadines,1987,18.58384,,,,,18.583842,,,,,1,IMF_GFS,,
VEN,Venezuela,1956,25.165,,,,,,25.165,,,,1,Mitchell,,
VEN,Venezuela,1965,16.68421,,,,,,16.68421,,,,1,Mitchell,,
VEN,Venezuela,1968,17.00444,,,,,,17.00444,,,,1,Mitchell,,
VEN,Venezuela,1966,16.9725,,,,,,16.9725,,,,1,Mitchell,,
VEN,Venezuela,1983,18.17241,,,,,,18.17241,,,,1,Mitchell,,
VEN,Venezuela,1955,15.42778,,,,,,15.42778,,,,1,Mitchell,,
VEN,Venezuela,1975,30.76271,,,,,,30.76271,,,,1,Mitchell,,
VEN,Venezuela,1988,13.52806,,,,,,13.52806,,,,1,Mitchell,,
VEN,Venezuela,1973,19.49726,,,,,,19.49726,,,,1,Mitchell,,
VEN,Venezuela,1958,18.868,,,,,,18.868,,,,1,Mitchell,,
VEN,Venezuela,1977,23.46154,,,,,,23.46154,,,,1,Mitchell,,
VEN,Venezuela,1982,22.43986,,,,,,22.43986,,,,1,Mitchell,,
VEN,Venezuela,1992,12.44251,,,,,,12.44251,,,,1,Mitchell,,
VEN,Venezuela,1990,15.13822,,,,,,15.13822,,,,1,Mitchell,,
VEN,Venezuela,1978,20.59172,,,,,,20.59172,,,,1,Mitchell,,
VEN,Venezuela,1972,17.47049,,,,,,17.47049,,,,1,Mitchell,,
VEN,Venezuela,1970,15.76154,,,,,,15.76154,,,,1,Mitchell,,
VEN,Venezuela,1980,22.24409,,,,,,22.24409,,,,1,Mitchell,,
VEN,Venezuela,1950,13.39167,,,,,,13.39167,,,,1,Mitchell,,
VEN,Venezuela,1952,12.88571,,,,,,12.88571,,,,1,Mitchell,,
VEN,Venezuela,1991,16.99374,,,,,,16.99374,,,,1,Mitchell,,
VEN,Venezuela,1989,13.62252,,,,,,13.62252,,,,1,Mitchell,,
VEN,Venezuela,1981,30.42105,,,,,,30.42105,,,,1,Mitchell,,
VEN,Venezuela,1986,13.59918,,,,,,13.59918,,,,1,Mitchell,,
VEN,Venezuela,1985,20.10753,,,,,,20.10753,,,,1,Mitchell,,
VEN,Venezuela,1951,13.50769,,,,,,13.50769,,,,1,Mitchell,,
VEN,Venezuela,1961,8.52963,,,,,,8.52963,,,,1,Mitchell,,
VEN,Venezuela,1976,24.96296,,,,,,24.96296,,,,1,Mitchell,,
VEN,Venezuela,1964,17.53611,,,,,,17.53611,,,,1,Mitchell,,
VEN,Venezuela,1984,17.88095,,,,,,17.88095,,,,1,Mitchell,,
VEN,Venezuela,1974,35.73839,,,,,,35.73839,,,,1,Mitchell,,
VEN,Venezuela,1953,13.67333,,,,,,13.67333,,,,1,Mitchell,,
VEN,Venezuela,1954,13.26875,,,,,,13.26875,,,,1,Mitchell,,
VEN,Venezuela,1957,18.00417,,,,,,18.00417,,,,1,Mitchell,,
VEN,Venezuela,1960,18.84615,,,,,,18.84615,,,,1,Mitchell,,
VEN,Venezuela,1987,12.44253,,,,,,12.44253,,,,1,Mitchell,,
VEN,Venezuela,1963,18.30625,,,,,,18.30625,,,,1,Mitchell,,
VEN,Venezuela,1967,17.75476,,,,,,17.75476,,,,1,Mitchell,,
VEN,Venezuela,1971,17.88772,,,,,,17.88772,,,,1,Mitchell,,
VEN,Venezuela,1979,20.28846,,,,,,20.28846,,,,1,Mitchell,,
VEN,Venezuela,1962,17.30333,,,,,,17.30333,,,,1,Mitchell,,
VEN,Venezuela,1969,16.22826,,,,,,16.22826,,,,1,Mitchell,,
VEN,Venezuela,1959,17.24615,,,,,,17.24615,,,,1,Mitchell,,
VUT,Vanuatu,1998,17.73552,,,,,17.735522,,,,,1,IMF_GFS,,
VUT,Vanuatu,1989,18.91143,,,,,18.911427,,,,,1,IMF_GFS,,
VUT,Vanuatu,1990,20.1855,,,,,20.185499,,,,,1,IMF_GFS,,
VUT,Vanuatu,1987,18.76726,,,,,18.767255,,,,,1,IMF_GFS,,
VUT,Vanuatu,1991,,,,,,,,,,,1,IMF_GFS,,
VUT,Vanuatu,1988,19.04445,,,,,19.044455,,,,,1,IMF_GFS,,
VUT,Vanuatu,1997,18.09128,,,,,18.091283,,,,,1,IMF_GFS,,
VUT,Vanuatu,1994,,,,,,,,,,,1,IMF_GFS,,
VUT,Vanuatu,1983,12.83492,,,,,12.834925,,,,,1,IMF_GFS,,
VUT,Vanuatu,1993,,,,,,,,,,,1,IMF_GFS,,
VUT,Vanuatu,1982,11.69239,,,,,11.692391,,,,,1,IMF_GFS,,
VUT,Vanuatu,1999,17.12485,,,,,17.124852,,,,,1,IMF_GFS,,
VUT,Vanuatu,1981,10.26833,,,,,10.268326,,,,,1,IMF_GFS,,
VUT,Vanuatu,1985,16.55196,,,,,16.551958,,,,,1,IMF_GFS,,
VUT,Vanuatu,1984,14.43142,,,,,14.431421,,,,,1,IMF_GFS,,
VUT,Vanuatu,1986,16.51257,,,,,16.512568,,,,,1,IMF_GFS,,
VUT,Vanuatu,1992,,,,,,,,,,,1,IMF_GFS,,
VUT,Vanuatu,1995,17.90131,,,,,17.901311,,,,,1,IMF_GFS,,
VUT,Vanuatu,1996,18.57162,,,,,18.571625,,,,,1,IMF_GFS,,
WSM,Samoa,2013,22.69419,,,,,22.694186,,,,,1,IMF_GFS,,
WSM,Samoa,2023,26.79815,,,,,26.798148,,,,,1,IMF_GFS,,
WSM,Samoa,2017,23.48328,,,,,23.483284,,,,,1,IMF_GFS,,
WSM,Samoa,2018,23.88151,,,,,23.881511,,,,,1,IMF_GFS,,
WSM,Samoa,2014,23.68292,,,,,23.682922,,,,,1,IMF_GFS,,
WSM,Samoa,2022,25.64997,,,,,25.649967,,,,,1,IMF_GFS,,
WSM,Samoa,2012,20.53861,,,,,20.538609,,,,,1,IMF_GFS,,
WSM,Samoa,2016,22.97079,,,,,22.970786,,,,,1,IMF_GFS,,
WSM,Samoa,2020,24.42299,,,,,24.422994,,,,,1,IMF_GFS,,
WSM,Samoa,2015,22.53866,,,,,22.53866,,,,,1,IMF_GFS,,
WSM,Samoa,2019,24.39475,,,,,24.394749,,,,,1,IMF_GFS,,
WSM,Samoa,2021,25.02896,,,,,25.028965,,,,,1,IMF_GFS,,
ZAF,South Africa,2001,21.48762,,,,,21.487622,,,19.94666,,1,IMF_GFS,,
ZAF,South Africa,2002,20.61471,,,,,20.614708,,,18.95808,,1,IMF_GFS,,
ZAF,South Africa,2014,23.87857,,,,,23.878572,,,22.36913,,1,IMF_GFS,,
ZAF,South Africa,2021,25.12404,,,,,25.12404,,,,,1,IMF_GFS,,
ZAF,South Africa,2020,22.50833,,,,,22.508332,,,,,1,IMF_GFS,,
ZAF,South Africa,1996,20.77902,,,,,20.779021,,,19.78606,,1,IMF_GFS,,
ZAF,South Africa,2017,24.03574,,,,,24.035737,,,23.0411,,1,IMF_GFS,,
ZAF,South Africa,1997,21.02251,,,,,21.022507,,,20.61561,,1,IMF_GFS,,
ZAF,South Africa,2010,22.04692,,,,,22.046918,,,21.34298,,1,IMF_GFS,,
ZAF,South Africa,2023,24.75575,,,,,24.755747,,,,,1,IMF_GFS,,
ZAF,South Africa,2008,23.98413,,,,,23.984131,,,20.34279,,1,IMF_GFS,,
ZAF,South Africa,2009,21.44515,,,,,21.445154,,,20.46944,,1,IMF_GFS,,
ZAF,South Africa,2018,24.09055,,,,,24.090547,,,22.89142,,1,IMF_GFS,,
ZAF,South Africa,1998,21.70666,,,,,21.706662,,,20.49066,,1,IMF_GFS,,
ZAF,South Africa,2012,22.85046,,,,,22.850458,,,21.56197,,1,IMF_GFS,,
ZAF,South Africa,2013,23.3003,,,,,23.300305,,,21.99577,,1,IMF_GFS,,
ZAF,South Africa,2016,24.06251,,,,,24.062507,,,22.50656,,1,IMF_GFS,,
ZAF,South Africa,1995,19.67173,,,,,,,,19.67173,,1,CS1,1,1
ZAF,South Africa,2000,20.77052,,,,,20.770516,,,20.64847,,1,IMF_GFS,,
ZAF,South Africa,2004,21.42229,,,,,21.422291,,,21.0406,,1,IMF_GFS,,
ZAF,South Africa,2019,24.13532,,,,,24.135323,,,21.58342,,1,IMF_GFS,,
ZAF,South Africa,1994,19.0971,,,,,,,,19.0971,,1,CS1,,
ZAF,South Africa,1999,21.52703,,,,,21.527034,,,19.3271,,1,IMF_GFS,,
ZAF,South Africa,2022,25.33331,,,,,25.333315,,,,,1,IMF_GFS,,
ZAF,South Africa,2011,22.36403,,,,,22.364035,,,21.23298,,1,IMF_GFS,,
ZAF,South Africa,2007,24.45685,,,,,24.456854,,,22.48966,,1,IMF_GFS,,
ZAF,South Africa,2003,20.25715,,,,,20.257146,,,19.52036,,1,IMF_GFS,,
ZAF,South Africa,2006,24.03735,,,,,24.037347,,,22.36942,,1,IMF_GFS,,
ZAF,South Africa,2015,24.29262,,,,,24.292618,,,22.81028,,1,IMF_GFS,,
ZAF,South Africa,1993,19.37504,,,,,,,,19.37504,,1,CS1,,
ZAF,South Africa,2005,22.6699,,,,,22.669897,,,21.99987,,1,IMF_GFS,,
ZWE,Zimbabwe,1992,97.32397,,,,,97.323974,,,,,1,IMF_GFS,,
ZWE,Zimbabwe,1993,128.9042,,,,,128.90424,,,,,1,IMF_GFS,,
ZWE,Zimbabwe,1995,172.7025,,,,,172.70249,,,,,1,IMF_GFS,,
ZWE,Zimbabwe,1991,62.57911,,,,,62.57911,,,,,1,IMF_GFS,,
ZWE,Zimbabwe,1996,191.1001,,,,,191.10011,,,,,1,IMF_GFS,,
ZWE,Zimbabwe,1994,140.0436,,,,,140.04359,,,,,1,IMF_GFS,,
ZWE,Zimbabwe,1990,45.69923,,,,,45.699236,,,,,1,IMF_GFS,,
ZWE,Zimbabwe,1997,259.1426,,,,,259.14259,,,,,1,IMF_GFS,,
