ISO3,countryname,year,gen_govdef_GDP,ADB,AMF,ECLAC,EUS,IMF_FPP,IMF_GFS,IMF_WEO,IMF_WEO_forecast,OECD_EO,CS2,CS1,chainlinking_ratio,source,source_change,source_change_count
ABW,Aruba,1995,-.834,,,,,-.8336168,,-.834,,,,,1,IMF_WEO,,
ABW,Aruba,1996,-2.343,,,,,-2.34349,,-2.343,,,,,1,IMF_WEO,,
ABW,Aruba,1997,-2.102,,,,,-2.10213,,-2.102,,,,,1,IMF_WEO,,
ABW,Aruba,1998,.114,,,,,.1139328,,.114,,,,,1,IMF_WEO,,
ABW,Aruba,1999,.086,,,,,.0855949,,.086,,,,,1,IMF_WEO,,
ABW,Aruba,2000,.645,,,,,.644936,,.645,,,,,1,IMF_WEO,,
ABW,Aruba,2001,-.835,,,,,-.8353282,,-.835,,,,,1,IMF_WEO,,
ABW,Aruba,2002,-3.169,,,,,-3.168732,,-3.169,,,,,1,IMF_WEO,,
ABW,Aruba,2003,1.896,,,,,1.896117,,1.896,,,,,1,IMF_WEO,,
ABW,Aruba,2004,-8.531,,,,,-8.530898,,-8.531,,,,,1,IMF_WEO,,
ABW,Aruba,2005,-2.957,,,,,-2.957016,,-2.957,,,,,1,IMF_WEO,,
ABW,Aruba,2006,-2.541,,,,,-2.54146,,-2.541,,,,,1,IMF_WEO,,
ABW,Aruba,2007,-1.046,,,,,-1.045858,,-1.046,,,,,1,IMF_WEO,,
ABW,Aruba,2008,1.466,,,,,1.465952,,1.466,,,,,1,IMF_WEO,,
ABW,Aruba,2009,-2.631,,,,,-2.631134,,-2.631,,,,,1,IMF_WEO,,
ABW,Aruba,2010,-3.487,,,,,-3.486738,,-3.487,,,,,1,IMF_WEO,,
ABW,Aruba,2011,-6.429,,,,,-6.428934,,-6.429,,,,,1,IMF_WEO,,
ABW,Aruba,2012,-8.955,,,,,-8.954925,,-8.955,,,,,1,IMF_WEO,,
ABW,Aruba,2013,-6.048,,,,,-6.047696,,-6.048,,,,,1,IMF_WEO,,
ABW,Aruba,2014,-7.459,,,,,-7.458532,,-7.459,,,,,1,IMF_WEO,,
ABW,Aruba,2015,-1.475,,,,,-1.475284,,-1.475,,,,,1,IMF_WEO,,
ABW,Aruba,2016,-1.455,,,,,-1.454978,,-1.455,,,,,1,IMF_WEO,,
ABW,Aruba,2017,-2.587,,,,,-2.587021,,-2.587,,,,,1,IMF_WEO,,
ABW,Aruba,2018,-2.641,,,,,-2.641026,,-2.641,,,,,1,IMF_WEO,,
ABW,Aruba,2019,-.243,,,,,-.2425678,,-.243,,,,,1,IMF_WEO,,
ABW,Aruba,2020,-16.23,,,,,-16.23022,,-16.23,,,,,1,IMF_WEO,,
ABW,Aruba,2021,-9.161,,,,,-9.160815,,-9.161,,,,,1,IMF_WEO,,
ABW,Aruba,2022,-.465,,,,,-.4650338,,-.465,,,,,1,IMF_WEO,,
ABW,Aruba,2023,2.579962,,,,,2.579962,,,2.5799999,,,,1,IMF_FPP,1,2
ABW,Aruba,2024,2.35,,,,,,,,2.3499999,,,,1,IMF_WEO_forecast,1,2
ABW,Aruba,2025,1.904,,,,,,,,1.904,,,,1,IMF_WEO_forecast,,
ABW,Aruba,2026,1.931,,,,,,,,1.931,,,,1,IMF_WEO_forecast,,
ABW,Aruba,2027,1.743,,,,,,,,1.743,,,,1,IMF_WEO_forecast,,
ABW,Aruba,2028,1.643,,,,,,,,1.643,,,,1,IMF_WEO_forecast,,
ABW,Aruba,2029,1.483,,,,,,,,1.483,,,,1,IMF_WEO_forecast,,
AFG,Afghanistan,2002,-.098,,,,,,,-.098,,,,,1,IMF_WEO,,
AFG,Afghanistan,2003,-2.102,,,,,,,-2.102,,,,,1,IMF_WEO,,
AFG,Afghanistan,2004,-2.393,,,,,,,-2.393,,,,,1,IMF_WEO,,
AFG,Afghanistan,2005,-.917,,,,,,,-.917,,,,,1,IMF_WEO,,
AFG,Afghanistan,2006,.684,,,,,,-1.9538804,.684,,,,,1,IMF_WEO,,
AFG,Afghanistan,2007,-2.462,,,,,,-1.9638507,-2.462,,,,,1,IMF_WEO,,
AFG,Afghanistan,2008,-3.864,,,,,,-2.2719726,-3.864,,,,,1,IMF_WEO,,
AFG,Afghanistan,2009,-1.761,.12424273,,,,,.47889707,-1.761,,,,,1,IMF_WEO,,
AFG,Afghanistan,2010,.933,2.4142693,,,,,1.5985712,.933,,,,,1,IMF_WEO,,
AFG,Afghanistan,2011,-.672,-.5099494,,,,,-.42561962,-.672,,,,,1,IMF_WEO,,
AFG,Afghanistan,2012,.182,-.6468744,,,,,-.52695124,.182,,,,,1,IMF_WEO,,
AFG,Afghanistan,2013,-.631,3.5752734,,,,,2.2644508,-.631,,,,,1,IMF_WEO,,
AFG,Afghanistan,2014,-1.719,-1.6867357,,,,,-1.9366215,-1.719,,,,,1,IMF_WEO,,
AFG,Afghanistan,2015,-1.378,-1.3618855,,,,,-1.2764596,-1.378,,,,,1,IMF_WEO,,
AFG,Afghanistan,2016,.127,.24318423,,,,,.576741,.127,,,,,1,IMF_WEO,,
AFG,Afghanistan,2017,-.673,-.44299227,,,,,.33137367,-.673,,,,,1,IMF_WEO,,
AFG,Afghanistan,2018,1.634,.80187457,,,,,,1.634,,,,,1,IMF_WEO,,
AFG,Afghanistan,2019,-1.058,-1.7081331,,,,,,-1.058,,,,,1,IMF_WEO,,
AFG,Afghanistan,2020,-2.243,-4.4266178,,,,,,-2.243,,,,,1,IMF_WEO,,
AFG,Afghanistan,2021,-.485,,,,,,,-.485,,,,,1,IMF_WEO,,
AFG,Afghanistan,2022,-.997,,,,,,,-.997,,,,,1,IMF_WEO,,
AFG,Afghanistan,2023,-1.358,,,,,,,-1.358,,,,,1,IMF_WEO,,
AGO,Angola,1996,5.216,,,,,5.216056,,5.216,,,,,1,IMF_WEO,,
AGO,Angola,1997,-.269,,,,,-.2688312,,-.269,,,,,1,IMF_WEO,,
AGO,Angola,1998,-5.924,,,,,-5.924151,,-5.924,,,,,1,IMF_WEO,,
AGO,Angola,1999,-9.399,,,,,-9.398899,,-9.399,,,,,1,IMF_WEO,,
AGO,Angola,2000,2.021,,,,,2.021409,,2.021,,,,,1,IMF_WEO,,
AGO,Angola,2001,2.805,,,,,2.804729,,2.805,,,,,1,IMF_WEO,,
AGO,Angola,2002,-2.245,,,,,-2.244911,,-2.245,,,,,1,IMF_WEO,,
AGO,Angola,2003,-4.102,,,,,-4.102132,,-4.102,,,,,1,IMF_WEO,,
AGO,Angola,2004,1.032,,,,,1.032485,,1.032,,,,,1,IMF_WEO,,
AGO,Angola,2005,6.404,,,,,6.403893,,6.404,,,,,1,IMF_WEO,,
AGO,Angola,2006,8.415,,,,,8.415091,,8.415,,,,,1,IMF_WEO,,
AGO,Angola,2007,3.853,,,,,3.853129,,3.853,,,,,1,IMF_WEO,,
AGO,Angola,2008,-3.796,,,,,-3.795656,,-3.796,,,,,1,IMF_WEO,,
AGO,Angola,2009,-6.796,,,,,-6.795682,,-6.796,,,,,1,IMF_WEO,,
AGO,Angola,2010,2.977,,,,,2.977498,,2.977,,,,,1,IMF_WEO,,
AGO,Angola,2011,7.195,,,,,7.195411,,7.195,,,,,1,IMF_WEO,,
AGO,Angola,2012,3.685,,,,,3.684622,,3.685,,,,,1,IMF_WEO,,
AGO,Angola,2013,-.27,,,,,-.2701004,,-.27,,,,,1,IMF_WEO,,
AGO,Angola,2014,-5.069,,,,,-5.068611,,-5.069,,,,,1,IMF_WEO,,
AGO,Angola,2015,-2.575,,,,,-2.574527,,-2.575,,,,,1,IMF_WEO,,
AGO,Angola,2016,-3.983,,,,,-3.98297,,-3.983,,,,,1,IMF_WEO,,
AGO,Angola,2017,-5.747,,,,,-5.747314,,-5.747,,,,,1,IMF_WEO,,
AGO,Angola,2018,2.03,,,,,2.029861,2.0209751,2.03,,,,,1,IMF_WEO,,
AGO,Angola,2019,.693,,,,,.6926086,-.19650916,.693,,,,,1,IMF_WEO,,
AGO,Angola,2020,-1.659,,,,,-1.658856,-3.5155482,-1.659,,,,,1,IMF_WEO,,
AGO,Angola,2021,3.399,,,,,3.398512,1.333476,3.399,,,,,1,IMF_WEO,,
AGO,Angola,2022,1.739527,,,,,.5844175,1.7395268,,.58399999,,,,1,IMF_GFS,1,2
AGO,Angola,2023,-2.568365,,,,,-1.87578,-2.5683651,,-1.876,,,,1,IMF_GFS,,
AGO,Angola,2024,1.573,,,,,,,,1.573,,,,1,IMF_WEO_forecast,1,2
AGO,Angola,2025,1.259,,,,,,,,1.2589999,,,,1,IMF_WEO_forecast,,
AGO,Angola,2026,.909,,,,,,,,.90899998,,,,1,IMF_WEO_forecast,,
AGO,Angola,2027,.899,,,,,,,,.89899999,,,,1,IMF_WEO_forecast,,
AGO,Angola,2028,.768,,,,,,,,.76800001,,,,1,IMF_WEO_forecast,,
AGO,Angola,2029,-.185,,,,,,,,-.185,,,,1,IMF_WEO_forecast,,
ALB,Albania,1997,-11.902,,,,,-11.90205,,-11.902,,,,,1,IMF_WEO,,
ALB,Albania,1998,-9.926,,,,,-9.925556,,-9.926,,,,,1,IMF_WEO,,
ALB,Albania,1999,-8.841,,,,,-8.841428,,-8.841,,,,,1,IMF_WEO,,
ALB,Albania,2000,-7.772,,,,,-7.772064,,-7.772,,,,,1,IMF_WEO,,
ALB,Albania,2001,-6.837,,,,,-6.837166,,-6.837,,,,,1,IMF_WEO,,
ALB,Albania,2002,-6.212,,,,,-6.211611,,-6.212,,,,,1,IMF_WEO,,
ALB,Albania,2003,-5.006,,,,,-5.006109,,-5.006,,,,,1,IMF_WEO,,
ALB,Albania,2004,-5.163,,,,,-5.162748,,-5.163,,,,,1,IMF_WEO,,
ALB,Albania,2005,-3.458,,,,,-3.457788,-3.5584692,-3.458,,,,,1,IMF_WEO,,
ALB,Albania,2006,-3.263,,,,,-3.263216,-3.4024895,-3.263,,,,,1,IMF_WEO,,
ALB,Albania,2007,-3.179,,,,,-3.179137,-3.5501311,-3.179,,,,,1,IMF_WEO,,
ALB,Albania,2008,-4.884,,,,,-4.884198,-5.5755807,-4.884,,,,,1,IMF_WEO,,
ALB,Albania,2009,-6.586,,,,,-6.586478,-6.9936577,-6.586,,,,,1,IMF_WEO,,
ALB,Albania,2010,-3.52,,,,,-3.520122,-3.5210899,-3.52,,,,,1,IMF_WEO,,
ALB,Albania,2011,-3.516,,,,,-3.516312,-3.9728291,-3.516,,,,,1,IMF_WEO,,
ALB,Albania,2012,-3.441,,,,,-3.4406,-4.0502447,-3.441,,,,,1,IMF_WEO,,
ALB,Albania,2013,-5.215,,,,,-5.215219,-5.4517348,-5.215,,,,,1,IMF_WEO,,
ALB,Albania,2014,-5.458,,,,,-5.457544,-3.001162,-5.458,,,,,1,IMF_WEO,,
ALB,Albania,2015,-4.318,,,,,-4.317811,-3.1862987,-4.318,,,,,1,IMF_WEO,,
ALB,Albania,2016,-1.498,,,,,-1.49759,-2.4416393,-1.498,,,,,1,IMF_WEO,,
ALB,Albania,2017,-1.406,,,,,-1.405554,-1.4425211,-1.406,,,,,1,IMF_WEO,,
ALB,Albania,2018,-1.62,,,,,-1.620354,-1.2607531,-1.62,,,,,1,IMF_WEO,,
ALB,Albania,2019,-1.866,,,,,-1.866474,-1.6660661,-1.866,,,,,1,IMF_WEO,,
ALB,Albania,2020,-6.7,,,,,-6.699744,-6.59167,-6.7,,,,,1,IMF_WEO,,
ALB,Albania,2021,-4.597,,,,,-4.596993,-4.5235369,-4.597,,,,,1,IMF_WEO,,
ALB,Albania,2022,-3.281589,,,,,-3.658241,-3.2815888,,-3.658,,,,1,IMF_GFS,1,2
ALB,Albania,2023,-1.216454,,,,,-1.352213,-1.2164538,,-1.352,,,,1,IMF_GFS,,
ALB,Albania,2024,-2.194,,,,,,,,-2.194,,,,1,IMF_WEO_forecast,1,2
ALB,Albania,2025,-2.583,,,,,,,,-2.5829999,,,,1,IMF_WEO_forecast,,
ALB,Albania,2026,-2.64,,,,,,,,-2.6400001,,,,1,IMF_WEO_forecast,,
ALB,Albania,2027,-2.651,,,,,,,,-2.651,,,,1,IMF_WEO_forecast,,
ALB,Albania,2028,-2.578,,,,,,,,-2.5780001,,,,1,IMF_WEO_forecast,,
ALB,Albania,2029,-2.43,,,,,,,,-2.4300001,,,,1,IMF_WEO_forecast,,
AND,Andorra,2001,.658,,,,,,,.658,,,,,1,IMF_WEO,,
AND,Andorra,2002,.978,,,,,,,.978,,,,,1,IMF_WEO,,
AND,Andorra,2003,1.764,,,,,,,1.764,,,,,1,IMF_WEO,,
AND,Andorra,2004,1.855,,,,,,,1.855,,,,,1,IMF_WEO,,
AND,Andorra,2005,-.081,,,,,,,-.081,,,,,1,IMF_WEO,,
AND,Andorra,2006,-1.436,,,,,,,-1.436,,,,,1,IMF_WEO,,
AND,Andorra,2007,-2.828,,,,,,,-2.828,,,,,1,IMF_WEO,,
AND,Andorra,2008,-3.192,,,,,,,-3.192,,,,,1,IMF_WEO,,
AND,Andorra,2009,-3.51,,,,,,,-3.51,,,,,1,IMF_WEO,,
AND,Andorra,2010,-.349,,,,,,,-.349,,,,,1,IMF_WEO,,
AND,Andorra,2011,.405,,,,,,,.405,,,,,1,IMF_WEO,,
AND,Andorra,2012,-1.653,,,,,,,-1.653,,,,,1,IMF_WEO,,
AND,Andorra,2013,3.36,,,,,,,3.36,,,,,1,IMF_WEO,,
AND,Andorra,2014,2.143,,,,,,,2.143,,,,,1,IMF_WEO,,
AND,Andorra,2015,1.654,,,,,,,1.654,,,,,1,IMF_WEO,,
AND,Andorra,2016,4.068,,,,,,,4.068,,,,,1,IMF_WEO,,
AND,Andorra,2017,3.338,,,,,,,3.338,,,,,1,IMF_WEO,,
AND,Andorra,2018,2.671,,,,,,2.8053964,2.671,,,,,1,IMF_WEO,,
AND,Andorra,2019,2.306,,,,,,2.4649722,2.306,,,,,1,IMF_WEO,,
AND,Andorra,2020,-1.057,,,,,,-.92512714,-1.057,,,,,1,IMF_WEO,,
AND,Andorra,2021,-1.163,,,,,,-1.1350167,-1.163,,,,,1,IMF_WEO,,
AND,Andorra,2022,4.844,,,,,,4.8429061,4.844,,,,,1,IMF_WEO,,
AND,Andorra,2023,2.197521,,,,,,2.1975208,,2.3,,,,1,IMF_GFS,1,2
AND,Andorra,2024,1.704,,,,,,,,1.704,,,,1,IMF_WEO_forecast,1,2
AND,Andorra,2025,1.473,,,,,,,,1.473,,,,1,IMF_WEO_forecast,,
AND,Andorra,2026,1.483,,,,,,,,1.483,,,,1,IMF_WEO_forecast,,
AND,Andorra,2027,1.427,,,,,,,,1.427,,,,1,IMF_WEO_forecast,,
AND,Andorra,2028,1.509,,,,,,,,1.5089999,,,,1,IMF_WEO_forecast,,
AND,Andorra,2029,1.43,,,,,,,,1.4299999,,,,1,IMF_WEO_forecast,,
ARE,United Arab Emirates,1991,3.89,,,,,3.89017,,3.89,,,,,1,IMF_WEO,,
ARE,United Arab Emirates,1992,3.337,,,,,3.337218,,3.337,,,,,1,IMF_WEO,,
ARE,United Arab Emirates,1993,-2.886,,,,,-2.885748,,-2.886,,,,,1,IMF_WEO,,
ARE,United Arab Emirates,1994,-1.784,,,,,-1.783644,,-1.784,,,,,1,IMF_WEO,,
ARE,United Arab Emirates,1995,3.583,,,,,3.582604,,3.583,,,,,1,IMF_WEO,,
ARE,United Arab Emirates,1996,.917,,,,,.9167317,,.917,,,,,1,IMF_WEO,,
ARE,United Arab Emirates,1997,6.711,,,,,6.711356,,6.711,,,,,1,IMF_WEO,,
ARE,United Arab Emirates,1998,.996,,,,,.995933,,.996,,,,,1,IMF_WEO,,
ARE,United Arab Emirates,1999,1.306,,,,,1.306052,,1.306,,,,,1,IMF_WEO,,
ARE,United Arab Emirates,2000,10.66,,,,,10.66036,,10.66,,,,,1,IMF_WEO,,
ARE,United Arab Emirates,2001,1.205,,,,,1.205321,,1.205,,,,,1,IMF_WEO,,
ARE,United Arab Emirates,2002,-1.238,,,,,-1.237839,,-1.238,,,,,1,IMF_WEO,,
ARE,United Arab Emirates,2003,2.352,,,,,2.351606,,2.352,,,,,1,IMF_WEO,,
ARE,United Arab Emirates,2004,6.4,,,,,6.400208,,6.4,,,,,1,IMF_WEO,,
ARE,United Arab Emirates,2005,15.987,,,,,15.98714,,15.987,,,,,1,IMF_WEO,,
ARE,United Arab Emirates,2006,20.15,,,,,20.15003,,20.15,,,,,1,IMF_WEO,,
ARE,United Arab Emirates,2007,17.126,,,,,17.12593,,17.126,,,,,1,IMF_WEO,,
ARE,United Arab Emirates,2008,17.638,,,,,17.63793,,17.638,,,,,1,IMF_WEO,,
ARE,United Arab Emirates,2009,-6.127,,,,,-6.126634,,-6.127,,,,,1,IMF_WEO,,
ARE,United Arab Emirates,2010,.532,,,,,.5316963,,.532,,,,,1,IMF_WEO,,
ARE,United Arab Emirates,2011,5.166,,,,,5.165951,2.721955,5.166,,,,,1,IMF_WEO,,
ARE,United Arab Emirates,2012,8.771,,,,,8.770937,3.7299078,8.771,,,,,1,IMF_WEO,1,6
ARE,United Arab Emirates,2013,2.67347,,2.67347,,,8.182848,2.6059203,8.183,,,,,1,AMF,,
ARE,United Arab Emirates,2014,1.911038,,1.911038,,,1.788839,-2.2327647,1.789,,,,,1,AMF,,
ARE,United Arab Emirates,2015,-3.363277,,-3.363277,,,-6.55508,-6.5550798,-6.555,,,,,1,AMF,,
ARE,United Arab Emirates,2016,-2.420858,,-2.420858,,,-3.051306,-3.0513055,-3.051,,,,,1,AMF,,
ARE,United Arab Emirates,2017,-.1986072,,-.1986072,,,-.1643327,-.16433273,-.164,,,,,1,AMF,,
ARE,United Arab Emirates,2018,3.818468,,3.818468,,,3.769506,3.7695058,3.77,,,,,1,AMF,,
ARE,United Arab Emirates,2019,2.570799,,2.570799,,,2.590181,2.5901808,2.59,,,,,1,AMF,,
ARE,United Arab Emirates,2020,-2.468,,,,,-2.46829,-2.4682899,-2.468,,,,,1,IMF_WEO,1,6
ARE,United Arab Emirates,2021,3.051174,,3.051174,,,4.032642,4.0326421,4.033,,,,,1,AMF,1,6
ARE,United Arab Emirates,2022,9.974,,,,,9.973872,9.9738725,9.974,,,,,1,IMF_WEO,1,6
ARE,United Arab Emirates,2023,5.913517,,,,,4.958124,5.9135163,,4.9580002,,,,1,IMF_GFS,1,6
ARE,United Arab Emirates,2024,4.802,,,,,,,,4.802,,,,1,IMF_WEO_forecast,1,6
ARE,United Arab Emirates,2025,4.354,,,,,,,,4.3540001,,,,1,IMF_WEO_forecast,,
ARE,United Arab Emirates,2026,4.235,,,,,,,,4.2350001,,,,1,IMF_WEO_forecast,,
ARE,United Arab Emirates,2027,4.17,,,,,,,,4.1700001,,,,1,IMF_WEO_forecast,,
ARE,United Arab Emirates,2028,4.108,,,,,,,,4.1079998,,,,1,IMF_WEO_forecast,,
ARE,United Arab Emirates,2029,4.067,,,,,,,,4.0669999,,,,1,IMF_WEO_forecast,,
ARG,Argentina,1865,-.78599,,,,,-.78599,,,,,,,1,IMF_FPP,,
ARG,Argentina,1866,-2.09111,,,,,-2.09111,,,,,,,1,IMF_FPP,,
ARG,Argentina,1867,-1.07971,,,,,-1.07971,,,,,,,1,IMF_FPP,,
ARG,Argentina,1868,-1.79772,,,,,-1.79772,,,,,,,1,IMF_FPP,,
ARG,Argentina,1869,-1.60891,,,,,-1.60891,,,,,,,1,IMF_FPP,,
ARG,Argentina,1870,-2.73512,,,,,-2.73512,,,,,,,1,IMF_FPP,,
ARG,Argentina,1871,-5.53736,,,,,-5.53736,,,,,,,1,IMF_FPP,,
ARG,Argentina,1872,-1.18293,,,,,-1.18293,,,,,,,1,IMF_FPP,,
ARG,Argentina,1873,-1.39318,,,,,-1.39318,,,,,,,1,IMF_FPP,,
ARG,Argentina,1874,-2.59377,,,,,-2.59377,,,,,,,1,IMF_FPP,,
ARG,Argentina,1875,-3.08305,,,,,-3.08305,,,,,,,1,IMF_FPP,,
ARG,Argentina,1876,-4.15362,,,,,-4.15362,,,,,,,1,IMF_FPP,,
ARG,Argentina,1877,-1.67669,,,,,-1.67669,,,,,,,1,IMF_FPP,,
ARG,Argentina,1878,-1.08495,,,,,-1.08495,,,,,,,1,IMF_FPP,,
ARG,Argentina,1879,-1.0898,,,,,-1.0898,,,,,,,1,IMF_FPP,,
ARG,Argentina,1880,-2.14978,,,,,-2.14978,,,,,,,1,IMF_FPP,,
ARG,Argentina,1881,-2.30827,,,,,-2.30827,,,,,,,1,IMF_FPP,,
ARG,Argentina,1882,-5.41596,,,,,-5.41596,,,,,,,1,IMF_FPP,,
ARG,Argentina,1883,-4.18548,,,,,-4.18548,,,,,,,1,IMF_FPP,,
ARG,Argentina,1884,-4.06794,,,,,-4.06794,,,,,,,1,IMF_FPP,,
ARG,Argentina,1885,-2.66807,,,,,-2.66807,,,,,,,1,IMF_FPP,,
ARG,Argentina,1886,-2.38812,,,,,-2.38812,,,,,,,1,IMF_FPP,,
ARG,Argentina,1887,.35467,,,,,.35467,,,,,,,1,IMF_FPP,,
ARG,Argentina,1888,-.6863699,,,,,-.6863699,,,,,,,1,IMF_FPP,,
ARG,Argentina,1889,-2.876659,,,,,-2.876659,,,,,,,1,IMF_FPP,,
ARG,Argentina,1890,-1.81723,,,,,-1.81723,,,,,,,1,IMF_FPP,,
ARG,Argentina,1891,-4.48423,,,,,-4.48423,,,,,,,1,IMF_FPP,,
ARG,Argentina,1892,-1.33005,,,,,-1.33005,,,,,,,1,IMF_FPP,,
ARG,Argentina,1893,.0603399,,,,,.0603399,,,,,,,1,IMF_FPP,,
ARG,Argentina,1894,-1.06352,,,,,-1.06352,,,,,,,1,IMF_FPP,,
ARG,Argentina,1895,-1.59317,,,,,-1.59317,,,,,,,1,IMF_FPP,,
ARG,Argentina,1896,-4.18935,,,,,-4.18935,,,,,,,1,IMF_FPP,,
ARG,Argentina,1897,-1.45674,,,,,-1.45674,,,,,,,1,IMF_FPP,,
ARG,Argentina,1898,-9.31258,,,,,-9.31258,,,,,,,1,IMF_FPP,,
ARG,Argentina,1899,-.3984499,,,,,-.3984499,,,,,,,1,IMF_FPP,,
ARG,Argentina,1900,-.4178801,,,,,-.4178801,,,,,,,1,IMF_FPP,,
ARG,Argentina,1901,-.5432997,,,,,-.5432997,,,,,,,1,IMF_FPP,,
ARG,Argentina,1902,-2.20091,,,,,-2.20091,,,,,,,1,IMF_FPP,,
ARG,Argentina,1903,-.2532897,,,,,-.2532897,,,,,,,1,IMF_FPP,,
ARG,Argentina,1904,.15446,,,,,.15446,,,,,,,1,IMF_FPP,,
ARG,Argentina,1905,-3.523099,,,,,-3.523099,,,,,,,1,IMF_FPP,,
ARG,Argentina,1906,-.3249497,,,,,-.3249497,,,,,,,1,IMF_FPP,,
ARG,Argentina,1907,-.2002602,,,,,-.2002602,,,,,,,1,IMF_FPP,,
ARG,Argentina,1908,.2788796,,,,,.2788796,,,,,,,1,IMF_FPP,,
ARG,Argentina,1909,-2.57127,,,,,-2.57127,,,,,,,1,IMF_FPP,,
ARG,Argentina,1910,-2.235149,,,,,-2.235149,,,,,,,1,IMF_FPP,,
ARG,Argentina,1911,-2.18726,,,,,-2.18726,,,,,,,1,IMF_FPP,,
ARG,Argentina,1912,-.7756901,,,,,-.7756901,,,,,,,1,IMF_FPP,,
ARG,Argentina,1913,-.6117902,,,,,-.6117902,,,,,,,1,IMF_FPP,,
ARG,Argentina,1914,-3.02506,,,,,-3.02506,,,,,,,1,IMF_FPP,,
ARG,Argentina,1915,-2.63756,,,,,-2.63756,,,,,,,1,IMF_FPP,,
ARG,Argentina,1916,-2.13053,,,,,-2.13053,,,,,,,1,IMF_FPP,,
ARG,Argentina,1917,-2.18347,,,,,-2.18347,,,,,,,1,IMF_FPP,,
ARG,Argentina,1918,-1.13567,,,,,-1.13567,,,,,,,1,IMF_FPP,,
ARG,Argentina,1919,-.30406,,,,,-.30406,,,,,,,1,IMF_FPP,,
ARG,Argentina,1920,.1986299,,,,,.1986299,,,,,,,1,IMF_FPP,,
ARG,Argentina,1921,-.9855304,,,,,-.9855304,,,,,,,1,IMF_FPP,,
ARG,Argentina,1922,-1.86314,,,,,-1.86314,,,,,,,1,IMF_FPP,,
ARG,Argentina,1923,-.9313898,,,,,-.9313898,,,,,,,1,IMF_FPP,,
ARG,Argentina,1924,-.6786599,,,,,-.6786599,,,,,,,1,IMF_FPP,,
ARG,Argentina,1925,-.4636698,,,,,-.4636698,,,,,,,1,IMF_FPP,,
ARG,Argentina,1926,-1.00004,,,,,-1.00004,,,,,,,1,IMF_FPP,,
ARG,Argentina,1927,-3.29941,,,,,-3.29941,,,,,,,1,IMF_FPP,,
ARG,Argentina,1928,-1.52131,,,,,-1.52131,,,,,,,1,IMF_FPP,,
ARG,Argentina,1929,-1.94636,,,,,-1.94636,,,,,,,1,IMF_FPP,,
ARG,Argentina,1930,-3.94048,,,,,-3.94048,,,,,,,1,IMF_FPP,,
ARG,Argentina,1931,-2.97589,,,,,-2.97589,,,,,,,1,IMF_FPP,,
ARG,Argentina,1932,-1.1907,,,,,-1.1907,,,,,,,1,IMF_FPP,,
ARG,Argentina,1933,-1.27055,,,,,-1.27055,,,,,,,1,IMF_FPP,,
ARG,Argentina,1934,-1.56237,,,,,-1.56237,,,,,,,1,IMF_FPP,,
ARG,Argentina,1935,-1.1561,,,,,-1.1561,,,,,,,1,IMF_FPP,,
ARG,Argentina,1936,-1.43816,,,,,-1.43816,,,,,,,1,IMF_FPP,,
ARG,Argentina,1937,-1.61594,,,,,-1.61594,,,,,,,1,IMF_FPP,,
ARG,Argentina,1938,-2.09355,,,,,-2.09355,,,,,,,1,IMF_FPP,,
ARG,Argentina,1939,-3.0936,,,,,-3.0936,,,,,,,1,IMF_FPP,,
ARG,Argentina,1940,-2.31357,,,,,-2.31357,,,,,,,1,IMF_FPP,,
ARG,Argentina,1941,-2.85285,,,,,-2.85285,,,,,,,1,IMF_FPP,,
ARG,Argentina,1942,-2.902451,,,,,-2.902451,,,,,,,1,IMF_FPP,,
ARG,Argentina,1943,-3.861001,,,,,-3.861001,,,,,,,1,IMF_FPP,,
ARG,Argentina,1944,-4.61232,,,,,-4.61232,,,,,,,1,IMF_FPP,,
ARG,Argentina,1945,-5.245009,,,,,-5.245009,,,,,,,1,IMF_FPP,,
ARG,Argentina,1946,-4.12193,,,,,-4.12193,,,,,,,1,IMF_FPP,,
ARG,Argentina,1947,-1.60103,,,,,-1.60103,,,,,,,1,IMF_FPP,,
ARG,Argentina,1948,-2.7319,,,,,-2.7319,,,,,,,1,IMF_FPP,,
ARG,Argentina,1949,-3.97917,,,,,-3.97917,,,,,,,1,IMF_FPP,,
ARG,Argentina,1950,-3.382979,,,,,-3.382979,,,,,,,1,IMF_FPP,,
ARG,Argentina,1951,-3.52261,,,,,-3.52261,,,,,,,1,IMF_FPP,,
ARG,Argentina,1952,-3.01203,,,,,-3.01203,,,,,,,1,IMF_FPP,,
ARG,Argentina,1953,-3.0958,,,,,-3.0958,,,,,,,1,IMF_FPP,,
ARG,Argentina,1954,-3.21361,,,,,-3.21361,,,,,,,1,IMF_FPP,,
ARG,Argentina,1955,-3.747809,,,,,-3.747809,,,,,,,1,IMF_FPP,,
ARG,Argentina,1956,-3.77291,,,,,-3.77291,,,,,,,1,IMF_FPP,,
ARG,Argentina,1957,-2.72453,,,,,-2.72453,,,,,,,1,IMF_FPP,,
ARG,Argentina,1958,-6.60985,,,,,-6.60985,,,,,,,1,IMF_FPP,,
ARG,Argentina,1959,-4.824969,,,,,-4.824969,,,,,,,1,IMF_FPP,,
ARG,Argentina,1960,-1.98477,,,,,-1.98477,,,,,,,1,IMF_FPP,,
ARG,Argentina,1961,1.7294,,,,,1.7294,,,,,,,1,IMF_FPP,,
ARG,Argentina,1962,-.4678001,,,,,-.4678001,,,,,,,1,IMF_FPP,,
ARG,Argentina,1963,-.6522999,,,,,-.6522999,,,,,,,1,IMF_FPP,,
ARG,Argentina,1964,-1.3382,,,,,-1.3382,,,,,,,1,IMF_FPP,,
ARG,Argentina,1965,-.8858004,,,,,-.8858004,,,,,,,1,IMF_FPP,,
ARG,Argentina,1966,-.9779997,,,,,-.9779997,,,,,,,1,IMF_FPP,,
ARG,Argentina,1967,.6582003,,,,,.6582003,,,,,,,1,IMF_FPP,,
ARG,Argentina,1968,.2535,,,,,.2535,,,,,,,1,IMF_FPP,,
ARG,Argentina,1969,.5379,,,,,.5379,,,,,,,1,IMF_FPP,,
ARG,Argentina,1970,1.0115,,,,,1.0115,,,,,,,1,IMF_FPP,,
ARG,Argentina,1971,.3220997,,,,,.3220997,,,,,,,1,IMF_FPP,,
ARG,Argentina,1972,-.1157999,,,,,-.1157999,,,,,,,1,IMF_FPP,,
ARG,Argentina,1973,-1.4769,,,,,-1.4769,,,,,,,1,IMF_FPP,,
ARG,Argentina,1974,-1.0801,,,,,-1.0801,,,,,,,1,IMF_FPP,,
ARG,Argentina,1975,-2.90337,,,,,-2.90337,,,,,,,1,IMF_FPP,,
ARG,Argentina,1976,-2.3905,,,,,-2.3905,,,,,,,1,IMF_FPP,,
ARG,Argentina,1977,-.5423994,,,,,-.5423994,,,,,,,1,IMF_FPP,,
ARG,Argentina,1978,-1.3615,,,,,-1.3615,,,,,,,1,IMF_FPP,,
ARG,Argentina,1979,-1.502,,,,,-1.502,,,,,,,1,IMF_FPP,,
ARG,Argentina,1980,-1.1367,,,,,-1.1367,,,,,,,1,IMF_FPP,,
ARG,Argentina,1981,-3.928899,,,,,-3.928899,,,,,,,1,IMF_FPP,,
ARG,Argentina,1982,-4.6772,,,,,-4.6772,,,,,,,1,IMF_FPP,,
ARG,Argentina,1983,-2.8862,,,,,-2.8862,,,,,,,1,IMF_FPP,,
ARG,Argentina,1984,-1.3854,,,,,-1.3854,,,,,,,1,IMF_FPP,,
ARG,Argentina,1985,3.595699,,,,,3.595699,,,,,,,1,IMF_FPP,,
ARG,Argentina,1986,3.299899,,,,,3.299899,,,,,,,1,IMF_FPP,,
ARG,Argentina,1987,1.885,,,,,1.885,,,,,,,1,IMF_FPP,,
ARG,Argentina,1988,-1.7457,,,,,-1.7457,,,,,,,1,IMF_FPP,,
ARG,Argentina,1989,-.2473001,,,,,-.2473001,,,,,,,1,IMF_FPP,,
ARG,Argentina,1990,-.1372004,,,,,-.1372004,,,,,,,1,IMF_FPP,,
ARG,Argentina,1991,.9645996,,,,,.9645996,,,,,,,1,IMF_FPP,,
ARG,Argentina,1992,1.5389,,,,,1.5389,,,,,,,1,IMF_FPP,1,3
ARG,Argentina,1993,-.024,,,,,2.981999,,-.024,,,,,1,IMF_WEO,,
ARG,Argentina,1994,-1.25,,,,,.9568996,,-1.25,,,,,1,IMF_WEO,,
ARG,Argentina,1995,-2.075,,,,,.2312994,,-2.075,,,,,1,IMF_WEO,,
ARG,Argentina,1996,-2.811,,,,,-.9607,,-2.811,,,,,1,IMF_WEO,,
ARG,Argentina,1997,-1.838,,,,,-1.837621,,-1.838,,,,,1,IMF_WEO,,
ARG,Argentina,1998,-1.827,,,,,-1.827434,,-1.827,,,,,1,IMF_WEO,,
ARG,Argentina,1999,-3.705,,,,,-3.705086,,-3.705,,,,,1,IMF_WEO,,
ARG,Argentina,2000,-3.417,,,,,-3.416751,,-3.417,,,,,1,IMF_WEO,,
ARG,Argentina,2001,-5.364,,,,,-5.364146,,-5.364,,,,,1,IMF_WEO,,
ARG,Argentina,2002,-1.91,,,,,-1.91015,-5.7357172,-1.91,,,,,1,IMF_WEO,,
ARG,Argentina,2003,1.5,,,,,1.500146,-2.1190411,1.5,,,,,1,IMF_WEO,,
ARG,Argentina,2004,3.967,,,,,3.966895,.61880556,3.967,,,,,1,IMF_WEO,,
ARG,Argentina,2005,3.341,,,,,3.340623,,3.341,,,,,1,IMF_WEO,,
ARG,Argentina,2006,1.65,,,,,1.65007,,1.65,,,,,1,IMF_WEO,,
ARG,Argentina,2007,.757,,,,,.7569745,,.757,,,,,1,IMF_WEO,,
ARG,Argentina,2008,.352,,,,,.3519729,,.352,,,,,1,IMF_WEO,,
ARG,Argentina,2009,-1.83,,,,,-1.830044,,-1.83,,,,,1,IMF_WEO,,
ARG,Argentina,2010,-1.393,,,,,-1.393455,,-1.393,,,,,1,IMF_WEO,,
ARG,Argentina,2011,-2.746,,,,,-2.745648,,-2.746,,,,,1,IMF_WEO,,
ARG,Argentina,2012,-3.018,,,,,-3.018056,,-3.018,,,,,1,IMF_WEO,,
ARG,Argentina,2013,-3.254,,,,,-3.253829,,-3.254,,,,,1,IMF_WEO,,
ARG,Argentina,2014,-4.252,,,,,-4.252429,,-4.252,,,,,1,IMF_WEO,,
ARG,Argentina,2015,-6.001,,,,,-6.000558,,-6.001,,,,,1,IMF_WEO,,
ARG,Argentina,2016,-6.655,,,,,-6.654669,,-6.655,,,,,1,IMF_WEO,,
ARG,Argentina,2017,-6.693,,,,,-6.693341,,-6.693,,,,,1,IMF_WEO,,
ARG,Argentina,2018,-5.441,,,,,-5.441145,,-5.441,,,,,1,IMF_WEO,,
ARG,Argentina,2019,-4.445,,,,,-4.444757,,-4.445,,,,,1,IMF_WEO,,
ARG,Argentina,2020,-8.674,,,,,-8.674071,,-8.674,,,,,1,IMF_WEO,,
ARG,Argentina,2021,-4.333,,,,,-4.332952,,-4.333,,,,,1,IMF_WEO,,
ARG,Argentina,2022,-3.844,,,,,-3.843683,,-3.844,,,,,1,IMF_WEO,,
ARG,Argentina,2023,-5.361717,,,,,-5.361717,,,-5.362,,,,1,IMF_FPP,1,3
ARG,Argentina,2024,-.088,,,,,,,,-.088,,,,1,IMF_WEO_forecast,1,3
ARG,Argentina,2025,.185,,,,,,,,.185,,,,1,IMF_WEO_forecast,,
ARG,Argentina,2026,.919,,,,,,,,.91900003,,,,1,IMF_WEO_forecast,,
ARG,Argentina,2027,1.133,,,,,,,,1.133,,,,1,IMF_WEO_forecast,,
ARG,Argentina,2028,1.319,,,,,,,,1.319,,,,1,IMF_WEO_forecast,,
ARG,Argentina,2029,1.329,,,,,,,,1.329,,,,1,IMF_WEO_forecast,,
ARM,Armenia,2000,-3.432782,-3.4327818,,,,,,,,,,,1,ADB,,
ARM,Armenia,2001,-2.527718,-2.5277177,,,,,,,,,,,1,ADB,,
ARM,Armenia,2002,-1.61648,-1.6164798,,,,,,,,,,,1,ADB,,
ARM,Armenia,2003,-.8622665,-.86226649,,,,,,,,,,,1,ADB,1,4
ARM,Armenia,2004,-.7933767,-1.10672,,,,,-.79337669,,,,,,1,IMF_GFS,1,4
ARM,Armenia,2005,-1.976,-1.2237294,,,,,-.72217749,-1.976,,,,,1,IMF_WEO,,
ARM,Armenia,2006,-1.95,-.82019353,,,,,-.25948211,-1.95,,,,,1,IMF_WEO,,
ARM,Armenia,2007,-2.334,2.5520024,,,,,-.69724666,-2.334,,,,,1,IMF_WEO,,
ARM,Armenia,2008,-1.757,-.70677924,,,,,-.65282955,-1.757,,,,,1,IMF_WEO,,
ARM,Armenia,2009,-7.686,-7.611079,,,,,-7.498182,-7.686,,,,,1,IMF_WEO,,
ARM,Armenia,2010,-4.979,-4.9581108,,,,,-4.9011738,-4.979,,,,,1,IMF_WEO,,
ARM,Armenia,2011,-2.875,-2.8434343,,,,,-2.8112621,-2.875,,,,,1,IMF_WEO,,
ARM,Armenia,2012,-1.493,-1.4494753,,,,,-1.3496433,-1.493,,,,,1,IMF_WEO,,
ARM,Armenia,2013,-1.593,-1.5112455,,,,,-1.5087595,-1.593,,,,,1,IMF_WEO,,
ARM,Armenia,2014,-1.943,-1.8756284,,,,,-1.7763171,-1.943,,,,,1,IMF_WEO,,
ARM,Armenia,2015,-4.837,-4.8033363,,,,,-4.5417763,-4.837,,,,,1,IMF_WEO,,
ARM,Armenia,2016,-5.632,-5.515479,,,,,-5.4157534,-5.632,,,,,1,IMF_WEO,,
ARM,Armenia,2017,-4.785,-4.7592109,,,,,-4.0195239,-4.785,,,,,1,IMF_WEO,,
ARM,Armenia,2018,-1.752,-1.6003485,,,,,-1.6970158,-1.752,,,,,1,IMF_WEO,,
ARM,Armenia,2019,-.977,-.80029043,,,,,-.35658754,-.977,,,,,1,IMF_WEO,,
ARM,Armenia,2020,-5.403,-5.1146778,,,,,-4.9148819,-5.403,,,,,1,IMF_WEO,,
ARM,Armenia,2021,-4.584,-4.5550138,,,,,-4.3946672,-4.584,,,,,1,IMF_WEO,,
ARM,Armenia,2022,-2.093792,-2.2289939,,,,,-2.0937921,,-2.1110001,,,,1,IMF_GFS,1,4
ARM,Armenia,2023,-1.838224,-1.9278939,,,,,-1.8382241,,-2.027,,,,1,IMF_GFS,,
ARM,Armenia,2024,-4.753,,,,,,,,-4.7529998,,,,1,IMF_WEO_forecast,1,4
ARM,Armenia,2025,-5.497,,,,,,,,-5.4970002,,,,1,IMF_WEO_forecast,,
ARM,Armenia,2026,-4.696,,,,,,,,-4.6960001,,,,1,IMF_WEO_forecast,,
ARM,Armenia,2027,-4.275,,,,,,,,-4.2750001,,,,1,IMF_WEO_forecast,,
ARM,Armenia,2028,-3.624,,,,,,,,-3.6240001,,,,1,IMF_WEO_forecast,,
ARM,Armenia,2029,-3.045,,,,,,,,-3.0450001,,,,1,IMF_WEO_forecast,,
ATG,Antigua and Barbuda,1990,.123,,,,,.1230976,,.123,,,,,1,IMF_WEO,,
ATG,Antigua and Barbuda,1991,-3.91,,,,,-3.9105,,-3.91,,,,,1,IMF_WEO,,
ATG,Antigua and Barbuda,1992,-.812,,,,,-.8118026,,-.812,,,,,1,IMF_WEO,,
ATG,Antigua and Barbuda,1993,-2.445,,,,,-2.445485,,-2.445,,,,,1,IMF_WEO,,
ATG,Antigua and Barbuda,1994,-4.333,,,,,-4.332994,,-4.333,,,,,1,IMF_WEO,,
ATG,Antigua and Barbuda,1995,-3.891,,,,,-3.890953,,-3.891,,,,,1,IMF_WEO,,
ATG,Antigua and Barbuda,1996,-1.611,,,,,-1.611253,,-1.611,,,,,1,IMF_WEO,1,4
ATG,Antigua and Barbuda,1997,-2.22e-16,,,,,-2.22e-16,,,,,,,1,IMF_FPP,1,4
ATG,Antigua and Barbuda,1998,-1.62,,,,,-1.620423,,-1.62,,,,,1,IMF_WEO,,
ATG,Antigua and Barbuda,1999,-3.076,,,,,-3.076416,,-3.076,,,,,1,IMF_WEO,,
ATG,Antigua and Barbuda,2000,-4.505,,,,,-4.505287,,-4.505,,,,,1,IMF_WEO,,
ATG,Antigua and Barbuda,2001,-8.578,,,,,-8.578218,,-8.578,,,,,1,IMF_WEO,,
ATG,Antigua and Barbuda,2002,-8.83,,,,,-8.830417,,-8.83,,,,,1,IMF_WEO,,
ATG,Antigua and Barbuda,2003,-7.323,,,,,-7.323073,,-7.323,,,,,1,IMF_WEO,,
ATG,Antigua and Barbuda,2004,-3.902,,,,,-3.90199,,-3.902,,,,,1,IMF_WEO,,
ATG,Antigua and Barbuda,2005,-4.295,,,,,-4.294961,,-4.295,,,,,1,IMF_WEO,,
ATG,Antigua and Barbuda,2006,-6.625,,,,,-6.62514,,-6.625,,,,,1,IMF_WEO,,
ATG,Antigua and Barbuda,2007,-4.979,,,,,-4.979024,,-4.979,,,,,1,IMF_WEO,,
ATG,Antigua and Barbuda,2008,-4.716,,,,,-4.715961,,-4.716,,,,,1,IMF_WEO,,
ATG,Antigua and Barbuda,2009,-15.802,,,,,-15.80178,,-15.802,,,,,1,IMF_WEO,,
ATG,Antigua and Barbuda,2010,-.245,,,,,-.2449377,,-.245,,,,,1,IMF_WEO,,
ATG,Antigua and Barbuda,2011,-3.091,,,,,-3.090603,,-3.091,,,,,1,IMF_WEO,,
ATG,Antigua and Barbuda,2012,-.975,,,,,-.9745538,,-.975,,,,,1,IMF_WEO,,
ATG,Antigua and Barbuda,2013,-3.829,,,,,-3.829349,,-3.829,,,,,1,IMF_WEO,,
ATG,Antigua and Barbuda,2014,-2.601,,,,,-2.60122,,-2.601,,,,,1,IMF_WEO,,
ATG,Antigua and Barbuda,2015,-2.417,,,,,-2.417137,,-2.417,,,,,1,IMF_WEO,,
ATG,Antigua and Barbuda,2016,-.14,,,,,-.1402613,,-.14,,,,,1,IMF_WEO,,
ATG,Antigua and Barbuda,2017,-2.724,,,,,-2.723645,,-2.724,,,,,1,IMF_WEO,,
ATG,Antigua and Barbuda,2018,-2.43,,,,,-2.429782,,-2.43,,,,,1,IMF_WEO,,
ATG,Antigua and Barbuda,2019,-3.643,,,,,-3.6425,,-3.643,,,,,1,IMF_WEO,,
ATG,Antigua and Barbuda,2020,-6.23,,,,,-6.230483,,-6.23,,,,,1,IMF_WEO,,
ATG,Antigua and Barbuda,2021,-4.522,,,,,-4.521945,,-4.522,,,,,1,IMF_WEO,,
ATG,Antigua and Barbuda,2022,-2.841,,,,,-2.841206,,-2.841,,,,,1,IMF_WEO,,
ATG,Antigua and Barbuda,2023,-1.708327,,,,,-1.708327,,,-1.7079999,,,,1,IMF_FPP,1,4
ATG,Antigua and Barbuda,2024,-1.111,,,,,,,,-1.1109999,,,,1,IMF_WEO_forecast,1,4
ATG,Antigua and Barbuda,2025,-1.092,,,,,,,,-1.092,,,,1,IMF_WEO_forecast,,
ATG,Antigua and Barbuda,2026,-.847,,,,,,,,-.847,,,,1,IMF_WEO_forecast,,
ATG,Antigua and Barbuda,2027,-.69,,,,,,,,-.69,,,,1,IMF_WEO_forecast,,
ATG,Antigua and Barbuda,2028,-.646,,,,,,,,-.64600003,,,,1,IMF_WEO_forecast,,
ATG,Antigua and Barbuda,2029,-.521,,,,,,,,-.52100003,,,,1,IMF_WEO_forecast,,
AUS,Australia,1850,.0341787,,,,,,,,,,.0341787,,1,CS2,,
AUS,Australia,1851,2.043274,,,,,,,,,,2.043274,,1,CS2,,
AUS,Australia,1852,3.011659,,,,,,,,,,3.011659,,1,CS2,,
AUS,Australia,1853,1.191876,,,,,,,,,,1.191876,,1,CS2,,
AUS,Australia,1854,-2.680419,,,,,,,,,,-2.680419,,1,CS2,,
AUS,Australia,1855,-1.228945,,,,,,,,,,-1.228945,,1,CS2,,
AUS,Australia,1856,.1582138,,,,,,,,,,.1582138,,1,CS2,,
AUS,Australia,1857,.5142992,,,,,,,,,,.5142992,,1,CS2,,
AUS,Australia,1858,.5121743,,,,,,,,,,.5121743,,1,CS2,,
AUS,Australia,1859,-.2112922,,,,,,,,,,-.2112922,,1,CS2,,
AUS,Australia,1860,-.3851856,,,,,,,,,,-.3851856,,1,CS2,1,5
AUS,Australia,1861,,,,,,,,,,,,,1,IMF_FPP,,
AUS,Australia,1862,,,,,,,,,,,,,1,IMF_FPP,,
AUS,Australia,1863,,,,,,,,,,,,,1,IMF_FPP,,
AUS,Australia,1864,,,,,,,,,,,,,1,IMF_FPP,,
AUS,Australia,1865,,,,,,,,,,,,,1,IMF_FPP,,
AUS,Australia,1866,,,,,,,,,,,,,1,IMF_FPP,,
AUS,Australia,1867,,,,,,,,,,,,,1,IMF_FPP,,
AUS,Australia,1868,,,,,,,,,,,,,1,IMF_FPP,,
AUS,Australia,1869,,,,,,,,,,,,,1,IMF_FPP,,
AUS,Australia,1870,,,,,,,,,,,,,1,IMF_FPP,,
AUS,Australia,1871,,,,,,,,,,,,,1,IMF_FPP,,
AUS,Australia,1872,,,,,,,,,,,,,1,IMF_FPP,,
AUS,Australia,1873,,,,,,,,,,,,,1,IMF_FPP,,
AUS,Australia,1874,,,,,,,,,,,,,1,IMF_FPP,,
AUS,Australia,1875,,,,,,,,,,,,,1,IMF_FPP,,
AUS,Australia,1876,,,,,,,,,,,,,1,IMF_FPP,,
AUS,Australia,1877,,,,,,,,,,,,,1,IMF_FPP,,
AUS,Australia,1878,,,,,,,,,,,,,1,IMF_FPP,,
AUS,Australia,1879,,,,,,,,,,,,,1,IMF_FPP,,
AUS,Australia,1880,,,,,,,,,,,,,1,IMF_FPP,,
AUS,Australia,1881,,,,,,,,,,,,,1,IMF_FPP,,
AUS,Australia,1882,,,,,,,,,,,,,1,IMF_FPP,,
AUS,Australia,1883,,,,,,,,,,,,,1,IMF_FPP,,
AUS,Australia,1884,,,,,,,,,,,,,1,IMF_FPP,,
AUS,Australia,1885,,,,,,,,,,,,,1,IMF_FPP,,
AUS,Australia,1886,,,,,,,,,,,,,1,IMF_FPP,,
AUS,Australia,1887,,,,,,,,,,,,,1,IMF_FPP,,
AUS,Australia,1888,,,,,,,,,,,,,1,IMF_FPP,,
AUS,Australia,1889,,,,,,,,,,,,,1,IMF_FPP,,
AUS,Australia,1890,,,,,,,,,,,,,1,IMF_FPP,,
AUS,Australia,1891,,,,,,,,,,,,,1,IMF_FPP,,
AUS,Australia,1892,,,,,,,,,,,,,1,IMF_FPP,,
AUS,Australia,1893,,,,,,,,,,,,,1,IMF_FPP,,
AUS,Australia,1894,,,,,,,,,,,,,1,IMF_FPP,,
AUS,Australia,1895,,,,,,,,,,,,,1,IMF_FPP,,
AUS,Australia,1896,,,,,,,,,,,,,1,IMF_FPP,,
AUS,Australia,1897,,,,,,,,,,,,,1,IMF_FPP,,
AUS,Australia,1898,,,,,,,,,,,,,1,IMF_FPP,,
AUS,Australia,1899,,,,,,,,,,,,,1,IMF_FPP,,
AUS,Australia,1900,,,,,,,,,,,,,1,IMF_FPP,,
AUS,Australia,1901,,,,,,,,,,,,,1,IMF_FPP,,
AUS,Australia,1902,,,,,,,,,,,,,1,IMF_FPP,,
AUS,Australia,1903,,,,,,,,,,,,,1,IMF_FPP,,
AUS,Australia,1904,,,,,,,,,,,,,1,IMF_FPP,,
AUS,Australia,1905,,,,,,,,,,,,,1,IMF_FPP,,
AUS,Australia,1906,,,,,,,,,,,,,1,IMF_FPP,,
AUS,Australia,1907,,,,,,,,,,,,,1,IMF_FPP,,
AUS,Australia,1908,,,,,,,,,,,,,1,IMF_FPP,,
AUS,Australia,1909,,,,,,,,,,,,,1,IMF_FPP,,
AUS,Australia,1910,,,,,,,,,,,,,1,IMF_FPP,,
AUS,Australia,1911,,,,,,,,,,,,,1,IMF_FPP,,
AUS,Australia,1912,,,,,,,,,,,,,1,IMF_FPP,,
AUS,Australia,1913,,,,,,,,,,,,,1,IMF_FPP,,
AUS,Australia,1914,-.28935,,,,,-.28935,,,,,,,1,IMF_FPP,,
AUS,Australia,1915,-1.10979,,,,,-1.10979,,,,,,,1,IMF_FPP,,
AUS,Australia,1916,-3.46749,,,,,-3.46749,,,,,,,1,IMF_FPP,,
AUS,Australia,1917,-4.99022,,,,,-4.99022,,,,,,,1,IMF_FPP,,
AUS,Australia,1918,-4.3597,,,,,-4.3597,,,,,,,1,IMF_FPP,,
AUS,Australia,1919,-4.80349,,,,,-4.80349,,,,,,,1,IMF_FPP,,
AUS,Australia,1920,-2.42617,,,,,-2.42617,,,,,,,1,IMF_FPP,,
AUS,Australia,1921,-2.00434,,,,,-2.00434,,,,,,,1,IMF_FPP,,
AUS,Australia,1922,-.9433999,,,,,-.9433999,,,,,,,1,IMF_FPP,,
AUS,Australia,1923,-.33112,,,,,-.33112,,,,,,,1,IMF_FPP,,
AUS,Australia,1924,-.50351,,,,,-.50351,,,,,,,1,IMF_FPP,,
AUS,Australia,1925,-.2555199,,,,,-.2555199,,,,,,,1,IMF_FPP,,
AUS,Australia,1926,-.3074203,,,,,-.3074203,,,,,,,1,IMF_FPP,,
AUS,Australia,1927,-.50318,,,,,-.50318,,,,,,,1,IMF_FPP,,
AUS,Australia,1928,-.6900501,,,,,-.6900501,,,,,,,1,IMF_FPP,,
AUS,Australia,1929,-.5257096,,,,,-.5257096,,,,,,,1,IMF_FPP,,
AUS,Australia,1930,-1.00255,,,,,-1.00255,,,,,,,1,IMF_FPP,,
AUS,Australia,1931,-.8003101,,,,,-.8003101,,,,,,,1,IMF_FPP,,
AUS,Australia,1932,.0247898,,,,,.0247898,,,,,,,1,IMF_FPP,,
AUS,Australia,1933,.2769003,,,,,.2769003,,,,,,,1,IMF_FPP,,
AUS,Australia,1934,.2802401,,,,,.2802401,,,,,,,1,IMF_FPP,,
AUS,Australia,1935,.2374301,,,,,.2374301,,,,,,,1,IMF_FPP,,
AUS,Australia,1936,.1715398,,,,,.1715398,,,,,,,1,IMF_FPP,,
AUS,Australia,1937,.2795601,,,,,.2795601,,,,,,,1,IMF_FPP,,
AUS,Australia,1938,.2423301,,,,,.2423301,,,,,,,1,IMF_FPP,,
AUS,Australia,1939,.76965,,,,,.76965,,,,,,,1,IMF_FPP,,
AUS,Australia,1940,.5050497,,,,,.5050497,,,,,,,1,IMF_FPP,,
AUS,Australia,1941,-2.14449,,,,,-2.14449,,,,,,,1,IMF_FPP,,
AUS,Australia,1942,-5.1662,,,,,-5.1662,,,,,,,1,IMF_FPP,,
AUS,Australia,1943,-12.4213,,,,,-12.4213,,,,,,,1,IMF_FPP,,
AUS,Australia,1944,-11.8072,,,,,-11.8072,,,,,,,1,IMF_FPP,,
AUS,Australia,1945,-8.867001,,,,,-8.867001,,,,,,,1,IMF_FPP,,
AUS,Australia,1946,-4.088599,,,,,-4.088599,,,,,,,1,IMF_FPP,,
AUS,Australia,1947,-.4485998,,,,,-.4485998,,,,,,,1,IMF_FPP,,
AUS,Australia,1948,2.0016,,,,,2.0016,,,,,,,1,IMF_FPP,,
AUS,Australia,1949,.7168999,,,,,.7168999,,,,,,,1,IMF_FPP,,
AUS,Australia,1950,4.294901,,,,,4.294901,,,,,,,1,IMF_FPP,,
AUS,Australia,1951,1.8456,,,,,1.8456,,,,,,,1,IMF_FPP,,
AUS,Australia,1952,-.4403,,,,,-.4403,,,,,,,1,IMF_FPP,,
AUS,Australia,1953,-.8612995,,,,,-.8612995,,,,,,,1,IMF_FPP,,
AUS,Australia,1954,-.2662001,,,,,-.2662001,,,,,,,1,IMF_FPP,,
AUS,Australia,1955,.0832996,,,,,.0832996,,,,,,,1,IMF_FPP,,
AUS,Australia,1956,.9994993,,,,,.9994993,,,,,,,1,IMF_FPP,,
AUS,Australia,1957,-.3264999,,,,,-.3264999,,,,,,,1,IMF_FPP,,
AUS,Australia,1958,-.2503004,,,,,-.2503004,,,,,,,1,IMF_FPP,,
AUS,Australia,1959,.0642996,,,,,.0642996,,,,,,,1,IMF_FPP,,
AUS,Australia,1960,.4673977,,,,,.4673977,,,,,,,1,IMF_FPP,,
AUS,Australia,1961,-.7776852,,,,,-.7776852,,,,,,,1,IMF_FPP,,
AUS,Australia,1962,-.3751564,,,,,-.3751564,,,,,,,1,IMF_FPP,,
AUS,Australia,1963,-.2593002,,,,,-.2593002,,,,,,,1,IMF_FPP,,
AUS,Australia,1964,.1943417,,,,,.1943417,,,,,,,1,IMF_FPP,,
AUS,Australia,1965,-1.459105,,,,,-1.459105,,,,,,,1,IMF_FPP,,
AUS,Australia,1966,-1.766094,,,,,-1.766094,,,,,,,1,IMF_FPP,,
AUS,Australia,1967,-1.646317,,,,,-1.646317,,,,,,,1,IMF_FPP,,
AUS,Australia,1968,-.7004547,,,,,-.7004547,,,,,,,1,IMF_FPP,,
AUS,Australia,1969,.5345573,,,,,.5345573,,,,,,,1,IMF_FPP,,
AUS,Australia,1970,-.2331696,,,,,-.2331696,,,,,,,1,IMF_FPP,,
AUS,Australia,1971,-.2338715,,,,,-.2338715,,,,,,,1,IMF_FPP,1,5
AUS,Australia,1972,1.106247,,,,,-.9688644,1.1062473,,,,,,1,IMF_GFS,,
AUS,Australia,1973,.0382409,,,,,.1609001,.03824089,,,,,,1,IMF_GFS,,
AUS,Australia,1974,1.046736,,,,,-2.46426,1.0467357,,,,,,1,IMF_GFS,,
AUS,Australia,1975,-2.075778,,,,,-3.473089,-2.0757781,,,,,,1,IMF_GFS,,
AUS,Australia,1976,-3.500725,,,,,-3.44375,-3.5007249,,,,,,1,IMF_GFS,,
AUS,Australia,1977,-1.660179,,,,,-4.385546,-1.6601795,,,,,,1,IMF_GFS,,
AUS,Australia,1978,-2.286812,,,,,-4.1868,-2.2868116,,,,,,1,IMF_GFS,,
AUS,Australia,1979,-2.151225,,,,,-2.32086,-2.1512252,,,,,,1,IMF_GFS,,
AUS,Australia,1980,-1.310445,,,,,-2.87117,-1.3104453,,,,,,1,IMF_GFS,,
AUS,Australia,1981,-.6245244,,,,,-3.246622,-.62452443,,,,,,1,IMF_GFS,,
AUS,Australia,1982,-.320305,,,,,-5.192457,-.32030504,,,,,,1,IMF_GFS,,
AUS,Australia,1983,-2.017269,,,,,-5.657022,-2.0172687,,,,,,1,IMF_GFS,,
AUS,Australia,1984,-3.261359,,,,,-5.477409,-3.2613596,,,,,,1,IMF_GFS,,
AUS,Australia,1985,-2.622094,,,,,-5.236797,-2.6220942,,,,,,1,IMF_GFS,,
AUS,Australia,1986,-2.276009,,,,,-3.501907,-2.276009,,,,,,1,IMF_GFS,,
AUS,Australia,1987,-1.367574,,,,,-1.659061,-1.3675737,,,,,,1,IMF_GFS,1,5
AUS,Australia,1988,.477,,,,,-.7742043,.15789382,.477,,,,,1,IMF_WEO,1,5
AUS,Australia,1989,.2648428,,,,,-1.286358,1.5077469,.925,,.26484276,,,1,OECD_EO,,
AUS,Australia,1990,-.53259,,,,,-3.158928,1.0631939,-.232,,-.53259001,,,1,OECD_EO,,
AUS,Australia,1991,-2.881899,,,,,-5.921825,-.53975663,-2.788,,-2.881899,,,1,OECD_EO,,
AUS,Australia,1992,-4.254684,,,,,-6.354065,-3.5830687,-4.745,,-4.2546842,,,1,OECD_EO,,
AUS,Australia,1993,-2.838419,,,,,-4.656551,-4.3287834,-4.727,,-2.8384188,,,1,OECD_EO,,
AUS,Australia,1994,-2.662667,,,,,-4.366226,-3.5670731,-3.793,,-2.6626667,,,1,OECD_EO,,
AUS,Australia,1995,-1.827839,,,,,-3.175541,,-2.603,,-1.8278394,,,1,OECD_EO,,
AUS,Australia,1996,-.8131488,,,,,-1.496815,,-1.456,,-.81314882,,,1,OECD_EO,,
AUS,Australia,1997,.3747637,,,,,-.1291275,,-.493,,.3747637,,,1,OECD_EO,,
AUS,Australia,1998,2.225016,,,,,.3747215,,-.246,,2.2250163,,,1,OECD_EO,,
AUS,Australia,1999,2.906121,,,,,1.686615,.75860761,.666,,2.9061214,,,1,OECD_EO,,
AUS,Australia,2000,.8874574,2.0119999,,,,-.7227364,2.3252936,1.25,,.88745738,,,1,OECD_EO,,
AUS,Australia,2001,-.1487242,.54028685,,,,-.1306076,.52367283,-.03,,-.14872421,,,1,OECD_EO,,
AUS,Australia,2002,1.711848,-.58087425,,,,1.063129,-.56192707,.193,,1.7118481,,,1,OECD_EO,,
AUS,Australia,2003,2.575788,.92179383,,,,.85606,.89187936,1.051,,2.5757877,,,1,OECD_EO,,
AUS,Australia,2004,1.418116,1.1721015,,,,1.086681,1.1326537,1.323,,1.4181157,,,1,OECD_EO,,
AUS,Australia,2005,2.212874,1.4803737,,,,1.575829,1.4220459,1.707,,2.2128745,,,1,OECD_EO,,
AUS,Australia,2006,2.473275,1.9306012,,,,1.28339,1.8571111,1.771,,2.4732751,,,1,OECD_EO,,
AUS,Australia,2007,1.986217,1.4176927,,,,1.509632,1.363473,1.474,,1.9862165,,,1,OECD_EO,,
AUS,Australia,2008,-.1425576,1.4813132,,,,-3.24015,1.4145028,-1.101,,-.14255761,,,1,OECD_EO,,
AUS,Australia,2009,-4.303055,-3.4707133,,,,-5.322231,-3.4617145,-4.563,,-4.3030551,,,1,OECD_EO,,
AUS,Australia,2010,-4.234928,-5.5019967,,,,-4.6446,-5.2592269,-5.115,,-4.2349275,,,1,OECD_EO,,
AUS,Australia,2011,-3.899264,-4.8068905,,,,-4.525701,-4.6460848,-4.526,,-3.8992643,,,1,OECD_EO,,
AUS,Australia,2012,-3.042116,-4.3208124,,,,-3.508363,-4.2798678,-3.508,,-3.0421158,,,1,OECD_EO,,
AUS,Australia,2013,-1.847386,-2.6932346,,,,-2.809567,-2.640085,-2.81,,-1.847386,,,1,OECD_EO,,
AUS,Australia,2014,-1.758004,-2.9252451,,,,-2.917371,-2.8993339,-2.917,,-1.7580039,,,1,OECD_EO,,
AUS,Australia,2015,-1.019637,-2.9177102,,,,-2.78525,-2.8932611,-2.785,,-1.0196367,,,1,OECD_EO,,
AUS,Australia,2016,-1.557231,-2.6501324,,,,-2.422367,-2.5885248,-2.422,,-1.5572307,,,1,OECD_EO,,
AUS,Australia,2017,-.6255368,-2.178895,,,,-1.716088,-2.1276808,-1.716,,-.62553678,,,1,OECD_EO,,
AUS,Australia,2018,-.5550464,-1.2770747,,,,-1.256934,-1.2436189,-1.257,,-.55504635,,,1,OECD_EO,,
AUS,Australia,2019,-1.202326,-1.2376144,,,,-4.404355,-1.2091596,-4.404,,-1.2023264,,,1,OECD_EO,,
AUS,Australia,2020,-11.53209,-7.6456794,,,,-8.718657,-7.6966558,-8.719,,-11.532095,,,1,OECD_EO,,
AUS,Australia,2021,-3.980239,-9.2351911,,,,-6.353121,-8.8208998,-6.353,,-3.9802389,,,1,OECD_EO,,
AUS,Australia,2022,-1.419871,-3.7435802,,,,-2.186547,-3.5614417,,-2.187,-1.4198709,,,1,OECD_EO,,
AUS,Australia,2023,-.7122349,-.82757177,,,,-.8568474,,,-.85699999,-.71223494,,,1,OECD_EO,,
AUS,Australia,2024,-2.219794,,,,,,,,-1.661,-2.2197938,,,1,OECD_EO,,
AUS,Australia,2025,-2.783412,,,,,,,,-2.043,-2.7834117,,,1,OECD_EO,,
AUS,Australia,2026,-2.509519,,,,,,,,-1.298,-2.509519,,,1,OECD_EO,,
AUS,Australia,2027,-.944,,,,,,,,-.94400001,,,,1,IMF_WEO_forecast,1,5
AUS,Australia,2028,-.959,,,,,,,,-.95899999,,,,1,IMF_WEO_forecast,,
AUS,Australia,2029,-.992,,,,,,,,-.99199998,,,,1,IMF_WEO_forecast,,
AUT,Austria,1880,-1.399981,,,,,-1.399981,,,,,,,1,IMF_FPP,,
AUT,Austria,1881,-3.9075,,,,,-3.9075,,,,,,,1,IMF_FPP,,
AUT,Austria,1882,-1.0582,,,,,-1.0582,,,,,,,1,IMF_FPP,,
AUT,Austria,1883,-.6908998,,,,,-.6908998,,,,,,,1,IMF_FPP,,
AUT,Austria,1884,-6.4325,,,,,-6.4325,,,,,,,1,IMF_FPP,,
AUT,Austria,1885,-.5745001,,,,,-.5745001,,,,,,,1,IMF_FPP,,
AUT,Austria,1886,-.4319,,,,,-.4319,,,,,,,1,IMF_FPP,,
AUT,Austria,1887,-1.0853,,,,,-1.0853,,,,,,,1,IMF_FPP,,
AUT,Austria,1888,-.9687004,,,,,-.9687004,,,,,,,1,IMF_FPP,,
AUT,Austria,1889,-1.605201,,,,,-1.605201,,,,,,,1,IMF_FPP,,
AUT,Austria,1890,-.2559004,,,,,-.2559004,,,,,,,1,IMF_FPP,,
AUT,Austria,1891,-4.0145,,,,,-4.0145,,,,,,,1,IMF_FPP,,
AUT,Austria,1892,-.8643999,,,,,-.8643999,,,,,,,1,IMF_FPP,,
AUT,Austria,1893,-1.310399,,,,,-1.310399,,,,,,,1,IMF_FPP,,
AUT,Austria,1894,-1.163,,,,,-1.163,,,,,,,1,IMF_FPP,,
AUT,Austria,1895,.3618002,,,,,.3618002,,,,,,,1,IMF_FPP,,
AUT,Austria,1896,.0349998,,,,,.0349998,,,,,,,1,IMF_FPP,,
AUT,Austria,1897,.1026993,,,,,.1026993,,,,,,,1,IMF_FPP,,
AUT,Austria,1898,-.1711006,,,,,-.1711006,,,,,,,1,IMF_FPP,,
AUT,Austria,1899,-.0811996,,,,,-.0811996,,,,,,,1,IMF_FPP,,
AUT,Austria,1900,-.0460997,,,,,-.0460997,,,,,,,1,IMF_FPP,,
AUT,Austria,1901,-.5579004,,,,,-.5579004,,,,,,,1,IMF_FPP,,
AUT,Austria,1902,-.7491007,,,,,-.7491007,,,,,,,1,IMF_FPP,,
AUT,Austria,1903,-.9692001,,,,,-.9692001,,,,,,,1,IMF_FPP,,
AUT,Austria,1904,-1.118701,,,,,-1.118701,,,,,,,1,IMF_FPP,,
AUT,Austria,1905,-.7126999,,,,,-.7126999,,,,,,,1,IMF_FPP,,
AUT,Austria,1906,-.0497999,,,,,-.0497999,,,,,,,1,IMF_FPP,,
AUT,Austria,1907,-2.728199,,,,,-2.728199,,,,,,,1,IMF_FPP,,
AUT,Austria,1908,-1.2363,,,,,-1.2363,,,,,,,1,IMF_FPP,,
AUT,Austria,1909,-5.5075,,,,,-5.5075,,,,,,,1,IMF_FPP,,
AUT,Austria,1910,-.4183998,,,,,-.4183998,,,,,,,1,IMF_FPP,,
AUT,Austria,1911,.0254002,,,,,.0254002,,,,,,,1,IMF_FPP,,
AUT,Austria,1912,-.6902008,,,,,-.6902008,,,,,,,1,IMF_FPP,,
AUT,Austria,1913,,,,,,,,,,,,,1,IMF_FPP,,
AUT,Austria,1914,,,,,,,,,,,,,1,IMF_FPP,,
AUT,Austria,1915,,,,,,,,,,,,,1,IMF_FPP,,
AUT,Austria,1916,,,,,,,,,,,,,1,IMF_FPP,,
AUT,Austria,1917,,,,,,,,,,,,,1,IMF_FPP,,
AUT,Austria,1918,,,,,,,,,,,,,1,IMF_FPP,,
AUT,Austria,1919,,,,,,,,,,,,,1,IMF_FPP,,
AUT,Austria,1920,,,,,,,,,,,,,1,IMF_FPP,,
AUT,Austria,1921,,,,,,,,,,,,,1,IMF_FPP,,
AUT,Austria,1922,,,,,,,,,,,,,1,IMF_FPP,,
AUT,Austria,1923,,,,,,,,,,,,,1,IMF_FPP,,
AUT,Austria,1924,-5.69112,,,,,-5.69112,,,,,,,1,IMF_FPP,,
AUT,Austria,1925,-4.95623,,,,,-4.95623,,,,,,,1,IMF_FPP,,
AUT,Austria,1926,-6.17708,,,,,-6.17708,,,,,,,1,IMF_FPP,,
AUT,Austria,1927,-7.29968,,,,,-7.29968,,,,,,,1,IMF_FPP,,
AUT,Austria,1928,-7.628449,,,,,-7.628449,,,,,,,1,IMF_FPP,,
AUT,Austria,1929,-6.832109,,,,,-6.832109,,,,,,,1,IMF_FPP,,
AUT,Austria,1930,-9.6799,,,,,-9.6799,,,,,,,1,IMF_FPP,,
AUT,Austria,1931,-11.4768,,,,,-11.4768,,,,,,,1,IMF_FPP,,
AUT,Austria,1932,-9.162301,,,,,-9.162301,,,,,,,1,IMF_FPP,,
AUT,Austria,1933,-3.547601,,,,,-3.547601,,,,,,,1,IMF_FPP,,
AUT,Austria,1934,-5.278399,,,,,-5.278399,,,,,,,1,IMF_FPP,,
AUT,Austria,1935,-5.4595,,,,,-5.4595,,,,,,,1,IMF_FPP,,
AUT,Austria,1936,-3.9055,,,,,-3.9055,,,,,,,1,IMF_FPP,,
AUT,Austria,1937,-2.8411,,,,,-2.8411,,,,,,,1,IMF_FPP,,
AUT,Austria,1938,,,,,,,,,,,,,1,IMF_FPP,,
AUT,Austria,1939,,,,,,,,,,,,,1,IMF_FPP,,
AUT,Austria,1940,,,,,,,,,,,,,1,IMF_FPP,,
AUT,Austria,1941,,,,,,,,,,,,,1,IMF_FPP,,
AUT,Austria,1942,,,,,,,,,,,,,1,IMF_FPP,,
AUT,Austria,1943,,,,,,,,,,,,,1,IMF_FPP,,
AUT,Austria,1944,,,,,,,,,,,,,1,IMF_FPP,,
AUT,Austria,1945,,,,,,,,,,,,,1,IMF_FPP,,
AUT,Austria,1946,,,,,,,,,,,,,1,IMF_FPP,,
AUT,Austria,1947,,,,,,,,,,,,,1,IMF_FPP,,
AUT,Austria,1948,-9.300598,,,,,-9.300598,,,,,,,1,IMF_FPP,,
AUT,Austria,1949,-9.234901,,,,,-9.234901,,,,,,,1,IMF_FPP,,
AUT,Austria,1950,-7.7167,,,,,-7.7167,,,,,,,1,IMF_FPP,,
AUT,Austria,1951,-1.5704,,,,,-1.5704,,,,,,,1,IMF_FPP,,
AUT,Austria,1952,-.7315006,,,,,-.7315006,,,,,,,1,IMF_FPP,,
AUT,Austria,1953,-.2411995,,,,,-.2411995,,,,,,,1,IMF_FPP,,
AUT,Austria,1954,-.3504009,,,,,-.3504009,,,,,,,1,IMF_FPP,,
AUT,Austria,1955,-.5018005,,,,,-.5018005,,,,,,,1,IMF_FPP,,
AUT,Austria,1956,-.7756004,,,,,-.7756004,,,,,,,1,IMF_FPP,,
AUT,Austria,1957,-.6993008,,,,,-.6993008,,,,,,,1,IMF_FPP,,
AUT,Austria,1958,-3.5198,,,,,-3.5198,,,,,,,1,IMF_FPP,,
AUT,Austria,1959,-2.1576,,,,,-2.1576,,,,,,,1,IMF_FPP,1,4
AUT,Austria,1960,-.4995658,,,,,-.4891014,,,,-.49956576,,,1,OECD_EO,,
AUT,Austria,1961,1.71118,,,,,1.675301,,,,1.7111798,,,1,OECD_EO,,
AUT,Austria,1962,1.142727,,,,,1.118698,,,,1.1427266,,,1,OECD_EO,,
AUT,Austria,1963,-.5085185,,,,,-.4977989,,,,-.50851849,,,1,OECD_EO,,
AUT,Austria,1964,.4860456,,,,,.4757996,,,,.48604557,,,1,OECD_EO,,
AUT,Austria,1965,1.413738,,,,,1.383999,,,,1.4137384,,,1,OECD_EO,,
AUT,Austria,1966,1.767237,,,,,1.730099,,,,1.7672372,,,1,OECD_EO,,
AUT,Austria,1967,-.5735871,,,,,-.5615997,,,,-.57358711,,,1,OECD_EO,,
AUT,Austria,1968,-.8477391,,,,,-.829998,,,,-.84773912,,,1,OECD_EO,,
AUT,Austria,1969,-.0800169,,,,,-.0783005,,,,-.08001694,,,1,OECD_EO,,
AUT,Austria,1970,1.25895,,,,,1.1618,,,,1.2589502,,,1,OECD_EO,,
AUT,Austria,1971,1.578759,,,,,1.456898,,,,1.5787589,,,1,OECD_EO,,
AUT,Austria,1972,2.136365,,,,,1.9715,1.3868945,,,2.1363648,,,1,OECD_EO,,
AUT,Austria,1973,1.338383,,,,,1.2351,-.06812852,,,1.3383828,,,1,OECD_EO,,
AUT,Austria,1974,1.329472,,,,,1.226898,.39450573,,,1.3294724,,,1,OECD_EO,,
AUT,Austria,1975,-2.60742,,,,,-2.4062,-2.7479064,,,-2.6074196,,,1,OECD_EO,,
AUT,Austria,1976,-3.943356,,,,,-3.605801,-3.2715581,,,-3.9433556,,,1,OECD_EO,,
AUT,Austria,1977,-2.520224,,,,,-2.1134,-2.6412571,,,-2.5202243,,,1,OECD_EO,,
AUT,Austria,1978,-3.164273,,,,,-2.6744,-2.9006218,,,-3.1642734,,,1,OECD_EO,,
AUT,Austria,1979,-2.916191,,,,,-2.299999,-2.2050189,,,-2.9161906,,,1,OECD_EO,,
AUT,Austria,1980,-2.195564,,,,,-1.618999,-1.939716,,,-2.1955642,,,1,OECD_EO,,
AUT,Austria,1981,-2.208033,,,,,-1.785301,-1.7744756,,,-2.2080326,,,1,OECD_EO,,
AUT,Austria,1982,-3.834991,,,,,-3.292099,-3.497865,,,-3.8349913,,,1,OECD_EO,,
AUT,Austria,1983,-4.737933,,,,,-4.223202,-4.1385644,,,-4.7379331,,,1,OECD_EO,,
AUT,Austria,1984,-3.090153,,,,,-2.667801,-2.7234171,,,-3.0901535,,,1,OECD_EO,,
AUT,Austria,1985,-3.231282,,,,,-2.706902,-2.8360103,,,-3.2312814,,,1,OECD_EO,,
AUT,Austria,1986,-4.336131,,,,,-3.841301,-3.8767021,,,-4.3361309,,,1,OECD_EO,,
AUT,Austria,1987,-4.971036,,,,,-4.3349,-4.3361369,,,-4.9710361,,,1,OECD_EO,,
AUT,Austria,1988,-3.68863,,,,,-3.428299,-3.1438512,-3.355,,-3.6886303,,,1,OECD_EO,,
AUT,Austria,1989,-3.304143,,,,,-3.066597,-2.790851,-3.028,,-3.3041428,,,1,OECD_EO,,
AUT,Austria,1990,-2.73351,,,,,-2.530399,-2.2860084,-2.57,,-2.7335103,,,1,OECD_EO,,
AUT,Austria,1991,-3.165039,,,,,-2.938301,-2.529081,-2.946,,-3.1650391,,,1,OECD_EO,,
AUT,Austria,1992,-2.169379,,,,,-2.000401,-1.5825803,-2.137,,-2.1693792,,,1,OECD_EO,,
AUT,Austria,1993,-4.704046,,,,,-4.414101,-4.1806093,-4.542,,-4.7040465,,,1,OECD_EO,,
AUT,Austria,1994,-5.222223,,,,,-4.882,-3.9527445,-5.013,,-5.2222227,,,1,OECD_EO,1,4
AUT,Austria,1995,-6.2,,,,-6.2,-5.881599,-6.1482018,-6.141,,-6.1696248,,,1,EUS,,
AUT,Austria,1996,-4.6,,,,-4.6,-4.139297,-4.548616,-4.357,,-4.5770631,,,1,EUS,,
AUT,Austria,1997,-2.6,,,,-2.6,-1.943401,-2.6092787,-2.372,,-2.6226171,,,1,EUS,,
AUT,Austria,1998,-2.8,,,,-2.8,-2.482601,-2.7387793,-2.669,,-2.7553431,,,1,EUS,,
AUT,Austria,1999,-2.6,,,,-2.6,-2.4203,-2.6216013,-2.618,,-2.6351831,,,1,EUS,,
AUT,Austria,2000,-2.4,,,,-2.4,-1.844097,-2.3929011,-2.063,,-2.4040984,,,1,EUS,,
AUT,Austria,2001,-.7,,,,-.7,-.1919975,-.70889922,-.661,,-.71202414,,,1,EUS,,
AUT,Austria,2002,-1.4,,,,-1.4,-.9095993,-1.4149275,-1.381,,-1.4244769,,,1,EUS,,
AUT,Austria,2003,-1.8,,,,-1.8,-1.655098,-1.8283638,-1.786,,-1.8381243,,,1,EUS,,
AUT,Austria,2004,-4.9,,,,-4.9,-4.566601,-4.904499,-4.805,,-4.9472084,,,1,EUS,,
AUT,Austria,2005,-2.6,,,,-2.6,-1.802399,-2.5709731,-2.508,,-2.5889223,,,1,EUS,,
AUT,Austria,2006,-2.6,,,,-2.6,-1.674801,-2.5900777,-2.536,,-2.6053817,,,1,EUS,,
AUT,Austria,2007,-1.4,,,,-1.4,-.9942017,-1.3610456,-1.385,,-1.3690089,,,1,EUS,,
AUT,Austria,2008,-1.6,,,,-1.6,-1.0037,-1.5613189,-1.495,,-1.5728887,,,1,EUS,,
AUT,Austria,2009,-5.4,,,,-5.4,-4.1451,-5.3478999,-5.33,,-5.3850881,,,1,EUS,,
AUT,Austria,2010,-4.5,,,,-4.5,-4.380203,-4.4364991,-4.441,,-4.4696819,,,1,EUS,,
AUT,Austria,2011,-2.5,,,,-2.5,-2.553134,-2.4659319,-2.553,,-2.4813276,,,1,EUS,,
AUT,Austria,2012,-2.2,,,,-2.2,-2.188587,-2.1628285,-2.189,,-2.1774596,,,1,EUS,,
AUT,Austria,2013,-2,,,,-2,-1.950232,-1.975776,-1.95,,-1.9939565,,,1,EUS,,
AUT,Austria,2014,-1.9,,,,-1.9,-2.729133,-1.9060166,-2.729,,-1.9231101,,,1,EUS,,
AUT,Austria,2015,-.5,,,,-.5,-1.009965,-.47388774,-1.01,,-.47721405,,,1,EUS,,
AUT,Austria,2016,-1.5,,,,-1.5,-1.534362,-1.4435387,-1.534,,-1.4517618,,,1,EUS,,
AUT,Austria,2017,-.8,,,,-.8,-.8160021,-.77140083,-.816,,-.77490086,,,1,EUS,,
AUT,Austria,2018,.2,,,,.2,.1697493,.19415787,.17,,.19521351,,,1,EUS,,
AUT,Austria,2019,.5,,,,.5,.5677996,.53447185,.568,,.53643151,,,1,EUS,,
AUT,Austria,2020,-8.2,,,,-8.2,-7.991313,-8.1920803,-7.991,,-8.222049,,,1,EUS,,
AUT,Austria,2021,-5.7,,,,-5.7,-5.769154,-5.707408,-5.769,,-5.696404,,,1,EUS,,
AUT,Austria,2022,-3.4,,,,-3.4,-3.272925,-3.4263833,-3.273,,-3.3055894,,,1,EUS,,
AUT,Austria,2023,-2.6,,,,-2.6,-2.647424,-2.5860945,,-2.6470001,-2.6160515,,,1,EUS,,
AUT,Austria,2024,-4.7,,,,-4.7,,,,-3.369,-3.2505925,,,1,EUS,,
AUT,Austria,2025,-3.426847,,,,,,,,-3.3,-3.4268472,,,1,OECD_EO,1,4
AUT,Austria,2026,-2.529185,,,,,,,,-3.027,-2.5291853,,,1,OECD_EO,,
AUT,Austria,2027,-2.751,,,,,,,,-2.7509999,,,,1,IMF_WEO_forecast,1,4
AUT,Austria,2028,-2.61,,,,,,,,-2.6099999,,,,1,IMF_WEO_forecast,,
AUT,Austria,2029,-2.659,,,,,,,,-2.6589999,,,,1,IMF_WEO_forecast,,
AZE,Azerbaijan,1994,3.205,,,,,3.205108,,3.205,,,,,1,IMF_WEO,,
AZE,Azerbaijan,1995,-1.34,,,,,-1.340088,,-1.34,,,,,1,IMF_WEO,,
AZE,Azerbaijan,1996,-2.253,,,,,-2.253199,,-2.253,,,,,1,IMF_WEO,,
AZE,Azerbaijan,1997,-.937,,,,,-.9369683,,-.937,,,,,1,IMF_WEO,,
AZE,Azerbaijan,1998,1.631,,,,,1.63119,,1.631,,,,,1,IMF_WEO,,
AZE,Azerbaijan,1999,-1.033,,,,,-1.032786,,-1.033,,,,,1,IMF_WEO,,
AZE,Azerbaijan,2000,.145,-1.6934783,,,,.1447275,,.145,,,,,1,IMF_WEO,,
AZE,Azerbaijan,2001,21.764,-.97825269,,,,21.76405,,21.764,,,,,1,IMF_WEO,,
AZE,Azerbaijan,2002,19.393,-1.1183505,,,,19.39309,,19.393,,,,,1,IMF_WEO,,
AZE,Azerbaijan,2003,1.605,-1.4580564,,,,1.604626,,1.605,,,,,1,IMF_WEO,,
AZE,Azerbaijan,2004,1.781,-1.2274038,,,,1.781438,,1.781,,,,,1,IMF_WEO,,
AZE,Azerbaijan,2005,2.741,-2.6640048,,,,2.740819,,2.741,,,,,1,IMF_WEO,,
AZE,Azerbaijan,2006,.663,-4.5177156,,,,.6629651,,.663,,,,,1,IMF_WEO,,
AZE,Azerbaijan,2007,2.337,-7.3669364,,,,2.337109,,2.337,,,,,1,IMF_WEO,,
AZE,Azerbaijan,2008,17.194,19.531756,,,,17.19382,19.531756,17.194,,,,,1,IMF_WEO,,
AZE,Azerbaijan,2009,5.857,7.5530525,,,,5.856569,7.5530525,5.857,,,,,1,IMF_WEO,,
AZE,Azerbaijan,2010,13.831,15.434122,,,,13.83124,15.434122,13.831,,,,,1,IMF_WEO,,
AZE,Azerbaijan,2011,10.86,12.853577,,,,10.85964,12.853577,10.86,,,,,1,IMF_WEO,,
AZE,Azerbaijan,2012,3.705,5.6897871,,,,3.70548,5.6897871,3.705,,,,,1,IMF_WEO,,
AZE,Azerbaijan,2013,1.643,4.424908,,,,1.643475,4.424908,1.643,,,,,1,IMF_WEO,,
AZE,Azerbaijan,2014,2.742,4.4752017,,,,2.742339,4.4752017,2.742,,,,,1,IMF_WEO,,
AZE,Azerbaijan,2015,-4.833,-2.790548,,,,-4.833043,-2.790548,-4.833,,,,,1,IMF_WEO,,
AZE,Azerbaijan,2016,-1.17,2.4471429,,,,-1.169922,2.4471429,-1.17,,,,,1,IMF_WEO,,
AZE,Azerbaijan,2017,-1.342,1.869337,,,,-1.342226,1.869337,-1.342,,,,,1,IMF_WEO,,
AZE,Azerbaijan,2018,5.429,9.5226564,,,,5.429018,9.5226564,5.429,,,,,1,IMF_WEO,,
AZE,Azerbaijan,2019,8.955,6.2206793,,,,8.954856,6.3146227,8.955,,,,,1,IMF_WEO,,
AZE,Azerbaijan,2020,-6.44,-2.8093913,,,,-6.440352,-5.2634183,-6.44,,,,,1,IMF_WEO,,
AZE,Azerbaijan,2021,4.205,4.8140081,,,,4.205293,4.8245203,4.205,,,,,1,IMF_WEO,,
AZE,Azerbaijan,2022,11.01143,,,,,5.961649,11.011427,,5.9619999,,,,1,IMF_GFS,1,2
AZE,Azerbaijan,2023,5.802222,,,,,7.928105,5.8022223,,7.928,,,,1,IMF_GFS,,
AZE,Azerbaijan,2024,1.03,,,,,,,,1.03,,,,1,IMF_WEO_forecast,1,2
AZE,Azerbaijan,2025,.695,,,,,,,,.69499999,,,,1,IMF_WEO_forecast,,
AZE,Azerbaijan,2026,.661,,,,,,,,.66100001,,,,1,IMF_WEO_forecast,,
AZE,Azerbaijan,2027,.382,,,,,,,,.382,,,,1,IMF_WEO_forecast,,
AZE,Azerbaijan,2028,-.533,,,,,,,,-.53299999,,,,1,IMF_WEO_forecast,,
AZE,Azerbaijan,2029,-.584,,,,,,,,-.58399999,,,,1,IMF_WEO_forecast,,
BDI,Burundi,1990,9.472,,,,,,,9.472,,,,,1,IMF_WEO,,
BDI,Burundi,1991,4.82,,,,,,,4.82,,,,,1,IMF_WEO,,
BDI,Burundi,1992,-4.846,,,,,-4.846283,,-4.846,,,,,1,IMF_WEO,,
BDI,Burundi,1993,-1.419,,,,,-1.418834,,-1.419,,,,,1,IMF_WEO,,
BDI,Burundi,1994,-2.05,,,,,-2.050229,,-2.05,,,,,1,IMF_WEO,,
BDI,Burundi,1995,-4.326,,,,,-4.325671,,-4.326,,,,,1,IMF_WEO,,
BDI,Burundi,1996,-10.026,,,,,-10.02642,,-10.026,,,,,1,IMF_WEO,,
BDI,Burundi,1997,-5.215,,,,,-5.215436,,-5.215,,,,,1,IMF_WEO,,
BDI,Burundi,1998,-5.16,,,,,-5.160276,,-5.16,,,,,1,IMF_WEO,,
BDI,Burundi,1999,-6.145,,,,,-6.144991,,-6.145,,,,,1,IMF_WEO,,
BDI,Burundi,2000,-6.435,,,,,-6.434716,,-6.435,,,,,1,IMF_WEO,,
BDI,Burundi,2001,-8.721,,,,,-8.720944,,-8.721,,,,,1,IMF_WEO,,
BDI,Burundi,2002,-5.381,,,,,-5.381146,,-5.381,,,,,1,IMF_WEO,,
BDI,Burundi,2003,-14.738,,,,,-14.7378,,-14.738,,,,,1,IMF_WEO,,
BDI,Burundi,2004,-15.46,,,,,-15.46006,,-15.46,,,,,1,IMF_WEO,,
BDI,Burundi,2005,-10.556,,,,,-10.55558,,-10.556,,,,,1,IMF_WEO,,
BDI,Burundi,2006,-9.924,,,,,-9.923767,,-9.924,,,,,1,IMF_WEO,,
BDI,Burundi,2007,-2.51,,,,,-2.510489,,-2.51,,,,,1,IMF_WEO,,
BDI,Burundi,2008,-2.704,,,,,-2.70425,,-2.704,,,,,1,IMF_WEO,,
BDI,Burundi,2009,-5.145,,,,,-5.144893,,-5.145,,,,,1,IMF_WEO,,
BDI,Burundi,2010,-3.637,,,,,-3.637292,,-3.637,,,,,1,IMF_WEO,,
BDI,Burundi,2011,-3.491,,,,,-3.490981,,-3.491,,,,,1,IMF_WEO,,
BDI,Burundi,2012,-3.794,,,,,-3.793883,,-3.794,,,,,1,IMF_WEO,,
BDI,Burundi,2013,-1.899,,,,,-1.89892,,-1.899,,,,,1,IMF_WEO,,
BDI,Burundi,2014,-3.929,,,,,-3.929129,,-3.929,,,,,1,IMF_WEO,,
BDI,Burundi,2015,-7.559,,,,,-7.559299,,-7.559,,,,,1,IMF_WEO,,
BDI,Burundi,2016,-7.111,,,,,-7.111496,,-7.111,,,,,1,IMF_WEO,,
BDI,Burundi,2017,-5.006,,,,,-5.006279,,-5.006,,,,,1,IMF_WEO,,
BDI,Burundi,2018,-6.659,,,,,-6.658994,,-6.659,,,,,1,IMF_WEO,,
BDI,Burundi,2019,-6.395,,,,,-6.39529,,-6.395,,,,,1,IMF_WEO,,
BDI,Burundi,2020,-6.337,,,,,-6.336998,,-6.337,,,,,1,IMF_WEO,,
BDI,Burundi,2021,-5.25,,,,,-5.249759,,-5.25,,,,,1,IMF_WEO,,
BDI,Burundi,2022,-10.60229,,,,,-10.60229,,,-10.602,,,,1,IMF_FPP,1,2
BDI,Burundi,2023,-8.440645,,,,,-8.440645,,,-8.441,,,,1,IMF_FPP,,
BDI,Burundi,2024,-7.382,,,,,,,,-7.382,,,,1,IMF_WEO_forecast,1,2
BDI,Burundi,2025,-3.626,,,,,,,,-3.6259999,,,,1,IMF_WEO_forecast,,
BDI,Burundi,2026,-3.615,,,,,,,,-3.615,,,,1,IMF_WEO_forecast,,
BDI,Burundi,2027,-3.269,,,,,,,,-3.2690001,,,,1,IMF_WEO_forecast,,
BDI,Burundi,2028,-3.124,,,,,,,,-3.1240001,,,,1,IMF_WEO_forecast,,
BDI,Burundi,2029,-3.145,,,,,,,,-3.145,,,,1,IMF_WEO_forecast,,
BEL,Belgium,1880,.1202302,,,,,.1202302,,,,,,,1,IMF_FPP,,
BEL,Belgium,1881,.0767102,,,,,.0767102,,,,,,,1,IMF_FPP,,
BEL,Belgium,1882,-.3042502,,,,,-.3042502,,,,,,,1,IMF_FPP,,
BEL,Belgium,1883,-.5377898,,,,,-.5377898,,,,,,,1,IMF_FPP,,
BEL,Belgium,1884,-.2596998,,,,,-.2596998,,,,,,,1,IMF_FPP,,
BEL,Belgium,1885,-.4307799,,,,,-.4307799,,,,,,,1,IMF_FPP,,
BEL,Belgium,1886,.5406694,,,,,.5406694,,,,,,,1,IMF_FPP,,
BEL,Belgium,1887,-.1184502,,,,,-.1184502,,,,,,,1,IMF_FPP,,
BEL,Belgium,1888,-.2073402,,,,,-.2073402,,,,,,,1,IMF_FPP,,
BEL,Belgium,1889,.3010302,,,,,.3010302,,,,,,,1,IMF_FPP,,
BEL,Belgium,1890,-.8263202,,,,,-.8263202,,,,,,,1,IMF_FPP,,
BEL,Belgium,1891,-.0046206,,,,,-.0046206,,,,,,,1,IMF_FPP,,
BEL,Belgium,1892,.1739397,,,,,.1739397,,,,,,,1,IMF_FPP,,
BEL,Belgium,1893,.0679998,,,,,.0679998,,,,,,,1,IMF_FPP,,
BEL,Belgium,1894,.0572996,,,,,.0572996,,,,,,,1,IMF_FPP,,
BEL,Belgium,1895,-.3292799,,,,,-.3292799,,,,,,,1,IMF_FPP,,
BEL,Belgium,1896,.9419804,,,,,.9419804,,,,,,,1,IMF_FPP,,
BEL,Belgium,1897,-.2516003,,,,,-.2516003,,,,,,,1,IMF_FPP,,
BEL,Belgium,1898,-.2826996,,,,,-.2826996,,,,,,,1,IMF_FPP,,
BEL,Belgium,1899,-1.64135,,,,,-1.64135,,,,,,,1,IMF_FPP,,
BEL,Belgium,1900,-.5410395,,,,,-.5410395,,,,,,,1,IMF_FPP,,
BEL,Belgium,1901,.5546007,,,,,.5546007,,,,,,,1,IMF_FPP,,
BEL,Belgium,1902,.2150002,,,,,.2150002,,,,,,,1,IMF_FPP,,
BEL,Belgium,1903,.0762997,,,,,.0762997,,,,,,,1,IMF_FPP,,
BEL,Belgium,1904,.0043602,,,,,.0043602,,,,,,,1,IMF_FPP,,
BEL,Belgium,1905,1.22569,,,,,1.22569,,,,,,,1,IMF_FPP,,
BEL,Belgium,1906,-1.34593,,,,,-1.34593,,,,,,,1,IMF_FPP,,
BEL,Belgium,1907,-.80795,,,,,-.80795,,,,,,,1,IMF_FPP,,
BEL,Belgium,1908,-.9545603,,,,,-.9545603,,,,,,,1,IMF_FPP,,
BEL,Belgium,1909,.1269007,,,,,.1269007,,,,,,,1,IMF_FPP,,
BEL,Belgium,1910,-.1826,,,,,-.1826,,,,,,,1,IMF_FPP,,
BEL,Belgium,1911,-.91572,,,,,-.91572,,,,,,,1,IMF_FPP,,
BEL,Belgium,1912,-1.393061,,,,,-1.393061,,,,,,,1,IMF_FPP,,
BEL,Belgium,1913,-1.4035,,,,,-1.4035,,,,,,,1,IMF_FPP,,
BEL,Belgium,1914,,,,,,,,,,,,,1,IMF_FPP,,
BEL,Belgium,1915,,,,,,,,,,,,,1,IMF_FPP,,
BEL,Belgium,1916,,,,,,,,,,,,,1,IMF_FPP,,
BEL,Belgium,1917,,,,,,,,,,,,,1,IMF_FPP,,
BEL,Belgium,1918,,,,,,,,,,,,,1,IMF_FPP,,
BEL,Belgium,1919,,,,,,,,,,,,,1,IMF_FPP,,
BEL,Belgium,1920,,,,,,,,,,,,,1,IMF_FPP,,
BEL,Belgium,1921,,,,,,,,,,,,,1,IMF_FPP,,
BEL,Belgium,1922,,,,,,,,,,,,,1,IMF_FPP,,
BEL,Belgium,1923,,,,,,,,,,,,,1,IMF_FPP,,
BEL,Belgium,1924,,,,,,,,,,,,,1,IMF_FPP,,
BEL,Belgium,1925,,,,,,,,,,,,,1,IMF_FPP,,
BEL,Belgium,1926,,,,,,,,,,,,,1,IMF_FPP,,
BEL,Belgium,1927,3.064301,,,,,3.064301,,,,,,,1,IMF_FPP,,
BEL,Belgium,1928,,,,,,,,,,,,,1,IMF_FPP,,
BEL,Belgium,1929,,,,,,,,,,,,,1,IMF_FPP,,
BEL,Belgium,1930,-2.481201,,,,,-2.481201,,,,,,,1,IMF_FPP,,
BEL,Belgium,1931,,,,,,,,,,,,,1,IMF_FPP,,
BEL,Belgium,1932,,,,,,,,,,,,,1,IMF_FPP,,
BEL,Belgium,1933,-1.686201,,,,,-1.686201,,,,,,,1,IMF_FPP,,
BEL,Belgium,1934,-2.782999,,,,,-2.782999,,,,,,,1,IMF_FPP,,
BEL,Belgium,1935,-5.9415,,,,,-5.9415,,,,,,,1,IMF_FPP,,
BEL,Belgium,1936,-4.9188,,,,,-4.9188,,,,,,,1,IMF_FPP,,
BEL,Belgium,1937,-4.713202,,,,,-4.713202,,,,,,,1,IMF_FPP,,
BEL,Belgium,1938,-5.1749,,,,,-5.1749,,,,,,,1,IMF_FPP,,
BEL,Belgium,1939,-6.858501,,,,,-6.858501,,,,,,,1,IMF_FPP,,
BEL,Belgium,1940,,,,,,,,,,,,,1,IMF_FPP,,
BEL,Belgium,1941,,,,,,,,,,,,,1,IMF_FPP,,
BEL,Belgium,1942,,,,,,,,,,,,,1,IMF_FPP,,
BEL,Belgium,1943,-5.814501,,,,,-5.814501,,,,,,,1,IMF_FPP,,
BEL,Belgium,1944,,,,,,,,,,,,,1,IMF_FPP,,
BEL,Belgium,1945,,,,,,,,,,,,,1,IMF_FPP,,
BEL,Belgium,1946,,,,,,,,,,,,,1,IMF_FPP,,
BEL,Belgium,1947,,,,,,,,,,,,,1,IMF_FPP,,
BEL,Belgium,1948,,,,,,,,,,,,,1,IMF_FPP,,
BEL,Belgium,1949,-2.0499,,,,,-2.0499,,,,,,,1,IMF_FPP,,
BEL,Belgium,1950,-2.0056,,,,,-2.0056,,,,,,,1,IMF_FPP,,
BEL,Belgium,1951,.5881996,,,,,.5881996,,,,,,,1,IMF_FPP,,
BEL,Belgium,1952,-.2563992,,,,,-.2563992,,,,,,,1,IMF_FPP,,
BEL,Belgium,1953,.1386013,,,,,.1386013,,,,,,,1,IMF_FPP,,
BEL,Belgium,1954,2.336401,,,,,2.336401,,,,,,,1,IMF_FPP,,
BEL,Belgium,1955,-1.050299,,,,,-1.050299,,,,,,,1,IMF_FPP,,
BEL,Belgium,1956,1.848101,,,,,1.848101,,,,,,,1,IMF_FPP,,
BEL,Belgium,1957,-1.2738,,,,,-1.2738,,,,,,,1,IMF_FPP,,
BEL,Belgium,1958,-4.3346,,,,,-4.3346,,,,,,,1,IMF_FPP,,
BEL,Belgium,1959,-5.2097,,,,,-5.2097,,,,,,,1,IMF_FPP,,
BEL,Belgium,1960,-4.886002,,,,,-4.886002,,,,,,,1,IMF_FPP,,
BEL,Belgium,1961,-2.342199,,,,,-2.342199,,,,,,,1,IMF_FPP,,
BEL,Belgium,1962,-2.119701,,,,,-2.119701,,,,,,,1,IMF_FPP,,
BEL,Belgium,1963,-2.802099,,,,,-2.802099,,,,,,,1,IMF_FPP,,
BEL,Belgium,1964,-2.2658,,,,,-2.2658,,,,,,,1,IMF_FPP,,
BEL,Belgium,1965,-2.8992,,,,,-2.8992,,,,,,,1,IMF_FPP,,
BEL,Belgium,1966,-3.080299,,,,,-3.080299,,,,,,,1,IMF_FPP,,
BEL,Belgium,1967,-2.7642,,,,,-2.7642,,,,,,,1,IMF_FPP,,
BEL,Belgium,1968,-3.6884,,,,,-3.6884,,,,,,,1,IMF_FPP,,
BEL,Belgium,1969,-3.3368,,,,,-3.3368,,,,,,,1,IMF_FPP,1,6
BEL,Belgium,1970,-3.305095,,,,,-3.514599,,,,-3.3050946,,,1,OECD_EO,,
BEL,Belgium,1971,-4.206937,,,,,-4.4496,,,,-4.2069367,,,1,OECD_EO,,
BEL,Belgium,1972,-6.181157,,,,,-6.073303,,,,-6.1811571,,,1,OECD_EO,,
BEL,Belgium,1973,-4.97062,,,,,-5.020298,,,,-4.9706201,,,1,OECD_EO,,
BEL,Belgium,1974,-3.683881,,,,,-3.871998,,,,-3.6838806,,,1,OECD_EO,,
BEL,Belgium,1975,-6.445782,,,,,-6.452702,,,,-6.4457815,,,1,OECD_EO,,
BEL,Belgium,1976,-6.655168,,,,,-6.6073,,,,-6.6551682,,,1,OECD_EO,,
BEL,Belgium,1977,-6.649877,,,,,-6.5145,,,,-6.6498773,,,1,OECD_EO,,
BEL,Belgium,1978,-7.522571,,,,,-6.5075,-6.7458608,,,-7.5225711,,,1,OECD_EO,,
BEL,Belgium,1979,-9.206414,,,,,-8.332603,-7.8578372,,,-9.2064139,,,1,OECD_EO,,
BEL,Belgium,1980,-10.50138,,,,,-9.428299,-8.4845611,-9.737,,-10.501382,,,1,OECD_EO,,
BEL,Belgium,1981,-16.20562,,,,,-15.4821,-12.856896,-16.028,,-16.205621,,,1,OECD_EO,,
BEL,Belgium,1982,-12.60682,,,,,-12.3446,-11.360654,-12.765,,-12.606818,,,1,OECD_EO,,
BEL,Belgium,1983,-14.66779,,,,,-14.5222,-12.283388,-15.028,,-14.667787,,,1,OECD_EO,,
BEL,Belgium,1984,-10.30359,,,,,-10.8496,-10.053664,-11.21,,-10.30359,,,1,OECD_EO,,
BEL,Belgium,1985,-10.14786,,,,,-10.0655,-8.382514,-10.395,,-10.147856,,,1,OECD_EO,,
BEL,Belgium,1986,-10.06816,,,,,-9.956001,-8.5322668,-10.282,,-10.068159,,,1,OECD_EO,,
BEL,Belgium,1987,-7.876897,,,,,-7.892002,-6.7815743,-8.137,,-7.8768966,,,1,OECD_EO,,
BEL,Belgium,1988,-7.362053,,,,,-7.2827,-6.0848456,-7.505,,-7.362053,,,1,OECD_EO,,
BEL,Belgium,1989,-7.549686,,,,,-7.5811,-5.9947308,-7.818,,-7.5496861,,,1,OECD_EO,,
BEL,Belgium,1990,-6.721903,,,,,-6.7883,,-6.993,,-6.7219031,,,1,OECD_EO,,
BEL,Belgium,1991,-7.285794,,,,,-7.442699,,-7.672,,-7.2857935,,,1,OECD_EO,,
BEL,Belgium,1992,-7.970915,,,,,-8.161499,,-8.42,,-7.9709152,,,1,OECD_EO,,
BEL,Belgium,1993,-7.36895,,,,,-7.4795,,-7.709,,-7.3689503,,,1,OECD_EO,,
BEL,Belgium,1994,-5.026336,,,,,-5.150398,,-5.288,,-5.0263357,,,1,OECD_EO,1,6
BEL,Belgium,1995,-4.5,,,,-4.5,-4.5256,-4.5083116,-4.509,,-4.5083095,,,1,EUS,,
BEL,Belgium,1996,-4,,,,-4,-4.010601,-4.0025106,-4.003,,-4.0025275,,,1,EUS,,
BEL,Belgium,1997,-2.2,,,,-2.2,-2.257999,-2.1513068,-2.151,,-2.1512574,,,1,EUS,,
BEL,Belgium,1998,-1,,,,-1,-.972599,-1.0248728,-1.025,,-1.0248736,,,1,EUS,,
BEL,Belgium,1999,-.6,,,,-.6,-.6509018,-.64835373,-.648,,-.64834945,,,1,EUS,,
BEL,Belgium,2000,-.1,,,,-.1,-.0781021,-.07929759,-.079,,-.07929747,,,1,EUS,,
BEL,Belgium,2001,.2,,,,.2,.3529015,.23284847,.233,,.23284864,,,1,EUS,1,6
BEL,Belgium,2002,-.0436953,,,,,-.1521988,-.04369545,-.044,,-.04369531,,,1,OECD_EO,1,6
BEL,Belgium,2003,-1.9,,,,-1.9,-.1815987,-1.864147,-1.864,,-1.8641523,,,1,EUS,,
BEL,Belgium,2004,-.2,,,,-.2,-.4040985,-.23869685,-.239,,-.23869709,,,1,EUS,,
BEL,Belgium,2005,-2.7,,,,-2.7,-2.806099,-2.7149985,-2.715,,-2.7149933,,,1,EUS,,
BEL,Belgium,2006,.2,,,,.2,.0643997,.23958099,.239,,.2395807,,,1,EUS,,
BEL,Belgium,2007,.1,,,,.1,-.3208008,.06643987,.067,,.06643988,,,1,EUS,,
BEL,Belgium,2008,-1.1,,,,-1.1,-1.298801,-1.0953483,-1.095,,-1.0953452,,,1,EUS,,
BEL,Belgium,2009,-5.4,,,,-5.4,-5.850597,-5.430986,-5.431,,-5.4476844,,,1,EUS,,
BEL,Belgium,2010,-4.1,,,,-4.1,-4.187199,-4.0876797,-4.088,,-4.1331353,,,1,EUS,,
BEL,Belgium,2011,-4.4,,,,-4.4,-4.329996,-4.330076,-4.33,,-4.4415061,,,1,EUS,,
BEL,Belgium,2012,-4.3,,,,-4.3,-4.318509,-4.3184049,-4.319,,-4.348512,,,1,EUS,,
BEL,Belgium,2013,-3.2,,,,-3.2,-3.129302,-3.1294034,-3.129,,-3.1635549,,,1,EUS,,
BEL,Belgium,2014,-3.2,,,,-3.2,-3.055553,-3.0557017,-3.056,,-3.1751664,,,1,EUS,,
BEL,Belgium,2015,-2.5,,,,-2.5,-2.413643,-2.4136673,-2.414,,-2.4753693,,,1,EUS,,
BEL,Belgium,2016,-2.4,,,,-2.4,-2.363137,-2.3631375,-2.363,,-2.4308518,,,1,EUS,,
BEL,Belgium,2017,-.8,,,,-.8,-.6838558,-.68385575,-.684,,-.76333915,,,1,EUS,,
BEL,Belgium,2018,-1,,,,-1,-.8698818,-.86988182,-.87,,-1.0483321,,,1,EUS,,
BEL,Belgium,2019,-2,,,,-2,-1.991326,-1.9913929,-1.991,,-2.0480138,,,1,EUS,,
BEL,Belgium,2020,-9,,,,-9,-8.971869,-8.8840803,-8.972,,-9.0346975,,,1,EUS,,
BEL,Belgium,2021,-5.4,,,,-5.4,-5.404045,-5.4287772,-5.404,,-5.3960185,,,1,EUS,,
BEL,Belgium,2022,-3.6,,,,-3.6,-3.569307,-3.5686934,-3.569,,-3.6128172,,,1,EUS,,
BEL,Belgium,2023,-4,,,,-4,-4.440729,,,-4.441,-4.18753,,,1,EUS,,
BEL,Belgium,2024,-4.4,,,,-4.4,,,,-4.6589999,-4.6467127,,,1,EUS,,
BEL,Belgium,2025,-4.745394,,,,,,,,-5.1479998,-4.7453939,,,1,OECD_EO,1,6
BEL,Belgium,2026,-4.466929,,,,,,,,-5.4489999,-4.4669293,,,1,OECD_EO,,
BEL,Belgium,2027,-5.76,,,,,,,,-5.7600002,,,,1,IMF_WEO_forecast,1,6
BEL,Belgium,2028,-5.96,,,,,,,,-5.96,,,,1,IMF_WEO_forecast,,
BEL,Belgium,2029,-6.302,,,,,,,,-6.302,,,,1,IMF_WEO_forecast,,
BEN,Benin,1989,.886,,,,,.8862655,,.886,,,,,1,IMF_WEO,,
BEN,Benin,1990,-3.244,,,,,-3.243636,,-3.244,,,,,1,IMF_WEO,,
BEN,Benin,1991,-3.078,,,,,-3.077512,,-3.078,,,,,1,IMF_WEO,,
BEN,Benin,1992,-2.711,,,,,-2.711399,,-2.711,,,,,1,IMF_WEO,,
BEN,Benin,1993,-.565,,,,,-.5649528,,-.565,,,,,1,IMF_WEO,,
BEN,Benin,1994,-2.141,,,,,-2.140558,,-2.141,,,,,1,IMF_WEO,,
BEN,Benin,1995,-2.615,,,,,-2.614605,,-2.615,,,,,1,IMF_WEO,,
BEN,Benin,1996,-.148,,,,,-.1479596,,-.148,,,,,1,IMF_WEO,,
BEN,Benin,1997,.64,,,,,.6399191,,.64,,,,,1,IMF_WEO,,
BEN,Benin,1998,2.504,,,,,2.503977,,2.504,,,,,1,IMF_WEO,,
BEN,Benin,1999,1.944,,,,,1.944147,,1.944,,,,,1,IMF_WEO,,
BEN,Benin,2000,-3.692,,,,,-3.692199,,-3.692,,,,,1,IMF_WEO,,
BEN,Benin,2001,-3.269,,,,,-3.269427,,-3.269,,,,,1,IMF_WEO,,
BEN,Benin,2002,-3.33,,,,,-3.329892,,-3.33,,,,,1,IMF_WEO,,
BEN,Benin,2003,-1.072,,,,,-1.07204,,-1.072,,,,,1,IMF_WEO,,
BEN,Benin,2004,-.705,,,,,-.7047727,,-.705,,,,,1,IMF_WEO,,
BEN,Benin,2005,-1.523,,,,,-1.523283,,-1.523,,,,,1,IMF_WEO,,
BEN,Benin,2006,-.147,,,,,-.1465429,,-.147,,,,,1,IMF_WEO,,
BEN,Benin,2007,.222,,,,,.2220042,,.222,,,,,1,IMF_WEO,,
BEN,Benin,2008,-.041,,,,,-.0409046,,-.041,,,,,1,IMF_WEO,,
BEN,Benin,2009,-2.241,,,,,-2.241003,,-2.241,,,,,1,IMF_WEO,,
BEN,Benin,2010,-.276,,,,,-.2755385,,-.276,,,,,1,IMF_WEO,,
BEN,Benin,2011,-.981,,,,,-.981309,,-.981,,,,,1,IMF_WEO,,
BEN,Benin,2012,-.216,,,,,-.2155657,,-.216,,,,,1,IMF_WEO,,
BEN,Benin,2013,-1.365,,,,,-1.365034,,-1.365,,,,,1,IMF_WEO,,
BEN,Benin,2014,-1.651,,,,,-1.650544,,-1.651,,,,,1,IMF_WEO,,
BEN,Benin,2015,-5.553,,,,,-5.552836,,-5.553,,,,,1,IMF_WEO,,
BEN,Benin,2016,-4.289,,,,,-4.28863,,-4.289,,,,,1,IMF_WEO,,
BEN,Benin,2017,-4.204,,,,,-4.203745,,-4.204,,,,,1,IMF_WEO,,
BEN,Benin,2018,-2.976,,,,,-2.976436,,-2.976,,,,,1,IMF_WEO,,
BEN,Benin,2019,-.54,,,,,-.5395783,,-.54,,,,,1,IMF_WEO,,
BEN,Benin,2020,-4.682,,,,,-4.68177,,-4.682,,,,,1,IMF_WEO,,
BEN,Benin,2021,-5.709,,,,,-5.708797,,-5.709,,,,,1,IMF_WEO,,
BEN,Benin,2022,-5.555,,,,,-5.554597,,-5.555,,,,,1,IMF_WEO,,
BEN,Benin,2023,-4.129499,,,,,-4.129499,,,-4.1290002,,,,1,IMF_FPP,1,2
BEN,Benin,2024,-3.7,,,,,,,,-3.7,,,,1,IMF_WEO_forecast,1,2
BEN,Benin,2025,-2.9,,,,,,,,-2.9000001,,,,1,IMF_WEO_forecast,,
BEN,Benin,2026,-2.9,,,,,,,,-2.9000001,,,,1,IMF_WEO_forecast,,
BEN,Benin,2027,-2.9,,,,,,,,-2.9000001,,,,1,IMF_WEO_forecast,,
BEN,Benin,2028,-2.9,,,,,,,,-2.9000001,,,,1,IMF_WEO_forecast,,
BEN,Benin,2029,-2.9,,,,,,,,-2.9000001,,,,1,IMF_WEO_forecast,,
BFA,Burkina Faso,1985,-1.214,,,,,-1.213977,,-1.214,,,,,1,IMF_WEO,,
BFA,Burkina Faso,1986,-5.1,,,,,-5.099523,,-5.1,,,,,1,IMF_WEO,,
BFA,Burkina Faso,1987,-5.27,,,,,-5.27022,,-5.27,,,,,1,IMF_WEO,,
BFA,Burkina Faso,1988,-4.323,,,,,-4.322868,,-4.323,,,,,1,IMF_WEO,,
BFA,Burkina Faso,1989,1.965,,,,,1.964974,,1.965,,,,,1,IMF_WEO,,
BFA,Burkina Faso,1990,-7.536,,,,,-7.535957,,-7.536,,,,,1,IMF_WEO,,
BFA,Burkina Faso,1991,-2.772,,,,,-2.771556,,-2.772,,,,,1,IMF_WEO,,
BFA,Burkina Faso,1992,-2.509,,,,,-2.509119,,-2.509,,,,,1,IMF_WEO,,
BFA,Burkina Faso,1993,-3.81,,,,,-3.810412,,-3.81,,,,,1,IMF_WEO,,
BFA,Burkina Faso,1994,-1.887,,,,,-1.887077,,-1.887,,,,,1,IMF_WEO,,
BFA,Burkina Faso,1995,-2.646,,,,,-2.645588,,-2.646,,,,,1,IMF_WEO,,
BFA,Burkina Faso,1996,-1.666,,,,,-1.66607,,-1.666,,,,,1,IMF_WEO,,
BFA,Burkina Faso,1997,-2.643,,,,,-2.642849,,-2.643,,,,,1,IMF_WEO,,
BFA,Burkina Faso,1998,-2.598,,,,,-2.597694,,-2.598,,,,,1,IMF_WEO,,
BFA,Burkina Faso,1999,-3.287,,,,,-3.286904,,-3.287,,,,,1,IMF_WEO,,
BFA,Burkina Faso,2000,-3.028,,,,,-3.02783,,-3.028,,,,,1,IMF_WEO,,
BFA,Burkina Faso,2001,-3.557,,,,,-3.557444,,-3.557,,,,,1,IMF_WEO,,
BFA,Burkina Faso,2002,-4.433,,,,,-4.432618,,-4.433,,,,,1,IMF_WEO,,
BFA,Burkina Faso,2003,-1.79,,,,,-1.789913,,-1.79,,,,,1,IMF_WEO,,
BFA,Burkina Faso,2004,-4.194,,,,,-4.194055,,-4.194,,,,,1,IMF_WEO,,
BFA,Burkina Faso,2005,-4.89,,,,,-4.889533,,-4.89,,,,,1,IMF_WEO,,
BFA,Burkina Faso,2006,14.346,,,,,14.34567,,14.346,,,,,1,IMF_WEO,,
BFA,Burkina Faso,2007,-5.015,,,,,-5.014919,,-5.015,,,,,1,IMF_WEO,,
BFA,Burkina Faso,2008,-3.627,,,,,-3.627315,,-3.627,,,,,1,IMF_WEO,,
BFA,Burkina Faso,2009,-4.16,,,,,-4.160443,,-4.16,,,,,1,IMF_WEO,,
BFA,Burkina Faso,2010,-4.058,,,,,-4.058344,,-4.058,,,,,1,IMF_WEO,,
BFA,Burkina Faso,2011,-2.039,,,,,-2.039418,,-2.039,,,,,1,IMF_WEO,,
BFA,Burkina Faso,2012,-2.763,,,,,-2.76327,,-2.763,,,,,1,IMF_WEO,,
BFA,Burkina Faso,2013,-3.548,,,,,-3.547979,,-3.548,,,,,1,IMF_WEO,,
BFA,Burkina Faso,2014,-1.737,,,,,-1.737416,,-1.737,,,,,1,IMF_WEO,,
BFA,Burkina Faso,2015,-2.09,,,,,-2.089717,,-2.09,,,,,1,IMF_WEO,,
BFA,Burkina Faso,2016,-3.082,,,,,-3.082404,,-3.082,,,,,1,IMF_WEO,,
BFA,Burkina Faso,2017,-6.919,,,,,-6.918728,,-6.919,,,,,1,IMF_WEO,,
BFA,Burkina Faso,2018,-4.434,,,,,-4.434288,,-4.434,,,,,1,IMF_WEO,,
BFA,Burkina Faso,2019,-3.4,,,,,-3.399672,,-3.4,,,,,1,IMF_WEO,,
BFA,Burkina Faso,2020,-5.184,,,,,-5.183753,-4.0429872,-5.184,,,,,1,IMF_WEO,,
BFA,Burkina Faso,2021,-7.47,,,,,-7.470097,-6.380796,-7.47,,,,,1,IMF_WEO,,
BFA,Burkina Faso,2022,-10.749,,,,,-10.74866,-9.4933105,-10.749,,,,,1,IMF_WEO,,
BFA,Burkina Faso,2023,-5.24563,,,,,-6.854647,-5.2456301,,-6.855,,,,1,IMF_GFS,1,2
BFA,Burkina Faso,2024,-5.69,,,,,,,,-5.6900001,,,,1,IMF_WEO_forecast,1,2
BFA,Burkina Faso,2025,-4.708,,,,,,,,-4.7080002,,,,1,IMF_WEO_forecast,,
BFA,Burkina Faso,2026,-3.818,,,,,,,,-3.8180001,,,,1,IMF_WEO_forecast,,
BFA,Burkina Faso,2027,-3.041,,,,,,,,-3.0409999,,,,1,IMF_WEO_forecast,,
BFA,Burkina Faso,2028,-3.041,,,,,,,,-3.0409999,,,,1,IMF_WEO_forecast,,
BFA,Burkina Faso,2029,-3.041,,,,,,,,-3.0409999,,,,1,IMF_WEO_forecast,,
BGD,Bangladesh,1980,-5.936,,,,,,,-5.936,,,,,1,IMF_WEO,,
BGD,Bangladesh,1981,-5.185,,,,,,,-5.185,,,,,1,IMF_WEO,,
BGD,Bangladesh,1982,-5.648,,,,,,,-5.648,,,,,1,IMF_WEO,,
BGD,Bangladesh,1983,-5.769,,,,,,,-5.769,,,,,1,IMF_WEO,,
BGD,Bangladesh,1984,-4.628,,,,,,,-4.628,,,,,1,IMF_WEO,,
BGD,Bangladesh,1985,-4.238,,,,,,,-4.238,,,,,1,IMF_WEO,,
BGD,Bangladesh,1986,-4.633,,,,,,,-4.633,,,,,1,IMF_WEO,,
BGD,Bangladesh,1987,-4.4,,,,,,,-4.4,,,,,1,IMF_WEO,,
BGD,Bangladesh,1988,-4.14,,,,,,,-4.14,,,,,1,IMF_WEO,,
BGD,Bangladesh,1989,-4.311,,,,,,,-4.311,,,,,1,IMF_WEO,,
BGD,Bangladesh,1990,-.153,,,,,-.1531491,,-.153,,,,,1,IMF_WEO,,
BGD,Bangladesh,1991,.442,,,,,.4422745,,.442,,,,,1,IMF_WEO,,
BGD,Bangladesh,1992,.356,,,,,.3557907,,.356,,,,,1,IMF_WEO,,
BGD,Bangladesh,1993,.426,,,,,.4260164,,.426,,,,,1,IMF_WEO,,
BGD,Bangladesh,1994,.032,,,,,.032056,,.032,,,,,1,IMF_WEO,,
BGD,Bangladesh,1995,-.377,,,,,-.3767393,,-.377,,,,,1,IMF_WEO,,
BGD,Bangladesh,1996,-2.015,,,,,-2.01471,,-2.015,,,,,1,IMF_WEO,,
BGD,Bangladesh,1997,-1.941,,,,,-1.940528,,-1.941,,,,,1,IMF_WEO,,
BGD,Bangladesh,1998,-2.197,,,,,-2.196613,,-2.197,,,,,1,IMF_WEO,,
BGD,Bangladesh,1999,-1.35,,,,,-1.349645,,-1.35,,,,,1,IMF_WEO,,
BGD,Bangladesh,2000,-2.496,-3.13,,,,-2.495756,,-2.496,,,,,1,IMF_WEO,,
BGD,Bangladesh,2001,-3.439,-1.99,,,,-3.439109,,-3.439,,,,,1,IMF_WEO,,
BGD,Bangladesh,2002,-2.305,-2.07,,,,-2.304819,,-2.305,,,,,1,IMF_WEO,,
BGD,Bangladesh,2003,-1.958,-2.12,,,,-1.957904,,-1.958,,,,,1,IMF_WEO,,
BGD,Bangladesh,2004,-2.208,-3.02,,,,-2.207668,,-2.208,,,,,1,IMF_WEO,,
BGD,Bangladesh,2005,-2.398,-2.69,,,,-2.398162,,-2.398,,,,,1,IMF_WEO,,
BGD,Bangladesh,2006,-2.148,-2.33,,,,-2.147528,,-2.148,,,,,1,IMF_WEO,,
BGD,Bangladesh,2007,-1.864,-1.75,,,,-1.863861,,-1.864,,,,,1,IMF_WEO,,
BGD,Bangladesh,2008,-3.365,-2.69,,,,-3.364729,,-3.365,,,,,1,IMF_WEO,,
BGD,Bangladesh,2009,-2.68,-1.88,,,,-2.679682,,-2.68,,,,,1,IMF_WEO,,
BGD,Bangladesh,2010,-2.233,-1.72,,,,-2.233346,,-2.233,,,,,1,IMF_WEO,,
BGD,Bangladesh,2011,-2.965,-.93,,,,-2.964583,,-2.965,,,,,1,IMF_WEO,,
BGD,Bangladesh,2012,-2.556,-.52,,,,-2.555972,,-2.556,,,,,1,IMF_WEO,,
BGD,Bangladesh,2013,-2.857,-1.28,,,,-2.856795,,-2.857,,,,,1,IMF_WEO,,
BGD,Bangladesh,2014,-2.619,-2.26,,,,-2.618951,,-2.619,,,,,1,IMF_WEO,,
BGD,Bangladesh,2015,-3.29,-2.16,,,,-3.289745,,-3.29,,,,,1,IMF_WEO,,
BGD,Bangladesh,2016,-3.163,-2.73,,,,-3.162915,,-3.163,,,,,1,IMF_WEO,,
BGD,Bangladesh,2017,-4.167,-2.95,,,,-4.167014,,-4.167,,,,,1,IMF_WEO,,
BGD,Bangladesh,2018,-4.068,-1.85,,,,-4.068462,,-4.068,,,,,1,IMF_WEO,,
BGD,Bangladesh,2019,-5.408,-4.57,,,,-5.408219,,-5.408,,,,,1,IMF_WEO,,
BGD,Bangladesh,2020,-4.84,-4.28,,,,-4.840447,,-4.84,,,,,1,IMF_WEO,,
BGD,Bangladesh,2021,-3.555,-3.17,,,,-3.555291,,-3.555,,,,,1,IMF_WEO,,
BGD,Bangladesh,2022,-4.117,,,,,-4.117154,,-4.117,,,,,1,IMF_WEO,,
BGD,Bangladesh,2023,-4.577754,,,,,-4.577754,,,-4.5780001,,,,1,IMF_FPP,1,2
BGD,Bangladesh,2024,-4.641,,,,,,,,-4.6409998,,,,1,IMF_WEO_forecast,1,2
BGD,Bangladesh,2025,-4.199,,,,,,,,-4.1989999,,,,1,IMF_WEO_forecast,,
BGD,Bangladesh,2026,-4.886,,,,,,,,-4.8860002,,,,1,IMF_WEO_forecast,,
BGD,Bangladesh,2027,-5.024,,,,,,,,-5.0240002,,,,1,IMF_WEO_forecast,,
BGD,Bangladesh,2028,-5.109,,,,,,,,-5.1090002,,,,1,IMF_WEO_forecast,,
BGD,Bangladesh,2029,-5.233,,,,,,,,-5.2329998,,,,1,IMF_WEO_forecast,,
BGR,Bulgaria,1929,-6.672299,,,,,-6.672299,,,,,,,1,IMF_FPP,,
BGR,Bulgaria,1930,-5.481001,,,,,-5.481001,,,,,,,1,IMF_FPP,,
BGR,Bulgaria,1931,-3.0696,,,,,-3.0696,,,,,,,1,IMF_FPP,,
BGR,Bulgaria,1932,-2.1357,,,,,-2.1357,,,,,,,1,IMF_FPP,,
BGR,Bulgaria,1933,-.5639,,,,,-.5639,,,,,,,1,IMF_FPP,,
BGR,Bulgaria,1934,-.1162996,,,,,-.1162996,,,,,,,1,IMF_FPP,,
BGR,Bulgaria,1935,1.3441,,,,,1.3441,,,,,,,1,IMF_FPP,,
BGR,Bulgaria,1936,1.1687,,,,,1.1687,,,,,,,1,IMF_FPP,,
BGR,Bulgaria,1937,1.407001,,,,,1.407001,,,,,,,1,IMF_FPP,,
BGR,Bulgaria,1938,.9995995,,,,,.9995995,,,,,,,1,IMF_FPP,,
BGR,Bulgaria,1939,.7186995,,,,,.7186995,,,,,,,1,IMF_FPP,,
BGR,Bulgaria,1940,.7507,,,,,.7507,,,,,,,1,IMF_FPP,1,8
BGR,Bulgaria,1941,,,,,,,,,,,,,1,IMF_GFS,,
BGR,Bulgaria,1942,,,,,,,,,,,,,1,IMF_GFS,,
BGR,Bulgaria,1943,,,,,,,,,,,,,1,IMF_GFS,,
BGR,Bulgaria,1944,,,,,,,,,,,,,1,IMF_GFS,,
BGR,Bulgaria,1945,,,,,,,,,,,,,1,IMF_GFS,,
BGR,Bulgaria,1946,,,,,,,,,,,,,1,IMF_GFS,,
BGR,Bulgaria,1947,,,,,,,,,,,,,1,IMF_GFS,,
BGR,Bulgaria,1948,,,,,,,,,,,,,1,IMF_GFS,,
BGR,Bulgaria,1949,,,,,,,,,,,,,1,IMF_GFS,,
BGR,Bulgaria,1950,,,,,,,,,,,,,1,IMF_GFS,,
BGR,Bulgaria,1951,,,,,,,,,,,,,1,IMF_GFS,,
BGR,Bulgaria,1952,,,,,,,,,,,,,1,IMF_GFS,,
BGR,Bulgaria,1953,,,,,,,,,,,,,1,IMF_GFS,,
BGR,Bulgaria,1954,,,,,,,,,,,,,1,IMF_GFS,,
BGR,Bulgaria,1955,,,,,,,,,,,,,1,IMF_GFS,,
BGR,Bulgaria,1956,,,,,,,,,,,,,1,IMF_GFS,,
BGR,Bulgaria,1957,,,,,,,,,,,,,1,IMF_GFS,,
BGR,Bulgaria,1958,,,,,,,,,,,,,1,IMF_GFS,,
BGR,Bulgaria,1959,,,,,,,,,,,,,1,IMF_GFS,,
BGR,Bulgaria,1960,,,,,,,,,,,,,1,IMF_GFS,,
BGR,Bulgaria,1961,,,,,,,,,,,,,1,IMF_GFS,,
BGR,Bulgaria,1962,,,,,,,,,,,,,1,IMF_GFS,,
BGR,Bulgaria,1963,,,,,,,,,,,,,1,IMF_GFS,,
BGR,Bulgaria,1964,,,,,,,,,,,,,1,IMF_GFS,,
BGR,Bulgaria,1965,,,,,,,,,,,,,1,IMF_GFS,,
BGR,Bulgaria,1966,,,,,,,,,,,,,1,IMF_GFS,,
BGR,Bulgaria,1967,,,,,,,,,,,,,1,IMF_GFS,,
BGR,Bulgaria,1968,,,,,,,,,,,,,1,IMF_GFS,,
BGR,Bulgaria,1969,,,,,,,,,,,,,1,IMF_GFS,,
BGR,Bulgaria,1970,,,,,,,,,,,,,1,IMF_GFS,,
BGR,Bulgaria,1971,,,,,,,,,,,,,1,IMF_GFS,,
BGR,Bulgaria,1972,,,,,,,,,,,,,1,IMF_GFS,,
BGR,Bulgaria,1973,,,,,,,,,,,,,1,IMF_GFS,,
BGR,Bulgaria,1974,,,,,,,,,,,,,1,IMF_GFS,,
BGR,Bulgaria,1975,,,,,,,,,,,,,1,IMF_GFS,,
BGR,Bulgaria,1976,,,,,,,,,,,,,1,IMF_GFS,,
BGR,Bulgaria,1977,,,,,,,,,,,,,1,IMF_GFS,,
BGR,Bulgaria,1978,,,,,,,,,,,,,1,IMF_GFS,,
BGR,Bulgaria,1979,,,,,,,,,,,,,1,IMF_GFS,,
BGR,Bulgaria,1980,,,,,,,,,,,,,1,IMF_GFS,,
BGR,Bulgaria,1981,,,,,,,,,,,,,1,IMF_GFS,,
BGR,Bulgaria,1982,,,,,,,,,,,,,1,IMF_GFS,,
BGR,Bulgaria,1983,,,,,,,,,,,,,1,IMF_GFS,,
BGR,Bulgaria,1984,,,,,,,,,,,,,1,IMF_GFS,,
BGR,Bulgaria,1985,,,,,,,,,,,,,1,IMF_GFS,,
BGR,Bulgaria,1986,,,,,,,,,,,,,1,IMF_GFS,,
BGR,Bulgaria,1987,,,,,,,,,,,,,1,IMF_GFS,,
BGR,Bulgaria,1988,,,,,,,,,,,,,1,IMF_GFS,,
BGR,Bulgaria,1989,,,,,,,,,,,,,1,IMF_GFS,,
BGR,Bulgaria,1990,-3.101493,,,,,,-3.1014931,,,,,,1,IMF_GFS,,
BGR,Bulgaria,1991,-2.113316,,,,,,-2.1133164,,,,,,1,IMF_GFS,,
BGR,Bulgaria,1992,-3.935767,,,,,,-3.9357674,,,,,,1,IMF_GFS,,
BGR,Bulgaria,1993,-7.76859,,,,,,-7.7685901,,,,,,1,IMF_GFS,,
BGR,Bulgaria,1994,-3.553802,,,,,,-3.5538015,,,,,,1,IMF_GFS,1,8
BGR,Bulgaria,1995,-5.5,,,,-5.5,-7.9767,-5.5029604,,,-5.5264773,,,1,EUS,,
BGR,Bulgaria,1996,-8.1,,,,-8.1,-10.0723,-8.1110528,,,-8.115625,,,1,EUS,,
BGR,Bulgaria,1997,1.5,,,,1.5,.829998,1.5137379,,,1.5137379,,,1,EUS,,
BGR,Bulgaria,1998,1.3,,,,1.3,1.083645,1.3454251,1.084,,1.3454251,,,1,EUS,,
BGR,Bulgaria,1999,.2,,,,.2,.1506692,.15253803,.151,,.15293734,,,1,EUS,,
BGR,Bulgaria,2000,.1,,,,.1,-.6047528,.10844491,-.605,,.10844491,,,1,EUS,,
BGR,Bulgaria,2001,.7,,,,.7,-.5800884,.67867853,-.58,,.67835582,,,1,EUS,,
BGR,Bulgaria,2002,-1.1,,,,-1.1,-.6143203,-1.0599168,-.614,,-1.0605038,,,1,EUS,1,8
BGR,Bulgaria,2003,-.0379388,,,,,.002552,-.0376659,.003,,-.03793884,,,1,OECD_EO,1,8
BGR,Bulgaria,2004,1.8,,,,1.8,1.593251,1.7856234,1.593,,1.7853807,,,1,EUS,,
BGR,Bulgaria,2005,1.6,,,,1.6,2.187148,1.6089843,2.187,,1.609197,,,1,EUS,,
BGR,Bulgaria,2006,2.7,,,,2.7,3.221087,2.6676772,3.221,,2.6676772,,,1,EUS,1,8
BGR,Bulgaria,2007,-.0103946,,,,,3.086316,-.0103946,3.086,,-.0103946,,,1,OECD_EO,1,8
BGR,Bulgaria,2008,1.4,,,,1.4,2.731505,1.4194123,2.732,,1.4195496,,,1,EUS,,
BGR,Bulgaria,2009,-4.4,,,,-4.4,-.8555062,-4.4393755,-.856,,-4.4392388,,,1,EUS,,
BGR,Bulgaria,2010,-3.7,,,,-3.7,-3.769373,-3.6637575,-3.769,,-3.6636239,,,1,EUS,,
BGR,Bulgaria,2011,-1.7,,,,-1.7,-1.833791,-1.7471519,-1.834,,-1.7471519,,,1,EUS,,
BGR,Bulgaria,2012,-.8,,,,-.8,-.4341666,-.80636156,-.434,,-.80648257,,,1,EUS,,
BGR,Bulgaria,2013,-.7,,,,-.7,-1.751551,-.72702142,-1.752,,-.72702142,,,1,EUS,,
BGR,Bulgaria,2014,-5.4,,,,-5.4,-3.651851,-5.38054,-3.652,,-5.38054,,,1,EUS,,
BGR,Bulgaria,2015,-1.9,,,,-1.9,-2.774585,-1.8590758,-2.775,,-1.8590758,,,1,EUS,,
BGR,Bulgaria,2016,.3,,,,.3,1.539685,.31809311,1.54,,.31788336,,,1,EUS,,
BGR,Bulgaria,2017,1.6,,,,1.6,.8234429,1.6239305,.823,,1.6240279,,,1,EUS,,
BGR,Bulgaria,2018,1.7,,,,1.7,.1229533,1.7268708,.123,,1.7290686,,,1,EUS,,
BGR,Bulgaria,2019,2.2,,,,2.2,-.9576392,2.1437235,-.958,,2.15151,,,1,EUS,,
BGR,Bulgaria,2020,-3.8,,,,-3.8,-2.930978,-3.8438931,-2.931,,-3.7902057,,,1,EUS,,
BGR,Bulgaria,2021,-4,,,,-4,-2.813654,-3.9762723,-2.814,,-3.921363,,,1,EUS,,
BGR,Bulgaria,2022,-2.9,,,,-2.9,-.8028705,-2.9448961,-.803,,-2.8843543,,,1,EUS,,
BGR,Bulgaria,2023,-2,,,,-2,-3.058292,-2.0046974,,-3.0580001,-2.0022943,,,1,EUS,,
BGR,Bulgaria,2024,-3,,,,-3,,,,-2.9300001,-2.4558726,,,1,EUS,,
BGR,Bulgaria,2025,-3.250147,,,,,,,,-2.9560001,-3.2501471,,,1,OECD_EO,1,8
BGR,Bulgaria,2026,-2.831328,,,,,,,,-3.0539999,-2.8313282,,,1,OECD_EO,,
BGR,Bulgaria,2027,-3.217,,,,,,,,-3.217,,,,1,IMF_WEO_forecast,1,8
BGR,Bulgaria,2028,-3.246,,,,,,,,-3.2460001,,,,1,IMF_WEO_forecast,,
BGR,Bulgaria,2029,-3.197,,,,,,,,-3.197,,,,1,IMF_WEO_forecast,,
BHR,Bahrain,1990,-6.788,,,,,-6.788008,,-6.788,,,,,1,IMF_WEO,,
BHR,Bahrain,1991,-3.468,,,,,-3.467784,,-3.468,,,,,1,IMF_WEO,,
BHR,Bahrain,1992,-5.405,,,,,-5.405337,,-5.405,,,,,1,IMF_WEO,,
BHR,Bahrain,1993,-2.766,,,,,-2.765785,,-2.766,,,,,1,IMF_WEO,,
BHR,Bahrain,1994,-5.177,,,,,-5.177107,,-5.177,,,,,1,IMF_WEO,,
BHR,Bahrain,1995,-3.988,,,,,-3.988472,,-3.988,,,,,1,IMF_WEO,,
BHR,Bahrain,1996,.242,,,,,.242215,,.242,,,,,1,IMF_WEO,,
BHR,Bahrain,1997,-6.387,,,,,-6.386575,,-6.387,,,,,1,IMF_WEO,,
BHR,Bahrain,1998,-5.491,,,,,-5.49138,,-5.491,,,,,1,IMF_WEO,,
BHR,Bahrain,1999,-4.849,,,,,-4.849368,,-4.849,,,,,1,IMF_WEO,,
BHR,Bahrain,2000,7.327,,,,,7.327271,,7.327,,,,,1,IMF_WEO,,
BHR,Bahrain,2001,.695,,,,,.6953932,,.695,,,,,1,IMF_WEO,,
BHR,Bahrain,2002,-3.272,,,,,-3.272278,,-3.272,,,,,1,IMF_WEO,,
BHR,Bahrain,2003,-1.703,,,,,-1.703043,,-1.703,,,,,1,IMF_WEO,,
BHR,Bahrain,2004,.237,,,,,.2368951,,.237,,,,,1,IMF_WEO,,
BHR,Bahrain,2005,2.796,,,,,2.795564,,2.796,,,,,1,IMF_WEO,,
BHR,Bahrain,2006,2.242,,,,,2.242465,,2.242,,,,,1,IMF_WEO,,
BHR,Bahrain,2007,1.521,,,,,1.521495,,1.521,,,,,1,IMF_WEO,,
BHR,Bahrain,2008,4.083,,,,,4.083106,,4.083,,,,,1,IMF_WEO,,
BHR,Bahrain,2009,-5.359,,,,,-5.358531,,-5.359,,,,,1,IMF_WEO,,
BHR,Bahrain,2010,-9.286,,,,,-9.285843,,-9.286,,,,,1,IMF_WEO,,
BHR,Bahrain,2011,-4.901,,,,,-4.901225,,-4.901,,,,,1,IMF_WEO,,
BHR,Bahrain,2012,-5.766,,,,,-5.765644,,-5.766,,,,,1,IMF_WEO,1,4
BHR,Bahrain,2013,-3.351069,,-3.351069,,,-8.545164,,-8.545,,,,,1,AMF,,
BHR,Bahrain,2014,-3.624401,,-3.624401,,,-3.318629,,-3.319,,,,,1,AMF,,
BHR,Bahrain,2015,-12.96387,,-12.96387,,,-17.46165,,-17.462,,,,,1,AMF,,
BHR,Bahrain,2016,-13.64488,,-13.64488,,,-16.57914,,-16.579,,,,,1,AMF,,
BHR,Bahrain,2017,-10.0147,,-10.0147,,,-13.37696,,-13.377,,,,,1,AMF,,
BHR,Bahrain,2018,-6.296268,,-6.296268,,,-11.27567,,-11.276,,,,,1,AMF,,
BHR,Bahrain,2019,-4.703689,,-4.703689,,,-8.566516,,-8.567,,,,,1,AMF,,
BHR,Bahrain,2020,-12.7955,,-12.7955,,,-17.30469,,-17.305,,,,,1,AMF,,
BHR,Bahrain,2021,-6.516771,,-6.516771,,,-10.57015,,-10.57,,,,,1,AMF,,
BHR,Bahrain,2022,-5.123,,,,,-5.123102,,-5.123,,,,,1,IMF_WEO,1,4
BHR,Bahrain,2023,-10.55406,,,,,-10.55406,,,-10.554,,,,1,IMF_FPP,1,4
BHR,Bahrain,2024,-7.654,,,,,,,,-7.6539998,,,,1,IMF_WEO_forecast,1,4
BHR,Bahrain,2025,-7.256,,,,,,,,-7.256,,,,1,IMF_WEO_forecast,,
BHR,Bahrain,2026,-7.732,,,,,,,,-7.7319999,,,,1,IMF_WEO_forecast,,
BHR,Bahrain,2027,-8.589,,,,,,,,-8.5889997,,,,1,IMF_WEO_forecast,,
BHR,Bahrain,2028,-9.199,,,,,,,,-9.1990004,,,,1,IMF_WEO_forecast,,
BHR,Bahrain,2029,-9.551,,,,,,,,-9.5509996,,,,1,IMF_WEO_forecast,,
BHS,Bahamas,1990,-2.644,,,,,-2.643971,,-2.644,,,,,1,IMF_WEO,,
BHS,Bahamas,1991,-2.269,,,,,-2.269233,,-2.269,,,,,1,IMF_WEO,,
BHS,Bahamas,1992,-2.23,,,,,-2.23048,,-2.23,,,,,1,IMF_WEO,,
BHS,Bahamas,1993,-1.051,,,,,-1.051252,,-1.051,,,,,1,IMF_WEO,,
BHS,Bahamas,1994,-.4,,,,,-.4001696,,-.4,,,,,1,IMF_WEO,,
BHS,Bahamas,1995,.18,,,,,.1802731,,.18,,,,,1,IMF_WEO,,
BHS,Bahamas,1996,-.154,,,,,-.1540038,,-.154,,,,,1,IMF_WEO,,
BHS,Bahamas,1997,-1.604,,,,,-1.604039,,-1.604,,,,,1,IMF_WEO,,
BHS,Bahamas,1998,-.428,,,,,-.4276057,,-.428,,,,,1,IMF_WEO,,
BHS,Bahamas,1999,1.778,,,,,1.778322,,1.778,,,,,1,IMF_WEO,,
BHS,Bahamas,2000,.093,,,,,.0930308,,.093,,,,,1,IMF_WEO,,
BHS,Bahamas,2001,.302,,,,,.3023612,,.302,,,,,1,IMF_WEO,,
BHS,Bahamas,2002,-1.668,,,,,-1.667981,,-1.668,,,,,1,IMF_WEO,,
BHS,Bahamas,2003,-1.629,,,,,-1.628697,,-1.629,,,,,1,IMF_WEO,,
BHS,Bahamas,2004,-1.947,,,,,-1.94734,,-1.947,,,,,1,IMF_WEO,,
BHS,Bahamas,2005,-1.155,,,,,-1.155007,,-1.155,,,,,1,IMF_WEO,,
BHS,Bahamas,2006,-.439,,,,,-.4385644,,-.439,,,,,1,IMF_WEO,,
BHS,Bahamas,2007,-.773,,,,,-.7730451,,-.773,,,,,1,IMF_WEO,,
BHS,Bahamas,2008,-.824,,,,,-.824353,,-.824,,,,,1,IMF_WEO,,
BHS,Bahamas,2009,-2.388,,,,,-2.387941,,-2.388,,,,,1,IMF_WEO,,
BHS,Bahamas,2010,-2.57,,,,,-2.569973,,-2.57,,,,,1,IMF_WEO,,
BHS,Bahamas,2011,-2.868,,,,,-2.868352,,-2.868,,,,,1,IMF_WEO,,
BHS,Bahamas,2012,-3.253,,,,,-3.252782,,-3.253,,,,,1,IMF_WEO,,
BHS,Bahamas,2013,-5.117,,,,,-5.117411,,-5.117,,,,,1,IMF_WEO,,
BHS,Bahamas,2014,-4.563,,,,,-4.5631,,-4.563,,,,,1,IMF_WEO,,
BHS,Bahamas,2015,-3.385,,,,,-3.385384,,-3.385,,,,,1,IMF_WEO,,
BHS,Bahamas,2016,-2.648,,,,,-2.64799,,-2.648,,,,,1,IMF_WEO,,
BHS,Bahamas,2017,-6.138,,,,,-6.137636,,-6.138,,,,,1,IMF_WEO,,
BHS,Bahamas,2018,-3.338,,,,,-3.337936,,-3.338,,,,,1,IMF_WEO,,
BHS,Bahamas,2019,-1.71,,,,,-1.710428,,-1.71,,,,,1,IMF_WEO,,
BHS,Bahamas,2020,-7.37,,,,,-7.370102,,-7.37,,,,,1,IMF_WEO,,
BHS,Bahamas,2021,-13.089,,,,,-13.08879,,-13.089,,,,,1,IMF_WEO,,
BHS,Bahamas,2022,-5.781,,,,,-5.781081,,-5.781,,,,,1,IMF_WEO,,
BHS,Bahamas,2023,-3.802094,,,,,-3.802094,,,-3.802,,,,1,IMF_FPP,1,2
BHS,Bahamas,2024,-1.28,,,,,,,,-1.28,,,,1,IMF_WEO_forecast,1,2
BHS,Bahamas,2025,-.697,,,,,,,,-.69700003,,,,1,IMF_WEO_forecast,,
BHS,Bahamas,2026,-.629,,,,,,,,-.62900001,,,,1,IMF_WEO_forecast,,
BHS,Bahamas,2027,-.403,,,,,,,,-.403,,,,1,IMF_WEO_forecast,,
BHS,Bahamas,2028,-.122,,,,,,,,-.122,,,,1,IMF_WEO_forecast,,
BHS,Bahamas,2029,.491,,,,,,,,.491,,,,1,IMF_WEO_forecast,,
BIH,Bosnia and Herzegovina,1998,-.978,,,,,-.9778993,,-.978,,,,,1,IMF_WEO,,
BIH,Bosnia and Herzegovina,1999,-2.782,,,,,-2.782005,,-2.782,,,,,1,IMF_WEO,,
BIH,Bosnia and Herzegovina,2000,-4.637,,,,,-4.636681,,-4.637,,,,,1,IMF_WEO,,
BIH,Bosnia and Herzegovina,2001,-3.453,,,,,-3.453171,,-3.453,,,,,1,IMF_WEO,,
BIH,Bosnia and Herzegovina,2002,-2.995,,,,,-2.995441,,-2.995,,,,,1,IMF_WEO,,
BIH,Bosnia and Herzegovina,2003,-.444,,,,,-.4435602,,-.444,,,,,1,IMF_WEO,,
BIH,Bosnia and Herzegovina,2004,-.184,,,,,-.1835072,,-.184,,,,,1,IMF_WEO,,
BIH,Bosnia and Herzegovina,2005,.76,,,,,.7595279,2.3884988,.76,,,,,1,IMF_WEO,,
BIH,Bosnia and Herzegovina,2006,2.149,,,,,2.149341,2.8356867,2.149,,,,,1,IMF_WEO,,
BIH,Bosnia and Herzegovina,2007,.174,,,,,.1738658,1.1785516,.174,,,,,1,IMF_WEO,,
BIH,Bosnia and Herzegovina,2008,-3.905,,,,,-3.90463,-2.1586026,-3.905,,,,,1,IMF_WEO,,
BIH,Bosnia and Herzegovina,2009,-5.346,,,,,-5.345513,-4.31811,-5.346,,,,,1,IMF_WEO,,
BIH,Bosnia and Herzegovina,2010,-4.061,,,,,-4.060708,-2.4143107,-4.061,,,,,1,IMF_WEO,,
BIH,Bosnia and Herzegovina,2011,-2.73,,,,,-2.729789,-1.2313457,-2.73,,,,,1,IMF_WEO,,
BIH,Bosnia and Herzegovina,2012,-2.685,,,,,-2.684882,-2.0113674,-2.685,,,,,1,IMF_WEO,,
BIH,Bosnia and Herzegovina,2013,-1.282,,,,,-1.281935,-2.1604474,-1.282,,,,,1,IMF_WEO,,
BIH,Bosnia and Herzegovina,2014,-2.872,,,,,-2.872163,-2.0335493,-2.872,,,,,1,IMF_WEO,,
BIH,Bosnia and Herzegovina,2015,-.194,,,,,-.194224,.66406336,-.194,,,,,1,IMF_WEO,,
BIH,Bosnia and Herzegovina,2016,.342,,,,,.3417469,1.2251888,.342,,,,,1,IMF_WEO,,
BIH,Bosnia and Herzegovina,2017,1.789,,,,,1.789495,2.5347875,1.789,,,,,1,IMF_WEO,,
BIH,Bosnia and Herzegovina,2018,1.632,,,,,1.63188,2.1700715,1.632,,,,,1,IMF_WEO,,
BIH,Bosnia and Herzegovina,2019,1.368,,,,,1.36768,1.8923893,1.368,,,,,1,IMF_WEO,,
BIH,Bosnia and Herzegovina,2020,-4.616,,,,,-4.616121,-5.2097158,-4.616,,,,,1,IMF_WEO,,
BIH,Bosnia and Herzegovina,2021,.61,,,,,.6101931,-.28248299,.61,,,,,1,IMF_WEO,,
BIH,Bosnia and Herzegovina,2022,.1676401,,,,,.9224065,.16764005,,.92199999,,,,1,IMF_GFS,1,2
BIH,Bosnia and Herzegovina,2023,-1.001135,,,,,-1.704169,-1.0011346,,-1.704,,,,1,IMF_GFS,,
BIH,Bosnia and Herzegovina,2024,-2.472,,,,,,,,-2.4719999,,,,1,IMF_WEO_forecast,1,2
BIH,Bosnia and Herzegovina,2025,-2.484,,,,,,,,-2.484,,,,1,IMF_WEO_forecast,,
BIH,Bosnia and Herzegovina,2026,-2.181,,,,,,,,-2.181,,,,1,IMF_WEO_forecast,,
BIH,Bosnia and Herzegovina,2027,-1.763,,,,,,,,-1.763,,,,1,IMF_WEO_forecast,,
BIH,Bosnia and Herzegovina,2028,-1.317,,,,,,,,-1.317,,,,1,IMF_WEO_forecast,,
BIH,Bosnia and Herzegovina,2029,-1.056,,,,,,,,-1.056,,,,1,IMF_WEO_forecast,,
BLR,Belarus,2001,-4.738,,,,,,,-4.738,,,,,1,IMF_WEO,,
BLR,Belarus,2002,-7.807,,,,,,,-7.807,,,,,1,IMF_WEO,,
BLR,Belarus,2003,-6.739,,,,,,-.58316278,-6.739,,,,,1,IMF_WEO,,
BLR,Belarus,2004,-7.063,,,,,,.59676395,-7.063,,,,,1,IMF_WEO,,
BLR,Belarus,2005,-6.706,,,,,,.22717472,-6.706,,,,,1,IMF_WEO,,
BLR,Belarus,2006,-7.705,,,,,,1.7423434,-7.705,,,,,1,IMF_WEO,,
BLR,Belarus,2007,-7.821,,,,,,1.1426987,-7.821,,,,,1,IMF_WEO,,
BLR,Belarus,2008,-10.906,,,,,,3.4186063,-10.906,,,,,1,IMF_WEO,,
BLR,Belarus,2009,-7.232,,,,,,-.30683029,-7.232,,,,,1,IMF_WEO,,
BLR,Belarus,2010,-4.187,,,,,,-1.7431315,-4.187,,,,,1,IMF_WEO,,
BLR,Belarus,2011,-2.806,,,,,,2.9529203,-2.806,,,,,1,IMF_WEO,,
BLR,Belarus,2012,.36,,,,,,.78847121,.36,,,,,1,IMF_WEO,,
BLR,Belarus,2013,-.982,,,,,,-.20511758,-.982,,,,,1,IMF_WEO,,
BLR,Belarus,2014,.092,,,,,,.8211738,.092,,,,,1,IMF_WEO,,
BLR,Belarus,2015,-2.964,,,,,,2.265181,-2.964,,,,,1,IMF_WEO,,
BLR,Belarus,2016,-1.659,,,,,,1.6901102,-1.659,,,,,1,IMF_WEO,,
BLR,Belarus,2017,-.337,,,,,,2.1235894,-.337,,,,,1,IMF_WEO,,
BLR,Belarus,2018,1.805,,,,,,4.1094634,1.805,,,,,1,IMF_WEO,,
BLR,Belarus,2019,.91,,,,,,2.4729203,.91,,,,,1,IMF_WEO,,
BLR,Belarus,2020,-2.87,,,,,,-1.6121416,-2.87,,,,,1,IMF_WEO,,
BLR,Belarus,2021,-.223,,,,,,.26433252,-.223,,,,,1,IMF_WEO,,
BLR,Belarus,2022,-1.514819,,,,,,-1.5148185,,-2.0680001,,,,1,IMF_GFS,1,2
BLR,Belarus,2023,1.237439,,,,,,1.2374388,,.70499998,,,,1,IMF_GFS,,
BLR,Belarus,2024,1.095,,,,,,,,1.095,,,,1,IMF_WEO_forecast,1,2
BLR,Belarus,2025,.808,,,,,,,,.80800003,,,,1,IMF_WEO_forecast,,
BLR,Belarus,2026,.39,,,,,,,,.38999999,,,,1,IMF_WEO_forecast,,
BLR,Belarus,2027,.248,,,,,,,,.248,,,,1,IMF_WEO_forecast,,
BLR,Belarus,2028,.111,,,,,,,,.111,,,,1,IMF_WEO_forecast,,
BLR,Belarus,2029,.058,,,,,,,,.058,,,,1,IMF_WEO_forecast,,
BLZ,Belize,1996,-1.81,,,,,-1.80972,,-1.81,,,,,1,IMF_WEO,,
BLZ,Belize,1997,-1.867,,,,,-1.866501,,-1.867,,,,,1,IMF_WEO,,
BLZ,Belize,1998,-2.803,,,,,-2.80253,,-2.803,,,,,1,IMF_WEO,,
BLZ,Belize,1999,-6.853,,,,,-6.853477,,-6.853,,,,,1,IMF_WEO,,
BLZ,Belize,2000,-7.026,,,,,-7.026199,,-7.026,,,,,1,IMF_WEO,,
BLZ,Belize,2001,-7.509,,,,,-7.508524,,-7.509,,,,,1,IMF_WEO,,
BLZ,Belize,2002,-5.61,,,,,-5.610269,,-5.61,,,,,1,IMF_WEO,,
BLZ,Belize,2003,-8.683,,,,,-8.682913,,-8.683,,,,,1,IMF_WEO,,
BLZ,Belize,2004,-4.668,,,,,-4.667946,,-4.668,,,,,1,IMF_WEO,,
BLZ,Belize,2005,-3.827,,,,,-3.826566,,-3.827,,,,,1,IMF_WEO,,
BLZ,Belize,2006,-2.279,,,,,-2.279184,,-2.279,,,,,1,IMF_WEO,,
BLZ,Belize,2007,-.188,,,,,-.1879692,,-.188,,,,,1,IMF_WEO,,
BLZ,Belize,2008,1.258,,,,,1.258069,,1.258,,,,,1,IMF_WEO,,
BLZ,Belize,2009,-2.473,,,,,-2.473092,,-2.473,,,,,1,IMF_WEO,,
BLZ,Belize,2010,-1.914,,,,,-1.914219,,-1.914,,,,,1,IMF_WEO,,
BLZ,Belize,2011,-1.063,,,,,-1.063172,,-1.063,,,,,1,IMF_WEO,,
BLZ,Belize,2012,-.226,,,,,-.2257494,,-.226,,,,,1,IMF_WEO,,
BLZ,Belize,2013,-1.216,,,,,-1.21642,,-1.216,,,,,1,IMF_WEO,,
BLZ,Belize,2014,-1.734,,,,,-1.734367,,-1.734,,,,,1,IMF_WEO,,
BLZ,Belize,2015,-5.139,,,,,-5.13928,,-5.139,,,,,1,IMF_WEO,,
BLZ,Belize,2016,-4.471,,,,,-4.470773,,-4.471,,,,,1,IMF_WEO,,
BLZ,Belize,2017,-3.48,,,,,-3.47997,,-3.48,,,,,1,IMF_WEO,,
BLZ,Belize,2018,-1.362,,,,,-1.362382,,-1.362,,,,,1,IMF_WEO,,
BLZ,Belize,2019,-2.895,,,,,-2.895438,,-2.895,,,,,1,IMF_WEO,,
BLZ,Belize,2020,-8.565,,,,,-8.564776,,-8.565,,,,,1,IMF_WEO,,
BLZ,Belize,2021,-3.296,,,,,-3.296113,,-3.296,,,,,1,IMF_WEO,,
BLZ,Belize,2022,-.4822598,,,,,-.4822598,,,-.48199999,,,,1,IMF_FPP,1,2
BLZ,Belize,2023,-1.31549,,,,,-1.31549,,,-1.3150001,,,,1,IMF_FPP,,
BLZ,Belize,2024,-.909,,,,,,,,-.90899998,,,,1,IMF_WEO_forecast,1,2
BLZ,Belize,2025,-1.084,,,,,,,,-1.084,,,,1,IMF_WEO_forecast,,
BLZ,Belize,2026,-1.102,,,,,,,,-1.102,,,,1,IMF_WEO_forecast,,
BLZ,Belize,2027,-1.06,,,,,,,,-1.0599999,,,,1,IMF_WEO_forecast,,
BLZ,Belize,2028,-1.056,,,,,,,,-1.056,,,,1,IMF_WEO_forecast,,
BLZ,Belize,2029,-1.014,,,,,,,,-1.0140001,,,,1,IMF_WEO_forecast,,
BOL,Bolivia,1953,-.4779799,,,,,-.4779799,,,,,,,1,IMF_FPP,,
BOL,Bolivia,1954,,,,,,,,,,,,,1,IMF_FPP,,
BOL,Bolivia,1955,.33311,,,,,.33311,,,,,,,1,IMF_FPP,,
BOL,Bolivia,1956,-.1088102,,,,,-.1088102,,,,,,,1,IMF_FPP,,
BOL,Bolivia,1957,-1.11486,,,,,-1.11486,,,,,,,1,IMF_FPP,,
BOL,Bolivia,1958,-2.94555,,,,,-2.94555,,,,,,,1,IMF_FPP,,
BOL,Bolivia,1959,-4.32421,,,,,-4.32421,,,,,,,1,IMF_FPP,,
BOL,Bolivia,1960,-3.34897,,,,,-3.34897,,,,,,,1,IMF_FPP,,
BOL,Bolivia,1961,-2.81195,,,,,-2.81195,,,,,,,1,IMF_FPP,,
BOL,Bolivia,1962,-2.79705,,,,,-2.79705,,,,,,,1,IMF_FPP,,
BOL,Bolivia,1963,-3.01605,,,,,-3.01605,,,,,,,1,IMF_FPP,,
BOL,Bolivia,1964,-2.67682,,,,,-2.67682,,,,,,,1,IMF_FPP,,
BOL,Bolivia,1965,-4.12257,,,,,-4.12257,,,,,,,1,IMF_FPP,,
BOL,Bolivia,1966,-3.54714,,,,,-3.54714,,,,,,,1,IMF_FPP,,
BOL,Bolivia,1967,,,,,,,,,,,,,1,IMF_FPP,,
BOL,Bolivia,1968,-5.67109,,,,,-5.67109,,,,,,,1,IMF_FPP,,
BOL,Bolivia,1969,-4.156119,,,,,-4.156119,,,,,,,1,IMF_FPP,,
BOL,Bolivia,1970,-1.92216,,,,,-1.92216,,,,,,,1,IMF_FPP,,
BOL,Bolivia,1971,-3.67264,,,,,-3.67264,,,,,,,1,IMF_FPP,,
BOL,Bolivia,1972,-3.686319,,,,,-3.686319,,,,,,,1,IMF_FPP,,
BOL,Bolivia,1973,-3.7167,,,,,-3.7167,,,,,,,1,IMF_FPP,,
BOL,Bolivia,1974,-1.8725,,,,,-1.8725,,,,,,,1,IMF_FPP,,
BOL,Bolivia,1975,-2.3281,,,,,-2.3281,,,,,,,1,IMF_FPP,,
BOL,Bolivia,1976,-1.1453,,,,,-1.1453,,,,,,,1,IMF_FPP,,
BOL,Bolivia,1977,-11.18485,,,,,-11.18485,,,,,,,1,IMF_FPP,,
BOL,Bolivia,1978,-9.966029,,,,,-9.966029,,,,,,,1,IMF_FPP,,
BOL,Bolivia,1979,-11.1572,,,,,-11.1572,,,,,,,1,IMF_FPP,,
BOL,Bolivia,1980,-15.27806,,,,,-15.27806,,,,,,,1,IMF_FPP,1,3
BOL,Bolivia,1981,-9.648,,,,,-12.32152,,-9.648,,,,,1,IMF_WEO,,
BOL,Bolivia,1982,-15.899,,,,,-15.89889,,-15.899,,,,,1,IMF_WEO,,
BOL,Bolivia,1983,-19.799,,,,,-19.79921,,-19.799,,,,,1,IMF_WEO,,
BOL,Bolivia,1984,-25.4,,,,,-25.39995,,-25.4,,,,,1,IMF_WEO,,
BOL,Bolivia,1985,-9.8,,,,,-9.800001,,-9.8,,,,,1,IMF_WEO,,
BOL,Bolivia,1986,-2.7,,,,,-2.7,.50461453,-2.7,,,,,1,IMF_WEO,,
BOL,Bolivia,1987,-7.7,,,,,-7.699999,1.0554712,-7.7,,,,,1,IMF_WEO,,
BOL,Bolivia,1988,-6.5,,,,,-6.5,-.82735644,-6.5,,,,,1,IMF_WEO,,
BOL,Bolivia,1989,-5.5,,,,,-5.5,-1.8709627,-5.5,,,,,1,IMF_WEO,,
BOL,Bolivia,1990,-4.4,,,-2.9078,,-4.400001,-1.84548,-4.4,,,,,1,IMF_WEO,,
BOL,Bolivia,1991,-4.2,,,-3.3774,,-4.2,-.78820295,-4.2,,,,,1,IMF_WEO,,
BOL,Bolivia,1992,-4.4,,,-2.9982,,-4.4,-3.0694095,-4.4,,,,,1,IMF_WEO,,
BOL,Bolivia,1993,-6.1,,,-4.7877,,-6.1,-2.955562,-6.1,,,,,1,IMF_WEO,,
BOL,Bolivia,1994,-3,,,-2.5844,,-3,-3.574641,-3,,,,,1,IMF_WEO,,
BOL,Bolivia,1995,-1.817,,,-1.336,,-1.816584,-2.7104018,-1.817,,,,,1,IMF_WEO,,
BOL,Bolivia,1996,-1.9,,,-1.6678,,-1.9,-2.5337906,-1.9,,,,,1,IMF_WEO,,
BOL,Bolivia,1997,-3.281,,,-3.595,,-3.280903,-3.3635208,-3.281,,,,,1,IMF_WEO,,
BOL,Bolivia,1998,-5.1,,,-4.0206,,-5.1,-2.8738427,-5.1,,,,,1,IMF_WEO,,
BOL,Bolivia,1999,-3.837,,,-3.3894,,-3.836567,-3.2517118,-3.837,,,,,1,IMF_WEO,,
BOL,Bolivia,2000,-3.728,,,-3.9196,,-3.72813,-3.9003636,-3.728,,,,,1,IMF_WEO,,
BOL,Bolivia,2001,-6.82,,,-7.2532,,-6.8196,-6.6098502,-6.82,,,,,1,IMF_WEO,,
BOL,Bolivia,2002,-8.788,,,-8.8984,,-8.788019,-7.6362991,-8.788,,,,,1,IMF_WEO,,
BOL,Bolivia,2003,-7.875,,,-7.7203,,-7.875395,-6.010385,-7.875,,,,,1,IMF_WEO,,
BOL,Bolivia,2004,-5.543,,,-5.6695,,-5.543419,-4.4154411,-5.543,,,,,1,IMF_WEO,,
BOL,Bolivia,2005,-2.245,,,-2.2892,,-2.244735,-.87011315,-2.245,,,,,1,IMF_WEO,,
BOL,Bolivia,2006,4.47,,,3.4714,,4.469896,15.250349,4.47,,,,,1,IMF_WEO,,
BOL,Bolivia,2007,-1.54,,,2.2648,,-1.540038,2.0787682,-1.54,,,,,1,IMF_WEO,,
BOL,Bolivia,2008,3.528,,,-.0097,,3.527629,,3.528,,,,,1,IMF_WEO,,
BOL,Bolivia,2009,2.63,,,-2.0008,,2.630135,,2.63,,,,,1,IMF_WEO,,
BOL,Bolivia,2010,1.624,,,-.0978,,1.623824,,1.624,,,,,1,IMF_WEO,,
BOL,Bolivia,2011,.831,,,-1.1478,,.8313875,,.831,,,,,1,IMF_WEO,,
BOL,Bolivia,2012,1.715,,,1.8274,,1.71544,,1.715,,,,,1,IMF_WEO,,
BOL,Bolivia,2013,.595,,,1.3627,,.5953984,,.595,,,,,1,IMF_WEO,,
BOL,Bolivia,2014,-3.41,,,-2.4972,,-3.410162,,-3.41,,,,,1,IMF_WEO,,
BOL,Bolivia,2015,-6.935,,,-4.486,,-6.93492,,-6.935,,,,,1,IMF_WEO,,
BOL,Bolivia,2016,-7.243,,,-3.3559,,-7.243425,,-7.243,,,,,1,IMF_WEO,,
BOL,Bolivia,2017,-7.855,,,-5.0281,,-7.855017,,-7.855,,,,,1,IMF_WEO,,
BOL,Bolivia,2018,-8.172,,,-5.9723,,-8.17223,,-8.172,,,,,1,IMF_WEO,,
BOL,Bolivia,2019,-7.249,,,-6.9112,,-7.249327,,-7.249,,,,,1,IMF_WEO,,
BOL,Bolivia,2020,-12.722,,,-13.0669,,-12.72208,,-12.722,,,,,1,IMF_WEO,,
BOL,Bolivia,2021,-9.329,,,-8.4572,,-9.329101,,-9.329,,,,,1,IMF_WEO,,
BOL,Bolivia,2022,-7.121846,,,-5.8323,,-7.121846,,,-7.1220002,,,,1,IMF_FPP,1,3
BOL,Bolivia,2023,-10.94859,,,,,-10.94859,,,-10.949,,,,1,IMF_FPP,,
BOL,Bolivia,2024,-10.436,,,,,,,,-10.436,,,,1,IMF_WEO_forecast,1,3
BOL,Bolivia,2025,-9.721,,,,,,,,-9.7209997,,,,1,IMF_WEO_forecast,,
BOL,Bolivia,2026,-8.589,,,,,,,,-8.5889997,,,,1,IMF_WEO_forecast,,
BOL,Bolivia,2027,-8.315,,,,,,,,-8.3149996,,,,1,IMF_WEO_forecast,,
BOL,Bolivia,2028,-8.182,,,,,,,,-8.1820002,,,,1,IMF_WEO_forecast,,
BOL,Bolivia,2029,-7.734,,,,,,,,-7.7340002,,,,1,IMF_WEO_forecast,,
BRA,Brazil,1881,-1.8965,,,,,-1.8965,,,,,,,1,IMF_FPP,,
BRA,Brazil,1882,-1.579,,,,,-1.579,,,,,,,1,IMF_FPP,,
BRA,Brazil,1883,-3.333302,,,,,-3.333302,,,,,,,1,IMF_FPP,,
BRA,Brazil,1884,-3.888899,,,,,-3.888899,,,,,,,1,IMF_FPP,,
BRA,Brazil,1885,-5.714298,,,,,-5.714298,,,,,,,1,IMF_FPP,,
BRA,Brazil,1886,-3.802799,,,,,-3.802799,,,,,,,1,IMF_FPP,,
BRA,Brazil,1887,-.7575989,,,,,-.7575989,,,,,,,1,IMF_FPP,,
BRA,Brazil,1888,.625,,,,,.625,,,,,,,1,IMF_FPP,,
BRA,Brazil,1889,-3.787901,,,,,-3.787901,,,,,,,1,IMF_FPP,,
BRA,Brazil,1890,-3.0233,,,,,-3.0233,,,,,,,1,IMF_FPP,,
BRA,Brazil,1891,.5096006,,,,,.5096006,,,,,,,1,IMF_FPP,,
BRA,Brazil,1892,-2.602,,,,,-2.602,,,,,,,1,IMF_FPP,,
BRA,Brazil,1893,-1.7749,,,,,-1.7749,,,,,,,1,IMF_FPP,,
BRA,Brazil,1894,-4.1065,,,,,-4.1065,,,,,,,1,IMF_FPP,,
BRA,Brazil,1895,-1.3262,,,,,-1.3262,,,,,,,1,IMF_FPP,,
BRA,Brazil,1896,-.7903996,,,,,-.7903996,,,,,,,1,IMF_FPP,,
BRA,Brazil,1897,-2.38247,,,,,-2.38247,,,,,,,1,IMF_FPP,,
BRA,Brazil,1898,-13.98005,,,,,-13.98005,,,,,,,1,IMF_FPP,,
BRA,Brazil,1899,-2.1297,,,,,-2.1297,,,,,,,1,IMF_FPP,,
BRA,Brazil,1900,-5.56922,,,,,-5.56922,,,,,,,1,IMF_FPP,,
BRA,Brazil,1901,-2.461,,,,,-2.461,,,,,,,1,IMF_FPP,,
BRA,Brazil,1902,1.5862,,,,,1.5862,,,,,,,1,IMF_FPP,,
BRA,Brazil,1903,1.793099,,,,,1.793099,,,,,,,1,IMF_FPP,,
BRA,Brazil,1904,-.625,,,,,-.625,,,,,,,1,IMF_FPP,,
BRA,Brazil,1905,.9629002,,,,,.9629002,,,,,,,1,IMF_FPP,,
BRA,Brazil,1906,.2812004,,,,,.2812004,,,,,,,1,IMF_FPP,,
BRA,Brazil,1907,.3783998,,,,,.3783998,,,,,,,1,IMF_FPP,,
BRA,Brazil,1908,-1.8919,,,,,-1.8919,,,,,,,1,IMF_FPP,,
BRA,Brazil,1909,-1.618999,,,,,-1.618999,,,,,,,1,IMF_FPP,,
BRA,Brazil,1910,-2.0625,,,,,-2.0625,,,,,,,1,IMF_FPP,,
BRA,Brazil,1911,-2.145499,,,,,-2.145499,,,,,,,1,IMF_FPP,,
BRA,Brazil,1912,-3.0526,,,,,-3.0526,,,,,,,1,IMF_FPP,,
BRA,Brazil,1913,-1.9123,,,,,-1.9123,,,,,,,1,IMF_FPP,,
BRA,Brazil,1914,,,,,,,,,,,,,1,IMF_FPP,,
BRA,Brazil,1915,,,,,,,,,,,,,1,IMF_FPP,,
BRA,Brazil,1916,,,,,,,,,,,,,1,IMF_FPP,,
BRA,Brazil,1917,,,,,,,,,,,,,1,IMF_FPP,,
BRA,Brazil,1918,,,,,,,,,,,,,1,IMF_FPP,,
BRA,Brazil,1919,,,,,,,,,,,,,1,IMF_FPP,,
BRA,Brazil,1920,,,,,,,,,,,,,1,IMF_FPP,,
BRA,Brazil,1921,,,,,,,,,,,,,1,IMF_FPP,,
BRA,Brazil,1922,,,,,,,,,,,,,1,IMF_FPP,,
BRA,Brazil,1923,,,,,,,,,,,,,1,IMF_FPP,,
BRA,Brazil,1924,,,,,,,,,,,,,1,IMF_FPP,,
BRA,Brazil,1925,,,,,,,,,,,,,1,IMF_FPP,,
BRA,Brazil,1926,,,,,,,,,,,,,1,IMF_FPP,,
BRA,Brazil,1927,,,,,,,,,,,,,1,IMF_FPP,,
BRA,Brazil,1928,.5689301,,,,,.5689301,,,,,,,1,IMF_FPP,,
BRA,Brazil,1929,-.0936003,,,,,-.0936003,,,,,,,1,IMF_FPP,,
BRA,Brazil,1930,-3.57773,,,,,-3.57773,,,,,,,1,IMF_FPP,,
BRA,Brazil,1931,-1.56338,,,,,-1.56338,,,,,,,1,IMF_FPP,,
BRA,Brazil,1932,-6.4672,,,,,-6.4672,,,,,,,1,IMF_FPP,,
BRA,Brazil,1933,-1.557899,,,,,-1.557899,,,,,,,1,IMF_FPP,,
BRA,Brazil,1934,,,,,,,,,,,,,1,IMF_FPP,,
BRA,Brazil,1935,,,,,,,,,,,,,1,IMF_FPP,,
BRA,Brazil,1936,,,,,,,,,,,,,1,IMF_FPP,,
BRA,Brazil,1937,,,,,,,,,,,,,1,IMF_FPP,,
BRA,Brazil,1938,,,,,,,,,,,,,1,IMF_FPP,,
BRA,Brazil,1939,,,,,,,,,,,,,1,IMF_FPP,,
BRA,Brazil,1940,,,,,,,,,,,,,1,IMF_FPP,,
BRA,Brazil,1941,-2.15472,,,,,-2.15472,,,,,,,1,IMF_FPP,,
BRA,Brazil,1942,-2.545219,,,,,-2.545219,,,,,,,1,IMF_FPP,,
BRA,Brazil,1943,-.7483597,,,,,-.7483597,,,,,,,1,IMF_FPP,,
BRA,Brazil,1944,,,,,,,,,,,,,1,IMF_FPP,,
BRA,Brazil,1945,,,,,,,,,,,,,1,IMF_FPP,,
BRA,Brazil,1946,,,,,,,,,,,,,1,IMF_FPP,,
BRA,Brazil,1947,,,,,,,,,,,,,1,IMF_FPP,,
BRA,Brazil,1948,,,,,,,,,,,,,1,IMF_FPP,,
BRA,Brazil,1949,,,,,,,,,,,,,1,IMF_FPP,,
BRA,Brazil,1950,,,,,,,,,,,,,1,IMF_FPP,,
BRA,Brazil,1951,,,,,,,,,,,,,1,IMF_FPP,,
BRA,Brazil,1952,,,,,,,,,,,,,1,IMF_FPP,,
BRA,Brazil,1953,-1.26008,,,,,-1.26008,,,,,,,1,IMF_FPP,,
BRA,Brazil,1954,,,,,,,,,,,,,1,IMF_FPP,,
BRA,Brazil,1955,,,,,,,,,,,,,1,IMF_FPP,,
BRA,Brazil,1956,,,,,,,,,,,,,1,IMF_FPP,,
BRA,Brazil,1957,,,,,,,,,,,,,1,IMF_FPP,,
BRA,Brazil,1958,-.7572598,,,,,-.7572598,,,,,,,1,IMF_FPP,,
BRA,Brazil,1959,,,,,,,,,,,,,1,IMF_FPP,,
BRA,Brazil,1960,,,,,,,,,,,,,1,IMF_FPP,,
BRA,Brazil,1961,,,,,,,,,,,,,1,IMF_FPP,,
BRA,Brazil,1962,,,,,,,,,,,,,1,IMF_FPP,,
BRA,Brazil,1963,,,,,,,,,,,,,1,IMF_FPP,,
BRA,Brazil,1964,,,,,,,,,,,,,1,IMF_FPP,,
BRA,Brazil,1965,-2,,,,,-2,,,,,,,1,IMF_FPP,,
BRA,Brazil,1966,-1.3,,,,,-1.3,,,,,,,1,IMF_FPP,,
BRA,Brazil,1967,-2.1,,,,,-2.1,,,,,,,1,IMF_FPP,,
BRA,Brazil,1968,-1.599999,,,,,-1.599999,,,,,,,1,IMF_FPP,,
BRA,Brazil,1969,-.5999994,,,,,-.5999994,,,,,,,1,IMF_FPP,,
BRA,Brazil,1970,-.3999996,,,,,-.3999996,,,,,,,1,IMF_FPP,,
BRA,Brazil,1971,-.3000002,,,,,-.3000002,,,,,,,1,IMF_FPP,,
BRA,Brazil,1972,-.1000004,,,,,-.1000004,,,,,,,1,IMF_FPP,,
BRA,Brazil,1973,.1000004,,,,,.1000004,,,,,,,1,IMF_FPP,,
BRA,Brazil,1974,.6000004,,,,,.6000004,,,,,,,1,IMF_FPP,,
BRA,Brazil,1975,,,,,,,,,,,,,1,IMF_FPP,,
BRA,Brazil,1976,.0999994,,,,,.0999994,,,,,,,1,IMF_FPP,,
BRA,Brazil,1977,.1000004,,,,,.1000004,,,,,,,1,IMF_FPP,,
BRA,Brazil,1978,-.0999994,,,,,-.0999994,,,,,,,1,IMF_FPP,,
BRA,Brazil,1979,.3999996,,,,,.3999996,,,,,,,1,IMF_FPP,,
BRA,Brazil,1980,2.5,,,,,2.5,,,,,,,1,IMF_FPP,,
BRA,Brazil,1981,1,,,,,1,,,,,,,1,IMF_FPP,,
BRA,Brazil,1982,1.4,,,,,1.4,,,,,,,1,IMF_FPP,,
BRA,Brazil,1983,.1000004,,,,,.1000004,,,,,,,1,IMF_FPP,,
BRA,Brazil,1984,-.3999996,,,,,-.3999996,,,,,,,1,IMF_FPP,,
BRA,Brazil,1985,-1.3,,,,,-1.3,,,,,,,1,IMF_FPP,,
BRA,Brazil,1986,-1.599999,,,,,-1.599999,,,,,,,1,IMF_FPP,,
BRA,Brazil,1987,,,,,,,,,,,,,1,IMF_FPP,,
BRA,Brazil,1988,,,,,,,,,,,,,1,IMF_FPP,,
BRA,Brazil,1989,,,,,,,,,,,,,1,IMF_FPP,,
BRA,Brazil,1990,,,,,,,,,,,,,1,IMF_FPP,,
BRA,Brazil,1991,,,,,,,,,,,,,1,IMF_FPP,,
BRA,Brazil,1992,,,,,,,,,,,,,1,IMF_FPP,,
BRA,Brazil,1993,,,,,,,,,,,,,1,IMF_FPP,,
BRA,Brazil,1994,,,,,,,,,,,,,1,IMF_FPP,,
BRA,Brazil,1995,,,,,,,,,,,,,1,IMF_FPP,,
BRA,Brazil,1996,-5.346247,,,,,-5.346247,,,,,,,1,IMF_FPP,,
BRA,Brazil,1997,-5.60394,,,,,-5.60394,,,,,,,1,IMF_FPP,,
BRA,Brazil,1998,-7.220582,,,-5.73795,,-7.220582,,,,,,,1,IMF_FPP,1,2
BRA,Brazil,1999,-5.17456,,,-5.01604,,-5.174558,,,,-5.1745602,,,1,OECD_EO,,
BRA,Brazil,2000,-3.319697,,,-3.38737,,-3.319676,,,,-3.319697,,,1,OECD_EO,,
BRA,Brazil,2001,-3.252166,,,-3.9061883,,-3.468041,,-3.468,,-3.2521658,,,1,OECD_EO,,
BRA,Brazil,2002,-4.416015,,,-5.2303927,,-4.148519,,-4.149,,-4.4160154,,,1,OECD_EO,,
BRA,Brazil,2003,-5.180806,,,-5.62508,,-5.400682,,-5.401,,-5.1808055,,,1,OECD_EO,,
BRA,Brazil,2004,-2.876049,,,-3.22195,,-2.954992,,-2.955,,-2.8760489,,,1,OECD_EO,,
BRA,Brazil,2005,-3.538588,,,-3.3544653,,-3.363571,,-3.364,,-3.538588,,,1,OECD_EO,,
BRA,Brazil,2006,-3.569684,,,-3.3415,,-4.868439,,-4.868,,-3.569684,,,1,OECD_EO,,
BRA,Brazil,2007,-2.737253,,,-1.8045528,,-2.66019,,-2.66,,-2.7372534,,,1,OECD_EO,,
BRA,Brazil,2008,-1.991354,,,-1.8005268,,-2.392971,,-2.393,,-1.991354,,,1,OECD_EO,,
BRA,Brazil,2009,-3.187543,,,-2.79775,,-4.230459,,-4.23,,-3.1875435,,,1,OECD_EO,,
BRA,Brazil,2010,-2.410625,,,-2.2918255,,-3.553745,-3.5537451,-3.554,,-2.4106255,,,1,OECD_EO,,
BRA,Brazil,2011,-2.466942,,,-2.4031705,,-2.741327,-2.7413265,-2.741,,-2.4669424,,,1,OECD_EO,,
BRA,Brazil,2012,-2.262036,,,-2.406506,,-2.351326,-2.3513261,-2.351,,-2.2620359,,,1,OECD_EO,,
BRA,Brazil,2013,-2.955004,,,,,-3.422133,-3.4221327,-3.422,,-2.9550043,,,1,OECD_EO,,
BRA,Brazil,2014,-5.951188,,,,,-6.274931,-6.2749317,-6.275,,-5.9511875,,,1,OECD_EO,,
BRA,Brazil,2015,-10.22443,,,,,-9.281377,-9.2813771,-9.281,,-10.224426,,,1,OECD_EO,,
BRA,Brazil,2016,-8.977278,,,,,-7.990614,-7.9906141,-7.991,,-8.9772777,,,1,OECD_EO,,
BRA,Brazil,2017,-7.765698,,,,,-7.969671,-7.9696713,-7.97,,-7.7656986,,,1,OECD_EO,,
BRA,Brazil,2018,-6.959342,,,,,-6.990138,-6.9901382,-6.99,,-6.9593418,,,1,OECD_EO,,
BRA,Brazil,2019,-5.807903,,,,,-4.858526,-4.8585262,-4.859,,-5.8079033,,,1,OECD_EO,,
BRA,Brazil,2020,-13.34337,,,,,-11.63689,-11.636888,-11.637,,-13.343374,,,1,OECD_EO,,
BRA,Brazil,2021,-4.535548,,,,,-2.630749,-2.6307489,-2.631,,-4.5355477,,,1,OECD_EO,,
BRA,Brazil,2022,-4.536356,,,,,-3.964696,-3.9646956,-3.965,,-4.5363561,,,1,OECD_EO,,
BRA,Brazil,2023,-8.889002,,,,,-7.646733,-7.7744118,,-7.6469998,-8.8890019,,,1,OECD_EO,,
BRA,Brazil,2024,-7.883837,,,,,,,,-6.9310002,-7.8838374,,,1,OECD_EO,,
BRA,Brazil,2025,-7.011249,,,,,,,,-7.3010001,-7.0112486,,,1,OECD_EO,,
BRA,Brazil,2026,-6.662684,,,,,,,,-6.9180002,-6.662684,,,1,OECD_EO,,
BRA,Brazil,2027,-5.902,,,,,,,,-5.902,,,,1,IMF_WEO_forecast,1,2
BRA,Brazil,2028,-5.459,,,,,,,,-5.4590001,,,,1,IMF_WEO_forecast,,
BRA,Brazil,2029,-5.13,,,,,,,,-5.1300001,,,,1,IMF_WEO_forecast,,
BRB,Barbados,1994,6.631,,,,,6.631176,,6.631,,,,,1,IMF_WEO,,
BRB,Barbados,1995,6.116,,,,,6.115565,,6.116,,,,,1,IMF_WEO,,
BRB,Barbados,1996,3.7,,,,,3.699935,,3.7,,,,,1,IMF_WEO,,
BRB,Barbados,1997,5.444,,,,,5.444493,,5.444,,,,,1,IMF_WEO,,
BRB,Barbados,1998,5.952,,,,,5.951855,,5.952,,,,,1,IMF_WEO,,
BRB,Barbados,1999,5.351,,,,,5.350509,,5.351,,,,,1,IMF_WEO,,
BRB,Barbados,2000,4.944,,,,,4.943778,,4.944,,,,,1,IMF_WEO,,
BRB,Barbados,2001,4.048,,,,,4.04839,,4.048,,,,,1,IMF_WEO,,
BRB,Barbados,2002,-5.238,,,,,-5.238471,,-5.238,,,,,1,IMF_WEO,,
BRB,Barbados,2003,-3.023,,,,,-3.022693,-.48816732,-3.023,,,,,1,IMF_WEO,,
BRB,Barbados,2004,-2.885,,,,,-2.88452,3.0283542,-2.885,,,,,1,IMF_WEO,,
BRB,Barbados,2005,-2.943,,,,,-2.942701,,-2.943,,,,,1,IMF_WEO,,
BRB,Barbados,2006,-3.308,,,,,-3.308333,,-3.308,,,,,1,IMF_WEO,,
BRB,Barbados,2007,-4.309,,,,,-4.309006,,-4.309,,,,,1,IMF_WEO,,
BRB,Barbados,2008,-4.168,,,,,-4.167784,,-4.168,,,,,1,IMF_WEO,,
BRB,Barbados,2009,-6.537,,,,,-6.536734,,-6.537,,,,,1,IMF_WEO,,
BRB,Barbados,2010,-7.49,,,,,-7.490248,,-7.49,,,,,1,IMF_WEO,,
BRB,Barbados,2011,-3.638,,,,,-3.638166,,-3.638,,,,,1,IMF_WEO,,
BRB,Barbados,2012,-7.039,,,,,-7.039353,,-7.039,,,,,1,IMF_WEO,,
BRB,Barbados,2013,-8.97,,,,,-8.970459,,-8.97,,,,,1,IMF_WEO,,
BRB,Barbados,2014,-6.592,,,,,-6.592167,,-6.592,,,,,1,IMF_WEO,,
BRB,Barbados,2015,-8.149,,,,,-8.148532,,-8.149,,,,,1,IMF_WEO,,
BRB,Barbados,2016,-4.84,,,,,-4.839694,,-4.84,,,,,1,IMF_WEO,,
BRB,Barbados,2017,-3.868,,,,,-3.867507,,-3.868,,,,,1,IMF_WEO,,
BRB,Barbados,2018,-.27,,,,,-.2698713,,-.27,,,,,1,IMF_WEO,,
BRB,Barbados,2019,3.266,,,,,3.266116,,3.266,,,,,1,IMF_WEO,,
BRB,Barbados,2020,-4.473,,,,,-4.472932,,-4.473,,,,,1,IMF_WEO,,
BRB,Barbados,2021,-4.345,,,,,-4.345161,,-4.345,,,,,1,IMF_WEO,,
BRB,Barbados,2022,-1.903,,,,,-1.902746,,-1.903,,,,,1,IMF_WEO,,
BRB,Barbados,2023,-1.682,,,,,-1.682367,,-1.682,,,,,1,IMF_WEO,,
BRB,Barbados,2024,-1.59,,,,,,,,-1.59,,,,1,IMF_WEO_forecast,1,1
BRB,Barbados,2025,-.351,,,,,,,,-.35100001,,,,1,IMF_WEO_forecast,,
BRB,Barbados,2026,.063,,,,,,,,.063,,,,1,IMF_WEO_forecast,,
BRB,Barbados,2027,.295,,,,,,,,.29499999,,,,1,IMF_WEO_forecast,,
BRB,Barbados,2028,.478,,,,,,,,.47799999,,,,1,IMF_WEO_forecast,,
BRB,Barbados,2029,.62,,,,,,,,.62,,,,1,IMF_WEO_forecast,,
BRN,Brunei,1985,30.248,,,,,,,30.248,,,,,1,IMF_WEO,,
BRN,Brunei,1986,6.48,,,,,,,6.48,,,,,1,IMF_WEO,,
BRN,Brunei,1987,3.405,,,,,,,3.405,,,,,1,IMF_WEO,,
BRN,Brunei,1988,-3.067,,,,,,,-3.067,,,,,1,IMF_WEO,,
BRN,Brunei,1989,-4.685,,,,,,,-4.685,,,,,1,IMF_WEO,,
BRN,Brunei,1990,-1.626,,,,,,,-1.626,,,,,1,IMF_WEO,,
BRN,Brunei,1991,-1.061,,,,,,,-1.061,,,,,1,IMF_WEO,,
BRN,Brunei,1992,-8.282,,,,,,,-8.282,,,,,1,IMF_WEO,,
BRN,Brunei,1993,-12.772,,,,,,,-12.772,,,,,1,IMF_WEO,,
BRN,Brunei,1994,-22.55,,,,,,,-22.55,,,,,1,IMF_WEO,,
BRN,Brunei,1995,-19.794,,,,,,,-19.794,,,,,1,IMF_WEO,,
BRN,Brunei,1996,-8.704,,,,,,,-8.704,,,,,1,IMF_WEO,,
BRN,Brunei,1997,-11.793,,,,,,,-11.793,,,,,1,IMF_WEO,,
BRN,Brunei,1998,-23.997,,,,,,,-23.997,,,,,1,IMF_WEO,,
BRN,Brunei,1999,-18.255,,,,,,,-18.255,,,,,1,IMF_WEO,,
BRN,Brunei,2000,6.86,10.89698,,,,,,6.86,,,,,1,IMF_WEO,,
BRN,Brunei,2001,2.585,.35644,,,,,,2.585,,,,,1,IMF_WEO,,
BRN,Brunei,2002,-4.613,-9.8733,,,,,,-4.613,,,,,1,IMF_WEO,,
BRN,Brunei,2003,8.061,-1.54681,,,,,,8.061,,,,,1,IMF_WEO,,
BRN,Brunei,2004,8.565,11.33737,,,,,,8.565,,,,,1,IMF_WEO,,
BRN,Brunei,2005,16.009,21.08331,,,,,,16.009,,,,,1,IMF_WEO,,
BRN,Brunei,2006,19.78,21.47867,,,,,,19.78,,,,,1,IMF_WEO,,
BRN,Brunei,2007,3.119,21.9105,,,,,,3.119,,,,,1,IMF_WEO,,
BRN,Brunei,2008,36.14,27.9191,,,,,,36.14,,,,,1,IMF_WEO,,
BRN,Brunei,2009,3.61,-2.36367,,,,,,3.61,,,,,1,IMF_WEO,,
BRN,Brunei,2010,7.612,15.06121,,,,,,7.612,,,,,1,IMF_WEO,,
BRN,Brunei,2011,25.632,24.69062,,,,,,25.632,,,,,1,IMF_WEO,,
BRN,Brunei,2012,15.786,17.9925,,,,,,15.786,,,,,1,IMF_WEO,,
BRN,Brunei,2013,13.025,7.59661,,,,,,13.025,,,,,1,IMF_WEO,,
BRN,Brunei,2014,3.576,-.98386,,,,,,3.576,,,,,1,IMF_WEO,,
BRN,Brunei,2015,-14.523,-14.79097,,,,,,-14.523,,,,,1,IMF_WEO,,
BRN,Brunei,2016,-21.68,-16.73867,,,,,,-21.68,,,,,1,IMF_WEO,,
BRN,Brunei,2017,-10.397,-13.17807,,,,,,-10.397,,,,,1,IMF_WEO,,
BRN,Brunei,2018,-3.587,.15262,,,,,,-3.587,,,,,1,IMF_WEO,,
BRN,Brunei,2019,-3.689,-5.59116,,,,,,-3.689,,,,,1,IMF_WEO,,
BRN,Brunei,2020,-15.774,-19.56861,,,,,,-15.774,,,,,1,IMF_WEO,,
BRN,Brunei,2021,-8.164,-5.38008,,,,,,-8.164,,,,,1,IMF_WEO,,
BRN,Brunei,2022,2.531,1.13228,,,,,,2.531,,,,,1,IMF_WEO,,
BRN,Brunei,2023,-10.84,,,,,,,,-10.84,,,,1,IMF_WEO_forecast,1,1
BRN,Brunei,2024,-9.924,,,,,,,,-9.9239998,,,,1,IMF_WEO_forecast,,
BRN,Brunei,2025,-9.15,,,,,,,,-9.1499996,,,,1,IMF_WEO_forecast,,
BRN,Brunei,2026,-9.712,,,,,,,,-9.7119999,,,,1,IMF_WEO_forecast,,
BRN,Brunei,2027,-10.839,,,,,,,,-10.839,,,,1,IMF_WEO_forecast,,
BRN,Brunei,2028,-10.95,,,,,,,,-10.95,,,,1,IMF_WEO_forecast,,
BRN,Brunei,2029,-10.789,,,,,,,,-10.789,,,,1,IMF_WEO_forecast,,
BTN,Bhutan,1981,-3.517,,,,,,,-3.517,,,,,1,IMF_WEO,,
BTN,Bhutan,1982,1.092,,,,,,,1.092,,,,,1,IMF_WEO,,
BTN,Bhutan,1983,-.971,,,,,,,-.971,,,,,1,IMF_WEO,,
BTN,Bhutan,1984,2.092,,,,,,,2.092,,,,,1,IMF_WEO,,
BTN,Bhutan,1985,-9.046,,,,,,,-9.046,,,,,1,IMF_WEO,,
BTN,Bhutan,1986,-3.438,,,,,,,-3.438,,,,,1,IMF_WEO,,
BTN,Bhutan,1987,-.562,,,,,-.5621061,,-.562,,,,,1,IMF_WEO,,
BTN,Bhutan,1988,1.331,,,,,1.331402,,1.331,,,,,1,IMF_WEO,,
BTN,Bhutan,1989,-10.144,,,,,-10.14409,,-10.144,,,,,1,IMF_WEO,,
BTN,Bhutan,1990,-7.215,,,,,-7.2146,,-7.215,,,,,1,IMF_WEO,,
BTN,Bhutan,1991,-.481,,,,,-.4812126,,-.481,,,,,1,IMF_WEO,,
BTN,Bhutan,1992,-3.471,,,,,-3.470869,,-3.471,,,,,1,IMF_WEO,,
BTN,Bhutan,1993,4.707,,,,,4.707196,,4.707,,,,,1,IMF_WEO,,
BTN,Bhutan,1994,-.129,,,,,-.1289603,,-.129,,,,,1,IMF_WEO,,
BTN,Bhutan,1995,-.885,,,,,-.8847724,,-.885,,,,,1,IMF_WEO,,
BTN,Bhutan,1996,2.554,,,,,2.554132,,2.554,,,,,1,IMF_WEO,,
BTN,Bhutan,1997,-1.916,,,,,-1.915705,,-1.916,,,,,1,IMF_WEO,,
BTN,Bhutan,1998,1.277,,,,,1.277011,,1.277,,,,,1,IMF_WEO,,
BTN,Bhutan,1999,-1.281,,,,,-1.280828,,-1.281,,,,,1,IMF_WEO,,
BTN,Bhutan,2000,-3.391,-3.692371,,,,-3.390787,,-3.391,,,,,1,IMF_WEO,,
BTN,Bhutan,2001,-12.169,-8.0783864,,,,-12.16931,,-12.169,,,,,1,IMF_WEO,,
BTN,Bhutan,2002,-4.332,-4.5066869,,,,-4.331855,,-4.332,,,,,1,IMF_WEO,,
BTN,Bhutan,2003,-10.213,-9.5180746,,,,-10.21267,,-10.213,,,,,1,IMF_WEO,,
BTN,Bhutan,2004,1.8,1.7401288,,,,1.80035,,1.8,,,,,1,IMF_WEO,,
BTN,Bhutan,2005,-6.962,-6.3057113,,,,-6.961596,,-6.962,,,,,1,IMF_WEO,,
BTN,Bhutan,2006,-.073,-.74611416,,,,-.0734993,,-.073,,,,,1,IMF_WEO,,
BTN,Bhutan,2007,.793,.55420633,,,,.792763,,.793,,,,,1,IMF_WEO,,
BTN,Bhutan,2008,-2.566,.70404233,,,,-2.565682,,-2.566,,,,,1,IMF_WEO,,
BTN,Bhutan,2009,-.801,1.695202,,,,-.8013031,,-.801,,,,,1,IMF_WEO,,
BTN,Bhutan,2010,1.945,1.4397245,,,,1.944839,,1.945,,,,,1,IMF_WEO,,
BTN,Bhutan,2011,-3.087,-1.8467255,,,,-3.0868,,-3.087,,,,,1,IMF_WEO,,
BTN,Bhutan,2012,-2.141,-1.0052445,,,,-2.141489,,-2.141,,,,,1,IMF_WEO,,
BTN,Bhutan,2013,-4.621,-3.7868102,,,,-4.621016,,-4.621,,,,,1,IMF_WEO,,
BTN,Bhutan,2014,2.701,3.42176,,,,2.700624,,2.701,,,,,1,IMF_WEO,,
BTN,Bhutan,2015,-.186,1.3720786,,,,-.1855921,,-.186,,,,,1,IMF_WEO,,
BTN,Bhutan,2016,-1.8,-1.0018814,,,,-1.800189,,-1.8,,,,,1,IMF_WEO,,
BTN,Bhutan,2017,-4.524,-3.1672637,,,,-4.524204,,-4.524,,,,,1,IMF_WEO,,
BTN,Bhutan,2018,-1.519,-1.2114823,,,,-1.518952,,-1.519,,,,,1,IMF_WEO,,
BTN,Bhutan,2019,-1.486,-.36436166,,,,-1.485664,,-1.486,,,,,1,IMF_WEO,,
BTN,Bhutan,2020,-1.807,-2.0304863,,,,-1.806711,,-1.807,,,,,1,IMF_WEO,,
BTN,Bhutan,2021,-5.76,-5.9322818,,,,-5.760397,,-5.76,,,,,1,IMF_WEO,,
BTN,Bhutan,2022,-6.952,-4.8831032,,,,-6.951544,,-6.952,,,,,1,IMF_WEO,,
BTN,Bhutan,2023,-4.75169,-4.5028336,,,,-4.75169,,,-4.7519999,,,,1,IMF_FPP,1,2
BTN,Bhutan,2024,-4.606,,,,,,,,-4.6059999,,,,1,IMF_WEO_forecast,1,2
BTN,Bhutan,2025,-4.407,,,,,,,,-4.4070001,,,,1,IMF_WEO_forecast,,
BTN,Bhutan,2026,-2.692,,,,,,,,-2.6919999,,,,1,IMF_WEO_forecast,,
BTN,Bhutan,2027,-3.35,,,,,,,,-3.3499999,,,,1,IMF_WEO_forecast,,
BTN,Bhutan,2028,-3.911,,,,,,,,-3.911,,,,1,IMF_WEO_forecast,,
BTN,Bhutan,2029,-4.82,,,,,,,,-4.8200002,,,,1,IMF_WEO_forecast,,
BWA,Botswana,1999,5.949,,,,,,,5.949,,,,,1,IMF_WEO,,
BWA,Botswana,2000,8.73,,,,,,,8.73,,,,,1,IMF_WEO,,
BWA,Botswana,2001,-2.913,,,,,,,-2.913,,,,,1,IMF_WEO,,
BWA,Botswana,2002,-3.941,,,,,,,-3.941,,,,,1,IMF_WEO,,
BWA,Botswana,2003,-.175,,,,,,,-.175,,,,,1,IMF_WEO,,
BWA,Botswana,2004,1.346,,,,,,,1.346,,,,,1,IMF_WEO,,
BWA,Botswana,2005,10.325,,,,,,,10.325,,,,,1,IMF_WEO,,
BWA,Botswana,2006,13.311,,,,,,,13.311,,,,,1,IMF_WEO,,
BWA,Botswana,2007,5.733,,,,,,,5.733,,,,,1,IMF_WEO,,
BWA,Botswana,2008,-7.614,,,,,,,-7.614,,,,,1,IMF_WEO,,
BWA,Botswana,2009,-13.78,,,,,,,-13.78,,,,,1,IMF_WEO,,
BWA,Botswana,2010,-7.951,,,,,,,-7.951,,,,,1,IMF_WEO,,
BWA,Botswana,2011,-.116,,,,,,,-.116,,,,,1,IMF_WEO,,
BWA,Botswana,2012,.887,,,,,,,.887,,,,,1,IMF_WEO,,
BWA,Botswana,2013,5.839,,,,,,,5.839,,,,,1,IMF_WEO,,
BWA,Botswana,2014,3.897,,,,,,,3.897,,,,,1,IMF_WEO,,
BWA,Botswana,2015,-4.821,,,,,,,-4.821,,,,,1,IMF_WEO,,
BWA,Botswana,2016,.714,,,,,,,.714,,,,,1,IMF_WEO,,
BWA,Botswana,2017,-1.143,,,,,,,-1.143,,,,,1,IMF_WEO,,
BWA,Botswana,2018,-5.031,,,,,,,-5.031,,,,,1,IMF_WEO,,
BWA,Botswana,2019,-8.533,,,,,,,-8.533,,,,,1,IMF_WEO,,
BWA,Botswana,2020,-10.863,,,,,,,-10.863,,,,,1,IMF_WEO,,
BWA,Botswana,2021,-2.367,,,,,,,-2.367,,,,,1,IMF_WEO,,
BWA,Botswana,2022,.036,,,,,,,.036,,,,,1,IMF_WEO,,
BWA,Botswana,2023,-4.702,,,,,,,,-4.7020001,,,,1,IMF_WEO_forecast,1,1
BWA,Botswana,2024,-5.921,,,,,,,,-5.921,,,,1,IMF_WEO_forecast,,
BWA,Botswana,2025,-1.69,,,,,,,,-1.6900001,,,,1,IMF_WEO_forecast,,
BWA,Botswana,2026,-.416,,,,,,,,-.41600001,,,,1,IMF_WEO_forecast,,
BWA,Botswana,2027,.494,,,,,,,,.49399999,,,,1,IMF_WEO_forecast,,
BWA,Botswana,2028,.544,,,,,,,,.54400003,,,,1,IMF_WEO_forecast,,
BWA,Botswana,2029,.502,,,,,,,,.50199997,,,,1,IMF_WEO_forecast,,
CAF,Central African Republic,1988,-3.722,,,,,-3.722075,,-3.722,,,,,1,IMF_WEO,,
CAF,Central African Republic,1989,-3.247,,,,,-3.247253,,-3.247,,,,,1,IMF_WEO,,
CAF,Central African Republic,1990,-6.598,,,,,-6.597603,,-6.598,,,,,1,IMF_WEO,,
CAF,Central African Republic,1991,-7.996,,,,,-7.996194,,-7.996,,,,,1,IMF_WEO,,
CAF,Central African Republic,1992,-7.327,,,,,-7.326654,,-7.327,,,,,1,IMF_WEO,,
CAF,Central African Republic,1993,-5.663,,,,,-5.663069,,-5.663,,,,,1,IMF_WEO,,
CAF,Central African Republic,1994,-7.574,,,,,-7.573891,,-7.574,,,,,1,IMF_WEO,,
CAF,Central African Republic,1995,-4.84,,,,,-4.840336,,-4.84,,,,,1,IMF_WEO,,
CAF,Central African Republic,1996,-1.059,,,,,-1.059029,,-1.059,,,,,1,IMF_WEO,,
CAF,Central African Republic,1997,-1.565,,,,,-1.565362,,-1.565,,,,,1,IMF_WEO,,
CAF,Central African Republic,1998,.001,,,,,.0009476,,.001,,,,,1,IMF_WEO,,
CAF,Central African Republic,1999,-.496,,,,,-.495962,,-.496,,,,,1,IMF_WEO,,
CAF,Central African Republic,2000,-2.008,,,,,-2.008457,,-2.008,,,,,1,IMF_WEO,,
CAF,Central African Republic,2001,-.876,,,,,-.876157,,-.876,,,,,1,IMF_WEO,,
CAF,Central African Republic,2002,-1.19,,,,,-1.189831,,-1.19,,,,,1,IMF_WEO,,
CAF,Central African Republic,2003,-3.063,,,,,-3.063013,,-3.063,,,,,1,IMF_WEO,,
CAF,Central African Republic,2004,-1.738,,,,,-1.737741,,-1.738,,,,,1,IMF_WEO,,
CAF,Central African Republic,2005,-4.367,,,,,-4.366567,,-4.367,,,,,1,IMF_WEO,,
CAF,Central African Republic,2006,8.584,,,,,8.583725,,8.584,,,,,1,IMF_WEO,,
CAF,Central African Republic,2007,1.044,,,,,1.043556,,1.044,,,,,1,IMF_WEO,,
CAF,Central African Republic,2008,-1.231,,,,,-1.230863,,-1.231,,,,,1,IMF_WEO,,
CAF,Central African Republic,2009,-.544,,,,,-.5435211,,-.544,,,,,1,IMF_WEO,,
CAF,Central African Republic,2010,-1.347,,,,,-1.347029,,-1.347,,,,,1,IMF_WEO,,
CAF,Central African Republic,2011,-2.149,,,,,-2.148959,,-2.149,,,,,1,IMF_WEO,,
CAF,Central African Republic,2012,-.776,,,,,-.7761648,,-.776,,,,,1,IMF_WEO,,
CAF,Central African Republic,2013,-2.304,,,,,-2.303628,,-2.304,,,,,1,IMF_WEO,,
CAF,Central African Republic,2014,-3.264,,,,,-3.263794,,-3.264,,,,,1,IMF_WEO,,
CAF,Central African Republic,2015,-.588,,,,,-.5884746,,-.588,,,,,1,IMF_WEO,,
CAF,Central African Republic,2016,1.277,,,,,1.276563,,1.277,,,,,1,IMF_WEO,,
CAF,Central African Republic,2017,-1.056,,,,,-1.056288,,-1.056,,,,,1,IMF_WEO,,
CAF,Central African Republic,2018,-.972,,,,,-.9717833,,-.972,,,,,1,IMF_WEO,,
CAF,Central African Republic,2019,1.423,,,,,1.422796,,1.423,,,,,1,IMF_WEO,,
CAF,Central African Republic,2020,-3.361,,,,,-3.360657,,-3.361,,,,,1,IMF_WEO,,
CAF,Central African Republic,2021,-6.021,,,,,-6.021187,,-6.021,,,,,1,IMF_WEO,,
CAF,Central African Republic,2022,-5.343923,,,,,-5.343923,,,-5.3439999,,,,1,IMF_FPP,1,2
CAF,Central African Republic,2023,-3.551171,,,,,-3.551171,,,-3.5510001,,,,1,IMF_FPP,,
CAF,Central African Republic,2024,-3.076,,,,,,,,-3.076,,,,1,IMF_WEO_forecast,1,2
CAF,Central African Republic,2025,-1.83,,,,,,,,-1.83,,,,1,IMF_WEO_forecast,,
CAF,Central African Republic,2026,.118,,,,,,,,.118,,,,1,IMF_WEO_forecast,,
CAF,Central African Republic,2027,.293,,,,,,,,.29300001,,,,1,IMF_WEO_forecast,,
CAF,Central African Republic,2028,.686,,,,,,,,.68599999,,,,1,IMF_WEO_forecast,,
CAF,Central African Republic,2029,-2.053,,,,,,,,-2.053,,,,1,IMF_WEO_forecast,,
CAN,Canada,1870,.1306801,,,,,.1306801,,,,,,,1,IMF_FPP,,
CAN,Canada,1871,-1.09038,,,,,-1.09038,,,,,,,1,IMF_FPP,,
CAN,Canada,1872,-3.93471,,,,,-3.93471,,,,,,,1,IMF_FPP,,
CAN,Canada,1873,-1.74252,,,,,-1.74252,,,,,,,1,IMF_FPP,,
CAN,Canada,1874,-1.5654,,,,,-1.5654,,,,,,,1,IMF_FPP,,
CAN,Canada,1875,-1.87846,,,,,-1.87846,,,,,,,1,IMF_FPP,,
CAN,Canada,1876,-2.06308,,,,,-2.06308,,,,,,,1,IMF_FPP,,
CAN,Canada,1877,-1.63331,,,,,-1.63331,,,,,,,1,IMF_FPP,,
CAN,Canada,1878,-.6347599,,,,,-.6347599,,,,,,,1,IMF_FPP,,
CAN,Canada,1879,-2.11188,,,,,-2.11188,,,,,,,1,IMF_FPP,,
CAN,Canada,1880,-.6224003,,,,,-.6224003,,,,,,,1,IMF_FPP,,
CAN,Canada,1881,.3165197,,,,,.3165197,,,,,,,1,IMF_FPP,,
CAN,Canada,1882,-.7755699,,,,,-.7755699,,,,,,,1,IMF_FPP,,
CAN,Canada,1883,-3.87571,,,,,-3.87571,,,,,,,1,IMF_FPP,,
CAN,Canada,1884,-2.42652,,,,,-2.42652,,,,,,,1,IMF_FPP,,
CAN,Canada,1885,-4.81512,,,,,-4.81512,,,,,,,1,IMF_FPP,,
CAN,Canada,1886,-.7312298,,,,,-.7312298,,,,,,,1,IMF_FPP,,
CAN,Canada,1887,-1.17821,,,,,-1.17821,,,,,,,1,IMF_FPP,,
CAN,Canada,1888,-.4759603,,,,,-.4759603,,,,,,,1,IMF_FPP,,
CAN,Canada,1889,,,,,,,,,,,,,1,IMF_FPP,,
CAN,Canada,1890,-.0437698,,,,,-.0437698,,,,,,,1,IMF_FPP,,
CAN,Canada,1891,3.22672,,,,,3.22672,,,,,,,1,IMF_FPP,,
CAN,Canada,1892,-.0713997,,,,,-.0713997,,,,,,,1,IMF_FPP,,
CAN,Canada,1893,-.65943,,,,,-.65943,,,,,,,1,IMF_FPP,,
CAN,Canada,1894,-1.05925,,,,,-1.05925,,,,,,,1,IMF_FPP,,
CAN,Canada,1895,-.85254,,,,,-.85254,,,,,,,1,IMF_FPP,,
CAN,Canada,1896,-.4837699,,,,,-.4837699,,,,,,,1,IMF_FPP,,
CAN,Canada,1897,-.34867,,,,,-.34867,,,,,,,1,IMF_FPP,,
CAN,Canada,1898,-.2989397,,,,,-.2989397,,,,,,,1,IMF_FPP,,
CAN,Canada,1899,.0968504,,,,,.0968504,,,,,,,1,IMF_FPP,,
CAN,Canada,1900,-.3306203,,,,,-.3306203,,,,,,,1,IMF_FPP,,
CAN,Canada,1901,-.3431897,,,,,-.3431897,,,,,,,1,IMF_FPP,,
CAN,Canada,1902,.9110403,,,,,.9110403,,,,,,,1,IMF_FPP,,
CAN,Canada,1903,.0679002,,,,,.0679002,,,,,,,1,IMF_FPP,,
CAN,Canada,1904,-.4395499,,,,,-.4395499,,,,,,,1,IMF_FPP,,
CAN,Canada,1905,-.0660996,,,,,-.0660996,,,,,,,1,IMF_FPP,,
CAN,Canada,1906,.2228198,,,,,.2228198,,,,,,,1,IMF_FPP,,
CAN,Canada,1907,-.8274498,,,,,-.8274498,,,,,,,1,IMF_FPP,,
CAN,Canada,1908,-2.78148,,,,,-2.78148,,,,,,,1,IMF_FPP,,
CAN,Canada,1909,-.6690998,,,,,-.6690998,,,,,,,1,IMF_FPP,,
CAN,Canada,1910,-.18291,,,,,-.18291,,,,,,,1,IMF_FPP,,
CAN,Canada,1911,.0044699,,,,,.0044699,,,,,,,1,IMF_FPP,,
CAN,Canada,1912,1.0265,,,,,1.0265,,,,,,,1,IMF_FPP,,
CAN,Canada,1913,-.8183999,,,,,-.8183999,,,,,,,1,IMF_FPP,,
CAN,Canada,1914,-4.631229,,,,,-4.631229,,,,,,,1,IMF_FPP,,
CAN,Canada,1915,-6.1668,,,,,-6.1668,,,,,,,1,IMF_FPP,,
CAN,Canada,1916,-8.14138,,,,,-8.14138,,,,,,,1,IMF_FPP,,
CAN,Canada,1917,-7.83337,,,,,-7.83337,,,,,,,1,IMF_FPP,,
CAN,Canada,1918,-8.980421,,,,,-8.980421,,,,,,,1,IMF_FPP,,
CAN,Canada,1919,-8.93895,,,,,-8.93895,,,,,,,1,IMF_FPP,,
CAN,Canada,1920,-1.81785,,,,,-1.81785,,,,,,,1,IMF_FPP,,
CAN,Canada,1921,-1.99569,,,,,-1.99569,,,,,,,1,IMF_FPP,,
CAN,Canada,1922,-.7462997,,,,,-.7462997,,,,,,,1,IMF_FPP,,
CAN,Canada,1923,.7902908,,,,,.7902908,,,,,,,1,IMF_FPP,,
CAN,Canada,1924,.00666,,,,,.00666,,,,,,,1,IMF_FPP,,
CAN,Canada,1925,.5544796,,,,,.5544796,,,,,,,1,IMF_FPP,,
CAN,Canada,1926,.8142204,,,,,.8142204,,,,,,,1,IMF_FPP,,
CAN,Canada,1927,.9171,,,,,.9171,,,,,,,1,IMF_FPP,,
CAN,Canada,1928,1.1157,,,,,1.1157,,,,,,,1,IMF_FPP,,
CAN,Canada,1929,.777,,,,,.777,,,,,,,1,IMF_FPP,,
CAN,Canada,1930,-1.46678,,,,,-1.46678,,,,,,,1,IMF_FPP,,
CAN,Canada,1931,-2.433411,,,,,-2.433411,,,,,,,1,IMF_FPP,,
CAN,Canada,1932,-5.78658,,,,,-5.78658,,,,,,,1,IMF_FPP,,
CAN,Canada,1933,-3.82587,,,,,-3.82587,,,,,,,1,IMF_FPP,,
CAN,Canada,1934,-2.927731,,,,,-2.927731,,,,,,,1,IMF_FPP,,
CAN,Canada,1935,-3.720099,,,,,-3.720099,,,,,,,1,IMF_FPP,,
CAN,Canada,1936,-1.68109,,,,,-1.68109,,,,,,,1,IMF_FPP,,
CAN,Canada,1937,-.3376894,,,,,-.3376894,,,,,,,1,IMF_FPP,,
CAN,Canada,1938,-.9673996,,,,,-.9673996,,,,,,,1,IMF_FPP,,
CAN,Canada,1939,-2.1117,,,,,-2.1117,,,,,,,1,IMF_FPP,,
CAN,Canada,1940,-5.623399,,,,,-5.623399,,,,,,,1,IMF_FPP,,
CAN,Canada,1941,-4.7875,,,,,-4.7875,,,,,,,1,IMF_FPP,,
CAN,Canada,1942,-20.8241,,,,,-20.8241,,,,,,,1,IMF_FPP,,
CAN,Canada,1943,-23.1358,,,,,-23.1358,,,,,,,1,IMF_FPP,,
CAN,Canada,1944,-21.5926,,,,,-21.5926,,,,,,,1,IMF_FPP,,
CAN,Canada,1945,-17.896,,,,,-17.896,,,,,,,1,IMF_FPP,,
CAN,Canada,1946,3.144299,,,,,3.144299,,,,,,,1,IMF_FPP,,
CAN,Canada,1947,5.0182,,,,,5.0182,,,,,,,1,IMF_FPP,,
CAN,Canada,1948,3.839701,,,,,3.839701,,,,,,,1,IMF_FPP,,
CAN,Canada,1949,.7827005,,,,,.7827005,,,,,,,1,IMF_FPP,,
CAN,Canada,1950,1.092099,,,,,1.092099,,,,,,,1,IMF_FPP,,
CAN,Canada,1951,1.100199,,,,,1.100199,,,,,,,1,IMF_FPP,,
CAN,Canada,1952,.0922985,,,,,.0922985,,,,,,,1,IMF_FPP,,
CAN,Canada,1953,.3024998,,,,,.3024998,,,,,,,1,IMF_FPP,,
CAN,Canada,1954,-.5655994,,,,,-.5655994,,,,,,,1,IMF_FPP,,
CAN,Canada,1955,-.1118002,,,,,-.1118002,,,,,,,1,IMF_FPP,,
CAN,Canada,1956,.7734995,,,,,.7734995,,,,,,,1,IMF_FPP,,
CAN,Canada,1957,-.1106997,,,,,-.1106997,,,,,,,1,IMF_FPP,,
CAN,Canada,1958,-1.687401,,,,,-1.687401,,,,,,,1,IMF_FPP,,
CAN,Canada,1959,-1.0779,,,,,-1.0779,,,,,,,1,IMF_FPP,,
CAN,Canada,1960,-.8529005,,,,,-.8529005,,,,,,,1,IMF_FPP,,
CAN,Canada,1961,-2.7493,,,,,-2.7493,,,,,,,1,IMF_FPP,,
CAN,Canada,1962,-2.597101,,,,,-2.597101,,,,,,,1,IMF_FPP,,
CAN,Canada,1963,-2.306,,,,,-2.306,,,,,,,1,IMF_FPP,,
CAN,Canada,1964,-.6774006,,,,,-.6774006,,,,,,,1,IMF_FPP,,
CAN,Canada,1965,-.2451,,,,,-.2451,,,,,,,1,IMF_FPP,,
CAN,Canada,1966,-.0695,,,,,-.0695,,,,,,,1,IMF_FPP,,
CAN,Canada,1967,-.8236008,,,,,-.8236008,,,,,,,1,IMF_FPP,,
CAN,Canada,1968,-.447998,,,,,-.447998,,,,,,,1,IMF_FPP,,
CAN,Canada,1969,1.196602,,,,,1.196602,,,,,,,1,IMF_FPP,1,2
CAN,Canada,1970,-.3645961,,,,,-.3602982,,,,-.36459607,,,1,OECD_EO,,
CAN,Canada,1971,-1.027907,,,,,-1.0159,,,,-1.0279074,,,1,OECD_EO,,
CAN,Canada,1972,-.9849927,,,,,-.9735031,,,,-.98499275,,,1,OECD_EO,,
CAN,Canada,1973,.6067393,,,,,.5987015,,,,.60673935,,,1,OECD_EO,,
CAN,Canada,1974,1.117194,,,,,1.097801,,,,1.1171937,,,1,OECD_EO,,
CAN,Canada,1975,-3.60796,,,,,-3.5382,,,,-3.6079597,,,1,OECD_EO,,
CAN,Canada,1976,-2.824288,,,,,-2.7836,,,,-2.824288,,,1,OECD_EO,,
CAN,Canada,1977,-4.157113,,,,,-4.097401,,,,-4.1571126,,,1,OECD_EO,,
CAN,Canada,1978,-4.844641,,,,,-4.772202,,,,-4.8446406,,,1,OECD_EO,,
CAN,Canada,1979,-3.46708,,,,,-3.413101,,,,-3.4670804,,,1,OECD_EO,,
CAN,Canada,1980,-4.139852,,,,,-4.0672,,-4.043,,-4.139852,,,1,OECD_EO,,
CAN,Canada,1981,-2.892295,,,,,-2.828201,,-2.892,,-2.892295,,,1,OECD_EO,,
CAN,Canada,1982,-6.898328,,,,,-7.0271,,-6.898,,-6.8983284,,,1,OECD_EO,,
CAN,Canada,1983,-7.998035,,,,,-8.1707,,-7.998,,-7.9980347,,,1,OECD_EO,,
CAN,Canada,1984,-7.939851,,,,,-7.775398,,-7.94,,-7.939851,,,1,OECD_EO,,
CAN,Canada,1985,-8.757327,,,,,-8.587601,,-8.757,,-8.7573271,,,1,OECD_EO,,
CAN,Canada,1986,-7.321649,,,,,-7.141903,,-7.322,,-7.321649,,,1,OECD_EO,,
CAN,Canada,1987,-5.745766,,,,,-5.422199,,-5.746,,-5.7457655,,,1,OECD_EO,,
CAN,Canada,1988,-4.51097,,,,,-4.334099,,-4.511,,-4.51097,,,1,OECD_EO,,
CAN,Canada,1989,-4.718283,,,,,-4.596901,,-4.718,,-4.7182833,,,1,OECD_EO,,
CAN,Canada,1990,-5.911422,,,,,-5.828999,-5.8158076,-5.911,,-5.9114221,,,1,OECD_EO,,
CAN,Canada,1991,-8.359398,,,,,-8.354202,-8.2609334,-8.359,,-8.3593983,,,1,OECD_EO,,
CAN,Canada,1992,-9.199149,,,,,-9.1264,-9.0980964,-9.199,,-9.1991493,,,1,OECD_EO,,
CAN,Canada,1993,-8.934765,,,,,-8.7122,-8.8374471,-8.935,,-8.9347649,,,1,OECD_EO,,
CAN,Canada,1994,-6.935977,,,,,-6.7047,-6.8374892,-6.936,,-6.9359775,,,1,OECD_EO,,
CAN,Canada,1995,-5.48964,,,,,-5.328201,-5.4070304,-5.49,,-5.4896401,,,1,OECD_EO,,
CAN,Canada,1996,-3.052566,,,,,-2.798702,-2.9727831,-3.053,,-3.052566,,,1,OECD_EO,,
CAN,Canada,1997,.0387022,,,,,.1857986,.11588597,.039,,.03870217,,,1,OECD_EO,,
CAN,Canada,1998,.1426828,,,,,.0836029,.19786337,.143,,.14268278,,,1,OECD_EO,,
CAN,Canada,1999,1.655576,,,,,1.6138,1.7070681,1.656,,1.6555762,,,1,OECD_EO,,
CAN,Canada,2000,2.639704,,,,,2.945,2.6877117,2.64,,2.639704,,,1,OECD_EO,,
CAN,Canada,2001,.529469,,,,,.529469,.57839679,.529,,.52946897,,,1,OECD_EO,,
CAN,Canada,2002,-.2338958,,,,,-.2338958,-.18488825,-.234,,-.23389579,,,1,OECD_EO,,
CAN,Canada,2003,-.1269579,,,,,-.1269579,-.07818309,-.127,,-.12695786,,,1,OECD_EO,,
CAN,Canada,2004,.7676696,,,,,.7676696,.82262072,.768,,.76766954,,,1,OECD_EO,,
CAN,Canada,2005,1.55312,,,,,1.55312,1.6086213,1.553,,1.5531201,,,1,OECD_EO,,
CAN,Canada,2006,1.827604,,,,,1.827604,1.8849342,1.828,,1.8276044,,,1,OECD_EO,,
CAN,Canada,2007,1.819656,,,,,1.819656,1.8756247,1.82,,1.8196558,,,1,OECD_EO,,
CAN,Canada,2008,.1844251,,,,,.1844251,.24585994,.184,,.18442513,,,1,OECD_EO,,
CAN,Canada,2009,-3.881352,,,,,-3.881352,-3.8175207,-3.881,,-3.8813518,,,1,OECD_EO,,
CAN,Canada,2010,-4.737558,,,,,-4.737558,-4.6764559,-4.738,,-4.7375586,,,1,OECD_EO,,
CAN,Canada,2011,-3.308733,,,,,-3.308733,-3.2492645,-3.309,,-3.3087326,,,1,OECD_EO,,
CAN,Canada,2012,-2.524517,,,,,-2.524517,-2.4680919,-2.525,,-2.524517,,,1,OECD_EO,,
CAN,Canada,2013,-1.494706,,,,,-1.494706,-1.4405595,-1.495,,-1.494706,,,1,OECD_EO,,
CAN,Canada,2014,.1748962,,,,,.1748962,.22652787,.175,,.17489616,,,1,OECD_EO,,
CAN,Canada,2015,-.0618456,,,,,-.0618456,-.00844034,-.062,,-.06184559,,,1,OECD_EO,,
CAN,Canada,2016,-.4533123,,,,,-.4531642,-.39787019,-.453,,-.45331233,,,1,OECD_EO,,
CAN,Canada,2017,-.1121627,,,,,-.112443,-.05825358,-.112,,-.11216267,,,1,OECD_EO,,
CAN,Canada,2018,.3598913,,,,,.3598913,.41338746,.36,,.35989131,,,1,OECD_EO,,
CAN,Canada,2019,-.0172893,,,,,-.0172893,.0386417,-.017,,-.01728935,,,1,OECD_EO,,
CAN,Canada,2020,-10.94907,,,,,-10.94907,-10.884984,-10.949,,-10.949067,,,1,OECD_EO,,
CAN,Canada,2021,-2.919007,,,,,-2.919007,-3.0276232,-2.919,,-2.9190071,,,1,OECD_EO,,
CAN,Canada,2022,.1085918,,,,,.1085918,.60814939,.109,,.10859176,,,1,OECD_EO,,
CAN,Canada,2023,-.5726901,,,,,-.5726901,.11811323,,-.57300001,-.57269012,,,1,OECD_EO,,
CAN,Canada,2024,-2.298584,,,,,,,,-1.982,-2.2985834,,,1,OECD_EO,,
CAN,Canada,2025,-1.327728,,,,,,,,-1.023,-1.3277282,,,1,OECD_EO,,
CAN,Canada,2026,-.7347118,,,,,,,,-.97000003,-.73471182,,,1,OECD_EO,,
CAN,Canada,2027,-.879,,,,,,,,-.87900001,,,,1,IMF_WEO_forecast,1,2
CAN,Canada,2028,-.737,,,,,,,,-.73699999,,,,1,IMF_WEO_forecast,,
CAN,Canada,2029,-.604,,,,,,,,-.60399997,,,,1,IMF_WEO_forecast,,
CHE,Switzerland,1899,.0957601,,,,,.0957601,,,,,,,1,IMF_FPP,,
CHE,Switzerland,1900,-.0676599,,,,,-.0676599,,,,,,,1,IMF_FPP,,
CHE,Switzerland,1901,-.1392097,,,,,-.1392097,,,,,,,1,IMF_FPP,,
CHE,Switzerland,1902,.0246499,,,,,.0246499,,,,,,,1,IMF_FPP,,
CHE,Switzerland,1903,.0853498,,,,,.0853498,,,,,,,1,IMF_FPP,,
CHE,Switzerland,1904,.0024099,,,,,.0024099,,,,,,,1,IMF_FPP,,
CHE,Switzerland,1905,.4091101,,,,,.4091101,,,,,,,1,IMF_FPP,,
CHE,Switzerland,1906,.1471701,,,,,.1471701,,,,,,,1,IMF_FPP,,
CHE,Switzerland,1907,-.0246,,,,,-.0246,,,,,,,1,IMF_FPP,,
CHE,Switzerland,1908,-.1009803,,,,,-.1009803,,,,,,,1,IMF_FPP,,
CHE,Switzerland,1909,-.7806001,,,,,-.7806001,,,,,,,1,IMF_FPP,,
CHE,Switzerland,1910,-.13837,,,,,-.13837,,,,,,,1,IMF_FPP,,
CHE,Switzerland,1911,-.00613,,,,,-.00613,,,,,,,1,IMF_FPP,,
CHE,Switzerland,1912,.0340698,,,,,.0340698,,,,,,,1,IMF_FPP,,
CHE,Switzerland,1913,-.12479,,,,,-.12479,,,,,,,1,IMF_FPP,,
CHE,Switzerland,1914,,,,,,,,,,,,,1,IMF_FPP,,
CHE,Switzerland,1915,,,,,,,,,,,,,1,IMF_FPP,,
CHE,Switzerland,1916,,,,,,,,,,,,,1,IMF_FPP,,
CHE,Switzerland,1917,,,,,,,,,,,,,1,IMF_FPP,,
CHE,Switzerland,1918,,,,,,,,,,,,,1,IMF_FPP,,
CHE,Switzerland,1919,,,,,,,,,,,,,1,IMF_FPP,,
CHE,Switzerland,1920,,,,,,,,,,,,,1,IMF_FPP,,
CHE,Switzerland,1921,,,,,,,,,,,,,1,IMF_FPP,,
CHE,Switzerland,1922,,,,,,,,,,,,,1,IMF_FPP,,
CHE,Switzerland,1923,,,,,,,,,,,,,1,IMF_FPP,,
CHE,Switzerland,1924,,,,,,,,,,,,,1,IMF_FPP,,
CHE,Switzerland,1925,,,,,,,,,,,,,1,IMF_FPP,,
CHE,Switzerland,1926,,,,,,,,,,,,,1,IMF_FPP,,
CHE,Switzerland,1927,,,,,,,,,,,,,1,IMF_FPP,,
CHE,Switzerland,1928,,,,,,,,,,,,,1,IMF_FPP,,
CHE,Switzerland,1929,.2210002,,,,,.2210002,,,,,,,1,IMF_FPP,,
CHE,Switzerland,1930,.0673299,,,,,.0673299,,,,,,,1,IMF_FPP,,
CHE,Switzerland,1931,.0250902,,,,,.0250902,,,,,,,1,IMF_FPP,,
CHE,Switzerland,1932,-.2972898,,,,,-.2972898,,,,,,,1,IMF_FPP,,
CHE,Switzerland,1933,-.8827896,,,,,-.8827896,,,,,,,1,IMF_FPP,,
CHE,Switzerland,1934,-.3292298,,,,,-.3292298,,,,,,,1,IMF_FPP,,
CHE,Switzerland,1935,-.2313499,,,,,-.2313499,,,,,,,1,IMF_FPP,,
CHE,Switzerland,1936,-.3329101,,,,,-.3329101,,,,,,,1,IMF_FPP,,
CHE,Switzerland,1937,-.1697001,,,,,-.1697001,,,,,,,1,IMF_FPP,,
CHE,Switzerland,1938,-1.52988,,,,,-1.52988,,,,,,,1,IMF_FPP,,
CHE,Switzerland,1939,-5.04978,,,,,-5.04978,,,,,,,1,IMF_FPP,,
CHE,Switzerland,1940,-10.00934,,,,,-10.00934,,,,,,,1,IMF_FPP,,
CHE,Switzerland,1941,-8.77629,,,,,-8.77629,,,,,,,1,IMF_FPP,,
CHE,Switzerland,1942,-7.27933,,,,,-7.27933,,,,,,,1,IMF_FPP,,
CHE,Switzerland,1943,-8.553009,,,,,-8.553009,,,,,,,1,IMF_FPP,,
CHE,Switzerland,1944,-9.37265,,,,,-9.37265,,,,,,,1,IMF_FPP,,
CHE,Switzerland,1945,-7.568379,,,,,-7.568379,,,,,,,1,IMF_FPP,,
CHE,Switzerland,1946,.5241003,,,,,.5241003,,,,,,,1,IMF_FPP,,
CHE,Switzerland,1947,1.27009,,,,,1.27009,,,,,,,1,IMF_FPP,,
CHE,Switzerland,1948,1.37014,,,,,1.37014,,,,,,,1,IMF_FPP,,
CHE,Switzerland,1949,.0377197,,,,,.0377197,,,,,,,1,IMF_FPP,,
CHE,Switzerland,1950,1.4859,,,,,1.4859,,,,,,,1,IMF_FPP,,
CHE,Switzerland,1951,-.3574104,,,,,-.3574104,,,,,,,1,IMF_FPP,,
CHE,Switzerland,1952,-1.1687,,,,,-1.1687,,,,,,,1,IMF_FPP,,
CHE,Switzerland,1953,.3831201,,,,,.3831201,,,,,,,1,IMF_FPP,,
CHE,Switzerland,1954,1.43824,,,,,1.43824,,,,,,,1,IMF_FPP,,
CHE,Switzerland,1955,1.1026,,,,,1.1026,,,,,,,1,IMF_FPP,,
CHE,Switzerland,1956,2.23876,,,,,2.23876,,,,,,,1,IMF_FPP,,
CHE,Switzerland,1957,.6626205,,,,,.6626205,,,,,,,1,IMF_FPP,,
CHE,Switzerland,1958,.5865297,,,,,.5865297,,,,,,,1,IMF_FPP,,
CHE,Switzerland,1959,.71947,,,,,.71947,,,,,,,1,IMF_FPP,,
CHE,Switzerland,1960,1.95355,,,,,1.95355,,,,,,,1,IMF_FPP,,
CHE,Switzerland,1961,.3387794,,,,,.3387794,,,,,,,1,IMF_FPP,,
CHE,Switzerland,1962,.9503298,,,,,.9503298,,,,,,,1,IMF_FPP,,
CHE,Switzerland,1963,.2538099,,,,,.2538099,,,,,,,1,IMF_FPP,,
CHE,Switzerland,1964,.7653904,,,,,.7653904,,,,,,,1,IMF_FPP,,
CHE,Switzerland,1965,.0531301,,,,,.0531301,,,,,,,1,IMF_FPP,,
CHE,Switzerland,1966,-.8724394,,,,,-.8724394,,,,,,,1,IMF_FPP,,
CHE,Switzerland,1967,-1.06794,,,,,-1.06794,,,,,,,1,IMF_FPP,,
CHE,Switzerland,1968,-.7304001,,,,,-.7304001,,,,,,,1,IMF_FPP,,
CHE,Switzerland,1969,-.9773006,,,,,-.9773006,,,,,,,1,IMF_FPP,,
CHE,Switzerland,1970,-1.444601,,,,,-1.444601,,,,,,,1,IMF_FPP,,
CHE,Switzerland,1971,-1.4142,,,,,-1.4142,,,,,,,1,IMF_FPP,,
CHE,Switzerland,1972,-1.3892,,,,,-1.3892,,,,,,,1,IMF_FPP,,
CHE,Switzerland,1973,-.9268017,,,,,-.9268017,,,,,,,1,IMF_FPP,,
CHE,Switzerland,1974,-1.012899,,,,,-1.012899,,,,,,,1,IMF_FPP,,
CHE,Switzerland,1975,-.9287987,,,,,-.9287987,,,,,,,1,IMF_FPP,,
CHE,Switzerland,1976,-1.8864,,,,,-1.8864,,,,,,,1,IMF_FPP,1,6
CHE,Switzerland,1977,-.5666519,,,,,-1.641899,-.56665197,,,,,,1,IMF_GFS,,
CHE,Switzerland,1978,.2768718,,,,,-1.1231,.27687179,,,,,,1,IMF_GFS,,
CHE,Switzerland,1979,-.2095114,,,,,-1.792101,-.2095114,,,,,,1,IMF_GFS,,
CHE,Switzerland,1980,.1783482,,,,,-1.344999,.17834823,,,,,,1,IMF_GFS,,
CHE,Switzerland,1981,.5380311,,,,,-.544199,.53803108,,,,,,1,IMF_GFS,,
CHE,Switzerland,1982,-.1303268,,,,,-1.2113,-.13032684,,,,,,1,IMF_GFS,1,6
CHE,Switzerland,1983,-.576,,,,,-1.234299,-.24044481,-.576,,,,,1,IMF_WEO,,
CHE,Switzerland,1984,-.233,,,,,-.5163994,.55590891,-.233,,,,,1,IMF_WEO,,
CHE,Switzerland,1985,.017,,,,,-.2529011,,.017,,,,,1,IMF_WEO,,
CHE,Switzerland,1986,1.091,,,,,.9342003,,1.091,,,,,1,IMF_WEO,,
CHE,Switzerland,1987,1.095,,,,,.776001,,1.095,,,,,1,IMF_WEO,,
CHE,Switzerland,1988,.916,,,,,.4179001,,.916,,,,,1,IMF_WEO,,
CHE,Switzerland,1989,.77,,,,,.2012997,,.77,,,,,1,IMF_WEO,1,6
CHE,Switzerland,1990,.1477624,,,,,-.1091003,-.04581,-.046,,.14776245,,,1,OECD_EO,,
CHE,Switzerland,1991,-1.52454,,,,,-1.824099,-1.8468267,-1.847,,-1.52454,,,1,OECD_EO,,
CHE,Switzerland,1992,-2.817915,,,,,-3.108698,-2.9608003,-2.961,,-2.8179149,,,1,OECD_EO,,
CHE,Switzerland,1993,-3.297847,,,,,-3.497801,-3.1450749,-3.145,,-3.2978465,,,1,OECD_EO,,
CHE,Switzerland,1994,-2.522515,,,,,-2.776299,-2.592938,-2.593,,-2.5225151,,,1,OECD_EO,1,6
CHE,Switzerland,1995,-1.9,,,,-1.9,-1.956501,-1.857831,-1.858,,-1.8578314,,,1,EUS,,
CHE,Switzerland,1996,-2,,,,-2,-1.8116,-2.013823,-2.014,,-2.0138253,,,1,EUS,,
CHE,Switzerland,1997,-2.3,,,,-2.3,-2.817001,-2.3326891,-2.333,,-2.332692,,,1,EUS,,
CHE,Switzerland,1998,-1.3,,,,-1.3,-1.922901,-1.3060933,-1.306,,-1.3060926,,,1,EUS,,
CHE,Switzerland,1999,-1.6,,,,-1.6,-.4545021,-1.572248,-1.572,,-1.5722476,,,1,EUS,,
CHE,Switzerland,2000,.3,,,,.3,.0659981,.28188987,.282,,.2818928,,,1,EUS,,
CHE,Switzerland,2001,.2,,,,.2,-.1307983,.20743453,.207,,.20743517,,,1,EUS,,
CHE,Switzerland,2002,-1.8,,,,-1.8,-1.199799,-1.7453075,-1.745,,-1.7453038,,,1,EUS,,
CHE,Switzerland,2003,-1.4,,,,-1.4,-1.746597,-1.3587998,-1.359,,-1.3588008,,,1,EUS,,
CHE,Switzerland,2004,-1.4,,,,-1.4,-1.7896,-1.3928471,-1.393,,-1.3928466,,,1,EUS,,
CHE,Switzerland,2005,-.6,,,,-.6,-.707798,-.6459374,-.646,,-.6459343,,,1,EUS,,
CHE,Switzerland,2006,.8,,,,.8,.8479996,.84604803,.846,,.84604553,,,1,EUS,,
CHE,Switzerland,2007,1.3,,,,1.3,1.685501,1.5748903,1.575,,1.5748892,,,1,EUS,,
CHE,Switzerland,2008,1.8,,,,1.8,2.307697,1.9346421,1.935,,1.9346445,,,1,EUS,,
CHE,Switzerland,2009,.6,,,,.6,.9931984,.49785113,.498,,.49784842,,,1,EUS,,
CHE,Switzerland,2010,.3,,,,.3,.5914001,.35422228,.354,,.35422169,,,1,EUS,,
CHE,Switzerland,2011,.9,,,,.9,.6834953,.68349532,.683,,.68349489,,,1,EUS,,
CHE,Switzerland,2012,.2,,,,.2,.2351896,.23518957,.235,,.23519064,,,1,EUS,,
CHE,Switzerland,2013,-.5,,,,-.5,-.4322352,-.43223514,-.432,,-.43223352,,,1,EUS,,
CHE,Switzerland,2014,-.2,,,,-.2,-.2470563,-.24705631,-.247,,-.24705566,,,1,EUS,,
CHE,Switzerland,2015,.5,,,,.5,.5457307,.54573068,.546,,.54573152,,,1,EUS,,
CHE,Switzerland,2016,.3,,,,.3,.2382731,.23836637,.238,,.23836464,,,1,EUS,,
CHE,Switzerland,2017,.9,,,,.9,1.129917,1.1299831,1.13,,1.1299822,,,1,EUS,,
CHE,Switzerland,2018,1.3,,,,1.3,1.289881,1.2897907,1.29,,1.2897902,,,1,EUS,,
CHE,Switzerland,2019,1.1,,,,1.1,1.34104,1.3402261,1.341,,1.3402252,,,1,EUS,,
CHE,Switzerland,2020,-2.7,,,,-2.7,-3.014109,-3.0616015,-3.014,,-3.0616014,,,1,EUS,,
CHE,Switzerland,2021,-1.2,,,,-1.2,-.2894745,-.31240148,-.289,,-.31268803,,,1,EUS,,
CHE,Switzerland,2022,1.2,,,,1.2,1.191247,1.2669216,1.191,,1.1854273,,,1,EUS,,
CHE,Switzerland,2023,.4,,,,.4,.197294,.19729396,,.197,.53295625,,,1,EUS,,
CHE,Switzerland,2024,.5,,,,.5,,,,.59600002,.25042497,,,1,EUS,,
CHE,Switzerland,2025,.4116246,,,,,,,,.31,.41162459,,,1,OECD_EO,1,6
CHE,Switzerland,2026,.3230013,,,,,,,,.16599999,.32300128,,,1,OECD_EO,,
CHE,Switzerland,2027,.166,,,,,,,,.16599999,,,,1,IMF_WEO_forecast,1,6
CHE,Switzerland,2028,.166,,,,,,,,.16599999,,,,1,IMF_WEO_forecast,,
CHE,Switzerland,2029,.166,,,,,,,,.16599999,,,,1,IMF_WEO_forecast,,
CHL,Chile,1940,2.639999,,,,,2.639999,,,,,,,1,IMF_FPP,,
CHL,Chile,1941,1.900001,,,,,1.900001,,,,,,,1,IMF_FPP,,
CHL,Chile,1942,1.51,,,,,1.51,,,,,,,1,IMF_FPP,,
CHL,Chile,1943,.8100004,,,,,.8100004,,,,,,,1,IMF_FPP,,
CHL,Chile,1944,,,,,,,,,,,,,1,IMF_FPP,,
CHL,Chile,1945,,,,,,,,,,,,,1,IMF_FPP,,
CHL,Chile,1946,,,,,,,,,,,,,1,IMF_FPP,,
CHL,Chile,1947,,,,,,,,,,,,,1,IMF_FPP,,
CHL,Chile,1948,,,,,,,,,,,,,1,IMF_FPP,,
CHL,Chile,1949,,,,,,,,,,,,,1,IMF_FPP,,
CHL,Chile,1950,,,,,,,,,,,,,1,IMF_FPP,,
CHL,Chile,1951,,,,,,,,,,,,,1,IMF_FPP,,
CHL,Chile,1952,,,,,,,,,,,,,1,IMF_FPP,,
CHL,Chile,1953,,,,,,,,,,,,,1,IMF_FPP,,
CHL,Chile,1954,,,,,,,,,,,,,1,IMF_FPP,,
CHL,Chile,1955,,,,,,,,,,,,,1,IMF_FPP,,
CHL,Chile,1956,,,,,,,,,,,,,1,IMF_FPP,,
CHL,Chile,1957,,,,,,,,,,,,,1,IMF_FPP,,
CHL,Chile,1958,,,,,,,,,,,,,1,IMF_FPP,,
CHL,Chile,1959,,,,,,,,,,,,,1,IMF_FPP,,
CHL,Chile,1960,,,,,,,,,,,,,1,IMF_FPP,,
CHL,Chile,1961,,,,,,,,,,,,,1,IMF_FPP,,
CHL,Chile,1962,,,,,,,,,,,,,1,IMF_FPP,,
CHL,Chile,1963,,,,,,,,,,,,,1,IMF_FPP,,
CHL,Chile,1964,,,,,,,,,,,,,1,IMF_FPP,,
CHL,Chile,1965,,,,,,,,,,,,,1,IMF_FPP,,
CHL,Chile,1966,,,,,,,,,,,,,1,IMF_FPP,,
CHL,Chile,1967,,,,,,,,,,,,,1,IMF_FPP,,
CHL,Chile,1968,,,,,,,,,,,,,1,IMF_FPP,,
CHL,Chile,1969,,,,,,,,,,,,,1,IMF_FPP,,
CHL,Chile,1970,,,,,,,,,,,,,1,IMF_FPP,,
CHL,Chile,1971,,,,,,,,,,,,,1,IMF_FPP,,
CHL,Chile,1972,,,,,,,,,,,,,1,IMF_FPP,,
CHL,Chile,1973,,,,,,,,,,,,,1,IMF_FPP,,
CHL,Chile,1974,-5.789999,,,,,-5.789999,,,,,,,1,IMF_FPP,,
CHL,Chile,1975,-.4100037,,,,,-.4100037,,,,,,,1,IMF_FPP,,
CHL,Chile,1976,-.4800014,,,,,-.4800014,,,,,,,1,IMF_FPP,,
CHL,Chile,1977,-1.110001,,,,,-1.110001,,,,,,,1,IMF_FPP,,
CHL,Chile,1978,-.1099987,,,,,-.1099987,,,,,,,1,IMF_FPP,,
CHL,Chile,1979,4.82,,,,,4.82,,,,,,,1,IMF_FPP,,
CHL,Chile,1980,5.41,,,,,5.41,,,,,,,1,IMF_FPP,,
CHL,Chile,1981,2.560001,,,,,2.560001,,,,,,,1,IMF_FPP,,
CHL,Chile,1982,-1.02,,,,,-1.02,,,,,,,1,IMF_FPP,,
CHL,Chile,1983,-2.67,,,,,-2.67,,,,,,,1,IMF_FPP,,
CHL,Chile,1984,-2.949999,,,,,-2.949999,,,,,,,1,IMF_FPP,,
CHL,Chile,1985,-2.220001,,,,,-2.220001,,,,,,,1,IMF_FPP,,
CHL,Chile,1986,-.9200001,,,,,-.9200001,,,,,,,1,IMF_FPP,,
CHL,Chile,1987,2.360001,,,,,2.360001,,,,,,,1,IMF_FPP,,
CHL,Chile,1988,4.07,,,,,4.07,,,,,,,1,IMF_FPP,,
CHL,Chile,1989,5.309999,,,,,5.309999,,,,,,,1,IMF_FPP,1,3
CHL,Chile,1990,2.251,,,2.1600283,,3.139999,,2.251,,,,,1,IMF_WEO,,
CHL,Chile,1991,1.541,,,1.498209,,2.210001,,1.541,,,,,1,IMF_WEO,,
CHL,Chile,1992,2.108,,,2.021199,,2.549999,,2.108,,,,,1,IMF_WEO,,
CHL,Chile,1993,1.415,,,1.3655597,,1.23,,1.415,,,,,1,IMF_WEO,,
CHL,Chile,1994,1.437,,,1.3934904,,1.860001,,1.437,,,,,1,IMF_WEO,,
CHL,Chile,1995,3.101,,,3.01555,,3.650002,,3.101,,,,,1,IMF_WEO,,
CHL,Chile,1996,2.071,,,2.037523,,2.070818,,2.071,,,,,1,IMF_WEO,,
CHL,Chile,1997,2.039,,,1.998691,,2.039142,,2.039,,,,,1,IMF_WEO,,
CHL,Chile,1998,.39,,,.383533,,.3901476,,.39,,,,,1,IMF_WEO,,
CHL,Chile,1999,-2.018,,,-1.97851,,-2.017837,,-2.018,,,,,1,IMF_WEO,,
CHL,Chile,2000,-.693,,,-.68248,,-.6928433,-.69283381,-.693,,,,,1,IMF_WEO,,
CHL,Chile,2001,-.495,,,-.48843844,,-.4946238,-.49461502,-.495,,,,,1,IMF_WEO,,
CHL,Chile,2002,-1.171,,,-1.1583032,,-1.17069,-1.1706755,-1.171,,,,,1,IMF_WEO,,
CHL,Chile,2003,-.416,,,-.40839,,-.4155011,-.41550293,-.416,,,,,1,IMF_WEO,,
CHL,Chile,2004,2.051,,,2.019048,,2.050664,2.0506605,2.051,,,,,1,IMF_WEO,,
CHL,Chile,2005,4.568,,,4.4913222,,4.568037,4.567101,4.568,,,,,1,IMF_WEO,,
CHL,Chile,2006,7.509,,,7.481247,,7.509081,7.4910331,7.509,,,,,1,IMF_WEO,,
CHL,Chile,2007,7.955,,,7.9409525,,7.954877,8.5093818,7.955,,,,,1,IMF_WEO,,
CHL,Chile,2008,3.93,,,3.9402887,,3.930458,4.6714898,3.93,,,,,1,IMF_WEO,,
CHL,Chile,2009,-4.259,,,-4.24003,,-4.258969,-4.1337228,-4.259,,,,,1,IMF_WEO,,
CHL,Chile,2010,-.363,,,-.36199923,,-.3627201,-.3334418,-.363,,,,,1,IMF_WEO,,
CHL,Chile,2011,1.427,,,1.4287658,,1.426791,1.4366673,1.427,,,,,1,IMF_WEO,,
CHL,Chile,2012,.682,,,.6857661,,.6823433,.66287351,.682,,,,,1,IMF_WEO,,
CHL,Chile,2013,-.47,,,-.47182,,-.4702739,-.47492815,-.47,,,,,1,IMF_WEO,,
CHL,Chile,2014,-1.496,,,-1.5006,,-1.49637,-1.4278295,-1.496,,,,,1,IMF_WEO,,
CHL,Chile,2015,-2.089,,,-2.102,,-2.088513,-2.0824512,-2.089,,,,,1,IMF_WEO,,
CHL,Chile,2016,-2.661,,,,,-2.660616,-2.6709785,-2.661,,,,,1,IMF_WEO,,
CHL,Chile,2017,-2.628,,,,,-2.627531,-2.4247711,-2.628,,,,,1,IMF_WEO,,
CHL,Chile,2018,-1.482,,,,,-1.482223,-1.5433907,-1.482,,,,,1,IMF_WEO,,
CHL,Chile,2019,-2.731,,,,,-2.730523,-2.6757405,-2.731,,,,,1,IMF_WEO,,
CHL,Chile,2020,-7.095,,,,,-7.095296,-7.0137612,-7.095,,,,,1,IMF_WEO,,
CHL,Chile,2021,-7.521,,,,,-7.520517,-7.4967558,-7.521,,,,,1,IMF_WEO,,
CHL,Chile,2022,1.356,,,,,1.356188,1.3809167,1.356,,,,,1,IMF_WEO,,
CHL,Chile,2023,-2.263841,,,,,-2.273246,-2.2638415,,-2.273,,,,1,IMF_GFS,1,3
CHL,Chile,2024,-2.323,,,,,,,,-2.323,,,,1,IMF_WEO_forecast,1,3
CHL,Chile,2025,-1.429,,,,,,,,-1.429,,,,1,IMF_WEO_forecast,,
CHL,Chile,2026,-.396,,,,,,,,-.396,,,,1,IMF_WEO_forecast,,
CHL,Chile,2027,-.096,,,,,,,,-.096,,,,1,IMF_WEO_forecast,,
CHL,Chile,2028,-.111,,,,,,,,-.111,,,,1,IMF_WEO_forecast,,
CHL,Chile,2029,-.111,,,,,,,,-.111,,,,1,IMF_WEO_forecast,,
CHN,China,1982,.22,,,,,,,.22,,,,,1,IMF_WEO,,
CHN,China,1983,-.01,,,,,,,-.01,,,,,1,IMF_WEO,,
CHN,China,1984,.07,,,,,,,.07,,,,,1,IMF_WEO,,
CHN,China,1985,.925,,,,,,,.925,,,,,1,IMF_WEO,,
CHN,China,1986,-.345,,,,,,,-.345,,,,,1,IMF_WEO,,
CHN,China,1987,-.701,,,,,,,-.701,,,,,1,IMF_WEO,,
CHN,China,1988,-.964,,,,,,,-.964,,,,,1,IMF_WEO,,
CHN,China,1989,-.914,,,,,-.913699,,-.914,,,,,1,IMF_WEO,,
CHN,China,1990,-.719,,,,,-.7188551,,-.719,,,,,1,IMF_WEO,,
CHN,China,1991,-1.044,,,,,-1.043601,,-1.044,,,,,1,IMF_WEO,,
CHN,China,1992,-1.225,,,,,-1.224927,,-1.225,,,,,1,IMF_WEO,,
CHN,China,1993,-.895,,,,,-.8954213,,-.895,,,,,1,IMF_WEO,,
CHN,China,1994,-1.69,,,,,-1.690205,,-1.69,,,,,1,IMF_WEO,1,2
CHN,China,1995,-.9720538,,,,,-.952525,,-.953,,-.97205377,,,1,OECD_EO,,
CHN,China,1996,-.7760878,,,,,-.7402139,,-.74,,-.77608782,,,1,OECD_EO,,
CHN,China,1997,-.7338697,,,,,-.7333802,,-.733,,-.73386976,,,1,OECD_EO,,
CHN,China,1998,-1.334704,,,,,-1.087653,,-1.088,,-1.3347041,,,1,OECD_EO,,
CHN,China,1999,-2.102889,,,,,-2.322645,,-2.323,,-2.1028892,,,1,OECD_EO,,
CHN,China,2000,-2.57555,-2.76303,,,,-2.845992,,-2.846,,-2.5755504,,,1,OECD_EO,,
CHN,China,2001,-2.151879,-2.48681,,,,-2.595872,,-2.596,,-2.1518794,,,1,OECD_EO,,
CHN,China,2002,-2.211488,-2.58756,,,,-2.883545,,-2.884,,-2.2114878,,,1,OECD_EO,,
CHN,China,2003,-1.775059,-2.13554,,,,-2.394297,,-2.394,,-1.7750587,,,1,OECD_EO,,
CHN,China,2004,-.7912034,-1.30332,,,,-1.511829,,-1.512,,-.79120339,,,1,OECD_EO,,
CHN,China,2005,-.6300921,-1.21743,,,,-1.401484,,-1.401,,-.63009214,,,1,OECD_EO,,
CHN,China,2006,.1651252,-.75763,,,,-1.143697,,-1.144,,.16512523,,,1,OECD_EO,,
CHN,China,2007,1.833353,.57033466,,,,.0589391,,.059,,1.8333531,,,1,OECD_EO,,
CHN,China,2008,1.273303,-.39540528,,,,-.0247735,,-.025,,1.2733026,,,1,OECD_EO,,
CHN,China,2009,-.3862888,-2.232779,,,,-1.750809,,-1.751,,-.38628878,,,1,OECD_EO,,
CHN,China,2010,-.4412684,-1.6433712,,,,-.3619786,,-.362,,-.44126839,,,1,OECD_EO,,
CHN,China,2011,.2351532,-1.1012333,,,,-.0980977,,-.098,,.23515318,,,1,OECD_EO,,
CHN,China,2012,-.0923061,-1.6152568,,,,-.3017151,,-.302,,-.09230609,,,1,OECD_EO,,
CHN,China,2013,-.4026682,-1.8555047,,,,-.8361554,,-.836,,-.40266818,,,1,OECD_EO,,
CHN,China,2014,-.1698678,-1.7738012,,,,-.6830248,,-.683,,-.16986783,,,1,OECD_EO,,
CHN,China,2015,-1.235592,-3.4271988,,,,-2.543528,,-2.544,,-1.2355924,,,1,OECD_EO,,
CHN,China,2016,-3.013354,-3.7714931,,,,-3.391912,,-3.392,,-3.0133538,,,1,OECD_EO,,
CHN,China,2017,-3.121473,-3.6648323,,,,-3.403472,,-3.403,,-3.1214734,,,1,OECD_EO,,
CHN,China,2018,-3.127035,-4.0840924,,,,-4.283493,,-4.283,,-3.1270354,,,1,OECD_EO,,
CHN,China,2019,-3.734434,-4.9130809,,,,-6.101881,,-6.102,,-3.7344339,,,1,OECD_EO,,
CHN,China,2020,-6.771712,-6.2,,,,-9.718119,,-9.718,,-6.7717122,,,1,OECD_EO,,
CHN,China,2021,-6.433836,-3.8,,,,-6.045042,,-6.045,,-6.4338354,,,1,OECD_EO,,
CHN,China,2022,-6.544352,-4.7,,,,-7.507294,,-7.507,,-6.5443514,,,1,OECD_EO,,
CHN,China,2023,-6.692168,-4.6,,,,-6.945467,,,-6.9450002,-6.6921676,,,1,OECD_EO,,
CHN,China,2024,-7.57456,,,,,,,,-7.4320002,-7.5745596,,,1,OECD_EO,,
CHN,China,2025,-7.405472,,,,,,,,-7.5570002,-7.4054724,,,1,OECD_EO,,
CHN,China,2026,-6.815108,,,,,,,,-7.744,-6.8151081,,,1,OECD_EO,,
CHN,China,2027,-7.895,,,,,,,,-7.895,,,,1,IMF_WEO_forecast,1,2
CHN,China,2028,-8.07,,,,,,,,-8.0699997,,,,1,IMF_WEO_forecast,,
CHN,China,2029,-8.238,,,,,,,,-8.2379999,,,,1,IMF_WEO_forecast,,
CIV,Ivory Coast,1997,-.749,,,,,-.7491698,,-.749,,,,,1,IMF_WEO,,
CIV,Ivory Coast,1998,-.697,,,,,-.6968922,,-.697,,,,,1,IMF_WEO,,
CIV,Ivory Coast,1999,-1.268,,,,,-1.267969,,-1.268,,,,,1,IMF_WEO,,
CIV,Ivory Coast,2000,-.831,,,,,-.8305531,,-.831,,,,,1,IMF_WEO,,
CIV,Ivory Coast,2001,.699,,,,,.6992297,,.699,,,,,1,IMF_WEO,,
CIV,Ivory Coast,2002,-.637,,,,,-.6372837,,-.637,,,,,1,IMF_WEO,,
CIV,Ivory Coast,2003,-1.261,,,,,-1.261216,,-1.261,,,,,1,IMF_WEO,,
CIV,Ivory Coast,2004,-1.038,,,,,-1.03787,,-1.038,,,,,1,IMF_WEO,,
CIV,Ivory Coast,2005,-1.025,,,,,-1.025127,,-1.025,,,,,1,IMF_WEO,,
CIV,Ivory Coast,2006,-1.034,,,,,-1.034349,,-1.034,,,,,1,IMF_WEO,,
CIV,Ivory Coast,2007,-.389,,,,,-.3885051,,-.389,,,,,1,IMF_WEO,,
CIV,Ivory Coast,2008,-.21,,,,,-.2098691,,-.21,,,,,1,IMF_WEO,,
CIV,Ivory Coast,2009,-1.002,,,,,-1.001842,,-1.002,,,,,1,IMF_WEO,,
CIV,Ivory Coast,2010,-1.337,,,,,-1.336894,,-1.337,,,,,1,IMF_WEO,,
CIV,Ivory Coast,2011,-2.889,,,,,-2.889151,,-2.889,,,,,1,IMF_WEO,,
CIV,Ivory Coast,2012,-2.276,,,,,-2.276488,,-2.276,,,,,1,IMF_WEO,,
CIV,Ivory Coast,2013,-1.621,,,,,-1.620933,,-1.621,,,,,1,IMF_WEO,,
CIV,Ivory Coast,2014,-1.568,,,,,-1.568168,,-1.568,,,,,1,IMF_WEO,,
CIV,Ivory Coast,2015,-2.042,,,,,-2.04214,,-2.042,,,,,1,IMF_WEO,,
CIV,Ivory Coast,2016,-2.979,,,,,-2.978644,,-2.979,,,,,1,IMF_WEO,,
CIV,Ivory Coast,2017,-3.274,,,,,-3.274115,,-3.274,,,,,1,IMF_WEO,,
CIV,Ivory Coast,2018,-2.905,,,,,-2.904716,-3.0362273,-2.905,,,,,1,IMF_WEO,,
CIV,Ivory Coast,2019,-2.22,,,,,-2.219604,-2.4402978,-2.22,,,,,1,IMF_WEO,,
CIV,Ivory Coast,2020,-5.419,,,,,-5.418894,-5.4494258,-5.419,,,,,1,IMF_WEO,,
CIV,Ivory Coast,2021,-4.859,,,,,-4.85917,-4.9364157,-4.859,,,,,1,IMF_WEO,,
CIV,Ivory Coast,2022,-6.812,,,,,-6.812474,-6.6300729,-6.812,,,,,1,IMF_WEO,,
CIV,Ivory Coast,2023,-4.609043,,,,,-5.242398,-4.6090427,,-5.2420001,,,,1,IMF_GFS,1,2
CIV,Ivory Coast,2024,-4.049,,,,,,,,-4.0489998,,,,1,IMF_WEO_forecast,1,2
CIV,Ivory Coast,2025,-3.044,,,,,,,,-3.0439999,,,,1,IMF_WEO_forecast,,
CIV,Ivory Coast,2026,-3.044,,,,,,,,-3.0439999,,,,1,IMF_WEO_forecast,,
CIV,Ivory Coast,2027,-2.965,,,,,,,,-2.9649999,,,,1,IMF_WEO_forecast,,
CIV,Ivory Coast,2028,-2.973,,,,,,,,-2.973,,,,1,IMF_WEO_forecast,,
CIV,Ivory Coast,2029,-3.008,,,,,,,,-3.0079999,,,,1,IMF_WEO_forecast,,
CMR,Cameroon,2000,1.545,,,,,,,1.545,,,,,1,IMF_WEO,,
CMR,Cameroon,2001,.861,,,,,,,.861,,,,,1,IMF_WEO,,
CMR,Cameroon,2002,1.507,,,,,,,1.507,,,,,1,IMF_WEO,,
CMR,Cameroon,2003,.56,,,,,,,.56,,,,,1,IMF_WEO,,
CMR,Cameroon,2004,-.456,,,,,,,-.456,,,,,1,IMF_WEO,,
CMR,Cameroon,2005,3.029,,,,,,,3.029,,,,,1,IMF_WEO,,
CMR,Cameroon,2006,28.214,,,,,,,28.214,,,,,1,IMF_WEO,,
CMR,Cameroon,2007,3.874,,,,,,,3.874,,,,,1,IMF_WEO,,
CMR,Cameroon,2008,2,,,,,,,2,,,,,1,IMF_WEO,,
CMR,Cameroon,2009,-.041,,,,,,,-.041,,,,,1,IMF_WEO,,
CMR,Cameroon,2010,-.932,,,,,,,-.932,,,,,1,IMF_WEO,,
CMR,Cameroon,2011,-2.258,,,,,,,-2.258,,,,,1,IMF_WEO,,
CMR,Cameroon,2012,-1.396,,,,,,,-1.396,,,,,1,IMF_WEO,,
CMR,Cameroon,2013,-3.555,,,,,,,-3.555,,,,,1,IMF_WEO,,
CMR,Cameroon,2014,-4.087,,,,,,,-4.087,,,,,1,IMF_WEO,,
CMR,Cameroon,2015,-4.246,,,,,,,-4.246,,,,,1,IMF_WEO,,
CMR,Cameroon,2016,-5.881,,,,,,,-5.881,,,,,1,IMF_WEO,,
CMR,Cameroon,2017,-4.725,,,,,,,-4.725,,,,,1,IMF_WEO,,
CMR,Cameroon,2018,-2.408,,,,,,,-2.408,,,,,1,IMF_WEO,,
CMR,Cameroon,2019,-3.244,,,,,,,-3.244,,,,,1,IMF_WEO,,
CMR,Cameroon,2020,-3.188,,,,,,,-3.188,,,,,1,IMF_WEO,,
CMR,Cameroon,2021,-3.008,,,,,,,-3.008,,,,,1,IMF_WEO,,
CMR,Cameroon,2022,-1.112,,,,,,,,-1.112,,,,1,IMF_WEO_forecast,1,1
CMR,Cameroon,2023,-.634,,,,,,,,-.634,,,,1,IMF_WEO_forecast,,
CMR,Cameroon,2024,-.458,,,,,,,,-.458,,,,1,IMF_WEO_forecast,,
CMR,Cameroon,2025,-.775,,,,,,,,-.77499998,,,,1,IMF_WEO_forecast,,
CMR,Cameroon,2026,-1.138,,,,,,,,-1.138,,,,1,IMF_WEO_forecast,,
CMR,Cameroon,2027,-1.112,,,,,,,,-1.112,,,,1,IMF_WEO_forecast,,
CMR,Cameroon,2028,-1.056,,,,,,,,-1.056,,,,1,IMF_WEO_forecast,,
CMR,Cameroon,2029,-1.141,,,,,,,,-1.141,,,,1,IMF_WEO_forecast,,
COD,Democratic Republic of the Congo,1996,-.562,,,,,-.561981,,-.562,,,,,1,IMF_WEO,,
COD,Democratic Republic of the Congo,1997,-1.056,,,,,-1.05573,,-1.056,,,,,1,IMF_WEO,,
COD,Democratic Republic of the Congo,1998,-1.548,,,,,-1.548478,,-1.548,,,,,1,IMF_WEO,,
COD,Democratic Republic of the Congo,1999,-1.348,,,,,-1.348249,,-1.348,,,,,1,IMF_WEO,,
COD,Democratic Republic of the Congo,2000,-1.853,,,,,-1.852545,,-1.853,,,,,1,IMF_WEO,,
COD,Democratic Republic of the Congo,2001,-1.273,,,,,-1.272857,,-1.273,,,,,1,IMF_WEO,,
COD,Democratic Republic of the Congo,2002,.719,,,,,.7186625,,.719,,,,,1,IMF_WEO,,
COD,Democratic Republic of the Congo,2003,-4.242,,,,,-4.241874,,-4.242,,,,,1,IMF_WEO,,
COD,Democratic Republic of the Congo,2004,-1.093,,,,,-1.093347,,-1.093,,,,,1,IMF_WEO,,
COD,Democratic Republic of the Congo,2005,.607,,,,,.6066899,,.607,,,,,1,IMF_WEO,,
COD,Democratic Republic of the Congo,2006,.985,,,,,.9854221,,.985,,,,,1,IMF_WEO,,
COD,Democratic Republic of the Congo,2007,.41,,,,,.410147,,.41,,,,,1,IMF_WEO,,
COD,Democratic Republic of the Congo,2008,-.412,,,,,-.4122017,,-.412,,,,,1,IMF_WEO,,
COD,Democratic Republic of the Congo,2009,.918,,,,,.9176387,,.918,,,,,1,IMF_WEO,,
COD,Democratic Republic of the Congo,2010,-.966,,,,,-.9656853,,-.966,,,,,1,IMF_WEO,,
COD,Democratic Republic of the Congo,2011,-.964,,,,,-.9641646,,-.964,,,,,1,IMF_WEO,,
COD,Democratic Republic of the Congo,2012,1.708,,,,,1.708406,,1.708,,,,,1,IMF_WEO,,
COD,Democratic Republic of the Congo,2013,1.756,,,,,1.75563,,1.756,,,,,1,IMF_WEO,,
COD,Democratic Republic of the Congo,2014,4.36,,,,,4.36012,,4.36,,,,,1,IMF_WEO,,
COD,Democratic Republic of the Congo,2015,.657,,,,,.6567346,,.657,,,,,1,IMF_WEO,,
COD,Democratic Republic of the Congo,2016,-.476,,,,,-.4758823,,-.476,,,,,1,IMF_WEO,,
COD,Democratic Republic of the Congo,2017,.73,,,,,.7298086,,.73,,,,,1,IMF_WEO,,
COD,Democratic Republic of the Congo,2018,-.784,,,,,-.7842087,,-.784,,,,,1,IMF_WEO,,
COD,Democratic Republic of the Congo,2019,-2.48,,,,,-2.480163,,-2.48,,,,,1,IMF_WEO,,
COD,Democratic Republic of the Congo,2020,-3.127,,,,,-3.127265,,-3.127,,,,,1,IMF_WEO,,
COD,Democratic Republic of the Congo,2021,-1.595,,,,,-1.594681,,-1.595,,,,,1,IMF_WEO,,
COD,Democratic Republic of the Congo,2022,-.5079508,,,,,-.5079508,,,-.50800002,,,,1,IMF_FPP,1,2
COD,Democratic Republic of the Congo,2023,-1.716092,,,,,-1.716092,,,-1.716,,,,1,IMF_FPP,,
COD,Democratic Republic of the Congo,2024,-2.02,,,,,,,,-2.02,,,,1,IMF_WEO_forecast,1,2
COD,Democratic Republic of the Congo,2025,-1.199,,,,,,,,-1.199,,,,1,IMF_WEO_forecast,,
COD,Democratic Republic of the Congo,2026,-1.054,,,,,,,,-1.054,,,,1,IMF_WEO_forecast,,
COD,Democratic Republic of the Congo,2027,-1.038,,,,,,,,-1.038,,,,1,IMF_WEO_forecast,,
COD,Democratic Republic of the Congo,2028,-1.244,,,,,,,,-1.244,,,,1,IMF_WEO_forecast,,
COD,Democratic Republic of the Congo,2029,-1.572,,,,,,,,-1.572,,,,1,IMF_WEO_forecast,,
COG,Republic of the Congo,1989,.78,,,,,.7797017,,.78,,,,,1,IMF_WEO,,
COG,Republic of the Congo,1990,-4.103,,,,,-4.103315,,-4.103,,,,,1,IMF_WEO,,
COG,Republic of the Congo,1991,-11.195,,,,,-11.19545,,-11.195,,,,,1,IMF_WEO,,
COG,Republic of the Congo,1992,-12.684,,,,,-12.68441,,-12.684,,,,,1,IMF_WEO,,
COG,Republic of the Congo,1993,-11.306,,,,,-11.30643,,-11.306,,,,,1,IMF_WEO,,
COG,Republic of the Congo,1994,-10.627,,,,,-10.62699,,-10.627,,,,,1,IMF_WEO,,
COG,Republic of the Congo,1995,-6.38,,,,,-6.379539,,-6.38,,,,,1,IMF_WEO,,
COG,Republic of the Congo,1996,9.195,,,,,9.195061,,9.195,,,,,1,IMF_WEO,,
COG,Republic of the Congo,1997,3.668,,,,,3.66771,,3.668,,,,,1,IMF_WEO,,
COG,Republic of the Congo,1998,-5.16,,,,,-5.159991,,-5.16,,,,,1,IMF_WEO,,
COG,Republic of the Congo,1999,-4.746,,,,,-4.745998,,-4.746,,,,,1,IMF_WEO,,
COG,Republic of the Congo,2000,1.047,,,,,1.046864,,1.047,,,,,1,IMF_WEO,,
COG,Republic of the Congo,2001,-.706,,,,,-.7058583,,-.706,,,,,1,IMF_WEO,,
COG,Republic of the Congo,2002,-7.342,,,,,-7.341982,,-7.342,,,,,1,IMF_WEO,,
COG,Republic of the Congo,2003,.366,,,,,.3655826,6.0124702,.366,,,,,1,IMF_WEO,,
COG,Republic of the Congo,2004,3.326,,,,,3.325542,-3.2735542,3.326,,,,,1,IMF_WEO,,
COG,Republic of the Congo,2005,13.403,,,,,13.40279,9.5535638,13.403,,,,,1,IMF_WEO,,
COG,Republic of the Congo,2006,15.957,,,,,15.95728,17.939172,15.957,,,,,1,IMF_WEO,,
COG,Republic of the Congo,2007,8.986,,,,,8.986431,11.088332,8.986,,,,,1,IMF_WEO,,
COG,Republic of the Congo,2008,23.897,,,,,23.89677,28.606248,23.897,,,,,1,IMF_WEO,,
COG,Republic of the Congo,2009,4.756,,,,,4.755979,7.9383223,4.756,,,,,1,IMF_WEO,,
COG,Republic of the Congo,2010,15.517,,,,,15.51711,37.486754,15.517,,,,,1,IMF_WEO,,
COG,Republic of the Congo,2011,16.065,,,,,16.0651,16.00746,16.065,,,,,1,IMF_WEO,,
COG,Republic of the Congo,2012,7.236,,,,,7.235996,5.0856082,7.236,,,,,1,IMF_WEO,,
COG,Republic of the Congo,2013,-2.849,,,,,-2.849274,7.2002586,-2.849,,,,,1,IMF_WEO,,
COG,Republic of the Congo,2014,-10.732,,,,,-10.73221,-3.6171624,-10.732,,,,,1,IMF_WEO,,
COG,Republic of the Congo,2015,-17.805,,,,,-17.80515,,-17.805,,,,,1,IMF_WEO,,
COG,Republic of the Congo,2016,-14.542,,,,,-14.54225,,-14.542,,,,,1,IMF_WEO,,
COG,Republic of the Congo,2017,-5.571,,,,,-5.570996,-5.5822364,-5.571,,,,,1,IMF_WEO,,
COG,Republic of the Congo,2018,5.222,,,,,5.221874,4.1749925,5.222,,,,,1,IMF_WEO,,
COG,Republic of the Congo,2019,4.304,,,,,4.303833,4.4762577,4.304,,,,,1,IMF_WEO,,
COG,Republic of the Congo,2020,-1.105,,,,,-1.104885,-7.2741517,-1.105,,,,,1,IMF_WEO,,
COG,Republic of the Congo,2021,1.629,,,,,1.629395,,1.629,,,,,1,IMF_WEO,,
COG,Republic of the Congo,2022,8.944,,,,,8.944122,,8.944,,,,,1,IMF_WEO,,
COG,Republic of the Congo,2023,5.805341,,,,,5.805341,,,5.8049998,,,,1,IMF_FPP,1,2
COG,Republic of the Congo,2024,3.817,,,,,,,,3.8169999,,,,1,IMF_WEO_forecast,1,2
COG,Republic of the Congo,2025,2.951,,,,,,,,2.951,,,,1,IMF_WEO_forecast,,
COG,Republic of the Congo,2026,2.789,,,,,,,,2.789,,,,1,IMF_WEO_forecast,,
COG,Republic of the Congo,2027,3.566,,,,,,,,3.566,,,,1,IMF_WEO_forecast,,
COG,Republic of the Congo,2028,4.244,,,,,,,,4.244,,,,1,IMF_WEO_forecast,,
COG,Republic of the Congo,2029,4.7,,,,,,,,4.6999998,,,,1,IMF_WEO_forecast,,
COK,Cook Islands,2009,-4.527689,-4.5276895,,,,,,,,,,,1,ADB,,
COK,Cook Islands,2010,2.855695,2.8556951,,,,,,,,,,,1,ADB,,
COK,Cook Islands,2011,9.566223,9.5662233,,,,,,,,,,,1,ADB,,
COK,Cook Islands,2012,3.316184,3.3161841,,,,,,,,,,,1,ADB,,
COK,Cook Islands,2013,14.22185,14.221845,,,,,,,,,,,1,ADB,,
COK,Cook Islands,2014,-2.866676,-2.8666756,,,,,,,,,,,1,ADB,,
COK,Cook Islands,2015,-7.76503,-7.7650303,,,,,,,,,,,1,ADB,,
COK,Cook Islands,2016,1.371564,1.3715641,,,,,,,,,,,1,ADB,,
COK,Cook Islands,2017,8.688843,8.6888427,,,,,,,,,,,1,ADB,,
COK,Cook Islands,2018,5.171349,5.1713488,,,,,,,,,,,1,ADB,,
COK,Cook Islands,2019,5.712269,5.7122688,,,,,,,,,,,1,ADB,,
COK,Cook Islands,2020,-6.833463,-6.8334627,,,,,,,,,,,1,ADB,,
COK,Cook Islands,2021,-18.71614,-18.71614,,,,,,,,,,,1,ADB,,
COK,Cook Islands,2022,-10.37422,-10.374224,,,,,,,,,,,1,ADB,,
COL,Colombia,1906,.2000003,,,,,.2000003,,,,,,,1,IMF_FPP,,
COL,Colombia,1907,,,,,,,,,,,,,1,IMF_FPP,,
COL,Colombia,1908,,,,,,,,,,,,,1,IMF_FPP,,
COL,Colombia,1909,,,,,,,,,,,,,1,IMF_FPP,,
COL,Colombia,1910,,,,,,,,,,,,,1,IMF_FPP,,
COL,Colombia,1911,,,,,,,,,,,,,1,IMF_FPP,,
COL,Colombia,1912,,,,,,,,,,,,,1,IMF_FPP,,
COL,Colombia,1913,,,,,,,,,,,,,1,IMF_FPP,,
COL,Colombia,1914,,,,,,,,,,,,,1,IMF_FPP,,
COL,Colombia,1915,,,,,,,,,,,,,1,IMF_FPP,,
COL,Colombia,1916,,,,,,,,,,,,,1,IMF_FPP,,
COL,Colombia,1917,,,,,,,,,,,,,1,IMF_FPP,,
COL,Colombia,1918,,,,,,,,,,,,,1,IMF_FPP,,
COL,Colombia,1919,,,,,,,,,,,,,1,IMF_FPP,,
COL,Colombia,1920,,,,,,,,,,,,,1,IMF_FPP,,
COL,Colombia,1921,,,,,,,,,,,,,1,IMF_FPP,,
COL,Colombia,1922,,,,,,,,,,,,,1,IMF_FPP,,
COL,Colombia,1923,.3000002,,,,,.3000002,,,,,,,1,IMF_FPP,,
COL,Colombia,1924,.5,,,,,.5,,,,,,,1,IMF_FPP,,
COL,Colombia,1925,1,,,,,1,,,,,,,1,IMF_FPP,,
COL,Colombia,1926,,,,,,,,,,,,,1,IMF_FPP,,
COL,Colombia,1927,,,,,,,,,,,,,1,IMF_FPP,,
COL,Colombia,1928,,,,,,,,,,,,,1,IMF_FPP,,
COL,Colombia,1929,.4000001,,,,,.4000001,,,,,,,1,IMF_FPP,,
COL,Colombia,1930,.2999997,,,,,.2999997,,,,,,,1,IMF_FPP,,
COL,Colombia,1931,-.1999998,,,,,-.1999998,,,,,,,1,IMF_FPP,,
COL,Colombia,1932,-.7999997,,,,,-.7999997,,,,,,,1,IMF_FPP,,
COL,Colombia,1933,,,,,,,,,,,,,1,IMF_FPP,,
COL,Colombia,1934,,,,,,,,,,,,,1,IMF_FPP,,
COL,Colombia,1935,,,,,,,,,,,,,1,IMF_FPP,,
COL,Colombia,1936,,,,,,,,,,,,,1,IMF_FPP,,
COL,Colombia,1937,,,,,,,,,,,,,1,IMF_FPP,,
COL,Colombia,1938,,,,,,,,,,,,,1,IMF_FPP,,
COL,Colombia,1939,,,,,,,,,,,,,1,IMF_FPP,,
COL,Colombia,1940,-1.5,,,,,-1.5,,,,,,,1,IMF_FPP,,
COL,Colombia,1941,,,,,,,,,,,,,1,IMF_FPP,,
COL,Colombia,1942,,,,,,,,,,,,,1,IMF_FPP,,
COL,Colombia,1943,,,,,,,,,,,,,1,IMF_FPP,,
COL,Colombia,1944,,,,,,,,,,,,,1,IMF_FPP,,
COL,Colombia,1945,.0999999,,,,,.0999999,,,,,,,1,IMF_FPP,,
COL,Colombia,1946,-.5,,,,,-.5,,,,,,,1,IMF_FPP,,
COL,Colombia,1947,.1999998,,,,,.1999998,,,,,,,1,IMF_FPP,,
COL,Colombia,1948,-.0999999,,,,,-.0999999,,,,,,,1,IMF_FPP,,
COL,Colombia,1949,.5,,,,,.5,,,,,,,1,IMF_FPP,,
COL,Colombia,1950,.9000001,,,,,.9000001,,,,,,,1,IMF_FPP,,
COL,Colombia,1951,2.1,,,,,2.1,,,,,,,1,IMF_FPP,,
COL,Colombia,1952,1.6,,,,,1.6,,,,,,,1,IMF_FPP,,
COL,Colombia,1953,1.3,,,,,1.3,,,,,,,1,IMF_FPP,,
COL,Colombia,1954,1.3,,,,,1.3,,,,,,,1,IMF_FPP,,
COL,Colombia,1955,.6999998,,,,,.6999998,,,,,,,1,IMF_FPP,,
COL,Colombia,1956,-.1999998,,,,,-.1999998,,,,,,,1,IMF_FPP,,
COL,Colombia,1957,1.4,,,,,1.4,,,,,,,1,IMF_FPP,,
COL,Colombia,1958,1.7,,,,,1.7,,,,,,,1,IMF_FPP,,
COL,Colombia,1959,2,,,,,2,,,,,,,1,IMF_FPP,,
COL,Colombia,1960,1.2,,,,,1.2,,,,,,,1,IMF_FPP,,
COL,Colombia,1961,-1.5,,,,,-1.5,,,,,,,1,IMF_FPP,,
COL,Colombia,1962,-1.6,,,,,-1.6,,,,,,,1,IMF_FPP,,
COL,Colombia,1963,-1.7,,,,,-1.7,,,,,,,1,IMF_FPP,,
COL,Colombia,1964,-1.1,,,,,-1.1,,,,,,,1,IMF_FPP,,
COL,Colombia,1965,-.5999999,,,,,-.5999999,,,,,,,1,IMF_FPP,,
COL,Colombia,1966,.1000004,,,,,.1000004,,,,,,,1,IMF_FPP,,
COL,Colombia,1967,-.1999998,,,,,-.1999998,,,,,,,1,IMF_FPP,,
COL,Colombia,1968,,,,,,,,,,,,,1,IMF_FPP,,
COL,Colombia,1969,-.5,,,,,-.5,,,,,,,1,IMF_FPP,,
COL,Colombia,1970,-.6999998,,,,,-.6999998,,,,,,,1,IMF_FPP,,
COL,Colombia,1971,-1,,,,,-1,,,,,,,1,IMF_FPP,,
COL,Colombia,1972,-1.7,,,,,-1.7,,,,,,,1,IMF_FPP,,
COL,Colombia,1973,-1.099999,,,,,-1.099999,,,,,,,1,IMF_FPP,,
COL,Colombia,1974,-1.2,,,,,-1.2,,,,,,,1,IMF_FPP,,
COL,Colombia,1975,-.5,,,,,-.5,,,,,,,1,IMF_FPP,,
COL,Colombia,1976,.6000004,,,,,.6000004,,,,,,,1,IMF_FPP,,
COL,Colombia,1977,.5,,,,,.5,,,,,,,1,IMF_FPP,,
COL,Colombia,1978,.2999992,,,,,.2999992,,,,,,,1,IMF_FPP,,
COL,Colombia,1979,-.7000003,,,,,-.7000003,,,,,,,1,IMF_FPP,,
COL,Colombia,1980,-2.2,,,,,-2.2,,,,,,,1,IMF_FPP,,
COL,Colombia,1981,-2.8,,,,,-2.8,,,,,,,1,IMF_FPP,1,3
COL,Colombia,1982,-4.307,,,,,-3.6,,-4.307,,,,,1,IMF_WEO,,
COL,Colombia,1983,-3.797,,,,,-3.1,,-3.797,,,,,1,IMF_WEO,,
COL,Colombia,1984,-3.87,,,,,-3.3,,-3.87,,,,,1,IMF_WEO,,
COL,Colombia,1985,-2.486,,,,,-2.4,,-2.486,,,,,1,IMF_WEO,,
COL,Colombia,1986,-1.941,,,,,-1.400001,,-1.941,,,,,1,IMF_WEO,,
COL,Colombia,1987,-.6,,,,,-.3999996,,-.6,,,,,1,IMF_WEO,,
COL,Colombia,1988,-.898,,,,,-1.3,,-.898,,,,,1,IMF_WEO,,
COL,Colombia,1989,-1.452,,,,,-1.400001,,-1.452,,,,,1,IMF_WEO,,
COL,Colombia,1990,-.406,,,,,-.6999998,,-.406,,,,,1,IMF_WEO,,
COL,Colombia,1991,.35,,,,,-.1999998,,.35,,,,,1,IMF_WEO,,
COL,Colombia,1992,-.067,,,,,-1.599999,,-.067,,,,,1,IMF_WEO,,
COL,Colombia,1993,-.24,,,,,-.6999998,,-.24,,,,,1,IMF_WEO,,
COL,Colombia,1994,-.138,,,,,-1.400001,,-.138,,,,,1,IMF_WEO,,
COL,Colombia,1995,-.999,,,,,-2.3,,-.999,,,,,1,IMF_WEO,,
COL,Colombia,1996,-2.495,,,,,-3.9,,-2.495,,,,,1,IMF_WEO,,
COL,Colombia,1997,-3.227,,,,,-3.9,,-3.227,,,,,1,IMF_WEO,,
COL,Colombia,1998,-3.864,,,,,-5.2,-2.8653976,-3.864,,,,,1,IMF_WEO,,
COL,Colombia,1999,-5.367,,,,,-6.999999,-5.9674109,-5.367,,,,,1,IMF_WEO,,
COL,Colombia,2000,-2.937,,,,,-2.936775,-3.2496584,-2.937,,,,,1,IMF_WEO,,
COL,Colombia,2001,-2.709,,,,,-2.708669,,-2.709,,,,,1,IMF_WEO,,
COL,Colombia,2002,-3.452,,,,,-3.452202,,-3.452,,,,,1,IMF_WEO,,
COL,Colombia,2003,-2.702,,,,,-2.702366,-3.5676741,-2.702,,,,,1,IMF_WEO,,
COL,Colombia,2004,-1.311,,,,,-1.311097,,-1.311,,,,,1,IMF_WEO,,
COL,Colombia,2005,-.021,,,,,-.0207712,,-.021,,,,,1,IMF_WEO,,
COL,Colombia,2006,-.993,,,,,-.9926484,,-.993,,,,,1,IMF_WEO,,
COL,Colombia,2007,-.82,,,,,-.8197789,,-.82,,,,,1,IMF_WEO,,
COL,Colombia,2008,.042,,,,,.0418177,-4.3862584,.042,,,,,1,IMF_WEO,,
COL,Colombia,2009,-2.674,,,,,-2.674047,-6.9540287,-2.674,,,,,1,IMF_WEO,,
COL,Colombia,2010,-3.303,,,,,-3.302779,-4.430586,-3.303,,,,,1,IMF_WEO,,
COL,Colombia,2011,-1.993,,,,,-1.992978,-1.3172183,-1.993,,,,,1,IMF_WEO,,
COL,Colombia,2012,.155,,,,,.1547837,6.0902288,.155,,,,,1,IMF_WEO,,
COL,Colombia,2013,-1.021,,,,,-1.020744,-4.5832274,-1.021,,,,,1,IMF_WEO,,
COL,Colombia,2014,-1.744,,,,,-1.744079,-2.4516798,-1.744,,,,,1,IMF_WEO,,
COL,Colombia,2015,-3.52,,,,,-3.520223,-.05694706,-3.52,,,,,1,IMF_WEO,,
COL,Colombia,2016,-2.274,,,,,-2.273954,-2.675832,-2.274,,,,,1,IMF_WEO,,
COL,Colombia,2017,-2.496,,,,,-2.495521,-.94795275,-2.496,,,,,1,IMF_WEO,,
COL,Colombia,2018,-4.668,,,,,-4.667652,-1.6225184,-4.668,,,,,1,IMF_WEO,,
COL,Colombia,2019,-3.482,,,,,-3.481777,-2.3541352,-3.482,,,,,1,IMF_WEO,,
COL,Colombia,2020,-6.954,,,,,-6.953667,-8.1086942,-6.954,,,,,1,IMF_WEO,,
COL,Colombia,2021,-7.085,,,,,-7.085186,-6.9306712,-7.085,,,,,1,IMF_WEO,,
COL,Colombia,2022,-6.17,,,,,-6.169847,-4.9418666,-6.17,,,,,1,IMF_WEO,,
COL,Colombia,2023,-1.403719,,,,,-2.723835,-1.403719,,-2.724,,,,1,IMF_GFS,1,3
COL,Colombia,2024,-4.393,,,,,,,,-4.3930001,,,,1,IMF_WEO_forecast,1,3
COL,Colombia,2025,-3.768,,,,,,,,-3.7679999,,,,1,IMF_WEO_forecast,,
COL,Colombia,2026,-3.446,,,,,,,,-3.4460001,,,,1,IMF_WEO_forecast,,
COL,Colombia,2027,-3.026,,,,,,,,-3.026,,,,1,IMF_WEO_forecast,,
COL,Colombia,2028,-2.526,,,,,,,,-2.526,,,,1,IMF_WEO_forecast,,
COL,Colombia,2029,-2.386,,,,,,,,-2.3859999,,,,1,IMF_WEO_forecast,,
COM,Comoros,1984,-5.703,,,,,-5.703161,,-5.703,,,,,1,IMF_WEO,,
COM,Comoros,1985,-5.022,,,,,-5.021905,,-5.022,,,,,1,IMF_WEO,,
COM,Comoros,1986,-4.829,,,,,-4.829492,,-4.829,,,,,1,IMF_WEO,,
COM,Comoros,1987,-3.111,,,,,-3.110863,,-3.111,,,,,1,IMF_WEO,,
COM,Comoros,1988,-2.689,,,,,-2.689288,,-2.689,,,,,1,IMF_WEO,,
COM,Comoros,1989,-1.315,,,,,-1.31453,,-1.315,,,,,1,IMF_WEO,,
COM,Comoros,1990,-1.029,,,,,-1.029026,,-1.029,,,,,1,IMF_WEO,,
COM,Comoros,1991,-2.256,,,,,-2.255903,,-2.256,,,,,1,IMF_WEO,,
COM,Comoros,1992,-1.99,,,,,-1.990343,,-1.99,,,,,1,IMF_WEO,,
COM,Comoros,1993,1.274,,,,,1.27355,,1.274,,,,,1,IMF_WEO,,
COM,Comoros,1994,-3.7,,,,,-3.700131,,-3.7,,,,,1,IMF_WEO,,
COM,Comoros,1995,-4.129,,,,,-4.129124,,-4.129,,,,,1,IMF_WEO,,
COM,Comoros,1996,-3.426,,,,,-3.42574,,-3.426,,,,,1,IMF_WEO,,
COM,Comoros,1997,-1.3,,,,,-1.300216,,-1.3,,,,,1,IMF_WEO,,
COM,Comoros,1998,-2.003,,,,,-2.003475,,-2.003,,,,,1,IMF_WEO,,
COM,Comoros,1999,-.456,,,,,-.4562015,,-.456,,,,,1,IMF_WEO,,
COM,Comoros,2000,-1.138,,,,,-1.138062,,-1.138,,,,,1,IMF_WEO,,
COM,Comoros,2001,-2.128,,,,,-2.128168,,-2.128,,,,,1,IMF_WEO,,
COM,Comoros,2002,-2.146,,,,,-2.145591,,-2.146,,,,,1,IMF_WEO,,
COM,Comoros,2003,-2.045,,,,,-2.045397,,-2.045,,,,,1,IMF_WEO,,
COM,Comoros,2004,-.98,,,,,-.9798998,,-.98,,,,,1,IMF_WEO,,
COM,Comoros,2005,.032,,,,,.0323578,,.032,,,,,1,IMF_WEO,,
COM,Comoros,2006,-1.507,,,,,-1.506794,,-1.507,,,,,1,IMF_WEO,,
COM,Comoros,2007,-1.179,,,,,-1.17936,,-1.179,,,,,1,IMF_WEO,,
COM,Comoros,2008,-1.464,,,,,-1.464456,,-1.464,,,,,1,IMF_WEO,,
COM,Comoros,2009,.36,,,,,.3596379,,.36,,,,,1,IMF_WEO,,
COM,Comoros,2010,4.204,,,,,4.20404,,4.204,,,,,1,IMF_WEO,,
COM,Comoros,2011,.861,,,,,.8612272,,.861,,,,,1,IMF_WEO,,
COM,Comoros,2012,1.962,,,,,1.961578,,1.962,,,,,1,IMF_WEO,1,4
COM,Comoros,2013,11.65071,,11.65071,,,10.48854,,10.489,,,,,1,AMF,,
COM,Comoros,2014,-.314766,,-.314766,,,-.3280238,,-.328,,,,,1,AMF,,
COM,Comoros,2015,2.598265,,2.598265,,,2.598192,,2.598,,,,,1,AMF,,
COM,Comoros,2016,-7.789891,,-7.789891,,,-5.520383,,-5.52,,,,,1,AMF,,
COM,Comoros,2017,-8.764812,,-8.764812,,,-.0977602,,-.098,,,,,1,AMF,,
COM,Comoros,2018,-1.161408,,-1.161408,,,-1.34695,,-1.347,,,,,1,AMF,,
COM,Comoros,2019,-2.886732,,-2.886732,,,-4.295125,,-4.295,,,,,1,AMF,,
COM,Comoros,2020,-2.328929,,-2.328929,,,-.5162963,,-.516,,,,,1,AMF,,
COM,Comoros,2021,-2.814,,,,,-2.813702,,-2.814,,,,,1,IMF_WEO,1,4
COM,Comoros,2022,-3.973773,,,,,-3.973773,,,-3.974,,,,1,IMF_FPP,1,4
COM,Comoros,2023,-1.335339,,,,,-1.335339,,,-1.335,,,,1,IMF_FPP,,
COM,Comoros,2024,-2.793,,,,,,,,-2.793,,,,1,IMF_WEO_forecast,1,4
COM,Comoros,2025,-2.543,,,,,,,,-2.543,,,,1,IMF_WEO_forecast,,
COM,Comoros,2026,-2.414,,,,,,,,-2.414,,,,1,IMF_WEO_forecast,,
COM,Comoros,2027,-1.481,,,,,,,,-1.4809999,,,,1,IMF_WEO_forecast,,
COM,Comoros,2028,-1.614,,,,,,,,-1.614,,,,1,IMF_WEO_forecast,,
COM,Comoros,2029,-.824,,,,,,,,-.824,,,,1,IMF_WEO_forecast,,
CPV,Cape Verde,1994,-12.779,,,,,-12.77863,,-12.779,,,,,1,IMF_WEO,,
CPV,Cape Verde,1995,-11.131,,,,,-11.13079,,-11.131,,,,,1,IMF_WEO,,
CPV,Cape Verde,1996,-11.215,,,,,-11.21529,,-11.215,,,,,1,IMF_WEO,,
CPV,Cape Verde,1997,-10.182,,,,,-10.18217,,-10.182,,,,,1,IMF_WEO,,
CPV,Cape Verde,1998,-3.162,,,,,-3.161685,,-3.162,,,,,1,IMF_WEO,,
CPV,Cape Verde,1999,-10.871,,,,,-10.87091,,-10.871,,,,,1,IMF_WEO,,
CPV,Cape Verde,2000,-15.532,,,,,-15.53181,,-15.532,,,,,1,IMF_WEO,,
CPV,Cape Verde,2001,-5.029,,,,,-5.028809,,-5.029,,,,,1,IMF_WEO,,
CPV,Cape Verde,2002,-6.139,,,,,-6.138973,,-6.139,,,,,1,IMF_WEO,,
CPV,Cape Verde,2003,-3.627,,,,,-3.626661,,-3.627,,,,,1,IMF_WEO,,
CPV,Cape Verde,2004,-2.979,,,,,-2.978997,,-2.979,,,,,1,IMF_WEO,,
CPV,Cape Verde,2005,-4.693,,,,,-4.692837,,-4.693,,,,,1,IMF_WEO,,
CPV,Cape Verde,2006,-4.316,,,,,-4.315977,,-4.316,,,,,1,IMF_WEO,,
CPV,Cape Verde,2007,-.863,,,,,-.8634933,,-.863,,,,,1,IMF_WEO,,
CPV,Cape Verde,2008,-1.415,,,,,-1.415024,,-1.415,,,,,1,IMF_WEO,,
CPV,Cape Verde,2009,-5.32,,,,,-5.319511,,-5.32,,,,,1,IMF_WEO,,
CPV,Cape Verde,2010,-9.597,,,,,-9.596678,,-9.597,,,,,1,IMF_WEO,,
CPV,Cape Verde,2011,-6.976,,,,,-6.975538,,-6.976,,,,,1,IMF_WEO,,
CPV,Cape Verde,2012,-9.364,,,,,-9.363888,,-9.364,,,,,1,IMF_WEO,,
CPV,Cape Verde,2013,-8.49,,,,,-8.489741,,-8.49,,,,,1,IMF_WEO,,
CPV,Cape Verde,2014,-6.934,,,,,-6.933503,,-6.934,,,,,1,IMF_WEO,,
CPV,Cape Verde,2015,-4.157,,,,,-4.156999,,-4.157,,,,,1,IMF_WEO,,
CPV,Cape Verde,2016,-2.728,,,,,-2.728432,,-2.728,,,,,1,IMF_WEO,,
CPV,Cape Verde,2017,-2.635,,,,,-2.634616,,-2.635,,,,,1,IMF_WEO,,
CPV,Cape Verde,2018,-2.364,,,,,-2.363837,,-2.364,,,,,1,IMF_WEO,,
CPV,Cape Verde,2019,-1.617,,,,,-1.616776,,-1.617,,,,,1,IMF_WEO,,
CPV,Cape Verde,2020,-9.287,,,,,-9.287361,,-9.287,,,,,1,IMF_WEO,,
CPV,Cape Verde,2021,-7.512,,,,,-7.512192,,-7.512,,,,,1,IMF_WEO,,
CPV,Cape Verde,2022,-4.146208,,,,,-4.146208,,,-4.1459999,,,,1,IMF_FPP,1,2
CPV,Cape Verde,2023,-.2682319,,,,,-.2682319,,,-.26800001,,,,1,IMF_FPP,,
CPV,Cape Verde,2024,-2.882,,,,,,,,-2.882,,,,1,IMF_WEO_forecast,1,2
CPV,Cape Verde,2025,-2.126,,,,,,,,-2.1259999,,,,1,IMF_WEO_forecast,,
CPV,Cape Verde,2026,-1.171,,,,,,,,-1.171,,,,1,IMF_WEO_forecast,,
CPV,Cape Verde,2027,-.597,,,,,,,,-.597,,,,1,IMF_WEO_forecast,,
CPV,Cape Verde,2028,-.409,,,,,,,,-.40900001,,,,1,IMF_WEO_forecast,,
CPV,Cape Verde,2029,-.342,,,,,,,,-.34200001,,,,1,IMF_WEO_forecast,,
CRI,Costa Rica,1956,.0480003,,,,,.0480003,,,,,,,1,IMF_FPP,,
CRI,Costa Rica,1957,.3000002,,,,,.3000002,,,,,,,1,IMF_FPP,,
CRI,Costa Rica,1958,,,,,,,,,,,,,1,IMF_FPP,,
CRI,Costa Rica,1959,.4889994,,,,,.4889994,,,,,,,1,IMF_FPP,,
CRI,Costa Rica,1960,-.1886997,,,,,-.1886997,,,,,,,1,IMF_FPP,,
CRI,Costa Rica,1961,-.7135,,,,,-.7135,,,,,,,1,IMF_FPP,,
CRI,Costa Rica,1962,-1.9925,,,,,-1.9925,,,,,,,1,IMF_FPP,,
CRI,Costa Rica,1963,-2.0123,,,,,-2.0123,,,,,,,1,IMF_FPP,,
CRI,Costa Rica,1964,-1.5133,,,,,-1.5133,,,,,,,1,IMF_FPP,,
CRI,Costa Rica,1965,-1.7129,,,,,-1.7129,,,,,,,1,IMF_FPP,,
CRI,Costa Rica,1966,-2.1152,,,,,-2.1152,,,,,,,1,IMF_FPP,,
CRI,Costa Rica,1967,-3.0341,,,,,-3.0341,,,,,,,1,IMF_FPP,,
CRI,Costa Rica,1968,-1.7164,,,,,-1.7164,,,,,,,1,IMF_FPP,,
CRI,Costa Rica,1969,-1.613701,,,,,-1.613701,,,,,,,1,IMF_FPP,,
CRI,Costa Rica,1970,-1.4099,,,,,-1.4099,,,,,,,1,IMF_FPP,,
CRI,Costa Rica,1971,-4.721801,,,,,-4.721801,,,,,,,1,IMF_FPP,,
CRI,Costa Rica,1972,-4.54,,,,,-4.54,,,,,,,1,IMF_FPP,,
CRI,Costa Rica,1973,-2.410801,,,,,-2.410801,,,,,,,1,IMF_FPP,,
CRI,Costa Rica,1974,.2572994,,,,,.2572994,,,,,,,1,IMF_FPP,,
CRI,Costa Rica,1975,-1.1306,,,,,-1.1306,,,,,,,1,IMF_FPP,,
CRI,Costa Rica,1976,-2.4182,,,,,-2.4182,,,,,,,1,IMF_FPP,,
CRI,Costa Rica,1977,-2.628101,,,,,-2.628101,,,,,,,1,IMF_FPP,,
CRI,Costa Rica,1978,-4.123301,,,,,-4.123301,,,,,,,1,IMF_FPP,,
CRI,Costa Rica,1979,-6.6042,,,,,-6.6042,,,,,,,1,IMF_FPP,,
CRI,Costa Rica,1980,-7.238199,,,,,-7.238199,,,,,,,1,IMF_FPP,,
CRI,Costa Rica,1981,-3.1364,,,,,-3.1364,,,,,,,1,IMF_FPP,,
CRI,Costa Rica,1982,-.9363995,,,,,-.9363995,,,,,,,1,IMF_FPP,,
CRI,Costa Rica,1983,-1.836599,,,,,-1.836599,,,,,,,1,IMF_FPP,,
CRI,Costa Rica,1984,-.5018005,,,,,-.5018005,,,,,,,1,IMF_FPP,,
CRI,Costa Rica,1985,-1.061001,,,,,-1.061001,,,,,,,1,IMF_FPP,,
CRI,Costa Rica,1986,-4.258301,,,,,-4.258301,,,,,,,1,IMF_FPP,,
CRI,Costa Rica,1987,-2.5655,,,,,-2.5655,,,,,,,1,IMF_FPP,,
CRI,Costa Rica,1988,.5718994,,,,,.5718994,,,,,,,1,IMF_FPP,,
CRI,Costa Rica,1989,-1.549601,,,,,-1.549601,,,,,,,1,IMF_FPP,1,3
CRI,Costa Rica,1990,-4.404,,,-2.6634687,,-2.5247,,-4.404,,,,,1,IMF_WEO,,
CRI,Costa Rica,1991,-2.411,,,-1.78985,,-.9806995,,-2.411,,,,,1,IMF_WEO,,
CRI,Costa Rica,1992,-1.514,,,-.47537,,.7630005,,-1.514,,,,,1,IMF_WEO,,
CRI,Costa Rica,1993,-1.523,,,-.49902618,,-.2043018,,-1.523,,,,,1,IMF_WEO,,
CRI,Costa Rica,1994,-5.462,,,-4.3392176,,-5.1561,,-5.462,,,,,1,IMF_WEO,,
CRI,Costa Rica,1995,-3.684,,,-2.31514,,-4.017701,,-3.684,,,,,1,IMF_WEO,,
CRI,Costa Rica,1996,-4.322,,,-3.2152,,-3.878099,,-4.322,,,,,1,IMF_WEO,,
CRI,Costa Rica,1997,-3.39,,,-1.87792,,-2.741199,,-3.39,,,,,1,IMF_WEO,,
CRI,Costa Rica,1998,-2.965,,,-1.23849,,-2.4649,,-2.965,,,,,1,IMF_WEO,,
CRI,Costa Rica,1999,-2.881,,,-1.64023,,-2.1938,,-2.881,,,,,1,IMF_WEO,,
CRI,Costa Rica,2000,-3.684,,,-1.84193,,-3.683748,,-3.684,,,,,1,IMF_WEO,,
CRI,Costa Rica,2001,-3.471,,,-2.1436607,,-3.470524,,-3.471,,,,,1,IMF_WEO,,
CRI,Costa Rica,2002,-4.992,,,-3.4117314,,-4.992426,-3.3155076,-4.992,,,,,1,IMF_WEO,,
CRI,Costa Rica,2003,-3.432,,,-2.42312,,-3.432176,-1.5728568,-3.432,,,,,1,IMF_WEO,,
CRI,Costa Rica,2004,-3.415,,,-1.93642,,-3.415233,-1.2214517,-3.415,,,,,1,IMF_WEO,,
CRI,Costa Rica,2005,-2.091,,,-.75807513,,-2.091171,-.77419994,-2.091,,,,,1,IMF_WEO,,
CRI,Costa Rica,2006,-1.043,,,1.149126,,-1.042791,1.7097419,-1.043,,,,,1,IMF_WEO,,
CRI,Costa Rica,2007,.558,,,1.79445,,.5582344,2.5406988,.558,,,,,1,IMF_WEO,,
CRI,Costa Rica,2008,.182,,,.63053888,,.1821432,-.70832943,.182,,,,,1,IMF_WEO,,
CRI,Costa Rica,2009,-3.251,,,-3.39438,,-3.251269,-3.2142878,-3.251,,,,,1,IMF_WEO,,
CRI,Costa Rica,2010,-4.956,,,-4.1513695,,-4.956305,-4.2008219,-4.956,,,,,1,IMF_WEO,,
CRI,Costa Rica,2011,-3.91,,,-3.4128759,,-3.909691,-3.3665899,-3.91,,,,,1,IMF_WEO,,
CRI,Costa Rica,2012,-4.215,,,-3.760253,,-4.215276,-3.8625116,-4.215,,,,,1,IMF_WEO,,
CRI,Costa Rica,2013,-5.246,,,,,-5.24626,-4.3254525,-5.246,,,,,1,IMF_WEO,,
CRI,Costa Rica,2014,-5.454,,,,,-5.453587,-4.942328,-5.454,,,,,1,IMF_WEO,,
CRI,Costa Rica,2015,-5.522,,,,,-5.5222,,-5.522,,,,,1,IMF_WEO,,
CRI,Costa Rica,2016,-5.094,,,,,-5.094052,,-5.094,,,,,1,IMF_WEO,,
CRI,Costa Rica,2017,-5.879,,,,,-5.879001,,-5.879,,,,,1,IMF_WEO,,
CRI,Costa Rica,2018,-5.66,,,,,-5.660288,,-5.66,,,,,1,IMF_WEO,,
CRI,Costa Rica,2019,-6.684,,,,,-6.684226,-3.265708,-6.684,,,,,1,IMF_WEO,,
CRI,Costa Rica,2020,-8.38,,,,,-8.379604,-5.8462586,-8.38,,,,,1,IMF_WEO,,
CRI,Costa Rica,2021,-5.086,,,,,-5.085633,-2.63744,-5.086,,,,,1,IMF_WEO,,
CRI,Costa Rica,2022,-2.805,,,,,-2.805233,-.03312634,-2.805,,,,,1,IMF_WEO,,
CRI,Costa Rica,2023,.4222423,,,,,-3.170377,.42224225,,-3.1700001,,,,1,IMF_GFS,1,3
CRI,Costa Rica,2024,-3.71,,,,,,,,-3.71,,,,1,IMF_WEO_forecast,1,3
CRI,Costa Rica,2025,-3.119,,,,,,,,-3.119,,,,1,IMF_WEO_forecast,,
CRI,Costa Rica,2026,-2.681,,,,,,,,-2.681,,,,1,IMF_WEO_forecast,,
CRI,Costa Rica,2027,-2.289,,,,,,,,-2.289,,,,1,IMF_WEO_forecast,,
CRI,Costa Rica,2028,-2.056,,,,,,,,-2.056,,,,1,IMF_WEO_forecast,,
CRI,Costa Rica,2029,-1.819,,,,,,,,-1.819,,,,1,IMF_WEO_forecast,,
CYP,Cyprus,1995,-.3,,,,-.3,-.7123973,-.28782413,-.712,,,,,1,EUS,,
CYP,Cyprus,1996,-2.4,,,,-2.4,-2.956326,-2.4387493,-2.956,,,,,1,EUS,,
CYP,Cyprus,1997,-4.4,,,,-4.4,-4.821219,-4.355459,-4.821,,,,,1,EUS,,
CYP,Cyprus,1998,-3.2,,,,-3.2,-3.851078,-3.2428972,-3.851,,,,,1,EUS,,
CYP,Cyprus,1999,-3.5,,,,-3.5,-4.053846,-3.5379952,-4.054,,,,,1,EUS,,
CYP,Cyprus,2000,-1.8,,,,-1.8,-2.239736,-1.7980179,-2.24,,,,,1,EUS,,
CYP,Cyprus,2001,-1.7,,,,-1.7,-2.107402,-1.7333952,-2.107,,,,,1,EUS,,
CYP,Cyprus,2002,-3.8,,,,-3.8,-4.130673,-3.7593668,-4.131,,,,,1,EUS,,
CYP,Cyprus,2003,-5.7,,,,-5.7,-5.907265,-5.7367733,-5.907,,,,,1,EUS,,
CYP,Cyprus,2004,-3.6,,,,-3.6,-3.711616,-3.5586187,-3.712,,,,,1,EUS,,
CYP,Cyprus,2005,-2.1,,,,-2.1,-2.224351,-2.0954913,-2.224,,,,,1,EUS,,
CYP,Cyprus,2006,-1,,,,-1,-1.041243,-1.0243686,-1.041,,,,,1,EUS,,
CYP,Cyprus,2007,3.2,,,,3.2,3.228164,3.1693459,3.228,,,,,1,EUS,,
CYP,Cyprus,2008,.7,,,,.7,.8658783,.67229189,.866,,,,,1,EUS,,
CYP,Cyprus,2009,-5.6,,,,-5.6,-5.433322,-5.6325132,-5.433,,,,,1,EUS,,
CYP,Cyprus,2010,-5.1,,,,-5.1,-4.68424,-5.0588356,-4.684,,,,,1,EUS,,
CYP,Cyprus,2011,-5.9,,,,-5.9,-5.650087,-5.9411525,-5.65,,,,,1,EUS,,
CYP,Cyprus,2012,-15.2,,,,-15.2,-5.550569,-15.217514,-5.551,,,,,1,EUS,,
CYP,Cyprus,2013,-5.6,,,,-5.6,-5.159559,-5.594142,-5.16,,,,,1,EUS,,
CYP,Cyprus,2014,-8.8,,,,-8.8,-.2333722,-8.7972178,-.233,,,,,1,EUS,,
CYP,Cyprus,2015,-.8,,,,-.8,.0679893,-.76794472,.068,,,,,1,EUS,,
CYP,Cyprus,2016,.5,,,,.5,.2561311,.45230544,.256,,,,,1,EUS,,
CYP,Cyprus,2017,2.1,,,,2.1,1.893926,2.1272825,1.894,,,,,1,EUS,,
CYP,Cyprus,2018,-3.4,,,,-3.4,-3.61796,-3.38682,-3.618,,,,,1,EUS,,
CYP,Cyprus,2019,1,,,,1,1.255086,1.0393611,1.255,,,,,1,EUS,,
CYP,Cyprus,2020,-5.6,,,,-5.6,-5.736031,-5.649101,-5.736,,,,,1,EUS,,
CYP,Cyprus,2021,-1.6,,,,-1.6,-1.820881,-1.6359442,-1.821,,,,,1,EUS,,
CYP,Cyprus,2022,2.7,,,,2.7,2.732087,2.8620492,2.732,,,,,1,EUS,,
CYP,Cyprus,2023,1.7,,,,1.7,3.081806,1.8599533,,3.082,,,,1,EUS,,
CYP,Cyprus,2024,4.1,,,,4.1,,,,3.142,,,,1,EUS,,
CYP,Cyprus,2025,3.167,,,,,,,,3.1670001,,,,1,IMF_WEO_forecast,1,1
CYP,Cyprus,2026,3.081,,,,,,,,3.0810001,,,,1,IMF_WEO_forecast,,
CYP,Cyprus,2027,2.085,,,,,,,,2.085,,,,1,IMF_WEO_forecast,,
CYP,Cyprus,2028,1.743,,,,,,,,1.743,,,,1,IMF_WEO_forecast,,
CYP,Cyprus,2029,1.435,,,,,,,,1.4349999,,,,1,IMF_WEO_forecast,,
CZE,Czech Republic,1995,-12.3,,,,-12.3,-12.28441,-12.27775,-12.284,,-12.287633,,,1,EUS,,
CZE,Czech Republic,1996,-3,,,,-3,-2.986434,-2.9761116,-2.986,,-2.9785212,,,1,EUS,,
CZE,Czech Republic,1997,-3.1,,,,-3.1,-3.156642,-3.1364648,-3.157,,-3.1397322,,,1,EUS,,
CZE,Czech Republic,1998,-4.1,,,,-4.1,-4.149461,-4.1386261,-4.149,,-4.1426257,,,1,EUS,,
CZE,Czech Republic,1999,-3.1,,,,-3.1,-3.108445,-3.080438,-3.108,,-3.0875642,,,1,EUS,,
CZE,Czech Republic,2000,-3.5,,,,-3.5,-3.555653,-3.5469434,-3.556,,-3.5450288,,,1,EUS,,
CZE,Czech Republic,2001,-5.8,,,,-5.8,-5.731884,-5.7572348,-5.732,,-5.7549165,,,1,EUS,,
CZE,Czech Republic,2002,-6.3,,,,-6.3,-6.319695,-6.3449125,-6.32,,-6.3464566,,,1,EUS,,
CZE,Czech Republic,2003,-6.9,,,,-6.9,-6.834435,-6.8748132,-6.834,,-6.8765146,,,1,EUS,,
CZE,Czech Republic,2004,-2.4,,,,-2.4,-2.362962,-2.4049988,-2.363,,-2.4088526,,,1,EUS,,
CZE,Czech Republic,2005,-3.1,,,,-3.1,-3.023908,-3.061159,-3.024,,-3.064039,,,1,EUS,,
CZE,Czech Republic,2006,-2.2,,,,-2.2,-2.150526,-2.1858213,-2.151,,-2.184763,,,1,EUS,,
CZE,Czech Republic,2007,-.7,,,,-.7,-.6453304,-.67789772,-.645,,-.67764241,,,1,EUS,,
CZE,Czech Republic,2008,-2,,,,-2,-1.96678,-1.9988538,-1.967,,-2.0006649,,,1,EUS,,
CZE,Czech Republic,2009,-5.5,,,,-5.5,-5.423438,-5.4562597,-5.423,,-5.4542083,,,1,EUS,,
CZE,Czech Republic,2010,-4.1,,,,-4.1,-4.110736,-4.1441604,-4.111,,-4.1480318,,,1,EUS,,
CZE,Czech Republic,2011,-2.7,,,,-2.7,-2.678571,-2.7118284,-2.679,,-2.7143145,,,1,EUS,,
CZE,Czech Republic,2012,-3.9,,,,-3.9,-3.86921,-3.9175055,-3.869,,-3.9186769,,,1,EUS,,
CZE,Czech Republic,2013,-1.3,,,,-1.3,-1.275818,-1.2985094,-1.276,,-1.2987748,,,1,EUS,,
CZE,Czech Republic,2014,-2.1,,,,-2.1,-2.060214,-2.0934716,-2.06,,-2.0939408,,,1,EUS,,
CZE,Czech Republic,2015,-.7,,,,-.7,-.640159,-.66574043,-.64,,-.6654529,,,1,EUS,,
CZE,Czech Republic,2016,.7,,,,.7,.7049925,.68488116,.705,,.68515109,,,1,EUS,,
CZE,Czech Republic,2017,1.5,,,,1.5,1.48152,1.4603008,1.482,,1.4586144,,,1,EUS,,
CZE,Czech Republic,2018,.9,,,,.9,.8819212,.88150111,.882,,.88061451,,,1,EUS,,
CZE,Czech Republic,2019,.3,,,,.3,.2837387,.28275379,.284,,.28263145,,,1,EUS,,
CZE,Czech Republic,2020,-5.6,,,,-5.6,-5.648559,-5.6497432,-5.649,,-5.6481413,,,1,EUS,,
CZE,Czech Republic,2021,-5,,,,-5,-4.951508,-4.9511752,-4.952,,-4.9525052,,,1,EUS,,
CZE,Czech Republic,2022,-3.1,,,,-3.1,-3.054736,-3.0687791,-3.055,,-3.0693908,,,1,EUS,,
CZE,Czech Republic,2023,-3.7,,,,-3.7,-3.82751,-3.754858,,-3.8280001,-3.7773453,,,1,EUS,,
CZE,Czech Republic,2024,-2,,,,-2,,,,-2.872,-2.828378,,,1,EUS,,
CZE,Czech Republic,2025,-2.546652,,,,,,,,-2.3050001,-2.5466516,,,1,OECD_EO,1,2
CZE,Czech Republic,2026,-1.762156,,,,,,,,-1.704,-1.7621564,,,1,OECD_EO,,
CZE,Czech Republic,2027,-1.528,,,,,,,,-1.528,,,,1,IMF_WEO_forecast,1,2
CZE,Czech Republic,2028,-1.601,,,,,,,,-1.601,,,,1,IMF_WEO_forecast,,
CZE,Czech Republic,2029,-1.735,,,,,,,,-1.735,,,,1,IMF_WEO_forecast,,
DEU,Germany,1880,-.1348,,,,,-.1348,,,,,,,1,IMF_FPP,,
DEU,Germany,1881,.1176996,,,,,.1176996,,,,,,,1,IMF_FPP,,
DEU,Germany,1882,.4125996,,,,,.4125996,,,,,,,1,IMF_FPP,,
DEU,Germany,1883,.5450001,,,,,.5450001,,,,,,,1,IMF_FPP,,
DEU,Germany,1884,.2332993,,,,,.2332993,,,,,,,1,IMF_FPP,,
DEU,Germany,1885,.2104998,,,,,.2104998,,,,,,,1,IMF_FPP,,
DEU,Germany,1886,.2285995,,,,,.2285995,,,,,,,1,IMF_FPP,,
DEU,Germany,1887,.8839998,,,,,.8839998,,,,,,,1,IMF_FPP,,
DEU,Germany,1888,.6204004,,,,,.6204004,,,,,,,1,IMF_FPP,,
DEU,Germany,1889,1.1606,,,,,1.1606,,,,,,,1,IMF_FPP,,
DEU,Germany,1890,.1229,,,,,.1229,,,,,,,1,IMF_FPP,,
DEU,Germany,1891,1.177299,,,,,1.177299,,,,,,,1,IMF_FPP,,
DEU,Germany,1892,-.2370987,,,,,-.2370987,,,,,,,1,IMF_FPP,,
DEU,Germany,1893,.4172993,,,,,.4172993,,,,,,,1,IMF_FPP,,
DEU,Germany,1894,.4401989,,,,,.4401989,,,,,,,1,IMF_FPP,,
DEU,Germany,1895,.4657001,,,,,.4657001,,,,,,,1,IMF_FPP,,
DEU,Germany,1896,.6263008,,,,,.6263008,,,,,,,1,IMF_FPP,,
DEU,Germany,1897,.3873997,,,,,.3873997,,,,,,,1,IMF_FPP,,
DEU,Germany,1898,.4664001,,,,,.4664001,,,,,,,1,IMF_FPP,,
DEU,Germany,1899,.5978985,,,,,.5978985,,,,,,,1,IMF_FPP,,
DEU,Germany,1900,.2693996,,,,,.2693996,,,,,,,1,IMF_FPP,,
DEU,Germany,1901,.9118004,,,,,.9118004,,,,,,,1,IMF_FPP,,
DEU,Germany,1902,.0814991,,,,,.0814991,,,,,,,1,IMF_FPP,,
DEU,Germany,1903,.8775997,,,,,.8775997,,,,,,,1,IMF_FPP,,
DEU,Germany,1904,.4125004,,,,,.4125004,,,,,,,1,IMF_FPP,,
DEU,Germany,1905,1.2062,,,,,1.2062,,,,,,,1,IMF_FPP,,
DEU,Germany,1906,.7552013,,,,,.7552013,,,,,,,1,IMF_FPP,,
DEU,Germany,1907,-.1394997,,,,,-.1394997,,,,,,,1,IMF_FPP,,
DEU,Germany,1908,-.1149006,,,,,-.1149006,,,,,,,1,IMF_FPP,,
DEU,Germany,1909,.1060009,,,,,.1060009,,,,,,,1,IMF_FPP,,
DEU,Germany,1910,-.2054005,,,,,-.2054005,,,,,,,1,IMF_FPP,,
DEU,Germany,1911,.0611,,,,,.0611,,,,,,,1,IMF_FPP,,
DEU,Germany,1912,-.2642002,,,,,-.2642002,,,,,,,1,IMF_FPP,,
DEU,Germany,1913,.0073013,,,,,.0073013,,,,,,,1,IMF_FPP,,
DEU,Germany,1914,,,,,,,,,,,,,1,IMF_FPP,,
DEU,Germany,1915,,,,,,,,,,,,,1,IMF_FPP,,
DEU,Germany,1916,,,,,,,,,,,,,1,IMF_FPP,,
DEU,Germany,1917,,,,,,,,,,,,,1,IMF_FPP,,
DEU,Germany,1918,,,,,,,,,,,,,1,IMF_FPP,,
DEU,Germany,1919,,,,,,,,,,,,,1,IMF_FPP,,
DEU,Germany,1920,,,,,,,,,,,,,1,IMF_FPP,,
DEU,Germany,1921,,,,,,,,,,,,,1,IMF_FPP,,
DEU,Germany,1922,,,,,,,,,,,,,1,IMF_FPP,,
DEU,Germany,1923,,,,,,,,,,,,,1,IMF_FPP,,
DEU,Germany,1924,,,,,,,,,,,,,1,IMF_FPP,,
DEU,Germany,1925,.3445997,,,,,.3445997,,,,,,,1,IMF_FPP,,
DEU,Germany,1926,-1.303599,,,,,-1.303599,,,,,,,1,IMF_FPP,,
DEU,Germany,1927,-.4403,,,,,-.4403,,,,,,,1,IMF_FPP,,
DEU,Germany,1928,-1.4742,,,,,-1.4742,,,,,,,1,IMF_FPP,,
DEU,Germany,1929,-.8956003,,,,,-.8956003,,,,,,,1,IMF_FPP,,
DEU,Germany,1930,-1.5227,,,,,-1.5227,,,,,,,1,IMF_FPP,,
DEU,Germany,1931,-1.0302,,,,,-1.0302,,,,,,,1,IMF_FPP,,
DEU,Germany,1932,-1.1089,,,,,-1.1089,,,,,,,1,IMF_FPP,,
DEU,Germany,1933,-.4333,,,,,-.4333,,,,,,,1,IMF_FPP,,
DEU,Germany,1934,-.6422997,,,,,-.6422997,,,,,,,1,IMF_FPP,,
DEU,Germany,1935,,,,,,,,,,,,,1,IMF_FPP,,
DEU,Germany,1936,,,,,,,,,,,,,1,IMF_FPP,,
DEU,Germany,1937,,,,,,,,,,,,,1,IMF_FPP,,
DEU,Germany,1938,,,,,,,,,,,,,1,IMF_FPP,,
DEU,Germany,1939,,,,,,,,,,,,,1,IMF_FPP,,
DEU,Germany,1940,,,,,,,,,,,,,1,IMF_FPP,,
DEU,Germany,1941,,,,,,,,,,,,,1,IMF_FPP,,
DEU,Germany,1942,,,,,,,,,,,,,1,IMF_FPP,,
DEU,Germany,1943,,,,,,,,,,,,,1,IMF_FPP,,
DEU,Germany,1944,,,,,,,,,,,,,1,IMF_FPP,,
DEU,Germany,1945,,,,,,,,,,,,,1,IMF_FPP,,
DEU,Germany,1946,,,,,,,,,,,,,1,IMF_FPP,,
DEU,Germany,1947,,,,,,,,,,,,,1,IMF_FPP,,
DEU,Germany,1948,,,,,,,,,,,,,1,IMF_FPP,,
DEU,Germany,1949,,,,,,,,,,,,,1,IMF_FPP,,
DEU,Germany,1950,1.8113,,,,,1.8113,,,,,,,1,IMF_FPP,,
DEU,Germany,1951,1.1476,,,,,1.1476,,,,,,,1,IMF_FPP,,
DEU,Germany,1952,,,,,,,,,,,,,1,IMF_FPP,,
DEU,Germany,1953,-.1335011,,,,,-.1335011,,,,,,,1,IMF_FPP,,
DEU,Germany,1954,-.3731003,,,,,-.3731003,,,,,,,1,IMF_FPP,,
DEU,Germany,1955,-1.4147,,,,,-1.4147,,,,,,,1,IMF_FPP,,
DEU,Germany,1956,.590601,,,,,.590601,,,,,,,1,IMF_FPP,,
DEU,Germany,1957,1.987,,,,,1.987,,,,,,,1,IMF_FPP,,
DEU,Germany,1958,1.7654,,,,,1.7654,,,,,,,1,IMF_FPP,,
DEU,Germany,1959,.7674007,,,,,.7674007,,,,,,,1,IMF_FPP,,
DEU,Germany,1960,-.3423996,,,,,-.3423996,,,,,,,1,IMF_FPP,,
DEU,Germany,1961,-.118,,,,,-.118,,,,,,,1,IMF_FPP,,
DEU,Germany,1962,.4878998,,,,,.4878998,,,,,,,1,IMF_FPP,,
DEU,Germany,1963,1.432199,,,,,1.432199,,,,,,,1,IMF_FPP,,
DEU,Germany,1964,1.4895,,,,,1.4895,,,,,,,1,IMF_FPP,,
DEU,Germany,1965,2.2575,,,,,2.2575,,,,,,,1,IMF_FPP,,
DEU,Germany,1966,1.7626,,,,,1.7626,,,,,,,1,IMF_FPP,,
DEU,Germany,1967,2.7299,,,,,2.7299,,,,,,,1,IMF_FPP,,
DEU,Germany,1968,1.3936,,,,,1.3936,,,,,,,1,IMF_FPP,,
DEU,Germany,1969,-.4258995,,,,,-.4258995,,,,,,,1,IMF_FPP,,
DEU,Germany,1970,.5292969,,,,,.5292969,,,,,,,1,IMF_FPP,,
DEU,Germany,1971,.161499,,,,,.161499,,,,,,,1,IMF_FPP,,
DEU,Germany,1972,-.3689003,,,,,-.3689003,,,,,,,1,IMF_FPP,,
DEU,Germany,1973,1.1418,,,,,1.1418,,,,,,,1,IMF_FPP,1,6
DEU,Germany,1974,-1.78221,,,,,-1.6875,-1.7822102,,,,,,1,IMF_GFS,,
DEU,Germany,1975,-5.303273,,,,,-5.776501,-5.3032729,,,,,,1,IMF_GFS,,
DEU,Germany,1976,-3.44957,,,,,-3.503899,-3.4495701,,,,,,1,IMF_GFS,,
DEU,Germany,1977,-2.292935,,,,,-2.557899,-2.2929354,,,,,,1,IMF_GFS,,
DEU,Germany,1978,-2.424596,,,,,-2.623001,-2.4245957,,,,,,1,IMF_GFS,,
DEU,Germany,1979,-2.479559,,,,,-2.712799,-2.4795593,,,,,,1,IMF_GFS,,
DEU,Germany,1980,-2.887387,,,,,-3.019798,-2.8873867,,,,,,1,IMF_GFS,,
DEU,Germany,1981,-3.791901,,,,,-4.0252,-3.7919006,,,,,,1,IMF_GFS,,
DEU,Germany,1982,-3.216387,,,,,-3.558601,-3.2163873,,,,,,1,IMF_GFS,,
DEU,Germany,1983,-2.556454,,,,,-2.946602,-2.5564537,,,,,,1,IMF_GFS,,
DEU,Germany,1984,-1.846377,,,,,-2.0383,-1.8463773,,,,,,1,IMF_GFS,,
DEU,Germany,1985,-1.151297,,,,,-1.183899,-1.1512966,,,,,,1,IMF_GFS,,
DEU,Germany,1986,-1.198529,,,,,-1.180901,-1.1985287,,,,,,1,IMF_GFS,,
DEU,Germany,1987,-1.715712,,,,,-1.849899,-1.7157123,,,,,,1,IMF_GFS,,
DEU,Germany,1988,-1.869591,,,,,-2.0191,-1.8695911,,,,,,1,IMF_GFS,,
DEU,Germany,1989,.0409303,,,,,.0830002,.04093029,,,,,,1,IMF_GFS,1,6
DEU,Germany,1990,-1.943703,,,,,-1.943703,,,,,,,1,IMF_FPP,1,6
DEU,Germany,1991,-3.19928,,,,,-2.856098,-3.1432952,-3.21,,-3.1992796,,,1,OECD_EO,,
DEU,Germany,1992,-2.633936,,,,,-2.469101,-2.5720953,-2.632,,-2.6339357,,,1,OECD_EO,,
DEU,Germany,1993,-3.113214,,,,,-3.001297,-3.0679322,-3.11,,-3.1132144,,,1,OECD_EO,,
DEU,Germany,1994,-2.543122,,,,,-2.294403,-2.495185,-2.542,,-2.5431224,,,1,OECD_EO,1,6
DEU,Germany,1995,-9.4,,,,-9.4,-9.486603,-9.4366635,-9.437,,-9.4335235,,,1,EUS,,
DEU,Germany,1996,-3.6,,,,-3.6,-3.350403,-3.6384142,-3.638,,-3.6361761,,,1,EUS,,
DEU,Germany,1997,-3,,,,-3,-2.7528,-3.0272268,-3.027,,-3.0230498,,,1,EUS,,
DEU,Germany,1998,-2.6,,,,-2.6,-2.334599,-2.6495443,-2.65,,-2.6516308,,,1,EUS,,
DEU,Germany,1999,-1.9,,,,-1.9,-1.608398,-1.866467,-1.866,,-1.870479,,,1,EUS,,
DEU,Germany,2000,-1.7,,,,-1.7,1.136898,-1.7143112,-1.714,,-1.7140832,,,1,EUS,,
DEU,Germany,2001,-3.1,,,,-3.1,-3.075798,-3.1246214,-3.125,,-3.1206373,,,1,EUS,,
DEU,Germany,2002,-4.1,,,,-4.1,-3.846302,-4.0861579,-4.086,,-4.0794398,,,1,EUS,,
DEU,Germany,2003,-3.8,,,,-3.8,-4.150799,-3.8295081,-3.83,,-3.8235172,,,1,EUS,,
DEU,Germany,2004,-3.4,,,,-3.4,-3.759998,-3.4210044,-3.421,,-3.4315531,,,1,EUS,,
DEU,Germany,2005,-3.4,,,,-3.4,-3.332203,-3.3708416,-3.371,,-3.3754778,,,1,EUS,,
DEU,Germany,2006,-1.8,,,,-1.8,-1.652702,-1.7551872,-1.755,,-1.7545667,,,1,EUS,,
DEU,Germany,2007,.2,,,,.2,.2280998,.15486465,.155,,.15461816,,,1,EUS,,
DEU,Germany,2008,-.3,,,,-.3,-.0562019,-.26292824,-.263,,-.26326432,,,1,EUS,,
DEU,Germany,2009,-3.2,,,,-3.2,-3.205299,-3.1747947,-3.175,,-3.1772379,,,1,EUS,,
DEU,Germany,2010,-4.4,,,,-4.4,-4.279697,-4.4196234,-4.42,,-4.4288066,,,1,EUS,,
DEU,Germany,2011,-.8,,,,-.8,-.8397233,-.83972327,-.84,,-.8408745,,,1,EUS,,
DEU,Germany,2012,-.1,,,,-.1,-.0543141,-.05431406,-.054,,-.05428982,,,1,EUS,,
DEU,Germany,2013,.1,,,,.1,.1224854,.12248542,.122,,.12228276,,,1,EUS,,
DEU,Germany,2014,.7,,,,.7,.7313486,.73134863,.731,,.73020728,,,1,EUS,,
DEU,Germany,2015,.9,,,,.9,.9151719,.91517184,.915,,.91595665,,,1,EUS,,
DEU,Germany,2016,1.1,,,,1.1,1.133785,1.1337845,1.134,,1.1356407,,,1,EUS,,
DEU,Germany,2017,1.3,,,,1.3,1.338022,1.3380225,1.338,,1.3363528,,,1,EUS,,
DEU,Germany,2018,1.9,,,,1.9,1.884743,1.8847435,1.885,,1.8820957,,,1,EUS,,
DEU,Germany,2019,1.3,,,,1.3,1.328192,1.3281922,1.328,,1.3258981,,,1,EUS,,
DEU,Germany,2020,-4.4,,,,-4.4,-4.38112,-4.3811202,-4.381,,-4.390027,,,1,EUS,,
DEU,Germany,2021,-3.2,,,,-3.2,-3.167068,-3.1670683,-3.167,,-3.1749737,,,1,EUS,,
DEU,Germany,2022,-1.9,,,,-1.9,-2.146642,-2.1466419,-2.147,,-2.1501998,,,1,EUS,,
DEU,Germany,2023,-2.5,,,,-2.5,-2.568886,-2.5688858,,-2.569,-2.5679201,,,1,EUS,,
DEU,Germany,2024,-2.7,,,,-2.7,,,,-2.003,-2.3039593,,,1,EUS,,
DEU,Germany,2025,-2.005558,,,,,,,,-1.683,-2.0055583,,,1,OECD_EO,1,6
DEU,Germany,2026,-1.820232,,,,,,,,-1.028,-1.8202315,,,1,OECD_EO,,
DEU,Germany,2027,-.846,,,,,,,,-.84600002,,,,1,IMF_WEO_forecast,1,6
DEU,Germany,2028,-.694,,,,,,,,-.69400001,,,,1,IMF_WEO_forecast,,
DEU,Germany,2029,-.459,,,,,,,,-.45899999,,,,1,IMF_WEO_forecast,,
DJI,Djibouti,1990,-3.254,,,,,-3.254456,,-3.254,,,,,1,IMF_WEO,,
DJI,Djibouti,1991,-.863,,,,,-.8627708,,-.863,,,,,1,IMF_WEO,,
DJI,Djibouti,1992,-6.133,,,,,-6.13345,,-6.133,,,,,1,IMF_WEO,,
DJI,Djibouti,1993,-7.099,,,,,-7.098571,,-7.099,,,,,1,IMF_WEO,,
DJI,Djibouti,1994,-4.965,,,,,-4.965438,,-4.965,,,,,1,IMF_WEO,,
DJI,Djibouti,1995,-5.131,,,,,-5.131382,,-5.131,,,,,1,IMF_WEO,,
DJI,Djibouti,1996,-1.766,,,,,-1.766044,,-1.766,,,,,1,IMF_WEO,,
DJI,Djibouti,1997,-2.858,,,,,-2.857651,,-2.858,,,,,1,IMF_WEO,,
DJI,Djibouti,1998,-3.592,,,,,-3.59198,,-3.592,,,,,1,IMF_WEO,,
DJI,Djibouti,1999,-5.197,,,,,-5.196624,,-5.197,,,,,1,IMF_WEO,,
DJI,Djibouti,2000,-3.974,,,,,-3.974235,,-3.974,,,,,1,IMF_WEO,,
DJI,Djibouti,2001,-3.606,,,,,-3.606056,,-3.606,,,,,1,IMF_WEO,,
DJI,Djibouti,2002,-4.565,,,,,-4.564852,,-4.565,,,,,1,IMF_WEO,,
DJI,Djibouti,2003,-4.134,,,,,-4.134235,,-4.134,,,,,1,IMF_WEO,,
DJI,Djibouti,2004,-3.669,,,,,-3.668533,,-3.669,,,,,1,IMF_WEO,,
DJI,Djibouti,2005,-1.178,,,,,-1.178279,,-1.178,,,,,1,IMF_WEO,,
DJI,Djibouti,2006,.261,,,,,.2613041,,.261,,,,,1,IMF_WEO,,
DJI,Djibouti,2007,-1.881,,,,,-1.881284,,-1.881,,,,,1,IMF_WEO,,
DJI,Djibouti,2008,.623,,,,,.6227772,,.623,,,,,1,IMF_WEO,,
DJI,Djibouti,2009,-3.883,,,,,-3.882908,,-3.883,,,,,1,IMF_WEO,,
DJI,Djibouti,2010,-1.045,,,,,-1.044644,,-1.045,,,,,1,IMF_WEO,,
DJI,Djibouti,2011,-1.185,,,,,-1.184684,,-1.185,,,,,1,IMF_WEO,,
DJI,Djibouti,2012,-2.042,,,,,-2.041902,,-2.042,,,,,1,IMF_WEO,1,4
DJI,Djibouti,2013,1.377759,,1.377759,,,-.3370684,,-.337,,,,,1,AMF,,
DJI,Djibouti,2014,-10.46676,,-10.46676,,,-6.918023,,-6.918,,,,,1,AMF,,
DJI,Djibouti,2015,-22.88485,,-22.88485,,,-15.54353,,-15.544,,,,,1,AMF,,
DJI,Djibouti,2016,-16.88349,,-16.88349,,,-.7581726,,-.758,,,,,1,AMF,,
DJI,Djibouti,2017,-1.665814,,-1.665814,,,-.2114188,,-.211,,,,,1,AMF,,
DJI,Djibouti,2018,-.5009634,,-.5009634,,,-1.982986,,-1.983,,,,,1,AMF,,
DJI,Djibouti,2019,.1522708,,.1522708,,,-.9818677,,-.982,,,,,1,AMF,,
DJI,Djibouti,2020,-2.028306,,-2.028306,,,-2.54404,,-2.544,,,,,1,AMF,,
DJI,Djibouti,2021,-3.061,,,,,-3.061162,,-3.061,,,,,1,IMF_WEO,1,4
DJI,Djibouti,2022,-1.419,,,,,-1.418682,,-1.419,,,,,1,IMF_WEO,,
DJI,Djibouti,2023,-3.376542,,,,,-3.376542,,,-3.3770001,,,,1,IMF_FPP,1,4
DJI,Djibouti,2024,-4.472,,,,,,,,-4.4720001,,,,1,IMF_WEO_forecast,1,4
DJI,Djibouti,2025,-4.053,,,,,,,,-4.053,,,,1,IMF_WEO_forecast,,
DJI,Djibouti,2026,-3.61,,,,,,,,-3.6099999,,,,1,IMF_WEO_forecast,,
DJI,Djibouti,2027,-2.922,,,,,,,,-2.9219999,,,,1,IMF_WEO_forecast,,
DJI,Djibouti,2028,-2.956,,,,,,,,-2.9560001,,,,1,IMF_WEO_forecast,,
DJI,Djibouti,2029,-2.301,,,,,,,,-2.3010001,,,,1,IMF_WEO_forecast,,
DMA,Dominica,1990,-4.66,,,,,-4.660494,,-4.66,,,,,1,IMF_WEO,,
DMA,Dominica,1991,-2.987,,,,,-2.98698,,-2.987,,,,,1,IMF_WEO,,
DMA,Dominica,1992,-2.224,,,,,-2.224141,,-2.224,,,,,1,IMF_WEO,,
DMA,Dominica,1993,-1.409,,,,,-1.409127,,-1.409,,,,,1,IMF_WEO,,
DMA,Dominica,1994,-3.354,,,,,-3.353896,,-3.354,,,,,1,IMF_WEO,,
DMA,Dominica,1995,-2.88,,,,,-2.879506,,-2.88,,,,,1,IMF_WEO,,
DMA,Dominica,1996,-1.59,,,,,-1.589809,,-1.59,,,,,1,IMF_WEO,,
DMA,Dominica,1997,-2.24,,,,,-2.239694,,-2.24,,,,,1,IMF_WEO,,
DMA,Dominica,1998,-5.99,,,,,-5.990072,,-5.99,,,,,1,IMF_WEO,,
DMA,Dominica,1999,-9.176,,,,,-9.175732,,-9.176,,,,,1,IMF_WEO,,
DMA,Dominica,2000,-8.661,,,,,-8.661372,,-8.661,,,,,1,IMF_WEO,,
DMA,Dominica,2001,-6.544,,,,,-6.543657,,-6.544,,,,,1,IMF_WEO,,
DMA,Dominica,2002,-4.071,,,,,-4.070961,,-4.071,,,,,1,IMF_WEO,,
DMA,Dominica,2003,.85,,,,,.8495771,,.85,,,,,1,IMF_WEO,,
DMA,Dominica,2004,-.673,,,,,-.673407,,-.673,,,,,1,IMF_WEO,,
DMA,Dominica,2005,.947,,,,,.9471191,,.947,,,,,1,IMF_WEO,,
DMA,Dominica,2006,2.928,,,,,2.927852,,2.928,,,,,1,IMF_WEO,,
DMA,Dominica,2007,1.798,,,,,1.798238,,1.798,,,,,1,IMF_WEO,,
DMA,Dominica,2008,.7,,,,,.7000793,,.7,,,,,1,IMF_WEO,,
DMA,Dominica,2009,-.309,,,,,-.3093183,,-.309,,,,,1,IMF_WEO,,
DMA,Dominica,2010,-3.383,,,,,-3.382659,,-3.383,,,,,1,IMF_WEO,,
DMA,Dominica,2011,-4.402,,,,,-4.401745,,-4.402,,,,,1,IMF_WEO,,
DMA,Dominica,2012,-5.414,,,,,-5.414065,,-5.414,,,,,1,IMF_WEO,,
DMA,Dominica,2013,-2.883,,,,,-2.882744,,-2.883,,,,,1,IMF_WEO,,
DMA,Dominica,2014,-5.545,,,,,-5.544608,,-5.545,,,,,1,IMF_WEO,,
DMA,Dominica,2015,11.379,,,,,11.3794,,11.379,,,,,1,IMF_WEO,,
DMA,Dominica,2016,11.593,,,,,11.59326,,11.593,,,,,1,IMF_WEO,,
DMA,Dominica,2017,-3.266,,,,,-3.266134,,-3.266,,,,,1,IMF_WEO,,
DMA,Dominica,2018,-18.692,,,,,-18.69166,,-18.692,,,,,1,IMF_WEO,,
DMA,Dominica,2019,-8.719,,,,,-8.719094,,-8.719,,,,,1,IMF_WEO,,
DMA,Dominica,2020,-7.53,,,,,-7.530105,,-7.53,,,,,1,IMF_WEO,,
DMA,Dominica,2021,-8.222,,,,,-8.222459,,-8.222,,,,,1,IMF_WEO,,
DMA,Dominica,2022,-7.209,,,,,-7.209328,,-7.209,,,,,1,IMF_WEO,,
DMA,Dominica,2023,-2.162131,,,,,-2.162131,,,-2.1619999,,,,1,IMF_FPP,1,2
DMA,Dominica,2024,-2.499,,,,,,,,-2.4990001,,,,1,IMF_WEO_forecast,1,2
DMA,Dominica,2025,-2.303,,,,,,,,-2.303,,,,1,IMF_WEO_forecast,,
DMA,Dominica,2026,-1.822,,,,,,,,-1.822,,,,1,IMF_WEO_forecast,,
DMA,Dominica,2027,-1.482,,,,,,,,-1.482,,,,1,IMF_WEO_forecast,,
DMA,Dominica,2028,-1.284,,,,,,,,-1.284,,,,1,IMF_WEO_forecast,,
DMA,Dominica,2029,-1.021,,,,,,,,-1.021,,,,1,IMF_WEO_forecast,,
DNK,Denmark,1880,-2.65476,,,,,-2.65476,,,,,,,1,IMF_FPP,,
DNK,Denmark,1881,.41716,,,,,.41716,,,,,,,1,IMF_FPP,,
DNK,Denmark,1882,.3529396,,,,,.3529396,,,,,,,1,IMF_FPP,,
DNK,Denmark,1883,.7258101,,,,,.7258101,,,,,,,1,IMF_FPP,,
DNK,Denmark,1884,1.20381,,,,,1.20381,,,,,,,1,IMF_FPP,,
DNK,Denmark,1885,.4756103,,,,,.4756103,,,,,,,1,IMF_FPP,,
DNK,Denmark,1886,-.3907199,,,,,-.3907199,,,,,,,1,IMF_FPP,,
DNK,Denmark,1887,-.6771502,,,,,-.6771502,,,,,,,1,IMF_FPP,,
DNK,Denmark,1888,-.4875197,,,,,-.4875197,,,,,,,1,IMF_FPP,,
DNK,Denmark,1889,-.5493202,,,,,-.5493202,,,,,,,1,IMF_FPP,,
DNK,Denmark,1890,-.9741001,,,,,-.9741001,,,,,,,1,IMF_FPP,,
DNK,Denmark,1891,-.7638898,,,,,-.7638898,,,,,,,1,IMF_FPP,,
DNK,Denmark,1892,-.7263699,,,,,-.7263699,,,,,,,1,IMF_FPP,,
DNK,Denmark,1893,-.4199996,,,,,-.4199996,,,,,,,1,IMF_FPP,,
DNK,Denmark,1894,-.26263,,,,,-.26263,,,,,,,1,IMF_FPP,,
DNK,Denmark,1895,-.1732402,,,,,-.1732402,,,,,,,1,IMF_FPP,,
DNK,Denmark,1896,-.0660996,,,,,-.0660996,,,,,,,1,IMF_FPP,,
DNK,Denmark,1897,-.6114802,,,,,-.6114802,,,,,,,1,IMF_FPP,,
DNK,Denmark,1898,-.4321499,,,,,-.4321499,,,,,,,1,IMF_FPP,,
DNK,Denmark,1899,-.59162,,,,,-.59162,,,,,,,1,IMF_FPP,,
DNK,Denmark,1900,-.8396401,,,,,-.8396401,,,,,,,1,IMF_FPP,,
DNK,Denmark,1901,-.7142901,,,,,-.7142901,,,,,,,1,IMF_FPP,,
DNK,Denmark,1902,-.0644698,,,,,-.0644698,,,,,,,1,IMF_FPP,,
DNK,Denmark,1903,.02736,,,,,.02736,,,,,,,1,IMF_FPP,,
DNK,Denmark,1904,-.1014199,,,,,-.1014199,,,,,,,1,IMF_FPP,,
DNK,Denmark,1905,.2182298,,,,,.2182298,,,,,,,1,IMF_FPP,,
DNK,Denmark,1906,-.4179502,,,,,-.4179502,,,,,,,1,IMF_FPP,,
DNK,Denmark,1907,.25877,,,,,.25877,,,,,,,1,IMF_FPP,,
DNK,Denmark,1908,-.8234601,,,,,-.8234601,,,,,,,1,IMF_FPP,,
DNK,Denmark,1909,-2.48906,,,,,-2.48906,,,,,,,1,IMF_FPP,,
DNK,Denmark,1910,-1.72216,,,,,-1.72216,,,,,,,1,IMF_FPP,,
DNK,Denmark,1911,-1.02389,,,,,-1.02389,,,,,,,1,IMF_FPP,,
DNK,Denmark,1912,.1296902,,,,,.1296902,,,,,,,1,IMF_FPP,,
DNK,Denmark,1913,.0738797,,,,,.0738797,,,,,,,1,IMF_FPP,,
DNK,Denmark,1914,.4349499,,,,,.4349499,,,,,,,1,IMF_FPP,,
DNK,Denmark,1915,-.48493,,,,,-.48493,,,,,,,1,IMF_FPP,,
DNK,Denmark,1916,1.51314,,,,,1.51314,,,,,,,1,IMF_FPP,,
DNK,Denmark,1917,3.097671,,,,,3.097671,,,,,,,1,IMF_FPP,,
DNK,Denmark,1918,1.95132,,,,,1.95132,,,,,,,1,IMF_FPP,,
DNK,Denmark,1919,-.3780003,,,,,-.3780003,,,,,,,1,IMF_FPP,,
DNK,Denmark,1920,-.4597101,,,,,-.4597101,,,,,,,1,IMF_FPP,,
DNK,Denmark,1921,-2.410429,,,,,-2.410429,,,,,,,1,IMF_FPP,,
DNK,Denmark,1922,-1.33185,,,,,-1.33185,,,,,,,1,IMF_FPP,,
DNK,Denmark,1923,-.5638499,,,,,-.5638499,,,,,,,1,IMF_FPP,,
DNK,Denmark,1924,-.7965202,,,,,-.7965202,,,,,,,1,IMF_FPP,,
DNK,Denmark,1925,-3.0961,,,,,-3.0961,,,,,,,1,IMF_FPP,,
DNK,Denmark,1926,-.4774799,,,,,-.4774799,,,,,,,1,IMF_FPP,,
DNK,Denmark,1927,-2.3317,,,,,-2.3317,,,,,,,1,IMF_FPP,,
DNK,Denmark,1928,-4.989881,,,,,-4.989881,,,,,,,1,IMF_FPP,,
DNK,Denmark,1929,.1344299,,,,,.1344299,,,,,,,1,IMF_FPP,,
DNK,Denmark,1930,.0262899,,,,,.0262899,,,,,,,1,IMF_FPP,,
DNK,Denmark,1931,-1.66698,,,,,-1.66698,,,,,,,1,IMF_FPP,,
DNK,Denmark,1932,-3.22179,,,,,-3.22179,,,,,,,1,IMF_FPP,,
DNK,Denmark,1933,1.6854,,,,,1.6854,,,,,,,1,IMF_FPP,,
DNK,Denmark,1934,.0268002,,,,,.0268002,,,,,,,1,IMF_FPP,,
DNK,Denmark,1935,-.9670897,,,,,-.9670897,,,,,,,1,IMF_FPP,,
DNK,Denmark,1936,-1.35576,,,,,-1.35576,,,,,,,1,IMF_FPP,,
DNK,Denmark,1937,.2156601,,,,,.2156601,,,,,,,1,IMF_FPP,,
DNK,Denmark,1938,.0266199,,,,,.0266199,,,,,,,1,IMF_FPP,,
DNK,Denmark,1939,,,,,,,,,,,,,1,IMF_FPP,,
DNK,Denmark,1940,,,,,,,,,,,,,1,IMF_FPP,,
DNK,Denmark,1941,,,,,,,,,,,,,1,IMF_FPP,,
DNK,Denmark,1942,,,,,,,,,,,,,1,IMF_FPP,,
DNK,Denmark,1943,,,,,,,,,,,,,1,IMF_FPP,,
DNK,Denmark,1944,,,,,,,,,,,,,1,IMF_FPP,,
DNK,Denmark,1945,-1.025,,,,,-1.025,,,,,,,1,IMF_FPP,,
DNK,Denmark,1946,,,,,,,,,,,,,1,IMF_FPP,,
DNK,Denmark,1947,,,,,,,,,,,,,1,IMF_FPP,,
DNK,Denmark,1948,,,,,,,,,,,,,1,IMF_FPP,,
DNK,Denmark,1949,,,,,,,,,,,,,1,IMF_FPP,,
DNK,Denmark,1950,,,,,,,,,,,,,1,IMF_FPP,,
DNK,Denmark,1951,,,,,,,,,,,,,1,IMF_FPP,,
DNK,Denmark,1952,,,,,,,,,,,,,1,IMF_FPP,,
DNK,Denmark,1953,,,,,,,,,,,,,1,IMF_FPP,,
DNK,Denmark,1954,-.8405991,,,,,-.8405991,,,,,,,1,IMF_FPP,,
DNK,Denmark,1955,-1.166201,,,,,-1.166201,,,,,,,1,IMF_FPP,,
DNK,Denmark,1956,-.0095005,,,,,-.0095005,,,,,,,1,IMF_FPP,,
DNK,Denmark,1957,.2595997,,,,,.2595997,,,,,,,1,IMF_FPP,,
DNK,Denmark,1958,.2470989,,,,,.2470989,,,,,,,1,IMF_FPP,,
DNK,Denmark,1959,.791399,,,,,.791399,,,,,,,1,IMF_FPP,,
DNK,Denmark,1960,1.249401,,,,,1.249401,,,,,,,1,IMF_FPP,,
DNK,Denmark,1961,1.731801,,,,,1.731801,,,,,,,1,IMF_FPP,,
DNK,Denmark,1962,-.0865993,,,,,-.0865993,,,,,,,1,IMF_FPP,,
DNK,Denmark,1963,1.199999,,,,,1.199999,,,,,,,1,IMF_FPP,,
DNK,Denmark,1964,1.787201,,,,,1.787201,,,,,,,1,IMF_FPP,,
DNK,Denmark,1965,2.134699,,,,,2.134699,,,,,,,1,IMF_FPP,,
DNK,Denmark,1966,.9946003,,,,,.9946003,,,,,,,1,IMF_FPP,,
DNK,Denmark,1967,1.4872,,,,,1.4872,,,,,,,1,IMF_FPP,,
DNK,Denmark,1968,-.0571003,,,,,-.0571003,,,,,,,1,IMF_FPP,,
DNK,Denmark,1969,.2960014,,,,,.2960014,,,,,,,1,IMF_FPP,,
DNK,Denmark,1970,.7017994,,,,,.7017994,,,,,,,1,IMF_FPP,1,4
DNK,Denmark,1971,2.237509,,,,,4.956299,,,,2.2375092,,,1,OECD_EO,,
DNK,Denmark,1972,2.80716,,,,,5.0149,4.3790403,,,2.8071599,,,1,OECD_EO,,
DNK,Denmark,1973,2.741747,,,,,4.965401,5.4423149,,,2.7417469,,,1,OECD_EO,,
DNK,Denmark,1974,1.47636,,,,,3.702,1.4173225,,,1.4763596,,,1,OECD_EO,,
DNK,Denmark,1975,-3.624587,,,,,-1.2281,-1.0944819,,,-3.6245872,,,1,OECD_EO,,
DNK,Denmark,1976,-2.311664,,,,,.1949997,.01193102,,,-2.3116644,,,1,OECD_EO,,
DNK,Denmark,1977,-2.159183,,,,,.3661995,-.11435693,,,-2.1591826,,,1,OECD_EO,,
DNK,Denmark,1978,-1.840429,,,,,.4113007,-.08392921,,,-1.8404289,,,1,OECD_EO,,
DNK,Denmark,1979,-2.735983,,,,,-.6871033,-1.0641601,,,-2.7359831,,,1,OECD_EO,,
DNK,Denmark,1980,-4.339326,,,,,-2.315498,-2.3867096,-3.684,,-4.3393261,,,1,OECD_EO,,
DNK,Denmark,1981,-7.908,,,,,-5.8395,-5.5643621,-6.792,,-7.9080001,,,1,OECD_EO,,
DNK,Denmark,1982,-9.880508,,,,,-8.2244,-7.6443388,-9.232,,-9.8805086,,,1,OECD_EO,,
DNK,Denmark,1983,-7.634014,,,,,-6.285397,-4.9216191,-6.508,,-7.6340141,,,1,OECD_EO,,
DNK,Denmark,1984,-4.319497,,,,,-3.575703,-2.1237336,-4.413,,-4.3194968,,,1,OECD_EO,,
DNK,Denmark,1985,-2.469305,,,,,-1.383503,-.32322408,-1.616,,-2.4693054,,,1,OECD_EO,,
DNK,Denmark,1986,2.978484,,,,,3.233902,4.5962247,1.323,,2.9784839,,,1,OECD_EO,,
DNK,Denmark,1987,1.874027,,,,,2.455097,3.4440789,1.426,,1.8740274,,,1,OECD_EO,,
DNK,Denmark,1988,1.152468,,,,,1.455997,1.7740714,-.091,,1.1524679,,,1,OECD_EO,,
DNK,Denmark,1989,-.0107766,,,,,.2983017,.48731828,-1.348,,-.01077662,,,1,OECD_EO,,
DNK,Denmark,1990,-1.581263,,,,,-1.305698,-.64030396,-1.779,,-1.5812627,,,1,OECD_EO,,
DNK,Denmark,1991,-3.010699,,,,,-2.977699,-1.3102781,-3.153,,-3.0106987,,,1,OECD_EO,,
DNK,Denmark,1992,-2.705837,,,,,-2.639301,-1.0838039,-2.598,,-2.7058365,,,1,OECD_EO,,
DNK,Denmark,1993,-4.006882,,,,,-3.8713,-2.0113825,-3.726,,-4.0068816,,,1,OECD_EO,,
DNK,Denmark,1994,-3.693456,,,,,-3.378403,-1.9547184,-3.853,,-3.6934564,,,1,OECD_EO,1,4
DNK,Denmark,1995,-3.5,,,,-3.5,-2.917599,-3.5044554,-3.504,,-3.5043618,,,1,EUS,,
DNK,Denmark,1996,-2.4,,,,-2.4,-2.028797,-2.3971919,-2.397,,-2.3971,,,1,EUS,,
DNK,Denmark,1997,-1.2,,,,-1.2,-.604599,-1.2194834,-1.219,,-1.2193964,,,1,EUS,,
DNK,Denmark,1998,-.3,,,,-.3,-.0964012,-.28290154,-.283,,-.28290156,,,1,EUS,,
DNK,Denmark,1999,1.1,,,,1.1,1.280701,1.0637561,1.064,,1.0638364,,,1,EUS,,
DNK,Denmark,2000,1.8,,,,1.8,2.165199,1.7917273,1.792,,1.7918033,,,1,EUS,,
DNK,Denmark,2001,1.1,,,,1.1,1.180798,1.1251373,1.125,,1.1251377,,,1,EUS,,
DNK,Denmark,2002,.3,,,,.3,.2584,.25165075,.252,,.25172173,,,1,EUS,,
DNK,Denmark,2003,.1,,,,.1,-.0874977,.13934323,.139,,.1392737,,,1,EUS,,
DNK,Denmark,2004,2.2,,,,2.2,1.891201,2.2347871,2.235,,2.234853,,,1,EUS,,
DNK,Denmark,2005,5.2,,,,5.2,5.019398,5.2016912,5.202,,5.2016927,,,1,EUS,,
DNK,Denmark,2006,5.3,,,,5.3,5.042099,5.2864218,5.286,,5.2864257,,,1,EUS,,
DNK,Denmark,2007,5.3,,,,5.3,4.799099,5.3078231,5.308,,5.307822,,,1,EUS,,
DNK,Denmark,2008,3.5,,,,3.5,3.267601,3.4624122,3.462,,3.4624677,,,1,EUS,,
DNK,Denmark,2009,-2.7,,,,-2.7,-2.810299,-2.7461796,-2.746,,-2.746239,,,1,EUS,,
DNK,Denmark,2010,-2.5,,,,-2.5,-2.769501,-2.5205528,-2.521,,-2.520553,,,1,EUS,,
DNK,Denmark,2011,-1.8,,,,-1.8,-1.765509,-1.7655091,-1.766,,-1.7654558,,,1,EUS,,
DNK,Denmark,2012,-3.2,,,,-3.2,-3.202482,-3.2024821,-3.202,,-3.2025349,,,1,EUS,,
DNK,Denmark,2013,-.9,,,,-.9,-.9437082,-.94370816,-.944,,-.94370855,,,1,EUS,,
DNK,Denmark,2014,1.4,,,,1.4,1.428043,1.4280434,1.428,,1.4279429,,,1,EUS,,
DNK,Denmark,2015,-.9,,,,-.9,-.8950323,-.89503233,-.895,,-.89508168,,,1,EUS,,
DNK,Denmark,2016,.3,,,,.3,.3024,.30240002,.302,,.30240014,,,1,EUS,,
DNK,Denmark,2017,1.7,,,,1.7,1.688993,1.6889928,1.689,,1.6890383,,,1,EUS,,
DNK,Denmark,2018,.8,,,,.8,.810415,.81041496,.81,,.81045942,,,1,EUS,,
DNK,Denmark,2019,4.3,,,,4.3,4.282923,4.282923,4.283,,4.2829671,,,1,EUS,,
DNK,Denmark,2020,.4,,,,.4,.3625478,.36254776,.363,,.36254764,,,1,EUS,,
DNK,Denmark,2021,4.1,,,,4.1,4.097922,4.0979217,4.098,,4.0980013,,,1,EUS,,
DNK,Denmark,2022,3.4,,,,3.4,3.443641,3.4436409,,3.444,3.4437113,,,1,EUS,,
DNK,Denmark,2023,3.4,,,,3.4,3.305971,3.3059713,,3.306,3.3059009,,,1,EUS,,
DNK,Denmark,2024,4.5,,,,4.5,,,,1.793,2.7667521,,,1,EUS,,
DNK,Denmark,2025,2.01966,,,,,,,,.86400002,2.01966,,,1,OECD_EO,1,4
DNK,Denmark,2026,1.21234,,,,,,,,.426,1.2123395,,,1,OECD_EO,,
DNK,Denmark,2027,.276,,,,,,,,.27599999,,,,1,IMF_WEO_forecast,1,4
DNK,Denmark,2028,.138,,,,,,,,.138,,,,1,IMF_WEO_forecast,,
DNK,Denmark,2029,-.057,,,,,,,,-.057,,,,1,IMF_WEO_forecast,,
DOM,Dominican Republic,1980,-1.8239,,,,,-1.8239,,,,,,,1,IMF_FPP,,
DOM,Dominican Republic,1981,-1.9199,,,,,-1.9199,,,,,,,1,IMF_FPP,,
DOM,Dominican Republic,1982,-2.39789,,,,,-2.39789,,,,,,,1,IMF_FPP,,
DOM,Dominican Republic,1983,-1.74371,,,,,-1.74371,,,,,,,1,IMF_FPP,,
DOM,Dominican Republic,1984,-.9491901,,,,,-.9491901,,,,,,,1,IMF_FPP,,
DOM,Dominican Republic,1985,-1.26753,,,,,-1.26753,,,,,,,1,IMF_FPP,,
DOM,Dominican Republic,1986,-.5706205,,,,,-.5706205,,,,,,,1,IMF_FPP,,
DOM,Dominican Republic,1987,-.7525005,,,,,-.7525005,,,,,,,1,IMF_FPP,,
DOM,Dominican Republic,1988,-1.684501,,,,,-1.684501,,,,,,,1,IMF_FPP,,
DOM,Dominican Republic,1989,-.0902004,,,,,-.0902004,,,,,,,1,IMF_FPP,,
DOM,Dominican Republic,1990,.3947401,,,,,.3947401,,,,,,,1,IMF_FPP,,
DOM,Dominican Republic,1991,.1069403,,,,,.1069403,,,,,,,1,IMF_FPP,,
DOM,Dominican Republic,1992,2.3525,,,,,2.3525,,,,,,,1,IMF_FPP,,
DOM,Dominican Republic,1993,-.1554003,,,,,-.1554003,,,,,,,1,IMF_FPP,,
DOM,Dominican Republic,1994,-.3877001,,,,,-.3877001,,,,,,,1,IMF_FPP,,
DOM,Dominican Republic,1995,.8150997,,,,,.8150997,,,,,,,1,IMF_FPP,,
DOM,Dominican Republic,1996,.1403008,,,,,.1403008,,,,,,,1,IMF_FPP,1,3
DOM,Dominican Republic,1997,-.641,,,,,.7426004,,-.641,,,,,1,IMF_WEO,,
DOM,Dominican Republic,1998,-.289,,,,,.5804996,,-.289,,,,,1,IMF_WEO,,
DOM,Dominican Republic,1999,-.788,,,,,-.4890003,,-.788,,,,,1,IMF_WEO,,
DOM,Dominican Republic,2000,-.859,,,,,-.8586766,,-.859,,,,,1,IMF_WEO,,
DOM,Dominican Republic,2001,-.728,,,,,-.7284704,,-.728,,,,,1,IMF_WEO,,
DOM,Dominican Republic,2002,-2.277,,,,,-2.277211,,-2.277,,,,,1,IMF_WEO,,
DOM,Dominican Republic,2003,-4.242,,,,,-4.242187,,-4.242,,,,,1,IMF_WEO,,
DOM,Dominican Republic,2004,-3.599,,,,,-3.598602,,-3.599,,,,,1,IMF_WEO,,
DOM,Dominican Republic,2005,-.714,,,,,-.7142836,,-.714,,,,,1,IMF_WEO,,
DOM,Dominican Republic,2006,-1.687,,,,,-1.687029,,-1.687,,,,,1,IMF_WEO,,
DOM,Dominican Republic,2007,.281,,,,,.2812616,,.281,,,,,1,IMF_WEO,,
DOM,Dominican Republic,2008,-3.428,,,,,-3.428157,,-3.428,,,,,1,IMF_WEO,,
DOM,Dominican Republic,2009,-2.894,,,,,-2.893727,,-2.894,,,,,1,IMF_WEO,,
DOM,Dominican Republic,2010,-2.972,,,,,-2.971518,,-2.972,,,,,1,IMF_WEO,,
DOM,Dominican Republic,2011,-3.064,,,,,-3.063762,,-3.064,,,,,1,IMF_WEO,,
DOM,Dominican Republic,2012,-6.252,,,,,-6.252448,,-6.252,,,,,1,IMF_WEO,,
DOM,Dominican Republic,2013,-4.404,,,,,-4.403959,,-4.404,,,,,1,IMF_WEO,,
DOM,Dominican Republic,2014,-2.753,,,,,-2.752733,,-2.753,,,,,1,IMF_WEO,,
DOM,Dominican Republic,2015,-.033,,,,,-.0329903,.13016407,-.033,,,,,1,IMF_WEO,,
DOM,Dominican Republic,2016,-3.103,,,,,-3.103231,-2.8898075,-3.103,,,,,1,IMF_WEO,,
DOM,Dominican Republic,2017,-3.088,,,,,-3.087517,-3.2659065,-3.088,,,,,1,IMF_WEO,,
DOM,Dominican Republic,2018,-2.16,,,,,-2.160391,-2.3575063,-2.16,,,,,1,IMF_WEO,,
DOM,Dominican Republic,2019,-3.465,,,,,-3.465243,-3.4947534,-3.465,,,,,1,IMF_WEO,,
DOM,Dominican Republic,2020,-7.906,,,,,-7.906123,-8.1744089,-7.906,,,,,1,IMF_WEO,,
DOM,Dominican Republic,2021,-2.939,,,,,-2.939311,-2.4079189,-2.939,,,,,1,IMF_WEO,,
DOM,Dominican Republic,2022,-3.247,,,,,-3.247293,-3.1265073,-3.247,,,,,1,IMF_WEO,,
DOM,Dominican Republic,2023,-3.325547,,,,,-3.253802,-3.3255472,,-3.2539999,,,,1,IMF_GFS,1,3
DOM,Dominican Republic,2024,-3.054,,,,,,,,-3.0539999,,,,1,IMF_WEO_forecast,1,3
DOM,Dominican Republic,2025,-3.092,,,,,,,,-3.092,,,,1,IMF_WEO_forecast,,
DOM,Dominican Republic,2026,-2.829,,,,,,,,-2.829,,,,1,IMF_WEO_forecast,,
DOM,Dominican Republic,2027,-2.544,,,,,,,,-2.5439999,,,,1,IMF_WEO_forecast,,
DOM,Dominican Republic,2028,-2.227,,,,,,,,-2.227,,,,1,IMF_WEO_forecast,,
DOM,Dominican Republic,2029,-1.897,,,,,,,,-1.897,,,,1,IMF_WEO_forecast,,
DZA,Algeria,1990,3.351,,,,,3.350608,,3.351,,,,,1,IMF_WEO,,
DZA,Algeria,1991,1.525,,,,,1.525129,,1.525,,,,,1,IMF_WEO,,
DZA,Algeria,1992,-1.048,,,,,-1.048071,,-1.048,,,,,1,IMF_WEO,,
DZA,Algeria,1993,-7.79,,,,,-7.790028,,-7.79,,,,,1,IMF_WEO,,
DZA,Algeria,1994,-4.051,,,,,-4.050915,,-4.051,,,,,1,IMF_WEO,,
DZA,Algeria,1995,-1.298,,,,,-1.297941,,-1.298,,,,,1,IMF_WEO,,
DZA,Algeria,1996,2.698,,,,,2.698175,,2.698,,,,,1,IMF_WEO,,
DZA,Algeria,1997,2.192,,,,,2.191556,,2.192,,,,,1,IMF_WEO,,
DZA,Algeria,1998,-3.52,,,,,-3.520115,,-3.52,,,,,1,IMF_WEO,,
DZA,Algeria,1999,-1.831,,,,,-1.830808,,-1.831,,,,,1,IMF_WEO,,
DZA,Algeria,2000,8.913,,,,,8.912597,,8.913,,,,,1,IMF_WEO,,
DZA,Algeria,2001,3.152,,,,,3.151861,,3.152,,,,,1,IMF_WEO,,
DZA,Algeria,2002,.215,,,,,.2149246,,.215,,,,,1,IMF_WEO,,
DZA,Algeria,2003,7.217,,,,,7.217154,,7.217,,,,,1,IMF_WEO,,
DZA,Algeria,2004,6.363,,,,,6.36318,,6.363,,,,,1,IMF_WEO,,
DZA,Algeria,2005,11.431,,,,,11.43133,,11.431,,,,,1,IMF_WEO,,
DZA,Algeria,2006,12.869,,,,,12.86888,,12.869,,,,,1,IMF_WEO,,
DZA,Algeria,2007,4.628,,,,,4.627705,,4.628,,,,,1,IMF_WEO,,
DZA,Algeria,2008,7.786,,,,,7.785621,,7.786,,,,,1,IMF_WEO,,
DZA,Algeria,2009,-6.529,,,,,-6.529445,,-6.529,,,,,1,IMF_WEO,,
DZA,Algeria,2010,-1.347,,,,,-1.347212,,-1.347,,,,,1,IMF_WEO,,
DZA,Algeria,2011,-1.058,,,,,-1.058276,,-1.058,,,,,1,IMF_WEO,,
DZA,Algeria,2012,-4.036,,,,,-4.036428,,-4.036,,,,,1,IMF_WEO,1,4
DZA,Algeria,2013,-.7606425,,-.7606425,,,-.7882931,,-.788,,,,,1,AMF,,
DZA,Algeria,2014,-7.983759,,-7.983759,,,-7.144961,,-7.145,,,,,1,AMF,,
DZA,Algeria,2015,-14.36197,,-14.36197,,,-13.87861,,-13.879,,,,,1,AMF,,
DZA,Algeria,2016,-13.14358,,-13.14358,,,-11.84701,,-11.847,,,,,1,AMF,,
DZA,Algeria,2017,-8.555596,,-8.555596,,,-7.547024,,-7.547,,,,,1,AMF,,
DZA,Algeria,2018,-9.579122,,-9.579122,,,-6.154001,,-6.154,,,,,1,AMF,,
DZA,Algeria,2019,-10.83874,,-10.83874,,,-8.508546,,-8.509,,,,,1,AMF,,
DZA,Algeria,2020,-8.061162,,-8.061162,,,-10.5182,,-10.518,,,,,1,AMF,,
DZA,Algeria,2021,-12.4427,,-12.4427,,,-6.315502,,-6.316,,,,,1,AMF,,
DZA,Algeria,2022,-2.963,,,,,-2.962781,,-2.963,,,,,1,IMF_WEO,1,4
DZA,Algeria,2023,-5.173294,,,,,-5.173294,,,-5.1729999,,,,1,IMF_FPP,1,4
DZA,Algeria,2024,-9.281,,,,,,,,-9.2810001,,,,1,IMF_WEO_forecast,1,4
DZA,Algeria,2025,-8.58,,,,,,,,-8.5799999,,,,1,IMF_WEO_forecast,,
DZA,Algeria,2026,-7.563,,,,,,,,-7.5630002,,,,1,IMF_WEO_forecast,,
DZA,Algeria,2027,-7.219,,,,,,,,-7.2189999,,,,1,IMF_WEO_forecast,,
DZA,Algeria,2028,-6.827,,,,,,,,-6.8270001,,,,1,IMF_WEO_forecast,,
DZA,Algeria,2029,-6.845,,,,,,,,-6.8449998,,,,1,IMF_WEO_forecast,,
ECU,Ecuador,1995,-2.024,,,,,-2.024095,,-2.024,,,,,1,IMF_WEO,,
ECU,Ecuador,1996,-3.44,,,,,-3.440007,,-3.44,,,,,1,IMF_WEO,,
ECU,Ecuador,1997,-2.825,,,,,-2.825146,,-2.825,,,,,1,IMF_WEO,,
ECU,Ecuador,1998,-5.099,,,,,-5.099175,,-5.099,,,,,1,IMF_WEO,,
ECU,Ecuador,1999,-4.825,,,,,-4.824864,,-4.825,,,,,1,IMF_WEO,,
ECU,Ecuador,2000,-.32,,,,,-.3203236,,-.32,,,,,1,IMF_WEO,,
ECU,Ecuador,2001,.033,,,,,.0327102,,.033,,,,,1,IMF_WEO,,
ECU,Ecuador,2002,.738,,,,,.7381023,,.738,,,,,1,IMF_WEO,,
ECU,Ecuador,2003,1.045,,,,,1.045311,,1.045,,,,,1,IMF_WEO,,
ECU,Ecuador,2004,1.942,,,,,1.941576,,1.942,,,,,1,IMF_WEO,,
ECU,Ecuador,2005,.661,,,,,.6608869,,.661,,,,,1,IMF_WEO,,
ECU,Ecuador,2006,2.921,,,,,2.921271,,2.921,,,,,1,IMF_WEO,,
ECU,Ecuador,2007,2.658,,,,,2.658325,,2.658,,,,,1,IMF_WEO,,
ECU,Ecuador,2008,.568,,,,,.5680605,,.568,,,,,1,IMF_WEO,,
ECU,Ecuador,2009,-3.714,,,,,-3.714037,,-3.714,,,,,1,IMF_WEO,,
ECU,Ecuador,2010,-1.385,,,,,-1.385373,,-1.385,,,,,1,IMF_WEO,,
ECU,Ecuador,2011,-.127,,,,,-.1271937,,-.127,,,,,1,IMF_WEO,,
ECU,Ecuador,2012,-2.835,,,,,-2.834872,,-2.835,,,,,1,IMF_WEO,,
ECU,Ecuador,2013,-8.165,,,,,-8.165211,-7.5978034,-8.165,,,,,1,IMF_WEO,,
ECU,Ecuador,2014,-8.106,,,,,-8.106317,-8.5046836,-8.106,,,,,1,IMF_WEO,,
ECU,Ecuador,2015,-6.866,,,,,-6.866373,-5.3422939,-6.866,,,,,1,IMF_WEO,,
ECU,Ecuador,2016,-10.292,,,,,-10.29249,-8.5386715,-10.292,,,,,1,IMF_WEO,,
ECU,Ecuador,2017,-5.772,,,,,-5.772174,-6.3362142,-5.772,,,,,1,IMF_WEO,,
ECU,Ecuador,2018,-2.803,,,,,-2.802727,-3.7009085,-2.803,,,,,1,IMF_WEO,,
ECU,Ecuador,2019,-3.468,,,,,-3.467605,-4.0050048,-3.468,,,,,1,IMF_WEO,,
ECU,Ecuador,2020,-7.376,,,,,-7.375709,-7.2117594,-7.376,,,,,1,IMF_WEO,,
ECU,Ecuador,2021,-1.584,,,,,-1.583743,-2.5885937,-1.584,,,,,1,IMF_WEO,,
ECU,Ecuador,2022,.045,,,,,.0445976,.16873542,.045,,,,,1,IMF_WEO,,
ECU,Ecuador,2023,-3.552974,,,,,-3.552974,,,-3.553,,,,1,IMF_FPP,1,2
ECU,Ecuador,2024,-1.996,,,,,,,,-1.9960001,,,,1,IMF_WEO_forecast,1,2
ECU,Ecuador,2025,-1.114,,,,,,,,-1.114,,,,1,IMF_WEO_forecast,,
ECU,Ecuador,2026,-.183,,,,,,,,-.183,,,,1,IMF_WEO_forecast,,
ECU,Ecuador,2027,-.012,,,,,,,,-.012,,,,1,IMF_WEO_forecast,,
ECU,Ecuador,2028,.687,,,,,,,,.68699998,,,,1,IMF_WEO_forecast,,
ECU,Ecuador,2029,.902,,,,,,,,.90200001,,,,1,IMF_WEO_forecast,,
EGY,Egypt,1999,2.135,,,,,,,2.135,,,,,1,IMF_WEO,,
EGY,Egypt,2000,1.32,,,,,,,1.32,,,,,1,IMF_WEO,,
EGY,Egypt,2001,-1.07,,,,,,,-1.07,,,,,1,IMF_WEO,,
EGY,Egypt,2002,-6.768,,,,,,-6.4150938,-6.768,,,,,1,IMF_WEO,,
EGY,Egypt,2003,-5.729,,,,,,-5.531547,-5.729,,,,,1,IMF_WEO,,
EGY,Egypt,2004,-5.762,,,,,,-5.3358818,-5.762,,,,,1,IMF_WEO,,
EGY,Egypt,2005,-6.687,,,,,,-6.1331496,-6.687,,,,,1,IMF_WEO,,
EGY,Egypt,2006,-7.355,,,,,,-6.8175573,-7.355,,,,,1,IMF_WEO,,
EGY,Egypt,2007,-4.899,,,,,,-4.3348237,-4.899,,,,,1,IMF_WEO,,
EGY,Egypt,2008,-6.049,,,,,,-6.0493937,-6.049,,,,,1,IMF_WEO,,
EGY,Egypt,2009,-6.195,,,,,,-6.2416686,-6.195,,,,,1,IMF_WEO,,
EGY,Egypt,2010,-7.447,,,,,,-7.3552944,-7.447,,,,,1,IMF_WEO,,
EGY,Egypt,2011,-9.6,,,,,,-9.5888656,-9.6,,,,,1,IMF_WEO,,
EGY,Egypt,2012,-9.471,,,,,,-10.005195,-9.471,,,,,1,IMF_WEO,1,3
EGY,Egypt,2013,-12.88535,,-12.88535,,,,-12.658138,-12.279,,,,,1,AMF,,
EGY,Egypt,2014,-11.99249,,-11.99249,,,,-11.050751,-10.723,,,,,1,AMF,,
EGY,Egypt,2015,-11.43382,,-11.43382,,,,-10.727608,-10.37,,,,,1,AMF,,
EGY,Egypt,2016,-12.52491,,-12.52491,,,,,-11.796,,,,,1,AMF,,
EGY,Egypt,2017,-10.93919,,-10.93919,,,,,-9.898,,,,,1,AMF,,
EGY,Egypt,2018,-9.748299,,-9.748299,,,,,-8.975,,,,,1,AMF,,
EGY,Egypt,2019,-7.172939,,-7.172939,,,,,-7.595,,,,,1,AMF,,
EGY,Egypt,2020,-7.895395,,-7.895395,,,,,-7.469,,,,,1,AMF,,
EGY,Egypt,2021,-6.955,,,,,,,-6.955,,,,,1,IMF_WEO,1,3
EGY,Egypt,2022,-5.779,,,,,,,-5.779,,,,,1,IMF_WEO,,
EGY,Egypt,2023,-5.768,,,,,,,,-5.7680001,,,,1,IMF_WEO_forecast,1,3
EGY,Egypt,2024,-10.142,,,,,,,,-10.142,,,,1,IMF_WEO_forecast,,
EGY,Egypt,2025,-10.065,,,,,,,,-10.065,,,,1,IMF_WEO_forecast,,
EGY,Egypt,2026,-8.159,,,,,,,,-8.1590004,,,,1,IMF_WEO_forecast,,
EGY,Egypt,2027,-5.623,,,,,,,,-5.6230001,,,,1,IMF_WEO_forecast,,
EGY,Egypt,2028,-4.049,,,,,,,,-4.0489998,,,,1,IMF_WEO_forecast,,
EGY,Egypt,2029,-2.68,,,,,,,,-2.6800001,,,,1,IMF_WEO_forecast,,
ERI,Eritrea,1992,6.853,,,,,,,6.853,,,,,1,IMF_WEO,,
ERI,Eritrea,1993,4.224,,,,,,,4.224,,,,,1,IMF_WEO,,
ERI,Eritrea,1994,8.69,,,,,,,8.69,,,,,1,IMF_WEO,,
ERI,Eritrea,1995,-22.935,,,,,,,-22.935,,,,,1,IMF_WEO,,
ERI,Eritrea,1996,-18.403,,,,,,,-18.403,,,,,1,IMF_WEO,,
ERI,Eritrea,1997,-5.648,,,,,,,-5.648,,,,,1,IMF_WEO,,
ERI,Eritrea,1998,-40.349,,,,,,,-40.349,,,,,1,IMF_WEO,,
ERI,Eritrea,1999,-59.742,,,,,,,-59.742,,,,,1,IMF_WEO,,
ERI,Eritrea,2000,-25.408,,,,,,,-25.408,,,,,1,IMF_WEO,,
ERI,Eritrea,2001,-9.616,,,,,,,-9.616,,,,,1,IMF_WEO,,
ERI,Eritrea,2002,-13.288,,,,,,,-13.288,,,,,1,IMF_WEO,,
ERI,Eritrea,2003,6.235,,,,,,,6.235,,,,,1,IMF_WEO,,
ERI,Eritrea,2004,-7.651,,,,,,,-7.651,,,,,1,IMF_WEO,,
ERI,Eritrea,2005,-30.971,,,,,,,-30.971,,,,,1,IMF_WEO,,
ERI,Eritrea,2006,-15.48,,,,,,,-15.48,,,,,1,IMF_WEO,,
ERI,Eritrea,2007,-19.822,,,,,,,-19.822,,,,,1,IMF_WEO,,
ERI,Eritrea,2008,-37.976,,,,,,,-37.976,,,,,1,IMF_WEO,,
ERI,Eritrea,2009,-22.156,,,,,,,-22.156,,,,,1,IMF_WEO,,
ERI,Eritrea,2010,-16.516,,,,,,,-16.516,,,,,1,IMF_WEO,,
ERI,Eritrea,2011,-5.502,,,,,,,-5.502,,,,,1,IMF_WEO,,
ERI,Eritrea,2012,-5.215,,,,,,,-5.215,,,,,1,IMF_WEO,,
ERI,Eritrea,2013,-7.624,,,,,,,-7.624,,,,,1,IMF_WEO,,
ERI,Eritrea,2014,-.122,,,,,,,-.122,,,,,1,IMF_WEO,,
ERI,Eritrea,2015,-2.766,,,,,,,-2.766,,,,,1,IMF_WEO,,
ERI,Eritrea,2016,-1.435,,,,,,,-1.435,,,,,1,IMF_WEO,,
ERI,Eritrea,2017,-5.736,,,,,,,-5.736,,,,,1,IMF_WEO,,
ERI,Eritrea,2018,5.224,,,,,,,5.224,,,,,1,IMF_WEO,,
ERI,Eritrea,2019,2.717,,,,,,,,2.717,,,,1,IMF_WEO_forecast,1,1
ESP,Spain,1850,.3057303,,,,,.3057303,,,,,,,1,IMF_FPP,,
ESP,Spain,1851,-.2532301,,,,,-.2532301,,,,,,,1,IMF_FPP,,
ESP,Spain,1852,-.1143103,,,,,-.1143103,,,,,,,1,IMF_FPP,,
ESP,Spain,1853,-.0193701,,,,,-.0193701,,,,,,,1,IMF_FPP,,
ESP,Spain,1854,-.3185897,,,,,-.3185897,,,,,,,1,IMF_FPP,,
ESP,Spain,1855,-.7591801,,,,,-.7591801,,,,,,,1,IMF_FPP,,
ESP,Spain,1856,-.4644499,,,,,-.4644499,,,,,,,1,IMF_FPP,,
ESP,Spain,1857,-.4077902,,,,,-.4077902,,,,,,,1,IMF_FPP,,
ESP,Spain,1858,-.4375896,,,,,-.4375896,,,,,,,1,IMF_FPP,,
ESP,Spain,1859,.3926506,,,,,.3926506,,,,,,,1,IMF_FPP,,
ESP,Spain,1860,-.9397202,,,,,-.9397202,,,,,,,1,IMF_FPP,,
ESP,Spain,1861,-1.77451,,,,,-1.77451,,,,,,,1,IMF_FPP,,
ESP,Spain,1862,-1.75887,,,,,-1.75887,,,,,,,1,IMF_FPP,,
ESP,Spain,1863,-1.54989,,,,,-1.54989,,,,,,,1,IMF_FPP,,
ESP,Spain,1864,-2.481,,,,,-2.481,,,,,,,1,IMF_FPP,,
ESP,Spain,1865,-1.84342,,,,,-1.84342,,,,,,,1,IMF_FPP,,
ESP,Spain,1866,-.8309402,,,,,-.8309402,,,,,,,1,IMF_FPP,,
ESP,Spain,1867,-.7929001,,,,,-.7929001,,,,,,,1,IMF_FPP,,
ESP,Spain,1868,-1.457,,,,,-1.457,,,,,,,1,IMF_FPP,,
ESP,Spain,1869,-2.6359,,,,,-2.6359,,,,,,,1,IMF_FPP,,
ESP,Spain,1870,-3.4171,,,,,-3.4171,,,,,,,1,IMF_FPP,,
ESP,Spain,1871,-2.63646,,,,,-2.63646,,,,,,,1,IMF_FPP,,
ESP,Spain,1872,-2.27427,,,,,-2.27427,,,,,,,1,IMF_FPP,,
ESP,Spain,1873,2.21995,,,,,2.21995,,,,,,,1,IMF_FPP,,
ESP,Spain,1874,-.1028004,,,,,-.1028004,,,,,,,1,IMF_FPP,,
ESP,Spain,1875,-1.41537,,,,,-1.41537,,,,,,,1,IMF_FPP,,
ESP,Spain,1876,.1000004,,,,,.1000004,,,,,,,1,IMF_FPP,,
ESP,Spain,1877,.1134005,,,,,.1134005,,,,,,,1,IMF_FPP,,
ESP,Spain,1878,-.0802002,,,,,-.0802002,,,,,,,1,IMF_FPP,,
ESP,Spain,1879,-.5180197,,,,,-.5180197,,,,,,,1,IMF_FPP,,
ESP,Spain,1880,-.0221901,,,,,-.0221901,,,,,,,1,IMF_FPP,,
ESP,Spain,1881,.0846004,,,,,.0846004,,,,,,,1,IMF_FPP,,
ESP,Spain,1882,.3800697,,,,,.3800697,,,,,,,1,IMF_FPP,,
ESP,Spain,1883,-.3840103,,,,,-.3840103,,,,,,,1,IMF_FPP,,
ESP,Spain,1884,-.2256002,,,,,-.2256002,,,,,,,1,IMF_FPP,,
ESP,Spain,1885,-.7776899,,,,,-.7776899,,,,,,,1,IMF_FPP,,
ESP,Spain,1886,-.0814896,,,,,-.0814896,,,,,,,1,IMF_FPP,,
ESP,Spain,1887,-.7336607,,,,,-.7336607,,,,,,,1,IMF_FPP,,
ESP,Spain,1888,-.9671497,,,,,-.9671497,,,,,,,1,IMF_FPP,,
ESP,Spain,1889,-.38097,,,,,-.38097,,,,,,,1,IMF_FPP,,
ESP,Spain,1890,-.3960104,,,,,-.3960104,,,,,,,1,IMF_FPP,,
ESP,Spain,1891,-.4105606,,,,,-.4105606,,,,,,,1,IMF_FPP,,
ESP,Spain,1892,-.6713696,,,,,-.6713696,,,,,,,1,IMF_FPP,,
ESP,Spain,1893,.87327,,,,,.87327,,,,,,,1,IMF_FPP,,
ESP,Spain,1894,-.0822105,,,,,-.0822105,,,,,,,1,IMF_FPP,,
ESP,Spain,1895,.8262501,,,,,.8262501,,,,,,,1,IMF_FPP,,
ESP,Spain,1896,.4621,,,,,.4621,,,,,,,1,IMF_FPP,,
ESP,Spain,1897,-.63978,,,,,-.63978,,,,,,,1,IMF_FPP,,
ESP,Spain,1898,.1254005,,,,,.1254005,,,,,,,1,IMF_FPP,,
ESP,Spain,1899,2.74747,,,,,2.74747,,,,,,,1,IMF_FPP,,
ESP,Spain,1900,1.04309,,,,,1.04309,,,,,,,1,IMF_FPP,,
ESP,Spain,1901,.6860704,,,,,.6860704,,,,,,,1,IMF_FPP,,
ESP,Spain,1902,.7388201,,,,,.7388201,,,,,,,1,IMF_FPP,,
ESP,Spain,1903,.2779598,,,,,.2779598,,,,,,,1,IMF_FPP,,
ESP,Spain,1904,.5188398,,,,,.5188398,,,,,,,1,IMF_FPP,,
ESP,Spain,1905,.7055893,,,,,.7055893,,,,,,,1,IMF_FPP,,
ESP,Spain,1906,.9079103,,,,,.9079103,,,,,,,1,IMF_FPP,,
ESP,Spain,1907,.6563597,,,,,.6563597,,,,,,,1,IMF_FPP,,
ESP,Spain,1908,.5940905,,,,,.5940905,,,,,,,1,IMF_FPP,,
ESP,Spain,1909,-.2947903,,,,,-.2947903,,,,,,,1,IMF_FPP,,
ESP,Spain,1910,.0855703,,,,,.0855703,,,,,,,1,IMF_FPP,,
ESP,Spain,1911,.1901903,,,,,.1901903,,,,,,,1,IMF_FPP,,
ESP,Spain,1912,-.3348598,,,,,-.3348598,,,,,,,1,IMF_FPP,,
ESP,Spain,1913,-.0943003,,,,,-.0943003,,,,,,,1,IMF_FPP,,
ESP,Spain,1914,-1.044889,,,,,-1.044889,,,,,,,1,IMF_FPP,,
ESP,Spain,1915,-2.9706,,,,,-2.9706,,,,,,,1,IMF_FPP,,
ESP,Spain,1916,-1.1524,,,,,-1.1524,,,,,,,1,IMF_FPP,,
ESP,Spain,1917,-1.4856,,,,,-1.4856,,,,,,,1,IMF_FPP,,
ESP,Spain,1918,-1.802311,,,,,-1.802311,,,,,,,1,IMF_FPP,,
ESP,Spain,1919,-1.8209,,,,,-1.8209,,,,,,,1,IMF_FPP,,
ESP,Spain,1920,-2.40221,,,,,-2.40221,,,,,,,1,IMF_FPP,,
ESP,Spain,1921,-3.328199,,,,,-3.328199,,,,,,,1,IMF_FPP,,
ESP,Spain,1922,-2.2601,,,,,-2.2601,,,,,,,1,IMF_FPP,,
ESP,Spain,1923,-1.8863,,,,,-1.8863,,,,,,,1,IMF_FPP,,
ESP,Spain,1924,-1.762,,,,,-1.762,,,,,,,1,IMF_FPP,,
ESP,Spain,1925,-1.188001,,,,,-1.188001,,,,,,,1,IMF_FPP,,
ESP,Spain,1926,-.6470003,,,,,-.6470003,,,,,,,1,IMF_FPP,,
ESP,Spain,1927,-.53755,,,,,-.53755,,,,,,,1,IMF_FPP,,
ESP,Spain,1928,-.3088999,,,,,-.3088999,,,,,,,1,IMF_FPP,,
ESP,Spain,1929,-.0653,,,,,-.0653,,,,,,,1,IMF_FPP,,
ESP,Spain,1930,.3009005,,,,,.3009005,,,,,,,1,IMF_FPP,,
ESP,Spain,1931,.0953999,,,,,.0953999,,,,,,,1,IMF_FPP,,
ESP,Spain,1932,-.3006001,,,,,-.3006001,,,,,,,1,IMF_FPP,,
ESP,Spain,1933,-.7208004,,,,,-.7208004,,,,,,,1,IMF_FPP,,
ESP,Spain,1934,-1.173699,,,,,-1.173699,,,,,,,1,IMF_FPP,,
ESP,Spain,1935,-.4894009,,,,,-.4894009,,,,,,,1,IMF_FPP,,
ESP,Spain,1936,,,,,,,,,,,,,1,IMF_FPP,,
ESP,Spain,1937,,,,,,,,,,,,,1,IMF_FPP,,
ESP,Spain,1938,,,,,,,,,,,,,1,IMF_FPP,,
ESP,Spain,1939,,,,,,,,,,,,,1,IMF_FPP,,
ESP,Spain,1940,-3.542,,,,,-3.542,,,,,,,1,IMF_FPP,,
ESP,Spain,1941,-4.341901,,,,,-4.341901,,,,,,,1,IMF_FPP,,
ESP,Spain,1942,-2.4781,,,,,-2.4781,,,,,,,1,IMF_FPP,,
ESP,Spain,1943,-7.7276,,,,,-7.7276,,,,,,,1,IMF_FPP,,
ESP,Spain,1944,-5.438001,,,,,-5.438001,,,,,,,1,IMF_FPP,,
ESP,Spain,1945,-4.561699,,,,,-4.561699,,,,,,,1,IMF_FPP,,
ESP,Spain,1946,-2.2415,,,,,-2.2415,,,,,,,1,IMF_FPP,,
ESP,Spain,1947,-1.087399,,,,,-1.087399,,,,,,,1,IMF_FPP,,
ESP,Spain,1948,-1.21011,,,,,-1.21011,,,,,,,1,IMF_FPP,,
ESP,Spain,1949,-.3527002,,,,,-.3527002,,,,,,,1,IMF_FPP,,
ESP,Spain,1950,-.4368,,,,,-.4368,,,,,,,1,IMF_FPP,,
ESP,Spain,1951,-.2446795,,,,,-.2446795,,,,,,,1,IMF_FPP,,
ESP,Spain,1952,.8077202,,,,,.8077202,,,,,,,1,IMF_FPP,,
ESP,Spain,1953,1.016109,,,,,1.016109,,,,,,,1,IMF_FPP,,
ESP,Spain,1954,.7007599,,,,,.7007599,,,,,,,1,IMF_FPP,,
ESP,Spain,1955,.5971298,,,,,.5971298,,,,,,,1,IMF_FPP,,
ESP,Spain,1956,-.0490704,,,,,-.0490704,,,,,,,1,IMF_FPP,,
ESP,Spain,1957,1.13047,,,,,1.13047,,,,,,,1,IMF_FPP,,
ESP,Spain,1958,.2325001,,,,,.2325001,,,,,,,1,IMF_FPP,,
ESP,Spain,1959,.5394993,,,,,.5394993,,,,,,,1,IMF_FPP,,
ESP,Spain,1960,.6904001,,,,,.6904001,,,,,,,1,IMF_FPP,,
ESP,Spain,1961,1.903399,,,,,1.903399,,,,,,,1,IMF_FPP,,
ESP,Spain,1962,1.2743,,,,,1.2743,,,,,,,1,IMF_FPP,,
ESP,Spain,1963,-.5412998,,,,,-.5412998,,,,,,,1,IMF_FPP,1,4
ESP,Spain,1964,-.4294698,,,,,.1798,,,,-.42946983,,,1,OECD_EO,,
ESP,Spain,1965,-.860707,,,,,-.0358,,,,-.86070698,,,1,OECD_EO,,
ESP,Spain,1966,-.6030988,,,,,.0681,,,,-.60309873,,,1,OECD_EO,,
ESP,Spain,1967,-.1093101,,,,,-.3247004,,,,-.10931006,,,1,OECD_EO,,
ESP,Spain,1968,-.4424448,,,,,-.5535002,,,,-.4424448,,,1,OECD_EO,,
ESP,Spain,1969,-.107096,,,,,-.0633001,,,,-.10709595,,,1,OECD_EO,,
ESP,Spain,1970,.061133,,,,,.0894003,,,,.06113305,,,1,OECD_EO,,
ESP,Spain,1971,-1.651105,,,,,-.9580002,,,,-1.6511055,,,1,OECD_EO,,
ESP,Spain,1972,-.527747,,,,,.2437,,,,-.52774704,,,1,OECD_EO,,
ESP,Spain,1973,.5148636,,,,,1.09495,,,,.51486364,,,1,OECD_EO,,
ESP,Spain,1974,-.5493476,,,,,.1107006,,,,-.54934767,,,1,OECD_EO,,
ESP,Spain,1975,-.8664197,,,,,.2572002,,,,-.86641972,,,1,OECD_EO,,
ESP,Spain,1976,-1.138807,,,,,.4277,,,,-1.1388072,,,1,OECD_EO,,
ESP,Spain,1977,-1.719913,,,,,-.2350998,,,,-1.7199128,,,1,OECD_EO,,
ESP,Spain,1978,-3.081589,,,,,-1.6338,,,,-3.0815895,,,1,OECD_EO,,
ESP,Spain,1979,-2.95581,,,,,-1.508201,,,,-2.95581,,,1,OECD_EO,,
ESP,Spain,1980,-3.513099,,,,,-2.5485,-2.2686025,-2.025,,-3.5130991,,,1,OECD_EO,,
ESP,Spain,1981,-4.542026,,,,,-2.884099,-2.8946667,-2.391,,-4.5420259,,,1,OECD_EO,,
ESP,Spain,1982,-6.224435,,,,,-5.7604,-4.9795728,-5.476,,-6.2244356,,,1,OECD_EO,,
ESP,Spain,1983,-5.399668,,,,,-4.773199,-4.5898427,-4.714,,-5.3996684,,,1,OECD_EO,,
ESP,Spain,1984,-6.065182,,,,,-5.247299,-4.8542215,-5.388,,-6.0651819,,,1,OECD_EO,,
ESP,Spain,1985,-7.535341,,,,,-6.0448,-6.0944318,-6.798,,-7.5353413,,,1,OECD_EO,,
ESP,Spain,1986,-6.584658,,,,,-5.1754,-4.4964433,-5.929,,-6.5846576,,,1,OECD_EO,,
ESP,Spain,1987,-3.737329,,,,,-3.5177,-3.1410818,-3.277,,-3.7373285,,,1,OECD_EO,,
ESP,Spain,1988,-3.855828,,,,,-2.9473,-2.4911017,-3.401,,-3.8558283,,,1,OECD_EO,,
ESP,Spain,1989,-3.573935,,,,,-3.242199,-2.182087,-2.989,,-3.5739346,,,1,OECD_EO,,
ESP,Spain,1990,-4.843979,,,,,-3.394501,-3.5736328,-3.9,,-4.8439793,,,1,OECD_EO,,
ESP,Spain,1991,-5.523453,,,,,-2.304001,-4.5110886,-4.579,,-5.5234527,,,1,OECD_EO,,
ESP,Spain,1992,-4.458209,,,,,-2.778301,-4.7365133,-4.265,,-4.4582085,,,1,OECD_EO,,
ESP,Spain,1993,-7.621978,,,,,-6.1819,-7.831637,-6.89,,-7.621978,,,1,OECD_EO,,
ESP,Spain,1994,-7.156793,,,,,-4.995098,-7.1812329,-6.315,,-7.1567928,,,1,OECD_EO,1,4
ESP,Spain,1995,-6.8,,,,-6.8,-7.206799,-6.793349,-6.793,,-6.793349,,,1,EUS,,
ESP,Spain,1996,-5.9,,,,-5.9,-5.512199,-5.8654739,-5.866,,-5.8658829,,,1,EUS,,
ESP,Spain,1997,-3.9,,,,-3.9,-4.0144,-3.8593679,-3.859,,-3.8591752,,,1,EUS,,
ESP,Spain,1998,-2.6,,,,-2.6,-3.0219,-2.6269037,-2.627,,-2.6269037,,,1,EUS,,
ESP,Spain,1999,-1.2,,,,-1.2,-1.235798,-1.2401679,-1.24,,-1.2401679,,,1,EUS,,
ESP,Spain,2000,-1.2,,,,-1.2,-.9558983,-1.1612662,-1.161,,-1.1612662,,,1,EUS,,
ESP,Spain,2001,-.5,,,,-.5,-.5450974,-.4549488,-.455,,-.4549488,,,1,EUS,,
ESP,Spain,2002,-.3,,,,-.3,-.2360992,-.31664141,-.317,,-.31424059,,,1,EUS,,
ESP,Spain,2003,-.4,,,,-.4,-.3700981,-.37486779,-.375,,-.37486779,,,1,EUS,,
ESP,Spain,2004,-.1,,,,-.1,-.1264,-.1094111,-.095,,-.1094111,,,1,EUS,,
ESP,Spain,2005,1.2,,,,1.2,1.265099,1.2305494,1.231,,1.2305494,,,1,EUS,,
ESP,Spain,2006,2.1,,,,2.1,2.368797,2.1216427,2.122,,2.1216427,,,1,EUS,,
ESP,Spain,2007,1.9,,,,1.9,1.922401,1.8827126,1.883,,1.8827126,,,1,EUS,,
ESP,Spain,2008,-4.6,,,,-4.6,-4.492802,-4.5603686,-4.56,,-4.5603686,,,1,EUS,,
ESP,Spain,2009,-11.2,,,,-11.2,-11.1753,-11.237383,-11.237,,-11.237383,,,1,EUS,,
ESP,Spain,2010,-9.5,,,,-9.5,-9.342201,-9.4873949,-9.487,,-9.4873949,,,1,EUS,,
ESP,Spain,2011,-9.7,,,,-9.7,-9.694673,-9.6917722,-9.695,,-9.6917722,,,1,EUS,,
ESP,Spain,2012,-11.5,,,,-11.5,-11.49654,-11.495959,-11.497,,-11.495959,,,1,EUS,,
ESP,Spain,2013,-7.5,,,,-7.5,-7.491625,-7.4884074,-7.492,,-7.4884074,,,1,EUS,,
ESP,Spain,2014,-6,,,,-6,-6.073157,-6.0364849,-6.073,,-6.0364849,,,1,EUS,,
ESP,Spain,2015,-5.3,,,,-5.3,-5.264867,-5.2660627,-5.265,,-5.2660627,,,1,EUS,,
ESP,Spain,2016,-4.2,,,,-4.2,-4.264863,-4.2648626,-4.265,,-4.2210501,,,1,EUS,,
ESP,Spain,2017,-3.1,,,,-3.1,-3.096347,-3.0685695,-3.096,,-3.0685695,,,1,EUS,,
ESP,Spain,2018,-2.6,,,,-2.6,-2.575651,-2.5524715,-2.576,,-2.5524715,,,1,EUS,,
ESP,Spain,2019,-3.1,,,,-3.1,-3.040257,-3.0646641,-3.04,,-3.0646641,,,1,EUS,,
ESP,Spain,2020,-9.9,,,,-9.9,-10.02458,-9.909282,-10.025,,-9.909282,,,1,EUS,,
ESP,Spain,2021,-6.7,,,,-6.7,-6.658335,-6.6512124,-6.658,,-6.6512124,,,1,EUS,,
ESP,Spain,2022,-4.6,,,,-4.6,-4.639972,-4.5940352,-4.64,,-4.5940352,,,1,EUS,,
ESP,Spain,2023,-3.3,,,,-3.3,-3.547898,-3.5151943,,-3.5480001,-3.5151943,,,1,EUS,,
ESP,Spain,2024,-3.2,,,,-3.2,,,,-2.954,-2.9984488,,,1,EUS,,
ESP,Spain,2025,-2.542309,,,,,,,,-2.7739999,-2.5423086,,,1,OECD_EO,1,4
ESP,Spain,2026,-2.078738,,,,,,,,-2.852,-2.0787383,,,1,OECD_EO,,
ESP,Spain,2027,-2.975,,,,,,,,-2.9749999,,,,1,IMF_WEO_forecast,1,4
ESP,Spain,2028,-2.793,,,,,,,,-2.793,,,,1,IMF_WEO_forecast,,
ESP,Spain,2029,-2.804,,,,,,,,-2.8039999,,,,1,IMF_WEO_forecast,,
EST,Estonia,1995,1,,,,1,-.2568564,1.0483536,-.257,,1.0455953,,,1,EUS,,
EST,Estonia,1996,-.3,,,,-.3,-.9307876,-.34782892,-.931,,-.34825921,,,1,EUS,,
EST,Estonia,1997,2.1,,,,2.1,2.979306,2.1211412,2.979,,2.1210824,,,1,EUS,,
EST,Estonia,1998,-.8,,,,-.8,.6478227,-.75679894,.648,,-.75454265,,,1,EUS,,
EST,Estonia,1999,-3.3,,,,-3.3,-3.419671,-3.2994938,-3.42,,-3.300262,,,1,EUS,,
EST,Estonia,2000,-.1,,,,-.1,-.1122425,-.06805322,-.112,,-.06483507,,,1,EUS,,
EST,Estonia,2001,.3,,,,.3,.3418666,.26883412,.342,,.2678973,,,1,EUS,,
EST,Estonia,2002,.4,,,,.4,.264052,.44601608,.264,,.44603187,,,1,EUS,,
EST,Estonia,2003,1.8,,,,1.8,1.651637,1.8086987,1.652,,1.8094387,,,1,EUS,,
EST,Estonia,2004,2.4,,,,2.4,2.265502,2.4152465,2.266,,2.4134538,,,1,EUS,,
EST,Estonia,2005,1.2,,,,1.2,1.02543,1.1625806,1.025,,1.1653407,,,1,EUS,,
EST,Estonia,2006,2.8,,,,2.8,2.748272,2.8464774,2.748,,2.8497197,,,1,EUS,,
EST,Estonia,2007,2.7,,,,2.7,2.554185,2.6892799,2.554,,2.6930723,,,1,EUS,,
EST,Estonia,2008,-2.6,,,,-2.6,-2.926008,-2.6439745,-2.926,,-2.6452689,,,1,EUS,,
EST,Estonia,2009,-2.7,,,,-2.7,-2.888702,-2.731993,-2.889,,-2.7281826,,,1,EUS,,
EST,Estonia,2010,-.4,,,,-.4,-.4768435,-.42125228,-.477,,-.42132999,,,1,EUS,,
EST,Estonia,2011,.6,,,,.6,.544687,.62239202,.545,,.62182185,,,1,EUS,,
EST,Estonia,2012,-.4,,,,-.4,-.7479802,-.39200379,-.748,,-.39262208,,,1,EUS,,
EST,Estonia,2013,-.2,,,,-.2,-.2686662,-.21760423,-.269,,-.21708004,,,1,EUS,,
EST,Estonia,2014,.9,,,,.9,.2505193,.86125708,.251,,.86168796,,,1,EUS,,
EST,Estonia,2015,.2,,,,.2,-.380416,.24891854,-.38,,.24948712,,,1,EUS,,
EST,Estonia,2016,-.1,,,,-.1,-.935909,-.08607884,-.936,,-.08700709,,,1,EUS,,
EST,Estonia,2017,-.5,,,,-.5,-1.00592,-.52557706,-1.006,,-.52663025,,,1,EUS,,
EST,Estonia,2018,-.6,,,,-.6,-1.111674,-.57718901,-1.112,,-.57769477,,,1,EUS,,
EST,Estonia,2019,-.1,,,,-.1,.1173643,-.10887867,.117,,-.1090152,,,1,EUS,,
EST,Estonia,2020,-5.4,,,,-5.4,-5.348763,-5.424477,-5.349,,-5.4270883,,,1,EUS,,
EST,Estonia,2021,-2.5,,,,-2.5,-2.438117,-2.5313204,-2.438,,-2.5740164,,,1,EUS,,
EST,Estonia,2022,-1,,,,-1,-.956977,-.98579895,-.957,,-1.0762362,,,1,EUS,,
EST,Estonia,2023,-2.7,,,,-2.7,-3.453835,-2.7478737,,-3.454,-2.851117,,,1,EUS,,
EST,Estonia,2024,-1.7,,,,-1.7,,,,-2.9749999,-3.0230864,,,1,EUS,,
EST,Estonia,2025,-2.359554,,,,,,,,-4.1079998,-2.3595535,,,1,OECD_EO,1,2
EST,Estonia,2026,-2.139399,,,,,,,,-4.0910001,-2.1393985,,,1,OECD_EO,,
EST,Estonia,2027,-3.902,,,,,,,,-3.902,,,,1,IMF_WEO_forecast,1,2
EST,Estonia,2028,-3.865,,,,,,,,-3.865,,,,1,IMF_WEO_forecast,,
EST,Estonia,2029,-3.879,,,,,,,,-3.8789999,,,,1,IMF_WEO_forecast,,
ETH,Ethiopia,1980,-2.563,,,,,-2.563334,,-2.563,,,,,1,IMF_WEO,,
ETH,Ethiopia,1981,-2.195,,,,,-2.194798,,-2.195,,,,,1,IMF_WEO,,
ETH,Ethiopia,1982,-3.599,,,,,-3.598963,,-3.599,,,,,1,IMF_WEO,,
ETH,Ethiopia,1983,-7.59,,,,,-7.590361,,-7.59,,,,,1,IMF_WEO,,
ETH,Ethiopia,1984,-3.692,,,,,-3.691876,,-3.692,,,,,1,IMF_WEO,,
ETH,Ethiopia,1985,-4.711,,,,,-4.711353,,-4.711,,,,,1,IMF_WEO,,
ETH,Ethiopia,1986,-3.983,,,,,-3.982682,,-3.983,,,,,1,IMF_WEO,,
ETH,Ethiopia,1987,-3.544,,,,,-3.544142,,-3.544,,,,,1,IMF_WEO,,
ETH,Ethiopia,1988,-3.483,,,,,-3.482799,,-3.483,,,,,1,IMF_WEO,,
ETH,Ethiopia,1989,-4.33,,,,,-4.330051,,-4.33,,,,,1,IMF_WEO,,
ETH,Ethiopia,1990,-6.861,,,,,-6.860646,,-6.861,,,,,1,IMF_WEO,,
ETH,Ethiopia,1991,-6,,,,,-6.000025,,-6,,,,,1,IMF_WEO,,
ETH,Ethiopia,1992,-4.922,,,,,-4.922496,,-4.922,,,,,1,IMF_WEO,,
ETH,Ethiopia,1993,-4.122,,,,,-4.121897,,-4.122,,,,,1,IMF_WEO,,
ETH,Ethiopia,1994,-5.386,,,,,-5.386155,,-5.386,,,,,1,IMF_WEO,,
ETH,Ethiopia,1995,-2.757,,,,,-2.756967,,-2.757,,,,,1,IMF_WEO,,
ETH,Ethiopia,1996,-3.928,,,,,-3.927985,,-3.928,,,,,1,IMF_WEO,,
ETH,Ethiopia,1997,-1.764,,,,,-1.764132,,-1.764,,,,,1,IMF_WEO,,
ETH,Ethiopia,1998,-3.645,,,,,-3.645263,,-3.645,,,,,1,IMF_WEO,,
ETH,Ethiopia,1999,-8.539,,,,,-8.538678,,-8.539,,,,,1,IMF_WEO,,
ETH,Ethiopia,2000,-8.88,,,,,-8.880363,,-8.88,,,,,1,IMF_WEO,,
ETH,Ethiopia,2001,-3.76,,,,,-3.760401,,-3.76,,,,,1,IMF_WEO,,
ETH,Ethiopia,2002,-5.764,,,,,-5.764231,,-5.764,,,,,1,IMF_WEO,,
ETH,Ethiopia,2003,-5.592,,,,,-5.592003,,-5.592,,,,,1,IMF_WEO,,
ETH,Ethiopia,2004,-2.651,,,,,-2.651279,,-2.651,,,,,1,IMF_WEO,,
ETH,Ethiopia,2005,-4.122,,,,,-4.12229,,-4.122,,,,,1,IMF_WEO,,
ETH,Ethiopia,2006,-3.788,,,,,-3.787921,,-3.788,,,,,1,IMF_WEO,,
ETH,Ethiopia,2007,-3.567,,,,,-3.567435,,-3.567,,,,,1,IMF_WEO,,
ETH,Ethiopia,2008,-2.882,,,,,-2.88235,,-2.882,,,,,1,IMF_WEO,,
ETH,Ethiopia,2009,-.932,,,,,-.9321168,,-.932,,,,,1,IMF_WEO,,
ETH,Ethiopia,2010,-1.321,,,,,-1.320751,,-1.321,,,,,1,IMF_WEO,,
ETH,Ethiopia,2011,-1.607,,,,,-1.607128,,-1.607,,,,,1,IMF_WEO,,
ETH,Ethiopia,2012,-1.172,,,,,-1.171939,,-1.172,,,,,1,IMF_WEO,,
ETH,Ethiopia,2013,-1.931,,,,,-1.930531,,-1.931,,,,,1,IMF_WEO,,
ETH,Ethiopia,2014,-2.582,,,,,-2.582291,,-2.582,,,,,1,IMF_WEO,,
ETH,Ethiopia,2015,-1.947,,,,,-1.947067,,-1.947,,,,,1,IMF_WEO,,
ETH,Ethiopia,2016,-2.3,,,,,-2.300454,,-2.3,,,,,1,IMF_WEO,,
ETH,Ethiopia,2017,-3.243,,,,,-3.24337,,-3.243,,,,,1,IMF_WEO,,
ETH,Ethiopia,2018,-3.029,,,,,-3.029069,,-3.029,,,,,1,IMF_WEO,,
ETH,Ethiopia,2019,-2.533,,,,,-2.533412,,-2.533,,,,,1,IMF_WEO,,
ETH,Ethiopia,2020,-2.764,,,,,-2.764307,,-2.764,,,,,1,IMF_WEO,,
ETH,Ethiopia,2021,-2.767,,,,,-2.766824,,-2.767,,,,,1,IMF_WEO,,
ETH,Ethiopia,2022,-4.158,,,,,-4.158375,,-4.158,,,,,1,IMF_WEO,,
ETH,Ethiopia,2023,-2.599456,,,,,-2.599456,,,-2.599,,,,1,IMF_FPP,1,2
ETH,Ethiopia,2024,-1.7,,,,,,,,-1.7,,,,1,IMF_WEO_forecast,1,2
ETH,Ethiopia,2025,-1.7,,,,,,,,-1.7,,,,1,IMF_WEO_forecast,,
ETH,Ethiopia,2026,-2.05,,,,,,,,-2.05,,,,1,IMF_WEO_forecast,,
ETH,Ethiopia,2027,-2,,,,,,,,-2,,,,1,IMF_WEO_forecast,,
ETH,Ethiopia,2028,-2,,,,,,,,-2,,,,1,IMF_WEO_forecast,,
ETH,Ethiopia,2029,-2,,,,,,,,-2,,,,1,IMF_WEO_forecast,,
FIN,Finland,1918,-11.3889,,,,,-11.3889,,,,,,,1,IMF_FPP,,
FIN,Finland,1919,-7.494101,,,,,-7.494101,,,,,,,1,IMF_FPP,,
FIN,Finland,1920,-2.598599,,,,,-2.598599,,,,,,,1,IMF_FPP,,
FIN,Finland,1921,-2.5901,,,,,-2.5901,,,,,,,1,IMF_FPP,,
FIN,Finland,1922,.6157999,,,,,.6157999,,,,,,,1,IMF_FPP,,
FIN,Finland,1923,-2.299999,,,,,-2.299999,,,,,,,1,IMF_FPP,,
FIN,Finland,1924,.0397997,,,,,.0397997,,,,,,,1,IMF_FPP,,
FIN,Finland,1925,-2.9217,,,,,-2.9217,,,,,,,1,IMF_FPP,,
FIN,Finland,1926,-2.9027,,,,,-2.9027,,,,,,,1,IMF_FPP,,
FIN,Finland,1927,-.3241997,,,,,-.3241997,,,,,,,1,IMF_FPP,,
FIN,Finland,1928,-2.065901,,,,,-2.065901,,,,,,,1,IMF_FPP,,
FIN,Finland,1929,-.7849007,,,,,-.7849007,,,,,,,1,IMF_FPP,,
FIN,Finland,1930,-1.9375,,,,,-1.9375,,,,,,,1,IMF_FPP,,
FIN,Finland,1931,-2.3193,,,,,-2.3193,,,,,,,1,IMF_FPP,,
FIN,Finland,1932,-2.613999,,,,,-2.613999,,,,,,,1,IMF_FPP,,
FIN,Finland,1933,-1.6321,,,,,-1.6321,,,,,,,1,IMF_FPP,,
FIN,Finland,1934,-2.8084,,,,,-2.8084,,,,,,,1,IMF_FPP,,
FIN,Finland,1935,-3.8109,,,,,-3.8109,,,,,,,1,IMF_FPP,,
FIN,Finland,1936,-3.7459,,,,,-3.7459,,,,,,,1,IMF_FPP,,
FIN,Finland,1937,-4.437,,,,,-4.437,,,,,,,1,IMF_FPP,,
FIN,Finland,1938,-1.4753,,,,,-1.4753,,,,,,,1,IMF_FPP,,
FIN,Finland,1939,-9.761999,,,,,-9.761999,,,,,,,1,IMF_FPP,,
FIN,Finland,1940,-36.8717,,,,,-36.8717,,,,,,,1,IMF_FPP,,
FIN,Finland,1941,-35.8437,,,,,-35.8437,,,,,,,1,IMF_FPP,,
FIN,Finland,1942,-16.4362,,,,,-16.4362,,,,,,,1,IMF_FPP,,
FIN,Finland,1943,-14.1886,,,,,-14.1886,,,,,,,1,IMF_FPP,,
FIN,Finland,1944,-21.5222,,,,,-21.5222,,,,,,,1,IMF_FPP,,
FIN,Finland,1945,-6.3465,,,,,-6.3465,,,,,,,1,IMF_FPP,,
FIN,Finland,1946,,,,,,,,,,,,,1,IMF_FPP,,
FIN,Finland,1947,,,,,,,,,,,,,1,IMF_FPP,,
FIN,Finland,1948,1.878,,,,,1.878,,,,,,,1,IMF_FPP,,
FIN,Finland,1949,-2.770199,,,,,-2.770199,,,,,,,1,IMF_FPP,,
FIN,Finland,1950,-.2560005,,,,,-.2560005,,,,,,,1,IMF_FPP,,
FIN,Finland,1951,1.098999,,,,,1.098999,,,,,,,1,IMF_FPP,,
FIN,Finland,1952,-1.239201,,,,,-1.239201,,,,,,,1,IMF_FPP,,
FIN,Finland,1953,.0221004,,,,,.0221004,,,,,,,1,IMF_FPP,,
FIN,Finland,1954,-.1682987,,,,,-.1682987,,,,,,,1,IMF_FPP,,
FIN,Finland,1955,-1,,,,,-1,,,,,,,1,IMF_FPP,,
FIN,Finland,1956,-1.139299,,,,,-1.139299,,,,,,,1,IMF_FPP,,
FIN,Finland,1957,.0834007,,,,,.0834007,,,,,,,1,IMF_FPP,,
FIN,Finland,1958,-1.732399,,,,,-1.732399,,,,,,,1,IMF_FPP,,
FIN,Finland,1959,-.125,,,,,-.125,,,,,,,1,IMF_FPP,1,4
FIN,Finland,1960,2.325357,,,,,-.5247002,,,,2.3253567,,,1,OECD_EO,,
FIN,Finland,1961,2.207435,,,,,-3.027201,,,,2.207435,,,1,OECD_EO,,
FIN,Finland,1962,2.121786,,,,,-2.365499,,,,2.1217862,,,1,OECD_EO,,
FIN,Finland,1963,-.1129794,,,,,-2.5047,,,,-.11297936,,,1,OECD_EO,,
FIN,Finland,1964,-.010391,,,,,-1.348501,,,,-.01039097,,,1,OECD_EO,,
FIN,Finland,1965,.1076151,,,,,-1.6654,,,,.10761513,,,1,OECD_EO,,
FIN,Finland,1966,.2259828,,,,,-1.076899,,,,.22598281,,,1,OECD_EO,,
FIN,Finland,1967,1.229587,,,,,-.2588005,,,,1.2295872,,,1,OECD_EO,,
FIN,Finland,1968,1.429767,,,,,-1.688,,,,1.4297666,,,1,OECD_EO,,
FIN,Finland,1969,1.827748,,,,,.9390011,,,,1.8277483,,,1,OECD_EO,,
FIN,Finland,1970,3.053764,,,,,1.0569,,,,3.053764,,,1,OECD_EO,,
FIN,Finland,1971,3.318943,,,,,.153101,,,,3.3189431,,,1,OECD_EO,,
FIN,Finland,1972,2.511661,,,,,-.1757011,2.4245815,,,2.5116607,,,1,OECD_EO,,
FIN,Finland,1973,4.523027,,,,,1.4832,4.2368306,,,4.5230271,,,1,OECD_EO,,
FIN,Finland,1974,3.426908,,,,,-.0289001,1.9680776,,,3.4269075,,,1,OECD_EO,,
FIN,Finland,1975,4.416411,,,,,4.96,.97555297,,,4.4164109,,,1,OECD_EO,,
FIN,Finland,1976,7.131001,,,,,7.65,3.7039689,,,7.1310004,,,1,OECD_EO,,
FIN,Finland,1977,5.776238,,,,,6.27,2.3860134,,,5.7762383,,,1,OECD_EO,,
FIN,Finland,1978,3.455796,,,,,3.83,.7951434,,,3.4557955,,,1,OECD_EO,,
FIN,Finland,1979,3.084705,,,,,3.41,-.29622366,,,3.0847046,,,1,OECD_EO,1,4
FIN,Finland,1980,3.7,,,,3.7,3.7,-.16278506,2.88,,3.4305658,,,1,EUS,,
FIN,Finland,1981,5.1,,,,5.1,5.11,.82341178,4.779,,4.7784692,,,1,EUS,,
FIN,Finland,1982,3.1,,,,3.1,3.06,-.50616198,2.401,,2.8227778,,,1,EUS,,
FIN,Finland,1983,1.5,,,,1.5,1.52,-1.7417076,.359,,1.381551,,,1,EUS,,
FIN,Finland,1984,3.2,,,,3.2,3.23,.28797365,2.668,,3.0663227,,,1,EUS,,
FIN,Finland,1985,3.3,,,,3.3,3.33,-.82384238,2.553,,3.3217467,,,1,EUS,,
FIN,Finland,1986,3.8,,,,3.8,3.83,-.00107229,3.345,,3.9238576,,,1,EUS,,
FIN,Finland,1987,1.6,,,,1.6,1.63,-2.3811583,.719,,1.63914,,,1,EUS,,
FIN,Finland,1988,5.1,,,,5.1,5.09,1.2498944,4.872,,5.09107,,,1,EUS,,
FIN,Finland,1989,6.7,,,,6.7,6.73,2.8731052,7.138,,6.7352608,,,1,EUS,,
FIN,Finland,1990,5.3,,,,5.3,5.32,1.2465624,6.633,,5.3086935,,,1,EUS,,
FIN,Finland,1991,-.9,,,,-.9,-.91,-5.4125577,.301,,-.89975033,,,1,EUS,,
FIN,Finland,1992,-5.3,,,,-5.3,-5.32,-8.1903985,-4.881,,-5.3216333,,,1,EUS,,
FIN,Finland,1993,-8,,,,-8,-8.08,-9.7724238,-8.092,,-7.9803761,,,1,EUS,,
FIN,Finland,1994,-6.4,,,,-6.4,-6.49,-7.7765068,-6.407,,-6.3896918,,,1,EUS,,
FIN,Finland,1995,-5.8,,,,-5.8,-5.92,-5.8321653,-5.976,,-5.8321653,,,1,EUS,,
FIN,Finland,1996,-3.1,,,,-3.1,-3.25,-3.1438462,-3.37,,-3.1438462,,,1,EUS,,
FIN,Finland,1997,-1.2,,,,-1.2,-1.22,-1.176375,-1.325,,-1.176375,,,1,EUS,,
FIN,Finland,1998,1.7,,,,1.7,1.64,1.6756483,1.537,,1.6756483,,,1,EUS,,
FIN,Finland,1999,1.7,,,,1.7,1.67,1.6841624,1.596,,1.6841624,,,1,EUS,,
FIN,Finland,2000,6.9,,,,6.9,6.86,6.8885369,6.729,,6.8885369,,,1,EUS,,
FIN,Finland,2001,5,,,,5,4.97,4.979497,4.892,,4.979497,,,1,EUS,,
FIN,Finland,2002,4.1,,,,4.1,4.06,4.0838049,3.975,,4.0838049,,,1,EUS,,
FIN,Finland,2003,2.4,,,,2.4,2.42,2.4407767,2.34,,2.4407767,,,1,EUS,,
FIN,Finland,2004,2.2,,,,2.2,2.21,2.2149287,2.158,,2.2149287,,,1,EUS,,
FIN,Finland,2005,2.7,,,,2.7,2.65,2.6593225,2.589,,2.6593225,,,1,EUS,,
FIN,Finland,2006,4,,,,4,3.97,3.9881755,3.925,,3.9881755,,,1,EUS,,
FIN,Finland,2007,5.1,,,,5.1,5.11,5.1117562,5.115,,5.1117562,,,1,EUS,,
FIN,Finland,2008,4.2,,,,4.2,4.17,4.1796008,4.18,,4.1796008,,,1,EUS,,
FIN,Finland,2009,-2.5,,,,-2.5,-2.48,-2.4816353,-2.484,,-2.4816353,,,1,EUS,,
FIN,Finland,2010,-2.6,,,,-2.6,-2.54,-2.5745826,-2.534,,-2.5745826,,,1,EUS,,
FIN,Finland,2011,-1,,,,-1,-1.020971,-1.012876,-1.021,,-1.012876,,,1,EUS,,
FIN,Finland,2012,-2.2,,,,-2.2,-2.166904,-2.1509347,-2.167,,-2.1509347,,,1,EUS,,
FIN,Finland,2013,-2.5,,,,-2.5,-2.535172,-2.5219045,-2.535,,-2.5219045,,,1,EUS,,
FIN,Finland,2014,-3,,,,-3,-3.002599,-2.9948265,-3.003,,-2.9948265,,,1,EUS,,
FIN,Finland,2015,-2.4,,,,-2.4,-2.439198,-2.4268288,-2.439,,-2.4268288,,,1,EUS,,
FIN,Finland,2016,-1.7,,,,-1.7,-1.712429,-1.7013031,-1.712,,-1.7013031,,,1,EUS,,
FIN,Finland,2017,-.6,,,,-.6,-.6568583,-.62926669,-.657,,-.62926669,,,1,EUS,,
FIN,Finland,2018,-.9,,,,-.9,-.8589724,-.87190876,-.859,,-.87190876,,,1,EUS,,
FIN,Finland,2019,-.9,,,,-.9,-.9504524,-.93410141,-.95,,-.93410141,,,1,EUS,,
FIN,Finland,2020,-5.5,,,,-5.5,-5.607753,-5.5341453,-5.608,,-5.5341453,,,1,EUS,,
FIN,Finland,2021,-2.7,,,,-2.7,-2.86617,-2.652313,-2.866,,-2.652313,,,1,EUS,,
FIN,Finland,2022,-.2,,,,-.2,-.5159249,-.17923975,-.516,,-.17360328,,,1,EUS,,
FIN,Finland,2023,-2.9,,,,-2.9,-2.717912,-2.8903849,,-2.7179999,-2.9895361,,,1,EUS,,
FIN,Finland,2024,-4.4,,,,-4.4,,,,-3.6760001,-3.9474026,,,1,EUS,,
FIN,Finland,2025,-3.178955,,,,,,,,-3.1170001,-3.1789553,,,1,OECD_EO,1,4
FIN,Finland,2026,-2.443761,,,,,,,,-2.5599999,-2.4437611,,,1,OECD_EO,,
FIN,Finland,2027,-2.362,,,,,,,,-2.362,,,,1,IMF_WEO_forecast,1,4
FIN,Finland,2028,-2.246,,,,,,,,-2.2460001,,,,1,IMF_WEO_forecast,,
FIN,Finland,2029,-2.053,,,,,,,,-2.053,,,,1,IMF_WEO_forecast,,
FJI,Fiji,1992,-2.246,,,,,-2.245534,,-2.246,,,,,1,IMF_WEO,,
FJI,Fiji,1993,-1.9,,,,,-1.899701,,-1.9,,,,,1,IMF_WEO,,
FJI,Fiji,1994,-.195,,,,,-.1951541,,-.195,,,,,1,IMF_WEO,,
FJI,Fiji,1995,.779,,,,,.7793718,,.779,,,,,1,IMF_WEO,,
FJI,Fiji,1996,-3.456,,,,,-3.456098,,-3.456,,,,,1,IMF_WEO,,
FJI,Fiji,1997,-4.505,,,,,-4.504557,,-4.505,,,,,1,IMF_WEO,,
FJI,Fiji,1998,5.397,,,,,5.39696,,5.397,,,,,1,IMF_WEO,,
FJI,Fiji,1999,1.167,,,,,1.166693,,1.167,,,,,1,IMF_WEO,,
FJI,Fiji,2000,-1.33,,,,,-1.329527,,-1.33,,,,,1,IMF_WEO,,
FJI,Fiji,2001,-4.501,,,,,-4.501415,,-4.501,,,,,1,IMF_WEO,,
FJI,Fiji,2002,-3.68,,,,,-3.680268,,-3.68,,,,,1,IMF_WEO,,
FJI,Fiji,2003,-3.458,,,,,-3.457516,,-3.458,,,,,1,IMF_WEO,,
FJI,Fiji,2004,-.982,,,,,-.9815716,,-.982,,,,,1,IMF_WEO,,
FJI,Fiji,2005,-1.179,-3.5018941,,,,-1.178642,,-1.179,,,,,1,IMF_WEO,,
FJI,Fiji,2006,-.757,-3.1123431,,,,-.7574125,,-.757,,,,,1,IMF_WEO,,
FJI,Fiji,2007,.298,,,,,.2976744,,.298,,,,,1,IMF_WEO,,
FJI,Fiji,2008,1.349,,,,,1.349118,,1.349,,,,,1,IMF_WEO,,
FJI,Fiji,2009,-2.867,,,,,-2.86676,,-2.867,,,,,1,IMF_WEO,,
FJI,Fiji,2010,-1.295,-2.5790451,,,,-1.294999,,-1.295,,,,,1,IMF_WEO,,
FJI,Fiji,2011,-.719,-1.8486943,,,,-.7194778,,-.719,,,,,1,IMF_WEO,,
FJI,Fiji,2012,-.683,-1.4161645,,,,-.6828623,,-.683,,,,,1,IMF_WEO,,
FJI,Fiji,2013,-.079,-.85216533,,,,-.078784,,-.079,,,,,1,IMF_WEO,,
FJI,Fiji,2014,-3.484,-2.7078158,,,,-3.483854,,-3.484,,,,,1,IMF_WEO,,
FJI,Fiji,2015,-3.943,-2.237906,,,,-3.943055,,-3.943,,,,,1,IMF_WEO,,
FJI,Fiji,2016,-5.699,-.84903266,,,,-5.698662,,-5.699,,,,,1,IMF_WEO,,
FJI,Fiji,2017,-2.094,-.89562421,,,,-2.094369,,-2.094,,,,,1,IMF_WEO,,
FJI,Fiji,2018,-4.376,-4.6318764,,,,-4.375884,,-4.376,,,,,1,IMF_WEO,,
FJI,Fiji,2019,-3.613,,,,,-3.612904,,-3.613,,,,,1,IMF_WEO,,
FJI,Fiji,2020,-8.062,,,,,-8.062279,,-8.062,,,,,1,IMF_WEO,,
FJI,Fiji,2021,-13.657,,,,,-13.65662,,-13.657,,,,,1,IMF_WEO,,
FJI,Fiji,2022,-12.135,,,,,-12.13539,,-12.135,,,,,1,IMF_WEO,,
FJI,Fiji,2023,-7.174435,,,,,-7.174435,,,-7.1739998,,,,1,IMF_FPP,1,2
FJI,Fiji,2024,-4.37,,,,,,,,-4.3699999,,,,1,IMF_WEO_forecast,1,2
FJI,Fiji,2025,-4.433,,,,,,,,-4.4330001,,,,1,IMF_WEO_forecast,,
FJI,Fiji,2026,-4.345,,,,,,,,-4.3449998,,,,1,IMF_WEO_forecast,,
FJI,Fiji,2027,-4.243,,,,,,,,-4.243,,,,1,IMF_WEO_forecast,,
FJI,Fiji,2028,-4.265,,,,,,,,-4.2649999,,,,1,IMF_WEO_forecast,,
FJI,Fiji,2029,-4.089,,,,,,,,-4.0890002,,,,1,IMF_WEO_forecast,,
FRA,France,1880,.6533995,,,,,.6533995,,,,,,,1,IMF_FPP,,
FRA,France,1881,.6378994,,,,,.6378994,,,,,,,1,IMF_FPP,,
FRA,France,1882,-.1543999,,,,,-.1543999,,,,,,,1,IMF_FPP,,
FRA,France,1883,-.2276001,,,,,-.2276001,,,,,,,1,IMF_FPP,,
FRA,France,1884,-.3456993,,,,,-.3456993,,,,,,,1,IMF_FPP,,
FRA,France,1885,-.5855999,,,,,-.5855999,,,,,,,1,IMF_FPP,,
FRA,France,1886,-.4955997,,,,,-.4955997,,,,,,,1,IMF_FPP,,
FRA,France,1887,-.0676003,,,,,-.0676003,,,,,,,1,IMF_FPP,,
FRA,France,1888,.1829996,,,,,.1829996,,,,,,,1,IMF_FPP,,
FRA,France,1889,.0875006,,,,,.0875006,,,,,,,1,IMF_FPP,,
FRA,France,1890,.3146,,,,,.3146,,,,,,,1,IMF_FPP,,
FRA,France,1891,.3613997,,,,,.3613997,,,,,,,1,IMF_FPP,,
FRA,France,1892,-.0347996,,,,,-.0347996,,,,,,,1,IMF_FPP,,
FRA,France,1893,-.3018999,,,,,-.3018999,,,,,,,1,IMF_FPP,,
FRA,France,1894,-.0775003,,,,,-.0775003,,,,,,,1,IMF_FPP,,
FRA,France,1895,-.0663004,,,,,-.0663004,,,,,,,1,IMF_FPP,,
FRA,France,1896,-.0312996,,,,,-.0312996,,,,,,,1,IMF_FPP,,
FRA,France,1897,.0130997,,,,,.0130997,,,,,,,1,IMF_FPP,,
FRA,France,1898,.2883997,,,,,.2883997,,,,,,,1,IMF_FPP,,
FRA,France,1899,.2088003,,,,,.2088003,,,,,,,1,IMF_FPP,,
FRA,France,1900,.2073002,,,,,.2073002,,,,,,,1,IMF_FPP,,
FRA,France,1901,-.3942995,,,,,-.3942995,,,,,,,1,IMF_FPP,,
FRA,France,1902,-.3669996,,,,,-.3669996,,,,,,,1,IMF_FPP,,
FRA,France,1903,.2094994,,,,,.2094994,,,,,,,1,IMF_FPP,,
FRA,France,1904,.3023996,,,,,.3023996,,,,,,,1,IMF_FPP,,
FRA,France,1905,.1777,,,,,.1777,,,,,,,1,IMF_FPP,,
FRA,France,1906,-.0421,,,,,-.0421,,,,,,,1,IMF_FPP,,
FRA,France,1907,.2272005,,,,,.2272005,,,,,,,1,IMF_FPP,,
FRA,France,1908,-.1472998,,,,,-.1472998,,,,,,,1,IMF_FPP,,
FRA,France,1909,-.1121998,,,,,-.1121998,,,,,,,1,IMF_FPP,,
FRA,France,1910,-.1173,,,,,-.1173,,,,,,,1,IMF_FPP,,
FRA,France,1911,.3126993,,,,,.3126993,,,,,,,1,IMF_FPP,,
FRA,France,1912,.2309494,,,,,.2309494,,,,,,,1,IMF_FPP,,
FRA,France,1913,.0504007,,,,,.0504007,,,,,,,1,IMF_FPP,,
FRA,France,1914,,,,,,,,,,,,,1,IMF_FPP,,
FRA,France,1915,,,,,,,,,,,,,1,IMF_FPP,,
FRA,France,1916,,,,,,,,,,,,,1,IMF_FPP,,
FRA,France,1917,,,,,,,,,,,,,1,IMF_FPP,,
FRA,France,1918,,,,,,,,,,,,,1,IMF_FPP,,
FRA,France,1919,,,,,,,,,,,,,1,IMF_FPP,,
FRA,France,1920,,,,,,,,,,,,,1,IMF_FPP,,
FRA,France,1921,,,,,,,,,,,,,1,IMF_FPP,,
FRA,France,1922,,,,,,,,,,,,,1,IMF_FPP,,
FRA,France,1923,,,,,,,,,,,,,1,IMF_FPP,,
FRA,France,1924,,,,,,,,,,,,,1,IMF_FPP,,
FRA,France,1925,-.8709993,,,,,-.8709993,,,,,,,1,IMF_FPP,,
FRA,France,1926,-.0243998,,,,,-.0243998,,,,,,,1,IMF_FPP,,
FRA,France,1927,-.0373001,,,,,-.0373001,,,,,,,1,IMF_FPP,,
FRA,France,1928,1.1342,,,,,1.1342,,,,,,,1,IMF_FPP,,
FRA,France,1929,1.476501,,,,,1.476501,,,,,,,1,IMF_FPP,,
FRA,France,1930,-1.646,,,,,-1.646,,,,,,,1,IMF_FPP,,
FRA,France,1931,-2.0599,,,,,-2.0599,,,,,,,1,IMF_FPP,,
FRA,France,1932,-1.8606,,,,,-1.8606,,,,,,,1,IMF_FPP,,
FRA,France,1933,-4.960699,,,,,-4.960699,,,,,,,1,IMF_FPP,,
FRA,France,1934,-4.311399,,,,,-4.311399,,,,,,,1,IMF_FPP,,
FRA,France,1935,-4.2153,,,,,-4.2153,,,,,,,1,IMF_FPP,,
FRA,France,1936,-4.761999,,,,,-4.761999,,,,,,,1,IMF_FPP,,
FRA,France,1937,-6.8933,,,,,-6.8933,,,,,,,1,IMF_FPP,,
FRA,France,1938,,,,,,,,,,,,,1,IMF_FPP,,
FRA,France,1939,,,,,,,,,,,,,1,IMF_FPP,,
FRA,France,1940,,,,,,,,,,,,,1,IMF_FPP,,
FRA,France,1941,,,,,,,,,,,,,1,IMF_FPP,,
FRA,France,1942,,,,,,,,,,,,,1,IMF_FPP,,
FRA,France,1943,,,,,,,,,,,,,1,IMF_FPP,,
FRA,France,1944,,,,,,,,,,,,,1,IMF_FPP,,
FRA,France,1945,,,,,,,,,,,,,1,IMF_FPP,,
FRA,France,1946,-8.102,,,,,-8.102,,,,,,,1,IMF_FPP,,
FRA,France,1947,-7.6047,,,,,-7.6047,,,,,,,1,IMF_FPP,,
FRA,France,1948,-9.112401,,,,,-9.112401,,,,,,,1,IMF_FPP,,
FRA,France,1949,-7.3099,,,,,-7.3099,,,,,,,1,IMF_FPP,,
FRA,France,1950,-5.5588,,,,,-5.5588,,,,,,,1,IMF_FPP,,
FRA,France,1951,-4.415998,,,,,-4.415998,,,,,,,1,IMF_FPP,,
FRA,France,1952,-6.823101,,,,,-6.823101,,,,,,,1,IMF_FPP,,
FRA,France,1953,-4.790901,,,,,-4.790901,,,,,,,1,IMF_FPP,,
FRA,France,1954,-.7840004,,,,,-.7840004,,,,,,,1,IMF_FPP,,
FRA,France,1955,-1.040499,,,,,-1.040499,,,,,,,1,IMF_FPP,,
FRA,France,1956,-2.6166,,,,,-2.6166,,,,,,,1,IMF_FPP,,
FRA,France,1957,-1.9907,,,,,-1.9907,,,,,,,1,IMF_FPP,,
FRA,France,1958,.0802994,,,,,.0802994,,,,,,,1,IMF_FPP,,
FRA,France,1959,.5618,,,,,.5618,,,,,,,1,IMF_FPP,,
FRA,France,1960,-1.951799,,,,,-1.951799,,,,,,,1,IMF_FPP,,
FRA,France,1961,-1.3557,,,,,-1.3557,,,,,,,1,IMF_FPP,,
FRA,France,1962,-1.534,,,,,-1.534,,,,,,,1,IMF_FPP,,
FRA,France,1963,-2.2383,,,,,-2.2383,,,,,,,1,IMF_FPP,,
FRA,France,1964,-.2542,,,,,-.2542,,,,,,,1,IMF_FPP,,
FRA,France,1965,-.0678997,,,,,-.0678997,,,,,,,1,IMF_FPP,,
FRA,France,1966,-.5683994,,,,,-.5683994,,,,,,,1,IMF_FPP,,
FRA,France,1967,-.7977009,,,,,-.7977009,,,,,,,1,IMF_FPP,,
FRA,France,1968,-2.5425,,,,,-2.5425,,,,,,,1,IMF_FPP,,
FRA,France,1969,-.4919987,,,,,-.4919987,,,,,,,1,IMF_FPP,,
FRA,France,1970,.0248013,,,,,.0248013,,,,,,,1,IMF_FPP,,
FRA,France,1971,-.1334991,,,,,-.1334991,,,,,,,1,IMF_FPP,,
FRA,France,1972,1.9368,,,,,1.9368,,,,,,,1,IMF_FPP,,
FRA,France,1973,1.974899,,,,,1.974899,,,,,,,1,IMF_FPP,,
FRA,France,1974,3.051701,,,,,3.051701,,,,,,,1,IMF_FPP,,
FRA,France,1975,-.2755013,,,,,-.2755013,,,,,,,1,IMF_FPP,,
FRA,France,1976,1.013102,,,,,1.013102,,,,,,,1,IMF_FPP,,
FRA,France,1977,.9018002,,,,,.9018002,,,,,,,1,IMF_FPP,1,4
FRA,France,1978,-1.797491,,,,,-1.728001,,,,-1.7974908,,,1,OECD_EO,,
FRA,France,1979,-.4819858,,,,,-.3582993,,,,-.48198579,,,1,OECD_EO,,
FRA,France,1980,-.4286124,,,,,-.2671967,,.757,,-.42861235,,,1,OECD_EO,,
FRA,France,1981,-2.408173,,,,,-2.3876,,-1.239,,-2.408173,,,1,OECD_EO,,
FRA,France,1982,-2.838534,,,,,-2.908398,,-1.653,,-2.8385336,,,1,OECD_EO,,
FRA,France,1983,-2.542364,,,,,-2.575401,,-2.594,,-2.542364,,,1,OECD_EO,,
FRA,France,1984,-2.735936,,,,,-2.800201,,-2.775,,-2.7359359,,,1,OECD_EO,,
FRA,France,1985,-2.97024,,,,,-3.077499,,-2.998,,-2.9702401,,,1,OECD_EO,,
FRA,France,1986,-3.19656,,,,,-3.302101,,-3.234,,-3.1965597,,,1,OECD_EO,,
FRA,France,1987,-2.013493,,,,,-2.1264,,-2.028,,-2.0134933,,,1,OECD_EO,,
FRA,France,1988,-2.566719,,,,,-2.698902,,-2.572,,-2.5667192,,,1,OECD_EO,,
FRA,France,1989,-1.780902,,,,,-1.902798,,-1.802,,-1.7809017,,,1,OECD_EO,,
FRA,France,1990,-2.432744,,,,,-2.475498,-1.4401374,-2.454,,-2.4327442,,,1,OECD_EO,,
FRA,France,1991,-2.860664,,,,,-2.983398,-2.0670939,-2.887,,-2.8606644,,,1,OECD_EO,,
FRA,France,1992,-4.601731,,,,,-4.604198,-3.9000679,-4.642,,-4.6017308,,,1,OECD_EO,,
FRA,France,1993,-6.361916,,,,,-6.4599,-5.7817943,-6.397,,-6.3619155,,,1,OECD_EO,,
FRA,France,1994,-5.425845,,,,,-5.466202,-5.7316547,-5.461,,-5.4258448,,,1,OECD_EO,1,4
FRA,France,1995,-5.1,,,,-5.1,-5.463299,-5.1111054,-5.105,,-5.1064449,,,1,EUS,,
FRA,France,1996,-3.9,,,,-3.9,-4.028301,-3.8961518,-3.894,,-3.8947173,,,1,EUS,,
FRA,France,1997,-3.7,,,,-3.7,-3.311302,-3.7114407,-3.708,,-3.7101691,,,1,EUS,,
FRA,France,1998,-2.4,,,,-2.4,-2.629601,-2.3913147,-2.39,,-2.3901909,,,1,EUS,,
FRA,France,1999,-1.5,,,,-1.5,-1.809299,-1.5442304,-1.545,,-1.5454413,,,1,EUS,,
FRA,France,2000,-1.3,,,,-1.3,-1.5238,-1.3126554,-1.316,,-1.3109849,,,1,EUS,,
FRA,France,2001,-1.4,,,,-1.4,-1.654499,-1.4173591,-1.416,,-1.4162438,,,1,EUS,,
FRA,France,2002,-3.2,,,,-3.2,-3.2859,-3.1755653,-3.175,,-3.1714581,,,1,EUS,,
FRA,France,2003,-4.1,,,,-4.1,-4.090603,-4.0878055,-4.095,,-4.0816274,,,1,EUS,,
FRA,France,2004,-3.6,,,,-3.6,-3.617001,-3.5551863,-3.555,,-3.5618169,,,1,EUS,,
FRA,France,2005,-3.5,,,,-3.5,-2.9659,-3.5073619,-3.505,,-3.5104222,,,1,EUS,,
FRA,France,2006,-2.7,,,,-2.7,-2.376099,-2.6577487,-2.656,,-2.6547681,,,1,EUS,,
FRA,France,2007,-3,,,,-3,-2.750599,-2.9896495,-2.99,,-2.9874262,,,1,EUS,,
FRA,France,2008,-3.5,,,,-3.5,-3.342899,-3.5020151,-3.501,,-3.5033272,,,1,EUS,,
FRA,France,2009,-7.4,,,,-7.4,-7.573902,-7.3783939,-7.383,,-7.3743498,,,1,EUS,,
FRA,France,2010,-7.2,,,,-7.2,-7.083,-7.1520609,-7.159,,-7.1594888,,,1,EUS,,
FRA,France,2011,-5.3,,,,-5.3,-5.299386,-5.3044627,-5.299,,-5.3070803,,,1,EUS,,
FRA,France,2012,-5.2,,,,-5.2,-5.168547,-5.17109,-5.169,,-5.1720614,,,1,EUS,,
FRA,France,2013,-4.9,,,,-4.9,-4.93569,-4.9384159,-4.936,,-4.9323545,,,1,EUS,,
FRA,France,2014,-4.6,,,,-4.6,-4.571356,-4.5736403,-4.571,,-4.5672684,,,1,EUS,,
FRA,France,2015,-3.9,,,,-3.9,-3.887214,-3.8921106,-3.887,,-3.88984,,,1,EUS,,
FRA,France,2016,-3.8,,,,-3.8,-3.762716,-3.7648752,-3.763,,-3.7674407,,,1,EUS,,
FRA,France,2017,-3.4,,,,-3.4,-3.364914,-3.3624968,-3.365,,-3.3582314,,,1,EUS,,
FRA,France,2018,-2.3,,,,-2.3,-2.321672,-2.3188018,-2.322,,-2.3172311,,,1,EUS,,
FRA,France,2019,-2.4,,,,-2.4,-2.391688,-2.3939369,-2.392,,-2.3911939,,,1,EUS,,
FRA,France,2020,-8.9,,,,-8.9,-8.930231,-8.9326896,-8.93,,-8.9371658,,,1,EUS,,
FRA,France,2021,-6.6,,,,-6.6,-6.583672,-6.5846325,-6.584,,-6.5912177,,,1,EUS,,
FRA,France,2022,-4.7,,,,-4.7,-4.734836,-4.7364594,-4.735,,-4.7390055,,,1,EUS,,
FRA,France,2023,-5.4,,,,-5.4,-5.454542,-5.4861778,,-5.4549999,-5.4785669,,,1,EUS,,
FRA,France,2024,-5.8,,,,-5.8,,,,-5.9629998,-6.0622073,,,1,EUS,,
FRA,France,2025,-5.533315,,,,,,,,-5.9169998,-5.5333153,,,1,OECD_EO,1,4
FRA,France,2026,-5.194383,,,,,,,,-5.8010001,-5.1943831,,,1,OECD_EO,,
FRA,France,2027,-5.935,,,,,,,,-5.9349999,,,,1,IMF_WEO_forecast,1,4
FRA,France,2028,-5.894,,,,,,,,-5.8940001,,,,1,IMF_WEO_forecast,,
FRA,France,2029,-5.885,,,,,,,,-5.8850002,,,,1,IMF_WEO_forecast,,
FSM,Micronesia (Federated States of),1995,-.455,,,,,-.4545655,,-.455,,,,,1,IMF_WEO,,
FSM,Micronesia (Federated States of),1996,2.383,,,,,2.383078,,2.383,,,,,1,IMF_WEO,,
FSM,Micronesia (Federated States of),1997,2.656,,,,,2.656294,,2.656,,,,,1,IMF_WEO,,
FSM,Micronesia (Federated States of),1998,-3.313,,,,,-3.313264,,-3.313,,,,,1,IMF_WEO,,
FSM,Micronesia (Federated States of),1999,-5.252,,,,,-5.252387,,-5.252,,,,,1,IMF_WEO,,
FSM,Micronesia (Federated States of),2000,-3.534,,,,,-3.533742,,-3.534,,,,,1,IMF_WEO,,
FSM,Micronesia (Federated States of),2001,-5.551,,,,,-5.551079,,-5.551,,,,,1,IMF_WEO,,
FSM,Micronesia (Federated States of),2002,7.279,,,,,7.278607,,7.279,,,,,1,IMF_WEO,,
FSM,Micronesia (Federated States of),2003,2.639,,,,,2.639244,,2.639,,,,,1,IMF_WEO,,
FSM,Micronesia (Federated States of),2004,-15.61,-15.304471,,,,-15.60972,,-15.61,,,,,1,IMF_WEO,,
FSM,Micronesia (Federated States of),2005,-5.658,-5.55927,,,,-5.658219,,-5.658,,,,,1,IMF_WEO,,
FSM,Micronesia (Federated States of),2006,-5.466,-5.3593283,,,,-5.466227,,-5.466,,,,,1,IMF_WEO,,
FSM,Micronesia (Federated States of),2007,-3.562,-3.4957281,,,,-3.561976,,-3.562,,,,,1,IMF_WEO,,
FSM,Micronesia (Federated States of),2008,-1.571,-1.5408135,,,,-1.570781,,-1.571,,,,,1,IMF_WEO,,
FSM,Micronesia (Federated States of),2009,1.896,1.85826,,,,1.896351,,1.896,,,,,1,IMF_WEO,,
FSM,Micronesia (Federated States of),2010,.467,.4567877,,,,.4666975,,.467,,,,,1,IMF_WEO,,
FSM,Micronesia (Federated States of),2011,-.583,-.5747713,,,,-.5832059,,-.583,,,,,1,IMF_WEO,,
FSM,Micronesia (Federated States of),2012,.897,.88534634,,,,.8974419,,.897,,,,,1,IMF_WEO,,
FSM,Micronesia (Federated States of),2013,2.903,2.8629439,,,,2.903267,,2.903,,,,,1,IMF_WEO,,
FSM,Micronesia (Federated States of),2014,11.312,11.12525,,,,11.31223,,11.312,,,,,1,IMF_WEO,,
FSM,Micronesia (Federated States of),2015,10.556,10.3,,,,10.55557,,10.556,,,,,1,IMF_WEO,,
FSM,Micronesia (Federated States of),2016,7.412,7.3,,,,7.412467,,7.412,,,,,1,IMF_WEO,,
FSM,Micronesia (Federated States of),2017,14.548,14.2,,,,14.54766,,14.548,,,,,1,IMF_WEO,,
FSM,Micronesia (Federated States of),2018,24.848,24.2,,,,24.8481,,24.848,,,,,1,IMF_WEO,,
FSM,Micronesia (Federated States of),2019,19.588,19.588493,,,,19.58849,,19.588,,,,,1,IMF_WEO,,
FSM,Micronesia (Federated States of),2020,6.437,6.4366843,,,,6.436684,,6.437,,,,,1,IMF_WEO,,
FSM,Micronesia (Federated States of),2021,4.461443,4.4614428,,,,4.461443,,,4.461,,,,1,IMF_FPP,1,2
FSM,Micronesia (Federated States of),2022,7.797894,,,,,7.797894,,,7.7979999,,,,1,IMF_FPP,,
FSM,Micronesia (Federated States of),2023,1.570969,,,,,1.570969,,,1.571,,,,1,IMF_FPP,,
FSM,Micronesia (Federated States of),2024,1.266,,,,,,,,1.266,,,,1,IMF_WEO_forecast,1,2
FSM,Micronesia (Federated States of),2025,-.402,,,,,,,,-.40200001,,,,1,IMF_WEO_forecast,,
FSM,Micronesia (Federated States of),2026,-.954,,,,,,,,-.954,,,,1,IMF_WEO_forecast,,
FSM,Micronesia (Federated States of),2027,-1.113,,,,,,,,-1.113,,,,1,IMF_WEO_forecast,,
FSM,Micronesia (Federated States of),2028,-1.073,,,,,,,,-1.073,,,,1,IMF_WEO_forecast,,
FSM,Micronesia (Federated States of),2029,-1.552,,,,,,,,-1.552,,,,1,IMF_WEO_forecast,,
GAB,Gabon,1990,-3.834,,,,,-3.834424,,-3.834,,,,,1,IMF_WEO,,
GAB,Gabon,1991,-2.031,,,,,-2.030772,,-2.031,,,,,1,IMF_WEO,,
GAB,Gabon,1992,-4.897,,,,,-4.896678,,-4.897,,,,,1,IMF_WEO,,
GAB,Gabon,1993,-5.354,,,,,-5.353771,,-5.354,,,,,1,IMF_WEO,,
GAB,Gabon,1994,-1.529,,,,,-1.529081,,-1.529,,,,,1,IMF_WEO,,
GAB,Gabon,1995,2.643,,,,,2.64311,,2.643,,,,,1,IMF_WEO,,
GAB,Gabon,1996,2.115,,,,,2.115204,,2.115,,,,,1,IMF_WEO,,
GAB,Gabon,1997,1.407,,,,,1.407472,,1.407,,,,,1,IMF_WEO,,
GAB,Gabon,1998,-13.113,,,,,-13.11337,,-13.113,,,,,1,IMF_WEO,,
GAB,Gabon,1999,1.114,,,,,1.114115,,1.114,,,,,1,IMF_WEO,,
GAB,Gabon,2000,11.132,,,,,11.13195,,11.132,,,,,1,IMF_WEO,,
GAB,Gabon,2001,4.067,,,,,4.067452,,4.067,,,,,1,IMF_WEO,,
GAB,Gabon,2002,3.724,,,,,3.724263,,3.724,,,,,1,IMF_WEO,,
GAB,Gabon,2003,7.752,,,,,7.752376,,7.752,,,,,1,IMF_WEO,,
GAB,Gabon,2004,6.993,,,,,6.992646,,6.993,,,,,1,IMF_WEO,,
GAB,Gabon,2005,7.977,,,,,7.977281,,7.977,,,,,1,IMF_WEO,,
GAB,Gabon,2006,8.672,,,,,8.671886,,8.672,,,,,1,IMF_WEO,,
GAB,Gabon,2007,8.062,,,,,8.062387,,8.062,,,,,1,IMF_WEO,,
GAB,Gabon,2008,10.994,,,,,10.99434,,10.994,,,,,1,IMF_WEO,,
GAB,Gabon,2009,6.77,,,,,6.770051,,6.77,,,,,1,IMF_WEO,,
GAB,Gabon,2010,2.698,,,,,2.697553,,2.698,,,,,1,IMF_WEO,,
GAB,Gabon,2011,1.41,,,,,1.40981,,1.41,,,,,1,IMF_WEO,,
GAB,Gabon,2012,6.204,,,,,6.204178,,6.204,,,,,1,IMF_WEO,,
GAB,Gabon,2013,-3.069,,,,,-3.069111,,-3.069,,,,,1,IMF_WEO,,
GAB,Gabon,2014,5.98,,,,,5.979626,,5.98,,,,,1,IMF_WEO,,
GAB,Gabon,2015,-1.117,,,,,-1.117194,,-1.117,,,,,1,IMF_WEO,,
GAB,Gabon,2016,-4.71,,,,,-4.71007,,-4.71,,,,,1,IMF_WEO,,
GAB,Gabon,2017,-1.699,,,,,-1.699245,,-1.699,,,,,1,IMF_WEO,,
GAB,Gabon,2018,-.212,,,,,-.2119959,,-.212,,,,,1,IMF_WEO,,
GAB,Gabon,2019,2.127,,,,,2.126968,,2.127,,,,,1,IMF_WEO,,
GAB,Gabon,2020,-2.19,,,,,-2.189967,,-2.19,,,,,1,IMF_WEO,,
GAB,Gabon,2021,-1.927,,,,,-1.926533,,-1.927,,,,,1,IMF_WEO,,
GAB,Gabon,2022,-.889534,,,,,-.889534,,,-.88999999,,,,1,IMF_FPP,1,2
GAB,Gabon,2023,-1.874197,,,,,-1.874197,,,-1.874,,,,1,IMF_FPP,,
GAB,Gabon,2024,-3.889,,,,,,,,-3.8889999,,,,1,IMF_WEO_forecast,1,2
GAB,Gabon,2025,-6.501,,,,,,,,-6.5009999,,,,1,IMF_WEO_forecast,,
GAB,Gabon,2026,-7.22,,,,,,,,-7.2199998,,,,1,IMF_WEO_forecast,,
GAB,Gabon,2027,-7.923,,,,,,,,-7.9229999,,,,1,IMF_WEO_forecast,,
GAB,Gabon,2028,-8.471,,,,,,,,-8.4709997,,,,1,IMF_WEO_forecast,,
GAB,Gabon,2029,-8.986,,,,,,,,-8.9860001,,,,1,IMF_WEO_forecast,,
GBR,United Kingdom,1830,.4549999,,,,,.4549999,,,,,,,1,IMF_FPP,,
GBR,United Kingdom,1831,,,,,,,,,,,,,1,IMF_FPP,,
GBR,United Kingdom,1832,,,,,,,,,,,,,1,IMF_FPP,,
GBR,United Kingdom,1833,.2426996,,,,,.2426996,,,,,,,1,IMF_FPP,,
GBR,United Kingdom,1834,.2271996,,,,,.2271996,,,,,,,1,IMF_FPP,,
GBR,United Kingdom,1835,.4245996,,,,,.4245996,,,,,,,1,IMF_FPP,,
GBR,United Kingdom,1836,.5910206,,,,,.5910206,,,,,,,1,IMF_FPP,,
GBR,United Kingdom,1837,-.2065001,,,,,-.2065001,,,,,,,1,IMF_FPP,,
GBR,United Kingdom,1838,-.1924696,,,,,-.1924696,,,,,,,1,IMF_FPP,,
GBR,United Kingdom,1839,-.1820192,,,,,-.1820192,,,,,,,1,IMF_FPP,,
GBR,United Kingdom,1840,-.1961002,,,,,-.1961002,,,,,,,1,IMF_FPP,,
GBR,United Kingdom,1841,-.4154997,,,,,-.4154997,,,,,,,1,IMF_FPP,,
GBR,United Kingdom,1842,-.8708,,,,,-.8708,,,,,,,1,IMF_FPP,,
GBR,United Kingdom,1843,.4359999,,,,,.4359999,,,,,,,1,IMF_FPP,,
GBR,United Kingdom,1844,.5929995,,,,,.5929995,,,,,,,1,IMF_FPP,,
GBR,United Kingdom,1845,.5587997,,,,,.5587997,,,,,,,1,IMF_FPP,,
GBR,United Kingdom,1846,.5171595,,,,,.5171595,,,,,,,1,IMF_FPP,,
GBR,United Kingdom,1847,-6.12988,,,,,-6.12988,,,,,,,1,IMF_FPP,,
GBR,United Kingdom,1848,-.1724997,,,,,-.1724997,,,,,,,1,IMF_FPP,,
GBR,United Kingdom,1849,.3403101,,,,,.3403101,,,,,,,1,IMF_FPP,,
GBR,United Kingdom,1850,.3743992,,,,,.3743992,,,,,,,1,IMF_FPP,,
GBR,United Kingdom,1851,.35392,,,,,.35392,,,,,,,1,IMF_FPP,,
GBR,United Kingdom,1852,.3496504,,,,,.3496504,,,,,,,1,IMF_FPP,,
GBR,United Kingdom,1853,.5048704,,,,,.5048704,,,,,,,1,IMF_FPP,,
GBR,United Kingdom,1854,-3.3923,,,,,-3.3923,,,,,,,1,IMF_FPP,,
GBR,United Kingdom,1855,-3.5664,,,,,-3.5664,,,,,,,1,IMF_FPP,,
GBR,United Kingdom,1856,-.5952997,,,,,-.5952997,,,,,,,1,IMF_FPP,,
GBR,United Kingdom,1857,-.1497002,,,,,-.1497002,,,,,,,1,IMF_FPP,,
GBR,United Kingdom,1858,-.1545496,,,,,-.1545496,,,,,,,1,IMF_FPP,,
GBR,United Kingdom,1859,,,,,,,,,,,,,1,IMF_FPP,,
GBR,United Kingdom,1860,-.4299002,,,,,-.4299002,,,,,,,1,IMF_FPP,,
GBR,United Kingdom,1861,-.4039001,,,,,-.4039001,,,,,,,1,IMF_FPP,,
GBR,United Kingdom,1862,-.1325006,,,,,-.1325006,,,,,,,1,IMF_FPP,,
GBR,United Kingdom,1863,,,,,,,,,,,,,1,IMF_FPP,,
GBR,United Kingdom,1864,.2396402,,,,,.2396402,,,,,,,1,IMF_FPP,,
GBR,United Kingdom,1865,,,,,,,,,,,,,1,IMF_FPP,,
GBR,United Kingdom,1866,.1111803,,,,,.1111803,,,,,,,1,IMF_FPP,,
GBR,United Kingdom,1867,-.4506998,,,,,-.4506998,,,,,,,1,IMF_FPP,,
GBR,United Kingdom,1868,-.45121,,,,,-.45121,,,,,,,1,IMF_FPP,,
GBR,United Kingdom,1869,.7747798,,,,,.7747798,,,,,,,1,IMF_FPP,,
GBR,United Kingdom,1870,,,,,,,,,,,,,1,IMF_FPP,,
GBR,United Kingdom,1871,.29146,,,,,.29146,,,,,,,1,IMF_FPP,,
GBR,United Kingdom,1872,.5488701,,,,,.5488701,,,,,,,1,IMF_FPP,,
GBR,United Kingdom,1873,,,,,,,,,,,,,1,IMF_FPP,,
GBR,United Kingdom,1874,.0866499,,,,,.0866499,,,,,,,1,IMF_FPP,,
GBR,United Kingdom,1875,,,,,,,,,,,,,1,IMF_FPP,,
GBR,United Kingdom,1876,.09024,,,,,.09024,,,,,,,1,IMF_FPP,,
GBR,United Kingdom,1877,-.1811399,,,,,-.1811399,,,,,,,1,IMF_FPP,,
GBR,United Kingdom,1878,-.1844697,,,,,-.1844697,,,,,,,1,IMF_FPP,,
GBR,United Kingdom,1879,-.86022,,,,,-.86022,,,,,,,1,IMF_FPP,,
GBR,United Kingdom,1880,.1002297,,,,,.1002297,,,,,,,1,IMF_FPP,,
GBR,United Kingdom,1881,.0572901,,,,,.0572901,,,,,,,1,IMF_FPP,,
GBR,United Kingdom,1882,.0241103,,,,,.0241103,,,,,,,1,IMF_FPP,,
GBR,United Kingdom,1883,.0608301,,,,,.0608301,,,,,,,1,IMF_FPP,,
GBR,United Kingdom,1884,-.0388503,,,,,-.0388503,,,,,,,1,IMF_FPP,,
GBR,United Kingdom,1885,-.21172,,,,,-.21172,,,,,,,1,IMF_FPP,,
GBR,United Kingdom,1886,.0651498,,,,,.0651498,,,,,,,1,IMF_FPP,,
GBR,United Kingdom,1887,.2456403,,,,,.2456403,,,,,,,1,IMF_FPP,,
GBR,United Kingdom,1888,.2672997,,,,,.2672997,,,,,,,1,IMF_FPP,,
GBR,United Kingdom,1889,.3007503,,,,,.3007503,,,,,,,1,IMF_FPP,,
GBR,United Kingdom,1890,.22579,,,,,.22579,,,,,,,1,IMF_FPP,,
GBR,United Kingdom,1891,.1858501,,,,,.1858501,,,,,,,1,IMF_FPP,,
GBR,United Kingdom,1892,.1364999,,,,,.1364999,,,,,,,1,IMF_FPP,,
GBR,United Kingdom,1893,-.00737,,,,,-.00737,,,,,,,1,IMF_FPP,,
GBR,United Kingdom,1894,.0627599,,,,,.0627599,,,,,,,1,IMF_FPP,,
GBR,United Kingdom,1895,.29882,,,,,.29882,,,,,,,1,IMF_FPP,,
GBR,United Kingdom,1896,.1710601,,,,,.1710601,,,,,,,1,IMF_FPP,,
GBR,United Kingdom,1897,.2523198,,,,,.2523198,,,,,,,1,IMF_FPP,,
GBR,United Kingdom,1898,.0123701,,,,,.0123701,,,,,,,1,IMF_FPP,,
GBR,United Kingdom,1899,-.7885695,,,,,-.7885695,,,,,,,1,IMF_FPP,,
GBR,United Kingdom,1900,-2.95986,,,,,-2.95986,,,,,,,1,IMF_FPP,,
GBR,United Kingdom,1901,-2.74437,,,,,-2.74437,,,,,,,1,IMF_FPP,,
GBR,United Kingdom,1902,-1.77459,,,,,-1.77459,,,,,,,1,IMF_FPP,,
GBR,United Kingdom,1903,-.2171507,,,,,-.2171507,,,,,,,1,IMF_FPP,,
GBR,United Kingdom,1904,.1972303,,,,,.1972303,,,,,,,1,IMF_FPP,,
GBR,United Kingdom,1905,.3564,,,,,.3564,,,,,,,1,IMF_FPP,,
GBR,United Kingdom,1906,.5774198,,,,,.5774198,,,,,,,1,IMF_FPP,,
GBR,United Kingdom,1907,.6559801,,,,,.6559801,,,,,,,1,IMF_FPP,,
GBR,United Kingdom,1908,.3439498,,,,,.3439498,,,,,,,1,IMF_FPP,,
GBR,United Kingdom,1909,-1.25311,,,,,-1.25311,,,,,,,1,IMF_FPP,,
GBR,United Kingdom,1910,1.754391,,,,,1.754391,,,,,,,1,IMF_FPP,,
GBR,United Kingdom,1911,.5085497,,,,,.5085497,,,,,,,1,IMF_FPP,,
GBR,United Kingdom,1912,.2175903,,,,,.2175903,,,,,,,1,IMF_FPP,,
GBR,United Kingdom,1913,.2506399,,,,,.2506399,,,,,,,1,IMF_FPP,,
GBR,United Kingdom,1914,-14.59856,,,,,-14.59856,,,,,,,1,IMF_FPP,,
GBR,United Kingdom,1915,-29.9845,,,,,-29.9845,,,,,,,1,IMF_FPP,,
GBR,United Kingdom,1916,-50.5816,,,,,-50.5816,,,,,,,1,IMF_FPP,,
GBR,United Kingdom,1917,-48.8076,,,,,-48.8076,,,,,,,1,IMF_FPP,,
GBR,United Kingdom,1918,-34.407,,,,,-34.407,,,,,,,1,IMF_FPP,,
GBR,United Kingdom,1919,-6.2773,,,,,-6.2773,,,,,,,1,IMF_FPP,,
GBR,United Kingdom,1920,4.1994,,,,,4.1994,,,,,,,1,IMF_FPP,,
GBR,United Kingdom,1921,1.153,,,,,1.153,,,,,,,1,IMF_FPP,,
GBR,United Kingdom,1922,2.4503,,,,,2.4503,,,,,,,1,IMF_FPP,,
GBR,United Kingdom,1923,2.2265,,,,,2.2265,,,,,,,1,IMF_FPP,,
GBR,United Kingdom,1924,1.188101,,,,,1.188101,,,,,,,1,IMF_FPP,,
GBR,United Kingdom,1925,.8398991,,,,,.8398991,,,,,,,1,IMF_FPP,,
GBR,United Kingdom,1926,.5951004,,,,,.5951004,,,,,,,1,IMF_FPP,,
GBR,United Kingdom,1927,1.6234,,,,,1.6234,,,,,,,1,IMF_FPP,,
GBR,United Kingdom,1928,1.754301,,,,,1.754301,,,,,,,1,IMF_FPP,,
GBR,United Kingdom,1929,.7515984,,,,,.7515984,,,,,,,1,IMF_FPP,,
GBR,United Kingdom,1930,1.009001,,,,,1.009001,,,,,,,1,IMF_FPP,,
GBR,United Kingdom,1931,.7991009,,,,,.7991009,,,,,,,1,IMF_FPP,,
GBR,United Kingdom,1932,-.1536999,,,,,-.1536999,,,,,,,1,IMF_FPP,,
GBR,United Kingdom,1933,.9911995,,,,,.9911995,,,,,,,1,IMF_FPP,,
GBR,United Kingdom,1934,.4780006,,,,,.4780006,,,,,,,1,IMF_FPP,,
GBR,United Kingdom,1935,.3658009,,,,,.3658009,,,,,,,1,IMF_FPP,,
GBR,United Kingdom,1936,.1749001,,,,,.1749001,,,,,,,1,IMF_FPP,,
GBR,United Kingdom,1937,.8153,,,,,.8153,,,,,,,1,IMF_FPP,,
GBR,United Kingdom,1938,,,,,,,,,,,,,1,IMF_FPP,,
GBR,United Kingdom,1939,-2.990099,,,,,-2.990099,,,,,,,1,IMF_FPP,,
GBR,United Kingdom,1940,-12.0994,,,,,-12.0994,,,,,,,1,IMF_FPP,,
GBR,United Kingdom,1941,-31.9609,,,,,-31.9609,,,,,,,1,IMF_FPP,,
GBR,United Kingdom,1942,-31.5765,,,,,-31.5765,,,,,,,1,IMF_FPP,,
GBR,United Kingdom,1943,-33.291,,,,,-33.291,,,,,,,1,IMF_FPP,,
GBR,United Kingdom,1944,-29.6827,,,,,-29.6827,,,,,,,1,IMF_FPP,,
GBR,United Kingdom,1945,-30.9041,,,,,-30.9041,,,,,,,1,IMF_FPP,,
GBR,United Kingdom,1946,-22.519,,,,,-22.519,,,,,,,1,IMF_FPP,,
GBR,United Kingdom,1947,-15.7644,,,,,-15.7644,,,,,,,1,IMF_FPP,,
GBR,United Kingdom,1948,-.3872986,,,,,-.3872986,,,,,,,1,IMF_FPP,,
GBR,United Kingdom,1949,3.011299,,,,,3.011299,,,,,,,1,IMF_FPP,,
GBR,United Kingdom,1950,.3414993,,,,,.3414993,,,,,,,1,IMF_FPP,,
GBR,United Kingdom,1951,2.027599,,,,,2.027599,,,,,,,1,IMF_FPP,,
GBR,United Kingdom,1952,-1.264898,,,,,-1.264898,,,,,,,1,IMF_FPP,,
GBR,United Kingdom,1953,-2.8444,,,,,-2.8444,,,,,,,1,IMF_FPP,,
GBR,United Kingdom,1954,-1.6525,,,,,-1.6525,,,,,,,1,IMF_FPP,,
GBR,United Kingdom,1955,-.3894997,,,,,-.3894997,,,,,,,1,IMF_FPP,,
GBR,United Kingdom,1956,.5531998,,,,,.5531998,,,,,,,1,IMF_FPP,,
GBR,United Kingdom,1957,-1.040701,,,,,-1.040701,,,,,,,1,IMF_FPP,,
GBR,United Kingdom,1958,-1.7341,,,,,-1.7341,,,,,,,1,IMF_FPP,,
GBR,United Kingdom,1959,-.5839996,,,,,-.5839996,,,,,,,1,IMF_FPP,,
GBR,United Kingdom,1960,-2.752501,,,,,-2.752501,,,,,,,1,IMF_FPP,,
GBR,United Kingdom,1961,.5598011,,,,,.5598011,,,,,,,1,IMF_FPP,,
GBR,United Kingdom,1962,-.4858017,,,,,-.4858017,,,,,,,1,IMF_FPP,,
GBR,United Kingdom,1963,-5.4676,,,,,-5.4676,,,,,,,1,IMF_FPP,,
GBR,United Kingdom,1964,-1.762798,,,,,-1.762798,,,,,,,1,IMF_FPP,,
GBR,United Kingdom,1965,-2.0578,,,,,-2.0578,,,,,,,1,IMF_FPP,,
GBR,United Kingdom,1966,-1.5933,,,,,-1.5933,,,,,,,1,IMF_FPP,,
GBR,United Kingdom,1967,-4.568802,,,,,-4.568802,,,,,,,1,IMF_FPP,,
GBR,United Kingdom,1968,-2.297199,,,,,-2.297199,,,,,,,1,IMF_FPP,,
GBR,United Kingdom,1969,1.026299,,,,,1.026299,,,,,,,1,IMF_FPP,1,2
GBR,United Kingdom,1970,2.773309,,,,,2.6059,,,,2.7733091,,,1,OECD_EO,,
GBR,United Kingdom,1971,1.56179,,,,,1.4758,,,,1.5617901,,,1,OECD_EO,,
GBR,United Kingdom,1972,-1.750881,,,,,-1.657597,,,,-1.7508812,,,1,OECD_EO,,
GBR,United Kingdom,1973,-3.781963,,,,,-4.294399,-3.0125567,,,-3.7819626,,,1,OECD_EO,,
GBR,United Kingdom,1974,-3.72267,,,,,-4.0578,-3.9276944,,,-3.7226698,,,1,OECD_EO,,
GBR,United Kingdom,1975,-4.774943,,,,,-5.079399,-4.7126392,,,-4.7749434,,,1,OECD_EO,,
GBR,United Kingdom,1976,-4.898279,,,,,-5.6138,-4.5055946,,,-4.8982794,,,1,OECD_EO,,
GBR,United Kingdom,1977,-3.452364,,,,,-4.4067,-2.9423645,,,-3.452364,,,1,OECD_EO,,
GBR,United Kingdom,1978,-4.524574,,,,,-6.628601,-4.4571224,,,-4.5245742,,,1,OECD_EO,,
GBR,United Kingdom,1979,-3.670599,,,,,-5.792603,-4.2781959,,,-3.670599,,,1,OECD_EO,,
GBR,United Kingdom,1980,-3.32293,,,,,-5.653999,-3.2957649,-2.836,,-3.3229297,,,1,OECD_EO,,
GBR,United Kingdom,1981,-4.400469,,,,,-7.029701,-3.3906541,-3.769,,-4.4004692,,,1,OECD_EO,,
GBR,United Kingdom,1982,-2.674057,,,,,-5.657398,-1.4926868,-2.271,,-2.6740564,,,1,OECD_EO,,
GBR,United Kingdom,1983,-3.36575,,,,,-6.262501,-2.9324286,-2.871,,-3.3657496,,,1,OECD_EO,,
GBR,United Kingdom,1984,-3.61056,,,,,-6.3871,-2.9813188,-3.16,,-3.6105599,,,1,OECD_EO,,
GBR,United Kingdom,1985,-2.822276,,,,,-5.573097,-1.9480018,-2.478,,-2.8222757,,,1,OECD_EO,,
GBR,United Kingdom,1986,-2.576838,,,,,-2.563301,-1.6648007,-2.335,,-2.5768385,,,1,OECD_EO,,
GBR,United Kingdom,1987,-1.777142,,,,,-1.785202,-1.2274335,-1.671,,-1.7771417,,,1,OECD_EO,,
GBR,United Kingdom,1988,-.0516482,,,,,.4569016,.66044849,.248,,-.05164815,,,1,OECD_EO,,
GBR,United Kingdom,1989,-.0543415,,,,,.7687988,.77249602,.478,,-.05434155,,,1,OECD_EO,,
GBR,United Kingdom,1990,-2.011041,,,,,-1.800999,-1.3255873,-1.535,,-2.0110406,,,1,OECD_EO,,
GBR,United Kingdom,1991,-3.031093,,,,,-3.131001,-2.3370695,-2.766,,-3.0310929,,,1,OECD_EO,,
GBR,United Kingdom,1992,-5.492191,,,,,-6.511101,-4.8570615,-5.407,,-5.4921915,,,1,OECD_EO,,
GBR,United Kingdom,1993,-6.757376,,,,,-7.969501,-6.6406012,-6.624,,-6.7573764,,,1,OECD_EO,,
GBR,United Kingdom,1994,-5.936403,,,,,-6.838398,-5.6770277,-5.741,,-5.9364031,,,1,OECD_EO,,
GBR,United Kingdom,1995,-5.053267,,,,,-5.915203,-7.1469575,-4.988,,-5.0532667,,,1,OECD_EO,,
GBR,United Kingdom,1996,-3.684204,,,,,-4.2617,-5.7356485,-3.647,,-3.6842042,,,1,OECD_EO,,
GBR,United Kingdom,1997,-2.24165,,,,,-2.1749,-4.5929065,-2.126,,-2.2416497,,,1,OECD_EO,,
GBR,United Kingdom,1998,-.4651973,,,,,-.1081009,-3.0166219,-.431,,-.46519733,,,1,OECD_EO,,
GBR,United Kingdom,1999,.5814533,,,,,.9180984,-2.119151,.614,,.58145331,,,1,OECD_EO,,
GBR,United Kingdom,2000,1.310922,,,,,3.591198,-1.5897314,1.332,,1.310922,,,1,OECD_EO,,
GBR,United Kingdom,2001,.1074044,,,,,.4853973,-2.7018632,.315,,.10740445,,,1,OECD_EO,,
GBR,United Kingdom,2002,-2.014203,,,,,-2.078201,-5.0282054,-1.978,,-2.014203,,,1,OECD_EO,,
GBR,United Kingdom,2003,-3.254144,,,,,-3.4007,-6.2747252,-3.238,,-3.254144,,,1,OECD_EO,,
GBR,United Kingdom,2004,-3.200273,,,,,-3.465801,-6.3303839,-3.188,,-3.2002734,,,1,OECD_EO,,
GBR,United Kingdom,2005,-2.920681,,,,,-3.420403,-6.2787534,-3.173,,-2.9206813,,,1,OECD_EO,,
GBR,United Kingdom,2006,-2.840144,,,,,-2.7244,-5.8936658,-2.794,,-2.8401441,,,1,OECD_EO,,
GBR,United Kingdom,2007,-2.738249,,,,,-2.740898,-5.8325678,-2.68,,-2.7382485,,,1,OECD_EO,,
GBR,United Kingdom,2008,-5.234752,,,,,-4.977901,-8.4569528,-5.158,,-5.2347515,,,1,OECD_EO,,
GBR,United Kingdom,2009,-10.18161,,,,,-11.3963,-13.555703,-10.097,,-10.181611,,,1,OECD_EO,,
GBR,United Kingdom,2010,-9.301838,,,,,-10.2814,-6.629996,-9.253,,-9.3018384,,,1,OECD_EO,,
GBR,United Kingdom,2011,-7.42835,,,,,-7.42017,-10.40052,-7.42,,-7.4283497,,,1,OECD_EO,,
GBR,United Kingdom,2012,-8.032607,,,,,-7.495529,-10.685674,-7.496,,-8.0326075,,,1,OECD_EO,,
GBR,United Kingdom,2013,-5.34799,,,,,-5.381728,-7.0374843,-5.382,,-5.3479895,,,1,OECD_EO,,
GBR,United Kingdom,2014,-5.491825,,,,,-5.576012,-7.0709267,-5.576,,-5.4918245,,,1,OECD_EO,,
GBR,United Kingdom,2015,-4.565366,,,,,-4.621616,-5.9806903,-4.622,,-4.5653659,,,1,OECD_EO,,
GBR,United Kingdom,2016,-3.298379,,,,,-3.338497,-4.4699231,-3.338,,-3.298379,,,1,OECD_EO,,
GBR,United Kingdom,2017,-2.462686,,,,,-2.504511,-4.1352098,-2.505,,-2.4626864,,,1,OECD_EO,,
GBR,United Kingdom,2018,-2.232445,,,,,-2.273378,-4.6332674,-2.273,,-2.2324449,,,1,OECD_EO,,
GBR,United Kingdom,2019,-2.458457,,,,,-2.481422,-4.3982755,-2.481,,-2.4584576,,,1,OECD_EO,,
GBR,United Kingdom,2020,-13.04725,,,,,-13.1447,-15.180515,-13.145,,-13.047246,,,1,OECD_EO,,
GBR,United Kingdom,2021,-7.772075,,,,,-7.859674,-9.5526822,-7.86,,-7.7720749,,,1,OECD_EO,,
GBR,United Kingdom,2022,-4.593442,,,,,-4.702964,-6.4752291,-4.703,,-4.5934418,,,1,OECD_EO,,
GBR,United Kingdom,2023,-5.728909,,,,,-5.963841,-7.8033727,,-5.9640002,-5.7289095,,,1,OECD_EO,,
GBR,United Kingdom,2024,-5.591453,,,,,,,,-4.25,-5.5914525,,,1,OECD_EO,,
GBR,United Kingdom,2025,-4.541101,,,,,,,,-3.7409999,-4.5411014,,,1,OECD_EO,,
GBR,United Kingdom,2026,-3.851357,,,,,,,,-3.5350001,-3.8513567,,,1,OECD_EO,,
GBR,United Kingdom,2027,-3.415,,,,,,,,-3.415,,,,1,IMF_WEO_forecast,1,2
GBR,United Kingdom,2028,-3.424,,,,,,,,-3.424,,,,1,IMF_WEO_forecast,,
GBR,United Kingdom,2029,-3.347,,,,,,,,-3.3469999,,,,1,IMF_WEO_forecast,,
GEO,Georgia,1995,-4.888,,,,,-4.888191,-4.2991384,-4.888,,,,,1,IMF_WEO,,
GEO,Georgia,1996,-5.91,,,,,-5.910288,-5.5795826,-5.91,,,,,1,IMF_WEO,,
GEO,Georgia,1997,-6.632,,,,,-6.632475,-5.9710417,-6.632,,,,,1,IMF_WEO,,
GEO,Georgia,1998,-3.963,,,,,-3.962556,-2.649571,-3.963,,,,,1,IMF_WEO,,
GEO,Georgia,1999,-4.703,,,,,-4.703229,-3.0788304,-4.703,,,,,1,IMF_WEO,,
GEO,Georgia,2000,-1.921,-.58414145,,,,-1.920675,-.56820011,-1.921,,,,,1,IMF_WEO,,
GEO,Georgia,2001,-.707,-.53724918,,,,-.7072421,-.52258318,-.707,,,,,1,IMF_WEO,,
GEO,Georgia,2002,-.186,-.88921364,,,,-.1863286,-.86531688,-.186,,,,,1,IMF_WEO,,
GEO,Georgia,2003,-.548,-.8792525,,,,-.5476833,-.85524448,-.548,,,,,1,IMF_WEO,,
GEO,Georgia,2004,3.592,.79700372,,,,3.591742,.77523217,3.592,,,,,1,IMF_WEO,,
GEO,Georgia,2005,2.145,1.395756,,,,2.144569,1.3576176,2.145,,,,,1,IMF_WEO,,
GEO,Georgia,2006,3.284,1.699068,,,,3.283765,1.6526769,3.284,,,,,1,IMF_WEO,,
GEO,Georgia,2007,.809,.31011349,,,,.8091719,.30164618,.809,,,,,1,IMF_WEO,,
GEO,Georgia,2008,-1.922,-2.0099762,,,,-1.92193,-1.9550751,-1.922,,,,,1,IMF_WEO,,
GEO,Georgia,2009,-6.365,-7.6281745,,,,-6.364512,-7.419866,-6.365,,,,,1,IMF_WEO,,
GEO,Georgia,2010,-4.477,-4.2861262,,,,-4.476571,-4.2228305,-4.477,,,,,1,IMF_WEO,,
GEO,Georgia,2011,-.808,-.82774945,,,,-.8077588,-.80806533,-.808,,,,,1,IMF_WEO,,
GEO,Georgia,2012,-.71,-.56817915,,,,-.7096757,-.5545428,-.71,,,,,1,IMF_WEO,,
GEO,Georgia,2013,-1.248,-.54558715,,,,-1.248204,-.53538836,-1.248,,,,,1,IMF_WEO,,
GEO,Georgia,2014,-1.779,-1.9891341,,,,-1.778733,-1.9516178,-1.779,,,,,1,IMF_WEO,,
GEO,Georgia,2015,-1.163,-1.0346245,,,,-1.163179,-1.0162625,-1.163,,,,,1,IMF_WEO,,
GEO,Georgia,2016,-1.49,-1.2487436,,,,-1.489763,-1.2242398,-1.49,,,,,1,IMF_WEO,,
GEO,Georgia,2017,-.452,-.14179991,,,,-.4516063,-.13981695,-.452,,,,,1,IMF_WEO,,
GEO,Georgia,2018,-.803,-.82490005,,,,-.8025604,-.81081037,-.803,,,,,1,IMF_WEO,,
GEO,Georgia,2019,-1.825,-1.6492512,,,,-1.824872,-1.6335425,-1.825,,,,,1,IMF_WEO,,
GEO,Georgia,2020,-9.158,-9.0036409,,,,-9.157584,-8.9092795,-9.158,,,,,1,IMF_WEO,,
GEO,Georgia,2021,-5.972,-5.9385044,,,,-5.972157,-5.8680123,-5.972,,,,,1,IMF_WEO,,
GEO,Georgia,2022,-2.56,-2.2,,,,-2.560079,-2.211637,-2.56,,,,,1,IMF_WEO,,
GEO,Georgia,2023,-1.890061,-2.2,,,,-2.347051,-1.8900613,,-2.3469999,,,,1,IMF_GFS,1,2
GEO,Georgia,2024,-2.503,,,,,,,,-2.503,,,,1,IMF_WEO_forecast,1,2
GEO,Georgia,2025,-2.019,,,,,,,,-2.0190001,,,,1,IMF_WEO_forecast,,
GEO,Georgia,2026,-2.051,,,,,,,,-2.0510001,,,,1,IMF_WEO_forecast,,
GEO,Georgia,2027,-2.065,,,,,,,,-2.0650001,,,,1,IMF_WEO_forecast,,
GEO,Georgia,2028,-2.045,,,,,,,,-2.0450001,,,,1,IMF_WEO_forecast,,
GEO,Georgia,2029,-2.081,,,,,,,,-2.0810001,,,,1,IMF_WEO_forecast,,
GHA,Ghana,1962,-5.03593,,,,,-5.03593,,,,,,,1,IMF_FPP,,
GHA,Ghana,1963,-5.661779,,,,,-5.661779,,,,,,,1,IMF_FPP,,
GHA,Ghana,1964,-3.7233,,,,,-3.7233,,,,,,,1,IMF_FPP,,
GHA,Ghana,1965,-3.2866,,,,,-3.2866,,,,,,,1,IMF_FPP,,
GHA,Ghana,1966,-1.28817,,,,,-1.28817,,,,,,,1,IMF_FPP,,
GHA,Ghana,1967,-2.3211,,,,,-2.3211,,,,,,,1,IMF_FPP,,
GHA,Ghana,1968,-2.33726,,,,,-2.33726,,,,,,,1,IMF_FPP,,
GHA,Ghana,1969,-2.66855,,,,,-2.66855,,,,,,,1,IMF_FPP,,
GHA,Ghana,1970,-2.3489,,,,,-2.3489,,,,,,,1,IMF_FPP,,
GHA,Ghana,1971,.1344004,,,,,.1344004,,,,,,,1,IMF_FPP,,
GHA,Ghana,1972,-2.19286,,,,,-2.19286,,,,,,,1,IMF_FPP,,
GHA,Ghana,1973,-2.63876,,,,,-2.63876,,,,,,,1,IMF_FPP,,
GHA,Ghana,1974,-2.05679,,,,,-2.05679,,,,,,,1,IMF_FPP,,
GHA,Ghana,1975,-4.05487,,,,,-4.05487,,,,,,,1,IMF_FPP,,
GHA,Ghana,1976,-5.52573,,,,,-5.52573,,,,,,,1,IMF_FPP,,
GHA,Ghana,1977,-4.68421,,,,,-4.68421,,,,,,,1,IMF_FPP,,
GHA,Ghana,1978,-1.21101,,,,,-1.21101,,,,,,,1,IMF_FPP,,
GHA,Ghana,1979,-3.60844,,,,,-3.60844,,,,,,,1,IMF_FPP,1,3
GHA,Ghana,1980,-4.899,,,,,-4.898797,,-4.899,,,,,1,IMF_WEO,,
GHA,Ghana,1981,-3.851,,,,,-3.850869,,-3.851,,,,,1,IMF_WEO,,
GHA,Ghana,1982,-2.049,,,,,-2.049472,,-2.049,,,,,1,IMF_WEO,,
GHA,Ghana,1983,-1.182,,,,,-1.182282,,-1.182,,,,,1,IMF_WEO,,
GHA,Ghana,1984,-1.027,,,,,-1.026827,,-1.027,,,,,1,IMF_WEO,,
GHA,Ghana,1985,-1.246,,,,,-1.246033,,-1.246,,,,,1,IMF_WEO,,
GHA,Ghana,1986,-1.352,,,,,-1.351544,,-1.352,,,,,1,IMF_WEO,,
GHA,Ghana,1987,-.997,,,,,-.9965882,,-.997,,,,,1,IMF_WEO,,
GHA,Ghana,1988,-1.165,,,,,-1.164996,,-1.165,,,,,1,IMF_WEO,,
GHA,Ghana,1989,-.875,,,,,-.8751119,,-.875,,,,,1,IMF_WEO,,
GHA,Ghana,1990,-2.075,,,,,-2.074889,,-2.075,,,,,1,IMF_WEO,,
GHA,Ghana,1991,-1.588,,,,,-1.58764,,-1.588,,,,,1,IMF_WEO,,
GHA,Ghana,1992,-4.874,,,,,-4.873863,,-4.874,,,,,1,IMF_WEO,,
GHA,Ghana,1993,-5.866,,,,,-5.866294,,-5.866,,,,,1,IMF_WEO,,
GHA,Ghana,1994,-5.445,,,,,-5.445074,,-5.445,,,,,1,IMF_WEO,,
GHA,Ghana,1995,-4.856,,,,,-4.855772,,-4.856,,,,,1,IMF_WEO,,
GHA,Ghana,1996,-6.029,,,,,-6.028686,,-6.029,,,,,1,IMF_WEO,,
GHA,Ghana,1997,-6.62,,,,,-6.620067,,-6.62,,,,,1,IMF_WEO,,
GHA,Ghana,1998,-5.689,,,,,-5.688725,,-5.689,,,,,1,IMF_WEO,,
GHA,Ghana,1999,-6.089,,,,,-6.088974,,-6.089,,,,,1,IMF_WEO,,
GHA,Ghana,2000,-4.285,,,,,-4.285441,,-4.285,,,,,1,IMF_WEO,,
GHA,Ghana,2001,-3.898,,,,,-3.897887,,-3.898,,,,,1,IMF_WEO,,
GHA,Ghana,2002,-2.922,,,,,-2.922275,,-2.922,,,,,1,IMF_WEO,,
GHA,Ghana,2003,-2.137,,,,,-2.137148,,-2.137,,,,,1,IMF_WEO,,
GHA,Ghana,2004,-2.169,,,,,-2.169126,,-2.169,,,,,1,IMF_WEO,,
GHA,Ghana,2005,-2.01,,,,,-2.009622,,-2.01,,,,,1,IMF_WEO,,
GHA,Ghana,2006,-3.327,,,,,-3.326748,,-3.327,,,,,1,IMF_WEO,,
GHA,Ghana,2007,-5.262,,,,,-5.261936,,-5.262,,,,,1,IMF_WEO,,
GHA,Ghana,2008,-5.906,,,,,-5.906139,,-5.906,,,,,1,IMF_WEO,,
GHA,Ghana,2009,-5.324,,,,,-5.32435,,-5.324,,,,,1,IMF_WEO,,
GHA,Ghana,2010,-7.471,,,,,-7.471213,,-7.471,,,,,1,IMF_WEO,,
GHA,Ghana,2011,-5.473,,,,,-5.472884,,-5.473,,,,,1,IMF_WEO,,
GHA,Ghana,2012,-8.328,,,,,-8.328317,,-8.328,,,,,1,IMF_WEO,,
GHA,Ghana,2013,-9.117,,,,,-9.116926,,-9.117,,,,,1,IMF_WEO,,
GHA,Ghana,2014,-7.812,,,,,-7.811995,,-7.812,,,,,1,IMF_WEO,,
GHA,Ghana,2015,-4.007,,,,,-4.007383,,-4.007,,,,,1,IMF_WEO,,
GHA,Ghana,2016,-6.746,,,,,-6.745808,,-6.746,,,,,1,IMF_WEO,,
GHA,Ghana,2017,-3.966,,,,,-3.966313,,-3.966,,,,,1,IMF_WEO,,
GHA,Ghana,2018,-6.791,,,,,-6.791242,,-6.791,,,,,1,IMF_WEO,,
GHA,Ghana,2019,-7.519,,,,,-7.519201,,-7.519,,,,,1,IMF_WEO,,
GHA,Ghana,2020,-17.443,,,,,-17.44292,,-17.443,,,,,1,IMF_WEO,,
GHA,Ghana,2021,-12.03,,,,,-12.02955,,-12.03,,,,,1,IMF_WEO,,
GHA,Ghana,2022,-11.76,,,,,-11.75989,,-11.76,,,,,1,IMF_WEO,,
GHA,Ghana,2023,-3.550146,,,,,-3.550146,,,-3.55,,,,1,IMF_FPP,1,3
GHA,Ghana,2024,-4.721,,,,,,,,-4.7210002,,,,1,IMF_WEO_forecast,1,3
GHA,Ghana,2025,-3.735,,,,,,,,-3.7349999,,,,1,IMF_WEO_forecast,,
GHA,Ghana,2026,-3.102,,,,,,,,-3.102,,,,1,IMF_WEO_forecast,,
GHA,Ghana,2027,-2.835,,,,,,,,-2.835,,,,1,IMF_WEO_forecast,,
GHA,Ghana,2028,-2.785,,,,,,,,-2.7850001,,,,1,IMF_WEO_forecast,,
GHA,Ghana,2029,-3.064,,,,,,,,-3.0639999,,,,1,IMF_WEO_forecast,,
GIN,Guinea,1990,-3.755,,,,,-3.755477,,-3.755,,,,,1,IMF_WEO,,
GIN,Guinea,1991,-3.248,,,,,-3.248325,,-3.248,,,,,1,IMF_WEO,,
GIN,Guinea,1992,-.96,,,,,-.9595184,,-.96,,,,,1,IMF_WEO,,
GIN,Guinea,1993,-2.332,,,,,-2.332215,,-2.332,,,,,1,IMF_WEO,,
GIN,Guinea,1994,-2.591,,,,,-2.591085,,-2.591,,,,,1,IMF_WEO,,
GIN,Guinea,1995,-1.075,,,,,-1.074723,,-1.075,,,,,1,IMF_WEO,,
GIN,Guinea,1996,-2.201,,,,,-2.201281,,-2.201,,,,,1,IMF_WEO,,
GIN,Guinea,1997,-.065,,,,,-.0654395,,-.065,,,,,1,IMF_WEO,,
GIN,Guinea,1998,2.179,,,,,2.178538,,2.179,,,,,1,IMF_WEO,,
GIN,Guinea,1999,-1.302,,,,,-1.301847,,-1.302,,,,,1,IMF_WEO,,
GIN,Guinea,2000,-2.455,,,,,-2.454891,,-2.455,,,,,1,IMF_WEO,,
GIN,Guinea,2001,-3.308,,,,,-3.308429,,-3.308,,,,,1,IMF_WEO,,
GIN,Guinea,2002,-3.529,,,,,-3.528636,,-3.529,,,,,1,IMF_WEO,,
GIN,Guinea,2003,-4.686,,,,,-4.685691,,-4.686,,,,,1,IMF_WEO,,
GIN,Guinea,2004,-3.884,,,,,-3.883716,,-3.884,,,,,1,IMF_WEO,,
GIN,Guinea,2005,-1.074,,,,,-1.074192,,-1.074,,,,,1,IMF_WEO,,
GIN,Guinea,2006,-2.18,,,,,-2.179952,,-2.18,,,,,1,IMF_WEO,,
GIN,Guinea,2007,1.263,,,,,1.263189,,1.263,,,,,1,IMF_WEO,,
GIN,Guinea,2008,.374,,,,,.374173,,.374,,,,,1,IMF_WEO,,
GIN,Guinea,2009,-4.893,,,,,-4.892582,,-4.893,,,,,1,IMF_WEO,,
GIN,Guinea,2010,-9.661,,,,,-9.661243,,-9.661,,,,,1,IMF_WEO,,
GIN,Guinea,2011,-.936,,,,,-.9357181,,-.936,,,,,1,IMF_WEO,,
GIN,Guinea,2012,23.232,,,,,23.2318,,23.232,,,,,1,IMF_WEO,,
GIN,Guinea,2013,-3.874,,,,,-3.873635,,-3.874,,,,,1,IMF_WEO,,
GIN,Guinea,2014,-3.158,,,,,-3.15791,,-3.158,,,,,1,IMF_WEO,,
GIN,Guinea,2015,-6.551,,,,,-6.550772,,-6.551,,,,,1,IMF_WEO,,
GIN,Guinea,2016,-.147,,,,,-.1473902,,-.147,,,,,1,IMF_WEO,,
GIN,Guinea,2017,-2.062,,,,,-2.061663,,-2.062,,,,,1,IMF_WEO,,
GIN,Guinea,2018,-1.092,,,,,-1.092202,,-1.092,,,,,1,IMF_WEO,,
GIN,Guinea,2019,-.264,,,,,-.2639128,,-.264,,,,,1,IMF_WEO,,
GIN,Guinea,2020,-3.136,,,,,-3.13623,,-3.136,,,,,1,IMF_WEO,,
GIN,Guinea,2021,-1.701,,,,,-1.701491,,-1.701,,,,,1,IMF_WEO,,
GIN,Guinea,2022,-.85,,,,,-.8495533,,-.85,,,,,1,IMF_WEO,,
GIN,Guinea,2023,-1.775008,,,,,-1.775008,,,-1.775,,,,1,IMF_FPP,1,2
GIN,Guinea,2024,-3,,,,,,,,-3,,,,1,IMF_WEO_forecast,1,2
GIN,Guinea,2025,-2.613,,,,,,,,-2.6129999,,,,1,IMF_WEO_forecast,,
GIN,Guinea,2026,-2.572,,,,,,,,-2.572,,,,1,IMF_WEO_forecast,,
GIN,Guinea,2027,-2.502,,,,,,,,-2.5020001,,,,1,IMF_WEO_forecast,,
GIN,Guinea,2028,-2.371,,,,,,,,-2.3710001,,,,1,IMF_WEO_forecast,,
GIN,Guinea,2029,-2.312,,,,,,,,-2.312,,,,1,IMF_WEO_forecast,,
GMB,Gambia,2000,-.091,,,,,,,-.091,,,,,1,IMF_WEO,,
GMB,Gambia,2001,-2.523,,,,,,,-2.523,,,,,1,IMF_WEO,,
GMB,Gambia,2002,.059,,,,,,,.059,,,,,1,IMF_WEO,,
GMB,Gambia,2003,-1.732,,,,,,,-1.732,,,,,1,IMF_WEO,,
GMB,Gambia,2004,-1.766,,,,,,,-1.766,,,,,1,IMF_WEO,,
GMB,Gambia,2005,-3.332,,,,,,,-3.332,,,,,1,IMF_WEO,,
GMB,Gambia,2006,-3.194,,,,,,,-3.194,,,,,1,IMF_WEO,,
GMB,Gambia,2007,.275,,,,,,,.275,,,,,1,IMF_WEO,,
GMB,Gambia,2008,-.454,,,,,,,-.454,,,,,1,IMF_WEO,,
GMB,Gambia,2009,-1.648,,,,,,,-1.648,,,,,1,IMF_WEO,,
GMB,Gambia,2010,-2.928,,,,,,,-2.928,,,,,1,IMF_WEO,,
GMB,Gambia,2011,-3.014,,,,,,,-3.014,,,,,1,IMF_WEO,,
GMB,Gambia,2012,-2.823,,,,,,,-2.823,,,,,1,IMF_WEO,,
GMB,Gambia,2013,-5.065,,,,,,,-5.065,,,,,1,IMF_WEO,,
GMB,Gambia,2014,-3.937,,,,,,,-3.937,,,,,1,IMF_WEO,,
GMB,Gambia,2015,-5.375,,,,,,,-5.375,,,,,1,IMF_WEO,,
GMB,Gambia,2016,-6.224,,,,,,,-6.224,,,,,1,IMF_WEO,,
GMB,Gambia,2017,-4.349,,,,,,,-4.349,,,,,1,IMF_WEO,,
GMB,Gambia,2018,-3.923,,,,,,,-3.923,,,,,1,IMF_WEO,,
GMB,Gambia,2019,-2.746,,,,,,,-2.746,,,,,1,IMF_WEO,,
GMB,Gambia,2020,-2.369,,,,,,,-2.369,,,,,1,IMF_WEO,,
GMB,Gambia,2021,-4.766,,,,,,,-4.766,,,,,1,IMF_WEO,,
GMB,Gambia,2022,-4.946,,,,,,,-4.946,,,,,1,IMF_WEO,,
GMB,Gambia,2023,-3.664,,,,,,,,-3.664,,,,1,IMF_WEO_forecast,1,1
GMB,Gambia,2024,-2.73,,,,,,,,-2.73,,,,1,IMF_WEO_forecast,,
GMB,Gambia,2025,-.31,,,,,,,,-.31,,,,1,IMF_WEO_forecast,,
GMB,Gambia,2026,-.326,,,,,,,,-.32600001,,,,1,IMF_WEO_forecast,,
GMB,Gambia,2027,-.496,,,,,,,,-.49599999,,,,1,IMF_WEO_forecast,,
GMB,Gambia,2028,-.509,,,,,,,,-.509,,,,1,IMF_WEO_forecast,,
GMB,Gambia,2029,-.498,,,,,,,,-.498,,,,1,IMF_WEO_forecast,,
GNB,Guinea-Bissau,1991,1.607,,,,,1.606537,,1.607,,,,,1,IMF_WEO,,
GNB,Guinea-Bissau,1992,-.252,,,,,-.252382,,-.252,,,,,1,IMF_WEO,,
GNB,Guinea-Bissau,1993,-.338,,,,,-.3377477,,-.338,,,,,1,IMF_WEO,,
GNB,Guinea-Bissau,1994,-5.541,,,,,-5.5414,,-5.541,,,,,1,IMF_WEO,,
GNB,Guinea-Bissau,1995,2.45,,,,,2.449644,,2.45,,,,,1,IMF_WEO,,
GNB,Guinea-Bissau,1996,3.478,,,,,3.478053,,3.478,,,,,1,IMF_WEO,,
GNB,Guinea-Bissau,1997,-2.556,,,,,-2.55581,,-2.556,,,,,1,IMF_WEO,,
GNB,Guinea-Bissau,1998,-5.954,,,,,-5.954429,,-5.954,,,,,1,IMF_WEO,,
GNB,Guinea-Bissau,1999,-4.065,,,,,-4.06459,,-4.065,,,,,1,IMF_WEO,,
GNB,Guinea-Bissau,2000,-2.801,,,,,-2.800831,,-2.801,,,,,1,IMF_WEO,,
GNB,Guinea-Bissau,2001,-1.826,,,,,-1.825662,,-1.826,,,,,1,IMF_WEO,,
GNB,Guinea-Bissau,2002,-3.704,,,,,-3.703665,,-3.704,,,,,1,IMF_WEO,,
GNB,Guinea-Bissau,2003,-5.628,,,,,-5.627553,,-5.628,,,,,1,IMF_WEO,,
GNB,Guinea-Bissau,2004,-5.92,,,,,-5.919516,,-5.92,,,,,1,IMF_WEO,,
GNB,Guinea-Bissau,2005,-4.96,,,,,-4.96027,,-4.96,,,,,1,IMF_WEO,,
GNB,Guinea-Bissau,2006,-4.574,,,,,-4.574471,,-4.574,,,,,1,IMF_WEO,,
GNB,Guinea-Bissau,2007,-8.774,,,,,-8.774458,,-8.774,,,,,1,IMF_WEO,,
GNB,Guinea-Bissau,2008,-.735,,,,,-.7348101,,-.735,,,,,1,IMF_WEO,,
GNB,Guinea-Bissau,2009,2.679,,,,,2.679352,,2.679,,,,,1,IMF_WEO,,
GNB,Guinea-Bissau,2010,-.225,,,,,-.2250763,,-.225,,,,,1,IMF_WEO,,
GNB,Guinea-Bissau,2011,-1.354,,,,,-1.353676,,-1.354,,,,,1,IMF_WEO,,
GNB,Guinea-Bissau,2012,-2.123,,,,,-2.122833,,-2.123,,,,,1,IMF_WEO,,
GNB,Guinea-Bissau,2013,-1.673,,,,,-1.672842,,-1.673,,,,,1,IMF_WEO,,
GNB,Guinea-Bissau,2014,-2.436,,,,,-2.435817,,-2.436,,,,,1,IMF_WEO,,
GNB,Guinea-Bissau,2015,-3.161,,,,,-3.161463,,-3.161,,,,,1,IMF_WEO,,
GNB,Guinea-Bissau,2016,-5.341,,,,,-5.341002,,-5.341,,,,,1,IMF_WEO,,
GNB,Guinea-Bissau,2017,-1.321,,,,,-1.320655,,-1.321,,,,,1,IMF_WEO,,
GNB,Guinea-Bissau,2018,-4.764,,,,,-4.764123,,-4.764,,,,,1,IMF_WEO,,
GNB,Guinea-Bissau,2019,-3.861,,,,,-3.861457,,-3.861,,,,,1,IMF_WEO,,
GNB,Guinea-Bissau,2020,-9.638,,,,,-9.63758,,-9.638,,,,,1,IMF_WEO,,
GNB,Guinea-Bissau,2021,-5.882,,,,,-5.881597,,-5.882,,,,,1,IMF_WEO,,
GNB,Guinea-Bissau,2022,-6.05639,,,,,-6.05639,,,-6.0560002,,,,1,IMF_FPP,1,2
GNB,Guinea-Bissau,2023,-8.152103,,,,,-8.152103,,,-8.1520004,,,,1,IMF_FPP,,
GNB,Guinea-Bissau,2024,-3.79,,,,,,,,-3.79,,,,1,IMF_WEO_forecast,1,2
GNB,Guinea-Bissau,2025,-3.007,,,,,,,,-3.007,,,,1,IMF_WEO_forecast,,
GNB,Guinea-Bissau,2026,-2.979,,,,,,,,-2.9790001,,,,1,IMF_WEO_forecast,,
GNB,Guinea-Bissau,2027,-2.972,,,,,,,,-2.9719999,,,,1,IMF_WEO_forecast,,
GNB,Guinea-Bissau,2028,-2.956,,,,,,,,-2.9560001,,,,1,IMF_WEO_forecast,,
GNB,Guinea-Bissau,2029,-2.979,,,,,,,,-2.9790001,,,,1,IMF_WEO_forecast,,
GNQ,Equatorial Guinea,1980,-204.115,,,,,,,-204.115,,,,,1,IMF_WEO,,
GNQ,Equatorial Guinea,1981,-174.92,,,,,,,-174.92,,,,,1,IMF_WEO,,
GNQ,Equatorial Guinea,1982,-184.922,,,,,,,-184.922,,,,,1,IMF_WEO,,
GNQ,Equatorial Guinea,1983,-154.626,,,,,,,-154.626,,,,,1,IMF_WEO,,
GNQ,Equatorial Guinea,1984,-114.382,,,,,,,-114.382,,,,,1,IMF_WEO,,
GNQ,Equatorial Guinea,1985,-89.328,,,,,-89.32804,,-89.328,,,,,1,IMF_WEO,,
GNQ,Equatorial Guinea,1986,-97.301,,,,,-97.30121,,-97.301,,,,,1,IMF_WEO,,
GNQ,Equatorial Guinea,1987,-157.962,,,,,-157.9617,,-157.962,,,,,1,IMF_WEO,,
GNQ,Equatorial Guinea,1988,-208.495,,,,,-208.4945,,-208.495,,,,,1,IMF_WEO,,
GNQ,Equatorial Guinea,1989,-76.171,,,,,-76.17106,,-76.171,,,,,1,IMF_WEO,,
GNQ,Equatorial Guinea,1990,-160.185,,,,,-160.1853,,-160.185,,,,,1,IMF_WEO,,
GNQ,Equatorial Guinea,1991,-236.036,,,,,-236.0355,,-236.036,,,,,1,IMF_WEO,,
GNQ,Equatorial Guinea,1992,-557.499,,,,,-557.4986,,-557.499,,,,,1,IMF_WEO,,
GNQ,Equatorial Guinea,1993,-217.936,,,,,-217.9361,,-217.936,,,,,1,IMF_WEO,,
GNQ,Equatorial Guinea,1994,-487.312,,,,,-487.3124,,-487.312,,,,,1,IMF_WEO,,
GNQ,Equatorial Guinea,1995,-123.416,,,,,-123.4159,,-123.416,,,,,1,IMF_WEO,,
GNQ,Equatorial Guinea,1996,-6.355,,,,,-6.355379,,-6.355,,,,,1,IMF_WEO,,
GNQ,Equatorial Guinea,1997,3.214,,,,,3.213611,,3.214,,,,,1,IMF_WEO,,
GNQ,Equatorial Guinea,1998,-7.651,,,,,-7.651485,,-7.651,,,,,1,IMF_WEO,,
GNQ,Equatorial Guinea,1999,-.191,,,,,-.191128,,-.191,,,,,1,IMF_WEO,,
GNQ,Equatorial Guinea,2000,-2.667,,,,,-2.667315,,-2.667,,,,,1,IMF_WEO,,
GNQ,Equatorial Guinea,2001,14.909,,,,,14.90893,,14.909,,,,,1,IMF_WEO,,
GNQ,Equatorial Guinea,2002,17.594,,,,,17.59413,,17.594,,,,,1,IMF_WEO,,
GNQ,Equatorial Guinea,2003,7.854,,,,,7.85442,,7.854,,,,,1,IMF_WEO,,
GNQ,Equatorial Guinea,2004,13.912,,,,,13.91219,,13.912,,,,,1,IMF_WEO,,
GNQ,Equatorial Guinea,2005,18.547,,,,,18.54692,,18.547,,,,,1,IMF_WEO,,
GNQ,Equatorial Guinea,2006,21.795,,,,,21.79466,,21.795,,,,,1,IMF_WEO,,
GNQ,Equatorial Guinea,2007,17.16,,,,,17.15997,,17.16,,,,,1,IMF_WEO,,
GNQ,Equatorial Guinea,2008,14.614,,,,,14.61374,,14.614,,,,,1,IMF_WEO,,
GNQ,Equatorial Guinea,2009,-6.475,,,,,-6.474637,,-6.475,,,,,1,IMF_WEO,,
GNQ,Equatorial Guinea,2010,-4.533,,,,,-4.533053,,-4.533,,,,,1,IMF_WEO,,
GNQ,Equatorial Guinea,2011,.835,,,,,.834549,,.835,,,,,1,IMF_WEO,,
GNQ,Equatorial Guinea,2012,-7.239,,,,,-7.238723,,-7.239,,,,,1,IMF_WEO,,
GNQ,Equatorial Guinea,2013,-4.403,,,,,-4.403284,,-4.403,,,,,1,IMF_WEO,,
GNQ,Equatorial Guinea,2014,-7.541,,,,,-7.540969,,-7.541,,,,,1,IMF_WEO,,
GNQ,Equatorial Guinea,2015,-15.097,,,,,-15.09709,,-15.097,,,,,1,IMF_WEO,,
GNQ,Equatorial Guinea,2016,-10.917,,,,,-10.91694,,-10.917,,,,,1,IMF_WEO,,
GNQ,Equatorial Guinea,2017,-2.59,,,,,-2.590038,,-2.59,,,,,1,IMF_WEO,,
GNQ,Equatorial Guinea,2018,.522,,,,,.5224679,,.522,,,,,1,IMF_WEO,,
GNQ,Equatorial Guinea,2019,1.824,,,,,1.823553,,1.824,,,,,1,IMF_WEO,,
GNQ,Equatorial Guinea,2020,-1.771,,,,,-1.771039,,-1.771,,,,,1,IMF_WEO,,
GNQ,Equatorial Guinea,2021,2.653,,,,,2.652519,,2.653,,,,,1,IMF_WEO,,
GNQ,Equatorial Guinea,2022,11.84,,,,,11.84025,,11.84,,,,,1,IMF_WEO,,
GNQ,Equatorial Guinea,2023,2.459105,,,,,2.459105,,,2.4590001,,,,1,IMF_FPP,1,2
GNQ,Equatorial Guinea,2024,2.993,,,,,,,,2.993,,,,1,IMF_WEO_forecast,1,2
GNQ,Equatorial Guinea,2025,.322,,,,,,,,.322,,,,1,IMF_WEO_forecast,,
GNQ,Equatorial Guinea,2026,-.855,,,,,,,,-.85500002,,,,1,IMF_WEO_forecast,,
GNQ,Equatorial Guinea,2027,-2.676,,,,,,,,-2.6760001,,,,1,IMF_WEO_forecast,,
GNQ,Equatorial Guinea,2028,-5.973,,,,,,,,-5.973,,,,1,IMF_WEO_forecast,,
GNQ,Equatorial Guinea,2029,-6.639,,,,,,,,-6.6389999,,,,1,IMF_WEO_forecast,,
GRC,Greece,1880,-13.4847,,,,,-13.4847,,,,,,,1,IMF_FPP,,
GRC,Greece,1881,-14.5452,,,,,-14.5452,,,,,,,1,IMF_FPP,,
GRC,Greece,1882,-1.6883,,,,,-1.6883,,,,,,,1,IMF_FPP,,
GRC,Greece,1883,-2.423501,,,,,-2.423501,,,,,,,1,IMF_FPP,,
GRC,Greece,1884,-7.164999,,,,,-7.164999,,,,,,,1,IMF_FPP,,
GRC,Greece,1885,-12.1407,,,,,-12.1407,,,,,,,1,IMF_FPP,,
GRC,Greece,1886,-11.485,,,,,-11.485,,,,,,,1,IMF_FPP,,
GRC,Greece,1887,-4.884899,,,,,-4.884899,,,,,,,1,IMF_FPP,,
GRC,Greece,1888,-3.5895,,,,,-3.5895,,,,,,,1,IMF_FPP,,
GRC,Greece,1889,-15.6637,,,,,-15.6637,,,,,,,1,IMF_FPP,,
GRC,Greece,1890,-11.1797,,,,,-11.1797,,,,,,,1,IMF_FPP,,
GRC,Greece,1891,-6.4849,,,,,-6.4849,,,,,,,1,IMF_FPP,,
GRC,Greece,1892,-2.2827,,,,,-2.2827,,,,,,,1,IMF_FPP,,
GRC,Greece,1893,.1367998,,,,,.1367998,,,,,,,1,IMF_FPP,,
GRC,Greece,1894,2.907099,,,,,2.907099,,,,,,,1,IMF_FPP,,
GRC,Greece,1895,.3668995,,,,,.3668995,,,,,,,1,IMF_FPP,,
GRC,Greece,1896,.8244991,,,,,.8244991,,,,,,,1,IMF_FPP,,
GRC,Greece,1897,-8.4573,,,,,-8.4573,,,,,,,1,IMF_FPP,,
GRC,Greece,1898,-34.4986,,,,,-34.4986,,,,,,,1,IMF_FPP,,
GRC,Greece,1899,.8649006,,,,,.8649006,,,,,,,1,IMF_FPP,,
GRC,Greece,1900,.4118004,,,,,.4118004,,,,,,,1,IMF_FPP,,
GRC,Greece,1901,.1028996,,,,,.1028996,,,,,,,1,IMF_FPP,,
GRC,Greece,1902,-1.668501,,,,,-1.668501,,,,,,,1,IMF_FPP,,
GRC,Greece,1903,-.2171001,,,,,-.2171001,,,,,,,1,IMF_FPP,,
GRC,Greece,1904,-.0416012,,,,,-.0416012,,,,,,,1,IMF_FPP,,
GRC,Greece,1905,.9129009,,,,,.9129009,,,,,,,1,IMF_FPP,,
GRC,Greece,1906,.655899,,,,,.655899,,,,,,,1,IMF_FPP,,
GRC,Greece,1907,-1.2255,,,,,-1.2255,,,,,,,1,IMF_FPP,,
GRC,Greece,1908,-1.535398,,,,,-1.535398,,,,,,,1,IMF_FPP,,
GRC,Greece,1909,-2.636101,,,,,-2.636101,,,,,,,1,IMF_FPP,,
GRC,Greece,1910,-1.5345,,,,,-1.5345,,,,,,,1,IMF_FPP,,
GRC,Greece,1911,-4.605499,,,,,-4.605499,,,,,,,1,IMF_FPP,,
GRC,Greece,1912,-7.4334,,,,,-7.4334,,,,,,,1,IMF_FPP,,
GRC,Greece,1913,-8.96254,,,,,-8.96254,,,,,,,1,IMF_FPP,,
GRC,Greece,1914,,,,,,,,,,,,,1,IMF_FPP,,
GRC,Greece,1915,,,,,,,,,,,,,1,IMF_FPP,,
GRC,Greece,1916,,,,,,,,,,,,,1,IMF_FPP,,
GRC,Greece,1917,,,,,,,,,,,,,1,IMF_FPP,,
GRC,Greece,1918,,,,,,,,,,,,,1,IMF_FPP,,
GRC,Greece,1919,,,,,,,,,,,,,1,IMF_FPP,,
GRC,Greece,1920,,,,,,,,,,,,,1,IMF_FPP,,
GRC,Greece,1921,,,,,,,,,,,,,1,IMF_FPP,,
GRC,Greece,1922,,,,,,,,,,,,,1,IMF_FPP,,
GRC,Greece,1923,,,,,,,,,,,,,1,IMF_FPP,,
GRC,Greece,1924,,,,,,,,,,,,,1,IMF_FPP,,
GRC,Greece,1925,,,,,,,,,,,,,1,IMF_FPP,,
GRC,Greece,1926,,,,,,,,,,,,,1,IMF_FPP,,
GRC,Greece,1927,2.6469,,,,,2.6469,,,,,,,1,IMF_FPP,,
GRC,Greece,1928,-.2723999,,,,,-.2723999,,,,,,,1,IMF_FPP,,
GRC,Greece,1929,-18.6937,,,,,-18.6937,,,,,,,1,IMF_FPP,,
GRC,Greece,1930,-2.232399,,,,,-2.232399,,,,,,,1,IMF_FPP,,
GRC,Greece,1931,-4.0026,,,,,-4.0026,,,,,,,1,IMF_FPP,,
GRC,Greece,1932,-1.7789,,,,,-1.7789,,,,,,,1,IMF_FPP,,
GRC,Greece,1933,-2.790701,,,,,-2.790701,,,,,,,1,IMF_FPP,,
GRC,Greece,1934,.8761997,,,,,.8761997,,,,,,,1,IMF_FPP,,
GRC,Greece,1935,.7168999,,,,,.7168999,,,,,,,1,IMF_FPP,,
GRC,Greece,1936,.950201,,,,,.950201,,,,,,,1,IMF_FPP,,
GRC,Greece,1937,1.0574,,,,,1.0574,,,,,,,1,IMF_FPP,,
GRC,Greece,1938,,,,,,,,,,,,,1,IMF_FPP,,
GRC,Greece,1939,,,,,,,,,,,,,1,IMF_FPP,,
GRC,Greece,1940,,,,,,,,,,,,,1,IMF_FPP,,
GRC,Greece,1941,,,,,,,,,,,,,1,IMF_FPP,,
GRC,Greece,1942,,,,,,,,,,,,,1,IMF_FPP,,
GRC,Greece,1943,,,,,,,,,,,,,1,IMF_FPP,,
GRC,Greece,1944,,,,,,,,,,,,,1,IMF_FPP,,
GRC,Greece,1945,,,,,,,,,,,,,1,IMF_FPP,,
GRC,Greece,1946,,,,,,,,,,,,,1,IMF_FPP,,
GRC,Greece,1947,,,,,,,,,,,,,1,IMF_FPP,,
GRC,Greece,1948,-7.6472,,,,,-7.6472,,,,,,,1,IMF_FPP,,
GRC,Greece,1949,-10.3977,,,,,-10.3977,,,,,,,1,IMF_FPP,,
GRC,Greece,1950,-12.7403,,,,,-12.7403,,,,,,,1,IMF_FPP,,
GRC,Greece,1951,-11.4778,,,,,-11.4778,,,,,,,1,IMF_FPP,,
GRC,Greece,1952,-7.2078,,,,,-7.2078,,,,,,,1,IMF_FPP,,
GRC,Greece,1953,-3.010499,,,,,-3.010499,,,,,,,1,IMF_FPP,,
GRC,Greece,1954,-2.869099,,,,,-2.869099,,,,,,,1,IMF_FPP,,
GRC,Greece,1955,-3.566601,,,,,-3.566601,,,,,,,1,IMF_FPP,,
GRC,Greece,1956,-.3873997,,,,,-.3873997,,,,,,,1,IMF_FPP,,
GRC,Greece,1957,-2.4515,,,,,-2.4515,,,,,,,1,IMF_FPP,,
GRC,Greece,1958,-2.2698,,,,,-2.2698,,,,,,,1,IMF_FPP,,
GRC,Greece,1959,-2.766199,,,,,-2.766199,,,,,,,1,IMF_FPP,,
GRC,Greece,1960,-3.298401,,,,,-3.298401,,,,,,,1,IMF_FPP,,
GRC,Greece,1961,-2.685799,,,,,-2.685799,,,,,,,1,IMF_FPP,,
GRC,Greece,1962,-2.400002,,,,,-2.400002,,,,,,,1,IMF_FPP,,
GRC,Greece,1963,-2.25,,,,,-2.25,,,,,,,1,IMF_FPP,,
GRC,Greece,1964,-2.8906,,,,,-2.8906,,,,,,,1,IMF_FPP,,
GRC,Greece,1965,-2.5513,,,,,-2.5513,,,,,,,1,IMF_FPP,,
GRC,Greece,1966,-2.1675,,,,,-2.1675,,,,,,,1,IMF_FPP,,
GRC,Greece,1967,-2.592899,,,,,-2.592899,,,,,,,1,IMF_FPP,,
GRC,Greece,1968,-3.388899,,,,,-3.388899,,,,,,,1,IMF_FPP,,
GRC,Greece,1969,-6.6523,,,,,-6.6523,,,,,,,1,IMF_FPP,,
GRC,Greece,1970,-3.238401,,,,,-3.238401,,,,,,,1,IMF_FPP,,
GRC,Greece,1971,-3.321699,,,,,-3.321699,,,,,,,1,IMF_FPP,,
GRC,Greece,1972,-4.1649,,,,,-4.1649,,,,,,,1,IMF_FPP,,
GRC,Greece,1973,-3.712601,,,,,-3.712601,,,,,,,1,IMF_FPP,,
GRC,Greece,1974,-4.3911,,,,,-4.3911,,,,,,,1,IMF_FPP,,
GRC,Greece,1975,-5.2971,,,,,-5.2971,,,,,,,1,IMF_FPP,,
GRC,Greece,1976,-5.053999,,,,,-5.053999,,,,,,,1,IMF_FPP,,
GRC,Greece,1977,-5.2099,,,,,-5.2099,,,,,,,1,IMF_FPP,,
GRC,Greece,1978,-5.390501,,,,,-5.390501,,,,,,,1,IMF_FPP,,
GRC,Greece,1979,-2.343741,,,,,-2.343741,,,,,,,1,IMF_FPP,1,4
GRC,Greece,1980,-2.466,,,,,-2.466387,,-2.466,,,,,1,IMF_WEO,,
GRC,Greece,1981,-6.977,,,,,-6.977041,,-6.977,,,,,1,IMF_WEO,,
GRC,Greece,1982,-5.417,,,,,-5.416698,,-5.417,,,,,1,IMF_WEO,,
GRC,Greece,1983,-6.088,,,,,-6.088068,,-6.088,,,,,1,IMF_WEO,,
GRC,Greece,1984,-7.092,,,,,-7.091911,,-7.092,,,,,1,IMF_WEO,,
GRC,Greece,1985,-9.428,,,,,-9.428365,,-9.428,,,,,1,IMF_WEO,,
GRC,Greece,1986,-8.5,,,,,-8.499897,,-8.5,,,,,1,IMF_WEO,,
GRC,Greece,1987,-7.978,,,,,-7.977971,,-7.978,,,,,1,IMF_WEO,,
GRC,Greece,1988,-9.492,,,,,-9.492163,,-9.492,,,,,1,IMF_WEO,,
GRC,Greece,1989,-11.733,,,,,-11.73308,,-11.733,,,,,1,IMF_WEO,,
GRC,Greece,1990,-13.104,,,,,-13.1043,,-13.104,,,,,1,IMF_WEO,,
GRC,Greece,1991,-9.494,,,,,-9.493976,,-9.494,,,,,1,IMF_WEO,,
GRC,Greece,1992,-10.498,,,,,-10.49768,,-10.498,,,,,1,IMF_WEO,,
GRC,Greece,1993,-11.293,,,,,-11.29324,,-11.293,,,,,1,IMF_WEO,,
GRC,Greece,1994,-8.359,,,,,-8.358911,,-8.359,,,,,1,IMF_WEO,1,4
GRC,Greece,1995,-9.9,,,,-9.9,-9.73098,-9.7309797,-9.731,,-9.8682347,,,1,EUS,,
GRC,Greece,1996,-8.4,,,,-8.4,-8.158266,-8.1582661,-8.158,,-8.350544,,,1,EUS,,
GRC,Greece,1997,-6.2,,,,-6.2,-6.056026,-6.0560254,-6.056,,-6.2476842,,,1,EUS,,
GRC,Greece,1998,-6.5,,,,-6.5,-6.268431,-6.2684313,-6.268,,-6.4846366,,,1,EUS,,
GRC,Greece,1999,-6,,,,-6,-5.793464,-5.7934639,-5.793,,-6.0240308,,,1,EUS,,
GRC,Greece,2000,-4.2,,,,-4.2,-4.063087,-4.0630865,-4.063,,-4.2148571,,,1,EUS,,
GRC,Greece,2001,-5.6,,,,-5.6,-5.466057,-5.4660571,-5.466,,-5.6423449,,,1,EUS,,
GRC,Greece,2002,-6.2,,,,-6.2,-6.024074,-6.0240743,-6.024,,-6.1968895,,,1,EUS,,
GRC,Greece,2003,-8,,,,-8,-7.830417,-7.8304172,-7.83,,-8.0467099,,,1,EUS,,
GRC,Greece,2004,-9.1,,,,-9.1,-8.827881,-8.8278808,-8.828,,-9.0526889,,,1,EUS,,
GRC,Greece,2005,-6.3,,,,-6.3,-6.187943,-6.187943,-6.188,,-6.3299198,,,1,EUS,,
GRC,Greece,2006,-6,,,,-6,-5.945977,-5.9459767,-5.946,,-6.044828,,,1,EUS,,
GRC,Greece,2007,-6.8,,,,-6.8,-6.707075,-6.7070744,-6.707,,-6.8068778,,,1,EUS,,
GRC,Greece,2008,-10.3,,,,-10.3,-10.17602,-10.176024,-10.176,,-10.314767,,,1,EUS,,
GRC,Greece,2009,-15.4,,,,-15.4,-15.21507,-15.215072,-15.215,,-15.423608,,,1,EUS,,
GRC,Greece,2010,-11.4,,,,-11.4,-11.39726,-11.397262,-11.397,,-11.424457,,,1,EUS,,
GRC,Greece,2011,-10.5,,,,-10.5,-10.50818,-10.508184,-10.508,,-10.49957,,,1,EUS,,
GRC,Greece,2012,-9.3,,,,-9.3,-6.845716,-9.1893751,-6.846,,-9.3120358,,,1,EUS,,
GRC,Greece,2013,-13.6,,,,-13.6,-4.01897,-13.463091,-4.019,,-13.596917,,,1,EUS,,
GRC,Greece,2014,-3.8,,,,-3.8,-4.264258,-3.7475456,-4.264,,-3.7723247,,,1,EUS,,
GRC,Greece,2015,-5.9,,,,-5.9,-3.01357,-5.8717835,-3.014,,-5.905468,,,1,EUS,,
GRC,Greece,2016,.2,,,,.2,.2800452,.21089526,.28,,.21095087,,,1,EUS,,
GRC,Greece,2017,.7,,,,.7,1.057364,.72525457,1.057,,.72331201,,,1,EUS,,
GRC,Greece,2018,.9,,,,.9,.7830352,.90667234,.783,,.90136129,,,1,EUS,,
GRC,Greece,2019,.8,,,,.8,-.0867206,.83175436,-.087,,.82351772,,,1,EUS,,
GRC,Greece,2020,-9.6,,,,-9.6,-10.56142,-9.7378613,-10.561,,-9.5613273,,,1,EUS,,
GRC,Greece,2021,-7.2,,,,-7.2,-7.507421,-7.3636201,-7.507,,-6.9267386,,,1,EUS,,
GRC,Greece,2022,-2.6,,,,-2.6,-2.489106,-2.5767059,-2.489,,-2.4555674,,,1,EUS,,
GRC,Greece,2023,-1.4,,,,-1.4,-.9097589,-1.4684348,,-.91000003,-1.3152934,,,1,EUS,,
GRC,Greece,2024,1.2,,,,1.2,,,,-1.007,-.78675217,,,1,EUS,,
GRC,Greece,2025,-.6009565,,,,,,,,-.949,-.60095651,,,1,OECD_EO,1,4
GRC,Greece,2026,-.7214803,,,,,,,,-1.054,-.72148028,,,1,OECD_EO,,
GRC,Greece,2027,-1.325,,,,,,,,-1.325,,,,1,IMF_WEO_forecast,1,4
GRC,Greece,2028,-1.469,,,,,,,,-1.469,,,,1,IMF_WEO_forecast,,
GRC,Greece,2029,-1.491,,,,,,,,-1.4910001,,,,1,IMF_WEO_forecast,,
GRD,Grenada,1990,-7.777,,,,,-7.777378,,-7.777,,,,,1,IMF_WEO,,
GRD,Grenada,1991,-4.335,,,,,-4.335324,,-4.335,,,,,1,IMF_WEO,,
GRD,Grenada,1992,-1.457,,,,,-1.457175,,-1.457,,,,,1,IMF_WEO,,
GRD,Grenada,1993,-.157,,,,,-.1569815,,-.157,,,,,1,IMF_WEO,,
GRD,Grenada,1994,-2.846,,,,,-2.846063,,-2.846,,,,,1,IMF_WEO,,
GRD,Grenada,1995,-.461,,,,,-.460711,,-.461,,,,,1,IMF_WEO,,
GRD,Grenada,1996,-3.019,,,,,-3.018867,,-3.019,,,,,1,IMF_WEO,,
GRD,Grenada,1997,-4.94,,,,,-4.939727,,-4.94,,,,,1,IMF_WEO,,
GRD,Grenada,1998,-2.394,,,,,-2.393969,,-2.394,,,,,1,IMF_WEO,,
GRD,Grenada,1999,-1.701,,,,,-1.700514,,-1.701,,,,,1,IMF_WEO,,
GRD,Grenada,2000,-2.071,,,,,-2.07138,,-2.071,,,,,1,IMF_WEO,,
GRD,Grenada,2001,-6.053,,,,,-6.052613,,-6.053,,,,,1,IMF_WEO,,
GRD,Grenada,2002,-13.897,,,,,-13.8971,,-13.897,,,,,1,IMF_WEO,,
GRD,Grenada,2003,-2.814,,,,,-2.814094,,-2.814,,,,,1,IMF_WEO,,
GRD,Grenada,2004,-.575,,,,,-.5747988,,-.575,,,,,1,IMF_WEO,,
GRD,Grenada,2005,.901,,,,,.9008781,,.901,,,,,1,IMF_WEO,,
GRD,Grenada,2006,-5.228,,,,,-5.228357,,-5.228,,,,,1,IMF_WEO,,
GRD,Grenada,2007,-5.907,,,,,-5.90732,,-5.907,,,,,1,IMF_WEO,,
GRD,Grenada,2008,-3.718,,,,,-3.717942,,-3.718,,,,,1,IMF_WEO,,
GRD,Grenada,2009,-4.402,,,,,-4.401825,,-4.402,,,,,1,IMF_WEO,,
GRD,Grenada,2010,-3.348,,,,,-3.348313,,-3.348,,,,,1,IMF_WEO,,
GRD,Grenada,2011,-4.775,,,,,-4.775205,,-4.775,,,,,1,IMF_WEO,,
GRD,Grenada,2012,-5.414,,,,,-5.413766,,-5.414,,,,,1,IMF_WEO,,
GRD,Grenada,2013,-7.25,,,,,-7.24973,,-7.25,,,,,1,IMF_WEO,,
GRD,Grenada,2014,-4.197,,,,,-4.197423,,-4.197,,,,,1,IMF_WEO,,
GRD,Grenada,2015,-.8,,,,,-.7996885,,-.8,,,,,1,IMF_WEO,,
GRD,Grenada,2016,2.693,,,,,2.692904,,2.693,,,,,1,IMF_WEO,,
GRD,Grenada,2017,3.014,,,,,3.014399,,3.014,,,,,1,IMF_WEO,,
GRD,Grenada,2018,4.589,,,,,4.589355,,4.589,,,,,1,IMF_WEO,,
GRD,Grenada,2019,4.97,,,,,4.969731,,4.97,,,,,1,IMF_WEO,,
GRD,Grenada,2020,-4.545,,,,,-4.54453,,-4.545,,,,,1,IMF_WEO,,
GRD,Grenada,2021,.326,,,,,.3259392,,.326,,,,,1,IMF_WEO,,
GRD,Grenada,2022,.9242105,,,,,.9242105,,,.92400002,,,,1,IMF_FPP,1,2
GRD,Grenada,2023,7.980976,,,,,7.980976,,,7.9809999,,,,1,IMF_FPP,,
GRD,Grenada,2024,1.732,,,,,,,,1.732,,,,1,IMF_WEO_forecast,1,2
GRD,Grenada,2025,-7.522,,,,,,,,-7.5219998,,,,1,IMF_WEO_forecast,,
GRD,Grenada,2026,-3.912,,,,,,,,-3.9119999,,,,1,IMF_WEO_forecast,,
GRD,Grenada,2027,-.063,,,,,,,,-.063,,,,1,IMF_WEO_forecast,,
GRD,Grenada,2028,.073,,,,,,,,.073,,,,1,IMF_WEO_forecast,,
GRD,Grenada,2029,.218,,,,,,,,.21799999,,,,1,IMF_WEO_forecast,,
GTM,Guatemala,1995,-.528,,,,,-.5281099,,-.528,,,,,1,IMF_WEO,,
GTM,Guatemala,1996,.037,,,,,.0370667,,.037,,,,,1,IMF_WEO,,
GTM,Guatemala,1997,-.79,,,,,-.7898711,,-.79,,,,,1,IMF_WEO,,
GTM,Guatemala,1998,-2.291,,,,,-2.291333,,-2.291,,,,,1,IMF_WEO,,
GTM,Guatemala,1999,-2.962,,,,,-2.961908,,-2.962,,,,,1,IMF_WEO,,
GTM,Guatemala,2000,-1.877,,,,,-1.876629,,-1.877,,,,,1,IMF_WEO,,
GTM,Guatemala,2001,-2.003,,,,,-2.003346,,-2.003,,,,,1,IMF_WEO,,
GTM,Guatemala,2002,-1.032,,,,,-1.0322,,-1.032,,,,,1,IMF_WEO,,
GTM,Guatemala,2003,-2.469,,,,,-2.468633,,-2.469,,,,,1,IMF_WEO,,
GTM,Guatemala,2004,-1.048,,,,,-1.047615,,-1.048,,,,,1,IMF_WEO,,
GTM,Guatemala,2005,-1.67,,,,,-1.670119,,-1.67,,,,,1,IMF_WEO,,
GTM,Guatemala,2006,-1.878,,,,,-1.878488,,-1.878,,,,,1,IMF_WEO,,
GTM,Guatemala,2007,-1.403,,,,,-1.403012,,-1.403,,,,,1,IMF_WEO,,
GTM,Guatemala,2008,-1.57,,,,,-1.569812,,-1.57,,,,,1,IMF_WEO,,
GTM,Guatemala,2009,-3.12,,,,,-3.120003,,-3.12,,,,,1,IMF_WEO,,
GTM,Guatemala,2010,-3.277,,,,,-3.277254,,-3.277,,,,,1,IMF_WEO,,
GTM,Guatemala,2011,-2.804,,,,,-2.804111,,-2.804,,,,,1,IMF_WEO,,
GTM,Guatemala,2012,-2.416,,,,,-2.41625,,-2.416,,,,,1,IMF_WEO,,
GTM,Guatemala,2013,-2.164,,,,,-2.163821,,-2.164,,,,,1,IMF_WEO,,
GTM,Guatemala,2014,-1.921,,,,,-1.921282,-1.5575658,-1.921,,,,,1,IMF_WEO,,
GTM,Guatemala,2015,-1.472,,,,,-1.472112,-1.0080878,-1.472,,,,,1,IMF_WEO,,
GTM,Guatemala,2016,-1.11,,,,,-1.110089,.01020782,-1.11,,,,,1,IMF_WEO,,
GTM,Guatemala,2017,-1.384,,,,,-1.384181,-.26402258,-1.384,,,,,1,IMF_WEO,,
GTM,Guatemala,2018,-1.881,,,,,-1.880526,-.93819486,-1.881,,,,,1,IMF_WEO,,
GTM,Guatemala,2019,-2.236,,,,,-2.236042,-1.723006,-2.236,,,,,1,IMF_WEO,,
GTM,Guatemala,2020,-4.91,,,,,-4.909562,-3.5743562,-4.91,,,,,1,IMF_WEO,,
GTM,Guatemala,2021,-1.162,,,,,-1.161799,-.62099482,-1.162,,,,,1,IMF_WEO,,
GTM,Guatemala,2022,-1.695,,,,,-1.695334,-1.0212765,-1.695,,,,,1,IMF_WEO,,
GTM,Guatemala,2023,-.7690296,,,,,-1.250601,-.76902958,,-1.251,,,,1,IMF_GFS,1,2
GTM,Guatemala,2024,-1.092,,,,,,,,-1.092,,,,1,IMF_WEO_forecast,1,2
GTM,Guatemala,2025,-2.046,,,,,,,,-2.046,,,,1,IMF_WEO_forecast,,
GTM,Guatemala,2026,-2.023,,,,,,,,-2.023,,,,1,IMF_WEO_forecast,,
GTM,Guatemala,2027,-2.01,,,,,,,,-2.01,,,,1,IMF_WEO_forecast,,
GTM,Guatemala,2028,-2.003,,,,,,,,-2.003,,,,1,IMF_WEO_forecast,,
GTM,Guatemala,2029,-2.037,,,,,,,,-2.0369999,,,,1,IMF_WEO_forecast,,
GUY,Guyana,1997,-1.698,,,,,-1.698401,,-1.698,,,,,1,IMF_WEO,,
GUY,Guyana,1998,-2.67,,,,,-2.669595,,-2.67,,,,,1,IMF_WEO,,
GUY,Guyana,1999,-.469,,,,,-.4690132,,-.469,,,,,1,IMF_WEO,,
GUY,Guyana,2000,-2.273,,,,,-2.273284,,-2.273,,,,,1,IMF_WEO,,
GUY,Guyana,2001,-3.708,,,,,-3.707532,,-3.708,,,,,1,IMF_WEO,,
GUY,Guyana,2002,-2.419,,,,,-2.419075,,-2.419,,,,,1,IMF_WEO,,
GUY,Guyana,2003,-4.81,,,,,-4.810227,,-4.81,,,,,1,IMF_WEO,,
GUY,Guyana,2004,-2.88,,,,,-2.879764,,-2.88,,,,,1,IMF_WEO,,
GUY,Guyana,2005,-6.54,,,,,-6.539738,,-6.54,,,,,1,IMF_WEO,,
GUY,Guyana,2006,-6.163,,,,,-6.162604,,-6.163,,,,,1,IMF_WEO,,
GUY,Guyana,2007,-3.353,,,,,-3.352964,,-3.353,,,,,1,IMF_WEO,,
GUY,Guyana,2008,-2.775,,,,,-2.775228,,-2.775,,,,,1,IMF_WEO,,
GUY,Guyana,2009,-2.499,,,,,-2.499213,,-2.499,,,,,1,IMF_WEO,,
GUY,Guyana,2010,-1.879,,,,,-1.879462,,-1.879,,,,,1,IMF_WEO,,
GUY,Guyana,2011,-2.134,,,,,-2.134032,,-2.134,,,,,1,IMF_WEO,,
GUY,Guyana,2012,-3.111,,,,,-3.11114,,-3.111,,,,,1,IMF_WEO,,
GUY,Guyana,2013,-2.163,,,,,-2.16288,,-2.163,,,,,1,IMF_WEO,,
GUY,Guyana,2014,-3.876,,,,,-3.876292,,-3.876,,,,,1,IMF_WEO,,
GUY,Guyana,2015,-.749,,,,,-.7488884,,-.749,,,,,1,IMF_WEO,,
GUY,Guyana,2016,-3.212,,,,,-3.212492,,-3.212,,,,,1,IMF_WEO,,
GUY,Guyana,2017,-3.135,,,,,-3.135258,,-3.135,,,,,1,IMF_WEO,,
GUY,Guyana,2018,-2.519,,,,,-2.51904,,-2.519,,,,,1,IMF_WEO,,
GUY,Guyana,2019,-2.517,,,,,-2.516897,,-2.517,,,,,1,IMF_WEO,,
GUY,Guyana,2020,-7.782,,,,,-7.781794,,-7.782,,,,,1,IMF_WEO,,
GUY,Guyana,2021,-7.282,,,,,-7.282441,,-7.282,,,,,1,IMF_WEO,,
GUY,Guyana,2022,-5.178,,,,,-5.178216,,-5.178,,,,,1,IMF_WEO,,
GUY,Guyana,2023,-5.739476,,,,,-5.739476,,,-5.7389998,,,,1,IMF_FPP,1,2
GUY,Guyana,2024,-6.235,,,,,,,,-6.2350001,,,,1,IMF_WEO_forecast,1,2
GUY,Guyana,2025,-2.317,,,,,,,,-2.3169999,,,,1,IMF_WEO_forecast,,
GUY,Guyana,2026,-2.173,,,,,,,,-2.1730001,,,,1,IMF_WEO_forecast,,
GUY,Guyana,2027,-1.268,,,,,,,,-1.268,,,,1,IMF_WEO_forecast,,
GUY,Guyana,2028,-.055,,,,,,,,-.055,,,,1,IMF_WEO_forecast,,
GUY,Guyana,2029,.016,,,,,,,,.016,,,,1,IMF_WEO_forecast,,
HKG,Hong Kong,1981,2.8,,,,,,,2.8,,,,,1,IMF_WEO,,
HKG,Hong Kong,1982,-.399,,,,,,,-.399,,,,,1,IMF_WEO,,
HKG,Hong Kong,1983,-1.11,,,,,,,-1.11,,,,,1,IMF_WEO,,
HKG,Hong Kong,1984,.896,,,,,,,.896,,,,,1,IMF_WEO,,
HKG,Hong Kong,1985,1.013,,,,,,,1.013,,,,,1,IMF_WEO,,
HKG,Hong Kong,1986,1.754,,,,,,,1.754,,,,,1,IMF_WEO,,
HKG,Hong Kong,1987,3.041,,,,,,,3.041,,,,,1,IMF_WEO,,
HKG,Hong Kong,1988,3.316,,,,,,,3.316,,,,,1,IMF_WEO,,
HKG,Hong Kong,1989,2.012,,,,,,,2.012,,,,,1,IMF_WEO,,
HKG,Hong Kong,1990,.642,,,,,,,.642,,,,,1,IMF_WEO,,
HKG,Hong Kong,1991,3.127,,,,,,,3.127,,,,,1,IMF_WEO,,
HKG,Hong Kong,1992,2.627,,,,,,,2.627,,,,,1,IMF_WEO,,
HKG,Hong Kong,1993,1.99,,,,,,,1.99,,,,,1,IMF_WEO,,
HKG,Hong Kong,1994,1.015,,,,,,,1.015,,,,,1,IMF_WEO,,
HKG,Hong Kong,1995,-.273,,,,,,,-.273,,,,,1,IMF_WEO,,
HKG,Hong Kong,1996,2.02,,,,,,,2.02,,,,,1,IMF_WEO,,
HKG,Hong Kong,1997,6.318,,,,,,,6.318,,,,,1,IMF_WEO,,
HKG,Hong Kong,1998,-1.801,,,,,,,-1.801,,,,,1,IMF_WEO,,
HKG,Hong Kong,1999,.762,,,,,,,.762,,,,,1,IMF_WEO,,
HKG,Hong Kong,2000,-.587,,,,,,,-.587,,,,,1,IMF_WEO,,
HKG,Hong Kong,2001,-4.836,,,,,,,-4.836,,,,,1,IMF_WEO,,
HKG,Hong Kong,2002,-4.773,-6.6861373,,,,,-6.6861424,-4.773,,,,,1,IMF_WEO,,
HKG,Hong Kong,2003,-3.172,-5.7700954,,,,,-5.7700954,-3.172,,,,,1,IMF_WEO,,
HKG,Hong Kong,2004,-.304,-.9779422,,,,,-.9779422,-.304,,,,,1,IMF_WEO,,
HKG,Hong Kong,2005,.971,1.3738869,,,,.9705661,1.3738869,.971,,,,,1,IMF_WEO,,
HKG,Hong Kong,2006,4,3.8029043,,,,4.000086,3.8029018,4,,,,,1,IMF_WEO,,
HKG,Hong Kong,2007,7.336,6.5139851,,,,7.336107,6.5139851,7.336,,,,,1,IMF_WEO,,
HKG,Hong Kong,2008,.247,.62630052,,,,.2474679,.62630016,.247,,,,,1,IMF_WEO,,
HKG,Hong Kong,2009,1.738,1.092967,,,,1.738341,1.092967,1.738,,,,,1,IMF_WEO,,
HKG,Hong Kong,2010,4.136,4.1406111,,,,4.136196,4.1406111,4.136,,,,,1,IMF_WEO,,
HKG,Hong Kong,2011,3.77,3.7798214,,,,3.769974,3.7798214,3.77,,,,,1,IMF_WEO,,
HKG,Hong Kong,2012,3.143,3.5291565,,,,3.142954,3.5291565,3.143,,,,,1,IMF_WEO,,
HKG,Hong Kong,2013,1.008,.67399178,,,,1.007558,.67399178,1.008,,,,,1,IMF_WEO,,
HKG,Hong Kong,2014,3.592,4.2458756,,,,3.592049,4.2458756,3.592,,,,,1,IMF_WEO,,
HKG,Hong Kong,2015,.595,1.3759861,,,,.5950464,1.3759861,.595,,,,,1,IMF_WEO,,
HKG,Hong Kong,2016,4.387,4.7016821,,,,4.387423,4.7016821,4.387,,,,,1,IMF_WEO,,
HKG,Hong Kong,2017,5.493,6.2866336,,,,5.492648,6.2866336,5.493,,,,,1,IMF_WEO,,
HKG,Hong Kong,2018,2.35,3.5021156,,,,2.349928,3.5021156,2.35,,,,,1,IMF_WEO,,
HKG,Hong Kong,2019,-.583,1.9191416,,,,-.5826133,1.9191416,-.583,,,,,1,IMF_WEO,,
HKG,Hong Kong,2020,-9.229,-8.8908223,,,,-9.229352,-8.8908223,-9.229,,,,,1,IMF_WEO,,
HKG,Hong Kong,2021,.008,.98327286,,,,.0081125,.98327286,.008,,,,,1,IMF_WEO,,
HKG,Hong Kong,2022,-6.575,,,,,-6.574519,-10.085508,-6.575,,,,,1,IMF_WEO,,
HKG,Hong Kong,2023,-5.653,,,,,-5.653316,-6.4730324,-5.653,,,,,1,IMF_WEO,,
HKG,Hong Kong,2024,-4.461,,,,,,,,-4.461,,,,1,IMF_WEO_forecast,1,1
HKG,Hong Kong,2025,-2.465,,,,,,,,-2.4649999,,,,1,IMF_WEO_forecast,,
HKG,Hong Kong,2026,-1.316,,,,,,,,-1.316,,,,1,IMF_WEO_forecast,,
HKG,Hong Kong,2027,.053,,,,,,,,.053,,,,1,IMF_WEO_forecast,,
HKG,Hong Kong,2028,1.123,,,,,,,,1.123,,,,1,IMF_WEO_forecast,,
HKG,Hong Kong,2029,.913,,,,,,,,.91299999,,,,1,IMF_WEO_forecast,,
HND,Honduras,1953,-2.95753,,,,,-2.95753,,,,,,,1,IMF_FPP,,
HND,Honduras,1954,-2.91016,,,,,-2.91016,,,,,,,1,IMF_FPP,,
HND,Honduras,1955,-.4189396,,,,,-.4189396,,,,,,,1,IMF_FPP,,
HND,Honduras,1956,-1.808701,,,,,-1.808701,,,,,,,1,IMF_FPP,,
HND,Honduras,1957,-1.006701,,,,,-1.006701,,,,,,,1,IMF_FPP,,
HND,Honduras,1958,-1.156899,,,,,-1.156899,,,,,,,1,IMF_FPP,,
HND,Honduras,1959,-1.307,,,,,-1.307,,,,,,,1,IMF_FPP,,
HND,Honduras,1960,-1.222,,,,,-1.222,,,,,,,1,IMF_FPP,,
HND,Honduras,1961,-1.0534,,,,,-1.0534,,,,,,,1,IMF_FPP,,
HND,Honduras,1962,-.7096605,,,,,-.7096605,,,,,,,1,IMF_FPP,,
HND,Honduras,1963,-.3902798,,,,,-.3902798,,,,,,,1,IMF_FPP,,
HND,Honduras,1964,-1.772429,,,,,-1.772429,,,,,,,1,IMF_FPP,,
HND,Honduras,1965,.1869001,,,,,.1869001,,,,,,,1,IMF_FPP,,
HND,Honduras,1966,-.4455004,,,,,-.4455004,,,,,,,1,IMF_FPP,,
HND,Honduras,1967,-.7273998,,,,,-.7273998,,,,,,,1,IMF_FPP,,
HND,Honduras,1968,-.3772001,,,,,-.3772001,,,,,,,1,IMF_FPP,,
HND,Honduras,1969,-2.1588,,,,,-2.1588,,,,,,,1,IMF_FPP,,
HND,Honduras,1970,-3.243401,,,,,-3.243401,,,,,,,1,IMF_FPP,,
HND,Honduras,1971,-3.507401,,,,,-3.507401,,,,,,,1,IMF_FPP,,
HND,Honduras,1972,-2.3747,,,,,-2.3747,,,,,,,1,IMF_FPP,,
HND,Honduras,1973,-.7095995,,,,,-.7095995,,,,,,,1,IMF_FPP,,
HND,Honduras,1974,-.2669001,,,,,-.2669001,,,,,,,1,IMF_FPP,,
HND,Honduras,1975,-1.7804,,,,,-1.7804,,,,,,,1,IMF_FPP,,
HND,Honduras,1976,-.9285002,,,,,-.9285002,,,,,,,1,IMF_FPP,,
HND,Honduras,1977,-2.554,,,,,-2.554,,,,,,,1,IMF_FPP,,
HND,Honduras,1978,-.6779995,,,,,-.6779995,,,,,,,1,IMF_FPP,,
HND,Honduras,1979,-1.5527,,,,,-1.5527,,,,,,,1,IMF_FPP,,
HND,Honduras,1980,-2.5211,,,,,-2.5211,,,,,,,1,IMF_FPP,,
HND,Honduras,1981,-2.4991,,,,,-2.4991,,,,,,,1,IMF_FPP,,
HND,Honduras,1982,-6.1748,,,,,-6.1748,,,,,,,1,IMF_FPP,,
HND,Honduras,1983,-9.0991,,,,,-9.0991,,,,,,,1,IMF_FPP,,
HND,Honduras,1984,-9.3282,,,,,-9.3282,,,,,,,1,IMF_FPP,,
HND,Honduras,1985,-8.5838,,,,,-8.5838,,,,,,,1,IMF_FPP,,
HND,Honduras,1986,-5.9241,,,,,-5.9241,,,,,,,1,IMF_FPP,,
HND,Honduras,1987,-3.2321,,,,,-3.2321,,,,,,,1,IMF_FPP,,
HND,Honduras,1988,-2.6515,,,,,-2.6515,,,,,,,1,IMF_FPP,,
HND,Honduras,1989,2.0819,,,,,2.0819,,,,,,,1,IMF_FPP,1,3
HND,Honduras,1990,-2.151,,,,,-2.8416,,-2.151,,,,,1,IMF_WEO,,
HND,Honduras,1991,-2.156,,,,,.5754995,,-2.156,,,,,1,IMF_WEO,,
HND,Honduras,1992,-1.49,,,,,.7356005,,-1.49,,,,,1,IMF_WEO,,
HND,Honduras,1993,-5.209,,,,,-.1884003,,-5.209,,,,,1,IMF_WEO,,
HND,Honduras,1994,-.972,,,,,-3.5461,,-.972,,,,,1,IMF_WEO,,
HND,Honduras,1995,-.244,,,,,-1.430301,,-.244,,,,,1,IMF_WEO,,
HND,Honduras,1996,.127,,,,,-2.671101,,.127,,,,,1,IMF_WEO,,
HND,Honduras,1997,.08,,,,,-2.671,,.08,,,,,1,IMF_WEO,,
HND,Honduras,1998,2.893,,,,,2.893288,,2.893,,,,,1,IMF_WEO,,
HND,Honduras,1999,1.381,,,,,1.38125,,1.381,,,,,1,IMF_WEO,,
HND,Honduras,2000,1.508,,,,,1.508103,,1.508,,,,,1,IMF_WEO,,
HND,Honduras,2001,-3.119,,,,,-3.118871,,-3.119,,,,,1,IMF_WEO,,
HND,Honduras,2002,-5.015,,,,,-5.015399,,-5.015,,,,,1,IMF_WEO,,
HND,Honduras,2003,-5.093,,,,,-5.093454,-2.890298,-5.093,,,,,1,IMF_WEO,,
HND,Honduras,2004,-2.475,,,,,-2.47541,-.98901909,-2.475,,,,,1,IMF_WEO,,
HND,Honduras,2005,-.033,,,,,-.0326523,-.87015653,-.033,,,,,1,IMF_WEO,,
HND,Honduras,2006,-1.355,,,,,-1.355424,.35990945,-1.355,,,,,1,IMF_WEO,,
HND,Honduras,2007,-.254,,,,,-.2537481,-1.1624723,-.254,,,,,1,IMF_WEO,,
HND,Honduras,2008,-.267,,,,,-.2666667,-.26656698,-.267,,,,,1,IMF_WEO,,
HND,Honduras,2009,-4.865,,,,,-4.864852,-4.8651065,-4.865,,,,,1,IMF_WEO,,
HND,Honduras,2010,-3.371,,,,,-3.37128,-3.371424,-3.371,,,,,1,IMF_WEO,,
HND,Honduras,2011,-2.943,,,,,-2.942646,-2.9426297,-2.943,,,,,1,IMF_WEO,,
HND,Honduras,2012,-3.483,,,,,-3.483096,-3.4830891,-3.483,,,,,1,IMF_WEO,,
HND,Honduras,2013,-5.73,,,,,-5.729799,-5.7052714,-5.73,,,,,1,IMF_WEO,,
HND,Honduras,2014,-2.897,,,,,-2.896905,-2.7012667,-2.897,,,,,1,IMF_WEO,,
HND,Honduras,2015,-.781,,,,,-.7811033,-.77961392,-.781,,,,,1,IMF_WEO,,
HND,Honduras,2016,-.397,,,,,-.3973646,,-.397,,,,,1,IMF_WEO,,
HND,Honduras,2017,-.408,,,,,-.4077544,,-.408,,,,,1,IMF_WEO,,
HND,Honduras,2018,.197,,,,,.1972099,,.197,,,,,1,IMF_WEO,,
HND,Honduras,2019,.089,,,,,.0891288,,.089,,,,,1,IMF_WEO,,
HND,Honduras,2020,-4.585,,,,,-4.584564,-4.4072829,-4.585,,,,,1,IMF_WEO,,
HND,Honduras,2021,-3.177,,,,,-3.177258,,-3.177,,,,,1,IMF_WEO,,
HND,Honduras,2022,1.665,,,,,1.664823,,1.665,,,,,1,IMF_WEO,,
HND,Honduras,2023,-1.031645,,,,,-1.031645,,,-1.0319999,,,,1,IMF_FPP,1,3
HND,Honduras,2024,-1.515,,,,,,,,-1.515,,,,1,IMF_WEO_forecast,1,3
HND,Honduras,2025,-1.594,,,,,,,,-1.594,,,,1,IMF_WEO_forecast,,
HND,Honduras,2026,-1.35,,,,,,,,-1.35,,,,1,IMF_WEO_forecast,,
HND,Honduras,2027,-1.029,,,,,,,,-1.029,,,,1,IMF_WEO_forecast,,
HND,Honduras,2028,-1.106,,,,,,,,-1.1059999,,,,1,IMF_WEO_forecast,,
HND,Honduras,2029,-1.066,,,,,,,,-1.066,,,,1,IMF_WEO_forecast,,
HRV,Croatia,1992,-5.691,,,,,-5.69088,,-5.691,,,,,1,IMF_WEO,,
HRV,Croatia,1993,-2.671,,,,,-2.670623,,-2.671,,,,,1,IMF_WEO,,
HRV,Croatia,1994,-.817,,,,,-.8166106,,-.817,,,,,1,IMF_WEO,1,3
HRV,Croatia,1995,-.5,,,,-.5,-4.231765,-.49852787,-4.232,,-.49248804,,,1,EUS,,
HRV,Croatia,1996,-4.9,,,,-4.9,-4.407654,-4.9394168,-4.408,,-4.8794016,,,1,EUS,,
HRV,Croatia,1997,1.4,,,,1.4,-4.935803,1.3620457,-4.936,,1.3521353,,,1,EUS,,
HRV,Croatia,1998,-.8,,,,-.8,-6.362621,-.83026889,-6.363,,-.82166515,,,1,EUS,,
HRV,Croatia,1999,-8.7,,,,-8.7,-11.11415,-8.8222559,-11.114,,-8.74218,,,1,EUS,,
HRV,Croatia,2000,-8.8,,,,-8.8,-9.200267,-8.815427,-9.2,,-8.8131334,,,1,EUS,,
HRV,Croatia,2001,-4.6,,,,-4.6,-4.792621,-4.56,-4.793,,-4.5589748,,,1,EUS,,
HRV,Croatia,2002,-4.6,,,,-4.6,-4.89858,-4.5897237,-4.899,,-4.5898706,,,1,EUS,,
HRV,Croatia,2003,-4.6,,,,-4.6,-5.026628,-4.5935194,-5.027,,-4.5953683,,,1,EUS,,
HRV,Croatia,2004,-5.7,,,,-5.7,-6.091298,-5.7293153,-6.091,,-5.7315463,,,1,EUS,,
HRV,Croatia,2005,-3,,,,-3,-3.241137,-3.0311403,-3.241,,-3.0322314,,,1,EUS,,
HRV,Croatia,2006,-1.9,,,,-1.9,-2.008,-1.8583869,-2.008,,-1.8584527,,,1,EUS,,
HRV,Croatia,2007,-2.1,,,,-2.1,-2.279186,-2.120232,-2.279,,-2.1207539,,,1,EUS,,
HRV,Croatia,2008,-2.3,,,,-2.3,-2.336767,-2.3277527,-2.337,,-2.3295245,,,1,EUS,,
HRV,Croatia,2009,-7,,,,-7,-7.177224,-7.0148248,-7.177,,-6.9894795,,,1,EUS,,
HRV,Croatia,2010,-6.6,,,,-6.6,-6.489793,-6.6556262,-6.49,,-6.6399965,,,1,EUS,,
HRV,Croatia,2011,-7.6,,,,-7.6,-7.548622,-7.6111592,-7.549,,-7.5946882,,,1,EUS,,
HRV,Croatia,2012,-5.5,,,,-5.5,-5.474768,-5.4832718,-5.475,,-5.4700939,,,1,EUS,,
HRV,Croatia,2013,-5.5,,,,-5.5,-5.548151,-5.5191781,-5.548,,-5.4950316,,,1,EUS,,
HRV,Croatia,2014,-5.1,,,,-5.1,-5.205895,-5.1424743,-5.206,,-5.1324006,,,1,EUS,,
HRV,Croatia,2015,-3.5,,,,-3.5,-3.528145,-3.4752915,-3.528,,-3.4760785,,,1,EUS,,
HRV,Croatia,2016,-1,,,,-1,-1.026298,-1.0403593,-1.026,,-1.0416303,,,1,EUS,,
HRV,Croatia,2017,.6,,,,.6,.8532574,.54557125,.853,,.54749614,,,1,EUS,,
HRV,Croatia,2018,-.1,,,,-.1,.2710958,-.04276441,.271,,-.04289801,,,1,EUS,,
HRV,Croatia,2019,.2,,,,.2,2.295972,.22456661,2.296,,.22620361,,,1,EUS,,
HRV,Croatia,2020,-7.2,,,,-7.2,-7.234047,-7.1997175,-7.234,,-7.2323337,,,1,EUS,,
HRV,Croatia,2021,-2.6,,,,-2.6,-2.521156,-2.5296517,-2.521,,-2.551295,,,1,EUS,,
HRV,Croatia,2022,.1,,,,.1,.1313346,.13850091,.131,,.13976175,,,1,EUS,,
HRV,Croatia,2023,-.8,,,,-.8,-.7596244,-.87275212,,-.75999999,-.85510955,,,1,EUS,,
HRV,Croatia,2024,-1.9,,,,-1.9,,,,-2.5250001,-2.1441567,,,1,EUS,,
HRV,Croatia,2025,-2.111073,,,,,,,,-1.898,-2.1110726,,,1,OECD_EO,1,3
HRV,Croatia,2026,-2.036923,,,,,,,,-1.571,-2.0369229,,,1,OECD_EO,,
HRV,Croatia,2027,-1.471,,,,,,,,-1.471,,,,1,IMF_WEO_forecast,1,3
HRV,Croatia,2028,-1.386,,,,,,,,-1.386,,,,1,IMF_WEO_forecast,,
HRV,Croatia,2029,-1.272,,,,,,,,-1.272,,,,1,IMF_WEO_forecast,,
HTI,Haiti,1924,-.1399999,,,,,-.1399999,,,,,,,1,IMF_FPP,,
HTI,Haiti,1925,.0500002,,,,,.0500002,,,,,,,1,IMF_FPP,,
HTI,Haiti,1926,-.45,,,,,-.45,,,,,,,1,IMF_FPP,,
HTI,Haiti,1927,.73,,,,,.73,,,,,,,1,IMF_FPP,,
HTI,Haiti,1928,-.25,,,,,-.25,,,,,,,1,IMF_FPP,,
HTI,Haiti,1929,-.3199999,,,,,-.3199999,,,,,,,1,IMF_FPP,,
HTI,Haiti,1930,,,,,,,,,,,,,1,IMF_FPP,,
HTI,Haiti,1931,-.49,,,,,-.49,,,,,,,1,IMF_FPP,,
HTI,Haiti,1932,.4000001,,,,,.4000001,,,,,,,1,IMF_FPP,,
HTI,Haiti,1933,,,,,,,,,,,,,1,IMF_FPP,,
HTI,Haiti,1934,-1.23,,,,,-1.23,,,,,,,1,IMF_FPP,,
HTI,Haiti,1935,-.2,,,,,-.2,,,,,,,1,IMF_FPP,,
HTI,Haiti,1936,-.0599999,,,,,-.0599999,,,,,,,1,IMF_FPP,,
HTI,Haiti,1937,-.0800002,,,,,-.0800002,,,,,,,1,IMF_FPP,,
HTI,Haiti,1938,,,,,,,,,,,,,1,IMF_FPP,,
HTI,Haiti,1939,-.1600001,,,,,-.1600001,,,,,,,1,IMF_FPP,,
HTI,Haiti,1940,.1300001,,,,,.1300001,,,,,,,1,IMF_FPP,,
HTI,Haiti,1941,-.21,,,,,-.21,,,,,,,1,IMF_FPP,,
HTI,Haiti,1942,,,,,,,,,,,,,1,IMF_FPP,,
HTI,Haiti,1943,,,,,,,,,,,,,1,IMF_FPP,,
HTI,Haiti,1944,,,,,,,,,,,,,1,IMF_FPP,,
HTI,Haiti,1945,.47085,,,,,.47085,,,,,,,1,IMF_FPP,,
HTI,Haiti,1946,.5141702,,,,,.5141702,,,,,,,1,IMF_FPP,,
HTI,Haiti,1947,1.05825,,,,,1.05825,,,,,,,1,IMF_FPP,,
HTI,Haiti,1948,.2107902,,,,,.2107902,,,,,,,1,IMF_FPP,,
HTI,Haiti,1949,-.1238799,,,,,-.1238799,,,,,,,1,IMF_FPP,1,3
HTI,Haiti,1950,,,,,,,,,,,,,1,IMF_WEO,,
HTI,Haiti,1951,,,,,,,,,,,,,1,IMF_WEO,,
HTI,Haiti,1952,,,,,,,,,,,,,1,IMF_WEO,,
HTI,Haiti,1953,,,,,,,,,,,,,1,IMF_WEO,,
HTI,Haiti,1954,,,,,,,,,,,,,1,IMF_WEO,,
HTI,Haiti,1955,,,,,,,,,,,,,1,IMF_WEO,,
HTI,Haiti,1956,,,,,,,,,,,,,1,IMF_WEO,,
HTI,Haiti,1957,,,,,,,,,,,,,1,IMF_WEO,,
HTI,Haiti,1958,,,,,,,,,,,,,1,IMF_WEO,,
HTI,Haiti,1959,,,,,,,,,,,,,1,IMF_WEO,,
HTI,Haiti,1960,,,,,,,,,,,,,1,IMF_WEO,,
HTI,Haiti,1961,,,,,,,,,,,,,1,IMF_WEO,,
HTI,Haiti,1962,,,,,,,,,,,,,1,IMF_WEO,,
HTI,Haiti,1963,,,,,,,,,,,,,1,IMF_WEO,,
HTI,Haiti,1964,,,,,,,,,,,,,1,IMF_WEO,,
HTI,Haiti,1965,,,,,,,,,,,,,1,IMF_WEO,,
HTI,Haiti,1966,,,,,,,,,,,,,1,IMF_WEO,,
HTI,Haiti,1967,,,,,,,,,,,,,1,IMF_WEO,,
HTI,Haiti,1968,,,,,,,,,,,,,1,IMF_WEO,,
HTI,Haiti,1969,,,,,,,,,,,,,1,IMF_WEO,,
HTI,Haiti,1970,,,,,,,,,,,,,1,IMF_WEO,,
HTI,Haiti,1971,,,,,,,,,,,,,1,IMF_WEO,,
HTI,Haiti,1972,,,,,,,,,,,,,1,IMF_WEO,,
HTI,Haiti,1973,,,,,,,,,,,,,1,IMF_WEO,,
HTI,Haiti,1974,,,,,,,,,,,,,1,IMF_WEO,,
HTI,Haiti,1975,,,,,,,,,,,,,1,IMF_WEO,,
HTI,Haiti,1976,,,,,,,,,,,,,1,IMF_WEO,,
HTI,Haiti,1977,,,,,,,,,,,,,1,IMF_WEO,,
HTI,Haiti,1978,,,,,,,,,,,,,1,IMF_WEO,,
HTI,Haiti,1979,,,,,,,,,,,,,1,IMF_WEO,,
HTI,Haiti,1980,,,,,,,,,,,,,1,IMF_WEO,,
HTI,Haiti,1981,,,,,,,,,,,,,1,IMF_WEO,,
HTI,Haiti,1982,,,,,,,,,,,,,1,IMF_WEO,,
HTI,Haiti,1983,,,,,,,,,,,,,1,IMF_WEO,,
HTI,Haiti,1984,,,,,,,,,,,,,1,IMF_WEO,,
HTI,Haiti,1985,,,,,,,,,,,,,1,IMF_WEO,,
HTI,Haiti,1986,,,,,,,,,,,,,1,IMF_WEO,,
HTI,Haiti,1987,,,,,,,,,,,,,1,IMF_WEO,,
HTI,Haiti,1988,,,,,,,,,,,,,1,IMF_WEO,,
HTI,Haiti,1989,,,,,,,,,,,,,1,IMF_WEO,,
HTI,Haiti,1990,,,,,,,,,,,,,1,IMF_WEO,,
HTI,Haiti,1991,,,,,,,,,,,,,1,IMF_WEO,,
HTI,Haiti,1992,,,,,,,,,,,,,1,IMF_WEO,,
HTI,Haiti,1993,,,,,,,,,,,,,1,IMF_WEO,,
HTI,Haiti,1994,,,,,,,,,,,,,1,IMF_WEO,,
HTI,Haiti,1995,,,,,,,,,,,,,1,IMF_WEO,,
HTI,Haiti,1996,,,,,,,,,,,,,1,IMF_WEO,,
HTI,Haiti,1997,.373,,,,,.3727491,,.373,,,,,1,IMF_WEO,,
HTI,Haiti,1998,.211,,,,,.2106344,,.211,,,,,1,IMF_WEO,,
HTI,Haiti,1999,-1.544,,,,,-1.543847,,-1.544,,,,,1,IMF_WEO,,
HTI,Haiti,2000,-1.357,,,,,-1.356858,,-1.357,,,,,1,IMF_WEO,,
HTI,Haiti,2001,-1.548,,,,,-1.547886,,-1.548,,,,,1,IMF_WEO,,
HTI,Haiti,2002,-1.8,,,,,-1.80028,,-1.8,,,,,1,IMF_WEO,,
HTI,Haiti,2003,-2.236,,,,,-2.236055,,-2.236,,,,,1,IMF_WEO,,
HTI,Haiti,2004,-1.343,,,,,-1.343125,,-1.343,,,,,1,IMF_WEO,,
HTI,Haiti,2005,-.829,,,,,-.8294258,,-.829,,,,,1,IMF_WEO,,
HTI,Haiti,2006,-.909,,,,,-.9086835,,-.909,,,,,1,IMF_WEO,,
HTI,Haiti,2007,-1.545,,,,,-1.545155,,-1.545,,,,,1,IMF_WEO,,
HTI,Haiti,2008,-1.799,,,,,-1.799033,,-1.799,,,,,1,IMF_WEO,,
HTI,Haiti,2009,-1.996,,,,,-1.996162,,-1.996,,,,,1,IMF_WEO,,
HTI,Haiti,2010,-1.497,,,,,-1.497421,,-1.497,,,,,1,IMF_WEO,,
HTI,Haiti,2011,-1.43,,,,,-1.429845,,-1.43,,,,,1,IMF_WEO,,
HTI,Haiti,2012,-2.712,,,,,-2.711842,,-2.712,,,,,1,IMF_WEO,,
HTI,Haiti,2013,-3.976,,,,,-3.975609,,-3.976,,,,,1,IMF_WEO,,
HTI,Haiti,2014,-3.641,,,,,-3.64057,,-3.641,,,,,1,IMF_WEO,,
HTI,Haiti,2015,-1.472,,,,,-1.472289,,-1.472,,,,,1,IMF_WEO,,
HTI,Haiti,2016,.117,,,,,.1165248,,.117,,,,,1,IMF_WEO,,
HTI,Haiti,2017,-.316,,,,,-.315885,,-.316,,,,,1,IMF_WEO,,
HTI,Haiti,2018,-1.126,,,,,-1.12648,,-1.126,,,,,1,IMF_WEO,,
HTI,Haiti,2019,-1.995,,,,,-1.994547,,-1.995,,,,,1,IMF_WEO,,
HTI,Haiti,2020,-2.111,,,,,-2.111048,,-2.111,,,,,1,IMF_WEO,,
HTI,Haiti,2021,-2.347,,,,,-2.346933,,-2.347,,,,,1,IMF_WEO,,
HTI,Haiti,2022,-1.754,,,,,-1.754313,,-1.754,,,,,1,IMF_WEO,,
HTI,Haiti,2023,.9021072,,,,,.9021072,,,.90200001,,,,1,IMF_FPP,1,3
HTI,Haiti,2024,7.073,,,,,,,,7.073,,,,1,IMF_WEO_forecast,1,3
HTI,Haiti,2025,.044,,,,,,,,.044,,,,1,IMF_WEO_forecast,,
HTI,Haiti,2026,-1.319,,,,,,,,-1.319,,,,1,IMF_WEO_forecast,,
HTI,Haiti,2027,-1.301,,,,,,,,-1.301,,,,1,IMF_WEO_forecast,,
HTI,Haiti,2028,-1.389,,,,,,,,-1.3890001,,,,1,IMF_WEO_forecast,,
HTI,Haiti,2029,-1.537,,,,,,,,-1.5369999,,,,1,IMF_WEO_forecast,,
HUN,Hungary,1928,.1161799,,,,,.1161799,,,,,,,1,IMF_FPP,,
HUN,Hungary,1929,.01632,,,,,.01632,,,,,,,1,IMF_FPP,,
HUN,Hungary,1930,-.2607899,,,,,-.2607899,,,,,,,1,IMF_FPP,,
HUN,Hungary,1931,-.32271,,,,,-.32271,,,,,,,1,IMF_FPP,,
HUN,Hungary,1932,-.22123,,,,,-.22123,,,,,,,1,IMF_FPP,,
HUN,Hungary,1933,-.0314701,,,,,-.0314701,,,,,,,1,IMF_FPP,,
HUN,Hungary,1934,.03563,,,,,.03563,,,,,,,1,IMF_FPP,,
HUN,Hungary,1935,.0310302,,,,,.0310302,,,,,,,1,IMF_FPP,,
HUN,Hungary,1936,.08429,,,,,.08429,,,,,,,1,IMF_FPP,,
HUN,Hungary,1937,-.0135899,,,,,-.0135899,,,,,,,1,IMF_FPP,,
HUN,Hungary,1938,-.1076,,,,,-.1076,,,,,,,1,IMF_FPP,,
HUN,Hungary,1939,.1894102,,,,,.1894102,,,,,,,1,IMF_FPP,,
HUN,Hungary,1940,-.07078,,,,,-.07078,,,,,,,1,IMF_FPP,,
HUN,Hungary,1941,.2009301,,,,,.2009301,,,,,,,1,IMF_FPP,1,4
HUN,Hungary,1942,,,,,,,,,,,,,1,IMF_GFS,,
HUN,Hungary,1943,,,,,,,,,,,,,1,IMF_GFS,,
HUN,Hungary,1944,,,,,,,,,,,,,1,IMF_GFS,,
HUN,Hungary,1945,,,,,,,,,,,,,1,IMF_GFS,,
HUN,Hungary,1946,,,,,,,,,,,,,1,IMF_GFS,,
HUN,Hungary,1947,,,,,,,,,,,,,1,IMF_GFS,,
HUN,Hungary,1948,,,,,,,,,,,,,1,IMF_GFS,,
HUN,Hungary,1949,,,,,,,,,,,,,1,IMF_GFS,,
HUN,Hungary,1950,,,,,,,,,,,,,1,IMF_GFS,,
HUN,Hungary,1951,,,,,,,,,,,,,1,IMF_GFS,,
HUN,Hungary,1952,,,,,,,,,,,,,1,IMF_GFS,,
HUN,Hungary,1953,,,,,,,,,,,,,1,IMF_GFS,,
HUN,Hungary,1954,,,,,,,,,,,,,1,IMF_GFS,,
HUN,Hungary,1955,,,,,,,,,,,,,1,IMF_GFS,,
HUN,Hungary,1956,,,,,,,,,,,,,1,IMF_GFS,,
HUN,Hungary,1957,,,,,,,,,,,,,1,IMF_GFS,,
HUN,Hungary,1958,,,,,,,,,,,,,1,IMF_GFS,,
HUN,Hungary,1959,,,,,,,,,,,,,1,IMF_GFS,,
HUN,Hungary,1960,,,,,,,,,,,,,1,IMF_GFS,,
HUN,Hungary,1961,,,,,,,,,,,,,1,IMF_GFS,,
HUN,Hungary,1962,,,,,,,,,,,,,1,IMF_GFS,,
HUN,Hungary,1963,,,,,,,,,,,,,1,IMF_GFS,,
HUN,Hungary,1964,,,,,,,,,,,,,1,IMF_GFS,,
HUN,Hungary,1965,,,,,,,,,,,,,1,IMF_GFS,,
HUN,Hungary,1966,,,,,,,,,,,,,1,IMF_GFS,,
HUN,Hungary,1967,,,,,,,,,,,,,1,IMF_GFS,,
HUN,Hungary,1968,,,,,,,,,,,,,1,IMF_GFS,,
HUN,Hungary,1969,,,,,,,,,,,,,1,IMF_GFS,,
HUN,Hungary,1970,,,,,,,,,,,,,1,IMF_GFS,,
HUN,Hungary,1971,,,,,,,,,,,,,1,IMF_GFS,,
HUN,Hungary,1972,,,,,,,,,,,,,1,IMF_GFS,,
HUN,Hungary,1973,,,,,,,,,,,,,1,IMF_GFS,,
HUN,Hungary,1974,,,,,,,,,,,,,1,IMF_GFS,,
HUN,Hungary,1975,,,,,,,,,,,,,1,IMF_GFS,,
HUN,Hungary,1976,,,,,,,,,,,,,1,IMF_GFS,,
HUN,Hungary,1977,,,,,,,,,,,,,1,IMF_GFS,,
HUN,Hungary,1978,,,,,,,,,,,,,1,IMF_GFS,,
HUN,Hungary,1979,,,,,,,,,,,,,1,IMF_GFS,,
HUN,Hungary,1980,,,,,,,,,,,,,1,IMF_GFS,,
HUN,Hungary,1981,-2.799655,,,,,,-2.7996546,,,,,,1,IMF_GFS,,
HUN,Hungary,1982,-1.996674,,,,,,-1.9966737,,,,,,1,IMF_GFS,,
HUN,Hungary,1983,-1.062364,,,,,,-1.0623645,,,,,,1,IMF_GFS,,
HUN,Hungary,1984,1.33697,,,,,,1.3369705,,,,,,1,IMF_GFS,,
HUN,Hungary,1985,-1.163208,,,,,,-1.1632079,,,,,,1,IMF_GFS,,
HUN,Hungary,1986,-2.685652,,,,,,-2.6856516,,,,,,1,IMF_GFS,,
HUN,Hungary,1987,-3.65501,,,,,,-3.6550103,,,,,,1,IMF_GFS,,
HUN,Hungary,1988,.1135274,,,,,,.11352745,,,,,,1,IMF_GFS,,
HUN,Hungary,1989,-2.294684,,,,,,-2.2946838,,,,,,1,IMF_GFS,,
HUN,Hungary,1990,.4649884,,,,,,.46498835,,,,,,1,IMF_GFS,,
HUN,Hungary,1991,-3.707683,,,,,,-3.707683,,,,,,1,IMF_GFS,,
HUN,Hungary,1992,-7.462577,,,,,,-7.4625774,,,,,,1,IMF_GFS,,
HUN,Hungary,1993,-8.918758,,,,,,-8.9187588,,,,,,1,IMF_GFS,,
HUN,Hungary,1994,-8.803909,,,,,,-8.803909,,,,,,1,IMF_GFS,1,4
HUN,Hungary,1995,-8.6,,,,-8.6,-8.598949,-8.59895,-8.599,,-8.5709009,,,1,EUS,,
HUN,Hungary,1996,-4.4,,,,-4.4,-4.37642,-4.3764197,-4.376,,-4.3600661,,,1,EUS,,
HUN,Hungary,1997,-5.5,,,,-5.5,-5.550687,-5.5506878,-5.551,,-5.5387879,,,1,EUS,,
HUN,Hungary,1998,-7.4,,,,-7.4,-7.424333,-7.4243325,-7.424,,-7.4125196,,,1,EUS,,
HUN,Hungary,1999,-5.3,,,,-5.3,-5.276628,-5.2766279,-5.277,,-5.2673086,,,1,EUS,,
HUN,Hungary,2000,-3,,,,-3,-3.041387,-3.0413871,-3.041,,-3.0376849,,,1,EUS,,
HUN,Hungary,2001,-4,,,,-4,-3.999402,-3.9994023,-3.999,,-3.9956798,,,1,EUS,,
HUN,Hungary,2002,-8.8,,,,-8.8,-8.797713,-8.7977137,-8.798,,-8.7941302,,,1,EUS,,
HUN,Hungary,2003,-7.2,,,,-7.2,-7.183075,-7.1830748,-7.183,,-7.1910507,,,1,EUS,,
HUN,Hungary,2004,-6.6,,,,-6.6,-6.590602,-6.5906025,-6.591,,-6.5972841,,,1,EUS,,
HUN,Hungary,2005,-7.8,,,,-7.8,-7.778839,-7.7788389,-7.779,,-7.7866055,,,1,EUS,,
HUN,Hungary,2006,-9.3,,,,-9.3,-9.259771,-9.2597709,-9.26,,-9.2687021,,,1,EUS,,
HUN,Hungary,2007,-5.1,,,,-5.1,-5.083005,-5.0830051,-5.083,,-5.0853046,,,1,EUS,,
HUN,Hungary,2008,-3.8,,,,-3.8,-3.78258,-3.7825803,-3.783,,-3.7848964,,,1,EUS,,
HUN,Hungary,2009,-4.8,,,,-4.8,-4.749771,-4.7497705,-4.75,,-4.7592773,,,1,EUS,,
HUN,Hungary,2010,-4.4,,,,-4.4,-4.426912,-4.4269124,-4.427,,-4.4361964,,,1,EUS,,
HUN,Hungary,2011,-5.2,,,,-5.2,-5.211393,-5.2113935,-5.211,,-5.2198317,,,1,EUS,,
HUN,Hungary,2012,-2.3,,,,-2.3,-2.324363,-2.3243631,-2.324,,-2.3305872,,,1,EUS,,
HUN,Hungary,2013,-2.6,,,,-2.6,-2.597483,-2.5974829,-2.597,,-2.5982156,,,1,EUS,,
HUN,Hungary,2014,-2.8,,,,-2.8,-2.774841,-2.7748412,-2.775,,-2.7729749,,,1,EUS,,
HUN,Hungary,2015,-2,,,,-2,-2.003997,-2.0039949,-2.004,,-2.0028753,,,1,EUS,,
HUN,Hungary,2016,-1.8,,,,-1.8,-1.796853,-1.796852,-1.797,,-1.7916477,,,1,EUS,,
HUN,Hungary,2017,-2.5,,,,-2.5,-2.45909,-2.4590923,-2.459,,-2.4549325,,,1,EUS,,
HUN,Hungary,2018,-2,,,,-2,-2.056559,-2.0566184,-2.057,,-2.0464702,,,1,EUS,,
HUN,Hungary,2019,-2,,,,-2,-2.046678,-2.0466772,-2.047,,-2.024294,,,1,EUS,,
HUN,Hungary,2020,-7.5,,,,-7.5,-7.559931,-7.5598122,-7.56,,-7.4868616,,,1,EUS,,
HUN,Hungary,2021,-7.1,,,,-7.1,-7.155156,-7.1564453,-7.155,,-7.1073557,,,1,EUS,,
HUN,Hungary,2022,-6.2,,,,-6.2,-6.228114,-6.2444801,-6.228,,-6.1957471,,,1,EUS,,
HUN,Hungary,2023,-6.8,,,,-6.8,-6.69199,,,-6.6919999,-6.7057559,,,1,EUS,,
HUN,Hungary,2024,-5,,,,-5,,,,-4.9520001,-4.8566628,,,1,EUS,,
HUN,Hungary,2025,-4.335399,,,,,,,,-4.5960002,-4.3353992,,,1,OECD_EO,1,4
HUN,Hungary,2026,-3.836981,,,,,,,,-3.484,-3.8369808,,,1,OECD_EO,,
HUN,Hungary,2027,-3.008,,,,,,,,-3.0079999,,,,1,IMF_WEO_forecast,1,4
HUN,Hungary,2028,-2.766,,,,,,,,-2.766,,,,1,IMF_WEO_forecast,,
HUN,Hungary,2029,-2.705,,,,,,,,-2.7049999,,,,1,IMF_WEO_forecast,,
IDN,Indonesia,1972,-1.8186,,,,,-1.8186,,,,,,,1,IMF_FPP,,
IDN,Indonesia,1973,-1.3328,,,,,-1.3328,,,,,,,1,IMF_FPP,,
IDN,Indonesia,1974,-.345499,,,,,-.345499,,,,,,,1,IMF_FPP,,
IDN,Indonesia,1975,-2.3333,,,,,-2.3333,,,,,,,1,IMF_FPP,,
IDN,Indonesia,1976,-2.6315,,,,,-2.6315,,,,,,,1,IMF_FPP,,
IDN,Indonesia,1977,-.3840008,,,,,-.3840008,,,,,,,1,IMF_FPP,,
IDN,Indonesia,1978,-2.0292,,,,,-2.0292,,,,,,,1,IMF_FPP,,
IDN,Indonesia,1979,-.6723995,,,,,-.6723995,,,,,,,1,IMF_FPP,,
IDN,Indonesia,1980,-.8179989,,,,,-.8179989,,,,,,,1,IMF_FPP,,
IDN,Indonesia,1981,-.6884995,,,,,-.6884995,,,,,,,1,IMF_FPP,,
IDN,Indonesia,1982,-1.1066,,,,,-1.1066,,,,,,,1,IMF_FPP,,
IDN,Indonesia,1983,-.9990005,,,,,-.9990005,,,,,,,1,IMF_FPP,,
IDN,Indonesia,1984,1.825401,,,,,1.825401,,,,,,,1,IMF_FPP,,
IDN,Indonesia,1985,-.4452,,,,,-.4452,,,,,,,1,IMF_FPP,,
IDN,Indonesia,1986,-2.9429,,,,,-2.9429,,,,,,,1,IMF_FPP,,
IDN,Indonesia,1987,-.8999996,,,,,-.8999996,,,,,,,1,IMF_FPP,,
IDN,Indonesia,1988,-2.6757,,,,,-2.6757,,,,,,,1,IMF_FPP,,
IDN,Indonesia,1989,-1.723201,,,,,-1.723201,,,,,,,1,IMF_FPP,,
IDN,Indonesia,1990,1.2517,,,,,1.2517,,,,,,,1,IMF_FPP,,
IDN,Indonesia,1991,.4006004,,,,,.4006004,,,,,,,1,IMF_FPP,,
IDN,Indonesia,1992,-.5156994,,,,,-.5156994,,,,,,,1,IMF_FPP,1,3
IDN,Indonesia,1993,-.589,,,,,-.5885739,,-.589,,,,,1,IMF_WEO,,
IDN,Indonesia,1994,.005,,,,,.0048504,,.005,,,,,1,IMF_WEO,,
IDN,Indonesia,1995,.641,,,,,.6409481,,.641,,,,,1,IMF_WEO,,
IDN,Indonesia,1996,.962,,,,,.9623609,,.962,,,,,1,IMF_WEO,,
IDN,Indonesia,1997,-1.034,,,,,-1.033756,,-1.034,,,,,1,IMF_WEO,,
IDN,Indonesia,1998,-1.893,,,,,-1.893492,,-1.893,,,,,1,IMF_WEO,,
IDN,Indonesia,1999,-.959,,,,,-.9593902,,-.959,,,,,1,IMF_WEO,,
IDN,Indonesia,2000,-1.87,,,,,-1.869998,,-1.87,,,,,1,IMF_WEO,,
IDN,Indonesia,2001,-1.763,,,,,-1.763398,,-1.763,,,,,1,IMF_WEO,,
IDN,Indonesia,2002,-.576,,,,,-.5760783,,-.576,,,,,1,IMF_WEO,,
IDN,Indonesia,2003,-1.077,,,,,-1.077269,,-1.077,,,,,1,IMF_WEO,,
IDN,Indonesia,2004,-.26,,,,,-.260194,,-.26,,,,,1,IMF_WEO,,
IDN,Indonesia,2005,.462,,,,,.4617826,,.462,,,,,1,IMF_WEO,,
IDN,Indonesia,2006,.451,,,,,.4509434,,.451,,,,,1,IMF_WEO,,
IDN,Indonesia,2007,-.953,,,,,-.9526826,,-.953,,,,,1,IMF_WEO,1,3
IDN,Indonesia,2008,.082927,.11806179,,,,.054113,.11562664,.054,,.08292699,,,1,OECD_EO,,
IDN,Indonesia,2009,-1.71291,-1.7794823,,,,-1.644375,-1.7127695,-1.644,,-1.7129097,,,1,OECD_EO,,
IDN,Indonesia,2010,-.4143659,-.55288977,,,,-1.24244,-.41432763,-1.242,,-.41436595,,-1.948502,1,OECD_EO,,
IDN,Indonesia,2011,-1.035161,-.72461677,,,,-.7035384,-.6143218,-.704,,-1.0351613,,,1,OECD_EO,,
IDN,Indonesia,2012,-1.343361,-1.4520694,,,,-1.586459,-1.339577,-1.586,,-1.3433608,,-2.206498,1,OECD_EO,,
IDN,Indonesia,2013,-2.073866,-2.1086295,,,,-2.216771,-1.8011166,-2.217,,-2.0738657,,-2.348451,1,OECD_EO,,
IDN,Indonesia,2014,-1.858396,-1.7816106,,,,-1.80454,-1.7433779,-1.805,,-1.8583962,,-2.284778,1,OECD_EO,,
IDN,Indonesia,2015,-3.673311,-2.7129569,,,,-2.723922,-2.7050054,-2.724,,-3.6733106,,-1.930422,1,OECD_EO,,
IDN,Indonesia,2016,-2.830452,-2.4815516,,,,-2.560963,-2.4835391,-2.561,,-2.8304522,,,1,OECD_EO,,
IDN,Indonesia,2017,-2.425881,-2.3610589,,,,-2.263976,-2.2575011,-2.264,,-2.425881,,-2.9236,1,OECD_EO,,
IDN,Indonesia,2018,-1.271414,-1.6983072,,,,-1.690059,-1.6243802,-1.69,,-1.2714139,,-2.19673,1,OECD_EO,,
IDN,Indonesia,2019,-1.643868,-2.1252253,,,,-2.090624,-2.1225297,-2.091,,-1.6438681,,,1,OECD_EO,,
IDN,Indonesia,2020,-6.185574,-6.13,,,,-6.074859,-6.6590737,-6.075,,-6.1855737,,,1,OECD_EO,,
IDN,Indonesia,2021,-4.40632,-4.4195013,,,,-4.404852,-4.3715321,-4.405,,-4.40632,,,1,OECD_EO,,
IDN,Indonesia,2022,-2.248183,-2.3281903,,,,-2.191215,-2.2122708,-2.191,,-2.2481825,,,1,OECD_EO,,
IDN,Indonesia,2023,-1.523527,-1.5799067,,,,-1.61329,-1.6387514,,-1.613,-1.523527,,,1,OECD_EO,,
IDN,Indonesia,2024,-2.709468,,,,,,,,-2.6619999,-2.7094682,,,1,OECD_EO,,
IDN,Indonesia,2025,-2.518157,,,,,,,,-2.539,-2.5181572,,,1,OECD_EO,,
IDN,Indonesia,2026,-2.343306,,,,,,,,-2.467,-2.3433059,,,1,OECD_EO,,
IDN,Indonesia,2027,-2.377,,,,,,,,-2.3770001,,,,1,IMF_WEO_forecast,1,3
IDN,Indonesia,2028,-2.28,,,,,,,,-2.28,,,,1,IMF_WEO_forecast,,
IDN,Indonesia,2029,-2.184,,,,,,,,-2.184,,,,1,IMF_WEO_forecast,,
IND,India,1861,-.1617899,,,,,-.1617899,,,,,,,1,IMF_FPP,,
IND,India,1862,.1460099,,,,,.1460099,,,,,,,1,IMF_FPP,,
IND,India,1863,-.0551901,,,,,-.0551901,,,,,,,1,IMF_FPP,,
IND,India,1864,-.1114597,,,,,-.1114597,,,,,,,1,IMF_FPP,,
IND,India,1865,.2082601,,,,,.2082601,,,,,,,1,IMF_FPP,,
IND,India,1866,-.3108702,,,,,-.3108702,,,,,,,1,IMF_FPP,,
IND,India,1867,-.1208797,,,,,-.1208797,,,,,,,1,IMF_FPP,,
IND,India,1868,-.37676,,,,,-.37676,,,,,,,1,IMF_FPP,,
IND,India,1869,.0117602,,,,,.0117602,,,,,,,1,IMF_FPP,,
IND,India,1870,.18817,,,,,.18817,,,,,,,1,IMF_FPP,,
IND,India,1871,.4247198,,,,,.4247198,,,,,,,1,IMF_FPP,,
IND,India,1872,.3144903,,,,,.3144903,,,,,,,1,IMF_FPP,,
IND,India,1873,-.28304,,,,,-.28304,,,,,,,1,IMF_FPP,,
IND,India,1874,-.1547904,,,,,-.1547904,,,,,,,1,IMF_FPP,,
IND,India,1875,-.8721399,,,,,-.8721399,,,,,,,1,IMF_FPP,,
IND,India,1876,-.79881,,,,,-.79881,,,,,,,1,IMF_FPP,,
IND,India,1877,-.8399701,,,,,-.8399701,,,,,,,1,IMF_FPP,,
IND,India,1878,-.1156702,,,,,-.1156702,,,,,,,1,IMF_FPP,,
IND,India,1879,-.3884902,,,,,-.3884902,,,,,,,1,IMF_FPP,,
IND,India,1880,-.6894598,,,,,-.6894598,,,,,,,1,IMF_FPP,,
IND,India,1881,-.0471897,,,,,-.0471897,,,,,,,1,IMF_FPP,,
IND,India,1882,-.7731204,,,,,-.7731204,,,,,,,1,IMF_FPP,,
IND,India,1883,-.8064895,,,,,-.8064895,,,,,,,1,IMF_FPP,,
IND,India,1884,-1.21767,,,,,-1.21767,,,,,,,1,IMF_FPP,,
IND,India,1885,-1.47982,,,,,-1.47982,,,,,,,1,IMF_FPP,,
IND,India,1886,-.7460198,,,,,-.7460198,,,,,,,1,IMF_FPP,,
IND,India,1887,-1.28353,,,,,-1.28353,,,,,,,1,IMF_FPP,,
IND,India,1888,-1.94071,,,,,-1.94071,,,,,,,1,IMF_FPP,,
IND,India,1889,-.4483404,,,,,-.4483404,,,,,,,1,IMF_FPP,,
IND,India,1890,-.7953997,,,,,-.7953997,,,,,,,1,IMF_FPP,,
IND,India,1891,-.63662,,,,,-.63662,,,,,,,1,IMF_FPP,,
IND,India,1892,,,,,,,,,,,,,1,IMF_FPP,,
IND,India,1893,,,,,,,,,,,,,1,IMF_FPP,,
IND,India,1894,,,,,,,,,,,,,1,IMF_FPP,,
IND,India,1895,,,,,,,,,,,,,1,IMF_FPP,,
IND,India,1896,,,,,,,,,,,,,1,IMF_FPP,,
IND,India,1897,,,,,,,,,,,,,1,IMF_FPP,,
IND,India,1898,,,,,,,,,,,,,1,IMF_FPP,,
IND,India,1899,,,,,,,,,,,,,1,IMF_FPP,,
IND,India,1900,,,,,,,,,,,,,1,IMF_FPP,,
IND,India,1901,,,,,,,,,,,,,1,IMF_FPP,,
IND,India,1902,,,,,,,,,,,,,1,IMF_FPP,,
IND,India,1903,,,,,,,,,,,,,1,IMF_FPP,,
IND,India,1904,,,,,,,,,,,,,1,IMF_FPP,,
IND,India,1905,,,,,,,,,,,,,1,IMF_FPP,,
IND,India,1906,,,,,,,,,,,,,1,IMF_FPP,,
IND,India,1907,,,,,,,,,,,,,1,IMF_FPP,,
IND,India,1908,,,,,,,,,,,,,1,IMF_FPP,,
IND,India,1909,,,,,,,,,,,,,1,IMF_FPP,,
IND,India,1910,,,,,,,,,,,,,1,IMF_FPP,,
IND,India,1911,,,,,,,,,,,,,1,IMF_FPP,,
IND,India,1912,,,,,,,,,,,,,1,IMF_FPP,,
IND,India,1913,-.8488798,,,,,-.8488798,,,,,,,1,IMF_FPP,,
IND,India,1914,-.9776397,,,,,-.9776397,,,,,,,1,IMF_FPP,,
IND,India,1915,-.50948,,,,,-.50948,,,,,,,1,IMF_FPP,,
IND,India,1916,.2462797,,,,,.2462797,,,,,,,1,IMF_FPP,,
IND,India,1917,-5.69343,,,,,-5.69343,,,,,,,1,IMF_FPP,,
IND,India,1918,-.4777398,,,,,-.4777398,,,,,,,1,IMF_FPP,,
IND,India,1919,-1.04456,,,,,-1.04456,,,,,,,1,IMF_FPP,,
IND,India,1920,-1.56779,,,,,-1.56779,,,,,,,1,IMF_FPP,,
IND,India,1921,-1.45264,,,,,-1.45264,,,,,,,1,IMF_FPP,,
IND,India,1922,-1.04509,,,,,-1.04509,,,,,,,1,IMF_FPP,,
IND,India,1923,-.6620302,,,,,-.6620302,,,,,,,1,IMF_FPP,,
IND,India,1924,-.3025498,,,,,-.3025498,,,,,,,1,IMF_FPP,,
IND,India,1925,-.6653998,,,,,-.6653998,,,,,,,1,IMF_FPP,,
IND,India,1926,-.87518,,,,,-.87518,,,,,,,1,IMF_FPP,,
IND,India,1927,-.9806399,,,,,-.9806399,,,,,,,1,IMF_FPP,,
IND,India,1928,-.8735299,,,,,-.8735299,,,,,,,1,IMF_FPP,,
IND,India,1929,-.9146099,,,,,-.9146099,,,,,,,1,IMF_FPP,,
IND,India,1930,-1.02204,,,,,-1.02204,,,,,,,1,IMF_FPP,,
IND,India,1931,-.6767497,,,,,-.6767497,,,,,,,1,IMF_FPP,,
IND,India,1932,.0255399,,,,,.0255399,,,,,,,1,IMF_FPP,,
IND,India,1933,,,,,,,,,,,,,1,IMF_FPP,,
IND,India,1934,-.08952,,,,,-.08952,,,,,,,1,IMF_FPP,,
IND,India,1935,-.3986897,,,,,-.3986897,,,,,,,1,IMF_FPP,,
IND,India,1936,-.4527001,,,,,-.4527001,,,,,,,1,IMF_FPP,,
IND,India,1937,-.1041403,,,,,-.1041403,,,,,,,1,IMF_FPP,,
IND,India,1938,-.1592302,,,,,-.1592302,,,,,,,1,IMF_FPP,,
IND,India,1939,-.3229599,,,,,-.3229599,,,,,,,1,IMF_FPP,,
IND,India,1940,-.5881901,,,,,-.5881901,,,,,,,1,IMF_FPP,,
IND,India,1941,-.3717003,,,,,-.3717003,,,,,,,1,IMF_FPP,,
IND,India,1942,-3.624,,,,,-3.624,,,,,,,1,IMF_FPP,,
IND,India,1943,-3.48395,,,,,-3.48395,,,,,,,1,IMF_FPP,,
IND,India,1944,-3.32018,,,,,-3.32018,,,,,,,1,IMF_FPP,,
IND,India,1945,-4.39941,,,,,-4.39941,,,,,,,1,IMF_FPP,,
IND,India,1946,-2.88652,,,,,-2.88652,,,,,,,1,IMF_FPP,,
IND,India,1947,-.86479,,,,,-.86479,,,,,,,1,IMF_FPP,,
IND,India,1948,-.8178601,,,,,-.8178601,,,,,,,1,IMF_FPP,,
IND,India,1949,-.7344403,,,,,-.7344403,,,,,,,1,IMF_FPP,,
IND,India,1950,-1.01354,,,,,-1.01354,,,,,,,1,IMF_FPP,,
IND,India,1951,-.5043001,,,,,-.5043001,,,,,,,1,IMF_FPP,,
IND,India,1952,.0307198,,,,,.0307198,,,,,,,1,IMF_FPP,,
IND,India,1953,-1.8323,,,,,-1.8323,,,,,,,1,IMF_FPP,,
IND,India,1954,-2.60598,,,,,-2.60598,,,,,,,1,IMF_FPP,,
IND,India,1955,-2.76613,,,,,-2.76613,,,,,,,1,IMF_FPP,,
IND,India,1956,-2.92627,,,,,-2.92627,,,,,,,1,IMF_FPP,,
IND,India,1957,-3.35,,,,,-3.35,,,,,,,1,IMF_FPP,,
IND,India,1958,-5.08435,,,,,-5.08435,,,,,,,1,IMF_FPP,,
IND,India,1959,-5.29141,,,,,-5.29141,,,,,,,1,IMF_FPP,,
IND,India,1960,-4.04797,,,,,-4.04797,,,,,,,1,IMF_FPP,,
IND,India,1961,-4.09942,,,,,-4.09942,,,,,,,1,IMF_FPP,,
IND,India,1962,-3.29948,,,,,-3.29948,,,,,,,1,IMF_FPP,,
IND,India,1963,-4.161791,,,,,-4.161791,,,,,,,1,IMF_FPP,,
IND,India,1964,-4.40964,,,,,-4.40964,,,,,,,1,IMF_FPP,,
IND,India,1965,-4.48851,,,,,-4.48851,,,,,,,1,IMF_FPP,,
IND,India,1966,-4.17606,,,,,-4.17606,,,,,,,1,IMF_FPP,,
IND,India,1967,-4.97342,,,,,-4.97342,,,,,,,1,IMF_FPP,,
IND,India,1968,-3.97873,,,,,-3.97873,,,,,,,1,IMF_FPP,,
IND,India,1969,-2.659901,,,,,-2.659901,,,,,,,1,IMF_FPP,,
IND,India,1970,-2.34515,,,,,-2.34515,,,,,,,1,IMF_FPP,,
IND,India,1971,-2.89781,,,,,-2.89781,,,,,,,1,IMF_FPP,,
IND,India,1972,-3.14,,,,,-3.14,,,,,,,1,IMF_FPP,,
IND,India,1973,-3.52823,,,,,-3.52823,,,,,,,1,IMF_FPP,,
IND,India,1974,-2.29881,,,,,-2.29881,,,,,,,1,IMF_FPP,,
IND,India,1975,-3.10591,,,,,-3.10591,,,,,,,1,IMF_FPP,,
IND,India,1976,-4.0987,,,,,-4.0987,,,,,,,1,IMF_FPP,,
IND,India,1977,-4.10083,,,,,-4.10083,,,,,,,1,IMF_FPP,,
IND,India,1978,-4.454499,,,,,-4.454499,,,,,,,1,IMF_FPP,,
IND,India,1979,-4.872101,,,,,-4.872101,,,,,,,1,IMF_FPP,1,2
IND,India,1980,-7.530754,,,,,-7.269599,,,,-7.5307542,,,1,OECD_EO,,
IND,India,1981,-6.195245,,,,,-6.0748,,,,-6.1952455,,,1,OECD_EO,,
IND,India,1982,-5.661561,,,,,-6.7756,,,,-5.6615604,,,1,OECD_EO,,
IND,India,1983,-7.136721,,,,,-7.283501,,,,-7.1367211,,,1,OECD_EO,,
IND,India,1984,-8.563133,,,,,-8.5358,,,,-8.5631331,,,1,OECD_EO,,
IND,India,1985,-7.678515,,,,,-9.580899,,,,-7.678515,,,1,OECD_EO,,
IND,India,1986,-9.479105,,,,,-10.5757,,,,-9.4791049,,,1,OECD_EO,,
IND,India,1987,-8.939847,,,,,-9.5302,,,,-8.9398471,,,1,OECD_EO,,
IND,India,1988,-8.526386,,,,,-7.010456,,-7.01,,-8.5263864,,,1,OECD_EO,,
IND,India,1989,-8.754414,,,,,-7.676552,,-7.677,,-8.7544137,,,1,OECD_EO,,
IND,India,1990,-9.396441,,,,,-8.068605,,-8.069,,-9.3964419,,,1,OECD_EO,,
IND,India,1991,-6.920888,,,,,-7.900177,,-7.9,,-6.9208882,,,1,OECD_EO,,
IND,India,1992,-6.881426,,,,,-7.893088,,-7.893,,-6.8814261,,,1,OECD_EO,,
IND,India,1993,-8.12349,,,,,-8.570185,,-8.57,,-8.1234905,,,1,OECD_EO,,
IND,India,1994,-7.079422,,,,,-7.996919,,-7.997,,-7.0794214,,,1,OECD_EO,,
IND,India,1995,-6.538183,,,,,-6.814407,,-6.814,,-6.5381827,,,1,OECD_EO,,
IND,India,1996,-6.261194,,,,,-6.705175,,-6.705,,-6.2611942,,,1,OECD_EO,,
IND,India,1997,-7.158679,,,,,-8.276099,,-8.276,,-7.1586792,,,1,OECD_EO,,
IND,India,1998,-8.853425,,,,,-9.742369,,-9.742,,-8.8534252,,,1,OECD_EO,,
IND,India,1999,-9.346356,,,,,-8.700689,,-8.701,,-9.3463563,,,1,OECD_EO,,
IND,India,2000,-9.377102,-5.5524461,,,,-8.408912,,-8.409,,-9.3771014,,,1,OECD_EO,,
IND,India,2001,-9.811044,-6.08813,,,,-11.03299,,-11.033,,-9.8110442,,,1,OECD_EO,,
IND,India,2002,-9.448427,-5.8200753,,,,-11.07211,,-11.072,,-9.4484268,,,1,OECD_EO,,
IND,India,2003,-8.408094,-4.4142764,,,,-11.4281,,-11.428,,-8.4080947,,,1,OECD_EO,,
IND,India,2004,-7.31989,-3.9477996,,,,-9.221002,,-9.221,,-7.3198901,,,1,OECD_EO,,
IND,India,2005,-6.595588,-4.0317999,,,,-7.492563,,-7.493,,-6.595588,,,1,OECD_EO,,
IND,India,2006,-5.41603,-3.3509385,,,,-6.38025,,-6.38,,-5.4160304,,,1,OECD_EO,,
IND,India,2007,-4.064587,-2.5907074,,,,-4.586463,,-4.586,,-4.0645868,,,1,OECD_EO,,
IND,India,2008,-8.471565,-6.1113654,,,,-9.170982,,-9.171,,-8.4715655,,,1,OECD_EO,,
IND,India,2009,-9.497792,-6.5732529,,,,-9.700886,,-9.701,,-9.4977921,,,1,OECD_EO,,
IND,India,2010,-6.995009,-4.8934621,,,,-8.794928,,-8.795,,-6.995009,,,1,OECD_EO,,
IND,India,2011,-7.836703,-5.9062565,,,,-8.349152,,-8.349,,-7.8367031,,,1,OECD_EO,,
IND,India,2012,-6.882487,-4.9294988,,,,-7.54956,,-7.55,,-6.8824867,,,1,OECD_EO,,
IND,India,2013,-6.673871,-4.4765124,,,,-6.999618,,-7,,-6.673871,,,1,OECD_EO,,
IND,India,2014,-6.709702,-4.0963401,,,,-7.071069,,-7.071,,-6.7097027,,,1,OECD_EO,,
IND,India,2015,-6.915617,-3.8686892,,,,-7.205084,,-7.205,,-6.9156166,,,1,OECD_EO,,
IND,India,2016,-6.917405,-3.4799215,,,,-7.12001,,-7.12,,-6.9174045,,,1,OECD_EO,,
IND,India,2017,-5.834374,-3.4585286,,,,-6.227236,,-6.227,,-5.8343741,,,1,OECD_EO,,
IND,India,2018,-5.834647,-3.4361344,,,,-6.375815,,-6.376,,-5.8346473,,,1,OECD_EO,,
IND,India,2019,-7.208811,-4.6508479,,,,-7.694073,,-7.694,,-7.2088109,,,1,OECD_EO,,
IND,India,2020,-13.09722,-9.1828641,,,,-12.86442,,-12.864,,-13.097222,,,1,OECD_EO,,
IND,India,2021,-9.452538,-6.6957334,,,,-9.267656,,-9.268,,-9.4525377,,,1,OECD_EO,,
IND,India,2022,-9.582512,-6.4481552,,,,-9.194725,,-9.195,,-9.5825118,,,1,OECD_EO,,
IND,India,2023,-8.764388,-5.8734851,,,,-8.320017,,,-8.3199997,-8.7643877,,,1,OECD_EO,,
IND,India,2024,-8.227485,,,,,,,,-7.7820001,-8.2274848,,,1,OECD_EO,,
IND,India,2025,-7.533058,,,,,,,,-7.5619998,-7.5330583,,,1,OECD_EO,,
IND,India,2026,-6.99521,,,,,,,,-7.401,-6.9952099,,,1,OECD_EO,,
IND,India,2027,-7.137,,,,,,,,-7.1370001,,,,1,IMF_WEO_forecast,1,2
IND,India,2028,-6.927,,,,,,,,-6.927,,,,1,IMF_WEO_forecast,,
IND,India,2029,-6.617,,,,,,,,-6.6170001,,,,1,IMF_WEO_forecast,,
IRL,Ireland,1926,-1.948101,,,,,-1.948101,,,,,,,1,IMF_FPP,,
IRL,Ireland,1927,,,,,,,,,,,,,1,IMF_FPP,,
IRL,Ireland,1928,,,,,,,,,,,,,1,IMF_FPP,,
IRL,Ireland,1929,-3.4077,,,,,-3.4077,,,,,,,1,IMF_FPP,,
IRL,Ireland,1930,,,,,,,,,,,,,1,IMF_FPP,,
IRL,Ireland,1931,-1.632599,,,,,-1.632599,,,,,,,1,IMF_FPP,,
IRL,Ireland,1932,,,,,,,,,,,,,1,IMF_FPP,,
IRL,Ireland,1933,2.974001,,,,,2.974001,,,,,,,1,IMF_FPP,,
IRL,Ireland,1934,,,,,,,,,,,,,1,IMF_FPP,,
IRL,Ireland,1935,,,,,,,,,,,,,1,IMF_FPP,,
IRL,Ireland,1936,-.1949005,,,,,-.1949005,,,,,,,1,IMF_FPP,,
IRL,Ireland,1937,-.7702007,,,,,-.7702007,,,,,,,1,IMF_FPP,,
IRL,Ireland,1938,-.9229012,,,,,-.9229012,,,,,,,1,IMF_FPP,,
IRL,Ireland,1939,-7.312601,,,,,-7.312601,,,,,,,1,IMF_FPP,,
IRL,Ireland,1940,-.1452007,,,,,-.1452007,,,,,,,1,IMF_FPP,,
IRL,Ireland,1941,-1.4198,,,,,-1.4198,,,,,,,1,IMF_FPP,,
IRL,Ireland,1942,-2.4769,,,,,-2.4769,,,,,,,1,IMF_FPP,,
IRL,Ireland,1943,-1.176901,,,,,-1.176901,,,,,,,1,IMF_FPP,,
IRL,Ireland,1944,.3901005,,,,,.3901005,,,,,,,1,IMF_FPP,,
IRL,Ireland,1945,-.4258995,,,,,-.4258995,,,,,,,1,IMF_FPP,,
IRL,Ireland,1946,-.4278984,,,,,-.4278984,,,,,,,1,IMF_FPP,,
IRL,Ireland,1947,-1.798201,,,,,-1.798201,,,,,,,1,IMF_FPP,,
IRL,Ireland,1948,-1.2871,,,,,-1.2871,,,,,,,1,IMF_FPP,,
IRL,Ireland,1949,-2.172602,,,,,-2.172602,,,,,,,1,IMF_FPP,,
IRL,Ireland,1950,-5.214899,,,,,-5.214899,,,,,,,1,IMF_FPP,,
IRL,Ireland,1951,-4.619902,,,,,-4.619902,,,,,,,1,IMF_FPP,,
IRL,Ireland,1952,-7.839699,,,,,-7.839699,,,,,,,1,IMF_FPP,,
IRL,Ireland,1953,-5.7651,,,,,-5.7651,,,,,,,1,IMF_FPP,,
IRL,Ireland,1954,-5.2841,,,,,-5.2841,,,,,,,1,IMF_FPP,,
IRL,Ireland,1955,-5.0581,,,,,-5.0581,,,,,,,1,IMF_FPP,,
IRL,Ireland,1956,-3.2253,,,,,-3.2253,,,,,,,1,IMF_FPP,,
IRL,Ireland,1957,-5.192699,,,,,-5.192699,,,,,,,1,IMF_FPP,,
IRL,Ireland,1958,-4.299501,,,,,-4.299501,,,,,,,1,IMF_FPP,,
IRL,Ireland,1959,-2.1628,,,,,-2.1628,,,,,,,1,IMF_FPP,,
IRL,Ireland,1960,-1.966299,,,,,-1.966299,,,,,,,1,IMF_FPP,,
IRL,Ireland,1961,-2.603901,,,,,-2.603901,,,,,,,1,IMF_FPP,,
IRL,Ireland,1962,-2.9065,,,,,-2.9065,,,,,,,1,IMF_FPP,,
IRL,Ireland,1963,-2.916203,,,,,-2.916203,,,,,,,1,IMF_FPP,,
IRL,Ireland,1964,-3.354298,,,,,-3.354298,,,,,,,1,IMF_FPP,,
IRL,Ireland,1965,-3.495201,,,,,-3.495201,,,,,,,1,IMF_FPP,,
IRL,Ireland,1966,-2.255199,,,,,-2.255199,,,,,,,1,IMF_FPP,,
IRL,Ireland,1967,-2.692902,,,,,-2.692902,,,,,,,1,IMF_FPP,,
IRL,Ireland,1968,-2.7239,,,,,-2.7239,,,,,,,1,IMF_FPP,,
IRL,Ireland,1969,-3.4011,,,,,-3.4011,,,,,,,1,IMF_FPP,,
IRL,Ireland,1970,-3.641697,,,,,-3.641697,,,,,,,1,IMF_FPP,,
IRL,Ireland,1971,-3.501301,,,,,-3.501301,,,,,,,1,IMF_FPP,1,5
IRL,Ireland,1972,-3.431293,,,,,-3.2295,-3.4312929,,,,,,1,IMF_GFS,,
IRL,Ireland,1973,-3.844545,,,,,-3.837601,-3.8445446,,,,,,1,IMF_GFS,,
IRL,Ireland,1974,-6.679021,,,,,-6.959099,-6.6790209,,,,,,1,IMF_GFS,,
IRL,Ireland,1975,-10.40843,,,,,-11.0652,-10.408428,,,,,,1,IMF_GFS,,
IRL,Ireland,1976,-6.934736,,,,,-7.337997,-6.9347356,,,,,,1,IMF_GFS,,
IRL,Ireland,1977,-6.255903,,,,,-6.4412,-6.2559026,,,,,,1,IMF_GFS,,
IRL,Ireland,1978,-8.263665,,,,,-8.272102,-8.2636657,,,,,,1,IMF_GFS,,
IRL,Ireland,1979,-9.44946,,,,,-10.0284,-9.4494602,,,,,,1,IMF_GFS,,
IRL,Ireland,1980,-10.20087,,,,,-11.0774,-10.200871,,,,,,1,IMF_GFS,,
IRL,Ireland,1981,-11.01909,,,,,-12.1216,-11.019086,,,,,,1,IMF_GFS,,
IRL,Ireland,1982,-11.8176,,,,,-13.1406,-11.817601,,,,,,1,IMF_GFS,,
IRL,Ireland,1983,-10.1647,,,,,-11.4716,-10.164698,,,,,,1,IMF_GFS,,
IRL,Ireland,1984,-8.724564,,,,,-9.428596,-8.7245638,,,,,,1,IMF_GFS,,
IRL,Ireland,1985,-10.22067,,,,,-10.6714,-10.220669,,,,,,1,IMF_GFS,,
IRL,Ireland,1986,-10.06278,,,,,-10.5006,-10.062783,,,,,,1,IMF_GFS,,
IRL,Ireland,1987,-7.974609,,,,,-8.470898,-7.9746093,,,,,,1,IMF_GFS,,
IRL,Ireland,1988,-4.030522,,,,,-4.618202,-4.0305217,,,,,,1,IMF_GFS,,
IRL,Ireland,1989,-1.783136,,,,,-2.636597,-1.7831365,,,,,,1,IMF_GFS,1,5
IRL,Ireland,1990,-2.806251,,,,,-2.774597,-2.5718489,,,-2.8062514,,,1,OECD_EO,,
IRL,Ireland,1991,-2.855364,,,,,-2.8232,-2.7144906,,,-2.8553639,,,1,OECD_EO,,
IRL,Ireland,1992,-2.95837,,,,,-2.924999,-2.8220922,,,-2.9583698,,,1,OECD_EO,,
IRL,Ireland,1993,-2.732602,,,,,-2.701698,-2.6217071,,,-2.7326016,,,1,OECD_EO,,
IRL,Ireland,1994,-1.965061,,,,,-1.981602,-1.8369847,,,-1.9650615,,,1,OECD_EO,1,5
IRL,Ireland,1995,-2.1,,,,-2.1,-2.051998,-2.0735214,-2.074,,-2.0749116,,,1,EUS,,
IRL,Ireland,1996,-.2,,,,-.2,-.1054001,-.19739472,-.197,,-.1979019,,,1,EUS,,
IRL,Ireland,1997,1.4,,,,1.4,1.443901,1.3731988,1.373,,1.3765905,,,1,EUS,,
IRL,Ireland,1998,2.1,,,,2.1,2.246101,2.0712163,2.071,,2.0680736,,,1,EUS,,
IRL,Ireland,1999,3.5,,,,3.5,2.582199,3.536981,3.537,,3.536717,,,1,EUS,,
IRL,Ireland,2000,4.9,,,,4.9,4.746101,4.855202,4.855,,4.8476698,,,1,EUS,,
IRL,Ireland,2001,1,,,,1,.9477005,.95938209,.959,,.95922584,,,1,EUS,,
IRL,Ireland,2002,-.5,,,,-.5,-.2999001,-.51934587,-.519,,-.51957182,,,1,EUS,,
IRL,Ireland,2003,.3,,,,.3,.4210014,.34607115,.346,,.34688446,,,1,EUS,,
IRL,Ireland,2004,1.3,,,,1.3,1.391701,1.2981652,1.298,,1.2968075,,,1,EUS,,
IRL,Ireland,2005,1.6,,,,1.6,1.666599,1.5704086,1.57,,1.5709695,,,1,EUS,,
IRL,Ireland,2006,2.8,,,,2.8,2.917397,2.7754224,2.775,,2.7723506,,,1,EUS,,
IRL,Ireland,2007,.3,,,,.3,.0633011,.26787436,.268,,.2677864,,,1,EUS,,
IRL,Ireland,2008,-7,,,,-7,-7.337799,-7.0305367,-7.031,,-7.0377499,,,1,EUS,,
IRL,Ireland,2009,-13.9,,,,-13.9,-14.1862,-13.872758,-13.873,,-13.863506,,,1,EUS,,
IRL,Ireland,2010,-32.1,,,,-32.1,-31.312,-32.108321,-32.108,,-32.147716,,,1,EUS,,
IRL,Ireland,2011,-13.5,,,,-13.5,-13.45028,-13.450283,-13.45,,-13.465606,,,1,EUS,,
IRL,Ireland,2012,-8.4,,,,-8.4,-8.40249,-8.4024896,-8.402,,-8.4074278,,,1,EUS,,
IRL,Ireland,2013,-6.3,,,,-6.3,-6.277751,-6.2668333,-6.278,,-6.2861756,,,1,EUS,,
IRL,Ireland,2014,-3.5,,,,-3.5,-3.513313,-3.513313,-3.513,,-3.5297393,,,1,EUS,,
IRL,Ireland,2015,-2,,,,-2,-1.970984,-1.9709845,-1.971,,-1.9726903,,,1,EUS,,
IRL,Ireland,2016,-.8,,,,-.8,-.7610986,-.7610986,-.761,,-.76231046,,,1,EUS,,
IRL,Ireland,2017,-.3,,,,-.3,-.2973837,-.29738367,-.297,,-.29731536,,,1,EUS,,
IRL,Ireland,2018,.1,,,,.1,.0938584,.09051382,.094,,.09384727,,,1,EUS,,
IRL,Ireland,2019,.4,,,,.4,.3603767,.40632433,.36,,.40995591,,,1,EUS,,
IRL,Ireland,2020,-4.9,,,,-4.9,-4.941131,-4.8621162,-4.941,,-4.8701843,,,1,EUS,,
IRL,Ireland,2021,-1.3,,,,-1.3,-1.466396,-1.305338,-1.466,,-1.4026846,,,1,EUS,,
IRL,Ireland,2022,1.6,,,,1.6,1.583208,1.5808084,1.583,,1.6515042,,,1,EUS,,
IRL,Ireland,2023,1.4,,,,1.4,1.5394,1.4038184,,1.539,1.4771933,,,1,EUS,,
IRL,Ireland,2024,4,,,,4,,,,3.757,4.4770679,,,1,EUS,,
IRL,Ireland,2025,1.758894,,,,,,,,.838,1.7588942,,,1,OECD_EO,1,5
IRL,Ireland,2026,1.737399,,,,,,,,.80299997,1.737399,,,1,OECD_EO,,
IRL,Ireland,2027,.366,,,,,,,,.366,,,,1,IMF_WEO_forecast,1,5
IRL,Ireland,2028,.27,,,,,,,,.27000001,,,,1,IMF_WEO_forecast,,
IRL,Ireland,2029,.081,,,,,,,,.081,,,,1,IMF_WEO_forecast,,
IRN,Iran,1962,-1.392401,,,,,-1.392401,,,,,,,1,IMF_FPP,,
IRN,Iran,1963,.2599993,,,,,.2599993,,,,,,,1,IMF_FPP,,
IRN,Iran,1964,-.0401001,,,,,-.0401001,,,,,,,1,IMF_FPP,,
IRN,Iran,1965,-1.225901,,,,,-1.225901,,,,,,,1,IMF_FPP,,
IRN,Iran,1966,-2.632299,,,,,-2.632299,,,,,,,1,IMF_FPP,,
IRN,Iran,1967,-3.995901,,,,,-3.995901,,,,,,,1,IMF_FPP,,
IRN,Iran,1968,-4.573399,,,,,-4.573399,,,,,,,1,IMF_FPP,,
IRN,Iran,1969,,,,,,,,,,,,,1,IMF_FPP,,
IRN,Iran,1970,,,,,,,,,,,,,1,IMF_FPP,,
IRN,Iran,1971,,,,,,,,,,,,,1,IMF_FPP,,
IRN,Iran,1972,,,,,,,,,,,,,1,IMF_FPP,,
IRN,Iran,1973,,,,,,,,,,,,,1,IMF_FPP,,
IRN,Iran,1974,,,,,,,,,,,,,1,IMF_FPP,,
IRN,Iran,1975,,,,,,,,,,,,,1,IMF_FPP,,
IRN,Iran,1976,,,,,,,,,,,,,1,IMF_FPP,,
IRN,Iran,1977,,,,,,,,,,,,,1,IMF_FPP,,
IRN,Iran,1978,,,,,,,,,,,,,1,IMF_FPP,,
IRN,Iran,1979,,,,,,,,,,,,,1,IMF_FPP,,
IRN,Iran,1980,,,,,,,,,,,,,1,IMF_FPP,,
IRN,Iran,1981,-10.684,,,,,-10.684,,,,,,,1,IMF_FPP,,
IRN,Iran,1982,-5.550499,,,,,-5.550499,,,,,,,1,IMF_FPP,,
IRN,Iran,1983,,,,,,,,,,,,,1,IMF_FPP,,
IRN,Iran,1984,-4.0166,,,,,-4.0166,,,,,,,1,IMF_FPP,,
IRN,Iran,1985,,,,,,,,,,,,,1,IMF_FPP,,
IRN,Iran,1986,,,,,,,,,,,,,1,IMF_FPP,,
IRN,Iran,1987,,,,,,,,,,,,,1,IMF_FPP,,
IRN,Iran,1988,,,,,,,,,,,,,1,IMF_FPP,,
IRN,Iran,1989,-4.4485,,,,,-4.4485,,,,,,,1,IMF_FPP,1,3
IRN,Iran,1990,-2.109,,,,,-2.109248,,-2.109,,,,,1,IMF_WEO,,
IRN,Iran,1991,-2.005,,,,,,,-2.005,,,,,1,IMF_WEO,,
IRN,Iran,1992,-1.046,,,,,-1.045966,,-1.046,,,,,1,IMF_WEO,,
IRN,Iran,1993,-6.281,,,,,,,-6.281,,,,,1,IMF_WEO,,
IRN,Iran,1994,-4.099,,,,,,,-4.099,,,,,1,IMF_WEO,,
IRN,Iran,1995,-3.211,,,,,-3.211101,,-3.211,,,,,1,IMF_WEO,,
IRN,Iran,1996,-.915,,,,,-.9145953,,-.915,,,,,1,IMF_WEO,,
IRN,Iran,1997,-2.209,,,,,-2.209102,,-2.209,,,,,1,IMF_WEO,,
IRN,Iran,1998,-6.138,,,,,,,-6.138,,,,,1,IMF_WEO,,
IRN,Iran,1999,-.621,,,,,-.6210621,,-.621,,,,,1,IMF_WEO,,
IRN,Iran,2000,6.614,,,,,6.614199,,6.614,,,,,1,IMF_WEO,,
IRN,Iran,2001,.024,,,,,.0241939,1.0592797,.024,,,,,1,IMF_WEO,,
IRN,Iran,2002,-3.517,,,,,-3.517414,.81739763,-3.517,,,,,1,IMF_WEO,,
IRN,Iran,2003,-3.364,,,,,-3.364207,2.0194234,-3.364,,,,,1,IMF_WEO,,
IRN,Iran,2004,-2.985,,,,,-2.984693,4.395073,-2.985,,,,,1,IMF_WEO,,
IRN,Iran,2005,-2.95,,,,,-2.949757,6.060541,-2.95,,,,,1,IMF_WEO,,
IRN,Iran,2006,-5.884,,,,,-5.884447,3.2340106,-5.884,,,,,1,IMF_WEO,,
IRN,Iran,2007,-2.869,,,,,-2.868591,7.3519218,-2.869,,,,,1,IMF_WEO,,
IRN,Iran,2008,-5.14,,,,,-5.140462,2.6811249,-5.14,,,,,1,IMF_WEO,,
IRN,Iran,2009,-3.817,,,,,-3.817459,.58889187,-3.817,,,,,1,IMF_WEO,,
IRN,Iran,2010,-.973,,,,,-.9727516,,-.973,,,,,1,IMF_WEO,,
IRN,Iran,2011,-.759,,,,,-.7587571,,-.759,,,,,1,IMF_WEO,,
IRN,Iran,2012,-.577,,,,,-.5768498,,-.577,,,,,1,IMF_WEO,,
IRN,Iran,2013,-.831,,,,,-.8307797,,-.831,,,,,1,IMF_WEO,,
IRN,Iran,2014,-1.047,,,,,-1.04707,,-1.047,,,,,1,IMF_WEO,,
IRN,Iran,2015,-1.5,,,,,-1.49994,,-1.5,,,,,1,IMF_WEO,,
IRN,Iran,2016,-1.773,,,,,-1.773138,,-1.773,,,,,1,IMF_WEO,,
IRN,Iran,2017,-1.614,,,,,-1.613622,,-1.614,,,,,1,IMF_WEO,,
IRN,Iran,2018,-1.64,,,,,-1.639696,,-1.64,,,,,1,IMF_WEO,,
IRN,Iran,2019,-4.483,,,,,-4.483054,,-4.483,,,,,1,IMF_WEO,,
IRN,Iran,2020,-5.216,,,,,-5.215543,,-5.216,,,,,1,IMF_WEO,,
IRN,Iran,2021,-3.197,,,,,-3.196956,,-3.197,,,,,1,IMF_WEO,,
IRN,Iran,2022,-2.810381,,,,,-2.810381,,,-2.8099999,,,,1,IMF_FPP,1,3
IRN,Iran,2023,-2.751281,,,,,-2.751281,,,-2.7509999,,,,1,IMF_FPP,,
IRN,Iran,2024,-3.085,,,,,,,,-3.085,,,,1,IMF_WEO_forecast,1,3
IRN,Iran,2025,-3.387,,,,,,,,-3.3870001,,,,1,IMF_WEO_forecast,,
IRN,Iran,2026,-3.08,,,,,,,,-3.0799999,,,,1,IMF_WEO_forecast,,
IRN,Iran,2027,-2.765,,,,,,,,-2.7650001,,,,1,IMF_WEO_forecast,,
IRN,Iran,2028,-2.493,,,,,,,,-2.493,,,,1,IMF_WEO_forecast,,
IRN,Iran,2029,-2.33,,,,,,,,-2.3299999,,,,1,IMF_WEO_forecast,,
IRQ,Iraq,2004,-35.398,,,,,,,-35.398,,,,,1,IMF_WEO,,
IRQ,Iraq,2005,4.069,,,,,,,4.069,,,,,1,IMF_WEO,,
IRQ,Iraq,2006,10.721,,,,,,,10.721,,,,,1,IMF_WEO,,
IRQ,Iraq,2007,9.98,,,,,,,9.98,,,,,1,IMF_WEO,,
IRQ,Iraq,2008,-.856,,,,,,,-.856,,,,,1,IMF_WEO,,
IRQ,Iraq,2009,-14.914,,,,,,,-14.914,,,,,1,IMF_WEO,,
IRQ,Iraq,2010,-4.179,,,,,,,-4.179,,,,,1,IMF_WEO,,
IRQ,Iraq,2011,4.744,,,,,,,4.744,,,,,1,IMF_WEO,,
IRQ,Iraq,2012,4.094,,,,,,,4.094,,,,,1,IMF_WEO,1,3
IRQ,Iraq,2013,-2.189378,,-2.189378,,,,,-6.062,,,,,1,AMF,,
IRQ,Iraq,2014,-11.93024,,-11.93024,,,,,-5.631,,,,,1,AMF,,
IRQ,Iraq,2015,-6.42679,,-6.42679,,,,,-12.83,,,,,1,AMF,1,3
IRQ,Iraq,2016,-14.449,,,,,,,-14.449,,,,,1,IMF_WEO,,
IRQ,Iraq,2017,-1.521,,,,,,,-1.521,,,,,1,IMF_WEO,,
IRQ,Iraq,2018,7.685,,,,,,,7.685,,,,,1,IMF_WEO,,
IRQ,Iraq,2019,.834,,,,,,,.834,,,,,1,IMF_WEO,,
IRQ,Iraq,2020,-12.815,,,,,,,-12.815,,,,,1,IMF_WEO,,
IRQ,Iraq,2021,-.377,,,,,,,-.377,,,,,1,IMF_WEO,,
IRQ,Iraq,2022,8.098,,,,,,,8.098,,,,,1,IMF_WEO,,
IRQ,Iraq,2023,-1.224,,,,,,,,-1.224,,,,1,IMF_WEO_forecast,1,3
IRQ,Iraq,2024,-5.005,,,,,,,,-5.0050001,,,,1,IMF_WEO_forecast,,
IRQ,Iraq,2025,-8.168,,,,,,,,-8.1680002,,,,1,IMF_WEO_forecast,,
IRQ,Iraq,2026,-8.945,,,,,,,,-8.9449997,,,,1,IMF_WEO_forecast,,
IRQ,Iraq,2027,-9.75,,,,,,,,-9.75,,,,1,IMF_WEO_forecast,,
IRQ,Iraq,2028,-10.127,,,,,,,,-10.127,,,,1,IMF_WEO_forecast,,
IRQ,Iraq,2029,-10.379,,,,,,,,-10.379,,,,1,IMF_WEO_forecast,,
ISL,Iceland,1945,1.070418,,,,,,,,,,1.070418,,1,CS2,1,8
ISL,Iceland,1946,-.3717003,,,,,-.3717003,,,,,.1857585,,1,IMF_FPP,,
ISL,Iceland,1947,-1.9466,,,,,-1.9466,,,,,-1.333333,,1,IMF_FPP,,
ISL,Iceland,1948,.6737003,,,,,.6737003,,,,,1.315789,,1,IMF_FPP,,
ISL,Iceland,1949,-.3001003,,,,,-.3001003,,,,,.4138645,,1,IMF_FPP,,
ISL,Iceland,1950,1.2293,,,,,1.2293,,,,,1.922217,,1,IMF_FPP,,
ISL,Iceland,1951,2.732901,,,,,2.732901,,,,,3.429603,,1,IMF_FPP,,
ISL,Iceland,1952,3.327398,,,,,3.327398,,,,,4.095453,,1,IMF_FPP,,
ISL,Iceland,1953,.3425007,,,,,.3425007,,,,,1.016858,,1,IMF_FPP,,
ISL,Iceland,1954,1.246101,,,,,1.246101,,,,,1.893122,,1,IMF_FPP,,
ISL,Iceland,1955,1.569199,,,,,1.569199,,,,,2.330905,,1,IMF_FPP,,
ISL,Iceland,1956,-.0944996,,,,,-.0944996,,,,,.6652661,,1,IMF_FPP,,
ISL,Iceland,1957,1.2015,,,,,1.2015,,,,,1.98972,,1,IMF_FPP,,
ISL,Iceland,1958,2.1591,,,,,2.1591,,,,,2.963176,,1,IMF_FPP,,
ISL,Iceland,1959,2.436901,,,,,2.436901,,,,,3.251721,,1,IMF_FPP,,
ISL,Iceland,1960,2.380001,,,,,2.380001,,,,,2.901024,,1,IMF_FPP,,
ISL,Iceland,1961,1.6371,,,,,1.6371,,,,,2.463202,,1,IMF_FPP,,
ISL,Iceland,1962,2.2488,,,,,2.2488,,,,,3.053817,,1,IMF_FPP,,
ISL,Iceland,1963,1.799799,,,,,1.799799,,,,,2.660986,,1,IMF_FPP,,
ISL,Iceland,1964,-.4090004,,,,,-.4090004,,,,,.2952756,,1,IMF_FPP,,
ISL,Iceland,1965,.1492996,,,,,.1492996,,,,,.9232022,,1,IMF_FPP,,
ISL,Iceland,1966,1.687599,,,,,1.687599,,,,,2.471648,,1,IMF_FPP,,
ISL,Iceland,1967,.7833996,,,,,.7833996,,,,,1.355315,,1,IMF_FPP,,
ISL,Iceland,1968,-.8945999,,,,,-.8945999,,,,,-.2487734,,1,IMF_FPP,,
ISL,Iceland,1969,-.8817005,,,,,-.8817005,,,,,.0977162,,1,IMF_FPP,,
ISL,Iceland,1970,.266201,,,,,.266201,,,,,1.236166,,1,IMF_FPP,,
ISL,Iceland,1971,-.6919994,,,,,-.6919994,,,,,.1876206,,1,IMF_FPP,1,8
ISL,Iceland,1972,.7146465,,,,,.0525017,.71464654,,,,.9559696,,1,IMF_GFS,,
ISL,Iceland,1973,-.2723008,,,,,-.739502,-.27230075,,,,.2246387,,1,IMF_GFS,,
ISL,Iceland,1974,-2.890001,,,,,-3.6399,-2.890001,,,,-2.608737,,1,IMF_GFS,,
ISL,Iceland,1975,-2.702513,,,,,-3.8741,-2.7025134,,,,-2.731665,,1,IMF_GFS,,
ISL,Iceland,1976,1.573861,,,,,.0237999,1.573861,,,,1.091595,,1,IMF_GFS,,
ISL,Iceland,1977,-.3308964,,,,,-1.198601,-.3308964,,,,-.2025102,,1,IMF_GFS,1,8
ISL,Iceland,1978,-.9006004,,,,,-.9006004,,,,,.0896053,,1,IMF_FPP,1,8
ISL,Iceland,1979,.2395877,,,,,-.072998,.23958767,,,,.9436464,,1,IMF_GFS,1,8
ISL,Iceland,1980,2.182564,,,,,1.370202,.06556229,1.37,,2.1825639,1.370668,,1,OECD_EO,,
ISL,Iceland,1981,2.101117,,,,,1.322468,.81853716,1.322,,2.101117,1.277892,,1,OECD_EO,,
ISL,Iceland,1982,2.578898,,,,,1.720823,,1.721,,2.5788977,1.682583,,1,OECD_EO,,
ISL,Iceland,1983,-1.017103,,,,,-1.963359,-2.3951415,-1.963,,-1.0171027,-.0020325,,1,OECD_EO,,
ISL,Iceland,1984,3.03271,,,,,2.247314,1.7344315,2.247,,3.0327102,.0022424,,1,OECD_EO,,
ISL,Iceland,1985,-.7765555,,,,,-1.564017,-1.8284855,-1.564,,-.77655554,-.0016551,,1,OECD_EO,,
ISL,Iceland,1986,-2.671157,,,,,-3.934505,,-3.935,,-2.6711568,-.004048,,1,OECD_EO,,
ISL,Iceland,1987,.0080874,,,,,-.7863251,-2.2544741,-.786,,.00808736,-.0008541,,1,OECD_EO,,
ISL,Iceland,1988,-1.024769,,,,,-1.93092,-3.4454266,-1.931,,-1.0247692,-.0020309,,1,OECD_EO,,
ISL,Iceland,1989,-3.263025,,,,,-4.292295,-3.8835497,-4.292,,-3.2630254,-.004553,,1,OECD_EO,,
ISL,Iceland,1990,-2.29092,,,,,-3.160975,-2.5051507,-3.161,,-2.2909202,-.0033263,,1,OECD_EO,,
ISL,Iceland,1991,-1.877234,,,,,-.6587347,-3.8168625,-.659,,-1.8772337,,,1,OECD_EO,,
ISL,Iceland,1992,-1.791012,,,,,-1.862893,-3.0128888,-1.863,,-1.7910118,,,1,OECD_EO,,
ISL,Iceland,1993,-3.515336,,,,,-4.355776,-4.150729,-4.356,,-3.5153357,,,1,OECD_EO,,
ISL,Iceland,1994,-3.648857,,,,,-4.591717,-4.3785728,-4.592,,-3.6488568,,,1,OECD_EO,,
ISL,Iceland,1995,-2.90004,,,,,-2.87019,-2.7247203,-2.87,,-2.9000405,,,1,OECD_EO,,
ISL,Iceland,1996,-1.530434,,,,,-1.51676,-1.2275976,-1.517,,-1.5304335,,,1,OECD_EO,,
ISL,Iceland,1997,.0128058,,,,,.0388415,-.14491701,.039,,.01280577,,,1,OECD_EO,1,8
ISL,Iceland,1998,-.6,,,,-.6,-.5652901,.46858439,-.565,,-.56530941,,,1,EUS,,
ISL,Iceland,1999,1.3,,,,1.3,1.319186,2.266255,1.319,,1.3190669,,,1,EUS,,
ISL,Iceland,2000,1.4,,,,1.4,1.445683,2.2914027,1.446,,1.4459342,,,1,EUS,,
ISL,Iceland,2001,-.3,,,,-.3,-.2805764,-.66022908,-.281,,-.28055035,,,1,EUS,,
ISL,Iceland,2002,-2.2,,,,-2.2,-2.2741,-2.4376601,-2.274,,-2.2740232,,,1,EUS,,
ISL,Iceland,2003,-2.3,,,,-2.3,-2.32374,-2.7094384,-2.324,,-2.32382,,,1,EUS,,
ISL,Iceland,2004,.3,,,,.3,.2865767,.02883313,.287,,.28647861,,,1,EUS,,
ISL,Iceland,2005,5,,,,5,5.006562,5.006464,5.007,,5.0064561,,,1,EUS,,
ISL,Iceland,2006,6.4,,,,6.4,6.449373,6.4496668,6.449,,6.4494154,,,1,EUS,,
ISL,Iceland,2007,5.6,,,,5.6,5.598608,5.5986704,5.599,,5.5986726,,,1,EUS,,
ISL,Iceland,2008,-12,,,,-12,-12.13833,-12.138,-12.138,,-12.138394,,,1,EUS,,
ISL,Iceland,2009,-8.5,,,,-8.5,-8.579548,-8.5791377,-8.58,,-8.5794716,,,1,EUS,,
ISL,Iceland,2010,-6.6,,,,-6.6,-6.663367,-6.6633983,-6.663,,-6.6634951,,,1,EUS,,
ISL,Iceland,2011,-6.4,,,,-6.4,-6.530108,-6.5300104,-6.53,,-6.5300127,,,1,EUS,,
ISL,Iceland,2012,-2.6,,,,-2.6,-2.624649,-2.624617,-2.625,,-2.5473821,,,1,EUS,,
ISL,Iceland,2013,-.9,,,,-.9,-1.247674,-1.2477009,-1.248,,-1.1809822,,,1,EUS,,
ISL,Iceland,2014,.6,,,,.6,.2950114,.29497589,.295,,.36156758,,,1,EUS,,
ISL,Iceland,2015,-.1,,,,-.1,-.395396,-.3955048,-.395,,-.29695292,,,1,EUS,,
ISL,Iceland,2016,12.7,,,,12.7,12.54932,12.549301,12.549,,12.600526,,,1,EUS,,
ISL,Iceland,2017,1.3,,,,1.3,.9779485,.95493929,.978,,1.0420584,,,1,EUS,,
ISL,Iceland,2018,1,,,,1,.9550445,.9121148,.955,,1.015875,,,1,EUS,,
ISL,Iceland,2019,-1.4,,,,-1.4,-1.592875,-1.5320186,-1.593,,-1.5512006,,,1,EUS,,
ISL,Iceland,2020,-8.8,,,,-8.8,-8.89533,-8.9512634,-8.895,,-8.8296905,,,1,EUS,,
ISL,Iceland,2021,-8,,,,-8,-8.460435,-8.4604553,-8.46,,-8.2884488,,,1,EUS,,
ISL,Iceland,2022,-3.8,,,,-3.8,-3.983063,-3.9883157,-3.983,,-3.9258282,,,1,EUS,,
ISL,Iceland,2023,-2.3,,,,-2.3,-1.987119,-1.9870693,,-1.987,-1.9137257,,,1,EUS,,
ISL,Iceland,2024,-3.7,,,,-3.7,,,,-3.1059999,-2.7128509,,,1,EUS,,
ISL,Iceland,2025,-2.130966,,,,,,,,-1.1339999,-2.1309664,,,1,OECD_EO,1,8
ISL,Iceland,2026,-1.171188,,,,,,,,-1.017,-1.171188,,,1,OECD_EO,,
ISL,Iceland,2027,-.992,,,,,,,,-.99199998,,,,1,IMF_WEO_forecast,1,8
ISL,Iceland,2028,-.972,,,,,,,,-.972,,,,1,IMF_WEO_forecast,,
ISL,Iceland,2029,-.929,,,,,,,,-.92900002,,,,1,IMF_WEO_forecast,,
ISR,Israel,1954,-7.8371,,,,,-7.8371,,,,,,,1,IMF_FPP,,
ISR,Israel,1955,-4.299101,,,,,-4.299101,,,,,,,1,IMF_FPP,,
ISR,Israel,1956,-9.3032,,,,,-9.3032,,,,,,,1,IMF_FPP,,
ISR,Israel,1957,-7.172699,,,,,-7.172699,,,,,,,1,IMF_FPP,,
ISR,Israel,1958,-8.310499,,,,,-8.310499,,,,,,,1,IMF_FPP,,
ISR,Israel,1959,-7.225899,,,,,-7.225899,,,,,,,1,IMF_FPP,,
ISR,Israel,1960,-6.6222,,,,,-6.6222,,,,,,,1,IMF_FPP,,
ISR,Israel,1961,-5.8633,,,,,-5.8633,,,,,,,1,IMF_FPP,,
ISR,Israel,1962,-4.089899,,,,,-4.089899,,,,,,,1,IMF_FPP,,
ISR,Israel,1963,-4.410301,,,,,-4.410301,,,,,,,1,IMF_FPP,,
ISR,Israel,1964,-3.6483,,,,,-3.6483,,,,,,,1,IMF_FPP,,
ISR,Israel,1965,-2.720501,,,,,-2.720501,,,,,,,1,IMF_FPP,,
ISR,Israel,1966,-4.350399,,,,,-4.350399,,,,,,,1,IMF_FPP,,
ISR,Israel,1967,-7.682398,,,,,-7.682398,,,,,,,1,IMF_FPP,,
ISR,Israel,1968,-11.6932,,,,,-11.6932,,,,,,,1,IMF_FPP,,
ISR,Israel,1969,-15.3184,,,,,-15.3184,,,,,,,1,IMF_FPP,,
ISR,Israel,1970,-15.9587,,,,,-15.9587,,,,,,,1,IMF_FPP,1,3
ISR,Israel,1971,,,,,,,,,,,,,1,IMF_GFS,,
ISR,Israel,1972,,,,,,,,,,,,,1,IMF_GFS,,
ISR,Israel,1973,,,,,,,,,,,,,1,IMF_GFS,,
ISR,Israel,1974,,,,,,,,,,,,,1,IMF_GFS,,
ISR,Israel,1975,,,,,,,,,,,,,1,IMF_GFS,,
ISR,Israel,1976,-18.74457,,,,,,-18.744566,,,,,,1,IMF_GFS,,
ISR,Israel,1977,-19.01574,,,,,,-19.015738,,,,,,1,IMF_GFS,,
ISR,Israel,1978,-14.56494,,,,,,-14.564938,,,,,,1,IMF_GFS,,
ISR,Israel,1979,-16.1966,,,,,,-16.196602,,,,,,1,IMF_GFS,,
ISR,Israel,1980,-18.83664,,,,,-19.5726,-18.836638,,,,,,1,IMF_GFS,,
ISR,Israel,1981,-21.86717,,,,,-23.4657,-21.867174,,,,,,1,IMF_GFS,,
ISR,Israel,1982,-13.50427,,,,,-13.8365,-13.504268,,,,,,1,IMF_GFS,,
ISR,Israel,1983,-24.70701,,,,,,-24.70701,,,,,,1,IMF_GFS,,
ISR,Israel,1984,-28.11882,,,,,,-28.118818,,,,,,1,IMF_GFS,,
ISR,Israel,1985,-13.68713,,,,,-14.1657,-13.687133,,,,,,1,IMF_GFS,,
ISR,Israel,1986,-7.060637,,,,,-7.513897,-7.0606377,,,,,,1,IMF_GFS,,
ISR,Israel,1987,-7.201189,,,,,-7.469002,-7.2011892,,,,,,1,IMF_GFS,,
ISR,Israel,1988,-7.341582,,,,,-7.567001,-7.3415825,,,,,,1,IMF_GFS,,
ISR,Israel,1989,-8.805586,,,,,-9.029697,-8.8055862,,,,,,1,IMF_GFS,,
ISR,Israel,1990,-3.992591,,,,,-9.671902,-3.9925915,,,,,,1,IMF_GFS,,
ISR,Israel,1991,-3.262261,,,,,-7.043098,-3.2622609,,,,,,1,IMF_GFS,,
ISR,Israel,1992,-3.49339,,,,,-8.003201,-3.4933899,,,,,,1,IMF_GFS,,
ISR,Israel,1993,-2.707839,,,,,-5.617897,-2.707839,,,,,,1,IMF_GFS,,
ISR,Israel,1994,-2.545044,,,,,-5.618301,-2.5450439,,,,,,1,IMF_GFS,,
ISR,Israel,1995,-3.803681,,,,,-4.281998,-3.803681,,,,,,1,IMF_GFS,,
ISR,Israel,1996,-3.739469,,,,,-5.973801,-3.7394694,,,,,,1,IMF_GFS,,
ISR,Israel,1997,-2.306345,,,,,-4.841698,-2.3063451,,,,,,1,IMF_GFS,1,3
ISR,Israel,1998,-6.869339,,,,,-7.986698,-2.6754773,,,-6.8693389,,,1,OECD_EO,,
ISR,Israel,1999,-3.098969,,,,,-6.255898,,,,-3.0989694,,,1,OECD_EO,,
ISR,Israel,2000,-.7947655,,,,,-3.994301,-.96914446,-.798,,-.79476549,,,1,OECD_EO,,
ISR,Israel,2001,-4.049161,,,,,-6.355999,-4.0403283,-4.052,,-4.049161,,,1,OECD_EO,,
ISR,Israel,2002,-8.215966,,,,,-8.191902,-8.2092134,-8.218,,-8.2159667,,,1,OECD_EO,,
ISR,Israel,2003,-5.028001,,,,,-8.322498,-5.0205721,-5.03,,-5.0280014,,,1,OECD_EO,,
ISR,Israel,2004,-3.400765,,,,,-6.0863,-3.3965588,-3.403,,-3.4007651,,,1,OECD_EO,,
ISR,Israel,2005,-2.741518,,,,,-4.907803,-2.7390111,-2.743,,-2.741518,,,1,OECD_EO,,
ISR,Israel,2006,-.9526104,,,,,-2.4744,-.94543178,-.954,,-.95261035,,,1,OECD_EO,,
ISR,Israel,2007,-.4445595,,,,,-1.532803,-.43129684,-.446,,-.44455946,,,1,OECD_EO,,
ISR,Israel,2008,-3.505468,,,,,-3.751499,-3.4916741,-3.507,,-3.5054676,,,1,OECD_EO,,
ISR,Israel,2009,-6.534715,,,,,-6.378998,-6.5180947,-6.536,,-6.534715,,,1,OECD_EO,,
ISR,Israel,2010,-3.723507,,,,,-4.954197,-3.7135475,-3.725,,-3.7235074,,,1,OECD_EO,,
ISR,Israel,2011,-3.441614,,,,,-3.443316,-3.4270374,-3.443,,-3.4416139,,,1,OECD_EO,,
ISR,Israel,2012,-4.466933,,,,,-4.468561,-4.4521871,-4.469,,-4.466933,,,1,OECD_EO,,
ISR,Israel,2013,-4.066551,,,,,-4.067659,-4.0564449,-4.068,,-4.066551,,,1,OECD_EO,,
ISR,Israel,2014,-2.297547,,,,,-2.298952,-2.2849394,-2.299,,-2.297547,,,1,OECD_EO,,
ISR,Israel,2015,-1.216217,,,,,-1.217292,-1.2078656,-1.217,,-1.2162167,,,1,OECD_EO,,
ISR,Israel,2016,-1.793299,,,,,-1.794194,-1.7845635,-1.794,,-1.7932987,,,1,OECD_EO,,
ISR,Israel,2017,-1.135657,,,,,-1.136355,-1.1282744,-1.136,,-1.1356571,,,1,OECD_EO,,
ISR,Israel,2018,-3.551804,,,,,-3.552528,-3.549005,-3.553,,-3.5518036,,,1,OECD_EO,,
ISR,Israel,2019,-3.798731,,,,,-3.798912,-3.7734488,-3.799,,-3.7987307,,,1,OECD_EO,,
ISR,Israel,2020,-10.67908,,,,,-10.67965,-10.640646,-10.68,,-10.679078,,,1,OECD_EO,,
ISR,Israel,2021,-3.375056,,,,,-3.375751,-3.3520217,-3.376,,-3.3750559,,,1,OECD_EO,,
ISR,Israel,2022,.4431667,,,,,.4426566,.31731196,.443,,.44316673,,,1,OECD_EO,,
ISR,Israel,2023,-4.085711,,,,,-4.838439,-5.0544245,,-4.8379998,-4.0857116,,,1,OECD_EO,,
ISR,Israel,2024,-7.500428,,,,,,,,-9.0419998,-7.5004279,,,1,OECD_EO,,
ISR,Israel,2025,-5.652947,,,,,,,,-5.4429998,-5.6529475,,,1,OECD_EO,,
ISR,Israel,2026,-4.813569,,,,,,,,-4.3379998,-4.8135687,,,1,OECD_EO,,
ISR,Israel,2027,-4.391,,,,,,,,-4.3909998,,,,1,IMF_WEO_forecast,1,3
ISR,Israel,2028,-4.351,,,,,,,,-4.3509998,,,,1,IMF_WEO_forecast,,
ISR,Israel,2029,-4.332,,,,,,,,-4.3319998,,,,1,IMF_WEO_forecast,,
ITA,Italy,1862,-3.95867,,,,,-3.95867,,,,,,,1,IMF_FPP,,
ITA,Italy,1863,-4.16407,,,,,-4.16407,,,,,,,1,IMF_FPP,,
ITA,Italy,1864,-3.06006,,,,,-3.06006,,,,,,,1,IMF_FPP,,
ITA,Italy,1865,-2.72312,,,,,-2.72312,,,,,,,1,IMF_FPP,,
ITA,Italy,1866,-3.10484,,,,,-3.10484,,,,,,,1,IMF_FPP,,
ITA,Italy,1867,-1.447761,,,,,-1.447761,,,,,,,1,IMF_FPP,,
ITA,Italy,1868,-.78864,,,,,-.78864,,,,,,,1,IMF_FPP,,
ITA,Italy,1869,.3344002,,,,,.3344002,,,,,,,1,IMF_FPP,,
ITA,Italy,1870,-.8192501,,,,,-.8192501,,,,,,,1,IMF_FPP,,
ITA,Italy,1871,-.1316996,,,,,-.1316996,,,,,,,1,IMF_FPP,,
ITA,Italy,1872,,,,,,,,,,,,,1,IMF_FPP,,
ITA,Italy,1873,.21,,,,,.21,,,,,,,1,IMF_FPP,,
ITA,Italy,1874,-.0761995,,,,,-.0761995,,,,,,,1,IMF_FPP,,
ITA,Italy,1875,.5761003,,,,,.5761003,,,,,,,1,IMF_FPP,,
ITA,Italy,1876,-.0475998,,,,,-.0475998,,,,,,,1,IMF_FPP,,
ITA,Italy,1877,-.0085001,,,,,-.0085001,,,,,,,1,IMF_FPP,,
ITA,Italy,1878,.0896997,,,,,.0896997,,,,,,,1,IMF_FPP,,
ITA,Italy,1879,.7273998,,,,,.7273998,,,,,,,1,IMF_FPP,,
ITA,Italy,1880,.3838997,,,,,.3838997,,,,,,,1,IMF_FPP,,
ITA,Italy,1881,-.0379,,,,,-.0379,,,,,,,1,IMF_FPP,,
ITA,Italy,1882,-.4988003,,,,,-.4988003,,,,,,,1,IMF_FPP,,
ITA,Italy,1883,-.5098,,,,,-.5098,,,,,,,1,IMF_FPP,,
ITA,Italy,1884,-1.4605,,,,,-1.4605,,,,,,,1,IMF_FPP,,
ITA,Italy,1885,.2017994,,,,,.2017994,,,,,,,1,IMF_FPP,,
ITA,Italy,1886,-.4990997,,,,,-.4990997,,,,,,,1,IMF_FPP,,
ITA,Italy,1887,-1.9422,,,,,-1.9422,,,,,,,1,IMF_FPP,,
ITA,Italy,1888,-2.1145,,,,,-2.1145,,,,,,,1,IMF_FPP,,
ITA,Italy,1889,-1.3182,,,,,-1.3182,,,,,,,1,IMF_FPP,,
ITA,Italy,1890,-.3198004,,,,,-.3198004,,,,,,,1,IMF_FPP,,
ITA,Italy,1891,-1.411301,,,,,-1.411301,,,,,,,1,IMF_FPP,,
ITA,Italy,1892,-.2481003,,,,,-.2481003,,,,,,,1,IMF_FPP,,
ITA,Italy,1893,-.4902,,,,,-.4902,,,,,,,1,IMF_FPP,,
ITA,Italy,1894,-.2275,,,,,-.2275,,,,,,,1,IMF_FPP,,
ITA,Italy,1895,-.6885996,,,,,-.6885996,,,,,,,1,IMF_FPP,,
ITA,Italy,1896,-.4343996,,,,,-.4343996,,,,,,,1,IMF_FPP,,
ITA,Italy,1897,.0085001,,,,,.0085001,,,,,,,1,IMF_FPP,,
ITA,Italy,1898,-.2124996,,,,,-.2124996,,,,,,,1,IMF_FPP,,
ITA,Italy,1899,-.1057997,,,,,-.1057997,,,,,,,1,IMF_FPP,,
ITA,Italy,1900,.2842999,,,,,.2842999,,,,,,,1,IMF_FPP,,
ITA,Italy,1901,.3555994,,,,,.3555994,,,,,,,1,IMF_FPP,,
ITA,Italy,1902,.4762001,,,,,.4762001,,,,,,,1,IMF_FPP,,
ITA,Italy,1903,.3192997,,,,,.3192997,,,,,,,1,IMF_FPP,,
ITA,Italy,1904,.5772009,,,,,.5772009,,,,,,,1,IMF_FPP,,
ITA,Italy,1905,-1.5653,,,,,-1.5653,,,,,,,1,IMF_FPP,,
ITA,Italy,1906,-.6890001,,,,,-.6890001,,,,,,,1,IMF_FPP,,
ITA,Italy,1907,-.5121994,,,,,-.5121994,,,,,,,1,IMF_FPP,,
ITA,Italy,1908,-1.3085,,,,,-1.3085,,,,,,,1,IMF_FPP,,
ITA,Italy,1909,-.6861,,,,,-.6861,,,,,,,1,IMF_FPP,,
ITA,Italy,1910,-.3193007,,,,,-.3193007,,,,,,,1,IMF_FPP,,
ITA,Italy,1911,-.6343002,,,,,-.6343002,,,,,,,1,IMF_FPP,,
ITA,Italy,1912,-1.8573,,,,,-1.8573,,,,,,,1,IMF_FPP,,
ITA,Italy,1913,-.8564005,,,,,-.8564005,,,,,,,1,IMF_FPP,,
ITA,Italy,1914,-12.4054,,,,,-12.4054,,,,,,,1,IMF_FPP,,
ITA,Italy,1915,-25.7893,,,,,-25.7893,,,,,,,1,IMF_FPP,,
ITA,Italy,1916,-28.1725,,,,,-28.1725,,,,,,,1,IMF_FPP,,
ITA,Italy,1917,-27.6183,,,,,-27.6183,,,,,,,1,IMF_FPP,,
ITA,Italy,1918,-22.7006,,,,,-22.7006,,,,,,,1,IMF_FPP,,
ITA,Italy,1919,-11.2107,,,,,-11.2107,,,,,,,1,IMF_FPP,,
ITA,Italy,1920,-5.8871,,,,,-5.8871,,,,,,,1,IMF_FPP,,
ITA,Italy,1921,-7.7715,,,,,-7.7715,,,,,,,1,IMF_FPP,,
ITA,Italy,1922,-10.9895,,,,,-10.9895,,,,,,,1,IMF_FPP,,
ITA,Italy,1923,-3.2054,,,,,-3.2054,,,,,,,1,IMF_FPP,,
ITA,Italy,1924,1.1868,,,,,1.1868,,,,,,,1,IMF_FPP,,
ITA,Italy,1925,1.6973,,,,,1.6973,,,,,,,1,IMF_FPP,,
ITA,Italy,1926,-.0941,,,,,-.0941,,,,,,,1,IMF_FPP,,
ITA,Italy,1927,-1.709801,,,,,-1.709801,,,,,,,1,IMF_FPP,,
ITA,Italy,1928,-2.0862,,,,,-2.0862,,,,,,,1,IMF_FPP,,
ITA,Italy,1929,-.5930996,,,,,-.5930996,,,,,,,1,IMF_FPP,,
ITA,Italy,1930,-.5466995,,,,,-.5466995,,,,,,,1,IMF_FPP,,
ITA,Italy,1931,-2.143,,,,,-2.143,,,,,,,1,IMF_FPP,,
ITA,Italy,1932,-3.0632,,,,,-3.0632,,,,,,,1,IMF_FPP,,
ITA,Italy,1933,-4.852499,,,,,-4.852499,,,,,,,1,IMF_FPP,,
ITA,Italy,1934,-2.504499,,,,,-2.504499,,,,,,,1,IMF_FPP,,
ITA,Italy,1935,-9.831201,,,,,-9.831201,,,,,,,1,IMF_FPP,,
ITA,Italy,1936,-7.926102,,,,,-7.926102,,,,,,,1,IMF_FPP,,
ITA,Italy,1937,-5.778899,,,,,-5.778899,,,,,,,1,IMF_FPP,,
ITA,Italy,1938,-5.968801,,,,,-5.968801,,,,,,,1,IMF_FPP,,
ITA,Italy,1939,-9.4912,,,,,-9.4912,,,,,,,1,IMF_FPP,,
ITA,Italy,1940,-24.3221,,,,,-24.3221,,,,,,,1,IMF_FPP,,
ITA,Italy,1941,-25.0684,,,,,-25.0684,,,,,,,1,IMF_FPP,,
ITA,Italy,1942,-26.8551,,,,,-26.8551,,,,,,,1,IMF_FPP,,
ITA,Italy,1943,-16.14506,,,,,-16.14506,,,,,,,1,IMF_FPP,,
ITA,Italy,1944,-35.0957,,,,,-35.0957,,,,,,,1,IMF_FPP,,
ITA,Italy,1945,-16.879,,,,,-16.879,,,,,,,1,IMF_FPP,,
ITA,Italy,1946,-9.824201,,,,,-9.824201,,,,,,,1,IMF_FPP,,
ITA,Italy,1947,-6.623799,,,,,-6.623799,,,,,,,1,IMF_FPP,,
ITA,Italy,1948,-4.5765,,,,,-4.5765,,,,,,,1,IMF_FPP,,
ITA,Italy,1949,-2.8248,,,,,-2.8248,,,,,,,1,IMF_FPP,,
ITA,Italy,1950,-2.418699,,,,,-2.418699,,,,,,,1,IMF_FPP,,
ITA,Italy,1951,-3.8564,,,,,-3.8564,,,,,,,1,IMF_FPP,,
ITA,Italy,1952,-4.076,,,,,-4.076,,,,,,,1,IMF_FPP,,
ITA,Italy,1953,-2.3289,,,,,-2.3289,,,,,,,1,IMF_FPP,,
ITA,Italy,1954,-1.8411,,,,,-1.8411,,,,,,,1,IMF_FPP,,
ITA,Italy,1955,-2.0256,,,,,-2.0256,,,,,,,1,IMF_FPP,,
ITA,Italy,1956,-1.4608,,,,,-1.4608,,,,,,,1,IMF_FPP,,
ITA,Italy,1957,-1.094701,,,,,-1.094701,,,,,,,1,IMF_FPP,,
ITA,Italy,1958,-.9791002,,,,,-.9791002,,,,,,,1,IMF_FPP,,
ITA,Italy,1959,-.9968987,,,,,-.9968987,,,,,,,1,IMF_FPP,1,4
ITA,Italy,1960,-.8336686,,,,,-.2754002,,,,-.83366862,,,1,OECD_EO,,
ITA,Italy,1961,-.7290544,,,,,-.5716991,,,,-.72905441,,,1,OECD_EO,,
ITA,Italy,1962,-.9200411,,,,,-.9459991,,,,-.92004112,,,1,OECD_EO,,
ITA,Italy,1963,-1.047925,,,,,-.3019009,,,,-1.0479252,,,1,OECD_EO,,
ITA,Italy,1964,-.7264666,,,,,-2.353701,,,,-.7264666,,,1,OECD_EO,,
ITA,Italy,1965,-3.387009,,,,,-2.672501,,,,-3.387009,,,1,OECD_EO,,
ITA,Italy,1966,-3.340629,,,,,-1.5875,,,,-3.3406286,,,1,OECD_EO,,
ITA,Italy,1967,-1.975143,,,,,-.9675999,,,,-1.9751426,,,1,OECD_EO,,
ITA,Italy,1968,-2.459284,,,,,-2.545097,,,,-2.4592839,,,1,OECD_EO,,
ITA,Italy,1969,-2.754173,,,,,-2.850302,,,,-2.7541728,,,1,OECD_EO,,
ITA,Italy,1970,-3.111779,,,,,-3.220501,,,,-3.1117795,,,1,OECD_EO,,
ITA,Italy,1971,-4.5537,,,,,-4.7127,,,,-4.5537,,,1,OECD_EO,,
ITA,Italy,1972,-6.605623,,,,,-6.836199,,,,-6.6056231,,,1,OECD_EO,,
ITA,Italy,1973,-6.143287,,,,,-6.3577,,,,-6.1432872,,,1,OECD_EO,,
ITA,Italy,1974,-6.026587,,,,,-6.237,,,,-6.0265874,,,1,OECD_EO,,
ITA,Italy,1975,-9.929686,,,,,-10.2764,,,,-9.9296853,,,1,OECD_EO,,
ITA,Italy,1976,-7.612646,,,,,-7.878401,,,,-7.6126455,,,1,OECD_EO,,
ITA,Italy,1977,-6.722221,,,,,-6.956898,,,,-6.7222214,,,1,OECD_EO,,
ITA,Italy,1978,-8.185844,,,,,-8.4716,,,,-8.1858448,,,1,OECD_EO,,
ITA,Italy,1979,-7.951465,,,,,-8.229101,,,,-7.9514646,,,1,OECD_EO,,
ITA,Italy,1980,-6.697383,,,,,-6.966099,,,,-6.6973833,,,1,OECD_EO,,
ITA,Italy,1981,-10.47218,,,,,-10.8721,,,,-10.472181,,,1,OECD_EO,,
ITA,Italy,1982,-9.649838,,,,,-10.01,,,,-9.6498381,,,1,OECD_EO,,
ITA,Italy,1983,-9.728436,,,,,-10.111,,,,-9.7284353,,,1,OECD_EO,,
ITA,Italy,1984,-11.04935,,,,,-11.4821,,,,-11.049355,,,1,OECD_EO,,
ITA,Italy,1985,-11.91309,,,,,-12.3846,,,,-11.913086,,,1,OECD_EO,,
ITA,Italy,1986,-11.49011,,,,,-11.9573,,,,-11.49011,,,1,OECD_EO,,
ITA,Italy,1987,-11.08919,,,,,-11.514,,,,-11.089188,,,1,OECD_EO,,
ITA,Italy,1988,-10.6276,,,,,-11.0459,,-10.583,,-10.627604,,,1,OECD_EO,,
ITA,Italy,1989,-10.98704,,,,,-11.429,,-10.95,,-10.987041,,,1,OECD_EO,,
ITA,Italy,1990,-11.0122,,,,,-11.4437,,-11.141,,-11.012201,,,1,OECD_EO,,
ITA,Italy,1991,-10.95655,,,,,-11.3886,,-11.083,,-10.95655,,,1,OECD_EO,,
ITA,Italy,1992,-9.989276,,,,,-10.3726,,-10.09,,-9.989276,,,1,OECD_EO,,
ITA,Italy,1993,-9.659172,,,,,-10.0304,,-9.756,,-9.6591723,,,1,OECD_EO,,
ITA,Italy,1994,-8.736523,,,,,-9.083,,-8.835,,-8.7365226,,,1,OECD_EO,1,4
ITA,Italy,1995,-7.2,,,,-7.2,-7.482998,-7.1985349,-7.199,,-7.1910036,,,1,EUS,,
ITA,Italy,1996,-6.6,,,,-6.6,-7.0075,-6.608281,-6.608,,-6.6129832,,,1,EUS,,
ITA,Italy,1997,-3,,,,-3,-2.742203,-2.9803003,-2.98,,-2.9809498,,,1,EUS,,
ITA,Italy,1998,-3,,,,-3,-2.961098,-2.9859182,-2.986,,-2.9914735,,,1,EUS,,
ITA,Italy,1999,-1.8,,,,-1.8,-1.999702,-1.7747002,-1.775,,-1.7788635,,,1,EUS,,
ITA,Italy,2000,-2.4,,,,-2.4,-.9106979,-2.420096,-2.42,,-2.4182446,,,1,EUS,,
ITA,Italy,2001,-3.2,,,,-3.2,-3.187,-3.1808244,-3.182,,-3.183118,,,1,EUS,,
ITA,Italy,2002,-2.9,,,,-2.9,-3.163902,-2.8797762,-2.881,,-2.8825228,,,1,EUS,,
ITA,Italy,2003,-3.2,,,,-3.2,-3.646301,-3.2262006,-3.228,,-3.2266297,,,1,EUS,,
ITA,Italy,2004,-3.5,,,,-3.5,-3.5672,-3.4609228,-3.463,,-3.4688759,,,1,EUS,,
ITA,Italy,2005,-4.1,,,,-4.1,-4.492298,-4.0985329,-4.1,,-4.0925636,,,1,EUS,,
ITA,Italy,2006,-3.6,,,,-3.6,-3.411098,-3.6054425,-3.608,,-3.5970926,,,1,EUS,,
ITA,Italy,2007,-1.3,,,,-1.3,-1.5896,-1.3259428,-1.329,,-1.3252688,,,1,EUS,,
ITA,Italy,2008,-2.6,,,,-2.6,-2.6744,-2.583959,-2.587,,-2.5836511,,,1,EUS,,
ITA,Italy,2009,-5.1,,,,-5.1,-5.357098,-5.0565365,-5.065,,-5.0568733,,,1,EUS,,
ITA,Italy,2010,-4.2,,,,-4.2,-4.513203,-4.1613925,-4.177,,-4.1636648,,,1,EUS,,
ITA,Italy,2011,-3.5,,,,-3.5,-3.536886,-3.524396,-3.537,,-3.5207776,,,1,EUS,,
ITA,Italy,2012,-3,,,,-3,-2.997001,-2.9854878,-2.997,,-2.9839372,,,1,EUS,,
ITA,Italy,2013,-2.9,,,,-2.9,-2.893178,-2.8745508,-2.893,,-2.873286,,,1,EUS,,
ITA,Italy,2014,-2.8,,,,-2.8,-2.840322,-2.8184985,-2.84,,-2.8150727,,,1,EUS,,
ITA,Italy,2015,-2.5,,,,-2.5,-2.487977,-2.4591184,-2.488,,-2.4595474,,,1,EUS,,
ITA,Italy,2016,-2.4,,,,-2.4,-2.436569,-2.4046606,-2.437,,-2.4022499,,,1,EUS,,
ITA,Italy,2017,-2.5,,,,-2.5,-2.542915,-2.508865,-2.543,,-2.5043039,,,1,EUS,,
ITA,Italy,2018,-2.2,,,,-2.2,-2.238005,-2.1919916,-2.238,,-2.1911889,,,1,EUS,,
ITA,Italy,2019,-1.5,,,,-1.5,-1.481763,-1.4501124,-1.482,,-1.4497606,,,1,EUS,,
ITA,Italy,2020,-9.4,,,,-9.4,-9.378795,-9.3787949,-9.379,,-9.3852982,,,1,EUS,,
ITA,Italy,2021,-8.9,,,,-8.9,-8.853693,-8.8756738,-8.854,,-8.8708742,,,1,EUS,,
ITA,Italy,2022,-8.1,,,,-8.1,-8.090664,-8.1048844,-8.091,,-8.0951966,,,1,EUS,,
ITA,Italy,2023,-7.2,,,,-7.2,-7.177397,-7.2041823,,-7.177,-7.1746488,,,1,EUS,,
ITA,Italy,2024,-3.4,,,,-3.4,,,,-3.9949999,-3.5285158,,,1,EUS,,
ITA,Italy,2025,-3.20905,,,,,,,,-3.7920001,-3.2090501,,,1,OECD_EO,1,4
ITA,Italy,2026,-2.844846,,,,,,,,-3.546,-2.8448466,,,1,OECD_EO,,
ITA,Italy,2027,-3.246,,,,,,,,-3.2460001,,,,1,IMF_WEO_forecast,1,4
ITA,Italy,2028,-3.094,,,,,,,,-3.0940001,,,,1,IMF_WEO_forecast,,
ITA,Italy,2029,-3.076,,,,,,,,-3.076,,,,1,IMF_WEO_forecast,,
JAM,Jamaica,1990,2.116,,,,,2.11592,,2.116,,,,,1,IMF_WEO,,
JAM,Jamaica,1991,3.226,,,,,3.225681,,3.226,,,,,1,IMF_WEO,,
JAM,Jamaica,1992,2.908,,,,,2.907871,,2.908,,,,,1,IMF_WEO,,
JAM,Jamaica,1993,2.428,,,,,2.428354,,2.428,,,,,1,IMF_WEO,,
JAM,Jamaica,1994,2.459,,,,,2.459311,,2.459,,,,,1,IMF_WEO,,
JAM,Jamaica,1995,1.574,,,,,1.574022,,1.574,,,,,1,IMF_WEO,,
JAM,Jamaica,1996,-5.383,,,,,-5.383486,,-5.383,,,,,1,IMF_WEO,,
JAM,Jamaica,1997,-6.555,,,,,-6.554591,,-6.555,,,,,1,IMF_WEO,,
JAM,Jamaica,1998,-5.88,,,,,-5.879755,,-5.88,,,,,1,IMF_WEO,,
JAM,Jamaica,1999,-3.503,,,,,-3.502548,,-3.503,,,,,1,IMF_WEO,,
JAM,Jamaica,2000,-.803,,,,,-.8029944,,-.803,,,,,1,IMF_WEO,,
JAM,Jamaica,2001,-4.894,,,,,-4.893596,,-4.894,,,,,1,IMF_WEO,,
JAM,Jamaica,2002,-6.725,,,,,-6.724549,,-6.725,,,,,1,IMF_WEO,,
JAM,Jamaica,2003,-5.565,,,,,-5.564662,,-5.565,,,,,1,IMF_WEO,,
JAM,Jamaica,2004,-4.673,,,,,-4.673366,,-4.673,,,,,1,IMF_WEO,,
JAM,Jamaica,2005,-3.306,,,,,-3.305671,,-3.306,,,,,1,IMF_WEO,,
JAM,Jamaica,2006,-4.865,,,,,-4.864596,,-4.865,,,,,1,IMF_WEO,,
JAM,Jamaica,2007,-3.799,,,,,-3.798811,,-3.799,,,,,1,IMF_WEO,,
JAM,Jamaica,2008,-7.512,,,,,-7.51173,,-7.512,,,,,1,IMF_WEO,,
JAM,Jamaica,2009,-11.125,,,,,-11.12546,,-11.125,,,,,1,IMF_WEO,,
JAM,Jamaica,2010,-6.333,,,,,-6.332527,,-6.333,,,,,1,IMF_WEO,,
JAM,Jamaica,2011,-6.403,,,,,-6.403269,,-6.403,,,,,1,IMF_WEO,,
JAM,Jamaica,2012,-4.077,,,,,-4.076669,,-4.077,,,,,1,IMF_WEO,,
JAM,Jamaica,2013,.119,,,,,.1189801,,.119,,,,,1,IMF_WEO,,
JAM,Jamaica,2014,-.496,,,,,-.4956092,,-.496,,,,,1,IMF_WEO,,
JAM,Jamaica,2015,-.289,,,,,-.2891725,,-.289,,,,,1,IMF_WEO,,
JAM,Jamaica,2016,-.194,,,,,-.1944245,,-.194,,,,,1,IMF_WEO,,
JAM,Jamaica,2017,.452,,,,,.4523437,,.452,,,,,1,IMF_WEO,,
JAM,Jamaica,2018,1.181,,,,,1.181096,,1.181,,,,,1,IMF_WEO,,
JAM,Jamaica,2019,.915,,,,,.9148502,,.915,,,,,1,IMF_WEO,,
JAM,Jamaica,2020,-3.105,,,,,-3.104787,,-3.105,,,,,1,IMF_WEO,,
JAM,Jamaica,2021,.918,,,,,.9184862,,.918,,,,,1,IMF_WEO,,
JAM,Jamaica,2022,.283,,,,,.282769,,.283,,,,,1,IMF_WEO,,
JAM,Jamaica,2023,.039,,,,,.0386942,,.039,,,,,1,IMF_WEO,,
JAM,Jamaica,2024,.291,,,,,,,,.29100001,,,,1,IMF_WEO_forecast,1,1
JAM,Jamaica,2025,.063,,,,,,,,.063,,,,1,IMF_WEO_forecast,,
JAM,Jamaica,2026,.296,,,,,,,,.296,,,,1,IMF_WEO_forecast,,
JAM,Jamaica,2027,.727,,,,,,,,.727,,,,1,IMF_WEO_forecast,,
JAM,Jamaica,2028,.835,,,,,,,,.83499998,,,,1,IMF_WEO_forecast,,
JAM,Jamaica,2029,.749,,,,,,,,.74900001,,,,1,IMF_WEO_forecast,,
JOR,Jordan,1985,-6.898,,,,,-6.898441,,-6.898,,,,,1,IMF_WEO,,
JOR,Jordan,1986,-2.391,,,,,-2.390601,,-2.391,,,,,1,IMF_WEO,,
JOR,Jordan,1987,-13.398,,,,,-13.39762,,-13.398,,,,,1,IMF_WEO,,
JOR,Jordan,1988,-13.022,,,,,-13.02204,,-13.022,,,,,1,IMF_WEO,,
JOR,Jordan,1989,-6.887,,,,,-6.886995,,-6.887,,,,,1,IMF_WEO,,
JOR,Jordan,1990,-7.454,,,,,-7.453518,,-7.454,,,,,1,IMF_WEO,,
JOR,Jordan,1991,-10.152,,,,,-10.15219,,-10.152,,,,,1,IMF_WEO,,
JOR,Jordan,1992,1.873,,,,,1.873474,,1.873,,,,,1,IMF_WEO,,
JOR,Jordan,1993,-2.142,,,,,-2.141623,,-2.142,,,,,1,IMF_WEO,,
JOR,Jordan,1994,-2.3,,,,,-2.299641,,-2.3,,,,,1,IMF_WEO,,
JOR,Jordan,1995,-1.717,,,,,-1.717367,,-1.717,,,,,1,IMF_WEO,,
JOR,Jordan,1996,-3.245,,,,,-3.245276,,-3.245,,,,,1,IMF_WEO,,
JOR,Jordan,1997,-2.974,,,,,-2.974171,,-2.974,,,,,1,IMF_WEO,,
JOR,Jordan,1998,-5.396,,,,,-5.395716,,-5.396,,,,,1,IMF_WEO,,
JOR,Jordan,1999,-2.693,,,,,-2.693095,,-2.693,,,,,1,IMF_WEO,,
JOR,Jordan,2000,-3.995,,,,,-3.994888,,-3.995,,,,,1,IMF_WEO,,
JOR,Jordan,2001,-2.77,,,,,-2.769632,,-2.77,,,,,1,IMF_WEO,,
JOR,Jordan,2002,-4.437,,,,,-4.437498,,-4.437,,,,,1,IMF_WEO,,
JOR,Jordan,2003,-2.517,,,,,-2.517029,,-2.517,,,,,1,IMF_WEO,,
JOR,Jordan,2004,-1.089,,,,,-1.088716,,-1.089,,,,,1,IMF_WEO,,
JOR,Jordan,2005,-5.359,,,,,-5.358541,,-5.359,,,,,1,IMF_WEO,,
JOR,Jordan,2006,-3.82,,,,,-3.820386,,-3.82,,,,,1,IMF_WEO,,
JOR,Jordan,2007,-5.031,,,,,-5.030862,,-5.031,,,,,1,IMF_WEO,,
JOR,Jordan,2008,-4.797,,,,,-4.797208,.1380585,-4.797,,,,,1,IMF_WEO,,
JOR,Jordan,2009,-8.842,,,,,-8.84217,-6.7030615,-8.842,,,,,1,IMF_WEO,,
JOR,Jordan,2010,-7.814,,,,,-7.814289,-2.2891254,-7.814,,,,,1,IMF_WEO,,
JOR,Jordan,2011,-9.818,,,,,-9.817933,-4.0678079,-9.818,,,,,1,IMF_WEO,,
JOR,Jordan,2012,-14.329,,,,,-14.32903,-4.964707,-14.329,,,,,1,IMF_WEO,,
JOR,Jordan,2013,-10.067,,,,,-10.06692,-2.5050434,-10.067,,,,,1,IMF_WEO,,
JOR,Jordan,2014,-8.475,,,,,-8.475493,,-8.475,,,,,1,IMF_WEO,,
JOR,Jordan,2015,-8.389,,,,,-8.389294,,-8.389,,,,,1,IMF_WEO,,
JOR,Jordan,2016,-3.657,,,,,-3.657407,,-3.657,,,,,1,IMF_WEO,,
JOR,Jordan,2017,-3.567,,,,,-3.566837,,-3.567,,,,,1,IMF_WEO,1,4
JOR,Jordan,2018,-2.427962,,-2.427962,,,-4.612689,-.50238169,-4.613,,,,,1,AMF,,
JOR,Jordan,2019,-3.348408,,-3.348408,,,-5.834055,,-5.834,,,,,1,AMF,,
JOR,Jordan,2020,-7.034904,,-7.034904,,,-9.069398,,-9.069,,,,,1,AMF,,
JOR,Jordan,2021,-7.461,,,,,-7.46063,,-7.461,,,,,1,IMF_WEO,1,4
JOR,Jordan,2022,-6.95,,,,,-6.950193,-2.9932917,-6.95,,,,,1,IMF_WEO,,
JOR,Jordan,2023,-3.002409,,,,,-7.205241,-3.0024095,,-7.2049999,,,,1,IMF_GFS,1,4
JOR,Jordan,2024,-7.552,,,,,,,,-7.552,,,,1,IMF_WEO_forecast,1,4
JOR,Jordan,2025,-5.516,,,,,,,,-5.5159998,,,,1,IMF_WEO_forecast,,
JOR,Jordan,2026,-4.674,,,,,,,,-4.6739998,,,,1,IMF_WEO_forecast,,
JOR,Jordan,2027,-3.187,,,,,,,,-3.187,,,,1,IMF_WEO_forecast,,
JOR,Jordan,2028,-2.307,,,,,,,,-2.3069999,,,,1,IMF_WEO_forecast,,
JOR,Jordan,2029,-1.388,,,,,,,,-1.388,,,,1,IMF_WEO_forecast,,
JPN,Japan,1875,.0052401,,,,,.0052401,,,,,,,1,IMF_FPP,,
JPN,Japan,1876,-.41923,,,,,-.41923,,,,,,,1,IMF_FPP,,
JPN,Japan,1877,-.29199,,,,,-.29199,,,,,,,1,IMF_FPP,,
JPN,Japan,1878,.01929,,,,,.01929,,,,,,,1,IMF_FPP,,
JPN,Japan,1879,.024337,,,,,.024337,,,,,,,1,IMF_FPP,,
JPN,Japan,1880,.003642,,,,,.003642,,,,,,,1,IMF_FPP,,
JPN,Japan,1881,.001134,,,,,.001134,,,,,,,1,IMF_FPP,,
JPN,Japan,1882,.001444,,,,,.001444,,,,,,,1,IMF_FPP,,
JPN,Japan,1883,.02967,,,,,.02967,,,,,,,1,IMF_FPP,,
JPN,Japan,1884,.0009401,,,,,.0009401,,,,,,,1,IMF_FPP,,
JPN,Japan,1885,.013114,,,,,.013114,,,,,,,1,IMF_FPP,,
JPN,Japan,1886,.0265801,,,,,.0265801,,,,,,,1,IMF_FPP,,
JPN,Japan,1887,.1071,,,,,.1071,,,,,,,1,IMF_FPP,,
JPN,Japan,1888,.132301,,,,,.132301,,,,,,,1,IMF_FPP,,
JPN,Japan,1889,.177885,,,,,.177885,,,,,,,1,IMF_FPP,,
JPN,Japan,1890,.7386349,,,,,.7386349,,,,,,,1,IMF_FPP,,
JPN,Japan,1891,.605791,,,,,.605791,,,,,,,1,IMF_FPP,,
JPN,Japan,1892,.631116,,,,,.631116,,,,,,,1,IMF_FPP,,
JPN,Japan,1893,.601506,,,,,.601506,,,,,,,1,IMF_FPP,,
JPN,Japan,1894,-.2391601,,,,,-.2391601,,,,,,,1,IMF_FPP,,
JPN,Japan,1895,.2835001,,,,,.2835001,,,,,,,1,IMF_FPP,,
JPN,Japan,1896,.8763499,,,,,.8763499,,,,,,,1,IMF_FPP,,
JPN,Japan,1897,.33214,,,,,.33214,,,,,,,1,IMF_FPP,,
JPN,Japan,1898,.59708,,,,,.59708,,,,,,,1,IMF_FPP,,
JPN,Japan,1899,.1987901,,,,,.1987901,,,,,,,1,IMF_FPP,,
JPN,Japan,1900,.5261,,,,,.5261,,,,,,,1,IMF_FPP,,
JPN,Japan,1901,.20934,,,,,.20934,,,,,,,1,IMF_FPP,,
JPN,Japan,1902,.43752,,,,,.43752,,,,,,,1,IMF_FPP,,
JPN,Japan,1903,.1854601,,,,,.1854601,,,,,,,1,IMF_FPP,,
JPN,Japan,1904,-.8091199,,,,,-.8091199,,,,,,,1,IMF_FPP,,
JPN,Japan,1905,-.6809299,,,,,-.6809299,,,,,,,1,IMF_FPP,,
JPN,Japan,1906,.4572899,,,,,.4572899,,,,,,,1,IMF_FPP,,
JPN,Japan,1907,1.76597,,,,,1.76597,,,,,,,1,IMF_FPP,,
JPN,Japan,1908,1.63303,,,,,1.63303,,,,,,,1,IMF_FPP,,
JPN,Japan,1909,1.50529,,,,,1.50529,,,,,,,1,IMF_FPP,,
JPN,Japan,1910,1.56688,,,,,1.56688,,,,,,,1,IMF_FPP,,
JPN,Japan,1911,1.21443,,,,,1.21443,,,,,,,1,IMF_FPP,,
JPN,Japan,1912,1.27147,,,,,1.27147,,,,,,,1,IMF_FPP,,
JPN,Japan,1913,1.21484,,,,,1.21484,,,,,,,1,IMF_FPP,,
JPN,Japan,1914,1.3149,,,,,1.3149,,,,,,,1,IMF_FPP,,
JPN,Japan,1915,1.41454,,,,,1.41454,,,,,,,1,IMF_FPP,,
JPN,Japan,1916,1.37281,,,,,1.37281,,,,,,,1,IMF_FPP,,
JPN,Japan,1917,1.53748,,,,,1.53748,,,,,,,1,IMF_FPP,,
JPN,Japan,1918,1.5829,,,,,1.5829,,,,,,,1,IMF_FPP,,
JPN,Japan,1919,1.21142,,,,,1.21142,,,,,,,1,IMF_FPP,,
JPN,Japan,1920,1.19338,,,,,1.19338,,,,,,,1,IMF_FPP,,
JPN,Japan,1921,1.42954,,,,,1.42954,,,,,,,1,IMF_FPP,,
JPN,Japan,1922,.8852501,,,,,.8852501,,,,,,,1,IMF_FPP,,
JPN,Japan,1923,.87362,,,,,.87362,,,,,,,1,IMF_FPP,,
JPN,Japan,1924,.83655,,,,,.83655,,,,,,,1,IMF_FPP,,
JPN,Japan,1925,.7525301,,,,,.7525301,,,,,,,1,IMF_FPP,,
JPN,Japan,1926,.65295,,,,,.65295,,,,,,,1,IMF_FPP,,
JPN,Japan,1927,.57675,,,,,.57675,,,,,,,1,IMF_FPP,,
JPN,Japan,1928,.4209399,,,,,.4209399,,,,,,,1,IMF_FPP,,
JPN,Japan,1929,.5032599,,,,,.5032599,,,,,,,1,IMF_FPP,,
JPN,Japan,1930,.1877201,,,,,.1877201,,,,,,,1,IMF_FPP,,
JPN,Japan,1931,.2332199,,,,,.2332199,,,,,,,1,IMF_FPP,,
JPN,Japan,1932,.3143401,,,,,.3143401,,,,,,,1,IMF_FPP,,
JPN,Japan,1933,.2804501,,,,,.2804501,,,,,,,1,IMF_FPP,,
JPN,Japan,1934,.33691,,,,,.33691,,,,,,,1,IMF_FPP,,
JPN,Japan,1935,.25875,,,,,.25875,,,,,,,1,IMF_FPP,,
JPN,Japan,1936,.3449397,,,,,.3449397,,,,,,,1,IMF_FPP,,
JPN,Japan,1937,.7128801,,,,,.7128801,,,,,,,1,IMF_FPP,,
JPN,Japan,1938,.45012,,,,,.45012,,,,,,,1,IMF_FPP,,
JPN,Japan,1939,.1115401,,,,,.1115401,,,,,,,1,IMF_FPP,,
JPN,Japan,1940,.3084099,,,,,.3084099,,,,,,,1,IMF_FPP,,
JPN,Japan,1941,-.1926699,,,,,-.1926699,,,,,,,1,IMF_FPP,,
JPN,Japan,1942,-.1303697,,,,,-.1303697,,,,,,,1,IMF_FPP,,
JPN,Japan,1943,.3179102,,,,,.3179102,,,,,,,1,IMF_FPP,,
JPN,Japan,1944,,,,,,,,,,,,,1,IMF_FPP,,
JPN,Japan,1945,,,,,,,,,,,,,1,IMF_FPP,,
JPN,Japan,1946,,,,,,,,,,,,,1,IMF_FPP,,
JPN,Japan,1947,6.0898,,,,,6.0898,,,,,,,1,IMF_FPP,,
JPN,Japan,1948,7.531599,,,,,7.531599,,,,,,,1,IMF_FPP,,
JPN,Japan,1949,12.4748,,,,,12.4748,,,,,,,1,IMF_FPP,,
JPN,Japan,1950,6.994201,,,,,6.994201,,,,,,,1,IMF_FPP,,
JPN,Japan,1951,5.056801,,,,,5.056801,,,,,,,1,IMF_FPP,,
JPN,Japan,1952,2.2169,,,,,2.2169,,,,,,,1,IMF_FPP,,
JPN,Japan,1953,1.645599,,,,,1.645599,,,,,,,1,IMF_FPP,,
JPN,Japan,1954,.7019997,,,,,.7019997,,,,,,,1,IMF_FPP,,
JPN,Japan,1955,-.6746006,,,,,-.6746006,,,,,,,1,IMF_FPP,,
JPN,Japan,1956,1.389999,,,,,1.389999,,,,,,,1,IMF_FPP,,
JPN,Japan,1957,1.2672,,,,,1.2672,,,,,,,1,IMF_FPP,,
JPN,Japan,1958,-.1021996,,,,,-.1021996,,,,,,,1,IMF_FPP,,
JPN,Japan,1959,.9706993,,,,,.9706993,,,,,,,1,IMF_FPP,1,2
JPN,Japan,1960,-1.655152,,,,,1.845098,,,,-1.6551521,,,1,OECD_EO,,
JPN,Japan,1961,-.7571961,,,,,2.575199,,,,-.75719605,,,1,OECD_EO,,
JPN,Japan,1962,-1.539359,,,,,1.485701,,,,-1.5393593,,,1,OECD_EO,,
JPN,Japan,1963,-1.962158,,,,,1.083799,,,,-1.962158,,,1,OECD_EO,,
JPN,Japan,1964,-1.967297,,,,,.8500004,,,,-1.9672974,,,1,OECD_EO,,
JPN,Japan,1965,-2.246516,,,,,.4782982,,,,-2.2465157,,,1,OECD_EO,,
JPN,Japan,1966,-2.712825,,,,,-.3372002,,,,-2.7128252,,,1,OECD_EO,,
JPN,Japan,1967,-1.452015,,,,,.7995014,,,,-1.4520149,,,1,OECD_EO,,
JPN,Japan,1968,-1.290471,,,,,.8761997,,,,-1.2904709,,,1,OECD_EO,,
JPN,Japan,1969,-.9614545,,,,,1.257898,,,,-.96145454,,,1,OECD_EO,,
JPN,Japan,1970,-.5909237,,,,,1.739601,,,,-.59092367,,,1,OECD_EO,,
JPN,Japan,1971,-1.090306,,,,,1.213001,,,,-1.0903056,,,1,OECD_EO,,
JPN,Japan,1972,-2.240923,,,,,-.1330986,,,,-2.240923,,,1,OECD_EO,,
JPN,Japan,1973,-1.790965,,,,,.5585995,,,,-1.7909652,,,1,OECD_EO,,
JPN,Japan,1974,-1.748334,,,,,.3827991,,,,-1.7483337,,,1,OECD_EO,,
JPN,Japan,1975,-4.6803,,,,,-2.9193,,,,-4.6802999,,,1,OECD_EO,,
JPN,Japan,1976,-5.279604,,,,,-3.891701,,,,-5.2796039,,,1,OECD_EO,,
JPN,Japan,1977,-5.191633,,,,,-4.021799,,,,-5.1916333,,,1,OECD_EO,,
JPN,Japan,1978,-6.225374,,,,,-5.7943,,,,-6.225374,,,1,OECD_EO,,
JPN,Japan,1979,-5.303541,,,,,-5.003401,,,,-5.3035413,,,1,OECD_EO,,
JPN,Japan,1980,-4.654372,,,,,-4.655502,,-4.415,,-4.6543721,,,1,OECD_EO,,
JPN,Japan,1981,-4.005438,,,,,-3.852291,,-3.852,,-4.0054382,,,1,OECD_EO,,
JPN,Japan,1982,-3.883713,,,,,-3.81265,,-3.813,,-3.8837131,,,1,OECD_EO,,
JPN,Japan,1983,-3.960659,,,,,-3.946872,,-3.947,,-3.9606586,,,1,OECD_EO,,
JPN,Japan,1984,-2.589025,,,,,-2.624415,,-2.624,,-2.5890249,,,1,OECD_EO,,
JPN,Japan,1985,-1.265841,,,,,-1.371082,,-1.371,,-1.2658411,,,1,OECD_EO,,
JPN,Japan,1986,-1.240692,,,,,-1.361915,,-1.362,,-1.2406925,,,1,OECD_EO,,
JPN,Japan,1987,-.2573671,,,,,-.3593348,,-.359,,-.2573671,,,1,OECD_EO,,
JPN,Japan,1988,.6077708,,,,,.494649,,.495,,.60777079,,,1,OECD_EO,,
JPN,Japan,1989,1.39539,,,,,1.231182,,1.231,,1.3953902,,,1,OECD_EO,,
JPN,Japan,1990,2.11073,,,,,1.958747,,1.959,,2.1107297,,,1,OECD_EO,,
JPN,Japan,1991,1.928873,,,,,1.674804,,1.675,,1.928873,,,1,OECD_EO,,
JPN,Japan,1992,.6287191,,,,,.57434,,.574,,.62871907,,,1,OECD_EO,,
JPN,Japan,1993,-2.442439,,,,,-2.390912,,-2.391,,-2.4424393,,,1,OECD_EO,,
JPN,Japan,1994,-3.761909,,,,,-3.761948,-4.0473173,-3.762,,-3.7619085,,,1,OECD_EO,,
JPN,Japan,1995,-4.295613,,,,,-4.295517,-4.6891991,-4.296,,-4.2956127,,,1,OECD_EO,,
JPN,Japan,1996,-4.869222,,,,,-4.869165,-4.5122694,-4.869,,-4.8692215,,,1,OECD_EO,,
JPN,Japan,1997,-3.526311,,,,,-3.526219,-3.6523911,-3.526,,-3.5263114,,,1,OECD_EO,,
JPN,Japan,1998,-10.04685,,,,,-10.04683,-10.564692,-10.047,,-10.046852,,,1,OECD_EO,,
JPN,Japan,1999,-6.748652,,,,,-6.748538,-7.4411929,-6.749,,-6.748652,,,1,OECD_EO,,
JPN,Japan,2000,-7.281827,-6.46449,,,,-7.281846,-6.4644844,-7.282,,-7.2818274,,,1,OECD_EO,,
JPN,Japan,2001,-6.200444,-6.2245,,,,-6.200481,-6.2245006,-6.2,,-6.2004436,,,1,OECD_EO,,
JPN,Japan,2002,-7.335989,-7.74213,,,,-7.33597,-7.7421447,-7.336,,-7.335989,,,1,OECD_EO,,
JPN,Japan,2003,-7.433383,-7.06258,,,,-7.433288,-7.0625784,-7.433,,-7.4333829,,,1,OECD_EO,,
JPN,Japan,2004,-5.314177,-5.09168,,,,-5.314177,-5.09168,-5.314,,-5.3141768,,,1,OECD_EO,,
JPN,Japan,2005,-4.438461,-4.05181,,,,-4.43848,-4.0518062,-4.438,,-4.4384615,,,1,OECD_EO,,
JPN,Japan,2006,-3.028756,-3.06329,,,,-3.028812,-3.0632872,-3.029,,-3.0287561,,,1,OECD_EO,,
JPN,Japan,2007,-2.901007,-2.91506,,,,-2.901044,-2.9150628,-2.901,,-2.901007,,,1,OECD_EO,,
JPN,Japan,2008,-4.109629,-5.28387,,,,-4.109686,-5.2838656,-4.11,,-4.109629,,,1,OECD_EO,,
JPN,Japan,2009,-9.693005,-10.1689,,,,-9.692964,-10.168902,-9.693,,-9.6930042,,,1,OECD_EO,,
JPN,Japan,2010,-9.07585,-8.83066,,,,-9.07581,-8.8306623,-9.076,,-9.0758502,,,1,OECD_EO,,
JPN,Japan,2011,-8.985524,-8.90926,,,,-8.985524,-8.909255,-8.986,,-8.9855241,,,1,OECD_EO,,
JPN,Japan,2012,-8.19648,-8.11354,,,,-8.19648,-8.1135586,-8.196,,-8.1964799,,,1,OECD_EO,,
JPN,Japan,2013,-7.611413,-7.31641,,,,-7.611373,-7.3164058,-7.611,,-7.6114123,,,1,OECD_EO,,
JPN,Japan,2014,-5.616052,-5.16151,,,,-5.616052,-5.1615125,-5.616,,-5.6160518,,,1,OECD_EO,,
JPN,Japan,2015,-3.677845,-3.58326,,,,-3.67779,-3.58326,-3.678,,-3.6778454,,,1,OECD_EO,,
JPN,Japan,2016,-3.599591,-3.46957,,,,-3.59961,-3.469568,-3.6,,-3.5995912,,,1,OECD_EO,,
JPN,Japan,2017,-3.098759,-2.94876,,,,-3.098813,-2.9487428,-3.099,,-3.0987591,,,1,OECD_EO,,
JPN,Japan,2018,-2.47139,-2.36151,,,,-2.471408,-2.3615144,-2.471,,-2.4713899,,,1,OECD_EO,,
JPN,Japan,2019,-3.044608,-3.10801,,,,-3.044644,-3.1079873,-3.045,,-3.044608,,,1,OECD_EO,,
JPN,Japan,2020,-9.068379,-9.9811,,,,-9.055371,-9.9840489,-9.055,,-9.0683793,,,1,OECD_EO,,
JPN,Japan,2021,-6.151577,-5.88183,,,,-6.097813,-5.8741486,-6.098,,-6.1515775,,,1,OECD_EO,,
JPN,Japan,2022,-4.180427,-3.60731,,,,-4.3752,-3.5840237,,-4.375,-4.1804265,,,1,OECD_EO,,
JPN,Japan,2023,-3.835403,,,,,-4.215425,-1.8584518,,-4.2150002,-3.8354035,,,1,OECD_EO,,
JPN,Japan,2024,-2.349465,,,,,,,,-6.0939999,-2.3494653,,,1,OECD_EO,,
JPN,Japan,2025,-2.226946,,,,,,,,-3.0190001,-2.226946,,,1,OECD_EO,,
JPN,Japan,2026,-1.785476,,,,,,,,-2.7920001,-1.7854758,,,1,OECD_EO,,
JPN,Japan,2027,-2.912,,,,,,,,-2.9119999,,,,1,IMF_WEO_forecast,1,2
JPN,Japan,2028,-3.46,,,,,,,,-3.46,,,,1,IMF_WEO_forecast,,
JPN,Japan,2029,-3.983,,,,,,,,-3.983,,,,1,IMF_WEO_forecast,,
KAZ,Kazakhstan,2000,.5405153,.54051499,,,,,.54051533,,,,,,1,IMF_GFS,,
KAZ,Kazakhstan,2001,.2365993,.23659905,,,,,.23659929,,,,,,1,IMF_GFS,1,3
KAZ,Kazakhstan,2002,1.924,.17960077,,,,,.17960064,1.924,,,,,1,IMF_WEO,,
KAZ,Kazakhstan,2003,3.996,-.485849,,,,,-.48584851,3.996,,,,,1,IMF_WEO,,
KAZ,Kazakhstan,2004,3.287,-.02037066,,,,,-.02037067,3.287,,,,,1,IMF_WEO,,
KAZ,Kazakhstan,2005,6.078,2.1329163,,,,,,6.078,,,,,1,IMF_WEO,,
KAZ,Kazakhstan,2006,7.653,1.8751227,,,,,,7.653,,,,,1,IMF_WEO,,
KAZ,Kazakhstan,2007,5.134,1.664839,,,,,,5.134,,,,,1,IMF_WEO,,
KAZ,Kazakhstan,2008,1.227,4.8052792,,,,,,1.227,,,,,1,IMF_WEO,,
KAZ,Kazakhstan,2009,-1.328,5.6489413,,,,,,-1.328,,,,,1,IMF_WEO,,
KAZ,Kazakhstan,2010,1.47,5.0169267,,,,,5.016926,1.47,,,,,1,IMF_WEO,,
KAZ,Kazakhstan,2011,5.811,8.2871908,,,,,8.2871916,5.811,,,,,1,IMF_WEO,,
KAZ,Kazakhstan,2012,4.431,5.9843649,,,,,5.9843642,4.431,,,,,1,IMF_WEO,,
KAZ,Kazakhstan,2013,4.946,5.0493988,,,,,5.0493982,4.946,,,,,1,IMF_WEO,,
KAZ,Kazakhstan,2014,2.482,3.4968606,,,,,3.4968609,2.482,,,,,1,IMF_WEO,,
KAZ,Kazakhstan,2015,-6.259,-2.2233806,,,,,-2.2233808,-6.259,,,,,1,IMF_WEO,,
KAZ,Kazakhstan,2016,-4.503,-2.830728,,,,,-2.830728,-4.503,,,,,1,IMF_WEO,,
KAZ,Kazakhstan,2017,-4.266,-2.9762748,,,,,-2.9762747,-4.266,,,,,1,IMF_WEO,,
KAZ,Kazakhstan,2018,2.58,1.3832548,,,,,1.3832547,2.58,,,,,1,IMF_WEO,,
KAZ,Kazakhstan,2019,-.57,-.45989352,,,,,-.45989332,-.57,,,,,1,IMF_WEO,,
KAZ,Kazakhstan,2020,-7.037,-7.0683357,,,,,-6.950817,-7.037,,,,,1,IMF_WEO,,
KAZ,Kazakhstan,2021,-4.966,-3.3767142,,,,,-3.597985,-4.966,,,,,1,IMF_WEO,,
KAZ,Kazakhstan,2022,.105,-.72296833,,,,,1.7275419,.105,,,,,1,IMF_WEO,,
KAZ,Kazakhstan,2023,-.0059761,.21520095,,,,,-.00597607,,-1.508,,,,1,IMF_GFS,1,3
KAZ,Kazakhstan,2024,-2.333,,,,,,,,-2.3329999,,,,1,IMF_WEO_forecast,1,3
KAZ,Kazakhstan,2025,-2.25,,,,,,,,-2.25,,,,1,IMF_WEO_forecast,,
KAZ,Kazakhstan,2026,-2.081,,,,,,,,-2.0810001,,,,1,IMF_WEO_forecast,,
KAZ,Kazakhstan,2027,-2.07,,,,,,,,-2.0699999,,,,1,IMF_WEO_forecast,,
KAZ,Kazakhstan,2028,-2.36,,,,,,,,-2.3599999,,,,1,IMF_WEO_forecast,,
KAZ,Kazakhstan,2029,-2.206,,,,,,,,-2.2060001,,,,1,IMF_WEO_forecast,,
KEN,Kenya,1982,-3.071,,,,,-3.07094,,-3.071,,,,,1,IMF_WEO,,
KEN,Kenya,1983,-2.166,,,,,-2.165831,,-2.166,,,,,1,IMF_WEO,,
KEN,Kenya,1984,-2.552,,,,,-2.551586,,-2.552,,,,,1,IMF_WEO,,
KEN,Kenya,1985,-3.051,,,,,-3.050549,,-3.051,,,,,1,IMF_WEO,,
KEN,Kenya,1986,-2.981,,,,,-2.981127,,-2.981,,,,,1,IMF_WEO,,
KEN,Kenya,1987,-2.268,,,,,-2.268415,,-2.268,,,,,1,IMF_WEO,,
KEN,Kenya,1988,-1.969,,,,,-1.969375,,-1.969,,,,,1,IMF_WEO,,
KEN,Kenya,1989,-2.392,,,,,-2.392264,,-2.392,,,,,1,IMF_WEO,,
KEN,Kenya,1990,-3.28,,,,,-3.279702,,-3.28,,,,,1,IMF_WEO,,
KEN,Kenya,1991,-6.561,,,,,-6.561075,,-6.561,,,,,1,IMF_WEO,,
KEN,Kenya,1992,-8.276,,,,,-8.276278,,-8.276,,,,,1,IMF_WEO,,
KEN,Kenya,1993,-8.575,,,,,-8.574595,,-8.575,,,,,1,IMF_WEO,,
KEN,Kenya,1994,-4.142,,,,,-4.142066,,-4.142,,,,,1,IMF_WEO,,
KEN,Kenya,1995,-.23,,,,,-.2296396,,-.23,,,,,1,IMF_WEO,,
KEN,Kenya,1996,-.49,,,,,-.4904152,,-.49,,,,,1,IMF_WEO,,
KEN,Kenya,1997,-.907,,,,,-.9067704,,-.907,,,,,1,IMF_WEO,,
KEN,Kenya,1998,-.028,,,,,-.0276595,,-.028,,,,,1,IMF_WEO,,
KEN,Kenya,1999,.843,,,,,.8426499,,.843,,,,,1,IMF_WEO,,
KEN,Kenya,2000,.381,,,,,.3807629,,.381,,,,,1,IMF_WEO,,
KEN,Kenya,2001,-.528,,,,,-.5276889,,-.528,,,,,1,IMF_WEO,,
KEN,Kenya,2002,-1.295,,,,,-1.294554,,-1.295,,,,,1,IMF_WEO,,
KEN,Kenya,2003,-.728,,,,,-.7275208,,-.728,,,,,1,IMF_WEO,,
KEN,Kenya,2004,.502,,,,,.5023325,,.502,,,,,1,IMF_WEO,,
KEN,Kenya,2005,-.193,,,,,-.1933576,,-.193,,,,,1,IMF_WEO,,
KEN,Kenya,2006,-.432,,,,,-.4321969,,-.432,,,,,1,IMF_WEO,,
KEN,Kenya,2007,-.954,,,,,-.9542132,,-.954,,,,,1,IMF_WEO,,
KEN,Kenya,2008,-1.952,,,,,-1.951632,,-1.952,,,,,1,IMF_WEO,,
KEN,Kenya,2009,-3.124,,,,,-3.12443,,-3.124,,,,,1,IMF_WEO,,
KEN,Kenya,2010,-3.673,,,,,-3.673265,,-3.673,,,,,1,IMF_WEO,,
KEN,Kenya,2011,-3.639,,,,,-3.638726,,-3.639,,,,,1,IMF_WEO,,
KEN,Kenya,2012,-5.288,,,,,-5.287787,,-5.288,,,,,1,IMF_WEO,,
KEN,Kenya,2013,-5.246,,,,,-5.24594,,-5.246,,,,,1,IMF_WEO,,
KEN,Kenya,2014,-5.753,,,,,-5.753333,-3.6503571,-5.753,,,,,1,IMF_WEO,,
KEN,Kenya,2015,-6.682,,,,,-6.682221,-7.9599855,-6.682,,,,,1,IMF_WEO,,
KEN,Kenya,2016,-7.469,,,,,-7.469094,-6.6878184,-7.469,,,,,1,IMF_WEO,,
KEN,Kenya,2017,-7.396,,,,,-7.395752,-10.466179,-7.396,,,,,1,IMF_WEO,,
KEN,Kenya,2018,-6.936,,,,,-6.93551,-7.6058631,-6.936,,,,,1,IMF_WEO,,
KEN,Kenya,2019,-7.415,,,,,-7.415141,-3.8627034,-7.415,,,,,1,IMF_WEO,,
KEN,Kenya,2020,-8.134,,,,,-8.134268,-5.8973458,-8.134,,,,,1,IMF_WEO,,
KEN,Kenya,2021,-7.196,,,,,-7.196173,-8.4855982,-7.196,,,,,1,IMF_WEO,,
KEN,Kenya,2022,-6.057,,,,,-6.056819,-8.0264266,-6.057,,,,,1,IMF_WEO,,
KEN,Kenya,2023,-3.878969,,,,,-5.758915,-3.8789688,,-5.7589998,,,,1,IMF_GFS,1,2
KEN,Kenya,2024,-5.037,,,,,,,,-5.0370002,,,,1,IMF_WEO_forecast,1,2
KEN,Kenya,2025,-4.281,,,,,,,,-4.2810001,,,,1,IMF_WEO_forecast,,
KEN,Kenya,2026,-3.964,,,,,,,,-3.964,,,,1,IMF_WEO_forecast,,
KEN,Kenya,2027,-3.616,,,,,,,,-3.6159999,,,,1,IMF_WEO_forecast,,
KEN,Kenya,2028,-3.295,,,,,,,,-3.2950001,,,,1,IMF_WEO_forecast,,
KEN,Kenya,2029,-3.438,,,,,,,,-3.438,,,,1,IMF_WEO_forecast,,
KGZ,Kyrgyzstan,1995,-13.517,,,,,-13.51657,,-13.517,,,,,1,IMF_WEO,,
KGZ,Kyrgyzstan,1996,-9.095,,,,,-9.09545,,-9.095,,,,,1,IMF_WEO,,
KGZ,Kyrgyzstan,1997,-9.308,,,,,-9.308242,,-9.308,,,,,1,IMF_WEO,,
KGZ,Kyrgyzstan,1998,-11.969,,,,,-11.9686,,-11.969,,,,,1,IMF_WEO,,
KGZ,Kyrgyzstan,1999,-13.528,,,,,-13.52752,,-13.528,,,,,1,IMF_WEO,,
KGZ,Kyrgyzstan,2000,-10.697,-1.9570794,,,,-10.69669,,-10.697,,,,,1,IMF_WEO,,
KGZ,Kyrgyzstan,2001,-6.747,.38438998,,,,-6.747459,,-6.747,,,,,1,IMF_WEO,,
KGZ,Kyrgyzstan,2002,-5.9,-1.0308368,,,,-5.900033,,-5.9,,,,,1,IMF_WEO,,
KGZ,Kyrgyzstan,2003,-5.169,-.81260498,,,,-5.169328,,-5.169,,,,,1,IMF_WEO,,
KGZ,Kyrgyzstan,2004,-4.892,-.53587933,,,,-4.891664,,-4.892,,,,,1,IMF_WEO,,
KGZ,Kyrgyzstan,2005,-3.789,.22205865,,,,-3.789101,,-3.789,,,,,1,IMF_WEO,,
KGZ,Kyrgyzstan,2006,-2.095,-.19156398,,,,-2.095369,,-2.095,,,,,1,IMF_WEO,,
KGZ,Kyrgyzstan,2007,1.277,.09098104,,,,1.276877,,1.277,,,,,1,IMF_WEO,,
KGZ,Kyrgyzstan,2008,1.924,.83280184,,,,1.92407,,1.924,,,,,1,IMF_WEO,,
KGZ,Kyrgyzstan,2009,.378,-1.4702601,,,,.3775122,,.378,,,,,1,IMF_WEO,,
KGZ,Kyrgyzstan,2010,-5.947,-4.8863334,,,,-5.946895,,-5.947,,,,,1,IMF_WEO,,
KGZ,Kyrgyzstan,2011,-4.705,-4.7777035,,,,-4.704616,,-4.705,,,,,1,IMF_WEO,,
KGZ,Kyrgyzstan,2012,-5.862,-6.5166453,,,,-5.862,,-5.862,,,,,1,IMF_WEO,,
KGZ,Kyrgyzstan,2013,-3.699,-.65592918,,,,-3.699422,,-3.699,,,,,1,IMF_WEO,,
KGZ,Kyrgyzstan,2014,-3.068,-.46807367,,,,-3.06827,.02732684,-3.068,,,,,1,IMF_WEO,,
KGZ,Kyrgyzstan,2015,-2.517,-1.4284489,,,,-2.51682,-.95646954,-2.517,,,,,1,IMF_WEO,,
KGZ,Kyrgyzstan,2016,-5.79,-4.3853756,,,,-5.790195,-3.7350062,-5.79,,,,,1,IMF_WEO,,
KGZ,Kyrgyzstan,2017,-3.733,-3.1059218,,,,-3.732926,-2.53281,-3.733,,,,,1,IMF_WEO,,
KGZ,Kyrgyzstan,2018,-.59,-1.0869437,,,,-.590099,-.24085909,-.59,,,,,1,IMF_WEO,,
KGZ,Kyrgyzstan,2019,-.074,-.06600905,,,,-.0740653,.47347676,-.074,,,,,1,IMF_WEO,,
KGZ,Kyrgyzstan,2020,-3.062,-3.0849442,,,,-3.062199,-2.590815,-3.062,,,,,1,IMF_WEO,,
KGZ,Kyrgyzstan,2021,-.707,-.22528339,,,,-.7074282,.59738382,-.707,,,,,1,IMF_WEO,,
KGZ,Kyrgyzstan,2022,-.294,-1.0189313,,,,-.2937208,.58852528,-.294,,,,,1,IMF_WEO,,
KGZ,Kyrgyzstan,2023,2.699286,1.027351,,,,1.78674,2.6992864,,1.7869999,,,,1,IMF_GFS,1,2
KGZ,Kyrgyzstan,2024,.499,,,,,,,,.49900001,,,,1,IMF_WEO_forecast,1,2
KGZ,Kyrgyzstan,2025,-1.324,,,,,,,,-1.324,,,,1,IMF_WEO_forecast,,
KGZ,Kyrgyzstan,2026,-2.114,,,,,,,,-2.1140001,,,,1,IMF_WEO_forecast,,
KGZ,Kyrgyzstan,2027,-2.954,,,,,,,,-2.954,,,,1,IMF_WEO_forecast,,
KGZ,Kyrgyzstan,2028,-3.429,,,,,,,,-3.4289999,,,,1,IMF_WEO_forecast,,
KGZ,Kyrgyzstan,2029,-4.111,,,,,,,,-4.1110001,,,,1,IMF_WEO_forecast,,
KHM,Cambodia,1996,-7.531,,,,,-7.53083,,-7.531,,,,,1,IMF_WEO,,
KHM,Cambodia,1997,-3.704,,,,,-3.704173,,-3.704,,,,,1,IMF_WEO,,
KHM,Cambodia,1998,-5.354,,,,,-5.354178,,-5.354,,,,,1,IMF_WEO,,
KHM,Cambodia,1999,-3.793,,,,,-3.792611,,-3.793,,,,,1,IMF_WEO,,
KHM,Cambodia,2000,-4.763,,,,,-4.763127,,-4.763,,,,,1,IMF_WEO,,
KHM,Cambodia,2001,-4.946,,,,,-4.945723,,-4.946,,,,,1,IMF_WEO,,
KHM,Cambodia,2002,-6.073,,,,,-6.073135,,-6.073,,,,,1,IMF_WEO,,
KHM,Cambodia,2003,-5.694,,,,,-5.693725,,-5.694,,,,,1,IMF_WEO,,
KHM,Cambodia,2004,-3.231,,,,,-3.231312,,-3.231,,,,,1,IMF_WEO,,
KHM,Cambodia,2005,-.342,,,,,-.3421834,,-.342,,,,,1,IMF_WEO,,
KHM,Cambodia,2006,-.15,-1.7,,,,-.1501617,,-.15,,,,,1,IMF_WEO,,
KHM,Cambodia,2007,.62,-.8,,,,.6199245,,.62,,,,,1,IMF_WEO,,
KHM,Cambodia,2008,.428,-.3,,,,.4277855,,.428,,,,,1,IMF_WEO,,
KHM,Cambodia,2009,-3.978,-5.3,,,,-3.977641,,-3.978,,,,,1,IMF_WEO,,
KHM,Cambodia,2010,-3.09,-4.5,,,,-3.090014,,-3.09,,,,,1,IMF_WEO,,
KHM,Cambodia,2011,-3.757,-5.4,,,,-3.756879,,-3.757,,,,,1,IMF_WEO,,
KHM,Cambodia,2012,-3.567,-4.4,,,,-3.567305,,-3.567,,,,,1,IMF_WEO,,
KHM,Cambodia,2013,-2.011,-2.7,,,,-2.011461,,-2.011,,,,,1,IMF_WEO,,
KHM,Cambodia,2014,-1.245,-1.3,,,,-1.244787,,-1.245,,,,,1,IMF_WEO,,
KHM,Cambodia,2015,-.647,-.86686,,,,-.6472504,,-.647,,,,,1,IMF_WEO,,
KHM,Cambodia,2016,-.292,-.38745,,,,-.2920372,,-.292,,,,,1,IMF_WEO,,
KHM,Cambodia,2017,-.763,-.81891611,,,,-.7632892,,-.763,,,,,1,IMF_WEO,,
KHM,Cambodia,2018,.278,.3746614,,,,.2777444,,.278,,,,,1,IMF_WEO,,
KHM,Cambodia,2019,2.188,2.1787742,,,,2.188012,2.3635487,2.188,,,,,1,IMF_WEO,,
KHM,Cambodia,2020,-2.528,-3.7163764,,,,-2.528222,-2.2994128,-2.528,,,,,1,IMF_WEO,,
KHM,Cambodia,2021,-5.177,-7.048014,,,,-5.17721,,-5.177,,,,,1,IMF_WEO,,
KHM,Cambodia,2022,-.288,-.497004,,,,-.2880565,.35316495,-.288,,,,,1,IMF_WEO,,
KHM,Cambodia,2023,-2.542201,-3.8155562,,,,-2.769506,-2.5422007,,-2.77,,,,1,IMF_GFS,1,2
KHM,Cambodia,2024,-2.277,,,,,,,,-2.277,,,,1,IMF_WEO_forecast,1,2
KHM,Cambodia,2025,-2.103,,,,,,,,-2.1029999,,,,1,IMF_WEO_forecast,,
KHM,Cambodia,2026,-2.009,,,,,,,,-2.0090001,,,,1,IMF_WEO_forecast,,
KHM,Cambodia,2027,-1.945,,,,,,,,-1.9450001,,,,1,IMF_WEO_forecast,,
KHM,Cambodia,2028,-1.89,,,,,,,,-1.89,,,,1,IMF_WEO_forecast,,
KHM,Cambodia,2029,-1.762,,,,,,,,-1.762,,,,1,IMF_WEO_forecast,,
KIR,Kiribati,1990,-4.62,,,,,-4.620039,,-4.62,,,,,1,IMF_WEO,,
KIR,Kiribati,1991,3.874,,,,,3.873764,,3.874,,,,,1,IMF_WEO,,
KIR,Kiribati,1992,.789,,,,,.7890939,,.789,,,,,1,IMF_WEO,,
KIR,Kiribati,1993,6.267,,,,,6.26657,,6.267,,,,,1,IMF_WEO,,
KIR,Kiribati,1994,.741,,,,,.7410851,,.741,,,,,1,IMF_WEO,,
KIR,Kiribati,1995,-5.143,,,,,-5.143115,,-5.143,,,,,1,IMF_WEO,,
KIR,Kiribati,1996,-20.246,,,,,-20.24615,,-20.246,,,,,1,IMF_WEO,,
KIR,Kiribati,1997,5.919,,,,,5.918991,,5.919,,,,,1,IMF_WEO,,
KIR,Kiribati,1998,14.583,,,,,14.5834,,14.583,,,,,1,IMF_WEO,,
KIR,Kiribati,1999,-1.811,,,,,-1.810709,,-1.811,,,,,1,IMF_WEO,,
KIR,Kiribati,2000,-.029,,,,,-.0285442,,-.029,,,,,1,IMF_WEO,,
KIR,Kiribati,2001,-10.875,,,,,-10.87471,,-10.875,,,,,1,IMF_WEO,,
KIR,Kiribati,2002,3.128,,,,,3.127582,,3.128,,,,,1,IMF_WEO,,
KIR,Kiribati,2003,-8.933,,,,,-8.933003,,-8.933,,,,,1,IMF_WEO,,
KIR,Kiribati,2004,-19.202,,,,,-19.20168,,-19.202,,,,,1,IMF_WEO,,
KIR,Kiribati,2005,-9.957,,,,,-9.957022,,-9.957,,,,,1,IMF_WEO,,
KIR,Kiribati,2006,-12.271,,,,,-12.27072,,-12.271,,,,,1,IMF_WEO,,
KIR,Kiribati,2007,-12.473,,,,,-12.4726,,-12.473,,,,,1,IMF_WEO,,
KIR,Kiribati,2008,-15.829,,,,,-15.82913,,-15.829,,,,,1,IMF_WEO,,
KIR,Kiribati,2009,-8.564,,,,,-8.563752,,-8.564,,,,,1,IMF_WEO,,
KIR,Kiribati,2010,-7.796,,,,,-7.79626,,-7.796,,,,,1,IMF_WEO,,
KIR,Kiribati,2011,-17.555,-6.8985561,,,,-17.55525,-6.3966442,-17.555,,,,,1,IMF_WEO,,
KIR,Kiribati,2012,-5.426,3.4776408,,,,-5.425858,3.1960998,-5.426,,,,,1,IMF_WEO,,
KIR,Kiribati,2013,11.757,20.329593,,,,11.75694,18.654248,11.757,,,,,1,IMF_WEO,,
KIR,Kiribati,2014,34.973,44.692761,,,,34.97327,40.100892,34.973,,,,,1,IMF_WEO,,
KIR,Kiribati,2015,42.518,56.06598,,,,42.51753,50.035516,42.518,,,,,1,IMF_WEO,,
KIR,Kiribati,2016,20.102,21.60567,,,,20.10159,18.660907,20.102,,,,,1,IMF_WEO,,
KIR,Kiribati,2017,34.085,16.804933,,,,34.08542,14.121162,34.085,,,,,1,IMF_WEO,,
KIR,Kiribati,2018,5.182,51.863669,,,,5.181634,43.695184,5.182,,,,,1,IMF_WEO,,
KIR,Kiribati,2019,10.822,18.962238,,,,10.82181,17.26269,10.822,,,,,1,IMF_WEO,,
KIR,Kiribati,2020,3.537,30.8,,,,3.537297,24.90206,3.537,,,,,1,IMF_WEO,,
KIR,Kiribati,2021,-10.615,-3.2922822,,,,-10.61542,-2.5881196,-10.615,,,,,1,IMF_WEO,,
KIR,Kiribati,2022,-9.867487,-13.123104,,,,-18.25344,-9.8674871,,-18.253,,,,1,IMF_GFS,1,2
KIR,Kiribati,2023,-1.462703,,,,,-2.486845,-1.4627028,,-2.487,,,,1,IMF_GFS,,
KIR,Kiribati,2024,-22.388,,,,,,,,-22.388,,,,1,IMF_WEO_forecast,1,2
KIR,Kiribati,2025,-14.927,,,,,,,,-14.927,,,,1,IMF_WEO_forecast,,
KIR,Kiribati,2026,-12.996,,,,,,,,-12.996,,,,1,IMF_WEO_forecast,,
KIR,Kiribati,2027,-14.011,,,,,,,,-14.011,,,,1,IMF_WEO_forecast,,
KIR,Kiribati,2028,-15.647,,,,,,,,-15.647,,,,1,IMF_WEO_forecast,,
KIR,Kiribati,2029,-16.245,,,,,,,,-16.245001,,,,1,IMF_WEO_forecast,,
KNA,Saint Kitts and Nevis,1980,-6.468,,,,,,,-6.468,,,,,1,IMF_WEO,,
KNA,Saint Kitts and Nevis,1981,-4.444,,,,,,,-4.444,,,,,1,IMF_WEO,,
KNA,Saint Kitts and Nevis,1982,-4.595,,,,,,,-4.595,,,,,1,IMF_WEO,,
KNA,Saint Kitts and Nevis,1983,-3.997,,,,,,,-3.997,,,,,1,IMF_WEO,,
KNA,Saint Kitts and Nevis,1984,-4.777,,,,,,,-4.777,,,,,1,IMF_WEO,,
KNA,Saint Kitts and Nevis,1985,-8.411,,,,,,,-8.411,,,,,1,IMF_WEO,,
KNA,Saint Kitts and Nevis,1986,-4.265,,,,,,,-4.265,,,,,1,IMF_WEO,,
KNA,Saint Kitts and Nevis,1987,-15.227,,,,,,,-15.227,,,,,1,IMF_WEO,,
KNA,Saint Kitts and Nevis,1988,-7.51,,,,,,,-7.51,,,,,1,IMF_WEO,,
KNA,Saint Kitts and Nevis,1989,-2.993,,,,,,,-2.993,,,,,1,IMF_WEO,,
KNA,Saint Kitts and Nevis,1990,.62,,,,,.6201653,,.62,,,,,1,IMF_WEO,,
KNA,Saint Kitts and Nevis,1991,.919,,,,,.918721,,.919,,,,,1,IMF_WEO,,
KNA,Saint Kitts and Nevis,1992,.498,,,,,.4983406,,.498,,,,,1,IMF_WEO,,
KNA,Saint Kitts and Nevis,1993,.244,,,,,.2435539,,.244,,,,,1,IMF_WEO,,
KNA,Saint Kitts and Nevis,1994,.791,,,,,.790798,,.791,,,,,1,IMF_WEO,,
KNA,Saint Kitts and Nevis,1995,.899,,,,,.8985691,,.899,,,,,1,IMF_WEO,,
KNA,Saint Kitts and Nevis,1996,-2.267,,,,,-2.266621,,-2.267,,,,,1,IMF_WEO,,
KNA,Saint Kitts and Nevis,1997,-2.333,,,,,-2.332757,,-2.333,,,,,1,IMF_WEO,,
KNA,Saint Kitts and Nevis,1998,-5.128,,,,,-5.12797,,-5.128,,,,,1,IMF_WEO,,
KNA,Saint Kitts and Nevis,1999,-11.119,,,,,-11.11868,,-11.119,,,,,1,IMF_WEO,,
KNA,Saint Kitts and Nevis,2000,-13.334,,,,,-13.33445,,-13.334,,,,,1,IMF_WEO,,
KNA,Saint Kitts and Nevis,2001,-10.866,,,,,-10.86559,,-10.866,,,,,1,IMF_WEO,,
KNA,Saint Kitts and Nevis,2002,-11.713,,,,,-11.71322,,-11.713,,,,,1,IMF_WEO,,
KNA,Saint Kitts and Nevis,2003,-5.657,,,,,-5.656777,,-5.657,,,,,1,IMF_WEO,,
KNA,Saint Kitts and Nevis,2004,-6.598,,,,,-6.597864,,-6.598,,,,,1,IMF_WEO,,
KNA,Saint Kitts and Nevis,2005,-3.449,,,,,-3.449348,,-3.449,,,,,1,IMF_WEO,,
KNA,Saint Kitts and Nevis,2006,-1.368,,,,,-1.367791,,-1.368,,,,,1,IMF_WEO,,
KNA,Saint Kitts and Nevis,2007,-1.03,,,,,-1.0299,,-1.03,,,,,1,IMF_WEO,,
KNA,Saint Kitts and Nevis,2008,-1.569,,,,,-1.56941,,-1.569,,,,,1,IMF_WEO,,
KNA,Saint Kitts and Nevis,2009,-1.227,,,,,-1.226578,,-1.227,,,,,1,IMF_WEO,,
KNA,Saint Kitts and Nevis,2010,-4.145,,,,,-4.145428,,-4.145,,,,,1,IMF_WEO,,
KNA,Saint Kitts and Nevis,2011,1.597,,,,,1.597049,,1.597,,,,,1,IMF_WEO,,
KNA,Saint Kitts and Nevis,2012,4.319,,,,,4.318755,,4.319,,,,,1,IMF_WEO,,
KNA,Saint Kitts and Nevis,2013,10.93,,,,,10.93002,,10.93,,,,,1,IMF_WEO,,
KNA,Saint Kitts and Nevis,2014,8.516,,,,,8.515988,,8.516,,,,,1,IMF_WEO,,
KNA,Saint Kitts and Nevis,2015,5.659,,,,,5.659161,,5.659,,,,,1,IMF_WEO,,
KNA,Saint Kitts and Nevis,2016,3.763,,,,,3.76334,,3.763,,,,,1,IMF_WEO,,
KNA,Saint Kitts and Nevis,2017,1.679,,,,,1.679148,,1.679,,,,,1,IMF_WEO,,
KNA,Saint Kitts and Nevis,2018,1.796,,,,,1.796449,,1.796,,,,,1,IMF_WEO,,
KNA,Saint Kitts and Nevis,2019,-.702,,,,,-.7019057,,-.702,,,,,1,IMF_WEO,,
KNA,Saint Kitts and Nevis,2020,-3.057,,,,,-3.056801,,-3.057,,,,,1,IMF_WEO,,
KNA,Saint Kitts and Nevis,2021,5.406,,,,,5.406434,,5.406,,,,,1,IMF_WEO,,
KNA,Saint Kitts and Nevis,2022,-3.965229,,,,,-3.965229,,,-3.9649999,,,,1,IMF_FPP,1,2
KNA,Saint Kitts and Nevis,2023,.9212797,,,,,.9212797,,,.921,,,,1,IMF_FPP,,
KNA,Saint Kitts and Nevis,2024,-4.126,,,,,,,,-4.1259999,,,,1,IMF_WEO_forecast,1,2
KNA,Saint Kitts and Nevis,2025,-3.843,,,,,,,,-3.8429999,,,,1,IMF_WEO_forecast,,
KNA,Saint Kitts and Nevis,2026,-3.86,,,,,,,,-3.8599999,,,,1,IMF_WEO_forecast,,
KNA,Saint Kitts and Nevis,2027,-3.884,,,,,,,,-3.8840001,,,,1,IMF_WEO_forecast,,
KNA,Saint Kitts and Nevis,2028,-3.911,,,,,,,,-3.911,,,,1,IMF_WEO_forecast,,
KNA,Saint Kitts and Nevis,2029,-4.236,,,,,,,,-4.2360001,,,,1,IMF_WEO_forecast,,
KOR,South Korea,1953,-4.141701,,,,,-4.141701,,,,,,,1,IMF_FPP,,
KOR,South Korea,1954,-10.3246,,,,,-10.3246,,,,,,,1,IMF_FPP,,
KOR,South Korea,1955,-10.5697,,,,,-10.5697,,,,,,,1,IMF_FPP,,
KOR,South Korea,1956,,,,,,,,,,,,,1,IMF_FPP,,
KOR,South Korea,1957,-10.05161,,,,,-10.05161,,,,,,,1,IMF_FPP,,
KOR,South Korea,1958,-10.01864,,,,,-10.01864,,,,,,,1,IMF_FPP,,
KOR,South Korea,1959,-6.5166,,,,,-6.5166,,,,,,,1,IMF_FPP,,
KOR,South Korea,1960,-5.180499,,,,,-5.180499,,,,,,,1,IMF_FPP,,
KOR,South Korea,1961,-9.475599,,,,,-9.475599,,,,,,,1,IMF_FPP,,
KOR,South Korea,1962,-7.8188,,,,,-7.8188,,,,,,,1,IMF_FPP,,
KOR,South Korea,1963,-4.3185,,,,,-4.3185,,,,,,,1,IMF_FPP,,
KOR,South Korea,1964,-4.095551,,,,,-4.095551,,,,,,,1,IMF_FPP,,
KOR,South Korea,1965,-3.42896,,,,,-3.42896,,,,,,,1,IMF_FPP,,
KOR,South Korea,1966,-4.2689,,,,,-4.2689,,,,,,,1,IMF_FPP,,
KOR,South Korea,1967,-2.8708,,,,,-2.8708,,,,,,,1,IMF_FPP,,
KOR,South Korea,1968,-2.3633,,,,,-2.3633,,,,,,,1,IMF_FPP,,
KOR,South Korea,1969,-2.8486,,,,,-2.8486,,,,,,,1,IMF_FPP,1,2
KOR,South Korea,1970,2.63e-16,,,,,-.5202999,,,,2.631e-16,,,1,OECD_EO,,
KOR,South Korea,1971,-1.015388,,,,,-1.300301,,,,-1.0153877,,,1,OECD_EO,,
KOR,South Korea,1972,-2.422369,,,,,-4.326699,,,,-2.4223689,,,1,OECD_EO,,
KOR,South Korea,1973,-2.227958,,,,,-1.720301,,,,-2.2279583,,,1,OECD_EO,,
KOR,South Korea,1974,-1.679814,,,,,-2.7757,,,,-1.6798143,,,1,OECD_EO,,
KOR,South Korea,1975,-3.89079,,,,,-3.6772,,,,-3.8907897,,,1,OECD_EO,,
KOR,South Korea,1976,-1.061433,,,,,-.8670006,,,,-1.0614326,,,1,OECD_EO,,
KOR,South Korea,1977,-1.819525,,,,,-1.807099,,,,-1.8195249,,,1,OECD_EO,,
KOR,South Korea,1978,-.348863,,,,,-.2733002,,,,-.34886299,,,1,OECD_EO,,
KOR,South Korea,1979,-.1877944,,,,,.4710999,,,,-.18779443,,,1,OECD_EO,,
KOR,South Korea,1980,-1.290959,,,,,.4602013,,,,-1.2909592,,,1,OECD_EO,,
KOR,South Korea,1981,-3.45296,,,,,.9937992,,,,-3.4529598,,,1,OECD_EO,,
KOR,South Korea,1982,-.6701455,,,,,-.4057999,,,,-.67014547,,,1,OECD_EO,,
KOR,South Korea,1983,.6816079,,,,,1.0497,,,,.68160792,,,1,OECD_EO,,
KOR,South Korea,1984,1.12494,,,,,.7840996,,,,1.1249399,,,1,OECD_EO,,
KOR,South Korea,1985,.6242564,,,,,.4668007,,,,.62425646,,,1,OECD_EO,,
KOR,South Korea,1986,1.062135,,,,,.7980003,,,,1.0621351,,,1,OECD_EO,,
KOR,South Korea,1987,1.983385,,,,,1.695799,,,,1.9833847,,,1,OECD_EO,,
KOR,South Korea,1988,2.52626,,,,,2.846499,,,,2.5262605,,,1,OECD_EO,,
KOR,South Korea,1989,2.047188,,,,,2.2696,,,,2.0471878,,,1,OECD_EO,,
KOR,South Korea,1990,2.394255,,,,,2.978301,,,,2.3942546,,,1,OECD_EO,,
KOR,South Korea,1991,.9978596,,,,,1.9445,,,,.99785963,,,1,OECD_EO,,
KOR,South Korea,1992,.8725717,,,,,2.4243,,,,.87257168,,,1,OECD_EO,,
KOR,South Korea,1993,1.354681,,,,,3.213201,,,,1.3546813,,,1,OECD_EO,,
KOR,South Korea,1994,2.425696,,,,,2.0573,,,,2.4256962,,,1,OECD_EO,,
KOR,South Korea,1995,2.688696,,,,,2.157159,,2.157,,2.6886957,,,1,OECD_EO,,
KOR,South Korea,1996,2.926368,,,,,2.295022,,2.295,,2.9263675,,,1,OECD_EO,,
KOR,South Korea,1997,2.228663,,,,,2.310457,,2.31,,2.2286627,,,1,OECD_EO,,
KOR,South Korea,1998,.2428008,,,,,1.09103,,1.091,,.24280085,,,1,OECD_EO,,
KOR,South Korea,1999,1.352659,,,,,1.145826,,1.146,,1.3526587,,,1,OECD_EO,,
KOR,South Korea,2000,4.018025,,,,,3.905182,,3.905,,4.0180249,,,1,OECD_EO,,
KOR,South Korea,2001,2.805152,,,,,2.4199,,2.42,,2.8051525,,,1,OECD_EO,,
KOR,South Korea,2002,3.002255,,,,,3.228799,,3.229,,3.002255,,,1,OECD_EO,,
KOR,South Korea,2003,-2.057468,,,,,1.508542,,1.509,,-2.0574683,,,1,OECD_EO,,
KOR,South Korea,2004,-.0751311,,,,,.0862735,,.086,,-.07513109,,,1,OECD_EO,,
KOR,South Korea,2005,1.300565,,,,,.9547864,,.955,,1.3005646,,,1,OECD_EO,,
KOR,South Korea,2006,1.893612,,,,,1.184913,,1.185,,1.8936116,,,1,OECD_EO,,
KOR,South Korea,2007,3.773878,,,,,2.494125,7.5858876,2.494,,3.7738776,,,1,OECD_EO,,
KOR,South Korea,2008,2.017419,,,,,1.581037,2.043221,1.581,,2.0174185,,,1,OECD_EO,,
KOR,South Korea,2009,-1.26848,,,,,.2393564,-1.5311132,.239,,-1.2684801,,,1,OECD_EO,,
KOR,South Korea,2010,.8138111,,,,,1.606445,1.1600007,1.606,,.81381108,,,1,OECD_EO,,
KOR,South Korea,2011,.9047716,,,,,1.720757,1.7439712,1.721,,.90477156,,,1,OECD_EO,,
KOR,South Korea,2012,.9368008,1.1430176,,,,1.630586,1.0939645,1.631,,.93680087,,,1,OECD_EO,,
KOR,South Korea,2013,1.182198,1.4102475,,,,.7894646,1.3473223,.789,,1.182198,,,1,OECD_EO,,
KOR,South Korea,2014,1.119241,1.330657,,,,.5729684,1.2692961,.573,,1.1192415,,,1,OECD_EO,,
KOR,South Korea,2015,1.091818,1.1762437,,,,.4968474,1.1203062,.497,,1.0918177,,,1,OECD_EO,,
KOR,South Korea,2016,2.06883,2.462187,,,,1.563098,2.3382777,1.563,,2.0688297,,,1,OECD_EO,,
KOR,South Korea,2017,2.48716,2.5868579,,,,2.076636,2.4550756,2.077,,2.4871605,,,1,OECD_EO,,
KOR,South Korea,2018,2.852408,3.1003769,,,,2.424096,2.9323303,2.424,,2.8524081,,,1,OECD_EO,,
KOR,South Korea,2019,.9055646,.84867669,,,,.3506331,.80039265,.351,,.90556462,,,1,OECD_EO,,
KOR,South Korea,2020,-2.575203,-2.6991958,,,,-2.105354,-2.5447828,-2.105,,-2.5752034,,,1,OECD_EO,,
KOR,South Korea,2021,-.3149358,-.3,,,,-.0186326,-.29015518,-.019,,-.31493584,,,1,OECD_EO,,
KOR,South Korea,2022,-.0080429,.1,,,,-1.49175,.04871598,-1.492,,-.00804292,,,1,OECD_EO,,
KOR,South Korea,2023,-.7070246,,,,,-.671334,-1.2186173,,-.671,-.70702461,,,1,OECD_EO,,
KOR,South Korea,2024,-3.140953,,,,,,,,-.52600002,-3.1409526,,,1,OECD_EO,,
KOR,South Korea,2025,-2.795164,,,,,,,,-.102,-2.7951639,,,1,OECD_EO,,
KOR,South Korea,2026,-2.149058,,,,,,,,.005,-2.149058,,,1,OECD_EO,,
KOR,South Korea,2027,-.004,,,,,,,,-.004,,,,1,IMF_WEO_forecast,1,2
KOR,South Korea,2028,.038,,,,,,,,.038,,,,1,IMF_WEO_forecast,,
KOR,South Korea,2029,.037,,,,,,,,.037,,,,1,IMF_WEO_forecast,,
KWT,Kuwait,1985,28.92,,,,,,,28.92,,,,,1,IMF_WEO,,
KWT,Kuwait,1986,37.402,,,,,,,37.402,,,,,1,IMF_WEO,,
KWT,Kuwait,1987,23.006,,,,,,,23.006,,,,,1,IMF_WEO,,
KWT,Kuwait,1988,27.167,,,,,,,27.167,,,,,1,IMF_WEO,,
KWT,Kuwait,1989,29.391,,,,,,,29.391,,,,,1,IMF_WEO,,
KWT,Kuwait,1990,-49.612,,,,,-49.61218,,-49.612,,,,,1,IMF_WEO,,
KWT,Kuwait,1991,-143.534,,,,,-143.5338,,-143.534,,,,,1,IMF_WEO,,
KWT,Kuwait,1992,-27.886,,,,,-27.88638,,-27.886,,,,,1,IMF_WEO,,
KWT,Kuwait,1993,-3.253,,,,,-3.252778,,-3.253,,,,,1,IMF_WEO,,
KWT,Kuwait,1994,1.723,,,,,1.723167,,1.723,,,,,1,IMF_WEO,,
KWT,Kuwait,1995,11.756,,,,,11.75645,,11.756,,,,,1,IMF_WEO,,
KWT,Kuwait,1996,24.197,,,,,24.19656,,24.197,,,,,1,IMF_WEO,,
KWT,Kuwait,1997,29.273,,,,,29.27335,,29.273,,,,,1,IMF_WEO,,
KWT,Kuwait,1998,19.298,,,,,19.2981,,19.298,,,,,1,IMF_WEO,,
KWT,Kuwait,1999,27.803,,,,,27.80323,,27.803,,,,,1,IMF_WEO,,
KWT,Kuwait,2000,51.927,,,,,51.92737,,51.927,,,,,1,IMF_WEO,,
KWT,Kuwait,2001,44.625,,,,,44.6255,,44.625,,,,,1,IMF_WEO,,
KWT,Kuwait,2002,30.628,,,,,30.62776,,30.628,,,,,1,IMF_WEO,,
KWT,Kuwait,2003,26.792,,,,,26.79225,,26.792,,,,,1,IMF_WEO,,
KWT,Kuwait,2004,31.963,,,,,31.96324,,31.963,,,,,1,IMF_WEO,,
KWT,Kuwait,2005,38.257,,,,,38.25692,,38.257,,,,,1,IMF_WEO,,
KWT,Kuwait,2006,27.09,,,,,27.0899,,27.09,,,,,1,IMF_WEO,,
KWT,Kuwait,2007,35.96,,,,,35.95953,,35.96,,,,,1,IMF_WEO,,
KWT,Kuwait,2008,23.964,,,,,23.96413,,23.964,,,,,1,IMF_WEO,,
KWT,Kuwait,2009,33.587,,,,,33.58736,,33.587,,,,,1,IMF_WEO,,
KWT,Kuwait,2010,35.315,,,,,35.31493,,35.315,,,,,1,IMF_WEO,,
KWT,Kuwait,2011,40.961,,,,,40.96103,,40.961,,,,,1,IMF_WEO,,
KWT,Kuwait,2012,43.613,,,,,43.61304,,43.613,,,,,1,IMF_WEO,1,4
KWT,Kuwait,2013,26.13388,,26.13388,,,42.13601,,42.136,,,,,1,AMF,,
KWT,Kuwait,2014,7.584336,,7.584336,,,30.36849,,30.368,,,,,1,AMF,,
KWT,Kuwait,2015,19.3774,,19.3774,,,16.67131,,16.671,,,,,1,AMF,,
KWT,Kuwait,2016,-12.32468,,-12.32468,,,13.31207,,13.312,,,,,1,AMF,,
KWT,Kuwait,2017,-16.79259,,-16.79259,,,16.79415,,16.794,,,,,1,AMF,,
KWT,Kuwait,2018,-13.77049,,-13.77049,,,17.2025,,17.202,,,,,1,AMF,,
KWT,Kuwait,2019,-1.406363,,-1.406363,,,10.92055,,10.921,,,,,1,AMF,,
KWT,Kuwait,2020,-12.52611,,-12.52611,,,-3.839395,,-3.839,,,,,1,AMF,,
KWT,Kuwait,2021,8.471,,,,,8.47112,,8.471,,,,,1,IMF_WEO,1,4
KWT,Kuwait,2022,30.406,,,,,30.40643,,30.406,,,,,1,IMF_WEO,,
KWT,Kuwait,2023,29.91847,,,,,29.91847,,,29.917999,,,,1,IMF_FPP,1,4
KWT,Kuwait,2024,25.56,,,,,,,,25.559999,,,,1,IMF_WEO_forecast,1,4
KWT,Kuwait,2025,25.344,,,,,,,,25.344,,,,1,IMF_WEO_forecast,,
KWT,Kuwait,2026,24.857,,,,,,,,24.857,,,,1,IMF_WEO_forecast,,
KWT,Kuwait,2027,24.304,,,,,,,,24.304001,,,,1,IMF_WEO_forecast,,
KWT,Kuwait,2028,23.565,,,,,,,,23.565001,,,,1,IMF_WEO_forecast,,
KWT,Kuwait,2029,22.886,,,,,,,,22.886,,,,1,IMF_WEO_forecast,,
LAO,Laos,2000,-3.576,,,,,,,-3.576,,,,,1,IMF_WEO,,
LAO,Laos,2001,-3.683,,,,,,,-3.683,,,,,1,IMF_WEO,,
LAO,Laos,2002,-2.85,,,,,,,-2.85,,,,,1,IMF_WEO,,
LAO,Laos,2003,-3.885,,,,,,,-3.885,,,,,1,IMF_WEO,,
LAO,Laos,2004,-1.811,,,,,,,-1.811,,,,,1,IMF_WEO,,
LAO,Laos,2005,-2.542,,,,,,,-2.542,,,,,1,IMF_WEO,,
LAO,Laos,2006,-1.482,,,,,,,-1.482,,,,,1,IMF_WEO,,
LAO,Laos,2007,-1.123,,,,,,,-1.123,,,,,1,IMF_WEO,,
LAO,Laos,2008,-1.858,-2.23552,,,,,,-1.858,,,,,1,IMF_WEO,,
LAO,Laos,2009,-3.096,-1.64685,,,,,,-3.096,,,,,1,IMF_WEO,,
LAO,Laos,2010,-1.469,-.94698,,,,,,-1.469,,,,,1,IMF_WEO,,
LAO,Laos,2011,-1.429,-.87994,,,,,,-1.429,,,,,1,IMF_WEO,,
LAO,Laos,2012,-2.344,-.65841,,,,,,-2.344,,,,,1,IMF_WEO,,
LAO,Laos,2013,-4.031,-4.87345,,,,,,-4.031,,,,,1,IMF_WEO,,
LAO,Laos,2014,-3.132,-3.26832,,,,,,-3.132,,,,,1,IMF_WEO,,
LAO,Laos,2015,-5.57,-3.74044,,,,,,-5.57,,,,,1,IMF_WEO,,
LAO,Laos,2016,-5.06,-4.87723,,,,,,-5.06,,,,,1,IMF_WEO,,
LAO,Laos,2017,-5.509,-5.29353,,,,,,-5.509,,,,,1,IMF_WEO,,
LAO,Laos,2018,-4.465,-4.2681,,,,,,-4.465,,,,,1,IMF_WEO,,
LAO,Laos,2019,-3.203,-2.90542,,,,,,-3.203,,,,,1,IMF_WEO,,
LAO,Laos,2020,-5.367,-5.13936,,,,,,-5.367,,,,,1,IMF_WEO,,
LAO,Laos,2021,-.669,-.59204,,,,,,-.669,,,,,1,IMF_WEO,,
LAO,Laos,2022,.059,.1903,,,,,,.059,,,,,1,IMF_WEO,,
LAO,Laos,2023,.688,,,,,,,,.68800002,,,,1,IMF_WEO_forecast,1,1
LAO,Laos,2024,-.499,,,,,,,,-.49900001,,,,1,IMF_WEO_forecast,,
LAO,Laos,2025,-.106,,,,,,,,-.106,,,,1,IMF_WEO_forecast,,
LAO,Laos,2026,-.314,,,,,,,,-.31400001,,,,1,IMF_WEO_forecast,,
LAO,Laos,2027,-.561,,,,,,,,-.56099999,,,,1,IMF_WEO_forecast,,
LAO,Laos,2028,-.689,,,,,,,,-.68900001,,,,1,IMF_WEO_forecast,,
LAO,Laos,2029,-.774,,,,,,,,-.77399999,,,,1,IMF_WEO_forecast,,
LBN,Lebanon,1990,-30.163,,,,,-30.16299,,-30.163,,,,,1,IMF_WEO,,
LBN,Lebanon,1991,-19.499,,,,,-19.49888,,-19.499,,,,,1,IMF_WEO,,
LBN,Lebanon,1992,-23.975,,,,,-23.9747,,-23.975,,,,,1,IMF_WEO,,
LBN,Lebanon,1993,-7.186,,,,,-7.186176,,-7.186,,,,,1,IMF_WEO,,
LBN,Lebanon,1994,-29.112,,,,,-29.11166,,-29.112,,,,,1,IMF_WEO,,
LBN,Lebanon,1995,-13.641,,,,,-13.64091,,-13.641,,,,,1,IMF_WEO,,
LBN,Lebanon,1996,-25.689,,,,,-25.6892,,-25.689,,,,,1,IMF_WEO,,
LBN,Lebanon,1997,-24.55,,,,,-24.54953,,-24.55,,,,,1,IMF_WEO,,
LBN,Lebanon,1998,-17.27,,,,,-17.27017,,-17.27,,,,,1,IMF_WEO,,
LBN,Lebanon,1999,-16.718,,,,,-16.71755,,-16.718,,,,,1,IMF_WEO,,
LBN,Lebanon,2000,-23.945,,,,,-23.94479,,-23.945,,,,,1,IMF_WEO,,
LBN,Lebanon,2001,-21.025,,,,,-21.02525,,-21.025,,,,,1,IMF_WEO,,
LBN,Lebanon,2002,-16.188,,,,,-16.18805,,-16.188,,,,,1,IMF_WEO,,
LBN,Lebanon,2003,-13.967,,,,,-13.96714,,-13.967,,,,,1,IMF_WEO,,
LBN,Lebanon,2004,-9.832,,,,,-9.832321,,-9.832,,,,,1,IMF_WEO,,
LBN,Lebanon,2005,-8.573,,,,,-8.5728,,-8.573,,,,,1,IMF_WEO,,
LBN,Lebanon,2006,-10.572,,,,,-10.57243,,-10.572,,,,,1,IMF_WEO,,
LBN,Lebanon,2007,-10.928,,,,,-10.92836,,-10.928,,,,,1,IMF_WEO,,
LBN,Lebanon,2008,-9.856,,,,,-9.85611,,-9.856,,,,,1,IMF_WEO,,
LBN,Lebanon,2009,-8.098,,,,,-8.097663,,-8.098,,,,,1,IMF_WEO,,
LBN,Lebanon,2010,-7.466,,,,,-7.466124,,-7.466,,,,,1,IMF_WEO,,
LBN,Lebanon,2011,-5.945,,,,,-5.944953,,-5.945,,,,,1,IMF_WEO,,
LBN,Lebanon,2012,-8.434,,,,,-8.434469,,-8.434,,,,,1,IMF_WEO,1,2
LBN,Lebanon,2013,-8.976683,,-8.976683,,,-8.823094,,-8.823,,,,,1,AMF,,
LBN,Lebanon,2014,-6.281186,,-6.281186,,,-6.216925,,-6.217,,,,,1,AMF,,
LBN,Lebanon,2015,-7.781403,,-7.781403,,,-7.483924,,-7.484,,,,,1,AMF,,
LBN,Lebanon,2016,-9.621037,,-9.621037,,,-8.883529,,-8.884,,,,,1,AMF,,
LBN,Lebanon,2017,-7.043468,,-7.043468,,,-8.653666,,-8.654,,,,,1,AMF,,
LBN,Lebanon,2018,-11.29932,,-11.29932,,,-11.30001,,-11.3,,,,,1,AMF,,
LBN,Lebanon,2019,-10.89637,,-10.89637,,,-10.51543,,-10.515,,,,,1,AMF,,
LBN,Lebanon,2020,-5.621537,,-5.621537,,,-7.385999,,-7.386,,,,,1,AMF,,
LBN,Lebanon,2021,-2.485168,,-2.485168,,,-2.665531,,,-2.6659999,,,,1,AMF,,
LBN,Lebanon,2022,-6.554851,,,,,-6.554851,,,-6.5549998,,,,1,IMF_FPP,1,2
LBN,Lebanon,2023,-.3927519,,,,,-.3927519,,,-.39300001,,,,1,IMF_FPP,,
LBR,Liberia,2000,-.081,,,,,,,-.081,,,,,1,IMF_WEO,,
LBR,Liberia,2001,-.939,,,,,,,-.939,,,,,1,IMF_WEO,,
LBR,Liberia,2002,-1.574,,,,,,,-1.574,,,,,1,IMF_WEO,,
LBR,Liberia,2003,.356,,,,,,,.356,,,,,1,IMF_WEO,,
LBR,Liberia,2004,-.556,,,,,,,-.556,,,,,1,IMF_WEO,,
LBR,Liberia,2005,-.506,,,,,,,-.506,,,,,1,IMF_WEO,,
LBR,Liberia,2006,4.231,,,,,,,4.231,,,,,1,IMF_WEO,,
LBR,Liberia,2007,2.277,,,,,,,2.277,,,,,1,IMF_WEO,,
LBR,Liberia,2008,-2.702,,,,,,,-2.702,,,,,1,IMF_WEO,,
LBR,Liberia,2009,-1.4,,,,,,,-1.4,,,,,1,IMF_WEO,,
LBR,Liberia,2010,1.163,,,,,,,1.163,,,,,1,IMF_WEO,,
LBR,Liberia,2011,-4.392,,,,,,,-4.392,,,,,1,IMF_WEO,,
LBR,Liberia,2012,-2.858,,,,,,,-2.858,,,,,1,IMF_WEO,,
LBR,Liberia,2013,1.29,,,,,,,1.29,,,,,1,IMF_WEO,,
LBR,Liberia,2014,-4.92,,,,,,,-4.92,,,,,1,IMF_WEO,,
LBR,Liberia,2015,-3.737,,,,,,,-3.737,,,,,1,IMF_WEO,,
LBR,Liberia,2016,-3.828,,,,,,,-3.828,,,,,1,IMF_WEO,,
LBR,Liberia,2017,-7.136,,,,,,,-7.136,,,,,1,IMF_WEO,,
LBR,Liberia,2018,-4.703,,,,,,,-4.703,,,,,1,IMF_WEO,,
LBR,Liberia,2019,-4.925,,,,,,,-4.925,,,,,1,IMF_WEO,,
LBR,Liberia,2020,-4.021,,,,,,,-4.021,,,,,1,IMF_WEO,,
LBR,Liberia,2021,-2.504,,,,,,,-2.504,,,,,1,IMF_WEO,,
LBR,Liberia,2022,-5.332,,,,,,,-5.332,,,,,1,IMF_WEO,,
LBR,Liberia,2023,-7.071,,,,,,,,-7.0710001,,,,1,IMF_WEO_forecast,1,1
LBR,Liberia,2024,-2.431,,,,,,,,-2.431,,,,1,IMF_WEO_forecast,,
LBR,Liberia,2025,-3.503,,,,,,,,-3.503,,,,1,IMF_WEO_forecast,,
LBR,Liberia,2026,-2.353,,,,,,,,-2.3529999,,,,1,IMF_WEO_forecast,,
LBR,Liberia,2027,-1.867,,,,,,,,-1.867,,,,1,IMF_WEO_forecast,,
LBR,Liberia,2028,-2.229,,,,,,,,-2.2290001,,,,1,IMF_WEO_forecast,,
LBR,Liberia,2029,-1.233,,,,,,,,-1.233,,,,1,IMF_WEO_forecast,,
LBY,Libya,1990,3.355,,,,,,,3.355,,,,,1,IMF_WEO,,
LBY,Libya,1991,8.413,,,,,,,8.413,,,,,1,IMF_WEO,,
LBY,Libya,1992,.106,,,,,,,.106,,,,,1,IMF_WEO,,
LBY,Libya,1993,-5.774,,,,,,,-5.774,,,,,1,IMF_WEO,,
LBY,Libya,1994,-2.667,,,,,,,-2.667,,,,,1,IMF_WEO,,
LBY,Libya,1995,3.797,,,,,,,3.797,,,,,1,IMF_WEO,,
LBY,Libya,1996,11.319,,,,,,,11.319,,,,,1,IMF_WEO,,
LBY,Libya,1997,-2.105,,,,,,,-2.105,,,,,1,IMF_WEO,,
LBY,Libya,1998,-2.363,,,,,,,-2.363,,,,,1,IMF_WEO,,
LBY,Libya,1999,5.692,,,,,,,5.692,,,,,1,IMF_WEO,,
LBY,Libya,2000,13.64,,,,,,,13.64,,,,,1,IMF_WEO,,
LBY,Libya,2001,.067,,,,,,,.067,,,,,1,IMF_WEO,,
LBY,Libya,2002,6.991,,,,,,,6.991,,,,,1,IMF_WEO,,
LBY,Libya,2003,6.166,,,,,,,6.166,,,,,1,IMF_WEO,,
LBY,Libya,2004,11.312,,,,,,,11.312,,,,,1,IMF_WEO,,
LBY,Libya,2005,30.381,,,,,,,30.381,,,,,1,IMF_WEO,,
LBY,Libya,2006,29.091,,,,,,,29.091,,,,,1,IMF_WEO,,
LBY,Libya,2007,28.363,,,,,,,28.363,,,,,1,IMF_WEO,,
LBY,Libya,2008,27.677,,,,,,,27.677,,,,,1,IMF_WEO,,
LBY,Libya,2009,-5.459,,,,,,,-5.459,,,,,1,IMF_WEO,,
LBY,Libya,2010,11.469,,,,,,,11.469,,,,,1,IMF_WEO,,
LBY,Libya,2011,-11.45,,,,,,,-11.45,,,,,1,IMF_WEO,,
LBY,Libya,2012,24.613,,,,,,,24.613,,,,,1,IMF_WEO,1,3
LBY,Libya,2013,-18.66906,,-18.66906,,,,,-16.299,,,,,1,AMF,,
LBY,Libya,2014,-51.75668,,-51.75668,,,,,-30.508,,,,,1,AMF,,
LBY,Libya,2015,-78.05154,,-78.05154,,,,,-28.492,,,,,1,AMF,,
LBY,Libya,2016,-29.28993,,-29.28993,,,,,-29.29,,,,,1,AMF,,
LBY,Libya,2017,-11.06176,,-11.06176,,,,,-11.062,,,,,1,AMF,,
LBY,Libya,2018,9.417143,,9.417143,,,,,9.393,,,,,1,AMF,,
LBY,Libya,2019,11.92972,,11.92972,,,,,11.93,,,,,1,AMF,,
LBY,Libya,2020,-48.08899,,-48.08899,,,,,-22.273,,,,,1,AMF,,
LBY,Libya,2021,10.26638,,10.26638,,,,,14.828,,,,,1,AMF,,
LBY,Libya,2022,23.595,,,,,,,23.595,,,,,1,IMF_WEO,1,3
LBY,Libya,2023,8.216,,,,,,,,8.2159996,,,,1,IMF_WEO_forecast,1,3
LBY,Libya,2024,-4.781,,,,,,,,-4.7810001,,,,1,IMF_WEO_forecast,,
LBY,Libya,2025,-2.105,,,,,,,,-2.105,,,,1,IMF_WEO_forecast,,
LBY,Libya,2026,-1.235,,,,,,,,-1.235,,,,1,IMF_WEO_forecast,,
LBY,Libya,2027,-.339,,,,,,,,-.33899999,,,,1,IMF_WEO_forecast,,
LBY,Libya,2028,.416,,,,,,,,.41600001,,,,1,IMF_WEO_forecast,,
LBY,Libya,2029,.93,,,,,,,,.93000001,,,,1,IMF_WEO_forecast,,
LCA,Saint Lucia,1985,-1.496,,,,,-1.496157,,-1.496,,,,,1,IMF_WEO,,
LCA,Saint Lucia,1986,-1.609,,,,,-1.608695,,-1.609,,,,,1,IMF_WEO,,
LCA,Saint Lucia,1987,.561,,,,,.5611231,,.561,,,,,1,IMF_WEO,,
LCA,Saint Lucia,1988,2.019,,,,,2.019375,,2.019,,,,,1,IMF_WEO,,
LCA,Saint Lucia,1989,.893,,,,,.8925551,,.893,,,,,1,IMF_WEO,,
LCA,Saint Lucia,1990,.288,,,,,.2882307,,.288,,,,,1,IMF_WEO,,
LCA,Saint Lucia,1991,-.419,,,,,-.4191962,,-.419,,,,,1,IMF_WEO,,
LCA,Saint Lucia,1992,-.66,,,,,-.6598501,,-.66,,,,,1,IMF_WEO,,
LCA,Saint Lucia,1993,-.254,,,,,-.2538818,,-.254,,,,,1,IMF_WEO,,
LCA,Saint Lucia,1994,-.018,,,,,-.0179776,,-.018,,,,,1,IMF_WEO,,
LCA,Saint Lucia,1995,-.133,,,,,-.1327277,,-.133,,,,,1,IMF_WEO,,
LCA,Saint Lucia,1996,-.573,,,,,-.5729487,,-.573,,,,,1,IMF_WEO,,
LCA,Saint Lucia,1997,-1.101,,,,,-1.101428,,-1.101,,,,,1,IMF_WEO,,
LCA,Saint Lucia,1998,2.219,,,,,2.218868,,2.219,,,,,1,IMF_WEO,,
LCA,Saint Lucia,1999,1.613,,,,,1.61272,,1.613,,,,,1,IMF_WEO,,
LCA,Saint Lucia,2000,-1.171,,,,,-1.170951,,-1.171,,,,,1,IMF_WEO,,
LCA,Saint Lucia,2001,-3.072,,,,,-3.071969,,-3.072,,,,,1,IMF_WEO,,
LCA,Saint Lucia,2002,-3.026,,,,,-3.026172,,-3.026,,,,,1,IMF_WEO,,
LCA,Saint Lucia,2003,-3.17,,,,,-3.169914,,-3.17,,,,,1,IMF_WEO,,
LCA,Saint Lucia,2004,-2.585,,,,,-2.584668,,-2.585,,,,,1,IMF_WEO,,
LCA,Saint Lucia,2005,-6.005,,,,,-6.004599,,-6.005,,,,,1,IMF_WEO,,
LCA,Saint Lucia,2006,-5.005,,,,,-5.005402,,-5.005,,,,,1,IMF_WEO,,
LCA,Saint Lucia,2007,-1.592,,,,,-1.591847,,-1.592,,,,,1,IMF_WEO,,
LCA,Saint Lucia,2008,-.72,,,,,-.7199969,,-.72,,,,,1,IMF_WEO,,
LCA,Saint Lucia,2009,-2.627,,,,,-2.62681,,-2.627,,,,,1,IMF_WEO,,
LCA,Saint Lucia,2010,-4.106,,,,,-4.106118,,-4.106,,,,,1,IMF_WEO,,
LCA,Saint Lucia,2011,-5.351,,,,,-5.350553,,-5.351,,,,,1,IMF_WEO,,
LCA,Saint Lucia,2012,-7.547,,,,,-7.546535,,-7.547,,,,,1,IMF_WEO,,
LCA,Saint Lucia,2013,-4.775,,,,,-4.775148,,-4.775,,,,,1,IMF_WEO,,
LCA,Saint Lucia,2014,-3.057,,,,,-3.057082,,-3.057,,,,,1,IMF_WEO,,
LCA,Saint Lucia,2015,-2.333,,,,,-2.333121,,-2.333,,,,,1,IMF_WEO,,
LCA,Saint Lucia,2016,-.777,,,,,-.7770928,,-.777,,,,,1,IMF_WEO,,
LCA,Saint Lucia,2017,-1.13,,,,,-1.130239,,-1.13,,,,,1,IMF_WEO,,
LCA,Saint Lucia,2018,-1.026,,,,,-1.02628,,-1.026,,,,,1,IMF_WEO,,
LCA,Saint Lucia,2019,-3.511,,,,,-3.510541,,-3.511,,,,,1,IMF_WEO,,
LCA,Saint Lucia,2020,-11.439,,,,,-11.43898,,-11.439,,,,,1,IMF_WEO,,
LCA,Saint Lucia,2021,-4.796,,,,,-4.796024,,-4.796,,,,,1,IMF_WEO,,
LCA,Saint Lucia,2022,-1.65,,,,,-1.649982,,-1.65,,,,,1,IMF_WEO,,
LCA,Saint Lucia,2023,-2.608398,,,,,-2.608398,,,-2.608,,,,1,IMF_FPP,1,2
LCA,Saint Lucia,2024,-2.454,,,,,,,,-2.454,,,,1,IMF_WEO_forecast,1,2
LCA,Saint Lucia,2025,-2.777,,,,,,,,-2.777,,,,1,IMF_WEO_forecast,,
LCA,Saint Lucia,2026,-2.906,,,,,,,,-2.9059999,,,,1,IMF_WEO_forecast,,
LCA,Saint Lucia,2027,-2.668,,,,,,,,-2.668,,,,1,IMF_WEO_forecast,,
LCA,Saint Lucia,2028,-2.454,,,,,,,,-2.454,,,,1,IMF_WEO_forecast,,
LCA,Saint Lucia,2029,-2.235,,,,,,,,-2.2349999,,,,1,IMF_WEO_forecast,,
LKA,Sri Lanka,1990,-6.389,,,,,-6.38858,,-6.389,,,,,1,IMF_WEO,,
LKA,Sri Lanka,1991,-7.973,,,,,-7.972538,,-7.973,,,,,1,IMF_WEO,,
LKA,Sri Lanka,1992,-4.951,,,,,-4.95144,,-4.951,,,,,1,IMF_WEO,,
LKA,Sri Lanka,1993,-5.775,,,,,-5.77454,,-5.775,,,,,1,IMF_WEO,,
LKA,Sri Lanka,1994,-7.406,,,,,-7.405553,,-7.406,,,,,1,IMF_WEO,,
LKA,Sri Lanka,1995,-7.11,,,,,-7.11012,,-7.11,,,,,1,IMF_WEO,,
LKA,Sri Lanka,1996,-6.892,,,,,-6.892287,,-6.892,,,,,1,IMF_WEO,,
LKA,Sri Lanka,1997,-5.71,,,,,-5.71036,,-5.71,,,,,1,IMF_WEO,,
LKA,Sri Lanka,1998,-6.786,,,,,-6.7856,,-6.786,,,,,1,IMF_WEO,,
LKA,Sri Lanka,1999,-5.584,,,,,-5.58395,,-5.584,,,,,1,IMF_WEO,,
LKA,Sri Lanka,2000,-7.778,-8.204943,,,,-7.777838,,-7.778,,,,,1,IMF_WEO,,
LKA,Sri Lanka,2001,-8.48,-9.1662791,,,,-8.480273,,-8.48,,,,,1,IMF_WEO,,
LKA,Sri Lanka,2002,-6.904,-7.3665816,,,,-6.904442,,-6.904,,,,,1,IMF_WEO,,
LKA,Sri Lanka,2003,-6.152,-6.8621232,,,,-6.152273,,-6.152,,,,,1,IMF_WEO,,
LKA,Sri Lanka,2004,-6.323,-7.3334606,,,,-6.32286,,-6.323,,,,,1,IMF_WEO,,
LKA,Sri Lanka,2005,-5.933,-6.9764048,,,,-5.933252,,-5.933,,,,,1,IMF_WEO,,
LKA,Sri Lanka,2006,-5.913,-6.8830563,,,,-5.913277,,-5.913,,,,,1,IMF_WEO,,
LKA,Sri Lanka,2007,-5.808,-6.5208247,,,,-5.808207,,-5.808,,,,,1,IMF_WEO,,
LKA,Sri Lanka,2008,-5.93,-6.5685301,,,,-5.930205,,-5.93,,,,,1,IMF_WEO,,
LKA,Sri Lanka,2009,-8.328,-8.9208042,,,,-8.327736,,-8.328,,,,,1,IMF_WEO,,
LKA,Sri Lanka,2010,-6.728,-6.1051633,,,,-6.727562,,-6.728,,,,,1,IMF_WEO,,
LKA,Sri Lanka,2011,-6.009,-5.5960122,,,,-6.009433,,-6.009,,,,,1,IMF_WEO,,
LKA,Sri Lanka,2012,-5.439,-5.1569192,,,,-5.4394,,-5.439,,,,,1,IMF_WEO,,
LKA,Sri Lanka,2013,-5.005,-5.0931288,,,,-5.004734,,-5.005,,,,,1,IMF_WEO,,
LKA,Sri Lanka,2014,-5.992,-5.3653379,,,,-5.991644,,-5.992,,,,,1,IMF_WEO,,
LKA,Sri Lanka,2015,-6.639,-7.1664354,,,,-6.638963,,-6.639,,,,,1,IMF_WEO,,
LKA,Sri Lanka,2016,-4.997,-5.0047649,,,,-4.997481,,-4.997,,,,,1,IMF_WEO,,
LKA,Sri Lanka,2017,-5.098,-5.0494039,,,,-5.098198,,-5.098,,,,,1,IMF_WEO,,
LKA,Sri Lanka,2018,-4.956,-5.0144508,,,,-4.955525,,-4.956,,,,,1,IMF_WEO,,
LKA,Sri Lanka,2019,-7.519,-6.4195677,,,,-7.519228,,-7.519,,,,,1,IMF_WEO,,
LKA,Sri Lanka,2020,-12.21,-12.824709,,,,-12.20992,,-12.21,,,,,1,IMF_WEO,,
LKA,Sri Lanka,2021,-11.685,-11.646971,,,,-11.68454,,-11.685,,,,,1,IMF_WEO,,
LKA,Sri Lanka,2022,-10.22266,-9.2357629,,,,-10.22266,,,-10.223,,,,1,IMF_FPP,1,2
LKA,Sri Lanka,2023,-9.18924,-9.1892394,,,,,,,,,,,1,ADB,1,2
LSO,Lesotho,1982,-2.033,,,,,-2.033367,,-2.033,,,,,1,IMF_WEO,,
LSO,Lesotho,1983,1.849,,,,,1.848713,,1.849,,,,,1,IMF_WEO,,
LSO,Lesotho,1984,4.817,,,,,4.816845,,4.817,,,,,1,IMF_WEO,,
LSO,Lesotho,1985,1.679,,,,,1.678637,,1.679,,,,,1,IMF_WEO,,
LSO,Lesotho,1986,.872,,,,,.8721952,,.872,,,,,1,IMF_WEO,,
LSO,Lesotho,1987,-2.848,,,,,-2.848345,,-2.848,,,,,1,IMF_WEO,,
LSO,Lesotho,1988,-1.872,,,,,-1.872182,,-1.872,,,,,1,IMF_WEO,,
LSO,Lesotho,1989,3.878,,,,,3.878067,,3.878,,,,,1,IMF_WEO,,
LSO,Lesotho,1990,8.778,,,,,8.777864,,8.778,,,,,1,IMF_WEO,,
LSO,Lesotho,1991,9.741,,,,,9.740569,,9.741,,,,,1,IMF_WEO,,
LSO,Lesotho,1992,4.654,,,,,4.653906,,4.654,,,,,1,IMF_WEO,,
LSO,Lesotho,1993,7.553,,,,,7.553184,,7.553,,,,,1,IMF_WEO,,
LSO,Lesotho,1994,5.694,,,,,5.694119,,5.694,,,,,1,IMF_WEO,,
LSO,Lesotho,1995,5.132,,,,,5.131748,,5.132,,,,,1,IMF_WEO,,
LSO,Lesotho,1996,2.114,,,,,2.113806,,2.114,,,,,1,IMF_WEO,,
LSO,Lesotho,1997,.267,,,,,.266773,,.267,,,,,1,IMF_WEO,,
LSO,Lesotho,1998,-11.788,,,,,-11.78794,,-11.788,,,,,1,IMF_WEO,,
LSO,Lesotho,1999,-15.302,,,,,-15.30212,,-15.302,,,,,1,IMF_WEO,,
LSO,Lesotho,2000,-.948,,,,,-.9484628,,-.948,,,,,1,IMF_WEO,,
LSO,Lesotho,2001,-2.762,,,,,-2.762365,,-2.762,,,,,1,IMF_WEO,,
LSO,Lesotho,2002,-2.437,,,,,-2.437458,,-2.437,,,,,1,IMF_WEO,,
LSO,Lesotho,2003,.889,,,,,.8888955,.84384423,.889,,,,,1,IMF_WEO,,
LSO,Lesotho,2004,6.055,,,,,6.054826,5.9229144,6.055,,,,,1,IMF_WEO,,
LSO,Lesotho,2005,4.416,,,,,4.415689,4.6804775,4.416,,,,,1,IMF_WEO,,
LSO,Lesotho,2006,11.553,,,,,11.55269,12.973952,11.553,,,,,1,IMF_WEO,,
LSO,Lesotho,2007,9.99,,,,,9.990314,9.6422841,9.99,,,,,1,IMF_WEO,,
LSO,Lesotho,2008,8.066,,,,,8.065522,,8.066,,,,,1,IMF_WEO,,
LSO,Lesotho,2009,-4.21,,,,,-4.210158,,-4.21,,,,,1,IMF_WEO,,
LSO,Lesotho,2010,-1.595,,,,,-1.594681,,-1.595,,,,,1,IMF_WEO,,
LSO,Lesotho,2011,-9.879,,,,,-9.878576,,-9.879,,,,,1,IMF_WEO,,
LSO,Lesotho,2012,4.533,,,,,4.533476,,4.533,,,,,1,IMF_WEO,,
LSO,Lesotho,2013,-2.574,,,,,-2.573974,,-2.574,,,,,1,IMF_WEO,,
LSO,Lesotho,2014,3.126,,,,,3.126252,,3.126,,,,,1,IMF_WEO,,
LSO,Lesotho,2015,-1.277,,,,,-1.277393,,-1.277,,,,,1,IMF_WEO,,
LSO,Lesotho,2016,-9.395,,,,,-9.395411,,-9.395,,,,,1,IMF_WEO,,
LSO,Lesotho,2017,-2.049,,,,,-2.049488,,-2.049,,,,,1,IMF_WEO,,
LSO,Lesotho,2018,-4.415,,,,,-4.415429,,-4.415,,,,,1,IMF_WEO,,
LSO,Lesotho,2019,-5.73,,,,,-5.729511,,-5.73,,,,,1,IMF_WEO,,
LSO,Lesotho,2020,-.01,,,,,-.010282,,-.01,,,,,1,IMF_WEO,,
LSO,Lesotho,2021,-5.385,,,,,-5.385104,,-5.385,,,,,1,IMF_WEO,,
LSO,Lesotho,2022,-5.473,,,,,-5.47324,,-5.473,,,,,1,IMF_WEO,,
LSO,Lesotho,2023,9.235007,,,,,9.235007,,,9.2349997,,,,1,IMF_FPP,1,2
LSO,Lesotho,2024,5.163,,,,,,,,5.1630001,,,,1,IMF_WEO_forecast,1,2
LSO,Lesotho,2025,5.865,,,,,,,,5.8649998,,,,1,IMF_WEO_forecast,,
LSO,Lesotho,2026,2.99,,,,,,,,2.99,,,,1,IMF_WEO_forecast,,
LSO,Lesotho,2027,.754,,,,,,,,.75400001,,,,1,IMF_WEO_forecast,,
LSO,Lesotho,2028,.65,,,,,,,,.64999998,,,,1,IMF_WEO_forecast,,
LSO,Lesotho,2029,.619,,,,,,,,.61900002,,,,1,IMF_WEO_forecast,,
LTU,Lithuania,1995,-1.5,,,,-1.5,,-1.5493817,-4.013,,-1.5382106,,,1,EUS,,
LTU,Lithuania,1996,-3.2,,,,-3.2,,-3.2522778,-4.231,,-3.2325132,,,1,EUS,,
LTU,Lithuania,1997,-11.7,,,,-11.7,,-11.760883,-1.706,,-11.697849,,,1,EUS,,
LTU,Lithuania,1998,-3,,,,-3,,-3.0336767,-5.598,,-3.0186961,,,1,EUS,,
LTU,Lithuania,1999,-2.8,,,,-2.8,,-2.8227816,-8.285,,-2.8091256,,,1,EUS,,
LTU,Lithuania,2000,-3.2,,,,-3.2,,-3.1928605,-3.991,,-3.180515,,,1,EUS,,
LTU,Lithuania,2001,-3.5,,,,-3.5,,-3.5310695,-3.621,,-3.5250405,,,1,EUS,,
LTU,Lithuania,2002,-1.9,,,,-1.9,,-1.8568548,-1.796,,-1.8544876,,,1,EUS,,
LTU,Lithuania,2003,-1.3,,,,-1.3,,-1.2664897,-1.267,,-1.2642169,,,1,EUS,,
LTU,Lithuania,2004,-1.4,,,,-1.4,,-1.3962752,-1.537,,-1.3859162,,,1,EUS,,
LTU,Lithuania,2005,-.3,,,,-.3,,-.34367139,-.505,,-.34308626,,,1,EUS,,
LTU,Lithuania,2006,-.3,,,,-.3,,-.27221537,-.447,,-.27167126,,,1,EUS,,
LTU,Lithuania,2007,-.8,,,,-.8,,-.81605556,-.999,,-.81490487,,,1,EUS,,
LTU,Lithuania,2008,-3.1,,,,-3.1,,-3.0926711,-3.276,,-3.0844691,,,1,EUS,,
LTU,Lithuania,2009,-9.1,,,,-9.1,,-9.078739,-9.34,,-9.0551982,,,1,EUS,,
LTU,Lithuania,2010,-6.9,,,,-6.9,,-6.8581389,-6.901,,-6.9481614,,,1,EUS,,
LTU,Lithuania,2011,-5.9,,,,-5.9,,-5.8640834,-8.929,,-5.9131338,,,1,EUS,,
LTU,Lithuania,2012,-3.1,,,,-3.1,,-3.1342363,-3.146,,-3.1449652,,,1,EUS,,
LTU,Lithuania,2013,-2.7,,,,-2.7,,-2.6785452,-2.612,,-2.6931217,,,1,EUS,,
LTU,Lithuania,2014,-1.8,,,,-1.8,,-1.7809297,-.664,,-1.7898865,,,1,EUS,,
LTU,Lithuania,2015,-.8,,,,-.8,,-.76891904,-.208,,-.76627813,,,1,EUS,1,4
LTU,Lithuania,2016,.0342601,,,,,,.03366699,.259,,.03426008,,,1,OECD_EO,1,4
LTU,Lithuania,2017,.4,,,,.4,,.36028412,.454,,.36026402,,,1,EUS,,
LTU,Lithuania,2018,.5,,,,.5,,.52728799,.597,,.59851041,,,1,EUS,,
LTU,Lithuania,2019,.4,,,,.4,,.41409776,.264,,.5223477,,,1,EUS,,
LTU,Lithuania,2020,-6.4,,,,-6.4,,-6.4718781,-7.221,,-6.3374613,,,1,EUS,,
LTU,Lithuania,2021,-1.1,,,,-1.1,,-1.1542369,-.982,,-1.1335636,,,1,EUS,,
LTU,Lithuania,2022,-.7,,,,-.7,,-.71350569,-.652,,-.70668849,,,1,EUS,,
LTU,Lithuania,2023,-.7,,,,-.7,,-.68526337,,-.80900002,-.68990438,,,1,EUS,,
LTU,Lithuania,2024,-1.3,,,,-1.3,,,,-1.608,-1.7516897,,,1,EUS,,
LTU,Lithuania,2025,-1.592384,,,,,,,,-1.4960001,-1.5923837,,,1,OECD_EO,1,4
LTU,Lithuania,2026,-1.281347,,,,,,,,-1.3789999,-1.281347,,,1,OECD_EO,,
LTU,Lithuania,2027,-1.4,,,,,,,,-1.4,,,,1,IMF_WEO_forecast,1,4
LTU,Lithuania,2028,-1.325,,,,,,,,-1.325,,,,1,IMF_WEO_forecast,,
LTU,Lithuania,2029,-1.199,,,,,,,,-1.199,,,,1,IMF_WEO_forecast,,
LUX,Luxembourg,1990,4.564918,,,,,,3.6548949,,,4.5649182,,,1,OECD_EO,,
LUX,Luxembourg,1991,1.021584,,,,,,3.0914462,,,1.0215843,,,1,OECD_EO,,
LUX,Luxembourg,1992,.2207206,,,,,,.90192802,,,.22072059,,,1,OECD_EO,,
LUX,Luxembourg,1993,1.900681,,,,,,1.582185,,,1.9006806,,,1,OECD_EO,,
LUX,Luxembourg,1994,2.973257,,,,,,3.1642985,,,2.973257,,,1,OECD_EO,1,3
LUX,Luxembourg,1995,2.7,,,,2.7,2.713888,2.7203,2.714,,2.6815333,,,1,EUS,,
LUX,Luxembourg,1996,2.3,,,,2.3,2.368579,2.3721012,2.369,,2.3225051,,,1,EUS,,
LUX,Luxembourg,1997,2.5,,,,2.5,2.654745,2.6615397,2.655,,2.5037553,,,1,EUS,,
LUX,Luxembourg,1998,2.8,,,,2.8,2.983271,2.9822717,2.983,,2.84766,,,1,EUS,,
LUX,Luxembourg,1999,3.1,,,,3.1,3.242209,3.2308774,3.242,,3.108602,,,1,EUS,,
LUX,Luxembourg,2000,5.5,,,,5.5,5.550746,5.5448902,5.551,,5.5461483,,,1,EUS,,
LUX,Luxembourg,2001,5.6,,,,5.6,5.623139,5.6266442,5.623,,5.6282271,,,1,EUS,,
LUX,Luxembourg,2002,2,,,,2,2.031098,2.0309902,2.031,,2.0321168,,,1,EUS,,
LUX,Luxembourg,2003,.3,,,,.3,.2764295,.27294842,.276,,.27296435,,,1,EUS,,
LUX,Luxembourg,2004,-1.4,,,,-1.4,-1.392367,-1.393311,-1.392,,-1.3934674,,,1,EUS,,
LUX,Luxembourg,2005,-.2,,,,-.2,-.2113537,-.20782669,-.211,,-.2078019,,,1,EUS,,
LUX,Luxembourg,2006,1.9,,,,1.9,1.904603,1.9115526,1.905,,1.9115166,,,1,EUS,,
LUX,Luxembourg,2007,4.4,,,,4.4,4.35419,4.3629174,4.354,,4.3628636,,,1,EUS,,
LUX,Luxembourg,2008,3.4,,,,3.4,3.367192,3.3739478,3.367,,3.3742998,,,1,EUS,,
LUX,Luxembourg,2009,-.2,,,,-.2,-.2130564,-.20997831,-.213,,-.21005237,,,1,EUS,,
LUX,Luxembourg,2010,-.3,,,,-.3,-.2575308,-.31747742,-.258,,-.31784913,,,1,EUS,,
LUX,Luxembourg,2011,.7,,,,.7,.6504465,.65841745,.65,,.65714583,,,1,EUS,,
LUX,Luxembourg,2012,.5,,,,.5,.503801,.50645119,.504,,.50869595,,,1,EUS,,
LUX,Luxembourg,2013,.8,,,,.8,.8406254,.84374796,.841,,.84664075,,,1,EUS,,
LUX,Luxembourg,2014,1.3,,,,1.3,1.331691,1.3388214,1.332,,1.3392889,,,1,EUS,,
LUX,Luxembourg,2015,1.3,,,,1.3,1.303597,1.3340518,1.304,,1.3312839,,,1,EUS,,
LUX,Luxembourg,2016,1.9,,,,1.9,1.889941,1.8929656,1.89,,1.8948228,,,1,EUS,,
LUX,Luxembourg,2017,1.4,,,,1.4,1.366712,1.3668513,1.367,,1.3640358,,,1,EUS,,
LUX,Luxembourg,2018,3.2,,,,3.2,2.97682,3.1791265,2.977,,3.1813341,,,1,EUS,,
LUX,Luxembourg,2019,2.7,,,,2.7,2.221475,2.6780167,2.221,,2.6874005,,,1,EUS,,
LUX,Luxembourg,2020,-3.1,,,,-3.1,-3.419177,-3.0912989,-3.419,,-3.0917087,,,1,EUS,,
LUX,Luxembourg,2021,1.1,,,,1.1,.5407624,1.1249185,.541,,1.0163543,,,1,EUS,,
LUX,Luxembourg,2022,.2,,,,.2,-.350063,.21127734,-.35,,.19179369,,,1,EUS,,
LUX,Luxembourg,2023,-.7,,,,-.7,-1.251928,-.67797382,,-1.252,-.69309328,,,1,EUS,,
LUX,Luxembourg,2024,.9,,,,.9,,,,-1.301,-.87523615,,,1,EUS,,
LUX,Luxembourg,2025,-.7947142,,,,,,,,-1.631,-.79471412,,,1,OECD_EO,1,3
LUX,Luxembourg,2026,-.4806317,,,,,,,,-1.268,-.48063169,,,1,OECD_EO,,
LUX,Luxembourg,2027,-1.388,,,,,,,,-1.388,,,,1,IMF_WEO_forecast,1,3
LUX,Luxembourg,2028,-1.546,,,,,,,,-1.546,,,,1,IMF_WEO_forecast,,
LUX,Luxembourg,2029,-1.695,,,,,,,,-1.6950001,,,,1,IMF_WEO_forecast,,
LVA,Latvia,1995,-1.5,,,,-1.5,,-1.4278933,,,-1.4736263,,,1,EUS,,
LVA,Latvia,1996,-.4,,,,-.4,,-.42050698,,,-.43349475,,,1,EUS,,
LVA,Latvia,1997,1.5,,,,1.5,,1.4130693,,,1.4526108,,,1,EUS,1,6
LVA,Latvia,1998,.0295556,,,,,-.6405849,.02867995,-.641,,.02955561,,,1,OECD_EO,1,6
LVA,Latvia,1999,-3.8,,,,-3.8,-3.44298,-3.7323088,-3.443,,-3.8390508,,,1,EUS,,
LVA,Latvia,2000,-2.8,,,,-2.8,-2.501782,-2.7235247,-2.502,,-2.7926409,,,1,EUS,,
LVA,Latvia,2001,-2,,,,-2,-1.984624,-1.9453574,-1.985,,-1.9859957,,,1,EUS,,
LVA,Latvia,2002,-2.4,,,,-2.4,-2.504745,-2.319659,-2.505,,-2.3971645,,,1,EUS,,
LVA,Latvia,2003,-1.6,,,,-1.6,-1.591678,-1.5649315,-1.592,,-1.6383436,,,1,EUS,,
LVA,Latvia,2004,-1.2,,,,-1.2,-.9919291,-1.1856564,-.992,,-1.237761,,,1,EUS,,
LVA,Latvia,2005,-.5,,,,-.5,-1.020114,-.47966372,-1.02,,-.50005255,,,1,EUS,,
LVA,Latvia,2006,-.6,,,,-.6,-.4560894,-.53004714,-.456,,-.55944204,,,1,EUS,,
LVA,Latvia,2007,-.6,,,,-.6,.5937719,-.56352591,.594,,-.59481173,,,1,EUS,,
LVA,Latvia,2008,-4.5,,,,-4.5,-3.12867,-4.2569915,-3.129,,-4.4714578,,,1,EUS,,
LVA,Latvia,2009,-9.8,,,,-9.8,-6.941019,-9.5470436,-6.941,,-9.8144801,,,1,EUS,,
LVA,Latvia,2010,-8.8,,,,-8.8,-6.426709,-8.6157159,-6.427,,-8.7948739,,,1,EUS,,
LVA,Latvia,2011,-4.5,,,,-4.5,-3.274155,-4.3233854,-3.274,,-4.4695736,,,1,EUS,,
LVA,Latvia,2012,-1.5,,,,-1.5,.1750195,-1.4056222,.175,,-1.4603167,,,1,EUS,,
LVA,Latvia,2013,-1.3,,,,-1.3,-.5608976,-1.2146814,-.561,,-1.2585515,,,1,EUS,,
LVA,Latvia,2014,-1.7,,,,-1.7,-1.681646,-1.6408586,-1.682,,-1.7009716,,,1,EUS,,
LVA,Latvia,2015,-1.5,,,,-1.5,-1.520018,-1.4703734,-1.52,,-1.5216728,,,1,EUS,1,6
LVA,Latvia,2016,-.0137153,,,,,-.4969828,-.01323541,-.497,,-.01371531,,,1,OECD_EO,1,6
LVA,Latvia,2017,-.3,,,,-.3,-.8223962,-.28773997,-.822,,-.29838035,,,1,EUS,,
LVA,Latvia,2018,-1.4,,,,-1.4,-.7389024,-1.3094663,-.739,,-1.355962,,,1,EUS,,
LVA,Latvia,2019,-.2,,,,-.2,-.3806305,-.15022143,-.381,,-.15537592,,,1,EUS,,
LVA,Latvia,2020,-4.1,,,,-4.1,-3.734621,-3.9672711,-3.735,,-4.087449,,,1,EUS,,
LVA,Latvia,2021,-7.2,,,,-7.2,-5.531683,-6.9899601,-5.532,,-7.220159,,,1,EUS,,
LVA,Latvia,2022,-4.9,,,,-4.9,-3.709394,-4.5684142,-3.709,,-4.8572368,,,1,EUS,,
LVA,Latvia,2023,-2.4,,,,-2.4,-3.526656,-2.3090758,,-3.527,-2.3844658,,,1,EUS,,
LVA,Latvia,2024,-1.8,,,,-1.8,,,,-3.4419999,-2.9861861,,,1,EUS,,
LVA,Latvia,2025,-3.024813,,,,,,,,-2.8840001,-3.0248127,,,1,OECD_EO,1,6
LVA,Latvia,2026,-2.774658,,,,,,,,-2.7869999,-2.7746577,,,1,OECD_EO,,
LVA,Latvia,2027,-2.789,,,,,,,,-2.789,,,,1,IMF_WEO_forecast,1,6
LVA,Latvia,2028,-2.784,,,,,,,,-2.7839999,,,,1,IMF_WEO_forecast,,
LVA,Latvia,2029,-2.946,,,,,,,,-2.9460001,,,,1,IMF_WEO_forecast,,
MAC,Macau,2001,3.263,,,,,,3.2627756,3.263,,,,,1,IMF_WEO,,
MAC,Macau,2002,2.662,,,,,,2.6624375,2.662,,,,,1,IMF_WEO,,
MAC,Macau,2003,4.799,,,,,,4.7993382,4.799,,,,,1,IMF_WEO,,
MAC,Macau,2004,7.798,,,,,,7.7977755,7.798,,,,,1,IMF_WEO,,
MAC,Macau,2005,8.315,,,,,,8.3148559,8.315,,,,,1,IMF_WEO,,
MAC,Macau,2006,9.741,,,,,,9.740789,9.741,,,,,1,IMF_WEO,,
MAC,Macau,2007,16.377,,,,,,16.376857,16.377,,,,,1,IMF_WEO,,
MAC,Macau,2008,17.479,,,,,,17.479202,17.479,,,,,1,IMF_WEO,,
MAC,Macau,2009,13.365,,,,,,13.365471,13.365,,,,,1,IMF_WEO,,
MAC,Macau,2010,19.405,,,,,,19.405224,19.405,,,,,1,IMF_WEO,,
MAC,Macau,2011,24.671,,,,,,24.670749,24.671,,,,,1,IMF_WEO,,
MAC,Macau,2012,23.981,,,,,,23.981282,23.981,,,,,1,IMF_WEO,,
MAC,Macau,2013,26.986,,,,,,26.986105,26.986,,,,,1,IMF_WEO,,
MAC,Macau,2014,24.16,,,,,,24.160389,24.16,,,,,1,IMF_WEO,,
MAC,Macau,2015,13.817,,,,,,13.817148,13.817,,,,,1,IMF_WEO,,
MAC,Macau,2016,11.415,,,,,,11.414561,11.415,,,,,1,IMF_WEO,,
MAC,Macau,2017,13.274,,,,,,13.273959,13.274,,,,,1,IMF_WEO,,
MAC,Macau,2018,13.326,,,,,,13.325578,13.326,,,,,1,IMF_WEO,,
MAC,Macau,2019,14.44,,,,,,14.444218,14.44,,,,,1,IMF_WEO,,
MAC,Macau,2020,-21.41,,,,,,-21.400991,-21.41,,,,,1,IMF_WEO,,
MAC,Macau,2021,-12.891,,,,,,-12.884348,-12.891,,,,,1,IMF_WEO,,
MAC,Macau,2022,-37.72633,,,,,,-37.726328,,-37.726002,,,,1,IMF_GFS,1,2
MAC,Macau,2023,2.133573,,,,,,2.1335729,,-8.8830004,,,,1,IMF_GFS,,
MAC,Macau,2024,1.997,,,,,,,,1.997,,,,1,IMF_WEO_forecast,1,2
MAC,Macau,2025,12.712,,,,,,,,12.712,,,,1,IMF_WEO_forecast,,
MAC,Macau,2026,12.953,,,,,,,,12.953,,,,1,IMF_WEO_forecast,,
MAC,Macau,2027,13.933,,,,,,,,13.933,,,,1,IMF_WEO_forecast,,
MAC,Macau,2028,13.95,,,,,,,,13.95,,,,1,IMF_WEO_forecast,,
MAC,Macau,2029,13.969,,,,,,,,13.969,,,,1,IMF_WEO_forecast,,
MAR,Morocco,1990,-1.324,,,,,-1.32427,,-1.324,,,,,1,IMF_WEO,,
MAR,Morocco,1991,-.896,,,,,-.8963334,,-.896,,,,,1,IMF_WEO,,
MAR,Morocco,1992,-1.844,,,,,-1.844341,,-1.844,,,,,1,IMF_WEO,,
MAR,Morocco,1993,-2.001,,,,,-2.001067,,-2.001,,,,,1,IMF_WEO,,
MAR,Morocco,1994,-2.511,,,,,-2.511107,,-2.511,,,,,1,IMF_WEO,,
MAR,Morocco,1995,-2.539,,,,,-2.53923,,-2.539,,,,,1,IMF_WEO,,
MAR,Morocco,1996,.868,,,,,.8675351,,.868,,,,,1,IMF_WEO,,
MAR,Morocco,1997,1.499,,,,,1.498731,,1.499,,,,,1,IMF_WEO,,
MAR,Morocco,1998,1.47,,,,,1.470155,,1.47,,,,,1,IMF_WEO,,
MAR,Morocco,1999,3.206,,,,,3.205617,,3.206,,,,,1,IMF_WEO,,
MAR,Morocco,2000,-1.973,,,,,-1.973311,,-1.973,,,,,1,IMF_WEO,,
MAR,Morocco,2001,-3.79,,,,,-3.789964,,-3.79,,,,,1,IMF_WEO,,
MAR,Morocco,2002,-4.369,,,,,-4.368704,-1.9961367,-4.369,,,,,1,IMF_WEO,,
MAR,Morocco,2003,-3.745,,,,,-3.744923,-1.2084598,-3.745,,,,,1,IMF_WEO,,
MAR,Morocco,2004,-3.313,,,,,-3.313372,-1.4412394,-3.313,,,,,1,IMF_WEO,,
MAR,Morocco,2005,-5.455,,,,,-5.455136,-1.4668457,-5.455,,,,,1,IMF_WEO,,
MAR,Morocco,2006,-1.8,,,,,-1.800355,1.0202562,-1.8,,,,,1,IMF_WEO,,
MAR,Morocco,2007,-.116,,,,,-.1162198,2.7510858,-.116,,,,,1,IMF_WEO,,
MAR,Morocco,2008,.626,,,,,.6259062,2.8981418,.626,,,,,1,IMF_WEO,,
MAR,Morocco,2009,-1.629,,,,,-1.62922,1.4387632,-1.629,,,,,1,IMF_WEO,,
MAR,Morocco,2010,-3.932,,,,,-3.93227,-1.3898154,-3.932,,,,,1,IMF_WEO,,
MAR,Morocco,2011,-6.075,,,,,-6.07534,-2.939703,-6.075,,,,,1,IMF_WEO,,
MAR,Morocco,2012,-6.632,,,,,-6.63176,,-6.632,,,,,1,IMF_WEO,1,4
MAR,Morocco,2013,-5.795486,,-5.795486,,,-4.701753,,-4.702,,,,,1,AMF,,
MAR,Morocco,2014,-4.942315,,-4.942315,,,-4.77965,,-4.78,,,,,1,AMF,,
MAR,Morocco,2015,-4.684853,,-4.684853,,,-4.514419,,-4.514,,,,,1,AMF,,
MAR,Morocco,2016,-3.822665,,-3.822665,,,-4.426138,,-4.426,,,,,1,AMF,,
MAR,Morocco,2017,-3.571335,,-3.571335,,,-3.232985,,-3.233,,,,,1,AMF,,
MAR,Morocco,2018,-3.725944,,-3.725944,,,-3.430639,,-3.431,,,,,1,AMF,,
MAR,Morocco,2019,-4.004996,,-4.004996,,,-3.550941,,-3.551,,,,,1,AMF,,
MAR,Morocco,2020,-7.988123,,-7.988123,,,-7.147088,,-7.147,,,,,1,AMF,,
MAR,Morocco,2021,-5.977,,,,,-5.976832,,-5.977,,,,,1,IMF_WEO,1,4
MAR,Morocco,2022,-5.378,,,,,-5.377594,,-5.378,,,,,1,IMF_WEO,,
MAR,Morocco,2023,-4.404112,,,,,-4.404112,,,-4.4039998,,,,1,IMF_FPP,1,4
MAR,Morocco,2024,-4.273,,,,,,,,-4.2729998,,,,1,IMF_WEO_forecast,1,4
MAR,Morocco,2025,-3.764,,,,,,,,-3.7639999,,,,1,IMF_WEO_forecast,,
MAR,Morocco,2026,-3.257,,,,,,,,-3.257,,,,1,IMF_WEO_forecast,,
MAR,Morocco,2027,-3.187,,,,,,,,-3.187,,,,1,IMF_WEO_forecast,,
MAR,Morocco,2028,-3.073,,,,,,,,-3.073,,,,1,IMF_WEO_forecast,,
MAR,Morocco,2029,-3.073,,,,,,,,-3.073,,,,1,IMF_WEO_forecast,,
MDA,Moldova,1995,-2.583,,,,,-2.583015,,-2.583,,,,,1,IMF_WEO,,
MDA,Moldova,1996,-7.423,,,,,-7.423272,,-7.423,,,,,1,IMF_WEO,,
MDA,Moldova,1997,-7.471,,,,,-7.470583,,-7.471,,,,,1,IMF_WEO,,
MDA,Moldova,1998,-1.522,,,,,-1.521632,,-1.522,,,,,1,IMF_WEO,,
MDA,Moldova,1999,-2.639,,,,,-2.639091,,-2.639,,,,,1,IMF_WEO,,
MDA,Moldova,2000,-3.546,,,,,-3.546064,,-3.546,,,,,1,IMF_WEO,,
MDA,Moldova,2001,-.345,,,,,-.3447503,,-.345,,,,,1,IMF_WEO,,
MDA,Moldova,2002,-1.179,,,,,-1.178998,,-1.179,,,,,1,IMF_WEO,,
MDA,Moldova,2003,.47,,,,,.4699677,2.4153734,.47,,,,,1,IMF_WEO,,
MDA,Moldova,2004,.593,,,,,.5928488,.34184803,.593,,,,,1,IMF_WEO,,
MDA,Moldova,2005,1.441,,,,,1.440723,1.3885101,1.441,,,,,1,IMF_WEO,,
MDA,Moldova,2006,-.419,,,,,-.4187236,-.46245766,-.419,,,,,1,IMF_WEO,,
MDA,Moldova,2007,.148,,,,,.1482325,-.1662001,.148,,,,,1,IMF_WEO,,
MDA,Moldova,2008,-.871,,,,,-.870608,-.82992241,-.871,,,,,1,IMF_WEO,,
MDA,Moldova,2009,-6.383,,,,,-6.382821,-6.2725672,-6.383,,,,,1,IMF_WEO,,
MDA,Moldova,2010,-2.178,,,,,-2.178254,-2.1009471,-2.178,,,,,1,IMF_WEO,,
MDA,Moldova,2011,-2.05,,,,,-2.049645,-1.9817194,-2.05,,,,,1,IMF_WEO,,
MDA,Moldova,2012,-1.931,,,,,-1.93074,-1.8293483,-1.931,,,,,1,IMF_WEO,,
MDA,Moldova,2013,-1.565,,,,,-1.565176,-1.5305413,-1.565,,,,,1,IMF_WEO,,
MDA,Moldova,2014,-1.585,,,,,-1.585012,-1.5233556,-1.585,,,,,1,IMF_WEO,,
MDA,Moldova,2015,-1.943,,,,,-1.942799,-1.961529,-1.943,,,,,1,IMF_WEO,,
MDA,Moldova,2016,-1.547,,,,,-1.546564,-1.5599955,-1.547,,,,,1,IMF_WEO,,
MDA,Moldova,2017,-.65,,,,,-.6503708,-.65042759,-.65,,,,,1,IMF_WEO,,
MDA,Moldova,2018,-.853,,,,,-.8531564,-.85315645,-.853,,,,,1,IMF_WEO,,
MDA,Moldova,2019,-1.466,,,,,-1.465507,-1.4672826,-1.466,,,,,1,IMF_WEO,,
MDA,Moldova,2020,-5.317,,,,,-5.31688,-5.31698,-5.317,,,,,1,IMF_WEO,,
MDA,Moldova,2021,-2.617,,,,,-2.617001,-1.9169391,-2.617,,,,,1,IMF_WEO,,
MDA,Moldova,2022,-3.227,,,,,-3.227131,-3.2184579,-3.227,,,,,1,IMF_WEO,,
MDA,Moldova,2023,-5.039444,,,,,-5.184235,-5.0394442,,-5.184,,,,1,IMF_GFS,1,2
MDA,Moldova,2024,-5.042,,,,,,,,-5.0419998,,,,1,IMF_WEO_forecast,1,2
MDA,Moldova,2025,-3.8,,,,,,,,-3.8,,,,1,IMF_WEO_forecast,,
MDA,Moldova,2026,-3.4,,,,,,,,-3.4000001,,,,1,IMF_WEO_forecast,,
MDA,Moldova,2027,-3.1,,,,,,,,-3.0999999,,,,1,IMF_WEO_forecast,,
MDA,Moldova,2028,-2.6,,,,,,,,-2.5999999,,,,1,IMF_WEO_forecast,,
MDA,Moldova,2029,-2.4,,,,,,,,-2.4000001,,,,1,IMF_WEO_forecast,,
MDG,Madagascar,1980,-11.017,,,,,-11.01666,,-11.017,,,,,1,IMF_WEO,,
MDG,Madagascar,1981,-9.965,,,,,-9.965408,,-9.965,,,,,1,IMF_WEO,,
MDG,Madagascar,1982,-6.966,,,,,-6.966201,,-6.966,,,,,1,IMF_WEO,,
MDG,Madagascar,1983,-6.037,,,,,-6.036583,,-6.037,,,,,1,IMF_WEO,,
MDG,Madagascar,1984,-6.09,,,,,-6.090178,,-6.09,,,,,1,IMF_WEO,,
MDG,Madagascar,1985,-2.389,,,,,-2.388636,,-2.389,,,,,1,IMF_WEO,,
MDG,Madagascar,1986,-2.24,,,,,-2.23992,,-2.24,,,,,1,IMF_WEO,,
MDG,Madagascar,1987,-2.124,,,,,-2.124048,,-2.124,,,,,1,IMF_WEO,,
MDG,Madagascar,1988,-.572,,,,,-.5715908,,-.572,,,,,1,IMF_WEO,,
MDG,Madagascar,1989,-3.345,,,,,-3.345033,,-3.345,,,,,1,IMF_WEO,,
MDG,Madagascar,1990,-.494,,,,,-.4941673,,-.494,,,,,1,IMF_WEO,,
MDG,Madagascar,1991,-4.398,,,,,-4.398129,,-4.398,,,,,1,IMF_WEO,,
MDG,Madagascar,1992,-5.004,,,,,-5.003862,,-5.004,,,,,1,IMF_WEO,,
MDG,Madagascar,1993,-6.338,,,,,-6.338217,,-6.338,,,,,1,IMF_WEO,,
MDG,Madagascar,1994,-7.233,,,,,-7.232908,,-7.233,,,,,1,IMF_WEO,,
MDG,Madagascar,1995,-5.088,,,,,-5.087551,,-5.088,,,,,1,IMF_WEO,,
MDG,Madagascar,1996,-3.971,,,,,-3.970638,,-3.971,,,,,1,IMF_WEO,,
MDG,Madagascar,1997,-1.997,,,,,-1.997251,,-1.997,,,,,1,IMF_WEO,,
MDG,Madagascar,1998,-5.308,,,,,-5.307739,,-5.308,,,,,1,IMF_WEO,,
MDG,Madagascar,1999,-2.421,,,,,-2.420563,,-2.421,,,,,1,IMF_WEO,,
MDG,Madagascar,2000,-2.353,,,,,-2.352538,,-2.353,,,,,1,IMF_WEO,,
MDG,Madagascar,2001,-3.614,,,,,-3.614406,,-3.614,,,,,1,IMF_WEO,,
MDG,Madagascar,2002,-4.092,,,,,-4.092046,,-4.092,,,,,1,IMF_WEO,,
MDG,Madagascar,2003,-3.322,,,,,-3.321644,,-3.322,,,,,1,IMF_WEO,,
MDG,Madagascar,2004,-4.232,,,,,-4.232414,,-4.232,,,,,1,IMF_WEO,,
MDG,Madagascar,2005,-2.475,,,,,-2.474756,,-2.475,,,,,1,IMF_WEO,,
MDG,Madagascar,2006,-5.711,,,,,-5.710996,,-5.711,,,,,1,IMF_WEO,,
MDG,Madagascar,2007,-2.308,,,,,-2.307582,,-2.308,,,,,1,IMF_WEO,,
MDG,Madagascar,2008,-1.723,,,,,-1.723203,,-1.723,,,,,1,IMF_WEO,,
MDG,Madagascar,2009,-2.261,,,,,-2.261323,,-2.261,,,,,1,IMF_WEO,,
MDG,Madagascar,2010,-.76,,,,,-.7603759,,-.76,,,,,1,IMF_WEO,,
MDG,Madagascar,2011,-2.043,,,,,-2.043157,,-2.043,,,,,1,IMF_WEO,,
MDG,Madagascar,2012,-2.237,,,,,-2.237312,,-2.237,,,,,1,IMF_WEO,,
MDG,Madagascar,2013,-3.403,,,,,-3.402965,,-3.403,,,,,1,IMF_WEO,,
MDG,Madagascar,2014,-1.961,,,,,-1.960686,,-1.961,,,,,1,IMF_WEO,,
MDG,Madagascar,2015,-2.85,,,,,-2.850273,,-2.85,,,,,1,IMF_WEO,,
MDG,Madagascar,2016,-1.107,,,,,-1.107234,,-1.107,,,,,1,IMF_WEO,,
MDG,Madagascar,2017,-2.103,,,,,-2.102886,,-2.103,,,,,1,IMF_WEO,,
MDG,Madagascar,2018,-1.338,,,,,-1.337843,,-1.338,,,,,1,IMF_WEO,,
MDG,Madagascar,2019,-1.421,,,,,-1.420786,,-1.421,,,,,1,IMF_WEO,,
MDG,Madagascar,2020,-3.957,,,,,-3.956818,,-3.957,,,,,1,IMF_WEO,,
MDG,Madagascar,2021,-2.789,,,,,-2.788574,,-2.789,,,,,1,IMF_WEO,,
MDG,Madagascar,2022,-5.529179,,,,,-5.529179,,,-5.5289998,,,,1,IMF_FPP,1,2
MDG,Madagascar,2023,-4.132154,,,,,-4.132154,,,-4.132,,,,1,IMF_FPP,,
MDG,Madagascar,2024,-3.759,,,,,,,,-3.7590001,,,,1,IMF_WEO_forecast,1,2
MDG,Madagascar,2025,-3.806,,,,,,,,-3.806,,,,1,IMF_WEO_forecast,,
MDG,Madagascar,2026,-4.026,,,,,,,,-4.026,,,,1,IMF_WEO_forecast,,
MDG,Madagascar,2027,-3.755,,,,,,,,-3.7550001,,,,1,IMF_WEO_forecast,,
MDG,Madagascar,2028,-3.621,,,,,,,,-3.6210001,,,,1,IMF_WEO_forecast,,
MDG,Madagascar,2029,-3.687,,,,,,,,-3.687,,,,1,IMF_WEO_forecast,,
MDV,Maldives,1990,-12.767,,,,,-12.76722,-6.9911431,-12.767,,,,,1,IMF_WEO,,
MDV,Maldives,1991,-10.22,,,,,-10.22049,-8.1503756,-10.22,,,,,1,IMF_WEO,,
MDV,Maldives,1992,-12.604,,,,,-12.60424,-10.247325,-12.604,,,,,1,IMF_WEO,,
MDV,Maldives,1993,-13.888,,,,,-13.88751,-10.518445,-13.888,,,,,1,IMF_WEO,,
MDV,Maldives,1994,-4.816,,,,,-4.815971,-4.8137134,-4.816,,,,,1,IMF_WEO,,
MDV,Maldives,1995,-5.662,,,,,-5.662147,-5.6366172,-5.662,,,,,1,IMF_WEO,,
MDV,Maldives,1996,-2.013,,,,,-2.012828,-2.0112161,-2.013,,,,,1,IMF_WEO,,
MDV,Maldives,1997,-1.461,,,,,-1.461104,-1.4611044,-1.461,,,,,1,IMF_WEO,,
MDV,Maldives,1998,-2.251,,,,,-2.251009,-2.251009,-2.251,,,,,1,IMF_WEO,,
MDV,Maldives,1999,-3.028,,,,,-3.028205,-3.0282051,-3.028,,,,,1,IMF_WEO,,
MDV,Maldives,2000,-3.893,-4.4,,,,-3.89265,-3.8926504,-3.893,,,,,1,IMF_WEO,,
MDV,Maldives,2001,-3.966,-3.8,,,,-3.965633,-3.9656327,-3.966,,,,,1,IMF_WEO,,
MDV,Maldives,2002,-3.967,-3.9,,,,-3.967369,-3.9673694,-3.967,,,,,1,IMF_WEO,,
MDV,Maldives,2003,-3.445,-2.2,,,,-3.445421,-3.4454269,-3.445,,,,,1,IMF_WEO,,
MDV,Maldives,2004,-2.257,-1,,,,-2.256834,-2.2568361,-2.257,,,,,1,IMF_WEO,,
MDV,Maldives,2005,-7.807,-7,,,,-7.806708,-7.8067216,-7.807,,,,,1,IMF_WEO,,
MDV,Maldives,2006,-4.524,-3.9,,,,-4.52373,-4.523234,-4.524,,,,,1,IMF_WEO,,
MDV,Maldives,2007,-3.158,-2.6,,,,-3.15781,-3.1536286,-3.158,,,,,1,IMF_WEO,,
MDV,Maldives,2008,-9.925,-9.4,,,,-9.924865,-9.9250023,-9.925,,,,,1,IMF_WEO,,
MDV,Maldives,2009,-17.933,-17.4,,,,-17.93259,-17.88621,-17.933,,,,,1,IMF_WEO,,
MDV,Maldives,2010,-13.58,-12.9,,,,-13.57975,,-13.58,,,,,1,IMF_WEO,,
MDV,Maldives,2011,-8.13,-5.8,,,,-8.130092,,-8.13,,,,,1,IMF_WEO,,
MDV,Maldives,2012,-6.905,-6.7,,,,-6.905157,,-6.905,,,,,1,IMF_WEO,,
MDV,Maldives,2013,-3.487,-3.5,,,,-3.486841,,-3.487,,,,,1,IMF_WEO,,
MDV,Maldives,2014,-2.418,-2.4,,,,-2.41819,,-2.418,,,,,1,IMF_WEO,,
MDV,Maldives,2015,-6.516,-6.5,,,,-6.515913,,-6.516,,,,,1,IMF_WEO,,
MDV,Maldives,2016,-9.928,-9.9,,,,-9.927716,,-9.928,,,,,1,IMF_WEO,,
MDV,Maldives,2017,-3.021,-3,,,,-3.02107,,-3.021,,,,,1,IMF_WEO,,
MDV,Maldives,2018,-5.169,-5.2,,,,-5.168864,,-5.169,,,,,1,IMF_WEO,,
MDV,Maldives,2019,-6.543,-6.5,,,,-6.542843,,-6.543,,,,,1,IMF_WEO,,
MDV,Maldives,2020,-23.696,-23.7,,,,-23.69625,,-23.696,,,,,1,IMF_WEO,,
MDV,Maldives,2021,-14.179,-14.2,,,,-14.17865,,-14.179,,,,,1,IMF_WEO,,
MDV,Maldives,2022,-11.16991,-11.6,,,,-11.16991,,,-11.17,,,,1,IMF_FPP,1,2
MDV,Maldives,2023,-12.78732,-13.8,,,,-12.78732,,,-12.787,,,,1,IMF_FPP,,
MDV,Maldives,2024,-17.877,,,,,,,,-17.877001,,,,1,IMF_WEO_forecast,1,2
MDV,Maldives,2025,-14.888,,,,,,,,-14.888,,,,1,IMF_WEO_forecast,,
MDV,Maldives,2026,-11.552,,,,,,,,-11.552,,,,1,IMF_WEO_forecast,,
MDV,Maldives,2027,-8.843,,,,,,,,-8.8430004,,,,1,IMF_WEO_forecast,,
MDV,Maldives,2028,-6.827,,,,,,,,-6.8270001,,,,1,IMF_WEO_forecast,,
MDV,Maldives,2029,-5.162,,,,,,,,-5.1620002,,,,1,IMF_WEO_forecast,,
MEX,Mexico,1925,.4581003,,,,,.4581003,,,,,,,1,IMF_FPP,,
MEX,Mexico,1926,-.2925501,,,,,-.2925501,,,,,,,1,IMF_FPP,,
MEX,Mexico,1927,-.3007798,,,,,-.3007798,,,,,,,1,IMF_FPP,,
MEX,Mexico,1928,.23914,,,,,.23914,,,,,,,1,IMF_FPP,,
MEX,Mexico,1929,.94592,,,,,.94592,,,,,,,1,IMF_FPP,,
MEX,Mexico,1930,.2142301,,,,,.2142301,,,,,,,1,IMF_FPP,,
MEX,Mexico,1931,.7112403,,,,,.7112403,,,,,,,1,IMF_FPP,,
MEX,Mexico,1932,,,,,,,,,,,,,1,IMF_FPP,,
MEX,Mexico,1933,-.5817003,,,,,-.5817003,,,,,,,1,IMF_FPP,,
MEX,Mexico,1934,.7227201,,,,,.7227201,,,,,,,1,IMF_FPP,,
MEX,Mexico,1935,.2643099,,,,,.2643099,,,,,,,1,IMF_FPP,,
MEX,Mexico,1936,-.3928099,,,,,-.3928099,,,,,,,1,IMF_FPP,,
MEX,Mexico,1937,-.4117699,,,,,-.4117699,,,,,,,1,IMF_FPP,,
MEX,Mexico,1938,-.9064703,,,,,-.9064703,,,,,,,1,IMF_FPP,,
MEX,Mexico,1939,-.06423,,,,,-.06423,,,,,,,1,IMF_FPP,,
MEX,Mexico,1940,-.4000497,,,,,-.4000497,,,,,,,1,IMF_FPP,,
MEX,Mexico,1941,-.2599602,,,,,-.2599602,,,,,,,1,IMF_FPP,,
MEX,Mexico,1942,-.9268799,,,,,-.9268799,,,,,,,1,IMF_FPP,,
MEX,Mexico,1943,.05371,,,,,.05371,,,,,,,1,IMF_FPP,,
MEX,Mexico,1944,-1.116961,,,,,-1.116961,,,,,,,1,IMF_FPP,,
MEX,Mexico,1945,-1.11349,,,,,-1.11349,,,,,,,1,IMF_FPP,,
MEX,Mexico,1946,.65521,,,,,.65521,,,,,,,1,IMF_FPP,,
MEX,Mexico,1947,-.92834,,,,,-.92834,,,,,,,1,IMF_FPP,,
MEX,Mexico,1948,-1.5498,,,,,-1.5498,,,,,,,1,IMF_FPP,,
MEX,Mexico,1949,.4372997,,,,,.4372997,,,,,,,1,IMF_FPP,,
MEX,Mexico,1950,-.20397,,,,,-.20397,,,,,,,1,IMF_FPP,,
MEX,Mexico,1951,-.2574701,,,,,-.2574701,,,,,,,1,IMF_FPP,,
MEX,Mexico,1952,.4181099,,,,,.4181099,,,,,,,1,IMF_FPP,,
MEX,Mexico,1953,-.5777702,,,,,-.5777702,,,,,,,1,IMF_FPP,,
MEX,Mexico,1954,-.9379797,,,,,-.9379797,,,,,,,1,IMF_FPP,,
MEX,Mexico,1955,.6026402,,,,,.6026402,,,,,,,1,IMF_FPP,,
MEX,Mexico,1956,.5174894,,,,,.5174894,,,,,,,1,IMF_FPP,,
MEX,Mexico,1957,-.0280094,,,,,-.0280094,,,,,,,1,IMF_FPP,,
MEX,Mexico,1958,.2385502,,,,,.2385502,,,,,,,1,IMF_FPP,,
MEX,Mexico,1959,-.7274899,,,,,-.7274899,,,,,,,1,IMF_FPP,,
MEX,Mexico,1960,-1.358521,,,,,-1.358521,,,,,,,1,IMF_FPP,,
MEX,Mexico,1961,-.8764901,,,,,-.8764901,,,,,,,1,IMF_FPP,,
MEX,Mexico,1962,-.7859402,,,,,-.7859402,,,,,,,1,IMF_FPP,,
MEX,Mexico,1963,-.9234295,,,,,-.9234295,,,,,,,1,IMF_FPP,,
MEX,Mexico,1964,-1.43677,,,,,-1.43677,,,,,,,1,IMF_FPP,,
MEX,Mexico,1965,-2.50933,,,,,-2.50933,,,,,,,1,IMF_FPP,,
MEX,Mexico,1966,-3.19654,,,,,-3.19654,,,,,,,1,IMF_FPP,,
MEX,Mexico,1967,-2.122951,,,,,-2.122951,,,,,,,1,IMF_FPP,,
MEX,Mexico,1968,-2.0564,,,,,-2.0564,,,,,,,1,IMF_FPP,,
MEX,Mexico,1969,-2.74014,,,,,-2.74014,,,,,,,1,IMF_FPP,,
MEX,Mexico,1970,-1.7107,,,,,-1.7107,,,,,,,1,IMF_FPP,,
MEX,Mexico,1971,-1.428531,,,,,-1.428531,,,,,,,1,IMF_FPP,,
MEX,Mexico,1972,-2.30196,,,,,-2.30196,,,,,,,1,IMF_FPP,,
MEX,Mexico,1973,-2.7501,,,,,-2.7501,,,,,,,1,IMF_FPP,,
MEX,Mexico,1974,-3.3344,,,,,-3.3344,,,,,,,1,IMF_FPP,,
MEX,Mexico,1975,-2.6362,,,,,-2.6362,,,,,,,1,IMF_FPP,,
MEX,Mexico,1976,-3.1364,,,,,-3.1364,,,,,,,1,IMF_FPP,,
MEX,Mexico,1977,-2.4334,,,,,-2.4334,,,,,,,1,IMF_FPP,,
MEX,Mexico,1978,-1.8824,,,,,-1.8824,,,,,,,1,IMF_FPP,,
MEX,Mexico,1979,-2.151599,,,,,-2.151599,,,,,,,1,IMF_FPP,,
MEX,Mexico,1980,-1.753799,,,,,-1.753799,,,,,,,1,IMF_FPP,,
MEX,Mexico,1981,-4.902699,,,,,-4.902699,,,,,,,1,IMF_FPP,,
MEX,Mexico,1982,-11.4123,,,,,-11.4123,,,,,,,1,IMF_FPP,,
MEX,Mexico,1983,-6.0308,,,,,-6.0308,,,,,,,1,IMF_FPP,,
MEX,Mexico,1984,-5.7925,,,,,-5.7925,,,,,,,1,IMF_FPP,,
MEX,Mexico,1985,-7.2038,,,,,-7.2038,,,,,,,1,IMF_FPP,,
MEX,Mexico,1986,-11.2006,,,,,-11.2006,,,,,,,1,IMF_FPP,,
MEX,Mexico,1987,-11.6145,,,,,-11.6145,,,,,,,1,IMF_FPP,,
MEX,Mexico,1988,-8.7569,,,,,-8.7569,,,,,,,1,IMF_FPP,,
MEX,Mexico,1989,-4.7542,,,,,-4.7542,,,,,,,1,IMF_FPP,1,3
MEX,Mexico,1990,-3.111,,,,,-2.570899,,-3.111,,,,,1,IMF_WEO,,
MEX,Mexico,1991,1.492,,,,,-.3291998,,1.492,,,,,1,IMF_WEO,,
MEX,Mexico,1992,2.259,,,,,.6405001,,2.259,,,,,1,IMF_WEO,,
MEX,Mexico,1993,-1.514,,,,,-.0535002,,-1.514,,,,,1,IMF_WEO,,
MEX,Mexico,1994,-2.255,,,,,-.3355999,,-2.255,,,,,1,IMF_WEO,,
MEX,Mexico,1995,-2.278,,,,,-.3032999,,-2.278,,,,,1,IMF_WEO,,
MEX,Mexico,1996,-3.655,,,,,-3.655445,,-3.655,,,,,1,IMF_WEO,,
MEX,Mexico,1997,-3.476,,,,,-3.476323,,-3.476,,,,,1,IMF_WEO,,
MEX,Mexico,1998,-4.491,,,,,-4.491423,,-4.491,,,,,1,IMF_WEO,,
MEX,Mexico,1999,-4.489,,,,,-4.489359,,-4.489,,,,,1,IMF_WEO,,
MEX,Mexico,2000,-2.685,,,,,-2.68523,,-2.685,,,,,1,IMF_WEO,,
MEX,Mexico,2001,-2.573,,,,,-2.572843,,-2.573,,,,,1,IMF_WEO,,
MEX,Mexico,2002,-2.181,,,,,-2.181312,,-2.181,,,,,1,IMF_WEO,,
MEX,Mexico,2003,-2.244,,,,,-2.244053,,-2.244,,,,,1,IMF_WEO,,
MEX,Mexico,2004,-1.346,,,,,-1.346256,,-1.346,,,,,1,IMF_WEO,,
MEX,Mexico,2005,-1.434,,,,,-1.433871,,-1.434,,,,,1,IMF_WEO,,
MEX,Mexico,2006,-1.226,,,,,-1.225889,,-1.226,,,,,1,IMF_WEO,,
MEX,Mexico,2007,-1.458,,,,,-1.458331,,-1.458,,,,,1,IMF_WEO,,
MEX,Mexico,2008,-.681,,,,,-.6813005,,-.681,,,,,1,IMF_WEO,,
MEX,Mexico,2009,-3.935,,,,,-3.935327,-4.3938194,-3.935,,,,,1,IMF_WEO,,
MEX,Mexico,2010,-3.804,,,,,-3.803804,-4.1129559,-3.804,,,,,1,IMF_WEO,,
MEX,Mexico,2011,-3.204,,,,,-3.204128,-3.5449963,-3.204,,,,,1,IMF_WEO,,
MEX,Mexico,2012,-3.566,,,,,-3.565958,-3.6400821,-3.566,,,,,1,IMF_WEO,,
MEX,Mexico,2013,-3.559,,,,,-3.559062,-3.0414609,-3.559,,,,,1,IMF_WEO,,
MEX,Mexico,2014,-4.371,,,,,-4.371295,-3.8379262,-4.371,,,,,1,IMF_WEO,,
MEX,Mexico,2015,-3.859,,,,,-3.858791,-2.8737295,-3.859,,,,,1,IMF_WEO,,
MEX,Mexico,2016,-2.681,,,,,-2.681409,-1.3217689,-2.681,,,,,1,IMF_WEO,,
MEX,Mexico,2017,-1.034,,,,,-1.034048,-.66504849,-1.034,,,,,1,IMF_WEO,,
MEX,Mexico,2018,-2.139,,,,,-2.138586,-1.9859196,-2.139,,,,,1,IMF_WEO,,
MEX,Mexico,2019,-2.264,,,,,-2.264085,-1.4649579,-2.264,,,,,1,IMF_WEO,,
MEX,Mexico,2020,-4.291,,,,,-4.290984,-3.7172754,-4.291,,,,,1,IMF_WEO,,
MEX,Mexico,2021,-3.757,,,,,-3.756679,-3.3340266,-3.757,,,,,1,IMF_WEO,,
MEX,Mexico,2022,-4.047835,,,,,-4.271375,-4.0478354,,-4.2709999,,,,1,IMF_GFS,1,3
MEX,Mexico,2023,-3.875668,,,,,-4.311184,-3.8756681,,-4.3109999,,,,1,IMF_GFS,,
MEX,Mexico,2024,-5.9,,,,,,,,-5.9000001,,,,1,IMF_WEO_forecast,1,3
MEX,Mexico,2025,-3.5,,,,,,,,-3.5,,,,1,IMF_WEO_forecast,,
MEX,Mexico,2026,-2.656,,,,,,,,-2.6559999,,,,1,IMF_WEO_forecast,,
MEX,Mexico,2027,-2.669,,,,,,,,-2.6689999,,,,1,IMF_WEO_forecast,,
MEX,Mexico,2028,-2.666,,,,,,,,-2.6659999,,,,1,IMF_WEO_forecast,,
MEX,Mexico,2029,-2.666,,,,,,,,-2.6659999,,,,1,IMF_WEO_forecast,,
MHL,Marshall Islands,1997,7.908,,,,,7.907674,,7.908,,,,,1,IMF_WEO,,
MHL,Marshall Islands,1998,13.534,,,,,13.53412,,13.534,,,,,1,IMF_WEO,,
MHL,Marshall Islands,1999,9.007,,,,,9.007179,,9.007,,,,,1,IMF_WEO,,
MHL,Marshall Islands,2000,7.836,,,,,7.835943,,7.836,,,,,1,IMF_WEO,,
MHL,Marshall Islands,2001,7.832,,,,,7.832264,,7.832,,,,,1,IMF_WEO,,
MHL,Marshall Islands,2002,5.12,,,,,5.120072,,5.12,,,,,1,IMF_WEO,,
MHL,Marshall Islands,2003,10.543,,,,,10.54311,,10.543,,,,,1,IMF_WEO,,
MHL,Marshall Islands,2004,-1.598,-1.6,,,,-1.597685,,-1.598,,,,,1,IMF_WEO,,
MHL,Marshall Islands,2005,-22.283,-22.3,,,,-22.28296,,-22.283,,,,,1,IMF_WEO,,
MHL,Marshall Islands,2006,.235,.2,,,,.2353525,,.235,,,,,1,IMF_WEO,,
MHL,Marshall Islands,2007,.266,.3,,,,.2656352,,.266,,,,,1,IMF_WEO,,
MHL,Marshall Islands,2008,3.684,3.7,,,,3.684397,4.5690739,3.684,,,,,1,IMF_WEO,,
MHL,Marshall Islands,2009,1.512,1.5,,,,1.512126,1.2080691,1.512,,,,,1,IMF_WEO,,
MHL,Marshall Islands,2010,3.513,3.5,,,,3.512923,4.3133233,3.513,,,,,1,IMF_WEO,,
MHL,Marshall Islands,2011,2.133,2.1,,,,2.133226,4.0959557,2.133,,,,,1,IMF_WEO,,
MHL,Marshall Islands,2012,-.762,-.8,,,,-.7623253,-2.5495999,-.762,,,,,1,IMF_WEO,,
MHL,Marshall Islands,2013,-.231,-.2,,,,-.2307445,-1.8056734,-.231,,,,,1,IMF_WEO,,
MHL,Marshall Islands,2014,3.195,3.2,,,,3.195378,1.9333441,3.195,,,,,1,IMF_WEO,,
MHL,Marshall Islands,2015,2.812,2.8,,,,2.812387,.8786866,2.812,,,,,1,IMF_WEO,,
MHL,Marshall Islands,2016,3.876,3.9,,,,3.875773,2.1477388,3.876,,,,,1,IMF_WEO,,
MHL,Marshall Islands,2017,4.376,4.4,,,,4.375937,6.7728401,4.376,,,,,1,IMF_WEO,,
MHL,Marshall Islands,2018,2.553,2.6,,,,2.552599,2.1251608,2.553,,,,,1,IMF_WEO,,
MHL,Marshall Islands,2019,-1.804,-1.8,,,,-1.80414,,-1.804,,,,,1,IMF_WEO,,
MHL,Marshall Islands,2020,2.539,2.55,,,,2.538708,,2.539,,,,,1,IMF_WEO,,
MHL,Marshall Islands,2021,.181,.18,,,,.1811329,,.181,,,,,1,IMF_WEO,,
MHL,Marshall Islands,2022,.6814985,.67,,,,.6814985,,,.68099999,,,,1,IMF_FPP,1,2
MHL,Marshall Islands,2023,.6881127,.35,,,,.6881127,,,.68800002,,,,1,IMF_FPP,,
MHL,Marshall Islands,2024,.253,,,,,,,,.25299999,,,,1,IMF_WEO_forecast,1,2
MHL,Marshall Islands,2025,2.711,,,,,,,,2.711,,,,1,IMF_WEO_forecast,,
MHL,Marshall Islands,2026,3.166,,,,,,,,3.1659999,,,,1,IMF_WEO_forecast,,
MHL,Marshall Islands,2027,2.46,,,,,,,,2.46,,,,1,IMF_WEO_forecast,,
MHL,Marshall Islands,2028,.738,,,,,,,,.73799998,,,,1,IMF_WEO_forecast,,
MHL,Marshall Islands,2029,.031,,,,,,,,.031,,,,1,IMF_WEO_forecast,,
MKD,Macedonia,1997,-.352,,,,,-.3522241,,-.352,,,,,1,IMF_WEO,,
MKD,Macedonia,1998,-1.594,,,,,-1.594417,,-1.594,,,,,1,IMF_WEO,,
MKD,Macedonia,1999,.027,,,,,.027163,,.027,,,,,1,IMF_WEO,,
MKD,Macedonia,2000,2.375,,,,,2.374908,,2.375,,,,,1,IMF_WEO,,
MKD,Macedonia,2001,-5.882,,,,,-5.882139,,-5.882,,,,,1,IMF_WEO,,
MKD,Macedonia,2002,-5.242,,,,,-5.241783,,-5.242,,,,,1,IMF_WEO,,
MKD,Macedonia,2003,-.072,,,,,-.0722276,,-.072,,,,,1,IMF_WEO,,
MKD,Macedonia,2004,.374,,,,,.3740586,,.374,,,,,1,IMF_WEO,,
MKD,Macedonia,2005,.213,,,,,.2131752,,.213,,,,,1,IMF_WEO,,
MKD,Macedonia,2006,-.508,,,,,-.5077105,-.19469698,-.508,,,,,1,IMF_WEO,,
MKD,Macedonia,2007,.577,,,,,.5772982,.44701334,.577,,,,,1,IMF_WEO,,
MKD,Macedonia,2008,-.928,,,,,-.9284388,,-.928,,,,,1,IMF_WEO,,
MKD,Macedonia,2009,-2.628,,,,,-2.627695,,-2.628,,,,,1,IMF_WEO,,
MKD,Macedonia,2010,-2.411,,,,,-2.410727,,-2.411,,,,,1,IMF_WEO,,
MKD,Macedonia,2011,-2.474,,,,,-2.473791,,-2.474,,,,,1,IMF_WEO,,
MKD,Macedonia,2012,-3.807,,,,,-3.80692,,-3.807,,,,,1,IMF_WEO,,
MKD,Macedonia,2013,-3.836,,,,,-3.836092,-4.1096192,-3.836,,,,,1,IMF_WEO,,
MKD,Macedonia,2014,-4.195,,,,,-4.194977,-4.3286388,-4.195,,,,,1,IMF_WEO,,
MKD,Macedonia,2015,-3.475,,,,,-3.475241,-3.5325454,-3.475,,,,,1,IMF_WEO,,
MKD,Macedonia,2016,-2.702,,,,,-2.701776,-2.7494812,-2.702,,,,,1,IMF_WEO,,
MKD,Macedonia,2017,-2.734,,,,,-2.733512,-2.8641842,-2.734,,,,,1,IMF_WEO,,
MKD,Macedonia,2018,-1.755,,,,,-1.755243,-1.0781295,-1.755,,,,,1,IMF_WEO,,
MKD,Macedonia,2019,-1.968,,,,,-1.967855,-2.1433725,-1.968,,,,,1,IMF_WEO,,
MKD,Macedonia,2020,-8.048,,,,,-8.048363,-8.1288726,-8.048,,,,,1,IMF_WEO,,
MKD,Macedonia,2021,-5.317,,,,,-5.316789,-5.330937,-5.317,,,,,1,IMF_WEO,,
MKD,Macedonia,2022,-5.328,,,,,-5.328352,-4.330673,-5.328,,,,,1,IMF_WEO,,
MKD,Macedonia,2023,-4.669374,,,,,-4.927608,-4.6693733,,-4.928,,,,1,IMF_GFS,1,2
MKD,Macedonia,2024,-4.985,,,,,,,,-4.9850001,,,,1,IMF_WEO_forecast,1,2
MKD,Macedonia,2025,-4.479,,,,,,,,-4.4790001,,,,1,IMF_WEO_forecast,,
MKD,Macedonia,2026,-3.984,,,,,,,,-3.984,,,,1,IMF_WEO_forecast,,
MKD,Macedonia,2027,-3.67,,,,,,,,-3.6700001,,,,1,IMF_WEO_forecast,,
MKD,Macedonia,2028,-3.379,,,,,,,,-3.3789999,,,,1,IMF_WEO_forecast,,
MKD,Macedonia,2029,-2.97,,,,,,,,-2.97,,,,1,IMF_WEO_forecast,,
MLI,Mali,2000,-2.643,,,,,,,-2.643,,,,,1,IMF_WEO,,
MLI,Mali,2001,-2.798,,,,,,,-2.798,,,,,1,IMF_WEO,,
MLI,Mali,2002,-3.094,,,,,,,-3.094,,,,,1,IMF_WEO,,
MLI,Mali,2003,-1.187,,,,,,,-1.187,,,,,1,IMF_WEO,,
MLI,Mali,2004,-2.36,,,,,,,-2.36,,,,,1,IMF_WEO,,
MLI,Mali,2005,-2.764,,,,,,,-2.764,,,,,1,IMF_WEO,,
MLI,Mali,2006,27.783,,,,,,,27.783,,,,,1,IMF_WEO,,
MLI,Mali,2007,-2.784,,,,,,,-2.784,,,,,1,IMF_WEO,,
MLI,Mali,2008,-1.97,,,,,,,-1.97,,,,,1,IMF_WEO,,
MLI,Mali,2009,-3.707,,,,,,,-3.707,,,,,1,IMF_WEO,,
MLI,Mali,2010,-2.568,,,,,,,-2.568,,,,,1,IMF_WEO,,
MLI,Mali,2011,-3.417,,,,,,,-3.417,,,,,1,IMF_WEO,,
MLI,Mali,2012,-.956,,,,,,,-.956,,,,,1,IMF_WEO,,
MLI,Mali,2013,-2.372,,,,,,,-2.372,,,,,1,IMF_WEO,,
MLI,Mali,2014,-2.886,,,,,,,-2.886,,,,,1,IMF_WEO,,
MLI,Mali,2015,-1.822,,,,,,,-1.822,,,,,1,IMF_WEO,,
MLI,Mali,2016,-3.945,,,,,,,-3.945,,,,,1,IMF_WEO,,
MLI,Mali,2017,-2.862,,,,,,,-2.862,,,,,1,IMF_WEO,,
MLI,Mali,2018,-4.742,,,,,,,-4.742,,,,,1,IMF_WEO,,
MLI,Mali,2019,-1.684,,,,,,,-1.684,,,,,1,IMF_WEO,,
MLI,Mali,2020,-5.373,,,,,,,-5.373,,,,,1,IMF_WEO,,
MLI,Mali,2021,-4.797,,,,,,,-4.797,,,,,1,IMF_WEO,,
MLI,Mali,2022,-5.008,,,,,,,,-5.0079999,,,,1,IMF_WEO_forecast,1,1
MLI,Mali,2023,-3.9,,,,,,,,-3.9000001,,,,1,IMF_WEO_forecast,,
MLI,Mali,2024,-3.6,,,,,,,,-3.5999999,,,,1,IMF_WEO_forecast,,
MLI,Mali,2025,-3.3,,,,,,,,-3.3,,,,1,IMF_WEO_forecast,,
MLI,Mali,2026,-3,,,,,,,,-3,,,,1,IMF_WEO_forecast,,
MLI,Mali,2027,-3,,,,,,,,-3,,,,1,IMF_WEO_forecast,,
MLI,Mali,2028,-3,,,,,,,,-3,,,,1,IMF_WEO_forecast,,
MLI,Mali,2029,-3,,,,,,,,-3,,,,1,IMF_WEO_forecast,,
MLT,Malta,1995,-3.5,,,,-3.5,,-3.60663,,,,,,1,EUS,,
MLT,Malta,1996,-7.7,,,,-7.7,,-8.058195,,,,,,1,EUS,,
MLT,Malta,1997,-7,,,,-7,,-7.2426098,,,,,,1,EUS,,
MLT,Malta,1998,-9.2,,,,-9.2,,-9.4388806,,,,,,1,EUS,,
MLT,Malta,1999,-6.7,,,,-6.7,,-6.7323922,,,,,,1,EUS,,
MLT,Malta,2000,-5.5,,,,-5.5,,-5.1801288,-5.484,,,,,1,EUS,,
MLT,Malta,2001,-6.1,,,,-6.1,,-5.71705,-6.102,,,,,1,EUS,,
MLT,Malta,2002,-5.4,,,,-5.4,,-5.106383,-5.352,,,,,1,EUS,,
MLT,Malta,2003,-9,,,,-9,,-8.9220183,-8.976,,,,,1,EUS,,
MLT,Malta,2004,-4.2,,,,-4.2,,-4.2309101,-4.265,,,,,1,EUS,,
MLT,Malta,2005,-2.8,,,,-2.8,,-2.8398356,-2.832,,,,,1,EUS,,
MLT,Malta,2006,-2.5,,,,-2.5,,-2.4606921,-2.461,,,,,1,EUS,,
MLT,Malta,2007,-2.1,,,,-2.1,,-2.054273,-2.054,,,,,1,EUS,,
MLT,Malta,2008,-4.1,,,,-4.1,,-4.0568277,-4.055,,,,,1,EUS,,
MLT,Malta,2009,-3.1,,,,-3.1,,-3.1124258,-3.112,,,,,1,EUS,,
MLT,Malta,2010,-2.2,,,,-2.2,,-2.2209592,-2.222,,,,,1,EUS,,
MLT,Malta,2011,-3,,,,-3,,-2.9874303,-2.986,,,,,1,EUS,,
MLT,Malta,2012,-3.3,,,,-3.3,,-3.3050338,-3.305,,,,,1,EUS,,
MLT,Malta,2013,-2.2,,,,-2.2,,-2.1858932,-2.187,,,,,1,EUS,,
MLT,Malta,2014,-1.5,,,,-1.5,,-1.4862826,-1.486,,,,,1,EUS,,
MLT,Malta,2015,-.8,,,,-.8,,-.838437,-.84,,,,,1,EUS,,
MLT,Malta,2016,1.1,,,,1.1,,1.096251,1.097,,,,,1,EUS,,
MLT,Malta,2017,3.4,,,,3.4,,3.4046762,3.137,,,,,1,EUS,,
MLT,Malta,2018,1.9,,,,1.9,,1.8576463,1.861,,,,,1,EUS,,
MLT,Malta,2019,.7,,,,.7,,.72220471,.741,,,,,1,EUS,,
MLT,Malta,2020,-8.7,,,,-8.7,,-8.7320507,-8.734,,,,,1,EUS,,
MLT,Malta,2021,-7,,,,-7,,-6.9596147,-6.993,,,,,1,EUS,,
MLT,Malta,2022,-5.3,,,,-5.3,,-5.232402,-5.288,,,,,1,EUS,,
MLT,Malta,2023,-4.4,,,,-4.4,,-4.5466432,,-4.6040001,,,,1,EUS,,
MLT,Malta,2024,-3.5,,,,-3.5,,,,-3.987,,,,1,EUS,,
MLT,Malta,2025,-3.579,,,,,,,,-3.579,,,,1,IMF_WEO_forecast,1,1
MLT,Malta,2026,-3.079,,,,,,,,-3.079,,,,1,IMF_WEO_forecast,,
MLT,Malta,2027,-2.962,,,,,,,,-2.9619999,,,,1,IMF_WEO_forecast,,
MLT,Malta,2028,-2.951,,,,,,,,-2.951,,,,1,IMF_WEO_forecast,,
MLT,Malta,2029,-2.972,,,,,,,,-2.9719999,,,,1,IMF_WEO_forecast,,
MMR,Myanmar,1998,-4.954,,,,,-4.954262,,-4.954,,,,,1,IMF_WEO,,
MMR,Myanmar,1999,-4.515,,,,,-4.514511,,-4.515,,,,,1,IMF_WEO,,
MMR,Myanmar,2000,-5.982,,,,,-5.982164,,-5.982,,,,,1,IMF_WEO,,
MMR,Myanmar,2001,-6.248,,,,,-6.248184,,-6.248,,,,,1,IMF_WEO,,
MMR,Myanmar,2002,-3.991,,,,,-3.991456,,-3.991,,,,,1,IMF_WEO,,
MMR,Myanmar,2003,-4.199,,,,,-4.198882,,-4.199,,,,,1,IMF_WEO,,
MMR,Myanmar,2004,-4.56,,,,,-4.559616,,-4.56,,,,,1,IMF_WEO,,
MMR,Myanmar,2005,-3.488,,,,,-3.487726,,-3.488,,,,,1,IMF_WEO,,
MMR,Myanmar,2006,-3.439,,,,,-3.439268,,-3.439,,,,,1,IMF_WEO,,
MMR,Myanmar,2007,-3.532,,,,,-3.532002,,-3.532,,,,,1,IMF_WEO,,
MMR,Myanmar,2008,-2.764,,,,,-2.764088,,-2.764,,,,,1,IMF_WEO,,
MMR,Myanmar,2009,-3.547,,,,,-3.547137,,-3.547,,,,,1,IMF_WEO,,
MMR,Myanmar,2010,-5.316,,,,,-5.315799,,-5.316,,,,,1,IMF_WEO,,
MMR,Myanmar,2011,-4.767,,,,,-4.766836,,-4.767,,,,,1,IMF_WEO,,
MMR,Myanmar,2012,-2.805,-4.39463,,,,-2.804732,1.7620341,-2.805,,,,,1,IMF_WEO,,
MMR,Myanmar,2013,-1.748,-3.24296,,,,-1.74792,-1.6960637,-1.748,,,,,1,IMF_WEO,,
MMR,Myanmar,2014,-1.315,-2.49807,,,,-1.315295,-1.1271857,-1.315,,,,,1,IMF_WEO,,
MMR,Myanmar,2015,-2.783,-4.41669,,,,-2.783193,-4.5593114,-2.783,,,,,1,IMF_WEO,,
MMR,Myanmar,2016,-3.868,-3.25203,,,,-3.867961,-3.0441695,-3.868,,,,,1,IMF_WEO,,
MMR,Myanmar,2017,-2.858,-3.69331,,,,-2.857959,-6.3869476,-2.858,,,,,1,IMF_WEO,,
MMR,Myanmar,2018,-3.402,-5.89858,,,,-3.402408,-.7736089,-3.402,,,,,1,IMF_WEO,,
MMR,Myanmar,2019,-3.907,-3.98625,,,,-3.906548,-3.9157431,-3.907,,,,,1,IMF_WEO,,
MMR,Myanmar,2020,-5.859317,,,,,-5.859317,,,-5.8590002,,,,1,IMF_FPP,1,2
MMR,Myanmar,2021,-6.987683,,,,,-6.987683,,,-6.9879999,,,,1,IMF_FPP,,
MMR,Myanmar,2022,-4.558776,,,,,-4.558776,,,-4.559,,,,1,IMF_FPP,,
MMR,Myanmar,2023,-5.720993,,,,,-5.720993,,,-5.7210002,,,,1,IMF_FPP,,
MMR,Myanmar,2024,-5.79,,,,,,,,-5.79,,,,1,IMF_WEO_forecast,1,2
MMR,Myanmar,2025,-6.108,,,,,,,,-6.1079998,,,,1,IMF_WEO_forecast,,
MMR,Myanmar,2026,-5.844,,,,,,,,-5.8439999,,,,1,IMF_WEO_forecast,,
MMR,Myanmar,2027,-5.407,,,,,,,,-5.4070001,,,,1,IMF_WEO_forecast,,
MMR,Myanmar,2028,-5.278,,,,,,,,-5.2779999,,,,1,IMF_WEO_forecast,,
MMR,Myanmar,2029,-4.817,,,,,,,,-4.8169999,,,,1,IMF_WEO_forecast,,
MNE,Montenegro,2002,-1.439,,,,,,,-1.439,,,,,1,IMF_WEO,,
MNE,Montenegro,2003,-4.05,,,,,,,-4.05,,,,,1,IMF_WEO,,
MNE,Montenegro,2004,-2.45,,,,,,,-2.45,,,,,1,IMF_WEO,,
MNE,Montenegro,2005,-1.414,,,,,,,-1.414,,,,,1,IMF_WEO,,
MNE,Montenegro,2006,4.331,,,,,,,4.331,,,,,1,IMF_WEO,,
MNE,Montenegro,2007,8.431,,,,,,,8.431,,,,,1,IMF_WEO,,
MNE,Montenegro,2008,-2.296,,,,,,,-2.296,,,,,1,IMF_WEO,,
MNE,Montenegro,2009,-6.712,,,,,,,-6.712,,,,,1,IMF_WEO,,
MNE,Montenegro,2010,-4.869,,,,,,,-4.869,,,,,1,IMF_WEO,,
MNE,Montenegro,2011,-6.734,,,,,,,-6.734,,,,,1,IMF_WEO,,
MNE,Montenegro,2012,-5.843,,,,,,,-5.843,,,,,1,IMF_WEO,,
MNE,Montenegro,2013,-4.491,,,,,,,-4.491,,,,,1,IMF_WEO,,
MNE,Montenegro,2014,-.698,,,,,,,-.698,,,,,1,IMF_WEO,,
MNE,Montenegro,2015,-5.961,,,,,,,-5.961,,,,,1,IMF_WEO,,
MNE,Montenegro,2016,-6.178,,,,,,,-6.178,,,,,1,IMF_WEO,,
MNE,Montenegro,2017,-6.812,,,,,,,-6.812,,,,,1,IMF_WEO,,
MNE,Montenegro,2018,-6.213,,,,,,,-6.213,,,,,1,IMF_WEO,,
MNE,Montenegro,2019,-1.718,,,,,,,-1.718,,,,,1,IMF_WEO,,
MNE,Montenegro,2020,-10.898,,,,,,,-10.898,,,,,1,IMF_WEO,,
MNE,Montenegro,2021,-1.708,,,,,,,-1.708,,,,,1,IMF_WEO,,
MNE,Montenegro,2022,-4.082,,,,,,,-4.082,,,,,1,IMF_WEO,,
MNE,Montenegro,2023,.758,,,,,,,,.75800002,,,,1,IMF_WEO_forecast,1,1
MNE,Montenegro,2024,-3.062,,,,,,,,-3.062,,,,1,IMF_WEO_forecast,,
MNE,Montenegro,2025,-4.469,,,,,,,,-4.4689999,,,,1,IMF_WEO_forecast,,
MNE,Montenegro,2026,-4.597,,,,,,,,-4.5970001,,,,1,IMF_WEO_forecast,,
MNE,Montenegro,2027,-4.88,,,,,,,,-4.8800001,,,,1,IMF_WEO_forecast,,
MNE,Montenegro,2028,-5.2,,,,,,,,-5.1999998,,,,1,IMF_WEO_forecast,,
MNE,Montenegro,2029,-5.399,,,,,,,,-5.3990002,,,,1,IMF_WEO_forecast,,
MNG,Mongolia,1981,-3.092,,,,,,,-3.092,,,,,1,IMF_WEO,,
MNG,Mongolia,1982,-2.769,,,,,,,-2.769,,,,,1,IMF_WEO,,
MNG,Mongolia,1983,-3.17,,,,,,,-3.17,,,,,1,IMF_WEO,,
MNG,Mongolia,1984,-3.471,,,,,,,-3.471,,,,,1,IMF_WEO,,
MNG,Mongolia,1985,-3.929,,,,,,,-3.929,,,,,1,IMF_WEO,,
MNG,Mongolia,1986,-12.818,,,,,,,-12.818,,,,,1,IMF_WEO,,
MNG,Mongolia,1987,-13.68,,,,,,,-13.68,,,,,1,IMF_WEO,,
MNG,Mongolia,1988,-14.346,,,,,,,-14.346,,,,,1,IMF_WEO,,
MNG,Mongolia,1989,-11.769,,,,,,,-11.769,,,,,1,IMF_WEO,,
MNG,Mongolia,1990,-9.367,,,,,,,-9.367,,,,,1,IMF_WEO,,
MNG,Mongolia,1991,-6.366,,,,,-6.365787,,-6.366,,,,,1,IMF_WEO,,
MNG,Mongolia,1992,-8.103,,,,,-8.10258,1.0297475,-8.103,,,,,1,IMF_WEO,,
MNG,Mongolia,1993,-13.342,,,,,-13.34168,8.444843,-13.342,,,,,1,IMF_WEO,,
MNG,Mongolia,1994,-9.737,,,,,-9.736635,.46296388,-9.737,,,,,1,IMF_WEO,,
MNG,Mongolia,1995,-4.968,,,,,-4.96795,1.9916932,-4.968,,,,,1,IMF_WEO,,
MNG,Mongolia,1996,-6.883,,,,,-6.882958,.63591077,-6.883,,,,,1,IMF_WEO,,
MNG,Mongolia,1997,-8.093,,,,,-8.093351,-.02636864,-8.093,,,,,1,IMF_WEO,,
MNG,Mongolia,1998,-12.337,,,,,-12.33694,-1.4944029,-12.337,,,,,1,IMF_WEO,,
MNG,Mongolia,1999,-9.908,,,,,-9.907976,-2.7541988,-9.908,,,,,1,IMF_WEO,,
MNG,Mongolia,2000,-5.821,-6.2085876,,,,-5.821112,4.1607366,-5.821,,,,,1,IMF_WEO,,
MNG,Mongolia,2001,-4.327,-3.9529245,,,,-4.32737,1.1589377,-4.327,,,,,1,IMF_WEO,,
MNG,Mongolia,2002,-4.736,-5.1540358,,,,-4.735704,-.82687723,-4.736,,,,,1,IMF_WEO,,
MNG,Mongolia,2003,-3.382,-3.8563075,,,,-3.382272,-.26770365,-3.382,,,,,1,IMF_WEO,,
MNG,Mongolia,2004,-1.618,-1.7864142,,,,-1.617961,,-1.618,,,,,1,IMF_WEO,,
MNG,Mongolia,2005,2.435,1.7314291,,,,2.434673,,2.435,,,,,1,IMF_WEO,,
MNG,Mongolia,2006,7.585,-1.4545157,,,,7.584876,2.5932613,7.585,,,,,1,IMF_WEO,,
MNG,Mongolia,2007,2.639,-1.73859,,,,2.638636,7.0279906,2.639,,,,,1,IMF_WEO,,
MNG,Mongolia,2008,-4.521,-12.807432,,,,-4.521413,-3.2732894,-4.521,,,,,1,IMF_WEO,,
MNG,Mongolia,2009,-5.199,-10.853139,,,,-5.198801,-3.8648366,-5.199,,,,,1,IMF_WEO,,
MNG,Mongolia,2010,.425,-3.2377861,,,,.4254275,2.7150679,.425,,,,,1,IMF_WEO,,
MNG,Mongolia,2011,-4.014,-11.820734,,,,-4.013808,-2.2024412,-4.014,,,,,1,IMF_WEO,,
MNG,Mongolia,2012,-6.244,-15.529967,,,,-6.243684,-6.425397,-6.244,,,,,1,IMF_WEO,,
MNG,Mongolia,2013,-.927,-8.3133576,,,,-.9270777,-.53865387,-.927,,,,,1,IMF_WEO,,
MNG,Mongolia,2014,-3.725,-11.512507,,,,-3.725394,-3.5444286,-3.725,,,,,1,IMF_WEO,,
MNG,Mongolia,2015,-5.043,-11.1,,,,-5.042966,-4.9531568,-5.043,,,,,1,IMF_WEO,,
MNG,Mongolia,2016,-15.295,-23.1,,,,-15.29496,-13.116587,-15.295,,,,,1,IMF_WEO,,
MNG,Mongolia,2017,-3.716,-11,,,,-3.716047,-2.6526915,-3.716,,,,,1,IMF_WEO,,
MNG,Mongolia,2018,2.854,-4.1,,,,2.854285,3.507257,2.854,,,,,1,IMF_WEO,,
MNG,Mongolia,2019,1.003,-8.9,,,,1.002708,2.4004721,1.003,,,,,1,IMF_WEO,,
MNG,Mongolia,2020,-9.24,-20.2,,,,-9.240419,-8.6147613,-9.24,,,,,1,IMF_WEO,,
MNG,Mongolia,2021,7.75,-13.9,,,,7.750091,-7.367743,7.75,,,,,1,IMF_WEO,,
MNG,Mongolia,2022,.672,-8.9,,,,.6720126,1.2167822,.672,,,,,1,IMF_WEO,,
MNG,Mongolia,2023,3.152396,-6.1,,,,2.732269,3.152396,,2.7320001,,,,1,IMF_GFS,1,2
MNG,Mongolia,2024,.398,,,,,,,,.398,,,,1,IMF_WEO_forecast,1,2
MNG,Mongolia,2025,-.983,,,,,,,,-.98299998,,,,1,IMF_WEO_forecast,,
MNG,Mongolia,2026,-1.058,,,,,,,,-1.058,,,,1,IMF_WEO_forecast,,
MNG,Mongolia,2027,-1.797,,,,,,,,-1.7970001,,,,1,IMF_WEO_forecast,,
MNG,Mongolia,2028,-1.966,,,,,,,,-1.966,,,,1,IMF_WEO_forecast,,
MNG,Mongolia,2029,-1.729,,,,,,,,-1.729,,,,1,IMF_WEO_forecast,,
MOZ,Mozambique,1980,-1.475,,,,,-1.474558,,-1.475,,,,,1,IMF_WEO,,
MOZ,Mozambique,1981,-7.413,,,,,-7.412704,,-7.413,,,,,1,IMF_WEO,,
MOZ,Mozambique,1982,-3.609,,,,,-3.60873,,-3.609,,,,,1,IMF_WEO,,
MOZ,Mozambique,1983,-15.77,,,,,-15.77042,,-15.77,,,,,1,IMF_WEO,,
MOZ,Mozambique,1984,-13.395,,,,,-13.39463,,-13.395,,,,,1,IMF_WEO,,
MOZ,Mozambique,1985,-9.689,,,,,-9.689442,,-9.689,,,,,1,IMF_WEO,,
MOZ,Mozambique,1986,-12.103,,,,,-12.10343,,-12.103,,,,,1,IMF_WEO,,
MOZ,Mozambique,1987,-7.24,,,,,-7.240401,,-7.24,,,,,1,IMF_WEO,,
MOZ,Mozambique,1988,-6.472,,,,,-6.472075,,-6.472,,,,,1,IMF_WEO,,
MOZ,Mozambique,1989,-4.232,,,,,-4.232338,,-4.232,,,,,1,IMF_WEO,,
MOZ,Mozambique,1990,-4.416,,,,,-4.416018,,-4.416,,,,,1,IMF_WEO,,
MOZ,Mozambique,1991,-2.007,,,,,-2.007233,,-2.007,,,,,1,IMF_WEO,,
MOZ,Mozambique,1992,-1.85,,,,,-1.850392,,-1.85,,,,,1,IMF_WEO,,
MOZ,Mozambique,1993,-2.53,,,,,-2.530239,,-2.53,,,,,1,IMF_WEO,,
MOZ,Mozambique,1994,-4.001,,,,,-4.001142,,-4.001,,,,,1,IMF_WEO,,
MOZ,Mozambique,1995,-2.457,,,,,-2.456644,,-2.457,,,,,1,IMF_WEO,,
MOZ,Mozambique,1996,-2.073,,,,,-2.072996,,-2.073,,,,,1,IMF_WEO,,
MOZ,Mozambique,1997,-1.809,,,,,-1.80887,,-1.809,,,,,1,IMF_WEO,,
MOZ,Mozambique,1998,-1.075,,,,,-1.075091,,-1.075,,,,,1,IMF_WEO,,
MOZ,Mozambique,1999,-.314,,,,,-.3139189,,-.314,,,,,1,IMF_WEO,,
MOZ,Mozambique,2000,-1.26,,,,,-1.2598,,-1.26,,,,,1,IMF_WEO,,
MOZ,Mozambique,2001,-4.434,,,,,-4.434345,,-4.434,,,,,1,IMF_WEO,,
MOZ,Mozambique,2002,-3.364,,,,,-3.364415,,-3.364,,,,,1,IMF_WEO,,
MOZ,Mozambique,2003,-2.636,,,,,-2.635509,,-2.636,,,,,1,IMF_WEO,,
MOZ,Mozambique,2004,-3.168,,,,,-3.167914,,-3.168,,,,,1,IMF_WEO,,
MOZ,Mozambique,2005,-2.059,,,,,-2.058619,,-2.059,,,,,1,IMF_WEO,,
MOZ,Mozambique,2006,-3.034,,,,,-3.033676,,-3.034,,,,,1,IMF_WEO,,
MOZ,Mozambique,2007,-2.191,,,,,-2.190821,,-2.191,,,,,1,IMF_WEO,,
MOZ,Mozambique,2008,-1.898,,,,,-1.897674,,-1.898,,,,,1,IMF_WEO,,
MOZ,Mozambique,2009,-4.346,,,,,-4.34634,,-4.346,,,,,1,IMF_WEO,,
MOZ,Mozambique,2010,-3.404,,,,,-3.403604,,-3.404,,,,,1,IMF_WEO,,
MOZ,Mozambique,2011,-4.336,,,,,-4.335947,,-4.336,,,,,1,IMF_WEO,,
MOZ,Mozambique,2012,-3.45,,,,,-3.449742,,-3.45,,,,,1,IMF_WEO,,
MOZ,Mozambique,2013,-2.463,,,,,-2.463469,,-2.463,,,,,1,IMF_WEO,,
MOZ,Mozambique,2014,-9.753,,,,,-9.753244,,-9.753,,,,,1,IMF_WEO,,
MOZ,Mozambique,2015,-6.555,,,,,-6.554665,,-6.555,,,,,1,IMF_WEO,,
MOZ,Mozambique,2016,-5.064,,,,,-5.063882,,-5.064,,,,,1,IMF_WEO,,
MOZ,Mozambique,2017,-1.986,,,,,-1.986222,,-1.986,,,,,1,IMF_WEO,,
MOZ,Mozambique,2018,-5.701,,,,,-5.700951,,-5.701,,,,,1,IMF_WEO,,
MOZ,Mozambique,2019,1.704,,,,,1.704169,,1.704,,,,,1,IMF_WEO,,
MOZ,Mozambique,2020,-4.513,,,,,-4.51251,,-4.513,,,,,1,IMF_WEO,,
MOZ,Mozambique,2021,-3.881,,,,,-3.880763,,-3.881,,,,,1,IMF_WEO,,
MOZ,Mozambique,2022,-5.106,,,,,-5.106106,,-5.106,,,,,1,IMF_WEO,,
MOZ,Mozambique,2023,-4.11036,,,,,-4.11036,,,-4.1100001,,,,1,IMF_FPP,1,2
MOZ,Mozambique,2024,-4.247,,,,,,,,-4.2470002,,,,1,IMF_WEO_forecast,1,2
MOZ,Mozambique,2025,-1.995,,,,,,,,-1.995,,,,1,IMF_WEO_forecast,,
MOZ,Mozambique,2026,-.926,,,,,,,,-.926,,,,1,IMF_WEO_forecast,,
MOZ,Mozambique,2027,-.369,,,,,,,,-.36899999,,,,1,IMF_WEO_forecast,,
MOZ,Mozambique,2028,.964,,,,,,,,.96399999,,,,1,IMF_WEO_forecast,,
MOZ,Mozambique,2029,2.569,,,,,,,,2.569,,,,1,IMF_WEO_forecast,,
MRT,Mauritania,2004,-3.056,,,,,,,-3.056,,,,,1,IMF_WEO,,
MRT,Mauritania,2005,-3.158,,,,,,,-3.158,,,,,1,IMF_WEO,,
MRT,Mauritania,2006,2.05,,,,,,,2.05,,,,,1,IMF_WEO,,
MRT,Mauritania,2007,-1.382,,,,,,,-1.382,,,,,1,IMF_WEO,,
MRT,Mauritania,2008,-3.321,,,,,,,-3.321,,,,,1,IMF_WEO,,
MRT,Mauritania,2009,-3.592,,,,,,,-3.592,,,,,1,IMF_WEO,,
MRT,Mauritania,2010,-.451,,,,,,,-.451,,,,,1,IMF_WEO,,
MRT,Mauritania,2011,.074,,,,,,,.074,,,,,1,IMF_WEO,,
MRT,Mauritania,2012,1.666,,,,,,,1.666,,,,,1,IMF_WEO,1,5
MRT,Mauritania,2013,-.8505682,,-.8505682,,,,,-.662,,,,,1,AMF,,
MRT,Mauritania,2014,32.49197,,32.49197,,,,,-2.64,,,,,1,AMF,,
MRT,Mauritania,2015,-2.671068,,-2.671068,,,,,-2.443,,,,,1,AMF,,
MRT,Mauritania,2016,-.3769409,,-.3769409,,,,,.132,,,,,1,AMF,1,5
MRT,Mauritania,2017,.531,,,,,,,.531,,,,,1,IMF_WEO,1,5
MRT,Mauritania,2018,2.4262,,2.4262,,,,,3.227,,,,,1,AMF,,
MRT,Mauritania,2019,2.032195,,2.032195,,,,,2.648,,,,,1,AMF,,
MRT,Mauritania,2020,2.333524,,2.333524,,,,,2.784,,,,,1,AMF,,
MRT,Mauritania,2021,2.598,,,,,,,2.598,,,,,1,IMF_WEO,1,5
MRT,Mauritania,2022,-3.095,,,,,,,-3.095,,,,,1,IMF_WEO,,
MRT,Mauritania,2023,-2.466,,,,,,,,-2.4660001,,,,1,IMF_WEO_forecast,1,5
MRT,Mauritania,2024,-1.184,,,,,,,,-1.184,,,,1,IMF_WEO_forecast,,
MRT,Mauritania,2025,-1.155,,,,,,,,-1.155,,,,1,IMF_WEO_forecast,,
MRT,Mauritania,2026,-1.321,,,,,,,,-1.321,,,,1,IMF_WEO_forecast,,
MRT,Mauritania,2027,-1.517,,,,,,,,-1.517,,,,1,IMF_WEO_forecast,,
MRT,Mauritania,2028,-1.292,,,,,,,,-1.2920001,,,,1,IMF_WEO_forecast,,
MRT,Mauritania,2029,-1.411,,,,,,,,-1.411,,,,1,IMF_WEO_forecast,,
MUS,Mauritius,2000,-4.193,,,,,,,-4.193,,,,,1,IMF_WEO,,
MUS,Mauritius,2001,-5.318,,,,,,,-5.318,,,,,1,IMF_WEO,,
MUS,Mauritius,2002,-4.891,,,,,,-3.3005126,-4.891,,,,,1,IMF_WEO,,
MUS,Mauritius,2003,-4.555,,,,,,-2.7300137,-4.555,,,,,1,IMF_WEO,,
MUS,Mauritius,2004,-4.22,,,,,,-2.7342139,-4.22,,,,,1,IMF_WEO,,
MUS,Mauritius,2005,-4.2,,,,,,-1.890525,-4.2,,,,,1,IMF_WEO,,
MUS,Mauritius,2006,-3.864,,,,,,-2.5488913,-3.864,,,,,1,IMF_WEO,,
MUS,Mauritius,2007,-2.921,,,,,,-1.792287,-2.921,,,,,1,IMF_WEO,,
MUS,Mauritius,2008,-2.628,,,,,,.714,-2.628,,,,,1,IMF_WEO,,
MUS,Mauritius,2009,-3.315,,,,,,1.0709059,-3.315,,,,,1,IMF_WEO,,
MUS,Mauritius,2010,-2.957,,,,,,-1.56692,-2.957,,,,,1,IMF_WEO,,
MUS,Mauritius,2011,-2.997,,,,,,-.46586847,-2.997,,,,,1,IMF_WEO,,
MUS,Mauritius,2012,-1.731,,,,,,.09130328,-1.731,,,,,1,IMF_WEO,,
MUS,Mauritius,2013,-3.297,,,,,,-2.3526052,-3.297,,,,,1,IMF_WEO,,
MUS,Mauritius,2014,-3.054,,,,,,-1.3735272,-3.054,,,,,1,IMF_WEO,,
MUS,Mauritius,2015,-3.48,,,,,,,-3.48,,,,,1,IMF_WEO,,
MUS,Mauritius,2016,-2.736,,,,,,-.8300529,-2.736,,,,,1,IMF_WEO,,
MUS,Mauritius,2017,-1.615,,,,,,-1.9611966,-1.615,,,,,1,IMF_WEO,,
MUS,Mauritius,2018,-2.154,,,,,,-1.6832875,-2.154,,,,,1,IMF_WEO,,
MUS,Mauritius,2019,-8.192,,,,,,-2.1634154,-8.192,,,,,1,IMF_WEO,,
MUS,Mauritius,2020,-10.45,,,,,,-8.0652154,-10.45,,,,,1,IMF_WEO,,
MUS,Mauritius,2021,-4.069,,,,,,-12.534709,-4.069,,,,,1,IMF_WEO,,
MUS,Mauritius,2022,-3.097,,,,,,-5.5725732,-3.097,,,,,1,IMF_WEO,,
MUS,Mauritius,2023,-5.561048,,,,,,-5.5610477,,-4.1490002,,,,1,IMF_GFS,1,2
MUS,Mauritius,2024,-2.889,,,,,,,,-2.8889999,,,,1,IMF_WEO_forecast,1,2
MUS,Mauritius,2025,-2.941,,,,,,,,-2.941,,,,1,IMF_WEO_forecast,,
MUS,Mauritius,2026,-2.708,,,,,,,,-2.7079999,,,,1,IMF_WEO_forecast,,
MUS,Mauritius,2027,-2.38,,,,,,,,-2.3800001,,,,1,IMF_WEO_forecast,,
MUS,Mauritius,2028,-2.409,,,,,,,,-2.4089999,,,,1,IMF_WEO_forecast,,
MUS,Mauritius,2029,-2.348,,,,,,,,-2.348,,,,1,IMF_WEO_forecast,,
MWI,Malawi,2002,-4.47,,,,,,,-4.47,,,,,1,IMF_WEO,,
MWI,Malawi,2003,-2.602,,,,,,,-2.602,,,,,1,IMF_WEO,,
MWI,Malawi,2004,-2.613,,,,,,,-2.613,,,,,1,IMF_WEO,,
MWI,Malawi,2005,-1.629,,,,,,,-1.629,,,,,1,IMF_WEO,,
MWI,Malawi,2006,-.048,,,,,,,-.048,,,,,1,IMF_WEO,,
MWI,Malawi,2007,-2.556,,,,,,,-2.556,,,,,1,IMF_WEO,,
MWI,Malawi,2008,-2.924,,,,,,,-2.924,,,,,1,IMF_WEO,,
MWI,Malawi,2009,-2.969,,,,,,,-2.969,,,,,1,IMF_WEO,,
MWI,Malawi,2010,.625,,,,,,,.625,,,,,1,IMF_WEO,,
MWI,Malawi,2011,-2.85,,,,,,,-2.85,,,,,1,IMF_WEO,,
MWI,Malawi,2012,-1.454,,,,,,,-1.454,,,,,1,IMF_WEO,,
MWI,Malawi,2013,-3.727,,,,,,,-3.727,,,,,1,IMF_WEO,,
MWI,Malawi,2014,-3.083,,,,,,,-3.083,,,,,1,IMF_WEO,,
MWI,Malawi,2015,-4.169,,,,,,,-4.169,,,,,1,IMF_WEO,,
MWI,Malawi,2016,-4.902,,,,,,,-4.902,,,,,1,IMF_WEO,,
MWI,Malawi,2017,-5.15,,,,,,,-5.15,,,,,1,IMF_WEO,,
MWI,Malawi,2018,-4.346,,,,,,,-4.346,,,,,1,IMF_WEO,,
MWI,Malawi,2019,-4.549,,,,,,,-4.549,,,,,1,IMF_WEO,,
MWI,Malawi,2020,-8.033,,,,,,,-8.033,,,,,1,IMF_WEO,,
MWI,Malawi,2021,-8.342,,,,,,,-8.342,,,,,1,IMF_WEO,,
MWI,Malawi,2022,-9.321,,,,,,,-9.321,,,,,1,IMF_WEO,,
MWI,Malawi,2023,-9.154,,,,,,,,-9.1540003,,,,1,IMF_WEO_forecast,1,1
MWI,Malawi,2024,-8.026,,,,,,,,-8.026,,,,1,IMF_WEO_forecast,,
MWI,Malawi,2025,-5.625,,,,,,,,-5.625,,,,1,IMF_WEO_forecast,,
MWI,Malawi,2026,-3.011,,,,,,,,-3.0109999,,,,1,IMF_WEO_forecast,,
MWI,Malawi,2027,-2.021,,,,,,,,-2.0209999,,,,1,IMF_WEO_forecast,,
MWI,Malawi,2028,-1.573,,,,,,,,-1.573,,,,1,IMF_WEO_forecast,,
MWI,Malawi,2029,-1.373,,,,,,,,-1.373,,,,1,IMF_WEO_forecast,,
MYS,Malaysia,1990,.149,,,,,.1490062,,.149,,,,,1,IMF_WEO,,
MYS,Malaysia,1991,1.602,,,,,1.601571,,1.602,,,,,1,IMF_WEO,,
MYS,Malaysia,1992,1.805,,,,,1.805474,,1.805,,,,,1,IMF_WEO,,
MYS,Malaysia,1993,3.44,,,,,3.439744,,3.44,,,,,1,IMF_WEO,,
MYS,Malaysia,1994,5.449,,,,,5.448558,,5.449,,,,,1,IMF_WEO,,
MYS,Malaysia,1995,3.103,,,,,3.102752,,3.103,,,,,1,IMF_WEO,,
MYS,Malaysia,1996,3.27,,,,,3.26979,2.2236455,3.27,,,,,1,IMF_WEO,,
MYS,Malaysia,1997,4.84,,,,,4.840118,4.0812736,4.84,,,,,1,IMF_WEO,,
MYS,Malaysia,1998,-.627,,,,,-.6272489,.23958637,-.627,,,,,1,IMF_WEO,,
MYS,Malaysia,1999,-3.003,,,,,-3.002699,-2.909742,-3.003,,,,,1,IMF_WEO,,
MYS,Malaysia,2000,-6.053,-5.72221,,,,-6.052531,-2.9730915,-6.053,,,,,1,IMF_WEO,,
MYS,Malaysia,2001,-4.361,-4.61741,,,,-4.360679,-3.3103884,-4.361,,,,,1,IMF_WEO,,
MYS,Malaysia,2002,-3.96,-4.90145,,,,-3.9598,,-3.96,,,,,1,IMF_WEO,,
MYS,Malaysia,2003,-4.597,-4.85232,,,,-4.596959,,-4.597,,,,,1,IMF_WEO,,
MYS,Malaysia,2004,-3.353,-4.12405,,,,-3.353464,,-3.353,,,,,1,IMF_WEO,,
MYS,Malaysia,2005,-2.833,-3.76082,,,,-2.83284,,-2.833,,,,,1,IMF_WEO,,
MYS,Malaysia,2006,-2.602,-2.95949,,,,-2.601963,,-2.602,,,,,1,IMF_WEO,,
MYS,Malaysia,2007,-2.571,-3.17455,,,,-2.57083,,-2.571,,,,,1,IMF_WEO,,
MYS,Malaysia,2008,-3.405,-4.40884,,,,-3.404738,,-3.405,,,,,1,IMF_WEO,,
MYS,Malaysia,2009,-5.88,-6.13336,,,,-5.87979,,-5.88,,,,,1,IMF_WEO,,
MYS,Malaysia,2010,-4.319,-5.00057,,,,-4.31907,,-4.319,,,,,1,IMF_WEO,,
MYS,Malaysia,2011,-3.568,-4.6167,,,,-3.567623,,-3.568,,,,,1,IMF_WEO,,
MYS,Malaysia,2012,-3.103,-4.38646,,,,-3.102877,,-3.103,,,,,1,IMF_WEO,,
MYS,Malaysia,2013,-3.478,-3.76726,,,,-3.478228,,-3.478,,,,,1,IMF_WEO,,
MYS,Malaysia,2014,-2.628,-3.30681,,,,-2.628438,,-2.628,,,,,1,IMF_WEO,,
MYS,Malaysia,2015,-2.546,-3.1017,,,,-2.545884,,-2.546,,,,,1,IMF_WEO,,
MYS,Malaysia,2016,-2.603,-3.02507,,,,-2.602874,,-2.603,,,,,1,IMF_WEO,,
MYS,Malaysia,2017,-2.412,-2.88312,,,,-2.411829,,-2.412,,,,,1,IMF_WEO,,
MYS,Malaysia,2018,-2.645,-3.62521,,,,-2.644668,,-2.645,,,,,1,IMF_WEO,,
MYS,Malaysia,2019,-2.008,-3.37047,,,,-2.008147,,-2.008,,,,,1,IMF_WEO,,
MYS,Malaysia,2020,-4.902,-6.1265524,,,,-4.90174,,-4.902,,,,,1,IMF_WEO,,
MYS,Malaysia,2021,-6.032,-6.3755366,,,,-6.032478,,-6.032,,,,,1,IMF_WEO,,
MYS,Malaysia,2022,-4.808,-5.5401671,,,,-4.808133,,-4.808,,,,,1,IMF_WEO,,
MYS,Malaysia,2023,-4.551676,,,,,-4.551676,,,-4.552,,,,1,IMF_FPP,1,2
MYS,Malaysia,2024,-3.594,,,,,,,,-3.5940001,,,,1,IMF_WEO_forecast,1,2
MYS,Malaysia,2025,-3.492,,,,,,,,-3.4920001,,,,1,IMF_WEO_forecast,,
MYS,Malaysia,2026,-3.476,,,,,,,,-3.4760001,,,,1,IMF_WEO_forecast,,
MYS,Malaysia,2027,-3.482,,,,,,,,-3.4820001,,,,1,IMF_WEO_forecast,,
MYS,Malaysia,2028,-3.422,,,,,,,,-3.4219999,,,,1,IMF_WEO_forecast,,
MYS,Malaysia,2029,-3.223,,,,,,,,-3.223,,,,1,IMF_WEO_forecast,,
NAM,Namibia,1990,1.075,,,,,1.075116,,1.075,,,,,1,IMF_WEO,,
NAM,Namibia,1991,-1.587,,,,,-1.586913,,-1.587,,,,,1,IMF_WEO,,
NAM,Namibia,1992,-2.546,,,,,-2.546252,,-2.546,,,,,1,IMF_WEO,,
NAM,Namibia,1993,-2.726,,,,,-2.725766,,-2.726,,,,,1,IMF_WEO,,
NAM,Namibia,1994,-.568,,,,,-.5684597,,-.568,,,,,1,IMF_WEO,,
NAM,Namibia,1995,-1.744,,,,,-1.744218,,-1.744,,,,,1,IMF_WEO,,
NAM,Namibia,1996,-3.702,,,,,-3.702327,,-3.702,,,,,1,IMF_WEO,,
NAM,Namibia,1997,-2.381,,,,,-2.380531,,-2.381,,,,,1,IMF_WEO,,
NAM,Namibia,1998,-2.759,,,,,-2.759242,,-2.759,,,,,1,IMF_WEO,,
NAM,Namibia,1999,-1.879,,,,,-1.878564,,-1.879,,,,,1,IMF_WEO,,
NAM,Namibia,2000,-.788,,,,,-.7882475,,-.788,,,,,1,IMF_WEO,,
NAM,Namibia,2001,-2.014,,,,,-2.014084,,-2.014,,,,,1,IMF_WEO,,
NAM,Namibia,2002,-1.378,,,,,-1.37849,,-1.378,,,,,1,IMF_WEO,,
NAM,Namibia,2003,-4.474,,,,,-4.474067,,-4.474,,,,,1,IMF_WEO,,
NAM,Namibia,2004,-2.672,,,,,-2.671548,,-2.672,,,,,1,IMF_WEO,,
NAM,Namibia,2005,-.309,,,,,-.3091432,,-.309,,,,,1,IMF_WEO,,
NAM,Namibia,2006,3.41,,,,,3.409773,,3.41,,,,,1,IMF_WEO,,
NAM,Namibia,2007,6.007,,,,,6.006546,,6.007,,,,,1,IMF_WEO,,
NAM,Namibia,2008,3.48,,,,,3.480378,,3.48,,,,,1,IMF_WEO,,
NAM,Namibia,2009,-.405,,,,,-.4048668,,-.405,,,,,1,IMF_WEO,,
NAM,Namibia,2010,-4.981,,,,,-4.980935,,-4.981,,,,,1,IMF_WEO,,
NAM,Namibia,2011,-7.087,,,,,-7.086966,,-7.087,,,,,1,IMF_WEO,,
NAM,Namibia,2012,-3.102,,,,,-3.10171,,-3.102,,,,,1,IMF_WEO,,
NAM,Namibia,2013,-4.69,,,,,-4.689867,,-4.69,,,,,1,IMF_WEO,,
NAM,Namibia,2014,-6.444,,,,,-6.443662,,-6.444,,,,,1,IMF_WEO,,
NAM,Namibia,2015,-8.301,,,,,-8.3011,,-8.301,,,,,1,IMF_WEO,,
NAM,Namibia,2016,-9.303,,,,,-9.303132,-7.0327867,-9.303,,,,,1,IMF_WEO,,
NAM,Namibia,2017,-4.994,,,,,-4.993986,-8.5558808,-4.994,,,,,1,IMF_WEO,,
NAM,Namibia,2018,-5.094,,,,,-5.094106,-6.0958498,-5.094,,,,,1,IMF_WEO,,
NAM,Namibia,2019,-5.491,,,,,-5.491475,-3.8414289,-5.491,,,,,1,IMF_WEO,,
NAM,Namibia,2020,-8.07,,,,,-8.070298,-9.1188784,-8.07,,,,,1,IMF_WEO,,
NAM,Namibia,2021,-8.752,,,,,-8.751706,-9.6577266,-8.752,,,,,1,IMF_WEO,,
NAM,Namibia,2022,-6.051,,,,,-6.050645,-6.5494406,-6.051,,,,,1,IMF_WEO,,
NAM,Namibia,2023,-3.251532,,,,,-3.105937,-3.2515319,,-3.1059999,,,,1,IMF_GFS,1,2
NAM,Namibia,2024,-2.644,,,,,,,,-2.6440001,,,,1,IMF_WEO_forecast,1,2
NAM,Namibia,2025,-4.07,,,,,,,,-4.0700002,,,,1,IMF_WEO_forecast,,
NAM,Namibia,2026,-4.528,,,,,,,,-4.5279999,,,,1,IMF_WEO_forecast,,
NAM,Namibia,2027,-4.609,,,,,,,,-4.6090002,,,,1,IMF_WEO_forecast,,
NAM,Namibia,2028,-4.59,,,,,,,,-4.5900002,,,,1,IMF_WEO_forecast,,
NAM,Namibia,2029,-4.588,,,,,,,,-4.5879998,,,,1,IMF_WEO_forecast,,
NER,Niger,1995,-3.188,,,,,-3.187751,,-3.188,,,,,1,IMF_WEO,,
NER,Niger,1996,-.36,,,,,-.3604751,,-.36,,,,,1,IMF_WEO,,
NER,Niger,1997,-2.387,,,,,-2.387365,,-2.387,,,,,1,IMF_WEO,,
NER,Niger,1998,-2.231,,,,,-2.231274,,-2.231,,,,,1,IMF_WEO,,
NER,Niger,1999,-4.274,,,,,-4.274023,,-4.274,,,,,1,IMF_WEO,,
NER,Niger,2000,-2.828,,,,,-2.828269,,-2.828,,,,,1,IMF_WEO,,
NER,Niger,2001,-2.588,,,,,-2.587943,,-2.588,,,,,1,IMF_WEO,,
NER,Niger,2002,-2.213,,,,,-2.213223,,-2.213,,,,,1,IMF_WEO,,
NER,Niger,2003,-2.175,,,,,-2.174765,,-2.175,,,,,1,IMF_WEO,,
NER,Niger,2004,-2.764,,,,,-2.763591,,-2.764,,,,,1,IMF_WEO,,
NER,Niger,2005,-1.528,,,,,-1.527616,,-1.528,,,,,1,IMF_WEO,,
NER,Niger,2006,31.045,,,,,31.04509,,31.045,,,,,1,IMF_WEO,,
NER,Niger,2007,-.747,,,,,-.7466683,,-.747,,,,,1,IMF_WEO,,
NER,Niger,2008,1.111,,,,,1.110802,,1.111,,,,,1,IMF_WEO,,
NER,Niger,2009,-3.927,,,,,-3.926786,,-3.927,,,,,1,IMF_WEO,,
NER,Niger,2010,-.985,,,,,-.9851978,,-.985,,,,,1,IMF_WEO,,
NER,Niger,2011,-2.194,,,,,-2.193745,,-2.194,,,,,1,IMF_WEO,,
NER,Niger,2012,-.83,,,,,-.8301599,,-.83,,,,,1,IMF_WEO,,
NER,Niger,2013,-1.932,,,,,-1.932358,,-1.932,,,,,1,IMF_WEO,,
NER,Niger,2014,-6.125,,,,,-6.124643,,-6.125,,,,,1,IMF_WEO,,
NER,Niger,2015,-6.747,,,,,-6.746852,,-6.747,,,,,1,IMF_WEO,,
NER,Niger,2016,-4.464,,,,,-4.463526,,-4.464,,,,,1,IMF_WEO,,
NER,Niger,2017,-4.117,,,,,-4.116706,,-4.117,,,,,1,IMF_WEO,,
NER,Niger,2018,-3.008,,,,,-3.007969,,-3.008,,,,,1,IMF_WEO,,
NER,Niger,2019,-3.558,,,,,-3.558157,,-3.558,,,,,1,IMF_WEO,,
NER,Niger,2020,-4.816,,,,,-4.816395,,-4.816,,,,,1,IMF_WEO,,
NER,Niger,2021,-6.099,,,,,-6.09921,,-6.099,,,,,1,IMF_WEO,,
NER,Niger,2022,-6.772,,,,,-6.772006,,-6.772,,,,,1,IMF_WEO,,
NER,Niger,2023,-5.373899,,,,,-5.373899,,,-5.3740001,,,,1,IMF_FPP,1,2
NER,Niger,2024,-4.064,,,,,,,,-4.0640001,,,,1,IMF_WEO_forecast,1,2
NER,Niger,2025,-2.999,,,,,,,,-2.9990001,,,,1,IMF_WEO_forecast,,
NER,Niger,2026,-2.952,,,,,,,,-2.9519999,,,,1,IMF_WEO_forecast,,
NER,Niger,2027,-2.971,,,,,,,,-2.971,,,,1,IMF_WEO_forecast,,
NER,Niger,2028,-2.965,,,,,,,,-2.9649999,,,,1,IMF_WEO_forecast,,
NER,Niger,2029,-2.998,,,,,,,,-2.9979999,,,,1,IMF_WEO_forecast,,
NGA,Nigeria,1990,-.671,,,,,-.6711764,,-.671,,,,,1,IMF_WEO,,
NGA,Nigeria,1991,-1.663,,,,,-1.662685,,-1.663,,,,,1,IMF_WEO,,
NGA,Nigeria,1992,1.326,,,,,1.326477,,1.326,,,,,1,IMF_WEO,,
NGA,Nigeria,1993,-8.555,,,,,-8.554767,,-8.555,,,,,1,IMF_WEO,,
NGA,Nigeria,1994,-4.166,,,,,-4.165607,,-4.166,,,,,1,IMF_WEO,,
NGA,Nigeria,1995,3.55,,,,,3.550315,,3.55,,,,,1,IMF_WEO,,
NGA,Nigeria,1996,4.748,,,,,4.748212,,4.748,,,,,1,IMF_WEO,,
NGA,Nigeria,1997,1.599,,,,,1.599204,,1.599,,,,,1,IMF_WEO,,
NGA,Nigeria,1998,-4.892,,,,,-4.892001,,-4.892,,,,,1,IMF_WEO,,
NGA,Nigeria,1999,-1.958,,,,,-1.958449,,-1.958,,,,,1,IMF_WEO,,
NGA,Nigeria,2000,4.065,,,,,4.065056,,4.065,,,,,1,IMF_WEO,,
NGA,Nigeria,2001,-3.222,,,,,-3.221992,,-3.222,,,,,1,IMF_WEO,,
NGA,Nigeria,2002,1.342,,,,,1.342477,,1.342,,,,,1,IMF_WEO,,
NGA,Nigeria,2003,-2.195,,,,,-2.195152,,-2.195,,,,,1,IMF_WEO,,
NGA,Nigeria,2004,5.488,,,,,5.488352,,5.488,,,,,1,IMF_WEO,,
NGA,Nigeria,2005,4.908,,,,,4.90768,,4.908,,,,,1,IMF_WEO,,
NGA,Nigeria,2006,8.759,,,,,8.759048,,8.759,,,,,1,IMF_WEO,,
NGA,Nigeria,2007,-1.116,,,,,-1.116385,,-1.116,,,,,1,IMF_WEO,,
NGA,Nigeria,2008,5.697,,,,,5.696888,,5.697,,,,,1,IMF_WEO,,
NGA,Nigeria,2009,-5.326,,,,,-5.325943,,-5.326,,,,,1,IMF_WEO,,
NGA,Nigeria,2010,-4.171,,,,,-4.17148,,-4.171,,,,,1,IMF_WEO,,
NGA,Nigeria,2011,.432,,,,,.4319366,,.432,,,,,1,IMF_WEO,,
NGA,Nigeria,2012,-.129,,,,,-.1286173,,-.129,,,,,1,IMF_WEO,,
NGA,Nigeria,2013,-2.662,,,,,-2.662055,,-2.662,,,,,1,IMF_WEO,,
NGA,Nigeria,2014,-2.429,,,,,-2.42882,,-2.429,,,,,1,IMF_WEO,,
NGA,Nigeria,2015,-3.799,,,,,-3.79862,,-3.799,,,,,1,IMF_WEO,,
NGA,Nigeria,2016,-4.644,,,,,-4.643867,,-4.644,,,,,1,IMF_WEO,,
NGA,Nigeria,2017,-5.415,,,,,-5.414892,,-5.415,,,,,1,IMF_WEO,,
NGA,Nigeria,2018,-4.315,,,,,-4.314983,,-4.315,,,,,1,IMF_WEO,,
NGA,Nigeria,2019,-4.657,,,,,-4.656906,,-4.657,,,,,1,IMF_WEO,,
NGA,Nigeria,2020,-5.575,,,,,-5.575483,,-5.575,,,,,1,IMF_WEO,,
NGA,Nigeria,2021,-5.481,,,,,-5.481426,,-5.481,,,,,1,IMF_WEO,,
NGA,Nigeria,2022,-5.422,,,,,-5.422478,,-5.422,,,,,1,IMF_WEO,,
NGA,Nigeria,2023,-4.159657,,,,,-4.159657,,,-4.1599998,,,,1,IMF_FPP,1,2
NGA,Nigeria,2024,-4.551,,,,,,,,-4.5510001,,,,1,IMF_WEO_forecast,1,2
NGA,Nigeria,2025,-4.19,,,,,,,,-4.1900001,,,,1,IMF_WEO_forecast,,
NGA,Nigeria,2026,-3.999,,,,,,,,-3.9990001,,,,1,IMF_WEO_forecast,,
NGA,Nigeria,2027,-4.266,,,,,,,,-4.2659998,,,,1,IMF_WEO_forecast,,
NGA,Nigeria,2028,-4.742,,,,,,,,-4.7420001,,,,1,IMF_WEO_forecast,,
NGA,Nigeria,2029,-4.823,,,,,,,,-4.823,,,,1,IMF_WEO_forecast,,
NIC,Nicaragua,1988,-22.43803,,,,,-22.43803,,,,,,,1,IMF_FPP,,
NIC,Nicaragua,1989,,,,,,,,,,,,,1,IMF_FPP,,
NIC,Nicaragua,1990,-15.2312,,,,,-15.2312,,,,,,,1,IMF_FPP,,
NIC,Nicaragua,1991,-3.450299,,,,,-3.450299,,,,,,,1,IMF_FPP,,
NIC,Nicaragua,1992,-3.802,,,,,-3.802,,,,,,,1,IMF_FPP,,
NIC,Nicaragua,1993,-4.655299,,,,,-4.655299,,,,,,,1,IMF_FPP,,
NIC,Nicaragua,1994,-5.787899,,,,,-5.787899,,,,,,,1,IMF_FPP,,
NIC,Nicaragua,1995,-4.6156,,,,,-4.6156,,,,,,,1,IMF_FPP,,
NIC,Nicaragua,1996,-4.997899,,,,,-4.997899,,,,,,,1,IMF_FPP,,
NIC,Nicaragua,1997,-3.3101,,,,,-3.3101,,,,,,,1,IMF_FPP,,
NIC,Nicaragua,1998,-2.8782,,,,,-2.8782,,,,,,,1,IMF_FPP,,
NIC,Nicaragua,1999,-6.861199,,,,,-6.861199,,,,,,,1,IMF_FPP,1,3
NIC,Nicaragua,2000,2.154,,,,,2.153926,,2.154,,,,,1,IMF_WEO,,
NIC,Nicaragua,2001,.341,,,,,.3405288,,.341,,,,,1,IMF_WEO,,
NIC,Nicaragua,2002,2.069,,,,,2.068783,,2.069,,,,,1,IMF_WEO,,
NIC,Nicaragua,2003,1.296,,,,,1.296053,,1.296,,,,,1,IMF_WEO,,
NIC,Nicaragua,2004,1.695,,,,,1.694839,,1.695,,,,,1,IMF_WEO,,
NIC,Nicaragua,2005,1.716,,,,,1.715671,,1.716,,,,,1,IMF_WEO,,
NIC,Nicaragua,2006,1.363,,,,,1.3628,,1.363,,,,,1,IMF_WEO,,
NIC,Nicaragua,2007,1.879,,,,,1.879434,,1.879,,,,,1,IMF_WEO,,
NIC,Nicaragua,2008,.267,,,,,.2668703,,.267,,,,,1,IMF_WEO,,
NIC,Nicaragua,2009,-.896,,,,,-.8958693,,-.896,,,,,1,IMF_WEO,,
NIC,Nicaragua,2010,.692,,,,,.6916808,,.692,,,,,1,IMF_WEO,,
NIC,Nicaragua,2011,.591,,,,,.5910224,,.591,,,,,1,IMF_WEO,,
NIC,Nicaragua,2012,.223,,,,,.2234917,,.223,,,,,1,IMF_WEO,,
NIC,Nicaragua,2013,-.299,,,,,-.2994804,,-.299,,,,,1,IMF_WEO,,
NIC,Nicaragua,2014,-.893,,,,,-.8925528,,-.893,,,,,1,IMF_WEO,,
NIC,Nicaragua,2015,-1.637,,,,,-1.636672,,-1.637,,,,,1,IMF_WEO,,
NIC,Nicaragua,2016,-1.924,,,,,-1.923844,,-1.924,,,,,1,IMF_WEO,,
NIC,Nicaragua,2017,-1.755,,,,,-1.754645,,-1.755,,,,,1,IMF_WEO,,
NIC,Nicaragua,2018,-4.346,,,,,-4.345982,,-4.346,,,,,1,IMF_WEO,,
NIC,Nicaragua,2019,-1.122,,,,,-1.121797,,-1.122,,,,,1,IMF_WEO,,
NIC,Nicaragua,2020,-2.58,,,,,-2.579938,,-2.58,,,,,1,IMF_WEO,,
NIC,Nicaragua,2021,-1.263,,,,,-1.262534,,-1.263,,,,,1,IMF_WEO,,
NIC,Nicaragua,2022,.7879395,,,,,.7879395,,,.78799999,,,,1,IMF_FPP,1,3
NIC,Nicaragua,2023,2.494499,,,,,2.494499,,,2.494,,,,1,IMF_FPP,,
NIC,Nicaragua,2024,.301,,,,,,,,.301,,,,1,IMF_WEO_forecast,1,3
NIC,Nicaragua,2025,-.039,,,,,,,,-.039,,,,1,IMF_WEO_forecast,,
NIC,Nicaragua,2026,-.242,,,,,,,,-.242,,,,1,IMF_WEO_forecast,,
NIC,Nicaragua,2027,-.185,,,,,,,,-.185,,,,1,IMF_WEO_forecast,,
NIC,Nicaragua,2028,-.195,,,,,,,,-.19499999,,,,1,IMF_WEO_forecast,,
NIC,Nicaragua,2029,-.351,,,,,,,,-.35100001,,,,1,IMF_WEO_forecast,,
NLD,Netherlands,1880,.2089605,,,,,.2089605,,,,,,,1,IMF_FPP,,
NLD,Netherlands,1881,-1.062099,,,,,-1.062099,,,,,,,1,IMF_FPP,,
NLD,Netherlands,1882,-1.10607,,,,,-1.10607,,,,,,,1,IMF_FPP,,
NLD,Netherlands,1883,-2.09726,,,,,-2.09726,,,,,,,1,IMF_FPP,,
NLD,Netherlands,1884,,,,,,,,,,,,,1,IMF_FPP,,
NLD,Netherlands,1885,-.5500002,,,,,-.5500002,,,,,,,1,IMF_FPP,,
NLD,Netherlands,1886,-.0790005,,,,,-.0790005,,,,,,,1,IMF_FPP,,
NLD,Netherlands,1887,-.3747997,,,,,-.3747997,,,,,,,1,IMF_FPP,,
NLD,Netherlands,1888,-.3119001,,,,,-.3119001,,,,,,,1,IMF_FPP,,
NLD,Netherlands,1889,.0395002,,,,,.0395002,,,,,,,1,IMF_FPP,,
NLD,Netherlands,1890,-.0626001,,,,,-.0626001,,,,,,,1,IMF_FPP,,
NLD,Netherlands,1891,-.0648003,,,,,-.0648003,,,,,,,1,IMF_FPP,,
NLD,Netherlands,1892,-1.720699,,,,,-1.720699,,,,,,,1,IMF_FPP,,
NLD,Netherlands,1893,-.7646999,,,,,-.7646999,,,,,,,1,IMF_FPP,,
NLD,Netherlands,1894,.1211996,,,,,.1211996,,,,,,,1,IMF_FPP,,
NLD,Netherlands,1895,-.0574007,,,,,-.0574007,,,,,,,1,IMF_FPP,,
NLD,Netherlands,1896,.0796995,,,,,.0796995,,,,,,,1,IMF_FPP,,
NLD,Netherlands,1897,-.4466,,,,,-.4466,,,,,,,1,IMF_FPP,,
NLD,Netherlands,1898,-.4814997,,,,,-.4814997,,,,,,,1,IMF_FPP,,
NLD,Netherlands,1899,-.1344995,,,,,-.1344995,,,,,,,1,IMF_FPP,,
NLD,Netherlands,1900,.0613995,,,,,.0613995,,,,,,,1,IMF_FPP,,
NLD,Netherlands,1901,.0301008,,,,,.0301008,,,,,,,1,IMF_FPP,,
NLD,Netherlands,1902,-.1396008,,,,,-.1396008,,,,,,,1,IMF_FPP,,
NLD,Netherlands,1903,.0885992,,,,,.0885992,,,,,,,1,IMF_FPP,,
NLD,Netherlands,1904,-.7219,,,,,-.7219,,,,,,,1,IMF_FPP,,
NLD,Netherlands,1905,.1028996,,,,,.1028996,,,,,,,1,IMF_FPP,,
NLD,Netherlands,1906,.1557808,,,,,.1557808,,,,,,,1,IMF_FPP,,
NLD,Netherlands,1907,.0334797,,,,,.0334797,,,,,,,1,IMF_FPP,,
NLD,Netherlands,1908,-.5692196,,,,,-.5692196,,,,,,,1,IMF_FPP,,
NLD,Netherlands,1909,-.3381996,,,,,-.3381996,,,,,,,1,IMF_FPP,,
NLD,Netherlands,1910,-.9321699,,,,,-.9321699,,,,,,,1,IMF_FPP,,
NLD,Netherlands,1911,-.12533,,,,,-.12533,,,,,,,1,IMF_FPP,,
NLD,Netherlands,1912,-.4662695,,,,,-.4662695,,,,,,,1,IMF_FPP,,
NLD,Netherlands,1913,-.4513502,,,,,-.4513502,,,,,,,1,IMF_FPP,,
NLD,Netherlands,1914,,,,,,,,,,,,,1,IMF_FPP,,
NLD,Netherlands,1915,,,,,,,,,,,,,1,IMF_FPP,,
NLD,Netherlands,1916,,,,,,,,,,,,,1,IMF_FPP,,
NLD,Netherlands,1917,,,,,,,,,,,,,1,IMF_FPP,,
NLD,Netherlands,1918,,,,,,,,,,,,,1,IMF_FPP,,
NLD,Netherlands,1919,,,,,,,,,,,,,1,IMF_FPP,,
NLD,Netherlands,1920,,,,,,,,,,,,,1,IMF_FPP,,
NLD,Netherlands,1921,,,,,,,,,,,,,1,IMF_FPP,,
NLD,Netherlands,1922,,,,,,,,,,,,,1,IMF_FPP,,
NLD,Netherlands,1923,-2.6175,,,,,-2.6175,,,,,,,1,IMF_FPP,,
NLD,Netherlands,1924,-3.36736,,,,,-3.36736,,,,,,,1,IMF_FPP,,
NLD,Netherlands,1925,-2.0387,,,,,-2.0387,,,,,,,1,IMF_FPP,,
NLD,Netherlands,1926,-.7806702,,,,,-.7806702,,,,,,,1,IMF_FPP,,
NLD,Netherlands,1927,-.32584,,,,,-.32584,,,,,,,1,IMF_FPP,,
NLD,Netherlands,1928,-.6204796,,,,,-.6204796,,,,,,,1,IMF_FPP,,
NLD,Netherlands,1929,-1.16189,,,,,-1.16189,,,,,,,1,IMF_FPP,,
NLD,Netherlands,1930,-.5482702,,,,,-.5482702,,,,,,,1,IMF_FPP,,
NLD,Netherlands,1931,-1.65668,,,,,-1.65668,,,,,,,1,IMF_FPP,,
NLD,Netherlands,1932,-1.965301,,,,,-1.965301,,,,,,,1,IMF_FPP,,
NLD,Netherlands,1933,-2.54899,,,,,-2.54899,,,,,,,1,IMF_FPP,,
NLD,Netherlands,1934,-.9201002,,,,,-.9201002,,,,,,,1,IMF_FPP,,
NLD,Netherlands,1935,-.6879997,,,,,-.6879997,,,,,,,1,IMF_FPP,,
NLD,Netherlands,1936,-.4120998,,,,,-.4120998,,,,,,,1,IMF_FPP,,
NLD,Netherlands,1937,.0155993,,,,,.0155993,,,,,,,1,IMF_FPP,,
NLD,Netherlands,1938,-.3659105,,,,,-.3659105,,,,,,,1,IMF_FPP,,
NLD,Netherlands,1939,-3.1896,,,,,-3.1896,,,,,,,1,IMF_FPP,,
NLD,Netherlands,1940,,,,,,,,,,,,,1,IMF_FPP,,
NLD,Netherlands,1941,,,,,,,,,,,,,1,IMF_FPP,,
NLD,Netherlands,1942,,,,,,,,,,,,,1,IMF_FPP,,
NLD,Netherlands,1943,,,,,,,,,,,,,1,IMF_FPP,,
NLD,Netherlands,1944,,,,,,,,,,,,,1,IMF_FPP,,
NLD,Netherlands,1945,,,,,,,,,,,,,1,IMF_FPP,,
NLD,Netherlands,1946,,,,,,,,,,,,,1,IMF_FPP,,
NLD,Netherlands,1947,,,,,,,,,,,,,1,IMF_FPP,,
NLD,Netherlands,1948,,,,,,,,,,,,,1,IMF_FPP,,
NLD,Netherlands,1949,2.2976,,,,,2.2976,,,,,,,1,IMF_FPP,,
NLD,Netherlands,1950,.8145008,,,,,.8145008,,,,,,,1,IMF_FPP,,
NLD,Netherlands,1951,2.130201,,,,,2.130201,,,,,,,1,IMF_FPP,,
NLD,Netherlands,1952,2.191999,,,,,2.191999,,,,,,,1,IMF_FPP,,
NLD,Netherlands,1953,-2.9454,,,,,-2.9454,,,,,,,1,IMF_FPP,,
NLD,Netherlands,1954,.7593994,,,,,.7593994,,,,,,,1,IMF_FPP,,
NLD,Netherlands,1955,-.2525005,,,,,-.2525005,,,,,,,1,IMF_FPP,,
NLD,Netherlands,1956,-.826601,,,,,-.826601,,,,,,,1,IMF_FPP,,
NLD,Netherlands,1957,.302,,,,,.302,,,,,,,1,IMF_FPP,,
NLD,Netherlands,1958,-.8925991,,,,,-.8925991,,,,,,,1,IMF_FPP,,
NLD,Netherlands,1959,-.740799,,,,,-.740799,,,,,,,1,IMF_FPP,,
NLD,Netherlands,1960,.9032993,,,,,.9032993,,,,,,,1,IMF_FPP,,
NLD,Netherlands,1961,-.3826008,,,,,-.3826008,,,,,,,1,IMF_FPP,,
NLD,Netherlands,1962,-1.376301,,,,,-1.376301,,,,,,,1,IMF_FPP,,
NLD,Netherlands,1963,-.5439987,,,,,-.5439987,,,,,,,1,IMF_FPP,,
NLD,Netherlands,1964,-1.200001,,,,,-1.200001,,,,,,,1,IMF_FPP,,
NLD,Netherlands,1965,-1.1499,,,,,-1.1499,,,,,,,1,IMF_FPP,,
NLD,Netherlands,1966,-2.365801,,,,,-2.365801,,,,,,,1,IMF_FPP,,
NLD,Netherlands,1967,-1.966,,,,,-1.966,,,,,,,1,IMF_FPP,,
NLD,Netherlands,1968,-3.0592,,,,,-3.0592,,,,,,,1,IMF_FPP,1,8
NLD,Netherlands,1969,-1.619693,,,,,-1.135399,,,,-1.6196928,,,1,OECD_EO,,
NLD,Netherlands,1970,-1.92583,,,,,-1.524002,,,,-1.9258303,,,1,OECD_EO,,
NLD,Netherlands,1971,-2.166289,,,,,-1.5811,,,,-2.1662894,,,1,OECD_EO,,
NLD,Netherlands,1972,-1.097675,,,,,-.6950989,,,,-1.0976752,,,1,OECD_EO,,
NLD,Netherlands,1973,.1524112,,,,,.5440025,,,,.15241116,,,1,OECD_EO,,
NLD,Netherlands,1974,-.5248488,,,,,-.2640991,,,,-.5248488,,,1,OECD_EO,,
NLD,Netherlands,1975,-3.255748,,,,,-2.82,,,,-3.2557479,,,1,OECD_EO,,
NLD,Netherlands,1976,-2.040655,,,,,-2.0191,,,,-2.0406554,,,1,OECD_EO,,
NLD,Netherlands,1977,-.7273759,,,,,-.7473984,,,,-.72737591,,,1,OECD_EO,,
NLD,Netherlands,1978,-2.19521,,,,,-2.088501,,,,-2.19521,,,1,OECD_EO,,
NLD,Netherlands,1979,-2.241503,,,,,-2.464703,,,,-2.2415035,,,1,OECD_EO,,
NLD,Netherlands,1980,-3.639189,,,,,-3.948704,-4.1919111,-4.192,,-3.639189,,,1,OECD_EO,,
NLD,Netherlands,1981,-4.409425,,,,,-4.9226,-5.1734989,-5.173,,-4.4094254,,,1,OECD_EO,,
NLD,Netherlands,1982,-5.522751,,,,,-6.170002,-5.8381609,-5.838,,-5.5227508,,,1,OECD_EO,,
NLD,Netherlands,1983,-4.69278,,,,,-5.472298,-5.6148051,-5.615,,-4.6927807,,,1,OECD_EO,,
NLD,Netherlands,1984,-4.514051,,,,,-5.247601,-6.2589166,-6.259,,-4.5140512,,,1,OECD_EO,,
NLD,Netherlands,1985,-2.680185,,,,,-3.5961,-4.2854133,-4.285,,-2.6801847,,,1,OECD_EO,,
NLD,Netherlands,1986,-3.800326,,,,,-4.624901,-4.2366678,-4.237,,-3.8003257,,,1,OECD_EO,,
NLD,Netherlands,1987,-4.600502,,,,,-5.3866,-5.2703997,-5.27,,-4.6005016,,,1,OECD_EO,,
NLD,Netherlands,1988,-3.615927,,,,,-4.232597,-4.3534695,-4.353,,-3.6159268,,,1,OECD_EO,,
NLD,Netherlands,1989,-4.385879,,,,,-5.002598,-5.0878591,-5.088,,-4.3858784,,,1,OECD_EO,,
NLD,Netherlands,1990,-4.725101,,,,,-5.319901,-4.0773398,-4.077,,-4.7251009,,,1,OECD_EO,,
NLD,Netherlands,1991,-2.287467,,,,,-2.670803,-2.0527401,-2.053,,-2.2874675,,,1,OECD_EO,,
NLD,Netherlands,1992,-3.763949,,,,,-4.155399,-3.1221626,-3.122,,-3.763949,,,1,OECD_EO,,
NLD,Netherlands,1993,-2.574528,,,,,-2.794403,-3.1346993,-3.135,,-2.5745282,,,1,OECD_EO,,
NLD,Netherlands,1994,-3.262579,,,,,-3.5228,-3.5347027,-3.535,,-3.2625793,,,1,OECD_EO,1,8
NLD,Netherlands,1995,-8.7,,,,-8.7,-9.2173,-8.7236995,-8.736,,-8.722933,,,1,EUS,,
NLD,Netherlands,1996,-1.9,,,,-1.9,-1.890202,-1.9061685,-1.837,,-1.906787,,,1,EUS,,
NLD,Netherlands,1997,-1.6,,,,-1.6,-1.248199,-1.6014716,-1.597,,-1.6000995,,,1,EUS,,
NLD,Netherlands,1998,-1.3,,,,-1.3,-.8729019,-1.3352278,-1.373,,-1.3346498,,,1,EUS,,
NLD,Netherlands,1999,.3,,,,.3,.414299,.28276087,.283,,.28287061,,,1,EUS,,
NLD,Netherlands,2000,1.1,,,,1.1,1.972401,1.1358032,1.136,,1.1353387,,,1,EUS,,
NLD,Netherlands,2001,-.5,,,,-.5,-.2549019,-.467759,-.468,,-.46762344,,,1,EUS,,
NLD,Netherlands,2002,-2.2,,,,-2.2,-2.107601,-2.2300612,-2.23,,-2.2295292,,,1,EUS,,
NLD,Netherlands,2003,-3.2,,,,-3.2,-3.153599,-3.1918757,-3.192,,-3.1894042,,,1,EUS,,
NLD,Netherlands,2004,-1.8,,,,-1.8,-1.766899,-1.824961,-1.825,,-1.8269303,,,1,EUS,,
NLD,Netherlands,2005,-.5,,,,-.5,-.282299,-.51471466,-.515,,-.51509647,,,1,EUS,1,8
NLD,Netherlands,2006,.0290979,,,,,.5167999,.02910916,.029,,.02909786,,,1,OECD_EO,1,8
NLD,Netherlands,2007,-.2,,,,-.2,.1625023,-.25980491,-.26,,-.25973859,,,1,EUS,,
NLD,Netherlands,2008,-.1,,,,-.1,.4883003,-.0035314,-.004,,-.00353067,,,1,EUS,,
NLD,Netherlands,2009,-5.1,,,,-5.1,-5.5508,-5.1014563,-5.101,,-5.101092,,,1,EUS,,
NLD,Netherlands,2010,-5.3,,,,-5.3,-4.997997,-5.2769579,-5.277,,-5.2803,,,1,EUS,,
NLD,Netherlands,2011,-4.4,,,,-4.4,-4.419882,-4.4198819,-4.42,,-4.4220457,,,1,EUS,,
NLD,Netherlands,2012,-3.8,,,,-3.8,-3.836945,-3.836945,-3.837,,-3.8390505,,,1,EUS,,
NLD,Netherlands,2013,-2.9,,,,-2.9,-2.861019,-2.8610193,-2.861,,-2.8607657,,,1,EUS,,
NLD,Netherlands,2014,-2.2,,,,-2.2,-2.241732,-2.2417322,-2.242,,-2.2415043,,,1,EUS,,
NLD,Netherlands,2015,-1.8,,,,-1.8,-1.778382,-1.7783817,-1.778,,-1.778285,,,1,EUS,,
NLD,Netherlands,2016,.2,,,,.2,.2270281,.22702815,.227,,.22697962,,,1,EUS,,
NLD,Netherlands,2017,1.4,,,,1.4,1.316355,1.3163555,1.316,,1.3159121,,,1,EUS,,
NLD,Netherlands,2018,1.5,,,,1.5,1.473822,1.4738217,1.474,,1.4734717,,,1,EUS,,
NLD,Netherlands,2019,1.9,,,,1.9,1.781826,1.7818255,1.782,,1.7817997,,,1,EUS,,
NLD,Netherlands,2020,-3.7,,,,-3.7,-3.607879,-3.6078794,-3.608,,-3.6068368,,,1,EUS,,
NLD,Netherlands,2021,-2.3,,,,-2.3,-2.198306,-2.1983063,-2.198,,-2.1988785,,,1,EUS,,
NLD,Netherlands,2022,.0115731,,,,,-.0714415,.01157151,-.071,,.01157306,,,1,OECD_EO,1,8
NLD,Netherlands,2023,-.4,,,,-.4,-.3578123,-.35781225,,-.35800001,-.35780555,,,1,EUS,1,8
NLD,Netherlands,2024,-.9,,,,-.9,,,,-1.553,-1.2929555,,,1,EUS,,
NLD,Netherlands,2025,-2.100895,,,,,,,,-2.5599999,-2.1008946,,,1,OECD_EO,1,8
NLD,Netherlands,2026,-2.446009,,,,,,,,-2.8469999,-2.4460092,,,1,OECD_EO,,
NLD,Netherlands,2027,-2.812,,,,,,,,-2.812,,,,1,IMF_WEO_forecast,1,8
NLD,Netherlands,2028,-2.573,,,,,,,,-2.573,,,,1,IMF_WEO_forecast,,
NLD,Netherlands,2029,-2.867,,,,,,,,-2.8670001,,,,1,IMF_WEO_forecast,,
NOR,Norway,1881,-1.1341,,,,,-1.1341,,,,,,,1,IMF_FPP,,
NOR,Norway,1882,-.6167102,,,,,-.6167102,,,,,,,1,IMF_FPP,,
NOR,Norway,1883,-.1681299,,,,,-.1681299,,,,,,,1,IMF_FPP,,
NOR,Norway,1884,-.08461,,,,,-.08461,,,,,,,1,IMF_FPP,,
NOR,Norway,1885,-.0050001,,,,,-.0050001,,,,,,,1,IMF_FPP,,
NOR,Norway,1886,-.1995502,,,,,-.1995502,,,,,,,1,IMF_FPP,,
NOR,Norway,1887,-.1725302,,,,,-.1725302,,,,,,,1,IMF_FPP,,
NOR,Norway,1888,-.2323999,,,,,-.2323999,,,,,,,1,IMF_FPP,,
NOR,Norway,1889,-.0671401,,,,,-.0671401,,,,,,,1,IMF_FPP,,
NOR,Norway,1890,-.19769,,,,,-.19769,,,,,,,1,IMF_FPP,,
NOR,Norway,1891,-.4355302,,,,,-.4355302,,,,,,,1,IMF_FPP,,
NOR,Norway,1892,-.9411798,,,,,-.9411798,,,,,,,1,IMF_FPP,,
NOR,Norway,1893,-1.25254,,,,,-1.25254,,,,,,,1,IMF_FPP,,
NOR,Norway,1894,-1.13235,,,,,-1.13235,,,,,,,1,IMF_FPP,,
NOR,Norway,1895,-1.65961,,,,,-1.65961,,,,,,,1,IMF_FPP,,
NOR,Norway,1896,-1.56708,,,,,-1.56708,,,,,,,1,IMF_FPP,,
NOR,Norway,1897,-.6316605,,,,,-.6316605,,,,,,,1,IMF_FPP,,
NOR,Norway,1898,-1.38527,,,,,-1.38527,,,,,,,1,IMF_FPP,,
NOR,Norway,1899,-1.34629,,,,,-1.34629,,,,,,,1,IMF_FPP,,
NOR,Norway,1900,-1.98915,,,,,-1.98915,,,,,,,1,IMF_FPP,,
NOR,Norway,1901,-1.41081,,,,,-1.41081,,,,,,,1,IMF_FPP,,
NOR,Norway,1902,-1.525,,,,,-1.525,,,,,,,1,IMF_FPP,,
NOR,Norway,1903,-1.12137,,,,,-1.12137,,,,,,,1,IMF_FPP,,
NOR,Norway,1904,-.7540302,,,,,-.7540302,,,,,,,1,IMF_FPP,,
NOR,Norway,1905,-.5224504,,,,,-.5224504,,,,,,,1,IMF_FPP,,
NOR,Norway,1906,-.5910692,,,,,-.5910692,,,,,,,1,IMF_FPP,,
NOR,Norway,1907,.1615,,,,,.1615,,,,,,,1,IMF_FPP,,
NOR,Norway,1908,-.0552998,,,,,-.0552998,,,,,,,1,IMF_FPP,,
NOR,Norway,1909,-.52318,,,,,-.52318,,,,,,,1,IMF_FPP,,
NOR,Norway,1910,.2976294,,,,,.2976294,,,,,,,1,IMF_FPP,,
NOR,Norway,1911,-.0493507,,,,,-.0493507,,,,,,,1,IMF_FPP,,
NOR,Norway,1912,-.8903008,,,,,-.8903008,,,,,,,1,IMF_FPP,,
NOR,Norway,1913,-.8989801,,,,,-.8989801,,,,,,,1,IMF_FPP,,
NOR,Norway,1914,-1.094321,,,,,-1.094321,,,,,,,1,IMF_FPP,,
NOR,Norway,1915,-2.043174,,,,,-2.043174,,,,,,,1,IMF_FPP,,
NOR,Norway,1916,-.3616612,,,,,-.3616612,,,,,,,1,IMF_FPP,,
NOR,Norway,1917,.2004924,,,,,.2004924,,,,,,,1,IMF_FPP,,
NOR,Norway,1918,-1.168777,,,,,-1.168777,,,,,,,1,IMF_FPP,,
NOR,Norway,1919,-2.114609,,,,,-2.114609,,,,,,,1,IMF_FPP,,
NOR,Norway,1920,-1.146667,,,,,-1.146667,,,,,,,1,IMF_FPP,,
NOR,Norway,1921,-5.469899,,,,,-5.469899,,,,,,,1,IMF_FPP,,
NOR,Norway,1922,-4.27712,,,,,-4.27712,,,,,,,1,IMF_FPP,,
NOR,Norway,1923,-3.582146,,,,,-3.582146,,,,,,,1,IMF_FPP,,
NOR,Norway,1924,-2.959107,,,,,-2.959107,,,,,,,1,IMF_FPP,,
NOR,Norway,1925,-1.917274,,,,,-1.917274,,,,,,,1,IMF_FPP,,
NOR,Norway,1926,-1.592766,,,,,-1.592766,,,,,,,1,IMF_FPP,,
NOR,Norway,1927,-.7586554,,,,,-.7586554,,,,,,,1,IMF_FPP,,
NOR,Norway,1928,-.8054919,,,,,-.8054919,,,,,,,1,IMF_FPP,,
NOR,Norway,1929,-.8285389,,,,,-.8285389,,,,,,,1,IMF_FPP,,
NOR,Norway,1930,-.456935,,,,,-.456935,,,,,,,1,IMF_FPP,,
NOR,Norway,1931,-1.145234,,,,,-1.145234,,,,,,,1,IMF_FPP,,
NOR,Norway,1932,-1.139308,,,,,-1.139308,,,,,,,1,IMF_FPP,,
NOR,Norway,1933,-1.293329,,,,,-1.293329,,,,,,,1,IMF_FPP,,
NOR,Norway,1934,-.589975,,,,,-.589975,,,,,,,1,IMF_FPP,,
NOR,Norway,1935,-1.100408,,,,,-1.100408,,,,,,,1,IMF_FPP,,
NOR,Norway,1936,-.7010352,,,,,-.7010352,,,,,,,1,IMF_FPP,,
NOR,Norway,1937,-.1612624,,,,,-.1612624,,,,,,,1,IMF_FPP,,
NOR,Norway,1938,.0343264,,,,,.0343264,,,,,,,1,IMF_FPP,,
NOR,Norway,1939,-.5437413,,,,,-.5437413,,,,,,,1,IMF_FPP,,
NOR,Norway,1940,,,,,,,,,,,,,1,IMF_FPP,,
NOR,Norway,1941,,,,,,,,,,,,,1,IMF_FPP,,
NOR,Norway,1942,,,,,,,,,,,,,1,IMF_FPP,,
NOR,Norway,1943,,,,,,,,,,,,,1,IMF_FPP,,
NOR,Norway,1944,,,,,,,,,,,,,1,IMF_FPP,,
NOR,Norway,1945,,,,,,,,,,,,,1,IMF_FPP,,
NOR,Norway,1946,-3.8166,,,,,-3.8166,,,,,,,1,IMF_FPP,,
NOR,Norway,1947,-4.660601,,,,,-4.660601,,,,,,,1,IMF_FPP,,
NOR,Norway,1948,-.351799,,,,,-.351799,,,,,,,1,IMF_FPP,,
NOR,Norway,1949,-.7248001,,,,,-.7248001,,,,,,,1,IMF_FPP,,
NOR,Norway,1950,-.8853989,,,,,-.8853989,,,,,,,1,IMF_FPP,,
NOR,Norway,1951,1.5912,,,,,1.5912,,,,,,,1,IMF_FPP,,
NOR,Norway,1952,2.1487,,,,,2.1487,,,,,,,1,IMF_FPP,,
NOR,Norway,1953,1.3034,,,,,1.3034,,,,,,,1,IMF_FPP,,
NOR,Norway,1954,-.5366993,,,,,-.5366993,,,,,,,1,IMF_FPP,,
NOR,Norway,1955,.8234997,,,,,.8234997,,,,,,,1,IMF_FPP,,
NOR,Norway,1956,1.223099,,,,,1.223099,,,,,,,1,IMF_FPP,,
NOR,Norway,1957,1.5534,,,,,1.5534,,,,,,,1,IMF_FPP,,
NOR,Norway,1958,1.700701,,,,,1.700701,,,,,,,1,IMF_FPP,,
NOR,Norway,1959,1.886,,,,,1.886,,,,,,,1,IMF_FPP,,
NOR,Norway,1960,1.423901,,,,,1.423901,,,,,,,1,IMF_FPP,,
NOR,Norway,1961,-.7028008,,,,,-.7028008,,,,,,,1,IMF_FPP,,
NOR,Norway,1962,3.9967,,,,,3.9967,,,,,,,1,IMF_FPP,,
NOR,Norway,1963,2.596699,,,,,2.596699,,,,,,,1,IMF_FPP,,
NOR,Norway,1964,3.084398,,,,,3.084398,,,,,,,1,IMF_FPP,,
NOR,Norway,1965,2.775299,,,,,2.775299,,,,,,,1,IMF_FPP,,
NOR,Norway,1966,3.593102,,,,,3.593102,,,,,,,1,IMF_FPP,,
NOR,Norway,1967,4.191399,,,,,4.191399,,,,,,,1,IMF_FPP,,
NOR,Norway,1968,3.3778,,,,,3.3778,,,,,,,1,IMF_FPP,,
NOR,Norway,1969,3.570801,,,,,3.570801,,,,,,,1,IMF_FPP,,
NOR,Norway,1970,2.828003,,,,,2.828003,,,,,,,1,IMF_FPP,,
NOR,Norway,1971,3.7132,,,,,3.7132,,,,,,,1,IMF_FPP,,
NOR,Norway,1972,3.933998,,,,,3.933998,,,,,,,1,IMF_FPP,,
NOR,Norway,1973,4.9902,,,,,4.9902,,,,,,,1,IMF_FPP,,
NOR,Norway,1974,4.060799,,,,,4.060799,,,,,,,1,IMF_FPP,,
NOR,Norway,1975,2.881802,,,,,2.881802,,,,,,,1,IMF_FPP,,
NOR,Norway,1976,2.196201,,,,,2.196201,,,,,,,1,IMF_FPP,,
NOR,Norway,1977,1.014397,,,,,1.014397,,,,,,,1,IMF_FPP,1,4
NOR,Norway,1978,1.183311,,,,,.9398003,,,,1.1833105,,,1,OECD_EO,,
NOR,Norway,1979,2.581994,,,,,2.162403,,,,2.5819938,,,1,OECD_EO,,
NOR,Norway,1980,6.077746,,,,,5.380699,1.9021048,5.139,,6.0777463,,,1,OECD_EO,,
NOR,Norway,1981,5.38908,,,,,4.819599,4.1261544,4.56,,5.3890797,,,1,OECD_EO,,
NOR,Norway,1982,4.415682,,,,,3.958797,3.3905893,3.699,,4.4156818,,,1,OECD_EO,,
NOR,Norway,1983,6.484646,,,,,6.029499,4.3213034,5.732,,6.4846461,,,1,OECD_EO,,
NOR,Norway,1984,7.128995,,,,,6.971699,4.9547273,6.67,,7.128995,,,1,OECD_EO,,
NOR,Norway,1985,9.814266,,,,,9.836899,7.2218804,9.467,,9.8142665,,,1,OECD_EO,,
NOR,Norway,1986,5.677665,,,,,5.874401,6.9855923,5.522,,5.6776649,,,1,OECD_EO,,
NOR,Norway,1987,4.616458,,,,,4.564098,3.1346328,4.232,,4.6164581,,,1,OECD_EO,,
NOR,Norway,1988,2.543382,,,,,2.6479,1.743153,2.37,,2.5433824,,,1,OECD_EO,,
NOR,Norway,1989,1.828536,,,,,1.813801,.70924888,1.552,,1.8285359,,,1,OECD_EO,,
NOR,Norway,1990,2.245577,,,,,2.1945,1.7651248,1.954,,2.245577,,,1,OECD_EO,,
NOR,Norway,1991,.1690952,,,,,.1082001,.18554895,-.119,,.16909518,,,1,OECD_EO,,
NOR,Norway,1992,-1.518947,,,,,-1.852398,-2.4286275,-2.066,,-1.5189468,,,1,OECD_EO,,
NOR,Norway,1993,-.9478968,,,,,-1.431,-2.3947861,-1.643,,-.94789685,,,1,OECD_EO,,
NOR,Norway,1994,.5905537,,,,,.2672997,-.51624811,.041,,.59055373,,,1,OECD_EO,1,4
NOR,Norway,1995,3.1,,,,3.1,3.2202,3.1423294,2.961,,3.1423294,,,1,EUS,,
NOR,Norway,1996,6.2,,,,6.2,6.291397,6.1656077,6.008,,6.1656077,,,1,EUS,,
NOR,Norway,1997,7.5,,,,7.5,7.633801,7.4600032,7.352,,7.4600032,,,1,EUS,,
NOR,Norway,1998,3.2,,,,3.2,3.320797,3.1817084,3.066,,3.1817084,,,1,EUS,,
NOR,Norway,1999,5.8,,,,5.8,5.9921,5.8066396,5.715,,5.8066396,,,1,EUS,,
NOR,Norway,2000,15,,,,15,15.3735,15.046398,15.046,,15.046398,,,1,EUS,,
NOR,Norway,2001,13.2,,,,13.2,13.3173,13.173155,13.173,,13.173155,,,1,EUS,,
NOR,Norway,2002,9,,,,9,9.2103,9.0269125,9.027,,9.0269125,,,1,EUS,,
NOR,Norway,2003,7.2,,,,7.2,7.292702,7.2045707,7.205,,7.2045707,,,1,EUS,,
NOR,Norway,2004,10.8,,,,10.8,11.1376,10.834769,10.835,,10.834769,,,1,EUS,,
NOR,Norway,2005,14.7,,,,14.7,15.0651,14.720852,14.721,,14.720852,,,1,EUS,,
NOR,Norway,2006,17.9,,,,17.9,18.4092,17.881478,17.881,,17.881478,,,1,EUS,,
NOR,Norway,2007,17,,,,17,17.4878,17.037727,17.038,,17.037727,,,1,EUS,,
NOR,Norway,2008,18.5,,,,18.5,19.0872,18.5309,18.531,,18.5309,,,1,EUS,,
NOR,Norway,2009,10.2,,,,10.2,10.4838,10.194523,10.195,,10.194523,,,1,EUS,,
NOR,Norway,2010,10.9,,,,10.9,10.6019,10.871433,10.871,,10.871433,,,1,EUS,,
NOR,Norway,2011,13.3,,,,13.3,13.2729,13.272898,13.273,,13.272898,,,1,EUS,,
NOR,Norway,2012,13.7,,,,13.7,13.67954,13.679539,13.68,,13.679539,,,1,EUS,,
NOR,Norway,2013,10.6,,,,10.6,10.6084,10.608397,10.608,,10.608397,,,1,EUS,,
NOR,Norway,2014,8.6,,,,8.6,8.571983,8.5719834,8.572,,8.5719834,,,1,EUS,,
NOR,Norway,2015,6,,,,6,5.987477,5.9874774,5.987,,5.9874774,,,1,EUS,,
NOR,Norway,2016,4,,,,4,4.036251,4.0362512,4.036,,4.0362512,,,1,EUS,,
NOR,Norway,2017,5,,,,5,4.957443,4.9574434,4.957,,4.9574449,,,1,EUS,,
NOR,Norway,2018,7.8,,,,7.8,7.813724,7.8137237,7.814,,7.8137193,,,1,EUS,,
NOR,Norway,2019,6.5,,,,6.5,6.522496,6.5224958,6.522,,6.522494,,,1,EUS,,
NOR,Norway,2020,-2.6,,,,-2.6,-2.5595,-2.5594996,-2.559,,-2.5594996,,,1,EUS,,
NOR,Norway,2021,10.3,,,,10.3,10.33248,10.285782,10.332,,10.285777,,,1,EUS,,
NOR,Norway,2022,25.5,,,,25.5,25.4087,25.563072,25.409,,25.452872,,,1,EUS,,
NOR,Norway,2023,16.5,,,,16.5,16.44296,16.490351,,16.443001,16.586245,,,1,EUS,,
NOR,Norway,2024,13.1,,,,13.1,,,,11.983,12.617712,,,1,EUS,,
NOR,Norway,2025,12.65082,,,,,,,,10.968,12.650818,,,1,OECD_EO,1,4
NOR,Norway,2026,12.81375,,,,,,,,9.7690001,12.813747,,,1,OECD_EO,,
NOR,Norway,2027,8.673,,,,,,,,8.6730003,,,,1,IMF_WEO_forecast,1,4
NOR,Norway,2028,7.807,,,,,,,,7.8070002,,,,1,IMF_WEO_forecast,,
NOR,Norway,2029,7.065,,,,,,,,7.0650001,,,,1,IMF_WEO_forecast,,
NPL,Nepal,2000,-1.481,,,,,,,-1.481,,,,,1,IMF_WEO,,
NPL,Nepal,2001,-2.354,,,,,,,-2.354,,,,,1,IMF_WEO,,
NPL,Nepal,2002,-2.464,,,,,,,-2.464,,,,,1,IMF_WEO,,
NPL,Nepal,2003,-.338,,,,,,,-.338,,,,,1,IMF_WEO,,
NPL,Nepal,2004,-.144,,,,,,,-.144,,,,,1,IMF_WEO,,
NPL,Nepal,2005,.245,,,,,,,.245,,,,,1,IMF_WEO,,
NPL,Nepal,2006,.235,,,,,,,.235,,,,,1,IMF_WEO,,
NPL,Nepal,2007,-.671,,,,,,,-.671,,,,,1,IMF_WEO,,
NPL,Nepal,2008,-.291,,,,,,,-.291,,,,,1,IMF_WEO,,
NPL,Nepal,2009,-2.237,,,,,,,-2.237,,,,,1,IMF_WEO,,
NPL,Nepal,2010,-.672,-1.3733801,,,,,,-.672,,,,,1,IMF_WEO,,
NPL,Nepal,2011,-.717,-.87519565,,,,,,-.717,,,,,1,IMF_WEO,,
NPL,Nepal,2012,-1.166,-.54338507,,,,,,-1.166,,,,,1,IMF_WEO,,
NPL,Nepal,2013,1.574,1.5020042,,,,,,1.574,,,,,1,IMF_WEO,,
NPL,Nepal,2014,1.347,1.5633835,,,,,,1.347,,,,,1,IMF_WEO,,
NPL,Nepal,2015,.577,.92949613,,,,,,.577,,,,,1,IMF_WEO,,
NPL,Nepal,2016,1.168,1.1766638,,,,,,1.168,,,,,1,IMF_WEO,,
NPL,Nepal,2017,-2.689,-2.3858153,,,,,,-2.689,,,,,1,IMF_WEO,,
NPL,Nepal,2018,-5.833,-4.7542527,,,,,,-5.833,,,,,1,IMF_WEO,,
NPL,Nepal,2019,-4.987,-4.7937058,,,,,-1.2675408,-4.987,,,,,1,IMF_WEO,,
NPL,Nepal,2020,-5.364,-4.8968529,,,,,-2.1667876,-5.364,,,,,1,IMF_WEO,,
NPL,Nepal,2021,-3.979,-4.0732874,,,,,.00741425,-3.979,,,,,1,IMF_WEO,,
NPL,Nepal,2022,-3.123,,,,,,,-3.123,,,,,1,IMF_WEO,,
NPL,Nepal,2023,-5.834,,,,,,,,-5.8340001,,,,1,IMF_WEO_forecast,1,1
NPL,Nepal,2024,-4.685,,,,,,,,-4.6849999,,,,1,IMF_WEO_forecast,,
NPL,Nepal,2025,-4.141,,,,,,,,-4.1409998,,,,1,IMF_WEO_forecast,,
NPL,Nepal,2026,-3.593,,,,,,,,-3.5929999,,,,1,IMF_WEO_forecast,,
NPL,Nepal,2027,-3.224,,,,,,,,-3.224,,,,1,IMF_WEO_forecast,,
NPL,Nepal,2028,-2.944,,,,,,,,-2.944,,,,1,IMF_WEO_forecast,,
NPL,Nepal,2029,-2.725,,,,,,,,-2.7249999,,,,1,IMF_WEO_forecast,,
NRU,Nauru,2005,4.25985,4.25985,,,,,,,,,,,1,ADB,,
NRU,Nauru,2006,8.30122,8.30122,,,,,,,,,,,1,ADB,,
NRU,Nauru,2007,2.62529,2.62529,,,,,,,,,,,1,ADB,,
NRU,Nauru,2008,7.27003,7.27003,,,,,,,,,,,1,ADB,1,3
NRU,Nauru,2009,.367,.28549,,,,,,.367,,,,,1,IMF_WEO,,
NRU,Nauru,2010,.093,.07286,,,,,,.093,,,,,1,IMF_WEO,,
NRU,Nauru,2011,2.733,,,,,,,2.733,,,,,1,IMF_WEO,,
NRU,Nauru,2012,8.116,7.9,,,,,,8.116,,,,,1,IMF_WEO,,
NRU,Nauru,2013,1.711,1.5,,,,,,1.711,,,,,1,IMF_WEO,,
NRU,Nauru,2014,29.562,25,,,,,8.6064281,29.562,,,,,1,IMF_WEO,,
NRU,Nauru,2015,10.741,10.5,,,,,-1.3159418,10.741,,,,,1,IMF_WEO,,
NRU,Nauru,2016,18.89,21.4,,,,,10.124321,18.89,,,,,1,IMF_WEO,,
NRU,Nauru,2017,16.17,20.1,,,,,5.0502621,16.17,,,,,1,IMF_WEO,,
NRU,Nauru,2018,29.559,33.6,,,,,26.140798,29.559,,,,,1,IMF_WEO,,
NRU,Nauru,2019,30.988,29.9,,,,,33.397171,30.988,,,,,1,IMF_WEO,,
NRU,Nauru,2020,42.809,35.7,,,,,32.717592,42.809,,,,,1,IMF_WEO,,
NRU,Nauru,2021,44.486,44.5,,,,,,44.486,,,,,1,IMF_WEO,,
NRU,Nauru,2022,24.8,24.8,,,,,,,23.552,,,,1,ADB,1,3
NRU,Nauru,2023,19.1,19.1,,,,,,,19.046,,,,1,ADB,,
NRU,Nauru,2024,30.187,,,,,,,,30.187,,,,1,IMF_WEO_forecast,1,3
NRU,Nauru,2025,2.032,,,,,,,,2.0320001,,,,1,IMF_WEO_forecast,,
NRU,Nauru,2026,4.543,,,,,,,,4.5430002,,,,1,IMF_WEO_forecast,,
NRU,Nauru,2027,6.107,,,,,,,,6.1069999,,,,1,IMF_WEO_forecast,,
NRU,Nauru,2028,7.067,,,,,,,,7.0669999,,,,1,IMF_WEO_forecast,,
NRU,Nauru,2029,7.497,,,,,,,,7.4970002,,,,1,IMF_WEO_forecast,,
NZL,New Zealand,1913,.7891006,,,,,.7891006,,,,,,,1,IMF_FPP,,
NZL,New Zealand,1914,.4528999,,,,,.4528999,,,,,,,1,IMF_FPP,,
NZL,New Zealand,1915,.0550995,,,,,.0550995,,,,,,,1,IMF_FPP,,
NZL,New Zealand,1916,1.4605,,,,,1.4605,,,,,,,1,IMF_FPP,,
NZL,New Zealand,1917,3.8884,,,,,3.8884,,,,,,,1,IMF_FPP,,
NZL,New Zealand,1918,4.346401,,,,,4.346401,,,,,,,1,IMF_FPP,,
NZL,New Zealand,1919,2.8956,,,,,2.8956,,,,,,,1,IMF_FPP,,
NZL,New Zealand,1920,1.5054,,,,,1.5054,,,,,,,1,IMF_FPP,,
NZL,New Zealand,1921,3.5474,,,,,3.5474,,,,,,,1,IMF_FPP,,
NZL,New Zealand,1922,-.2010002,,,,,-.2010002,,,,,,,1,IMF_FPP,,
NZL,New Zealand,1923,.9456997,,,,,.9456997,,,,,,,1,IMF_FPP,,
NZL,New Zealand,1924,1.197399,,,,,1.197399,,,,,,,1,IMF_FPP,,
NZL,New Zealand,1925,.7789993,,,,,.7789993,,,,,,,1,IMF_FPP,,
NZL,New Zealand,1926,.7208004,,,,,.7208004,,,,,,,1,IMF_FPP,,
NZL,New Zealand,1927,.3980007,,,,,.3980007,,,,,,,1,IMF_FPP,,
NZL,New Zealand,1928,.1186008,,,,,.1186008,,,,,,,1,IMF_FPP,,
NZL,New Zealand,1929,-.3712006,,,,,-.3712006,,,,,,,1,IMF_FPP,,
NZL,New Zealand,1930,.0923996,,,,,.0923996,,,,,,,1,IMF_FPP,,
NZL,New Zealand,1931,-1.123799,,,,,-1.123799,,,,,,,1,IMF_FPP,,
NZL,New Zealand,1932,-1.7672,,,,,-1.7672,,,,,,,1,IMF_FPP,,
NZL,New Zealand,1933,.0165997,,,,,.0165997,,,,,,,1,IMF_FPP,,
NZL,New Zealand,1934,-.5524006,,,,,-.5524006,,,,,,,1,IMF_FPP,,
NZL,New Zealand,1935,1.190802,,,,,1.190802,,,,,,,1,IMF_FPP,,
NZL,New Zealand,1936,.1735001,,,,,.1735001,,,,,,,1,IMF_FPP,,
NZL,New Zealand,1937,.230401,,,,,.230401,,,,,,,1,IMF_FPP,,
NZL,New Zealand,1938,.3792,,,,,.3792,,,,,,,1,IMF_FPP,,
NZL,New Zealand,1939,.3416996,,,,,.3416996,,,,,,,1,IMF_FPP,,
NZL,New Zealand,1940,.1268997,,,,,.1268997,,,,,,,1,IMF_FPP,,
NZL,New Zealand,1941,.6385994,,,,,.6385994,,,,,,,1,IMF_FPP,,
NZL,New Zealand,1942,.5636997,,,,,.5636997,,,,,,,1,IMF_FPP,,
NZL,New Zealand,1943,1.237,,,,,1.237,,,,,,,1,IMF_FPP,,
NZL,New Zealand,1944,.5859003,,,,,.5859003,,,,,,,1,IMF_FPP,,
NZL,New Zealand,1945,,,,,,,,,,,,,1,IMF_FPP,,
NZL,New Zealand,1946,,,,,,,,,,,,,1,IMF_FPP,,
NZL,New Zealand,1947,1.0714,,,,,1.0714,,,,,,,1,IMF_FPP,,
NZL,New Zealand,1948,.3633003,,,,,.3633003,,,,,,,1,IMF_FPP,,
NZL,New Zealand,1949,.5300999,,,,,.5300999,,,,,,,1,IMF_FPP,,
NZL,New Zealand,1950,.7763004,,,,,.7763004,,,,,,,1,IMF_FPP,,
NZL,New Zealand,1951,1.1728,,,,,1.1728,,,,,,,1,IMF_FPP,,
NZL,New Zealand,1952,1.732401,,,,,1.732401,,,,,,,1,IMF_FPP,,
NZL,New Zealand,1953,.4348011,,,,,.4348011,,,,,,,1,IMF_FPP,,
NZL,New Zealand,1954,.2152004,,,,,.2152004,,,,,,,1,IMF_FPP,,
NZL,New Zealand,1955,.7262001,,,,,.7262001,,,,,,,1,IMF_FPP,,
NZL,New Zealand,1956,1.3272,,,,,1.3272,,,,,,,1,IMF_FPP,,
NZL,New Zealand,1957,.3201008,,,,,.3201008,,,,,,,1,IMF_FPP,,
NZL,New Zealand,1958,-.0153008,,,,,-.0153008,,,,,,,1,IMF_FPP,,
NZL,New Zealand,1959,.0324993,,,,,.0324993,,,,,,,1,IMF_FPP,,
NZL,New Zealand,1960,.0522003,,,,,.0522003,,,,,,,1,IMF_FPP,,
NZL,New Zealand,1961,.0300999,,,,,.0300999,,,,,,,1,IMF_FPP,,
NZL,New Zealand,1962,.0242004,,,,,.0242004,,,,,,,1,IMF_FPP,,
NZL,New Zealand,1963,-.2642002,,,,,-.2642002,,,,,,,1,IMF_FPP,,
NZL,New Zealand,1964,-.0830002,,,,,-.0830002,,,,,,,1,IMF_FPP,,
NZL,New Zealand,1965,.2564983,,,,,.2564983,,,,,,,1,IMF_FPP,,
NZL,New Zealand,1966,.0917988,,,,,.0917988,,,,,,,1,IMF_FPP,,
NZL,New Zealand,1967,.0172997,,,,,.0172997,,,,,,,1,IMF_FPP,,
NZL,New Zealand,1968,.0333996,,,,,.0333996,,,,,,,1,IMF_FPP,,
NZL,New Zealand,1969,.1735992,,,,,.1735992,,,,,,,1,IMF_FPP,,
NZL,New Zealand,1970,-.0506992,,,,,-.0506992,,,,,,,1,IMF_FPP,,
NZL,New Zealand,1971,.0909004,,,,,.0909004,,,,,,,1,IMF_FPP,,
NZL,New Zealand,1972,.1222,,,,,.1222,,,,,,,1,IMF_FPP,,
NZL,New Zealand,1973,-.0657997,,,,,-.0657997,,,,,,,1,IMF_FPP,,
NZL,New Zealand,1974,.0261002,,,,,.0261002,,,,,,,1,IMF_FPP,,
NZL,New Zealand,1975,.110899,,,,,.110899,,,,,,,1,IMF_FPP,,
NZL,New Zealand,1976,-2.069799,,,,,-2.069799,,,,,,,1,IMF_FPP,,
NZL,New Zealand,1977,-1.085001,,,,,-1.085001,,,,,,,1,IMF_FPP,,
NZL,New Zealand,1978,-3.414101,,,,,-3.414101,,,,,,,1,IMF_FPP,,
NZL,New Zealand,1979,-6.547398,,,,,-6.547398,,,,,,,1,IMF_FPP,,
NZL,New Zealand,1980,-4.896202,,,,,-4.896202,,,,,,,1,IMF_FPP,,
NZL,New Zealand,1981,-6.017399,,,,,-6.017399,,,,,,,1,IMF_FPP,,
NZL,New Zealand,1982,-6.258598,,,,,-6.258598,,,,,,,1,IMF_FPP,,
NZL,New Zealand,1983,-6.6436,,,,,-6.6436,,,,,,,1,IMF_FPP,,
NZL,New Zealand,1984,-8.678799,,,,,-8.678799,,,,,,,1,IMF_FPP,1,3
NZL,New Zealand,1985,-6.971,,,,,-6.971082,,-6.971,,,,,1,IMF_WEO,1,3
NZL,New Zealand,1986,-6.802415,,,,,-5.331384,,-5.331,,-6.8024149,,,1,OECD_EO,,
NZL,New Zealand,1987,-2.625161,,,,,-3.428747,,-3.429,,-2.6251609,,,1,OECD_EO,,
NZL,New Zealand,1988,-4.851883,,,,,-1.880136,,-1.88,,-4.8518831,,,1,OECD_EO,,
NZL,New Zealand,1989,-3.615497,,,,,-2.163928,,-2.164,,-3.615497,,,1,OECD_EO,,
NZL,New Zealand,1990,-4.892316,,,,,-2.731393,,-2.731,,-4.8923164,,,1,OECD_EO,,
NZL,New Zealand,1991,-3.581086,,,,,-6.143806,,-6.144,,-3.5810863,,,1,OECD_EO,,
NZL,New Zealand,1992,-2.985769,,,,,-6.269678,,-6.27,,-2.9857686,,,1,OECD_EO,,
NZL,New Zealand,1993,-.4083025,,,,,-1.52599,,-1.526,,-.40830245,,,1,OECD_EO,,
NZL,New Zealand,1994,2.574779,,,,,1.992362,,1.992,,2.5747787,,,1,OECD_EO,,
NZL,New Zealand,1995,2.371022,,,,,3.696928,,3.697,,2.3710223,,,1,OECD_EO,,
NZL,New Zealand,1996,2.418758,,,,,2.575021,,2.575,,2.4187583,,,1,OECD_EO,,
NZL,New Zealand,1997,.8597012,,,,,1.234995,,1.235,,.85970121,,,1,OECD_EO,,
NZL,New Zealand,1998,-.0188909,,,,,-.4790008,,-.479,,-.01889091,,,1,OECD_EO,,
NZL,New Zealand,1999,-.2193771,,,,,-1.114603,,-1.115,,-.21937711,,,1,OECD_EO,,
NZL,New Zealand,2000,1.684074,,,,,.1696684,,.17,,1.6840735,,,1,OECD_EO,,
NZL,New Zealand,2001,1.371316,,,,,1.285633,,1.286,,1.3713164,,,1,OECD_EO,,
NZL,New Zealand,2002,3.34211,,,,,2.550391,,2.55,,3.34211,,,1,OECD_EO,,
NZL,New Zealand,2003,3.504557,,,,,3.683163,,3.683,,3.5045573,,,1,OECD_EO,,
NZL,New Zealand,2004,4.117405,,,,,4.492244,,4.492,,4.1174049,,,1,OECD_EO,,
NZL,New Zealand,2005,4.799512,,,,,5.129643,,5.13,,4.7995125,,,1,OECD_EO,,
NZL,New Zealand,2006,5.360504,,,,,4.619044,,4.619,,5.3605038,,,1,OECD_EO,,
NZL,New Zealand,2007,4.465002,,,,,3.59607,,3.596,,4.465002,,,1,OECD_EO,,
NZL,New Zealand,2008,.5769454,,,,,1.471921,,1.472,,.57694541,,,1,OECD_EO,,
NZL,New Zealand,2009,-2.725198,,,,,-1.817059,-.24330297,-1.817,,-2.7251975,,,1,OECD_EO,,
NZL,New Zealand,2010,-6.847752,-3.5,,,,-5.52559,-3.2756865,-5.526,,-6.8477517,,,1,OECD_EO,,
NZL,New Zealand,2011,-4.056564,-7.4,,,,-4.966922,-7.1845405,-4.967,,-4.0565644,,,1,OECD_EO,,
NZL,New Zealand,2012,-2.108958,-2.6,,,,-2.195326,-2.5860486,-2.195,,-2.1089582,,,1,OECD_EO,,
NZL,New Zealand,2013,-.6397383,-1.7,,,,-1.288246,-1.7224614,-1.288,,-.63973832,,,1,OECD_EO,,
NZL,New Zealand,2014,.4769515,-.9,,,,-.335817,-.82371474,-.336,,.4769515,,,1,OECD_EO,,
NZL,New Zealand,2015,.1882469,.2,,,,.3651751,-.05242715,.365,,.18824688,,,1,OECD_EO,,
NZL,New Zealand,2016,1.232332,.5,,,,.9783301,.64438571,.978,,1.2323323,,,1,OECD_EO,,
NZL,New Zealand,2017,1.687176,1.4,,,,1.357979,1.2998097,1.358,,1.687176,,,1,OECD_EO,,
NZL,New Zealand,2018,.8397583,1.3,,,,1.270845,1.1970801,1.271,,.83975826,,,1,OECD_EO,,
NZL,New Zealand,2019,-.4087211,1.2,,,,-2.499046,1.5276494,-2.499,,-.40872105,,,1,OECD_EO,,
NZL,New Zealand,2020,-7.921828,-6.2,,,,-4.328357,-5.4924154,-4.328,,-7.9218276,,,1,OECD_EO,,
NZL,New Zealand,2021,-4.170648,-2.5,,,,-3.237286,-1.781176,-3.237,,-4.1706476,,,1,OECD_EO,,
NZL,New Zealand,2022,-2.695914,-4.6,,,,-3.510619,-4.3418607,-3.511,,-2.6959137,,,1,OECD_EO,,
NZL,New Zealand,2023,-3.039665,,,,,-3.332507,-3.3182595,,-3.3329999,-3.0396646,,,1,OECD_EO,,
NZL,New Zealand,2024,-2.943813,,,,,,,,-3.845,-2.9438131,,,1,OECD_EO,,
NZL,New Zealand,2025,-2.3546,,,,,,,,-3.493,-2.3545998,,,1,OECD_EO,,
NZL,New Zealand,2026,-1.931425,,,,,,,,-2.3380001,-1.9314254,,,1,OECD_EO,,
NZL,New Zealand,2027,-1.176,,,,,,,,-1.176,,,,1,IMF_WEO_forecast,1,3
NZL,New Zealand,2028,-.188,,,,,,,,-.18799999,,,,1,IMF_WEO_forecast,,
NZL,New Zealand,2029,.225,,,,,,,,.22499999,,,,1,IMF_WEO_forecast,,
OMN,Oman,1990,4.777,,,,,4.776742,,4.777,,,,,1,IMF_WEO,,
OMN,Oman,1991,.116,,,,,.1162517,,.116,,,,,1,IMF_WEO,,
OMN,Oman,1992,-4.85,,,,,-4.850235,,-4.85,,,,,1,IMF_WEO,,
OMN,Oman,1993,-6.836,,,,,-6.836058,,-6.836,,,,,1,IMF_WEO,,
OMN,Oman,1994,-7.465,,,,,-7.46526,,-7.465,,,,,1,IMF_WEO,,
OMN,Oman,1995,-3.9,,,,,-3.899661,,-3.9,,,,,1,IMF_WEO,,
OMN,Oman,1996,2.218,,,,,2.218175,,2.218,,,,,1,IMF_WEO,,
OMN,Oman,1997,4.773,,,,,4.772837,,4.773,,,,,1,IMF_WEO,,
OMN,Oman,1998,-4.371,,,,,-4.37052,,-4.371,,,,,1,IMF_WEO,,
OMN,Oman,1999,.303,,,,,.3031504,,.303,,,,,1,IMF_WEO,,
OMN,Oman,2000,12.16,,,,,12.16019,,12.16,,,,,1,IMF_WEO,,
OMN,Oman,2001,7.545,,,,,7.545101,,7.545,,,,,1,IMF_WEO,,
OMN,Oman,2002,5.314,,,,,5.3136,,5.314,,,,,1,IMF_WEO,,
OMN,Oman,2003,5.92,,,,,5.919616,,5.92,,,,,1,IMF_WEO,,
OMN,Oman,2004,5.43,,,,,5.43001,,5.43,,,,,1,IMF_WEO,,
OMN,Oman,2005,11.209,,,,,11.20938,,11.209,,,,,1,IMF_WEO,,
OMN,Oman,2006,12.226,,,,,12.22642,,12.226,,,,,1,IMF_WEO,,
OMN,Oman,2007,10.489,,,,,10.48921,,10.489,,,,,1,IMF_WEO,,
OMN,Oman,2008,14.656,,,,,14.6558,,14.656,,,,,1,IMF_WEO,,
OMN,Oman,2009,-.271,,,,,-.2706534,,-.271,,,,,1,IMF_WEO,,
OMN,Oman,2010,4.946,,,,,4.945639,,4.946,,,,,1,IMF_WEO,,
OMN,Oman,2011,8.239,,,,,8.238659,,8.239,,,,,1,IMF_WEO,,
OMN,Oman,2012,4.073,,,,,4.073352,,4.073,,,,,1,IMF_WEO,1,4
OMN,Oman,2013,-.2726738,,-.2726738,,,2.777718,,2.778,,,,,1,AMF,,
OMN,Oman,2014,-3.414063,,-3.414063,,,-1.576855,,-1.577,,,,,1,AMF,,
OMN,Oman,2015,-17.47675,,-17.47675,,,-13.4719,,-13.472,,,,,1,AMF,,
OMN,Oman,2016,-19.04514,,-19.04514,,,-19.6177,,-19.618,,,,,1,AMF,,
OMN,Oman,2017,-11.72365,,-11.72365,,,-10.45924,,-10.459,,,,,1,AMF,,
OMN,Oman,2018,-5.879604,,-5.879604,,,-6.719241,,-6.719,,,,,1,AMF,,
OMN,Oman,2019,-6.081903,,-6.081903,,,-4.83005,,-4.83,,,,,1,AMF,,
OMN,Oman,2020,-15.83134,,-15.83134,,,-15.67329,,-15.673,,,,,1,AMF,,
OMN,Oman,2021,-2.228855,,-2.228855,,,-3.165666,,-3.166,,,,,1,AMF,,
OMN,Oman,2022,10.325,,,,,10.32489,,10.325,,,,,1,IMF_WEO,1,4
OMN,Oman,2023,6.689548,,,,,6.689548,,,6.6900001,,,,1,IMF_FPP,1,4
OMN,Oman,2024,5.015,,,,,,,,5.0149999,,,,1,IMF_WEO_forecast,1,4
OMN,Oman,2025,2.475,,,,,,,,2.4749999,,,,1,IMF_WEO_forecast,,
OMN,Oman,2026,3.295,,,,,,,,3.2950001,,,,1,IMF_WEO_forecast,,
OMN,Oman,2027,3.412,,,,,,,,3.4119999,,,,1,IMF_WEO_forecast,,
OMN,Oman,2028,3.519,,,,,,,,3.5190001,,,,1,IMF_WEO_forecast,,
OMN,Oman,2029,3.482,,,,,,,,3.4820001,,,,1,IMF_WEO_forecast,,
PAK,Pakistan,1950,-1.2351,,,,,-1.2351,,,,,,,1,IMF_FPP,,
PAK,Pakistan,1951,.6328897,,,,,.6328897,,,,,,,1,IMF_FPP,,
PAK,Pakistan,1952,-.7348599,,,,,-.7348599,,,,,,,1,IMF_FPP,,
PAK,Pakistan,1953,-2.66392,,,,,-2.66392,,,,,,,1,IMF_FPP,,
PAK,Pakistan,1954,-3.17877,,,,,-3.17877,,,,,,,1,IMF_FPP,,
PAK,Pakistan,1955,-1.99604,,,,,-1.99604,,,,,,,1,IMF_FPP,,
PAK,Pakistan,1956,-2.36354,,,,,-2.36354,,,,,,,1,IMF_FPP,,
PAK,Pakistan,1957,-2.20669,,,,,-2.20669,,,,,,,1,IMF_FPP,,
PAK,Pakistan,1958,-4.19893,,,,,-4.19893,,,,,,,1,IMF_FPP,,
PAK,Pakistan,1959,-3.70856,,,,,-3.70856,,,,,,,1,IMF_FPP,,
PAK,Pakistan,1960,-3.82643,,,,,-3.82643,,,,,,,1,IMF_FPP,,
PAK,Pakistan,1961,-4.5964,,,,,-4.5964,,,,,,,1,IMF_FPP,,
PAK,Pakistan,1962,-3.38634,,,,,-3.38634,,,,,,,1,IMF_FPP,,
PAK,Pakistan,1963,-6.55445,,,,,-6.55445,,,,,,,1,IMF_FPP,,
PAK,Pakistan,1964,-4.8925,,,,,-4.8925,,,,,,,1,IMF_FPP,,
PAK,Pakistan,1965,-3.28447,,,,,-3.28447,,,,,,,1,IMF_FPP,,
PAK,Pakistan,1966,-4.484509,,,,,-4.484509,,,,,,,1,IMF_FPP,,
PAK,Pakistan,1967,-4.2727,,,,,-4.2727,,,,,,,1,IMF_FPP,,
PAK,Pakistan,1968,,,,,,,,,,,,,1,IMF_FPP,,
PAK,Pakistan,1969,,,,,,,,,,,,,1,IMF_FPP,,
PAK,Pakistan,1970,,,,,,,,,,,,,1,IMF_FPP,,
PAK,Pakistan,1971,-7.4457,,,,,-7.4457,,,,,,,1,IMF_FPP,,
PAK,Pakistan,1972,-3.1571,,,,,-3.1571,,,,,,,1,IMF_FPP,,
PAK,Pakistan,1973,-3.991119,,,,,-3.991119,,,,,,,1,IMF_FPP,,
PAK,Pakistan,1974,-4.4487,,,,,-4.4487,,,,,,,1,IMF_FPP,,
PAK,Pakistan,1975,-8.9691,,,,,-8.9691,,,,,,,1,IMF_FPP,,
PAK,Pakistan,1976,-9.053801,,,,,-9.053801,,,,,,,1,IMF_FPP,,
PAK,Pakistan,1977,-8.736601,,,,,-8.736601,,,,,,,1,IMF_FPP,,
PAK,Pakistan,1978,-12.359,,,,,-12.359,,,,,,,1,IMF_FPP,,
PAK,Pakistan,1979,-11.6239,,,,,-11.6239,,,,,,,1,IMF_FPP,,
PAK,Pakistan,1980,-5.3237,,,,,-5.3237,,,,,,,1,IMF_FPP,,
PAK,Pakistan,1981,-5.8333,,,,,-5.8333,,,,,,,1,IMF_FPP,,
PAK,Pakistan,1982,-8.241701,,,,,-8.241701,,,,,,,1,IMF_FPP,,
PAK,Pakistan,1983,-7.5476,,,,,-7.5476,,,,,,,1,IMF_FPP,,
PAK,Pakistan,1984,-8.8983,,,,,-8.8983,,,,,,,1,IMF_FPP,,
PAK,Pakistan,1985,-10.6019,,,,,-10.6019,,,,,,,1,IMF_FPP,,
PAK,Pakistan,1986,-9.790201,,,,,-9.790201,,,,,,,1,IMF_FPP,,
PAK,Pakistan,1987,-11.7037,,,,,-11.7037,,,,,,,1,IMF_FPP,,
PAK,Pakistan,1988,-9.3507,,,,,-9.3507,,,,,,,1,IMF_FPP,,
PAK,Pakistan,1989,-7.009298,,,,,-7.009298,,,,,,,1,IMF_FPP,,
PAK,Pakistan,1990,-5.882401,,,,,-5.882401,,,,,,,1,IMF_FPP,,
PAK,Pakistan,1991,-5.278799,,,,,-5.278799,,,,,,,1,IMF_FPP,,
PAK,Pakistan,1992,-6.2162,,,,,-6.2162,,,,,,,1,IMF_FPP,1,2
PAK,Pakistan,1993,-5.526,,,,,-5.526143,,-5.526,,,,,1,IMF_WEO,,
PAK,Pakistan,1994,-3.627,,,,,-3.626949,,-3.627,,,,,1,IMF_WEO,,
PAK,Pakistan,1995,-3.898,,,,,-3.897553,,-3.898,,,,,1,IMF_WEO,,
PAK,Pakistan,1996,-4.333,,,,,-4.333352,,-4.333,,,,,1,IMF_WEO,,
PAK,Pakistan,1997,-3.865,,,,,-3.865333,,-3.865,,,,,1,IMF_WEO,,
PAK,Pakistan,1998,-4.462,,,,,-4.462247,,-4.462,,,,,1,IMF_WEO,,
PAK,Pakistan,1999,-3.069,,,,,-3.068713,,-3.069,,,,,1,IMF_WEO,,
PAK,Pakistan,2000,-3.212,-4.0080861,,,,-3.21222,,-3.212,,,,,1,IMF_WEO,,
PAK,Pakistan,2001,-2.455,-3.1772592,,,,-2.4548,,-2.455,,,,,1,IMF_WEO,,
PAK,Pakistan,2002,-2.637,-3.1583135,,,,-2.636947,,-2.637,,,,,1,IMF_WEO,,
PAK,Pakistan,2003,-.118,-2.744004,,,,-.1178737,,-.118,,,,,1,IMF_WEO,,
PAK,Pakistan,2004,-1.291,-1.3072019,,,,-1.291345,,-1.291,,,,,1,IMF_WEO,,
PAK,Pakistan,2005,-2.287,-2.2931045,,,,-2.287292,,-2.287,,,,,1,IMF_WEO,,
PAK,Pakistan,2006,-2.786,-2.8993801,,,,-2.786273,,-2.786,,,,,1,IMF_WEO,,
PAK,Pakistan,2007,-4.234,-3.1192271,,,,-4.234394,,-4.234,,,,,1,IMF_WEO,,
PAK,Pakistan,2008,-5.938,-5.9028854,,,,-5.937866,,-5.938,,,,,1,IMF_WEO,,
PAK,Pakistan,2009,-4.531,-4.4056732,,,,-4.530808,,-4.531,,,,,1,IMF_WEO,,
PAK,Pakistan,2010,-5.415,-5.322543,,,,-5.415243,,-5.415,,,,,1,IMF_WEO,,
PAK,Pakistan,2011,-6.234,-5.8226357,,,,-6.233851,,-6.234,,,,,1,IMF_WEO,,
PAK,Pakistan,2012,-7.743,-7.7235976,,,,-7.743195,,-7.743,,,,,1,IMF_WEO,,
PAK,Pakistan,2013,-7.481,-7.2068917,,,,-7.481025,,-7.481,,,,,1,IMF_WEO,,
PAK,Pakistan,2014,-4.369,-4.2748145,,,,-4.368896,,-4.369,,,,,1,IMF_WEO,,
PAK,Pakistan,2015,-4.739,-4.714263,,,,-4.738769,,-4.739,,,,,1,IMF_WEO,,
PAK,Pakistan,2016,-3.923,-4.0352911,,,,-3.923261,,-3.923,,,,,1,IMF_WEO,,
PAK,Pakistan,2017,-5.171,-5.1712064,,,,-5.171267,,-5.171,,,,,1,IMF_WEO,,
PAK,Pakistan,2018,-5.673,-5.6734524,,,,-5.673294,,-5.673,,,,,1,IMF_WEO,,
PAK,Pakistan,2019,-7.789,-7.7900658,,,,-7.789131,,-7.789,,,,,1,IMF_WEO,,
PAK,Pakistan,2020,-7.032,-7.0316302,,,,-7.031589,,-7.032,,,,,1,IMF_WEO,,
PAK,Pakistan,2021,-6.041,-6.0447093,,,,-6.041186,,-6.041,,,,,1,IMF_WEO,,
PAK,Pakistan,2022,-7.838,-7.8308969,,,,-7.838284,,-7.838,,,,,1,IMF_WEO,,
PAK,Pakistan,2023,-7.715,-7.7161438,,,,-7.715127,,-7.715,,,,,1,IMF_WEO,,
PAK,Pakistan,2024,-6.747,,,,,,,,-6.7470002,,,,1,IMF_WEO_forecast,1,2
PAK,Pakistan,2025,-6.037,,,,,,,,-6.0370002,,,,1,IMF_WEO_forecast,,
PAK,Pakistan,2026,-4.662,,,,,,,,-4.6620002,,,,1,IMF_WEO_forecast,,
PAK,Pakistan,2027,-3.573,,,,,,,,-3.573,,,,1,IMF_WEO_forecast,,
PAK,Pakistan,2028,-3.005,,,,,,,,-3.0050001,,,,1,IMF_WEO_forecast,,
PAK,Pakistan,2029,-2.822,,,,,,,,-2.822,,,,1,IMF_WEO_forecast,,
PAN,Panama,1953,-.5460005,,,,,-.5460005,,,,,,,1,IMF_FPP,,
PAN,Panama,1954,,,,,,,,,,,,,1,IMF_FPP,,
PAN,Panama,1955,,,,,,,,,,,,,1,IMF_FPP,,
PAN,Panama,1956,-3.6888,,,,,-3.6888,,,,,,,1,IMF_FPP,,
PAN,Panama,1957,-.8877001,,,,,-.8877001,,,,,,,1,IMF_FPP,,
PAN,Panama,1958,-1.623,,,,,-1.623,,,,,,,1,IMF_FPP,,
PAN,Panama,1959,-3.787099,,,,,-3.787099,,,,,,,1,IMF_FPP,,
PAN,Panama,1960,-3.0529,,,,,-3.0529,,,,,,,1,IMF_FPP,,
PAN,Panama,1961,-5.4526,,,,,-5.4526,,,,,,,1,IMF_FPP,,
PAN,Panama,1962,-3.0099,,,,,-3.0099,,,,,,,1,IMF_FPP,,
PAN,Panama,1963,-6.7084,,,,,-6.7084,,,,,,,1,IMF_FPP,,
PAN,Panama,1964,-2.5096,,,,,-2.5096,,,,,,,1,IMF_FPP,,
PAN,Panama,1965,-1.1703,,,,,-1.1703,,,,,,,1,IMF_FPP,,
PAN,Panama,1966,-1.1764,,,,,-1.1764,,,,,,,1,IMF_FPP,,
PAN,Panama,1967,-1.9749,,,,,-1.9749,,,,,,,1,IMF_FPP,,
PAN,Panama,1968,-1.5049,,,,,-1.5049,,,,,,,1,IMF_FPP,,
PAN,Panama,1969,-7.5559,,,,,-7.5559,,,,,,,1,IMF_FPP,,
PAN,Panama,1970,-8.023001,,,,,-8.023001,,,,,,,1,IMF_FPP,,
PAN,Panama,1971,-.5108004,,,,,-.5108004,,,,,,,1,IMF_FPP,,
PAN,Panama,1972,-1.1702,,,,,-1.1702,,,,,,,1,IMF_FPP,,
PAN,Panama,1973,-.0127001,,,,,-.0127001,,,,,,,1,IMF_FPP,,
PAN,Panama,1974,-.6001997,,,,,-.6001997,,,,,,,1,IMF_FPP,,
PAN,Panama,1975,-.7391996,,,,,-.7391996,,,,,,,1,IMF_FPP,,
PAN,Panama,1976,-2.6505,,,,,-2.6505,,,,,,,1,IMF_FPP,,
PAN,Panama,1977,-1.612299,,,,,-1.612299,,,,,,,1,IMF_FPP,,
PAN,Panama,1978,,,,,,,,,,,,,1,IMF_FPP,,
PAN,Panama,1979,,,,,,,,,,,,,1,IMF_FPP,,
PAN,Panama,1980,,,,,,,,,,,,,1,IMF_FPP,,
PAN,Panama,1981,,,,,,,,,,,,,1,IMF_FPP,,
PAN,Panama,1982,-13.259,,,,,-13.259,,,,,,,1,IMF_FPP,,
PAN,Panama,1983,-7.615498,,,,,-7.615498,,,,,,,1,IMF_FPP,,
PAN,Panama,1984,-7.559502,,,,,-7.559502,,,,,,,1,IMF_FPP,,
PAN,Panama,1985,-2.569599,,,,,-2.569599,,,,,,,1,IMF_FPP,,
PAN,Panama,1986,-.9990997,,,,,-.9990997,,,,,,,1,IMF_FPP,,
PAN,Panama,1987,-1.697899,,,,,-1.697899,,,,,,,1,IMF_FPP,,
PAN,Panama,1988,-13.5213,,,,,-13.5213,,,,,,,1,IMF_FPP,,
PAN,Panama,1989,-13.5891,,,,,-13.5891,,,,,,,1,IMF_FPP,,
PAN,Panama,1990,-3.654697,,,,,-3.654697,,,,,,,1,IMF_FPP,,
PAN,Panama,1991,-.5991001,,,,,-.5991001,,,,,,,1,IMF_FPP,,
PAN,Panama,1992,-2.622002,,,,,-2.622002,,,,,,,1,IMF_FPP,,
PAN,Panama,1993,-9.398899,,,,,-9.398899,,,,,,,1,IMF_FPP,1,3
PAN,Panama,1994,2.099,,,,,2.098562,,2.099,,,,,1,IMF_WEO,,
PAN,Panama,1995,1.983,,,,,1.983396,,1.983,,,,,1,IMF_WEO,,
PAN,Panama,1996,2.191,,,,,2.191162,,2.191,,,,,1,IMF_WEO,,
PAN,Panama,1997,1.095,,,,,1.094545,,1.095,,,,,1,IMF_WEO,,
PAN,Panama,1998,-1.155,,,,,-1.154652,,-1.155,,,,,1,IMF_WEO,,
PAN,Panama,1999,-.62,,,,,-.6202746,,-.62,,,,,1,IMF_WEO,,
PAN,Panama,2000,2.094,,,,,2.093716,,2.094,,,,,1,IMF_WEO,,
PAN,Panama,2001,-.379,,,,,-.3790032,,-.379,,,,,1,IMF_WEO,,
PAN,Panama,2002,-.932,,,,,-.9317574,,-.932,,,,,1,IMF_WEO,,
PAN,Panama,2003,-2.499,,,,,-2.498701,,-2.499,,,,,1,IMF_WEO,,
PAN,Panama,2004,-4.882,,,,,-4.881869,,-4.882,,,,,1,IMF_WEO,,
PAN,Panama,2005,-3.216,,,,,-3.216442,,-3.216,,,,,1,IMF_WEO,,
PAN,Panama,2006,.51,,,,,.5097759,,.51,,,,,1,IMF_WEO,,
PAN,Panama,2007,3.598,,,,,3.597686,,3.598,,,,,1,IMF_WEO,,
PAN,Panama,2008,.41,,,,,.4100778,,.41,,,,,1,IMF_WEO,,
PAN,Panama,2009,.016,,,,,.0162798,,.016,,,,,1,IMF_WEO,,
PAN,Panama,2010,-2.03,,,,,-2.03004,,-2.03,,,,,1,IMF_WEO,,
PAN,Panama,2011,-2.158,,,,,-2.157593,,-2.158,,,,,1,IMF_WEO,,
PAN,Panama,2012,-1.466,,,,,-1.466133,,-1.466,,,,,1,IMF_WEO,,
PAN,Panama,2013,-2.41,,,,,-2.409591,,-2.41,,,,,1,IMF_WEO,,
PAN,Panama,2014,-3.163,,,,,-3.163308,,-3.163,,,,,1,IMF_WEO,,
PAN,Panama,2015,-2.254,,,,,-2.254033,,-2.254,,,,,1,IMF_WEO,,
PAN,Panama,2016,-1.876,,,,,-1.87587,,-1.876,,,,,1,IMF_WEO,,
PAN,Panama,2017,-1.881,,,,,-1.880988,,-1.881,,,,,1,IMF_WEO,,
PAN,Panama,2018,-2.727,,,,,-2.726628,,-2.727,,,,,1,IMF_WEO,,
PAN,Panama,2019,-2.924,,,,,-2.924219,,-2.924,,,,,1,IMF_WEO,,
PAN,Panama,2020,-9.982,,,,,-9.982165,,-9.982,,,,,1,IMF_WEO,,
PAN,Panama,2021,-6.416,,,,,-6.416326,,-6.416,,,,,1,IMF_WEO,,
PAN,Panama,2022,-4.037,,,,,-4.037107,,-4.037,,,,,1,IMF_WEO,,
PAN,Panama,2023,-2.986353,,,,,-2.986353,,,-2.9860001,,,,1,IMF_FPP,1,3
PAN,Panama,2024,-4.26,,,,,,,,-4.2600002,,,,1,IMF_WEO_forecast,1,3
PAN,Panama,2025,-3.212,,,,,,,,-3.2119999,,,,1,IMF_WEO_forecast,,
PAN,Panama,2026,-2.189,,,,,,,,-2.1889999,,,,1,IMF_WEO_forecast,,
PAN,Panama,2027,-1.51,,,,,,,,-1.51,,,,1,IMF_WEO_forecast,,
PAN,Panama,2028,-1.57,,,,,,,,-1.5700001,,,,1,IMF_WEO_forecast,,
PAN,Panama,2029,-1.637,,,,,,,,-1.637,,,,1,IMF_WEO_forecast,,
PER,Peru,1970,-.4154549,,,,,-.4154549,,,,,,,1,IMF_FPP,,
PER,Peru,1971,-1.891073,,,,,-1.891073,,,,,,,1,IMF_FPP,,
PER,Peru,1972,-2.035968,,,,,-2.035968,,,,,,,1,IMF_FPP,,
PER,Peru,1973,-6.68148,,,,,-6.68148,,,,,,,1,IMF_FPP,,
PER,Peru,1974,-4.46928,,,,,-4.46928,,,,,,,1,IMF_FPP,,
PER,Peru,1975,-6.543069,,,,,-6.543069,,,,,,,1,IMF_FPP,,
PER,Peru,1976,-8.371481,,,,,-8.371481,,,,,,,1,IMF_FPP,,
PER,Peru,1977,-6.52235,,,,,-6.52235,,,,,,,1,IMF_FPP,,
PER,Peru,1978,-5.06707,,,,,-5.06707,,,,,,,1,IMF_FPP,,
PER,Peru,1979,-.5444202,,,,,-.5444202,,,,,,,1,IMF_FPP,,
PER,Peru,1980,-2.362722,,,,,-2.362722,,,,,,,1,IMF_FPP,,
PER,Peru,1981,-3.984817,,,,,-3.984817,,,,,,,1,IMF_FPP,,
PER,Peru,1982,-3.217793,,,,,-3.217793,,,,,,,1,IMF_FPP,,
PER,Peru,1983,-7.51926,,,,,-7.51926,,,,,,,1,IMF_FPP,,
PER,Peru,1984,-4.453487,,,,,-4.453487,,,,,,,1,IMF_FPP,,
PER,Peru,1985,-2.412494,,,,,-2.412494,,,,,,,1,IMF_FPP,,
PER,Peru,1986,-4.0784,,,,,-4.0784,,,,,,,1,IMF_FPP,,
PER,Peru,1987,-6.26435,,,,,-6.26435,,,,,,,1,IMF_FPP,,
PER,Peru,1988,-3.56909,,,,,-3.56909,,,,,,,1,IMF_FPP,,
PER,Peru,1989,-1.304205,,,,,-1.304205,,,,,,,1,IMF_FPP,,
PER,Peru,1990,-7.992279,,,-8.0109,,-7.992279,,,,,,,1,IMF_FPP,,
PER,Peru,1991,-1.98393,,,-2.2806,,-1.98393,,,,,,,1,IMF_FPP,,
PER,Peru,1992,-3.554733,,,-3.9386,,-3.554733,,,,,,,1,IMF_FPP,,
PER,Peru,1993,-2.819695,,,-3.5098,,-2.819695,,,,,,,1,IMF_FPP,,
PER,Peru,1994,-1.902586,,,-3.2026,,-1.902586,,,,,,,1,IMF_FPP,1,4
PER,Peru,1995,-1.335283,,,-3.196,,-2.049312,-1.3352831,,,,,,1,IMF_GFS,,
PER,Peru,1996,2.76699,,,-1.2681,,-.2464695,2.7669903,,,,,,1,IMF_GFS,,
PER,Peru,1997,.4253756,,,-.5713,,.4707108,.42537563,,,,,,1,IMF_GFS,,
PER,Peru,1998,-.3892853,,,-.8741,,-.19557,-.38928528,,,,,,1,IMF_GFS,,
PER,Peru,1999,-2.596695,,,-3.3967,,-2.925142,-2.5966948,,,,,,1,IMF_GFS,1,4
PER,Peru,2000,-2.116,,,-2.8453,,-2.11575,-2.1157498,-2.116,,,,,1,IMF_WEO,,
PER,Peru,2001,-2.154,,,-2.9861,,-2.153764,-2.1537645,-2.154,,,,,1,IMF_WEO,,
PER,Peru,2002,-1.404,,,-2.1397,,-1.403801,-1.403801,-1.404,,,,,1,IMF_WEO,,
PER,Peru,2003,-1.622,,,-1.6568,,-1.622007,-1.6220066,-1.622,,,,,1,IMF_WEO,,
PER,Peru,2004,-1.033,,,-1.2407,,-1.032735,-1.0402673,-1.033,,,,,1,IMF_WEO,,
PER,Peru,2005,-.436,,,-.5901,,-.4356818,-.4352731,-.436,,,,,1,IMF_WEO,,
PER,Peru,2006,2.029,,,2.2058,,2.029128,2.0413521,2.029,,,,,1,IMF_WEO,,
PER,Peru,2007,3.348,,,2.9024,,3.348358,3.0862319,3.348,,,,,1,IMF_WEO,,
PER,Peru,2008,2.476,,,2.5227,,2.476119,2.3377962,2.476,,,,,1,IMF_WEO,,
PER,Peru,2009,-1.483,,,-1.4781,,-1.482843,-1.5082715,-1.483,,,,,1,IMF_WEO,,
PER,Peru,2010,-.016,,,-.0013,,-.0155054,.04510911,-.016,,,,,1,IMF_WEO,,
PER,Peru,2011,2.043,,,2.0508,,2.042681,2.0412347,2.043,,,,,1,IMF_WEO,,
PER,Peru,2012,2.07,,,2.0726,,2.070315,2.0545443,2.07,,,,,1,IMF_WEO,,
PER,Peru,2013,.754,,,.7557,,.7542644,.8576105,.754,,,,,1,IMF_WEO,,
PER,Peru,2014,-.189,,,-.1899,,-.1887834,-.17148102,-.189,,,,,1,IMF_WEO,,
PER,Peru,2015,-2.036,,,-2.0237,,-2.036107,-2.001526,-2.036,,,,,1,IMF_WEO,,
PER,Peru,2016,-2.146,,,-2.1545,,-2.146029,-1.6962992,-2.146,,,,,1,IMF_WEO,,
PER,Peru,2017,-2.827,,,-2.8378,,-2.826555,-2.8816688,-2.827,,,,,1,IMF_WEO,,
PER,Peru,2018,-1.964,,,-1.9698,,-1.963513,-1.9624143,-1.964,,,,,1,IMF_WEO,,
PER,Peru,2019,-1.388,,,-1.3917,,-1.387867,-1.3830015,-1.388,,,,,1,IMF_WEO,,
PER,Peru,2020,-8.301,,,-8.3191,,-8.300938,-8.3102823,-8.301,,,,,1,IMF_WEO,,
PER,Peru,2021,-2.529,,,-2.5424,,-2.528687,-2.5559263,-2.529,,,,,1,IMF_WEO,,
PER,Peru,2022,-1.402,,,-1.4257,,-1.402259,,-1.402,,,,,1,IMF_WEO,,
PER,Peru,2023,-2.772487,,,-2.7747,,-2.772487,,,-2.7720001,,,,1,IMF_FPP,1,4
PER,Peru,2024,-3.21,,,,,,,,-3.21,,,,1,IMF_WEO_forecast,1,4
PER,Peru,2025,-1.959,,,,,,,,-1.959,,,,1,IMF_WEO_forecast,,
PER,Peru,2026,-1.439,,,,,,,,-1.439,,,,1,IMF_WEO_forecast,,
PER,Peru,2027,-.83,,,,,,,,-.82999998,,,,1,IMF_WEO_forecast,,
PER,Peru,2028,-.395,,,,,,,,-.39500001,,,,1,IMF_WEO_forecast,,
PER,Peru,2029,-.388,,,,,,,,-.38800001,,,,1,IMF_WEO_forecast,,
PHL,Philippines,1954,-.7888899,,,,,-.7888899,,,,,,,1,IMF_FPP,,
PHL,Philippines,1955,-1.30209,,,,,-1.30209,,,,,,,1,IMF_FPP,,
PHL,Philippines,1956,-.7692299,,,,,-.7692299,,,,,,,1,IMF_FPP,,
PHL,Philippines,1957,-.5614004,,,,,-.5614004,,,,,,,1,IMF_FPP,,
PHL,Philippines,1958,-.2083292,,,,,-.2083292,,,,,,,1,IMF_FPP,,
PHL,Philippines,1959,-.1450405,,,,,-.1450405,,,,,,,1,IMF_FPP,,
PHL,Philippines,1960,-1.05717,,,,,-1.05717,,,,,,,1,IMF_FPP,,
PHL,Philippines,1961,-.2941198,,,,,-.2941198,,,,,,,1,IMF_FPP,,
PHL,Philippines,1962,-.4327002,,,,,-.4327002,,,,,,,1,IMF_FPP,,
PHL,Philippines,1963,-.6833801,,,,,-.6833801,,,,,,,1,IMF_FPP,,
PHL,Philippines,1964,-.9906998,,,,,-.9906998,,,,,,,1,IMF_FPP,,
PHL,Philippines,1965,-1.53191,,,,,-1.53191,,,,,,,1,IMF_FPP,,
PHL,Philippines,1966,-.7413092,,,,,-.7413092,,,,,,,1,IMF_FPP,,
PHL,Philippines,1967,-1.34825,,,,,-1.34825,,,,,,,1,IMF_FPP,,
PHL,Philippines,1968,-2.33331,,,,,-2.33331,,,,,,,1,IMF_FPP,,
PHL,Philippines,1969,-2.6714,,,,,-2.6714,,,,,,,1,IMF_FPP,,
PHL,Philippines,1970,-.3065996,,,,,-.3065996,,,,,,,1,IMF_FPP,,
PHL,Philippines,1971,-.9580994,,,,,-.9580994,,,,,,,1,IMF_FPP,,
PHL,Philippines,1972,3.3868,,,,,3.3868,,,,,,,1,IMF_FPP,,
PHL,Philippines,1973,2.4896,,,,,2.4896,,,,,,,1,IMF_FPP,,
PHL,Philippines,1974,5.941957,,,,,5.941957,,,,,,,1,IMF_FPP,,
PHL,Philippines,1975,.1325359,,,,,.1325359,,,,,,,1,IMF_FPP,,
PHL,Philippines,1976,-.5489311,,,,,-.5489311,,,,,,,1,IMF_FPP,,
PHL,Philippines,1977,-.4160204,,,,,-.4160204,,,,,,,1,IMF_FPP,,
PHL,Philippines,1978,.0514011,,,,,.0514011,,,,,,,1,IMF_FPP,,
PHL,Philippines,1979,1.535092,,,,,1.535092,,,,,,,1,IMF_FPP,,
PHL,Philippines,1980,.5554276,,,,,.5554276,,,,,,,1,IMF_FPP,,
PHL,Philippines,1981,-1.08976,,,,,-1.08976,,,,,,,1,IMF_FPP,,
PHL,Philippines,1982,-.882143,,,,,-.882143,,,,,,,1,IMF_FPP,,
PHL,Philippines,1983,.0978193,,,,,.0978193,,,,,,,1,IMF_FPP,,
PHL,Philippines,1984,.6367302,,,,,.6367302,,,,,,,1,IMF_FPP,,
PHL,Philippines,1985,.7102003,,,,,.7102003,,,,,,,1,IMF_FPP,,
PHL,Philippines,1986,-.54846,,,,,-.54846,,,,,,,1,IMF_FPP,,
PHL,Philippines,1987,-1.05754,,,,,-1.05754,,,,,,,1,IMF_FPP,,
PHL,Philippines,1988,-2.71046,,,,,-2.71046,,,,,,,1,IMF_FPP,1,3
PHL,Philippines,1989,-1.638,,,,,-1.638426,,-1.638,,,,,1,IMF_WEO,,
PHL,Philippines,1990,-1.522,,,,,-1.521888,,-1.522,,,,,1,IMF_WEO,,
PHL,Philippines,1991,-.262,,,,,-.2618489,,-.262,,,,,1,IMF_WEO,,
PHL,Philippines,1992,-.434,,,,,-.4341156,,-.434,,,,,1,IMF_WEO,,
PHL,Philippines,1993,.629,,,,,.6286175,,.629,,,,,1,IMF_WEO,,
PHL,Philippines,1994,-.445,,,,,-.4446807,,-.445,,,,,1,IMF_WEO,,
PHL,Philippines,1995,-.016,,,,,-.0160324,,-.016,,,,,1,IMF_WEO,,
PHL,Philippines,1996,.537,,,,,.5370362,,.537,,,,,1,IMF_WEO,,
PHL,Philippines,1997,.367,,,,,.3670577,,.367,,,,,1,IMF_WEO,,
PHL,Philippines,1998,-1.309,,,,,-1.308516,,-1.309,,,,,1,IMF_WEO,,
PHL,Philippines,1999,-2.288,,,,,-2.287514,,-2.288,,,,,1,IMF_WEO,,
PHL,Philippines,2000,-3.274,-4.0446714,,,,-3.273769,,-3.274,,,,,1,IMF_WEO,,
PHL,Philippines,2001,-3.494,-4.025744,,,,-3.494122,,-3.494,,,,,1,IMF_WEO,,
PHL,Philippines,2002,-3.707,-5.0461323,,,,-3.706824,,-3.707,,,,,1,IMF_WEO,,
PHL,Philippines,2003,-3.491,-4.3454494,,,,-3.49106,,-3.491,,,,,1,IMF_WEO,,
PHL,Philippines,2004,-2.807,-3.6932107,,,,-2.807019,,-2.807,,,,,1,IMF_WEO,,
PHL,Philippines,2005,-1.625,-4.2525096,,,,-1.624638,,-1.625,,,,,1,IMF_WEO,,
PHL,Philippines,2006,-.046,-1.1978016,,,,-.0463578,,-.046,,,,,1,IMF_WEO,,
PHL,Philippines,2007,-.285,-1.3546636,,,,-.2849243,,-.285,,,,,1,IMF_WEO,,
PHL,Philippines,2008,.016,-1.1521825,,,,.0164757,,.016,,,,,1,IMF_WEO,,
PHL,Philippines,2009,-2.569,-3.6019168,,,,-2.56889,,-2.569,,,,,1,IMF_WEO,,
PHL,Philippines,2010,-2.254,-3.3147894,,,,-2.253639,,-2.254,,,,,1,IMF_WEO,,
PHL,Philippines,2011,-.377,-1.6882673,,,,-.377085,,-.377,,,,,1,IMF_WEO,,
PHL,Philippines,2012,-.219,-1.861447,,,,-.2190962,-.54758847,-.219,,,,,1,IMF_WEO,,
PHL,Philippines,2013,.371,-1.1617852,,,,.3714981,-.14196563,.371,,,,,1,IMF_WEO,,
PHL,Philippines,2014,1.323,-.47414109,,,,1.323163,.82779583,1.323,,,,,1,IMF_WEO,,
PHL,Philippines,2015,.145,-1.2747776,,,,.145077,.26137329,.145,,,,,1,IMF_WEO,,
PHL,Philippines,2016,-.744,-2.2,,,,-.7440771,-.7615579,-.744,,,,,1,IMF_WEO,,
PHL,Philippines,2017,-.752,-2.1,,,,-.7515655,-.74156863,-.752,,,,,1,IMF_WEO,,
PHL,Philippines,2018,-1.484,-3.1,,,,-1.483665,-1.4848312,-1.484,,,,,1,IMF_WEO,,
PHL,Philippines,2019,-1.502,-3.3,,,,-1.502094,-1.4360276,-1.502,,,,,1,IMF_WEO,,
PHL,Philippines,2020,-5.544,-7.5,,,,-5.544303,-5.512376,-5.544,,,,,1,IMF_WEO,,
PHL,Philippines,2021,-6.231,-8.2771282,,,,-6.231036,-6.3236909,-6.231,,,,,1,IMF_WEO,,
PHL,Philippines,2022,-5.476,-8.5960084,,,,-5.476009,-5.4379254,-5.476,,,,,1,IMF_WEO,,
PHL,Philippines,2023,-4.335157,-6.1090412,,,,-4.37311,-4.3351572,,-4.3730001,,,,1,IMF_GFS,1,3
PHL,Philippines,2024,-3.871,,,,,,,,-3.8710001,,,,1,IMF_WEO_forecast,1,3
PHL,Philippines,2025,-3.907,,,,,,,,-3.9070001,,,,1,IMF_WEO_forecast,,
PHL,Philippines,2026,-2.955,,,,,,,,-2.9549999,,,,1,IMF_WEO_forecast,,
PHL,Philippines,2027,-2.416,,,,,,,,-2.4159999,,,,1,IMF_WEO_forecast,,
PHL,Philippines,2028,-1.978,,,,,,,,-1.978,,,,1,IMF_WEO_forecast,,
PHL,Philippines,2029,-1.676,,,,,,,,-1.676,,,,1,IMF_WEO_forecast,,
PLW,Palau,2000,-13.426,-12.717072,,,,,,-13.426,,,,,1,IMF_WEO,,
PLW,Palau,2001,-16.684,-16.754283,,,,,,-16.684,,,,,1,IMF_WEO,,
PLW,Palau,2002,-12.699,-12.751163,,,,,,-12.699,,,,,1,IMF_WEO,,
PLW,Palau,2003,-3.167,-2.2378268,,,,,,-3.167,,,,,1,IMF_WEO,,
PLW,Palau,2004,-4.816,-4.8519724,,,,,,-4.816,,,,,1,IMF_WEO,,
PLW,Palau,2005,1.382,1.6045302,,,,,,1.382,,,,,1,IMF_WEO,,
PLW,Palau,2006,.143,.14068576,,,,,,.143,,,,,1,IMF_WEO,,
PLW,Palau,2007,-2.078,-2.0783905,,,,,,-2.078,,,,,1,IMF_WEO,,
PLW,Palau,2008,-1.706,-1.7057369,,,,,.28857183,-1.706,,,,,1,IMF_WEO,,
PLW,Palau,2009,-2.136,-.87360288,,,,,-.25227569,-2.136,,,,,1,IMF_WEO,,
PLW,Palau,2010,-1.274,-.97328369,,,,,.70115517,-1.274,,,,,1,IMF_WEO,,
PLW,Palau,2011,1.287,1.2865095,,,,,6.7421309,1.287,,,,,1,IMF_WEO,,
PLW,Palau,2012,.983,1.0060989,,,,,4.747999,.983,,,,,1,IMF_WEO,,
PLW,Palau,2013,.545,.73942994,,,,,3.9119492,.545,,,,,1,IMF_WEO,,
PLW,Palau,2014,3.593,3.573503,,,,,4.7546325,3.593,,,,,1,IMF_WEO,,
PLW,Palau,2015,5.079,5.0951719,,,,,5.5663557,5.079,,,,,1,IMF_WEO,,
PLW,Palau,2016,3.516,3.5157494,,,,,3.6109336,3.516,,,,,1,IMF_WEO,,
PLW,Palau,2017,4.756,4.7560532,,,,,4.6057262,4.756,,,,,1,IMF_WEO,,
PLW,Palau,2018,6.185,6.1849236,,,,,6.1103443,6.185,,,,,1,IMF_WEO,,
PLW,Palau,2019,-.36,-.36000368,,,,,-.9650637,-.36,,,,,1,IMF_WEO,,
PLW,Palau,2020,-13.022,-13.157222,,,,,,-13.022,,,,,1,IMF_WEO,,
PLW,Palau,2021,-7.529,-15.204903,,,,,,-7.529,,,,,1,IMF_WEO,,
PLW,Palau,2022,-.606,-5.1531536,,,,,,-.606,,,,,1,IMF_WEO,,
PLW,Palau,2023,.3,.3,,,,,,,-2.7579999,,,,1,ADB,1,2
PLW,Palau,2024,3.602,,,,,,,,3.602,,,,1,IMF_WEO_forecast,1,2
PLW,Palau,2025,1.602,,,,,,,,1.602,,,,1,IMF_WEO_forecast,,
PLW,Palau,2026,1.4,,,,,,,,1.4,,,,1,IMF_WEO_forecast,,
PLW,Palau,2027,1.254,,,,,,,,1.2539999,,,,1,IMF_WEO_forecast,,
PLW,Palau,2028,.996,,,,,,,,.99599999,,,,1,IMF_WEO_forecast,,
PLW,Palau,2029,.867,,,,,,,,.86699998,,,,1,IMF_WEO_forecast,,
PNG,Papua New Guinea,1983,-3.015,,,,,,,-3.015,,,,,1,IMF_WEO,,
PNG,Papua New Guinea,1984,-1.095,,,,,,,-1.095,,,,,1,IMF_WEO,,
PNG,Papua New Guinea,1985,-1.855,,,,,,,-1.855,,,,,1,IMF_WEO,,
PNG,Papua New Guinea,1986,-2.431,,,,,,,-2.431,,,,,1,IMF_WEO,,
PNG,Papua New Guinea,1987,.314,,,,,,,.314,,,,,1,IMF_WEO,,
PNG,Papua New Guinea,1988,.312,,,,,,,.312,,,,,1,IMF_WEO,,
PNG,Papua New Guinea,1989,.339,,,,,,,.339,,,,,1,IMF_WEO,,
PNG,Papua New Guinea,1990,-2.035,,,,,,,-2.035,,,,,1,IMF_WEO,,
PNG,Papua New Guinea,1991,-.623,,,,,,,-.623,,,,,1,IMF_WEO,,
PNG,Papua New Guinea,1992,-4.333,,,,,-4.332956,,-4.333,,,,,1,IMF_WEO,,
PNG,Papua New Guinea,1993,-4.905,,,,,-4.904577,,-4.905,,,,,1,IMF_WEO,,
PNG,Papua New Guinea,1994,-1.009,,,,,-1.009218,,-1.009,,,,,1,IMF_WEO,,
PNG,Papua New Guinea,1995,1.077,,,,,1.077479,,1.077,,,,,1,IMF_WEO,,
PNG,Papua New Guinea,1996,2.055,,,,,2.054535,,2.055,,,,,1,IMF_WEO,,
PNG,Papua New Guinea,1997,.673,,,,,.6729053,,.673,,,,,1,IMF_WEO,,
PNG,Papua New Guinea,1998,-.165,,,,,-.1647365,,-.165,,,,,1,IMF_WEO,,
PNG,Papua New Guinea,1999,-1.936,,,,,-1.936499,,-1.936,,,,,1,IMF_WEO,,
PNG,Papua New Guinea,2000,.304,,,,,.3035212,,.304,,,,,1,IMF_WEO,,
PNG,Papua New Guinea,2001,-1.329,,,,,-1.329111,,-1.329,,,,,1,IMF_WEO,,
PNG,Papua New Guinea,2002,-1.75,,,,,-1.749991,,-1.75,,,,,1,IMF_WEO,,
PNG,Papua New Guinea,2003,.188,,,,,.187883,,.188,,,,,1,IMF_WEO,,
PNG,Papua New Guinea,2004,2.025,,,,,2.02506,,2.025,,,,,1,IMF_WEO,,
PNG,Papua New Guinea,2005,2.849,,,,,2.849152,,2.849,,,,,1,IMF_WEO,,
PNG,Papua New Guinea,2006,5.337,,,,,5.337372,,5.337,,,,,1,IMF_WEO,,
PNG,Papua New Guinea,2007,6.899,,,,,6.899334,,6.899,,,,,1,IMF_WEO,,
PNG,Papua New Guinea,2008,2.734,,,,,2.734141,,2.734,,,,,1,IMF_WEO,,
PNG,Papua New Guinea,2009,-5.483,,,,,-5.482535,,-5.483,,,,,1,IMF_WEO,,
PNG,Papua New Guinea,2010,3.062,,,,,3.062361,,3.062,,,,,1,IMF_WEO,,
PNG,Papua New Guinea,2011,2.215,,,,,2.215389,,2.215,,,,,1,IMF_WEO,,
PNG,Papua New Guinea,2012,-1.19,,,,,-1.189962,,-1.19,,,,,1,IMF_WEO,,
PNG,Papua New Guinea,2013,-6.87,,,,,-6.869731,,-6.87,,,,,1,IMF_WEO,,
PNG,Papua New Guinea,2014,-6.265,,,,,-6.265024,,-6.265,,,,,1,IMF_WEO,,
PNG,Papua New Guinea,2015,-4.55,-4.2117205,,,,-4.549721,,-4.55,,,,,1,IMF_WEO,,
PNG,Papua New Guinea,2016,-4.746,-4.7464444,,,,-4.74622,,-4.746,,,,,1,IMF_WEO,,
PNG,Papua New Guinea,2017,-2.475,-2.4745715,,,,-2.47471,,-2.475,,,,,1,IMF_WEO,,
PNG,Papua New Guinea,2018,-2.58,-2.5807037,,,,-2.579697,,-2.58,,,,,1,IMF_WEO,,
PNG,Papua New Guinea,2019,-4.976,-4.9757889,,,,-4.975807,,-4.976,,,,,1,IMF_WEO,,
PNG,Papua New Guinea,2020,-8.852,-8.8522077,,,,-8.852329,,-8.852,,,,,1,IMF_WEO,,
PNG,Papua New Guinea,2021,-6.843,-6.8433832,,,,-6.843405,,-6.843,,,,,1,IMF_WEO,,
PNG,Papua New Guinea,2022,-5.260283,-5.2604626,,,,-5.260283,,,-5.2600002,,,,1,IMF_FPP,1,2
PNG,Papua New Guinea,2023,-4.315787,-4.4318496,,,,-4.315787,,,-4.316,,,,1,IMF_FPP,,
PNG,Papua New Guinea,2024,-3.917,,,,,,,,-3.9170001,,,,1,IMF_WEO_forecast,1,2
PNG,Papua New Guinea,2025,-2.652,,,,,,,,-2.652,,,,1,IMF_WEO_forecast,,
PNG,Papua New Guinea,2026,-1.462,,,,,,,,-1.462,,,,1,IMF_WEO_forecast,,
PNG,Papua New Guinea,2027,.001,,,,,,,,.001,,,,1,IMF_WEO_forecast,,
PNG,Papua New Guinea,2028,.141,,,,,,,,.141,,,,1,IMF_WEO_forecast,,
PNG,Papua New Guinea,2029,.361,,,,,,,,.361,,,,1,IMF_WEO_forecast,,
POL,Poland,1984,-.5240875,,,,,,-.52408747,,,,,,1,IMF_GFS,,
POL,Poland,1985,-1.360871,,,,,,-1.3608713,,,,,,1,IMF_GFS,,
POL,Poland,1986,.4265853,,,,,,.42658531,,,,,,1,IMF_GFS,,
POL,Poland,1987,-.2481851,,,,,,-.24818506,,,,,,1,IMF_GFS,,
POL,Poland,1988,-.6081309,,,,,,-.60813095,,,,,,1,IMF_GFS,,
POL,Poland,1989,,,,,,,,,,,,,1,IMF_GFS,,
POL,Poland,1990,,,,,,,,,,,,,1,IMF_GFS,,
POL,Poland,1991,,,,,,,,,,,,,1,IMF_GFS,,
POL,Poland,1992,,,,,,,,,,,,,1,IMF_GFS,,
POL,Poland,1993,,,,,,,,,,,,,1,IMF_GFS,,
POL,Poland,1994,-2.116864,,,,,,-2.1168639,,,,,,1,IMF_GFS,1,3
POL,Poland,1995,-4.2,,,,-4.2,-4.389385,-4.2813218,-4.389,,-4.2544191,,,1,EUS,,
POL,Poland,1996,-4.6,,,,-4.6,-4.837462,-4.6863915,-4.837,,-4.6655341,,,1,EUS,,
POL,Poland,1997,-4.5,,,,-4.5,-4.604838,-4.61647,-4.605,,-4.6015778,,,1,EUS,,
POL,Poland,1998,-4.2,,,,-4.2,-4.25155,-4.2085363,-4.252,,-4.1969209,,,1,EUS,,
POL,Poland,1999,-2.2,,,,-2.2,-2.298287,-2.2785605,-2.298,,-2.2736729,,,1,EUS,,
POL,Poland,2000,-4,,,,-4,-3.99366,-4.0103529,-3.994,,-3.9906481,,,1,EUS,,
POL,Poland,2001,-4.7,,,,-4.7,-4.726588,-4.7440806,-4.727,,-4.7079789,,,1,EUS,,
POL,Poland,2002,-4.8,,,,-4.8,-4.799756,-4.8174502,-4.8,,-4.7972256,,,1,EUS,,
POL,Poland,2003,-6,,,,-6,-6.010581,-6.0379948,-6.011,,-6.0172862,,,1,EUS,,
POL,Poland,2004,-5,,,,-5,-5.01034,-5.0104411,-5.01,,-4.9946397,,,1,EUS,,
POL,Poland,2005,-3.9,,,,-3.9,-3.938344,-3.9367999,-3.938,,-3.9270178,,,1,EUS,,
POL,Poland,2006,-3.5,,,,-3.5,-3.539423,-3.540012,-3.539,,-3.5310038,,,1,EUS,,
POL,Poland,2007,-1.9,,,,-1.9,-1.882522,-1.8823451,-1.883,,-1.8810872,,,1,EUS,,
POL,Poland,2008,-3.6,,,,-3.6,-3.606118,-3.6089028,-3.606,,-3.5981913,,,1,EUS,,
POL,Poland,2009,-7.2,,,,-7.2,-7.252035,-7.2554098,-7.252,,-7.2499624,,,1,EUS,,
POL,Poland,2010,-7.4,,,,-7.4,-7.465238,-7.4674684,-7.465,,-7.4413869,,,1,EUS,,
POL,Poland,2011,-5,,,,-5,-5.00431,-5.0073994,-5.004,,-4.9843198,,,1,EUS,,
POL,Poland,2012,-3.8,,,,-3.8,-3.815931,-3.8177294,-3.816,,-3.7981422,,,1,EUS,,
POL,Poland,2013,-4.2,,,,-4.2,-4.268137,-4.2659893,-4.268,,-4.2473539,,,1,EUS,,
POL,Poland,2014,-3.7,,,,-3.7,-3.66872,-3.6828488,-3.669,,-3.6635093,,,1,EUS,,
POL,Poland,2015,-2.6,,,,-2.6,-2.600048,-2.6105069,-2.6,,-2.5991484,,,1,EUS,,
POL,Poland,2016,-2.4,,,,-2.4,-2.399055,-2.399535,-2.399,,-2.3824706,,,1,EUS,,
POL,Poland,2017,-1.5,,,,-1.5,-1.492424,-1.4964237,-1.492,,-1.4862478,,,1,EUS,,
POL,Poland,2018,-.2,,,,-.2,-.2495313,-.24726,-.25,,-.24506401,,,1,EUS,,
POL,Poland,2019,-.7,,,,-.7,-.7432843,-.74179859,-.743,,-.73447422,,,1,EUS,,
POL,Poland,2020,-6.9,,,,-6.9,-6.93455,-6.9271064,-6.935,,-6.8589797,,,1,EUS,,
POL,Poland,2021,-1.7,,,,-1.7,-1.833389,-1.7656277,-1.833,,-1.7461169,,,1,EUS,,
POL,Poland,2022,-3.4,,,,-3.4,-3.44377,-3.4635441,-3.444,,-3.439706,,,1,EUS,,
POL,Poland,2023,-5.2,,,,-5.2,-5.097538,-5.276475,,-5.098,-5.2906945,,,1,EUS,,
POL,Poland,2024,-6.5,,,,-6.5,,,,-5.6560001,-5.8398748,,,1,EUS,,
POL,Poland,2025,-5.755591,,,,,,,,-5.4889998,-5.7555908,,,1,OECD_EO,1,3
POL,Poland,2026,-5.094657,,,,,,,,-4.9860001,-5.0946572,,,1,OECD_EO,,
POL,Poland,2027,-4.649,,,,,,,,-4.6490002,,,,1,IMF_WEO_forecast,1,3
POL,Poland,2028,-4.274,,,,,,,,-4.2740002,,,,1,IMF_WEO_forecast,,
POL,Poland,2029,-3.977,,,,,,,,-3.977,,,,1,IMF_WEO_forecast,,
PRI,Puerto Rico,2014,-3.073,,,,,,,-3.073,,,,,1,IMF_WEO,,
PRI,Puerto Rico,2015,-2.116,,,,,,,-2.116,,,,,1,IMF_WEO,,
PRI,Puerto Rico,2016,-1.844,,,,,,,-1.844,,,,,1,IMF_WEO,,
PRI,Puerto Rico,2017,-1.116,,,,,,,-1.116,,,,,1,IMF_WEO,,
PRI,Puerto Rico,2018,.025,,,,,,,.025,,,,,1,IMF_WEO,,
PRI,Puerto Rico,2019,1.899,,,,,,,1.899,,,,,1,IMF_WEO,,
PRI,Puerto Rico,2020,-.551,,,,,,,-.551,,,,,1,IMF_WEO,,
PRI,Puerto Rico,2021,-.257,,,,,,,-.257,,,,,1,IMF_WEO,,
PRI,Puerto Rico,2022,1.794,,,,,,,1.794,,,,,1,IMF_WEO,,
PRI,Puerto Rico,2023,.328,,,,,,,,.32800001,,,,1,IMF_WEO_forecast,1,1
PRI,Puerto Rico,2024,-.53,,,,,,,,-.52999997,,,,1,IMF_WEO_forecast,,
PRI,Puerto Rico,2025,-.412,,,,,,,,-.412,,,,1,IMF_WEO_forecast,,
PRI,Puerto Rico,2026,-.383,,,,,,,,-.38299999,,,,1,IMF_WEO_forecast,,
PRI,Puerto Rico,2027,-.359,,,,,,,,-.359,,,,1,IMF_WEO_forecast,,
PRI,Puerto Rico,2028,-.573,,,,,,,,-.57300001,,,,1,IMF_WEO_forecast,,
PRI,Puerto Rico,2029,-.169,,,,,,,,-.169,,,,1,IMF_WEO_forecast,,
PRT,Portugal,1880,-1.63168,,,,,-1.63168,,,,,,,1,IMF_FPP,,
PRT,Portugal,1881,-1.2021,,,,,-1.2021,,,,,,,1,IMF_FPP,,
PRT,Portugal,1882,-.3861699,,,,,-.3861699,,,,,,,1,IMF_FPP,,
PRT,Portugal,1883,-1.10433,,,,,-1.10433,,,,,,,1,IMF_FPP,,
PRT,Portugal,1884,-1.48331,,,,,-1.48331,,,,,,,1,IMF_FPP,,
PRT,Portugal,1885,-1.68028,,,,,-1.68028,,,,,,,1,IMF_FPP,,
PRT,Portugal,1886,-1.4329,,,,,-1.4329,,,,,,,1,IMF_FPP,,
PRT,Portugal,1887,-.6653199,,,,,-.6653199,,,,,,,1,IMF_FPP,,
PRT,Portugal,1888,-2.13549,,,,,-2.13549,,,,,,,1,IMF_FPP,,
PRT,Portugal,1889,-1.94537,,,,,-1.94537,,,,,,,1,IMF_FPP,,
PRT,Portugal,1890,-2.00575,,,,,-2.00575,,,,,,,1,IMF_FPP,,
PRT,Portugal,1891,-2.15169,,,,,-2.15169,,,,,,,1,IMF_FPP,,
PRT,Portugal,1892,-.8048701,,,,,-.8048701,,,,,,,1,IMF_FPP,,
PRT,Portugal,1893,-.0169301,,,,,-.0169301,,,,,,,1,IMF_FPP,,
PRT,Portugal,1894,-.1638803,,,,,-.1638803,,,,,,,1,IMF_FPP,,
PRT,Portugal,1895,-.19555,,,,,-.19555,,,,,,,1,IMF_FPP,,
PRT,Portugal,1896,-1.34549,,,,,-1.34549,,,,,,,1,IMF_FPP,,
PRT,Portugal,1897,-.9266,,,,,-.9266,,,,,,,1,IMF_FPP,,
PRT,Portugal,1898,-.5015101,,,,,-.5015101,,,,,,,1,IMF_FPP,,
PRT,Portugal,1899,-.7742,,,,,-.7742,,,,,,,1,IMF_FPP,,
PRT,Portugal,1900,-.3505402,,,,,-.3505402,,,,,,,1,IMF_FPP,,
PRT,Portugal,1901,-.6904998,,,,,-.6904998,,,,,,,1,IMF_FPP,,
PRT,Portugal,1902,-.5019598,,,,,-.5019598,,,,,,,1,IMF_FPP,,
PRT,Portugal,1903,-.91328,,,,,-.91328,,,,,,,1,IMF_FPP,,
PRT,Portugal,1904,-.2623997,,,,,-.2623997,,,,,,,1,IMF_FPP,,
PRT,Portugal,1905,-.75035,,,,,-.75035,,,,,,,1,IMF_FPP,,
PRT,Portugal,1906,-.4450798,,,,,-.4450798,,,,,,,1,IMF_FPP,,
PRT,Portugal,1907,-.68571,,,,,-.68571,,,,,,,1,IMF_FPP,,
PRT,Portugal,1908,-.56142,,,,,-.56142,,,,,,,1,IMF_FPP,,
PRT,Portugal,1909,-.8199801,,,,,-.8199801,,,,,,,1,IMF_FPP,,
PRT,Portugal,1910,-.1929302,,,,,-.1929302,,,,,,,1,IMF_FPP,,
PRT,Portugal,1911,-.7330003,,,,,-.7330003,,,,,,,1,IMF_FPP,,
PRT,Portugal,1912,-.0246792,,,,,-.0246792,,,,,,,1,IMF_FPP,,
PRT,Portugal,1913,-.3383102,,,,,-.3383102,,,,,,,1,IMF_FPP,,
PRT,Portugal,1914,,,,,,,,,,,,,1,IMF_FPP,,
PRT,Portugal,1915,,,,,,,,,,,,,1,IMF_FPP,,
PRT,Portugal,1916,,,,,,,,,,,,,1,IMF_FPP,,
PRT,Portugal,1917,,,,,,,,,,,,,1,IMF_FPP,,
PRT,Portugal,1918,,,,,,,,,,,,,1,IMF_FPP,,
PRT,Portugal,1919,-8.83497,,,,,-8.83497,,,,,,,1,IMF_FPP,,
PRT,Portugal,1920,-5.66457,,,,,-5.66457,,,,,,,1,IMF_FPP,,
PRT,Portugal,1921,-6.50437,,,,,-6.50437,,,,,,,1,IMF_FPP,,
PRT,Portugal,1922,-10.03352,,,,,-10.03352,,,,,,,1,IMF_FPP,,
PRT,Portugal,1923,-3.46814,,,,,-3.46814,,,,,,,1,IMF_FPP,,
PRT,Portugal,1924,-3.15621,,,,,-3.15621,,,,,,,1,IMF_FPP,,
PRT,Portugal,1925,-1.47871,,,,,-1.47871,,,,,,,1,IMF_FPP,,
PRT,Portugal,1926,-4.206521,,,,,-4.206521,,,,,,,1,IMF_FPP,,
PRT,Portugal,1927,-2.26761,,,,,-2.26761,,,,,,,1,IMF_FPP,,
PRT,Portugal,1928,.1986208,,,,,.1986208,,,,,,,1,IMF_FPP,,
PRT,Portugal,1929,1.8561,,,,,1.8561,,,,,,,1,IMF_FPP,,
PRT,Portugal,1930,.7922897,,,,,.7922897,,,,,,,1,IMF_FPP,,
PRT,Portugal,1931,.0411797,,,,,.0411797,,,,,,,1,IMF_FPP,,
PRT,Portugal,1932,-.0264997,,,,,-.0264997,,,,,,,1,IMF_FPP,,
PRT,Portugal,1933,-.06915,,,,,-.06915,,,,,,,1,IMF_FPP,,
PRT,Portugal,1934,.5967999,,,,,.5967999,,,,,,,1,IMF_FPP,,
PRT,Portugal,1935,.75317,,,,,.75317,,,,,,,1,IMF_FPP,,
PRT,Portugal,1936,.0832701,,,,,.0832701,,,,,,,1,IMF_FPP,,
PRT,Portugal,1937,-.0898399,,,,,-.0898399,,,,,,,1,IMF_FPP,,
PRT,Portugal,1938,-.0784702,,,,,-.0784702,,,,,,,1,IMF_FPP,,
PRT,Portugal,1939,-.7269802,,,,,-.7269802,,,,,,,1,IMF_FPP,,
PRT,Portugal,1940,-1.736691,,,,,-1.736691,,,,,,,1,IMF_FPP,,
PRT,Portugal,1941,-.08395,,,,,-.08395,,,,,,,1,IMF_FPP,,
PRT,Portugal,1942,-.3547697,,,,,-.3547697,,,,,,,1,IMF_FPP,,
PRT,Portugal,1943,.02598,,,,,.02598,,,,,,,1,IMF_FPP,,
PRT,Portugal,1944,-1.437941,,,,,-1.437941,,,,,,,1,IMF_FPP,,
PRT,Portugal,1945,-2.37591,,,,,-2.37591,,,,,,,1,IMF_FPP,,
PRT,Portugal,1946,-2.31714,,,,,-2.31714,,,,,,,1,IMF_FPP,,
PRT,Portugal,1947,-1.64849,,,,,-1.64849,,,,,,,1,IMF_FPP,,
PRT,Portugal,1948,-2.0407,,,,,-2.0407,,,,,,,1,IMF_FPP,,
PRT,Portugal,1949,-.4558506,,,,,-.4558506,,,,,,,1,IMF_FPP,,
PRT,Portugal,1950,-.8266401,,,,,-.8266401,,,,,,,1,IMF_FPP,,
PRT,Portugal,1951,.9365005,,,,,.9365005,,,,,,,1,IMF_FPP,,
PRT,Portugal,1952,-.3436098,,,,,-.3436098,,,,,,,1,IMF_FPP,,
PRT,Portugal,1953,-.3455391,,,,,-.3455391,,,,,,,1,IMF_FPP,,
PRT,Portugal,1954,-.5775099,,,,,-.5775099,,,,,,,1,IMF_FPP,,
PRT,Portugal,1955,-.3087206,,,,,-.3087206,,,,,,,1,IMF_FPP,,
PRT,Portugal,1956,-.1826,,,,,-.1826,,,,,,,1,IMF_FPP,,
PRT,Portugal,1957,.0846004,,,,,.0846004,,,,,,,1,IMF_FPP,,
PRT,Portugal,1958,-.5174999,,,,,-.5174999,,,,,,,1,IMF_FPP,,
PRT,Portugal,1959,-1.733701,,,,,-1.733701,,,,,,,1,IMF_FPP,,
PRT,Portugal,1960,-3.132401,,,,,-3.132401,,,,,,,1,IMF_FPP,,
PRT,Portugal,1961,-3.1726,,,,,-3.1726,,,,,,,1,IMF_FPP,,
PRT,Portugal,1962,-1.6932,,,,,-1.6932,,,,,,,1,IMF_FPP,,
PRT,Portugal,1963,-3.3319,,,,,-3.3319,,,,,,,1,IMF_FPP,,
PRT,Portugal,1964,-1.9295,,,,,-1.9295,,,,,,,1,IMF_FPP,,
PRT,Portugal,1965,-.0269003,,,,,-.0269003,,,,,,,1,IMF_FPP,,
PRT,Portugal,1966,-2.003201,,,,,-2.003201,,,,,,,1,IMF_FPP,,
PRT,Portugal,1967,-.4574003,,,,,-.4574003,,,,,,,1,IMF_FPP,,
PRT,Portugal,1968,-1.2361,,,,,-1.2361,,,,,,,1,IMF_FPP,,
PRT,Portugal,1969,-1.5309,,,,,-1.5309,,,,,,,1,IMF_FPP,,
PRT,Portugal,1970,-.2416,,,,,-.2416,,,,,,,1,IMF_FPP,,
PRT,Portugal,1971,-.2341003,,,,,-.2341003,,,,,,,1,IMF_FPP,,
PRT,Portugal,1972,-7.716901,,,,,-7.716901,,,,,,,1,IMF_FPP,,
PRT,Portugal,1973,-5.387499,,,,,-5.387499,,,,,,,1,IMF_FPP,,
PRT,Portugal,1974,-3.200001,,,,,-3.200001,,,,,,,1,IMF_FPP,,
PRT,Portugal,1975,-7.099998,,,,,-7.099998,,,,,,,1,IMF_FPP,,
PRT,Portugal,1976,-10.2,,,,,-10.2,,,,,,,1,IMF_FPP,1,4
PRT,Portugal,1977,-2.231604,,,,,-7.500101,,,,-2.2316044,,,1,OECD_EO,,
PRT,Portugal,1978,-6.357486,,,,,-7.1541,,,,-6.357486,,,1,OECD_EO,,
PRT,Portugal,1979,-5.19438,,,,,-6.080099,,,,-5.1943802,,,1,OECD_EO,,
PRT,Portugal,1980,-6.295668,,,,,-6.916702,,,,-6.295668,,,1,OECD_EO,,
PRT,Portugal,1981,-7.934068,,,,,-8.335299,,,,-7.9340683,,,1,OECD_EO,,
PRT,Portugal,1982,-5.971804,,,,,-7.018198,,,,-5.9718043,,,1,OECD_EO,,
PRT,Portugal,1983,-3.675174,,,,,-4.856501,,,,-3.6751741,,,1,OECD_EO,,
PRT,Portugal,1984,-4.056811,,,,,-5.2251,,,,-4.0568113,,,1,OECD_EO,,
PRT,Portugal,1985,-6.373491,,,,,-8.352301,,,,-6.3734909,,,1,OECD_EO,,
PRT,Portugal,1986,-6.394272,,,,,-7.447201,,-10.271,,-6.3942716,,,1,OECD_EO,,
PRT,Portugal,1987,-6.461668,,,,,-6.785702,-5.554131,-8.479,,-6.4616674,,,1,OECD_EO,,
PRT,Portugal,1988,-3.253464,,,,,-3.5243,-4.4704004,-4.316,,-3.2534639,,,1,OECD_EO,,
PRT,Portugal,1989,-2.564668,,,,,-2.863998,-3.1889094,-3.481,,-2.5646681,,,1,OECD_EO,,
PRT,Portugal,1990,-5.51723,,,,,-6.057198,-4.1514333,-6.824,,-5.51723,,,1,OECD_EO,,
PRT,Portugal,1991,-6.664011,,,,,-6.9566,,-7.93,,-6.664011,,,1,OECD_EO,,
PRT,Portugal,1992,-4.092067,,,,,-4.370903,,-5.194,,-4.0920667,,,1,OECD_EO,,
PRT,Portugal,1993,-7.695374,,,,,-7.456699,,-8.058,,-7.6953734,,,1,OECD_EO,,
PRT,Portugal,1994,-7.306086,,,,,-7.1259,,-7.369,,-7.3060861,,,1,OECD_EO,1,4
PRT,Portugal,1995,-5.2,,,,-5.2,-5.034,-5.1786729,-5.143,,-5.1786754,,,1,EUS,,
PRT,Portugal,1996,-4.7,,,,-4.7,-4.537098,-4.7375985,-4.632,,-4.737705,,,1,EUS,,
PRT,Portugal,1997,-3.7,,,,-3.7,-3.386497,-3.7056256,-3.654,,-3.7052325,,,1,EUS,,
PRT,Portugal,1998,-4.4,,,,-4.4,-3.4785,-4.3874727,-4.304,,-4.3873836,,,1,EUS,,
PRT,Portugal,1999,-3,,,,-3,-2.716301,-3.0314381,-2.988,,-3.031438,,,1,EUS,,
PRT,Portugal,2000,-3.2,,,,-3.2,-2.935097,-3.1711372,-3.398,,-3.1709828,,,1,EUS,,
PRT,Portugal,2001,-4.7,,,,-4.7,-4.323399,-4.7415174,-4.783,,-4.7414469,,,1,EUS,,
PRT,Portugal,2002,-3.3,,,,-3.3,-2.9436,-3.2875215,-3.782,,-3.2875201,,,1,EUS,,
PRT,Portugal,2003,-5.7,,,,-5.7,-3.090199,-5.6994765,-5.616,,-5.6993374,,,1,EUS,,
PRT,Portugal,2004,-6.2,,,,-6.2,-3.4076,-6.2022327,-5.969,,-6.2022988,,,1,EUS,,
PRT,Portugal,2005,-6.1,,,,-6.1,-5.881798,-6.1300123,-6.106,,-6.1300121,,,1,EUS,,
PRT,Portugal,2006,-4.2,,,,-4.2,-4.071899,-4.1669574,-4.087,,-4.1669556,,,1,EUS,,
PRT,Portugal,2007,-2.9,,,,-2.9,-3.212299,-2.8750298,-2.936,,-2.8749728,,,1,EUS,,
PRT,Portugal,2008,-3.8,,,,-3.8,-3.708702,-3.8107165,-3.699,,-3.8107169,,,1,EUS,,
PRT,Portugal,2009,-9.9,,,,-9.9,-10.1664,-9.8742763,-9.873,,-9.8742742,,,1,EUS,,
PRT,Portugal,2010,-11.4,,,,-11.4,-9.785698,-11.434279,-11.398,,-11.418359,,,1,EUS,,
PRT,Portugal,2011,-7.7,,,,-7.7,-7.663255,-7.7366803,-7.663,,-7.7268911,,,1,EUS,,
PRT,Portugal,2012,-6.2,,,,-6.2,-6.179841,-6.2113923,-6.18,,-6.2024312,,,1,EUS,,
PRT,Portugal,2013,-5.2,,,,-5.2,-5.104571,-5.2191213,-5.105,,-5.2135147,,,1,EUS,,
PRT,Portugal,2014,-7.4,,,,-7.4,-7.309022,-7.368522,-7.309,,-7.3627494,,,1,EUS,,
PRT,Portugal,2015,-4.5,,,,-4.5,-4.346283,-4.4660047,-4.346,,-4.4739834,,,1,EUS,,
PRT,Portugal,2016,-1.9,,,,-1.9,-1.935012,-1.9421974,-1.935,,-1.9433338,,,1,EUS,,
PRT,Portugal,2017,-3,,,,-3,-2.956002,-2.9954513,-2.956,,-3.0021103,,,1,EUS,,
PRT,Portugal,2018,-.4,,,,-.4,-.3490035,-.42542262,-.349,,-.42576099,,,1,EUS,,
PRT,Portugal,2019,.1,,,,.1,.0825517,.11615177,.083,,.11599614,,,1,EUS,,
PRT,Portugal,2020,-5.8,,,,-5.8,-5.827396,-5.7669377,-5.827,,-5.7522481,,,1,EUS,,
PRT,Portugal,2021,-2.8,,,,-2.8,-2.876813,-2.8312921,-2.877,,-2.8254858,,,1,EUS,,
PRT,Portugal,2022,-.3,,,,-.3,-.3215099,-.31249368,-.322,,-.31030048,,,1,EUS,,
PRT,Portugal,2023,1.3,,,,1.3,1.202712,1.222785,,1.2029999,1.2142073,,,1,EUS,,
PRT,Portugal,2024,.5,,,,.5,,,,.21699999,.36870532,,,1,EUS,,
PRT,Portugal,2025,.2769846,,,,,,,,.22400001,.27698459,,,1,OECD_EO,1,4
PRT,Portugal,2026,.2457288,,,,,,,,.228,.24572884,,,1,OECD_EO,,
PRT,Portugal,2027,.231,,,,,,,,.23100001,,,,1,IMF_WEO_forecast,1,4
PRT,Portugal,2028,.236,,,,,,,,.236,,,,1,IMF_WEO_forecast,,
PRT,Portugal,2029,.224,,,,,,,,.22400001,,,,1,IMF_WEO_forecast,,
PRY,Paraguay,1967,-1.6995,,,,,-1.6995,,,,,,,1,IMF_FPP,,
PRY,Paraguay,1968,-2.3439,,,,,-2.3439,,,,,,,1,IMF_FPP,,
PRY,Paraguay,1969,-1.6184,,,,,-1.6184,,,,,,,1,IMF_FPP,,
PRY,Paraguay,1970,-1.258801,,,,,-1.258801,,,,,,,1,IMF_FPP,,
PRY,Paraguay,1971,-1.2464,,,,,-1.2464,,,,,,,1,IMF_FPP,,
PRY,Paraguay,1972,-2.50666,,,,,-2.50666,,,,,,,1,IMF_FPP,,
PRY,Paraguay,1973,-.9067001,,,,,-.9067001,,,,,,,1,IMF_FPP,,
PRY,Paraguay,1974,1.672569,,,,,1.672569,,,,,,,1,IMF_FPP,,
PRY,Paraguay,1975,-1.237969,,,,,-1.237969,,,,,,,1,IMF_FPP,,
PRY,Paraguay,1976,-.0550194,,,,,-.0550194,,,,,,,1,IMF_FPP,,
PRY,Paraguay,1977,-.1901999,,,,,-.1901999,,,,,,,1,IMF_FPP,,
PRY,Paraguay,1978,-3.41569,,,,,-3.41569,,,,,,,1,IMF_FPP,,
PRY,Paraguay,1979,4.132433,,,,,4.132433,,,,,,,1,IMF_FPP,1,3
PRY,Paraguay,1980,3.404,,,,,3.404126,,3.404,,,,,1,IMF_WEO,,
PRY,Paraguay,1981,.15,,,,,.1497766,,.15,,,,,1,IMF_WEO,,
PRY,Paraguay,1982,1.522,,,,,1.521825,,1.522,,,,,1,IMF_WEO,,
PRY,Paraguay,1983,.269,,,,,.2691796,,.269,,,,,1,IMF_WEO,,
PRY,Paraguay,1984,-.421,,,,,-.4208958,,-.421,,,,,1,IMF_WEO,,
PRY,Paraguay,1985,.849,,,,,.849269,,.849,,,,,1,IMF_WEO,,
PRY,Paraguay,1986,3.076,,,,,3.075694,,3.076,,,,,1,IMF_WEO,,
PRY,Paraguay,1987,2.678,,,,,2.678341,,2.678,,,,,1,IMF_WEO,,
PRY,Paraguay,1988,3.009,,,,,3.00909,,3.009,,,,,1,IMF_WEO,,
PRY,Paraguay,1989,5.481,,,,,5.481274,,5.481,,,,,1,IMF_WEO,,
PRY,Paraguay,1990,7.561,,,,,7.561188,,7.561,,,,,1,IMF_WEO,,
PRY,Paraguay,1991,3.408,,,,,3.408316,,3.408,,,,,1,IMF_WEO,,
PRY,Paraguay,1992,3.099,,,,,3.098521,,3.099,,,,,1,IMF_WEO,,
PRY,Paraguay,1993,4.267,,,,,4.26674,,4.267,,,,,1,IMF_WEO,,
PRY,Paraguay,1994,4.587,,,,,4.587259,,4.587,,,,,1,IMF_WEO,,
PRY,Paraguay,1995,2.78,,,,,2.780095,,2.78,,,,,1,IMF_WEO,,
PRY,Paraguay,1996,2.432,,,,,2.431677,,2.432,,,,,1,IMF_WEO,,
PRY,Paraguay,1997,3.005,,,,,3.00478,,3.005,,,,,1,IMF_WEO,,
PRY,Paraguay,1998,4.279,,,,,4.278539,,4.279,,,,,1,IMF_WEO,,
PRY,Paraguay,1999,2.671,,,,,2.67076,,2.671,,,,,1,IMF_WEO,,
PRY,Paraguay,2000,-.547,,,,,-.5472772,,-.547,,,,,1,IMF_WEO,,
PRY,Paraguay,2001,.074,,,,,.0738588,,.074,,,,,1,IMF_WEO,,
PRY,Paraguay,2002,-1.893,,,,,-1.893199,,-1.893,,,,,1,IMF_WEO,,
PRY,Paraguay,2003,.062,,,,,.0622586,,.062,,,,,1,IMF_WEO,,
PRY,Paraguay,2004,.766,,,,,.7662054,,.766,,,,,1,IMF_WEO,,
PRY,Paraguay,2005,.713,,,,,.712685,.76368987,.713,,,,,1,IMF_WEO,,
PRY,Paraguay,2006,1.425,,,,,1.425025,.86969554,1.425,,,,,1,IMF_WEO,,
PRY,Paraguay,2007,1.142,,,,,1.14167,1.3704287,1.142,,,,,1,IMF_WEO,,
PRY,Paraguay,2008,1.791,,,,,1.790895,2.2382469,1.791,,,,,1,IMF_WEO,,
PRY,Paraguay,2009,-.826,,,,,-.8258964,.5811649,-.826,,,,,1,IMF_WEO,,
PRY,Paraguay,2010,.068,,,,,.0678549,1.4888221,.068,,,,,1,IMF_WEO,,
PRY,Paraguay,2011,.977,,,,,.9774131,1.1385206,.977,,,,,1,IMF_WEO,,
PRY,Paraguay,2012,-1.581,,,,,-1.580552,-.87740075,-1.581,,,,,1,IMF_WEO,,
PRY,Paraguay,2013,-1.322,,,,,-1.322321,-.58626078,-1.322,,,,,1,IMF_WEO,,
PRY,Paraguay,2014,-.271,,,,,-.2711456,-.40606527,-.271,,,,,1,IMF_WEO,,
PRY,Paraguay,2015,-.437,,,,,-.4367551,-.5408038,-.437,,,,,1,IMF_WEO,,
PRY,Paraguay,2016,-.374,,,,,-.3737115,.00755351,-.374,,,,,1,IMF_WEO,,
PRY,Paraguay,2017,-.439,,,,,-.4386965,-.53808742,-.439,,,,,1,IMF_WEO,,
PRY,Paraguay,2018,-1.014,,,,,-1.014299,-1.0685208,-1.014,,,,,1,IMF_WEO,,
PRY,Paraguay,2019,-2.497,,,,,-2.49744,-2.3805959,-2.497,,,,,1,IMF_WEO,,
PRY,Paraguay,2020,-5.719,,,,,-5.719286,-5.7081491,-5.719,,,,,1,IMF_WEO,,
PRY,Paraguay,2021,-3.392,,,,,-3.392357,-3.4606933,-3.392,,,,,1,IMF_WEO,,
PRY,Paraguay,2022,-2.638,,,,,-2.638265,-2.6477344,-2.638,,,,,1,IMF_WEO,,
PRY,Paraguay,2023,-3.808392,,,,,-3.823905,-3.8083924,,-3.8239999,,,,1,IMF_GFS,1,3
PRY,Paraguay,2024,-2.334,,,,,,,,-2.3340001,,,,1,IMF_WEO_forecast,1,3
PRY,Paraguay,2025,-1.759,,,,,,,,-1.7589999,,,,1,IMF_WEO_forecast,,
PRY,Paraguay,2026,-1.483,,,,,,,,-1.483,,,,1,IMF_WEO_forecast,,
PRY,Paraguay,2027,-1.595,,,,,,,,-1.595,,,,1,IMF_WEO_forecast,,
PRY,Paraguay,2028,-1.562,,,,,,,,-1.562,,,,1,IMF_WEO_forecast,,
PRY,Paraguay,2029,-1.554,,,,,,,,-1.554,,,,1,IMF_WEO_forecast,,
PSE,Palestine,2009,-7.675,,,,,,,-7.675,,,,,1,IMF_WEO,,
PSE,Palestine,2010,-2.192,,,,,,,-2.192,,,,,1,IMF_WEO,,
PSE,Palestine,2011,-6.258,,,,,,,-6.258,,,,,1,IMF_WEO,,
PSE,Palestine,2012,-6.266,,,,,,,-6.266,,,,,1,IMF_WEO,1,3
PSE,Palestine,2013,2.073822,,2.073822,,,,,-1.529,,,,,1,AMF,,
PSE,Palestine,2014,2.96511,,2.96511,,,,,-2.545,,,,,1,AMF,,
PSE,Palestine,2015,.4779422,,.4779422,,,,,-4.658,,,,,1,AMF,,
PSE,Palestine,2016,2.200527,,2.200527,,,,,-2.077,,,,,1,AMF,,
PSE,Palestine,2017,.1209077,,.1209077,,,,,-2.78,,,,,1,AMF,,
PSE,Palestine,2018,.9129671,,.9129671,,,,,-2.458,,,,,1,AMF,,
PSE,Palestine,2019,-1.265941,,-1.265941,,,,,-4.479,,,,,1,AMF,,
PSE,Palestine,2020,-3.222739,,-3.222739,,,,,-7.373,,,,,1,AMF,,
PSE,Palestine,2021,1.90128,,1.90128,,,,,-5.207,,,,,1,AMF,,
PSE,Palestine,2022,-.922,,,,,,,-.922,,,,,1,IMF_WEO,1,3
PSE,Palestine,2023,-.977,,,,,,,,-.977,,,,1,IMF_WEO_forecast,1,3
QAT,Qatar,1990,3.226,,,,,,,3.226,,,,,1,IMF_WEO,,
QAT,Qatar,1991,-2.569,,,,,-2.569255,,-2.569,,,,,1,IMF_WEO,,
QAT,Qatar,1992,-2.736,,,,,-2.736188,,-2.736,,,,,1,IMF_WEO,,
QAT,Qatar,1993,-9.528,,,,,-9.527797,,-9.528,,,,,1,IMF_WEO,,
QAT,Qatar,1994,-11.8,,,,,-11.80038,,-11.8,,,,,1,IMF_WEO,,
QAT,Qatar,1995,-5.779,,,,,-5.778997,,-5.779,,,,,1,IMF_WEO,,
QAT,Qatar,1996,-8.728,,,,,-8.728483,,-8.728,,,,,1,IMF_WEO,,
QAT,Qatar,1997,-9.404,,,,,-9.403829,,-9.404,,,,,1,IMF_WEO,,
QAT,Qatar,1998,-7.001,,,,,-7.000645,,-7.001,,,,,1,IMF_WEO,,
QAT,Qatar,1999,-4.353,,,,,-4.352842,,-4.353,,,,,1,IMF_WEO,,
QAT,Qatar,2000,4.622,,,,,4.62188,,4.622,,,,,1,IMF_WEO,,
QAT,Qatar,2001,4.481,,,,,4.480567,,4.481,,,,,1,IMF_WEO,,
QAT,Qatar,2002,7.891,,,,,7.890904,,7.891,,,,,1,IMF_WEO,,
QAT,Qatar,2003,6.711,,,,,6.710576,,6.711,,,,,1,IMF_WEO,,
QAT,Qatar,2004,17.691,,,,,17.69106,,17.691,,,,,1,IMF_WEO,,
QAT,Qatar,2005,9.803,,,,,9.803391,,9.803,,,,,1,IMF_WEO,,
QAT,Qatar,2006,8.395,,,,,8.394931,,8.395,,,,,1,IMF_WEO,,
QAT,Qatar,2007,10.343,,,,,10.34334,,10.343,,,,,1,IMF_WEO,,
QAT,Qatar,2008,9.489,,,,,9.488777,,9.489,,,,,1,IMF_WEO,,
QAT,Qatar,2009,14.129,,,,,14.12935,,14.129,,,,,1,IMF_WEO,,
QAT,Qatar,2010,4.6,,,,,4.60012,,4.6,,,,,1,IMF_WEO,,
QAT,Qatar,2011,5.236,,,,,5.235655,,5.236,,,,,1,IMF_WEO,,
QAT,Qatar,2012,8.554,,,,,8.553779,,8.554,,,,,1,IMF_WEO,1,4
QAT,Qatar,2013,14.56089,,14.56089,,,19.27001,,19.27,,,,,1,AMF,,
QAT,Qatar,2014,17.88937,,17.88937,,,13.35242,,13.352,,,,,1,AMF,,
QAT,Qatar,2015,-.5970448,,-.5970448,,,18.44707,,18.447,,,,,1,AMF,,
QAT,Qatar,2016,-9.203067,,-9.203067,,,-9.203067,,-9.203,,,,,1,AMF,,
QAT,Qatar,2017,-6.820077,,-6.820077,,,-6.820077,,-6.82,,,,,1,AMF,,
QAT,Qatar,2018,2.259721,,2.259721,,,2.25972,,2.26,,,,,1,AMF,,
QAT,Qatar,2019,.2383146,,.2383146,,,.9987134,,.999,,,,,1,AMF,,
QAT,Qatar,2020,-8.639345,,-8.639345,,,-2.133519,,-2.134,,,,,1,AMF,,
QAT,Qatar,2021,.243,,,,,.2431885,,.243,,,,,1,IMF_WEO,1,4
QAT,Qatar,2022,10.379,,,,,10.37862,,10.379,,,,,1,IMF_WEO,,
QAT,Qatar,2023,5.552324,,,,,5.552324,,,5.552,,,,1,IMF_FPP,1,4
QAT,Qatar,2024,1.981,,,,,,,,1.9809999,,,,1,IMF_WEO_forecast,1,4
QAT,Qatar,2025,2.123,,,,,,,,2.1229999,,,,1,IMF_WEO_forecast,,
QAT,Qatar,2026,3.968,,,,,,,,3.9679999,,,,1,IMF_WEO_forecast,,
QAT,Qatar,2027,3.557,,,,,,,,3.5569999,,,,1,IMF_WEO_forecast,,
QAT,Qatar,2028,3.323,,,,,,,,3.323,,,,1,IMF_WEO_forecast,,
QAT,Qatar,2029,3.492,,,,,,,,3.4920001,,,,1,IMF_WEO_forecast,,
ROU,Romania,1980,-1.168933,,,,,,-1.1689325,,,,,,1,IMF_GFS,,
ROU,Romania,1981,-.4278189,,,,,,-.42781888,,,,,,1,IMF_GFS,,
ROU,Romania,1982,.5766776,,,,,,.57667753,,,,,,1,IMF_GFS,,
ROU,Romania,1983,.9862279,,,,,,.98622792,,,,,,1,IMF_GFS,,
ROU,Romania,1984,3.57571,,,,,,3.57571,,,,,,1,IMF_GFS,,
ROU,Romania,1985,.1441221,,,,,6.361603,.14412213,,,,,,1,IMF_GFS,1,5
ROU,Romania,1986,5.723801,,,,,5.723801,,,,,,,1,IMF_FPP,,
ROU,Romania,1987,2.366299,,,,,2.366299,,,,,,,1,IMF_FPP,,
ROU,Romania,1988,8.401398,,,,,8.401398,,,,,,,1,IMF_FPP,,
ROU,Romania,1989,-2.875,,,,,-2.875,,,,,,,1,IMF_FPP,1,5
ROU,Romania,1990,1.027,,,,,,,1.027,,,,,1,IMF_WEO,,
ROU,Romania,1991,3.23,,,,,3.229649,,3.23,,,,,1,IMF_WEO,,
ROU,Romania,1992,-4.552,,,,,-4.552457,,-4.552,,,,,1,IMF_WEO,,
ROU,Romania,1993,-.35,,,,,-.349822,,-.35,,,,,1,IMF_WEO,,
ROU,Romania,1994,-2.2,,,,,-2.199574,,-2.2,,,,,1,IMF_WEO,1,5
ROU,Romania,1995,-2,,,,-2,-3.320023,-2.0901103,-3.32,,-2.0011563,,,1,EUS,,
ROU,Romania,1996,-3.6,,,,-3.6,-4.738327,-3.6901018,-4.738,,-3.5652502,,,1,EUS,,
ROU,Romania,1997,-4.4,,,,-4.4,-5.187122,-4.4181697,-5.187,,-4.4266493,,,1,EUS,,
ROU,Romania,1998,-3.2,,,,-3.2,-5.329425,-3.1730303,-5.329,,-3.2374344,,,1,EUS,,
ROU,Romania,1999,-4.4,,,,-4.4,-3.578794,-4.419661,-3.579,,-4.419661,,,1,EUS,,
ROU,Romania,2000,-4.6,,,,-4.6,-3.988471,-4.5948529,-3.988,,-4.5948529,,,1,EUS,,
ROU,Romania,2001,-3.5,,,,-3.5,-3.201224,-3.4544268,-3.201,,-3.4544268,,,1,EUS,,
ROU,Romania,2002,-1.9,,,,-1.9,-2.594813,-1.9340454,-2.595,,-1.9340454,,,1,EUS,,
ROU,Romania,2003,-1.4,,,,-1.4,-2.286233,-1.4258724,-2.286,,-1.4258724,,,1,EUS,,
ROU,Romania,2004,-1.1,,,,-1.1,-3.393432,-1.0863617,-3.393,,-1.0863617,,,1,EUS,,
ROU,Romania,2005,-.8,,,,-.8,-.6904148,-.80847265,-.69,,-.80847265,,,1,EUS,,
ROU,Romania,2006,-2.1,,,,-2.1,-1.359979,-2.1382438,-1.36,,-2.1382438,,,1,EUS,,
ROU,Romania,2007,-2.8,,,,-2.8,-3.04627,-2.762872,-3.046,,-2.762872,,,1,EUS,,
ROU,Romania,2008,-5.4,,,,-5.4,-4.604744,-5.4178817,-4.605,,-5.4122639,,,1,EUS,,
ROU,Romania,2009,-9.5,,,,-9.5,-6.858106,-9.530238,-6.858,,-9.5189177,,,1,EUS,,
ROU,Romania,2010,-7.1,,,,-7.1,-6.22107,-7.0985792,-6.221,,-7.1140675,,,1,EUS,,
ROU,Romania,2011,-5.6,,,,-5.6,-4.059422,-5.563184,-4.059,,-5.5500949,,,1,EUS,,
ROU,Romania,2012,-3.8,,,,-3.8,-2.38491,-3.8418964,-2.385,,-3.8199032,,,1,EUS,,
ROU,Romania,2013,-2.3,,,,-2.3,-2.439337,-2.2794702,-2.439,,-2.268054,,,1,EUS,,
ROU,Romania,2014,-1.2,,,,-1.2,-1.98226,-1.1928213,-1.982,,-1.1862671,,,1,EUS,,
ROU,Romania,2015,-.5,,,,-.5,-1.346755,-.54062657,-1.347,,-.52191528,,,1,EUS,,
ROU,Romania,2016,-2.5,,,,-2.5,-2.496566,-2.5457097,-2.497,,-2.5127468,,,1,EUS,,
ROU,Romania,2017,-2.5,,,,-2.5,-2.856136,-2.5359324,-2.856,,-2.5128913,,,1,EUS,,
ROU,Romania,2018,-2.8,,,,-2.8,-2.739326,-2.8188476,-2.739,,-2.8039193,,,1,EUS,,
ROU,Romania,2019,-4.4,,,,-4.4,-4.556571,-4.3217365,-4.557,,-4.3266354,,,1,EUS,,
ROU,Romania,2020,-9.3,,,,-9.3,-9.564298,-9.2576027,-9.564,,-9.2061232,,,1,EUS,,
ROU,Romania,2021,-7.2,,,,-7.2,-6.722342,-7.1683955,-6.722,,-7.137439,,,1,EUS,,
ROU,Romania,2022,-6.5,,,,-6.5,-5.81262,-6.2575832,-5.813,,-6.3804383,,,1,EUS,,
ROU,Romania,2023,-6.7,,,,-6.7,-5.606215,,,-5.6059999,-6.5345199,,,1,EUS,,
ROU,Romania,2024,-9.3,,,,-9.3,,,,-7.7859998,-7.881047,,,1,EUS,,
ROU,Romania,2025,-7.944063,,,,,,,,-7.3870001,-7.9440633,,,1,OECD_EO,1,5
ROU,Romania,2026,-7.503149,,,,,,,,-7.164,-7.5031488,,,1,OECD_EO,,
ROU,Romania,2027,-7.001,,,,,,,,-7.0009999,,,,1,IMF_WEO_forecast,1,5
ROU,Romania,2028,-6.68,,,,,,,,-6.6799998,,,,1,IMF_WEO_forecast,,
ROU,Romania,2029,-6.539,,,,,,,,-6.539,,,,1,IMF_WEO_forecast,,
RUS,Russian Federation,1885,-.7476997,,,,,-.7476997,,,,,,,1,IMF_FPP,,
RUS,Russian Federation,1886,-.8445997,,,,,-.8445997,,,,,,,1,IMF_FPP,,
RUS,Russian Federation,1887,.1385002,,,,,.1385002,,,,,,,1,IMF_FPP,,
RUS,Russian Federation,1888,.8843002,,,,,.8843002,,,,,,,1,IMF_FPP,,
RUS,Russian Federation,1889,1.337601,,,,,1.337601,,,,,,,1,IMF_FPP,,
RUS,Russian Federation,1890,.0146999,,,,,.0146999,,,,,,,1,IMF_FPP,,
RUS,Russian Federation,1891,-.9735003,,,,,-.9735003,,,,,,,1,IMF_FPP,,
RUS,Russian Federation,1892,-1.1565,,,,,-1.1565,,,,,,,1,IMF_FPP,,
RUS,Russian Federation,1893,.6272001,,,,,.6272001,,,,,,,1,IMF_FPP,,
RUS,Russian Federation,1894,1.4301,,,,,1.4301,,,,,,,1,IMF_FPP,,
RUS,Russian Federation,1895,.7042007,,,,,.7042007,,,,,,,1,IMF_FPP,,
RUS,Russian Federation,1896,1.2965,,,,,1.2965,,,,,,,1,IMF_FPP,,
RUS,Russian Federation,1897,.3445005,,,,,.3445005,,,,,,,1,IMF_FPP,,
RUS,Russian Federation,1898,.0339994,,,,,.0339994,,,,,,,1,IMF_FPP,,
RUS,Russian Federation,1899,.6630001,,,,,.6630001,,,,,,,1,IMF_FPP,,
RUS,Russian Federation,1900,-.3640003,,,,,-.3640003,,,,,,,1,IMF_FPP,,
RUS,Russian Federation,1901,.1404991,,,,,.1404991,,,,,,,1,IMF_FPP,,
RUS,Russian Federation,1902,-1.5657,,,,,-1.5657,,,,,,,1,IMF_FPP,,
RUS,Russian Federation,1903,1.040001,,,,,1.040001,,,,,,,1,IMF_FPP,,
RUS,Russian Federation,1904,-5.127101,,,,,-5.127101,,,,,,,1,IMF_FPP,,
RUS,Russian Federation,1905,-7.7243,,,,,-7.7243,,,,,,,1,IMF_FPP,,
RUS,Russian Federation,1906,-3.1852,,,,,-3.1852,,,,,,,1,IMF_FPP,,
RUS,Russian Federation,1907,-.8633995,,,,,-.8633995,,,,,,,1,IMF_FPP,,
RUS,Russian Federation,1908,-.8313007,,,,,-.8313007,,,,,,,1,IMF_FPP,,
RUS,Russian Federation,1909,-.1463003,,,,,-.1463003,,,,,,,1,IMF_FPP,,
RUS,Russian Federation,1910,1.518199,,,,,1.518199,,,,,,,1,IMF_FPP,,
RUS,Russian Federation,1911,1.2561,,,,,1.2561,,,,,,,1,IMF_FPP,,
RUS,Russian Federation,1912,.6927996,,,,,.6927996,,,,,,,1,IMF_FPP,,
RUS,Russian Federation,1913,,,,,,,,,,,,,1,IMF_FPP,,
RUS,Russian Federation,1914,,,,,,,,,,,,,1,IMF_FPP,,
RUS,Russian Federation,1915,,,,,,,,,,,,,1,IMF_FPP,,
RUS,Russian Federation,1916,,,,,,,,,,,,,1,IMF_FPP,,
RUS,Russian Federation,1917,,,,,,,,,,,,,1,IMF_FPP,,
RUS,Russian Federation,1918,,,,,,,,,,,,,1,IMF_FPP,,
RUS,Russian Federation,1919,,,,,,,,,,,,,1,IMF_FPP,,
RUS,Russian Federation,1920,,,,,,,,,,,,,1,IMF_FPP,,
RUS,Russian Federation,1921,,,,,,,,,,,,,1,IMF_FPP,,
RUS,Russian Federation,1922,,,,,,,,,,,,,1,IMF_FPP,,
RUS,Russian Federation,1923,,,,,,,,,,,,,1,IMF_FPP,,
RUS,Russian Federation,1924,,,,,,,,,,,,,1,IMF_FPP,,
RUS,Russian Federation,1925,,,,,,,,,,,,,1,IMF_FPP,,
RUS,Russian Federation,1926,,,,,,,,,,,,,1,IMF_FPP,,
RUS,Russian Federation,1927,,,,,,,,,,,,,1,IMF_FPP,,
RUS,Russian Federation,1928,-.3998599,,,,,-.3998599,,,,,,,1,IMF_FPP,,
RUS,Russian Federation,1929,-.40453,,,,,-.40453,,,,,,,1,IMF_FPP,,
RUS,Russian Federation,1930,-1.6185,,,,,-1.6185,,,,,,,1,IMF_FPP,,
RUS,Russian Federation,1931,-1.12359,,,,,-1.12359,,,,,,,1,IMF_FPP,,
RUS,Russian Federation,1932,,,,,,,,,,,,,1,IMF_FPP,,
RUS,Russian Federation,1933,.5826602,,,,,.5826602,,,,,,,1,IMF_FPP,1,3
RUS,Russian Federation,1934,,,,,,,,,,,,,1,IMF_WEO,,
RUS,Russian Federation,1935,,,,,,,,,,,,,1,IMF_WEO,,
RUS,Russian Federation,1936,,,,,,,,,,,,,1,IMF_WEO,,
RUS,Russian Federation,1937,,,,,,,,,,,,,1,IMF_WEO,,
RUS,Russian Federation,1938,,,,,,,,,,,,,1,IMF_WEO,,
RUS,Russian Federation,1939,,,,,,,,,,,,,1,IMF_WEO,,
RUS,Russian Federation,1940,,,,,,,,,,,,,1,IMF_WEO,,
RUS,Russian Federation,1941,,,,,,,,,,,,,1,IMF_WEO,,
RUS,Russian Federation,1942,,,,,,,,,,,,,1,IMF_WEO,,
RUS,Russian Federation,1943,,,,,,,,,,,,,1,IMF_WEO,,
RUS,Russian Federation,1944,,,,,,,,,,,,,1,IMF_WEO,,
RUS,Russian Federation,1945,,,,,,,,,,,,,1,IMF_WEO,,
RUS,Russian Federation,1946,,,,,,,,,,,,,1,IMF_WEO,,
RUS,Russian Federation,1947,,,,,,,,,,,,,1,IMF_WEO,,
RUS,Russian Federation,1948,,,,,,,,,,,,,1,IMF_WEO,,
RUS,Russian Federation,1949,,,,,,,,,,,,,1,IMF_WEO,,
RUS,Russian Federation,1950,,,,,,,,,,,,,1,IMF_WEO,,
RUS,Russian Federation,1951,,,,,,,,,,,,,1,IMF_WEO,,
RUS,Russian Federation,1952,,,,,,,,,,,,,1,IMF_WEO,,
RUS,Russian Federation,1953,,,,,,,,,,,,,1,IMF_WEO,,
RUS,Russian Federation,1954,,,,,,,,,,,,,1,IMF_WEO,,
RUS,Russian Federation,1955,,,,,,,,,,,,,1,IMF_WEO,,
RUS,Russian Federation,1956,,,,,,,,,,,,,1,IMF_WEO,,
RUS,Russian Federation,1957,,,,,,,,,,,,,1,IMF_WEO,,
RUS,Russian Federation,1958,,,,,,,,,,,,,1,IMF_WEO,,
RUS,Russian Federation,1959,,,,,,,,,,,,,1,IMF_WEO,,
RUS,Russian Federation,1960,,,,,,,,,,,,,1,IMF_WEO,,
RUS,Russian Federation,1961,,,,,,,,,,,,,1,IMF_WEO,,
RUS,Russian Federation,1962,,,,,,,,,,,,,1,IMF_WEO,,
RUS,Russian Federation,1963,,,,,,,,,,,,,1,IMF_WEO,,
RUS,Russian Federation,1964,,,,,,,,,,,,,1,IMF_WEO,,
RUS,Russian Federation,1965,,,,,,,,,,,,,1,IMF_WEO,,
RUS,Russian Federation,1966,,,,,,,,,,,,,1,IMF_WEO,,
RUS,Russian Federation,1967,,,,,,,,,,,,,1,IMF_WEO,,
RUS,Russian Federation,1968,,,,,,,,,,,,,1,IMF_WEO,,
RUS,Russian Federation,1969,,,,,,,,,,,,,1,IMF_WEO,,
RUS,Russian Federation,1970,,,,,,,,,,,,,1,IMF_WEO,,
RUS,Russian Federation,1971,,,,,,,,,,,,,1,IMF_WEO,,
RUS,Russian Federation,1972,,,,,,,,,,,,,1,IMF_WEO,,
RUS,Russian Federation,1973,,,,,,,,,,,,,1,IMF_WEO,,
RUS,Russian Federation,1974,,,,,,,,,,,,,1,IMF_WEO,,
RUS,Russian Federation,1975,,,,,,,,,,,,,1,IMF_WEO,,
RUS,Russian Federation,1976,,,,,,,,,,,,,1,IMF_WEO,,
RUS,Russian Federation,1977,,,,,,,,,,,,,1,IMF_WEO,,
RUS,Russian Federation,1978,,,,,,,,,,,,,1,IMF_WEO,,
RUS,Russian Federation,1979,,,,,,,,,,,,,1,IMF_WEO,,
RUS,Russian Federation,1980,,,,,,,,,,,,,1,IMF_WEO,,
RUS,Russian Federation,1981,,,,,,,,,,,,,1,IMF_WEO,,
RUS,Russian Federation,1982,,,,,,,,,,,,,1,IMF_WEO,,
RUS,Russian Federation,1983,,,,,,,,,,,,,1,IMF_WEO,,
RUS,Russian Federation,1984,,,,,,,,,,,,,1,IMF_WEO,,
RUS,Russian Federation,1985,,,,,,,,,,,,,1,IMF_WEO,,
RUS,Russian Federation,1986,,,,,,,,,,,,,1,IMF_WEO,,
RUS,Russian Federation,1987,,,,,,,,,,,,,1,IMF_WEO,,
RUS,Russian Federation,1988,,,,,,,,,,,,,1,IMF_WEO,,
RUS,Russian Federation,1989,,,,,,,,,,,,,1,IMF_WEO,,
RUS,Russian Federation,1990,,,,,,,,,,,,,1,IMF_WEO,,
RUS,Russian Federation,1991,,,,,,,,,,,,,1,IMF_WEO,,
RUS,Russian Federation,1992,,,,,,,,,,,,,1,IMF_WEO,,
RUS,Russian Federation,1993,,,,,,,,,,,,,1,IMF_WEO,,
RUS,Russian Federation,1994,,,,,,,,,,,,,1,IMF_WEO,,
RUS,Russian Federation,1995,,,,,,,,,,,,,1,IMF_WEO,,
RUS,Russian Federation,1996,,,,,,,,,,,,,1,IMF_WEO,,
RUS,Russian Federation,1997,,,,,,,,,,,,,1,IMF_WEO,,
RUS,Russian Federation,1998,-7.424,,,,,-7.423508,,-7.424,,,,,1,IMF_WEO,,
RUS,Russian Federation,1999,-3.587,,,,,-3.586601,,-3.587,,,,,1,IMF_WEO,,
RUS,Russian Federation,2000,3.107,,,,,3.107076,3.2445733,3.107,,,,,1,IMF_WEO,,
RUS,Russian Federation,2001,2.991,,,,,2.991245,2.5592171,2.991,,,,,1,IMF_WEO,,
RUS,Russian Federation,2002,.673,,,,,.6725936,6.4380191,.673,,,,,1,IMF_WEO,,
RUS,Russian Federation,2003,1.35,,,,,1.350124,1.7662205,1.35,,,,,1,IMF_WEO,,
RUS,Russian Federation,2004,4.575,,,,,4.574751,5.4060168,4.575,,,,,1,IMF_WEO,,
RUS,Russian Federation,2005,7.597,,,,,7.59696,9.5371877,7.597,,,,,1,IMF_WEO,,
RUS,Russian Federation,2006,7.804,,,,,7.803539,8.0813271,7.804,,,,,1,IMF_WEO,,
RUS,Russian Federation,2007,5.585,,,,,5.585367,6.6493259,5.585,,,,,1,IMF_WEO,,
RUS,Russian Federation,2008,4.549,,,,,4.54949,5.0698317,4.549,,,,,1,IMF_WEO,,
RUS,Russian Federation,2009,-5.889,,,,,-5.88891,-5.2905039,-5.889,,,,,1,IMF_WEO,,
RUS,Russian Federation,2010,-3.194,,,,,-3.193876,-1.3547604,-3.194,,,,,1,IMF_WEO,,
RUS,Russian Federation,2011,1.432,,,,,1.431819,3.1110223,1.432,,,,,1,IMF_WEO,,
RUS,Russian Federation,2012,.382,,,,,.3823405,2.6368121,.382,,,,,1,IMF_WEO,,
RUS,Russian Federation,2013,-1.162,,,,,-1.162178,.70561767,-1.162,,,,,1,IMF_WEO,,
RUS,Russian Federation,2014,-1.07,,,,,-1.069956,-.85926508,-1.07,,,,,1,IMF_WEO,,
RUS,Russian Federation,2015,-3.386,,,,,-3.386425,-2.1267276,-3.386,,,,,1,IMF_WEO,,
RUS,Russian Federation,2016,-3.67,,,,,-3.670081,-1.4070849,-3.67,,,,,1,IMF_WEO,,
RUS,Russian Federation,2017,-1.469,,,,,-1.468926,-.82154517,-1.469,,,,,1,IMF_WEO,,
RUS,Russian Federation,2018,2.923,,,,,2.923325,4.1756529,2.923,,,,,1,IMF_WEO,,
RUS,Russian Federation,2019,1.93,,,,,1.929615,2.9565519,1.93,,,,,1,IMF_WEO,,
RUS,Russian Federation,2020,-3.989,,,,,-3.98875,-2.7553228,-3.989,,,,,1,IMF_WEO,,
RUS,Russian Federation,2021,.77,,,,,.7702607,2.3569752,.77,,,,,1,IMF_WEO,,
RUS,Russian Federation,2022,-1.359,,,,,-1.358627,2.4957774,-1.359,,,,,1,IMF_WEO,,
RUS,Russian Federation,2023,5.25643,,,,,-2.271339,5.2564303,,-2.2709999,,,,1,IMF_GFS,1,3
RUS,Russian Federation,2024,-1.871,,,,,,,,-1.8710001,,,,1,IMF_WEO_forecast,1,3
RUS,Russian Federation,2025,-.521,,,,,,,,-.52100003,,,,1,IMF_WEO_forecast,,
RUS,Russian Federation,2026,-.593,,,,,,,,-.59299999,,,,1,IMF_WEO_forecast,,
RUS,Russian Federation,2027,-.573,,,,,,,,-.57300001,,,,1,IMF_WEO_forecast,,
RUS,Russian Federation,2028,-.672,,,,,,,,-.67199999,,,,1,IMF_WEO_forecast,,
RUS,Russian Federation,2029,-.811,,,,,,,,-.81099999,,,,1,IMF_WEO_forecast,,
RWA,Rwanda,1992,-7.207,,,,,-7.207319,,-7.207,,,,,1,IMF_WEO,,
RWA,Rwanda,1993,-6.602,,,,,-6.602173,,-6.602,,,,,1,IMF_WEO,,
RWA,Rwanda,1994,-9.545,,,,,-9.544827,,-9.545,,,,,1,IMF_WEO,,
RWA,Rwanda,1995,-2.041,,,,,-2.040704,,-2.041,,,,,1,IMF_WEO,,
RWA,Rwanda,1996,-5.006,,,,,-5.005908,,-5.006,,,,,1,IMF_WEO,,
RWA,Rwanda,1997,-2.221,,,,,-2.220816,,-2.221,,,,,1,IMF_WEO,,
RWA,Rwanda,1998,-2.591,,,,,-2.590581,,-2.591,,,,,1,IMF_WEO,,
RWA,Rwanda,1999,-4.413,,,,,-4.413148,,-4.413,,,,,1,IMF_WEO,,
RWA,Rwanda,2000,-.218,,,,,-.218412,,-.218,,,,,1,IMF_WEO,,
RWA,Rwanda,2001,-1.801,,,,,-1.80132,,-1.801,,,,,1,IMF_WEO,,
RWA,Rwanda,2002,-2.032,,,,,-2.031722,,-2.032,,,,,1,IMF_WEO,,
RWA,Rwanda,2003,-1.233,,,,,-1.232678,,-1.233,,,,,1,IMF_WEO,,
RWA,Rwanda,2004,2.274,,,,,2.274462,,2.274,,,,,1,IMF_WEO,,
RWA,Rwanda,2005,1.124,,,,,1.123646,,1.124,,,,,1,IMF_WEO,,
RWA,Rwanda,2006,-.029,,,,,-.0289968,,-.029,,,,,1,IMF_WEO,,
RWA,Rwanda,2007,-1.555,,,,,-1.555002,,-1.555,,,,,1,IMF_WEO,,
RWA,Rwanda,2008,.825,,,,,.8253722,,.825,,,,,1,IMF_WEO,,
RWA,Rwanda,2009,.259,,,,,.2590636,,.259,,,,,1,IMF_WEO,,
RWA,Rwanda,2010,-.638,,,,,-.6383371,,-.638,,,,,1,IMF_WEO,,
RWA,Rwanda,2011,-.86,,,,,-.8602911,,-.86,,,,,1,IMF_WEO,,
RWA,Rwanda,2012,-2.381,,,,,-2.380765,,-2.381,,,,,1,IMF_WEO,,
RWA,Rwanda,2013,-1.269,,,,,-1.269319,,-1.269,,,,,1,IMF_WEO,,
RWA,Rwanda,2014,-3.916,,,,,-3.915619,-1.8234546,-3.916,,,,,1,IMF_WEO,,
RWA,Rwanda,2015,-2.681,,,,,-2.680722,-2.2213747,-2.681,,,,,1,IMF_WEO,,
RWA,Rwanda,2016,-2.27,,,,,-2.269762,-2.0398101,-2.27,,,,,1,IMF_WEO,,
RWA,Rwanda,2017,-2.517,,,,,-2.516651,-3.2141521,-2.517,,,,,1,IMF_WEO,,
RWA,Rwanda,2018,-2.573,,,,,-2.572852,-2.9141206,-2.573,,,,,1,IMF_WEO,,
RWA,Rwanda,2019,-5.077,,,,,-5.077471,-4.4674987,-5.077,,,,,1,IMF_WEO,,
RWA,Rwanda,2020,-9.543,,,,,-9.543033,-7.5272989,-9.543,,,,,1,IMF_WEO,,
RWA,Rwanda,2021,-7,,,,,-6.999631,-5.5837644,-7,,,,,1,IMF_WEO,,
RWA,Rwanda,2022,-5.735,,,,,-5.735198,-3.9851916,-5.735,,,,,1,IMF_WEO,,
RWA,Rwanda,2023,-4.264838,,,,,-5.123304,-4.2648378,,-5.1230001,,,,1,IMF_GFS,1,2
RWA,Rwanda,2024,-7.277,,,,,,,,-7.277,,,,1,IMF_WEO_forecast,1,2
RWA,Rwanda,2025,-3.684,,,,,,,,-3.684,,,,1,IMF_WEO_forecast,,
RWA,Rwanda,2026,-2.857,,,,,,,,-2.8570001,,,,1,IMF_WEO_forecast,,
RWA,Rwanda,2027,-2.858,,,,,,,,-2.858,,,,1,IMF_WEO_forecast,,
RWA,Rwanda,2028,-2.77,,,,,,,,-2.77,,,,1,IMF_WEO_forecast,,
RWA,Rwanda,2029,-2.629,,,,,,,,-2.6289999,,,,1,IMF_WEO_forecast,,
SAU,Saudi Arabia,1991,-3.281,,,,,-3.281245,,-3.281,,,,,1,IMF_WEO,,
SAU,Saudi Arabia,1992,-8.121,,,,,-8.121037,,-8.121,,,,,1,IMF_WEO,,
SAU,Saudi Arabia,1993,-9.327,,,,,-9.32698,,-9.327,,,,,1,IMF_WEO,,
SAU,Saudi Arabia,1994,-8.312,,,,,-8.311637,,-8.312,,,,,1,IMF_WEO,,
SAU,Saudi Arabia,1995,-5.123,,,,,-5.122769,,-5.123,,,,,1,IMF_WEO,,
SAU,Saudi Arabia,1996,-3.247,,,,,-3.246768,,-3.247,,,,,1,IMF_WEO,,
SAU,Saudi Arabia,1997,-2.506,,,,,-2.50574,,-2.506,,,,,1,IMF_WEO,,
SAU,Saudi Arabia,1998,-8.875,,,,,-8.87521,,-8.875,,,,,1,IMF_WEO,,
SAU,Saudi Arabia,1999,-5.991,,,,,-5.991369,,-5.991,,,,,1,IMF_WEO,,
SAU,Saudi Arabia,2000,3.184,,,,,3.184129,,3.184,,,,,1,IMF_WEO,,
SAU,Saudi Arabia,2001,-3.906,,,,,-3.90592,,-3.906,,,,,1,IMF_WEO,,
SAU,Saudi Arabia,2002,-5.907,,,,,-5.90699,,-5.907,,,,,1,IMF_WEO,,
SAU,Saudi Arabia,2003,1.199,,,,,1.198598,,1.199,,,,,1,IMF_WEO,,
SAU,Saudi Arabia,2004,9.718,,,,,9.717896,,9.718,,,,,1,IMF_WEO,,
SAU,Saudi Arabia,2005,17.987,,,,,17.98695,,17.987,,,,,1,IMF_WEO,,
SAU,Saudi Arabia,2006,20.823,,,,,20.82286,,20.823,,,,,1,IMF_WEO,,
SAU,Saudi Arabia,2007,11.784,,,,,11.7836,,11.784,,,,,1,IMF_WEO,,
SAU,Saudi Arabia,2008,29.802,,,,,29.8019,,29.802,,,,,1,IMF_WEO,,
SAU,Saudi Arabia,2009,-5.383,,,,,-5.38345,,-5.383,,,,,1,IMF_WEO,,
SAU,Saudi Arabia,2010,4.392,,,,,4.391631,,4.392,,,,,1,IMF_WEO,,
SAU,Saudi Arabia,2011,11.462,,,,,11.46186,,11.462,,,,,1,IMF_WEO,,
SAU,Saudi Arabia,2012,11.838,,,,,11.83848,,11.838,,,,,1,IMF_WEO,1,4
SAU,Saudi Arabia,2013,5.635748,,5.635748,,,5.584524,,5.585,,,,,1,AMF,,
SAU,Saudi Arabia,2014,-3.542032,,-3.542032,,,-3.494608,,-3.495,,,,,1,AMF,,
SAU,Saudi Arabia,2015,-15.83849,,-15.83849,,,-15.4785,,-15.478,,,,,1,AMF,,
SAU,Saudi Arabia,2016,-12.86185,,-12.86185,,,-13.65616,,-13.656,,,,,1,AMF,,
SAU,Saudi Arabia,2017,-9.236,,-9.236,,,-8.887454,,-8.887,,,,,1,AMF,,
SAU,Saudi Arabia,2018,-5.677608,,-5.677608,,,-5.453794,-4.5500205,-5.454,,,,,1,AMF,,
SAU,Saudi Arabia,2019,-4.400112,,-4.400112,,,-4.202577,-2.7513962,-4.203,,,,,1,AMF,,
SAU,Saudi Arabia,2020,-11.14258,,-11.14258,,,-10.67993,-9.3551626,-10.68,,,,,1,AMF,,
SAU,Saudi Arabia,2021,-2.349718,,-2.349718,,,-2.240545,-.97774921,-2.241,,,,,1,AMF,,
SAU,Saudi Arabia,2022,2.525,,,,,2.524875,4.0211955,2.525,,,,,1,IMF_WEO,1,4
SAU,Saudi Arabia,2023,-.9438546,,,,,-2.020989,-.94385459,,-2.0209999,,,,1,IMF_GFS,1,4
SAU,Saudi Arabia,2024,-3.034,,,,,,,,-3.0339999,,,,1,IMF_WEO_forecast,1,4
SAU,Saudi Arabia,2025,-3.436,,,,,,,,-3.4360001,,,,1,IMF_WEO_forecast,,
SAU,Saudi Arabia,2026,-3.231,,,,,,,,-3.2309999,,,,1,IMF_WEO_forecast,,
SAU,Saudi Arabia,2027,-3.137,,,,,,,,-3.1370001,,,,1,IMF_WEO_forecast,,
SAU,Saudi Arabia,2028,-2.993,,,,,,,,-2.993,,,,1,IMF_WEO_forecast,,
SAU,Saudi Arabia,2029,-2.836,,,,,,,,-2.836,,,,1,IMF_WEO_forecast,,
SDN,Sudan,1990,-16.207,,,,,-16.20749,,-16.207,,,,,1,IMF_WEO,,
SDN,Sudan,1991,-26.477,,,,,-26.47716,,-26.477,,,,,1,IMF_WEO,,
SDN,Sudan,1992,-24.517,,,,,-24.51715,,-24.517,,,,,1,IMF_WEO,,
SDN,Sudan,1993,-8.042,,,,,-8.0422,,-8.042,,,,,1,IMF_WEO,,
SDN,Sudan,1994,-3.032,,,,,-3.032347,,-3.032,,,,,1,IMF_WEO,,
SDN,Sudan,1995,-3.48,,,,,-3.480034,,-3.48,,,,,1,IMF_WEO,,
SDN,Sudan,1996,-2.61,,,,,-2.610483,,-2.61,,,,,1,IMF_WEO,,
SDN,Sudan,1997,-.59,,,,,-.5903068,,-.59,,,,,1,IMF_WEO,,
SDN,Sudan,1998,-.561,,,,,-.561009,,-.561,,,,,1,IMF_WEO,,
SDN,Sudan,1999,-.8,,,,,-.799562,,-.8,,,,,1,IMF_WEO,,
SDN,Sudan,2000,-.698,,,,,-.6980711,,-.698,,,,,1,IMF_WEO,,
SDN,Sudan,2001,-.767,,,,,-.7668808,,-.767,,,,,1,IMF_WEO,,
SDN,Sudan,2002,-.685,,,,,-.6852902,,-.685,,,,,1,IMF_WEO,,
SDN,Sudan,2003,.768,,,,,.7684109,,.768,,,,,1,IMF_WEO,,
SDN,Sudan,2004,.156,,,,,.1560311,,.156,,,,,1,IMF_WEO,,
SDN,Sudan,2005,-1.876,,,,,-1.875672,,-1.876,,,,,1,IMF_WEO,,
SDN,Sudan,2006,-1.323,,,,,-1.32335,,-1.323,,,,,1,IMF_WEO,,
SDN,Sudan,2007,-2.842,,,,,-2.841969,,-2.842,,,,,1,IMF_WEO,,
SDN,Sudan,2008,.491,,,,,.4914705,,.491,,,,,1,IMF_WEO,,
SDN,Sudan,2009,-3.796,,,,,-3.795781,,-3.796,,,,,1,IMF_WEO,,
SDN,Sudan,2010,.111,,,,,.1105682,,.111,,,,,1,IMF_WEO,,
SDN,Sudan,2011,-2.327,,,,,-2.326906,,-2.327,,,,,1,IMF_WEO,,
SDN,Sudan,2012,-7.368,,,,,-7.368442,,-7.368,,,,,1,IMF_WEO,1,4
SDN,Sudan,2013,-2.104453,,-2.104453,,,-5.760755,,-5.761,,,,,1,AMF,,
SDN,Sudan,2014,-.8920799,,-.8920799,,,-4.718451,,-4.718,,,,,1,AMF,,
SDN,Sudan,2015,-1.254664,,-1.254664,,,-3.869403,,-3.869,,,,,1,AMF,,
SDN,Sudan,2016,-1.796884,,-1.796884,,,-3.918357,,-3.918,,,,,1,AMF,,
SDN,Sudan,2017,-1.541705,,-1.541705,,,-6.069399,,-6.069,,,,,1,AMF,,
SDN,Sudan,2018,-3.216602,,-3.216602,,,-7.922167,,-7.922,,,,,1,AMF,,
SDN,Sudan,2019,-3.45228,,-3.45228,,,-10.75956,,-10.76,,,,,1,AMF,,
SDN,Sudan,2020,-6.032,,,,,-6.031756,,-6.032,,,,,1,IMF_WEO,1,4
SDN,Sudan,2021,-.2871589,,,,,-.2871589,,,-.287,,,,1,IMF_FPP,1,4
SDN,Sudan,2022,-2.145332,,,,,-2.145332,,,-2.145,,,,1,IMF_FPP,,
SDN,Sudan,2023,-3.599125,,,,,-3.599125,,,-3.599,,,,1,IMF_FPP,,
SDN,Sudan,2024,-2.757,,,,,,,,-2.757,,,,1,IMF_WEO_forecast,1,4
SDN,Sudan,2025,-3.75,,,,,,,,-3.75,,,,1,IMF_WEO_forecast,,
SDN,Sudan,2026,-3.792,,,,,,,,-3.7920001,,,,1,IMF_WEO_forecast,,
SDN,Sudan,2027,-3.733,,,,,,,,-3.733,,,,1,IMF_WEO_forecast,,
SDN,Sudan,2028,-3.271,,,,,,,,-3.2709999,,,,1,IMF_WEO_forecast,,
SDN,Sudan,2029,-3.029,,,,,,,,-3.029,,,,1,IMF_WEO_forecast,,
SEN,Senegal,1994,5.903,,,,,5.903216,,5.903,,,,,1,IMF_WEO,,
SEN,Senegal,1995,2.407,,,,,2.40729,,2.407,,,,,1,IMF_WEO,,
SEN,Senegal,1996,.922,,,,,.921537,,.922,,,,,1,IMF_WEO,,
SEN,Senegal,1997,.98,,,,,.9801165,,.98,,,,,1,IMF_WEO,,
SEN,Senegal,1998,.927,,,,,.9271355,,.927,,,,,1,IMF_WEO,,
SEN,Senegal,1999,-.615,,,,,-.6154766,,-.615,,,,,1,IMF_WEO,,
SEN,Senegal,2000,.782,,,,,.7818552,,.782,,,,,1,IMF_WEO,,
SEN,Senegal,2001,-1.441,,,,,-1.441365,,-1.441,,,,,1,IMF_WEO,,
SEN,Senegal,2002,.191,,,,,.1907114,,.191,,,,,1,IMF_WEO,,
SEN,Senegal,2003,-.516,,,,,-.5161733,,-.516,,,,,1,IMF_WEO,,
SEN,Senegal,2004,.184,,,,,.1844224,,.184,,,,,1,IMF_WEO,,
SEN,Senegal,2005,-.263,,,,,-.2630326,,-.263,,,,,1,IMF_WEO,,
SEN,Senegal,2006,-3.665,,,,,-3.665182,,-3.665,,,,,1,IMF_WEO,,
SEN,Senegal,2007,-2.798,,,,,-2.797821,,-2.798,,,,,1,IMF_WEO,,
SEN,Senegal,2008,-3.531,,,,,-3.531099,,-3.531,,,,,1,IMF_WEO,,
SEN,Senegal,2009,-3.663,,,,,-3.662829,,-3.663,,,,,1,IMF_WEO,,
SEN,Senegal,2010,-3.938,,,,,-3.937664,,-3.938,,,,,1,IMF_WEO,,
SEN,Senegal,2011,-4.924,,,,,-4.924469,,-4.924,,,,,1,IMF_WEO,,
SEN,Senegal,2012,-4.185,,,,,-4.184509,,-4.185,,,,,1,IMF_WEO,,
SEN,Senegal,2013,-4.335,,,,,-4.335438,,-4.335,,,,,1,IMF_WEO,,
SEN,Senegal,2014,-3.896,,,,,-3.896273,,-3.896,,,,,1,IMF_WEO,,
SEN,Senegal,2015,-3.663,,,,,-3.663398,-3.8515288,-3.663,,,,,1,IMF_WEO,,
SEN,Senegal,2016,-3.272,,,,,-3.272104,-2.147087,-3.272,,,,,1,IMF_WEO,,
SEN,Senegal,2017,-2.968,,,,,-2.968032,-3.905021,-2.968,,,,,1,IMF_WEO,,
SEN,Senegal,2018,-3.663,,,,,-3.662685,-3.7790168,-3.663,,,,,1,IMF_WEO,,
SEN,Senegal,2019,-3.853,,,,,-3.853051,-4.5405653,-3.853,,,,,1,IMF_WEO,,
SEN,Senegal,2020,-6.405,,,,,-6.404581,-6.0356588,-6.405,,,,,1,IMF_WEO,,
SEN,Senegal,2021,-6.314,,,,,-6.313997,-5.9670347,-6.314,,,,,1,IMF_WEO,,
SEN,Senegal,2022,-5.312265,,,,,-6.629941,-5.312265,,-6.6300001,,,,1,IMF_GFS,1,2
SEN,Senegal,2023,-4.876233,,,,,-4.859348,-4.8762328,,-4.8590002,,,,1,IMF_GFS,,
SEN,Senegal,2024,-7.508,,,,,,,,-7.5079999,,,,1,IMF_WEO_forecast,1,2
SEN,Senegal,2025,-4.529,,,,,,,,-4.5289998,,,,1,IMF_WEO_forecast,,
SEN,Senegal,2026,-2.971,,,,,,,,-2.971,,,,1,IMF_WEO_forecast,,
SEN,Senegal,2027,-3.014,,,,,,,,-3.0139999,,,,1,IMF_WEO_forecast,,
SEN,Senegal,2028,-3.021,,,,,,,,-3.0209999,,,,1,IMF_WEO_forecast,,
SEN,Senegal,2029,-3.005,,,,,,,,-3.0050001,,,,1,IMF_WEO_forecast,,
SGP,Singapore,1972,5.983392,,,,,,5.9833923,,,,,,1,IMF_GFS,,
SGP,Singapore,1973,6.927439,,,,,,6.9274392,,,,,,1,IMF_GFS,,
SGP,Singapore,1974,6.214046,,,,,,6.2140457,,,,,,1,IMF_GFS,,
SGP,Singapore,1975,7.083012,,,,,,7.0830117,,,,,,1,IMF_GFS,,
SGP,Singapore,1976,4.064248,,,,,,4.0642479,,,,,,1,IMF_GFS,,
SGP,Singapore,1977,4.236742,,,,,,4.2367415,,,,,,1,IMF_GFS,,
SGP,Singapore,1978,4.115968,,,,,,4.1159676,,,,,,1,IMF_GFS,,
SGP,Singapore,1979,5.463266,,,,,,5.463266,,,,,,1,IMF_GFS,,
SGP,Singapore,1980,6.157807,,,,,,6.1578068,,,,,,1,IMF_GFS,,
SGP,Singapore,1981,6.137981,,,,,,6.137981,,,,,,1,IMF_GFS,,
SGP,Singapore,1982,9.196261,,,,,,9.1962615,,,,,,1,IMF_GFS,,
SGP,Singapore,1983,9.049346,,,,,,9.0493457,,,,,,1,IMF_GFS,,
SGP,Singapore,1984,2.930717,,,,,,2.9307172,,,,,,1,IMF_GFS,,
SGP,Singapore,1985,10.23914,,,,,,10.239142,,,,,,1,IMF_GFS,,
SGP,Singapore,1986,8.642129,,,,,,8.6421293,,,,,,1,IMF_GFS,,
SGP,Singapore,1987,-3.218477,,,,,,-3.2184766,,,,,,1,IMF_GFS,,
SGP,Singapore,1988,5.084939,,,,,,5.0849393,,,,,,1,IMF_GFS,,
SGP,Singapore,1989,6.772307,,,,,,6.7723073,,,,,,1,IMF_GFS,1,3
SGP,Singapore,1990,1.966,,,,,,10.516042,1.966,,,,,1,IMF_WEO,,
SGP,Singapore,1991,.682,,,,,,9.2535535,.682,,,,,1,IMF_WEO,,
SGP,Singapore,1992,2.701,,,,,,12.669542,2.701,,,,,1,IMF_WEO,,
SGP,Singapore,1993,4.357,,,,,,17.598503,4.357,,,,,1,IMF_WEO,,
SGP,Singapore,1994,7.905,,,,,,20.361529,7.905,,,,,1,IMF_WEO,,
SGP,Singapore,1995,4.804,,,,,,19.029706,4.804,,,,,1,IMF_WEO,,
SGP,Singapore,1996,1.983,,,,,,16.361363,1.983,,,,,1,IMF_WEO,,
SGP,Singapore,1997,5.663,,,,,,20.236183,5.663,,,,,1,IMF_WEO,,
SGP,Singapore,1998,2.414,,,,,,10.867406,2.414,,,,,1,IMF_WEO,,
SGP,Singapore,1999,5.204,,,,,,12.138596,5.204,,,,,1,IMF_WEO,,
SGP,Singapore,2000,4.593,11.03588,,,,,11.035884,4.593,,,,,1,IMF_WEO,,
SGP,Singapore,2001,1.197,5.48837,,,,,5.4883719,1.197,,,,,1,IMF_WEO,,
SGP,Singapore,2002,2.232,4.55708,,,,,4.557083,2.232,,,,,1,IMF_WEO,,
SGP,Singapore,2003,.678,2.91856,,,,,2.9185641,.678,,,,,1,IMF_WEO,,
SGP,Singapore,2004,2.06,3.86457,,,,,3.8645703,2.06,,,,,1,IMF_WEO,,
SGP,Singapore,2005,2.556,6.36885,,,,,6.3688459,2.556,,,,,1,IMF_WEO,,
SGP,Singapore,2006,2.16,6.14544,,,,,6.1454411,2.16,,,,,1,IMF_WEO,,
SGP,Singapore,2007,7.12,11.11488,,,,,11.114876,7.12,,,,,1,IMF_WEO,,
SGP,Singapore,2008,3.589,7.63082,,,,,7.6308235,3.589,,,,,1,IMF_WEO,,
SGP,Singapore,2009,-.094,1.56565,,,,,1.5656544,-.094,,,,,1,IMF_WEO,,
SGP,Singapore,2010,5.684,7.46431,,,,,7.4643075,5.684,,,,,1,IMF_WEO,,
SGP,Singapore,2011,7.962,9.07581,,,,,9.0758148,7.962,,,,,1,IMF_WEO,,
SGP,Singapore,2012,7.336,8.45642,,,,,8.4564248,7.336,,,,,1,IMF_WEO,,
SGP,Singapore,2013,5.963,8.05627,,,,,8.0562725,5.963,,,,,1,IMF_WEO,,
SGP,Singapore,2014,4.6,7.10183,,,,,7.1018296,4.6,,,,,1,IMF_WEO,,
SGP,Singapore,2015,2.862,4.19836,,,,,4.1983582,2.862,,,,,1,IMF_WEO,,
SGP,Singapore,2016,3.26,5.03852,,,,,5.0385222,3.26,,,,,1,IMF_WEO,,
SGP,Singapore,2017,5.25,7.56784,,,,,7.5678477,5.25,,,,,1,IMF_WEO,,
SGP,Singapore,2018,3.68,4.77682,,,,,4.7768232,3.68,,,,,1,IMF_WEO,,
SGP,Singapore,2019,3.765,7.41491,,,,,7.4148729,3.765,,,,,1,IMF_WEO,,
SGP,Singapore,2020,-6.731,-7.36325,,,,,-7.3632507,-6.731,,,,,1,IMF_WEO,,
SGP,Singapore,2021,1.135,1.67481,,,,,1.6748061,1.135,,,,,1,IMF_WEO,,
SGP,Singapore,2022,1.239,1.54336,,,,,1.5433626,1.239,,,,,1,IMF_WEO,,
SGP,Singapore,2023,1.91693,,,,,,1.9169303,,3.4820001,,,,1,IMF_GFS,1,3
SGP,Singapore,2024,4.49,,,,,,,,4.4899998,,,,1,IMF_WEO_forecast,1,3
SGP,Singapore,2025,2.556,,,,,,,,2.556,,,,1,IMF_WEO_forecast,,
SGP,Singapore,2026,2.556,,,,,,,,2.556,,,,1,IMF_WEO_forecast,,
SGP,Singapore,2027,2.52,,,,,,,,2.52,,,,1,IMF_WEO_forecast,,
SGP,Singapore,2028,2.52,,,,,,,,2.52,,,,1,IMF_WEO_forecast,,
SGP,Singapore,2029,2.556,,,,,,,,2.556,,,,1,IMF_WEO_forecast,,
SLB,Solomon Islands,1980,3.422,,,,,,,3.422,,,,,1,IMF_WEO,,
SLB,Solomon Islands,1981,-1.061,,,,,,,-1.061,,,,,1,IMF_WEO,,
SLB,Solomon Islands,1982,.656,,,,,,,.656,,,,,1,IMF_WEO,,
SLB,Solomon Islands,1983,-.837,,,,,,,-.837,,,,,1,IMF_WEO,,
SLB,Solomon Islands,1984,-6.868,,,,,,,-6.868,,,,,1,IMF_WEO,,
SLB,Solomon Islands,1985,-8.875,,,,,,,-8.875,,,,,1,IMF_WEO,,
SLB,Solomon Islands,1986,-10.912,,,,,,,-10.912,,,,,1,IMF_WEO,,
SLB,Solomon Islands,1987,-25.81,,,,,,,-25.81,,,,,1,IMF_WEO,,
SLB,Solomon Islands,1988,-16.757,,,,,,,-16.757,,,,,1,IMF_WEO,,
SLB,Solomon Islands,1989,-15.325,,,,,,,-15.325,,,,,1,IMF_WEO,,
SLB,Solomon Islands,1990,.581,,,,,,,.581,,,,,1,IMF_WEO,,
SLB,Solomon Islands,1991,.137,,,,,,,.137,,,,,1,IMF_WEO,,
SLB,Solomon Islands,1992,4.129,,,,,,,4.129,,,,,1,IMF_WEO,,
SLB,Solomon Islands,1993,2.452,,,,,,,2.452,,,,,1,IMF_WEO,,
SLB,Solomon Islands,1994,4.329,,,,,,,4.329,,,,,1,IMF_WEO,,
SLB,Solomon Islands,1995,3.191,,,,,,,3.191,,,,,1,IMF_WEO,,
SLB,Solomon Islands,1996,3.732,,,,,,,3.732,,,,,1,IMF_WEO,,
SLB,Solomon Islands,1997,2.136,,,,,2.136329,,2.136,,,,,1,IMF_WEO,,
SLB,Solomon Islands,1998,5.04,,,,,5.039667,,5.04,,,,,1,IMF_WEO,,
SLB,Solomon Islands,1999,-.322,,,,,-.3221247,,-.322,,,,,1,IMF_WEO,,
SLB,Solomon Islands,2000,-2.929,,,,,-2.929148,,-2.929,,,,,1,IMF_WEO,,
SLB,Solomon Islands,2001,-2.396,,,,,-2.396106,,-2.396,,,,,1,IMF_WEO,,
SLB,Solomon Islands,2002,-4.35,,,,,-4.349629,,-4.35,,,,,1,IMF_WEO,,
SLB,Solomon Islands,2003,10.561,,,,,10.56075,,10.561,,,,,1,IMF_WEO,,
SLB,Solomon Islands,2004,17.032,,,,,17.032,,17.032,,,,,1,IMF_WEO,,
SLB,Solomon Islands,2005,13.39,,,,,13.3896,,13.39,,,,,1,IMF_WEO,,
SLB,Solomon Islands,2006,12.96,,,,,12.95978,,12.96,,,,,1,IMF_WEO,,
SLB,Solomon Islands,2007,15.311,,,,,15.31127,,15.311,,,,,1,IMF_WEO,,
SLB,Solomon Islands,2008,1.938,1.7675631,,,,1.937955,,1.938,,,,,1,IMF_WEO,,
SLB,Solomon Islands,2009,2.351,2.157974,,,,2.350782,,2.351,,,,,1,IMF_WEO,,
SLB,Solomon Islands,2010,6.017,5.6753709,,,,6.016514,,6.017,,,,,1,IMF_WEO,,
SLB,Solomon Islands,2011,6.225,6.1428329,,,,6.224762,,6.225,,,,,1,IMF_WEO,,
SLB,Solomon Islands,2012,4.633,4.6333529,,,,4.633308,,4.633,,,,,1,IMF_WEO,,
SLB,Solomon Islands,2013,3.571,3.5731749,,,,3.571077,,3.571,,,,,1,IMF_WEO,,
SLB,Solomon Islands,2014,2.127,2.1272843,,,,2.127023,,2.127,,,,,1,IMF_WEO,,
SLB,Solomon Islands,2015,.808,.80822791,,,,.8084127,,.808,,,,,1,IMF_WEO,,
SLB,Solomon Islands,2016,-3.558,-3.217818,,,,-3.558217,,-3.558,,,,,1,IMF_WEO,,
SLB,Solomon Islands,2017,-2.271,-2.2621835,,,,-2.271494,,-2.271,,,,,1,IMF_WEO,,
SLB,Solomon Islands,2018,1.488,1.4875767,,,,1.487511,,1.488,,,,,1,IMF_WEO,,
SLB,Solomon Islands,2019,-1.524,-1.5240937,,,,-1.524066,,-1.524,,,,,1,IMF_WEO,,
SLB,Solomon Islands,2020,-2.438,-2.4379072,,,,-2.437889,,-2.438,,,,,1,IMF_WEO,,
SLB,Solomon Islands,2021,-.458,-1.2493176,,,,-.4583015,,-.458,,,,,1,IMF_WEO,,
SLB,Solomon Islands,2022,-2.171265,-2.9410856,,,,-2.171265,,,-2.171,,,,1,IMF_FPP,1,2
SLB,Solomon Islands,2023,-1.994879,-7.0189762,,,,-1.994879,,,-1.995,,,,1,IMF_FPP,,
SLB,Solomon Islands,2024,-2.213,,,,,,,,-2.2130001,,,,1,IMF_WEO_forecast,1,2
SLB,Solomon Islands,2025,-2.678,,,,,,,,-2.678,,,,1,IMF_WEO_forecast,,
SLB,Solomon Islands,2026,-2.791,,,,,,,,-2.7909999,,,,1,IMF_WEO_forecast,,
SLB,Solomon Islands,2027,-2.87,,,,,,,,-2.8699999,,,,1,IMF_WEO_forecast,,
SLB,Solomon Islands,2028,-2.948,,,,,,,,-2.948,,,,1,IMF_WEO_forecast,,
SLB,Solomon Islands,2029,-3.05,,,,,,,,-3.05,,,,1,IMF_WEO_forecast,,
SLE,Sierra Leone,2000,-1.944,,,,,,,-1.944,,,,,1,IMF_WEO,,
SLE,Sierra Leone,2001,-3.219,,,,,,,-3.219,,,,,1,IMF_WEO,,
SLE,Sierra Leone,2002,-3.028,,,,,,,-3.028,,,,,1,IMF_WEO,,
SLE,Sierra Leone,2003,-2.783,,,,,,,-2.783,,,,,1,IMF_WEO,,
SLE,Sierra Leone,2004,-1.456,,,,,,,-1.456,,,,,1,IMF_WEO,,
SLE,Sierra Leone,2005,-1.167,,,,,,,-1.167,,,,,1,IMF_WEO,,
SLE,Sierra Leone,2006,-.93,,,,,,,-.93,,,,,1,IMF_WEO,,
SLE,Sierra Leone,2007,12.568,,,,,,,12.568,,,,,1,IMF_WEO,,
SLE,Sierra Leone,2008,-2.217,,,,,,,-2.217,,,,,1,IMF_WEO,,
SLE,Sierra Leone,2009,-1.51,,,,,,,-1.51,,,,,1,IMF_WEO,,
SLE,Sierra Leone,2010,-3.09,,,,,,,-3.09,,,,,1,IMF_WEO,,
SLE,Sierra Leone,2011,-2.785,,,,,,,-2.785,,,,,1,IMF_WEO,,
SLE,Sierra Leone,2012,-3.413,,,,,,,-3.413,,,,,1,IMF_WEO,,
SLE,Sierra Leone,2013,-1.744,,,,,,,-1.744,,,,,1,IMF_WEO,,
SLE,Sierra Leone,2014,-2.768,,,,,,,-2.768,,,,,1,IMF_WEO,,
SLE,Sierra Leone,2015,-2.865,,,,,,,-2.865,,,,,1,IMF_WEO,,
SLE,Sierra Leone,2016,-5.414,,,,,,,-5.414,,,,,1,IMF_WEO,,
SLE,Sierra Leone,2017,-5.611,,,,,,,-5.611,,,,,1,IMF_WEO,,
SLE,Sierra Leone,2018,-3.573,,,,,,,-3.573,,,,,1,IMF_WEO,,
SLE,Sierra Leone,2019,-1.953,,,,,,,-1.953,,,,,1,IMF_WEO,,
SLE,Sierra Leone,2020,-3.498,,,,,,,-3.498,,,,,1,IMF_WEO,,
SLE,Sierra Leone,2021,-4.339,,,,,,,-4.339,,,,,1,IMF_WEO,,
SLE,Sierra Leone,2022,-5.929,,,,,,,-5.929,,,,,1,IMF_WEO,,
SLE,Sierra Leone,2023,-4.989,,,,,,,,-4.9889998,,,,1,IMF_WEO_forecast,1,1
SLE,Sierra Leone,2024,-2.895,,,,,,,,-2.895,,,,1,IMF_WEO_forecast,,
SLE,Sierra Leone,2025,-3.572,,,,,,,,-3.572,,,,1,IMF_WEO_forecast,,
SLE,Sierra Leone,2026,-1.684,,,,,,,,-1.684,,,,1,IMF_WEO_forecast,,
SLE,Sierra Leone,2027,-.94,,,,,,,,-.94,,,,1,IMF_WEO_forecast,,
SLE,Sierra Leone,2028,-.523,,,,,,,,-.523,,,,1,IMF_WEO_forecast,,
SLE,Sierra Leone,2029,-1.504,,,,,,,,-1.5039999,,,,1,IMF_WEO_forecast,,
SLV,El Salvador,1990,-.613,,,,,-.6129466,,-.613,,,,,1,IMF_WEO,,
SLV,El Salvador,1991,-2.305,,,,,-2.304632,,-2.305,,,,,1,IMF_WEO,,
SLV,El Salvador,1992,-4.289,,,,,-4.288814,,-4.289,,,,,1,IMF_WEO,,
SLV,El Salvador,1993,-1.416,,,,,-1.416472,,-1.416,,,,,1,IMF_WEO,,
SLV,El Salvador,1994,-.943,,,,,-.9430449,,-.943,,,,,1,IMF_WEO,,
SLV,El Salvador,1995,-.177,,,,,-.1768672,,-.177,,,,,1,IMF_WEO,,
SLV,El Salvador,1996,-2.702,,,,,-2.702393,,-2.702,,,,,1,IMF_WEO,,
SLV,El Salvador,1997,-1.972,,,,,-1.972371,,-1.972,,,,,1,IMF_WEO,,
SLV,El Salvador,1998,-2.94,,,,,-2.939926,,-2.94,,,,,1,IMF_WEO,,
SLV,El Salvador,1999,-3.082,,,,,-3.082454,,-3.082,,,,,1,IMF_WEO,,
SLV,El Salvador,2000,-3.446,,,,,-3.445502,,-3.446,,,,,1,IMF_WEO,,
SLV,El Salvador,2001,-4.945,,,,,-4.945072,,-4.945,,,,,1,IMF_WEO,,
SLV,El Salvador,2002,-5.504,,,,,-5.504019,-5.377363,-5.504,,,,,1,IMF_WEO,,
SLV,El Salvador,2003,-4.23,,,,,-4.230174,-2.9002031,-4.23,,,,,1,IMF_WEO,,
SLV,El Salvador,2004,-2.76,,,,,-2.759628,-3.6801967,-2.76,,,,,1,IMF_WEO,,
SLV,El Salvador,2005,-3.473,,,,,-3.472577,-5.0306163,-3.473,,,,,1,IMF_WEO,,
SLV,El Salvador,2006,-3.416,,,,,-3.416395,-3.604402,-3.416,,,,,1,IMF_WEO,,
SLV,El Salvador,2007,-2.324,,,,,-2.323935,1.0907167,-2.324,,,,,1,IMF_WEO,,
SLV,El Salvador,2008,-3.8,,,,,-3.800475,.17846341,-3.8,,,,,1,IMF_WEO,,
SLV,El Salvador,2009,-6.646,,,,,-6.645643,-5.8790043,-6.646,,,,,1,IMF_WEO,,
SLV,El Salvador,2010,-4.966,,,,,-4.966198,-2.9884112,-4.966,,,,,1,IMF_WEO,,
SLV,El Salvador,2011,-4.47,,,,,-4.469854,-2.6187762,-4.47,,,,,1,IMF_WEO,,
SLV,El Salvador,2012,-3.808,,,,,-3.80793,-.98802967,-3.808,,,,,1,IMF_WEO,,
SLV,El Salvador,2013,-4.457,,,,,-4.457195,-1.7379869,-4.457,,,,,1,IMF_WEO,,
SLV,El Salvador,2014,-4.017,,,,,-4.017488,-2.8050791,-4.017,,,,,1,IMF_WEO,,
SLV,El Salvador,2015,-3.632,,,,,-3.632141,-1.3485301,-3.632,,,,,1,IMF_WEO,,
SLV,El Salvador,2016,-3.104,,,,,-3.1042,.2509337,-3.104,,,,,1,IMF_WEO,,
SLV,El Salvador,2017,-2.528,,,,,-2.528184,-.58051084,-2.528,,,,,1,IMF_WEO,,
SLV,El Salvador,2018,-2.705,,,,,-2.705138,-.62027182,-2.705,,,,,1,IMF_WEO,,
SLV,El Salvador,2019,-3.07,,,,,-3.070258,-.77935712,-3.07,,,,,1,IMF_WEO,,
SLV,El Salvador,2020,-8.179,,,,,-8.179461,-9.6042727,-8.179,,,,,1,IMF_WEO,,
SLV,El Salvador,2021,-5.531,,,,,-5.531012,-2.3100111,-5.531,,,,,1,IMF_WEO,,
SLV,El Salvador,2022,-2.688,,,,,-2.688275,-2.7787747,-2.688,,,,,1,IMF_WEO,,
SLV,El Salvador,2023,-2.709818,,,,,-4.673607,-2.7098182,,-4.6739998,,,,1,IMF_GFS,1,2
SLV,El Salvador,2024,-4.483,,,,,,,,-4.4829998,,,,1,IMF_WEO_forecast,1,2
SLV,El Salvador,2025,-4.233,,,,,,,,-4.2329998,,,,1,IMF_WEO_forecast,,
SLV,El Salvador,2026,-3.826,,,,,,,,-3.826,,,,1,IMF_WEO_forecast,,
SLV,El Salvador,2027,-4.162,,,,,,,,-4.1620002,,,,1,IMF_WEO_forecast,,
SLV,El Salvador,2028,-4.694,,,,,,,,-4.6939998,,,,1,IMF_WEO_forecast,,
SLV,El Salvador,2029,-4.468,,,,,,,,-4.4679999,,,,1,IMF_WEO_forecast,,
SMR,San Marino,2002,.9927537,,,,,,.99275369,,,,,,1,IMF_GFS,,
SMR,San Marino,2003,2.251229,,,,,,2.2512293,,,,,,1,IMF_GFS,1,3
SMR,San Marino,2004,2.445,,,,,,1.8758253,2.445,,,,,1,IMF_WEO,,
SMR,San Marino,2005,3.583,,,,,,4.1432129,3.583,,,,,1,IMF_WEO,,
SMR,San Marino,2006,1.507,,,,,,4.8806161,1.507,,,,,1,IMF_WEO,,
SMR,San Marino,2007,1.825,,,,,,3.4515182,1.825,,,,,1,IMF_WEO,,
SMR,San Marino,2008,.176,,,,,,,.176,,,,,1,IMF_WEO,,
SMR,San Marino,2009,-2.461,,,,,,,-2.461,,,,,1,IMF_WEO,,
SMR,San Marino,2010,-2.238,,,,,,,-2.238,,,,,1,IMF_WEO,,
SMR,San Marino,2011,-4.049,,,,,,,-4.049,,,,,1,IMF_WEO,,
SMR,San Marino,2012,-7.079,,,,,,,-7.079,,,,,1,IMF_WEO,,
SMR,San Marino,2013,-7.741,,,,,,,-7.741,,,,,1,IMF_WEO,,
SMR,San Marino,2014,1.064,,,,,,,1.064,,,,,1,IMF_WEO,,
SMR,San Marino,2015,-3.324,,,,,,,-3.324,,,,,1,IMF_WEO,,
SMR,San Marino,2016,-.185,,,,,,,-.185,,,,,1,IMF_WEO,,
SMR,San Marino,2017,-3.486,,,,,,,-3.486,,,,,1,IMF_WEO,,
SMR,San Marino,2018,-1.556,,,,,,,-1.556,,,,,1,IMF_WEO,,
SMR,San Marino,2019,-.108,,,,,,-2.5381705,-.108,,,,,1,IMF_WEO,,
SMR,San Marino,2020,-37.592,,,,,,-5.0233106,-37.592,,,,,1,IMF_WEO,,
SMR,San Marino,2021,-16.418,,,,,,-3.0972134,-16.418,,,,,1,IMF_WEO,,
SMR,San Marino,2022,-.1137036,,,,,,-.11370357,,.42399999,,,,1,IMF_GFS,1,3
SMR,San Marino,2023,1.215051,,,,,,1.2150505,,-1.632,,,,1,IMF_GFS,,
SMR,San Marino,2024,-1.808,,,,,,,,-1.808,,,,1,IMF_WEO_forecast,1,3
SMR,San Marino,2025,-1.482,,,,,,,,-1.482,,,,1,IMF_WEO_forecast,,
SMR,San Marino,2026,-1.258,,,,,,,,-1.258,,,,1,IMF_WEO_forecast,,
SMR,San Marino,2027,-1.092,,,,,,,,-1.092,,,,1,IMF_WEO_forecast,,
SMR,San Marino,2028,-.347,,,,,,,,-.347,,,,1,IMF_WEO_forecast,,
SMR,San Marino,2029,-.284,,,,,,,,-.28400001,,,,1,IMF_WEO_forecast,,
SOM,Somalia,2013,-.113,,,,,,,-.113,,,,,1,IMF_WEO,,
SOM,Somalia,2014,-.056,,,,,,,-.056,,,,,1,IMF_WEO,,
SOM,Somalia,2015,.242,,,,,,,.242,,,,,1,IMF_WEO,,
SOM,Somalia,2016,.461,,,,,,,.461,,,,,1,IMF_WEO,,
SOM,Somalia,2017,.374,,,,,,.01171983,.374,,,,,1,IMF_WEO,,
SOM,Somalia,2018,.031,,,,,,.11878035,.031,,,,,1,IMF_WEO,,
SOM,Somalia,2019,.276,,,,,,.52360668,.276,,,,,1,IMF_WEO,,
SOM,Somalia,2020,.287,,,,,,.3615022,.287,,,,,1,IMF_WEO,,
SOM,Somalia,2021,-.882,,,,,,,-.882,,,,,1,IMF_WEO,,
SOM,Somalia,2022,.024,,,,,,.11085552,.024,,,,,1,IMF_WEO,,
SOM,Somalia,2023,15.65701,,,,,,15.657009,,.053,,,,1,IMF_GFS,1,2
SOM,Somalia,2024,-.154,,,,,,,,-.154,,,,1,IMF_WEO_forecast,1,2
SOM,Somalia,2025,-.991,,,,,,,,-.991,,,,1,IMF_WEO_forecast,,
SOM,Somalia,2026,-1.911,,,,,,,,-1.911,,,,1,IMF_WEO_forecast,,
SOM,Somalia,2027,-2.02,,,,,,,,-2.02,,,,1,IMF_WEO_forecast,,
SOM,Somalia,2028,-1.963,,,,,,,,-1.9630001,,,,1,IMF_WEO_forecast,,
SOM,Somalia,2029,-2.053,,,,,,,,-2.053,,,,1,IMF_WEO_forecast,,
SRB,Serbia,2000,-.158,,,,,,,-.158,,,,,1,IMF_WEO,,
SRB,Serbia,2001,.341,,,,,,,.341,,,,,1,IMF_WEO,,
SRB,Serbia,2002,-2.438,,,,,,,-2.438,,,,,1,IMF_WEO,,
SRB,Serbia,2003,-2.503,,,,,,,-2.503,,,,,1,IMF_WEO,,
SRB,Serbia,2004,.063,,,,,,,.063,,,,,1,IMF_WEO,,
SRB,Serbia,2005,1.045,,,,,,,1.045,,,,,1,IMF_WEO,,
SRB,Serbia,2006,-.928,,,,,,,-.928,,,,,1,IMF_WEO,,
SRB,Serbia,2007,-.834,,,,,,-1.151395,-.834,,,,,1,IMF_WEO,,
SRB,Serbia,2008,-4.413,,,,,,-1.6493897,-4.413,,,,,1,IMF_WEO,,
SRB,Serbia,2009,-3.433,,,,,,-3.3064456,-3.433,,,,,1,IMF_WEO,,
SRB,Serbia,2010,-3.485,,,,,,-4.1983283,-3.485,,,,,1,IMF_WEO,,
SRB,Serbia,2011,-3.905,,,,,,-4.3840137,-3.905,,,,,1,IMF_WEO,,
SRB,Serbia,2012,-6.36,,,,,,-5.7055038,-6.36,,,,,1,IMF_WEO,,
SRB,Serbia,2013,-4.993,,,,,,-4.2443615,-4.993,,,,,1,IMF_WEO,,
SRB,Serbia,2014,-5.853,,,,,,-4.3987708,-5.853,,,,,1,IMF_WEO,,
SRB,Serbia,2015,-3.379,,,,,,-2.8428512,-3.379,,,,,1,IMF_WEO,,
SRB,Serbia,2016,-1.119,,,,,,-.67086105,-1.119,,,,,1,IMF_WEO,,
SRB,Serbia,2017,1.37,,,,,,1.0791666,1.37,,,,,1,IMF_WEO,,
SRB,Serbia,2018,.811,,,,,,.70135046,.811,,,,,1,IMF_WEO,,
SRB,Serbia,2019,-.005,,,,,,.09394658,-.005,,,,,1,IMF_WEO,,
SRB,Serbia,2020,-7.239,,,,,,-7.2651897,-7.239,,,,,1,IMF_WEO,,
SRB,Serbia,2021,-3.309,,,,,,-3.9032401,-3.309,,,,,1,IMF_WEO,,
SRB,Serbia,2022,-.148,,,,,,-2.9786119,-.148,,,,,1,IMF_WEO,,
SRB,Serbia,2023,-1.31,,,,,,,,-1.3099999,,,,1,IMF_WEO_forecast,1,1
SRB,Serbia,2024,-2.589,,,,,,,,-2.589,,,,1,IMF_WEO_forecast,,
SRB,Serbia,2025,-2.271,,,,,,,,-2.2709999,,,,1,IMF_WEO_forecast,,
SRB,Serbia,2026,-2.028,,,,,,,,-2.0280001,,,,1,IMF_WEO_forecast,,
SRB,Serbia,2027,-2.111,,,,,,,,-2.1110001,,,,1,IMF_WEO_forecast,,
SRB,Serbia,2028,-2.115,,,,,,,,-2.115,,,,1,IMF_WEO_forecast,,
SRB,Serbia,2029,-2.126,,,,,,,,-2.1259999,,,,1,IMF_WEO_forecast,,
SSD,South Sudan,2011,4.57,,,,,,,4.57,,,,,1,IMF_WEO,,
SSD,South Sudan,2012,-14.81,,,,,,,-14.81,,,,,1,IMF_WEO,,
SSD,South Sudan,2013,-3.45,,,,,,,-3.45,,,,,1,IMF_WEO,,
SSD,South Sudan,2014,-9.176,,,,,,,-9.176,,,,,1,IMF_WEO,,
SSD,South Sudan,2015,-16.023,,,,,,,-16.023,,,,,1,IMF_WEO,,
SSD,South Sudan,2016,-18.228,,,,,,,-18.228,,,,,1,IMF_WEO,,
SSD,South Sudan,2017,6.309,,,,,,,6.309,,,,,1,IMF_WEO,,
SSD,South Sudan,2018,-.945,,,,,,,-.945,,,,,1,IMF_WEO,,
SSD,South Sudan,2019,.042,,,,,,,.042,,,,,1,IMF_WEO,,
SSD,South Sudan,2020,-5.499,,,,,,,-5.499,,,,,1,IMF_WEO,,
SSD,South Sudan,2021,-9.298,,,,,,,-9.298,,,,,1,IMF_WEO,,
SSD,South Sudan,2022,4.196,,,,,,,4.196,,,,,1,IMF_WEO,,
SSD,South Sudan,2023,7.015,,,,,,,,7.0149999,,,,1,IMF_WEO_forecast,1,1
SSD,South Sudan,2024,5.827,,,,,,,,5.8270001,,,,1,IMF_WEO_forecast,,
SSD,South Sudan,2025,6.702,,,,,,,,6.7020001,,,,1,IMF_WEO_forecast,,
SSD,South Sudan,2026,7.051,,,,,,,,7.0510001,,,,1,IMF_WEO_forecast,,
SSD,South Sudan,2027,7.085,,,,,,,,7.085,,,,1,IMF_WEO_forecast,,
SSD,South Sudan,2028,6.965,,,,,,,,6.9650002,,,,1,IMF_WEO_forecast,,
SSD,South Sudan,2029,6.109,,,,,,,,6.1090002,,,,1,IMF_WEO_forecast,,
STP,Sao Tome and Principe,2000,51.517,,,,,,,51.517,,,,,1,IMF_WEO,,
STP,Sao Tome and Principe,2001,-13.52,,,,,,,-13.52,,,,,1,IMF_WEO,,
STP,Sao Tome and Principe,2002,-10.423,,,,,,,-10.423,,,,,1,IMF_WEO,,
STP,Sao Tome and Principe,2003,-15.926,,,,,,,-15.926,,,,,1,IMF_WEO,,
STP,Sao Tome and Principe,2004,-25.115,,,,,,,-25.115,,,,,1,IMF_WEO,,
STP,Sao Tome and Principe,2005,26.812,,,,,,,26.812,,,,,1,IMF_WEO,,
STP,Sao Tome and Principe,2006,17.992,,,,,,,17.992,,,,,1,IMF_WEO,,
STP,Sao Tome and Principe,2007,125.135,,,,,,,125.135,,,,,1,IMF_WEO,,
STP,Sao Tome and Principe,2008,13.648,,,,,,,13.648,,,,,1,IMF_WEO,,
STP,Sao Tome and Principe,2009,-18.024,,,,,,,-18.024,,,,,1,IMF_WEO,,
STP,Sao Tome and Principe,2010,-12.119,,,,,,,-12.119,,,,,1,IMF_WEO,,
STP,Sao Tome and Principe,2011,-13.025,,,,,,,-13.025,,,,,1,IMF_WEO,,
STP,Sao Tome and Principe,2012,-12.257,,,,,,,-12.257,,,,,1,IMF_WEO,,
STP,Sao Tome and Principe,2013,2.134,,,,,,,2.134,,,,,1,IMF_WEO,,
STP,Sao Tome and Principe,2014,-6.274,,,,,,,-6.274,,,,,1,IMF_WEO,,
STP,Sao Tome and Principe,2015,-7.6,,,,,,,-7.6,,,,,1,IMF_WEO,,
STP,Sao Tome and Principe,2016,-5.006,,,,,,,-5.006,,,,,1,IMF_WEO,,
STP,Sao Tome and Principe,2017,-3.107,,,,,,,-3.107,,,,,1,IMF_WEO,,
STP,Sao Tome and Principe,2018,-2.023,,,,,,,-2.023,,,,,1,IMF_WEO,,
STP,Sao Tome and Principe,2019,-.066,,,,,,,-.066,,,,,1,IMF_WEO,,
STP,Sao Tome and Principe,2020,2.94,,,,,,,2.94,,,,,1,IMF_WEO,,
STP,Sao Tome and Principe,2021,-1.516,,,,,,,-1.516,,,,,1,IMF_WEO,,
STP,Sao Tome and Principe,2022,-2.241,,,,,,,-2.241,,,,,1,IMF_WEO,,
STP,Sao Tome and Principe,2023,1.096,,,,,,,,1.096,,,,1,IMF_WEO_forecast,1,1
STP,Sao Tome and Principe,2024,3.978,,,,,,,,3.9779999,,,,1,IMF_WEO_forecast,,
STP,Sao Tome and Principe,2025,4.214,,,,,,,,4.2140002,,,,1,IMF_WEO_forecast,,
STP,Sao Tome and Principe,2026,1.582,,,,,,,,1.582,,,,1,IMF_WEO_forecast,,
STP,Sao Tome and Principe,2027,1.54,,,,,,,,1.54,,,,1,IMF_WEO_forecast,,
STP,Sao Tome and Principe,2028,1.412,,,,,,,,1.4119999,,,,1,IMF_WEO_forecast,,
STP,Sao Tome and Principe,2029,1.206,,,,,,,,1.206,,,,1,IMF_WEO_forecast,,
SUR,Suriname,1990,-3.044,,,,,-3.043824,,-3.044,,,,,1,IMF_WEO,,
SUR,Suriname,1991,-9.801,,,,,-9.801106,,-9.801,,,,,1,IMF_WEO,,
SUR,Suriname,1992,-6.452,,,,,-6.452081,,-6.452,,,,,1,IMF_WEO,,
SUR,Suriname,1993,-4.675,,,,,-4.675066,,-4.675,,,,,1,IMF_WEO,,
SUR,Suriname,1994,-1.894,,,,,-1.893992,,-1.894,,,,,1,IMF_WEO,,
SUR,Suriname,1995,1.166,,,,,1.165632,,1.166,,,,,1,IMF_WEO,,
SUR,Suriname,1996,3.42,,,,,3.419868,,3.42,,,,,1,IMF_WEO,,
SUR,Suriname,1997,-.323,,,,,-.3226313,,-.323,,,,,1,IMF_WEO,,
SUR,Suriname,1998,-6.39,,,,,-6.389521,,-6.39,,,,,1,IMF_WEO,,
SUR,Suriname,1999,-4.918,,,,,-4.917723,,-4.918,,,,,1,IMF_WEO,,
SUR,Suriname,2000,-7.758,,,,,-7.758033,,-7.758,,,,,1,IMF_WEO,,
SUR,Suriname,2001,3.49,,,,,3.489686,,3.49,,,,,1,IMF_WEO,,
SUR,Suriname,2002,-3.296,,,,,-3.29562,,-3.296,,,,,1,IMF_WEO,,
SUR,Suriname,2003,-.114,,,,,-.1138816,,-.114,,,,,1,IMF_WEO,,
SUR,Suriname,2004,-1.202,,,,,-1.202372,,-1.202,,,,,1,IMF_WEO,,
SUR,Suriname,2005,-3.391,,,,,-3.390685,,-3.391,,,,,1,IMF_WEO,,
SUR,Suriname,2006,.592,,,,,.5924836,,.592,,,,,1,IMF_WEO,,
SUR,Suriname,2007,5.014,,,,,5.014071,,5.014,,,,,1,IMF_WEO,,
SUR,Suriname,2008,2.393,,,,,2.393438,,2.393,,,,,1,IMF_WEO,,
SUR,Suriname,2009,2.028,,,,,2.027984,,2.028,,,,,1,IMF_WEO,,
SUR,Suriname,2010,-.154,,,,,-.1537388,,-.154,,,,,1,IMF_WEO,,
SUR,Suriname,2011,2.319,,,,,2.318833,,2.319,,,,,1,IMF_WEO,,
SUR,Suriname,2012,-1.968,,,,,-1.967729,,-1.968,,,,,1,IMF_WEO,,
SUR,Suriname,2013,-3.333,,,,,-3.333196,,-3.333,,,,,1,IMF_WEO,,
SUR,Suriname,2014,-4.692,,,,,-4.692043,,-4.692,,,,,1,IMF_WEO,,
SUR,Suriname,2015,-7.555,,,,,-7.554534,,-7.555,,,,,1,IMF_WEO,,
SUR,Suriname,2016,-9.34,,,,,-9.340105,,-9.34,,,,,1,IMF_WEO,,
SUR,Suriname,2017,-7.079,,,,,-7.079093,,-7.079,,,,,1,IMF_WEO,,
SUR,Suriname,2018,-5.249,,,,,-5.249202,,-5.249,,,,,1,IMF_WEO,,
SUR,Suriname,2019,-20.225,,,,,-20.22534,,-20.225,,,,,1,IMF_WEO,,
SUR,Suriname,2020,-11.954,,,,,-11.95444,,-11.954,,,,,1,IMF_WEO,,
SUR,Suriname,2021,-5.689,,,,,-5.689441,,-5.689,,,,,1,IMF_WEO,,
SUR,Suriname,2022,-2.689104,,,,,-2.689104,,,-2.6889999,,,,1,IMF_FPP,1,2
SUR,Suriname,2023,-1.580894,,,,,-1.580894,,,-1.581,,,,1,IMF_FPP,,
SUR,Suriname,2024,-.575,,,,,,,,-.57499999,,,,1,IMF_WEO_forecast,1,2
SUR,Suriname,2025,.088,,,,,,,,.088,,,,1,IMF_WEO_forecast,,
SUR,Suriname,2026,.094,,,,,,,,.094,,,,1,IMF_WEO_forecast,,
SUR,Suriname,2027,.069,,,,,,,,.069,,,,1,IMF_WEO_forecast,,
SUR,Suriname,2028,.209,,,,,,,,.20900001,,,,1,IMF_WEO_forecast,,
SUR,Suriname,2029,.364,,,,,,,,.36399999,,,,1,IMF_WEO_forecast,,
SVK,Slovakia,1995,-3.4,,,,-3.4,-3.473325,-3.4731584,-3.473,,-3.4292474,,,1,EUS,,
SVK,Slovakia,1996,-9.7,,,,-9.7,-9.81582,-9.8156703,-9.816,,-9.7203994,,,1,EUS,,
SVK,Slovakia,1997,-6.2,,,,-6.2,-6.266304,-6.2661084,-6.266,,-6.2351361,,,1,EUS,,
SVK,Slovakia,1998,-5.4,,,,-5.4,-5.297078,-5.3902047,-5.297,,-5.3691386,,,1,EUS,,
SVK,Slovakia,1999,-7.3,,,,-7.3,-7.172969,-7.259641,-7.173,,-7.25201,,,1,EUS,,
SVK,Slovakia,2000,-12.7,,,,-12.7,-12.631,-12.678421,-12.631,,-12.689675,,,1,EUS,,
SVK,Slovakia,2001,-7.7,,,,-7.7,-7.220613,-7.7300199,-7.221,,-7.742951,,,1,EUS,,
SVK,Slovakia,2002,-8.4,,,,-8.4,-8.220576,-8.3404278,-8.221,,-8.3531318,,,1,EUS,,
SVK,Slovakia,2003,-2.3,,,,-2.3,-3.120095,-2.2667703,-3.12,,-2.28192,,,1,EUS,,
SVK,Slovakia,2004,-2.4,,,,-2.4,-2.314224,-2.3501504,-2.314,,-2.3592967,,,1,EUS,,
SVK,Slovakia,2005,-2.9,,,,-2.9,-2.874279,-2.8452354,-2.874,,-2.8570351,,,1,EUS,,
SVK,Slovakia,2006,-3.6,,,,-3.6,-3.578513,-3.569269,-3.579,,-3.5704234,,,1,EUS,,
SVK,Slovakia,2007,-2.3,,,,-2.3,-2.0504,-2.2588845,-2.05,,-2.2581267,,,1,EUS,,
SVK,Slovakia,2008,-2.5,,,,-2.5,-2.523381,-2.5395645,-2.523,,-2.5409645,,,1,EUS,,
SVK,Slovakia,2009,-8.2,,,,-8.2,-8.149415,-8.1793998,-8.149,,-8.1840424,,,1,EUS,,
SVK,Slovakia,2010,-7.4,,,,-7.4,-7.472842,-7.4402632,-7.473,,-7.444557,,,1,EUS,,
SVK,Slovakia,2011,-4.4,,,,-4.4,-4.303497,-4.3460684,-4.303,,-4.3556057,,,1,EUS,,
SVK,Slovakia,2012,-4.4,,,,-4.4,-4.351846,-4.3708812,-4.352,,-4.3660715,,,1,EUS,,
SVK,Slovakia,2013,-2.9,,,,-2.9,-2.877862,-2.8670301,-2.878,,-2.861366,,,1,EUS,,
SVK,Slovakia,2014,-3.2,,,,-3.2,-3.10407,-3.2539114,-3.104,,-3.2448085,,,1,EUS,,
SVK,Slovakia,2015,-2.8,,,,-2.8,-2.665049,-2.7907698,-2.665,,-2.7820387,,,1,EUS,,
SVK,Slovakia,2016,-2.6,,,,-2.6,-2.574411,-2.6049108,-2.574,,-2.5935545,,,1,EUS,,
SVK,Slovakia,2017,-1,,,,-1,-.9796882,-.98803588,-.98,,-.98457669,,,1,EUS,,
SVK,Slovakia,2018,-1,,,,-1,-1.010852,-1.0104857,-1.011,,-1.0059169,,,1,EUS,,
SVK,Slovakia,2019,-1.2,,,,-1.2,-1.207353,-1.2065484,-1.207,,-1.205003,,,1,EUS,,
SVK,Slovakia,2020,-5.3,,,,-5.3,-5.349622,-5.3452717,-5.35,,-5.2959808,,,1,EUS,,
SVK,Slovakia,2021,-5.1,,,,-5.1,-5.18203,-5.173395,-5.182,,-5.0877789,,,1,EUS,,
SVK,Slovakia,2022,-1.6,,,,-1.6,-1.636769,-1.5665764,-1.637,,-1.6691107,,,1,EUS,,
SVK,Slovakia,2023,-5.3,,,,-5.3,-4.7695,-5.326897,,-4.77,-5.2064416,,,1,EUS,,
SVK,Slovakia,2024,-5.5,,,,-5.5,,,,-5.8850002,-5.732118,,,1,EUS,,
SVK,Slovakia,2025,-4.694576,,,,,,,,-4.7259998,-4.6945761,,,1,OECD_EO,1,2
SVK,Slovakia,2026,-3.635253,,,,,,,,-4.1789999,-3.6352529,,,1,OECD_EO,,
SVK,Slovakia,2027,-4.627,,,,,,,,-4.6269999,,,,1,IMF_WEO_forecast,1,2
SVK,Slovakia,2028,-4.826,,,,,,,,-4.8260002,,,,1,IMF_WEO_forecast,,
SVK,Slovakia,2029,-4.813,,,,,,,,-4.8130002,,,,1,IMF_WEO_forecast,,
SVN,Slovenia,1992,.8017235,,,,,,.80172351,,,,,,1,IMF_GFS,,
SVN,Slovenia,1993,.6482492,,,,,,.64824919,,,,,,1,IMF_GFS,,
SVN,Slovenia,1994,-.0483171,,,,,,-.04831708,,,,,,1,IMF_GFS,1,3
SVN,Slovenia,1995,-8.1,,,,-8.1,-8.192969,-8.1356226,-8.193,,-8.1355354,,,1,EUS,,
SVN,Slovenia,1996,-1.1,,,,-1.1,-1.155004,-1.0992686,-1.155,,-1.0992318,,,1,EUS,,
SVN,Slovenia,1997,-2.3,,,,-2.3,-2.368375,-2.3321436,-2.368,,-2.3321812,,,1,EUS,,
SVN,Slovenia,1998,-2.4,,,,-2.4,-2.394025,-2.3892682,-2.394,,-2.3891759,,,1,EUS,,
SVN,Slovenia,1999,-3,,,,-3,-3.043255,-3.0435059,-3.043,,-3.0435989,,,1,EUS,,
SVN,Slovenia,2000,-3.8,,,,-3.8,-3.772175,-3.7725217,-3.772,,-3.7725978,,,1,EUS,,
SVN,Slovenia,2001,-4.6,,,,-4.6,-4.579799,-4.580205,-4.58,,-4.5801889,,,1,EUS,,
SVN,Slovenia,2002,-2.5,,,,-2.5,-2.474154,-2.4740811,-2.474,,-2.474065,,,1,EUS,,
SVN,Slovenia,2003,-2.7,,,,-2.7,-2.663903,-2.663962,-2.664,,-2.6639771,,,1,EUS,,
SVN,Slovenia,2004,-2,,,,-2,-1.980971,-1.9816089,-1.981,,-1.9817014,,,1,EUS,,
SVN,Slovenia,2005,-1.4,,,,-1.4,-1.378621,-1.3788665,-1.379,,-1.3788613,,,1,EUS,,
SVN,Slovenia,2006,-1.3,,,,-1.3,-1.258053,-1.2585127,-1.258,,-1.2584983,,,1,EUS,,
SVN,Slovenia,2007,-.1,,,,-.1,-.0772822,-.0771219,-.077,,-.07713905,,,1,EUS,,
SVN,Slovenia,2008,-1.4,,,,-1.4,-1.440566,-1.4405876,-1.441,,-1.4405152,,,1,EUS,,
SVN,Slovenia,2009,-5.9,,,,-5.9,-5.871846,-5.871952,-5.872,,-5.8719495,,,1,EUS,,
SVN,Slovenia,2010,-5.6,,,,-5.6,-5.555771,-5.5557158,-5.556,,-5.5556914,,,1,EUS,,
SVN,Slovenia,2011,-6.7,,,,-6.7,-6.685843,-6.685848,-6.686,,-6.6858402,,,1,EUS,,
SVN,Slovenia,2012,-4.2,,,,-4.2,-4.197186,-4.1964429,-4.197,,-4.1964649,,,1,EUS,,
SVN,Slovenia,2013,-11.2,,,,-11.2,-11.22712,-11.227037,-11.227,,-11.227047,,,1,EUS,,
SVN,Slovenia,2014,-4.5,,,,-4.5,-4.52632,-4.5261638,-4.526,,-4.5261274,,,1,EUS,,
SVN,Slovenia,2015,-2.8,,,,-2.8,-2.837333,-2.8376418,-2.837,,-2.8376711,,,1,EUS,,
SVN,Slovenia,2016,-2,,,,-2,-1.99909,-1.9990153,-1.999,,-1.9990176,,,1,EUS,,
SVN,Slovenia,2017,.1,,,,.1,.0537237,.05367679,.054,,.0536299,,,1,EUS,,
SVN,Slovenia,2018,.9,,,,.9,.8963451,.89607236,.896,,.89610245,,,1,EUS,,
SVN,Slovenia,2019,.7,,,,.7,.6806973,.68101295,.681,,.68100945,,,1,EUS,,
SVN,Slovenia,2020,-7.7,,,,-7.7,-7.676722,-7.6767625,-7.677,,-7.676722,,,1,EUS,,
SVN,Slovenia,2021,-4.6,,,,-4.6,-4.611265,-4.6112689,-4.611,,-4.611261,,,1,EUS,,
SVN,Slovenia,2022,-3,,,,-3,-3.013594,-3.0124304,-3.014,,-3.0135426,,,1,EUS,,
SVN,Slovenia,2023,-2.6,,,,-2.6,-2.563673,-2.5873604,,-2.5639999,-2.5637189,,,1,EUS,,
SVN,Slovenia,2024,-.9,,,,-.9,,,,-2.585,-2.6880677,,,1,EUS,,
SVN,Slovenia,2025,-2.57836,,,,,,,,-2.592,-2.5783602,,,1,OECD_EO,1,3
SVN,Slovenia,2026,-1.880854,,,,,,,,-2.112,-1.8808537,,,1,OECD_EO,,
SVN,Slovenia,2027,-1.606,,,,,,,,-1.6059999,,,,1,IMF_WEO_forecast,1,3
SVN,Slovenia,2028,-1.6,,,,,,,,-1.6,,,,1,IMF_WEO_forecast,,
SVN,Slovenia,2029,-1.643,,,,,,,,-1.643,,,,1,IMF_WEO_forecast,,
SWE,Sweden,1800,-.4409447,,,,,-.4409447,,,,,,,1,IMF_FPP,,
SWE,Sweden,1801,.0117188,,,,,.0117188,,,,,,,1,IMF_FPP,,
SWE,Sweden,1802,2.172727,,,,,2.172727,,,,,,,1,IMF_FPP,,
SWE,Sweden,1803,11.61719,,,,,11.61719,,,,,,,1,IMF_FPP,,
SWE,Sweden,1804,-.2507939,,,,,-.2507939,,,,,,,1,IMF_FPP,,
SWE,Sweden,1805,.5198531,,,,,.5198531,,,,,,,1,IMF_FPP,,
SWE,Sweden,1806,.5510488,,,,,.5510488,,,,,,,1,IMF_FPP,,
SWE,Sweden,1807,.0999999,,,,,.0999999,,,,,,,1,IMF_FPP,,
SWE,Sweden,1808,-5.04142,,,,,-5.04142,,,,,,,1,IMF_FPP,,
SWE,Sweden,1809,-7.653297,,,,,-7.653297,,,,,,,1,IMF_FPP,,
SWE,Sweden,1810,-3.045641,,,,,-3.045641,,,,,,,1,IMF_FPP,,
SWE,Sweden,1811,-.4781399,,,,,-.4781399,,,,,,,1,IMF_FPP,,
SWE,Sweden,1812,3.471654,,,,,3.471654,,,,,,,1,IMF_FPP,,
SWE,Sweden,1813,-.3664122,,,,,-.3664122,,,,,,,1,IMF_FPP,,
SWE,Sweden,1814,-.4525738,,,,,-.4525738,,,,,,,1,IMF_FPP,,
SWE,Sweden,1815,2.336331,,,,,2.336331,,,,,,,1,IMF_FPP,,
SWE,Sweden,1816,.1612678,,,,,.1612678,,,,,,,1,IMF_FPP,,
SWE,Sweden,1817,.3472414,,,,,.3472414,,,,,,,1,IMF_FPP,,
SWE,Sweden,1818,.3547945,,,,,.3547945,,,,,,,1,IMF_FPP,,
SWE,Sweden,1819,.0890365,,,,,.0890365,,,,,,,1,IMF_FPP,,
SWE,Sweden,1820,.260396,,,,,.260396,,,,,,,1,IMF_FPP,,
SWE,Sweden,1821,-.4912586,,,,,-.4912586,,,,,,,1,IMF_FPP,,
SWE,Sweden,1822,-.0256228,,,,,-.0256228,,,,,,,1,IMF_FPP,,
SWE,Sweden,1823,.3667817,,,,,.3667817,,,,,,,1,IMF_FPP,,
SWE,Sweden,1824,-.2337933,,,,,-.2337933,,,,,,,1,IMF_FPP,,
SWE,Sweden,1825,.1792765,,,,,.1792765,,,,,,,1,IMF_FPP,,
SWE,Sweden,1826,.3742857,,,,,.3742857,,,,,,,1,IMF_FPP,,
SWE,Sweden,1827,-.1645646,,,,,-.1645646,,,,,,,1,IMF_FPP,,
SWE,Sweden,1828,.0340695,,,,,.0340695,,,,,,,1,IMF_FPP,,
SWE,Sweden,1829,2.70188,,,,,2.70188,,,,,,,1,IMF_FPP,,
SWE,Sweden,1830,-.4465046,,,,,-.4465046,,,,,,,1,IMF_FPP,,
SWE,Sweden,1831,-.1031609,,,,,-.1031609,,,,,,,1,IMF_FPP,,
SWE,Sweden,1832,.0108638,,,,,.0108638,,,,,,,1,IMF_FPP,,
SWE,Sweden,1833,.0946178,,,,,.0946178,,,,,,,1,IMF_FPP,,
SWE,Sweden,1834,-.1247191,,,,,-.1247191,,,,,,,1,IMF_FPP,,
SWE,Sweden,1835,.0782838,,,,,.0782838,,,,,,,1,IMF_FPP,,
SWE,Sweden,1836,-.0763779,,,,,-.0763779,,,,,,,1,IMF_FPP,,
SWE,Sweden,1837,-.3830333,,,,,-.3830333,,,,,,,1,IMF_FPP,,
SWE,Sweden,1838,.0880098,,,,,.0880098,,,,,,,1,IMF_FPP,,
SWE,Sweden,1839,-.0057416,,,,,-.0057416,,,,,,,1,IMF_FPP,,
SWE,Sweden,1840,-.0124087,,,,,-.0124087,,,,,,,1,IMF_FPP,,
SWE,Sweden,1841,.0643373,,,,,.0643373,,,,,,,1,IMF_FPP,,
SWE,Sweden,1842,-.1244078,,,,,-.1244078,,,,,,,1,IMF_FPP,,
SWE,Sweden,1843,.0530663,,,,,.0530663,,,,,,,1,IMF_FPP,,
SWE,Sweden,1844,.0094786,,,,,.0094786,,,,,,,1,IMF_FPP,,
SWE,Sweden,1845,.0401888,,,,,.0401888,,,,,,,1,IMF_FPP,,
SWE,Sweden,1846,.1266956,,,,,.1266956,,,,,,,1,IMF_FPP,,
SWE,Sweden,1847,.0775681,,,,,.0775681,,,,,,,1,IMF_FPP,,
SWE,Sweden,1848,.1229038,,,,,.1229038,,,,,,,1,IMF_FPP,,
SWE,Sweden,1849,.0901437,,,,,.0901437,,,,,,,1,IMF_FPP,,
SWE,Sweden,1850,.0037851,,,,,.0037851,,,,,,,1,IMF_FPP,,
SWE,Sweden,1851,-.067379,,,,,-.067379,,,,,,,1,IMF_FPP,,
SWE,Sweden,1852,-.311111,,,,,-.311111,,,,,,,1,IMF_FPP,,
SWE,Sweden,1853,.174727,,,,,.174727,,,,,,,1,IMF_FPP,,
SWE,Sweden,1854,-.1911578,,,,,-.1911578,,,,,,,1,IMF_FPP,,
SWE,Sweden,1855,-.0925035,,,,,-.0925035,,,,,,,1,IMF_FPP,,
SWE,Sweden,1856,-.0791774,,,,,-.0791774,,,,,,,1,IMF_FPP,,
SWE,Sweden,1857,-.6234946,,,,,-.6234946,,,,,,,1,IMF_FPP,,
SWE,Sweden,1858,-2.363035,,,,,-2.363035,,,,,,,1,IMF_FPP,,
SWE,Sweden,1859,-2.173553,,,,,-2.173553,,,,,,,1,IMF_FPP,,
SWE,Sweden,1860,-2.0266,,,,,-2.0266,,,,,,,1,IMF_FPP,,
SWE,Sweden,1861,-1.113221,,,,,-1.113221,,,,,,,1,IMF_FPP,,
SWE,Sweden,1862,-1.351449,,,,,-1.351449,,,,,,,1,IMF_FPP,,
SWE,Sweden,1863,-1.576647,,,,,-1.576647,,,,,,,1,IMF_FPP,,
SWE,Sweden,1864,-2.300232,,,,,-2.300232,,,,,,,1,IMF_FPP,,
SWE,Sweden,1865,-2.020394,,,,,-2.020394,,,,,,,1,IMF_FPP,,
SWE,Sweden,1866,-3.007728,,,,,-3.007728,,,,,,,1,IMF_FPP,,
SWE,Sweden,1867,-1.167042,,,,,-1.167042,,,,,,,1,IMF_FPP,,
SWE,Sweden,1868,-1.67404,,,,,-1.67404,,,,,,,1,IMF_FPP,,
SWE,Sweden,1869,-1.51718,,,,,-1.51718,,,,,,,1,IMF_FPP,,
SWE,Sweden,1870,-.4208722,,,,,-.4208722,,,,,,,1,IMF_FPP,,
SWE,Sweden,1871,.2195654,,,,,.2195654,,,,,,,1,IMF_FPP,,
SWE,Sweden,1872,-.1463184,,,,,-.1463184,,,,,,,1,IMF_FPP,,
SWE,Sweden,1873,.0603919,,,,,.0603919,,,,,,,1,IMF_FPP,,
SWE,Sweden,1874,-1.045372,,,,,-1.045372,,,,,,,1,IMF_FPP,,
SWE,Sweden,1875,-1.255083,,,,,-1.255083,,,,,,,1,IMF_FPP,,
SWE,Sweden,1876,-1.068316,,,,,-1.068316,,,,,,,1,IMF_FPP,,
SWE,Sweden,1877,-1.209149,,,,,-1.209149,,,,,,,1,IMF_FPP,,
SWE,Sweden,1878,-2.03983,,,,,-2.03983,,,,,,,1,IMF_FPP,,
SWE,Sweden,1879,-1.885294,,,,,-1.885294,,,,,,,1,IMF_FPP,,
SWE,Sweden,1880,-.4739094,,,,,-.4739094,,,,,,,1,IMF_FPP,,
SWE,Sweden,1881,-.1720967,,,,,-.1720967,,,,,,,1,IMF_FPP,,
SWE,Sweden,1882,.3558888,,,,,.3558888,,,,,,,1,IMF_FPP,,
SWE,Sweden,1883,.1595907,,,,,.1595907,,,,,,,1,IMF_FPP,,
SWE,Sweden,1884,.2374635,,,,,.2374635,,,,,,,1,IMF_FPP,,
SWE,Sweden,1885,-.0796375,,,,,-.0796375,,,,,,,1,IMF_FPP,,
SWE,Sweden,1886,-.9770184,,,,,-.9770184,,,,,,,1,IMF_FPP,,
SWE,Sweden,1887,-1.502086,,,,,-1.502086,,,,,,,1,IMF_FPP,,
SWE,Sweden,1888,-.0533533,,,,,-.0533533,,,,,,,1,IMF_FPP,,
SWE,Sweden,1889,.1927962,,,,,.1927962,,,,,,,1,IMF_FPP,,
SWE,Sweden,1890,.3346286,,,,,.3346286,,,,,,,1,IMF_FPP,,
SWE,Sweden,1891,-.6029005,,,,,-.6029005,,,,,,,1,IMF_FPP,,
SWE,Sweden,1892,-.6754999,,,,,-.6754999,,,,,,,1,IMF_FPP,,
SWE,Sweden,1893,-.4899869,,,,,-.4899869,,,,,,,1,IMF_FPP,,
SWE,Sweden,1894,.4669924,,,,,.4669924,,,,,,,1,IMF_FPP,,
SWE,Sweden,1895,1.001358,,,,,1.001358,,,,,,,1,IMF_FPP,,
SWE,Sweden,1896,-.5924296,,,,,-.5924296,,,,,,,1,IMF_FPP,,
SWE,Sweden,1897,1.087696,,,,,1.087696,,,,,,,1,IMF_FPP,,
SWE,Sweden,1898,.9131603,,,,,.9131603,,,,,,,1,IMF_FPP,,
SWE,Sweden,1899,.5669441,,,,,.5669441,,,,,,,1,IMF_FPP,,
SWE,Sweden,1900,-.3217216,,,,,-.3217216,,,,,,,1,IMF_FPP,,
SWE,Sweden,1901,-1.341989,,,,,-1.341989,,,,,,,1,IMF_FPP,,
SWE,Sweden,1902,-1.572192,,,,,-1.572192,,,,,,,1,IMF_FPP,,
SWE,Sweden,1903,.0766072,,,,,.0766072,,,,,,,1,IMF_FPP,,
SWE,Sweden,1904,-.5571127,,,,,-.5571127,,,,,,,1,IMF_FPP,,
SWE,Sweden,1905,-.337759,,,,,-.337759,,,,,,,1,IMF_FPP,,
SWE,Sweden,1906,-.6644721,,,,,-.6644721,,,,,,,1,IMF_FPP,,
SWE,Sweden,1907,-.6755352,,,,,-.6755352,,,,,,,1,IMF_FPP,,
SWE,Sweden,1908,-2.267681,,,,,-2.267681,,,,,,,1,IMF_FPP,,
SWE,Sweden,1909,-2.078741,,,,,-2.078741,,,,,,,1,IMF_FPP,,
SWE,Sweden,1910,-.8064113,,,,,-.8064113,,,,,,,1,IMF_FPP,,
SWE,Sweden,1911,-.8726072,,,,,-.8726072,,,,,,,1,IMF_FPP,,
SWE,Sweden,1912,-.5109539,,,,,-.5109539,,,,,,,1,IMF_FPP,,
SWE,Sweden,1913,-.1722827,,,,,-.1722827,,,,,,,1,IMF_FPP,,
SWE,Sweden,1914,-.5453897,,,,,-.5453897,,,,,,,1,IMF_FPP,,
SWE,Sweden,1915,-.9374886,,,,,-.9374886,,,,,,,1,IMF_FPP,,
SWE,Sweden,1916,-.2280593,,,,,-.2280593,,,,,,,1,IMF_FPP,,
SWE,Sweden,1917,-.2584438,,,,,-.2584438,,,,,,,1,IMF_FPP,,
SWE,Sweden,1918,-8.587771,,,,,-8.587771,,,,,,,1,IMF_FPP,,
SWE,Sweden,1919,.174046,,,,,.174046,,,,,,,1,IMF_FPP,,
SWE,Sweden,1920,-.6037483,,,,,-.6037483,,,,,,,1,IMF_FPP,,
SWE,Sweden,1921,-3.550344,,,,,-3.550344,,,,,,,1,IMF_FPP,,
SWE,Sweden,1922,-3.166646,,,,,-3.166646,,,,,,,1,IMF_FPP,,
SWE,Sweden,1923,-1.649185,,,,,-1.649185,,,,,,,1,IMF_FPP,,
SWE,Sweden,1924,-.9916658,,,,,-.9916658,,,,,,,1,IMF_FPP,,
SWE,Sweden,1925,-1.439996,,,,,-1.439996,,,,,,,1,IMF_FPP,,
SWE,Sweden,1926,-1.111285,,,,,-1.111285,,,,,,,1,IMF_FPP,,
SWE,Sweden,1927,-1.140594,,,,,-1.140594,,,,,,,1,IMF_FPP,,
SWE,Sweden,1928,-.0566483,,,,,-.0566483,,,,,,,1,IMF_FPP,,
SWE,Sweden,1929,-.3923063,,,,,-.3923063,,,,,,,1,IMF_FPP,,
SWE,Sweden,1930,.0937586,,,,,.0937586,,,,,,,1,IMF_FPP,,
SWE,Sweden,1931,-.0463839,,,,,-.0463839,,,,,,,1,IMF_FPP,,
SWE,Sweden,1932,-1.559945,,,,,-1.559945,,,,,,,1,IMF_FPP,,
SWE,Sweden,1933,-4.098223,,,,,-4.098223,,,,,,,1,IMF_FPP,,
SWE,Sweden,1934,-1.878945,,,,,-1.878945,,,,,,,1,IMF_FPP,,
SWE,Sweden,1935,-2.191679,,,,,-2.191679,,,,,,,1,IMF_FPP,,
SWE,Sweden,1936,-.6381426,,,,,-.6381426,,,,,,,1,IMF_FPP,,
SWE,Sweden,1937,.4551363,,,,,.4551363,,,,,,,1,IMF_FPP,,
SWE,Sweden,1938,-.0660667,,,,,-.0660667,,,,,,,1,IMF_FPP,,
SWE,Sweden,1939,-1.133773,,,,,-1.133773,,,,,,,1,IMF_FPP,,
SWE,Sweden,1940,-8.156665,,,,,-8.156665,,,,,,,1,IMF_FPP,,
SWE,Sweden,1941,-13.05075,,,,,-13.05075,,,,,,,1,IMF_FPP,,
SWE,Sweden,1942,-11.75852,,,,,-11.75852,,,,,,,1,IMF_FPP,,
SWE,Sweden,1943,-10.69595,,,,,-10.69595,,,,,,,1,IMF_FPP,,
SWE,Sweden,1944,-8.658361,,,,,-8.658361,,,,,,,1,IMF_FPP,,
SWE,Sweden,1945,-8.041822,,,,,-8.041822,,,,,,,1,IMF_FPP,,
SWE,Sweden,1946,-.6124153,,,,,-.6124153,,,,,,,1,IMF_FPP,,
SWE,Sweden,1947,-1.080612,,,,,-1.080612,,,,,,,1,IMF_FPP,,
SWE,Sweden,1948,.2942982,,,,,.2942982,,,,,,,1,IMF_FPP,,
SWE,Sweden,1949,-.7382355,,,,,-.7382355,,,,,,,1,IMF_FPP,,
SWE,Sweden,1950,-1.636723,,,,,-1.636723,,,,,,,1,IMF_FPP,,
SWE,Sweden,1951,-.8971367,,,,,-.8971367,,,,,,,1,IMF_FPP,,
SWE,Sweden,1952,-.1648464,,,,,-.1648464,,,,,,,1,IMF_FPP,,
SWE,Sweden,1953,-2.472254,,,,,-2.472254,,,,,,,1,IMF_FPP,,
SWE,Sweden,1954,-1.517099,,,,,-1.517099,,,,,,,1,IMF_FPP,,
SWE,Sweden,1955,-1.717798,,,,,-1.717798,,,,,,,1,IMF_FPP,,
SWE,Sweden,1956,-1.209009,,,,,-1.209009,,,,,,,1,IMF_FPP,,
SWE,Sweden,1957,-2.098583,,,,,-2.098583,,,,,,,1,IMF_FPP,,
SWE,Sweden,1958,-2.313658,,,,,-2.313658,,,,,,,1,IMF_FPP,,
SWE,Sweden,1959,-2.534727,,,,,-2.534727,,,,,,,1,IMF_FPP,1,4
SWE,Sweden,1960,2.047338,,,,,-2.674858,,,,2.0473379,,,1,OECD_EO,,
SWE,Sweden,1961,3.528254,,,,,.555912,,,,3.5282535,,,1,OECD_EO,,
SWE,Sweden,1962,4.113241,,,,,.7049065,,,,4.1132406,,,1,OECD_EO,,
SWE,Sweden,1963,2.66589,,,,,.4068871,,,,2.6658898,,,1,OECD_EO,,
SWE,Sweden,1964,2.702186,,,,,-.0958405,,,,2.7021862,,,1,OECD_EO,,
SWE,Sweden,1965,4.386017,,,,,-.1680584,,,,4.3860167,,,1,OECD_EO,,
SWE,Sweden,1966,3.911481,,,,,-.3311386,,,,3.9114808,,,1,OECD_EO,,
SWE,Sweden,1967,3.431475,,,,,-1.410894,,,,3.4314751,,,1,OECD_EO,,
SWE,Sweden,1968,3.737451,,,,,-2.371002,,,,3.7374511,,,1,OECD_EO,,
SWE,Sweden,1969,4.451919,,,,,-2.028166,,,,4.4519188,,,1,OECD_EO,,
SWE,Sweden,1970,4.474222,,,,,-2.638077,,,,4.474222,,,1,OECD_EO,,
SWE,Sweden,1971,4.323865,,,,,-1.670107,,,,4.3238655,,,1,OECD_EO,,
SWE,Sweden,1972,3.89562,,,,,-2.170338,,,,3.8956199,,,1,OECD_EO,,
SWE,Sweden,1973,4.791525,,,,,-3.275045,,,,4.7915247,,,1,OECD_EO,,
SWE,Sweden,1974,3.280756,,,,,-4.121492,,,,3.2807562,,,1,OECD_EO,,
SWE,Sweden,1975,4.728884,,,,,-4.050728,,,,4.7288844,,,1,OECD_EO,,
SWE,Sweden,1976,6.100273,,,,,-1.266521,,,,6.1002725,,,1,OECD_EO,,
SWE,Sweden,1977,1.514744,,,,,-3.324558,,,,1.5147436,,,1,OECD_EO,,
SWE,Sweden,1978,-.6045138,,,,,-7.321766,,,,-.60451379,,,1,OECD_EO,,
SWE,Sweden,1979,-2.621716,,,,,-9.954807,,,,-2.6217162,,,1,OECD_EO,,
SWE,Sweden,1980,-5.341254,,,,,-11.48238,,-5.348,,-5.3412537,,,1,OECD_EO,,
SWE,Sweden,1981,-4.387439,,,,,-12.83949,,-4.31,,-4.3874394,,,1,OECD_EO,,
SWE,Sweden,1982,-6.158604,,,,,-13.41122,,-6.192,,-6.1586041,,,1,OECD_EO,,
SWE,Sweden,1983,-4.803638,,,,,-15.1497,,-4.739,,-4.8036376,,,1,OECD_EO,,
SWE,Sweden,1984,-2.839843,,,,,-12.07462,,-2.65,,-2.8398427,,,1,OECD_EO,,
SWE,Sweden,1985,-3.436381,,,,,-9.911236,,-3.276,,-3.4363807,,,1,OECD_EO,,
SWE,Sweden,1986,-.3242458,,,,,-6.211128,,.032,,-.32424584,,,1,OECD_EO,,
SWE,Sweden,1987,3.106506,,,,,-2.000507,,3.67,,3.1065055,,,1,OECD_EO,,
SWE,Sweden,1988,3.115605,,,,,-.6362381,,3.67,,3.1156048,,,1,OECD_EO,,
SWE,Sweden,1989,3.055495,,,,,1.497055,,3.608,,3.0554951,,,1,OECD_EO,,
SWE,Sweden,1990,3.15912,,,,,-.3497429,2.8939718,3.729,,3.1591195,,,1,OECD_EO,,
SWE,Sweden,1991,-.0719934,,,,,-4.113476,-.4289328,.307,,-.07199337,,,1,OECD_EO,,
SWE,Sweden,1992,-8.399308,,,,,-8.840054,-2.4184062,-8.506,,-8.3993078,,,1,OECD_EO,,
SWE,Sweden,1993,-10.6949,,,,,-10.63,-12.476278,-10.84,,-10.694903,,,1,OECD_EO,,
SWE,Sweden,1994,-8.713563,,,,,-8.7,-11.192738,-8.742,,-8.7135633,,,1,OECD_EO,1,4
SWE,Sweden,1995,-7,,,,-7,-6.94,-7.0086742,-6.98,,-7.0114689,,,1,EUS,,
SWE,Sweden,1996,-3.1,,,,-3.1,-3.12,-3.1084367,-3.089,,-3.1073527,,,1,EUS,,
SWE,Sweden,1997,-1.6,,,,-1.6,-1.51,-1.5708394,-1.549,,-1.568607,,,1,EUS,,
SWE,Sweden,1998,.8,,,,.8,.86,.82138985,.844,,.82140394,,,1,EUS,,
SWE,Sweden,1999,.6,,,,.6,.66,.59672321,.628,,.59848045,,,1,EUS,,
SWE,Sweden,2000,3.1,,,,3.1,3.09,3.1029272,3.129,,3.107533,,,1,EUS,,
SWE,Sweden,2001,1.4,,,,1.4,1.43,1.3734435,1.399,,1.3725729,,,1,EUS,,
SWE,Sweden,2002,-1.5,,,,-1.5,-1.39,-1.4568796,-1.413,,-1.454399,,,1,EUS,,
SWE,Sweden,2003,-1.2,,,,-1.2,-1.23,-1.2469724,-1.224,,-1.2425951,,,1,EUS,,
SWE,Sweden,2004,.2,,,,.2,.16,.15240628,.195,,.16649631,,,1,EUS,,
SWE,Sweden,2005,2,,,,2,1.8,1.9916704,1.797,,2.0869432,,,1,EUS,,
SWE,Sweden,2006,2.2,,,,2.2,2.09,2.2005675,2.084,,2.1956021,,,1,EUS,,
SWE,Sweden,2007,3.4,,,,3.4,3.32,3.3744536,3.293,,3.3658558,,,1,EUS,,
SWE,Sweden,2008,1.9,,,,1.9,1.93,1.8708454,1.909,,1.8743669,,,1,EUS,,
SWE,Sweden,2009,-.9,,,,-.9,-.86,-.91743726,-.866,,-.88903648,,,1,EUS,,
SWE,Sweden,2010,-.2,,,,-.2,-.06,-.16604107,-.116,,-.14406147,,,1,EUS,,
SWE,Sweden,2011,-.4,,,,-.4,-.3657113,-.42290682,-.366,,-.40815653,,,1,EUS,,
SWE,Sweden,2012,-1.2,,,,-1.2,-1.147157,-1.1956734,-1.147,,-1.1902239,,,1,EUS,,
SWE,Sweden,2013,-1.6,,,,-1.6,-1.497716,-1.6364546,-1.498,,-1.6286557,,,1,EUS,,
SWE,Sweden,2014,-1.9,,,,-1.9,-1.564858,-1.8655629,-1.565,,-1.8373844,,,1,EUS,,
SWE,Sweden,2015,-.3,,,,-.3,-.0165416,-.28879339,-.017,,-.27165677,,,1,EUS,,
SWE,Sweden,2016,.8,,,,.8,.9811862,.83845667,.981,,.86172481,,,1,EUS,,
SWE,Sweden,2017,1.3,,,,1.3,1.396886,1.2852323,1.397,,1.2870897,,,1,EUS,,
SWE,Sweden,2018,.7,,,,.7,.7583424,.65957973,.758,,.67001584,,,1,EUS,,
SWE,Sweden,2019,.4,,,,.4,.5394319,.43050055,.539,,.43874353,,,1,EUS,,
SWE,Sweden,2020,-3.2,,,,-3.2,-2.813854,-3.1851763,-2.814,,-3.1759737,,,1,EUS,,
SWE,Sweden,2021,-.2,,,,-.2,.0146023,-.20262125,.015,,-.14761274,,,1,EUS,,
SWE,Sweden,2022,1,,,,1,1.128195,.98265859,,1.128,.99636259,,,1,EUS,,
SWE,Sweden,2023,-.9,,,,-.9,-.6411937,-.88459071,,-.64099997,-.62358604,,,1,EUS,,
SWE,Sweden,2024,-1.6,,,,-1.6,,,,-1.1720001,-1.1232859,,,1,EUS,,
SWE,Sweden,2025,-1.633357,,,,,,,,-.412,-1.6333567,,,1,OECD_EO,1,4
SWE,Sweden,2026,-1.167536,,,,,,,,.148,-1.167536,,,1,OECD_EO,,
SWE,Sweden,2027,.311,,,,,,,,.31099999,,,,1,IMF_WEO_forecast,1,4
SWE,Sweden,2028,.328,,,,,,,,.32800001,,,,1,IMF_WEO_forecast,,
SWE,Sweden,2029,.345,,,,,,,,.345,,,,1,IMF_WEO_forecast,,
SWZ,Eswatini,1980,5.112,,,,,5.111928,,5.112,,,,,1,IMF_WEO,,
SWZ,Eswatini,1981,-3.404,,,,,-3.404233,,-3.404,,,,,1,IMF_WEO,,
SWZ,Eswatini,1982,.08,,,,,.0801762,,.08,,,,,1,IMF_WEO,,
SWZ,Eswatini,1983,-.442,,,,,-.4415698,,-.442,,,,,1,IMF_WEO,,
SWZ,Eswatini,1984,.953,,,,,.9532899,,.953,,,,,1,IMF_WEO,,
SWZ,Eswatini,1985,-1.131,,,,,-1.131,,-1.131,,,,,1,IMF_WEO,,
SWZ,Eswatini,1986,-2.282,,,,,-2.281781,,-2.282,,,,,1,IMF_WEO,,
SWZ,Eswatini,1987,2,,,,,2.000048,,2,,,,,1,IMF_WEO,,
SWZ,Eswatini,1988,3.424,,,,,3.423978,,3.424,,,,,1,IMF_WEO,,
SWZ,Eswatini,1989,5.651,,,,,5.650621,,5.651,,,,,1,IMF_WEO,,
SWZ,Eswatini,1990,5.307,,,,,5.3074,,5.307,,,,,1,IMF_WEO,,
SWZ,Eswatini,1991,3.186,,,,,3.185866,,3.186,,,,,1,IMF_WEO,,
SWZ,Eswatini,1992,-2.679,,,,,-2.67858,,-2.679,,,,,1,IMF_WEO,,
SWZ,Eswatini,1993,-3.062,,,,,-3.062095,,-3.062,,,,,1,IMF_WEO,,
SWZ,Eswatini,1994,-3.328,,,,,-3.327995,,-3.328,,,,,1,IMF_WEO,,
SWZ,Eswatini,1995,.844,,,,,.8444001,,.844,,,,,1,IMF_WEO,,
SWZ,Eswatini,1996,-.937,,,,,-.9370095,,-.937,,,,,1,IMF_WEO,,
SWZ,Eswatini,1997,1.995,,,,,1.995224,,1.995,,,,,1,IMF_WEO,,
SWZ,Eswatini,1998,1.019,,,,,1.018768,,1.019,,,,,1,IMF_WEO,,
SWZ,Eswatini,1999,-1.197,,,,,-1.196956,,-1.197,,,,,1,IMF_WEO,,
SWZ,Eswatini,2000,-1.158,,,,,-1.158309,,-1.158,,,,,1,IMF_WEO,,
SWZ,Eswatini,2001,-2.172,,,,,-2.171957,,-2.172,,,,,1,IMF_WEO,,
SWZ,Eswatini,2002,-3.583,,,,,-3.58288,,-3.583,,,,,1,IMF_WEO,,
SWZ,Eswatini,2003,-2.046,,,,,-2.046053,,-2.046,,,,,1,IMF_WEO,,
SWZ,Eswatini,2004,-3.856,,,,,-3.855608,,-3.856,,,,,1,IMF_WEO,,
SWZ,Eswatini,2005,-1.613,,,,,-1.613379,,-1.613,,,,,1,IMF_WEO,,
SWZ,Eswatini,2006,8.418,,,,,8.417708,,8.418,,,,,1,IMF_WEO,,
SWZ,Eswatini,2007,2.3,,,,,2.299615,,2.3,,,,,1,IMF_WEO,,
SWZ,Eswatini,2008,1.536,,,,,1.536156,,1.536,,,,,1,IMF_WEO,,
SWZ,Eswatini,2009,-2.915,,,,,-2.914949,,-2.915,,,,,1,IMF_WEO,,
SWZ,Eswatini,2010,-9.066,,,,,-9.065857,,-9.066,,,,,1,IMF_WEO,,
SWZ,Eswatini,2011,-3.763,,,,,-3.763429,,-3.763,,,,,1,IMF_WEO,,
SWZ,Eswatini,2012,3.295,,,,,3.294925,,3.295,,,,,1,IMF_WEO,,
SWZ,Eswatini,2013,.557,,,,,.5574208,,.557,,,,,1,IMF_WEO,,
SWZ,Eswatini,2014,-1.126,,,,,-1.125772,,-1.126,,,,,1,IMF_WEO,,
SWZ,Eswatini,2015,-6.017,,,,,-6.017417,,-6.017,,,,,1,IMF_WEO,,
SWZ,Eswatini,2016,-8.992,,,,,-8.991802,,-8.992,,,,,1,IMF_WEO,,
SWZ,Eswatini,2017,-6.837,,,,,-6.836608,,-6.837,,,,,1,IMF_WEO,,
SWZ,Eswatini,2018,-9.536,,,,,-9.53581,,-9.536,,,,,1,IMF_WEO,,
SWZ,Eswatini,2019,-6.687,,,,,-6.687354,,-6.687,,,,,1,IMF_WEO,,
SWZ,Eswatini,2020,-4.514,,,,,-4.51368,,-4.514,,,,,1,IMF_WEO,,
SWZ,Eswatini,2021,-4.487,,,,,-4.48732,,-4.487,,,,,1,IMF_WEO,,
SWZ,Eswatini,2022,-6.232,,,,,-6.232021,,-6.232,,,,,1,IMF_WEO,,
SWZ,Eswatini,2023,-1.472033,,,,,-1.472033,,,-1.472,,,,1,IMF_FPP,1,2
SWZ,Eswatini,2024,-1.704,,,,,,,,-1.704,,,,1,IMF_WEO_forecast,1,2
SWZ,Eswatini,2025,-3.659,,,,,,,,-3.6589999,,,,1,IMF_WEO_forecast,,
SWZ,Eswatini,2026,-3.497,,,,,,,,-3.497,,,,1,IMF_WEO_forecast,,
SWZ,Eswatini,2027,-2.586,,,,,,,,-2.586,,,,1,IMF_WEO_forecast,,
SWZ,Eswatini,2028,-2.342,,,,,,,,-2.342,,,,1,IMF_WEO_forecast,,
SWZ,Eswatini,2029,-2.113,,,,,,,,-2.1129999,,,,1,IMF_WEO_forecast,,
SYC,Seychelles,1983,-3.132,,,,,-3.132239,,-3.132,,,,,1,IMF_WEO,,
SYC,Seychelles,1984,-6.086,,,,,-6.085573,,-6.086,,,,,1,IMF_WEO,,
SYC,Seychelles,1985,-4.855,,,,,-4.855175,,-4.855,,,,,1,IMF_WEO,,
SYC,Seychelles,1986,-10.056,,,,,-10.05569,,-10.056,,,,,1,IMF_WEO,,
SYC,Seychelles,1987,2.772,,,,,2.77241,,2.772,,,,,1,IMF_WEO,,
SYC,Seychelles,1988,11.813,,,,,11.81274,,11.813,,,,,1,IMF_WEO,,
SYC,Seychelles,1989,8.257,,,,,8.256827,,8.257,,,,,1,IMF_WEO,,
SYC,Seychelles,1990,11.911,,,,,11.91093,,11.911,,,,,1,IMF_WEO,,
SYC,Seychelles,1991,3.151,,,,,3.151356,,3.151,,,,,1,IMF_WEO,,
SYC,Seychelles,1992,6.442,,,,,6.442463,,6.442,,,,,1,IMF_WEO,,
SYC,Seychelles,1993,-3.623,,,,,-3.623473,,-3.623,,,,,1,IMF_WEO,,
SYC,Seychelles,1994,-6.947,,,,,-6.946631,-1.504432,-6.947,,,,,1,IMF_WEO,,
SYC,Seychelles,1995,-2.58,,,,,-2.579667,-4.3097393,-2.58,,,,,1,IMF_WEO,,
SYC,Seychelles,1996,-9.692,,,,,-9.692399,-13.242941,-9.692,,,,,1,IMF_WEO,,
SYC,Seychelles,1997,-5.906,,,,,-5.905755,-13.857082,-5.906,,,,,1,IMF_WEO,,
SYC,Seychelles,1998,-16.67,,,,,-16.67,-14.962671,-16.67,,,,,1,IMF_WEO,,
SYC,Seychelles,1999,-10.264,,,,,-10.2641,-11.15885,-10.264,,,,,1,IMF_WEO,,
SYC,Seychelles,2000,-14.74,,,,,-14.74019,-13.892921,-14.74,,,,,1,IMF_WEO,,
SYC,Seychelles,2001,-8.927,,,,,-8.926857,,-8.927,,,,,1,IMF_WEO,,
SYC,Seychelles,2002,-16.26,,,,,-16.26043,,-16.26,,,,,1,IMF_WEO,,
SYC,Seychelles,2003,3.396,,,,,3.396319,,3.396,,,,,1,IMF_WEO,,
SYC,Seychelles,2004,.437,,,,,.4374311,,.437,,,,,1,IMF_WEO,,
SYC,Seychelles,2005,.422,,,,,.4218964,7.1151029,.422,,,,,1,IMF_WEO,,
SYC,Seychelles,2006,-2.538,,,,,-2.537628,2.2560552,-2.538,,,,,1,IMF_WEO,,
SYC,Seychelles,2007,-9.929,,,,,-9.929429,-5.0475556,-9.929,,,,,1,IMF_WEO,,
SYC,Seychelles,2008,7.882,,,,,7.881929,7.2930397,7.882,,,,,1,IMF_WEO,,
SYC,Seychelles,2009,4.839,,,,,4.838696,,4.839,,,,,1,IMF_WEO,,
SYC,Seychelles,2010,.521,,,,,.5214853,,.521,,,,,1,IMF_WEO,,
SYC,Seychelles,2011,3.36,,,,,3.359833,,3.36,,,,,1,IMF_WEO,,
SYC,Seychelles,2012,2.934,,,,,2.93404,,2.934,,,,,1,IMF_WEO,,
SYC,Seychelles,2013,.329,,,,,.3285811,,.329,,,,,1,IMF_WEO,,
SYC,Seychelles,2014,2.874,,,,,2.873686,,2.874,,,,,1,IMF_WEO,,
SYC,Seychelles,2015,1.389,,,,,1.388983,,1.389,,,,,1,IMF_WEO,,
SYC,Seychelles,2016,.018,,,,,.0176202,,.018,,,,,1,IMF_WEO,,
SYC,Seychelles,2017,-1.686,,,,,-1.686075,,-1.686,,,,,1,IMF_WEO,,
SYC,Seychelles,2018,-.802,,,,,-.8020498,,-.802,,,,,1,IMF_WEO,,
SYC,Seychelles,2019,.423,,,,,.423186,,.423,,,,,1,IMF_WEO,,
SYC,Seychelles,2020,-15.746,,,,,-15.74602,,-15.746,,,,,1,IMF_WEO,,
SYC,Seychelles,2021,-5.755,,,,,-5.755164,,-5.755,,,,,1,IMF_WEO,,
SYC,Seychelles,2022,-.743,,,,,-.7434332,,-.743,,,,,1,IMF_WEO,,
SYC,Seychelles,2023,-1.16947,,,,,-1.16947,,,-1.169,,,,1,IMF_FPP,1,2
SYC,Seychelles,2024,-1.374,,,,,,,,-1.374,,,,1,IMF_WEO_forecast,1,2
SYC,Seychelles,2025,-1.438,,,,,,,,-1.438,,,,1,IMF_WEO_forecast,,
SYC,Seychelles,2026,-.753,,,,,,,,-.75300002,,,,1,IMF_WEO_forecast,,
SYC,Seychelles,2027,.193,,,,,,,,.193,,,,1,IMF_WEO_forecast,,
SYC,Seychelles,2028,.601,,,,,,,,.60100001,,,,1,IMF_WEO_forecast,,
SYC,Seychelles,2029,.839,,,,,,,,.83899999,,,,1,IMF_WEO_forecast,,
SYR,Syria,1990,-3.924,,,,,,,-3.924,,,,,1,IMF_WEO,,
SYR,Syria,1991,-6.567,,,,,,,-6.567,,,,,1,IMF_WEO,,
SYR,Syria,1992,-7.258,,,,,,,-7.258,,,,,1,IMF_WEO,,
SYR,Syria,1993,-4.963,,,,,,,-4.963,,,,,1,IMF_WEO,,
SYR,Syria,1994,-5.999,,,,,,,-5.999,,,,,1,IMF_WEO,,
SYR,Syria,1995,-3.808,,,,,,,-3.808,,,,,1,IMF_WEO,,
SYR,Syria,1996,-2.826,,,,,,,-2.826,,,,,1,IMF_WEO,,
SYR,Syria,1997,-1.781,,,,,,,-1.781,,,,,1,IMF_WEO,,
SYR,Syria,1998,-2.812,,,,,,,-2.812,,,,,1,IMF_WEO,,
SYR,Syria,1999,-1.474,,,,,,,-1.474,,,,,1,IMF_WEO,,
SYR,Syria,2000,-1.361,,,,,,,-1.361,,,,,1,IMF_WEO,,
SYR,Syria,2001,2.305,,,,,,,2.305,,,,,1,IMF_WEO,,
SYR,Syria,2002,-2.023,,,,,,,-2.023,,,,,1,IMF_WEO,,
SYR,Syria,2003,-2.704,,,,,,,-2.704,,,,,1,IMF_WEO,,
SYR,Syria,2004,-4.182,,,,,,,-4.182,,,,,1,IMF_WEO,,
SYR,Syria,2005,-4.408,,,,,,,-4.408,,,,,1,IMF_WEO,,
SYR,Syria,2006,-1.12,,,,,,,-1.12,,,,,1,IMF_WEO,,
SYR,Syria,2007,-2.987,,,,,,,-2.987,,,,,1,IMF_WEO,,
SYR,Syria,2008,-2.864,,,,,,,-2.864,,,,,1,IMF_WEO,1,1
SYR,Syria,2009,-2.892,,,,,,,,-2.892,,,,1,IMF_WEO_forecast,,
SYR,Syria,2010,-7.79,,,,,,,,-7.79,,,,1,IMF_WEO_forecast,,
TCD,Chad,1995,-2.974,,,,,-2.97402,,-2.974,,,,,1,IMF_WEO,,
TCD,Chad,1996,-2.724,,,,,-2.723546,,-2.724,,,,,1,IMF_WEO,,
TCD,Chad,1997,-2.455,,,,,-2.455377,,-2.455,,,,,1,IMF_WEO,,
TCD,Chad,1998,-1.647,,,,,-1.647452,,-1.647,,,,,1,IMF_WEO,,
TCD,Chad,1999,-3.874,,,,,-3.873963,,-3.874,,,,,1,IMF_WEO,,
TCD,Chad,2000,-4.457,,,,,-4.456798,,-4.457,,,,,1,IMF_WEO,,
TCD,Chad,2001,-3.365,,,,,-3.365183,,-3.365,,,,,1,IMF_WEO,,
TCD,Chad,2002,-3.884,,,,,-3.883546,,-3.884,,,,,1,IMF_WEO,,
TCD,Chad,2003,-4.108,,,,,-4.108332,,-4.108,,,,,1,IMF_WEO,,
TCD,Chad,2004,-1.752,,,,,-1.751793,,-1.752,,,,,1,IMF_WEO,,
TCD,Chad,2005,-.05,,,,,-.0502434,,-.05,,,,,1,IMF_WEO,,
TCD,Chad,2006,1.614,,,,,1.613697,,1.614,,,,,1,IMF_WEO,,
TCD,Chad,2007,1.829,,,,,1.828865,,1.829,,,,,1,IMF_WEO,,
TCD,Chad,2008,2.626,,,,,2.62635,,2.626,,,,,1,IMF_WEO,,
TCD,Chad,2009,-7.994,,,,,-7.993521,,-7.994,,,,,1,IMF_WEO,,
TCD,Chad,2010,-3.109,,,,,-3.109426,,-3.109,,,,,1,IMF_WEO,,
TCD,Chad,2011,1.794,,,,,1.793881,,1.794,,,,,1,IMF_WEO,,
TCD,Chad,2012,.363,,,,,.3632056,,.363,,,,,1,IMF_WEO,,
TCD,Chad,2013,-1.586,,,,,-1.585968,,-1.586,,,,,1,IMF_WEO,,
TCD,Chad,2014,-3.216,,,,,-3.215688,,-3.216,,,,,1,IMF_WEO,,
TCD,Chad,2015,-3.307,,,,,-3.306512,,-3.307,,,,,1,IMF_WEO,,
TCD,Chad,2016,-1.474,,,,,-1.474363,,-1.474,,,,,1,IMF_WEO,,
TCD,Chad,2017,-.175,,,,,-.1748122,,-.175,,,,,1,IMF_WEO,,
TCD,Chad,2018,1.393,,,,,1.393405,,1.393,,,,,1,IMF_WEO,,
TCD,Chad,2019,-.093,,,,,-.0934751,,-.093,,,,,1,IMF_WEO,,
TCD,Chad,2020,1.181,,,,,1.180739,,1.181,,,,,1,IMF_WEO,,
TCD,Chad,2021,-1.456,,,,,-1.456457,,-1.456,,,,,1,IMF_WEO,,
TCD,Chad,2022,4.203802,,,,,4.203802,,,4.204,,,,1,IMF_FPP,1,2
TCD,Chad,2023,-1.331089,,,,,-1.331089,,,-1.331,,,,1,IMF_FPP,,
TCD,Chad,2024,-.747,,,,,,,,-.74699998,,,,1,IMF_WEO_forecast,1,2
TCD,Chad,2025,-2.624,,,,,,,,-2.6240001,,,,1,IMF_WEO_forecast,,
TCD,Chad,2026,-3.092,,,,,,,,-3.092,,,,1,IMF_WEO_forecast,,
TCD,Chad,2027,-2.841,,,,,,,,-2.8410001,,,,1,IMF_WEO_forecast,,
TCD,Chad,2028,-2.886,,,,,,,,-2.8859999,,,,1,IMF_WEO_forecast,,
TCD,Chad,2029,-3.512,,,,,,,,-3.5120001,,,,1,IMF_WEO_forecast,,
TGO,Togo,1989,-2.184,,,,,-2.18369,,-2.184,,,,,1,IMF_WEO,,
TGO,Togo,1990,-1.646,,,,,-1.646281,,-1.646,,,,,1,IMF_WEO,,
TGO,Togo,1991,-3.519,,,,,-3.519136,,-3.519,,,,,1,IMF_WEO,,
TGO,Togo,1992,-2.272,,,,,-2.272374,,-2.272,,,,,1,IMF_WEO,,
TGO,Togo,1993,-8.459,,,,,-8.459315,,-8.459,,,,,1,IMF_WEO,,
TGO,Togo,1994,-5.372,,,,,-5.372335,,-5.372,,,,,1,IMF_WEO,,
TGO,Togo,1995,-2.969,,,,,-2.969339,,-2.969,,,,,1,IMF_WEO,,
TGO,Togo,1996,-3.259,,,,,-3.259356,,-3.259,,,,,1,IMF_WEO,,
TGO,Togo,1997,-.983,,,,,-.9833922,,-.983,,,,,1,IMF_WEO,,
TGO,Togo,1998,-3.251,,,,,-3.250921,,-3.251,,,,,1,IMF_WEO,,
TGO,Togo,1999,-1.756,,,,,-1.755993,,-1.756,,,,,1,IMF_WEO,,
TGO,Togo,2000,-3.446,,,,,-3.445717,,-3.446,,,,,1,IMF_WEO,,
TGO,Togo,2001,-.716,,,,,-.7155794,,-.716,,,,,1,IMF_WEO,,
TGO,Togo,2002,-.28,,,,,-.2802096,,-.28,,,,,1,IMF_WEO,,
TGO,Togo,2003,1.435,,,,,1.43483,,1.435,,,,,1,IMF_WEO,,
TGO,Togo,2004,.61,,,,,.6099862,,.61,,,,,1,IMF_WEO,,
TGO,Togo,2005,-1.666,,,,,-1.666331,,-1.666,,,,,1,IMF_WEO,,
TGO,Togo,2006,-1.945,,,,,-1.944883,,-1.945,,,,,1,IMF_WEO,,
TGO,Togo,2007,-1.833,,,,,-1.832556,,-1.833,,,,,1,IMF_WEO,,
TGO,Togo,2008,-.591,,,,,-.590604,,-.591,,,,,1,IMF_WEO,,
TGO,Togo,2009,-2.626,,,,,-2.625934,,-2.626,,,,,1,IMF_WEO,,
TGO,Togo,2010,-1.662,,,,,-1.661949,,-1.662,,,,,1,IMF_WEO,,
TGO,Togo,2011,-4.475,,,,,-4.47517,,-4.475,,,,,1,IMF_WEO,,
TGO,Togo,2012,-4.635,,,,,-4.634768,,-4.635,,,,,1,IMF_WEO,,
TGO,Togo,2013,-5.083,,,,,-5.082525,,-5.083,,,,,1,IMF_WEO,,
TGO,Togo,2014,-7.115,,,,,-7.114645,,-7.115,,,,,1,IMF_WEO,,
TGO,Togo,2015,-7.036,,,,,-7.035765,,-7.036,,,,,1,IMF_WEO,,
TGO,Togo,2016,-7.025,,,,,-7.024795,,-7.025,,,,,1,IMF_WEO,,
TGO,Togo,2017,-.208,,,,,-.2080938,,-.208,,,,,1,IMF_WEO,,
TGO,Togo,2018,-.591,,,,,-.5905591,,-.591,,,,,1,IMF_WEO,,
TGO,Togo,2019,1.666,,,,,1.66595,,1.666,,,,,1,IMF_WEO,,
TGO,Togo,2020,-7.047,,,,,-7.047366,,-7.047,,,,,1,IMF_WEO,,
TGO,Togo,2021,-4.653,,,,,-4.653269,,-4.653,,,,,1,IMF_WEO,,
TGO,Togo,2022,-8.335,,,,,-8.334691,,-8.335,,,,,1,IMF_WEO,,
TGO,Togo,2023,-6.728267,,,,,-6.728267,,,-6.7280002,,,,1,IMF_FPP,1,2
TGO,Togo,2024,-4.876,,,,,,,,-4.8759999,,,,1,IMF_WEO_forecast,1,2
TGO,Togo,2025,-3.007,,,,,,,,-3.007,,,,1,IMF_WEO_forecast,,
TGO,Togo,2026,-2.985,,,,,,,,-2.9849999,,,,1,IMF_WEO_forecast,,
TGO,Togo,2027,-3.011,,,,,,,,-3.0109999,,,,1,IMF_WEO_forecast,,
TGO,Togo,2028,-3.028,,,,,,,,-3.0280001,,,,1,IMF_WEO_forecast,,
TGO,Togo,2029,-2.95,,,,,,,,-2.95,,,,1,IMF_WEO_forecast,,
THA,Thailand,1953,-3.5632,,,,,-3.5632,,,,,,,1,IMF_FPP,,
THA,Thailand,1954,,,,,,,,,,,,,1,IMF_FPP,,
THA,Thailand,1955,,,,,,,,,,,,,1,IMF_FPP,,
THA,Thailand,1956,,,,,,,,,,,,,1,IMF_FPP,,
THA,Thailand,1957,-1.3135,,,,,-1.3135,,,,,,,1,IMF_FPP,,
THA,Thailand,1958,-.9133005,,,,,-.9133005,,,,,,,1,IMF_FPP,,
THA,Thailand,1959,-1.154599,,,,,-1.154599,,,,,,,1,IMF_FPP,,
THA,Thailand,1960,.4847002,,,,,.4847002,,,,,,,1,IMF_FPP,,
THA,Thailand,1961,.0471096,,,,,.0471096,,,,,,,1,IMF_FPP,,
THA,Thailand,1962,-.2705002,,,,,-.2705002,,,,,,,1,IMF_FPP,,
THA,Thailand,1963,-.8120003,,,,,-.8120003,,,,,,,1,IMF_FPP,,
THA,Thailand,1964,-1.0096,,,,,-1.0096,,,,,,,1,IMF_FPP,,
THA,Thailand,1965,-1.0469,,,,,-1.0469,,,,,,,1,IMF_FPP,,
THA,Thailand,1966,-1.1337,,,,,-1.1337,,,,,,,1,IMF_FPP,,
THA,Thailand,1967,-2.101,,,,,-2.101,,,,,,,1,IMF_FPP,,
THA,Thailand,1968,-2.790401,,,,,-2.790401,,,,,,,1,IMF_FPP,,
THA,Thailand,1969,-2.5323,,,,,-2.5323,,,,,,,1,IMF_FPP,,
THA,Thailand,1970,-3.726801,,,,,-3.726801,,,,,,,1,IMF_FPP,,
THA,Thailand,1971,-5.469899,,,,,-5.469899,,,,,,,1,IMF_FPP,,
THA,Thailand,1972,-4.807701,,,,,-4.807701,,,,,,,1,IMF_FPP,,
THA,Thailand,1973,-2.6989,,,,,-2.6989,,,,,,,1,IMF_FPP,,
THA,Thailand,1974,1.2856,,,,,1.2856,,,,,,,1,IMF_FPP,,
THA,Thailand,1975,-1.7265,,,,,-1.7265,,,,,,,1,IMF_FPP,,
THA,Thailand,1976,-3.3451,,,,,-3.3451,,,,,,,1,IMF_FPP,,
THA,Thailand,1977,-2.910299,,,,,-2.910299,,,,,,,1,IMF_FPP,,
THA,Thailand,1978,-3.307501,,,,,-3.307501,,,,,,,1,IMF_FPP,,
THA,Thailand,1979,-3.6207,,,,,-3.6207,,,,,,,1,IMF_FPP,,
THA,Thailand,1980,-4.411099,,,,,-4.411099,,,,,,,1,IMF_FPP,,
THA,Thailand,1981,-4.074701,,,,,-4.074701,,,,,,,1,IMF_FPP,,
THA,Thailand,1982,-6.1816,,,,,-6.1816,,,,,,,1,IMF_FPP,,
THA,Thailand,1983,-4.017401,,,,,-4.017401,,,,,,,1,IMF_FPP,,
THA,Thailand,1984,-3.8454,,,,,-3.8454,,,,,,,1,IMF_FPP,,
THA,Thailand,1985,-5.1088,,,,,-5.1088,,,,,,,1,IMF_FPP,,
THA,Thailand,1986,-4.3218,,,,,-4.3218,,,,,,,1,IMF_FPP,,
THA,Thailand,1987,-2.384999,,,,,-2.384999,,,,,,,1,IMF_FPP,,
THA,Thailand,1988,.5770998,,,,,.5770998,,,,,,,1,IMF_FPP,,
THA,Thailand,1989,.1616001,,,,,.1616001,,,,,,,1,IMF_FPP,,
THA,Thailand,1990,1.410301,,,,,1.410301,,,,,,,1,IMF_FPP,,
THA,Thailand,1991,1.595999,,,,,1.595999,,,,,,,1,IMF_FPP,,
THA,Thailand,1992,-.1765995,,,,,-.1765995,,,,,,,1,IMF_FPP,,
THA,Thailand,1993,6.6658,,,,,6.6658,,,,,,,1,IMF_FPP,,
THA,Thailand,1994,2.782599,,,,,2.782599,,,,,,,1,IMF_FPP,1,3
THA,Thailand,1995,3.054,,,,,3.224699,2.9586396,3.054,,,,,1,IMF_WEO,,
THA,Thailand,1996,2.749,,,,,.737299,2.6731103,2.749,,,,,1,IMF_WEO,,
THA,Thailand,1997,-1.681,,,,,-.5916996,-1.6771295,-1.681,,,,,1,IMF_WEO,,
THA,Thailand,1998,-6.292,,,,,-2.701601,-6.2455746,-6.292,,,,,1,IMF_WEO,,
THA,Thailand,1999,-9.017,,,,,-2.5878,-8.6735927,-9.017,,,,,1,IMF_WEO,,
THA,Thailand,2000,-1.792,,,,,-1.792068,-1.7142061,-1.792,,,,,1,IMF_WEO,,
THA,Thailand,2001,-1.768,,,,,-1.768094,-1.6875009,-1.768,,,,,1,IMF_WEO,,
THA,Thailand,2002,-6.722,-6.2287596,,,,-6.722498,-6.2287585,-6.722,,,,,1,IMF_WEO,,
THA,Thailand,2003,1.978,1.9316825,,,,1.978324,1.9316825,1.978,,,,,1,IMF_WEO,,
THA,Thailand,2004,1.106,1.6092052,,,,1.105925,1.609205,1.106,,,,,1,IMF_WEO,,
THA,Thailand,2005,2.173,2.874881,,,,2.17304,2.8748817,2.173,,,,,1,IMF_WEO,,
THA,Thailand,2006,1.867,1.9785992,,,,1.86666,1.9785999,1.867,,,,,1,IMF_WEO,,
THA,Thailand,2007,.22,.21437492,,,,.2199446,.21437497,.22,,,,,1,IMF_WEO,,
THA,Thailand,2008,.801,.31626892,,,,.8010329,.31626893,.801,,,,,1,IMF_WEO,,
THA,Thailand,2009,-2.214,-2.9102406,,,,-2.213974,-2.9102397,-2.214,,,,,1,IMF_WEO,,
THA,Thailand,2010,-1.07,-.73753382,,,,-1.069705,-.73753361,-1.07,,,,,1,IMF_WEO,,
THA,Thailand,2011,.094,-.55968163,,,,.0941415,-.55968168,.094,,,,,1,IMF_WEO,,
THA,Thailand,2012,-.86,-.81784999,,,,-.8604795,-.81785012,-.86,,,,,1,IMF_WEO,,
THA,Thailand,2013,.585,.58297034,,,,.5849456,.59738612,.585,,,,,1,IMF_WEO,,
THA,Thailand,2014,-.712,-.70658192,,,,-.711857,-.69502038,-.712,,,,,1,IMF_WEO,,
THA,Thailand,2015,.173,.170713,,,,.172653,.18554809,.173,,,,,1,IMF_WEO,,
THA,Thailand,2016,.398,.39169531,,,,.3983937,.40606244,.398,,,,,1,IMF_WEO,,
THA,Thailand,2017,-.399,-.39229941,,,,-.3985492,-.49776585,-.399,,,,,1,IMF_WEO,,
THA,Thailand,2018,.176,.17351316,,,,.1757177,.20035475,.176,,,,,1,IMF_WEO,,
THA,Thailand,2019,.421,.4193607,,,,.4213908,.42480528,.421,,,,,1,IMF_WEO,,
THA,Thailand,2020,-4.463,-4.5250485,,,,-4.462511,-4.5317236,-4.463,,,,,1,IMF_WEO,,
THA,Thailand,2021,-6.746,-6.6788475,,,,-6.745776,-6.6456207,-6.746,,,,,1,IMF_WEO,,
THA,Thailand,2022,-4.46,-4.3995042,,,,-4.460362,-4.5444497,-4.46,,,,,1,IMF_WEO,,
THA,Thailand,2023,-1.905142,-1.9642201,,,,-1.974507,-1.9051418,,-1.975,,,,1,IMF_GFS,1,3
THA,Thailand,2024,-2.43,,,,,,,,-2.4300001,,,,1,IMF_WEO_forecast,1,3
THA,Thailand,2025,-3.902,,,,,,,,-3.902,,,,1,IMF_WEO_forecast,,
THA,Thailand,2026,-2.971,,,,,,,,-2.971,,,,1,IMF_WEO_forecast,,
THA,Thailand,2027,-2.773,,,,,,,,-2.773,,,,1,IMF_WEO_forecast,,
THA,Thailand,2028,-2.766,,,,,,,,-2.766,,,,1,IMF_WEO_forecast,,
THA,Thailand,2029,-2.755,,,,,,,,-2.7550001,,,,1,IMF_WEO_forecast,,
TJK,Tajikistan,1998,-5.088,,,,,-5.088273,,-5.088,,,,,1,IMF_WEO,,
TJK,Tajikistan,1999,-4.037,,,,,-4.037404,,-4.037,,,,,1,IMF_WEO,,
TJK,Tajikistan,2000,-4.514,-.56681218,,,,-4.513685,,-4.514,,,,,1,IMF_WEO,,
TJK,Tajikistan,2001,-2.115,.09866604,,,,-2.114908,,-2.115,,,,,1,IMF_WEO,,
TJK,Tajikistan,2002,-2.4,.71031908,,,,-2.400063,,-2.4,,,,,1,IMF_WEO,,
TJK,Tajikistan,2003,-1.745,1.0928781,,,,-1.744854,-10.491214,-1.745,,,,,1,IMF_WEO,,
TJK,Tajikistan,2004,-2.317,.22164029,,,,-2.31681,-13.279577,-2.317,,,,,1,IMF_WEO,,
TJK,Tajikistan,2005,-2.827,.1,,,,-2.827392,,-2.827,,,,,1,IMF_WEO,,
TJK,Tajikistan,2006,2.002,.4,,,,2.001641,,2.002,,,,,1,IMF_WEO,,
TJK,Tajikistan,2007,2.131,-8.2,,,,2.131382,,2.131,,,,,1,IMF_WEO,,
TJK,Tajikistan,2008,1.942,-8.2,,,,1.941541,,1.942,,,,,1,IMF_WEO,,
TJK,Tajikistan,2009,-.201,-8,,,,-.2014787,,-.201,,,,,1,IMF_WEO,,
TJK,Tajikistan,2010,-2.707,-9.2,,,,-2.706824,,-2.707,,,,,1,IMF_WEO,,
TJK,Tajikistan,2011,.604,-6.9,,,,.6044061,,.604,,,,,1,IMF_WEO,,
TJK,Tajikistan,2012,.407,-3.5,,,,.406559,,.407,,,,,1,IMF_WEO,,
TJK,Tajikistan,2013,-.735,-5.5,,,,-.734678,,-.735,,,,,1,IMF_WEO,,
TJK,Tajikistan,2014,.922,-3.8,,,,.9224606,,.922,,,,,1,IMF_WEO,,
TJK,Tajikistan,2015,-1.963,-7.3945914,,,,-1.962514,,-1.963,,,,,1,IMF_WEO,,
TJK,Tajikistan,2016,-2.911,-10.117849,,,,-2.910699,,-2.911,,,,,1,IMF_WEO,,
TJK,Tajikistan,2017,-5.647,-11.756006,,,,-5.646991,,-5.647,,,,,1,IMF_WEO,,
TJK,Tajikistan,2018,-2.69,-10.561757,,,,-2.690381,,-2.69,,,,,1,IMF_WEO,,
TJK,Tajikistan,2019,-2.043,-7.6022187,,,,-2.043,,-2.043,,,,,1,IMF_WEO,,
TJK,Tajikistan,2020,-4.339,-7.7519435,,,,-4.339409,,-4.339,,,,,1,IMF_WEO,,
TJK,Tajikistan,2021,-.666,-7.8591124,,,,-.666451,-1.4131952,-.666,,,,,1,IMF_WEO,,
TJK,Tajikistan,2022,-.233,-9.0050321,,,,-.2329789,-.31983988,-.233,,,,,1,IMF_WEO,,
TJK,Tajikistan,2023,-.7458203,-9.750177,,,,-1.267497,-.74582028,,-1.267,,,,1,IMF_GFS,1,2
TJK,Tajikistan,2024,-2.457,,,,,,,,-2.457,,,,1,IMF_WEO_forecast,1,2
TJK,Tajikistan,2025,-2.55,,,,,,,,-2.55,,,,1,IMF_WEO_forecast,,
TJK,Tajikistan,2026,-2.5,,,,,,,,-2.5,,,,1,IMF_WEO_forecast,,
TJK,Tajikistan,2027,-2.479,,,,,,,,-2.4790001,,,,1,IMF_WEO_forecast,,
TJK,Tajikistan,2028,-2.49,,,,,,,,-2.49,,,,1,IMF_WEO_forecast,,
TJK,Tajikistan,2029,-2.512,,,,,,,,-2.5120001,,,,1,IMF_WEO_forecast,,
TKM,Turkmenistan,1997,-.111,,,,,,,-.111,,,,,1,IMF_WEO,,
TKM,Turkmenistan,1998,.627,,,,,,,.627,,,,,1,IMF_WEO,,
TKM,Turkmenistan,1999,1.353,,,,,,,1.353,,,,,1,IMF_WEO,,
TKM,Turkmenistan,2000,-.302,-.33881784,,,,,,-.302,,,,,1,IMF_WEO,,
TKM,Turkmenistan,2001,.422,1.1837916,,,,,,.422,,,,,1,IMF_WEO,,
TKM,Turkmenistan,2002,.101,.17045943,,,,,,.101,,,,,1,IMF_WEO,,
TKM,Turkmenistan,2003,2.173,-.11806122,,,,,,2.173,,,,,1,IMF_WEO,,
TKM,Turkmenistan,2004,.804,3.2540396,,,,,,.804,,,,,1,IMF_WEO,,
TKM,Turkmenistan,2005,.471,.80005823,,,,,,.471,,,,,1,IMF_WEO,,
TKM,Turkmenistan,2006,3.072,5.3005002,,,,,,3.072,,,,,1,IMF_WEO,,
TKM,Turkmenistan,2007,2.285,3.8999711,,,,,,2.285,,,,,1,IMF_WEO,,
TKM,Turkmenistan,2008,5.85,10.006064,,,,,,5.85,,,,,1,IMF_WEO,,
TKM,Turkmenistan,2009,4.106,6.9986634,,,,,,4.106,,,,,1,IMF_WEO,,
TKM,Turkmenistan,2010,1.289,1.9607843,,,,,,1.289,,,,,1,IMF_WEO,,
TKM,Turkmenistan,2011,2.4,3.4795655,,,,,,2.4,,,,,1,IMF_WEO,,
TKM,Turkmenistan,2012,5.269,6.3701132,,,,,,5.269,,,,,1,IMF_WEO,,
TKM,Turkmenistan,2013,1.179,1.5291864,,,,,,1.179,,,,,1,IMF_WEO,,
TKM,Turkmenistan,2014,.687,.8882147,,,,,,.687,,,,,1,IMF_WEO,,
TKM,Turkmenistan,2015,-.556,-.69646429,,,,,,-.556,,,,,1,IMF_WEO,,
TKM,Turkmenistan,2016,-2.009,,,,,,,-2.009,,,,,1,IMF_WEO,,
TKM,Turkmenistan,2017,-2.345,,,,,,,-2.345,,,,,1,IMF_WEO,,
TKM,Turkmenistan,2018,-.178,,,,,,,-.178,,,,,1,IMF_WEO,,
TKM,Turkmenistan,2019,-.341,,,,,,,-.341,,,,,1,IMF_WEO,,
TKM,Turkmenistan,2020,-.137,,,,,,,-.137,,,,,1,IMF_WEO,,
TKM,Turkmenistan,2021,.46,,,,,,,.46,,,,,1,IMF_WEO,,
TKM,Turkmenistan,2022,2.455,,,,,,,,2.4549999,,,,1,IMF_WEO_forecast,1,1
TKM,Turkmenistan,2023,1.177,,,,,,,,1.177,,,,1,IMF_WEO_forecast,,
TKM,Turkmenistan,2024,.841,,,,,,,,.84100002,,,,1,IMF_WEO_forecast,,
TKM,Turkmenistan,2025,.489,,,,,,,,.48899999,,,,1,IMF_WEO_forecast,,
TKM,Turkmenistan,2026,.187,,,,,,,,.18700001,,,,1,IMF_WEO_forecast,,
TKM,Turkmenistan,2027,-.111,,,,,,,,-.111,,,,1,IMF_WEO_forecast,,
TKM,Turkmenistan,2028,-.308,,,,,,,,-.308,,,,1,IMF_WEO_forecast,,
TKM,Turkmenistan,2029,-.469,,,,,,,,-.46900001,,,,1,IMF_WEO_forecast,,
TLS,Timor-Leste,2001,3.242,,,,,,,3.242,,,,,1,IMF_WEO,,
TLS,Timor-Leste,2002,-7.639,,,,,,,-7.639,,,,,1,IMF_WEO,,
TLS,Timor-Leste,2003,-8.238,,,,,,,-8.238,,,,,1,IMF_WEO,,
TLS,Timor-Leste,2004,-7.479,,,,,,,-7.479,,,,,1,IMF_WEO,,
TLS,Timor-Leste,2005,-10.497,,,,,,,-10.497,,,,,1,IMF_WEO,,
TLS,Timor-Leste,2006,41.032,,,,,,,41.032,,,,,1,IMF_WEO,,
TLS,Timor-Leste,2007,-29.932,,,,,,,-29.932,,,,,1,IMF_WEO,,
TLS,Timor-Leste,2008,-18.562,,,,,,,-18.562,,,,,1,IMF_WEO,,
TLS,Timor-Leste,2009,-17.17,,,,,,,-17.17,,,,,1,IMF_WEO,,
TLS,Timor-Leste,2010,-19.793,,,,,,186.38184,-19.793,,,,,1,IMF_WEO,,
TLS,Timor-Leste,2011,-25.38,,,,,,238.57691,-25.38,,,,,1,IMF_WEO,,
TLS,Timor-Leste,2012,-38.689,,,,,,233.98959,-38.689,,,,,1,IMF_WEO,,
TLS,Timor-Leste,2013,-14.367,-13.3,,,,,169.9367,-14.367,,,,,1,IMF_WEO,,
TLS,Timor-Leste,2014,-37.528,-33,,,,,64.860414,-37.528,,,,,1,IMF_WEO,,
TLS,Timor-Leste,2015,-33.119,7.3,,,,,8.071228,-33.119,,,,,1,IMF_WEO,,
TLS,Timor-Leste,2016,-55.406,-10.4,,,,,-52.524493,-55.406,,,,,1,IMF_WEO,,
TLS,Timor-Leste,2017,-33.132,8.5316856,,,,,-12.174825,-33.132,,,,,1,IMF_WEO,,
TLS,Timor-Leste,2018,-26.431,5.0358536,,,,,-2.8072537,-26.431,,,,,1,IMF_WEO,,
TLS,Timor-Leste,2019,-25.247,-4.0820012,,,,,6.9213103,-25.247,,,,,1,IMF_WEO,,
TLS,Timor-Leste,2020,-18.899,-2.8637754,,,,,-18.381099,-18.899,,,,,1,IMF_WEO,,
TLS,Timor-Leste,2021,-19.474,-2.5005201,,,,,-15.832976,-19.474,,,,,1,IMF_WEO,,
TLS,Timor-Leste,2022,-30.476,,,,,,2.9355567,-30.476,,,,,1,IMF_WEO,,
TLS,Timor-Leste,2023,-31.58,,,,,,,,-31.58,,,,1,IMF_WEO_forecast,1,1
TLS,Timor-Leste,2024,-41.131,,,,,,,,-41.131001,,,,1,IMF_WEO_forecast,,
TLS,Timor-Leste,2025,-41.467,,,,,,,,-41.466999,,,,1,IMF_WEO_forecast,,
TLS,Timor-Leste,2026,-42.052,,,,,,,,-42.051998,,,,1,IMF_WEO_forecast,,
TLS,Timor-Leste,2027,-42.646,,,,,,,,-42.646,,,,1,IMF_WEO_forecast,,
TLS,Timor-Leste,2028,-43.188,,,,,,,,-43.188,,,,1,IMF_WEO_forecast,,
TLS,Timor-Leste,2029,-43.7,,,,,,,,-43.700001,,,,1,IMF_WEO_forecast,,
TON,Tonga,1999,1.53,,,,,,,1.53,,,,,1,IMF_WEO,,
TON,Tonga,2000,1.335,,,,,,,1.335,,,,,1,IMF_WEO,,
TON,Tonga,2001,2.231,,,,,,,2.231,,,,,1,IMF_WEO,,
TON,Tonga,2002,2.589,,,,,,,2.589,,,,,1,IMF_WEO,,
TON,Tonga,2003,2.37,,,,,,,2.37,,,,,1,IMF_WEO,,
TON,Tonga,2004,4.233,,,,,,,4.233,,,,,1,IMF_WEO,,
TON,Tonga,2005,4.23,,,,,,,4.23,,,,,1,IMF_WEO,,
TON,Tonga,2006,1.342,,,,,,,1.342,,,,,1,IMF_WEO,,
TON,Tonga,2007,5.391,,,,,,,5.391,,,,,1,IMF_WEO,,
TON,Tonga,2008,2.139,,,,,,,2.139,,,,,1,IMF_WEO,,
TON,Tonga,2009,6.85,,,,,,,6.85,,,,,1,IMF_WEO,,
TON,Tonga,2010,-1.217,,,,,,,-1.217,,,,,1,IMF_WEO,,
TON,Tonga,2011,-6.023,,,,,,,-6.023,,,,,1,IMF_WEO,,
TON,Tonga,2012,-1.737,,,,,,,-1.737,,,,,1,IMF_WEO,,
TON,Tonga,2013,-1.443,,,,,,,-1.443,,,,,1,IMF_WEO,,
TON,Tonga,2014,6.982,,,,,,,6.982,,,,,1,IMF_WEO,,
TON,Tonga,2015,-3.026,,,,,,,-3.026,,,,,1,IMF_WEO,,
TON,Tonga,2016,1.618,1.4583043,,,,,,1.618,,,,,1,IMF_WEO,,
TON,Tonga,2017,3.953,3.5669786,,,,,,3.953,,,,,1,IMF_WEO,,
TON,Tonga,2018,3.232,2.9182628,,,,,,3.232,,,,,1,IMF_WEO,,
TON,Tonga,2019,3.634,3.1203163,,,,,,3.634,,,,,1,IMF_WEO,,
TON,Tonga,2020,5.922,.91075332,,,,,,5.922,,,,,1,IMF_WEO,,
TON,Tonga,2021,-.984,-1.7409167,,,,,,-.984,,,,,1,IMF_WEO,,
TON,Tonga,2022,-.744,-.9,,,,,,-.744,,,,,1,IMF_WEO,,
TON,Tonga,2023,-1.7,-1.7,,,,,,,6.0450001,,,,1,ADB,1,2
TON,Tonga,2024,3.452,,,,,,,,3.4519999,,,,1,IMF_WEO_forecast,1,2
TON,Tonga,2025,-7.958,,,,,,,,-7.9580002,,,,1,IMF_WEO_forecast,,
TON,Tonga,2026,-9.6,,,,,,,,-9.6000004,,,,1,IMF_WEO_forecast,,
TON,Tonga,2027,-10.032,,,,,,,,-10.032,,,,1,IMF_WEO_forecast,,
TON,Tonga,2028,-10.695,,,,,,,,-10.695,,,,1,IMF_WEO_forecast,,
TON,Tonga,2029,-12.189,,,,,,,,-12.189,,,,1,IMF_WEO_forecast,,
TTO,Trinidad and Tobago,1988,-9.337,,,,,-9.336635,,-9.337,,,,,1,IMF_WEO,,
TTO,Trinidad and Tobago,1989,-4.461,,,,,-4.46068,,-4.461,,,,,1,IMF_WEO,,
TTO,Trinidad and Tobago,1990,-1.323,,,,,-1.32291,,-1.323,,,,,1,IMF_WEO,,
TTO,Trinidad and Tobago,1991,-.214,,,,,-.2135283,,-.214,,,,,1,IMF_WEO,,
TTO,Trinidad and Tobago,1992,-2.758,,,,,-2.757713,,-2.758,,,,,1,IMF_WEO,,
TTO,Trinidad and Tobago,1993,.237,,,,,.2365337,,.237,,,,,1,IMF_WEO,,
TTO,Trinidad and Tobago,1994,-.021,,,,,-.0213358,,-.021,,,,,1,IMF_WEO,,
TTO,Trinidad and Tobago,1995,.169,,,,,.1691099,,.169,,,,,1,IMF_WEO,,
TTO,Trinidad and Tobago,1996,-.46,,,,,-.4604127,,-.46,,,,,1,IMF_WEO,,
TTO,Trinidad and Tobago,1997,.114,,,,,.1142085,,.114,,,,,1,IMF_WEO,,
TTO,Trinidad and Tobago,1998,-1.828,,,,,-1.828493,,-1.828,,,,,1,IMF_WEO,,
TTO,Trinidad and Tobago,1999,-.903,,,,,-.902811,,-.903,,,,,1,IMF_WEO,,
TTO,Trinidad and Tobago,2000,.175,,,,,.1754547,,.175,,,,,1,IMF_WEO,,
TTO,Trinidad and Tobago,2001,.617,,,,,.6170754,,.617,,,,,1,IMF_WEO,,
TTO,Trinidad and Tobago,2002,-.201,,,,,-.2011072,,-.201,,,,,1,IMF_WEO,,
TTO,Trinidad and Tobago,2003,1.901,,,,,1.901074,,1.901,,,,,1,IMF_WEO,,
TTO,Trinidad and Tobago,2004,1.912,,,,,1.912488,,1.912,,,,,1,IMF_WEO,,
TTO,Trinidad and Tobago,2005,2.465,,,,,2.465353,,2.465,,,,,1,IMF_WEO,,
TTO,Trinidad and Tobago,2006,1.609,,,,,1.608552,,1.609,,,,,1,IMF_WEO,,
TTO,Trinidad and Tobago,2007,3.243,,,,,3.243254,,3.243,,,,,1,IMF_WEO,,
TTO,Trinidad and Tobago,2008,5.702,,,,,5.70225,,5.702,,,,,1,IMF_WEO,,
TTO,Trinidad and Tobago,2009,-4.883,,,,,-4.88295,,-4.883,,,,,1,IMF_WEO,,
TTO,Trinidad and Tobago,2010,.136,,,,,.1356643,,.136,,,,,1,IMF_WEO,,
TTO,Trinidad and Tobago,2011,-.689,,,,,-.6892017,,-.689,,,,,1,IMF_WEO,,
TTO,Trinidad and Tobago,2012,-1.269,,,,,-1.268888,,-1.269,,,,,1,IMF_WEO,,
TTO,Trinidad and Tobago,2013,-2.687,,,,,-2.687137,,-2.687,,,,,1,IMF_WEO,,
TTO,Trinidad and Tobago,2014,-4.306,,,,,-4.305658,,-4.306,,,,,1,IMF_WEO,,
TTO,Trinidad and Tobago,2015,-7.321,,,,,-7.321197,,-7.321,,,,,1,IMF_WEO,,
TTO,Trinidad and Tobago,2016,-9.792,,,,,-9.79216,,-9.792,,,,,1,IMF_WEO,,
TTO,Trinidad and Tobago,2017,-10.374,,,,,-10.37368,,-10.374,,,,,1,IMF_WEO,,
TTO,Trinidad and Tobago,2018,-5.756,,,,,-5.755559,,-5.756,,,,,1,IMF_WEO,,
TTO,Trinidad and Tobago,2019,-3.659,,,,,-3.658716,,-3.659,,,,,1,IMF_WEO,,
TTO,Trinidad and Tobago,2020,-11.824,,,,,-11.82446,,-11.824,,,,,1,IMF_WEO,,
TTO,Trinidad and Tobago,2021,-8.327,,,,,-8.32673,,-8.327,,,,,1,IMF_WEO,,
TTO,Trinidad and Tobago,2022,.912,,,,,.9121072,,.912,,,,,1,IMF_WEO,,
TTO,Trinidad and Tobago,2023,-1.074847,,,,,-1.074847,,,-1.075,,,,1,IMF_FPP,1,2
TTO,Trinidad and Tobago,2024,-6.726,,,,,,,,-6.7259998,,,,1,IMF_WEO_forecast,1,2
TTO,Trinidad and Tobago,2025,-5.32,,,,,,,,-5.3200002,,,,1,IMF_WEO_forecast,,
TTO,Trinidad and Tobago,2026,-4.421,,,,,,,,-4.421,,,,1,IMF_WEO_forecast,,
TTO,Trinidad and Tobago,2027,-4.055,,,,,,,,-4.0549998,,,,1,IMF_WEO_forecast,,
TTO,Trinidad and Tobago,2028,-2.617,,,,,,,,-2.6170001,,,,1,IMF_WEO_forecast,,
TTO,Trinidad and Tobago,2029,-2.075,,,,,,,,-2.075,,,,1,IMF_WEO_forecast,,
TUN,Tunisia,1991,-5.253,,,,,-5.253203,,-5.253,,,,,1,IMF_WEO,,
TUN,Tunisia,1992,-3.451,,,,,-3.451426,,-3.451,,,,,1,IMF_WEO,,
TUN,Tunisia,1993,-3.221,,,,,-3.220935,,-3.221,,,,,1,IMF_WEO,,
TUN,Tunisia,1994,-2.871,,,,,-2.871018,,-2.871,,,,,1,IMF_WEO,,
TUN,Tunisia,1995,-4.527,,,,,-4.527071,,-4.527,,,,,1,IMF_WEO,,
TUN,Tunisia,1996,-5.179,,,,,-5.178711,,-5.179,,,,,1,IMF_WEO,,
TUN,Tunisia,1997,-3.704,,,,,-3.703689,,-3.704,,,,,1,IMF_WEO,,
TUN,Tunisia,1998,-2.838,,,,,-2.837587,,-2.838,,,,,1,IMF_WEO,,
TUN,Tunisia,1999,-3.052,,,,,-3.052411,,-3.052,,,,,1,IMF_WEO,,
TUN,Tunisia,2000,-3.215,,,,,-3.215022,,-3.215,,,,,1,IMF_WEO,,
TUN,Tunisia,2001,-2.874,,,,,-2.874496,,-2.874,,,,,1,IMF_WEO,,
TUN,Tunisia,2002,-2.547,,,,,-2.5473,,-2.547,,,,,1,IMF_WEO,,
TUN,Tunisia,2003,-2.644,,,,,-2.644189,,-2.644,,,,,1,IMF_WEO,,
TUN,Tunisia,2004,-2.1,,,,,-2.100083,,-2.1,,,,,1,IMF_WEO,,
TUN,Tunisia,2005,-2.589,,,,,-2.588802,,-2.589,,,,,1,IMF_WEO,,
TUN,Tunisia,2006,-2.334,,,,,-2.334445,,-2.334,,,,,1,IMF_WEO,,
TUN,Tunisia,2007,-2.466,,,,,-2.466123,,-2.466,,,,,1,IMF_WEO,,
TUN,Tunisia,2008,-.619,,,,,-.6193933,-.51399231,-.619,,,,,1,IMF_WEO,,
TUN,Tunisia,2009,-2.587,,,,,-2.586913,-1.414846,-2.587,,,,,1,IMF_WEO,,
TUN,Tunisia,2010,-.457,,,,,-.456609,-1.1727157,-.457,,,,,1,IMF_WEO,,
TUN,Tunisia,2011,-3.193,,,,,-3.193156,-3.4608836,-3.193,,,,,1,IMF_WEO,,
TUN,Tunisia,2012,-4.899,,,,,-4.898625,-4.5674447,-4.899,,,,,1,IMF_WEO,1,4
TUN,Tunisia,2013,-4.510933,,-4.510933,,,-7.047617,,-7.048,,,,,1,AMF,,
TUN,Tunisia,2014,-1.673396,,-1.673396,,,-3.114746,,-3.115,,,,,1,AMF,,
TUN,Tunisia,2015,-4.3773,,-4.3773,,,-4.948556,,-4.949,,,,,1,AMF,,
TUN,Tunisia,2016,-5.093985,,-5.093985,,,-5.868947,,-5.869,,,,,1,AMF,,
TUN,Tunisia,2017,-5.543367,,-5.543367,,,-5.607335,,-5.607,,,,,1,AMF,,
TUN,Tunisia,2018,-4.139451,,-4.139451,,,-4.265327,,-4.265,,,,,1,AMF,,
TUN,Tunisia,2019,-2.928891,,-2.928891,,,-3.602975,,-3.603,,,,,1,AMF,,
TUN,Tunisia,2020,-8.88495,,-8.88495,,,-9.057182,,-9.057,,,,,1,AMF,,
TUN,Tunisia,2021,-7.699263,,-7.699263,,,-7.597213,,-7.597,,,,,1,AMF,,
TUN,Tunisia,2022,-6.908,,,,,-6.90814,,-6.908,,,,,1,IMF_WEO,1,4
TUN,Tunisia,2023,-6.851779,,,,,-6.851779,,,-6.8520002,,,,1,IMF_FPP,1,4
TUN,Tunisia,2024,-5.949,,,,,,,,-5.9489999,,,,1,IMF_WEO_forecast,1,4
TUN,Tunisia,2025,-5.121,,,,,,,,-5.1209998,,,,1,IMF_WEO_forecast,,
TUN,Tunisia,2026,-5.446,,,,,,,,-5.4460001,,,,1,IMF_WEO_forecast,,
TUN,Tunisia,2027,-5.793,,,,,,,,-5.7930002,,,,1,IMF_WEO_forecast,,
TUN,Tunisia,2028,-5.957,,,,,,,,-5.9569998,,,,1,IMF_WEO_forecast,,
TUN,Tunisia,2029,-6.021,,,,,,,,-6.0209999,,,,1,IMF_WEO_forecast,,
TUR,Turkey,1970,.1379013,,,,,.1379013,,,,,,,1,IMF_FPP,,
TUR,Turkey,1971,-3.048199,,,,,-3.048199,,,,,,,1,IMF_FPP,,
TUR,Turkey,1972,-.1293983,,,,,-.1293983,,,,,,,1,IMF_FPP,,
TUR,Turkey,1973,-.9829998,,,,,-.9829998,,,,,,,1,IMF_FPP,,
TUR,Turkey,1974,-1.024399,,,,,-1.024399,,,,,,,1,IMF_FPP,,
TUR,Turkey,1975,-.1926994,,,,,-.1926994,,,,,,,1,IMF_FPP,,
TUR,Turkey,1976,-.6023998,,,,,-.6023998,,,,,,,1,IMF_FPP,,
TUR,Turkey,1977,-5.098499,,,,,-5.098499,,,,,,,1,IMF_FPP,,
TUR,Turkey,1978,-1.8297,,,,,-1.8297,,,,,,,1,IMF_FPP,,
TUR,Turkey,1979,-3.061201,,,,,-3.061201,,,,,,,1,IMF_FPP,,
TUR,Turkey,1980,-3.6738,,,,,-3.6738,,,,,,,1,IMF_FPP,,
TUR,Turkey,1981,-1.4967,,,,,-1.4967,,,,,,,1,IMF_FPP,,
TUR,Turkey,1982,-1.612499,,,,,-1.612499,,,,,,,1,IMF_FPP,,
TUR,Turkey,1983,-1.4498,,,,,-1.4498,,,,,,,1,IMF_FPP,,
TUR,Turkey,1984,-3.7742,,,,,-3.7742,,,,,,,1,IMF_FPP,,
TUR,Turkey,1985,-5.836368,,,,,-5.836368,,,,,,,1,IMF_FPP,,
TUR,Turkey,1986,-2.43073,,,,,-2.43073,,,,,,,1,IMF_FPP,,
TUR,Turkey,1987,-3.469687,,,,,-3.469687,,,,,,,1,IMF_FPP,,
TUR,Turkey,1988,-3.195525,,,,,-3.195525,,,,,,,1,IMF_FPP,,
TUR,Turkey,1989,-3.866875,,,,,-3.866875,,,,,,,1,IMF_FPP,,
TUR,Turkey,1990,-3.645113,,,,,-3.645113,,,,,,,1,IMF_FPP,,
TUR,Turkey,1991,-6.859884,,,,,-6.859884,,,,,,,1,IMF_FPP,,
TUR,Turkey,1992,-6.73498,,,,,-6.73498,,,,,,,1,IMF_FPP,,
TUR,Turkey,1993,-8.838683,,,,,-8.838683,,,,,,,1,IMF_FPP,,
TUR,Turkey,1994,-6.040307,,,,,-6.040307,,,,,,,1,IMF_FPP,,
TUR,Turkey,1995,-5.95139,,,,,-5.95139,,,,,,,1,IMF_FPP,,
TUR,Turkey,1996,-10.73125,,,,,-10.73125,,,,,,,1,IMF_FPP,,
TUR,Turkey,1997,-10.11747,,,,,-10.11747,,,,,,,1,IMF_FPP,,
TUR,Turkey,1998,-9.839748,,,,,-9.839748,,,,,,,1,IMF_FPP,,
TUR,Turkey,1999,-13.81547,,,,,-13.81547,,,,,,,1,IMF_FPP,1,3
TUR,Turkey,2000,-8.37,,,,,-8.369959,,-8.37,,,,,1,IMF_WEO,,
TUR,Turkey,2001,-11.668,,,,,-11.66832,,-11.668,,,,,1,IMF_WEO,,
TUR,Turkey,2002,-11.339,,,,,-11.33936,,-11.339,,,,,1,IMF_WEO,,
TUR,Turkey,2003,-7.572,,,,,-7.571835,,-7.572,,,,,1,IMF_WEO,,
TUR,Turkey,2004,-4.122,,,,,-4.121586,,-4.122,,,,,1,IMF_WEO,,
TUR,Turkey,2005,-.749,,,,,-.7489548,,-.749,,,,,1,IMF_WEO,,
TUR,Turkey,2006,-.218,,,,,-.2184776,,-.218,,,,,1,IMF_WEO,,
TUR,Turkey,2007,-1.376,,,,,-1.37575,,-1.376,,,,,1,IMF_WEO,,
TUR,Turkey,2008,-2.144,,,,,-2.143628,-2.8229066,-2.144,,,,,1,IMF_WEO,1,3
TUR,Turkey,2009,-6.126558,,,,,-5.178205,-5.9762477,-5.178,,-6.1265585,,,1,OECD_EO,,
TUR,Turkey,2010,-2.753274,,,,,-3.015141,-2.6637858,-3.015,,-2.7532737,,,1,OECD_EO,,
TUR,Turkey,2011,-.7361945,,,,,-.3541355,-.59648544,-.354,,-.73619452,,,1,OECD_EO,,
TUR,Turkey,2012,-.3002253,,,,,-1.786536,.01318379,-1.787,,-.30022526,,,1,OECD_EO,,
TUR,Turkey,2013,.2035727,,,,,-1.211537,.11594048,-1.212,,.20357268,,,1,OECD_EO,,
TUR,Turkey,2014,.2196216,,,,,-.9668871,.20098897,-.967,,.21962164,,,1,OECD_EO,,
TUR,Turkey,2015,.4965671,,,,,-.5123979,.45079101,-.512,,.49656706,,,1,OECD_EO,,
TUR,Turkey,2016,-1.322643,,,,,-1.67879,-1.3068331,-1.679,,-1.3226427,,,1,OECD_EO,,
TUR,Turkey,2017,-2.783798,,,,,-1.877734,-3.1387465,-1.878,,-2.7837982,,,1,OECD_EO,,
TUR,Turkey,2018,-2.87379,,,,,-3.134258,-2.813747,-3.134,,-2.87379,,,1,OECD_EO,,
TUR,Turkey,2019,-4.33405,,,,,-4.781989,-4.2488439,-4.782,,-4.33405,,,1,OECD_EO,,
TUR,Turkey,2020,-4.62553,,,,,-4.721156,-4.394509,-4.721,,-4.6255304,,,1,OECD_EO,,
TUR,Turkey,2021,-1.117136,,,,,-3.048928,-1.0527775,-3.049,,-1.1171362,,,1,OECD_EO,,
TUR,Turkey,2022,-2.061195,,,,,-1.118676,-3.1197104,-1.119,,-2.0611953,,,1,OECD_EO,,
TUR,Turkey,2023,-4.794422,,,,,-5.304616,-4.6639857,,-5.3049998,-4.7944222,,,1,OECD_EO,,
TUR,Turkey,2024,-4.708856,,,,,,,,-5.1900001,-4.7088563,,,1,OECD_EO,,
TUR,Turkey,2025,-2.996735,,,,,,,,-3.572,-2.9967349,,,1,OECD_EO,,
TUR,Turkey,2026,-2.626557,,,,,,,,-3.01,-2.6265569,,,1,OECD_EO,,
TUR,Turkey,2027,-3.06,,,,,,,,-3.0599999,,,,1,IMF_WEO_forecast,1,3
TUR,Turkey,2028,-3.037,,,,,,,,-3.0369999,,,,1,IMF_WEO_forecast,,
TUR,Turkey,2029,-3.012,,,,,,,,-3.0120001,,,,1,IMF_WEO_forecast,,
TUV,Tuvalu,2004,-3.595,,,,,,,-3.595,,,,,1,IMF_WEO,,
TUV,Tuvalu,2005,-12.779,,,,,,,-12.779,,,,,1,IMF_WEO,,
TUV,Tuvalu,2006,-36.815,,,,,,,-36.815,,,,,1,IMF_WEO,,
TUV,Tuvalu,2007,-18.593,,,,,,,-18.593,,,,,1,IMF_WEO,,
TUV,Tuvalu,2008,-17.225,,,,,,,-17.225,,,,,1,IMF_WEO,,
TUV,Tuvalu,2009,-13.506,,,,,,,-13.506,,,,,1,IMF_WEO,,
TUV,Tuvalu,2010,-23.35,,,,,,,-23.35,,,,,1,IMF_WEO,,
TUV,Tuvalu,2011,-8.802,,,,,,,-8.802,,,,,1,IMF_WEO,,
TUV,Tuvalu,2012,9.58,11.514396,,,,,,9.58,,,,,1,IMF_WEO,,
TUV,Tuvalu,2013,26.044,26.577864,,,,,,26.044,,,,,1,IMF_WEO,,
TUV,Tuvalu,2014,3.261,28.98634,,,,,,3.261,,,,,1,IMF_WEO,,
TUV,Tuvalu,2015,14.715,40.005174,,,,,,14.715,,,,,1,IMF_WEO,,
TUV,Tuvalu,2016,27.467,4.643163,,,,,,27.467,,,,,1,IMF_WEO,,
TUV,Tuvalu,2017,2.095,2.1001495,,,,,,2.095,,,,,1,IMF_WEO,,
TUV,Tuvalu,2018,30.378,30.392544,,,,,,30.378,,,,,1,IMF_WEO,,
TUV,Tuvalu,2019,-1.064,-1.0987312,,,,,,-1.064,,,,,1,IMF_WEO,,
TUV,Tuvalu,2020,13.68,-4.5441559,,,,,,13.68,,,,,1,IMF_WEO,,
TUV,Tuvalu,2021,-13.346,-10.579289,,,,,,-13.346,,,,,1,IMF_WEO,,
TUV,Tuvalu,2022,8.131,,,,,,,8.131,,,,,1,IMF_WEO,,
TUV,Tuvalu,2023,5.569,,,,,,,,5.5689998,,,,1,IMF_WEO_forecast,1,1
TUV,Tuvalu,2024,-3.905,,,,,,,,-3.905,,,,1,IMF_WEO_forecast,,
TUV,Tuvalu,2025,-6.04,,,,,,,,-6.04,,,,1,IMF_WEO_forecast,,
TUV,Tuvalu,2026,-5.845,,,,,,,,-5.8449998,,,,1,IMF_WEO_forecast,,
TUV,Tuvalu,2027,-5.79,,,,,,,,-5.79,,,,1,IMF_WEO_forecast,,
TUV,Tuvalu,2028,-7.224,,,,,,,,-7.224,,,,1,IMF_WEO_forecast,,
TUV,Tuvalu,2029,-7.717,,,,,,,,-7.717,,,,1,IMF_WEO_forecast,,
TWN,Taiwan,1980,-2.416,,,,,,,-2.416,,,,,1,IMF_WEO,,
TWN,Taiwan,1981,-2.572,,,,,,,-2.572,,,,,1,IMF_WEO,,
TWN,Taiwan,1982,-2.797,,,,,,,-2.797,,,,,1,IMF_WEO,,
TWN,Taiwan,1983,-1.871,,,,,,,-1.871,,,,,1,IMF_WEO,,
TWN,Taiwan,1984,-1.579,,,,,,,-1.579,,,,,1,IMF_WEO,,
TWN,Taiwan,1985,-2.011,,,,,,,-2.011,,,,,1,IMF_WEO,,
TWN,Taiwan,1986,-1.742,,,,,,,-1.742,,,,,1,IMF_WEO,,
TWN,Taiwan,1987,-1.746,,,,,,,-1.746,,,,,1,IMF_WEO,,
TWN,Taiwan,1988,-1.664,,,,,,,-1.664,,,,,1,IMF_WEO,,
TWN,Taiwan,1989,-9.754,,,,,,,-9.754,,,,,1,IMF_WEO,,
TWN,Taiwan,1990,-3.992,,,,,,,-3.992,,,,,1,IMF_WEO,,
TWN,Taiwan,1991,-9.242,,,,,,,-9.242,,,,,1,IMF_WEO,,
TWN,Taiwan,1992,-6.788,,,,,,,-6.788,,,,,1,IMF_WEO,,
TWN,Taiwan,1993,-6.05,,,,,,,-6.05,,,,,1,IMF_WEO,,
TWN,Taiwan,1994,-6.198,,,,,,,-6.198,,,,,1,IMF_WEO,,
TWN,Taiwan,1995,-6.756,,,,,,,-6.756,,,,,1,IMF_WEO,,
TWN,Taiwan,1996,-7.135,,,,,,,-7.135,,,,,1,IMF_WEO,,
TWN,Taiwan,1997,-7.473,,,,,,,-7.473,,,,,1,IMF_WEO,,
TWN,Taiwan,1998,-5.236,,,,,,,-5.236,,,,,1,IMF_WEO,,
TWN,Taiwan,1999,-2.348,,,,,,,-2.348,,,,,1,IMF_WEO,,
TWN,Taiwan,2000,-5.33,-4.4865934,,,,,,-5.33,,,,,1,IMF_WEO,,
TWN,Taiwan,2001,-5.588,-6.1999546,,,,,,-5.588,,,,,1,IMF_WEO,,
TWN,Taiwan,2002,-5.242,-2.7711642,,,,,,-5.242,,,,,1,IMF_WEO,,
TWN,Taiwan,2003,-4.333,-2.2308619,,,,,,-4.333,,,,,1,IMF_WEO,,
TWN,Taiwan,2004,-4.622,-2.4111262,,,,,,-4.622,,,,,1,IMF_WEO,,
TWN,Taiwan,2005,-2.497,-.29160877,,,,,,-2.497,,,,,1,IMF_WEO,,
TWN,Taiwan,2006,-2.179,-.20600374,,,,,,-2.179,,,,,1,IMF_WEO,,
TWN,Taiwan,2007,-2.223,-.21625396,,,,,,-2.223,,,,,1,IMF_WEO,,
TWN,Taiwan,2008,-2.737,-.81341379,,,,,,-2.737,,,,,1,IMF_WEO,,
TWN,Taiwan,2009,-6.196,-3.5205847,,,,,,-6.196,,,,,1,IMF_WEO,,
TWN,Taiwan,2010,-5.092,-2.6478724,,,,,,-5.092,,,,,1,IMF_WEO,,
TWN,Taiwan,2011,-4.034,-1.4561567,,,,,,-4.034,,,,,1,IMF_WEO,,
TWN,Taiwan,2012,-4.314,-2.7594119,,,,,,-4.314,,,,,1,IMF_WEO,,
TWN,Taiwan,2013,-3.242,-1.0172403,,,,,,-3.242,,,,,1,IMF_WEO,,
TWN,Taiwan,2014,-2.725,-.79443736,,,,,,-2.725,,,,,1,IMF_WEO,,
TWN,Taiwan,2015,-1.782,.2,,,,,,-1.782,,,,,1,IMF_WEO,,
TWN,Taiwan,2016,-2.193,-.3,,,,,,-2.193,,,,,1,IMF_WEO,,
TWN,Taiwan,2017,-2.022,-.1,,,,,,-2.022,,,,,1,IMF_WEO,,
TWN,Taiwan,2018,-1.866,.1,,,,,,-1.866,,,,,1,IMF_WEO,,
TWN,Taiwan,2019,-1.776,.5,,,,,,-1.776,,,,,1,IMF_WEO,,
TWN,Taiwan,2020,-2.917,-.3,,,,,,-2.917,,,,,1,IMF_WEO,,
TWN,Taiwan,2021,-2.064,1.3677553,,,,,,-2.064,,,,,1,IMF_WEO,,
TWN,Taiwan,2022,-1.714,1.2,,,,,,-1.714,,,,,1,IMF_WEO,,
TWN,Taiwan,2023,-2.501,,,,,,,,-2.5009999,,,,1,IMF_WEO_forecast,1,1
TWN,Taiwan,2024,-.768,,,,,,,,-.76800001,,,,1,IMF_WEO_forecast,,
TWN,Taiwan,2025,-.838,,,,,,,,-.838,,,,1,IMF_WEO_forecast,,
TWN,Taiwan,2026,-.908,,,,,,,,-.90799999,,,,1,IMF_WEO_forecast,,
TWN,Taiwan,2027,-.978,,,,,,,,-.97799999,,,,1,IMF_WEO_forecast,,
TWN,Taiwan,2028,-1.048,,,,,,,,-1.048,,,,1,IMF_WEO_forecast,,
TWN,Taiwan,2029,-1.118,,,,,,,,-1.118,,,,1,IMF_WEO_forecast,,
TZA,Tanzania,1991,.605,,,,,.6045112,,.605,,,,,1,IMF_WEO,,
TZA,Tanzania,1992,-4.959,,,,,-4.958785,,-4.959,,,,,1,IMF_WEO,,
TZA,Tanzania,1993,-2.023,,,,,-2.023239,,-2.023,,,,,1,IMF_WEO,,
TZA,Tanzania,1994,-3.737,,,,,-3.737072,,-3.737,,,,,1,IMF_WEO,,
TZA,Tanzania,1995,-2.117,,,,,-2.117471,,-2.117,,,,,1,IMF_WEO,,
TZA,Tanzania,1996,1.571,,,,,1.570934,,1.571,,,,,1,IMF_WEO,,
TZA,Tanzania,1997,-.026,,,,,-.0264717,,-.026,,,,,1,IMF_WEO,,
TZA,Tanzania,1998,.133,,,,,.13265,,.133,,,,,1,IMF_WEO,,
TZA,Tanzania,1999,-1.139,,,,,-1.138977,,-1.139,,,,,1,IMF_WEO,,
TZA,Tanzania,2000,-.73,,,,,-.7304893,,-.73,,,,,1,IMF_WEO,,
TZA,Tanzania,2001,-.414,,,,,-.4140886,,-.414,,,,,1,IMF_WEO,,
TZA,Tanzania,2002,-.727,,,,,-.7266872,,-.727,,,,,1,IMF_WEO,,
TZA,Tanzania,2003,-1.775,,,,,-1.774953,,-1.775,,,,,1,IMF_WEO,,
TZA,Tanzania,2004,-2.434,,,,,-2.433817,,-2.434,,,,,1,IMF_WEO,,
TZA,Tanzania,2005,-3.276,,,,,-3.276094,,-3.276,,,,,1,IMF_WEO,,
TZA,Tanzania,2006,-3.384,,,,,-3.38375,,-3.384,,,,,1,IMF_WEO,,
TZA,Tanzania,2007,-1.443,,,,,-1.44348,,-1.443,,,,,1,IMF_WEO,,
TZA,Tanzania,2008,-1.917,,,,,-1.917195,,-1.917,,,,,1,IMF_WEO,,
TZA,Tanzania,2009,-4.464,,,,,-4.463528,,-4.464,,,,,1,IMF_WEO,,
TZA,Tanzania,2010,-4.744,,,,,-4.743838,,-4.744,,,,,1,IMF_WEO,,
TZA,Tanzania,2011,-3.511,,,,,-3.511365,,-3.511,,,,,1,IMF_WEO,,
TZA,Tanzania,2012,-3.997,,,,,-3.996943,,-3.997,,,,,1,IMF_WEO,,
TZA,Tanzania,2013,-3.759,,,,,-3.759215,,-3.759,,,,,1,IMF_WEO,,
TZA,Tanzania,2014,-2.911,,,,,-2.911427,-1.3130143,-2.911,,,,,1,IMF_WEO,,
TZA,Tanzania,2015,-3.169,,,,,-3.168579,,-3.169,,,,,1,IMF_WEO,,
TZA,Tanzania,2016,-2.083,,,,,-2.083238,,-2.083,,,,,1,IMF_WEO,,
TZA,Tanzania,2017,-1.142,,,,,-1.142498,,-1.142,,,,,1,IMF_WEO,,
TZA,Tanzania,2018,-2.01,,,,,-2.009789,,-2.01,,,,,1,IMF_WEO,,
TZA,Tanzania,2019,-2.059,,,,,-2.058933,,-2.059,,,,,1,IMF_WEO,,
TZA,Tanzania,2020,-2.557,,,,,-2.557448,,-2.557,,,,,1,IMF_WEO,,
TZA,Tanzania,2021,-3.546,,,,,-3.545681,,-3.546,,,,,1,IMF_WEO,,
TZA,Tanzania,2022,-3.916,,,,,-3.916481,,-3.916,,,,,1,IMF_WEO,,
TZA,Tanzania,2023,-3.495273,,,,,-3.495273,,,-3.4949999,,,,1,IMF_FPP,1,2
TZA,Tanzania,2024,-2.904,,,,,,,,-2.904,,,,1,IMF_WEO_forecast,1,2
TZA,Tanzania,2025,-2.877,,,,,,,,-2.8770001,,,,1,IMF_WEO_forecast,,
TZA,Tanzania,2026,-2.753,,,,,,,,-2.753,,,,1,IMF_WEO_forecast,,
TZA,Tanzania,2027,-2.708,,,,,,,,-2.7079999,,,,1,IMF_WEO_forecast,,
TZA,Tanzania,2028,-2.682,,,,,,,,-2.6819999,,,,1,IMF_WEO_forecast,,
TZA,Tanzania,2029,-2.656,,,,,,,,-2.6559999,,,,1,IMF_WEO_forecast,,
UGA,Uganda,1997,-.829,,,,,-.8291495,,-.829,,,,,1,IMF_WEO,,
UGA,Uganda,1998,-.705,,,,,-.7045804,,-.705,,,,,1,IMF_WEO,,
UGA,Uganda,1999,-1.237,,,,,-1.237207,,-1.237,,,,,1,IMF_WEO,,
UGA,Uganda,2000,-.624,,,,,-.6236787,,-.624,,,,,1,IMF_WEO,,
UGA,Uganda,2001,-.994,,,,,-.9938177,,-.994,,,,,1,IMF_WEO,,
UGA,Uganda,2002,-2.068,,,,,-2.068175,,-2.068,,,,,1,IMF_WEO,,
UGA,Uganda,2003,-.969,,,,,-.9691204,,-.969,,,,,1,IMF_WEO,,
UGA,Uganda,2004,.343,,,,,.3425054,,.343,,,,,1,IMF_WEO,,
UGA,Uganda,2005,-.17,,,,,-.1699689,,-.17,,,,,1,IMF_WEO,,
UGA,Uganda,2006,-.637,,,,,-.6370134,,-.637,,,,,1,IMF_WEO,,
UGA,Uganda,2007,-.815,,,,,-.8150826,,-.815,,,,,1,IMF_WEO,,
UGA,Uganda,2008,-1.995,,,,,-1.994766,,-1.995,,,,,1,IMF_WEO,,
UGA,Uganda,2009,-1.61,,,,,-1.609836,,-1.61,,,,,1,IMF_WEO,,
UGA,Uganda,2010,-4.645,,,,,-4.644662,,-4.645,,,,,1,IMF_WEO,,
UGA,Uganda,2011,-2.043,,,,,-2.04271,,-2.043,,,,,1,IMF_WEO,,
UGA,Uganda,2012,-2.385,,,,,-2.385338,,-2.385,,,,,1,IMF_WEO,,
UGA,Uganda,2013,-3.19,,,,,-3.190483,,-3.19,,,,,1,IMF_WEO,,
UGA,Uganda,2014,-2.74,,,,,-2.740455,,-2.74,,,,,1,IMF_WEO,,
UGA,Uganda,2015,-2.594,,,,,-2.593776,-1.9274397,-2.594,,,,,1,IMF_WEO,,
UGA,Uganda,2016,-2.641,,,,,-2.640513,-2.0692265,-2.641,,,,,1,IMF_WEO,,
UGA,Uganda,2017,-3.826,,,,,-3.825702,-2.2159366,-3.826,,,,,1,IMF_WEO,,
UGA,Uganda,2018,-3.023,,,,,-3.022952,-2.4251003,-3.023,,,,,1,IMF_WEO,,
UGA,Uganda,2019,-4.816,,,,,-4.816293,-3.2291855,-4.816,,,,,1,IMF_WEO,,
UGA,Uganda,2020,-7.759,,,,,-7.758889,-6.0170586,-7.759,,,,,1,IMF_WEO,,
UGA,Uganda,2021,-7.449,,,,,-7.449394,-7.2689102,-7.449,,,,,1,IMF_WEO,,
UGA,Uganda,2022,-5.942,,,,,-5.942058,-6.2516875,-5.942,,,,,1,IMF_WEO,,
UGA,Uganda,2023,-4.731875,,,,,-4.869761,-4.731875,,-4.8699999,,,,1,IMF_GFS,1,2
UGA,Uganda,2024,-4.928,,,,,,,,-4.928,,,,1,IMF_WEO_forecast,1,2
UGA,Uganda,2025,-3.762,,,,,,,,-3.7620001,,,,1,IMF_WEO_forecast,,
UGA,Uganda,2026,-1.481,,,,,,,,-1.4809999,,,,1,IMF_WEO_forecast,,
UGA,Uganda,2027,-1.005,,,,,,,,-1.005,,,,1,IMF_WEO_forecast,,
UGA,Uganda,2028,-.999,,,,,,,,-.99900001,,,,1,IMF_WEO_forecast,,
UGA,Uganda,2029,-1.352,,,,,,,,-1.352,,,,1,IMF_WEO_forecast,,
UKR,Ukraine,1995,-4.721,,,,,-4.721421,,-4.721,,,,,1,IMF_WEO,,
UKR,Ukraine,1996,-3.093,,,,,-3.093274,,-3.093,,,,,1,IMF_WEO,,
UKR,Ukraine,1997,-5.374,,,,,-5.373914,,-5.374,,,,,1,IMF_WEO,,
UKR,Ukraine,1998,-2.688,,,,,-2.68796,,-2.688,,,,,1,IMF_WEO,,
UKR,Ukraine,1999,4.954,,,,,4.954458,,4.954,,,,,1,IMF_WEO,,
UKR,Ukraine,2000,-3.186,,,,,-3.186267,,-3.186,,,,,1,IMF_WEO,,
UKR,Ukraine,2001,-3.031,,,,,-3.031377,-.94511656,-3.031,,,,,1,IMF_WEO,,
UKR,Ukraine,2002,-1.841,,,,,-1.8412,.52898166,-1.841,,,,,1,IMF_WEO,,
UKR,Ukraine,2003,-.893,,,,,-.893076,.01151704,-.893,,,,,1,IMF_WEO,,
UKR,Ukraine,2004,-4.415,,,,,-4.414978,-3.4172106,-4.415,,,,,1,IMF_WEO,,
UKR,Ukraine,2005,-2.277,,,,,-2.276962,-1.3369578,-2.277,,,,,1,IMF_WEO,,
UKR,Ukraine,2006,-1.365,,,,,-1.364705,-1.0124313,-1.365,,,,,1,IMF_WEO,,
UKR,Ukraine,2007,-1.967,,,,,-1.96739,-.58300042,-1.967,,,,,1,IMF_WEO,,
UKR,Ukraine,2008,-3.139,,,,,-3.13885,-1.6189822,-3.139,,,,,1,IMF_WEO,,
UKR,Ukraine,2009,-6.272,,,,,-6.271518,-5.7983559,-6.272,,,,,1,IMF_WEO,,
UKR,Ukraine,2010,-5.772,,,,,-5.772014,-6.5755281,-5.772,,,,,1,IMF_WEO,,
UKR,Ukraine,2011,-2.762,,,,,-2.761558,-2.2801926,-2.762,,,,,1,IMF_WEO,,
UKR,Ukraine,2012,-4.307,,,,,-4.307065,-3.8745961,-4.307,,,,,1,IMF_WEO,,
UKR,Ukraine,2013,-4.784,,,,,-4.784336,-4.2508953,-4.784,,,,,1,IMF_WEO,,
UKR,Ukraine,2014,-4.46,,,,,-4.459976,-4.4507929,-4.46,,,,,1,IMF_WEO,,
UKR,Ukraine,2015,-1.16,,,,,-1.159825,-.77041293,-1.16,,,,,1,IMF_WEO,,
UKR,Ukraine,2016,-2.459,,,,,-2.4593,-1.9213259,-2.459,,,,,1,IMF_WEO,,
UKR,Ukraine,2017,-2.356,,,,,-2.356404,-1.1910029,-2.356,,,,,1,IMF_WEO,,
UKR,Ukraine,2018,-2.124,,,,,-2.123697,-1.9378509,-2.124,,,,,1,IMF_WEO,,
UKR,Ukraine,2019,-2.082,,,,,-2.082171,-1.8632464,-2.082,,,,,1,IMF_WEO,,
UKR,Ukraine,2020,-5.918,,,,,-5.918003,-5.3835907,-5.918,,,,,1,IMF_WEO,,
UKR,Ukraine,2021,-3.972,,,,,-3.971657,-3.326735,-3.972,,,,,1,IMF_WEO,,
UKR,Ukraine,2022,-15.602,,,,,-15.60159,-15.640227,-15.602,,,,,1,IMF_WEO,,
UKR,Ukraine,2023,-19.75526,,,,,-19.60791,-19.755261,,-19.608,,,,1,IMF_GFS,1,2
UKR,Ukraine,2024,-18.738,,,,,,,,-18.738001,,,,1,IMF_WEO_forecast,1,2
UKR,Ukraine,2025,-19.167,,,,,,,,-19.167,,,,1,IMF_WEO_forecast,,
UKR,Ukraine,2026,-9.526,,,,,,,,-9.526,,,,1,IMF_WEO_forecast,,
UKR,Ukraine,2027,-2.661,,,,,,,,-2.661,,,,1,IMF_WEO_forecast,,
UKR,Ukraine,2028,-2.082,,,,,,,,-2.082,,,,1,IMF_WEO_forecast,,
UKR,Ukraine,2029,-1.663,,,,,,,,-1.663,,,,1,IMF_WEO_forecast,,
URY,Uruguay,1972,-2.254499,,,,,-2.254499,,,,,,,1,IMF_FPP,,
URY,Uruguay,1973,-1.0933,,,,,-1.0933,,,,,,,1,IMF_FPP,,
URY,Uruguay,1974,-3.7395,,,,,-3.7395,,,,,,,1,IMF_FPP,,
URY,Uruguay,1975,-4.384001,,,,,-4.384001,,,,,,,1,IMF_FPP,,
URY,Uruguay,1976,-2.0098,,,,,-2.0098,,,,,,,1,IMF_FPP,,
URY,Uruguay,1977,-.6928997,,,,,-.6928997,,,,,,,1,IMF_FPP,,
URY,Uruguay,1978,-.4688015,,,,,-.4688015,,,,,,,1,IMF_FPP,,
URY,Uruguay,1979,.9943008,,,,,.9943008,,,,,,,1,IMF_FPP,,
URY,Uruguay,1980,.4339008,,,,,.4339008,,,,,,,1,IMF_FPP,,
URY,Uruguay,1981,-1.147499,,,,,-1.147499,,,,,,,1,IMF_FPP,,
URY,Uruguay,1982,-8.2171,,,,,-8.2171,,,,,,,1,IMF_FPP,,
URY,Uruguay,1983,-3.542799,,,,,-3.542799,,,,,,,1,IMF_FPP,,
URY,Uruguay,1984,-4.9447,,,,,-4.9447,,,,,,,1,IMF_FPP,,
URY,Uruguay,1985,-1.878901,,,,,-1.878901,,,,,,,1,IMF_FPP,,
URY,Uruguay,1986,-.3370991,,,,,-.3370991,,,,,,,1,IMF_FPP,,
URY,Uruguay,1987,-.6622009,,,,,-.6622009,,,,,,,1,IMF_FPP,,
URY,Uruguay,1988,-1.467299,,,,,-1.467299,,,,,,,1,IMF_FPP,,
URY,Uruguay,1989,-13.1225,,,,,-13.1225,,,,,,,1,IMF_FPP,,
URY,Uruguay,1990,.4913006,,,,,.4913006,,,,,,,1,IMF_FPP,,
URY,Uruguay,1991,.8769989,,,,,.8769989,,,,,,,1,IMF_FPP,,
URY,Uruguay,1992,.5950012,,,,,.5950012,,,,,,,1,IMF_FPP,,
URY,Uruguay,1993,-.465601,,,,,-.465601,,,,,,,1,IMF_FPP,,
URY,Uruguay,1994,-2.371101,,,,,-2.371101,,,,,,,1,IMF_FPP,,
URY,Uruguay,1995,-1.084099,,,,,-1.084099,,,,,,,1,IMF_FPP,,
URY,Uruguay,1996,-1.317101,,,,,-1.317101,,,,,,,1,IMF_FPP,,
URY,Uruguay,1997,-.9712009,,,,,-.9712009,,,,,,,1,IMF_FPP,,
URY,Uruguay,1998,-.7557011,,,,,-.7557011,,,,,,,1,IMF_FPP,1,3
URY,Uruguay,1999,-2.761,,,,,-2.760621,,-2.761,,,,,1,IMF_WEO,,
URY,Uruguay,2000,-2.758,,,,,-2.758227,,-2.758,,,,,1,IMF_WEO,,
URY,Uruguay,2001,-2.852,,,,,-2.852228,,-2.852,,,,,1,IMF_WEO,,
URY,Uruguay,2002,-3.186,,,,,-3.186487,,-3.186,,,,,1,IMF_WEO,,
URY,Uruguay,2003,-2.194,,,,,-2.193659,,-2.194,,,,,1,IMF_WEO,,
URY,Uruguay,2004,-.868,,,,,-.8680992,,-.868,,,,,1,IMF_WEO,,
URY,Uruguay,2005,-.276,,,,,-.2757383,,-.276,,,,,1,IMF_WEO,,
URY,Uruguay,2006,-.643,,,,,-.6428925,,-.643,,,,,1,IMF_WEO,,
URY,Uruguay,2007,-.157,,,,,-.1567484,,-.157,,,,,1,IMF_WEO,,
URY,Uruguay,2008,-1.305,,,,,-1.305397,,-1.305,,,,,1,IMF_WEO,,
URY,Uruguay,2009,-1.394,,,,,-1.393701,,-1.394,,,,,1,IMF_WEO,,
URY,Uruguay,2010,-.387,,,,,-.3872874,,-.387,,,,,1,IMF_WEO,,
URY,Uruguay,2011,-.334,,,,,-.3337912,,-.334,,,,,1,IMF_WEO,,
URY,Uruguay,2012,-2.173,,,,,-2.172757,,-2.173,,,,,1,IMF_WEO,,
URY,Uruguay,2013,-1.722,,,,,-1.721969,,-1.722,,,,,1,IMF_WEO,,
URY,Uruguay,2014,-2.6,,,,,-2.599699,,-2.6,,,,,1,IMF_WEO,,
URY,Uruguay,2015,-1.857,,,,,-1.856901,,-1.857,,,,,1,IMF_WEO,,
URY,Uruguay,2016,-2.681,,,,,-2.6814,,-2.681,,,,,1,IMF_WEO,,
URY,Uruguay,2017,-2.51,,,,,-2.510299,,-2.51,,,,,1,IMF_WEO,,
URY,Uruguay,2018,-1.888,,,,,-1.887561,,-1.888,,,,,1,IMF_WEO,,
URY,Uruguay,2019,-2.714,,,,,-2.713892,,-2.714,,,,,1,IMF_WEO,,
URY,Uruguay,2020,-4.659,,,,,-4.658884,,-4.659,,,,,1,IMF_WEO,,
URY,Uruguay,2021,-2.632,,,,,-2.632256,,-2.632,,,,,1,IMF_WEO,,
URY,Uruguay,2022,-2.547,,,,,-2.547313,,-2.547,,,,,1,IMF_WEO,,
URY,Uruguay,2023,-3.076343,,,,,-3.076343,,,-3.076,,,,1,IMF_FPP,1,3
URY,Uruguay,2024,-2.99,,,,,,,,-2.99,,,,1,IMF_WEO_forecast,1,3
URY,Uruguay,2025,-2.64,,,,,,,,-2.6400001,,,,1,IMF_WEO_forecast,,
URY,Uruguay,2026,-2.453,,,,,,,,-2.4530001,,,,1,IMF_WEO_forecast,,
URY,Uruguay,2027,-2.252,,,,,,,,-2.2520001,,,,1,IMF_WEO_forecast,,
URY,Uruguay,2028,-2.111,,,,,,,,-2.1110001,,,,1,IMF_WEO_forecast,,
URY,Uruguay,2029,-2.086,,,,,,,,-2.086,,,,1,IMF_WEO_forecast,,
USA,United States,1800,.01373,,,,,.01373,,,,,,,1,IMF_FPP,,
USA,United States,1801,.67045,,,,,.67045,,,,,,,1,IMF_FPP,,
USA,United States,1802,1.45592,,,,,1.45592,,,,,,,1,IMF_FPP,,
USA,United States,1803,.65819,,,,,.65819,,,,,,,1,IMF_FPP,,
USA,United States,1804,.5818402,,,,,.5818402,,,,,,,1,IMF_FPP,,
USA,United States,1805,.51605,,,,,.51605,,,,,,,1,IMF_FPP,,
USA,United States,1806,.94516,,,,,.94516,,,,,,,1,IMF_FPP,,
USA,United States,1807,1.42624,,,,,1.42624,,,,,,,1,IMF_FPP,,
USA,United States,1808,1.54642,,,,,1.54642,,,,,,,1,IMF_FPP,,
USA,United States,1809,-.4996001,,,,,-.4996001,,,,,,,1,IMF_FPP,,
USA,United States,1810,.20867,,,,,.20867,,,,,,,1,IMF_FPP,,
USA,United States,1811,1.09759,,,,,1.09759,,,,,,,1,IMF_FPP,,
USA,United States,1812,-1.84182,,,,,-1.84182,,,,,,,1,IMF_FPP,,
USA,United States,1813,-2.78362,,,,,-2.78362,,,,,,,1,IMF_FPP,,
USA,United States,1814,-3.35792,,,,,-3.35792,,,,,,,1,IMF_FPP,,
USA,United States,1815,-2.09101,,,,,-2.09101,,,,,,,1,IMF_FPP,,
USA,United States,1816,2.00128,,,,,2.00128,,,,,,,1,IMF_FPP,,
USA,United States,1817,1.32881,,,,,1.32881,,,,,,,1,IMF_FPP,,
USA,United States,1818,.2156901,,,,,.2156901,,,,,,,1,IMF_FPP,,
USA,United States,1819,.4163201,,,,,.4163201,,,,,,,1,IMF_FPP,,
USA,United States,1820,-.05793,,,,,-.05793,,,,,,,1,IMF_FPP,,
USA,United States,1821,-.2039599,,,,,-.2039599,,,,,,,1,IMF_FPP,,
USA,United States,1822,.7431798,,,,,.7431798,,,,,,,1,IMF_FPP,,
USA,United States,1823,.83462,,,,,.83462,,,,,,,1,IMF_FPP,,
USA,United States,1824,-.1259701,,,,,-.1259701,,,,,,,1,IMF_FPP,,
USA,United States,1825,.704,,,,,.704,,,,,,,1,IMF_FPP,,
USA,United States,1826,.93032,,,,,.93032,,,,,,,1,IMF_FPP,,
USA,United States,1827,.7865199,,,,,.7865199,,,,,,,1,IMF_FPP,,
USA,United States,1828,.94995,,,,,.94995,,,,,,,1,IMF_FPP,,
USA,United States,1829,1.06353,,,,,1.06353,,,,,,,1,IMF_FPP,,
USA,United States,1830,1.03977,,,,,1.03977,,,,,,,1,IMF_FPP,,
USA,United States,1831,1.23756,,,,,1.23756,,,,,,,1,IMF_FPP,,
USA,United States,1832,1.26208,,,,,1.26208,,,,,,,1,IMF_FPP,,
USA,United States,1833,.8420701,,,,,.8420701,,,,,,,1,IMF_FPP,,
USA,United States,1834,.23736,,,,,.23736,,,,,,,1,IMF_FPP,,
USA,United States,1835,1.09351,,,,,1.09351,,,,,,,1,IMF_FPP,,
USA,United States,1836,1.05269,,,,,1.05269,,,,,,,1,IMF_FPP,,
USA,United States,1837,-.67153,,,,,-.67153,,,,,,,1,IMF_FPP,,
USA,United States,1838,-.43015,,,,,-.43015,,,,,,,1,IMF_FPP,,
USA,United States,1839,.23726,,,,,.23726,,,,,,,1,IMF_FPP,,
USA,United States,1840,-.2796601,,,,,-.2796601,,,,,,,1,IMF_FPP,,
USA,United States,1841,-.556537,,,,,-.556537,,,,,,,1,IMF_FPP,,
USA,United States,1842,-.3131701,,,,,-.3131701,,,,,,,1,IMF_FPP,,
USA,United States,1843,-.217299,,,,,-.217299,,,,,,,1,IMF_FPP,,
USA,United States,1844,.3849499,,,,,.3849499,,,,,,,1,IMF_FPP,,
USA,United States,1845,.35956,,,,,.35956,,,,,,,1,IMF_FPP,,
USA,United States,1846,.09375,,,,,.09375,,,,,,,1,IMF_FPP,,
USA,United States,1847,-1.31842,,,,,-1.31842,,,,,,,1,IMF_FPP,,
USA,United States,1848,-.40628,,,,,-.40628,,,,,,,1,IMF_FPP,,
USA,United States,1849,-.5906099,,,,,-.5906099,,,,,,,1,IMF_FPP,,
USA,United States,1850,.16003,,,,,.16003,,,,,,,1,IMF_FPP,,
USA,United States,1851,.17897,,,,,.17897,,,,,,,1,IMF_FPP,,
USA,United States,1852,.1903701,,,,,.1903701,,,,,,,1,IMF_FPP,,
USA,United States,1853,.39065,,,,,.39065,,,,,,,1,IMF_FPP,,
USA,United States,1854,.40595,,,,,.40595,,,,,,,1,IMF_FPP,,
USA,United States,1855,.13861,,,,,.13861,,,,,,,1,IMF_FPP,,
USA,United States,1856,.10691,,,,,.10691,,,,,,,1,IMF_FPP,,
USA,United States,1857,.0270801,,,,,.0270801,,,,,,,1,IMF_FPP,,
USA,United States,1858,-.6767399,,,,,-.6767399,,,,,,,1,IMF_FPP,,
USA,United States,1859,-.3635401,,,,,-.3635401,,,,,,,1,IMF_FPP,,
USA,United States,1860,-.1575401,,,,,-.1575401,,,,,,,1,IMF_FPP,,
USA,United States,1861,-.536005,,,,,-.536005,,,,,,,1,IMF_FPP,,
USA,United States,1862,-7.672867,,,,,-7.672867,,,,,,,1,IMF_FPP,,
USA,United States,1863,-8.20112,,,,,-8.20112,,,,,,,1,IMF_FPP,,
USA,United States,1864,-6.30454,,,,,-6.30454,,,,,,,1,IMF_FPP,,
USA,United States,1865,-10.24057,,,,,-10.24057,,,,,,,1,IMF_FPP,,
USA,United States,1866,.4066801,,,,,.4066801,,,,,,,1,IMF_FPP,,
USA,United States,1867,1.50131,,,,,1.50131,,,,,,,1,IMF_FPP,,
USA,United States,1868,.3260102,,,,,.3260102,,,,,,,1,IMF_FPP,,
USA,United States,1869,.5596402,,,,,.5596402,,,,,,,1,IMF_FPP,,
USA,United States,1870,1.24618,,,,,1.24618,,,,,,,1,IMF_FPP,,
USA,United States,1871,1.13578,,,,,1.13578,,,,,,,1,IMF_FPP,,
USA,United States,1872,1.03215,,,,,1.03215,,,,,,,1,IMF_FPP,,
USA,United States,1873,.4665899,,,,,.4665899,,,,,,,1,IMF_FPP,,
USA,United States,1874,.0271301,,,,,.0271301,,,,,,,1,IMF_FPP,,
USA,United States,1875,.15799,,,,,.15799,,,,,,,1,IMF_FPP,,
USA,United States,1876,.3339601,,,,,.3339601,,,,,,,1,IMF_FPP,,
USA,United States,1877,.4362299,,,,,.4362299,,,,,,,1,IMF_FPP,,
USA,United States,1878,.2293999,,,,,.2293999,,,,,,,1,IMF_FPP,,
USA,United States,1879,.0710399,,,,,.0710399,,,,,,,1,IMF_FPP,,
USA,United States,1880,.5517001,,,,,.5517001,,,,,,,1,IMF_FPP,,
USA,United States,1881,.8453202,,,,,.8453202,,,,,,,1,IMF_FPP,,
USA,United States,1882,1.08243,,,,,1.08243,,,,,,,1,IMF_FPP,,
USA,United States,1883,1.06253,,,,,1.06253,,,,,,,1,IMF_FPP,,
USA,United States,1884,.85387,,,,,.85387,,,,,,,1,IMF_FPP,,
USA,United States,1885,.5207901,,,,,.5207901,,,,,,,1,IMF_FPP,,
USA,United States,1886,.70002,,,,,.70002,,,,,,,1,IMF_FPP,,
USA,United States,1887,.7477299,,,,,.7477299,,,,,,,1,IMF_FPP,,
USA,United States,1888,.81514,,,,,.81514,,,,,,,1,IMF_FPP,,
USA,United States,1889,.60321,,,,,.60321,,,,,,,1,IMF_FPP,,
USA,United States,1890,.5859599,,,,,.5859599,,,,,,,1,IMF_FPP,,
USA,United States,1891,.1724801,,,,,.1724801,,,,,,,1,IMF_FPP,,
USA,United States,1892,.0632601,,,,,.0632601,,,,,,,1,IMF_FPP,,
USA,United States,1893,.0154099,,,,,.0154099,,,,,,,1,IMF_FPP,,
USA,United States,1894,-.4490199,,,,,-.4490199,,,,,,,1,IMF_FPP,,
USA,United States,1895,-.20333,,,,,-.20333,,,,,,,1,IMF_FPP,,
USA,United States,1896,-.0917902,,,,,-.0917902,,,,,,,1,IMF_FPP,,
USA,United States,1897,-.1133699,,,,,-.1133699,,,,,,,1,IMF_FPP,,
USA,United States,1898,-.22948,,,,,-.22948,,,,,,,1,IMF_FPP,,
USA,United States,1899,-.4813399,,,,,-.4813399,,,,,,,1,IMF_FPP,,
USA,United States,1900,.2404399,,,,,.2404399,,,,,,,1,IMF_FPP,,
USA,United States,1901,.2915499,,,,,.2915499,,,,,,,1,IMF_FPP,,
USA,United States,1902,.3480101,,,,,.3480101,,,,,,,1,IMF_FPP,,
USA,United States,1903,.1849601,,,,,.1849601,,,,,,,1,IMF_FPP,,
USA,United States,1904,-.1830702,,,,,-.1830702,,,,,,,1,IMF_FPP,,
USA,United States,1905,-.0898001,,,,,-.0898001,,,,,,,1,IMF_FPP,,
USA,United States,1906,.08225,,,,,.08225,,,,,,,1,IMF_FPP,,
USA,United States,1907,.2809598,,,,,.2809598,,,,,,,1,IMF_FPP,,
USA,United States,1908,-.21854,,,,,-.21854,,,,,,,1,IMF_FPP,,
USA,United States,1909,-.29186,,,,,-.29186,,,,,,,1,IMF_FPP,,
USA,United States,1910,-.0572801,,,,,-.0572801,,,,,,,1,IMF_FPP,,
USA,United States,1911,.0326099,,,,,.0326099,,,,,,,1,IMF_FPP,,
USA,United States,1912,.00779,,,,,.00779,,,,,,,1,IMF_FPP,,
USA,United States,1913,-.00109,,,,,-.00109,,,,,,,1,IMF_FPP,,
USA,United States,1914,-.0011899,,,,,-.0011899,,,,,,,1,IMF_FPP,,
USA,United States,1915,-.174,,,,,-.174,,,,,,,1,IMF_FPP,,
USA,United States,1916,.1084701,,,,,.1084701,,,,,,,1,IMF_FPP,,
USA,United States,1917,-1.63947,,,,,-1.63947,,,,,,,1,IMF_FPP,,
USA,United States,1918,-13.51709,,,,,-13.51709,,,,,,,1,IMF_FPP,,
USA,United States,1919,-17.45128,,,,,-17.45128,,,,,,,1,IMF_FPP,,
USA,United States,1920,.3344998,,,,,.3344998,,,,,,,1,IMF_FPP,,
USA,United States,1921,.6884003,,,,,.6884003,,,,,,,1,IMF_FPP,,
USA,United States,1922,1.01141,,,,,1.01141,,,,,,,1,IMF_FPP,,
USA,United States,1923,.83915,,,,,.83915,,,,,,,1,IMF_FPP,,
USA,United States,1924,1.10702,,,,,1.10702,,,,,,,1,IMF_FPP,,
USA,United States,1925,.78495,,,,,.78495,,,,,,,1,IMF_FPP,,
USA,United States,1926,.8877301,,,,,.8877301,,,,,,,1,IMF_FPP,,
USA,United States,1927,1.19353,,,,,1.19353,,,,,,,1,IMF_FPP,,
USA,United States,1928,.9700799,,,,,.9700799,,,,,,,1,IMF_FPP,,
USA,United States,1929,-4.578918,,,,,-4.578918,,,,,,,1,IMF_FPP,,
USA,United States,1930,-5.455613,,,,,-5.455613,,,,,,,1,IMF_FPP,,
USA,United States,1931,-9.761171,,,,,-9.761171,,,,,,,1,IMF_FPP,,
USA,United States,1932,-12.74905,,,,,-12.74905,,,,,,,1,IMF_FPP,,
USA,United States,1933,-14.33751,,,,,-14.33751,,,,,,,1,IMF_FPP,,
USA,United States,1934,-14.87048,,,,,-14.87048,,,,,,,1,IMF_FPP,,
USA,United States,1935,-13.33289,,,,,-13.33289,,,,,,,1,IMF_FPP,,
USA,United States,1936,-12.12069,,,,,-12.12069,,,,,,,1,IMF_FPP,,
USA,United States,1937,-9.216806,,,,,-9.216806,,,,,,,1,IMF_FPP,,
USA,United States,1938,-10.44708,,,,,-10.44708,,,,,,,1,IMF_FPP,,
USA,United States,1939,-11.90445,,,,,-11.90445,,,,,,,1,IMF_FPP,,
USA,United States,1940,-9.731203,,,,,-9.731203,,,,,,,1,IMF_FPP,,
USA,United States,1941,-10.15204,,,,,-10.15204,,,,,,,1,IMF_FPP,,
USA,United States,1942,-16.33483,,,,,-16.33483,,,,,,,1,IMF_FPP,,
USA,United States,1943,-19.30101,,,,,-19.30101,,,,,,,1,IMF_FPP,,
USA,United States,1944,-13.43217,,,,,-13.43217,,,,,,,1,IMF_FPP,,
USA,United States,1945,-14.12837,,,,,-14.12837,,,,,,,1,IMF_FPP,,
USA,United States,1946,-6.44824,,,,,-6.44824,,,,,,,1,IMF_FPP,,
USA,United States,1947,-3.993114,,,,,-3.993114,,,,,,,1,IMF_FPP,,
USA,United States,1948,-4.164944,,,,,-4.164944,,,,,,,1,IMF_FPP,,
USA,United States,1949,-7.937595,,,,,-7.937595,,,,,,,1,IMF_FPP,,
USA,United States,1950,-8.218742,,,,,-8.218742,,,,,,,1,IMF_FPP,,
USA,United States,1951,-6.932854,,,,,-6.932854,,,,,,,1,IMF_FPP,,
USA,United States,1952,-5.406366,,,,,-5.406366,,,,,,,1,IMF_FPP,,
USA,United States,1953,-5.760263,,,,,-5.760263,,,,,,,1,IMF_FPP,,
USA,United States,1954,-5.547277,,,,,-5.547277,,,,,,,1,IMF_FPP,,
USA,United States,1955,-7.399567,,,,,-7.399567,,,,,,,1,IMF_FPP,,
USA,United States,1956,-6.018295,,,,,-6.018295,,,,,,,1,IMF_FPP,,
USA,United States,1957,-6.716564,,,,,-6.716564,,,,,,,1,IMF_FPP,,
USA,United States,1958,-8.680189,,,,,-8.680189,,,,,,,1,IMF_FPP,,
USA,United States,1959,-9.056981,,,,,-9.056981,,,,,,,1,IMF_FPP,1,2
USA,United States,1960,-2.360697,,,,,3.195019,,,,-2.3606967,,,1,OECD_EO,,
USA,United States,1961,-3.683679,,,,,2.277781,,,,-3.6836786,,,1,OECD_EO,,
USA,United States,1962,-3.601296,,,,,2.315264,,,,-3.6012959,,,1,OECD_EO,,
USA,United States,1963,-2.877356,,,,,2.873621,,,,-2.8773562,,,1,OECD_EO,,
USA,United States,1964,-3.347084,,,,,2.17915,,,,-3.3470838,,,1,OECD_EO,,
USA,United States,1965,-2.898024,,,,,2.377066,,,,-2.8980241,,,1,OECD_EO,,
USA,United States,1966,-3.183989,,,,,2.074682,,,,-3.1839885,,,1,OECD_EO,,
USA,United States,1967,-4.676255,,,,,.4717579,,,,-4.6762553,,,1,OECD_EO,,
USA,United States,1968,-3.541687,,,,,1.226162,,,,-3.5416865,,,1,OECD_EO,,
USA,United States,1969,-2.225547,,,,,2.107479,,,,-2.225547,,,1,OECD_EO,,
USA,United States,1970,-4.731646,,,,,-1.21056,,,,-4.7316457,,,1,OECD_EO,,
USA,United States,1971,-5.575376,,,,,-2.630877,,,,-5.5753757,,,1,OECD_EO,,
USA,United States,1972,-4.258814,,,,,-1.858822,,,,-4.2588139,,,1,OECD_EO,,
USA,United States,1973,-3.036462,,,,,-.8621731,,,,-3.036462,,,1,OECD_EO,,
USA,United States,1974,-3.641289,,,,,-1.27479,,,,-3.6412893,,,1,OECD_EO,,
USA,United States,1975,-7.638057,,,,,-5.395836,,,,-7.6380567,,,1,OECD_EO,,
USA,United States,1976,-5.532218,,,,,-3.634506,,,,-5.5322173,,,1,OECD_EO,,
USA,United States,1977,-4.249937,,,,,-2.573877,,,,-4.249937,,,1,OECD_EO,,
USA,United States,1978,-3.481855,,,,,-1.704842,,,,-3.4818546,,,1,OECD_EO,,
USA,United States,1979,-2.949348,,,,,-.7925529,,,,-2.9493482,,,1,OECD_EO,,
USA,United States,1980,-4.44168,,,,,-2.172672,,,,-4.44168,,,1,OECD_EO,,
USA,United States,1981,-3.993112,,,,,-1.583057,,,,-3.993112,,,1,OECD_EO,,
USA,United States,1982,-6.555945,,,,,-3.780937,,,,-6.5559455,,,1,OECD_EO,,
USA,United States,1983,-7.21141,,,,,-4.263643,,,,-7.2114094,,,1,OECD_EO,,
USA,United States,1984,-6.076602,,,,,-2.969431,,,,-6.0766024,,,1,OECD_EO,,
USA,United States,1985,-6.242785,,,,,-2.633568,,,,-6.2427856,,,1,OECD_EO,,
USA,United States,1986,-6.441991,,,,,-2.808693,,,,-6.4419907,,,1,OECD_EO,,
USA,United States,1987,-5.436442,,,,,-1.530376,,,,-5.4364417,,,1,OECD_EO,,
USA,United States,1988,-4.703187,,,,,-1.063911,,,,-4.7031875,,,1,OECD_EO,,
USA,United States,1989,-4.476769,,,,,-.8021011,,,,-4.4767693,,,1,OECD_EO,,
USA,United States,1990,-5.472754,,,,,-1.643299,-2.9164239,,,-5.4727543,,,1,OECD_EO,,
USA,United States,1991,-6.29092,,,,,-2.720207,-4.1517507,,,-6.2909202,,,1,OECD_EO,,
USA,United States,1992,-7.281874,,,,,-3.981983,-3.9297121,,,-7.2818738,,,1,OECD_EO,,
USA,United States,1993,-6.444168,,,,,-3.354534,-3.135794,,,-6.4441675,,,1,OECD_EO,,
USA,United States,1994,-5.053075,,,,,-2.052113,-2.1530756,,,-5.0530746,,,1,OECD_EO,,
USA,United States,1995,-4.689015,,,,,-1.702034,-1.3581596,,,-4.6890152,,,1,OECD_EO,,
USA,United States,1996,-3.53896,,,,,-.4623718,-.26284741,,,-3.5389594,,,1,OECD_EO,,
USA,United States,1997,-2.097396,,,,,.8838425,1.2564194,,,-2.0973961,,,1,OECD_EO,,
USA,United States,1998,-.9397382,,,,,2.178127,2.6231335,,,-.93973819,,,1,OECD_EO,,
USA,United States,1999,-.5283781,,,,,2.71212,8.7540721,,,-.52837808,,,1,OECD_EO,,
USA,United States,2000,.3055228,,,,,3.619164,3.9985562,,,.30552284,,,1,OECD_EO,,
USA,United States,2001,-1.910769,,,,,-.5442393,-1.9031603,-.544,,-1.9107693,,,1,OECD_EO,,
USA,United States,2002,-5.357924,,,,,-3.821257,-5.3529476,-3.821,,-5.3579234,,,1,OECD_EO,,
USA,United States,2003,-6.487767,,,,,-4.770597,-6.4814257,-4.771,,-6.487767,,,1,OECD_EO,,
USA,United States,2004,-5.815694,,,,,-4.243747,-5.8455911,-4.244,,-5.8156942,,,1,OECD_EO,,
USA,United States,2005,-4.508379,,,,,-3.074997,-4.5444084,-3.075,,-4.5083796,,,1,OECD_EO,,
USA,United States,2006,-3.443204,,,,,-2.036053,-3.4337524,-2.036,,-3.4432043,,,1,OECD_EO,,
USA,United States,2007,-4.101243,,,,,-2.913007,-4.0895839,-2.913,,-4.1012432,,,1,OECD_EO,,
USA,United States,2008,-7.490791,,,,,-6.612479,-7.4692011,-6.612,,-7.4907912,,,1,OECD_EO,,
USA,United States,2009,-13.2382,,,,,-13.17682,-13.215822,-13.177,,-13.238197,,,1,OECD_EO,,
USA,United States,2010,-12.52991,,,,,-10.99253,-12.504965,-10.993,,-12.529908,,,1,OECD_EO,,
USA,United States,2011,-11.09481,,,,,-9.715505,-11.081712,-9.716,,-11.094806,,,1,OECD_EO,,
USA,United States,2012,-9.332386,,,,,-8.11377,-9.2924052,-8.114,,-9.3323862,,,1,OECD_EO,,
USA,United States,2013,-5.954451,,,,,-4.560712,-5.907961,-4.561,,-5.9544509,,,1,OECD_EO,,
USA,United States,2014,-5.332699,,,,,-4.026005,-5.2346806,-4.026,,-5.3326989,,,1,OECD_EO,,
USA,United States,2015,-4.682359,,,,,-3.529511,-4.6433403,-3.53,,-4.6823592,,,1,OECD_EO,,
USA,United States,2016,-5.440542,,,,,-4.356365,-5.4167254,-4.356,,-5.4405422,,,1,OECD_EO,,
USA,United States,2017,-4.471631,,,,,-4.794193,-4.4275809,-4.794,,-4.4716305,,,1,OECD_EO,,
USA,United States,2018,-6.17504,,,,,-5.334867,-6.1192432,-5.335,,-6.1750395,,,1,OECD_EO,,
USA,United States,2019,-6.745026,,,,,-5.800099,-6.7052357,-5.8,,-6.7450255,,,1,OECD_EO,,
USA,United States,2020,-14.97714,,,,,-13.9218,-14.987707,-13.922,,-14.977144,,,1,OECD_EO,,
USA,United States,2021,-11.83958,,,,,-11.0232,-11.958003,-11.023,,-11.839579,,,1,OECD_EO,,
USA,United States,2022,-3.690236,,,,,-3.923736,-3.725081,-3.924,,-3.6902362,,,1,OECD_EO,,
USA,United States,2023,-7.622844,,,,,-7.068111,-8.0180039,,-7.0679998,-7.6228442,,,1,OECD_EO,,
USA,United States,2024,-7.632465,,,,,,,,-7.6290002,-7.6324647,,,1,OECD_EO,,
USA,United States,2025,-7.912043,,,,,,,,-7.323,-7.912043,,,1,OECD_EO,,
USA,United States,2026,-7.930732,,,,,,,,-6.7490001,-7.9307324,,,1,OECD_EO,,
USA,United States,2027,-6.195,,,,,,,,-6.1950002,,,,1,IMF_WEO_forecast,1,2
USA,United States,2028,-6.236,,,,,,,,-6.2360001,,,,1,IMF_WEO_forecast,,
USA,United States,2029,-6.038,,,,,,,,-6.0380001,,,,1,IMF_WEO_forecast,,
UZB,Uzbekistan,1992,7.152,,,,,,,7.152,,,,,1,IMF_WEO,,
UZB,Uzbekistan,1993,-11.952,,,,,,,-11.952,,,,,1,IMF_WEO,,
UZB,Uzbekistan,1994,-4.473,,,,,,,-4.473,,,,,1,IMF_WEO,,
UZB,Uzbekistan,1995,-1.77,,,,,,,-1.77,,,,,1,IMF_WEO,,
UZB,Uzbekistan,1996,-1.571,,,,,,,-1.571,,,,,1,IMF_WEO,,
UZB,Uzbekistan,1997,-2.049,,,,,-2.048985,,-2.049,,,,,1,IMF_WEO,,
UZB,Uzbekistan,1998,-3.039,,,,,-3.039163,,-3.039,,,,,1,IMF_WEO,,
UZB,Uzbekistan,1999,-2.907,,,,,-2.906824,,-2.907,,,,,1,IMF_WEO,,
UZB,Uzbekistan,2000,-3.657,,,,,-3.656908,,-3.657,,,,,1,IMF_WEO,,
UZB,Uzbekistan,2001,-3.278,,,,,-3.278347,,-3.278,,,,,1,IMF_WEO,,
UZB,Uzbekistan,2002,-6.315,,,,,-6.31454,,-6.315,,,,,1,IMF_WEO,,
UZB,Uzbekistan,2003,-4.872,,,,,-4.87195,,-4.872,,,,,1,IMF_WEO,,
UZB,Uzbekistan,2004,-3.741,,,,,-3.741133,,-3.741,,,,,1,IMF_WEO,,
UZB,Uzbekistan,2005,-3.521,,,,,-3.521035,,-3.521,,,,,1,IMF_WEO,,
UZB,Uzbekistan,2006,2.722,,,,,2.722161,,2.722,,,,,1,IMF_WEO,,
UZB,Uzbekistan,2007,3.554,,,,,3.554055,,3.554,,,,,1,IMF_WEO,,
UZB,Uzbekistan,2008,5.971,,,,,5.971,,5.971,,,,,1,IMF_WEO,,
UZB,Uzbekistan,2009,1.819,,,,,1.81866,,1.819,,,,,1,IMF_WEO,,
UZB,Uzbekistan,2010,2.561,,,,,2.561482,,2.561,,,,,1,IMF_WEO,,
UZB,Uzbekistan,2011,5.11,,,,,5.109829,7.2093355,5.11,,,,,1,IMF_WEO,,
UZB,Uzbekistan,2012,5.885,,,,,5.885252,8.4796255,5.885,,,,,1,IMF_WEO,,
UZB,Uzbekistan,2013,2.151,4.9497348,,,,2.151423,4.6816435,2.151,,,,,1,IMF_WEO,,
UZB,Uzbekistan,2014,1.898,4.3334482,,,,1.89812,4.109001,1.898,,,,,1,IMF_WEO,,
UZB,Uzbekistan,2015,-.277,3.2633342,,,,-.2772684,3.0986894,-.277,,,,,1,IMF_WEO,,
UZB,Uzbekistan,2016,.704,3.95359,,,,.7043054,3.7536488,.704,,,,,1,IMF_WEO,,
UZB,Uzbekistan,2017,1.044,1.5145102,,,,1.043851,1.4344524,1.044,,,,,1,IMF_WEO,,
UZB,Uzbekistan,2018,1.639,3.1845035,,,,1.638712,2.7339087,1.639,,,,,1,IMF_WEO,,
UZB,Uzbekistan,2019,-.257,.51407752,,,,-.2572199,.4409915,-.257,,,,,1,IMF_WEO,,
UZB,Uzbekistan,2020,-2.95,-1.4562138,,,,-2.94997,-1.6685246,-2.95,,,,,1,IMF_WEO,,
UZB,Uzbekistan,2021,-4.097,-3.7,,,,-4.096942,-3.3644853,-4.097,,,,,1,IMF_WEO,,
UZB,Uzbekistan,2022,-3.655,,,,,-3.654514,-3.5035935,-3.655,,,,,1,IMF_WEO,,
UZB,Uzbekistan,2023,-4.512244,,,,,-4.018674,-4.5122444,,-4.0190001,,,,1,IMF_GFS,1,2
UZB,Uzbekistan,2024,-3.542,,,,,,,,-3.5420001,,,,1,IMF_WEO_forecast,1,2
UZB,Uzbekistan,2025,-2.542,,,,,,,,-2.5420001,,,,1,IMF_WEO_forecast,,
UZB,Uzbekistan,2026,-2.571,,,,,,,,-2.5710001,,,,1,IMF_WEO_forecast,,
UZB,Uzbekistan,2027,-2.553,,,,,,,,-2.553,,,,1,IMF_WEO_forecast,,
UZB,Uzbekistan,2028,-2.528,,,,,,,,-2.5280001,,,,1,IMF_WEO_forecast,,
UZB,Uzbekistan,2029,-2.508,,,,,,,,-2.5079999,,,,1,IMF_WEO_forecast,,
VCT,Saint Vincent and the Grenadines,1980,-3.61,,,,,,,-3.61,,,,,1,IMF_WEO,,
VCT,Saint Vincent and the Grenadines,1981,-2.678,,,,,,,-2.678,,,,,1,IMF_WEO,,
VCT,Saint Vincent and the Grenadines,1982,.33,,,,,,,.33,,,,,1,IMF_WEO,,
VCT,Saint Vincent and the Grenadines,1983,-1.92,,,,,,,-1.92,,,,,1,IMF_WEO,,
VCT,Saint Vincent and the Grenadines,1984,2.5,,,,,2.500354,,2.5,,,,,1,IMF_WEO,,
VCT,Saint Vincent and the Grenadines,1985,4.228,,,,,4.227975,,4.228,,,,,1,IMF_WEO,,
VCT,Saint Vincent and the Grenadines,1986,2.316,,,,,2.316195,,2.316,,,,,1,IMF_WEO,,
VCT,Saint Vincent and the Grenadines,1987,1.1,,,,,1.100085,,1.1,,,,,1,IMF_WEO,,
VCT,Saint Vincent and the Grenadines,1988,.589,,,,,.5886189,,.589,,,,,1,IMF_WEO,,
VCT,Saint Vincent and the Grenadines,1989,-1.923,,,,,-1.922511,,-1.923,,,,,1,IMF_WEO,,
VCT,Saint Vincent and the Grenadines,1990,1.728,,,,,1.727998,,1.728,,,,,1,IMF_WEO,,
VCT,Saint Vincent and the Grenadines,1991,-.485,,,,,-.485343,,-.485,,,,,1,IMF_WEO,,
VCT,Saint Vincent and the Grenadines,1992,-3.318,,,,,-3.318024,,-3.318,,,,,1,IMF_WEO,,
VCT,Saint Vincent and the Grenadines,1993,-1.496,,,,,-1.49647,,-1.496,,,,,1,IMF_WEO,,
VCT,Saint Vincent and the Grenadines,1994,.124,,,,,.1244466,,.124,,,,,1,IMF_WEO,,
VCT,Saint Vincent and the Grenadines,1995,1.102,,,,,1.10173,,1.102,,,,,1,IMF_WEO,,
VCT,Saint Vincent and the Grenadines,1996,1.585,,,,,1.584537,,1.585,,,,,1,IMF_WEO,,
VCT,Saint Vincent and the Grenadines,1997,-2.808,,,,,-2.807609,,-2.808,,,,,1,IMF_WEO,,
VCT,Saint Vincent and the Grenadines,1998,-1.819,,,,,-1.819485,,-1.819,,,,,1,IMF_WEO,,
VCT,Saint Vincent and the Grenadines,1999,-1.947,,,,,-1.947027,,-1.947,,,,,1,IMF_WEO,,
VCT,Saint Vincent and the Grenadines,2000,-.816,,,,,-.8156099,,-.816,,,,,1,IMF_WEO,,
VCT,Saint Vincent and the Grenadines,2001,-1.595,,,,,-1.595261,,-1.595,,,,,1,IMF_WEO,,
VCT,Saint Vincent and the Grenadines,2002,-1.999,,,,,-1.998614,,-1.999,,,,,1,IMF_WEO,,
VCT,Saint Vincent and the Grenadines,2003,-2.505,,,,,-2.505464,,-2.505,,,,,1,IMF_WEO,,
VCT,Saint Vincent and the Grenadines,2004,-2.708,,,,,-2.7084,,-2.708,,,,,1,IMF_WEO,,
VCT,Saint Vincent and the Grenadines,2005,-4.299,,,,,-4.29884,,-4.299,,,,,1,IMF_WEO,,
VCT,Saint Vincent and the Grenadines,2006,-3.123,,,,,-3.123214,,-3.123,,,,,1,IMF_WEO,,
VCT,Saint Vincent and the Grenadines,2007,-3.069,,,,,-3.06919,,-3.069,,,,,1,IMF_WEO,,
VCT,Saint Vincent and the Grenadines,2008,-1.293,,,,,-1.293227,,-1.293,,,,,1,IMF_WEO,,
VCT,Saint Vincent and the Grenadines,2009,-2.851,,,,,-2.851015,,-2.851,,,,,1,IMF_WEO,,
VCT,Saint Vincent and the Grenadines,2010,-3.695,,,,,-3.694947,,-3.695,,,,,1,IMF_WEO,,
VCT,Saint Vincent and the Grenadines,2011,-3.497,,,,,-3.497323,,-3.497,,,,,1,IMF_WEO,,
VCT,Saint Vincent and the Grenadines,2012,-1.8,,,,,-1.800337,,-1.8,,,,,1,IMF_WEO,,
VCT,Saint Vincent and the Grenadines,2013,-5.817,,,,,-5.817255,,-5.817,,,,,1,IMF_WEO,,
VCT,Saint Vincent and the Grenadines,2014,-2.821,,,,,-2.821088,,-2.821,,,,,1,IMF_WEO,,
VCT,Saint Vincent and the Grenadines,2015,-2.013,,,,,-2.012782,,-2.013,,,,,1,IMF_WEO,,
VCT,Saint Vincent and the Grenadines,2016,.04,,,,,.0395765,,.04,,,,,1,IMF_WEO,,
VCT,Saint Vincent and the Grenadines,2017,-1.562,,,,,-1.561653,,-1.562,,,,,1,IMF_WEO,,
VCT,Saint Vincent and the Grenadines,2018,-1.646,,,,,-1.64583,,-1.646,,,,,1,IMF_WEO,,
VCT,Saint Vincent and the Grenadines,2019,-3.449,,,,,-3.44909,,-3.449,,,,,1,IMF_WEO,,
VCT,Saint Vincent and the Grenadines,2020,-5.917,,,,,-5.917067,,-5.917,,,,,1,IMF_WEO,,
VCT,Saint Vincent and the Grenadines,2021,-7.184,,,,,-7.184373,,-7.184,,,,,1,IMF_WEO,,
VCT,Saint Vincent and the Grenadines,2022,-9.17,,,,,-9.169991,,-9.17,,,,,1,IMF_WEO,,
VCT,Saint Vincent and the Grenadines,2023,-11.68444,,,,,-11.68444,,,-11.684,,,,1,IMF_FPP,1,2
VCT,Saint Vincent and the Grenadines,2024,-10.035,,,,,,,,-10.035,,,,1,IMF_WEO_forecast,1,2
VCT,Saint Vincent and the Grenadines,2025,-4.809,,,,,,,,-4.809,,,,1,IMF_WEO_forecast,,
VCT,Saint Vincent and the Grenadines,2026,-.503,,,,,,,,-.50300002,,,,1,IMF_WEO_forecast,,
VCT,Saint Vincent and the Grenadines,2027,.603,,,,,,,,.60299999,,,,1,IMF_WEO_forecast,,
VCT,Saint Vincent and the Grenadines,2028,.783,,,,,,,,.78299999,,,,1,IMF_WEO_forecast,,
VCT,Saint Vincent and the Grenadines,2029,.883,,,,,,,,.88300002,,,,1,IMF_WEO_forecast,,
VEN,Venezuela,1921,-.9718199,,,,,-.9718199,,,,,,,1,IMF_FPP,,
VEN,Venezuela,1922,1.57481,,,,,1.57481,,,,,,,1,IMF_FPP,,
VEN,Venezuela,1923,1.31694,,,,,1.31694,,,,,,,1,IMF_FPP,,
VEN,Venezuela,1924,.3734102,,,,,.3734102,,,,,,,1,IMF_FPP,,
VEN,Venezuela,1925,.5385599,,,,,.5385599,,,,,,,1,IMF_FPP,,
VEN,Venezuela,1926,.1444397,,,,,.1444397,,,,,,,1,IMF_FPP,,
VEN,Venezuela,1927,1.545,,,,,1.545,,,,,,,1,IMF_FPP,,
VEN,Venezuela,1928,-.6795998,,,,,-.6795998,,,,,,,1,IMF_FPP,,
VEN,Venezuela,1929,-.3353004,,,,,-.3353004,,,,,,,1,IMF_FPP,,
VEN,Venezuela,1930,-2.030499,,,,,-2.030499,,,,,,,1,IMF_FPP,,
VEN,Venezuela,1931,1.01573,,,,,1.01573,,,,,,,1,IMF_FPP,,
VEN,Venezuela,1932,.5065899,,,,,.5065899,,,,,,,1,IMF_FPP,,
VEN,Venezuela,1933,1.02697,,,,,1.02697,,,,,,,1,IMF_FPP,,
VEN,Venezuela,1934,1.33744,,,,,1.33744,,,,,,,1,IMF_FPP,,
VEN,Venezuela,1935,-2.231251,,,,,-2.231251,,,,,,,1,IMF_FPP,,
VEN,Venezuela,1936,-.5236998,,,,,-.5236998,,,,,,,1,IMF_FPP,,
VEN,Venezuela,1937,.7325001,,,,,.7325001,,,,,,,1,IMF_FPP,,
VEN,Venezuela,1938,,,,,,,,,,,,,1,IMF_FPP,,
VEN,Venezuela,1939,,,,,,,,,,,,,1,IMF_FPP,,
VEN,Venezuela,1940,,,,,,,,,,,,,1,IMF_FPP,,
VEN,Venezuela,1941,,,,,,,,,,,,,1,IMF_FPP,,
VEN,Venezuela,1942,,,,,,,,,,,,,1,IMF_FPP,,
VEN,Venezuela,1943,,,,,,,,,,,,,1,IMF_FPP,,
VEN,Venezuela,1944,,,,,,,,,,,,,1,IMF_FPP,,
VEN,Venezuela,1945,,,,,,,,,,,,,1,IMF_FPP,,
VEN,Venezuela,1946,,,,,,,,,,,,,1,IMF_FPP,,
VEN,Venezuela,1947,,,,,,,,,,,,,1,IMF_FPP,,
VEN,Venezuela,1948,,,,,,,,,,,,,1,IMF_FPP,,
VEN,Venezuela,1949,.1529999,,,,,.1529999,,,,,,,1,IMF_FPP,,
VEN,Venezuela,1950,-.2284002,,,,,-.2284002,,,,,,,1,IMF_FPP,,
VEN,Venezuela,1951,-.2354012,,,,,-.2354012,,,,,,,1,IMF_FPP,,
VEN,Venezuela,1952,-.5043011,,,,,-.5043011,,,,,,,1,IMF_FPP,,
VEN,Venezuela,1953,.0299997,,,,,.0299997,,,,,,,1,IMF_FPP,,
VEN,Venezuela,1954,1.8356,,,,,1.8356,,,,,,,1,IMF_FPP,,
VEN,Venezuela,1955,.3772001,,,,,.3772001,,,,,,,1,IMF_FPP,,
VEN,Venezuela,1956,.7575006,,,,,.7575006,,,,,,,1,IMF_FPP,,
VEN,Venezuela,1957,6.695002,,,,,6.695002,,,,,,,1,IMF_FPP,,
VEN,Venezuela,1958,-4.862801,,,,,-4.862801,,,,,,,1,IMF_FPP,,
VEN,Venezuela,1959,-4.9823,,,,,-4.9823,,,,,,,1,IMF_FPP,,
VEN,Venezuela,1960,-4.0846,,,,,-4.0846,,,,,,,1,IMF_FPP,,
VEN,Venezuela,1961,-1.9074,,,,,-1.9074,,,,,,,1,IMF_FPP,,
VEN,Venezuela,1962,2.143299,,,,,2.143299,,,,,,,1,IMF_FPP,,
VEN,Venezuela,1963,1.9156,,,,,1.9156,,,,,,,1,IMF_FPP,,
VEN,Venezuela,1964,1.9139,,,,,1.9139,,,,,,,1,IMF_FPP,,
VEN,Venezuela,1965,.3868008,,,,,.3868008,,,,,,,1,IMF_FPP,,
VEN,Venezuela,1966,.2325001,,,,,.2325001,,,,,,,1,IMF_FPP,,
VEN,Venezuela,1967,.5118999,,,,,.5118999,,,,,,,1,IMF_FPP,,
VEN,Venezuela,1968,-.3178005,,,,,-.3178005,,,,,,,1,IMF_FPP,,
VEN,Venezuela,1969,-2.165199,,,,,-2.165199,,,,,,,1,IMF_FPP,,
VEN,Venezuela,1970,-1.2192,,,,,-1.2192,,,,,,,1,IMF_FPP,,
VEN,Venezuela,1971,.7807007,,,,,.7807007,,,,,,,1,IMF_FPP,,
VEN,Venezuela,1972,.4245987,,,,,.4245987,,,,,,,1,IMF_FPP,,
VEN,Venezuela,1973,1.9795,,,,,1.9795,,,,,,,1,IMF_FPP,,
VEN,Venezuela,1974,2.763397,,,,,2.763397,,,,,,,1,IMF_FPP,,
VEN,Venezuela,1975,.8830032,,,,,.8830032,,,,,,,1,IMF_FPP,,
VEN,Venezuela,1976,1.652599,,,,,1.652599,,,,,,,1,IMF_FPP,,
VEN,Venezuela,1977,-4.691,,,,,-4.691,,,,,,,1,IMF_FPP,,
VEN,Venezuela,1978,-5.4396,,,,,-5.4396,,,,,,,1,IMF_FPP,,
VEN,Venezuela,1979,-3.074501,,,,,-3.074501,,,,,,,1,IMF_FPP,1,2
VEN,Venezuela,1980,,,,,,,,,,,,,1,IMF_WEO,,
VEN,Venezuela,1981,,,,,,,,,,,,,1,IMF_WEO,,
VEN,Venezuela,1982,,,,,,,,,,,,,1,IMF_WEO,,
VEN,Venezuela,1983,,,,,,,,,,,,,1,IMF_WEO,,
VEN,Venezuela,1984,,,,,,,,,,,,,1,IMF_WEO,,
VEN,Venezuela,1985,,,,,,,,,,,,,1,IMF_WEO,,
VEN,Venezuela,1986,,,,,,,,,,,,,1,IMF_WEO,,
VEN,Venezuela,1987,,,,,,,,,,,,,1,IMF_WEO,,
VEN,Venezuela,1988,-9.245,,,,,-9.244697,,-9.245,,,,,1,IMF_WEO,,
VEN,Venezuela,1989,-.907,,,,,-.9074677,,-.907,,,,,1,IMF_WEO,,
VEN,Venezuela,1990,3.838,,,,,3.837692,,3.838,,,,,1,IMF_WEO,,
VEN,Venezuela,1991,-2.276,,,,,-2.27618,,-2.276,,,,,1,IMF_WEO,,
VEN,Venezuela,1992,-6.368,,,,,-6.367894,,-6.368,,,,,1,IMF_WEO,,
VEN,Venezuela,1993,-2.921,,,,,-2.920911,,-2.921,,,,,1,IMF_WEO,,
VEN,Venezuela,1994,-11.187,,,,,-11.18744,,-11.187,,,,,1,IMF_WEO,,
VEN,Venezuela,1995,-5.864,,,,,-5.864384,,-5.864,,,,,1,IMF_WEO,,
VEN,Venezuela,1996,7.94,,,,,7.939883,,7.94,,,,,1,IMF_WEO,,
VEN,Venezuela,1997,2.577,,,,,2.577188,,2.577,,,,,1,IMF_WEO,,
VEN,Venezuela,1998,-4.489,,,,,-4.48935,,-4.489,,,,,1,IMF_WEO,,
VEN,Venezuela,1999,.743,,,,,.7427508,,.743,,,,,1,IMF_WEO,,
VEN,Venezuela,2000,4.45,,,,,4.449625,,4.45,,,,,1,IMF_WEO,,
VEN,Venezuela,2001,-4.593,,,,,-4.593408,,-4.593,,,,,1,IMF_WEO,,
VEN,Venezuela,2002,-1.482,,,,,-1.482312,,-1.482,,,,,1,IMF_WEO,,
VEN,Venezuela,2003,.171,,,,,.1714164,,.171,,,,,1,IMF_WEO,,
VEN,Venezuela,2004,2.47,,,,,2.470453,,2.47,,,,,1,IMF_WEO,,
VEN,Venezuela,2005,4.095,,,,,4.094751,,4.095,,,,,1,IMF_WEO,,
VEN,Venezuela,2006,-1.605,,,,,-1.60465,,-1.605,,,,,1,IMF_WEO,,
VEN,Venezuela,2007,-2.815,,,,,-2.815426,,-2.815,,,,,1,IMF_WEO,,
VEN,Venezuela,2008,-3.461,,,,,-3.461019,,-3.461,,,,,1,IMF_WEO,,
VEN,Venezuela,2009,-8.686,,,,,-8.685966,,-8.686,,,,,1,IMF_WEO,,
VEN,Venezuela,2010,-4.739,,,,,-4.739491,,-4.739,,,,,1,IMF_WEO,,
VEN,Venezuela,2011,-8.244,,,,,-8.243968,,-8.244,,,,,1,IMF_WEO,,
VEN,Venezuela,2012,-9.856,,,,,-9.855844,,-9.856,,,,,1,IMF_WEO,,
VEN,Venezuela,2013,-10.351,,,,,-10.35149,,-10.351,,,,,1,IMF_WEO,,
VEN,Venezuela,2014,-9.808,,,,,-9.808393,,-9.808,,,,,1,IMF_WEO,,
VEN,Venezuela,2015,-8.063,,,,,-8.063352,,-8.063,,,,,1,IMF_WEO,,
VEN,Venezuela,2016,-8.463,,,,,-8.462657,,-8.463,,,,,1,IMF_WEO,1,2
VEN,Venezuela,2017,-13.27311,,,,,-13.27311,,,-13.273,,,,1,IMF_FPP,,
VEN,Venezuela,2018,-30.97603,,,,,-30.97603,,,-30.976,,,,1,IMF_FPP,,
VEN,Venezuela,2019,-10.93433,,,,,-10.93433,,,-10.934,,,,1,IMF_FPP,,
VEN,Venezuela,2020,-6.596736,,,,,-6.596736,,,-6.5970001,,,,1,IMF_FPP,,
VEN,Venezuela,2021,-5.859268,,,,,-5.859268,,,-5.8590002,,,,1,IMF_FPP,,
VEN,Venezuela,2022,-6.836761,,,,,-6.836761,,,-6.8369999,,,,1,IMF_FPP,,
VEN,Venezuela,2023,-4.21872,,,,,-4.21872,,,-4.2189999,,,,1,IMF_FPP,,
VNM,Vietnam,1998,-.099,,,,,-.0990423,,-.099,,,,,1,IMF_WEO,,
VNM,Vietnam,1999,-1.246,,,,,-1.245925,,-1.246,,,,,1,IMF_WEO,,
VNM,Vietnam,2000,-1.605,,,,,-1.605299,,-1.605,,,,,1,IMF_WEO,,
VNM,Vietnam,2001,-2.192,,,,,-2.192237,,-2.192,,,,,1,IMF_WEO,,
VNM,Vietnam,2002,-1.855,,,,,-1.854854,,-1.855,,,,,1,IMF_WEO,,
VNM,Vietnam,2003,-2.559,-1.45637,,,,-2.55855,,-2.559,,,,,1,IMF_WEO,,
VNM,Vietnam,2004,-.15,.15285744,,,,-.1495491,,-.15,,,,,1,IMF_WEO,,
VNM,Vietnam,2005,-.954,-1.0715526,,,,-.9539258,,-.954,,,,,1,IMF_WEO,,
VNM,Vietnam,2006,.201,.44198915,,,,.2005799,,.201,,,,,1,IMF_WEO,,
VNM,Vietnam,2007,-1.739,-1.8100871,,,,-1.738696,,-1.739,,,,,1,IMF_WEO,,
VNM,Vietnam,2008,-.447,-.42614475,,,,-.4471871,,-.447,,,,,1,IMF_WEO,,
VNM,Vietnam,2009,-4.824,-5.9165991,,,,-4.824295,,-4.824,,,,,1,IMF_WEO,,
VNM,Vietnam,2010,-2.251,-2.0914666,,,,-2.250906,,-2.251,,,,,1,IMF_WEO,,
VNM,Vietnam,2011,-.901,-.7659297,,,,-.9009559,,-.901,,,,,1,IMF_WEO,,
VNM,Vietnam,2012,-5.462,-5.3184579,,,,-5.462265,,-5.462,,,,,1,IMF_WEO,,
VNM,Vietnam,2013,-5.964,-5.9181874,,,,-5.964026,,-5.964,,,,,1,IMF_WEO,,
VNM,Vietnam,2014,-5.017,-4.9771038,,,,-5.016689,,-5.017,,,,,1,IMF_WEO,,
VNM,Vietnam,2015,-4.983,-4.9450198,,,,-4.983224,,-4.983,,,,,1,IMF_WEO,,
VNM,Vietnam,2016,-3.164,-3.4516786,,,,-3.163971,,-3.164,,,,,1,IMF_WEO,,
VNM,Vietnam,2017,-1.964,-1.8939275,,,,-1.964007,,-1.964,,,,,1,IMF_WEO,,
VNM,Vietnam,2018,-1.021,-.94610647,,,,-1.021052,,-1.021,,,,,1,IMF_WEO,,
VNM,Vietnam,2019,-.397,-.30047229,,,,-.3967281,,-.397,,,,,1,IMF_WEO,,
VNM,Vietnam,2020,-2.861,-2.8270523,,,,-2.861155,,-2.861,,,,,1,IMF_WEO,,
VNM,Vietnam,2021,-1.432,,,,,-1.431921,,-1.432,,,,,1,IMF_WEO,,
VNM,Vietnam,2022,.6759205,,,,,.6759205,,,.676,,,,1,IMF_FPP,1,2
VNM,Vietnam,2023,-2.463272,,,,,-2.463272,,,-2.4630001,,,,1,IMF_FPP,,
VNM,Vietnam,2024,-2.582,,,,,,,,-2.582,,,,1,IMF_WEO_forecast,1,2
VNM,Vietnam,2025,-2.244,,,,,,,,-2.244,,,,1,IMF_WEO_forecast,,
VNM,Vietnam,2026,-2.124,,,,,,,,-2.1240001,,,,1,IMF_WEO_forecast,,
VNM,Vietnam,2027,-1.966,,,,,,,,-1.966,,,,1,IMF_WEO_forecast,,
VNM,Vietnam,2028,-1.869,,,,,,,,-1.869,,,,1,IMF_WEO_forecast,,
VNM,Vietnam,2029,-1.81,,,,,,,,-1.8099999,,,,1,IMF_WEO_forecast,,
VUT,Vanuatu,1991,-2.807,,,,,-2.807336,,-2.807,,,,,1,IMF_WEO,,
VUT,Vanuatu,1992,-2.323,,,,,-2.323453,,-2.323,,,,,1,IMF_WEO,,
VUT,Vanuatu,1993,-3.669,,,,,-3.668921,,-3.669,,,,,1,IMF_WEO,,
VUT,Vanuatu,1994,-1.493,,,,,-1.493169,,-1.493,,,,,1,IMF_WEO,,
VUT,Vanuatu,1995,-2.586,,,,,-2.586387,,-2.586,,,,,1,IMF_WEO,,
VUT,Vanuatu,1996,-1.777,,,,,-1.77715,,-1.777,,,,,1,IMF_WEO,,
VUT,Vanuatu,1997,-.507,,,,,-.5072994,,-.507,,,,,1,IMF_WEO,,
VUT,Vanuatu,1998,-6.646,,,,,-6.646459,,-6.646,,,,,1,IMF_WEO,,
VUT,Vanuatu,1999,-.552,,,,,-.5521125,,-.552,,,,,1,IMF_WEO,,
VUT,Vanuatu,2000,-6.276,,,,,-6.275682,,-6.276,,,,,1,IMF_WEO,,
VUT,Vanuatu,2001,-3.326,,,,,-3.326088,,-3.326,,,,,1,IMF_WEO,,
VUT,Vanuatu,2002,-3.634,,,,,-3.633901,,-3.634,,,,,1,IMF_WEO,,
VUT,Vanuatu,2003,-1.348,,,,,-1.348153,,-1.348,,,,,1,IMF_WEO,,
VUT,Vanuatu,2004,.8,,,,,.7999297,,.8,,,,,1,IMF_WEO,,
VUT,Vanuatu,2005,1.857,,,,,1.856788,,1.857,,,,,1,IMF_WEO,,
VUT,Vanuatu,2006,.486,,,,,.4858671,,.486,,,,,1,IMF_WEO,,
VUT,Vanuatu,2007,.276,,,,,.2758138,,.276,,,,,1,IMF_WEO,,
VUT,Vanuatu,2008,-.043,,,,,-.0430984,,-.043,,,,,1,IMF_WEO,,
VUT,Vanuatu,2009,-.846,,,,,-.8455981,,-.846,,,,,1,IMF_WEO,,
VUT,Vanuatu,2010,-2.628,,,,,-2.628162,,-2.628,,,,,1,IMF_WEO,,
VUT,Vanuatu,2011,-2.192,,,,,-2.192149,,-2.192,,,,,1,IMF_WEO,,
VUT,Vanuatu,2012,-1.7,-1.7066438,,,,-1.699818,,-1.7,,,,,1,IMF_WEO,,
VUT,Vanuatu,2013,-.246,-.20040212,,,,-.2456341,,-.246,,,,,1,IMF_WEO,,
VUT,Vanuatu,2014,1.438,1.2181353,,,,1.437892,,1.438,,,,,1,IMF_WEO,,
VUT,Vanuatu,2015,-8.997,7.1795322,,,,-8.997458,,-8.997,,,,,1,IMF_WEO,,
VUT,Vanuatu,2016,-.742,-.33291227,,,,-.7419128,,-.742,,,,,1,IMF_WEO,,
VUT,Vanuatu,2017,-1.2,2.2497191,,,,-1.200085,,-1.2,,,,,1,IMF_WEO,,
VUT,Vanuatu,2018,6.255,8.4079348,,,,6.255011,,6.255,,,,,1,IMF_WEO,,
VUT,Vanuatu,2019,2.811,6.9535598,,,,2.811168,,2.811,,,,,1,IMF_WEO,,
VUT,Vanuatu,2020,-1.947,.25452546,,,,-1.947212,,-1.947,,,,,1,IMF_WEO,,
VUT,Vanuatu,2021,2.38,-1.6063689,,,,2.380349,,2.38,,,,,1,IMF_WEO,,
VUT,Vanuatu,2022,-6.712158,,,,,-6.712158,,,-6.7119999,,,,1,IMF_FPP,1,2
VUT,Vanuatu,2023,-3.583266,,,,,-3.583266,,,-3.5829999,,,,1,IMF_FPP,,
VUT,Vanuatu,2024,-6.72,,,,,,,,-6.7199998,,,,1,IMF_WEO_forecast,1,2
VUT,Vanuatu,2025,-5.384,,,,,,,,-5.3839998,,,,1,IMF_WEO_forecast,,
VUT,Vanuatu,2026,-4.232,,,,,,,,-4.2319999,,,,1,IMF_WEO_forecast,,
VUT,Vanuatu,2027,-3.964,,,,,,,,-3.964,,,,1,IMF_WEO_forecast,,
VUT,Vanuatu,2028,-3.408,,,,,,,,-3.408,,,,1,IMF_WEO_forecast,,
VUT,Vanuatu,2029,-3.382,,,,,,,,-3.382,,,,1,IMF_WEO_forecast,,
WSM,Samoa,1992,-9.886,,,,,,,-9.886,,,,,1,IMF_WEO,,
WSM,Samoa,1993,-13.169,,,,,,,-13.169,,,,,1,IMF_WEO,,
WSM,Samoa,1994,-9.505,,,,,,,-9.505,,,,,1,IMF_WEO,,
WSM,Samoa,1995,-5.824,,,,,,,-5.824,,,,,1,IMF_WEO,,
WSM,Samoa,1996,1.213,,,,,,,1.213,,,,,1,IMF_WEO,,
WSM,Samoa,1997,1.921,,,,,,,1.921,,,,,1,IMF_WEO,,
WSM,Samoa,1998,1.637,,,,,,,1.637,,,,,1,IMF_WEO,,
WSM,Samoa,1999,.274,,,,,,,.274,,,,,1,IMF_WEO,,
WSM,Samoa,2000,-.616,,,,,,,-.616,,,,,1,IMF_WEO,,
WSM,Samoa,2001,-1.957,,,,,,,-1.957,,,,,1,IMF_WEO,,
WSM,Samoa,2002,-1.77,,,,,,,-1.77,,,,,1,IMF_WEO,,
WSM,Samoa,2003,-.512,,,,,,,-.512,,,,,1,IMF_WEO,,
WSM,Samoa,2004,-.743,,,,,,,-.743,,,,,1,IMF_WEO,,
WSM,Samoa,2005,.231,,,,,,,.231,,,,,1,IMF_WEO,,
WSM,Samoa,2006,-.444,,,,,,,-.444,,,,,1,IMF_WEO,,
WSM,Samoa,2007,.546,,,,,,,.546,,,,,1,IMF_WEO,,
WSM,Samoa,2008,-.356,,,,,,,-.356,,,,,1,IMF_WEO,,
WSM,Samoa,2009,-2.982,,,,,,,-2.982,,,,,1,IMF_WEO,,
WSM,Samoa,2010,-5.486,,,,,,,-5.486,,,,,1,IMF_WEO,,
WSM,Samoa,2011,-5.25,,,,,,,-5.25,,,,,1,IMF_WEO,,
WSM,Samoa,2012,-7.43,-8.1302427,,,,,-7.9976629,-7.43,,,,,1,IMF_WEO,,
WSM,Samoa,2013,-3.817,-3.9117927,,,,,-3.7759269,-3.817,,,,,1,IMF_WEO,,
WSM,Samoa,2014,-5.376,-4.7635912,,,,,-4.52575,-5.376,,,,,1,IMF_WEO,,
WSM,Samoa,2015,-3.787,-3.6670275,,,,,-3.5075041,-3.787,,,,,1,IMF_WEO,,
WSM,Samoa,2016,-.346,.7166674,,,,,.67883269,-.346,,,,,1,IMF_WEO,,
WSM,Samoa,2017,-1.977,-.6419781,,,,,2.7570522,-1.977,,,,,1,IMF_WEO,,
WSM,Samoa,2018,.057,1.3080495,,,,,.96301496,.057,,,,,1,IMF_WEO,,
WSM,Samoa,2019,1.507,2.7070635,,,,,4.4070204,1.507,,,,,1,IMF_WEO,,
WSM,Samoa,2020,5.408,6.0191825,,,,,7.6385421,5.408,,,,,1,IMF_WEO,,
WSM,Samoa,2021,1.745,1.7423744,,,,,.98368515,1.745,,,,,1,IMF_WEO,,
WSM,Samoa,2022,5.369,5.3475744,,,,,6.5591833,5.369,,,,,1,IMF_WEO,,
WSM,Samoa,2023,4.907176,3.043532,,,,,4.9071766,,3.0439999,,,,1,IMF_GFS,1,2
WSM,Samoa,2024,1.345,,,,,,,,1.345,,,,1,IMF_WEO_forecast,1,2
WSM,Samoa,2025,-2.146,,,,,,,,-2.1459999,,,,1,IMF_WEO_forecast,,
WSM,Samoa,2026,-2.257,,,,,,,,-2.257,,,,1,IMF_WEO_forecast,,
WSM,Samoa,2027,-2.269,,,,,,,,-2.2690001,,,,1,IMF_WEO_forecast,,
WSM,Samoa,2028,-2.262,,,,,,,,-2.2620001,,,,1,IMF_WEO_forecast,,
WSM,Samoa,2029,-2.275,,,,,,,,-2.2750001,,,,1,IMF_WEO_forecast,,
XKX,Kosovo,2000,-3.153,,,,,,,-3.153,,,,,1,IMF_WEO,,
XKX,Kosovo,2001,2.922,,,,,,,2.922,,,,,1,IMF_WEO,,
XKX,Kosovo,2002,3.395,,,,,,,3.395,,,,,1,IMF_WEO,,
XKX,Kosovo,2003,1.57,,,,,,,1.57,,,,,1,IMF_WEO,,
XKX,Kosovo,2004,-4.619,,,,,,,-4.619,,,,,1,IMF_WEO,,
XKX,Kosovo,2005,-2.286,,,,,,,-2.286,,,,,1,IMF_WEO,,
XKX,Kosovo,2006,2.644,,,,,,,2.644,,,,,1,IMF_WEO,,
XKX,Kosovo,2007,6.683,,,,,,,6.683,,,,,1,IMF_WEO,,
XKX,Kosovo,2008,.039,,,,,,,.039,,,,,1,IMF_WEO,,
XKX,Kosovo,2009,1.618,,,,,,,1.618,,,,,1,IMF_WEO,,
XKX,Kosovo,2010,-1.009,,,,,,,-1.009,,,,,1,IMF_WEO,,
XKX,Kosovo,2011,-1.036,,,,,,-1.2315898,-1.036,,,,,1,IMF_WEO,,
XKX,Kosovo,2012,-2.674,,,,,,-2.1005566,-2.674,,,,,1,IMF_WEO,,
XKX,Kosovo,2013,-3.42,,,,,,-3.3973537,-3.42,,,,,1,IMF_WEO,,
XKX,Kosovo,2014,-2.65,,,,,,-2.6407016,-2.65,,,,,1,IMF_WEO,,
XKX,Kosovo,2015,-2.116,,,,,,-1.852002,-2.116,,,,,1,IMF_WEO,,
XKX,Kosovo,2016,-1.709,,,,,,-1.2677853,-1.709,,,,,1,IMF_WEO,,
XKX,Kosovo,2017,-1.426,,,,,,-1.1802092,-1.426,,,,,1,IMF_WEO,,
XKX,Kosovo,2018,-2.861,,,,,,-2.5262448,-2.861,,,,,1,IMF_WEO,,
XKX,Kosovo,2019,-2.927,,,,,,-2.7311355,-2.927,,,,,1,IMF_WEO,,
XKX,Kosovo,2020,-7.811,,,,,,-7.5304835,-7.811,,,,,1,IMF_WEO,,
XKX,Kosovo,2021,-1.244,,,,,,-.75562889,-1.244,,,,,1,IMF_WEO,,
XKX,Kosovo,2022,-.74,,,,,,-2.6750698,-.74,,,,,1,IMF_WEO,,
XKX,Kosovo,2023,-.1667696,,,,,,-.16676958,,-.237,,,,1,IMF_GFS,1,2
XKX,Kosovo,2024,-1.304,,,,,,,,-1.304,,,,1,IMF_WEO_forecast,1,2
XKX,Kosovo,2025,-2.115,,,,,,,,-2.115,,,,1,IMF_WEO_forecast,,
XKX,Kosovo,2026,-2.044,,,,,,,,-2.0439999,,,,1,IMF_WEO_forecast,,
XKX,Kosovo,2027,-2.007,,,,,,,,-2.007,,,,1,IMF_WEO_forecast,,
XKX,Kosovo,2028,-1.965,,,,,,,,-1.965,,,,1,IMF_WEO_forecast,,
XKX,Kosovo,2029,-2.04,,,,,,,,-2.04,,,,1,IMF_WEO_forecast,,
YEM,Yemen,1990,-10.273,,,,,-10.27349,,-10.273,,,,,1,IMF_WEO,,
YEM,Yemen,1991,-5.762,,,,,-5.761654,,-5.762,,,,,1,IMF_WEO,,
YEM,Yemen,1992,-10.905,,,,,-10.90483,,-10.905,,,,,1,IMF_WEO,,
YEM,Yemen,1993,-12.796,,,,,-12.79583,,-12.796,,,,,1,IMF_WEO,,
YEM,Yemen,1994,-14.027,,,,,-14.02726,,-14.027,,,,,1,IMF_WEO,,
YEM,Yemen,1995,-5.739,,,,,-5.739307,,-5.739,,,,,1,IMF_WEO,,
YEM,Yemen,1996,-.918,,,,,-.9179322,,-.918,,,,,1,IMF_WEO,,
YEM,Yemen,1997,-1.502,,,,,-1.502049,,-1.502,,,,,1,IMF_WEO,,
YEM,Yemen,1998,-7.771,,,,,-7.771003,,-7.771,,,,,1,IMF_WEO,,
YEM,Yemen,1999,.06,,,,,.0601753,,.06,,,,,1,IMF_WEO,,
YEM,Yemen,2000,6.087,,,,,6.087322,,6.087,,,,,1,IMF_WEO,,
YEM,Yemen,2001,2.787,,,,,2.787015,,2.787,,,,,1,IMF_WEO,,
YEM,Yemen,2002,-.555,,,,,-.5554825,.54792128,-.555,,,,,1,IMF_WEO,,
YEM,Yemen,2003,-4.201,,,,,-4.200716,-2.4380637,-4.201,,,,,1,IMF_WEO,,
YEM,Yemen,2004,-2.152,,,,,-2.152456,-.57897632,-2.152,,,,,1,IMF_WEO,,
YEM,Yemen,2005,-1.822,,,,,-1.821754,.14215361,-1.822,,,,,1,IMF_WEO,,
YEM,Yemen,2006,1.186,,,,,1.186181,3.0205278,1.186,,,,,1,IMF_WEO,,
YEM,Yemen,2007,-7.183,,,,,-7.183132,-5.4181653,-7.183,,,,,1,IMF_WEO,,
YEM,Yemen,2008,-4.532,,,,,-4.531695,-3.0631021,-4.532,,,,,1,IMF_WEO,,
YEM,Yemen,2009,-10.211,,,,,-10.21098,-8.6662271,-10.211,,,,,1,IMF_WEO,,
YEM,Yemen,2010,-4.058,,,,,-4.058459,-3.184337,-4.058,,,,,1,IMF_WEO,,
YEM,Yemen,2011,-4.507,,,,,-4.506748,-8.8529532,-4.507,,,,,1,IMF_WEO,,
YEM,Yemen,2012,-6.315,,,,,-6.315176,-6.2658919,-6.315,,,,,1,IMF_WEO,1,4
YEM,Yemen,2013,-7.916412,,-7.916412,,,-6.897119,,-6.897,,,,,1,AMF,,
YEM,Yemen,2014,-4.703559,,-4.703559,,,-4.136084,,-4.136,,,,,1,AMF,,
YEM,Yemen,2015,-14.93933,,-14.93933,,,-8.749793,,-8.75,,,,,1,AMF,,
YEM,Yemen,2016,-12.95172,,-12.95172,,,-8.507021,,-8.507,,,,,1,AMF,,
YEM,Yemen,2017,-9.063377,,-9.063377,,,-4.904564,,-4.905,,,,,1,AMF,,
YEM,Yemen,2018,-15.71199,,-15.71199,,,-7.847147,,-7.847,,,,,1,AMF,,
YEM,Yemen,2019,-5.886,,,,,-5.885731,,-5.886,,,,,1,IMF_WEO,1,4
YEM,Yemen,2020,-4.463,,,,,-4.462561,,-4.463,,,,,1,IMF_WEO,,
YEM,Yemen,2021,-.918,,,,,-.9183582,,-.918,,,,,1,IMF_WEO,,
YEM,Yemen,2022,-2.673744,,,,,-2.673744,,,-2.674,,,,1,IMF_FPP,1,4
YEM,Yemen,2023,-6.109795,,,,,-6.109795,,,-6.1100001,,,,1,IMF_FPP,,
YEM,Yemen,2024,-3.539,,,,,,,,-3.539,,,,1,IMF_WEO_forecast,1,4
YEM,Yemen,2025,-3.994,,,,,,,,-3.994,,,,1,IMF_WEO_forecast,,
YEM,Yemen,2026,-4.898,,,,,,,,-4.8979998,,,,1,IMF_WEO_forecast,,
YEM,Yemen,2027,-1.921,,,,,,,,-1.921,,,,1,IMF_WEO_forecast,,
YEM,Yemen,2028,-1.67,,,,,,,,-1.67,,,,1,IMF_WEO_forecast,,
YEM,Yemen,2029,-1.719,,,,,,,,-1.719,,,,1,IMF_WEO_forecast,,
ZAF,South Africa,1913,-4.151,,,,,-4.151,,,,,,,1,IMF_FPP,,
ZAF,South Africa,1914,-11.6171,,,,,-11.6171,,,,,,,1,IMF_FPP,,
ZAF,South Africa,1915,-10.7492,,,,,-10.7492,,,,,,,1,IMF_FPP,,
ZAF,South Africa,1916,-2.5656,,,,,-2.5656,,,,,,,1,IMF_FPP,,
ZAF,South Africa,1917,-3.52,,,,,-3.52,,,,,,,1,IMF_FPP,,
ZAF,South Africa,1918,-3.7019,,,,,-3.7019,,,,,,,1,IMF_FPP,,
ZAF,South Africa,1919,-2.6036,,,,,-2.6036,,,,,,,1,IMF_FPP,,
ZAF,South Africa,1920,-5.5198,,,,,-5.5198,,,,,,,1,IMF_FPP,,
ZAF,South Africa,1921,-5.376801,,,,,-5.376801,,,,,,,1,IMF_FPP,,
ZAF,South Africa,1922,-4.510301,,,,,-4.510301,,,,,,,1,IMF_FPP,,
ZAF,South Africa,1923,-5.534501,,,,,-5.534501,,,,,,,1,IMF_FPP,,
ZAF,South Africa,1924,-4.717299,,,,,-4.717299,,,,,,,1,IMF_FPP,,
ZAF,South Africa,1925,-4.9162,,,,,-4.9162,,,,,,,1,IMF_FPP,,
ZAF,South Africa,1926,-4.756699,,,,,-4.756699,,,,,,,1,IMF_FPP,,
ZAF,South Africa,1927,-3.7931,,,,,-3.7931,,,,,,,1,IMF_FPP,,
ZAF,South Africa,1928,-3.294499,,,,,-3.294499,,,,,,,1,IMF_FPP,,
ZAF,South Africa,1929,-4.4073,,,,,-4.4073,,,,,,,1,IMF_FPP,,
ZAF,South Africa,1930,-5.190599,,,,,-5.190599,,,,,,,1,IMF_FPP,,
ZAF,South Africa,1931,-5.3119,,,,,-5.3119,,,,,,,1,IMF_FPP,,
ZAF,South Africa,1932,-4.721,,,,,-4.721,,,,,,,1,IMF_FPP,,
ZAF,South Africa,1933,-3.314501,,,,,-3.314501,,,,,,,1,IMF_FPP,,
ZAF,South Africa,1934,-3.2946,,,,,-3.2946,,,,,,,1,IMF_FPP,,
ZAF,South Africa,1935,-3.197599,,,,,-3.197599,,,,,,,1,IMF_FPP,,
ZAF,South Africa,1936,-2.5815,,,,,-2.5815,,,,,,,1,IMF_FPP,,
ZAF,South Africa,1937,-2.1621,,,,,-2.1621,,,,,,,1,IMF_FPP,,
ZAF,South Africa,1938,-3.91,,,,,-3.91,,,,,,,1,IMF_FPP,,
ZAF,South Africa,1939,-2.959701,,,,,-2.959701,,,,,,,1,IMF_FPP,,
ZAF,South Africa,1940,-10.922,,,,,-10.922,,,,,,,1,IMF_FPP,,
ZAF,South Africa,1941,-7.3004,,,,,-7.3004,,,,,,,1,IMF_FPP,,
ZAF,South Africa,1942,-9.0777,,,,,-9.0777,,,,,,,1,IMF_FPP,,
ZAF,South Africa,1943,-8.4872,,,,,-8.4872,,,,,,,1,IMF_FPP,,
ZAF,South Africa,1944,-8.9443,,,,,-8.9443,,,,,,,1,IMF_FPP,,
ZAF,South Africa,1945,-7.405899,,,,,-7.405899,,,,,,,1,IMF_FPP,,
ZAF,South Africa,1946,-4.031799,,,,,-4.031799,,,,,,,1,IMF_FPP,,
ZAF,South Africa,1947,-1.821201,,,,,-1.821201,,,,,,,1,IMF_FPP,,
ZAF,South Africa,1948,-6.034899,,,,,-6.034899,,,,,,,1,IMF_FPP,,
ZAF,South Africa,1949,-6.865499,,,,,-6.865499,,,,,,,1,IMF_FPP,,
ZAF,South Africa,1950,-2.330399,,,,,-2.330399,,,,,,,1,IMF_FPP,,
ZAF,South Africa,1951,-.396801,,,,,-.396801,,,,,,,1,IMF_FPP,,
ZAF,South Africa,1952,-4.139801,,,,,-4.139801,,,,,,,1,IMF_FPP,,
ZAF,South Africa,1953,-3.7178,,,,,-3.7178,,,,,,,1,IMF_FPP,,
ZAF,South Africa,1954,-2.531401,,,,,-2.531401,,,,,,,1,IMF_FPP,,
ZAF,South Africa,1955,-2.897699,,,,,-2.897699,,,,,,,1,IMF_FPP,,
ZAF,South Africa,1956,-2.118299,,,,,-2.118299,,,,,,,1,IMF_FPP,,
ZAF,South Africa,1957,-2.8019,,,,,-2.8019,,,,,,,1,IMF_FPP,,
ZAF,South Africa,1958,-3.4993,,,,,-3.4993,,,,,,,1,IMF_FPP,,
ZAF,South Africa,1959,-4.400901,,,,,-4.400901,,,,,,,1,IMF_FPP,,
ZAF,South Africa,1960,-2.363999,,,,,-2.363999,,,,,,,1,IMF_FPP,,
ZAF,South Africa,1961,-3.2538,,,,,-3.2538,,,,,,,1,IMF_FPP,,
ZAF,South Africa,1962,-1.403,,,,,-1.403,,,,,,,1,IMF_FPP,,
ZAF,South Africa,1963,-2.2648,,,,,-2.2648,,,,,,,1,IMF_FPP,,
ZAF,South Africa,1964,-1.1862,,,,,-1.1862,,,,,,,1,IMF_FPP,,
ZAF,South Africa,1965,-3.152501,,,,,-3.152501,,,,,,,1,IMF_FPP,,
ZAF,South Africa,1966,-3.035601,,,,,-3.035601,,,,,,,1,IMF_FPP,,
ZAF,South Africa,1967,-3.797,,,,,-3.797,,,,,,,1,IMF_FPP,,
ZAF,South Africa,1968,-3.375101,,,,,-3.375101,,,,,,,1,IMF_FPP,,
ZAF,South Africa,1969,-3.939399,,,,,-3.939399,,,,,,,1,IMF_FPP,,
ZAF,South Africa,1970,-3.1894,,,,,-3.1894,,,,,,,1,IMF_FPP,,
ZAF,South Africa,1971,-1.956301,,,,,-1.956301,,,,,,,1,IMF_FPP,,
ZAF,South Africa,1972,-5.390699,,,,,-5.390699,,,,,,,1,IMF_FPP,,
ZAF,South Africa,1973,-4.539701,,,,,-4.539701,,,,,,,1,IMF_FPP,,
ZAF,South Africa,1974,-1.499401,,,,,-1.499401,,,,,,,1,IMF_FPP,,
ZAF,South Africa,1975,-2.6245,,,,,-2.6245,,,,,,,1,IMF_FPP,,
ZAF,South Africa,1976,-4.189199,,,,,-4.189199,,,,,,,1,IMF_FPP,1,3
ZAF,South Africa,1977,-2.568712,,,,,,-2.5687122,,,,,,1,IMF_GFS,,
ZAF,South Africa,1978,-1.540249,,,,,,-1.5402495,,,,,,1,IMF_GFS,,
ZAF,South Africa,1979,-.9179549,,,,,,-.91795485,,,,,,1,IMF_GFS,,
ZAF,South Africa,1980,1.043987,,,,,-1.912899,1.0439868,,,,,,1,IMF_GFS,,
ZAF,South Africa,1981,-1.493781,,,,,-3.7162,-1.4937811,,,,,,1,IMF_GFS,,
ZAF,South Africa,1982,-2.194552,,,,,-3.880499,-2.1945518,,,,,,1,IMF_GFS,,
ZAF,South Africa,1983,-3.721746,,,,,-5.2994,-3.7217456,,,,,,1,IMF_GFS,,
ZAF,South Africa,1984,-3.210687,,,,,-5.2449,-3.2106868,,,,,,1,IMF_GFS,,
ZAF,South Africa,1985,-2.922892,,,,,-4.859001,-2.9228924,,,,,,1,IMF_GFS,,
ZAF,South Africa,1986,-4.733381,,,,,-5.6896,-4.7333806,,,,,,1,IMF_GFS,,
ZAF,South Africa,1987,-4.90309,,,,,-6.3556,-4.9030897,,,,,,1,IMF_GFS,,
ZAF,South Africa,1988,-4.16941,,,,,-3.2918,-4.1694103,,,,,,1,IMF_GFS,,
ZAF,South Africa,1989,-.5910482,,,,,-8.3043,-.59104821,,,,,,1,IMF_GFS,,
ZAF,South Africa,1990,-3.095726,,,,,-3.8244,-3.0957255,,,,,,1,IMF_GFS,,
ZAF,South Africa,1991,-3.186107,,,,,-4.849701,-3.1861069,,,,,,1,IMF_GFS,,
ZAF,South Africa,1992,-7.724029,,,,,-7.092499,-7.724029,,,,,,1,IMF_GFS,,
ZAF,South Africa,1993,-8.115486,,,,,-8.541901,-8.1154858,,,,,,1,IMF_GFS,,
ZAF,South Africa,1994,-5.263515,,,,,-8.0893,-5.2635151,,,,,,1,IMF_GFS,1,3
ZAF,South Africa,1995,-3.119797,,,,,-4.378698,,,,-3.1197974,,,1,OECD_EO,,
ZAF,South Africa,1996,-3.81886,,,,,-4.531099,-5.3845453,,,-3.8188602,,,1,OECD_EO,,
ZAF,South Africa,1997,-3.709725,,,,,-4.0832,-4.3083177,,,-3.7097247,,,1,OECD_EO,,
ZAF,South Africa,1998,-2.790868,,,,,-2.5592,-2.4862457,,,-2.7908675,,,1,OECD_EO,,
ZAF,South Africa,1999,-1.986403,,,,,-2.2122,-1.5488446,,,-1.986403,,,1,OECD_EO,,
ZAF,South Africa,2000,-2.148544,,,,,-1.382775,-1.954948,-1.383,,-2.1485444,,,1,OECD_EO,,
ZAF,South Africa,2001,-1.296781,,,,,-1.015464,-.87808903,-1.015,,-1.2967815,,,1,OECD_EO,,
ZAF,South Africa,2002,-1.73997,,,,,-.9581475,-2.0168607,-.958,,-1.7399702,,,1,OECD_EO,,
ZAF,South Africa,2003,-2.348847,,,,,-1.588173,-2.6322237,-1.588,,-2.3488473,,,1,OECD_EO,,
ZAF,South Africa,2004,-2.396662,,,,,-1.043937,-2.0646525,-1.044,,-2.3966616,,,1,OECD_EO,,
ZAF,South Africa,2005,-1.2767,,,,,-.1015067,-.29994556,-.102,,-1.2766997,,,1,OECD_EO,,
ZAF,South Africa,2006,-.8839066,,,,,.8133028,.76030548,.813,,-.8839066,,,1,OECD_EO,,
ZAF,South Africa,2007,-.3682043,,,,,1.215315,-.00732959,1.215,,-.36820434,,,1,OECD_EO,,
ZAF,South Africa,2008,-.9279733,,,,,-.4879396,-1.3398141,-.488,,-.92797332,,,1,OECD_EO,,
ZAF,South Africa,2009,-3.348533,,,,,-4.667334,-7.2323693,-4.667,,-3.3485327,,,1,OECD_EO,,
ZAF,South Africa,2010,-3.144475,,,,,-4.514151,-4.5152627,-4.514,,-3.1444752,,,1,OECD_EO,,
ZAF,South Africa,2011,-3.392558,,,,,-3.704275,-6.0668739,-3.704,,-3.392558,,,1,OECD_EO,,
ZAF,South Africa,2012,-4.034225,,,,,-4.039474,-4.5576105,-4.039,,-4.0342251,,,1,OECD_EO,,
ZAF,South Africa,2013,-3.665277,,,,,-3.904196,-3.9560677,-3.904,,-3.6652766,,,1,OECD_EO,,
ZAF,South Africa,2014,-3.989745,,,,,-3.926334,-4.122877,-3.926,,-3.9897452,,,1,OECD_EO,,
ZAF,South Africa,2015,-3.672124,,,,,-4.373993,-5.3677124,-4.374,,-3.6721244,,,1,OECD_EO,,
ZAF,South Africa,2016,-3.960013,,,,,-3.724993,-4.1712319,-3.725,,-3.9600134,,,1,OECD_EO,,
ZAF,South Africa,2017,-4.330421,,,,,-4.015834,-5.2433141,-4.016,,-4.3304209,,,1,OECD_EO,,
ZAF,South Africa,2018,-3.653161,,,,,-3.73226,-6.0701877,-3.732,,-3.6531614,,,1,OECD_EO,,
ZAF,South Africa,2019,-5.079547,,,,,-5.072103,-6.1647377,-5.072,,-5.0795468,,,1,OECD_EO,,
ZAF,South Africa,2020,-10.51368,,,,,-9.621385,-9.8735877,-9.621,,-10.513683,,,1,OECD_EO,,
ZAF,South Africa,2021,-6.606463,,,,,-5.523983,-4.8762135,-5.524,,-6.6064627,,,1,OECD_EO,,
ZAF,South Africa,2022,-5.042323,,,,,-4.255891,-4.147766,,-4.256,-5.0423229,,,1,OECD_EO,,
ZAF,South Africa,2023,-6.597599,,,,,-5.842987,-4.0840489,,-5.8429999,-6.5975992,,,1,OECD_EO,,
ZAF,South Africa,2024,-5.53273,,,,,,,,-6.2290001,-5.5327299,,,1,OECD_EO,,
ZAF,South Africa,2025,-6.409427,,,,,,,,-6.3470001,-6.4094274,,,1,OECD_EO,,
ZAF,South Africa,2026,-4.316744,,,,,,,,-5.414,-4.3167438,,,1,OECD_EO,,
ZAF,South Africa,2027,-5.112,,,,,,,,-5.112,,,,1,IMF_WEO_forecast,1,3
ZAF,South Africa,2028,-5.096,,,,,,,,-5.0960002,,,,1,IMF_WEO_forecast,,
ZAF,South Africa,2029,-5.102,,,,,,,,-5.1020002,,,,1,IMF_WEO_forecast,,
ZMB,Zambia,2000,1.161,,,,,,,1.161,,,,,1,IMF_WEO,,
ZMB,Zambia,2001,-5.892,,,,,,,-5.892,,,,,1,IMF_WEO,,
ZMB,Zambia,2002,-4.499,,,,,,,-4.499,,,,,1,IMF_WEO,,
ZMB,Zambia,2003,-5.314,,,,,,,-5.314,,,,,1,IMF_WEO,,
ZMB,Zambia,2004,-2.508,,,,,,,-2.508,,,,,1,IMF_WEO,,
ZMB,Zambia,2005,-2.372,,,,,,,-2.372,,,,,1,IMF_WEO,,
ZMB,Zambia,2006,16.913,,,,,,,16.913,,,,,1,IMF_WEO,,
ZMB,Zambia,2007,-1.037,,,,,,,-1.037,,,,,1,IMF_WEO,,
ZMB,Zambia,2008,-.668,,,,,,,-.668,,,,,1,IMF_WEO,,
ZMB,Zambia,2009,-2.057,,,,,,,-2.057,,,,,1,IMF_WEO,,
ZMB,Zambia,2010,-2.432,,,,,,,-2.432,,,,,1,IMF_WEO,,
ZMB,Zambia,2011,-1.783,,,,,,,-1.783,,,,,1,IMF_WEO,,
ZMB,Zambia,2012,-3.157,,,,,,,-3.157,,,,,1,IMF_WEO,,
ZMB,Zambia,2013,-6.395,,,,,,,-6.395,,,,,1,IMF_WEO,,
ZMB,Zambia,2014,-5.433,,,,,,,-5.433,,,,,1,IMF_WEO,,
ZMB,Zambia,2015,-8.878,,,,,,,-8.878,,,,,1,IMF_WEO,,
ZMB,Zambia,2016,-5.691,,,,,,,-5.691,,,,,1,IMF_WEO,,
ZMB,Zambia,2017,-7.499,,,,,,,-7.499,,,,,1,IMF_WEO,,
ZMB,Zambia,2018,-8.309,,,,,,,-8.309,,,,,1,IMF_WEO,,
ZMB,Zambia,2019,-9.407,,,,,,,-9.407,,,,,1,IMF_WEO,,
ZMB,Zambia,2020,-13.762,,,,,,,-13.762,,,,,1,IMF_WEO,,
ZMB,Zambia,2021,-8.135,,,,,,,-8.135,,,,,1,IMF_WEO,,
ZMB,Zambia,2022,-7.821,,,,,,,,-7.8210001,,,,1,IMF_WEO_forecast,1,1
ZMB,Zambia,2023,-6.483,,,,,,,,-6.4829998,,,,1,IMF_WEO_forecast,,
ZMB,Zambia,2024,-6.098,,,,,,,,-6.098,,,,1,IMF_WEO_forecast,,
ZMB,Zambia,2025,-2.788,,,,,,,,-2.7880001,,,,1,IMF_WEO_forecast,,
ZMB,Zambia,2026,-3.352,,,,,,,,-3.352,,,,1,IMF_WEO_forecast,,
ZMB,Zambia,2027,-2.617,,,,,,,,-2.6170001,,,,1,IMF_WEO_forecast,,
ZMB,Zambia,2028,-2.25,,,,,,,,-2.25,,,,1,IMF_WEO_forecast,,
ZMB,Zambia,2029,-1.831,,,,,,,,-1.831,,,,1,IMF_WEO_forecast,,
ZWE,Zimbabwe,2005,-5.116,,,,,,,-5.116,,,,,1,IMF_WEO,,
ZWE,Zimbabwe,2006,-2.069,,,,,,,-2.069,,,,,1,IMF_WEO,,
ZWE,Zimbabwe,2007,-2.474,,,,,,,-2.474,,,,,1,IMF_WEO,,
ZWE,Zimbabwe,2008,-1.768,,,,,,,-1.768,,,,,1,IMF_WEO,,
ZWE,Zimbabwe,2009,-2.056,,,,,,,-2.056,,,,,1,IMF_WEO,,
ZWE,Zimbabwe,2010,-.152,,,,,,,-.152,,,,,1,IMF_WEO,,
ZWE,Zimbabwe,2011,-2.452,,,,,,,-2.452,,,,,1,IMF_WEO,,
ZWE,Zimbabwe,2012,-.18,,,,,,,-.18,,,,,1,IMF_WEO,,
ZWE,Zimbabwe,2013,-.97,,,,,,,-.97,,,,,1,IMF_WEO,,
ZWE,Zimbabwe,2014,-1.023,,,,,,,-1.023,,,,,1,IMF_WEO,,
ZWE,Zimbabwe,2015,-2.037,,,,,,,-2.037,,,,,1,IMF_WEO,,
ZWE,Zimbabwe,2016,-6.588,,,,,,,-6.588,,,,,1,IMF_WEO,,
ZWE,Zimbabwe,2017,-10.377,,,,,,,-10.377,,,,,1,IMF_WEO,,
ZWE,Zimbabwe,2018,-5.569,,,,,,,-5.569,,,,,1,IMF_WEO,,
ZWE,Zimbabwe,2019,-.904,,,,,,,-.904,,,,,1,IMF_WEO,,
ZWE,Zimbabwe,2020,.294,,,,,,,.294,,,,,1,IMF_WEO,,
ZWE,Zimbabwe,2021,-2.207,,,,,,,-2.207,,,,,1,IMF_WEO,,
ZWE,Zimbabwe,2022,-5.966,,,,,,,-5.966,,,,,1,IMF_WEO,,
ZWE,Zimbabwe,2023,-6.242,,,,,,,,-6.2420001,,,,1,IMF_WEO_forecast,1,1
ZWE,Zimbabwe,2024,-10.404,,,,,,,,-10.404,,,,1,IMF_WEO_forecast,,
ZWE,Zimbabwe,2025,-7.88,,,,,,,,-7.8800001,,,,1,IMF_WEO_forecast,,
ZWE,Zimbabwe,2026,-7.836,,,,,,,,-7.836,,,,1,IMF_WEO_forecast,,
ZWE,Zimbabwe,2027,-7.577,,,,,,,,-7.5770001,,,,1,IMF_WEO_forecast,,
ZWE,Zimbabwe,2028,-7.379,,,,,,,,-7.3790002,,,,1,IMF_WEO_forecast,,
ZWE,Zimbabwe,2029,-7.211,,,,,,,,-7.211,,,,1,IMF_WEO_forecast,,
