ISO3,countryname,year,gen_govexp_GDP,ADB,AMECO,AMF,ECLAC,EUS,FLORA,IMF_FPP,IMF_GFS,IMF_WEO,IMF_WEO_forecast,OECD_EO,CS2,CS1,chainlinking_ratio,source,source_change,source_change_count
ABW,Aruba,1995,26.332,,,,,,,26.331776,,26.332,,,,,1,IMF_WEO,,
ABW,Aruba,2007,22.62,,,,,,,22.619801,,22.62,,,,,1,IMF_WEO,,
ABW,Aruba,1997,24.989,,,,,,,24.989031,,24.989,,,,,1,IMF_WEO,,
ABW,Aruba,2012,30.761,,,,,,,30.761192,,30.761,,,,,1,IMF_WEO,,
ABW,Aruba,2022,21.679,,,,,,,21.678768,,21.679,,,,,1,IMF_WEO,,
ABW,Aruba,2017,24.558,,,,,,,24.558315,,24.558,,,,,1,IMF_WEO,,
ABW,Aruba,2004,29.245,,,,,,,29.244513,,29.245,,,,,1,IMF_WEO,,
ABW,Aruba,2025,21.02,,,,,,,,,,21.02,,,,1,IMF_WEO_forecast,,
ABW,Aruba,2026,20.928,,,,,,,,,,20.927999,,,,1,IMF_WEO_forecast,,
ABW,Aruba,2006,24.827,,,,,,,24.826928,,24.827,,,,,1,IMF_WEO,,
ABW,Aruba,2000,21.606,,,,,,,21.605565,,21.606,,,,,1,IMF_WEO,,
ABW,Aruba,2001,22.508,,,,,,,22.508321,,22.508,,,,,1,IMF_WEO,,
ABW,Aruba,2018,24.863,,,,,,,24.862756,,24.863,,,,,1,IMF_WEO,,
ABW,Aruba,2008,25.359,,,,,,,25.359395,,25.359,,,,,1,IMF_WEO,,
ABW,Aruba,2011,27.199,,,,,,,27.199289,,27.199,,,,,1,IMF_WEO,,
ABW,Aruba,2028,21.087,,,,,,,,,,21.087,,,,1,IMF_WEO_forecast,,
ABW,Aruba,2023,21.69743,,,,,,,21.697425,,,21.697001,,,,1,IMF_FPP,1,2
ABW,Aruba,2009,26.888,,,,,,,26.887785,,26.888,,,,,1,IMF_WEO,,
ABW,Aruba,2015,25.373,,,,,,,25.373264,,25.373,,,,,1,IMF_WEO,,
ABW,Aruba,2027,21.051,,,,,,,,,,21.051001,,,,1,IMF_WEO_forecast,,
ABW,Aruba,2020,40.237,,,,,,,40.236761,,40.237,,,,,1,IMF_WEO,,
ABW,Aruba,2014,29.834,,,,,,,29.834129,,29.834,,,,,1,IMF_WEO,,
ABW,Aruba,2013,29.454,,,,,,,29.454104,,29.454,,,,,1,IMF_WEO,,
ABW,Aruba,1999,22.798,,,,,,,22.798358,,22.798,,,,,1,IMF_WEO,,
ABW,Aruba,1996,27.458,,,,,,,27.45766,,27.458,,,,,1,IMF_WEO,,
ABW,Aruba,1998,21.574,,,,,,,21.573601,,21.574,,,,,1,IMF_WEO,,
ABW,Aruba,2024,21.248,,,,,,,,,,21.247999,,,,1,IMF_WEO_forecast,1,2
ABW,Aruba,2029,21.183,,,,,,,,,,21.183001,,,,1,IMF_WEO_forecast,,
ABW,Aruba,2003,25.136,,,,,,,25.13569,,25.136,,,,,1,IMF_WEO,,
ABW,Aruba,2019,23.688,,,,,,,23.687828,,23.688,,,,,1,IMF_WEO,,
ABW,Aruba,2016,25.119,,,,,,,25.119052,,25.119,,,,,1,IMF_WEO,,
ABW,Aruba,2010,30.443,,,,,,,30.44341,,30.443,,,,,1,IMF_WEO,,
ABW,Aruba,2002,24.66,,,,,,,24.659862,,24.66,,,,,1,IMF_WEO,,
ABW,Aruba,2005,24.477,,,,,,,24.47694,,24.477,,,,,1,IMF_WEO,,
ABW,Aruba,2021,28.859,,,,,,,28.858843,,28.859,,,,,1,IMF_WEO,,
AFG,Afghanistan,2003,11.927,,,,,,,,,11.927,,,,,1,IMF_WEO,,
AFG,Afghanistan,2004,15.069,,,,,,,,,15.069,,,,,1,IMF_WEO,,
AFG,Afghanistan,2015,25.947,25.245649,,,,,,,36.907469,25.947,,,,,1,IMF_WEO,,
AFG,Afghanistan,2017,27.732,27.729634,,,,,,,36.578744,27.732,,,,,1,IMF_WEO,,
AFG,Afghanistan,2009,21.151,20.749915,,,,,,,44.670084,21.151,,,,,1,IMF_WEO,,
AFG,Afghanistan,2006,18.262,20.830583,,,,,,,20.502872,18.262,,,,,1,IMF_WEO,,
AFG,Afghanistan,2002,6.943,,,,,,,,,6.943,,,,,1,IMF_WEO,,
AFG,Afghanistan,2010,20.789,20.601947,,,,,,,51.985707,20.789,,,,,1,IMF_WEO,,
AFG,Afghanistan,2023,16.887,,,,,,,,,16.887,,,,,1,IMF_WEO,,
AFG,Afghanistan,2011,21.937,22.545615,,,,,,,60.643942,21.937,,,,,1,IMF_WEO,,
AFG,Afghanistan,2019,27.999,28.59171,,,,,,,,27.999,,,,,1,IMF_WEO,,
AFG,Afghanistan,2008,20.899,21.148314,,,,,,,50.68675,20.899,,,,,1,IMF_WEO,,
AFG,Afghanistan,2021,17.934,,,,,,,,,17.934,,,,,1,IMF_WEO,,
AFG,Afghanistan,2005,15.651,16.555264,,,,,,,,15.651,,,,,1,IMF_WEO,,
AFG,Afghanistan,2014,25.402,24.649051,,,,,,,44.341687,25.402,,,,,1,IMF_WEO,,
AFG,Afghanistan,2012,25.028,17.434938,,,,,,,42.310715,25.028,,,,,1,IMF_WEO,,
AFG,Afghanistan,2020,27.937,28.525798,,,,,,,,27.937,,,,,1,IMF_WEO,,
AFG,Afghanistan,2022,16.116,,,,,,,,,16.116,,,,,1,IMF_WEO,,
AFG,Afghanistan,2013,24.977,23.246927,,,,,,,43.110434,24.977,,,,,1,IMF_WEO,,
AFG,Afghanistan,2007,21.448,19.042548,,,,,,,27.677981,21.448,,,,,1,IMF_WEO,,
AFG,Afghanistan,2016,28.029,28.962457,,,,,,,40.804436,28.029,,,,,1,IMF_WEO,,
AFG,Afghanistan,2018,28.936,29.046604,,,,,,,,28.936,,,,,1,IMF_WEO,,
AGO,Angola,2003,30.122,,,,,,,30.122487,,30.122,,,,,1,IMF_WEO,,
AGO,Angola,2013,32.941,,,,,,,32.940993,,32.941,,,,,1,IMF_WEO,,
AGO,Angola,2021,17.28,,,,,,,17.280417,17.93596,17.28,,,,,1,IMF_WEO,,
AGO,Angola,1999,45.714,,,,,,,45.713655,,45.714,,,,,1,IMF_WEO,,
AGO,Angola,1996,29.312,,,,,,,29.311685,,29.312,,,,,1,IMF_WEO,,
AGO,Angola,1998,30.32,,,,,,,30.320065,,30.32,,,,,1,IMF_WEO,,
AGO,Angola,2004,25.999,,,,,,,25.999211,,25.999,,,,,1,IMF_WEO,,
AGO,Angola,2002,27.569,,,,,,,27.56906,,27.569,,,,,1,IMF_WEO,,
AGO,Angola,2001,30.274,,,,,,,30.274378,,30.274,,,,,1,IMF_WEO,,
AGO,Angola,2019,18.214,,,,,,,18.214289,17.846981,18.214,,,,,1,IMF_WEO,,
AGO,Angola,2006,27.331,,,,,,,27.331043,,27.331,,,,,1,IMF_WEO,,
AGO,Angola,2023,20.18139,,,,,,,19.242327,20.181387,,19.242001,,,,1,IMF_GFS,,
AGO,Angola,2029,13.862,,,,,,,,,,13.862,,,,1,IMF_WEO_forecast,,
AGO,Angola,2022,19.48651,,,,,,,19.510293,19.486512,,19.51,,,,1,IMF_GFS,1,2
AGO,Angola,2014,32.303,,,,,,,32.303123,,32.303,,,,,1,IMF_WEO,,
AGO,Angola,2018,18.265,,,,,,,18.265487,13.960909,18.265,,,,,1,IMF_WEO,,
AGO,Angola,2028,14.066,,,,,,,,,,14.066,,,,1,IMF_WEO_forecast,,
AGO,Angola,2012,33.187,,,,,,,33.186655,,33.187,,,,,1,IMF_WEO,,
AGO,Angola,2027,14.407,,,,,,,,,,14.407,,,,1,IMF_WEO_forecast,,
AGO,Angola,1997,31.068,,,,,,,31.068464,,31.068,,,,,1,IMF_WEO,,
AGO,Angola,2016,19.423,,,,,,,19.423279,,19.423,,,,,1,IMF_WEO,,
AGO,Angola,2017,21.032,,,,,,,21.032433,,21.032,,,,,1,IMF_WEO,,
AGO,Angola,2005,23.691,,,,,,,23.690766,,23.691,,,,,1,IMF_WEO,,
AGO,Angola,2020,19.994,,,,,,,19.99384,43.852871,19.994,,,,,1,IMF_WEO,,
AGO,Angola,2000,35.821,,,,,,,35.820732,,35.821,,,,,1,IMF_WEO,,
AGO,Angola,2025,15.542,,,,,,,,,,15.542,,,,1,IMF_WEO_forecast,,
AGO,Angola,2009,38.729,,,,,,,38.728504,,38.729,,,,,1,IMF_WEO,,
AGO,Angola,2008,47.201,,,,,,,47.200702,,47.201,,,,,1,IMF_WEO,,
AGO,Angola,2026,15.169,,,,,,,,,,15.169,,,,1,IMF_WEO_forecast,,
AGO,Angola,2011,33.302,,,,,,,33.302185,,33.302,,,,,1,IMF_WEO,,
AGO,Angola,2010,34.551,,,,,,,34.550961,,34.551,,,,,1,IMF_WEO,,
AGO,Angola,2015,23.873,,,,,,,23.873171,,23.873,,,,,1,IMF_WEO,,
AGO,Angola,2007,34.072,,,,,,,34.071565,,34.072,,,,,1,IMF_WEO,,
AGO,Angola,2024,16.441,,,,,,,,,,16.441,,,,1,IMF_WEO_forecast,1,2
ALB,Albania,2011,28.923,,,,,,,28.923269,23.001043,28.923,,,,,1,IMF_WEO,,
ALB,Albania,2021,32.124,,,,,,,32.124103,24.824701,32.124,,,,,1,IMF_WEO,,
ALB,Albania,2017,29.162,,,,,,,29.16157,23.43297,29.162,,,,,1,IMF_WEO,,
ALB,Albania,1997,30.3,,,,,,,30.299863,,30.3,,,,,1,IMF_WEO,,
ALB,Albania,2016,29.139,,,,,,,29.139476,23.781885,29.139,,,,,1,IMF_WEO,,
ALB,Albania,2004,30.155,,,,,,,30.154813,,30.155,,,,,1,IMF_WEO,,
ALB,Albania,2022,30.445,,,,,,,30.444901,23.976254,,30.445,,,,1,IMF_WEO_forecast,1,1
ALB,Albania,2018,29.077,,,,,,,29.076871,23.243392,29.077,,,,,1,IMF_WEO,,
ALB,Albania,1999,37.108,,,,,,,37.107502,,37.108,,,,,1,IMF_WEO,,
ALB,Albania,2012,28.229,,,,,,,28.229104,23.24531,28.229,,,,,1,IMF_WEO,,
ALB,Albania,2014,31.729,,,,,,,31.729155,24.112673,31.729,,,,,1,IMF_WEO,,
ALB,Albania,2027,31.039,,,,,,,,,,31.039,,,,1,IMF_WEO_forecast,,
ALB,Albania,2009,32.679,,,,,,,32.679478,24.802077,32.679,,,,,1,IMF_WEO,,
ALB,Albania,2008,31.726,,,,,,,31.726485,22.97386,31.726,,,,,1,IMF_WEO,,
ALB,Albania,2010,29.387,,,,,,,29.386649,24.271312,29.387,,,,,1,IMF_WEO,,
ALB,Albania,1998,36.751,,,,,,,36.751295,,36.751,,,,,1,IMF_WEO,,
ALB,Albania,2026,31.032,,,,,,,,,,31.032,,,,1,IMF_WEO_forecast,,
ALB,Albania,2025,30.839,,,,,,,,,,30.839001,,,,1,IMF_WEO_forecast,,
ALB,Albania,2005,28.892,,,,,,,28.891996,23.231941,28.892,,,,,1,IMF_WEO,,
ALB,Albania,2013,29.193,,,,,,,29.192714,24.178031,29.193,,,,,1,IMF_WEO,,
ALB,Albania,2029,30.91,,,,,,,,,,30.91,,,,1,IMF_WEO_forecast,,
ALB,Albania,2003,29.68,,,,,,,29.679964,,29.68,,,,,1,IMF_WEO,,
ALB,Albania,2028,31.018,,,,,,,,,,31.018,,,,1,IMF_WEO_forecast,,
ALB,Albania,2015,30.758,,,,,,,30.757805,24.406331,30.758,,,,,1,IMF_WEO,,
ALB,Albania,2020,32.552,,,,,,,32.552481,25.309353,32.552,,,,,1,IMF_WEO,,
ALB,Albania,2000,33.838,,,,,,,33.837998,,33.838,,,,,1,IMF_WEO,,
ALB,Albania,2023,29.174,,,,,,,29.174094,22.97924,,29.174,,,,1,IMF_WEO_forecast,,
ALB,Albania,2001,32.685,,,,,,,32.685008,,32.685,,,,,1,IMF_WEO,,
ALB,Albania,2006,29.191,,,,,,,29.191216,22.786559,29.191,,,,,1,IMF_WEO,,
ALB,Albania,2019,29.075,,,,,,,29.075409,23.419756,29.075,,,,,1,IMF_WEO,,
ALB,Albania,2024,30.819,,,,,,,,,,30.819,,,,1,IMF_WEO_forecast,,
ALB,Albania,2002,31.535,,,,,,,31.534585,,31.535,,,,,1,IMF_WEO,,
ALB,Albania,2007,29.309,,,,,,,29.309013,22.998933,29.309,,,,,1,IMF_WEO,,
AND,Andorra,2002,25,,,,,,,,,25,,,,,1,IMF_WEO,,
AND,Andorra,2004,23.69,,,,,,,,,23.69,,,,,1,IMF_WEO,,
AND,Andorra,2017,34.852,,,,,,,,,34.852,,,,,1,IMF_WEO,,
AND,Andorra,2027,36.836,,,,,,,,,,36.835999,,,,1,IMF_WEO_forecast,,
AND,Andorra,2016,34.568,,,,,,,,,34.568,,,,,1,IMF_WEO,,
AND,Andorra,2028,36.826,,,,,,,,,,36.826,,,,1,IMF_WEO_forecast,,
AND,Andorra,2013,31.962,,,,,,,,,31.962,,,,,1,IMF_WEO,,
AND,Andorra,2019,35.844,,,,,,,,27.357113,35.844,,,,,1,IMF_WEO,,
AND,Andorra,2006,25.189,,,,,,,,,25.189,,,,,1,IMF_WEO,,
AND,Andorra,2009,29.916,,,,,,,,,29.916,,,,,1,IMF_WEO,,
AND,Andorra,2008,29.461,,,,,,,,,29.461,,,,,1,IMF_WEO,,
AND,Andorra,2029,36.905,,,,,,,,,,36.904999,,,,1,IMF_WEO_forecast,,
AND,Andorra,2003,24.216,,,,,,,,,24.216,,,,,1,IMF_WEO,,
AND,Andorra,2001,26.704,,,,,,,,,26.704,,,,,1,IMF_WEO,,
AND,Andorra,2012,33.935,,,,,,,,,33.935,,,,,1,IMF_WEO,,
AND,Andorra,2014,31.662,,,,,,,,,31.662,,,,,1,IMF_WEO,,
AND,Andorra,2015,33.329,,,,,,,,,33.329,,,,,1,IMF_WEO,,
AND,Andorra,2022,34.89,,,,,,,,28.370663,34.89,,,,,1,IMF_WEO,,
AND,Andorra,2018,35.93,,,,,,,,27.636721,35.93,,,,,1,IMF_WEO,,
AND,Andorra,2026,36.743,,,,,,,,,,36.743,,,,1,IMF_WEO_forecast,,
AND,Andorra,2005,23.387,,,,,,,,,23.387,,,,,1,IMF_WEO,,
AND,Andorra,2021,39.04,,,,,,,,31.475579,39.04,,,,,1,IMF_WEO,,
AND,Andorra,2011,29.109,,,,,,,,,29.109,,,,,1,IMF_WEO,,
AND,Andorra,2010,28.85,,,,,,,,,28.85,,,,,1,IMF_WEO,,
AND,Andorra,2020,42.328,,,,,,,,33.331113,42.328,,,,,1,IMF_WEO,,
AND,Andorra,2024,36.702,,,,,,,,,,36.702,,,,1,IMF_WEO_forecast,1,2
AND,Andorra,2007,27.602,,,,,,,,,27.602,,,,,1,IMF_WEO,,
AND,Andorra,2023,29.13418,,,,,,,,29.134184,,36.316002,,,,1,IMF_GFS,1,2
AND,Andorra,2025,36.746,,,,,,,,,,36.745998,,,,1,IMF_WEO_forecast,,
ARE,United Arab Emirates,2005,15.744,,,,,,,15.743797,,15.744,,,,,1,IMF_WEO,,
ARE,United Arab Emirates,2001,25.228,,,,,,,25.228458,,25.228,,,,,1,IMF_WEO,,
ARE,United Arab Emirates,2004,17.709,,,,,,,17.708893,,17.709,,,,,1,IMF_WEO,,
ARE,United Arab Emirates,1991,35.964,,,,,,,35.963564,,35.964,,,,,1,IMF_WEO,,
ARE,United Arab Emirates,2016,32.775,,,33.69571,,,,32.774646,28.988408,32.775,,,,,1,IMF_WEO,,
ARE,United Arab Emirates,2006,15.627,,,,,,,15.627227,,15.627,,,,,1,IMF_WEO,,
ARE,United Arab Emirates,2023,23.44475,,,,,,,23.272932,21.311266,,23.273001,,,,1.100111,IMF_GFS,1,2
ARE,United Arab Emirates,2003,20.05,,,,,,,20.049994,,20.05,,,,,1,IMF_WEO,,
ARE,United Arab Emirates,2026,23.73185,,,,,,,,,,23.558001,,,,1.00738,IMF_WEO_forecast,,
ARE,United Arab Emirates,1993,31.491,,,,,,,31.491344,,31.491,,,,,1,IMF_WEO,,
ARE,United Arab Emirates,2029,23.56664,,,,,,,,,,23.393999,,,,1.00738,IMF_WEO_forecast,,
ARE,United Arab Emirates,2012,28.382,,,,,,,28.382162,20.838445,28.382,,,,,1,IMF_WEO,,
ARE,United Arab Emirates,2019,28.449,,,28.23611,,,,28.448953,24.952725,28.449,,,,,1,IMF_WEO,,
ARE,United Arab Emirates,2008,21.951,,,,,,,21.950728,,21.951,,,,,1,IMF_WEO,,
ARE,United Arab Emirates,2000,21.788,,,,,,,21.788211,,21.788,,,,,1,IMF_WEO,,
ARE,United Arab Emirates,1994,30.128,,,,,,,30.127788,,30.128,,,,,1,IMF_WEO,,
ARE,United Arab Emirates,1996,27.604,,,,,,,27.604089,,27.604,,,,,1,IMF_WEO,,
ARE,United Arab Emirates,1998,25.843,,,,,,,25.843126,,25.843,,,,,1,IMF_WEO,,
ARE,United Arab Emirates,1995,26.144,,,,,,,26.144063,,26.144,,,,,1,IMF_WEO,,
ARE,United Arab Emirates,2022,23.133,,,,,,,23.133346,21.027887,23.133,,,,,1,IMF_WEO,,
ARE,United Arab Emirates,2020,31.131,,,,,,,31.130756,27.506009,31.131,,,,,1,IMF_WEO,,
ARE,United Arab Emirates,2024,23.66435,,,,,,,,,,23.490999,,,,1.00738,IMF_WEO_forecast,1,2
ARE,United Arab Emirates,2027,23.6019,,,,,,,,,,23.429001,,,,1.00738,IMF_WEO_forecast,,
ARE,United Arab Emirates,2015,27.239,,,28.16187,,,,27.238508,24.659835,27.239,,,,,1,IMF_WEO,,
ARE,United Arab Emirates,2010,31.114,,,,,,,31.113875,,31.114,,,,,1,IMF_WEO,,
ARE,United Arab Emirates,2025,23.82755,,,,,,,,,,23.653,,,,1.00738,IMF_WEO_forecast,,
ARE,United Arab Emirates,2018,26.692,,,28.16069,,,,26.691708,24.752893,26.692,,,,,1,IMF_WEO,,
ARE,United Arab Emirates,1992,29.564,,,,,,,29.564324,,29.564,,,,,1,IMF_WEO,,
ARE,United Arab Emirates,2017,28.136,,,30.39117,,,,28.136131,24.994971,28.136,,,,,1,IMF_WEO,,
ARE,United Arab Emirates,2014,32.25,,,28.00442,,,,32.249975,24.639974,32.25,,,,,1,IMF_WEO,,
ARE,United Arab Emirates,1999,24.28,,,,,,,24.280145,,24.28,,,,,1,IMF_WEO,,
ARE,United Arab Emirates,2028,23.60492,,,,,,,,,,23.431999,,,,1.00738,IMF_WEO_forecast,,
ARE,United Arab Emirates,2009,34.997,,,,,,,34.996977,,34.997,,,,,1,IMF_WEO,,
ARE,United Arab Emirates,2021,26.39,,,26.63755,,,,26.390124,25.079285,26.39,,,,,1,IMF_WEO,,
ARE,United Arab Emirates,2002,21.333,,,,,,,21.332757,,21.333,,,,,1,IMF_WEO,,
ARE,United Arab Emirates,2007,17.657,,,,,,,17.65686,,17.657,,,,,1,IMF_WEO,,
ARE,United Arab Emirates,1997,22.562,,,,,,,22.561743,,22.562,,,,,1,IMF_WEO,,
ARE,United Arab Emirates,2013,29.561,,,26.08905,,,,29.561037,23.150415,29.561,,,,,1,IMF_WEO,,
ARE,United Arab Emirates,2011,30.293,,,,,,,30.293022,20.956073,30.293,,,,,1,IMF_WEO,,
ARG,Argentina,1954,18.15334,,,,,,,10.9747,,,,,,,1.654108,IMF_FPP,,
ARG,Argentina,1882,18.22727,,,,,,,11.0194,,,,,,,1.654108,IMF_FPP,,
ARG,Argentina,2009,34.524,,,,,,,34.524436,,34.524,,,,,1,IMF_WEO,,
ARG,Argentina,1996,22.687,,,,,,,14.11,,22.687,,,,,1,IMF_WEO,,
ARG,Argentina,1883,17.45299,,,,,,,10.5513,,,,,,,1.654108,IMF_FPP,,
ARG,Argentina,1969,20.28482,,,,,,,12.2633,,,,,,,1.654108,IMF_FPP,,
ARG,Argentina,1961,20.26315,,,,,,,12.2502,,,,,,,1.654108,IMF_FPP,,
ARG,Argentina,1884,17.41213,,,,,,,10.5266,,,,,,,1.654108,IMF_FPP,,
ARG,Argentina,1911,14.93754,,,,,,,9.03057,,,,,,,1.654108,IMF_FPP,,
ARG,Argentina,2029,32.94891,,,,,,,,,,32.949001,,,,.9999973,IMF_WEO_forecast,,
ARG,Argentina,1894,11.97915,,,,,,,7.2420602,,,,,,,1.654108,IMF_FPP,,
ARG,Argentina,1895,12.22473,,,,,,,7.3905301,,,,,,,1.654108,IMF_FPP,,
ARG,Argentina,1991,18.91009,,,,,,,11.4322,,,,,,,1.654108,IMF_FPP,,
ARG,Argentina,1933,14.67804,,,,,,,8.8736897,,,,,,,1.654108,IMF_FPP,,
ARG,Argentina,1992,20.01371,,,,,,,12.0994,,,,,,,1.654108,IMF_FPP,1,3
ARG,Argentina,2021,37.883,,,,,,,37.883365,,37.883,,,,,1,IMF_WEO,,
ARG,Argentina,1988,20.40292,,,,,,,12.3347,,,,,,,1.654108,IMF_FPP,,
ARG,Argentina,1932,15.50107,,,,,,,9.3712597,,,,,,,1.654108,IMF_FPP,,
ARG,Argentina,1909,15.58163,,,,,,,9.41996,,,,,,,1.654108,IMF_FPP,,
ARG,Argentina,1952,19.67346,,,,,,,11.8937,,,,,,,1.654108,IMF_FPP,,
ARG,Argentina,2004,23.03,,,,,,,23.029532,24.852817,23.03,,,,,1,IMF_WEO,,
ARG,Argentina,1892,14.08033,,,,,,,8.5123396,,,,,,,1.654108,IMF_FPP,,
ARG,Argentina,1982,26.25466,,,,,,,15.8724,,,,,,,1.654108,IMF_FPP,,
ARG,Argentina,1914,14.29648,,,,,,,8.6430197,,,,,,,1.654108,IMF_FPP,,
ARG,Argentina,1994,22.938,,,,,,,14.1744,,22.938,,,,,1,IMF_WEO,,
ARG,Argentina,1970,19.92687,,,,,,,12.0469,,,,,,,1.654108,IMF_FPP,,
ARG,Argentina,1975,20.68793,,,,,,,12.507,,,,,,,1.654108,IMF_FPP,,
ARG,Argentina,1921,10.14327,,,,,,,6.1321702,,,,,,,1.654108,IMF_FPP,,
ARG,Argentina,1870,14.15425,,,,,,,8.5570297,,,,,,,1.654108,IMF_FPP,,
ARG,Argentina,1977,20.82935,,,,,,,12.5925,,,,,,,1.654108,IMF_FPP,,
ARG,Argentina,1929,13.25356,,,,,,,8.0125103,,,,,,,1.654108,IMF_FPP,,
ARG,Argentina,1923,10.81854,,,,,,,6.54041,,,,,,,1.654108,IMF_FPP,,
ARG,Argentina,1927,15.52969,,,,,,,9.3885603,,,,,,,1.654108,IMF_FPP,,
ARG,Argentina,1930,15.54618,,,,,,,9.39853,,,,,,,1.654108,IMF_FPP,,
ARG,Argentina,1931,16.40817,,,,,,,9.9196501,,,,,,,1.654108,IMF_FPP,,
ARG,Argentina,1915,12.27237,,,,,,,7.4193301,,,,,,,1.654108,IMF_FPP,,
ARG,Argentina,2018,38.949,,,,,,,38.949208,,38.949,,,,,1,IMF_WEO,,
ARG,Argentina,1908,10.56781,,,,,,,6.3888302,,,,,,,1.654108,IMF_FPP,,
ARG,Argentina,1940,14.55765,,,,,,,8.80091,,,,,,,1.654108,IMF_FPP,,
ARG,Argentina,1943,15.18954,,,,,,,9.1829205,,,,,,,1.654108,IMF_FPP,,
ARG,Argentina,1918,7.988431,,,,,,,4.8294501,,,,,,,1.654108,IMF_FPP,,
ARG,Argentina,1949,19.54494,,,,,,,11.816,,,,,,,1.654108,IMF_FPP,,
ARG,Argentina,1980,25.09943,,,,,,,15.174,,,,,,,1.654108,IMF_FPP,,
ARG,Argentina,2007,29.551,,,,,,,29.550588,,29.551,,,,,1,IMF_WEO,,
ARG,Argentina,1906,11.87368,,,,,,,7.1782999,,,,,,,1.654108,IMF_FPP,,
ARG,Argentina,2026,33.42591,,,,,,,,,,33.425999,,,,.9999973,IMF_WEO_forecast,,
ARG,Argentina,1957,13.92511,,,,,,,8.4184999,,,,,,,1.654108,IMF_FPP,,
ARG,Argentina,1938,15.3377,,,,,,,9.2724895,,,,,,,1.654108,IMF_FPP,,
ARG,Argentina,1898,27.39467,,,,,,,16.5616,,,,,,,1.654108,IMF_FPP,,
ARG,Argentina,1887,12.00833,,,,,,,7.2596998,,,,,,,1.654108,IMF_FPP,,
ARG,Argentina,1912,12.64302,,,,,,,7.6434102,,,,,,,1.654108,IMF_FPP,,
ARG,Argentina,1893,12.2754,,,,,,,7.4211602,,,,,,,1.654108,IMF_FPP,,
ARG,Argentina,1959,22.53457,,,,,,,13.6234,,,,,,,1.654108,IMF_FPP,,
ARG,Argentina,1964,19.47861,,,,,,,11.7759,,,,,,,1.654108,IMF_FPP,,
ARG,Argentina,1868,11.89446,,,,,,,7.1908598,,,,,,,1.654108,IMF_FPP,,
ARG,Argentina,1990,18.17914,,,,,,,10.9903,,,,,,,1.654108,IMF_FPP,,
ARG,Argentina,1967,21.43723,,,,,,,12.96,,,,,,,1.654108,IMF_FPP,,
ARG,Argentina,1968,21.17523,,,,,,,12.8016,,,,,,,1.654108,IMF_FPP,,
ARG,Argentina,1971,19.39375,,,,,,,11.7246,,,,,,,1.654108,IMF_FPP,,
ARG,Argentina,1976,21.53565,,,,,,,13.0195,,,,,,,1.654108,IMF_FPP,,
ARG,Argentina,1924,10.1791,,,,,,,6.1538301,,,,,,,1.654108,IMF_FPP,,
ARG,Argentina,1981,28.16168,,,,,,,17.025299,,,,,,,1.654108,IMF_FPP,,
ARG,Argentina,1984,21.56874,,,,,,,13.0395,,,,,,,1.654108,IMF_FPP,,
ARG,Argentina,1877,9.231575,,,,,,,5.5809999,,,,,,,1.654108,IMF_FPP,,
ARG,Argentina,1874,14.73405,,,,,,,8.9075499,,,,,,,1.654108,IMF_FPP,,
ARG,Argentina,1873,15.17581,,,,,,,9.1746197,,,,,,,1.654108,IMF_FPP,,
ARG,Argentina,1871,15.86767,,,,,,,9.5928898,,,,,,,1.654108,IMF_FPP,,
ARG,Argentina,1900,13.65138,,,,,,,8.2530203,,,,,,,1.654108,IMF_FPP,,
ARG,Argentina,1904,12.45578,,,,,,,7.53021,,,,,,,1.654108,IMF_FPP,,
ARG,Argentina,1960,18.69936,,,,,,,11.3048,,,,,,,1.654108,IMF_FPP,,
ARG,Argentina,2013,37.603,,,,,,,37.602933,,37.603,,,,,1,IMF_WEO,,
ARG,Argentina,1866,8.158373,,,,,,,4.9321899,,,,,,,1.654108,IMF_FPP,,
ARG,Argentina,1956,16.64214,,,,,,,10.0611,,,,,,,1.654108,IMF_FPP,,
ARG,Argentina,1867,9.791937,,,,,,,5.9197698,,,,,,,1.654108,IMF_FPP,,
ARG,Argentina,1973,20.82042,,,,,,,12.5871,,,,,,,1.654108,IMF_FPP,,
ARG,Argentina,1865,5.800509,,,,,,,3.5067301,,,,,,,1.654108,IMF_FPP,,
ARG,Argentina,1920,7.635146,,,,,,,4.61587,,,,,,,1.654108,IMF_FPP,,
ARG,Argentina,1886,15.31313,,,,,,,9.2576399,,,,,,,1.654108,IMF_FPP,,
ARG,Argentina,1995,22.862,,,,,,,14.3942,,22.862,,,,,1,IMF_WEO,,
ARG,Argentina,2001,26.432,,,,,,,26.432499,,26.432,,,,,1,IMF_WEO,,
ARG,Argentina,1917,10.35706,,,,,,,6.2614198,,,,,,,1.654108,IMF_FPP,,
ARG,Argentina,2000,25.247,,,,,,,25.247238,,25.247,,,,,1,IMF_WEO,,
ARG,Argentina,1888,11.97696,,,,,,,7.2407398,,,,,,,1.654108,IMF_FPP,,
ARG,Argentina,1993,22.017,,,,,,,13.3105,,22.017,,,,,1,IMF_WEO,,
ARG,Argentina,2005,24.426,,,,,,,24.42556,,24.426,,,,,1,IMF_WEO,,
ARG,Argentina,2020,42.479,,,,,,,42.47924,,42.479,,,,,1,IMF_WEO,,
ARG,Argentina,1972,18.45868,,,,,,,11.1593,,,,,,,1.654108,IMF_FPP,,
ARG,Argentina,1983,23.45905,,,,,,,14.1823,,,,,,,1.654108,IMF_FPP,,
ARG,Argentina,1905,16.90531,,,,,,,10.2202,,,,,,,1.654108,IMF_FPP,,
ARG,Argentina,1953,18.25672,,,,,,,11.0372,,,,,,,1.654108,IMF_FPP,,
ARG,Argentina,1926,11.64159,,,,,,,7.0379901,,,,,,,1.654108,IMF_FPP,,
ARG,Argentina,1913,12.35827,,,,,,,7.4712601,,,,,,,1.654108,IMF_FPP,,
ARG,Argentina,2015,41.366,,,,,,,41.36633,,41.366,,,,,1,IMF_WEO,,
ARG,Argentina,1925,10.93693,,,,,,,6.61198,,,,,,,1.654108,IMF_FPP,,
ARG,Argentina,1978,24.56763,,,,,,,14.8525,,,,,,,1.654108,IMF_FPP,,
ARG,Argentina,2008,30.762,,,,,,,30.762348,,30.762,,,,,1,IMF_WEO,,
ARG,Argentina,1997,22.586,,,,,,,22.585797,,22.586,,,,,1,IMF_WEO,,
ARG,Argentina,2010,33.358,,,,,,,33.358069,,33.358,,,,,1,IMF_WEO,,
ARG,Argentina,1958,21.83091,,,,,,,13.198,,,,,,,1.654108,IMF_FPP,,
ARG,Argentina,2022,37.715,,,,,,,37.714727,,37.715,,,,,1,IMF_WEO,,
ARG,Argentina,1901,13.23501,,,,,,,8.0012999,,,,,,,1.654108,IMF_FPP,,
ARG,Argentina,2016,41.522,,,,,,,41.522021,,41.522,,,,,1,IMF_WEO,,
ARG,Argentina,1896,14.88591,,,,,,,8.9993601,,,,,,,1.654108,IMF_FPP,,
ARG,Argentina,1966,20.0453,,,,,,,12.1185,,,,,,,1.654108,IMF_FPP,,
ARG,Argentina,1998,23.13,,,,,,,23.13041,,23.13,,,,,1,IMF_WEO,,
ARG,Argentina,1878,10.30956,,,,,,,6.2326999,,,,,,,1.654108,IMF_FPP,,
ARG,Argentina,1950,18.52567,,,,,,,11.1998,,,,,,,1.654108,IMF_FPP,,
ARG,Argentina,2012,36.821,,,,,,,36.821423,,36.821,,,,,1,IMF_WEO,,
ARG,Argentina,1942,13.85937,,,,,,,8.3787603,,,,,,,1.654108,IMF_FPP,,
ARG,Argentina,1902,15.56911,,,,,,,9.4123898,,,,,,,1.654108,IMF_FPP,,
ARG,Argentina,2025,33.65391,,,,,,,,,,33.653999,,,,.9999973,IMF_WEO_forecast,,
ARG,Argentina,1986,22.63729,,,,,,,13.6855,,,,,,,1.654108,IMF_FPP,,
ARG,Argentina,1891,17.69283,,,,,,,10.6963,,,,,,,1.654108,IMF_FPP,,
ARG,Argentina,1955,16.89952,,,,,,,10.2167,,,,,,,1.654108,IMF_FPP,,
ARG,Argentina,1951,19.81687,,,,,,,11.9804,,,,,,,1.654108,IMF_FPP,,
ARG,Argentina,2014,38.853,,,,,,,38.852931,,38.853,,,,,1,IMF_WEO,,
ARG,Argentina,1987,22.70577,,,,,,,13.7269,,,,,,,1.654108,IMF_FPP,,
ARG,Argentina,1947,15.41147,,,,,,,9.31709,,,,,,,1.654108,IMF_FPP,,
ARG,Argentina,1910,14.75282,,,,,,,8.9188995,,,,,,,1.654108,IMF_FPP,,
ARG,Argentina,1907,11.9725,,,,,,,7.23804,,,,,,,1.654108,IMF_FPP,,
ARG,Argentina,1989,18.21702,,,,,,,11.0132,,,,,,,1.654108,IMF_FPP,,
ARG,Argentina,1979,23.9844,,,,,,,14.4999,,,,,,,1.654108,IMF_FPP,,
ARG,Argentina,1946,16.36349,,,,,,,9.8926401,,,,,,,1.654108,IMF_FPP,,
ARG,Argentina,1941,14.05419,,,,,,,8.4965401,,,,,,,1.654108,IMF_FPP,,
ARG,Argentina,1935,13.99984,,,,,,,8.4636803,,,,,,,1.654108,IMF_FPP,,
ARG,Argentina,1876,14.2659,,,,,,,8.6245298,,,,,,,1.654108,IMF_FPP,,
ARG,Argentina,1944,18.20461,,,,,,,11.0057,,,,,,,1.654108,IMF_FPP,,
ARG,Argentina,1869,11.12292,,,,,,,6.7244201,,,,,,,1.654108,IMF_FPP,,
ARG,Argentina,1928,12.84764,,,,,,,7.7671099,,,,,,,1.654108,IMF_FPP,,
ARG,Argentina,2002,21.853,,,,,,,21.853054,26.19462,21.853,,,,,1,IMF_WEO,,
ARG,Argentina,2027,32.99591,,,,,,,,,,32.995998,,,,.9999973,IMF_WEO_forecast,,
ARG,Argentina,1974,23.22566,,,,,,,14.0412,,,,,,,1.654108,IMF_FPP,,
ARG,Argentina,1945,18.85451,,,,,,,11.3986,,,,,,,1.654108,IMF_FPP,,
ARG,Argentina,1903,12.42946,,,,,,,7.5142999,,,,,,,1.654108,IMF_FPP,,
ARG,Argentina,1965,19.2075,,,,,,,11.612,,,,,,,1.654108,IMF_FPP,,
ARG,Argentina,2006,26.617,,,,,,,26.616662,,26.617,,,,,1,IMF_WEO,,
ARG,Argentina,2024,32.01191,,,,,,,,,,32.012001,,,,.9999973,IMF_WEO_forecast,1,3
ARG,Argentina,1864,4.682613,,,,,,,2.8309,,,,,,,1.654108,IMF_FPP,,
ARG,Argentina,2019,38.129,,,,,,,38.129058,,38.129,,,,,1,IMF_WEO,,
ARG,Argentina,1962,18.76684,,,,,,,11.3456,,,,,,,1.654108,IMF_FPP,,
ARG,Argentina,1875,16.46777,,,,,,,9.9556799,,,,,,,1.654108,IMF_FPP,,
ARG,Argentina,1934,14.19863,,,,,,,8.5838604,,,,,,,1.654108,IMF_FPP,,
ARG,Argentina,1890,12.78501,,,,,,,7.72925,,,,,,,1.654108,IMF_FPP,,
ARG,Argentina,2011,34.902,,,,,,,34.901901,,34.902,,,,,1,IMF_WEO,,
ARG,Argentina,1939,16.60244,,,,,,,10.0371,,,,,,,1.654108,IMF_FPP,,
ARG,Argentina,2023,37.8349,,,,,,,37.834625,,,37.834999,,,,1.000007,IMF_FPP,1,3
ARG,Argentina,1985,24.39379,,,,,,,14.7474,,,,,,,1.654108,IMF_FPP,,
ARG,Argentina,1922,11.75313,,,,,,,7.1054201,,,,,,,1.654108,IMF_FPP,,
ARG,Argentina,1889,20.85267,,,,,,,12.6066,,,,,,,1.654108,IMF_FPP,,
ARG,Argentina,1948,21.32856,,,,,,,12.8943,,,,,,,1.654108,IMF_FPP,,
ARG,Argentina,2017,41.121,,,,,,,41.121454,,41.121,,,,,1,IMF_WEO,,
ARG,Argentina,1916,11.01288,,,,,,,6.6578999,,,,,,,1.654108,IMF_FPP,,
ARG,Argentina,1881,14.40098,,,,,,,8.7061901,,,,,,,1.654108,IMF_FPP,,
ARG,Argentina,1963,18.49607,,,,,,,11.1819,,,,,,,1.654108,IMF_FPP,,
ARG,Argentina,1936,14.11197,,,,,,,8.5314703,,,,,,,1.654108,IMF_FPP,,
ARG,Argentina,1999,25.471,,,,,,,25.471288,,25.471,,,,,1,IMF_WEO,,
ARG,Argentina,1937,14.24011,,,,,,,8.6089401,,,,,,,1.654108,IMF_FPP,,
ARG,Argentina,1880,13.29448,,,,,,,8.0372496,,,,,,,1.654108,IMF_FPP,,
ARG,Argentina,1899,14.17024,,,,,,,8.5667,,,,,,,1.654108,IMF_FPP,,
ARG,Argentina,1872,14.23042,,,,,,,8.6030798,,,,,,,1.654108,IMF_FPP,,
ARG,Argentina,2003,22.026,,,,,,,22.025888,25.64778,22.026,,,,,1,IMF_WEO,,
ARG,Argentina,1885,14.26211,,,,,,,8.6222401,,,,,,,1.654108,IMF_FPP,,
ARG,Argentina,1919,7.972551,,,,,,,4.81985,,,,,,,1.654108,IMF_FPP,,
ARG,Argentina,1879,12.58017,,,,,,,7.6054101,,,,,,,1.654108,IMF_FPP,,
ARG,Argentina,2028,32.95291,,,,,,,,,,32.952999,,,,.9999973,IMF_WEO_forecast,,
ARG,Argentina,1897,15.3182,,,,,,,9.2607002,,,,,,,1.654108,IMF_FPP,,
ARM,Armenia,2028,29.102,,,,,,,,,,29.101999,,,,1,IMF_WEO_forecast,,
ARM,Armenia,2022,26.379,27.317279,,,,,,,21.777672,,26.379,,,,1,IMF_WEO_forecast,1,3
ARM,Armenia,2008,22.236,22.716447,,,,,,,21.529593,22.236,,,,,1,IMF_WEO,,
ARM,Armenia,2025,30.753,,,,,,,,,,30.753,,,,1,IMF_WEO_forecast,,
ARM,Armenia,2021,28.667,29.528174,,,,,,,25.68619,28.667,,,,,1,IMF_WEO,,
ARM,Armenia,2002,18.24458,18.244578,,,,,,,,,,,,,1,ADB,,
ARM,Armenia,2023,26.986,27.764021,,,,,,,21.723592,,26.986,,,,1,IMF_WEO_forecast,,
ARM,Armenia,2011,24.964,26.826139,,,,,,,23.581756,24.964,,,,,1,IMF_WEO,,
ARM,Armenia,2012,22.415,24.309079,,,,,,,22.231238,22.415,,,,,1,IMF_WEO,,
ARM,Armenia,2005,19.871,17.380655,,,,,,,18.258809,19.871,,,,,1,IMF_WEO,,
ARM,Armenia,2019,24.902,25.480791,,,,,,,22.549791,24.902,,,,,1,IMF_WEO,,
ARM,Armenia,2029,28.468,,,,,,,,,,28.468,,,,1,IMF_WEO_forecast,,
ARM,Armenia,2006,20,16.838909,,,,,,,17.666058,20,,,,,1,IMF_WEO,,
ARM,Armenia,2018,24.05,24.609411,,,,,,,22.637012,24.05,,,,,1,IMF_WEO,,
ARM,Armenia,2016,27.048,29.310536,,,,,,,26.990029,27.048,,,,,1,IMF_WEO,,
ARM,Armenia,2020,30.648,31.138864,,,,,,,27.200396,30.648,,,,,1,IMF_WEO,,
ARM,Armenia,2013,23.797,25.695104,,,,,,,23.246092,23.797,,,,,1,IMF_WEO,,
ARM,Armenia,2027,30.181,,,,,,,,,,30.181,,,,1,IMF_WEO_forecast,,
ARM,Armenia,2015,26.331,28.629573,,,,,,,26.230149,26.331,,,,,1,IMF_WEO,,
ARM,Armenia,2024,29.912,,,,,,,,,,29.912001,,,,1,IMF_WEO_forecast,,
ARM,Armenia,2007,22.42,18.809308,,,,,,,17.486991,22.42,,,,,1,IMF_WEO,,
ARM,Armenia,2010,26.201,28.202212,,,,,,,23.409492,26.201,,,,,1,IMF_WEO,,
ARM,Armenia,2017,26.027,27.704409,,,,,,,23.291436,26.027,,,,,1,IMF_WEO,,
ARM,Armenia,2014,23.991,26.275706,,,,,,,24.681058,23.991,,,,,1,IMF_WEO,,
ARM,Armenia,2026,30.586,,,,,,,,,,30.586,,,,1,IMF_WEO_forecast,,
ARM,Armenia,2001,18.85525,18.855251,,,,,,,,,,,,,1,ADB,,
ARM,Armenia,2009,28.553,29.573897,,,,,,,24.355698,28.553,,,,,1,IMF_WEO,,
ARM,Armenia,2003,18.63791,18.637915,,,,,,,,,,,,,1,ADB,1,3
ARM,Armenia,2000,20.12164,20.12164,,,,,,,,,,,,,1,ADB,,
ARM,Armenia,2004,17.50177,16.471704,,,,,,,17.501774,,,,,,1,IMF_GFS,1,3
ATG,Antigua and Barbuda,1990,18.129,,,,,,,18.128777,,18.129,,,,,1,IMF_WEO,,
ATG,Antigua and Barbuda,2026,18.566,,,,,,,,,,18.566,,,,1,IMF_WEO_forecast,,
ATG,Antigua and Barbuda,2021,23.397,,,,,,,23.396898,,23.397,,,,,1,IMF_WEO,,
ATG,Antigua and Barbuda,2016,23.779,,,,,,,23.778901,,23.779,,,,,1,IMF_WEO,,
ATG,Antigua and Barbuda,2017,22.605,,,,,,,22.604659,,22.605,,,,,1,IMF_WEO,,
ATG,Antigua and Barbuda,2007,23.82,,,,,,,23.820309,,23.82,,,,,1,IMF_WEO,,
ATG,Antigua and Barbuda,2011,21.087,,,,,,,21.086916,,21.087,,,,,1,IMF_WEO,,
ATG,Antigua and Barbuda,2010,19.964,,,,,,,19.964111,,19.964,,,,,1,IMF_WEO,,
ATG,Antigua and Barbuda,2009,32.08,,,,,,,32.079593,,32.08,,,,,1,IMF_WEO,,
ATG,Antigua and Barbuda,2008,23.21,,,,,,,23.210133,,23.21,,,,,1,IMF_WEO,,
ATG,Antigua and Barbuda,2005,21.544,,,,,,,21.543961,,21.544,,,,,1,IMF_WEO,,
ATG,Antigua and Barbuda,2013,20.7,,,,,,,20.70007,,20.7,,,,,1,IMF_WEO,,
ATG,Antigua and Barbuda,1999,20.303,,,,,,,20.303266,,20.303,,,,,1,IMF_WEO,,
ATG,Antigua and Barbuda,1994,21.154,,,,,,,21.153939,,21.154,,,,,1,IMF_WEO,,
ATG,Antigua and Barbuda,2012,18.532,,,,,,,18.532351,,18.532,,,,,1,IMF_WEO,,
ATG,Antigua and Barbuda,2003,24.253,,,,,,,24.253088,,24.253,,,,,1,IMF_WEO,,
ATG,Antigua and Barbuda,2001,24.19,,,,,,,24.190394,,24.19,,,,,1,IMF_WEO,,
ATG,Antigua and Barbuda,1993,19.427,,,,,,,19.427498,,19.427,,,,,1,IMF_WEO,,
ATG,Antigua and Barbuda,2020,25.993,,,,,,,25.992616,,25.993,,,,,1,IMF_WEO,,
ATG,Antigua and Barbuda,2015,24.827,,,,,,,24.82724,,24.827,,,,,1,IMF_WEO,,
ATG,Antigua and Barbuda,1995,20.987,,,,,,,20.986892,,20.987,,,,,1,IMF_WEO,,
ATG,Antigua and Barbuda,2029,18.509,,,,,,,,,,18.509001,,,,1,IMF_WEO_forecast,,
ATG,Antigua and Barbuda,1992,18.689,,,,,,,18.688695,,18.689,,,,,1,IMF_WEO,,
ATG,Antigua and Barbuda,2023,18.44306,,,,,,,18.443059,,,18.443001,,,,1,IMF_FPP,1,2
ATG,Antigua and Barbuda,2018,21.539,,,,,,,21.538746,,21.539,,,,,1,IMF_WEO,,
ATG,Antigua and Barbuda,2002,26.333,,,,,,,26.333386,,26.333,,,,,1,IMF_WEO,,
ATG,Antigua and Barbuda,2019,22.123,,,,,,,22.122993,,22.123,,,,,1,IMF_WEO,,
ATG,Antigua and Barbuda,2025,18.782,,,,,,,,,,18.782,,,,1,IMF_WEO_forecast,,
ATG,Antigua and Barbuda,2004,21.933,,,,,,,21.933221,,21.933,,,,,1,IMF_WEO,,
ATG,Antigua and Barbuda,2022,20.692,,,,,,,20.692064,,20.692,,,,,1,IMF_WEO,,
ATG,Antigua and Barbuda,2028,18.488,,,,,,,,,,18.488001,,,,1,IMF_WEO_forecast,,
ATG,Antigua and Barbuda,1998,20.661,,,,,,,20.660669,,20.661,,,,,1,IMF_WEO,,
ATG,Antigua and Barbuda,2024,18.471,,,,,,,,,,18.471001,,,,1,IMF_WEO_forecast,1,2
ATG,Antigua and Barbuda,2006,26.03,,,,,,,26.030117,,26.03,,,,,1,IMF_WEO,,
ATG,Antigua and Barbuda,1991,20.762,,,,,,,20.761627,,20.762,,,,,1,IMF_WEO,,
ATG,Antigua and Barbuda,1996,19.571,,,,,,,19.571446,,19.571,,,,,1,IMF_WEO,,
ATG,Antigua and Barbuda,1997,16.757,,,,,,,16.757488,,16.757,,,,,1,IMF_WEO,,
ATG,Antigua and Barbuda,2014,20.856,,,,,,,20.855637,,20.856,,,,,1,IMF_WEO,,
ATG,Antigua and Barbuda,2027,18.529,,,,,,,,,,18.528999,,,,1,IMF_WEO_forecast,,
ATG,Antigua and Barbuda,2000,21.103,,,,,,,21.102796,,21.103,,,,,1,IMF_WEO,,
AUS,Australia,1967,23.26753,,,,,,,26.371931,,,,,,,.8822839,IMF_FPP,,
AUS,Australia,1924,4.268031,,,,,,,4.8374801,,,,,,,.8822839,IMF_FPP,,
AUS,Australia,1945,19.96159,,,,,,,22.624901,,,,,,,.8822839,IMF_FPP,,
AUS,Australia,1988,33.9682,,,,,,,34.607643,29.714692,30.673,,,,,1.10743,IMF_WEO,1,5
AUS,Australia,1948,11.27876,,,,,,,12.7836,,,,,,,.8822839,IMF_FPP,,
AUS,Australia,1910,2.350872,,,,,,,2.66453,,,,,,,.8822839,IMF_FPP,,
AUS,Australia,1892,,,,,,,,,,,,,,,.8822839,IMF_FPP,,
AUS,Australia,1950,10.77983,,,,,,,12.2181,,,,,,,.8822839,IMF_FPP,,
AUS,Australia,1880,,,,,,,,,,,,,,,.8822839,IMF_FPP,,
AUS,Australia,2020,47.05378,41.993089,,,,,,44.372145,40.07192,44.372,,47.053781,,,1,OECD_EO,,
AUS,Australia,1953,11.70817,,,,,,,13.2703,,,,,,,.8822839,IMF_FPP,,
AUS,Australia,1999,33.89913,,,,,,,34.532963,33.86509,36.218,,33.899133,,,1,OECD_EO,,
AUS,Australia,1898,,,,,,,,,,,,,,,.8822839,IMF_FPP,,
AUS,Australia,1963,20.26121,,,,,,,22.9645,,,,,,,.8822839,IMF_FPP,,
AUS,Australia,1952,13.0151,,,,,,,14.7516,,,,,,,.8822839,IMF_FPP,,
AUS,Australia,2009,37.31618,36.636117,,,,,,36.968231,34.784372,37.753,,37.316178,,,1,OECD_EO,,
AUS,Australia,1971,22.98513,,,,,,,26.051857,,,,,,,.8822839,IMF_FPP,1,5
AUS,Australia,1982,31.79768,,,,,,,36.660042,27.815964,,,,,,1.143145,IMF_GFS,,
AUS,Australia,1977,31.23781,,,,,,,34.083324,27.326196,,,,,,1.143145,IMF_GFS,,
AUS,Australia,1887,,,,,,,,,,,,,,,.8822839,IMF_FPP,,
AUS,Australia,1886,,,,,,,,,,,,,,,.8822839,IMF_FPP,,
AUS,Australia,1984,35.44933,,,,,,,38.412796,31.01035,,,,,,1.143145,IMF_GFS,,
AUS,Australia,2012,35.98424,36.535048,,,,,,36.506769,34.43146,36.507,,35.984237,,,1,OECD_EO,,
AUS,Australia,1940,6.238374,,,,,,,7.0707102,,,,,,,.8822839,IMF_FPP,,
AUS,Australia,1991,35.77453,,,,,,,38.093281,31.52462,33.061,,35.774533,,,1,OECD_EO,,
AUS,Australia,1996,35.35746,,,,,,,36.051075,,33.538,,35.357464,,,1,OECD_EO,,
AUS,Australia,1995,35.77201,,,,,,,36.876751,,33.683,,35.772005,,,1,OECD_EO,,
AUS,Australia,2003,33.57336,34.662337,,,,,,34.653545,32.994235,34.906,,33.573363,,,1,OECD_EO,,
AUS,Australia,2005,34.01977,34.743939,,,,,,33.93446,32.604822,34.58,,34.019769,,,1,OECD_EO,,
AUS,Australia,1893,,,,,,,,,,,,,,,.8822839,IMF_FPP,,
AUS,Australia,1863,,,,,,,,,,,,,,,.8822839,IMF_FPP,,
AUS,Australia,1912,2.536266,,,,,,,2.87466,,,,,,,.8822839,IMF_FPP,,
AUS,Australia,2014,35.53106,36.525463,,,,,,36.737248,34.879203,36.737,,35.531061,,,1,OECD_EO,,
AUS,Australia,2007,33.7923,34.269891,,,,,,33.611923,31.734328,34.304,,33.792302,,,1,OECD_EO,,
AUS,Australia,2013,35.33178,36.239865,,,,,,36.359536,34.382053,36.36,,35.33178,,,1,OECD_EO,,
AUS,Australia,1885,,,,,,,,,,,,,,,.8822839,IMF_FPP,,
AUS,Australia,2024,38.89338,,,,,,,,,,38.014,38.89338,,,1,OECD_EO,,
AUS,Australia,1958,10.52988,,,,,,,11.9348,,,,,,,.8822839,IMF_FPP,,
AUS,Australia,1883,,,,,,,,,,,,,,,.8822839,IMF_FPP,,
AUS,Australia,1939,4.753375,,,,,,,5.3875799,,,,,,,.8822839,IMF_FPP,,
AUS,Australia,1920,6.787878,,,,,,,7.6935301,,,,,,,.8822839,IMF_FPP,,
AUS,Australia,1860,10.73176,,,,,,,,,,,,13.7865,,.7784249,CS2,1,5
AUS,Australia,1909,2.140271,,,,,,,2.4258299,,,,,,,.8822839,IMF_FPP,,
AUS,Australia,1976,31.09158,,,,,,,33.289261,27.198281,,,,,,1.143145,IMF_GFS,,
AUS,Australia,1933,4.920965,,,,,,,5.5775299,,,,,,,.8822839,IMF_FPP,,
AUS,Australia,1975,28.89514,,,,,,,33.032196,25.276882,,,,,,1.143145,IMF_GFS,,
AUS,Australia,1990,33.58307,,,,,,,36.098598,29.057901,30.475,,33.583074,,,1,OECD_EO,,
AUS,Australia,2025,39.22001,,,,,,,,,,38.026001,39.220007,,,1,OECD_EO,,
AUS,Australia,1864,,,,,,,,,,,,,,,.8822839,IMF_FPP,,
AUS,Australia,1913,2.420228,,,,,,,2.74314,,,,,,,.8822839,IMF_FPP,,
AUS,Australia,1904,2.284489,,,,,,,2.5892899,,,,,,,.8822839,IMF_FPP,,
AUS,Australia,1987,35.26807,,,,,,,36.041851,30.851793,,,,,,1.143145,IMF_GFS,1,5
AUS,Australia,1969,21.79794,,,,,,,24.706264,,,,,,,.8822839,IMF_FPP,,
AUS,Australia,1881,,,,,,,,,,,,,,,.8822839,IMF_FPP,,
AUS,Australia,1900,,,,,,,,,,,,,,,.8822839,IMF_FPP,,
AUS,Australia,1983,34.76228,,,,,,,37.044331,30.409333,,,,,,1.143145,IMF_GFS,,
AUS,Australia,1914,2.501848,,,,,,,2.83565,,,,,,,.8822839,IMF_FPP,,
AUS,Australia,1928,4.413952,,,,,,,5.0028701,,,,,,,.8822839,IMF_FPP,,
AUS,Australia,1871,,,,,,,,,,,,,,,.8822839,IMF_FPP,,
AUS,Australia,1872,,,,,,,,,,,,,,,.8822839,IMF_FPP,,
AUS,Australia,1877,,,,,,,,,,,,,,,.8822839,IMF_FPP,,
AUS,Australia,1951,11.61959,,,,,,,13.1699,,,,,,,.8822839,IMF_FPP,,
AUS,Australia,1867,,,,,,,,,,,,,,,.8822839,IMF_FPP,,
AUS,Australia,1891,,,,,,,,,,,,,,,.8822839,IMF_FPP,,
AUS,Australia,1944,21.86723,,,,,,,24.7848,,,,,,,.8822839,IMF_FPP,,
AUS,Australia,1936,4.501104,,,,,,,5.1016502,,,,,,,.8822839,IMF_FPP,,
AUS,Australia,1968,22.3074,,,,,,,25.283699,,,,,,,.8822839,IMF_FPP,,
AUS,Australia,2011,36.14127,36.337619,,,,,,36.306504,33.095494,36.307,,36.141266,,,1,OECD_EO,,
AUS,Australia,1947,13.56926,,,,,,,15.3797,,,,,,,.8822839,IMF_FPP,,
AUS,Australia,1998,34.14608,,,,,,,34.996719,,34.643,,34.146085,,,1,OECD_EO,,
AUS,Australia,2018,35.78332,36.800851,,,,,,36.81917,34.055306,36.819,,35.783322,,,1,OECD_EO,,
AUS,Australia,1873,,,,,,,,,,,,,,,.8822839,IMF_FPP,,
AUS,Australia,2019,36.07088,36.828643,,,,,,38.863728,34.009233,38.864,,36.070879,,,1,OECD_EO,,
AUS,Australia,1878,,,,,,,,,,,,,,,.8822839,IMF_FPP,,
AUS,Australia,1961,20.59408,,,,,,,23.341787,,,,,,,.8822839,IMF_FPP,,
AUS,Australia,1957,10.59641,,,,,,,12.0102,,,,,,,.8822839,IMF_FPP,,
AUS,Australia,1859,10.11841,,,,,,,,,,,,12.99856,,.7784249,CS2,,
AUS,Australia,1938,4.299767,,,,,,,4.8734498,,,,,,,.8822839,IMF_FPP,,
AUS,Australia,1916,6.155042,,,,,,,6.9762602,,,,,,,.8822839,IMF_FPP,,
AUS,Australia,1949,11.22239,,,,,,,12.7197,,,,,,,.8822839,IMF_FPP,,
AUS,Australia,1935,4.842707,,,,,,,5.4888301,,,,,,,.8822839,IMF_FPP,,
AUS,Australia,1931,5.641959,,,,,,,6.3947201,,,,,,,.8822839,IMF_FPP,,
AUS,Australia,1934,4.762772,,,,,,,5.3982301,,,,,,,.8822839,IMF_FPP,,
AUS,Australia,1978,32.00799,,,,,,,33.206844,27.999937,,,,,,1.143145,IMF_GFS,,
AUS,Australia,1917,7.596968,,,,,,,8.61057,,,,,,,.8822839,IMF_FPP,,
AUS,Australia,1861,,,,,,,,,,,,,,,.8822839,IMF_FPP,,
AUS,Australia,1903,2.494305,,,,,,,2.8271,,,,,,,.8822839,IMF_FPP,,
AUS,Australia,1906,2.191893,,,,,,,2.48434,,,,,,,.8822839,IMF_FPP,,
AUS,Australia,1966,22.61174,,,,,,,25.628641,,,,,,,.8822839,IMF_FPP,,
AUS,Australia,1901,1.031787,,,,,,,1.16945,,,,,,,.8822839,IMF_FPP,,
AUS,Australia,2021,39.87856,44.087106,,,,,,41.696101,39.886447,41.696,,39.878559,,,1,OECD_EO,,
AUS,Australia,1896,,,,,,,,,,,,,,,.8822839,IMF_FPP,,
AUS,Australia,1884,,,,,,,,,,,,,,,.8822839,IMF_FPP,,
AUS,Australia,2022,37.42392,39.372053,,,,,,37.561634,35.358508,,37.562,37.423924,,,1,OECD_EO,,
AUS,Australia,1911,2.360498,,,,,,,2.6754401,,,,,,,.8822839,IMF_FPP,,
AUS,Australia,1855,8.097832,,,,,,,,,,,,10.40284,,.7784249,CS2,,
AUS,Australia,1879,,,,,,,,,,,,,,,.8822839,IMF_FPP,,
AUS,Australia,1869,,,,,,,,,,,,,,,.8822839,IMF_FPP,,
AUS,Australia,1868,,,,,,,,,,,,,,,.8822839,IMF_FPP,,
AUS,Australia,1972,23.84254,,,,,,,27.023659,20.856967,,,,,,1.143145,IMF_GFS,,
AUS,Australia,1866,,,,,,,,,,,,,,,.8822839,IMF_FPP,,
AUS,Australia,1993,36.23507,,,,,,,37.947174,33.034526,34.14,,36.235069,,,1,OECD_EO,,
AUS,Australia,1959,9.851935,,,,,,,11.1664,,,,,,,.8822839,IMF_FPP,,
AUS,Australia,1890,,,,,,,,,,,,,,,.8822839,IMF_FPP,,
AUS,Australia,1946,16.56347,,,,,,,18.773399,,,,,,,.8822839,IMF_FPP,,
AUS,Australia,1897,,,,,,,,,,,,,,,.8822839,IMF_FPP,,
AUS,Australia,1853,7.795882,,,,,,,,,,,,10.01494,,.7784249,CS2,,
AUS,Australia,1997,34.62371,,,,,,,34.802876,,32.822,,34.623713,,,1,OECD_EO,,
AUS,Australia,1919,8.321976,,,,,,,9.4323101,,,,,,,.8822839,IMF_FPP,,
AUS,Australia,1918,7.584986,,,,,,,8.5969896,,,,,,,.8822839,IMF_FPP,,
AUS,Australia,2017,35.89117,36.720648,,,,,,36.735684,34.479274,36.736,,35.891173,,,1,OECD_EO,,
AUS,Australia,2015,35.75312,37.046887,,,,,,37.246209,35.510807,37.246,,35.753123,,,1,OECD_EO,,
AUS,Australia,2029,38.80721,,,,,,,,,,37.167,,,,1.044131,IMF_WEO_forecast,,
AUS,Australia,1870,,,,,,,,,,,,,,,.8822839,IMF_FPP,,
AUS,Australia,1981,30.94545,,,,,,,33.389664,27.070451,,,,,,1.143145,IMF_GFS,,
AUS,Australia,1902,2.245448,,,,,,,2.5450399,,,,,,,.8822839,IMF_FPP,,
AUS,Australia,1964,20.73586,,,,,,,23.502483,,,,,,,.8822839,IMF_FPP,,
AUS,Australia,1937,4.326632,,,,,,,4.9039001,,,,,,,.8822839,IMF_FPP,,
AUS,Australia,1923,4.090056,,,,,,,4.6357598,,,,,,,.8822839,IMF_FPP,,
AUS,Australia,1856,9.349462,,,,,,,,,,,,12.01074,,.7784249,CS2,,
AUS,Australia,1922,4.930035,,,,,,,5.58781,,,,,,,.8822839,IMF_FPP,,
AUS,Australia,1921,5.854228,,,,,,,6.6353102,,,,,,,.8822839,IMF_FPP,,
AUS,Australia,2026,38.91789,,,,,,,,,,37.272999,38.91789,,,1,OECD_EO,,
AUS,Australia,1979,30.8041,,,,,,,32.516582,26.946801,,,,,,1.143145,IMF_GFS,,
AUS,Australia,1907,2.095221,,,,,,,2.3747699,,,,,,,.8822839,IMF_FPP,,
AUS,Australia,2023,37.74669,36.896481,,,,,,37.200194,,,37.200001,37.746692,,,1,OECD_EO,,
AUS,Australia,1899,,,,,,,,,,,,,,,.8822839,IMF_FPP,,
AUS,Australia,1854,9.925242,,,,,,,,,,,,12.75042,,.7784249,CS2,,
AUS,Australia,1852,4.5264,,,,,,,,,,,,5.814819,,.7784249,CS2,,
AUS,Australia,1889,,,,,,,,,,,,,,,.8822839,IMF_FPP,,
AUS,Australia,2002,34.29884,35.290027,,,,,,34.462181,33.544258,34.917,,34.298845,,,1,OECD_EO,,
AUS,Australia,1851,5.970187,,,,,,,,,,,,7.669573,,.7784249,CS2,,
AUS,Australia,2008,34.3793,34.116659,,,,,,36.076099,31.223898,35.078,,34.379301,,,1,OECD_EO,,
AUS,Australia,2000,35.13446,34.808367,,,,,,35.633015,32.783553,35.211,,35.134466,,,1,OECD_EO,,
AUS,Australia,1895,,,,,,,,,,,,,,,.8822839,IMF_FPP,,
AUS,Australia,2027,38.73412,,,,,,,,,,37.097,,,,1.044131,IMF_WEO_forecast,1,5
AUS,Australia,1930,4.828334,,,,,,,5.4725399,,,,,,,.8822839,IMF_FPP,,
AUS,Australia,1956,10.24314,,,,,,,11.6098,,,,,,,.8822839,IMF_FPP,,
AUS,Australia,1862,,,,,,,,,,,,,,,.8822839,IMF_FPP,,
AUS,Australia,1875,,,,,,,,,,,,,,,.8822839,IMF_FPP,,
AUS,Australia,1985,35.51403,,,,,,,38.734005,31.066954,,,,,,1.143145,IMF_GFS,,
AUS,Australia,2016,36.34838,37.369374,,,,,,37.262786,35.234599,37.263,,36.348385,,,1,OECD_EO,,
AUS,Australia,1888,,,,,,,,,,,,,,,.8822839,IMF_FPP,,
AUS,Australia,1965,22.79143,,,,,,,25.832306,,,,,,,.8822839,IMF_FPP,,
AUS,Australia,1929,4.432038,,,,,,,5.0233698,,,,,,,.8822839,IMF_FPP,,
AUS,Australia,1941,10.52979,,,,,,,11.9347,,,,,,,.8822839,IMF_FPP,,
AUS,Australia,1980,30.7096,,,,,,,33.210144,26.864129,,,,,,1.143145,IMF_GFS,,
AUS,Australia,1973,23.44991,,,,,,,26.591579,20.513504,,,,,,1.143145,IMF_GFS,,
AUS,Australia,1874,,,,,,,,,,,,,,,.8822839,IMF_FPP,,
AUS,Australia,2001,35.04227,35.67632,,,,,,35.122288,34.026951,35.622,,35.042271,,,1,OECD_EO,,
AUS,Australia,1908,2.436153,,,,,,,2.7611899,,,,,,,.8822839,IMF_FPP,,
AUS,Australia,1986,36.29392,,,,,,,38.413475,31.74918,,,,,,1.143145,IMF_GFS,,
AUS,Australia,1970,22.33614,,,,,,,25.316267,,,,,,,.8822839,IMF_FPP,,
AUS,Australia,1989,32.77882,,,,,,,34.454964,28.245587,29.599,,32.778825,,,1,OECD_EO,,
AUS,Australia,2006,33.78109,34.379267,,,,,,33.741989,32.034565,34.537,,33.781093,,,1,OECD_EO,,
AUS,Australia,1974,23.58954,,,,,,,30.912184,20.635646,,,,,,1.143145,IMF_GFS,,
AUS,Australia,1915,4.242965,,,,,,,4.8090701,,,,,,,.8822839,IMF_FPP,,
AUS,Australia,1943,21.51687,,,,,,,24.387699,,,,,,,.8822839,IMF_FPP,,
AUS,Australia,2004,34.24642,34.732765,,,,,,34.699104,32.954887,34.835,,34.246421,,,1,OECD_EO,,
AUS,Australia,1858,8.917396,,,,,,,,,,,,11.45569,,.7784249,CS2,,
AUS,Australia,1850,3.771335,,,,,,,,,,,,4.844829,,.7784249,CS2,,
AUS,Australia,1925,3.811961,,,,,,,4.32056,,,,,,,.8822839,IMF_FPP,,
AUS,Australia,1876,,,,,,,,,,,,,,,.8822839,IMF_FPP,,
AUS,Australia,2010,36.33614,37.639846,,,,,,37.157299,33.643279,36.948,,36.336137,,,1,OECD_EO,,
AUS,Australia,1960,19.25596,,,,,,,21.825125,,,,,,,.8822839,IMF_FPP,,
AUS,Australia,1894,,,,,,,,,,,,,,,.8822839,IMF_FPP,,
AUS,Australia,1865,,,,,,,,,,,,,,,.8822839,IMF_FPP,,
AUS,Australia,1992,36.90969,,,,,,,38.039131,32.84861,34.058,,36.909687,,,1,OECD_EO,,
AUS,Australia,1882,,,,,,,,,,,,,,,.8822839,IMF_FPP,,
AUS,Australia,2028,38.77694,,,,,,,,,,37.138,,,,1.044131,IMF_WEO_forecast,,
AUS,Australia,1927,4.220061,,,,,,,4.7831101,,,,,,,.8822839,IMF_FPP,,
AUS,Australia,1932,5.373912,,,,,,,6.09091,,,,,,,.8822839,IMF_FPP,,
AUS,Australia,1926,4.313036,,,,,,,4.8884902,,,,,,,.8822839,IMF_FPP,,
AUS,Australia,1905,2.285195,,,,,,,2.59009,,,,,,,.8822839,IMF_FPP,,
AUS,Australia,1962,20.02976,,,,,,,22.702168,,,,,,,.8822839,IMF_FPP,,
AUS,Australia,1955,10.38201,,,,,,,11.7672,,,,,,,.8822839,IMF_FPP,,
AUS,Australia,1954,10.67978,,,,,,,12.1047,,,,,,,.8822839,IMF_FPP,,
AUS,Australia,1857,9.020501,,,,,,,,,,,,11.58815,,.7784249,CS2,,
AUS,Australia,1994,36.32961,,,,,,,37.745152,32.955258,33.742,,36.329606,,,1,OECD_EO,,
AUS,Australia,1942,14.94615,,,,,,,16.9403,,,,,,,.8822839,IMF_FPP,,
AUT,Austria,1980,49.51846,,,,,,,50.0084,42.248125,,,49.518464,,,1,OECD_EO,,
AUT,Austria,2022,52.9931,,52.96502,,,53,,52.965095,51.742107,52.965,,52.993094,,,1,OECD_EO,,
AUT,Austria,1977,47.35802,,,,,,,47.635201,39.090841,,,47.358025,,,1,OECD_EO,,
AUT,Austria,1982,51.35135,,,,,,,52.030701,44.417612,,,51.351354,,,1,OECD_EO,,
AUT,Austria,1910,17.34477,,,,,,,17.325001,,,,,,,1.001141,IMF_FPP,,
AUT,Austria,1960,36.33561,,,,,,,36.294201,,,,36.335605,,,1,OECD_EO,,
AUT,Austria,1986,53.61596,,,,,,,54.2616,46.817594,,,53.61596,,,1,OECD_EO,,
AUT,Austria,1903,16.12958,,,,,,,16.1112,,,,,,,1.001141,IMF_FPP,,
AUT,Austria,1991,52.38985,,,,,,,52.587002,45.181383,47.594,,52.389856,,,1,OECD_EO,,
AUT,Austria,1887,12.82782,,,,,,,12.8132,,,,,,,1.001141,IMF_FPP,,
AUT,Austria,1915,,,,,,,,,,,,,,,1.001141,IMF_FPP,,
AUT,Austria,2027,52.88647,,54.4427,,,,,,,,52.778,,,,.9714152,AMECO,1,3
AUT,Austria,1949,33.85278,,,,,,,33.814201,,,,,,,1.001141,IMF_FPP,,
AUT,Austria,1933,14.31782,,,,,,,14.3015,,,,,,,1.001141,IMF_FPP,,
AUT,Austria,1942,,,,,,,,,,,,,,,1.001141,IMF_FPP,,
AUT,Austria,1968,40.99489,,,,,,,40.8932,,,,40.994887,,,1,OECD_EO,,
AUT,Austria,1941,,,,,,,,,,,,,,,1.001141,IMF_FPP,,
AUT,Austria,2021,56.05513,,56.02653,,,56,,56.181575,55.497119,56.182,,56.055127,,,1,OECD_EO,,
AUT,Austria,1907,17.96317,,,,,,,17.942699,,,,,,,1.001141,IMF_FPP,,
AUT,Austria,2020,57.43633,,57.31283,,,57.3,,56.805848,56.806891,56.806,,57.436327,,,1,OECD_EO,,
AUT,Austria,1925,13.72794,,,,,,,13.7123,,,,,,,1.001141,IMF_FPP,,
AUT,Austria,1936,15.57565,,,,,,,15.5579,,,,,,,1.001141,IMF_FPP,,
AUT,Austria,1934,16.65598,,,,,,,16.636999,,,,,,,1.001141,IMF_FPP,,
AUT,Austria,1888,12.74512,,,,,,,12.7306,,,,,,,1.001141,IMF_FPP,,
AUT,Austria,2019,49.07569,,49.07393,,,49.1,,48.674144,48.458068,48.674,,49.075689,,,1,OECD_EO,,
AUT,Austria,1978,50.44771,,,,,,,50.770901,41.968758,,,50.447708,,,1,OECD_EO,,
AUT,Austria,1946,,,,,,,,,,,,,,,1.001141,IMF_FPP,,
AUT,Austria,2014,52.38501,,52.39619,,,52.4,,52.43075,51.792985,52.431,,52.38501,,,1,OECD_EO,,
AUT,Austria,1890,13.46224,,,,,,,13.4469,,,,,,,1.001141,IMF_FPP,,
AUT,Austria,1998,52.67678,,52.6476,,,52.6,,53.709,51.932501,54.054,,52.67678,,,1,OECD_EO,,
AUT,Austria,1891,17.22703,,,,,,,17.207399,,,,,,,1.001141,IMF_FPP,,
AUT,Austria,1919,,,,,,,,,,,,,,,1.001141,IMF_FPP,,
AUT,Austria,1975,46.22016,,,,,,,46.0928,38.409946,,,46.220161,,,1,OECD_EO,,
AUT,Austria,1963,38.68383,,,,,,,38.636398,,,,38.683827,,,1,OECD_EO,,
AUT,Austria,1943,,,,,,,,,,,,,,,1.001141,IMF_FPP,,
AUT,Austria,2023,52.61445,,52.2084,,,52.2,,51.979425,51.180388,,51.979,52.61445,,,1,OECD_EO,,
AUT,Austria,1948,32.78286,,,,,,,32.745499,,,,,,,1.001141,IMF_FPP,,
AUT,Austria,1944,,,,,,,,,,,,,,,1.001141,IMF_FPP,,
AUT,Austria,1966,38.78488,,,,,,,38.746201,,,,38.784878,,,1,OECD_EO,,
AUT,Austria,1912,17.31003,,,,,,,17.2903,,,,,,,1.001141,IMF_FPP,,
AUT,Austria,1935,17.24065,,,,,,,17.221001,,,,,,,1.001141,IMF_FPP,,
AUT,Austria,1929,16.47868,,,,,,,16.4599,,,,,,,1.001141,IMF_FPP,,
AUT,Austria,1928,16.94571,,,,,,,16.926399,,,,,,,1.001141,IMF_FPP,,
AUT,Austria,1926,15.60148,,,,,,,15.5837,,,,,,,1.001141,IMF_FPP,,
AUT,Austria,1881,14.24894,,,,,,,14.2327,,,,,,,1.001141,IMF_FPP,,
AUT,Austria,1923,,,,,,,,,,,,,,,1.001141,IMF_FPP,,
AUT,Austria,1921,,,,,,,,,,,,,,,1.001141,IMF_FPP,,
AUT,Austria,1931,22.52567,,,,,,,22.5,,,,,,,1.001141,IMF_FPP,,
AUT,Austria,1901,16.27174,,,,,,,16.253201,,,,,,,1.001141,IMF_FPP,,
AUT,Austria,1889,14.33123,,,,,,,14.3149,,,,,,,1.001141,IMF_FPP,,
AUT,Austria,1994,55.82104,,,,,,,56.119999,49.015236,54.019,,55.82104,,,1,OECD_EO,,
AUT,Austria,1918,,,,,,,,,,,,,,,1.001141,IMF_FPP,,
AUT,Austria,1955,24.25564,,,,,,,24.228001,,,,,,,1.001141,IMF_FPP,,
AUT,Austria,1898,15.86518,,,,,,,15.8471,,,,,,,1.001141,IMF_FPP,,
AUT,Austria,1962,37.57633,,,,,,,37.5606,,,,37.576333,,,1,OECD_EO,,
AUT,Austria,1886,12.68756,,,,,,,12.6731,,,,,,,1.001141,IMF_FPP,,
AUT,Austria,1954,24.64669,,,,,,,24.618601,,,,,,,1.001141,IMF_FPP,,
AUT,Austria,1969,40.77178,,,,,,,40.687401,,,,40.771783,,,1,OECD_EO,,
AUT,Austria,1958,28.41418,,,,,,,28.3818,,,,,,,1.001141,IMF_FPP,,
AUT,Austria,2017,49.76703,,49.82104,,,49.8,,49.298818,49.172345,49.299,,49.76703,,,1,OECD_EO,,
AUT,Austria,1917,,,,,,,,,,,,,,,1.001141,IMF_FPP,,
AUT,Austria,1973,41.5853,,,,,,,41.501801,33.872105,,,41.585303,,,1,OECD_EO,,
AUT,Austria,2005,51.68122,,51.67274,,,51.7,,49.985199,51.025071,51.155,,51.681226,,,1,OECD_EO,,
AUT,Austria,1993,56.1553,,,,,,,56.429699,48.904457,54.009,,56.155302,,,1,OECD_EO,,
AUT,Austria,1959,27.3778,,,,,,,27.3466,,,,,,,1.001141,IMF_FPP,1,3
AUT,Austria,2024,54.12844,,55.18623,,,55.2,,,,,53.373001,54.128439,,,1,OECD_EO,,
AUT,Austria,2000,51.39979,,51.44933,,,51.4,,51.942799,51.070403,50.654,,51.399793,,,1,OECD_EO,,
AUT,Austria,2008,50.4467,,50.40433,,,50.4,,49.3354,49.356077,49.874,,50.446705,,,1,OECD_EO,,
AUT,Austria,1899,14.97967,,,,,,,14.9626,,,,,,,1.001141,IMF_FPP,,
AUT,Austria,1965,38.38066,,,,,,,38.348499,,,,38.380663,,,1,OECD_EO,,
AUT,Austria,1979,49.39569,,,,,,,49.756001,41.515183,,,49.395689,,,1,OECD_EO,,
AUT,Austria,1885,12.59035,,,,,,,12.576,,,,,,,1.001141,IMF_FPP,,
AUT,Austria,2011,51.3345,,51.34072,,,51.3,,50.89695,50.823771,50.897,,51.334496,,,1,OECD_EO,,
AUT,Austria,1976,47.74868,,,,,,,47.940102,39.329419,,,47.748679,,,1,OECD_EO,,
AUT,Austria,1939,,,,,,,,,,,,,,,1.001141,IMF_FPP,,
AUT,Austria,2025,54.06937,,55.19746,,,,,,,,53.279999,54.069376,,,1,OECD_EO,,
AUT,Austria,1930,19.82359,,,,,,,19.801001,,,,,,,1.001141,IMF_FPP,,
AUT,Austria,1916,,,,,,,,,,,,,,,1.001141,IMF_FPP,,
AUT,Austria,1897,16.4933,,,,,,,16.474501,,,,,,,1.001141,IMF_FPP,,
AUT,Austria,2028,52.74518,,,,,,,,,,52.637001,,,,1.002055,IMF_WEO_forecast,1,3
AUT,Austria,2015,51.24755,,51.21582,,,51.2,,51.131483,50.688031,51.131,,51.247549,,,1,OECD_EO,,
AUT,Austria,2002,51.5826,,51.61179,,,51.6,,50.673901,50.925656,51.054,,51.582599,,,1,OECD_EO,,
AUT,Austria,1927,16.53544,,,,,,,16.5166,,,,,,,1.001141,IMF_FPP,,
AUT,Austria,1950,36.39888,,,,,,,36.357399,,,,,,,1.001141,IMF_FPP,,
AUT,Austria,1961,35.71714,,,,,,,35.7136,,,,35.717136,,,1,OECD_EO,,
AUT,Austria,2018,49.19835,,49.19275,,,49.2,,48.757755,48.561102,48.758,,49.198351,,,1,OECD_EO,,
AUT,Austria,1951,26.31098,,,,,,,26.281,,,,,,,1.001141,IMF_FPP,,
AUT,Austria,1937,14.40542,,,,,,,14.389,,,,,,,1.001141,IMF_FPP,,
AUT,Austria,1990,51.2533,,,,,,,51.5051,44.242137,46.57,,51.2533,,,1,OECD_EO,,
AUT,Austria,1906,14.34274,,,,,,,14.3264,,,,,,,1.001141,IMF_FPP,,
AUT,Austria,2029,52.79428,,,,,,,,,,52.686001,,,,1.002055,IMF_WEO_forecast,,
AUT,Austria,1880,11.37706,,,,,,,11.3641,,,,,,,1.001141,IMF_FPP,,
AUT,Austria,2006,50.85914,,50.91987,,,50.9,,49.141399,50.364011,50.38,,50.85914,,,1,OECD_EO,,
AUT,Austria,1905,15.05666,,,,,,,15.0395,,,,,,,1.001141,IMF_FPP,,
AUT,Austria,1983,51.81013,,,,,,,52.437801,44.709691,,,51.810131,,,1,OECD_EO,,
AUT,Austria,1892,15.02422,,,,,,,15.0071,,,,,,,1.001141,IMF_FPP,,
AUT,Austria,1902,16.15341,,,,,,,16.135,,,,,,,1.001141,IMF_FPP,,
AUT,Austria,1940,,,,,,,,,,,,,,,1.001141,IMF_FPP,,
AUT,Austria,1997,52.68377,,52.67962,,,52.7,,53.471901,52.055099,52.276,,52.683766,,,1,OECD_EO,,
AUT,Austria,2001,51.77202,,51.81541,,,51.8,,51.294998,51.51104,51.355,,51.772021,,,1,OECD_EO,,
AUT,Austria,1882,11.68311,,,,,,,11.6698,,,,,,,1.001141,IMF_FPP,,
AUT,Austria,1970,39.59666,,,,,,,39.541599,,,,39.596659,,,1,OECD_EO,,
AUT,Austria,1909,22.25106,,,,,,,22.2257,,,,,,,1.001141,IMF_FPP,,
AUT,Austria,1945,,,,,,,,,,,,,,,1.001141,IMF_FPP,,
AUT,Austria,1999,52.47985,,52.41138,,,52.4,,53.418499,51.860671,50.305,,52.479851,,,1,OECD_EO,,
AUT,Austria,1932,20.16958,,,,,,,20.146601,,,,,,,1.001141,IMF_FPP,,
AUT,Austria,2007,49.69895,,49.71972,,,49.7,,48.602501,48.864553,49.245,,49.698953,,,1,OECD_EO,,
AUT,Austria,1967,40.8038,,,,,,,40.730598,,,,40.803797,,,1,OECD_EO,,
AUT,Austria,1920,,,,,,,,,,,,,,,1.001141,IMF_FPP,,
AUT,Austria,2009,54.63923,,54.5974,,,54.6,,52.8932,53.637245,54.145,,54.639229,,,1,OECD_EO,,
AUT,Austria,1988,52.91764,,,,,,,53.099098,45.595867,47.57,,52.917642,,,1,OECD_EO,,
AUT,Austria,1972,40.12381,,,,,,,40.067501,31.866919,,,40.123805,,,1,OECD_EO,,
AUT,Austria,1900,15.60538,,,,,,,15.5876,,,,,,,1.001141,IMF_FPP,,
AUT,Austria,1971,40.06872,,,,,,,40.0326,,,,40.068719,,,1,OECD_EO,,
AUT,Austria,1952,22.10048,,,,,,,22.0753,,,,,,,1.001141,IMF_FPP,,
AUT,Austria,1956,24.27556,,,,,,,24.2479,,,,,,,1.001141,IMF_FPP,,
AUT,Austria,1914,,,,,,,,,,,,,,,1.001141,IMF_FPP,,
AUT,Austria,1895,14.20128,,,,,,,14.1851,,,,,,,1.001141,IMF_FPP,,
AUT,Austria,1922,,,,,,,,,,,,,,,1.001141,IMF_FPP,,
AUT,Austria,1953,26.36705,,,,,,,26.337,,,,,,,1.001141,IMF_FPP,,
AUT,Austria,1908,16.91998,,,,,,,16.9007,,,,,,,1.001141,IMF_FPP,,
AUT,Austria,2016,50.65161,,50.63977,,,50.6,,50.071307,50.125758,50.071,,50.651611,,,1,OECD_EO,,
AUT,Austria,2012,51.76633,,51.75352,,,51.8,,51.212745,51.389445,51.213,,51.766334,,,1,OECD_EO,,
AUT,Austria,2010,53.4207,,53.35698,,,53.4,,52.525902,52.554676,52.84,,53.420701,,,1,OECD_EO,,
AUT,Austria,1884,17.55921,,,,,,,17.5392,,,,,,,1.001141,IMF_FPP,,
AUT,Austria,1893,16.16051,,,,,,,16.142099,,,,,,,1.001141,IMF_FPP,,
AUT,Austria,1985,52.79187,,,,,,,53.5177,46.161303,,,52.791872,,,1,OECD_EO,,
AUT,Austria,1938,,,,,,,,,,,,,,,1.001141,IMF_FPP,,
AUT,Austria,1992,53.10445,,,,,,,53.382801,45.898561,49.003,,53.104446,,,1,OECD_EO,,
AUT,Austria,1989,51.42545,,,,,,,51.608898,44.246972,46.284,,51.425453,,,1,OECD_EO,,
AUT,Austria,1995,56.01698,,56.03221,,,56,,56.311001,55.13011,55.821,,56.016976,,,1,OECD_EO,,
AUT,Austria,1981,50.91711,,,,,,,51.521,43.714093,,,50.917112,,,1,OECD_EO,,
AUT,Austria,1974,42.10503,,,,,,,42.0256,34.484713,,,42.105034,,,1,OECD_EO,,
AUT,Austria,2026,53.30715,,54.87576,,,,,,,,53.056999,53.307152,,,1,OECD_EO,,
AUT,Austria,1894,15.91434,,,,,,,15.8962,,,,,,,1.001141,IMF_FPP,,
AUT,Austria,1924,14.71437,,,,,,,14.6976,,,,,,,1.001141,IMF_FPP,,
AUT,Austria,1957,25.86057,,,,,,,25.8311,,,,,,,1.001141,IMF_FPP,,
AUT,Austria,1913,,,,,,,,,,,,,,,1.001141,IMF_FPP,,
AUT,Austria,2003,51.7425,,51.76258,,,51.8,,51.320999,51.250797,51.271,,51.742499,,,1,OECD_EO,,
AUT,Austria,1883,11.79264,,,,,,,11.7792,,,,,,,1.001141,IMF_FPP,,
AUT,Austria,1996,56.00579,,55.96394,,,56,,55.861198,55.029122,55.629,,56.005789,,,1,OECD_EO,,
AUT,Austria,1911,17.09498,,,,,,,17.0755,,,,,,,1.001141,IMF_FPP,,
AUT,Austria,1896,15.23296,,,,,,,15.2156,,,,,,,1.001141,IMF_FPP,,
AUT,Austria,1964,38.70715,,,,,,,38.671299,,,,38.70715,,,1,OECD_EO,,
AUT,Austria,1984,51.8748,,,,,,,52.553501,45.071057,,,51.874796,,,1,OECD_EO,,
AUT,Austria,1987,53.7728,,,,,,,54.532398,47.521875,,,53.772797,,,1,OECD_EO,,
AUT,Austria,1904,17.07746,,,,,,,17.058001,,,,,,,1.001141,IMF_FPP,,
AUT,Austria,2004,54.38104,,54.31647,,,54.3,,53.7575,53.822482,53.705,,54.381042,,,1,OECD_EO,,
AUT,Austria,1947,,,,,,,,,,,,,,,1.001141,IMF_FPP,,
AUT,Austria,2013,52.46588,,52.4276,,,52.4,,51.647957,51.805488,51.648,,52.465878,,,1,OECD_EO,,
AZE,Azerbaijan,2016,35.425,32.804421,,,,,,35.425021,27.439193,35.425,,,,,1,IMF_WEO,,
AZE,Azerbaijan,2026,31.297,,,,,,,,,,31.297001,,,,1,IMF_WEO_forecast,,
AZE,Azerbaijan,1995,18.912,,,,,,,18.911801,,18.912,,,,,1,IMF_WEO,,
AZE,Azerbaijan,2005,22.498,19.076063,,,,,,22.497958,,22.498,,,,,1,IMF_WEO,,
AZE,Azerbaijan,2022,21.45414,,,,,,,26.17813,21.454137,,26.177999,,,,1,IMF_GFS,1,2
AZE,Azerbaijan,2029,29.416,,,,,,,,,,29.416,,,,1,IMF_WEO_forecast,,
AZE,Azerbaijan,2006,25.299,25.155498,,,,,,25.29908,,25.299,,,,,1,IMF_WEO,,
AZE,Azerbaijan,2009,34.506,33.583978,,,,,,34.506353,23.18863,34.506,,,,,1,IMF_WEO,,
AZE,Azerbaijan,1994,14.663,,,,,,,14.662805,,14.663,,,,,1,IMF_WEO,,
AZE,Azerbaijan,1997,18.524,,,,,,,18.523711,,18.524,,,,,1,IMF_WEO,,
AZE,Azerbaijan,1998,18.721,,,,,,,18.721498,,18.721,,,,,1,IMF_WEO,,
AZE,Azerbaijan,2001,16.785,15.742343,,,,,,16.784812,,16.785,,,,,1,IMF_WEO,,
AZE,Azerbaijan,2004,24.216,18.923355,,,,,,24.215851,,24.216,,,,,1,IMF_WEO,,
AZE,Azerbaijan,2008,31.439,29.985151,,,,,,31.439018,18.650529,31.439,,,,,1,IMF_WEO,,
AZE,Azerbaijan,2012,36.636,35.743108,,,,,,36.636437,22.29736,36.636,,,,,1,IMF_WEO,,
AZE,Azerbaijan,2013,37.779,36.121996,,,,,,37.779342,21.043106,37.779,,,,,1,IMF_WEO,,
AZE,Azerbaijan,2014,36.374,35.58658,,,,,,36.374193,22.281285,36.374,,,,,1,IMF_WEO,,
AZE,Azerbaijan,2027,30.288,,,,,,,,,,30.288,,,,1,IMF_WEO_forecast,,
AZE,Azerbaijan,2020,40.157,40.718951,,,,,,40.156563,32.465056,40.157,,,,,1,IMF_WEO,,
AZE,Azerbaijan,2017,35.571,33.469272,,,,,,35.571452,28.107973,35.571,,,,,1,IMF_WEO,,
AZE,Azerbaijan,2003,21.662,18.541944,,,,,,21.662052,,21.662,,,,,1,IMF_WEO,,
AZE,Azerbaijan,2025,32.853,,,,,,,,,,32.853001,,,,1,IMF_WEO_forecast,,
AZE,Azerbaijan,2007,26.068,28.546394,,,,,,26.067727,,26.068,,,,,1,IMF_WEO,,
AZE,Azerbaijan,2019,32.52,36.824053,,,,,,32.520031,23.031147,32.52,,,,,1,IMF_WEO,,
AZE,Azerbaijan,2023,26.52635,,,,,,,32.760041,26.526347,,32.759998,,,,1,IMF_GFS,,
AZE,Azerbaijan,2015,38.699,37.17157,,,,,,38.699137,24.890401,38.699,,,,,1,IMF_WEO,,
AZE,Azerbaijan,2028,29.846,,,,,,,,,,29.846001,,,,1,IMF_WEO_forecast,,
AZE,Azerbaijan,1996,19.839,,,,,,,19.839189,,19.839,,,,,1,IMF_WEO,,
AZE,Azerbaijan,2011,33.735,32.771399,,,,,,33.73462,18.531546,33.735,,,,,1,IMF_WEO,,
AZE,Azerbaijan,2021,32.168,33.26556,,,,,,32.167672,25.721608,32.168,,,,,1,IMF_WEO,,
AZE,Azerbaijan,2010,31.958,31.560108,,,,,,31.95804,20.947368,31.958,,,,,1,IMF_WEO,,
AZE,Azerbaijan,2018,33.183,30.197273,,,,,,33.182919,21.563577,33.183,,,,,1,IMF_WEO,,
AZE,Azerbaijan,2000,18.24,16.839406,,,,,,18.239707,,18.24,,,,,1,IMF_WEO,,
AZE,Azerbaijan,2002,23.139,16.131959,,,,,,23.138784,,23.139,,,,,1,IMF_WEO,,
AZE,Azerbaijan,2024,32.777,,,,,,,,,,32.777,,,,1,IMF_WEO_forecast,1,2
AZE,Azerbaijan,1999,19.505,,,,,,,19.504771,,19.505,,,,,1,IMF_WEO,,
BDI,Burundi,2027,34.324,,,,,,,,,,34.324001,,,,1,IMF_WEO_forecast,,
BDI,Burundi,2008,41.163,,,,,,,41.162681,,41.163,,,,,1,IMF_WEO,,
BDI,Burundi,1995,25.743,,,,,,,25.743098,,25.743,,,,,1,IMF_WEO,,
BDI,Burundi,2007,38.965,,,,,,,38.965266,,38.965,,,,,1,IMF_WEO,,
BDI,Burundi,2013,34.769,,,,,,,34.769248,,34.769,,,,,1,IMF_WEO,,
BDI,Burundi,2024,30.418,,,,,,,,,,30.417999,,,,1,IMF_WEO_forecast,1,2
BDI,Burundi,2028,33.737,,,,,,,,,,33.737,,,,1,IMF_WEO_forecast,,
BDI,Burundi,2011,42.187,,,,,,,42.186596,,42.187,,,,,1,IMF_WEO,,
BDI,Burundi,1993,27.961,,,,,,,27.960583,,27.961,,,,,1,IMF_WEO,,
BDI,Burundi,2006,36.474,,,,,,,36.473671,,36.474,,,,,1,IMF_WEO,,
BDI,Burundi,2026,31.572,,,,,,,,,,31.572001,,,,1,IMF_WEO_forecast,,
BDI,Burundi,2010,40.844,,,,,,,40.844053,,40.844,,,,,1,IMF_WEO,,
BDI,Burundi,2000,24.646,,,,,,,24.645713,,24.646,,,,,1,IMF_WEO,,
BDI,Burundi,2004,40.804,,,,,,,40.803947,,40.804,,,,,1,IMF_WEO,,
BDI,Burundi,1991,22.364,,,,,,,,,22.364,,,,,1,IMF_WEO,,
BDI,Burundi,1990,20.264,,,,,,,,,20.264,,,,,1,IMF_WEO,,
BDI,Burundi,1992,30.391,,,,,,,30.391156,,30.391,,,,,1,IMF_WEO,,
BDI,Burundi,1996,28.449,,,,,,,28.449139,,28.449,,,,,1,IMF_WEO,,
BDI,Burundi,2022,33.5589,,,,,,,33.558904,,,33.558998,,,,1,IMF_FPP,1,2
BDI,Burundi,1998,23.208,,,,,,,23.208115,,23.208,,,,,1,IMF_WEO,,
BDI,Burundi,2005,33.142,,,,,,,33.142318,,33.142,,,,,1,IMF_WEO,,
BDI,Burundi,2017,24.093,,,,,,,24.093367,,24.093,,,,,1,IMF_WEO,,
BDI,Burundi,2019,28.771,,,,,,,28.771004,,28.771,,,,,1,IMF_WEO,,
BDI,Burundi,1999,23.597,,,,,,,23.596601,,23.597,,,,,1,IMF_WEO,,
BDI,Burundi,2012,37.544,,,,,,,37.544095,,37.544,,,,,1,IMF_WEO,,
BDI,Burundi,2025,32.255,,,,,,,,,,32.255001,,,,1,IMF_WEO_forecast,,
BDI,Burundi,2016,22.574,,,,,,,22.574394,,22.574,,,,,1,IMF_WEO,,
BDI,Burundi,1994,22.551,,,,,,,22.550764,,22.551,,,,,1,IMF_WEO,,
BDI,Burundi,2018,26.019,,,,,,,26.018651,,26.019,,,,,1,IMF_WEO,,
BDI,Burundi,1997,21.856,,,,,,,21.855728,,21.856,,,,,1,IMF_WEO,,
BDI,Burundi,2003,36.468,,,,,,,36.467871,,36.468,,,,,1,IMF_WEO,,
BDI,Burundi,2029,27.49,,,,,,,,,,27.49,,,,1,IMF_WEO_forecast,,
BDI,Burundi,2014,28.459,,,,,,,28.458549,,28.459,,,,,1,IMF_WEO,,
BDI,Burundi,2002,24.069,,,,,,,24.068954,,24.069,,,,,1,IMF_WEO,,
BDI,Burundi,2001,25.402,,,,,,,25.401948,,25.402,,,,,1,IMF_WEO,,
BDI,Burundi,2009,37.988,,,,,,,37.987883,,37.988,,,,,1,IMF_WEO,,
BDI,Burundi,2021,30.38,,,,,,,30.379634,,30.38,,,,,1,IMF_WEO,,
BDI,Burundi,2020,29.444,,,,,,,29.444085,,29.444,,,,,1,IMF_WEO,,
BDI,Burundi,2015,23.168,,,,,,,23.167911,,23.168,,,,,1,IMF_WEO,,
BDI,Burundi,2023,29.09604,,,,,,,29.096041,,,29.096001,,,,1,IMF_FPP,,
BEL,Belgium,2014,55.41655,,55.41657,,,55.4,,55.599771,54.679507,55.6,,55.416545,,,1,OECD_EO,,
BEL,Belgium,1875,5.689156,,,,,,,5.6100101,,,,,,,1.014108,IMF_FPP,,
BEL,Belgium,1870,4.869716,,,,,,,4.80197,,,,,,,1.014108,IMF_FPP,,
BEL,Belgium,1884,8.143915,,,,,,,8.0306196,,,,,,,1.014108,IMF_FPP,,
BEL,Belgium,1840,9.134253,,,,,,,9.0071802,,,,,,,1.014108,IMF_FPP,,
BEL,Belgium,1985,59.09444,,,,,,,58.3843,53.148834,60.686,,59.094444,,,1,OECD_EO,,
BEL,Belgium,1892,8.801291,,,,,,,8.6788502,,,,,,,1.014108,IMF_FPP,,
BEL,Belgium,1905,9.747413,,,,,,,9.6118097,,,,,,,1.014108,IMF_FPP,,
BEL,Belgium,1894,8.90766,,,,,,,8.78374,,,,,,,1.014108,IMF_FPP,,
BEL,Belgium,1945,,,,,,,,,,,,,,,1.014108,IMF_FPP,,
BEL,Belgium,1897,11.07203,,,,,,,10.918,,,,,,,1.014108,IMF_FPP,,
BEL,Belgium,1882,6.796207,,,,,,,6.7016602,,,,,,,1.014108,IMF_FPP,,
BEL,Belgium,1902,10.82266,,,,,,,10.6721,,,,,,,1.014108,IMF_FPP,,
BEL,Belgium,1893,8.63949,,,,,,,8.5193005,,,,,,,1.014108,IMF_FPP,,
BEL,Belgium,1904,8.665491,,,,,,,8.54494,,,,,,,1.014108,IMF_FPP,,
BEL,Belgium,1989,52.86591,,,,,,,52.318501,48.236043,54.38,,52.865907,,,1,OECD_EO,,
BEL,Belgium,1907,10.57025,,,,,,,10.4232,,,,,,,1.014108,IMF_FPP,,
BEL,Belgium,1908,10.50018,,,,,,,10.3541,,,,,,,1.014108,IMF_FPP,,
BEL,Belgium,2023,53.25911,,52.8038,,,52.8,,54.582016,,,54.582001,53.259112,,,1,OECD_EO,,
BEL,Belgium,1909,11.21837,,,,,,,11.0623,,,,,,,1.014108,IMF_FPP,,
BEL,Belgium,1925,,,,,,,,,,,,,,,1.014108,IMF_FPP,,
BEL,Belgium,1917,,,,,,,,,,,,,,,1.014108,IMF_FPP,,
BEL,Belgium,1918,,,,,,,,,,,,,,,1.014108,IMF_FPP,,
BEL,Belgium,1921,,,,,,,,,,,,,,,1.014108,IMF_FPP,,
BEL,Belgium,1986,58.238,,,,,,,57.5853,52.741957,59.855,,58.238003,,,1,OECD_EO,,
BEL,Belgium,1952,23.82799,,,,,,,23.4965,,,,,,,1.014108,IMF_FPP,,
BEL,Belgium,1949,19.6883,,,,,,,19.4144,,,,,,,1.014108,IMF_FPP,,
BEL,Belgium,1889,8.288902,,,,,,,8.1735897,,,,,,,1.014108,IMF_FPP,,
BEL,Belgium,1906,10.9044,,,,,,,10.7527,,,,,,,1.014108,IMF_FPP,,
BEL,Belgium,1891,8.52156,,,,,,,8.4030104,,,,,,,1.014108,IMF_FPP,,
BEL,Belgium,1903,10.93087,,,,,,,10.7788,,,,,,,1.014108,IMF_FPP,,
BEL,Belgium,1898,14.57851,,,,,,,14.3757,,,,,,,1.014108,IMF_FPP,,
BEL,Belgium,1839,6.789949,,,,,,,6.6954899,,,,,,,1.014108,IMF_FPP,,
BEL,Belgium,1896,9.647431,,,,,,,9.5132198,,,,,,,1.014108,IMF_FPP,,
BEL,Belgium,1939,24.64597,,,,,,,24.303101,,,,,,,1.014108,IMF_FPP,,
BEL,Belgium,1947,36.67532,,,,,,,36.1651,,,,,,,1.014108,IMF_FPP,,
BEL,Belgium,2006,48.78939,,48.78938,,,48.8,,48.603001,48.634419,48.789,,48.789395,,,1,OECD_EO,,
BEL,Belgium,2004,49.3189,,49.3189,,,49.3,,49.347198,48.787211,49.319,,49.318896,,,1,OECD_EO,,
BEL,Belgium,1971,44.55576,,,,,,,43.868401,,,,44.555761,,,1,OECD_EO,,
BEL,Belgium,1885,8.446911,,,,,,,8.3294001,,,,,,,1.014108,IMF_FPP,,
BEL,Belgium,1859,5.400165,,,,,,,5.3250399,,,,,,,1.014108,IMF_FPP,,
BEL,Belgium,1860,5.111459,,,,,,,5.04035,,,,,,,1.014108,IMF_FPP,,
BEL,Belgium,1934,22.77037,,,,,,,22.4536,,,,,,,1.014108,IMF_FPP,,
BEL,Belgium,1879,7.125092,,,,,,,7.02597,,,,,,,1.014108,IMF_FPP,,
BEL,Belgium,2024,54.45853,,54.05493,,,54.1,,,,,55.146,54.458532,,,1,OECD_EO,,
BEL,Belgium,1900,10.03894,,,,,,,9.8992796,,,,,,,1.014108,IMF_FPP,,
BEL,Belgium,1969,26.87224,,,,,,,26.4984,,,,,,,1.014108,IMF_FPP,1,3
BEL,Belgium,1968,27.04677,,,,,,,26.6705,,,,,,,1.014108,IMF_FPP,,
BEL,Belgium,1881,6.409375,,,,,,,6.32021,,,,,,,1.014108,IMF_FPP,,
BEL,Belgium,1837,6.161294,,,,,,,6.0755801,,,,,,,1.014108,IMF_FPP,,
BEL,Belgium,1932,,,,,,,,,,,,,,,1.014108,IMF_FPP,,
BEL,Belgium,1993,55.40456,,,,,,,54.894402,,57.058,,55.40456,,,1,OECD_EO,,
BEL,Belgium,1938,22.52506,,,,,,,22.2117,,,,,,,1.014108,IMF_FPP,,
BEL,Belgium,1987,56.27142,,,,,,,55.771801,51.39205,57.97,,56.271415,,,1,OECD_EO,,
BEL,Belgium,1940,,,,,,,,,,,,,,,1.014108,IMF_FPP,,
BEL,Belgium,1975,50.98326,,,,,,,50.190201,,,,50.983258,,,1,OECD_EO,,
BEL,Belgium,1942,,,,,,,,,,,,,,,1.014108,IMF_FPP,,
BEL,Belgium,1943,36.87662,,,,,,,36.363602,,,,,,,1.014108,IMF_FPP,,
BEL,Belgium,1933,22.97137,,,,,,,22.6518,,,,,,,1.014108,IMF_FPP,,
BEL,Belgium,1901,10.58161,,,,,,,10.4344,,,,,,,1.014108,IMF_FPP,,
BEL,Belgium,2029,54.71252,,,,,,,,,,56.676998,,,,.9653391,IMF_WEO_forecast,,
BEL,Belgium,2019,51.75136,,51.75137,,,51.8,,51.90935,50.776644,51.909,,51.751358,,,1,OECD_EO,,
BEL,Belgium,1946,33.84291,,,,,,,33.372101,,,,,,,1.014108,IMF_FPP,,
BEL,Belgium,1924,31.91033,,,,,,,31.4664,,,,,,,1.014108,IMF_FPP,,
BEL,Belgium,2015,53.88094,,53.88094,,,53.9,,53.719589,52.8332,53.72,,53.880945,,,1,OECD_EO,,
BEL,Belgium,1920,,,,,,,,,,,,,,,1.014108,IMF_FPP,,
BEL,Belgium,1992,54.25962,,,,,,,53.792,,55.912,,54.259617,,,1,OECD_EO,,
BEL,Belgium,2012,56.24507,,56.24511,,,56.2,,56.47753,55.421842,56.478,,56.245067,,,1,OECD_EO,,
BEL,Belgium,1873,5.95756,,,,,,,5.87468,,,,,,,1.014108,IMF_FPP,,
BEL,Belgium,1948,21.32588,,,,,,,21.0292,,,,,,,1.014108,IMF_FPP,,
BEL,Belgium,2008,50.77534,,50.77533,,,50.8,,49.8997,50.261555,50.775,,50.775339,,,1,OECD_EO,,
BEL,Belgium,1954,22.84116,,,,,,,22.523399,,,,,,,1.014108,IMF_FPP,,
BEL,Belgium,1877,7.700446,,,,,,,7.5933199,,,,,,,1.014108,IMF_FPP,,
BEL,Belgium,2011,55.02726,,55.02726,,,55,,55.304414,54.381144,55.304,,55.027256,,,1,OECD_EO,,
BEL,Belgium,1868,4.804681,,,,,,,4.7378402,,,,,,,1.014108,IMF_FPP,,
BEL,Belgium,1871,5.174769,,,,,,,5.1027799,,,,,,,1.014108,IMF_FPP,,
BEL,Belgium,1846,6.488892,,,,,,,6.3986201,,,,,,,1.014108,IMF_FPP,,
BEL,Belgium,1953,22.1324,,,,,,,21.824499,,,,,,,1.014108,IMF_FPP,,
BEL,Belgium,1951,22.32031,,,,,,,22.0098,,,,,,,1.014108,IMF_FPP,,
BEL,Belgium,1842,6.79428,,,,,,,6.69976,,,,,,,1.014108,IMF_FPP,,
BEL,Belgium,1878,7.080309,,,,,,,6.9818101,,,,,,,1.014108,IMF_FPP,,
BEL,Belgium,1858,5.135726,,,,,,,5.06428,,,,,,,1.014108,IMF_FPP,,
BEL,Belgium,1911,10.32991,,,,,,,10.1862,,,,,,,1.014108,IMF_FPP,,
BEL,Belgium,1935,23.00909,,,,,,,22.688999,,,,,,,1.014108,IMF_FPP,,
BEL,Belgium,1849,6.123305,,,,,,,6.0381198,,,,,,,1.014108,IMF_FPP,,
BEL,Belgium,2010,53.90246,,53.90244,,,53.9,,52.942299,53.102467,53.878,,53.902463,,,1,OECD_EO,,
BEL,Belgium,1972,45.97256,,,,,,,45.034302,,,,45.972559,,,1,OECD_EO,,
BEL,Belgium,1890,8.867745,,,,,,,8.74438,,,,,,,1.014108,IMF_FPP,,
BEL,Belgium,1835,6.098754,,,,,,,6.0139098,,,,,,,1.014108,IMF_FPP,,
BEL,Belgium,1959,24.82982,,,,,,,24.4844,,,,,,,1.014108,IMF_FPP,,
BEL,Belgium,2016,53.37833,,53.37836,,,53.4,,53.117663,52.230559,53.118,,53.378334,,,1,OECD_EO,,
BEL,Belgium,2002,49.90355,,49.90355,,,49.9,,49.774399,49.422774,49.904,,49.903552,,,1,OECD_EO,,
BEL,Belgium,1962,22.79157,,,,,,,22.474501,,,,,,,1.014108,IMF_FPP,,
BEL,Belgium,1928,,,,,,,,,,,,,,,1.014108,IMF_FPP,,
BEL,Belgium,1855,5.228203,,,,,,,5.1554699,,,,,,,1.014108,IMF_FPP,,
BEL,Belgium,1931,,,,,,,,,,,,,,,1.014108,IMF_FPP,,
BEL,Belgium,1864,5.30846,,,,,,,5.2346101,,,,,,,1.014108,IMF_FPP,,
BEL,Belgium,1995,52.64482,,52.64482,,,52.6,,52.102001,52.113792,52.645,,52.644816,,,1,OECD_EO,,
BEL,Belgium,1967,25.8488,,,,,,,25.489201,,,,,,,1.014108,IMF_FPP,,
BEL,Belgium,1966,25.48463,,,,,,,25.1301,,,,,,,1.014108,IMF_FPP,,
BEL,Belgium,2001,49.37939,,49.37937,,,49.4,,49.114498,48.77852,49.379,,49.379386,,,1,OECD_EO,,
BEL,Belgium,1998,50.95932,,50.95932,,,51,,50.360199,50.497197,50.959,,50.959317,,,1,OECD_EO,,
BEL,Belgium,2000,49.39831,,49.39831,,,49.4,,49.078201,48.582317,49.398,,49.398307,,,1,OECD_EO,,
BEL,Belgium,1926,,,,,,,,,,,,,,,1.014108,IMF_FPP,,
BEL,Belgium,2009,54.53039,,54.53039,,,54.5,,53.827999,53.775215,54.681,,54.530391,,,1,OECD_EO,,
BEL,Belgium,1876,5.876197,,,,,,,5.7944498,,,,,,,1.014108,IMF_FPP,,
BEL,Belgium,1973,45.67701,,,,,,,44.978199,,,,45.677013,,,1,OECD_EO,,
BEL,Belgium,1836,6.272886,,,,,,,6.1856198,,,,,,,1.014108,IMF_FPP,,
BEL,Belgium,1838,6.931063,,,,,,,6.83464,,,,,,,1.014108,IMF_FPP,,
BEL,Belgium,1872,4.575178,,,,,,,4.5115299,,,,,,,1.014108,IMF_FPP,,
BEL,Belgium,1845,7.567659,,,,,,,7.4623799,,,,,,,1.014108,IMF_FPP,,
BEL,Belgium,1847,5.948433,,,,,,,5.8656802,,,,,,,1.014108,IMF_FPP,,
BEL,Belgium,1852,6.503373,,,,,,,6.4129,,,,,,,1.014108,IMF_FPP,,
BEL,Belgium,2018,52.45103,,52.45103,,,52.5,,52.265097,51.099052,52.265,,52.451034,,,1,OECD_EO,,
BEL,Belgium,1857,4.957751,,,,,,,4.8887801,,,,,,,1.014108,IMF_FPP,,
BEL,Belgium,1913,10.94648,,,,,,,10.7942,,,,,,,1.014108,IMF_FPP,,
BEL,Belgium,1970,43.26204,,,,,,,42.660198,,,,43.262044,,,1,OECD_EO,,
BEL,Belgium,1978,54.66376,,,,,,,52.757999,47.404915,,,54.663758,,,1,OECD_EO,,
BEL,Belgium,1863,5.700006,,,,,,,5.6207099,,,,,,,1.014108,IMF_FPP,,
BEL,Belgium,1865,5.307242,,,,,,,5.2334099,,,,,,,1.014108,IMF_FPP,,
BEL,Belgium,1990,52.84695,,,,,,,52.307598,,54.369,,52.846954,,,1,OECD_EO,,
BEL,Belgium,1930,19.35952,,,,,,,19.0902,,,,,,,1.014108,IMF_FPP,,
BEL,Belgium,1929,,,,,,,,,,,,,,,1.014108,IMF_FPP,,
BEL,Belgium,1867,4.999146,,,,,,,4.9295998,,,,,,,1.014108,IMF_FPP,,
BEL,Belgium,1915,,,,,,,,,,,,,,,1.014108,IMF_FPP,,
BEL,Belgium,1869,4.766582,,,,,,,4.7002702,,,,,,,1.014108,IMF_FPP,,
BEL,Belgium,2027,54.1034,,54.93787,,,,,,,,56.046001,,,,.9848105,AMECO,1,3
BEL,Belgium,1965,23.77475,,,,,,,23.444,,,,,,,1.014108,IMF_FPP,,
BEL,Belgium,1856,4.974717,,,,,,,4.9055099,,,,,,,1.014108,IMF_FPP,,
BEL,Belgium,1979,56.83121,,,,,,,54.822102,48.603966,,,56.831212,,,1,OECD_EO,,
BEL,Belgium,1963,23.42833,,,,,,,23.1024,,,,,,,1.014108,IMF_FPP,,
BEL,Belgium,1886,8.818095,,,,,,,8.6954203,,,,,,,1.014108,IMF_FPP,,
BEL,Belgium,1916,,,,,,,,,,,,,,,1.014108,IMF_FPP,,
BEL,Belgium,2003,51.04737,,51.04737,,,51,,51.041199,50.493953,51.047,,51.047368,,,1,OECD_EO,,
BEL,Belgium,1955,21.12539,,,,,,,20.831499,,,,,,,1.014108,IMF_FPP,,
BEL,Belgium,1950,23.17551,,,,,,,22.8531,,,,,,,1.014108,IMF_FPP,,
BEL,Belgium,2017,52.25433,,52.25431,,,52.3,,52.030289,51.097315,52.03,,52.254328,,,1,OECD_EO,,
BEL,Belgium,1841,6.259307,,,,,,,6.1722298,,,,,,,1.014108,IMF_FPP,,
BEL,Belgium,1937,22.04752,,,,,,,21.740801,,,,,,,1.014108,IMF_FPP,,
BEL,Belgium,1941,,,,,,,,,,,,,,,1.014108,IMF_FPP,,
BEL,Belgium,1848,7.429345,,,,,,,7.3259902,,,,,,,1.014108,IMF_FPP,,
BEL,Belgium,1866,5.282985,,,,,,,5.2094898,,,,,,,1.014108,IMF_FPP,,
BEL,Belgium,2022,52.24078,,52.50419,,,52.5,,53.251001,52.276579,53.251,,52.240785,,,1,OECD_EO,,
BEL,Belgium,1874,5.288421,,,,,,,5.2148499,,,,,,,1.014108,IMF_FPP,,
BEL,Belgium,2007,48.56293,,48.56293,,,48.6,,48.32,48.173704,48.563,,48.562928,,,1,OECD_EO,,
BEL,Belgium,1914,,,,,,,,,,,,,,,1.014108,IMF_FPP,,
BEL,Belgium,1895,9.352195,,,,,,,9.2220898,,,,,,,1.014108,IMF_FPP,,
BEL,Belgium,1899,10.89233,,,,,,,10.7408,,,,,,,1.014108,IMF_FPP,,
BEL,Belgium,1980,56.89696,,,,,,,54.890598,48.591378,57.053,,56.896958,,,1,OECD_EO,,
BEL,Belgium,1851,6.268911,,,,,,,6.1817002,,,,,,,1.014108,IMF_FPP,,
BEL,Belgium,1964,22.83153,,,,,,,22.513901,,,,,,,1.014108,IMF_FPP,,
BEL,Belgium,1994,53.03729,,,,,,,52.5877,,54.66,,53.037291,,,1,OECD_EO,,
BEL,Belgium,1843,6.976667,,,,,,,6.8796101,,,,,,,1.014108,IMF_FPP,,
BEL,Belgium,1984,59.39215,,,,,,,59.090302,53.786143,61.419,,59.392148,,,1,OECD_EO,,
BEL,Belgium,1956,20.11554,,,,,,,19.835699,,,,,,,1.014108,IMF_FPP,,
BEL,Belgium,1991,54.02154,,,,,,,53.5163,,55.625,,54.021541,,,1,OECD_EO,,
BEL,Belgium,1850,6.428288,,,,,,,6.33886,,,,,,,1.014108,IMF_FPP,,
BEL,Belgium,1957,19.87804,,,,,,,19.6015,,,,,,,1.014108,IMF_FPP,,
BEL,Belgium,1854,5.257257,,,,,,,5.1841202,,,,,,,1.014108,IMF_FPP,,
BEL,Belgium,2026,54.01741,,54.85056,,,,,,,,55.647999,54.017411,,,1,OECD_EO,,
BEL,Belgium,1861,5.145908,,,,,,,5.0743198,,,,,,,1.014108,IMF_FPP,,
BEL,Belgium,1977,53.08773,,,,,,,52.172501,,,,53.087733,,,1,OECD_EO,,
BEL,Belgium,1983,63.26838,,,,,,,62.186298,54.584118,64.636,,63.268374,,,1,OECD_EO,,
BEL,Belgium,2028,54.38334,,,,,,,,,,56.335999,,,,.9653391,IMF_WEO_forecast,1,3
BEL,Belgium,1997,51.60166,,51.60171,,,51.6,,51.161098,51.139308,51.602,,51.601663,,,1,OECD_EO,,
BEL,Belgium,1887,8.409713,,,,,,,8.2927198,,,,,,,1.014108,IMF_FPP,,
BEL,Belgium,1960,24.08496,,,,,,,23.749901,,,,,,,1.014108,IMF_FPP,,
BEL,Belgium,1988,54.48555,,,,,,,53.861801,49.202785,55.984,,54.485549,,,1,OECD_EO,,
BEL,Belgium,1958,22.59848,,,,,,,22.2841,,,,,,,1.014108,IMF_FPP,,
BEL,Belgium,1883,7.138215,,,,,,,7.0389099,,,,,,,1.014108,IMF_FPP,,
BEL,Belgium,2005,51.86197,,51.86197,,,51.9,,52.076099,51.368579,51.862,,51.861968,,,1,OECD_EO,,
BEL,Belgium,1888,8.376532,,,,,,,8.2600002,,,,,,,1.014108,IMF_FPP,,
BEL,Belgium,1976,51.28549,,,,,,,50.420399,,,,51.285491,,,1,OECD_EO,,
BEL,Belgium,1919,,,,,,,,,,,,,,,1.014108,IMF_FPP,,
BEL,Belgium,1862,5.480899,,,,,,,5.4046502,,,,,,,1.014108,IMF_FPP,,
BEL,Belgium,1944,,,,,,,,,,,,,,,1.014108,IMF_FPP,,
BEL,Belgium,1912,10.69975,,,,,,,10.5509,,,,,,,1.014108,IMF_FPP,,
BEL,Belgium,1996,53.05214,,53.05214,,,53.1,,52.4235,52.658385,53.052,,53.052144,,,1,OECD_EO,,
BEL,Belgium,2025,54.35081,,54.63567,,,,,,,,55.425999,54.350813,,,1,OECD_EO,,
BEL,Belgium,2020,58.45296,,58.45298,,,58.5,,58.899541,57.627782,58.9,,58.452963,,,1,OECD_EO,,
BEL,Belgium,1999,50.49672,,50.49672,,,50.5,,50.117802,49.707271,50.497,,50.496724,,,1,OECD_EO,,
BEL,Belgium,1880,6.266508,,,,,,,6.1793299,,,,,,,1.014108,IMF_FPP,,
BEL,Belgium,1974,45.13847,,,,,,,44.520699,,,,45.138468,,,1,OECD_EO,,
BEL,Belgium,1961,22.41594,,,,,,,22.104099,,,,,,,1.014108,IMF_FPP,,
BEL,Belgium,1910,10.92701,,,,,,,10.775,,,,,,,1.014108,IMF_FPP,,
BEL,Belgium,2021,54.93075,,54.93906,,,54.9,,54.861159,54.13168,54.861,,54.930753,,,1,OECD_EO,,
BEL,Belgium,1927,19.5374,,,,,,,19.2656,,,,,,,1.014108,IMF_FPP,,
BEL,Belgium,1922,,,,,,,,,,,,,,,1.014108,IMF_FPP,,
BEL,Belgium,1853,5.85405,,,,,,,5.7726102,,,,,,,1.014108,IMF_FPP,,
BEL,Belgium,1844,11.45313,,,,,,,11.2938,,,,,,,1.014108,IMF_FPP,,
BEL,Belgium,1923,,,,,,,,,,,,,,,1.014108,IMF_FPP,,
BEL,Belgium,2013,55.90207,,55.90205,,,55.9,,56.116244,55.276624,56.116,,55.902064,,,1,OECD_EO,,
BEL,Belgium,1982,60.88199,,,,,,,59.624401,53.950273,61.974,,60.881991,,,1,OECD_EO,,
BEL,Belgium,1981,63.22308,,,,,,,61.5415,53.446064,63.966,,63.223084,,,1,OECD_EO,,
BEL,Belgium,1936,21.50436,,,,,,,21.2052,,,,,,,1.014108,IMF_FPP,,
BEN,Benin,2018,16.568,,,,,,,16.567508,,16.568,,,,,1,IMF_WEO,,
BEN,Benin,2028,19.751,,,,,,,,,,19.750999,,,,1,IMF_WEO_forecast,,
BEN,Benin,1999,10.746,,,,,,,10.74597,,10.746,,,,,1,IMF_WEO,,
BEN,Benin,2013,14.894,,,,,,,14.894028,,14.894,,,,,1,IMF_WEO,,
BEN,Benin,2000,15.641,,,,,,,15.641454,,15.641,,,,,1,IMF_WEO,,
BEN,Benin,2021,19.855,,,,,,,19.854932,,19.855,,,,,1,IMF_WEO,,
BEN,Benin,2001,15.447,,,,,,,15.447458,,15.447,,,,,1,IMF_WEO,,
BEN,Benin,2009,16.997,,,,,,,16.996796,,16.997,,,,,1,IMF_WEO,,
BEN,Benin,2002,15.284,,,,,,,15.283995,,15.284,,,,,1,IMF_WEO,,
BEN,Benin,1996,18.151,,,,,,,18.150785,,18.151,,,,,1,IMF_WEO,,
BEN,Benin,2026,18.956,,,,,,,,,,18.955999,,,,1,IMF_WEO_forecast,,
BEN,Benin,1997,17.349,,,,,,,17.349238,,17.349,,,,,1,IMF_WEO,,
BEN,Benin,2023,19.17006,,,,,,,19.17006,,,19.17,,,,1,IMF_FPP,1,2
BEN,Benin,1995,20.196,,,,,,,20.196016,,20.196,,,,,1,IMF_WEO,,
BEN,Benin,2024,18.947,,,,,,,,,,18.947001,,,,1,IMF_WEO_forecast,1,2
BEN,Benin,2025,18.61,,,,,,,,,,18.610001,,,,1,IMF_WEO_forecast,,
BEN,Benin,1991,17.226,,,,,,,17.226284,,17.226,,,,,1,IMF_WEO,,
BEN,Benin,2029,20.157,,,,,,,,,,20.157,,,,1,IMF_WEO_forecast,,
BEN,Benin,2010,14.076,,,,,,,14.075779,,14.076,,,,,1,IMF_WEO,,
BEN,Benin,1993,16.378,,,,,,,16.378444,,16.378,,,,,1,IMF_WEO,,
BEN,Benin,1994,18.531,,,,,,,18.531431,,18.531,,,,,1,IMF_WEO,,
BEN,Benin,2022,19.864,,,,,,,19.863939,,19.864,,,,,1,IMF_WEO,,
BEN,Benin,2005,14.139,,,,,,,14.138525,,14.139,,,,,1,IMF_WEO,,
BEN,Benin,2019,14.601,,,,,,,14.601112,,14.601,,,,,1,IMF_WEO,,
BEN,Benin,2016,15.428,,,,,,,15.427786,,15.428,,,,,1,IMF_WEO,,
BEN,Benin,2027,19.357,,,,,,,,,,19.357,,,,1,IMF_WEO_forecast,,
BEN,Benin,2004,13.36,,,,,,,13.359552,,13.36,,,,,1,IMF_WEO,,
BEN,Benin,2003,13.686,,,,,,,13.68591,,13.686,,,,,1,IMF_WEO,,
BEN,Benin,1998,14.884,,,,,,,14.884235,,14.884,,,,,1,IMF_WEO,,
BEN,Benin,2020,19.071,,,,,,,19.070972,,19.071,,,,,1,IMF_WEO,,
BEN,Benin,1992,18.402,,,,,,,18.401748,,18.402,,,,,1,IMF_WEO,,
BEN,Benin,1989,17.08,,,,,,,17.080056,,17.08,,,,,1,IMF_WEO,,
BEN,Benin,2015,18.153,,,,,,,18.152563,,18.153,,,,,1,IMF_WEO,,
BEN,Benin,2007,15.809,,,,,,,15.809466,,15.809,,,,,1,IMF_WEO,,
BEN,Benin,2011,14.728,,,,,,,14.727783,,14.728,,,,,1,IMF_WEO,,
BEN,Benin,2006,13.006,,,,,,,13.005823,,13.006,,,,,1,IMF_WEO,,
BEN,Benin,1990,18.122,,,,,,,18.12231,,18.122,,,,,1,IMF_WEO,,
BEN,Benin,2017,17.785,,,,,,,17.784972,,17.785,,,,,1,IMF_WEO,,
BEN,Benin,2014,14.225,,,,,,,14.224557,,14.225,,,,,1,IMF_WEO,,
BEN,Benin,2008,14.549,,,,,,,14.549417,,14.549,,,,,1,IMF_WEO,,
BEN,Benin,2012,14.236,,,,,,,14.235933,,14.236,,,,,1,IMF_WEO,,
BFA,Burkina Faso,2017,26.262,,,,,,,26.261815,,26.262,,,,,1,IMF_WEO,,
BFA,Burkina Faso,1998,19.741,,,,,,,19.740643,,19.741,,,,,1,IMF_WEO,,
BFA,Burkina Faso,2013,25.261,,,,,,,25.260574,,25.261,,,,,1,IMF_WEO,,
BFA,Burkina Faso,2011,20.436,,,,,,,20.436031,,20.436,,,,,1,IMF_WEO,,
BFA,Burkina Faso,1997,20.026,,,,,,,20.026019,,20.026,,,,,1,IMF_WEO,,
BFA,Burkina Faso,2004,20.257,,,,,,,20.257184,,20.257,,,,,1,IMF_WEO,,
BFA,Burkina Faso,2026,27.141,,,,,,,,,,27.141001,,,,1,IMF_WEO_forecast,,
BFA,Burkina Faso,2014,20.928,,,,,,,20.927724,,20.928,,,,,1,IMF_WEO,,
BFA,Burkina Faso,2019,23.437,,,,,,,23.437254,,23.437,,,,,1,IMF_WEO,,
BFA,Burkina Faso,2010,21.655,,,,,,,21.655048,,21.655,,,,,1,IMF_WEO,,
BFA,Burkina Faso,2023,19.9611,,,,,,,29.185077,19.961095,,29.184999,,,,1,IMF_GFS,1,2
BFA,Burkina Faso,2002,19.467,,,,,,,19.466509,,19.467,,,,,1,IMF_WEO,,
BFA,Burkina Faso,1985,11.47,,,,,,,11.469617,,11.47,,,,,1,IMF_WEO,,
BFA,Burkina Faso,1993,17.865,,,,,,,17.864685,,17.865,,,,,1,IMF_WEO,,
BFA,Burkina Faso,2028,27.122,,,,,,,,,,27.122,,,,1,IMF_WEO_forecast,,
BFA,Burkina Faso,1988,16.209,,,,,,,16.208671,,16.209,,,,,1,IMF_WEO,,
BFA,Burkina Faso,2020,24.542,,,,,,,24.5417,17.560454,24.542,,,,,1,IMF_WEO,,
BFA,Burkina Faso,2029,27.297,,,,,,,,,,27.297001,,,,1,IMF_WEO_forecast,,
BFA,Burkina Faso,2027,26.884,,,,,,,,,,26.884001,,,,1,IMF_WEO_forecast,,
BFA,Burkina Faso,2009,21.519,,,,,,,21.519116,,21.519,,,,,1,IMF_WEO,,
BFA,Burkina Faso,2022,32.435,,,,,,,32.4348,22.631739,32.435,,,,,1,IMF_WEO,,
BFA,Burkina Faso,2015,20.359,,,,,,,20.358742,,20.359,,,,,1,IMF_WEO,,
BFA,Burkina Faso,1989,14.183,,,,,,,14.182975,,14.183,,,,,1,IMF_WEO,,
BFA,Burkina Faso,2001,19.66,,,,,,,19.659766,,19.66,,,,,1,IMF_WEO,,
BFA,Burkina Faso,1992,16.75,,,,,,,16.749845,,16.75,,,,,1,IMF_WEO,,
BFA,Burkina Faso,1999,21.394,,,,,,,21.394285,,21.394,,,,,1,IMF_WEO,,
BFA,Burkina Faso,2021,27.886,,,,,,,27.885742,19.286178,27.886,,,,,1,IMF_WEO,,
BFA,Burkina Faso,2000,19.827,,,,,,,19.827137,,19.827,,,,,1,IMF_WEO,,
BFA,Burkina Faso,2008,18.591,,,,,,,18.590568,,18.591,,,,,1,IMF_WEO,,
BFA,Burkina Faso,2018,24.192,,,,,,,24.191573,,24.192,,,,,1,IMF_WEO,,
BFA,Burkina Faso,1990,18.422,,,,,,,18.422481,,18.422,,,,,1,IMF_WEO,,
BFA,Burkina Faso,2024,27.535,,,,,,,,,,27.535,,,,1,IMF_WEO_forecast,1,2
BFA,Burkina Faso,2007,22.838,,,,,,,22.838479,,22.838,,,,,1,IMF_WEO,,
BFA,Burkina Faso,1987,19.232,,,,,,,19.232257,,19.232,,,,,1,IMF_WEO,,
BFA,Burkina Faso,2003,17.598,,,,,,,17.598454,,17.598,,,,,1,IMF_WEO,,
BFA,Burkina Faso,2025,27.47,,,,,,,,,,27.469999,,,,1,IMF_WEO_forecast,,
BFA,Burkina Faso,1995,19.435,,,,,,,19.435484,,19.435,,,,,1,IMF_WEO,,
BFA,Burkina Faso,1986,16.31,,,,,,,16.309773,,16.31,,,,,1,IMF_WEO,,
BFA,Burkina Faso,2006,21.878,,,,,,,21.878108,,21.878,,,,,1,IMF_WEO,,
BFA,Burkina Faso,1991,16.969,,,,,,,16.968553,,16.969,,,,,1,IMF_WEO,,
BFA,Burkina Faso,1996,19.752,,,,,,,19.75208,,19.752,,,,,1,IMF_WEO,,
BFA,Burkina Faso,2012,22.668,,,,,,,22.667976,,22.668,,,,,1,IMF_WEO,,
BFA,Burkina Faso,1994,17.83,,,,,,,17.829854,,17.83,,,,,1,IMF_WEO,,
BFA,Burkina Faso,2005,20.217,,,,,,,20.216972,,20.217,,,,,1,IMF_WEO,,
BFA,Burkina Faso,2016,21.633,,,,,,,21.632522,,21.633,,,,,1,IMF_WEO,,
BGD,Bangladesh,2005,10.263,13.72,,,,,,10.262554,,10.263,,,,,1,IMF_WEO,,
BGD,Bangladesh,2016,11.601,12.93,,,,,,11.600952,,11.601,,,,,1,IMF_WEO,,
BGD,Bangladesh,2006,10.127,13.54,,,,,,10.126896,,10.127,,,,,1,IMF_WEO,,
BGD,Bangladesh,1991,8.862,,,,,,,8.8620554,,8.862,,,,,1,IMF_WEO,,
BGD,Bangladesh,2001,10.73,12.02,,,,,,10.729617,,10.73,,,,,1,IMF_WEO,,
BGD,Bangladesh,2029,15.301,,,,,,,,,,15.301,,,,1,IMF_WEO_forecast,,
BGD,Bangladesh,1997,9.889,,,,,,,9.8885458,,9.889,,,,,1,IMF_WEO,,
BGD,Bangladesh,2028,15.134,,,,,,,,,,15.134,,,,1,IMF_WEO_forecast,,
BGD,Bangladesh,2002,10.356,13.91,,,,,,10.35569,,10.356,,,,,1,IMF_WEO,,
BGD,Bangladesh,1982,10.579,,,,,,,,,10.579,,,,,1,IMF_WEO,,
BGD,Bangladesh,1989,9.601,,,,,,,,,9.601,,,,,1,IMF_WEO,,
BGD,Bangladesh,1990,9.138,,,,,,,9.1378525,,9.138,,,,,1,IMF_WEO,,
BGD,Bangladesh,2027,14.874,,,,,,,,,,14.874,,,,1,IMF_WEO_forecast,,
BGD,Bangladesh,1983,10.603,,,,,,,,,10.603,,,,,1,IMF_WEO,,
BGD,Bangladesh,1985,9.325,,,,,,,,,9.325,,,,,1,IMF_WEO,,
BGD,Bangladesh,1986,9.848,,,,,,,,,9.848,,,,,1,IMF_WEO,,
BGD,Bangladesh,1996,9.791,,,,,,,9.7913274,,9.791,,,,,1,IMF_WEO,,
BGD,Bangladesh,2024,13.479,,,,,,,,,,13.479,,,,1,IMF_WEO_forecast,1,2
BGD,Bangladesh,2000,9.756,12.78,,,,,,9.7557947,,9.756,,,,,1,IMF_WEO,,
BGD,Bangladesh,2020,13.308,13.86,,,,,,13.308219,,13.308,,,,,1,IMF_WEO,,
BGD,Bangladesh,2015,11.503,12.73,,,,,,11.503141,,11.503,,,,,1,IMF_WEO,,
BGD,Bangladesh,1987,9.488,,,,,,,,,9.488,,,,,1,IMF_WEO,,
BGD,Bangladesh,2019,13.552,14.95,,,,,,13.552182,,13.552,,,,,1,IMF_WEO,,
BGD,Bangladesh,2012,11.695,14.19,,,,,,11.694696,,11.695,,,,,1,IMF_WEO,,
BGD,Bangladesh,2018,12.95,10.17,,,,,,12.950356,,12.95,,,,,1,IMF_WEO,,
BGD,Bangladesh,2007,9.627,14.06,,,,,,9.6267488,,9.627,,,,,1,IMF_WEO,,
BGD,Bangladesh,2013,12.088,14.22,,,,,,12.087541,,12.088,,,,,1,IMF_WEO,,
BGD,Bangladesh,1993,9.739,,,,,,,9.7394781,,9.739,,,,,1,IMF_WEO,,
BGD,Bangladesh,1998,9.821,,,,,,,9.8205504,,9.821,,,,,1,IMF_WEO,,
BGD,Bangladesh,2021,12.917,13.87,,,,,,12.917171,,12.917,,,,,1,IMF_WEO,,
BGD,Bangladesh,1984,9.443,,,,,,,,,9.443,,,,,1,IMF_WEO,,
BGD,Bangladesh,2010,10.601,14.75,,,,,,10.601092,,10.601,,,,,1,IMF_WEO,,
BGD,Bangladesh,1999,8.658,,,,,,,8.6576171,,8.658,,,,,1,IMF_WEO,,
BGD,Bangladesh,1981,10.291,,,,,,,,,10.291,,,,,1,IMF_WEO,,
BGD,Bangladesh,1994,10.048,,,,,,,10.048486,,10.048,,,,,1,IMF_WEO,,
BGD,Bangladesh,2004,9.885,14.35,,,,,,9.8846593,,9.885,,,,,1,IMF_WEO,,
BGD,Bangladesh,2025,13.326,,,,,,,,,,13.326,,,,1,IMF_WEO_forecast,,
BGD,Bangladesh,1988,9.317,,,,,,,,,9.317,,,,,1,IMF_WEO,,
BGD,Bangladesh,1992,8.797,,,,,,,8.7966192,,8.797,,,,,1,IMF_WEO,,
BGD,Bangladesh,2023,12.78515,,,,,,,12.785153,,,12.785,,,,1,IMF_FPP,1,2
BGD,Bangladesh,2011,11.534,14.83,,,,,,11.534214,,11.534,,,,,1,IMF_WEO,,
BGD,Bangladesh,2009,10.576,14.06,,,,,,10.575584,,10.576,,,,,1,IMF_WEO,,
BGD,Bangladesh,2026,14.645,,,,,,,,,,14.645,,,,1,IMF_WEO_forecast,,
BGD,Bangladesh,2022,13.035,,,,,,,13.034667,,13.035,,,,,1,IMF_WEO,,
BGD,Bangladesh,2017,12.235,13.41,,,,,,12.235174,,12.235,,,,,1,IMF_WEO,,
BGD,Bangladesh,2003,10.152,13.21,,,,,,10.152247,,10.152,,,,,1,IMF_WEO,,
BGD,Bangladesh,2008,11.54,14.57,,,,,,11.539666,,11.54,,,,,1,IMF_WEO,,
BGD,Bangladesh,1980,10.987,,,,,,,,,10.987,,,,,1,IMF_WEO,,
BGD,Bangladesh,1995,10.462,,,,,,,10.462159,,10.462,,,,,1,IMF_WEO,,
BGD,Bangladesh,2014,11.748,13.74,,,,,,11.748036,,11.748,,,,,1,IMF_WEO,,
BGR,Bulgaria,1946,,,,,,,,,,,,,,,1,IMF_GFS,,
BGR,Bulgaria,1981,,,,,,,,,,,,,,,1,IMF_GFS,,
BGR,Bulgaria,1945,,,,,,,,,,,,,,,1,IMF_GFS,,
BGR,Bulgaria,2013,37.8,,37.75769,,,37.8,,35.469987,36.436295,35.47,,37.757699,,,1,EUS,,
BGR,Bulgaria,1969,,,,,,,,,,,,,,,1,IMF_GFS,,
BGR,Bulgaria,1992,31.85278,,,,,,,,31.852776,,,,,,1,IMF_GFS,,
BGR,Bulgaria,2004,37.8,,37.82138,,,37.8,,34.61059,37.397852,34.611,,37.821382,,,1,EUS,,
BGR,Bulgaria,1988,,,,,,,,,,,,,,,1,IMF_GFS,,
BGR,Bulgaria,1984,,,,,,,,,,,,,,,1,IMF_GFS,,
BGR,Bulgaria,1957,,,,,,,,,,,,,,,1,IMF_GFS,,
BGR,Bulgaria,1971,,,,,,,,,,,,,,,1,IMF_GFS,,
BGR,Bulgaria,1972,,,,,,,,,,,,,,,1,IMF_GFS,,
BGR,Bulgaria,2016,34.8,,34.77242,,,34.8,,32.724674,34.860929,32.725,,34.772517,,,1,EUS,,
BGR,Bulgaria,1931,14.6516,,,,,,,14.6516,,,,,,,1,IMF_FPP,,
BGR,Bulgaria,1982,,,,,,,,,,,,,,,1,IMF_GFS,,
BGR,Bulgaria,1937,15.0792,,,,,,,15.0792,,,,,,,1,IMF_FPP,,
BGR,Bulgaria,1995,31.8,,31.75518,,,31.8,,45.4426,34.428778,,,31.771365,,,1,EUS,,
BGR,Bulgaria,1998,33.9,,33.93797,,,33.9,,30.604846,35.2388,30.605,,33.937215,,,1,EUS,,
BGR,Bulgaria,2000,43,,42.98186,,,43,,37.130107,43.139384,37.13,,42.981872,,,1,EUS,,
BGR,Bulgaria,2002,39.1,,39.10804,,,39.1,,35.074663,39.167316,35.075,,39.108904,,,1,EUS,,
BGR,Bulgaria,2012,34.3,,34.25851,,,34.3,,32.51876,33.691127,32.519,,34.258629,,,1,EUS,,
BGR,Bulgaria,2025,40.48885,,41.33754,,,,,,,,39.480999,40.488853,,,1,OECD_EO,1,5
BGR,Bulgaria,2027,42.4056,,42.4056,,,,,,,,39.132,,,,1,AMECO,1,5
BGR,Bulgaria,1938,14.1314,,,,,,,14.1314,,,,,,,1,IMF_FPP,,
BGR,Bulgaria,1953,,,,,,,,,,,,,,,1,IMF_GFS,,
BGR,Bulgaria,1963,,,,,,,,,,,,,,,1,IMF_GFS,,
BGR,Bulgaria,1964,,,,,,,,,,,,,,,1,IMF_GFS,,
BGR,Bulgaria,2023,38.9,,38.85095,,,38.9,,37.742312,37.768694,,37.742001,38.792543,,,1,EUS,,
BGR,Bulgaria,1997,31.8,,31.75328,,,31.8,,32.889301,31.09494,,,31.753293,,,1,EUS,,
BGR,Bulgaria,1996,36.8,,36.75588,,,36.8,,43.997501,39.119599,,,36.75578,,,1,EUS,,
BGR,Bulgaria,1979,,,,,,,,,,,,,,,1,IMF_GFS,,
BGR,Bulgaria,1961,,,,,,,,,,,,,,,1,IMF_GFS,,
BGR,Bulgaria,1993,33.60241,,,,,,,,33.602407,,,,,,1,IMF_GFS,,
BGR,Bulgaria,1973,,,,,,,,,,,,,,,1,IMF_GFS,,
BGR,Bulgaria,1960,,,,,,,,,,,,,,,1,IMF_GFS,,
BGR,Bulgaria,1924,14.592,,,,,,,14.592,,,,,,,1,IMF_FPP,,
BGR,Bulgaria,1940,14.2851,,,,,,,14.2851,,,,,,,1,IMF_FPP,,
BGR,Bulgaria,1974,,,,,,,,,,,,,,,1,IMF_GFS,,
BGR,Bulgaria,1986,,,,,,,,,,,,,,,1,IMF_GFS,,
BGR,Bulgaria,1948,,,,,,,,,,,,,,,1,IMF_GFS,,
BGR,Bulgaria,1950,,,,,,,,,,,,,,,1,IMF_GFS,,
BGR,Bulgaria,1929,18.6593,,,,,,,18.6593,,,,,,,1,IMF_FPP,,
BGR,Bulgaria,1970,,,,,,,,,,,,,,,1,IMF_GFS,,
BGR,Bulgaria,1966,,,,,,,,,,,,,,,1,IMF_GFS,,
BGR,Bulgaria,1933,15.2683,,,,,,,15.2683,,,,,,,1,IMF_FPP,,
BGR,Bulgaria,1968,,,,,,,,,,,,,,,1,IMF_GFS,,
BGR,Bulgaria,2007,37.7,,37.69492,,,37.7,,33.114179,35.412523,33.114,,37.694926,,,1,EUS,,
BGR,Bulgaria,1941,18.4528,,,,,,,18.452801,,,,,,,1,IMF_FPP,,
BGR,Bulgaria,2005,36.7,,36.74672,,,36.7,,34.033336,35.838982,34.033,,36.746734,,,1,EUS,,
BGR,Bulgaria,1965,,,,,,,,,,,,,,,1,IMF_GFS,,
BGR,Bulgaria,1994,32.99304,,,,,,,,32.993039,,,,,,1,IMF_GFS,1,5
BGR,Bulgaria,2028,39.144,,,,,,,,,,39.144001,,,,1,IMF_WEO_forecast,1,5
BGR,Bulgaria,1949,,,,,,,,,,,,,,,1,IMF_GFS,,
BGR,Bulgaria,1947,,,,,,,,,,,,,,,1,IMF_GFS,,
BGR,Bulgaria,1975,,,,,,,,,,,,,,,1,IMF_GFS,,
BGR,Bulgaria,1967,,,,,,,,,,,,,,,1,IMF_GFS,,
BGR,Bulgaria,1978,,,,,,,,,,,,,,,1,IMF_GFS,,
BGR,Bulgaria,1928,14.7395,,,,,,,14.7395,,,,,,,1,IMF_FPP,,
BGR,Bulgaria,1951,,,,,,,,,,,,,,,1,IMF_GFS,,
BGR,Bulgaria,1927,12.6336,,,,,,,12.6336,,,,,,,1,IMF_FPP,,
BGR,Bulgaria,1954,,,,,,,,,,,,,,,1,IMF_GFS,,
BGR,Bulgaria,1977,,,,,,,,,,,,,,,1,IMF_GFS,,
BGR,Bulgaria,1976,,,,,,,,,,,,,,,1,IMF_GFS,,
BGR,Bulgaria,2017,34.8,,34.79058,,,34.8,,32.02848,35.376169,32.028,,34.790483,,,1,EUS,,
BGR,Bulgaria,1926,11.2892,,,,,,,11.2892,,,,,,,1,IMF_FPP,,
BGR,Bulgaria,1939,14.0508,,,,,,,14.0508,,,,,,,1,IMF_FPP,,
BGR,Bulgaria,2019,36.5,,36.51215,,,36.5,,35.868796,35.505223,35.869,,36.444983,,,1,EUS,,
BGR,Bulgaria,2009,39.3,,39.27374,,,39.3,,33.771477,37.418081,33.771,,39.273606,,,1,EUS,,
BGR,Bulgaria,2024,39.2,,39.19151,,,39.2,,,,,39.474998,39.651035,,,1,EUS,,
BGR,Bulgaria,2014,43.2,,43.17315,,,43.2,,37.080456,40.739681,37.08,,43.173022,,,1,EUS,,
BGR,Bulgaria,1991,31.69568,,,,,,,,31.695678,,,,,,1,IMF_GFS,,
BGR,Bulgaria,2015,40.4,,40.38444,,,40.4,,37.329522,36.746557,37.33,,40.384437,,,1,EUS,,
BGR,Bulgaria,2008,37.1,,37.05531,,,37.1,,33.452202,34.275239,33.452,,37.055036,,,1,EUS,,
BGR,Bulgaria,2010,36.1,,36.12082,,,36.1,,34.554023,34.554453,34.554,,36.120667,,,1,EUS,,
BGR,Bulgaria,1989,,,,,,,,,,,,,,,1,IMF_GFS,,
BGR,Bulgaria,1944,10.1324,,,,,,,10.1324,,,,,,,1,IMF_FPP,1,5
BGR,Bulgaria,1935,15.3646,,,,,,,15.3646,,,,,,,1,IMF_FPP,,
BGR,Bulgaria,1980,,,,,,,,,,,,,,,1,IMF_GFS,,
BGR,Bulgaria,1958,,,,,,,,,,,,,,,1,IMF_GFS,,
BGR,Bulgaria,2026,39.64445,,42.79182,,,,,,,,39.029999,39.644448,,,1,OECD_EO,,
BGR,Bulgaria,1959,,,,,,,,,,,,,,,1,IMF_GFS,,
BGR,Bulgaria,2001,40.6,,40.6307,,,40.6,,36.47715,40.482223,36.477,,40.630673,,,1,EUS,,
BGR,Bulgaria,2006,33.7,,33.66092,,,33.7,,32.500926,32.478657,32.501,,33.66112,,,1,EUS,,
BGR,Bulgaria,1962,,,,,,,,,,,,,,,1,IMF_GFS,,
BGR,Bulgaria,1956,,,,,,,,,,,,,,,1,IMF_GFS,,
BGR,Bulgaria,1925,13.7816,,,,,,,13.7816,,,,,,,1,IMF_FPP,,
BGR,Bulgaria,1943,13.4049,,,,,,,13.4049,,,,,,,1,IMF_FPP,,
BGR,Bulgaria,2018,37.1,,37.08969,,,37.1,,34.326536,36.572615,34.327,,37.003177,,,1,EUS,,
BGR,Bulgaria,2020,41.4,,41.37934,,,41.4,,37.810821,40.717248,37.811,,41.307173,,,1,EUS,,
BGR,Bulgaria,1936,15.4675,,,,,,,15.4675,,,,,,,1,IMF_FPP,,
BGR,Bulgaria,1987,,,,,,,,,,,,,,,1,IMF_GFS,,
BGR,Bulgaria,1952,,,,,,,,,,,,,,,1,IMF_GFS,,
BGR,Bulgaria,2011,33.7,,33.69855,,,33.7,,31.954007,33.239646,31.954,,33.69856,,,1,EUS,,
BGR,Bulgaria,2021,41.5,,41.52501,,,41.5,,38.606638,41.437935,38.607,,41.461809,,,1,EUS,,
BGR,Bulgaria,1985,,,,,,,,,,,,,,,1,IMF_GFS,,
BGR,Bulgaria,2022,41.3,,41.28989,,,41.3,,37.689527,40.824872,37.69,,41.221957,,,1,EUS,,
BGR,Bulgaria,1934,12.0383,,,,,,,12.0383,,,,,,,1,IMF_FPP,,
BGR,Bulgaria,1955,,,,,,,,,,,,,,,1,IMF_GFS,,
BGR,Bulgaria,1999,41.5,,41.45881,,,41.5,,36.156228,43.070429,36.156,,41.458797,,,1,EUS,,
BGR,Bulgaria,2029,39.048,,,,,,,,,,39.048,,,,1,IMF_WEO_forecast,,
BGR,Bulgaria,1930,16.9043,,,,,,,16.904301,,,,,,,1,IMF_FPP,,
BGR,Bulgaria,1942,23.0123,,,,,,,23.0123,,,,,,,1,IMF_FPP,,
BGR,Bulgaria,2003,38.6,,38.57096,,,38.6,,35.76464,38.564426,35.765,,38.570976,,,1,EUS,,
BGR,Bulgaria,1932,14.318,,,,,,,14.318,,,,,,,1,IMF_FPP,,
BGR,Bulgaria,1990,42.23504,,,,,,,,42.235038,,,,,,1,IMF_GFS,,
BGR,Bulgaria,1983,,,,,,,,,,,,,,,1,IMF_GFS,,
BHR,Bahrain,2014,27.285,,,28.23448,,,,27.284634,,27.285,,,,,1,IMF_WEO,,
BHR,Bahrain,2003,28.09,,,,,,,28.090292,,28.09,,,,,1,IMF_WEO,,
BHR,Bahrain,1993,26.695,,,,,,,26.694722,,26.695,,,,,1,IMF_WEO,,
BHR,Bahrain,2016,33.277,,,29.48744,,,,33.277045,,33.277,,,,,1,IMF_WEO,,
BHR,Bahrain,2013,31.951,,,27.41093,,,,31.951255,,31.951,,,,,1,IMF_WEO,,
BHR,Bahrain,1998,25.697,,,,,,,25.696943,,25.697,,,,,1,IMF_WEO,,
BHR,Bahrain,1999,27.069,,,,,,,27.06905,,27.069,,,,,1,IMF_WEO,,
BHR,Bahrain,2026,25.78056,,,,,,,,,,25.781,,,,.9999829,IMF_WEO_forecast,,
BHR,Bahrain,2017,30.683,,,26.51712,,,,30.683481,,30.683,,,,,1,IMF_WEO,,
BHR,Bahrain,2000,22.154,,,,,,,22.153525,,22.154,,,,,1,IMF_WEO,,
BHR,Bahrain,2007,22.399,,,,,,,22.399355,,22.399,,,,,1,IMF_WEO,,
BHR,Bahrain,2002,30.58,,,,,,,30.580045,,30.58,,,,,1,IMF_WEO,,
BHR,Bahrain,1994,26.136,,,,,,,26.136233,,26.136,,,,,1,IMF_WEO,,
BHR,Bahrain,2012,31.113,,,,,,,31.113108,,31.113,,,,,1,IMF_WEO,,
BHR,Bahrain,1991,28.536,,,,,,,28.535747,,28.536,,,,,1,IMF_WEO,,
BHR,Bahrain,2025,26.52655,,,,,,,,,,26.527,,,,.9999829,IMF_WEO_forecast,,
BHR,Bahrain,2028,25.69056,,,,,,,,,,25.691,,,,.9999829,IMF_WEO_forecast,,
BHR,Bahrain,1990,32.363,,,,,,,32.362509,,32.363,,,,,1,IMF_WEO,,
BHR,Bahrain,1995,25.07,,,,,,,25.069858,,25.07,,,,,1,IMF_WEO,,
BHR,Bahrain,2011,30.167,,,,,,,30.167342,,30.167,,,,,1,IMF_WEO,,
BHR,Bahrain,2010,31.073,,,,,,,31.073435,,31.073,,,,,1,IMF_WEO,,
BHR,Bahrain,2004,24.993,,,,,,,24.992984,,24.993,,,,,1,IMF_WEO,,
BHR,Bahrain,2018,32.069,,,25.82284,,,,32.069451,,32.069,,,,,1,IMF_WEO,,
BHR,Bahrain,2027,25.50456,,,,,,,,,,25.504999,,,,.9999829,IMF_WEO_forecast,,
BHR,Bahrain,2029,25.51456,,,,,,,,,,25.514999,,,,.9999829,IMF_WEO_forecast,,
BHR,Bahrain,2008,22.683,,,,,,,22.682821,,22.683,,,,,1,IMF_WEO,,
BHR,Bahrain,2022,27.399,,,,,,,27.399205,,27.399,,,,,1,IMF_WEO,,
BHR,Bahrain,2015,34.847,,,30.41364,,,,34.846911,,34.847,,,,,1,IMF_WEO,,
BHR,Bahrain,2005,23.907,,,,,,,23.906602,,23.907,,,,,1,IMF_WEO,,
BHR,Bahrain,2006,23.132,,,,,,,23.131944,,23.132,,,,,1,IMF_WEO,,
BHR,Bahrain,1996,22.678,,,,,,,22.677833,,22.678,,,,,1,IMF_WEO,,
BHR,Bahrain,1997,30.988,,,,,,,30.988137,,30.988,,,,,1,IMF_WEO,,
BHR,Bahrain,1992,29.399,,,,,,,29.398846,,29.399,,,,,1,IMF_WEO,,
BHR,Bahrain,2023,29.84149,,,,,,,29.841712,,,29.841999,,,,.9999925,IMF_FPP,1,2
BHR,Bahrain,2024,28.33552,,,,,,,,,,28.336,,,,.9999829,IMF_WEO_forecast,1,2
BHR,Bahrain,2021,30.629,,,24.41257,,,,30.62891,,30.629,,,,,1,IMF_WEO,,
BHR,Bahrain,2009,24.593,,,,,,,24.592746,,24.593,,,,,1,IMF_WEO,,
BHR,Bahrain,2019,31.232,,,24.6741,,,,31.231811,,31.232,,,,,1,IMF_WEO,,
BHR,Bahrain,2001,26.54,,,,,,,26.540124,,26.54,,,,,1,IMF_WEO,,
BHR,Bahrain,2020,34.588,,,28.7451,,,,34.587918,,34.588,,,,,1,IMF_WEO,,
BHS,Bahamas,1992,11.796,,,,,,,11.796143,,11.796,,,,,1,IMF_WEO,,
BHS,Bahamas,2023,24.15769,,,,,,,24.157693,,,24.158001,,,,1,IMF_FPP,1,2
BHS,Bahamas,1993,11.512,,,,,,,11.511544,,11.512,,,,,1,IMF_WEO,,
BHS,Bahamas,1995,11.532,,,,,,,11.532346,,11.532,,,,,1,IMF_WEO,,
BHS,Bahamas,2002,11.632,,,,,,,11.631795,,11.632,,,,,1,IMF_WEO,,
BHS,Bahamas,2012,16.971,,,,,,,16.971437,,16.971,,,,,1,IMF_WEO,,
BHS,Bahamas,2014,18.324,,,,,,,18.324377,,18.324,,,,,1,IMF_WEO,,
BHS,Bahamas,2018,19.769,,,,,,,19.769224,,19.769,,,,,1,IMF_WEO,,
BHS,Bahamas,2019,20.637,,,,,,,20.636739,,20.637,,,,,1,IMF_WEO,,
BHS,Bahamas,2029,21.32,,,,,,,,,,21.32,,,,1,IMF_WEO_forecast,,
BHS,Bahamas,1994,11.749,,,,,,,11.748961,,11.749,,,,,1,IMF_WEO,,
BHS,Bahamas,2016,19.637,,,,,,,19.637462,,19.637,,,,,1,IMF_WEO,,
BHS,Bahamas,2013,18.217,,,,,,,18.217495,,18.217,,,,,1,IMF_WEO,,
BHS,Bahamas,2022,26.808,,,,,,,26.807792,,26.808,,,,,1,IMF_WEO,,
BHS,Bahamas,2015,18.681,,,,,,,18.680726,,18.681,,,,,1,IMF_WEO,,
BHS,Bahamas,1997,12.872,,,,,,,12.872496,,12.872,,,,,1,IMF_WEO,,
BHS,Bahamas,2007,13.629,,,,,,,13.629239,,13.629,,,,,1,IMF_WEO,,
BHS,Bahamas,2011,17.072,,,,,,,17.071853,,17.072,,,,,1,IMF_WEO,,
BHS,Bahamas,1996,11.51,,,,,,,11.510448,,11.51,,,,,1,IMF_WEO,,
BHS,Bahamas,2020,25.67,,,,,,,25.669888,,25.67,,,,,1,IMF_WEO,,
BHS,Bahamas,2005,12.851,,,,,,,12.850933,,12.851,,,,,1,IMF_WEO,,
BHS,Bahamas,2006,13.241,,,,,,,13.241147,,13.241,,,,,1,IMF_WEO,,
BHS,Bahamas,2009,15.227,,,,,,,15.226586,,15.227,,,,,1,IMF_WEO,,
BHS,Bahamas,1991,11.89,,,,,,,11.890441,,11.89,,,,,1,IMF_WEO,,
BHS,Bahamas,2004,12.485,,,,,,,12.485062,,12.485,,,,,1,IMF_WEO,,
BHS,Bahamas,1990,11.396,,,,,,,11.396427,,11.396,,,,,1,IMF_WEO,,
BHS,Bahamas,2026,22.611,,,,,,,,,,22.611,,,,1,IMF_WEO_forecast,,
BHS,Bahamas,2010,15.432,,,,,,,15.432067,,15.432,,,,,1,IMF_WEO,,
BHS,Bahamas,2003,11.789,,,,,,,11.789006,,11.789,,,,,1,IMF_WEO,,
BHS,Bahamas,2017,23.396,,,,,,,23.396142,,23.396,,,,,1,IMF_WEO,,
BHS,Bahamas,1999,9.295,,,,,,,9.2950402,,9.295,,,,,1,IMF_WEO,,
BHS,Bahamas,2021,31.806,,,,,,,31.805764,,31.806,,,,,1,IMF_WEO,,
BHS,Bahamas,2025,22.705,,,,,,,,,,22.705,,,,1,IMF_WEO_forecast,,
BHS,Bahamas,2001,11.379,,,,,,,11.378625,,11.379,,,,,1,IMF_WEO,,
BHS,Bahamas,2000,11.563,,,,,,,11.562731,,11.563,,,,,1,IMF_WEO,,
BHS,Bahamas,2028,21.985,,,,,,,,,,21.985001,,,,1,IMF_WEO_forecast,,
BHS,Bahamas,2024,22.366,,,,,,,,,,22.365999,,,,1,IMF_WEO_forecast,1,2
BHS,Bahamas,1998,12.034,,,,,,,12.034145,,12.034,,,,,1,IMF_WEO,,
BHS,Bahamas,2008,14.338,,,,,,,14.338211,,14.338,,,,,1,IMF_WEO,,
BHS,Bahamas,2027,22.321,,,,,,,,,,22.320999,,,,1,IMF_WEO_forecast,,
BIH,Bosnia and Herzegovina,1998,54.428,,,,,,,54.428156,,54.428,,,,,1,IMF_WEO,,
BIH,Bosnia and Herzegovina,2008,49.417,,,,,,,49.417077,42.425188,49.417,,,,,1,IMF_WEO,,
BIH,Bosnia and Herzegovina,2013,44.523,,,,,,,44.522829,40.904375,44.523,,,,,1,IMF_WEO,,
BIH,Bosnia and Herzegovina,2026,43.341,,,,,,,,,,43.341,,,,1,IMF_WEO_forecast,,
BIH,Bosnia and Herzegovina,2028,42.612,,,,,,,,,,42.612,,,,1,IMF_WEO_forecast,,
BIH,Bosnia and Herzegovina,1999,57.503,,,,,,,57.502535,,57.503,,,,,1,IMF_WEO,,
BIH,Bosnia and Herzegovina,2003,47.411,,,,,,,47.411097,,47.411,,,,,1,IMF_WEO,,
BIH,Bosnia and Herzegovina,2017,39.981,,,,,,,39.981467,37.114814,39.981,,,,,1,IMF_WEO,,
BIH,Bosnia and Herzegovina,2006,45.67,,,,,,,45.669917,38.844772,45.67,,,,,1,IMF_WEO,,
BIH,Bosnia and Herzegovina,2009,49.012,,,,,,,49.011736,43.037043,49.012,,,,,1,IMF_WEO,,
BIH,Bosnia and Herzegovina,2024,43.931,,,,,,,,,,43.931,,,,1,IMF_WEO_forecast,1,2
BIH,Bosnia and Herzegovina,2012,46.926,,,,,,,46.925911,42.647554,46.926,,,,,1,IMF_WEO,,
BIH,Bosnia and Herzegovina,2011,46.42,,,,,,,46.420357,41.620979,46.42,,,,,1,IMF_WEO,,
BIH,Bosnia and Herzegovina,2000,56.306,,,,,,,56.305677,,56.306,,,,,1,IMF_WEO,,
BIH,Bosnia and Herzegovina,2004,45.597,,,,,,,45.596919,,45.597,,,,,1,IMF_WEO,,
BIH,Bosnia and Herzegovina,2019,39.915,,,,,,,39.914704,36.902063,39.915,,,,,1,IMF_WEO,,
BIH,Bosnia and Herzegovina,2025,43.612,,,,,,,,,,43.612,,,,1,IMF_WEO_forecast,,
BIH,Bosnia and Herzegovina,2021,39.856,,,,,,,39.856467,37.355335,39.856,,,,,1,IMF_WEO,,
BIH,Bosnia and Herzegovina,2016,41.455,,,,,,,41.45538,38.565857,41.455,,,,,1,IMF_WEO,,
BIH,Bosnia and Herzegovina,2022,36.27123,,,,,,,38.632505,36.271229,,38.632999,,,,1,IMF_GFS,1,2
BIH,Bosnia and Herzegovina,2015,42.689,,,,,,,42.688546,40.042385,42.689,,,,,1,IMF_WEO,,
BIH,Bosnia and Herzegovina,2010,48.718,,,,,,,48.717823,42.768338,48.718,,,,,1,IMF_WEO,,
BIH,Bosnia and Herzegovina,2029,42.401,,,,,,,,,,42.401001,,,,1,IMF_WEO_forecast,,
BIH,Bosnia and Herzegovina,2023,39.0188,,,,,,,42.457768,39.018794,,42.458,,,,1,IMF_GFS,,
BIH,Bosnia and Herzegovina,2001,50.351,,,,,,,50.350553,,50.351,,,,,1,IMF_WEO,,
BIH,Bosnia and Herzegovina,2020,45.385,,,,,,,45.385236,41.305888,45.385,,,,,1,IMF_WEO,,
BIH,Bosnia and Herzegovina,2007,46.55,,,,,,,46.550381,40.321317,46.55,,,,,1,IMF_WEO,,
BIH,Bosnia and Herzegovina,2027,43.04,,,,,,,,,,43.040001,,,,1,IMF_WEO_forecast,,
BIH,Bosnia and Herzegovina,2014,46.27,,,,,,,46.269593,41.568834,46.27,,,,,1,IMF_WEO,,
BIH,Bosnia and Herzegovina,2005,45.705,,,,,,,45.704662,36.978989,45.705,,,,,1,IMF_WEO,,
BIH,Bosnia and Herzegovina,2018,40.423,,,,,,,40.423319,37.176933,40.423,,,,,1,IMF_WEO,,
BIH,Bosnia and Herzegovina,2002,47.557,,,,,,,47.556689,,47.557,,,,,1,IMF_WEO,,
BLR,Belarus,2007,49.171,,,,,,,,41.928504,49.171,,,,,1,IMF_WEO,,
BLR,Belarus,2014,38.836,,,,,,,,35.902544,38.836,,,,,1,IMF_WEO,,
BLR,Belarus,2022,37.45838,,,,,,,,37.458377,,38.438,,,,1,IMF_GFS,1,2
BLR,Belarus,2011,40.295,,,,,,,,32.735667,40.295,,,,,1,IMF_WEO,,
BLR,Belarus,2006,47.21,,,,,,,,40.837997,47.21,,,,,1,IMF_WEO,,
BLR,Belarus,2012,38.893,,,,,,,,35.87838,38.893,,,,,1,IMF_WEO,,
BLR,Belarus,2016,40.683,,,,,,,,37.670594,40.683,,,,,1,IMF_WEO,,
BLR,Belarus,2021,36.716,,,,,,,,36.940708,36.716,,,,,1,IMF_WEO,,
BLR,Belarus,2027,41.229,,,,,,,,,,41.229,,,,1,IMF_WEO_forecast,,
BLR,Belarus,2020,38.045,,,,,,,,38.567958,38.045,,,,,1,IMF_WEO,,
BLR,Belarus,2029,41.289,,,,,,,,,,41.289001,,,,1,IMF_WEO_forecast,,
BLR,Belarus,2010,44.319,,,,,,,,38.84188,44.319,,,,,1,IMF_WEO,,
BLR,Belarus,2005,44.985,,,,,,,,40.176416,44.985,,,,,1,IMF_WEO,,
BLR,Belarus,2004,44.003,,,,,,,,39.684262,44.003,,,,,1,IMF_WEO,,
BLR,Belarus,2003,43.531,,,,,,,,39.280641,43.531,,,,,1,IMF_WEO,,
BLR,Belarus,2002,43.782,,,,,,,,,43.782,,,,,1,IMF_WEO,,
BLR,Belarus,2026,41.327,,,,,,,,,,41.327,,,,1,IMF_WEO_forecast,,
BLR,Belarus,2013,40.813,,,,,,,,36.778475,40.813,,,,,1,IMF_WEO,,
BLR,Belarus,2024,40.929,,,,,,,,,,40.929001,,,,1,IMF_WEO_forecast,1,2
BLR,Belarus,2028,41.255,,,,,,,,,,41.255001,,,,1,IMF_WEO_forecast,,
BLR,Belarus,2008,60.009,,,,,,,,41.306869,60.009,,,,,1,IMF_WEO,,
BLR,Belarus,2001,42.38,,,,,,,,,42.38,,,,,1,IMF_WEO,,
BLR,Belarus,2015,41.77,,,,,,,,36.982472,41.77,,,,,1,IMF_WEO,,
BLR,Belarus,2019,37.353,,,,,,,,37.373856,37.353,,,,,1,IMF_WEO,,
BLR,Belarus,2018,37.845,,,,,,,,36.924178,37.845,,,,,1,IMF_WEO,,
BLR,Belarus,2025,41.167,,,,,,,,,,41.167,,,,1,IMF_WEO_forecast,,
BLR,Belarus,2017,39.042,,,,,,,,38.025172,39.042,,,,,1,IMF_WEO,,
BLR,Belarus,2023,38.11639,,,,,,,,38.116392,,40.313999,,,,1,IMF_GFS,,
BLR,Belarus,2009,51.703,,,,,,,,41.32756,51.703,,,,,1,IMF_WEO,,
BLZ,Belize,2024,23.889,,,,,,,,,,23.889,,,,1,IMF_WEO_forecast,1,2
BLZ,Belize,2019,27.468,,,,,,,27.467551,,27.468,,,,,1,IMF_WEO,,
BLZ,Belize,2004,22.404,,,,,,,22.40398,,22.404,,,,,1,IMF_WEO,,
BLZ,Belize,2000,24.351,,,,,,,24.351318,,24.351,,,,,1,IMF_WEO,,
BLZ,Belize,2017,27.661,,,,,,,27.661224,,27.661,,,,,1,IMF_WEO,,
BLZ,Belize,2003,25.352,,,,,,,25.352133,,25.352,,,,,1,IMF_WEO,,
BLZ,Belize,1997,20.581,,,,,,,20.58111,,20.581,,,,,1,IMF_WEO,,
BLZ,Belize,2014,24.969,,,,,,,24.969412,,24.969,,,,,1,IMF_WEO,,
BLZ,Belize,1996,20.442,,,,,,,20.441807,,20.442,,,,,1,IMF_WEO,,
BLZ,Belize,2005,22.115,,,,,,,22.114734,,22.115,,,,,1,IMF_WEO,,
BLZ,Belize,2018,26.85,,,,,,,26.850013,,26.85,,,,,1,IMF_WEO,,
BLZ,Belize,2007,22.148,,,,,,,22.148119,,22.148,,,,,1,IMF_WEO,,
BLZ,Belize,2022,22.96631,,,,,,,22.966307,,,22.966,,,,1,IMF_FPP,1,2
BLZ,Belize,2006,21.251,,,,,,,21.250817,,21.251,,,,,1,IMF_WEO,,
BLZ,Belize,1999,24.829,,,,,,,24.82869,,24.829,,,,,1,IMF_WEO,,
BLZ,Belize,2002,25.296,,,,,,,25.296161,,25.296,,,,,1,IMF_WEO,,
BLZ,Belize,2021,25.776,,,,,,,25.775606,,25.776,,,,,1,IMF_WEO,,
BLZ,Belize,2016,27.649,,,,,,,27.649452,,27.649,,,,,1,IMF_WEO,,
BLZ,Belize,2020,33.146,,,,,,,33.146188,,33.146,,,,,1,IMF_WEO,,
BLZ,Belize,2015,27.927,,,,,,,27.927065,,27.927,,,,,1,IMF_WEO,,
BLZ,Belize,2012,22.261,,,,,,,22.260541,,22.261,,,,,1,IMF_WEO,,
BLZ,Belize,2001,26.836,,,,,,,26.836234,,26.836,,,,,1,IMF_WEO,,
BLZ,Belize,2026,24.309,,,,,,,,,,24.309,,,,1,IMF_WEO_forecast,,
BLZ,Belize,2029,24.231,,,,,,,,,,24.231001,,,,1,IMF_WEO_forecast,,
BLZ,Belize,2028,24.268,,,,,,,,,,24.268,,,,1,IMF_WEO_forecast,,
BLZ,Belize,2027,24.274,,,,,,,,,,24.274,,,,1,IMF_WEO_forecast,,
BLZ,Belize,1998,21.799,,,,,,,21.798666,,21.799,,,,,1,IMF_WEO,,
BLZ,Belize,2010,23.437,,,,,,,23.43704,,23.437,,,,,1,IMF_WEO,,
BLZ,Belize,2025,24.276,,,,,,,,,,24.275999,,,,1,IMF_WEO_forecast,,
BLZ,Belize,2008,21.858,,,,,,,21.857874,,21.858,,,,,1,IMF_WEO,,
BLZ,Belize,2023,24.26814,,,,,,,24.268139,,,24.268,,,,1,IMF_FPP,,
BLZ,Belize,2009,23.27,,,,,,,23.270329,,23.27,,,,,1,IMF_WEO,,
BLZ,Belize,2011,23.637,,,,,,,23.637258,,23.637,,,,,1,IMF_WEO,,
BLZ,Belize,2013,23.966,,,,,,,23.965978,,23.966,,,,,1,IMF_WEO,,
BOL,Bolivia,1977,18.6414,,,,,,,18.641399,,,,,,,1,IMF_FPP,,
BOL,Bolivia,1953,2.75229,,,,,,,2.75229,,,,,,,1,IMF_FPP,,
BOL,Bolivia,2016,39.929,,,,22.20673,,,39.929121,,39.929,,,,,1,IMF_WEO,,
BOL,Bolivia,1956,2.79289,,,,,,,2.7928901,,,,,,,1,IMF_FPP,,
BOL,Bolivia,2011,35.356,,,,17.47252,,,35.355821,,35.356,,,,,1,IMF_WEO,,
BOL,Bolivia,2009,33.204,,,,,,,33.203509,,33.204,,,,,1,IMF_WEO,,
BOL,Bolivia,2017,38.598,,,,19.56556,,,38.597756,,38.598,,,,,1,IMF_WEO,,
BOL,Bolivia,1961,10.6732,,,,,,,10.6732,,,,,,,1,IMF_FPP,,
BOL,Bolivia,1986,22.231,,,,,,,22.230629,13.363086,22.231,,,,,1,IMF_WEO,,
BOL,Bolivia,1972,11.8137,,,,,,,11.8137,,,,,,,1,IMF_FPP,,
BOL,Bolivia,2026,35.666,,,,,,,,,,35.666,,,,1,IMF_WEO_forecast,,
BOL,Bolivia,1975,14.392,,,,,,,14.392,,,,,,,1,IMF_FPP,,
BOL,Bolivia,1978,17.3322,,,,,,,17.332199,,,,,,,1,IMF_FPP,,
BOL,Bolivia,1963,10.7915,,,,,,,10.7915,,,,,,,1,IMF_FPP,,
BOL,Bolivia,2024,37.384,,,,,,,,,,37.383999,,,,1,IMF_WEO_forecast,1,3
BOL,Bolivia,1967,13.1084,,,,,,,13.1084,,,,,,,1,IMF_FPP,,
BOL,Bolivia,1970,10.0338,,,,,,,10.0338,,,,,,,1,IMF_FPP,,
BOL,Bolivia,2025,36.576,,,,,,,,,,36.576,,,,1,IMF_WEO_forecast,,
BOL,Bolivia,1992,25.253,,,,,,,25.253278,18.920227,25.253,,,,,1,IMF_WEO,,
BOL,Bolivia,2028,34.772,,,,,,,,,,34.771999,,,,1,IMF_WEO_forecast,,
BOL,Bolivia,2027,35.179,,,,,,,,,,35.179001,,,,1,IMF_WEO_forecast,,
BOL,Bolivia,1951,4.6375,,,,,,,4.6374998,,,,,,,1,IMF_FPP,,
BOL,Bolivia,1964,10.8464,,,,,,,10.8464,,,,,,,1,IMF_FPP,,
BOL,Bolivia,1960,10.1362,,,,,,,10.1362,,,,,,,1,IMF_FPP,,
BOL,Bolivia,1965,12.9248,,,,,,,12.9248,,,,,,,1,IMF_FPP,,
BOL,Bolivia,1988,23.975,,,,,,,23.975093,13.151636,23.975,,,,,1,IMF_WEO,,
BOL,Bolivia,1976,16.799,,,,,,,16.799,,,,,,,1,IMF_FPP,,
BOL,Bolivia,1973,14.0574,,,,,,,14.0574,,,,,,,1,IMF_FPP,,
BOL,Bolivia,1952,3.91589,,,,,,,3.91589,,,,,,,1,IMF_FPP,,
BOL,Bolivia,1958,9.84826,,,,,,,9.8482599,,,,,,,1,IMF_FPP,,
BOL,Bolivia,1998,29.973,,,,15.34588,,,29.9729,21.571974,29.973,,,,,1,IMF_WEO,,
BOL,Bolivia,1991,24.181,,,,,,,24.18092,15.813714,24.181,,,,,1,IMF_WEO,,
BOL,Bolivia,1959,11.7297,,,,,,,11.7297,,,,,,,1,IMF_FPP,,
BOL,Bolivia,1968,14.1287,,,,,,,14.1287,,,,,,,1,IMF_FPP,,
BOL,Bolivia,1974,14.2247,,,,,,,14.2247,,,,,,,1,IMF_FPP,,
BOL,Bolivia,1981,46.703,,,,,,,16.6133,,46.703,,,,,1,IMF_WEO,,
BOL,Bolivia,1984,29.028,,,,,,,29.028139,,29.028,,,,,1,IMF_WEO,,
BOL,Bolivia,1989,24.409,,,,,,,24.408819,15.226091,24.409,,,,,1,IMF_WEO,,
BOL,Bolivia,1996,26.048,,,,,,,26.047607,19.172997,26.048,,,,,1,IMF_WEO,,
BOL,Bolivia,2001,31.955,,,,17.11341,,,31.954863,25.038275,31.955,,,,,1,IMF_WEO,,
BOL,Bolivia,2022,34.66125,,,,,,,34.661255,,,34.660999,,,,1,IMF_FPP,1,3
BOL,Bolivia,1999,29.364,,,,16.13405,,,29.364309,21.835829,29.364,,,,,1,IMF_WEO,,
BOL,Bolivia,2008,35.333,,,,18.00675,,,35.332835,,35.333,,,,,1,IMF_WEO,,
BOL,Bolivia,2023,38.06025,,,,,,,38.060249,,,38.060001,,,,1,IMF_FPP,,
BOL,Bolivia,2015,44.585,,,,23.55583,,,44.585239,,44.585,,,,,1,IMF_WEO,,
BOL,Bolivia,1985,21.782,,,,,,,21.7818,,21.782,,,,,1,IMF_WEO,,
BOL,Bolivia,2013,38.438,,,,20.08759,,,38.437854,,38.438,,,,,1,IMF_WEO,,
BOL,Bolivia,1994,26.767,,,,,,,26.766651,21.146793,26.767,,,,,1,IMF_WEO,,
BOL,Bolivia,2029,34.549,,,,,,,,,,34.549,,,,1,IMF_WEO_forecast,,
BOL,Bolivia,2020,37.976,,,,,,,37.976146,,37.976,,,,,1,IMF_WEO,,
BOL,Bolivia,2010,31.5,,,,18.09651,,,31.499656,,31.5,,,,,1,IMF_WEO,,
BOL,Bolivia,2003,31.99,,,,17.52859,,,31.989738,28.730555,31.99,,,,,1,IMF_WEO,,
BOL,Bolivia,2002,33.293,,,,17.1544,,,33.292648,28.362982,33.293,,,,,1,IMF_WEO,,
BOL,Bolivia,1962,10.2121,,,,,,,10.2121,,,,,,,1,IMF_FPP,,
BOL,Bolivia,1990,22.776,,,,,,,22.776132,15.509155,22.776,,,,,1,IMF_WEO,,
BOL,Bolivia,1983,32.072,,,,,,,32.07229,,32.072,,,,,1,IMF_WEO,,
BOL,Bolivia,2014,43.257,,,,22.23849,,,43.256704,,43.257,,,,,1,IMF_WEO,,
BOL,Bolivia,1993,27.181,,,,,,,27.181434,22.783053,27.181,,,,,1,IMF_WEO,,
BOL,Bolivia,2000,29.314,,,,15.72438,,,29.314364,22.104435,29.314,,,,,1,IMF_WEO,,
BOL,Bolivia,1969,12.3144,,,,,,,12.3144,,,,,,,1,IMF_FPP,,
BOL,Bolivia,1955,1.73218,,,,,,,1.73218,,,,,,,1,IMF_FPP,,
BOL,Bolivia,2005,33.183,,,,17.48278,,,33.182513,27.873014,33.183,,,,,1,IMF_WEO,,
BOL,Bolivia,2006,29.834,,,,16.55064,,,29.834087,26.093106,29.834,,,,,1,IMF_WEO,,
BOL,Bolivia,2021,34.4,,,,,,,34.399989,,34.4,,,,,1,IMF_WEO,,
BOL,Bolivia,1957,9.22297,,,,,,,9.22297,,,,,,,1,IMF_FPP,,
BOL,Bolivia,2019,36.066,,,,,,,36.065849,,36.066,,,,,1,IMF_WEO,,
BOL,Bolivia,1980,19.7716,,,,,,,19.771601,,,,,,,1,IMF_FPP,1,3
BOL,Bolivia,1966,12.8679,,,,,,,12.8679,,,,,,,1,IMF_FPP,,
BOL,Bolivia,1971,11.2618,,,,,,,11.2618,,,,,,,1,IMF_FPP,,
BOL,Bolivia,1954,2.37342,,,,,,,2.37342,,,,,,,1,IMF_FPP,,
BOL,Bolivia,2004,32.345,,,,16.87802,,,32.344512,28.408738,32.345,,,,,1,IMF_WEO,,
BOL,Bolivia,2018,37.094,,,,19.64089,,,37.094497,,37.094,,,,,1,IMF_WEO,,
BOL,Bolivia,1979,17.9955,,,,,,,17.995501,,,,,,,1,IMF_FPP,,
BOL,Bolivia,2007,32.653,,,,17.12764,,,32.652602,24.798233,32.653,,,,,1,IMF_WEO,,
BOL,Bolivia,1987,24.419,,,,,,,24.419202,13.365198,24.419,,,,,1,IMF_WEO,,
BOL,Bolivia,1995,25.781,,,,,,,25.78058,19.905338,25.781,,,,,1,IMF_WEO,,
BOL,Bolivia,2012,36.038,,,,18.35395,,,36.038182,,36.038,,,,,1,IMF_WEO,,
BOL,Bolivia,1982,24.987,,,,,,,24.986763,,24.987,,,,,1,IMF_WEO,,
BOL,Bolivia,1950,5.13043,,,,,,,5.1304302,,,,,,,1,IMF_FPP,,
BOL,Bolivia,1997,28.28,,,,14.7432,,,28.279686,21.120999,28.28,,,,,1,IMF_WEO,,
BRA,Brazil,1943,9.71985,,,,,,,9.7198496,,,,,,,1,IMF_FPP,,
BRA,Brazil,1955,7.63226,,,,,,,7.6322598,,,,,,,1,IMF_FPP,,
BRA,Brazil,2019,43.043,,,,,,,43.042876,43.453758,43.043,,,,,1,IMF_WEO,,
BRA,Brazil,1954,8.85475,,,,,,,8.8547497,,,,,,,1,IMF_FPP,,
BRA,Brazil,2012,39.31,,,,40.42738,,,39.309805,38.48979,39.31,,,,,1,IMF_WEO,,
BRA,Brazil,2018,44.181,,,,,,,44.180659,44.405442,44.181,,,,,1,IMF_WEO,,
BRA,Brazil,1957,8.19933,,,,,,,8.1993303,,,,,,,1,IMF_FPP,,
BRA,Brazil,2002,44.495,,,,36.62767,,,44.494777,,44.495,,,,,1,IMF_WEO,,
BRA,Brazil,1881,23.9655,,,,,,,23.9655,,,,,,,1,IMF_FPP,,
BRA,Brazil,2004,39.681,,,,38.96106,,,39.68068,,39.681,,,,,1,IMF_WEO,,
BRA,Brazil,2027,45.284,,,,,,,,,,45.284,,,,1,IMF_WEO_forecast,,
BRA,Brazil,1947,7.20064,,,,,,,7.2006402,,,,,,,1,IMF_FPP,,
BRA,Brazil,1901,13.7573,,,,,,,13.7573,,,,,,,1,IMF_FPP,,
BRA,Brazil,1927,8.0344,,,,,,,8.0344,,,,,,,1,IMF_FPP,,
BRA,Brazil,1936,8.71919,,,,,,,8.7191896,,,,,,,1,IMF_FPP,,
BRA,Brazil,2008,39.916,,,,40.7169,,,39.915579,,39.916,,,,,1,IMF_WEO,,
BRA,Brazil,2005,41.87,,,,38.01147,,,41.870309,,41.87,,,,,1,IMF_WEO,,
BRA,Brazil,1908,13.8108,,,,,,,13.8108,,,,,,,1,IMF_FPP,,
BRA,Brazil,2011,39.367,,,,38.30076,,,39.367254,38.542192,39.367,,,,,1,IMF_WEO,,
BRA,Brazil,1956,7.51359,,,,,,,7.5135899,,,,,,,1,IMF_FPP,,
BRA,Brazil,2022,43.445,,,,,,,43.445331,43.049179,43.445,,,,,1,IMF_WEO,,
BRA,Brazil,1922,11.9,,,,,,,11.9,,,,,,,1,IMF_FPP,,
BRA,Brazil,1916,14.3125,,,,,,,14.3125,,,,,,,1,IMF_FPP,,
BRA,Brazil,1912,13.8421,,,,,,,13.8421,,,,,,,1,IMF_FPP,,
BRA,Brazil,1966,14.6,,,,,,,14.6,,,,,,,1,IMF_FPP,,
BRA,Brazil,1973,11,,,,,,,11,,,,,,,1,IMF_FPP,,
BRA,Brazil,1900,15.5047,,,,,,,15.5047,,,,,,,1,IMF_FPP,,
BRA,Brazil,1898,23.9187,,,,,,,23.918699,,,,,,,1,IMF_FPP,,
BRA,Brazil,1889,28.1818,,,,,,,28.181801,,,,,,,1,IMF_FPP,,
BRA,Brazil,1888,22.9688,,,,,,,22.9688,,,,,,,1,IMF_FPP,,
BRA,Brazil,1980,6.8,,,,,,,6.8000002,,,,,,,1,IMF_FPP,,
BRA,Brazil,1882,24.386,,,,,,,24.386,,,,,,,1,IMF_FPP,,
BRA,Brazil,1981,7.8,,,,,,,7.8000002,,,,,,,1,IMF_FPP,,
BRA,Brazil,1978,10.2,,,,,,,10.2,,,,,,,1,IMF_FPP,,
BRA,Brazil,1985,11.1,,,,,,,11.1,,,,,,,1,IMF_FPP,,
BRA,Brazil,1989,,,,,,,,,,,,,,,1,IMF_FPP,,
BRA,Brazil,1937,9.86643,,,,,,,9.8664303,,,,,,,1,IMF_FPP,,
BRA,Brazil,1993,,,,,,,,,,,,,,,1,IMF_FPP,,
BRA,Brazil,2000,37.86893,,,,37.86893,,,34.481928,,,,,,,1,ECLAC,1,4
BRA,Brazil,1931,11.3006,,,,,,,11.3006,,,,,,,1,IMF_FPP,,
BRA,Brazil,2017,44.297,,,,,,,44.297331,44.73824,44.297,,,,,1,IMF_WEO,,
BRA,Brazil,1962,23.0509,,,,,,,23.0509,,,,,,,1,IMF_FPP,,
BRA,Brazil,1926,7.9287,,,,,,,7.9287,,,,,,,1,IMF_FPP,,
BRA,Brazil,2010,39.516,,,,39.70073,,,39.515877,38.037066,39.516,,,,,1,IMF_WEO,,
BRA,Brazil,1910,13,,,,,,,13,,,,,,,1,IMF_FPP,,
BRA,Brazil,1976,10.6,,,,,,,10.6,,,,,,,1,IMF_FPP,,
BRA,Brazil,2021,40.371,,,,,,,40.370989,40.698893,40.371,,,,,1,IMF_WEO,,
BRA,Brazil,1977,10.4,,,,,,,10.4,,,,,,,1,IMF_FPP,,
BRA,Brazil,1967,13.5,,,,,,,13.5,,,,,,,1,IMF_FPP,,
BRA,Brazil,1903,12.5172,,,,,,,12.5172,,,,,,,1,IMF_FPP,,
BRA,Brazil,2025,46.564,,,,,,,,,,46.563999,,,,1,IMF_WEO_forecast,,
BRA,Brazil,1894,14.1825,,,,,,,14.1825,,,,,,,1,IMF_FPP,,
BRA,Brazil,1970,11.4,,,,,,,11.4,,,,,,,1,IMF_FPP,,
BRA,Brazil,1948,8.04903,,,,,,,8.0490303,,,,,,,1,IMF_FPP,,
BRA,Brazil,1953,8.34931,,,,,,,8.3493099,,,,,,,1,IMF_FPP,,
BRA,Brazil,2001,39.802,,,,39.33467,,,39.802299,,39.802,,,,,1,IMF_WEO,,
BRA,Brazil,1893,13.0303,,,,,,,13.0303,,,,,,,1,IMF_FPP,,
BRA,Brazil,1938,9.20889,,,,,,,9.20889,,,,,,,1,IMF_FPP,,
BRA,Brazil,2026,46.039,,,,,,,,,,46.039001,,,,1,IMF_WEO_forecast,,
BRA,Brazil,1964,25.394,,,,,,,25.393999,,,,,,,1,IMF_FPP,,
BRA,Brazil,2028,45.119,,,,,,,,,,45.118999,,,,1,IMF_WEO_forecast,,
BRA,Brazil,1942,10.9366,,,,,,,10.9366,,,,,,,1,IMF_FPP,,
BRA,Brazil,2007,40.352,,,,40.5585,,,40.351754,,40.352,,,,,1,IMF_WEO,,
BRA,Brazil,1998,40.90043,,,,,,,40.900432,,,,,,,1,IMF_FPP,,
BRA,Brazil,2003,41.288,,,,35.4464,,,41.288173,,41.288,,,,,1,IMF_WEO,,
BRA,Brazil,1949,9.01157,,,,,,,9.01157,,,,,,,1,IMF_FPP,,
BRA,Brazil,1884,28.5185,,,,,,,28.518499,,,,,,,1,IMF_FPP,,
BRA,Brazil,1897,11.8809,,,,,,,11.8809,,,,,,,1,IMF_FPP,,
BRA,Brazil,1952,8.04884,,,,,,,8.0488396,,,,,,,1,IMF_FPP,,
BRA,Brazil,1987,,,,,,,,,,,,,,,1,IMF_FPP,,
BRA,Brazil,1944,11.8159,,,,,,,11.8159,,,,,,,1,IMF_FPP,,
BRA,Brazil,1991,,,,,,,,,,,,,,,1,IMF_FPP,,
BRA,Brazil,1999,39.58863,,,,,,,39.588625,,,,,,,1,IMF_FPP,1,4
BRA,Brazil,1972,12.6,,,,,,,12.6,,,,,,,1,IMF_FPP,,
BRA,Brazil,1934,12.2008,,,,,,,12.2008,,,,,,,1,IMF_FPP,,
BRA,Brazil,1904,14.4688,,,,,,,14.4688,,,,,,,1,IMF_FPP,,
BRA,Brazil,1941,10.6659,,,,,,,10.6659,,,,,,,1,IMF_FPP,,
BRA,Brazil,1930,11.205,,,,,,,11.205,,,,,,,1,IMF_FPP,,
BRA,Brazil,2020,46.178,,,,,,,46.178422,46.392289,46.178,,,,,1,IMF_WEO,,
BRA,Brazil,1929,8.8984,,,,,,,8.8984003,,,,,,,1,IMF_FPP,,
BRA,Brazil,1979,9,,,,,,,9,,,,,,,1,IMF_FPP,,
BRA,Brazil,1932,15.8872,,,,,,,15.8872,,,,,,,1,IMF_FPP,,
BRA,Brazil,1968,14.4,,,,,,,14.4,,,,,,,1,IMF_FPP,,
BRA,Brazil,1880,24.1936,,,,,,,24.1936,,,,,,,1,IMF_FPP,,
BRA,Brazil,1984,10,,,,,,,10,,,,,,,1,IMF_FPP,,
BRA,Brazil,1990,,,,,,,,,,,,,,,1,IMF_FPP,,
BRA,Brazil,1887,22.8788,,,,,,,22.878799,,,,,,,1,IMF_FPP,,
BRA,Brazil,1996,38.24936,,,,,,,38.249356,,,,,,,1,IMF_FPP,,
BRA,Brazil,1896,12.6804,,,,,,,12.6804,,,,,,,1,IMF_FPP,,
BRA,Brazil,1914,16.3192,,,,,,,16.319201,,,,,,,1,IMF_FPP,,
BRA,Brazil,1907,14.1081,,,,,,,14.1081,,,,,,,1,IMF_FPP,,
BRA,Brazil,1994,,,,,,,,,,,,,,,1,IMF_FPP,,
BRA,Brazil,1961,12.001,,,,,,,12.001,,,,,,,1,IMF_FPP,,
BRA,Brazil,1992,,,,,,,,,,,,,,,1,IMF_FPP,,
BRA,Brazil,1890,25.6977,,,,,,,25.697701,,,,,,,1,IMF_FPP,,
BRA,Brazil,2006,42.563,,,,43.57751,,,42.5628,,42.563,,,,,1,IMF_WEO,,
BRA,Brazil,1997,38.60093,,,,,,,38.60093,,,,,,,1,IMF_FPP,,
BRA,Brazil,2016,45.503,,,,,,,45.503296,45.59778,45.503,,,,,1,IMF_WEO,,
BRA,Brazil,2009,40.537,,,,44.53923,,,40.536594,,40.537,,,,,1,IMF_WEO,,
BRA,Brazil,1895,12.3656,,,,,,,12.3656,,,,,,,1,IMF_FPP,,
BRA,Brazil,1974,10.5,,,,,,,10.5,,,,,,,1,IMF_FPP,,
BRA,Brazil,1885,25.0794,,,,,,,25.079399,,,,,,,1,IMF_FPP,,
BRA,Brazil,1921,11.89,,,,,,,11.89,,,,,,,1,IMF_FPP,,
BRA,Brazil,1983,9.7,,,,,,,9.6999998,,,,,,,1,IMF_FPP,,
BRA,Brazil,1971,11.7,,,,,,,11.7,,,,,,,1,IMF_FPP,,
BRA,Brazil,1919,11.2289,,,,,,,11.2289,,,,,,,1,IMF_FPP,,
BRA,Brazil,1988,,,,,,,,,,,,,,,1,IMF_FPP,,
BRA,Brazil,2024,46.235,,,,,,,,,,46.235001,,,,1,IMF_WEO_forecast,1,4
BRA,Brazil,1899,12.3853,,,,,,,12.3853,,,,,,,1,IMF_FPP,,
BRA,Brazil,1917,14.5636,,,,,,,14.5636,,,,,,,1,IMF_FPP,,
BRA,Brazil,1913,13.386,,,,,,,13.386,,,,,,,1,IMF_FPP,,
BRA,Brazil,1958,8.53469,,,,,,,8.5346899,,,,,,,1,IMF_FPP,,
BRA,Brazil,2029,44.977,,,,,,,,,,44.977001,,,,1,IMF_WEO_forecast,,
BRA,Brazil,1969,11.2,,,,,,,11.2,,,,,,,1,IMF_FPP,,
BRA,Brazil,1928,7.20786,,,,,,,7.20786,,,,,,,1,IMF_FPP,,
BRA,Brazil,1923,9.80625,,,,,,,9.8062496,,,,,,,1,IMF_FPP,,
BRA,Brazil,1906,13.2188,,,,,,,13.2188,,,,,,,1,IMF_FPP,,
BRA,Brazil,1935,9.57333,,,,,,,9.5733299,,,,,,,1,IMF_FPP,,
BRA,Brazil,2015,46.191,,,,,,,46.191296,46.055703,46.191,,,,,1,IMF_WEO,,
BRA,Brazil,1892,14.2347,,,,,,,14.2347,,,,,,,1,IMF_FPP,,
BRA,Brazil,1886,21.6901,,,,,,,21.6901,,,,,,,1,IMF_FPP,,
BRA,Brazil,1909,12.3333,,,,,,,12.3333,,,,,,,1,IMF_FPP,,
BRA,Brazil,1925,7.98546,,,,,,,7.9854598,,,,,,,1,IMF_FPP,,
BRA,Brazil,1883,22.1739,,,,,,,22.173901,,,,,,,1,IMF_FPP,,
BRA,Brazil,1965,14,,,,,,,14,,,,,,,1,IMF_FPP,,
BRA,Brazil,2023,45.2556,,,,,,,45.449195,45.255605,,45.449001,,,,1,IMF_GFS,1,4
BRA,Brazil,1939,9.63244,,,,,,,9.6324396,,,,,,,1,IMF_FPP,,
BRA,Brazil,1905,13.8889,,,,,,,13.8889,,,,,,,1,IMF_FPP,,
BRA,Brazil,1891,14.0764,,,,,,,14.0764,,,,,,,1,IMF_FPP,,
BRA,Brazil,2014,41.426,,,,36.08011,,,41.426432,40.499495,41.426,,,,,1,IMF_WEO,,
BRA,Brazil,2013,39.781,,,,36.35089,,,39.780841,38.976917,39.781,,,,,1,IMF_WEO,,
BRA,Brazil,1902,10.2759,,,,,,,10.2759,,,,,,,1,IMF_FPP,,
BRA,Brazil,1915,15.3111,,,,,,,15.3111,,,,,,,1,IMF_FPP,,
BRA,Brazil,1920,12.5204,,,,,,,12.5204,,,,,,,1,IMF_FPP,,
BRA,Brazil,1995,,,,,,,,,,,,,,,1,IMF_FPP,,
BRA,Brazil,1959,7.92651,,,,,,,7.9265099,,,,,,,1,IMF_FPP,,
BRA,Brazil,1940,10.8102,,,,,,,10.8102,,,,,,,1,IMF_FPP,,
BRA,Brazil,1951,7.61898,,,,,,,7.6189799,,,,,,,1,IMF_FPP,,
BRA,Brazil,1924,7.265,,,,,,,7.2649999,,,,,,,1,IMF_FPP,,
BRA,Brazil,1933,12.5884,,,,,,,12.5884,,,,,,,1,IMF_FPP,,
BRA,Brazil,1960,13.7056,,,,,,,13.7056,,,,,,,1,IMF_FPP,,
BRA,Brazil,1963,22.7696,,,,,,,22.7696,,,,,,,1,IMF_FPP,,
BRA,Brazil,1982,8.1,,,,,,,8.1000004,,,,,,,1,IMF_FPP,,
BRA,Brazil,1918,15.7636,,,,,,,15.7636,,,,,,,1,IMF_FPP,,
BRA,Brazil,1986,11.7,,,,,,,11.7,,,,,,,1,IMF_FPP,,
BRA,Brazil,1945,11.4856,,,,,,,11.4856,,,,,,,1,IMF_FPP,,
BRA,Brazil,1946,9.59628,,,,,,,9.5962801,,,,,,,1,IMF_FPP,,
BRA,Brazil,1911,12.4,,,,,,,12.4,,,,,,,1,IMF_FPP,,
BRA,Brazil,1975,10.7,,,,,,,10.7,,,,,,,1,IMF_FPP,,
BRA,Brazil,1950,8.70213,,,,,,,8.7021303,,,,,,,1,IMF_FPP,,
BRB,Barbados,2001,21.877,,,,,,,21.87723,,21.877,,,,,1,IMF_WEO,,
BRB,Barbados,2009,29.399,,,,,,,29.398575,,29.399,,,,,1,IMF_WEO,,
BRB,Barbados,2005,27.874,,,,,,,27.874468,,27.874,,,,,1,IMF_WEO,,
BRB,Barbados,2017,29.694,,,,,,,29.693502,,29.694,,,,,1,IMF_WEO,,
BRB,Barbados,2023,28.274,,,,,,,28.273589,,28.274,,,,,1,IMF_WEO,,
BRB,Barbados,1997,20.695,,,,,,,20.695354,,20.695,,,,,1,IMF_WEO,,
BRB,Barbados,1999,19.525,,,,,,,19.525085,,19.525,,,,,1,IMF_WEO,,
BRB,Barbados,2015,31.346,,,,,,,31.345584,,31.346,,,,,1,IMF_WEO,,
BRB,Barbados,2008,28.593,,,,,,,28.593332,,28.593,,,,,1,IMF_WEO,,
BRB,Barbados,2019,23.542,,,,,,,23.541548,,23.542,,,,,1,IMF_WEO,,
BRB,Barbados,2010,29.493,,,,,,,29.492503,,29.493,,,,,1,IMF_WEO,,
BRB,Barbados,1998,18.765,,,,,,,18.765493,,18.765,,,,,1,IMF_WEO,,
BRB,Barbados,2024,27.637,,,,,,,,,,27.636999,,,,1,IMF_WEO_forecast,1,1
BRB,Barbados,2021,30.378,,,,,,,30.378192,,30.378,,,,,1,IMF_WEO,,
BRB,Barbados,1994,16.802,,,,,,,16.802363,,16.802,,,,,1,IMF_WEO,,
BRB,Barbados,2016,30.447,,,,,,,30.446835,,30.447,,,,,1,IMF_WEO,,
BRB,Barbados,1995,18.283,,,,,,,18.282593,,18.283,,,,,1,IMF_WEO,,
BRB,Barbados,2027,25.682,,,,,,,,,,25.681999,,,,1,IMF_WEO_forecast,,
BRB,Barbados,1996,20.147,,,,,,,20.147236,,20.147,,,,,1,IMF_WEO,,
BRB,Barbados,2003,29.271,,,,,,,29.270952,31.695637,29.271,,,,,1,IMF_WEO,,
BRB,Barbados,2022,29.427,,,,,,,29.426878,,29.427,,,,,1,IMF_WEO,,
BRB,Barbados,2018,26.67,,,,,,,26.670445,,26.67,,,,,1,IMF_WEO,,
BRB,Barbados,2006,26.389,,,,,,,26.389393,,26.389,,,,,1,IMF_WEO,,
BRB,Barbados,2011,27.769,,,,,,,27.769417,,27.769,,,,,1,IMF_WEO,,
BRB,Barbados,2025,26.435,,,,,,,,,,26.434999,,,,1,IMF_WEO_forecast,,
BRB,Barbados,2012,30.402,,,,,,,30.402132,,30.402,,,,,1,IMF_WEO,,
BRB,Barbados,2007,27.603,,,,,,,27.602767,,27.603,,,,,1,IMF_WEO,,
BRB,Barbados,2014,29.105,,,,,,,29.105039,,29.105,,,,,1,IMF_WEO,,
BRB,Barbados,2020,32.606,,,,,,,32.605934,,32.606,,,,,1,IMF_WEO,,
BRB,Barbados,2026,25.98,,,,,,,,,,25.98,,,,1,IMF_WEO_forecast,,
BRB,Barbados,2028,25.473,,,,,,,,,,25.473,,,,1,IMF_WEO_forecast,,
BRB,Barbados,2000,20.81,,,,,,,20.809794,,20.81,,,,,1,IMF_WEO,,
BRB,Barbados,2002,30.772,,,,,,,30.77207,,30.772,,,,,1,IMF_WEO,,
BRB,Barbados,2029,25.368,,,,,,,,,,25.368,,,,1,IMF_WEO_forecast,,
BRB,Barbados,2013,30.809,,,,,,,30.808693,,30.809,,,,,1,IMF_WEO,,
BRB,Barbados,2004,27.678,,,,,,,27.678333,28.05942,27.678,,,,,1,IMF_WEO,,
BRN,Brunei,2024,29.587,,,,,,,,,,29.587,,,,1,IMF_WEO_forecast,,
BRN,Brunei,2006,27.989,28.93146,,,,,,,,27.989,,,,,1,IMF_WEO,,
BRN,Brunei,2002,41.425,45.26532,,,,,,,,41.425,,,,,1,IMF_WEO,,
BRN,Brunei,1996,36.855,,,,,,,,,36.855,,,,,1,IMF_WEO,,
BRN,Brunei,2016,39.352,39.70117,,,,,,,,39.352,,,,,1,IMF_WEO,,
BRN,Brunei,2025,29.099,,,,,,,,,,29.099001,,,,1,IMF_WEO_forecast,,
BRN,Brunei,2019,32.435,31.9622,,,,,,,,32.435,,,,,1,IMF_WEO,,
BRN,Brunei,2008,27.171,27.76756,,,,,,,,27.171,,,,,1,IMF_WEO,,
BRN,Brunei,2005,29.053,32.12549,,,,,,,,29.053,,,,,1,IMF_WEO,,
BRN,Brunei,2018,32.152,32.78204,,,,,,,,32.152,,,,,1,IMF_WEO,,
BRN,Brunei,2010,36.177,33.98189,,,,,,,,36.177,,,,,1,IMF_WEO,,
BRN,Brunei,2026,28.195,,,,,,,,,,28.195,,,,1,IMF_WEO_forecast,,
BRN,Brunei,2022,26.376,26.4526,,,,,,,,26.376,,,,,1,IMF_WEO,,
BRN,Brunei,2015,38.677,35.6531,,,,,,,,38.677,,,,,1,IMF_WEO,,
BRN,Brunei,1990,31.955,,,,,,,,,31.955,,,,,1,IMF_WEO,,
BRN,Brunei,2023,29.305,,,,,,,,,,29.305,,,,1,IMF_WEO_forecast,1,1
BRN,Brunei,2020,33.235,31.50564,,,,,,,,33.235,,,,,1,IMF_WEO,,
BRN,Brunei,1991,30.647,,,,,,,,,30.647,,,,,1,IMF_WEO,,
BRN,Brunei,2007,29.326,30.34575,,,,,,,,29.326,,,,,1,IMF_WEO,,
BRN,Brunei,2012,30.991,31.43725,,,,,,,,30.991,,,,,1,IMF_WEO,,
BRN,Brunei,1994,47.056,,,,,,,,,47.056,,,,,1,IMF_WEO,,
BRN,Brunei,2014,34.088,33.64867,,,,,,,,34.088,,,,,1,IMF_WEO,,
BRN,Brunei,1998,45.383,,,,,,,,,45.383,,,,,1,IMF_WEO,,
BRN,Brunei,2013,33.582,33.56064,,,,,,,,33.582,,,,,1,IMF_WEO,,
BRN,Brunei,2003,30.887,50.08182,,,,,,,,30.887,,,,,1,IMF_WEO,,
BRN,Brunei,1989,36.205,,,,,,,,,36.205,,,,,1,IMF_WEO,,
BRN,Brunei,2029,25.434,,,,,,,,,,25.434,,,,1,IMF_WEO_forecast,,
BRN,Brunei,1985,40.625,,,,,,,,,40.625,,,,,1,IMF_WEO,,
BRN,Brunei,1992,34.113,,,,,,,,,34.113,,,,,1,IMF_WEO,,
BRN,Brunei,2000,37.492,40.56133,,,,,,,,37.492,,,,,1,IMF_WEO,,
BRN,Brunei,2017,36.578,36.2993,,,,,,,,36.578,,,,,1,IMF_WEO,,
BRN,Brunei,2009,34.835,43.31478,,,,,,,,34.835,,,,,1,IMF_WEO,,
BRN,Brunei,1993,37.959,,,,,,,,,37.959,,,,,1,IMF_WEO,,
BRN,Brunei,2021,29.284,30.70955,,,,,,,,29.284,,,,,1,IMF_WEO,,
BRN,Brunei,2028,26.455,,,,,,,,,,26.455,,,,1,IMF_WEO_forecast,,
BRN,Brunei,1987,30.322,,,,,,,,,30.322,,,,,1,IMF_WEO,,
BRN,Brunei,1986,40.006,,,,,,,,,40.006,,,,,1,IMF_WEO,,
BRN,Brunei,2001,35.475,38.42649,,,,,,,,35.475,,,,,1,IMF_WEO,,
BRN,Brunei,1997,38.978,,,,,,,,,38.978,,,,,1,IMF_WEO,,
BRN,Brunei,2011,29.709,30.82166,,,,,,,,29.709,,,,,1,IMF_WEO,,
BRN,Brunei,1999,44.144,,,,,,,,,44.144,,,,,1,IMF_WEO,,
BRN,Brunei,1988,36.552,,,,,,,,,36.552,,,,,1,IMF_WEO,,
BRN,Brunei,2004,33.154,36.77715,,,,,,,,33.154,,,,,1,IMF_WEO,,
BRN,Brunei,2027,27.453,,,,,,,,,,27.452999,,,,1,IMF_WEO_forecast,,
BRN,Brunei,1995,43.968,,,,,,,,,43.968,,,,,1,IMF_WEO,,
BTN,Bhutan,1982,33.933,,,,,,,,,33.933,,,,,1,IMF_WEO,,
BTN,Bhutan,1990,35.846,,,,,,,35.845682,,35.846,,,,,1,IMF_WEO,,
BTN,Bhutan,2021,36.629,34.735796,,,,,,36.629302,,36.629,,,,,1,IMF_WEO,,
BTN,Bhutan,1992,34.456,,,,,,,34.455556,,34.456,,,,,1,IMF_WEO,,
BTN,Bhutan,2020,30.948,31.614464,,,,,,30.947798,,30.948,,,,,1,IMF_WEO,,
BTN,Bhutan,2023,26.95257,26.952574,,,,,,28.998578,,,28.999001,,,,1,ADB,1,2
BTN,Bhutan,1984,39.314,,,,,,,,,39.314,,,,,1,IMF_WEO,,
BTN,Bhutan,1983,42.213,,,,,,,,,42.213,,,,,1,IMF_WEO,,
BTN,Bhutan,1993,35.213,,,,,,,35.212696,,35.213,,,,,1,IMF_WEO,,
BTN,Bhutan,1987,47.457,,,,,,,47.456749,,47.457,,,,,1,IMF_WEO,,
BTN,Bhutan,2014,29.125,27.564893,,,,,,29.124935,,29.125,,,,,1,IMF_WEO,,
BTN,Bhutan,2004,30.998,29.415604,,,,,,30.997609,,30.998,,,,,1,IMF_WEO,,
BTN,Bhutan,2002,39.305,35.970785,,,,,,39.305031,,39.305,,,,,1,IMF_WEO,,
BTN,Bhutan,1989,46.809,,,,,,,46.808955,,46.809,,,,,1,IMF_WEO,,
BTN,Bhutan,1995,38.61,,,,,,,38.609882,,38.61,,,,,1,IMF_WEO,,
BTN,Bhutan,2001,50.3,45.778242,,,,,,50.300107,,50.3,,,,,1,IMF_WEO,,
BTN,Bhutan,2024,28.808,,,,,,,,,,28.808001,,,,1,IMF_WEO_forecast,1,2
BTN,Bhutan,2015,27.654,26.385433,,,,,,27.65414,,27.654,,,,,1,IMF_WEO,,
BTN,Bhutan,2003,34.724,32.567393,,,,,,34.724269,,34.724,,,,,1,IMF_WEO,,
BTN,Bhutan,2013,33.038,32.582932,,,,,,33.037747,,33.038,,,,,1,IMF_WEO,,
BTN,Bhutan,2009,39.307,32.416616,,,,,,39.307278,,39.307,,,,,1,IMF_WEO,,
BTN,Bhutan,2017,30.798,29.609265,,,,,,30.798341,,30.798,,,,,1,IMF_WEO,,
BTN,Bhutan,2028,32.112,,,,,,,,,,32.112,,,,1,IMF_WEO_forecast,,
BTN,Bhutan,2019,24.248,22.867484,,,,,,24.248154,,24.248,,,,,1,IMF_WEO,,
BTN,Bhutan,1998,31.105,,,,,,,31.104803,,31.105,,,,,1,IMF_WEO,,
BTN,Bhutan,2005,36.431,33.697342,,,,,,36.431383,,36.431,,,,,1,IMF_WEO,,
BTN,Bhutan,2006,33.428,31.26662,,,,,,33.427758,,33.428,,,,,1,IMF_WEO,,
BTN,Bhutan,1999,40.172,,,,,,,40.171931,,40.172,,,,,1,IMF_WEO,,
BTN,Bhutan,1986,48.721,,,,,,,,,48.721,,,,,1,IMF_WEO,,
BTN,Bhutan,2027,33.439,,,,,,,,,,33.438999,,,,1,IMF_WEO_forecast,,
BTN,Bhutan,2022,32.088,30.35665,,,,,,32.087898,,32.088,,,,,1,IMF_WEO,,
BTN,Bhutan,2018,31.692,31.884539,,,,,,31.692204,,31.692,,,,,1,IMF_WEO,,
BTN,Bhutan,2016,30.367,28.632381,,,,,,30.367357,,30.367,,,,,1,IMF_WEO,,
BTN,Bhutan,1996,37.885,,,,,,,37.8851,,37.885,,,,,1,IMF_WEO,,
BTN,Bhutan,2007,33.194,29.208188,,,,,,33.194019,,33.194,,,,,1,IMF_WEO,,
BTN,Bhutan,1981,49.951,,,,,,,,,49.951,,,,,1,IMF_WEO,,
BTN,Bhutan,1988,45.343,,,,,,,45.343319,,45.343,,,,,1,IMF_WEO,,
BTN,Bhutan,1994,37.875,,,,,,,37.875432,,37.875,,,,,1,IMF_WEO,,
BTN,Bhutan,2025,32.516,,,,,,,,,,32.515999,,,,1,IMF_WEO_forecast,,
BTN,Bhutan,2029,32.155,,,,,,,,,,32.154999,,,,1,IMF_WEO_forecast,,
BTN,Bhutan,1991,30.806,,,,,,,30.806406,,30.806,,,,,1,IMF_WEO,,
BTN,Bhutan,2000,43.03,40.250358,,,,,,43.030033,,43.03,,,,,1,IMF_WEO,,
BTN,Bhutan,2012,35.776,33.61485,,,,,,35.776407,,35.776,,,,,1,IMF_WEO,,
BTN,Bhutan,2010,42.025,33.758044,,,,,,42.024617,,42.025,,,,,1,IMF_WEO,,
BTN,Bhutan,2011,36.828,32.632466,,,,,,36.827762,,36.828,,,,,1,IMF_WEO,,
BTN,Bhutan,2026,34.226,,,,,,,,,,34.226002,,,,1,IMF_WEO_forecast,,
BTN,Bhutan,1997,37.829,,,,,,,37.828691,,37.829,,,,,1,IMF_WEO,,
BTN,Bhutan,1985,54.142,,,,,,,,,54.142,,,,,1,IMF_WEO,,
BTN,Bhutan,2008,36.101,34.356983,,,,,,36.100687,,36.101,,,,,1,IMF_WEO,,
BWA,Botswana,2020,36.528,,,,,,,,,36.528,,,,,1,IMF_WEO,,
BWA,Botswana,2022,29.124,,,,,,,,,29.124,,,,,1,IMF_WEO,,
BWA,Botswana,2025,30.553,,,,,,,,,,30.552999,,,,1,IMF_WEO_forecast,,
BWA,Botswana,1995,36.121,,,,,,,,,36.121,,,,,1,IMF_WEO,,
BWA,Botswana,2004,39.847,,,,,,,,,39.847,,,,,1,IMF_WEO,,
BWA,Botswana,2026,29.07,,,,,,,,,,29.07,,,,1,IMF_WEO_forecast,,
BWA,Botswana,2017,34.672,,,,,,,,,34.672,,,,,1,IMF_WEO,,
BWA,Botswana,2019,36.861,,,,,,,,,36.861,,,,,1,IMF_WEO,,
BWA,Botswana,1992,42.313,,,,,,,,,42.313,,,,,1,IMF_WEO,,
BWA,Botswana,2009,52.123,,,,,,,,,52.123,,,,,1,IMF_WEO,,
BWA,Botswana,1993,41.97,,,,,,,,,41.97,,,,,1,IMF_WEO,,
BWA,Botswana,2006,33.121,,,,,,,,,33.121,,,,,1,IMF_WEO,,
BWA,Botswana,1994,37.602,,,,,,,,,37.602,,,,,1,IMF_WEO,,
BWA,Botswana,1983,34.431,,,,,,,,,34.431,,,,,1,IMF_WEO,,
BWA,Botswana,1991,41.101,,,,,,,,,41.101,,,,,1,IMF_WEO,,
BWA,Botswana,2001,42.119,,,,,,,,,42.119,,,,,1,IMF_WEO,,
BWA,Botswana,2003,42.746,,,,,,,,,42.746,,,,,1,IMF_WEO,,
BWA,Botswana,1981,37.251,,,,,,,,,37.251,,,,,1,IMF_WEO,,
BWA,Botswana,2008,48.122,,,,,,,,,48.122,,,,,1,IMF_WEO,,
BWA,Botswana,2018,35.591,,,,,,,,,35.591,,,,,1,IMF_WEO,,
BWA,Botswana,1999,40.068,,,,,,,,,40.068,,,,,1,IMF_WEO,,
BWA,Botswana,1980,34.313,,,,,,,,,34.313,,,,,1,IMF_WEO,,
BWA,Botswana,2002,45.082,,,,,,,,,45.082,,,,,1,IMF_WEO,,
BWA,Botswana,1984,34.56,,,,,,,,,34.56,,,,,1,IMF_WEO,,
BWA,Botswana,1986,35.49,,,,,,,,,35.49,,,,,1,IMF_WEO,,
BWA,Botswana,2000,38.819,,,,,,,,,38.819,,,,,1,IMF_WEO,,
BWA,Botswana,2007,37.067,,,,,,,,,37.067,,,,,1,IMF_WEO,,
BWA,Botswana,1997,39.001,,,,,,,,,39.001,,,,,1,IMF_WEO,,
BWA,Botswana,2012,37.147,,,,,,,,,37.147,,,,,1,IMF_WEO,,
BWA,Botswana,2029,26.248,,,,,,,,,,26.247999,,,,1,IMF_WEO_forecast,,
BWA,Botswana,1989,34.044,,,,,,,,,34.044,,,,,1,IMF_WEO,,
BWA,Botswana,2023,33.123,,,,,,,,,,33.123001,,,,1,IMF_WEO_forecast,1,1
BWA,Botswana,2028,27.071,,,,,,,,,,27.070999,,,,1,IMF_WEO_forecast,,
BWA,Botswana,1996,36.066,,,,,,,,,36.066,,,,,1,IMF_WEO,,
BWA,Botswana,2016,34.111,,,,,,,,,34.111,,,,,1,IMF_WEO,,
BWA,Botswana,2021,31.394,,,,,,,,,31.394,,,,,1,IMF_WEO,,
BWA,Botswana,1990,38.921,,,,,,,,,38.921,,,,,1,IMF_WEO,,
BWA,Botswana,2015,37.813,,,,,,,,,37.813,,,,,1,IMF_WEO,,
BWA,Botswana,1985,31.443,,,,,,,,,31.443,,,,,1,IMF_WEO,,
BWA,Botswana,2013,33.487,,,,,,,,,33.487,,,,,1,IMF_WEO,,
BWA,Botswana,2024,34.193,,,,,,,,,,34.193001,,,,1,IMF_WEO_forecast,,
BWA,Botswana,1987,35.942,,,,,,,,,35.942,,,,,1,IMF_WEO,,
BWA,Botswana,2011,37.158,,,,,,,,,37.158,,,,,1,IMF_WEO,,
BWA,Botswana,2014,36.532,,,,,,,,,36.532,,,,,1,IMF_WEO,,
BWA,Botswana,1998,41.772,,,,,,,,,41.772,,,,,1,IMF_WEO,,
BWA,Botswana,1988,32.053,,,,,,,,,32.053,,,,,1,IMF_WEO,,
BWA,Botswana,1982,36.702,,,,,,,,,36.702,,,,,1,IMF_WEO,,
BWA,Botswana,2027,28.332,,,,,,,,,,28.332001,,,,1,IMF_WEO_forecast,,
BWA,Botswana,2005,33.783,,,,,,,,,33.783,,,,,1,IMF_WEO,,
BWA,Botswana,2010,42.581,,,,,,,,,42.581,,,,,1,IMF_WEO,,
CAF,Central African Republic,1992,23.092,,,,,,,23.091609,,23.092,,,,,1,IMF_WEO,,
CAF,Central African Republic,1991,22.633,,,,,,,22.633167,,22.633,,,,,1,IMF_WEO,,
CAF,Central African Republic,2024,17.842,,,,,,,,,,17.841999,,,,1,IMF_WEO_forecast,1,2
CAF,Central African Republic,2020,25.11,,,,,,,25.110003,,25.11,,,,,1,IMF_WEO,,
CAF,Central African Republic,2028,17.669,,,,,,,,,,17.669001,,,,1,IMF_WEO_forecast,,
CAF,Central African Republic,2021,19.686,,,,,,,19.68556,,19.686,,,,,1,IMF_WEO,,
CAF,Central African Republic,2010,17.259,,,,,,,17.259409,,17.259,,,,,1,IMF_WEO,,
CAF,Central African Republic,2029,17.841,,,,,,,,,,17.841,,,,1,IMF_WEO_forecast,,
CAF,Central African Republic,2018,17.606,,,,,,,17.60574,,17.606,,,,,1,IMF_WEO,,
CAF,Central African Republic,1993,20.626,,,,,,,20.625739,,20.626,,,,,1,IMF_WEO,,
CAF,Central African Republic,2025,18.13,,,,,,,,,,18.129999,,,,1,IMF_WEO_forecast,,
CAF,Central African Republic,1999,18.196,,,,,,,18.195643,,18.196,,,,,1,IMF_WEO,,
CAF,Central African Republic,2026,17.666,,,,,,,,,,17.666,,,,1,IMF_WEO_forecast,,
CAF,Central African Republic,2014,18.016,,,,,,,18.016269,,18.016,,,,,1,IMF_WEO,,
CAF,Central African Republic,1998,18.05,,,,,,,18.050322,,18.05,,,,,1,IMF_WEO,,
CAF,Central African Republic,2019,16.912,,,,,,,16.911752,,16.912,,,,,1,IMF_WEO,,
CAF,Central African Republic,2004,13.076,,,,,,,13.075521,,13.076,,,,,1,IMF_WEO,,
CAF,Central African Republic,2006,13.37,,,,,,,13.369923,,13.37,,,,,1,IMF_WEO,,
CAF,Central African Republic,2022,17.63814,,,,,,,17.638143,,,17.638,,,,1,IMF_FPP,1,2
CAF,Central African Republic,2001,14.142,,,,,,,14.141645,,14.142,,,,,1,IMF_WEO,,
CAF,Central African Republic,1995,20.569,,,,,,,20.569161,,20.569,,,,,1,IMF_WEO,,
CAF,Central African Republic,1990,22.008,,,,,,,22.008409,,22.008,,,,,1,IMF_WEO,,
CAF,Central African Republic,1989,19.614,,,,,,,19.613768,,19.614,,,,,1,IMF_WEO,,
CAF,Central African Republic,2013,13.399,,,,,,,13.399017,,13.399,,,,,1,IMF_WEO,,
CAF,Central African Republic,2027,17.627,,,,,,,,,,17.627001,,,,1,IMF_WEO_forecast,,
CAF,Central African Republic,1997,14.46,,,,,,,14.460333,,14.46,,,,,1,IMF_WEO,,
CAF,Central African Republic,2023,17.91021,,,,,,,17.910206,,,17.91,,,,1,IMF_FPP,,
CAF,Central African Republic,2015,13.964,,,,,,,13.963804,,13.964,,,,,1,IMF_WEO,,
CAF,Central African Republic,2007,12.872,,,,,,,12.871902,,12.872,,,,,1,IMF_WEO,,
CAF,Central African Republic,1996,11.712,,,,,,,11.711841,,11.712,,,,,1,IMF_WEO,,
CAF,Central African Republic,2016,12.119,,,,,,,12.118781,,12.119,,,,,1,IMF_WEO,,
CAF,Central African Republic,1988,21.433,,,,,,,21.43271,,21.433,,,,,1,IMF_WEO,,
CAF,Central African Republic,2011,14.158,,,,,,,14.157965,,14.158,,,,,1,IMF_WEO,,
CAF,Central African Republic,1994,22.352,,,,,,,22.352225,,22.352,,,,,1,IMF_WEO,,
CAF,Central African Republic,2017,13.856,,,,,,,13.855916,,13.856,,,,,1,IMF_WEO,,
CAF,Central African Republic,2003,12.294,,,,,,,12.294119,,12.294,,,,,1,IMF_WEO,,
CAF,Central African Republic,2002,16.663,,,,,,,16.662578,,16.663,,,,,1,IMF_WEO,,
CAF,Central African Republic,2012,14.742,,,,,,,14.7425,,14.742,,,,,1,IMF_WEO,,
CAF,Central African Republic,2009,15.999,,,,,,,15.998737,,15.999,,,,,1,IMF_WEO,,
CAF,Central African Republic,2008,16.027,,,,,,,16.026679,,16.027,,,,,1,IMF_WEO,,
CAF,Central African Republic,2000,17.164,,,,,,,17.163908,,17.164,,,,,1,IMF_WEO,,
CAF,Central African Republic,2005,16.179,,,,,,,16.179461,,16.179,,,,,1,IMF_WEO,,
CAN,Canada,1990,48.09296,,,,,,,48.8046,47.178796,48.09,,48.092957,,,1,OECD_EO,,
CAN,Canada,1914,10.0629,,,,,,,10.0629,,,,,,,1,IMF_FPP,,
CAN,Canada,1962,30.6347,,,,,,,30.634701,,,,,,,1,IMF_FPP,,
CAN,Canada,1999,41.78934,,,,,,,42.6842,41.704409,41.773,,41.789336,,,1,OECD_EO,,
CAN,Canada,2006,38.69186,,,,,,,38.660795,37.707704,38.661,,38.691865,,,1,OECD_EO,,
CAN,Canada,1910,6.01147,,,,,,,6.0114698,,,,,,,1,IMF_FPP,,
CAN,Canada,2027,42.043,,,,,,,,,,42.042999,,,,1,IMF_WEO_forecast,1,2
CAN,Canada,1992,52.51296,,,,,,,53.3409,51.731539,52.507,,52.512959,,,1,OECD_EO,,
CAN,Canada,1922,10.4206,,,,,,,10.4206,,,,,,,1,IMF_FPP,,
CAN,Canada,1893,5.99355,,,,,,,5.9935498,,,,,,,1,IMF_FPP,,
CAN,Canada,2012,40.9262,,,,,,,40.926204,39.928722,40.926,,40.926204,,,1,OECD_EO,,
CAN,Canada,2021,45.43806,,,,,,,45.438066,45.652835,45.438,,45.438066,,,1,OECD_EO,,
CAN,Canada,1892,5.5262,,,,,,,5.5261998,,,,,,,1,IMF_FPP,,
CAN,Canada,1994,49.01852,,,,,,,49.737301,48.431889,49.012,,49.018526,,,1,OECD_EO,,
CAN,Canada,1980,40.75235,,,,,,,41.554401,,40.946,,40.752348,,,1,OECD_EO,,
CAN,Canada,1982,46.40644,,,,,,,47.2575,,46.399,,46.406444,,,1,OECD_EO,,
CAN,Canada,1984,46.76245,,,,,,,47.533699,,46.759,,46.762456,,,1,OECD_EO,,
CAN,Canada,1977,40.62874,,,,,,,41.430901,,,,40.628742,,,1,OECD_EO,,
CAN,Canada,2005,38.55767,,,,,,,38.5206,37.610633,38.521,,38.557671,,,1,OECD_EO,,
CAN,Canada,2000,40.58257,,,,,,,41.108101,40.180603,40.558,,40.582567,,,1,OECD_EO,,
CAN,Canada,1887,7.05286,,,,,,,7.0528598,,,,,,,1,IMF_FPP,,
CAN,Canada,1974,37.34901,,,,,,,37.5868,,,,37.349007,,,1,OECD_EO,,
CAN,Canada,1918,16.3229,,,,,,,16.322901,,,,,,,1,IMF_FPP,,
CAN,Canada,1888,6.63176,,,,,,,6.6317601,,,,,,,1,IMF_FPP,,
CAN,Canada,1891,2.01848,,,,,,,2.0184801,,,,,,,1,IMF_FPP,,
CAN,Canada,1998,43.40969,,,,,,,44.799099,43.254358,43.406,,43.409693,,,1,OECD_EO,,
CAN,Canada,2003,40.30828,,,,,,,40.275689,39.649666,40.276,,40.308285,,,1,OECD_EO,,
CAN,Canada,2023,42.49148,,,,,,,42.491477,42.28796,,42.491001,42.491477,,,1,OECD_EO,,
CAN,Canada,1955,14.9802,,,,,,,14.9802,,,,,,,1,IMF_FPP,,
CAN,Canada,2024,44.36544,,,,,,,,,,43.256001,44.36544,,,1,OECD_EO,,
CAN,Canada,1963,30.2746,,,,,,,30.274599,,,,,,,1,IMF_FPP,,
CAN,Canada,1943,48.1516,,,,,,,48.1516,,,,,,,1,IMF_FPP,,
CAN,Canada,1932,13.9591,,,,,,,13.9591,,,,,,,1,IMF_FPP,,
CAN,Canada,1902,5.27867,,,,,,,5.2786698,,,,,,,1,IMF_FPP,,
CAN,Canada,2025,43.35446,,,,,,,,,,42.261002,43.354461,,,1,OECD_EO,,
CAN,Canada,1954,15.9276,,,,,,,15.9276,,,,,,,1,IMF_FPP,,
CAN,Canada,1979,39.33671,,,,,,,40.039101,,,,39.336707,,,1,OECD_EO,,
CAN,Canada,1964,29.6637,,,,,,,29.6637,,,,,,,1,IMF_FPP,,
CAN,Canada,1939,12.1117,,,,,,,12.1117,,,,,,,1,IMF_FPP,,
CAN,Canada,1896,6.38265,,,,,,,6.3826499,,,,,,,1,IMF_FPP,,
CAN,Canada,1920,10.4507,,,,,,,10.4507,,,,,,,1,IMF_FPP,,
CAN,Canada,1960,14.9286,,,,,,,14.9286,,,,,,,1,IMF_FPP,,
CAN,Canada,1950,14.9938,,,,,,,14.9938,,,,,,,1,IMF_FPP,,
CAN,Canada,1912,5.738,,,,,,,5.7379999,,,,,,,1,IMF_FPP,,
CAN,Canada,1947,16.2963,,,,,,,16.296301,,,,,,,1,IMF_FPP,,
CAN,Canada,1981,41.83593,,,,,,,42.4655,,41.832,,41.835931,,,1,OECD_EO,,
CAN,Canada,1978,40.94134,,,,,,,41.6152,,,,40.941343,,,1,OECD_EO,,
CAN,Canada,2028,41.908,,,,,,,,,,41.908001,,,,1,IMF_WEO_forecast,,
CAN,Canada,1941,22.7602,,,,,,,22.760201,,,,,,,1,IMF_FPP,,
CAN,Canada,1937,10.1965,,,,,,,10.1965,,,,,,,1,IMF_FPP,,
CAN,Canada,1948,14.0299,,,,,,,14.0299,,,,,,,1,IMF_FPP,,
CAN,Canada,1983,46.97567,,,,,,,47.887901,,46.97,,46.975667,,,1,OECD_EO,,
CAN,Canada,1991,51.44256,,,,,,,52.263802,50.486268,51.438,,51.44256,,,1,OECD_EO,,
CAN,Canada,1923,8.16192,,,,,,,8.1619196,,,,,,,1,IMF_FPP,,
CAN,Canada,1965,29.8136,,,,,,,29.813601,,,,,,,1,IMF_FPP,,
CAN,Canada,1886,7.11611,,,,,,,7.1161098,,,,,,,1,IMF_FPP,,
CAN,Canada,2026,42.80009,,,,,,,,,,42.117001,42.80009,,,1,OECD_EO,,
CAN,Canada,1986,46.81123,,,,,,,47.581402,,46.807,,46.811234,,,1,OECD_EO,,
CAN,Canada,1873,6.76507,,,,,,,6.76507,,,,,,,1,IMF_FPP,,
CAN,Canada,1917,14.3666,,,,,,,14.3666,,,,,,,1,IMF_FPP,,
CAN,Canada,1913,6.97341,,,,,,,6.9734101,,,,,,,1,IMF_FPP,,
CAN,Canada,1908,7.95139,,,,,,,7.9513898,,,,,,,1,IMF_FPP,,
CAN,Canada,1895,6.63088,,,,,,,6.6308799,,,,,,,1,IMF_FPP,,
CAN,Canada,1987,45.43107,,,,,,,46.0597,,45.428,,45.431072,,,1,OECD_EO,,
CAN,Canada,1880,6.76348,,,,,,,6.7634802,,,,,,,1,IMF_FPP,,
CAN,Canada,1905,5.94932,,,,,,,5.9493198,,,,,,,1,IMF_FPP,,
CAN,Canada,1953,16.1602,,,,,,,16.1602,,,,,,,1,IMF_FPP,,
CAN,Canada,1877,6.78629,,,,,,,6.7862902,,,,,,,1,IMF_FPP,,
CAN,Canada,1874,6.63234,,,,,,,6.63234,,,,,,,1,IMF_FPP,,
CAN,Canada,1942,42.7384,,,,,,,42.7384,,,,,,,1,IMF_FPP,,
CAN,Canada,1882,6.7216,,,,,,,6.7216001,,,,,,,1,IMF_FPP,,
CAN,Canada,1899,6.07748,,,,,,,6.0774798,,,,,,,1,IMF_FPP,,
CAN,Canada,1940,18.6146,,,,,,,18.614599,,,,,,,1,IMF_FPP,,
CAN,Canada,1909,6.19594,,,,,,,6.19594,,,,,,,1,IMF_FPP,,
CAN,Canada,1881,5.87304,,,,,,,5.8730402,,,,,,,1,IMF_FPP,,
CAN,Canada,2020,52.36234,,,,,,,52.362345,51.853456,52.362,,52.362345,,,1,OECD_EO,,
CAN,Canada,1997,43.46606,,,,,,,44.2766,43.308164,43.463,,43.46606,,,1,OECD_EO,,
CAN,Canada,1968,33.7931,,,,,,,33.793098,,,,,,,1,IMF_FPP,,
CAN,Canada,1961,30.6341,,,,,,,30.6341,,,,,,,1,IMF_FPP,,
CAN,Canada,2022,41.03439,,,,,,,41.034391,40.784363,41.034,,41.034391,,,1,OECD_EO,,
CAN,Canada,1952,17.0323,,,,,,,17.032301,,,,,,,1,IMF_FPP,,
CAN,Canada,1959,14.8818,,,,,,,14.8818,,,,,,,1,IMF_FPP,,
CAN,Canada,1936,11.4804,,,,,,,11.4804,,,,,,,1,IMF_FPP,,
CAN,Canada,1928,6.51405,,,,,,,6.51405,,,,,,,1,IMF_FPP,,
CAN,Canada,1988,44.76403,,,,,,,45.3573,,44.762,,44.764027,,,1,OECD_EO,,
CAN,Canada,1958,14.8556,,,,,,,14.8556,,,,,,,1,IMF_FPP,,
CAN,Canada,2009,43.42075,,,,,,,43.42075,41.968098,43.421,,43.42075,,,1,OECD_EO,,
CAN,Canada,1872,8.62955,,,,,,,8.62955,,,,,,,1,IMF_FPP,,
CAN,Canada,1934,12.0459,,,,,,,12.0459,,,,,,,1,IMF_FPP,,
CAN,Canada,1904,6.34434,,,,,,,6.3443398,,,,,,,1,IMF_FPP,,
CAN,Canada,1876,7.49348,,,,,,,7.4934802,,,,,,,1,IMF_FPP,,
CAN,Canada,1878,7.22656,,,,,,,7.2265601,,,,,,,1,IMF_FPP,,
CAN,Canada,2018,40.66235,,,,,,,40.66235,40.019726,40.662,,40.66235,,,1,OECD_EO,,
CAN,Canada,1930,7.72028,,,,,,,7.7202802,,,,,,,1,IMF_FPP,,
CAN,Canada,1949,14.575,,,,,,,14.575,,,,,,,1,IMF_FPP,,
CAN,Canada,1989,45.25484,,,,,,,45.838699,,45.253,,45.25484,,,1,OECD_EO,,
CAN,Canada,1901,6.19764,,,,,,,6.1976399,,,,,,,1,IMF_FPP,,
CAN,Canada,1970,35.81412,,,,,,,36.0294,,,,35.814116,,,1,OECD_EO,,
CAN,Canada,1985,47.47104,,,,,,,48.301899,,47.469,,47.471037,,,1,OECD_EO,,
CAN,Canada,1951,16.5603,,,,,,,16.560301,,,,,,,1,IMF_FPP,,
CAN,Canada,2011,41.57524,,,,,,,41.575243,40.390223,41.575,,41.575243,,,1,OECD_EO,,
CAN,Canada,2019,40.58965,,,,,,,40.589645,40.269619,40.59,,40.589645,,,1,OECD_EO,,
CAN,Canada,1900,6.11638,,,,,,,6.1163802,,,,,,,1,IMF_FPP,,
CAN,Canada,1931,9.56105,,,,,,,9.5610504,,,,,,,1,IMF_FPP,,
CAN,Canada,1971,36.98244,,,,,,,37.295898,,,,36.982442,,,1,OECD_EO,,
CAN,Canada,1975,40.79752,,,,,,,41.110802,,,,40.797518,,,1,OECD_EO,,
CAN,Canada,1884,8.13397,,,,,,,8.1339703,,,,,,,1,IMF_FPP,,
CAN,Canada,1885,10.8566,,,,,,,10.8566,,,,,,,1,IMF_FPP,,
CAN,Canada,1976,39.70748,,,,,,,40.200699,,,,39.707482,,,1,OECD_EO,,
CAN,Canada,1966,30.7554,,,,,,,30.7554,,,,,,,1,IMF_FPP,,
CAN,Canada,1897,5.99721,,,,,,,5.99721,,,,,,,1,IMF_FPP,,
CAN,Canada,1972,37.2538,,,,,,,37.529701,,,,37.253799,,,1,OECD_EO,,
CAN,Canada,1938,10.4913,,,,,,,10.4913,,,,,,,1,IMF_FPP,,
CAN,Canada,1883,9.23957,,,,,,,9.2395697,,,,,,,1,IMF_FPP,,
CAN,Canada,1911,6.08992,,,,,,,6.08992,,,,,,,1,IMF_FPP,,
CAN,Canada,1890,5.67552,,,,,,,5.6755199,,,,,,,1,IMF_FPP,,
CAN,Canada,1924,7.82406,,,,,,,7.82406,,,,,,,1,IMF_FPP,,
CAN,Canada,2016,40.75319,,,,,,,40.753233,40.290985,40.753,,40.753184,,,1,OECD_EO,,
CAN,Canada,2017,40.45527,,,,,,,40.455406,39.846009,40.455,,40.455266,,,1,OECD_EO,,
CAN,Canada,2013,39.96074,,,,,,,39.960741,39.309879,39.961,,39.960741,,,1,OECD_EO,,
CAN,Canada,1969,33.9433,,,,,,,33.943298,,,,,,,1,IMF_FPP,1,2
CAN,Canada,1927,6.82971,,,,,,,6.82971,,,,,,,1,IMF_FPP,,
CAN,Canada,2008,38.77538,,,,,,,38.775383,37.872026,38.775,,38.775383,,,1,OECD_EO,,
CAN,Canada,1907,6.38236,,,,,,,6.38236,,,,,,,1,IMF_FPP,,
CAN,Canada,1995,47.73629,,,,,,,48.479,47.155134,47.735,,47.736289,,,1,OECD_EO,,
CAN,Canada,1935,12.3832,,,,,,,12.3832,,,,,,,1,IMF_FPP,,
CAN,Canada,1933,13.1214,,,,,,,13.1214,,,,,,,1,IMF_FPP,,
CAN,Canada,1889,6.08417,,,,,,,6.0841699,,,,,,,1,IMF_FPP,,
CAN,Canada,1919,16.946,,,,,,,16.945999,,,,,,,1,IMF_FPP,,
CAN,Canada,1946,22.1641,,,,,,,22.164101,,,,,,,1,IMF_FPP,,
CAN,Canada,1875,6.87293,,,,,,,6.87293,,,,,,,1,IMF_FPP,,
CAN,Canada,1945,43.296,,,,,,,43.296001,,,,,,,1,IMF_FPP,,
CAN,Canada,2004,39.16724,,,,,,,39.134676,38.411327,39.135,,39.167243,,,1,OECD_EO,,
CAN,Canada,2010,43.06395,,,,,,,43.063945,41.312795,43.064,,43.063945,,,1,OECD_EO,,
CAN,Canada,2001,41.11746,,,,,,,41.102169,40.658761,41.102,,41.117459,,,1,OECD_EO,,
CAN,Canada,1871,6.10613,,,,,,,6.1061301,,,,,,,1,IMF_FPP,,
CAN,Canada,1921,11.6918,,,,,,,11.6918,,,,,,,1,IMF_FPP,,
CAN,Canada,1973,35.90156,,,,,,,35.9991,,,,35.901561,,,1,OECD_EO,,
CAN,Canada,2014,38.37048,,,,,,,38.370483,38.207618,38.37,,38.370483,,,1,OECD_EO,,
CAN,Canada,2029,41.86,,,,,,,,,,41.860001,,,,1,IMF_WEO_forecast,,
CAN,Canada,2002,40.41521,,,,,,,40.393853,39.807941,40.394,,40.415215,,,1,OECD_EO,,
CAN,Canada,1906,4.23357,,,,,,,4.2335701,,,,,,,1,IMF_FPP,,
CAN,Canada,1957,14.5891,,,,,,,14.5891,,,,,,,1,IMF_FPP,,
CAN,Canada,1967,32.8661,,,,,,,32.8661,,,,,,,1,IMF_FPP,,
CAN,Canada,1916,15.3175,,,,,,,15.3175,,,,,,,1,IMF_FPP,,
CAN,Canada,1944,44.2741,,,,,,,44.274101,,,,,,,1,IMF_FPP,,
CAN,Canada,1956,14.5669,,,,,,,14.5669,,,,,,,1,IMF_FPP,,
CAN,Canada,2015,40.01842,,,,,,,40.018418,39.645737,40.018,,40.018418,,,1,OECD_EO,,
CAN,Canada,1879,7.36913,,,,,,,7.3691301,,,,,,,1,IMF_FPP,,
CAN,Canada,2007,38.51905,,,,,,,38.519048,37.429524,38.519,,38.519048,,,1,OECD_EO,,
CAN,Canada,1929,6.60205,,,,,,,6.6020498,,,,,,,1,IMF_FPP,,
CAN,Canada,1925,7.11812,,,,,,,7.1181202,,,,,,,1,IMF_FPP,,
CAN,Canada,1898,6.3686,,,,,,,6.3685999,,,,,,,1,IMF_FPP,,
CAN,Canada,1996,45.86513,,,,,,,46.585701,45.634622,45.864,,45.865132,,,1,OECD_EO,,
CAN,Canada,1926,6.98018,,,,,,,6.9801798,,,,,,,1,IMF_FPP,,
CAN,Canada,1870,4.93989,,,,,,,4.9398899,,,,,,,1,IMF_FPP,,
CAN,Canada,1993,51.48166,,,,,,,52.225399,50.859864,51.477,,51.481654,,,1,OECD_EO,,
CAN,Canada,1915,12.5679,,,,,,,12.5679,,,,,,,1,IMF_FPP,,
CAN,Canada,1903,5.93278,,,,,,,5.9327798,,,,,,,1,IMF_FPP,,
CAN,Canada,1894,6.27878,,,,,,,6.27878,,,,,,,1,IMF_FPP,,
CHE,Switzerland,1965,8.32538,,,,,,20.331252,8.3253803,,,,,,,1,IMF_FPP,,
CHE,Switzerland,1993,33.56182,,,,,,,35.1161,31.67531,32.455,,33.561821,,,1,OECD_EO,,
CHE,Switzerland,1949,9.36971,,,,,,,9.36971,,,,,,,1,IMF_FPP,,
CHE,Switzerland,1942,14.4943,,,,,,,14.4943,,,,,,,1,IMF_FPP,,
CHE,Switzerland,2011,32.4,,,,,32.4,,31.444515,31.263319,31.445,,32.368293,,,1,EUS,,
CHE,Switzerland,1925,,,,,,,,,,,,,,,1,IMF_FPP,,
CHE,Switzerland,2018,32.9,,,,,32.9,,31.739004,31.333029,31.739,,32.974821,,,1,EUS,,
CHE,Switzerland,1917,,,,,,,,,,,,,,,1,IMF_FPP,,
CHE,Switzerland,1991,30.44976,,,,,,,32.123798,28.491884,29.466,,30.449763,,,1,OECD_EO,,
CHE,Switzerland,2022,32.7,,,,,32.7,,31.55746,31.251914,31.557,,32.570793,,,1,EUS,,
CHE,Switzerland,1962,8.09714,,,,,,18.554698,8.0971403,,,,,,,1,IMF_FPP,,
CHE,Switzerland,2004,33.9,,,,,33.9,,35.946899,32.658969,33.054,,33.968263,,,1,EUS,,
CHE,Switzerland,1914,,,,,,,,,,,,,,,1,IMF_FPP,,
CHE,Switzerland,2001,32.6,,,,,32.6,,34.780998,31.197672,31.589,,32.580462,,,1,EUS,,
CHE,Switzerland,1970,25.752,,,,,,22.374014,25.752001,,,,,,,1,IMF_FPP,,
CHE,Switzerland,1936,6.73815,,,,,,,6.7381501,,,,,,,1,IMF_FPP,,
CHE,Switzerland,2028,31.823,,,,,,,,,,31.823,,,,1,IMF_WEO_forecast,,
CHE,Switzerland,1996,34,,,,,34,,35.2873,32.353446,32.961,,33.949592,,,1,EUS,,
CHE,Switzerland,1912,2.44601,,,,,,,2.4460101,,,,,,,1,IMF_FPP,,
CHE,Switzerland,1999,34.3,,,,,34.3,,34.298302,32.696329,33.24,,34.374001,,,1,EUS,,
CHE,Switzerland,1953,7.94937,,,,,,,7.9493699,,,,,,,1,IMF_FPP,,
CHE,Switzerland,1987,27.819,,,,,,,29.7526,,27.819,,,,,1,IMF_WEO,,
CHE,Switzerland,1964,8.84627,,,,,,20.080422,8.8462696,,,,,,,1,IMF_FPP,,
CHE,Switzerland,1983,29.002,,,,,,,31.216499,29.074687,29.002,,,,,1,IMF_WEO,,
CHE,Switzerland,1958,8.4718,,,,,,,8.4717999,,,,,,,1,IMF_FPP,,
CHE,Switzerland,1941,17.3449,,,,,,,17.3449,,,,,,,1,IMF_FPP,,
CHE,Switzerland,1923,,,,,,,,,,,,,,,1,IMF_FPP,,
CHE,Switzerland,2000,33.3,,,,,33.3,,35.098202,31.892944,32.227,,33.289708,,,1,EUS,,
CHE,Switzerland,1908,4.36776,,,,,,,4.3677602,,,,,,,1,IMF_FPP,,
CHE,Switzerland,1960,7.10683,,,,,,17.335563,7.1068301,,,,,,,1,IMF_FPP,,
CHE,Switzerland,1903,3.80133,,,,,,,3.8013301,,,,,,,1,IMF_FPP,,
CHE,Switzerland,1979,29.07052,,,,,,,30.475401,29.070521,,,,,,1,IMF_GFS,,
CHE,Switzerland,1957,7.33836,,,,,,,7.3383598,,,,,,,1,IMF_FPP,,
CHE,Switzerland,1974,27.4588,,,,,,25.442948,27.458799,,,,,,,1,IMF_FPP,,
CHE,Switzerland,1954,7.80558,,,,,,,7.8055801,,,,,,,1,IMF_FPP,,
CHE,Switzerland,2025,34.10257,,,,,,,,,,31.679001,34.102574,,,1,OECD_EO,1,6
CHE,Switzerland,1940,18.1404,,,,,,,18.1404,,,,,,,1,IMF_FPP,,
CHE,Switzerland,1935,6.26866,,,,,,,6.2686601,,,,,,,1,IMF_FPP,,
CHE,Switzerland,1921,,,,,,,,,,,,,,,1,IMF_FPP,,
CHE,Switzerland,1899,3.87407,,,,,,,3.8740699,,,,,,,1,IMF_FPP,,
CHE,Switzerland,1928,,,,,,,,,,,,,,,1,IMF_FPP,,
CHE,Switzerland,1967,8.67651,,,,,,21.253305,8.6765099,,,,,,,1,IMF_FPP,,
CHE,Switzerland,2006,31.4,,,,,31.4,,33.484299,30.340768,30.52,,31.373158,,,1,EUS,,
CHE,Switzerland,1977,29.18966,,,,,,,30.9585,29.189659,,,,,,1,IMF_GFS,,
CHE,Switzerland,1934,5.92232,,,,,,,5.9223199,,,,,,,1,IMF_FPP,,
CHE,Switzerland,2027,31.823,,,,,,,,,,31.823,,,,1,IMF_WEO_forecast,1,6
CHE,Switzerland,1969,9.45394,,,,,,22.204804,9.4539404,,,,,,,1,IMF_FPP,,
CHE,Switzerland,1919,,,,,,,,,,,,,,,1,IMF_FPP,,
CHE,Switzerland,1931,4.64667,,,,,,,4.6466699,,,,,,,1,IMF_FPP,,
CHE,Switzerland,1911,2.39245,,,,,,,2.3924501,,,,,,,1,IMF_FPP,,
CHE,Switzerland,1900,4.03288,,,,,,,4.0328798,,,,,,,1,IMF_FPP,,
CHE,Switzerland,1906,3.91004,,,,,,,3.9100399,,,,,,,1,IMF_FPP,,
CHE,Switzerland,1978,28.90076,,,,,,,30.4056,28.900762,,,,,,1,IMF_GFS,,
CHE,Switzerland,1966,8.94961,,,,,,21.419478,8.9496098,,,,,,,1,IMF_FPP,,
CHE,Switzerland,1907,4.03133,,,,,,,4.0313301,,,,,,,1,IMF_FPP,,
CHE,Switzerland,1990,28.53637,,,,,,,30.303301,26.719508,27.629,,28.536366,,,1,OECD_EO,,
CHE,Switzerland,1943,15.1543,,,,,,,15.1543,,,,,,,1,IMF_FPP,,
CHE,Switzerland,1937,6.11617,,,,,,,6.1161699,,,,,,,1,IMF_FPP,,
CHE,Switzerland,2005,33.2,,,,,33.2,,35.267399,32.117346,32.384,,33.255883,,,1,EUS,,
CHE,Switzerland,1998,33.7,,,,,33.7,,35.765701,32.017681,32.673,,33.707625,,,1,EUS,,
CHE,Switzerland,2007,30.2,,,,,30.2,,32.322399,29.307445,29.44,,30.244501,,,1,EUS,,
CHE,Switzerland,1939,11.4812,,,,,,,11.4812,,,,,,,1,IMF_FPP,,
CHE,Switzerland,1959,7.43233,,,,,,,7.4323301,,,,,,,1,IMF_FPP,,
CHE,Switzerland,1924,,,,,,,,,,,,,,,1,IMF_FPP,,
CHE,Switzerland,1922,,,,,,,,,,,,,,,1,IMF_FPP,,
CHE,Switzerland,2017,33.6,,,,,33.6,,32.439226,32.093478,32.439,,33.691712,,,1,EUS,,
CHE,Switzerland,1938,7.60654,,,,,,18.105428,7.6065402,,,,,,,1,IMF_FPP,,
CHE,Switzerland,1944,16.2083,,,,,,,16.2083,,,,,,,1,IMF_FPP,,
CHE,Switzerland,2019,33.2,,,,,33.2,,31.965188,31.494189,31.965,,33.235947,,,1,EUS,,
CHE,Switzerland,2016,33.6,,,,,33.6,,32.439739,32.200189,32.44,,33.680538,,,1,EUS,,
CHE,Switzerland,2008,30.8,,,,,30.8,,32.373901,29.833278,29.964,,30.820712,,,1,EUS,,
CHE,Switzerland,1951,8.6588,,,,,,,8.6588001,,,,,,,1,IMF_FPP,,
CHE,Switzerland,2029,31.823,,,,,,,,,,31.823,,,,1,IMF_WEO_forecast,,
CHE,Switzerland,1988,28.3,,,,,,,30.3395,,28.3,,,,,1,IMF_WEO,,
CHE,Switzerland,1986,27.989,,,,,,,29.8402,,27.989,,,,,1,IMF_WEO,,
CHE,Switzerland,1927,,,,,,,,,,,,,,,1,IMF_FPP,,
CHE,Switzerland,1982,28.21062,,,,,,,30.5063,28.210617,,,,,,1,IMF_GFS,1,6
CHE,Switzerland,1918,,,,,,,,,,,,,,,1,IMF_FPP,,
CHE,Switzerland,1955,7.24424,,,,,,17.389818,7.2442398,,,,,,,1,IMF_FPP,,
CHE,Switzerland,1905,3.79351,,,,,,,3.79351,,,,,,,1,IMF_FPP,,
CHE,Switzerland,1932,5.45577,,,,,,,5.45577,,,,,,,1,IMF_FPP,,
CHE,Switzerland,1909,5.09539,,,,,,,5.0953898,,,,,,,1,IMF_FPP,,
CHE,Switzerland,2021,35.8,,,,,35.8,,34.424391,34.00598,34.424,,35.707864,,,1,EUS,,
CHE,Switzerland,2003,34.2,,,,,34.2,,36.386299,32.767242,33.228,,34.199277,,,1,EUS,,
CHE,Switzerland,2024,33.6,,,,,33.6,,,,,31.554001,33.549808,,,1,EUS,,
CHE,Switzerland,2010,32.4,,,,,32.4,,34.1712,31.263792,31.439,,32.391328,,,1,EUS,,
CHE,Switzerland,1904,3.92956,,,,,,,3.9295599,,,,,,,1,IMF_FPP,,
CHE,Switzerland,1995,33.4,,,,,33.4,,35.003201,31.723677,32.441,,33.327078,,,1,EUS,,
CHE,Switzerland,1973,26.516,,,,,,24.569353,26.516001,,,,,,,1,IMF_FPP,,
CHE,Switzerland,1948,9.94586,,,,,,,9.9458599,,,,,,,1,IMF_FPP,,
CHE,Switzerland,1956,6.79446,,,,,,,6.7944598,,,,,,,1,IMF_FPP,,
CHE,Switzerland,1961,7.96854,,,,,,18.14843,7.9685402,,,,,,,1,IMF_FPP,,
CHE,Switzerland,2012,32.6,,,,,32.6,,31.650141,31.385041,31.65,,32.683122,,,1,EUS,,
CHE,Switzerland,1950,8.5804,,,,,,19.617843,8.5804005,,,,,,,1,IMF_FPP,,
CHE,Switzerland,1971,25.3894,,,,,,23.525802,25.3894,,,,,,,1,IMF_FPP,,
CHE,Switzerland,1989,27.717,,,,,,,29.9547,,27.717,,,,,1,IMF_WEO,1,6
CHE,Switzerland,1930,4.28543,,,,,,,4.28543,,,,,,,1,IMF_FPP,,
CHE,Switzerland,1946,11.111,,,,,,22.818012,11.111,,,,,,,1,IMF_FPP,,
CHE,Switzerland,1901,4.07149,,,,,,,4.0714898,,,,,,,1,IMF_FPP,,
CHE,Switzerland,1994,33.55227,,,,,,,35.190498,31.700795,32.496,,33.552268,,,1,OECD_EO,1,6
CHE,Switzerland,1972,25.7032,,,,,,23.816125,25.703199,,,,,,,1,IMF_FPP,,
CHE,Switzerland,1968,8.86795,,,,,,21.749734,8.8679504,,,,,,,1,IMF_FPP,,
CHE,Switzerland,2013,33.5,,,,,33.5,,32.529875,32.325576,32.53,,33.603606,,,1,EUS,,
CHE,Switzerland,1975,29.3119,,,,,,27.205475,29.311899,,,,,,,1,IMF_FPP,,
CHE,Switzerland,2015,33.5,,,,,33.5,,32.476182,32.213982,32.476,,33.627003,,,1,EUS,,
CHE,Switzerland,1981,27.13584,,,,,,,29.444599,27.135836,,,,,,1,IMF_GFS,,
CHE,Switzerland,1929,4.192,,,,,,,4.1919999,,,,,,,1,IMF_FPP,,
CHE,Switzerland,1984,28.531,,,,,,,30.395599,28.811176,28.531,,,,,1,IMF_WEO,,
CHE,Switzerland,1992,32.55067,,,,,,,34.233898,30.341475,31.287,,32.550669,,,1,OECD_EO,,
CHE,Switzerland,2023,33.4,,,,,33.4,,31.952247,31.553963,,31.952,33.086798,,,1,EUS,,
CHE,Switzerland,2020,38.2,,,,,38.2,,36.995658,36.449777,36.996,,38.363782,,,1,EUS,,
CHE,Switzerland,1980,27.64495,,,,,,,29.9319,27.644951,,,,,,1,IMF_GFS,,
CHE,Switzerland,1976,31.5734,,,,,,,31.5734,,,,,,,1,IMF_FPP,1,6
CHE,Switzerland,2026,34.8531,,,,,,,,,,31.823,34.8531,,,1,OECD_EO,,
CHE,Switzerland,1920,,,,,,,,,,,,,,,1,IMF_FPP,,
CHE,Switzerland,1947,8.73621,,,,,,,8.7362099,,,,,,,1,IMF_FPP,,
CHE,Switzerland,1963,8.1988,,,,,,19.341851,8.1988001,,,,,,,1,IMF_FPP,,
CHE,Switzerland,1915,,,,,,,,,,,,,,,1,IMF_FPP,,
CHE,Switzerland,1933,5.88645,,,,,,,5.8864498,,,,,,,1,IMF_FPP,,
CHE,Switzerland,2014,33.2,,,,,33.2,,32.17353,31.963103,32.174,,33.258981,,,1,EUS,,
CHE,Switzerland,2009,32.7,,,,,32.7,,34.146702,31.594148,31.749,,32.706125,,,1,EUS,,
CHE,Switzerland,1985,28.089,,,,,,,30.0839,,28.089,,,,,1,IMF_WEO,,
CHE,Switzerland,1945,13.8986,,,,,,,13.8986,,,,,,,1,IMF_FPP,,
CHE,Switzerland,1926,,,,,,,,,,,,,,,1,IMF_FPP,,
CHE,Switzerland,1913,2.4548,,,,,,,2.4547999,,,,,,,1,IMF_FPP,,
CHE,Switzerland,1997,33.9,,,,,33.9,,35.516102,32.351305,32.923,,33.950674,,,1,EUS,,
CHE,Switzerland,1910,4.14703,,,,,,,4.1470299,,,,,,,1,IMF_FPP,,
CHE,Switzerland,1952,10.0154,,,,,,,10.0154,,,,,,,1,IMF_FPP,,
CHE,Switzerland,1902,3.94017,,,,,,,3.94017,,,,,,,1,IMF_FPP,,
CHE,Switzerland,2002,35.1,,,,,35.1,,36.160599,33.63019,34.081,,35.020899,,,1,EUS,,
CHE,Switzerland,1916,,,,,,,,,,,,,,,1,IMF_FPP,,
CHL,Chile,1969,18.69,,,,,,,18.690001,,,,,,,1,IMF_FPP,,
CHL,Chile,1862,4.61,,,,,,,4.6100001,,,,,,,1,IMF_FPP,,
CHL,Chile,2021,33.595,,,,,,,33.595158,32.430226,33.595,,,,,1,IMF_WEO,,
CHL,Chile,2015,25.028,,,,,,,25.027949,23.256873,25.028,,,,,1,IMF_WEO,,
CHL,Chile,1996,20.635,,,,,,,20.634877,,20.635,,,,,1,IMF_WEO,,
CHL,Chile,1820,2.85,,,,,,,2.8499999,,,,,,,1,IMF_FPP,,
CHL,Chile,1915,10.05,,,,,,,10.05,,,,,,,1,IMF_FPP,,
CHL,Chile,1976,30.03,,,,,,,30.030001,,,,,,,1,IMF_FPP,,
CHL,Chile,1929,11,,,,,,,11,,,,,,,1,IMF_FPP,,
CHL,Chile,1931,16.55,,,,,,,16.549999,,,,,,,1,IMF_FPP,,
CHL,Chile,1963,18.93,,,,,,,18.93,,,,,,,1,IMF_FPP,,
CHL,Chile,1889,12.92,,,,,,,12.92,,,,,,,1,IMF_FPP,,
CHL,Chile,1850,5.63,,,,,,,5.6300001,,,,,,,1,IMF_FPP,,
CHL,Chile,1835,4.72,,,,,,,4.7199998,,,,,,,1,IMF_FPP,,
CHL,Chile,1829,3.92,,,,,,,3.9200001,,,,,,,1,IMF_FPP,,
CHL,Chile,1839,3.43,,,,,,,3.4300001,,,,,,,1,IMF_FPP,,
CHL,Chile,1930,13.89,,,,,,,13.89,,,,,,,1,IMF_FPP,,
CHL,Chile,1916,7.91,,,,,,,7.9099998,,,,,,,1,IMF_FPP,,
CHL,Chile,1828,3.94,,,,,,,3.9400001,,,,,,,1,IMF_FPP,,
CHL,Chile,1953,17.58,,,,,,,17.58,,,,,,,1,IMF_FPP,,
CHL,Chile,1845,5.12,,,,,,,5.1199999,,,,,,,1,IMF_FPP,,
CHL,Chile,1869,7.81,,,,,,,7.8099999,,,,,,,1,IMF_FPP,,
CHL,Chile,1821,3.04,,,,,,,3.04,,,,,,,1,IMF_FPP,,
CHL,Chile,1958,16.99,,,,,,,16.99,,,,,,,1,IMF_FPP,,
CHL,Chile,2025,26.896,,,,,,,,,,26.896,,,,1,IMF_WEO_forecast,,
CHL,Chile,2000,22.87,,,,,,,22.870014,21.932828,22.87,,,,,1,IMF_WEO,,
CHL,Chile,2010,23.466,,,,,,,23.466475,21.628967,23.466,,,,,1,IMF_WEO,,
CHL,Chile,1819,2.85,,,,,,,2.8499999,,,,,,,1,IMF_FPP,,
CHL,Chile,2018,25.616,,,,,,,25.615662,24.379654,25.616,,,,,1,IMF_WEO,,
CHL,Chile,2009,24.976,,,,,,,24.975693,22.721831,24.976,,,,,1,IMF_WEO,,
CHL,Chile,2007,19.307,,,,,,,19.306606,17.64698,19.307,,,,,1,IMF_WEO,,
CHL,Chile,2005,20.249,,,,,,,20.249087,18.918343,20.249,,,,,1,IMF_WEO,,
CHL,Chile,1997,20.582,,,,,,,20.581527,,20.582,,,,,1,IMF_WEO,,
CHL,Chile,2028,26.426,,,,,,,,,,26.426001,,,,1,IMF_WEO_forecast,,
CHL,Chile,1982,30.12,,,,,,,30.120001,,,,,,,1,IMF_FPP,,
CHL,Chile,1980,23.84,,,,,,,23.84,,,,,,,1,IMF_FPP,,
CHL,Chile,1934,10.44,,,,,,,10.44,,,,,,,1,IMF_FPP,,
CHL,Chile,1968,19.31,,,,,,,19.309999,,,,,,,1,IMF_FPP,,
CHL,Chile,1962,21.25,,,,,,,21.25,,,,,,,1,IMF_FPP,,
CHL,Chile,1948,15.18,,,,,,,15.18,,,,,,,1,IMF_FPP,,
CHL,Chile,1945,14.86,,,,,,,14.86,,,,,,,1,IMF_FPP,,
CHL,Chile,1896,15.54,,,,,,,15.54,,,,,,,1,IMF_FPP,,
CHL,Chile,1933,11.77,,,,,,,11.77,,,,,,,1,IMF_FPP,,
CHL,Chile,1904,12.61,,,,,,,12.61,,,,,,,1,IMF_FPP,,
CHL,Chile,1903,11.74,,,,,,,11.74,,,,,,,1,IMF_FPP,,
CHL,Chile,1902,12.71,,,,,,,12.71,,,,,,,1,IMF_FPP,,
CHL,Chile,1900,11.63,,,,,,,11.63,,,,,,,1,IMF_FPP,,
CHL,Chile,1890,14.21,,,,,,,14.21,,,,,,,1,IMF_FPP,,
CHL,Chile,1881,9.14,,,,,,,9.1400003,,,,,,,1,IMF_FPP,,
CHL,Chile,1880,8.42,,,,,,,8.4200001,,,,,,,1,IMF_FPP,,
CHL,Chile,1879,8.43,,,,,,,8.4300003,,,,,,,1,IMF_FPP,,
CHL,Chile,1910,12.81,,,,,,,12.81,,,,,,,1,IMF_FPP,,
CHL,Chile,1861,4.95,,,,,,,4.9499998,,,,,,,1,IMF_FPP,,
CHL,Chile,1860,5.52,,,,,,,5.52,,,,,,,1,IMF_FPP,,
CHL,Chile,1858,6.71,,,,,,,6.71,,,,,,,1,IMF_FPP,,
CHL,Chile,1852,6.25,,,,,,,6.25,,,,,,,1,IMF_FPP,,
CHL,Chile,1849,5.37,,,,,,,5.3699999,,,,,,,1,IMF_FPP,,
CHL,Chile,1848,5.44,,,,,,,5.4400001,,,,,,,1,IMF_FPP,,
CHL,Chile,1846,4.76,,,,,,,4.7600002,,,,,,,1,IMF_FPP,,
CHL,Chile,1964,17.76,,,,,,,17.76,,,,,,,1,IMF_FPP,,
CHL,Chile,1838,3.99,,,,,,,3.99,,,,,,,1,IMF_FPP,,
CHL,Chile,1836,3.93,,,,,,,3.9300001,,,,,,,1,IMF_FPP,,
CHL,Chile,1822,3.12,,,,,,,3.1199999,,,,,,,1,IMF_FPP,,
CHL,Chile,1811,3.76,,,,,,,3.76,,,,,,,1,IMF_FPP,,
CHL,Chile,2011,22.886,,,,,,,22.886089,20.936136,22.886,,,,,1,IMF_WEO,,
CHL,Chile,1834,4.34,,,,,,,4.3400002,,,,,,,1,IMF_FPP,,
CHL,Chile,1847,4.7,,,,,,,4.6999998,,,,,,,1,IMF_FPP,,
CHL,Chile,2014,23.853,,,,,,,23.852611,22.167461,23.853,,,,,1,IMF_WEO,,
CHL,Chile,1815,3.16,,,,,,,3.1600001,,,,,,,1,IMF_FPP,,
CHL,Chile,1955,17.11,,,,,,,17.110001,,,,,,,1,IMF_FPP,,
CHL,Chile,1899,11.3,,,,,,,11.3,,,,,,,1,IMF_FPP,,
CHL,Chile,1965,20.49,,,,,,,20.49,,,,,,,1,IMF_FPP,,
CHL,Chile,1823,3.28,,,,,,,3.28,,,,,,,1,IMF_FPP,,
CHL,Chile,1842,3.86,,,,,,,3.8599999,,,,,,,1,IMF_FPP,,
CHL,Chile,1817,2.89,,,,,,,2.8900001,,,,,,,1,IMF_FPP,,
CHL,Chile,1923,9.54,,,,,,,9.54,,,,,,,1,IMF_FPP,,
CHL,Chile,1984,29.99,,,,,,,29.99,,,,,,,1,IMF_FPP,,
CHL,Chile,1937,11.49,,,,,,,11.49,,,,,,,1,IMF_FPP,,
CHL,Chile,1993,21.218,,,,,,,20.25,,21.218,,,,,1,IMF_WEO,,
CHL,Chile,1831,3.94,,,,,,,3.9400001,,,,,,,1,IMF_FPP,,
CHL,Chile,1935,12.99,,,,,,,12.99,,,,,,,1,IMF_FPP,,
CHL,Chile,1956,16.55,,,,,,,16.549999,,,,,,,1,IMF_FPP,,
CHL,Chile,1926,14.04,,,,,,,14.04,,,,,,,1,IMF_FPP,,
CHL,Chile,1883,12.3,,,,,,,12.3,,,,,,,1,IMF_FPP,,
CHL,Chile,1843,4.59,,,,,,,4.5900002,,,,,,,1,IMF_FPP,,
CHL,Chile,1987,22.92,,,,,,,22.92,,,,,,,1,IMF_FPP,,
CHL,Chile,1855,5.59,,,,,,,5.5900002,,,,,,,1,IMF_FPP,,
CHL,Chile,1897,11.22,,,,,,,11.22,,,,,,,1,IMF_FPP,,
CHL,Chile,1871,7.7,,,,,,,7.6999998,,,,,,,1,IMF_FPP,,
CHL,Chile,1970,21.09,,,,,,,21.09,,,,,,,1,IMF_FPP,,
CHL,Chile,1914,11.89,,,,,,,11.89,,,,,,,1,IMF_FPP,,
CHL,Chile,1949,13.79,,,,,,,13.79,,,,,,,1,IMF_FPP,,
CHL,Chile,1913,12.32,,,,,,,12.32,,,,,,,1,IMF_FPP,,
CHL,Chile,1818,2.79,,,,,,,2.79,,,,,,,1,IMF_FPP,,
CHL,Chile,1992,20.933,,,,,,,19.58,,20.933,,,,,1,IMF_WEO,,
CHL,Chile,1998,21.905,,,,,,,21.905399,,21.905,,,,,1,IMF_WEO,,
CHL,Chile,1856,5.67,,,,,,,5.6700001,,,,,,,1,IMF_FPP,,
CHL,Chile,1924,9.65,,,,,,,9.6499996,,,,,,,1,IMF_FPP,,
CHL,Chile,1893,7.81,,,,,,,7.8099999,,,,,,,1,IMF_FPP,,
CHL,Chile,1981,26.38,,,,,,,26.379999,,,,,,,1,IMF_FPP,,
CHL,Chile,1957,16.79,,,,,,,16.790001,,,,,,,1,IMF_FPP,,
CHL,Chile,1876,8.6,,,,,,,8.6000004,,,,,,,1,IMF_FPP,,
CHL,Chile,1938,13.22,,,,,,,13.22,,,,,,,1,IMF_FPP,,
CHL,Chile,1961,19.51,,,,,,,19.51,,,,,,,1,IMF_FPP,,
CHL,Chile,1905,12.05,,,,,,,12.05,,,,,,,1,IMF_FPP,,
CHL,Chile,1827,3.85,,,,,,,3.8499999,,,,,,,1,IMF_FPP,,
CHL,Chile,1999,23.692,,,,,,,23.692431,,23.692,,,,,1,IMF_WEO,,
CHL,Chile,2002,23.202,,,,,,,23.201551,21.935779,23.202,,,,,1,IMF_WEO,,
CHL,Chile,2003,22.218,,,,,,,22.2183,21.123066,22.218,,,,,1,IMF_WEO,,
CHL,Chile,1891,13.72,,,,,,,13.72,,,,,,,1,IMF_FPP,,
CHL,Chile,2023,26.57538,,,,,,,27.394481,26.575381,,27.393999,,,,1,IMF_GFS,1,3
CHL,Chile,1882,11.1,,,,,,,11.1,,,,,,,1,IMF_FPP,,
CHL,Chile,1816,3,,,,,,,3,,,,,,,1,IMF_FPP,,
CHL,Chile,1947,16.46,,,,,,,16.459999,,,,,,,1,IMF_FPP,,
CHL,Chile,1959,20.85,,,,,,,20.85,,,,,,,1,IMF_FPP,,
CHL,Chile,1825,3.61,,,,,,,3.6099999,,,,,,,1,IMF_FPP,,
CHL,Chile,1988,21.34,,,,,,,21.34,,,,,,,1,IMF_FPP,,
CHL,Chile,1907,14.41,,,,,,,14.41,,,,,,,1,IMF_FPP,,
CHL,Chile,1813,3.52,,,,,,,3.52,,,,,,,1,IMF_FPP,,
CHL,Chile,1909,11.91,,,,,,,11.91,,,,,,,1,IMF_FPP,,
CHL,Chile,1986,26.65,,,,,,,26.65,,,,,,,1,IMF_FPP,,
CHL,Chile,1928,11.76,,,,,,,11.76,,,,,,,1,IMF_FPP,,
CHL,Chile,1939,13.75,,,,,,,13.75,,,,,,,1,IMF_FPP,,
CHL,Chile,1859,6.86,,,,,,,6.8600001,,,,,,,1,IMF_FPP,,
CHL,Chile,1901,13.38,,,,,,,13.38,,,,,,,1,IMF_FPP,,
CHL,Chile,1925,10.68,,,,,,,10.68,,,,,,,1,IMF_FPP,,
CHL,Chile,1824,3.54,,,,,,,3.54,,,,,,,1,IMF_FPP,,
CHL,Chile,1975,33.58,,,,,,,33.580002,,,,,,,1,IMF_FPP,,
CHL,Chile,1918,6.79,,,,,,,6.79,,,,,,,1,IMF_FPP,,
CHL,Chile,1974,32.35,,,,,,,32.349998,,,,,,,1,IMF_FPP,,
CHL,Chile,1857,5.58,,,,,,,5.5799999,,,,,,,1,IMF_FPP,,
CHL,Chile,1830,3.95,,,,,,,3.95,,,,,,,1,IMF_FPP,,
CHL,Chile,1870,8.02,,,,,,,8.0200005,,,,,,,1,IMF_FPP,,
CHL,Chile,1874,10.26,,,,,,,10.26,,,,,,,1,IMF_FPP,,
CHL,Chile,1973,30.76,,,,,,,30.76,,,,,,,1,IMF_FPP,,
CHL,Chile,1977,30.01,,,,,,,30.01,,,,,,,1,IMF_FPP,,
CHL,Chile,1812,3.67,,,,,,,3.6700001,,,,,,,1,IMF_FPP,,
CHL,Chile,1960,19.73,,,,,,,19.73,,,,,,,1,IMF_FPP,,
CHL,Chile,1920,8.76,,,,,,,8.7600002,,,,,,,1,IMF_FPP,,
CHL,Chile,1865,7.19,,,,,,,7.1900001,,,,,,,1,IMF_FPP,,
CHL,Chile,1940,12.43,,,,,,,12.43,,,,,,,1,IMF_FPP,,
CHL,Chile,2027,26.463,,,,,,,,,,26.462999,,,,1,IMF_WEO_forecast,,
CHL,Chile,1873,7.3,,,,,,,7.3000002,,,,,,,1,IMF_FPP,,
CHL,Chile,1951,15.55,,,,,,,15.55,,,,,,,1,IMF_FPP,,
CHL,Chile,1952,18.12,,,,,,,18.120001,,,,,,,1,IMF_FPP,,
CHL,Chile,1844,4.86,,,,,,,4.8600001,,,,,,,1,IMF_FPP,,
CHL,Chile,1942,12.7,,,,,,,12.7,,,,,,,1,IMF_FPP,,
CHL,Chile,1995,19.451,,,,,,,18.719999,,19.451,,,,,1,IMF_WEO,,
CHL,Chile,1832,4.08,,,,,,,4.0799999,,,,,,,1,IMF_FPP,,
CHL,Chile,1895,11.87,,,,,,,11.87,,,,,,,1,IMF_FPP,,
CHL,Chile,1887,12.32,,,,,,,12.32,,,,,,,1,IMF_FPP,,
CHL,Chile,1950,14.93,,,,,,,14.93,,,,,,,1,IMF_FPP,,
CHL,Chile,2017,25.493,,,,,,,25.492621,24.038787,25.493,,,,,1,IMF_WEO,,
CHL,Chile,1994,20.621,,,,,,,20.08,,20.621,,,,,1,IMF_WEO,,
CHL,Chile,2013,23.113,,,,,,,23.113202,21.612594,23.113,,,,,1,IMF_WEO,,
CHL,Chile,1853,5.75,,,,,,,5.75,,,,,,,1,IMF_FPP,,
CHL,Chile,1884,11.53,,,,,,,11.53,,,,,,,1,IMF_FPP,,
CHL,Chile,1967,19.14,,,,,,,19.139999,,,,,,,1,IMF_FPP,,
CHL,Chile,1911,13.23,,,,,,,13.23,,,,,,,1,IMF_FPP,,
CHL,Chile,1885,9.38,,,,,,,9.3800001,,,,,,,1,IMF_FPP,,
CHL,Chile,1868,8.88,,,,,,,8.8800001,,,,,,,1,IMF_FPP,,
CHL,Chile,1922,10.76,,,,,,,10.76,,,,,,,1,IMF_FPP,,
CHL,Chile,1892,10.6,,,,,,,10.6,,,,,,,1,IMF_FPP,,
CHL,Chile,1989,19.76,,,,,,,19.76,,,,,,,1,IMF_FPP,1,3
CHL,Chile,2001,23.181,,,,,,,23.181263,21.884468,23.181,,,,,1,IMF_WEO,,
CHL,Chile,1983,29.24,,,,,,,29.24,,,,,,,1,IMF_FPP,,
CHL,Chile,1872,7.3,,,,,,,7.3000002,,,,,,,1,IMF_FPP,,
CHL,Chile,1841,3.85,,,,,,,3.8499999,,,,,,,1,IMF_FPP,,
CHL,Chile,2008,21.791,,,,,,,21.79111,19.637639,21.791,,,,,1,IMF_WEO,,
CHL,Chile,2012,23.089,,,,,,,23.089447,21.325982,23.089,,,,,1,IMF_WEO,,
CHL,Chile,1912,14.86,,,,,,,14.86,,,,,,,1,IMF_FPP,,
CHL,Chile,1943,15.89,,,,,,,15.89,,,,,,,1,IMF_FPP,,
CHL,Chile,1894,8.36,,,,,,,8.3599997,,,,,,,1,IMF_FPP,,
CHL,Chile,1863,4.81,,,,,,,4.8099999,,,,,,,1,IMF_FPP,,
CHL,Chile,1954,15.72,,,,,,,15.72,,,,,,,1,IMF_FPP,,
CHL,Chile,1919,7.32,,,,,,,7.3200002,,,,,,,1,IMF_FPP,,
CHL,Chile,1941,14.13,,,,,,,14.13,,,,,,,1,IMF_FPP,,
CHL,Chile,1932,9.65,,,,,,,9.6499996,,,,,,,1,IMF_FPP,,
CHL,Chile,1810,3.76,,,,,,,3.76,,,,,,,1,IMF_FPP,,
CHL,Chile,2020,29.088,,,,,,,29.088339,28.021862,29.088,,,,,1,IMF_WEO,,
CHL,Chile,2024,27.039,,,,,,,,,,27.039,,,,1,IMF_WEO_forecast,1,3
CHL,Chile,1966,20.52,,,,,,,20.52,,,,,,,1,IMF_FPP,,
CHL,Chile,1972,34.97,,,,,,,34.970001,,,,,,,1,IMF_FPP,,
CHL,Chile,1990,20.991,,,,,,,18.950001,,20.991,,,,,1,IMF_WEO,,
CHL,Chile,2026,26.683,,,,,,,,,,26.683001,,,,1,IMF_WEO_forecast,,
CHL,Chile,2019,26.497,,,,,,,26.497146,25.181058,26.497,,,,,1,IMF_WEO,,
CHL,Chile,1840,3.95,,,,,,,3.95,,,,,,,1,IMF_FPP,,
CHL,Chile,1908,11.53,,,,,,,11.53,,,,,,,1,IMF_FPP,,
CHL,Chile,1826,3.75,,,,,,,3.75,,,,,,,1,IMF_FPP,,
CHL,Chile,1991,21.249,,,,,,,19.9,,21.249,,,,,1,IMF_WEO,,
CHL,Chile,2029,26.407,,,,,,,,,,26.407,,,,1,IMF_WEO_forecast,,
CHL,Chile,1971,27.22,,,,,,,27.219999,,,,,,,1,IMF_FPP,,
CHL,Chile,1877,8.33,,,,,,,8.3299999,,,,,,,1,IMF_FPP,,
CHL,Chile,1917,6.84,,,,,,,6.8400002,,,,,,,1,IMF_FPP,,
CHL,Chile,2004,20.816,,,,,,,20.815823,19.761751,20.816,,,,,1,IMF_WEO,,
CHL,Chile,2006,18.73,,,,,,,18.730162,17.43127,18.73,,,,,1,IMF_WEO,,
CHL,Chile,1886,11.96,,,,,,,11.96,,,,,,,1,IMF_FPP,,
CHL,Chile,1921,11,,,,,,,11,,,,,,,1,IMF_FPP,,
CHL,Chile,1946,13.7,,,,,,,13.7,,,,,,,1,IMF_FPP,,
CHL,Chile,1888,10.1,,,,,,,10.1,,,,,,,1,IMF_FPP,,
CHL,Chile,1867,10.39,,,,,,,10.39,,,,,,,1,IMF_FPP,,
CHL,Chile,1854,6.09,,,,,,,6.0900002,,,,,,,1,IMF_FPP,,
CHL,Chile,1979,24.75,,,,,,,24.75,,,,,,,1,IMF_FPP,,
CHL,Chile,2022,26.646,,,,,,,26.646166,25.766688,26.646,,,,,1,IMF_WEO,,
CHL,Chile,1906,14.52,,,,,,,14.52,,,,,,,1,IMF_FPP,,
CHL,Chile,1936,12.58,,,,,,,12.58,,,,,,,1,IMF_FPP,,
CHL,Chile,1864,5.42,,,,,,,5.4200001,,,,,,,1,IMF_FPP,,
CHL,Chile,1927,13.21,,,,,,,13.21,,,,,,,1,IMF_FPP,,
CHL,Chile,1851,6.4,,,,,,,6.4000001,,,,,,,1,IMF_FPP,,
CHL,Chile,1875,9.28,,,,,,,9.2799997,,,,,,,1,IMF_FPP,,
CHL,Chile,1944,14.59,,,,,,,14.59,,,,,,,1,IMF_FPP,,
CHL,Chile,1837,4.48,,,,,,,4.48,,,,,,,1,IMF_FPP,,
CHL,Chile,1978,29.38,,,,,,,29.379999,,,,,,,1,IMF_FPP,,
CHL,Chile,1814,3.34,,,,,,,3.3399999,,,,,,,1,IMF_FPP,,
CHL,Chile,1985,28.45,,,,,,,28.450001,,,,,,,1,IMF_FPP,,
CHL,Chile,1833,4.24,,,,,,,4.2399998,,,,,,,1,IMF_FPP,,
CHL,Chile,1878,6.74,,,,,,,6.7399998,,,,,,,1,IMF_FPP,,
CHL,Chile,1866,9.76,,,,,,,9.7600002,,,,,,,1,IMF_FPP,,
CHL,Chile,1898,12.04,,,,,,,12.04,,,,,,,1,IMF_FPP,,
CHL,Chile,2016,25.367,,,,,,,25.366653,23.84908,25.367,,,,,1,IMF_WEO,,
CHN,China,1961,28.89637,,,,,,,,,,,,,28.89637,1,CS1,,
CHN,China,1975,27.00707,,,,,,,,,,,,,27.00707,1,CS1,,
CHN,China,2025,34.126,,,,,,,,,,34.125999,,,,1,IMF_WEO_forecast,,
CHN,China,1969,26.79951,,,,,,,,,,,,,26.79951,1,CS1,,
CHN,China,2000,16.268,16.12085,,,,,,16.268205,,16.268,,,,15.84213,1,IMF_WEO,,
CHN,China,1976,26.97584,,,,,,,,,,,,,26.97584,1,CS1,,
CHN,China,1952,25.33795,,,,,,,,,,,,,25.33795,1,CS1,,
CHN,China,1954,28.39149,,,,,,,,,,,,,28.39149,1,CS1,,
CHN,China,1993,13.53,,,,,,,13.529838,,13.53,,,,13.01341,1,IMF_WEO,,
CHN,China,2018,33.277,24.030096,,,,,,33.276942,,33.277,,,,24.0301,1,IMF_WEO,,
CHN,China,1972,30.00549,,,,,,,,,,,,,30.00549,1,CS1,,
CHN,China,1963,26.60018,,,,,,,,,,,,,26.60018,1,CS1,,
CHN,China,2004,17.871,17.60186,,,,,,17.871018,,17.871,,,,17.60186,1,IMF_WEO,,
CHN,China,1984,23.452,,,,,,,26.900499,,23.452,,,,23.37047,1,IMF_WEO,,
CHN,China,1983,24.695,,,,,,,28.3431,,24.695,,,,23.41045,1,IMF_WEO,,
CHN,China,2017,32.635,24.408261,,,,,,32.635164,,32.635,,,,24.40826,1,IMF_WEO,,
CHN,China,1986,22.344,,,,,,,25.624901,,22.344,,,,21.24969,1,IMF_WEO,,
CHN,China,2024,33.858,,,,,,,,,,33.858002,,,,1,IMF_WEO_forecast,1,3
CHN,China,1985,22.498,,,,,,,25.7763,,22.498,,,,22.02739,1,IMF_WEO,,
CHN,China,1955,28.82076,,,,,,,,,,,,,28.82076,1,CS1,,
CHN,China,1956,28.96284,,,,,,,,,,,,,28.96284,1,CS1,,
CHN,China,2023,21.78541,21.8,,,,,,33.171358,,,33.171001,,,21.78541,1,CS1,1,3
CHN,China,1962,25.37257,,,,,,,,,,,,,25.37257,1,CS1,,
CHN,China,2001,17.44,17.26724,,,,,,17.439865,,17.44,,,,17.05038,1,IMF_WEO,,
CHN,China,2022,33.481,21.6,,,,,,33.481415,,33.481,,,,21.62754,1,IMF_WEO,,
CHN,China,2020,35.403,24.2,,,,,,35.402735,,35.403,,,,24.23905,1,IMF_WEO,,
CHN,China,2019,34.153,24.212335,,,,,,34.152609,,34.153,,,,24.21234,1,IMF_WEO,,
CHN,China,1988,18.185,,,,,,,20.8538,,18.185,,,,16.4107,1,IMF_WEO,,
CHN,China,1996,11.095,,,,,,,11.095032,,11.095,,,,11.05299,1,IMF_WEO,,
CHN,China,2029,35.434,,,,,,,,,,35.433998,,,,1,IMF_WEO_forecast,,
CHN,China,2002,18.464,18.11832,,,,,,18.464323,,18.464,,,,18.11832,1,IMF_WEO,,
CHN,China,1994,12.469,,,,,,,12.469104,,12.469,,,,11.90978,1,IMF_WEO,,
CHN,China,1978,30.50235,,,,,,,,,,,,,30.50235,1,CS1,,
CHN,China,2010,25.094,21.807802,,,,,,25.094364,,25.094,,,,21.8078,1,IMF_WEO,,
CHN,China,1981,23.06435,,,,,,,,,,,,,23.06435,1,CS1,1,3
CHN,China,1980,26.7859,,,,,,,,,,,,,26.7859,1,CS1,,
CHN,China,1971,29.80056,,,,,,,,,,,,,29.80056,1,CS1,,
CHN,China,1992,14.749,,,,,,,14.749497,,14.749,,,,13.76087,1,IMF_WEO,,
CHN,China,2003,18.228,17.93741,,,,,,18.227889,,18.228,,,,17.93741,1,IMF_WEO,,
CHN,China,1970,28.48664,,,,,,,,,,,,,28.48664,1,CS1,,
CHN,China,2009,25.654,21.892699,,,,,,25.654473,,25.654,,,,21.8927,1,IMF_WEO,,
CHN,China,2008,22.525,19.60649,,,,,,22.525212,,22.525,,,,19.60649,1,IMF_WEO,,
CHN,China,1973,29.34402,,,,,,,,,,,,,29.34402,1,CS1,,
CHN,China,1989,18.595,,,,,,,18.595059,,18.595,,,,16.43673,1,IMF_WEO,,
CHN,China,1964,26.79026,,,,,,,,,,,,,26.79026,1,CS1,,
CHN,China,1953,26.59025,,,,,,,,,,,,,26.59025,1,CS1,,
CHN,China,1965,26.52653,,,,,,,,,,,,,26.52653,1,CS1,,
CHN,China,2012,28.159,23.386121,,,,,,28.158729,,28.159,,,,23.38612,1,IMF_WEO,,
CHN,China,1967,24.51455,,,,,,,,,,,,,24.51455,1,CS1,,
CHN,China,2005,18.267,18.11364,,,,,,18.266934,,18.267,,,,18.11365,1,IMF_WEO,,
CHN,China,1982,24.276,,,,,,,27.8584,,24.276,,,,22.89016,1,IMF_WEO,,
CHN,China,2028,35.18,,,,,,,,,,35.18,,,,1,IMF_WEO_forecast,,
CHN,China,1960,43.78477,,,,,,,,,,,,,43.78477,1,CS1,,
CHN,China,1968,20.51717,,,,,,,,,,,,,20.51717,1,CS1,,
CHN,China,2027,34.854,,,,,,,,,,34.854,,,,1,IMF_WEO_forecast,,
CHN,China,1990,18.207,,,,,,,18.207055,,18.207,,,,16.33872,1,IMF_WEO,,
CHN,China,1974,27.94674,,,,,,,,,,,,,27.94674,1,CS1,,
CHN,China,1991,16.643,,,,,,,16.642829,,16.643,,,,15.38981,1,IMF_WEO,,
CHN,China,2013,28.564,23.646004,,,,,,28.564438,,28.564,,,,23.646,1,IMF_WEO,,
CHN,China,1958,30.50827,,,,,,,,,,,,,30.50827,1,CS1,,
CHN,China,1979,31.25936,,,,,,,,,,,,,31.25936,1,CS1,,
CHN,China,2007,18.151,18.431236,,,,,,18.151001,,18.151,,,,18.43124,1,IMF_WEO,,
CHN,China,1995,11.177,,,,,,,11.177198,,11.177,,,,11.12444,1,IMF_WEO,,
CHN,China,1997,11.627,,,,,,,11.62685,,11.627,,,,11.58321,1,IMF_WEO,,
CHN,China,2021,32.686,21.4,,,,,,32.686188,,32.686,,,,21.37705,1,IMF_WEO,,
CHN,China,1959,37.5247,,,,,,,,,,,,,37.5247,1,CS1,,
CHN,China,1977,25.95477,,,,,,,,,,,,,25.95477,1,CS1,,
CHN,China,2026,34.512,,,,,,,,,,34.512001,,,,1,IMF_WEO_forecast,,
CHN,China,1957,27.62274,,,,,,,,,,,,,27.62274,1,CS1,,
CHN,China,2011,27.119,22.389586,,,,,,27.11907,,27.119,,,,22.38959,1,IMF_WEO,,
CHN,China,1987,20.435,,,,,,,23.4438,,20.435,,,,18.58114,1,IMF_WEO,,
CHN,China,2016,32.316,25.154936,,,,,,32.316197,,32.316,,,,25.15494,1,IMF_WEO,,
CHN,China,2015,31.552,25.531781,,,,,,31.552172,,31.552,,,,25.53178,1,IMF_WEO,,
CHN,China,1966,28.46667,,,,,,,,,,,,,28.46667,1,CS1,,
CHN,China,2006,18.339,18.42098,,,,,,18.338882,,18.339,,,,18.42098,1,IMF_WEO,,
CHN,China,2014,28.89,23.585187,,,,,,28.890075,,28.89,,,,23.58519,1,IMF_WEO,,
CHN,China,1999,15.025,,,,,,,15.024867,,15.025,,,,14.56165,1,IMF_WEO,,
CHN,China,1998,12.735,,,,,,,12.735085,,12.735,,,,12.67459,1,IMF_WEO,,
CIV,Ivory Coast,2025,20.653,,,,,,,,,,20.653,,,,1,IMF_WEO_forecast,,
CIV,Ivory Coast,2007,14.842,,,,,,,14.842288,,14.842,,,,,1,IMF_WEO,,
CIV,Ivory Coast,1998,14.565,,,,,,,14.564913,,14.565,,,,,1,IMF_WEO,,
CIV,Ivory Coast,2009,14.386,,,,,,,14.385827,,14.386,,,,,1,IMF_WEO,,
CIV,Ivory Coast,2015,16.503,,,,,,,16.502597,,16.503,,,,,1,IMF_WEO,,
CIV,Ivory Coast,2028,21.242,,,,,,,,,,21.242001,,,,1,IMF_WEO_forecast,,
CIV,Ivory Coast,2011,13.197,,,,,,,13.197,,13.197,,,,,1,IMF_WEO,,
CIV,Ivory Coast,2018,17.561,,,,,,,17.560628,15.400625,17.561,,,,,1,IMF_WEO,,
CIV,Ivory Coast,2021,20.454,,,,,,,20.454498,17.002124,20.454,,,,,1,IMF_WEO,,
CIV,Ivory Coast,2002,13.098,,,,,,,13.097887,,13.098,,,,,1,IMF_WEO,,
CIV,Ivory Coast,2003,12.675,,,,,,,12.67473,,12.675,,,,,1,IMF_WEO,,
CIV,Ivory Coast,2027,21.078,,,,,,,,,,21.077999,,,,1,IMF_WEO_forecast,,
CIV,Ivory Coast,2012,16.142,,,,,,,16.14177,,16.142,,,,,1,IMF_WEO,,
CIV,Ivory Coast,2020,20.37,,,,,,,20.369514,16.776016,20.37,,,,,1,IMF_WEO,,
CIV,Ivory Coast,2023,18.5552,,,,,,,21.485435,18.5552,,21.485001,,,,1,IMF_GFS,1,2
CIV,Ivory Coast,2019,17.198,,,,,,,17.197662,14.312943,17.198,,,,,1,IMF_WEO,,
CIV,Ivory Coast,2013,15.857,,,,,,,15.857231,,15.857,,,,,1,IMF_WEO,,
CIV,Ivory Coast,2004,13.508,,,,,,,13.508108,,13.508,,,,,1,IMF_WEO,,
CIV,Ivory Coast,1999,13.668,,,,,,,13.66796,,13.668,,,,,1,IMF_WEO,,
CIV,Ivory Coast,2006,14.461,,,,,,,14.461297,,14.461,,,,,1,IMF_WEO,,
CIV,Ivory Coast,2016,17.581,,,,,,,17.580832,,17.581,,,,,1,IMF_WEO,,
CIV,Ivory Coast,2024,20.808,,,,,,,,,,20.808001,,,,1,IMF_WEO_forecast,1,2
CIV,Ivory Coast,2026,20.918,,,,,,,,,,20.917999,,,,1,IMF_WEO_forecast,,
CIV,Ivory Coast,2029,21.649,,,,,,,,,,21.649,,,,1,IMF_WEO_forecast,,
CIV,Ivory Coast,2000,12.877,,,,,,,12.877365,,12.877,,,,,1,IMF_WEO,,
CIV,Ivory Coast,2010,14.465,,,,,,,14.465363,,14.465,,,,,1,IMF_WEO,,
CIV,Ivory Coast,2008,14.589,,,,,,,14.589401,,14.589,,,,,1,IMF_WEO,,
CIV,Ivory Coast,2001,11.439,,,,,,,11.438975,,11.439,,,,,1,IMF_WEO,,
CIV,Ivory Coast,2014,15.214,,,,,,,15.213548,,15.214,,,,,1,IMF_WEO,,
CIV,Ivory Coast,2017,18.109,,,,,,,18.109089,,18.109,,,,,1,IMF_WEO,,
CIV,Ivory Coast,2005,13.597,,,,,,,13.596576,,13.597,,,,,1,IMF_WEO,,
CIV,Ivory Coast,2022,22.084,,,,,,,22.083681,18.711275,22.084,,,,,1,IMF_WEO,,
CIV,Ivory Coast,1997,15.172,,,,,,,15.172168,,15.172,,,,,1,IMF_WEO,,
CMR,Cameroon,2003,13.164,,,,,,,,,13.164,,,,,1,IMF_WEO,,
CMR,Cameroon,2019,18.665,,,,,,,,,18.665,,,,,1,IMF_WEO,,
CMR,Cameroon,2025,16.024,,,,,,,,,,16.024,,,,1,IMF_WEO_forecast,,
CMR,Cameroon,2024,16.485,,,,,,,,,,16.485001,,,,1,IMF_WEO_forecast,,
CMR,Cameroon,2009,14.701,,,,,,,,,14.701,,,,,1,IMF_WEO,,
CMR,Cameroon,2004,13.409,,,,,,,,,13.409,,,,,1,IMF_WEO,,
CMR,Cameroon,2007,13.462,,,,,,,,,13.462,,,,,1,IMF_WEO,,
CMR,Cameroon,2015,20.069,,,,,,,,,20.069,,,,,1,IMF_WEO,,
CMR,Cameroon,2026,16.328,,,,,,,,,,16.327999,,,,1,IMF_WEO_forecast,,
CMR,Cameroon,2016,20.184,,,,,,,,,20.184,,,,,1,IMF_WEO,,
CMR,Cameroon,2001,14.602,,,,,,,,,14.602,,,,,1,IMF_WEO,,
CMR,Cameroon,2006,12.504,,,,,,,,,12.504,,,,,1,IMF_WEO,,
CMR,Cameroon,2023,17.103,,,,,,,,,,17.103001,,,,1,IMF_WEO_forecast,,
CMR,Cameroon,2022,17.081,,,,,,,,,,17.080999,,,,1,IMF_WEO_forecast,1,1
CMR,Cameroon,2013,19.208,,,,,,,,,19.208,,,,,1,IMF_WEO,,
CMR,Cameroon,2008,15.912,,,,,,,,,15.912,,,,,1,IMF_WEO,,
CMR,Cameroon,2012,17.152,,,,,,,,,17.152,,,,,1,IMF_WEO,,
CMR,Cameroon,2010,15.186,,,,,,,,,15.186,,,,,1,IMF_WEO,,
CMR,Cameroon,2027,16.498,,,,,,,,,,16.497999,,,,1,IMF_WEO_forecast,,
CMR,Cameroon,2011,17.846,,,,,,,,,17.846,,,,,1,IMF_WEO,,
CMR,Cameroon,2017,19.227,,,,,,,,,19.227,,,,,1,IMF_WEO,,
CMR,Cameroon,2020,16.58,,,,,,,,,16.58,,,,,1,IMF_WEO,,
CMR,Cameroon,2002,13.862,,,,,,,,,13.862,,,,,1,IMF_WEO,,
CMR,Cameroon,2028,16.642,,,,,,,,,,16.642,,,,1,IMF_WEO_forecast,,
CMR,Cameroon,2000,14.575,,,,,,,,,14.575,,,,,1,IMF_WEO,,
CMR,Cameroon,2014,20.062,,,,,,,,,20.062,,,,,1,IMF_WEO,,
CMR,Cameroon,2021,17.074,,,,,,,,,17.074,,,,,1,IMF_WEO,,
CMR,Cameroon,2005,12.427,,,,,,,,,12.427,,,,,1,IMF_WEO,,
CMR,Cameroon,2029,16.9,,,,,,,,,,16.9,,,,1,IMF_WEO_forecast,,
CMR,Cameroon,2018,17.953,,,,,,,,,17.953,,,,,1,IMF_WEO,,
COD,Democratic Republic of the Congo,2000,2.489,,,,,,,2.4894221,,2.489,,,,,1,IMF_WEO,,
COD,Democratic Republic of the Congo,2028,15.575,,,,,,,,,,15.575,,,,1,IMF_WEO_forecast,,
COD,Democratic Republic of the Congo,2023,16.53566,,,,,,,16.535662,,,16.535999,,,,1,IMF_FPP,,
COD,Democratic Republic of the Congo,2004,8.111,,,,,,,8.1107219,,8.111,,,,,1,IMF_WEO,,
COD,Democratic Republic of the Congo,2013,11.941,,,,,,,11.941422,,11.941,,,,,1,IMF_WEO,,
COD,Democratic Republic of the Congo,2022,17.50775,,,,,,,17.507754,,,17.507999,,,,1,IMF_FPP,1,2
COD,Democratic Republic of the Congo,2008,10.067,,,,,,,10.066707,,10.067,,,,,1,IMF_WEO,,
COD,Democratic Republic of the Congo,2010,15.351,,,,,,,15.351389,,15.351,,,,,1,IMF_WEO,,
COD,Democratic Republic of the Congo,2029,15.763,,,,,,,,,,15.763,,,,1,IMF_WEO_forecast,,
COD,Democratic Republic of the Congo,2025,14.937,,,,,,,,,,14.937,,,,1,IMF_WEO_forecast,,
COD,Democratic Republic of the Congo,2002,4.173,,,,,,,4.1734459,,4.173,,,,,1,IMF_WEO,,
COD,Democratic Republic of the Congo,1996,2.173,,,,,,,2.1732573,,2.173,,,,,1,IMF_WEO,,
COD,Democratic Republic of the Congo,2012,13.405,,,,,,,13.404809,,13.405,,,,,1,IMF_WEO,,
COD,Democratic Republic of the Congo,2001,4.258,,,,,,,4.258294,,4.258,,,,,1,IMF_WEO,,
COD,Democratic Republic of the Congo,2027,15.109,,,,,,,,,,15.109,,,,1,IMF_WEO_forecast,,
COD,Democratic Republic of the Congo,2015,15.231,,,,,,,15.230612,,15.231,,,,,1,IMF_WEO,,
COD,Democratic Republic of the Congo,1998,2.785,,,,,,,2.784764,,2.785,,,,,1,IMF_WEO,,
COD,Democratic Republic of the Congo,2003,9.186,,,,,,,9.1859484,,9.186,,,,,1,IMF_WEO,,
COD,Democratic Republic of the Congo,2005,8.28,,,,,,,8.2797901,,8.28,,,,,1,IMF_WEO,,
COD,Democratic Republic of the Congo,2006,8.454,,,,,,,8.453792,,8.454,,,,,1,IMF_WEO,,
COD,Democratic Republic of the Congo,2024,17.206,,,,,,,,,,17.205999,,,,1,IMF_WEO_forecast,1,2
COD,Democratic Republic of the Congo,2016,13.927,,,,,,,13.926861,,13.927,,,,,1,IMF_WEO,,
COD,Democratic Republic of the Congo,1999,2.147,,,,,,,2.1473785,,2.147,,,,,1,IMF_WEO,,
COD,Democratic Republic of the Congo,2014,12.935,,,,,,,12.935471,,12.935,,,,,1,IMF_WEO,,
COD,Democratic Republic of the Congo,2017,10.36,,,,,,,10.35996,,10.36,,,,,1,IMF_WEO,,
COD,Democratic Republic of the Congo,2009,12.383,,,,,,,12.382741,,12.383,,,,,1,IMF_WEO,,
COD,Democratic Republic of the Congo,2007,8.781,,,,,,,8.7810571,,8.781,,,,,1,IMF_WEO,,
COD,Democratic Republic of the Congo,1997,2.512,,,,,,,2.5120738,,2.512,,,,,1,IMF_WEO,,
COD,Democratic Republic of the Congo,2019,13.44,,,,,,,13.440101,,13.44,,,,,1,IMF_WEO,,
COD,Democratic Republic of the Congo,2026,14.994,,,,,,,,,,14.994,,,,1,IMF_WEO_forecast,,
COD,Democratic Republic of the Congo,2021,13.802,,,,,,,13.801591,,13.802,,,,,1,IMF_WEO,,
COD,Democratic Republic of the Congo,2011,13.692,,,,,,,13.691727,,13.692,,,,,1,IMF_WEO,,
COD,Democratic Republic of the Congo,2018,11.729,,,,,,,11.728776,,11.729,,,,,1,IMF_WEO,,
COD,Democratic Republic of the Congo,2020,12.556,,,,,,,12.556354,,12.556,,,,,1,IMF_WEO,,
COG,Republic of the Congo,1999,28.752,,,,,,,28.752391,,28.752,,,,,1,IMF_WEO,,
COG,Republic of the Congo,2007,28.582,,,,,,,28.581668,20.288565,28.582,,,,,1,IMF_WEO,,
COG,Republic of the Congo,1989,20.289,,,,,,,20.289445,,20.289,,,,,1,IMF_WEO,,
COG,Republic of the Congo,1990,30.437,,,,,,,30.437086,,30.437,,,,,1,IMF_WEO,,
COG,Republic of the Congo,2021,20.935,,,,,,,20.935117,,20.935,,,,,1,IMF_WEO,,
COG,Republic of the Congo,2026,22.281,,,,,,,,,,22.281,,,,1,IMF_WEO_forecast,,
COG,Republic of the Congo,2019,20.153,,,,,,,20.152763,18.134972,20.153,,,,,1,IMF_WEO,,
COG,Republic of the Congo,2025,22.433,,,,,,,,,,22.433001,,,,1,IMF_WEO_forecast,,
COG,Republic of the Congo,2023,20.67498,,,,,,,20.674984,,,20.674999,,,,1,IMF_FPP,1,2
COG,Republic of the Congo,1991,34.08,,,,,,,34.080362,,34.08,,,,,1,IMF_WEO,,
COG,Republic of the Congo,1997,22.197,,,,,,,22.19704,,22.197,,,,,1,IMF_WEO,,
COG,Republic of the Congo,1994,30.708,,,,,,,30.707921,,30.708,,,,,1,IMF_WEO,,
COG,Republic of the Congo,2003,27.013,,,,,,,27.012947,18.49285,27.013,,,,,1,IMF_WEO,,
COG,Republic of the Congo,2017,26.6,,,,,,,26.599689,17.916043,26.6,,,,,1,IMF_WEO,,
COG,Republic of the Congo,1995,27.581,,,,,,,27.580511,,27.581,,,,,1,IMF_WEO,,
COG,Republic of the Congo,2020,21.108,,,,,,,21.108471,21.007662,21.108,,,,,1,IMF_WEO,,
COG,Republic of the Congo,2015,41.288,,,,,,,41.288182,,41.288,,,,,1,IMF_WEO,,
COG,Republic of the Congo,1998,25.068,,,,,,,25.067557,,25.068,,,,,1,IMF_WEO,,
COG,Republic of the Congo,2012,30.657,,,,,,,30.656742,12.010291,30.657,,,,,1,IMF_WEO,,
COG,Republic of the Congo,2024,22.413,,,,,,,,,,22.413,,,,1,IMF_WEO_forecast,1,2
COG,Republic of the Congo,2006,26.63,,,,,,,26.630432,19.52426,26.63,,,,,1,IMF_WEO,,
COG,Republic of the Congo,2002,32.135,,,,,,,32.135115,,32.135,,,,,1,IMF_WEO,,
COG,Republic of the Congo,2010,22.997,,,,,,,22.997346,12.20809,22.997,,,,,1,IMF_WEO,,
COG,Republic of the Congo,2013,42.392,,,,,,,42.391632,11.278817,42.392,,,,,1,IMF_WEO,,
COG,Republic of the Congo,2016,38.807,,,,,,,38.806618,,38.807,,,,,1,IMF_WEO,,
COG,Republic of the Congo,1996,15.719,,,,,,,15.71903,,15.719,,,,,1,IMF_WEO,,
COG,Republic of the Congo,2000,22.645,,,,,,,22.644822,,22.645,,,,,1,IMF_WEO,,
COG,Republic of the Congo,2028,20.128,,,,,,,,,,20.128,,,,1,IMF_WEO_forecast,,
COG,Republic of the Congo,1992,32.766,,,,,,,32.76647,,32.766,,,,,1,IMF_WEO,,
COG,Republic of the Congo,2005,22.125,,,,,,,22.125,21.974925,22.125,,,,,1,IMF_WEO,,
COG,Republic of the Congo,1993,32.844,,,,,,,32.843843,,32.844,,,,,1,IMF_WEO,,
COG,Republic of the Congo,2018,17.787,,,,,,,17.78659,18.582849,17.787,,,,,1,IMF_WEO,,
COG,Republic of the Congo,2001,29.078,,,,,,,29.078399,,29.078,,,,,1,IMF_WEO,,
COG,Republic of the Congo,2014,48.562,,,,,,,48.562333,13.416538,48.562,,,,,1,IMF_WEO,,
COG,Republic of the Congo,2027,21.155,,,,,,,,,,21.155001,,,,1,IMF_WEO_forecast,,
COG,Republic of the Congo,2009,24.433,,,,,,,24.433129,15.707186,24.433,,,,,1,IMF_WEO,,
COG,Republic of the Congo,2004,24.389,,,,,,,24.389164,28.620802,24.389,,,,,1,IMF_WEO,,
COG,Republic of the Congo,2008,24.166,,,,,,,24.165874,16.661108,24.166,,,,,1,IMF_WEO,,
COG,Republic of the Congo,2022,22.836,,,,,,,22.836447,,22.836,,,,,1,IMF_WEO,,
COG,Republic of the Congo,2011,27.873,,,,,,,27.872769,11.583759,27.873,,,,,1,IMF_WEO,,
COG,Republic of the Congo,2029,19.492,,,,,,,,,,19.492001,,,,1,IMF_WEO_forecast,,
COK,Cook Islands,2018,37.1,37.1,,,,,,,,,,,,,1,ADB,,
COK,Cook Islands,2009,34.8,34.8,,,,,,,,,,,,,1,ADB,,
COK,Cook Islands,2012,35.7,35.7,,,,,,,,,,,,,1,ADB,,
COK,Cook Islands,2014,41.7,41.7,,,,,,,,,,,,,1,ADB,,
COK,Cook Islands,2015,47.5,47.5,,,,,,,,,,,,,1,ADB,,
COK,Cook Islands,2016,37.8,37.8,,,,,,,,,,,,,1,ADB,,
COK,Cook Islands,2011,31,31,,,,,,,,,,,,,1,ADB,,
COK,Cook Islands,2022,50.1,50.1,,,,,,,,,,,,,1,ADB,,
COK,Cook Islands,2010,35.5,35.5,,,,,,,,,,,,,1,ADB,,
COK,Cook Islands,2020,58,58,,,,,,,,,,,,,1,ADB,,
COK,Cook Islands,2019,37.3,37.3,,,,,,,,,,,,,1,ADB,,
COK,Cook Islands,2013,28,28,,,,,,,,,,,,,1,ADB,,
COK,Cook Islands,2021,63.2,63.2,,,,,,,,,,,,,1,ADB,,
COK,Cook Islands,2017,30.1,30.1,,,,,,,,,,,,,1,ADB,,
COL,Colombia,1992,18.408,,,,,,,12.2,,18.408,,,,,1,IMF_WEO,,
COL,Colombia,1952,7.953585,,,,,,,5.5999999,,,,,,,1.420283,IMF_FPP,,
COL,Colombia,1914,7.953585,,,,,,,5.5999999,,,,,,,1.420283,IMF_FPP,,
COL,Colombia,1980,13.63472,,,,,,,9.6000004,,,,,,,1.420283,IMF_FPP,,
COL,Colombia,1960,9.515896,,,,,,,6.6999998,,,,,,,1.420283,IMF_FPP,,
COL,Colombia,1955,14.20283,,,,,,,10,,,,,,,1.420283,IMF_FPP,,
COL,Colombia,1930,6.959387,,,,,,,4.9000001,,,,,,,1.420283,IMF_FPP,,
COL,Colombia,1907,14.91297,,,,,,,10.5,,,,,,,1.420283,IMF_FPP,,
COL,Colombia,1954,9.515896,,,,,,,6.6999998,,,,,,,1.420283,IMF_FPP,,
COL,Colombia,1951,7.385471,,,,,,,5.1999998,,,,,,,1.420283,IMF_FPP,,
COL,Colombia,1949,7.101415,,,,,,,5,,,,,,,1.420283,IMF_FPP,,
COL,Colombia,2006,28.441,,,,,,,28.441089,,28.441,,,,,1,IMF_WEO,,
COL,Colombia,2021,34.302,,,,,,,34.301697,35.104541,34.302,,,,,1,IMF_WEO,,
COL,Colombia,1997,26.176,,,,,,,16.299999,,26.176,,,,,1,IMF_WEO,,
COL,Colombia,2019,32.879,,,,,,,32.878862,31.604331,32.879,,,,,1,IMF_WEO,,
COL,Colombia,2005,25.889,,,,,,,25.889331,,25.889,,,,,1,IMF_WEO,,
COL,Colombia,2015,31.277,,,,,,,31.277351,27.840451,31.277,,,,,1,IMF_WEO,,
COL,Colombia,2022,33.934,,,,,,,33.933667,33.907628,33.934,,,,,1,IMF_WEO,,
COL,Colombia,1906,9.373867,,,,,,,6.5999999,,,,,,,1.420283,IMF_FPP,,
COL,Colombia,1994,20.572,,,,,,,12.8,,20.572,,,,,1,IMF_WEO,,
COL,Colombia,1959,8.521698,,,,,,,6,,,,,,,1.420283,IMF_FPP,,
COL,Colombia,1942,8.521698,,,,,,,6,,,,,,,1.420283,IMF_FPP,,
COL,Colombia,2009,30.914,,,,29.86276,,,30.914217,28.575973,30.914,,,,,1,IMF_WEO,,
COL,Colombia,1918,7.243443,,,,,,,5.0999999,,,,,,,1.420283,IMF_FPP,,
COL,Colombia,1944,6.391273,,,,,,,4.5,,,,,,,1.420283,IMF_FPP,,
COL,Colombia,1935,5.82316,,,,,,,4.0999999,,,,,,,1.420283,IMF_FPP,,
COL,Colombia,2000,26.579,,,,,,,26.579008,19.449098,26.579,,,,,1,IMF_WEO,,
COL,Colombia,1921,6.67533,,,,,,,4.6999998,,,,,,,1.420283,IMF_FPP,,
COL,Colombia,1996,25.069,,,,,,,15.7,,25.069,,,,,1,IMF_WEO,,
COL,Colombia,1928,8.805754,,,,,,,6.1999998,,,,,,,1.420283,IMF_FPP,,
COL,Colombia,1989,17.711,,,,,,,10.3,,17.711,,,,,1,IMF_WEO,,
COL,Colombia,1983,15.067,,,,,,,10.2,,15.067,,,,,1,IMF_WEO,,
COL,Colombia,1905,7.669528,,,,,,,5.4000001,,,,,,,1.420283,IMF_FPP,,
COL,Colombia,1911,7.5275,,,,,,,5.3000002,,,,,,,1.420283,IMF_FPP,,
COL,Colombia,2004,26.631,,,,,,,26.631437,,26.631,,,,,1,IMF_WEO,,
COL,Colombia,1975,13.35066,,,,,,,9.3999996,,,,,,,1.420283,IMF_FPP,,
COL,Colombia,2013,29.998,,,,,,,29.998404,32.082612,29.998,,,,,1,IMF_WEO,,
COL,Colombia,1924,6.249245,,,,,,,4.4000001,,,,,,,1.420283,IMF_FPP,,
COL,Colombia,2014,31.261,,,,,,,31.261245,29.640194,31.261,,,,,1,IMF_WEO,,
COL,Colombia,1908,13.0666,,,,,,,9.1999998,,,,,,,1.420283,IMF_FPP,,
COL,Colombia,1979,12.21443,,,,,,,8.6000004,,,,,,,1.420283,IMF_FPP,,
COL,Colombia,1995,22.196,,,,,,,13.6,,22.196,,,,,1,IMF_WEO,,
COL,Colombia,1956,10.93618,,,,,,,7.6999998,,,,,,,1.420283,IMF_FPP,,
COL,Colombia,2017,29.321,,,,,,,29.320523,27.363208,29.321,,,,,1,IMF_WEO,,
COL,Colombia,1971,14.62891,,,,,,,10.3,,,,,,,1.420283,IMF_FPP,,
COL,Colombia,1910,8.379669,,,,,,,5.9000001,,,,,,,1.420283,IMF_FPP,,
COL,Colombia,1950,7.953585,,,,,,,5.5999999,,,,,,,1.420283,IMF_FPP,,
COL,Colombia,2002,28.074,,,,,,,28.073943,,28.074,,,,,1,IMF_WEO,,
COL,Colombia,1946,7.385471,,,,,,,5.1999998,,,,,,,1.420283,IMF_FPP,,
COL,Colombia,1969,13.0666,,,,,,,9.1999998,,,,,,,1.420283,IMF_FPP,,
COL,Colombia,2028,31.29426,,,,,,,,,,31.618999,,,,.9897295,IMF_WEO_forecast,,
COL,Colombia,1987,14.72,,,,,,,9.6999998,,14.72,,,,,1,IMF_WEO,,
COL,Colombia,1973,13.35066,,,,,,,9.3999996,,,,,,,1.420283,IMF_FPP,,
COL,Colombia,1972,14.62891,,,,,,,10.3,,,,,,,1.420283,IMF_FPP,,
COL,Colombia,1912,7.101415,,,,,,,5,,,,,,,1.420283,IMF_FPP,,
COL,Colombia,1985,14.696,,,,,,,10.5,,14.696,,,,,1,IMF_WEO,,
COL,Colombia,1974,12.49849,,,,,,,8.8000002,,,,,,,1.420283,IMF_FPP,,
COL,Colombia,1961,12.21443,,,,,,,8.6000004,,,,,,,1.420283,IMF_FPP,,
COL,Colombia,1929,8.379669,,,,,,,5.9000001,,,,,,,1.420283,IMF_FPP,,
COL,Colombia,1943,7.385471,,,,,,,5.1999998,,,,,,,1.420283,IMF_FPP,,
COL,Colombia,1986,14.171,,,,,,,9.8000002,,14.171,,,,,1,IMF_WEO,,
COL,Colombia,2025,31.98014,,,,,,,,,,32.312,,,,.9897295,IMF_WEO_forecast,,
COL,Colombia,1967,11.64632,,,,,,,8.1999998,,,,,,,1.420283,IMF_FPP,,
COL,Colombia,1984,15.312,,,,,,,10.3,,15.312,,,,,1,IMF_WEO,,
COL,Colombia,1991,17.691,,,,,,,10.4,,17.691,,,,,1,IMF_WEO,,
COL,Colombia,1940,8.663726,,,,,,,6.0999999,,,,,,,1.420283,IMF_FPP,,
COL,Colombia,1962,11.07821,,,,,,,7.8000002,,,,,,,1.420283,IMF_FPP,,
COL,Colombia,2003,28.014,,,,,,,28.014212,28.503125,28.014,,,,,1,IMF_WEO,,
COL,Colombia,1915,5.82316,,,,,,,4.0999999,,,,,,,1.420283,IMF_FPP,,
COL,Colombia,2010,30.35,,,,29.71863,,,30.350282,29.035213,30.35,,,,,1,IMF_WEO,,
COL,Colombia,1941,7.385471,,,,,,,5.1999998,,,,,,,1.420283,IMF_FPP,,
COL,Colombia,1948,7.811556,,,,,,,5.5,,,,,,,1.420283,IMF_FPP,,
COL,Colombia,1913,7.953585,,,,,,,5.5999999,,,,,,,1.420283,IMF_FPP,,
COL,Colombia,1970,14.20283,,,,,,,10,,,,,,,1.420283,IMF_FPP,,
COL,Colombia,1976,11.36226,,,,,,,8,,,,,,,1.420283,IMF_FPP,,
COL,Colombia,1990,17.448,,,,,,,9.3999996,,17.448,,,,,1,IMF_WEO,,
COL,Colombia,1965,9.94198,,,,,,,7,,,,,,,1.420283,IMF_FPP,,
COL,Colombia,1945,6.391273,,,,,,,4.5,,,,,,,1.420283,IMF_FPP,,
COL,Colombia,1939,6.533301,,,,,,,4.5999999,,,,,,,1.420283,IMF_FPP,,
COL,Colombia,1925,6.533301,,,,,,,4.5999999,,,,,,,1.420283,IMF_FPP,,
COL,Colombia,1916,8.947783,,,,,,,6.3000002,,,,,,,1.420283,IMF_FPP,,
COL,Colombia,1968,12.64052,,,,,,,8.8999996,,,,,,,1.420283,IMF_FPP,,
COL,Colombia,1937,7.243443,,,,,,,5.0999999,,,,,,,1.420283,IMF_FPP,,
COL,Colombia,1947,8.237641,,,,,,,5.8000002,,,,,,,1.420283,IMF_FPP,,
COL,Colombia,2029,31.37146,,,,,,,,,,31.697001,,,,.9897295,IMF_WEO_forecast,,
COL,Colombia,1981,14.0608,,,,,,,9.8999996,,,,,,,1.420283,IMF_FPP,1,3
COL,Colombia,1988,14.551,,,,,,,10.3,,14.551,,,,,1,IMF_WEO,,
COL,Colombia,1931,8.521698,,,,,,,6,,,,,,,1.420283,IMF_FPP,,
COL,Colombia,1917,6.391273,,,,,,,4.5,,,,,,,1.420283,IMF_FPP,,
COL,Colombia,2016,29.994,,,,,,,29.993623,29.090316,29.994,,,,,1,IMF_WEO,,
COL,Colombia,2024,32.83923,,,,,,,,,,33.18,,,,.9897295,IMF_WEO_forecast,1,3
COL,Colombia,1936,6.533301,,,,,,,4.5999999,,,,,,,1.420283,IMF_FPP,,
COL,Colombia,2007,28.162,,,,,,,28.162299,,28.162,,,,,1,IMF_WEO,,
COL,Colombia,1933,9.089811,,,,,,,6.4000001,,,,,,,1.420283,IMF_FPP,,
COL,Colombia,1957,8.379669,,,,,,,5.9000001,,,,,,,1.420283,IMF_FPP,,
COL,Colombia,1922,6.67533,,,,,,,4.6999998,,,,,,,1.420283,IMF_FPP,,
COL,Colombia,1926,7.669528,,,,,,,5.4000001,,,,,,,1.420283,IMF_FPP,,
COL,Colombia,1919,5.681132,,,,,,,4,,,,,,,1.420283,IMF_FPP,,
COL,Colombia,1938,6.959387,,,,,,,4.9000001,,,,,,,1.420283,IMF_FPP,,
COL,Colombia,1958,8.663726,,,,,,,6.0999999,,,,,,,1.420283,IMF_FPP,,
COL,Colombia,1977,10.93618,,,,,,,7.6999998,,,,,,,1.420283,IMF_FPP,,
COL,Colombia,2008,28.429,,,,,,,28.428793,27.673567,28.429,,,,,1,IMF_WEO,,
COL,Colombia,1998,26.341,,,,,,,17,18.599994,26.341,,,,,1,IMF_WEO,,
COL,Colombia,2018,34.658,,,,,,,34.657894,30.391119,34.658,,,,,1,IMF_WEO,,
COL,Colombia,1932,8.663726,,,,,,,6.0999999,,,,,,,1.420283,IMF_FPP,,
COL,Colombia,1982,15.055,,,,,,,10.6,,15.055,,,,,1,IMF_WEO,,
COL,Colombia,2027,31.4734,,,,,,,,,,31.799999,,,,.9897295,IMF_WEO_forecast,,
COL,Colombia,2012,29.093,,,,,,,29.092597,27.472929,29.093,,,,,1,IMF_WEO,,
COL,Colombia,1978,11.50429,,,,,,,8.1000004,,,,,,,1.420283,IMF_FPP,,
COL,Colombia,1963,12.21443,,,,,,,8.6000004,,,,,,,1.420283,IMF_FPP,,
COL,Colombia,1993,20.003,,,,,,,12,,20.003,,,,,1,IMF_WEO,,
COL,Colombia,1999,28.259,,,,,,,19.299999,21.030204,28.259,,,,,1,IMF_WEO,,
COL,Colombia,1923,7.385471,,,,,,,5.1999998,,,,,,,1.420283,IMF_FPP,,
COL,Colombia,1964,11.50429,,,,,,,8.1000004,,,,,,,1.420283,IMF_FPP,,
COL,Colombia,1953,9.089811,,,,,,,6.4000001,,,,,,,1.420283,IMF_FPP,,
COL,Colombia,2001,27.507,,,,,,,27.506675,,27.507,,,,,1,IMF_WEO,,
COL,Colombia,2023,34.68012,,,,,,,35.040038,34.653171,,35.040001,,,,1.000778,IMF_GFS,1,3
COL,Colombia,1909,12.0724,,,,,,,8.5,,,,,,,1.420283,IMF_FPP,,
COL,Colombia,1934,6.817358,,,,,,,4.8000002,,,,,,,1.420283,IMF_FPP,,
COL,Colombia,2026,31.6664,,,,,,,,,,31.995001,,,,.9897295,IMF_WEO_forecast,,
COL,Colombia,2011,30.233,,,,29.76606,,,30.233366,27.934199,30.233,,,,,1,IMF_WEO,,
COL,Colombia,2020,33.542,,,,,,,33.541809,34.978519,33.542,,,,,1,IMF_WEO,,
COL,Colombia,1927,9.089811,,,,,,,6.4000001,,,,,,,1.420283,IMF_FPP,,
COL,Colombia,1920,6.249245,,,,,,,4.4000001,,,,,,,1.420283,IMF_FPP,,
COL,Colombia,1966,11.36226,,,,,,,8,,,,,,,1.420283,IMF_FPP,,
COM,Comoros,1994,21.78,,,,,,,21.78014,,21.78,,,,,1,IMF_WEO,,
COM,Comoros,1987,22.421,,,,,,,22.420971,,22.421,,,,,1,IMF_WEO,,
COM,Comoros,2006,12.455,,,,,,,12.454657,,12.455,,,,,1,IMF_WEO,,
COM,Comoros,2008,15.129,,,,,,,15.128949,,15.129,,,,,1,IMF_WEO,,
COM,Comoros,2003,12.76,,,,,,,12.759886,,12.76,,,,,1,IMF_WEO,,
COM,Comoros,2017,17.74738,,,17.74738,,,,18.849483,,18.849,,,,,1,AMF,,
COM,Comoros,2023,17.80316,,,,,,,17.803155,,,17.802999,,,,1,IMF_FPP,,
COM,Comoros,2029,18.513,,,,,,,,,,18.513,,,,1,IMF_WEO_forecast,,
COM,Comoros,1993,16.272,,,,,,,16.2721,,16.272,,,,,1,IMF_WEO,,
COM,Comoros,2024,20.398,,,,,,,,,,20.398001,,,,1,IMF_WEO_forecast,1,4
COM,Comoros,2004,11.713,,,,,,,11.713494,,11.713,,,,,1,IMF_WEO,,
COM,Comoros,2014,14.51447,,,14.51447,,,,14.527812,,14.528,,,,,1,AMF,,
COM,Comoros,2019,20.46926,,,20.46926,,,,20.139326,,20.139,,,,,1,AMF,,
COM,Comoros,2016,18.1392,,,18.1392,,,,18.905929,,18.906,,,,,1,AMF,,
COM,Comoros,1998,13.065,,,,,,,13.065084,,13.065,,,,,1,IMF_WEO,,
COM,Comoros,1988,20.199,,,,,,,20.198883,,20.199,,,,,1,IMF_WEO,,
COM,Comoros,2001,12.988,,,,,,,12.987845,,12.988,,,,,1,IMF_WEO,,
COM,Comoros,2005,11.731,,,,,,,11.730869,,11.731,,,,,1,IMF_WEO,,
COM,Comoros,2002,14.257,,,,,,,14.256623,,14.257,,,,,1,IMF_WEO,,
COM,Comoros,1992,20.353,,,,,,,20.353238,,20.353,,,,,1,IMF_WEO,,
COM,Comoros,2007,13.064,,,,,,,13.063775,,13.064,,,,,1,IMF_WEO,,
COM,Comoros,2026,18.348,,,,,,,,,,18.348,,,,1,IMF_WEO_forecast,,
COM,Comoros,2012,14.86,,,,,,,14.859932,,14.86,,,,,1,IMF_WEO,1,4
COM,Comoros,2022,18.27817,,,,,,,18.278172,,,18.278,,,,1,IMF_FPP,1,4
COM,Comoros,1990,20.254,,,,,,,20.254398,,20.254,,,,,1,IMF_WEO,,
COM,Comoros,1995,18.377,,,,,,,18.377499,,18.377,,,,,1,IMF_WEO,,
COM,Comoros,2018,18.16312,,,18.16312,,,,19.16754,,19.168,,,,,1,AMF,,
COM,Comoros,2028,18.214,,,,,,,,,,18.214001,,,,1,IMF_WEO_forecast,,
COM,Comoros,1997,14.529,,,,,,,14.529235,,14.529,,,,,1,IMF_WEO,,
COM,Comoros,2021,19.952,,,,,,,19.951548,,19.952,,,,,1,IMF_WEO,1,4
COM,Comoros,2027,18.047,,,,,,,,,,18.047001,,,,1,IMF_WEO_forecast,,
COM,Comoros,2013,14.81824,,,14.81824,,,,14.82664,,14.827,,,,,1,AMF,,
COM,Comoros,2000,9.74,,,,,,,9.7403957,,9.74,,,,,1,IMF_WEO,,
COM,Comoros,2009,13.662,,,,,,,13.661999,,13.662,,,,,1,IMF_WEO,,
COM,Comoros,1991,19.934,,,,,,,19.933686,,19.934,,,,,1,IMF_WEO,,
COM,Comoros,2025,18.316,,,,,,,,,,18.316,,,,1,IMF_WEO_forecast,,
COM,Comoros,2015,15.33909,,,15.33909,,,,19.058948,,19.059,,,,,1,AMF,,
COM,Comoros,2010,13.267,,,,,,,13.267162,,13.267,,,,,1,IMF_WEO,,
COM,Comoros,1986,25.572,,,,,,,25.571804,,25.572,,,,,1,IMF_WEO,,
COM,Comoros,1985,24.765,,,,,,,24.765471,,24.765,,,,,1,IMF_WEO,,
COM,Comoros,1996,15.509,,,,,,,15.508791,,15.509,,,,,1,IMF_WEO,,
COM,Comoros,1989,19.666,,,,,,,19.666265,,19.666,,,,,1,IMF_WEO,,
COM,Comoros,2020,20.98065,,,20.98065,,,,18.767063,,18.767,,,,,1,AMF,,
COM,Comoros,1999,11.452,,,,,,,11.452199,,11.452,,,,,1,IMF_WEO,,
COM,Comoros,2011,13.217,,,,,,,13.217161,,13.217,,,,,1,IMF_WEO,,
COM,Comoros,1984,23.302,,,,,,,23.301693,,23.302,,,,,1,IMF_WEO,,
CPV,Cape Verde,2014,27.769,,,,,,,27.768934,27.351025,27.769,,,,,1,IMF_WEO,,
CPV,Cape Verde,2018,27.539,,,,,,,27.538935,,27.539,,,,,1,IMF_WEO,,
CPV,Cape Verde,2022,25.94452,,,,,,,25.94452,,,25.945,,,,1,IMF_FPP,1,2
CPV,Cape Verde,2016,26.648,,,,,,,26.647612,28.877805,26.648,,,,,1,IMF_WEO,,
CPV,Cape Verde,2023,24.84002,,,,,,,24.840018,,,24.84,,,,1,IMF_FPP,,
CPV,Cape Verde,2007,27.06,,,,,,,27.060416,,27.06,,,,,1,IMF_WEO,,
CPV,Cape Verde,1998,29.846,,,,,,,29.846311,,29.846,,,,,1,IMF_WEO,,
CPV,Cape Verde,2002,28.531,,,,,,,28.530538,,28.531,,,,,1,IMF_WEO,,
CPV,Cape Verde,2020,34.519,,,,,,,34.519103,,34.519,,,,,1,IMF_WEO,,
CPV,Cape Verde,1999,34.959,,,,,,,34.958577,,34.959,,,,,1,IMF_WEO,,
CPV,Cape Verde,2021,30.793,,,,,,,30.793301,,30.793,,,,,1,IMF_WEO,,
CPV,Cape Verde,2003,23.408,,,,,,,23.408103,,23.408,,,,,1,IMF_WEO,,
CPV,Cape Verde,2012,31.581,,,,,,,31.580967,25.984211,31.581,,,,,1,IMF_WEO,,
CPV,Cape Verde,2011,30.342,,,,,,,30.342126,26.912772,30.342,,,,,1,IMF_WEO,,
CPV,Cape Verde,2029,25.203,,,,,,,,,,25.202999,,,,1,IMF_WEO_forecast,,
CPV,Cape Verde,2017,27.984,,,,,,,27.983588,,27.984,,,,,1,IMF_WEO,,
CPV,Cape Verde,2001,24.156,,,,,,,24.155704,,24.156,,,,,1,IMF_WEO,,
CPV,Cape Verde,2027,25.68,,,,,,,,,,25.68,,,,1,IMF_WEO_forecast,,
CPV,Cape Verde,2004,26.273,,,,,,,26.273152,,26.273,,,,,1,IMF_WEO,,
CPV,Cape Verde,2006,28.4,,,,,,,28.400434,,28.4,,,,,1,IMF_WEO,,
CPV,Cape Verde,2009,30.629,,,,,,,30.62889,25.638948,30.629,,,,,1,IMF_WEO,,
CPV,Cape Verde,2025,27.63,,,,,,,,,,27.629999,,,,1,IMF_WEO_forecast,,
CPV,Cape Verde,2019,27.499,,,,,,,27.49911,,27.499,,,,,1,IMF_WEO,,
CPV,Cape Verde,1996,38.924,,,,,,,38.923661,,38.924,,,,,1,IMF_WEO,,
CPV,Cape Verde,1995,44.509,,,,,,,44.508787,,44.509,,,,,1,IMF_WEO,,
CPV,Cape Verde,2028,25.294,,,,,,,,,,25.294001,,,,1,IMF_WEO_forecast,,
CPV,Cape Verde,2015,28.697,,,,,,,28.696939,29.669245,28.697,,,,,1,IMF_WEO,,
CPV,Cape Verde,1997,34.793,,,,,,,34.792981,,34.793,,,,,1,IMF_WEO,,
CPV,Cape Verde,2024,29.785,,,,,,,,,,29.785,,,,1,IMF_WEO_forecast,1,2
CPV,Cape Verde,2008,27.601,,,,,,,27.60061,22.521697,27.601,,,,,1,IMF_WEO,,
CPV,Cape Verde,2026,25.696,,,,,,,,,,25.695999,,,,1,IMF_WEO_forecast,,
CPV,Cape Verde,2013,30.867,,,,,,,30.866843,25.695854,30.867,,,,,1,IMF_WEO,,
CPV,Cape Verde,1994,48.056,,,,,,,48.055542,,48.056,,,,,1,IMF_WEO,,
CPV,Cape Verde,2010,35.708,,,,,,,35.707845,26.49628,35.708,,,,,1,IMF_WEO,,
CPV,Cape Verde,2005,26.225,,,,,,,26.225235,,26.225,,,,,1,IMF_WEO,,
CPV,Cape Verde,2000,36.689,,,,,,,36.689269,,36.689,,,,,1,IMF_WEO,,
CRI,Costa Rica,1989,26.0851,,,,,,,26.0851,,,,,,,1,IMF_FPP,1,2
CRI,Costa Rica,1973,18.3518,,,,,,,18.351801,,,,,,,1,IMF_FPP,,
CRI,Costa Rica,1997,16.256,,,,,,,14.9227,,16.256,,,,,1,IMF_WEO,,
CRI,Costa Rica,1974,18.2736,,,,,,,18.2736,,,,,,,1,IMF_FPP,,
CRI,Costa Rica,2004,17.006,,,,25.13788,,,17.006226,23.129683,17.006,,,,,1,IMF_WEO,,
CRI,Costa Rica,1985,21.7763,,,,,,,21.7763,,,,,,,1,IMF_FPP,,
CRI,Costa Rica,1966,14.2817,,,,,,,14.2817,,,,,,,1,IMF_FPP,,
CRI,Costa Rica,2018,18.895,,,,,,,18.895181,27.959702,18.895,,,,,1,IMF_WEO,,
CRI,Costa Rica,1978,23.1832,,,,,,,23.183201,,,,,,,1,IMF_FPP,,
CRI,Costa Rica,2008,15.18,,,,24.8558,,,15.179906,22.219132,15.18,,,,,1,IMF_WEO,,
CRI,Costa Rica,1967,14.7303,,,,,,,14.7303,,,,,,,1,IMF_FPP,,
CRI,Costa Rica,1965,13.7669,,,,,,,13.7669,,,,,,,1,IMF_FPP,,
CRI,Costa Rica,2020,22.292,,,,31.31503,,,22.29201,31.699687,22.292,,,,,1,IMF_WEO,,
CRI,Costa Rica,1959,12.053,,,,,,,12.053,,,,,,,1,IMF_FPP,,
CRI,Costa Rica,2028,17.049,,,,,,,,,,17.049,,,,1,IMF_WEO_forecast,,
CRI,Costa Rica,1961,13.1922,,,,,,,13.1922,,,,,,,1,IMF_FPP,,
CRI,Costa Rica,1977,19.3117,,,,,,,19.311701,,,,,,,1,IMF_FPP,,
CRI,Costa Rica,2013,18.519,,,,30.23925,,,18.519442,27.316743,18.519,,,,,1,IMF_WEO,,
CRI,Costa Rica,2014,18.4,,,,30.09302,,,18.400082,26.832196,18.4,,,,,1,IMF_WEO,,
CRI,Costa Rica,2017,19.157,,,,,,,19.156754,26.160694,19.157,,,,,1,IMF_WEO,,
CRI,Costa Rica,2012,17.343,,,,29.38739,,,17.343179,26.644361,17.343,,,,,1,IMF_WEO,,
CRI,Costa Rica,1988,24.5035,,,,,,,24.5035,,,,,,,1,IMF_FPP,,
CRI,Costa Rica,1963,13.3431,,,,,,,13.3431,,,,,,,1,IMF_FPP,,
CRI,Costa Rica,1984,22.8204,,,,,,,22.8204,,,,,,,1,IMF_FPP,,
CRI,Costa Rica,2024,18.613,,,,,,,,,,18.613001,,,,1,IMF_WEO_forecast,,
CRI,Costa Rica,1960,12.4921,,,,,,,12.4921,,,,,,,1,IMF_FPP,,
CRI,Costa Rica,1987,27.2022,,,,,,,27.2022,,,,,,,1,IMF_FPP,,
CRI,Costa Rica,1971,17.4722,,,,,,,17.4722,,,,,,,1,IMF_FPP,,
CRI,Costa Rica,1956,12.6658,,,,,,,12.6658,,,,,,,1,IMF_FPP,,
CRI,Costa Rica,1993,13.817,,,,,,,20.484501,,13.817,,,,,1,IMF_WEO,,
CRI,Costa Rica,2023,18.437,,,,,,,18.437259,28.602854,,18.437,,,,1,IMF_WEO_forecast,1,2
CRI,Costa Rica,2002,18.551,,,,26.87543,,,18.550665,25.205606,18.551,,,,,1,IMF_WEO,,
CRI,Costa Rica,1996,17.287,,,,,,,16.174999,,17.287,,,,,1,IMF_WEO,,
CRI,Costa Rica,2022,19.188,,,,,,,19.188115,28.458517,19.188,,,,,1,IMF_WEO,,
CRI,Costa Rica,1968,13.8443,,,,,,,13.8443,,,,,,,1,IMF_FPP,,
CRI,Costa Rica,2009,16.659,,,,27.59982,,,16.658996,25.377963,16.659,,,,,1,IMF_WEO,,
CRI,Costa Rica,2015,18.759,,,,29.68805,,,18.759066,28.640237,18.759,,,,,1,IMF_WEO,,
CRI,Costa Rica,2021,20.773,,,,,,,20.773069,30.316864,20.773,,,,,1,IMF_WEO,,
CRI,Costa Rica,2011,17.18,,,,27.91343,,,17.17984,26.093398,17.18,,,,,1,IMF_WEO,,
CRI,Costa Rica,2010,18.042,,,,28.19977,,,18.042295,26.336604,18.042,,,,,1,IMF_WEO,,
CRI,Costa Rica,1980,25.0451,,,,,,,25.045099,,,,,,,1,IMF_FPP,,
CRI,Costa Rica,1975,19.1434,,,,,,,19.1434,,,,,,,1,IMF_FPP,,
CRI,Costa Rica,2006,15.15,,,,23.44819,,,15.150322,21.624049,15.15,,,,,1,IMF_WEO,,
CRI,Costa Rica,1981,20.997,,,,,,,20.997,,,,,,,1,IMF_FPP,,
CRI,Costa Rica,2026,17.687,,,,,,,,,,17.687,,,,1,IMF_WEO_forecast,,
CRI,Costa Rica,2016,18.756,,,,30.08899,,,18.755841,27.529864,18.756,,,,,1,IMF_WEO,,
CRI,Costa Rica,1969,14.5481,,,,,,,14.5481,,,,,,,1,IMF_FPP,,
CRI,Costa Rica,2029,16.811,,,,,,,,,,16.811001,,,,1,IMF_WEO_forecast,,
CRI,Costa Rica,2003,17.567,,,,26.28905,,,17.567166,24.131661,17.567,,,,,1,IMF_WEO,,
CRI,Costa Rica,1983,23.5781,,,,,,,23.5781,,,,,,,1,IMF_FPP,,
CRI,Costa Rica,1957,11.984,,,,,,,11.984,,,,,,,1,IMF_FPP,,
CRI,Costa Rica,2005,15.889,,,,24.47717,,,15.888618,23.251906,15.889,,,,,1,IMF_WEO,,
CRI,Costa Rica,2019,21.686,,,,29.15766,,,21.686442,28.956291,21.686,,,,,1,IMF_WEO,,
CRI,Costa Rica,1994,17.422,,,,,,,16.6863,,17.422,,,,,1,IMF_WEO,,
CRI,Costa Rica,1964,13.5255,,,,,,,13.5255,,,,,,,1,IMF_FPP,,
CRI,Costa Rica,1986,26.4011,,,,,,,26.4011,,,,,,,1,IMF_FPP,,
CRI,Costa Rica,1976,20.0621,,,,,,,20.062099,,,,,,,1,IMF_FPP,,
CRI,Costa Rica,2025,18.082,,,,,,,,,,18.082001,,,,1,IMF_WEO_forecast,,
CRI,Costa Rica,2007,14.595,,,,23.38087,,,14.595432,21.016809,14.595,,,,,1,IMF_WEO,,
CRI,Costa Rica,1982,18.3989,,,,,,,18.398899,,,,,,,1,IMF_FPP,,
CRI,Costa Rica,1958,11.9088,,,,,,,11.9088,,,,,,,1,IMF_FPP,,
CRI,Costa Rica,1992,13.745,,,,,,,18.764999,,13.745,,,,,1,IMF_WEO,,
CRI,Costa Rica,2027,17.287,,,,,,,,,,17.287001,,,,1,IMF_WEO_forecast,,
CRI,Costa Rica,1995,16.402,,,,,,,16.065901,,16.402,,,,,1,IMF_WEO,,
CRI,Costa Rica,1991,14.005,,,,,,,19.511499,,14.005,,,,,1,IMF_WEO,,
CRI,Costa Rica,1970,14.9425,,,,,,,14.9425,,,,,,,1,IMF_FPP,,
CRI,Costa Rica,1990,18.873,,,,,,,25.6096,,18.873,,,,,1,IMF_WEO,,
CRI,Costa Rica,2001,17.28,,,,25.71137,,,17.280035,,17.28,,,,,1,IMF_WEO,,
CRI,Costa Rica,1972,17.2106,,,,,,,17.2106,,,,,,,1,IMF_FPP,,
CRI,Costa Rica,1962,13.9504,,,,,,,13.9504,,,,,,,1,IMF_FPP,,
CRI,Costa Rica,1979,24.8697,,,,,,,24.869699,,,,,,,1,IMF_FPP,,
CRI,Costa Rica,1999,16.712,,,,,,,14.3237,,16.712,,,,,1,IMF_WEO,,
CRI,Costa Rica,1998,16.027,,,,,,,14.7207,,16.027,,,,,1,IMF_WEO,,
CRI,Costa Rica,2000,16.87,,,,24.21892,,,16.87007,,16.87,,,,,1,IMF_WEO,,
CUB,Cuba,2017,67.01294,,,,67.01294,,,,,,,,,,1,ECLAC,,
CUB,Cuba,2018,67.07162,,,,67.07162,,,,,,,,,,1,ECLAC,,
CUB,Cuba,2006,63.44392,,,,63.44392,,,,,,,,,,1,ECLAC,,
CUB,Cuba,2015,63.43934,,,,63.43934,,,,,,,,,,1,ECLAC,,
CUB,Cuba,2012,70.14588,,,,70.14588,,,,,,,,,,1,ECLAC,,
CUB,Cuba,2010,69.97482,,,,69.97482,,,,,,,,,,1,ECLAC,,
CUB,Cuba,2013,64.62527,,,,64.62527,,,,,,,,,,1,ECLAC,,
CUB,Cuba,2014,60.79325,,,,60.79325,,,,,,,,,,1,ECLAC,,
CUB,Cuba,2011,66.69735,,,,66.69735,,,,,,,,,,1,ECLAC,,
CUB,Cuba,2009,75.55992,,,,75.55992,,,,,,,,,,1,ECLAC,,
CUB,Cuba,2003,51.95213,,,,51.95213,,,,,,,,,,1,ECLAC,,
CUB,Cuba,2016,63.27306,,,,63.27306,,,,,,,,,,1,ECLAC,,
CUB,Cuba,2004,53.10922,,,,53.10922,,,,,,,,,,1,ECLAC,,
CUB,Cuba,2007,68.24222,,,,68.24222,,,,,,,,,,1,ECLAC,,
CUB,Cuba,2005,64.01957,,,,64.01957,,,,,,,,,,1,ECLAC,,
CUB,Cuba,2008,78.10556,,,,78.10556,,,,,,,,,,1,ECLAC,,
CYP,Cyprus,2012,54.6,,54.55962,,,54.6,,41.893687,53.455448,41.894,,,,,1,EUS,,
CYP,Cyprus,2022,37.7,,37.7492,,,37.7,,38.813348,39.629482,38.813,,,,,1,EUS,,
CYP,Cyprus,1995,32.5,,32.47455,,,32.5,,30.415587,28.982978,30.416,,,,,1,EUS,,
CYP,Cyprus,2019,40.3,,40.25879,,,40.3,,38.127165,39.833547,38.127,,,,,1,EUS,,
CYP,Cyprus,2025,39.6364,,39.6364,,,,,,,,40.993,,,,1,AMECO,1,2
CYP,Cyprus,2003,42.9,,42.88965,,,42.9,,40.386292,39.895058,40.386,,,,,1,EUS,,
CYP,Cyprus,2011,44.9,,44.93687,,,44.9,,42.075022,42.65967,42.075,,,,,1,EUS,,
CYP,Cyprus,2000,36.4,,36.4248,,,36.4,,34.970269,34.153846,34.97,,,,,1,EUS,,
CYP,Cyprus,2001,37.1,,37.12132,,,37.1,,35.715474,34.755494,35.715,,,,,1,EUS,,
CYP,Cyprus,2028,41.513,,,,,,,,,,41.513,,,,1,IMF_WEO_forecast,1,2
CYP,Cyprus,2026,39.91125,,39.91125,,,,,,,,40.980999,,,,1,AMECO,,
CYP,Cyprus,1999,35.9,,35.90997,,,35.9,,34.320506,33.829317,34.321,,,,,1,EUS,,
CYP,Cyprus,2016,39.6,,39.6296,,,39.6,,37.286273,39.183326,37.286,,,,,1,EUS,,
CYP,Cyprus,2020,45.9,,45.93978,,,45.9,,44.225258,45.275664,44.225,,,,,1,EUS,,
CYP,Cyprus,1997,35.9,,35.88012,,,35.9,,34.215492,31.868775,34.215,,,,,1,EUS,,
CYP,Cyprus,2013,46.3,,46.32948,,,46.3,,42.09797,46.017527,42.098,,,,,1,EUS,,
CYP,Cyprus,2021,42.7,,42.7202,,,42.7,,41.901916,42.939725,41.902,,,,,1,EUS,,
CYP,Cyprus,2018,44.3,,44.25254,,,44.3,,42.611833,40.671828,42.612,,,,,1,EUS,,
CYP,Cyprus,2017,38.5,,38.51482,,,38.5,,36.410451,37.800249,36.41,,,,,1,EUS,,
CYP,Cyprus,2009,44.9,,44.9012,,,44.9,,41.888571,41.727397,41.889,,,,,1,EUS,,
CYP,Cyprus,2002,38.9,,38.93478,,,38.9,,37.421908,36.346721,37.422,,,,,1,EUS,,
CYP,Cyprus,2008,40.8,,40.80793,,,40.8,,38.218058,38.890876,38.218,,,,,1,EUS,,
CYP,Cyprus,2027,39.29492,,39.29492,,,,,,,,41.234001,,,,1,AMECO,,
CYP,Cyprus,2006,41,,41.0144,,,41,,39.12663,38.914132,39.127,,,,,1,EUS,,
CYP,Cyprus,2015,43.1,,43.09594,,,43.1,,39.463888,43.073451,39.464,,,,,1,EUS,,
CYP,Cyprus,2010,44.5,,44.4969,,,44.5,,41.696213,41.375058,41.696,,,,,1,EUS,,
CYP,Cyprus,2029,41.692,,,,,,,,,,41.692001,,,,1,IMF_WEO_forecast,,
CYP,Cyprus,2014,52.1,,52.14554,,,52.1,,40.315624,52.11751,40.316,,,,,1,EUS,,
CYP,Cyprus,2023,40.6,,40.64162,,,40.6,,40.242961,42.967806,,40.243,,,,1,EUS,,
CYP,Cyprus,2004,40.9,,40.88785,,,40.9,,38.637463,38.238372,38.637,,,,,1,EUS,,
CYP,Cyprus,2007,40.1,,40.10896,,,40.1,,37.563887,38.309682,37.564,,,,,1,EUS,,
CYP,Cyprus,2024,38.3,,38.2831,,,38.3,,,,,41.115002,,,,1,EUS,,
CYP,Cyprus,1996,34.4,,34.44452,,,34.4,,32.444389,30.253775,32.444,,,,,1,EUS,,
CYP,Cyprus,1998,35.9,,35.88387,,,35.9,,34.381554,34.075807,34.382,,,,,1,EUS,,
CYP,Cyprus,2005,41.5,,41.50568,,,41.5,,39.688847,39.17948,39.689,,,,,1,EUS,,
CZE,Czech Republic,2003,49,,48.95036,,,49,,48.950355,45.946434,48.95,,48.96247,,,1,EUS,,
CZE,Czech Republic,2015,41.7,,41.69701,,,41.7,,41.695829,40.214149,41.696,,41.679002,,,1,EUS,,
CZE,Czech Republic,2012,44.4,,44.36811,,,44.4,,44.355362,44.314569,44.355,,44.381375,,,1,EUS,,
CZE,Czech Republic,2010,43.2,,43.19637,,,43.2,,43.196373,42.536757,43.196,,43.236727,,,1,EUS,,
CZE,Czech Republic,2025,43.6501,,42.3642,,,,,,,,43.856998,43.650103,,,1,OECD_EO,1,3
CZE,Czech Republic,2001,43.1,,43.10184,,,43.1,,43.101837,43.712277,43.102,,43.084481,,,1,EUS,,
CZE,Czech Republic,2013,42.4,,42.38214,,,42.4,,42.382138,42.532701,42.382,,42.390801,,,1,EUS,,
CZE,Czech Republic,2028,41.458,,,,,,,,,,41.458,,,,1,IMF_WEO_forecast,1,3
CZE,Czech Republic,2018,40.1,,40.11538,,,40.1,,40.112656,39.084381,40.113,,40.07503,,,1,EUS,,
CZE,Czech Republic,1997,41.3,,41.33482,,,41.3,,41.359337,42.222674,41.359,,41.377881,,,1,EUS,,
CZE,Czech Republic,1998,41.6,,41.63095,,,41.6,,41.645196,41.990674,41.645,,41.671182,,,1,EUS,,
CZE,Czech Republic,2027,41.73042,,41.73042,,,,,,,,41.946999,,,,1,AMECO,1,3
CZE,Czech Republic,2029,40.963,,,,,,,,,,40.963001,,,,1,IMF_WEO_forecast,,
CZE,Czech Republic,2011,42.8,,42.83931,,,42.8,,42.839314,42.532479,42.839,,42.878587,,,1,EUS,,
CZE,Czech Republic,1996,41.4,,41.42667,,,41.4,,41.440739,41.146317,41.441,,41.460208,,,1,EUS,,
CZE,Czech Republic,2016,39.4,,39.37444,,,39.4,,39.37217,39.651127,39.372,,39.38996,,,1,EUS,,
CZE,Czech Republic,1995,52.8,,52.82625,,,52.8,,52.837009,52.749735,52.837,,52.86877,,,1,EUS,,
CZE,Czech Republic,2005,42.3,,42.33252,,,42.3,,42.332521,41.434998,42.333,,42.372349,,,1,EUS,,
CZE,Czech Republic,2017,38.5,,38.46738,,,38.5,,38.46379,38.36453,38.464,,38.422959,,,1,EUS,,
CZE,Czech Republic,2008,40.9,,40.9222,,,40.9,,40.9222,39.966079,40.922,,40.959278,,,1,EUS,,
CZE,Czech Republic,2009,44.5,,44.45636,,,44.5,,44.456514,43.072256,44.457,,44.439648,,,1,EUS,,
CZE,Czech Republic,2022,43,,42.98895,,,43,,42.925857,41.50169,42.926,,42.99752,,,1,EUS,,
CZE,Czech Republic,2007,40.5,,40.46931,,,40.5,,40.469306,40.113374,40.469,,40.454065,,,1,EUS,,
CZE,Czech Republic,2023,43.7,,43.68924,,,43.7,,43.740527,42.230031,,43.741001,43.851032,,,1,EUS,,
CZE,Czech Republic,2019,40.4,,40.37249,,,40.4,,40.375087,39.014945,40.375,,40.355021,,,1,EUS,,
CZE,Czech Republic,2026,42.4726,,42.15817,,,,,,,,42.873001,42.472605,,,1,OECD_EO,,
CZE,Czech Republic,2000,40.6,,40.59316,,,40.6,,40.618702,40.931866,40.619,,40.571246,,,1,EUS,,
CZE,Czech Republic,2004,42.2,,42.20658,,,42.2,,42.206578,41.775038,42.207,,42.27421,,,1,EUS,,
CZE,Czech Republic,2021,45,,45.02447,,,45,,45.039891,43.742108,45.04,,45.036561,,,1,EUS,,
CZE,Czech Republic,2006,41.5,,41.46789,,,41.5,,41.46789,40.501556,41.468,,41.447813,,,1,EUS,,
CZE,Czech Republic,2024,42.9,,42.86415,,,42.9,,,,,44.344002,43.823863,,,1,EUS,,
CZE,Czech Republic,2014,42.3,,42.30833,,,42.3,,42.308333,41.977016,42.308,,42.317815,,,1,EUS,,
CZE,Czech Republic,2002,44.4,,44.43554,,,44.4,,44.435537,44.797161,44.436,,44.446351,,,1,EUS,,
CZE,Czech Republic,1999,40.9,,40.88485,,,40.9,,40.909815,42.265407,40.91,,40.979434,,,1,EUS,,
CZE,Czech Republic,2020,46.3,,46.25267,,,46.3,,46.253173,44.631899,46.253,,46.239561,,,1,EUS,,
DEU,Germany,1994,48.33037,,48.05443,,,,,47.820702,47.047312,48.314,,48.330374,,,1,OECD_EO,,
DEU,Germany,1884,22.09545,,,,,,,12.6429,,,,,,,1.747656,IMF_FPP,,
DEU,Germany,1995,55.22171,,55.24035,,,55.2,,54.858002,54.502324,55.24,,55.221715,,,1,OECD_EO,,
DEU,Germany,1979,41.34415,,,,,,,47.445,40.143069,,,,,,1.02992,IMF_GFS,,
DEU,Germany,1915,,,,,,,,,,,,,,,1.747656,IMF_FPP,,
DEU,Germany,1905,28.72273,,,,,,,16.434999,,,,,,,1.747656,IMF_FPP,,
DEU,Germany,1896,29.34874,,,,,,,16.7932,,,,,,,1.747656,IMF_FPP,,
DEU,Germany,1888,26.55581,,,,,,,15.1951,,,,,,,1.747656,IMF_FPP,,
DEU,Germany,1975,42.14927,,,,,,34.340013,50.3214,40.924804,,,,,,1.02992,IMF_GFS,,
DEU,Germany,1901,32.94944,,,,,,,18.8535,,,,,,,1.747656,IMF_FPP,,
DEU,Germany,1929,24.95986,,,,,,23.673077,14.2819,,,,,,,1.747656,IMF_FPP,,
DEU,Germany,2010,48.21496,,48.12933,,,48.1,,47.874298,47.450938,48.115,,48.214959,,,1,OECD_EO,,
DEU,Germany,1895,28.52245,,,,,,,16.3204,,,,,,,1.747656,IMF_FPP,,
DEU,Germany,1890,28.51564,,,,,,,16.3165,,,,,,,1.747656,IMF_FPP,,
DEU,Germany,1917,,,,,,,,,,,,,,,1.747656,IMF_FPP,,
DEU,Germany,1957,24.01343,,,,,,30.312943,28.6308,,,,,,,.8387271,IMF_FPP,,
DEU,Germany,1910,34.0267,,,,,,12.344179,19.4699,,,,,,,1.747656,IMF_FPP,,
DEU,Germany,1949,,,,,,,,,,,,,,,.8387271,IMF_FPP,,
DEU,Germany,1876,,,,,,,,,,,,,,,1.747656,IMF_FPP,,
DEU,Germany,1882,21.69768,,,,,,,12.4153,,,,,,,1.747656,IMF_FPP,,
DEU,Germany,1908,32.19253,,,,,,,18.420401,,,,,,,1.747656,IMF_FPP,,
DEU,Germany,1894,29.80995,,,,,,,17.0571,,,,,,,1.747656,IMF_FPP,,
DEU,Germany,2007,43.48164,,43.53986,,,43.5,,43.5149,43.271629,43.54,,43.481643,,,1,OECD_EO,,
DEU,Germany,1924,,,,,,,,,,,,,,,1.747656,IMF_FPP,,
DEU,Germany,1925,21.3658,,,,,,20.573864,12.2254,,,,,,,1.747656,IMF_FPP,,
DEU,Germany,1956,24.77046,,,,,,29.811894,29.5334,,,,,,,.8387271,IMF_FPP,,
DEU,Germany,1900,31.20423,,,,,,10.837618,17.8549,,,,,,,1.747656,IMF_FPP,,
DEU,Germany,2021,50.83574,,50.66938,,,50.7,,50.70916,49.811694,50.709,,50.835736,,,1,OECD_EO,,
DEU,Germany,1977,41.75754,,,,,,,49.040901,40.544455,,,,,,1.02992,IMF_GFS,,
DEU,Germany,2012,45.0633,,45.10113,,,45.1,,45.083417,44.515566,45.083,,45.063302,,,1,OECD_EO,,
DEU,Germany,1966,23.7208,,,,,,30.045051,28.2819,,,,,,,.8387271,IMF_FPP,,
DEU,Germany,1972,35.05485,,,,,,30.420707,41.7953,,,,,,,.8387271,IMF_FPP,,
DEU,Germany,1941,,,,,,,,,,,,,,,.8387271,IMF_FPP,,
DEU,Germany,2027,49.21565,,51.49585,,,,,,,,47.986,,,,.9557208,AMECO,1,7
DEU,Germany,1944,,,,,,,,,,,,,,,.8387271,IMF_FPP,,
DEU,Germany,1971,34.32122,,,,,,29.830172,40.920601,,,,,,,.8387271,IMF_FPP,,
DEU,Germany,2024,48.70082,,49.42786,,,49.4,,,,,48.168999,48.700818,,,1,OECD_EO,,
DEU,Germany,1931,22.15766,,,,,,24.405797,12.6785,,,,,,,1.747656,IMF_FPP,,
DEU,Germany,2014,44.42826,,44.50814,,,44.5,,44.4977,44.047642,44.498,,44.428256,,,1,OECD_EO,,
DEU,Germany,1970,33.09752,,,,,,28.92523,39.461601,,,,,,,.8387271,IMF_FPP,,
DEU,Germany,1989,41.83072,,,,,,,44.2883,40.615503,,,,,,1.02992,IMF_GFS,,
DEU,Germany,2020,51.23344,,51.11351,,,51.1,,51.129806,50.009363,51.13,,51.233442,,,1,OECD_EO,,
DEU,Germany,1996,49.52628,,49.55677,,,49.6,,49.058102,48.943564,49.557,,49.526285,,,1,OECD_EO,,
DEU,Germany,1962,24.50794,,,,,,29.714587,29.2204,,,,,,,.8387271,IMF_FPP,,
DEU,Germany,1969,24.89636,,,,,,29.269286,29.6835,,,,,,,.8387271,IMF_FPP,,
DEU,Germany,1987,43.6311,,,,,,,45.981998,42.363588,,,,,,1.02992,IMF_GFS,,
DEU,Germany,1960,19.23948,,,,,,27.715654,22.9389,,,,,,,.8387271,IMF_FPP,,
DEU,Germany,1912,30.83425,,,,,,,17.6432,,,,,,,1.747656,IMF_FPP,,
DEU,Germany,1954,25.76368,,,,,,29.972966,30.7176,,,,,,,.8387271,IMF_FPP,,
DEU,Germany,1889,26.7,,,,,,,15.2776,,,,,,,1.747656,IMF_FPP,,
DEU,Germany,1952,25.49252,,,,,,30.33438,30.3943,,,,,,,.8387271,IMF_FPP,,
DEU,Germany,1914,,,,,,,,,,,,,,,1.747656,IMF_FPP,,
DEU,Germany,2025,49.12564,,50.6208,,,,,,,,48.297001,49.125644,,,1,OECD_EO,,
DEU,Germany,1919,,,,,,,,,,,,,,,1.747656,IMF_FPP,,
DEU,Germany,2013,45.0761,,45.16341,,,45.2,,45.150805,44.623406,45.151,,45.076099,,,1,OECD_EO,,
DEU,Germany,2016,44.79182,,44.73121,,,44.7,,44.718611,44.080961,44.719,,44.791823,,,1,OECD_EO,,
DEU,Germany,1899,29.3269,,,,,,,16.780701,,,,,,,1.747656,IMF_FPP,,
DEU,Germany,1878,,,,,,,,,,,,,,,1.747656,IMF_FPP,,
DEU,Germany,1875,,,,,,,,,,,,,,,1.747656,IMF_FPP,,
DEU,Germany,1992,47.39404,,47.1004,,,,,47.176701,45.710894,47.353,,47.394044,,,1,OECD_EO,,
DEU,Germany,1879,,,,,,,,,,,,,,,1.747656,IMF_FPP,,
DEU,Germany,1984,44.31104,,,,,,,47.159599,43.023769,,,,,,1.02992,IMF_GFS,,
DEU,Germany,1948,,,,,,,,,,,,,,,.8387271,IMF_FPP,,
DEU,Germany,1932,21.97293,,,,,,25.559083,12.5728,,,,,,,1.747656,IMF_FPP,,
DEU,Germany,1873,,,,,,,,,,,,,,,1.747656,IMF_FPP,,
DEU,Germany,1953,25.52456,,,,,,29.994584,30.432501,,,,,,,.8387271,IMF_FPP,,
DEU,Germany,1918,,,,,,,,,,,,,,,1.747656,IMF_FPP,,
DEU,Germany,1934,22.2391,,,,,,31.61374,12.7251,,,,,,,1.747656,IMF_FPP,1,7
DEU,Germany,1985,43.94,,,,,,,46.561298,42.663512,,,,,,1.02992,IMF_GFS,,
DEU,Germany,1903,32.368,,,,,,,18.5208,,,,,,,1.747656,IMF_FPP,,
DEU,Germany,1963,24.41107,,,,,,30.627239,29.1049,,,,,,,.8387271,IMF_FPP,,
DEU,Germany,1911,33.19446,,,,,,,18.9937,,,,,,,1.747656,IMF_FPP,,
DEU,Germany,1897,29.2923,,,,,,,16.7609,,,,,,,1.747656,IMF_FPP,,
DEU,Germany,1946,,,,,,,,,,,,,,,.8387271,IMF_FPP,,
DEU,Germany,1961,24.18268,,,,,,28.714587,28.8326,,,,,,,.8387271,IMF_FPP,,
DEU,Germany,1933,19.30409,,,,,,28.748288,11.0457,,,,,,,1.747656,IMF_FPP,,
DEU,Germany,2003,48.43786,,48.51375,,,48.5,,48.461899,47.959666,48.514,,48.437857,,,1,OECD_EO,,
DEU,Germany,1885,22.98396,,,,,,,13.1513,,,,,,,1.747656,IMF_FPP,,
DEU,Germany,2028,49.25156,,,,,,,,,,48.021,,,,1.025625,IMF_WEO_forecast,1,7
DEU,Germany,2006,45.29282,,45.30884,,,45.3,,45.347301,44.919091,45.309,,45.292822,,,1,OECD_EO,,
DEU,Germany,1973,35.54123,,,,,,30.226976,42.375198,,,,,,,.8387271,IMF_FPP,1,7
DEU,Germany,1887,26.09234,,,,,,,14.9299,,,,,,,1.747656,IMF_FPP,,
DEU,Germany,1965,23.79318,,,,,,30.609663,28.3682,,,,,,,.8387271,IMF_FPP,,
DEU,Germany,2001,47.59193,,47.65269,,,47.7,,47.613098,47.100563,47.653,,47.591925,,,1,OECD_EO,,
DEU,Germany,1990,41.68552,,,,,,,44.729801,40.474532,,,,,,1.02992,IMF_GFS,1,7
DEU,Germany,1951,25.29928,,,,,,31.1675,30.1639,,,,,,,.8387271,IMF_FPP,,
DEU,Germany,1947,,,,,,,,,,,,,,,.8387271,IMF_FPP,,
DEU,Germany,1928,24.65611,,,,,,23.599319,14.1081,,,,,,,1.747656,IMF_FPP,,
DEU,Germany,2029,49.19002,,,,,,,,,,47.960999,,,,1.025625,IMF_WEO_forecast,,
DEU,Germany,1927,22.14438,,,,,,22.856622,12.6709,,,,,,,1.747656,IMF_FPP,,
DEU,Germany,1886,23.83419,,,,,,,13.6378,,,,,,,1.747656,IMF_FPP,,
DEU,Germany,1978,41.73681,,,,,,,47.746799,40.52433,,,,,,1.02992,IMF_GFS,,
DEU,Germany,1923,,,,,,,,,,,,,,,1.747656,IMF_FPP,,
DEU,Germany,2009,48.32959,,48.30928,,,48.3,,48.098099,47.619155,48.292,,48.329589,,,1,OECD_EO,,
DEU,Germany,1980,43.36151,,,,,,,48.2272,42.101828,,,,,,1.02992,IMF_GFS,,
DEU,Germany,1983,44.38863,,,,,,,47.919102,43.099108,,,,,,1.02992,IMF_GFS,,
DEU,Germany,1938,,,,,,,,,,,,,,,.8387271,IMF_FPP,,
DEU,Germany,1902,33.82327,,,,,,,19.3535,,,,,,,1.747656,IMF_FPP,,
DEU,Germany,1955,25.10067,,,,,,28.147802,29.927099,,,,,,,.8387271,IMF_FPP,,
DEU,Germany,1893,28.27429,,,,,,,16.1784,,,,,,,1.747656,IMF_FPP,,
DEU,Germany,1998,48.3298,,48.29092,,,48.3,,48.0023,47.826248,48.291,,48.329796,,,1,OECD_EO,,
DEU,Germany,2022,49.08376,,48.60913,,,48.6,,49.001985,48.290578,49.002,,49.083757,,,1,OECD_EO,,
DEU,Germany,1939,,,,,,,,,,,,,,,.8387271,IMF_FPP,,
DEU,Germany,1986,43.21817,,,,,,,45.676102,41.962656,,,,,,1.02992,IMF_GFS,,
DEU,Germany,1991,46.38667,,46.29796,,,,,46.2505,45.039111,46.538,,46.386673,,,1,OECD_EO,,
DEU,Germany,2026,49.09217,,51.36665,,,,,,,,47.933998,49.092171,,,1,OECD_EO,,
DEU,Germany,1993,48.36986,,48.05274,,,,,48.146599,46.892747,48.321,,48.369856,,,1,OECD_EO,,
DEU,Germany,1909,34.95977,,,,,,,20.003799,,,,,,,1.747656,IMF_FPP,,
DEU,Germany,1937,,,,,,,,,,,,,,,.8387271,IMF_FPP,,
DEU,Germany,2005,46.93213,,46.86711,,,46.9,,46.909302,46.600737,46.867,,46.932124,,,1,OECD_EO,,
DEU,Germany,1906,30.07629,,,,,,11.138779,17.209499,,,,,,,1.747656,IMF_FPP,,
DEU,Germany,1958,24.32627,,,,,,30.507744,29.003799,,,,,,,.8387271,IMF_FPP,,
DEU,Germany,1940,,,,,,,,,,,,,,,.8387271,IMF_FPP,,
DEU,Germany,1880,18.02323,,,,,,,10.3128,,,,,,,1.747656,IMF_FPP,,
DEU,Germany,1982,45.20168,,,,,,,49.1236,43.888544,,,,,,1.02992,IMF_GFS,,
DEU,Germany,1959,24.58703,,,,,,30.012542,29.314699,,,,,,,.8387271,IMF_FPP,,
DEU,Germany,1881,19.51556,,,,,,8.5760985,11.1667,,,,,,,1.747656,IMF_FPP,,
DEU,Germany,1930,28.55059,,,,,,24.657767,16.3365,,,,,,,1.747656,IMF_FPP,,
DEU,Germany,2018,44.62666,,44.65098,,,44.7,,44.688718,43.894227,44.689,,44.626654,,,1,OECD_EO,,
DEU,Germany,1883,21.79817,,,,,,,12.4728,,,,,,,1.747656,IMF_FPP,,
DEU,Germany,1981,44.73169,,,,,,,49.0252,43.432201,,,,,,1.02992,IMF_GFS,,
DEU,Germany,1976,41.73473,,,,,,,49.445,40.522303,,,,,,1.02992,IMF_GFS,,
DEU,Germany,1920,,,,,,,,,,,,,,,1.747656,IMF_FPP,,
DEU,Germany,1999,48.58981,,48.48679,,,48.5,,48.222198,47.798088,48.487,,48.589808,,,1,OECD_EO,,
DEU,Germany,1950,22.78687,,,,,,28.686035,27.1684,,,,,,,.8387271,IMF_FPP,,
DEU,Germany,2019,45.4848,,45.53259,,,45.5,,45.563499,44.707741,45.563,,45.484801,,,1,OECD_EO,,
DEU,Germany,2000,48.05161,,48.05673,,,48.1,,45.097,47.402402,48.057,,48.051608,,,1,OECD_EO,,
DEU,Germany,1943,,,,,,,,,,,,,,,.8387271,IMF_FPP,,
DEU,Germany,1936,,,,,,,,,,,,,,,.8387271,IMF_FPP,,
DEU,Germany,1968,23.87051,,,,,,29.760703,28.4604,,,,,,,.8387271,IMF_FPP,,
DEU,Germany,1874,,,,,,,,,,,,,,,1.747656,IMF_FPP,,
DEU,Germany,1921,,,,,,,,,,,,,,,1.747656,IMF_FPP,,
DEU,Germany,1891,29.48139,,,,,,10.51554,16.869101,,,,,,,1.747656,IMF_FPP,,
DEU,Germany,1907,31.059,,,,,,,17.771799,,,,,,,1.747656,IMF_FPP,,
DEU,Germany,2023,48.36184,,48.1461,,,48.1,,48.380022,47.729832,,48.380001,48.361835,,,1,OECD_EO,,
DEU,Germany,1974,38.59579,,,,,,31.859633,46.017101,37.474556,,,,,,1.02992,IMF_GFS,,
DEU,Germany,2015,44.54557,,44.4859,,,44.5,,44.505793,43.957416,44.506,,44.545569,,,1,OECD_EO,,
DEU,Germany,2017,44.51067,,44.53954,,,44.5,,44.566286,43.911399,44.566,,44.510673,,,1,OECD_EO,,
DEU,Germany,1942,,,,,,,,,,,,,,,.8387271,IMF_FPP,,
DEU,Germany,1988,43.08683,,,,,,,45.579399,41.83513,,,,,,1.02992,IMF_GFS,,
DEU,Germany,1877,,,,,,,,,,,,,,,1.747656,IMF_FPP,,
DEU,Germany,1926,24.83245,,,,,,23.381275,14.209,,,,,,,1.747656,IMF_FPP,,
DEU,Germany,1964,24.32284,,,,,,30.481822,28.999701,,,,,,,.8387271,IMF_FPP,,
DEU,Germany,1872,25.87377,,,,,,8.4712511,,,,,,,,3.054303,FLORA,1,7
DEU,Germany,1913,65.86813,,,,,,13.288553,37.6894,,,,,,,1.747656,IMF_FPP,,
DEU,Germany,1916,,,,,,,,,,,,,,,1.747656,IMF_FPP,,
DEU,Germany,1945,,,,,,,,,,,,,,,.8387271,IMF_FPP,,
DEU,Germany,1922,,,,,,,,,,,,,,,1.747656,IMF_FPP,,
DEU,Germany,1892,29.42494,,,,,,,16.8368,,,,,,,1.747656,IMF_FPP,,
DEU,Germany,1898,31.18308,,,,,,,17.8428,,,,,,,1.747656,IMF_FPP,,
DEU,Germany,1904,29.43438,,,,,,,16.842199,,,,,,,1.747656,IMF_FPP,,
DEU,Germany,1997,48.68653,,48.75304,,,48.8,,48.2244,48.298021,48.753,,48.686534,,,1,OECD_EO,,
DEU,Germany,2008,44.47462,,44.42471,,,44.4,,44.0452,43.995822,44.418,,44.47462,,,1,OECD_EO,,
DEU,Germany,2002,48.1642,,48.24401,,,48.2,,47.947201,47.604706,48.244,,48.164205,,,1,OECD_EO,,
DEU,Germany,2011,45.33678,,45.28954,,,45.3,,45.27471,44.645554,45.275,,45.33678,,,1,OECD_EO,,
DEU,Germany,2004,47.1171,,46.97171,,,47,,47.073799,46.746066,46.972,,47.1171,,,1,OECD_EO,,
DEU,Germany,1935,21.19243,,,,,,30.125855,,,,,,,,.7034632,FLORA,1,7
DEU,Germany,1967,24.15702,,,,,,31.538244,28.802,,,,,,,.8387271,IMF_FPP,,
DJI,Djibouti,2004,26.696,,,,,,,26.695622,,26.696,,,,,1,IMF_WEO,,
DJI,Djibouti,2028,19.723,,,,,,,,,,19.723,,,,1,IMF_WEO_forecast,,
DJI,Djibouti,2021,23.172,,,,,,,23.172433,,23.172,,,,,1,IMF_WEO,1,4
DJI,Djibouti,1992,34.865,,,,,,,34.865141,,34.865,,,,,1,IMF_WEO,,
DJI,Djibouti,1996,23.664,,,,,,,23.664011,,23.664,,,,,1,IMF_WEO,,
DJI,Djibouti,2022,20.046,,,,,,,20.045791,,20.046,,,,,1,IMF_WEO,,
DJI,Djibouti,1998,24.008,,,,,,,24.007897,,24.008,,,,,1,IMF_WEO,,
DJI,Djibouti,2000,23.206,,,,,,,23.205544,,23.206,,,,,1,IMF_WEO,,
DJI,Djibouti,2025,21.188,,,,,,,,,,21.188,,,,1,IMF_WEO_forecast,,
DJI,Djibouti,2006,23.85,,,,,,,23.849866,,23.85,,,,,1,IMF_WEO,,
DJI,Djibouti,2008,28.826,,,,,,,28.82626,,28.826,,,,,1,IMF_WEO,,
DJI,Djibouti,2002,23.393,,,,,,,23.393356,,23.393,,,,,1,IMF_WEO,,
DJI,Djibouti,2010,26.63,,,,,,,26.629605,,26.63,,,,,1,IMF_WEO,,
DJI,Djibouti,2001,20.958,,,,,,,20.9578,,20.958,,,,,1,IMF_WEO,,
DJI,Djibouti,2014,44.23682,,,44.23682,,,,28.985454,,28.985,,,,,1,AMF,,
DJI,Djibouti,2018,24.07669,,,24.07669,,,,25.918151,,25.918,,,,,1,AMF,,
DJI,Djibouti,2027,19.893,,,,,,,,,,19.893,,,,1,IMF_WEO_forecast,,
DJI,Djibouti,1993,35.309,,,,,,,35.308925,,35.309,,,,,1,IMF_WEO,,
DJI,Djibouti,2015,62.14341,,,62.14341,,,,41.963158,,41.963,,,,,1,AMF,,
DJI,Djibouti,1994,30.919,,,,,,,30.919325,,30.919,,,,,1,IMF_WEO,,
DJI,Djibouti,2007,26.571,,,,,,,26.57084,,26.571,,,,,1,IMF_WEO,,
DJI,Djibouti,1995,26.997,,,,,,,26.996896,,26.997,,,,,1,IMF_WEO,,
DJI,Djibouti,2013,38.44168,,,38.44168,,,,26.813647,,26.814,,,,,1,AMF,,
DJI,Djibouti,2017,35.32443,,,35.32443,,,,23.865472,,23.865,,,,,1,AMF,,
DJI,Djibouti,2009,31.004,,,,,,,31.004066,,31.004,,,,,1,IMF_WEO,,
DJI,Djibouti,2012,26.477,,,,,,,26.476667,,26.477,,,,,1,IMF_WEO,1,4
DJI,Djibouti,2011,25.278,,,,,,,25.278005,,25.278,,,,,1,IMF_WEO,,
DJI,Djibouti,1990,30.188,,,,,,,30.188066,,30.188,,,,,1,IMF_WEO,,
DJI,Djibouti,1991,27.682,,,,,,,27.682295,,27.682,,,,,1,IMF_WEO,,
DJI,Djibouti,2026,20.498,,,,,,,,,,20.497999,,,,1,IMF_WEO_forecast,,
DJI,Djibouti,2005,26.212,,,,,,,26.212049,,26.212,,,,,1,IMF_WEO,,
DJI,Djibouti,2019,22.52345,,,22.52345,,,,24.911205,,24.911,,,,,1,AMF,,
DJI,Djibouti,1997,24.993,,,,,,,24.993073,,24.993,,,,,1,IMF_WEO,,
DJI,Djibouti,2003,25.845,,,,,,,25.845195,,25.845,,,,,1,IMF_WEO,,
DJI,Djibouti,1999,23.522,,,,,,,23.522179,,23.522,,,,,1,IMF_WEO,,
DJI,Djibouti,2029,19.154,,,,,,,,,,19.153999,,,,1,IMF_WEO_forecast,,
DJI,Djibouti,2024,21.859,,,,,,,,,,21.858999,,,,1,IMF_WEO_forecast,1,4
DJI,Djibouti,2020,20.59631,,,20.59631,,,,25.463185,,25.463,,,,,1,AMF,,
DJI,Djibouti,2016,51.52811,,,51.52811,,,,25.873127,,25.873,,,,,1,AMF,,
DJI,Djibouti,2023,21.00967,,,,,,,21.009672,,,21.01,,,,1,IMF_FPP,1,4
DMA,Dominica,2014,32.707,,,,,,,32.707343,,32.707,,,,,1,IMF_WEO,,
DMA,Dominica,2019,48.281,,,,,,,48.280941,,48.281,,,,,1,IMF_WEO,,
DMA,Dominica,1991,28.956,,,,,,,28.955749,,28.956,,,,,1,IMF_WEO,,
DMA,Dominica,2016,48.035,,,,,,,48.034866,,48.035,,,,,1,IMF_WEO,,
DMA,Dominica,2010,39.427,,,,,,,39.427255,,39.427,,,,,1,IMF_WEO,,
DMA,Dominica,2018,63.432,,,,,,,63.43155,,63.432,,,,,1,IMF_WEO,,
DMA,Dominica,2013,33.442,,,,,,,33.442045,,33.442,,,,,1,IMF_WEO,,
DMA,Dominica,1992,27.369,,,,,,,27.369293,,27.369,,,,,1,IMF_WEO,,
DMA,Dominica,2020,66.76,,,,,,,66.759817,,66.76,,,,,1,IMF_WEO,,
DMA,Dominica,2028,41.871,,,,,,,,,,41.870998,,,,1,IMF_WEO_forecast,,
DMA,Dominica,1995,28.753,,,,,,,28.753263,,28.753,,,,,1,IMF_WEO,,
DMA,Dominica,2000,38.518,,,,,,,38.517944,,38.518,,,,,1,IMF_WEO,,
DMA,Dominica,2021,66.994,,,,,,,66.994082,,66.994,,,,,1,IMF_WEO,,
DMA,Dominica,2023,61.66059,,,,,,,61.660591,,,61.660999,,,,1,IMF_FPP,1,2
DMA,Dominica,2011,35.217,,,,,,,35.216958,,35.217,,,,,1,IMF_WEO,,
DMA,Dominica,1994,27.189,,,,,,,27.188551,,27.189,,,,,1,IMF_WEO,,
DMA,Dominica,2017,53.98,,,,,,,53.979797,,53.98,,,,,1,IMF_WEO,,
DMA,Dominica,1993,25.175,,,,,,,25.175436,,25.175,,,,,1,IMF_WEO,,
DMA,Dominica,2006,29.691,,,,,,,29.691175,,29.691,,,,,1,IMF_WEO,,
DMA,Dominica,1999,35.201,,,,,,,35.201337,,35.201,,,,,1,IMF_WEO,,
DMA,Dominica,2002,28.611,,,,,,,28.611395,,28.611,,,,,1,IMF_WEO,,
DMA,Dominica,2008,34.741,,,,,,,34.740568,,34.741,,,,,1,IMF_WEO,,
DMA,Dominica,2024,62.67,,,,,,,,,,62.669998,,,,1,IMF_WEO_forecast,1,2
DMA,Dominica,2001,29.62,,,,,,,29.620102,,29.62,,,,,1,IMF_WEO,,
DMA,Dominica,2027,42.313,,,,,,,,,,42.313,,,,1,IMF_WEO_forecast,,
DMA,Dominica,2015,32.393,,,,,,,32.393103,,32.393,,,,,1,IMF_WEO,,
DMA,Dominica,2025,51.462,,,,,,,,,,51.462002,,,,1,IMF_WEO_forecast,,
DMA,Dominica,2005,30.957,,,,,,,30.95729,,30.957,,,,,1,IMF_WEO,,
DMA,Dominica,1997,28.15,,,,,,,28.150161,,28.15,,,,,1,IMF_WEO,,
DMA,Dominica,2029,41.385,,,,,,,,,,41.384998,,,,1,IMF_WEO_forecast,,
DMA,Dominica,2022,69.987,,,,,,,69.987384,,69.987,,,,,1,IMF_WEO,,
DMA,Dominica,2004,30.249,,,,,,,30.249187,,30.249,,,,,1,IMF_WEO,,
DMA,Dominica,1990,31.48,,,,,,,31.480321,,31.48,,,,,1,IMF_WEO,,
DMA,Dominica,2026,42.756,,,,,,,,,,42.756001,,,,1,IMF_WEO_forecast,,
DMA,Dominica,2003,30.107,,,,,,,30.106568,,30.107,,,,,1,IMF_WEO,,
DMA,Dominica,2009,35.909,,,,,,,35.90871,,35.909,,,,,1,IMF_WEO,,
DMA,Dominica,1998,33.042,,,,,,,33.041643,,33.042,,,,,1,IMF_WEO,,
DMA,Dominica,2012,36.172,,,,,,,36.172049,,36.172,,,,,1,IMF_WEO,,
DMA,Dominica,2007,34.064,,,,,,,34.063967,,34.064,,,,,1,IMF_WEO,,
DMA,Dominica,1996,28.458,,,,,,,28.457543,,28.458,,,,,1,IMF_WEO,,
DNK,Denmark,1916,4.975137,,,,,,,4.9110699,,,,,,,1.013045,IMF_FPP,,
DNK,Denmark,1985,54.19091,,,,,,,55.521301,51.353794,54.734,,54.190912,,,1,OECD_EO,,
DNK,Denmark,2021,49.42949,,49.70562,,,49.7,,49.429547,48.116997,49.43,,49.429489,,,1,OECD_EO,,
DNK,Denmark,2002,53.09777,,53.09784,,,53.1,,54.565102,52.793026,53.098,,53.097769,,,1,OECD_EO,,
DNK,Denmark,1918,7.843342,,,,,,,7.7423401,,,,,,,1.013045,IMF_FPP,,
DNK,Denmark,1889,7.075413,,,,,,,6.9843001,,,,,,,1.013045,IMF_FPP,,
DNK,Denmark,1890,6.960098,,,,,,,6.87047,,,,,,,1.013045,IMF_FPP,,
DNK,Denmark,1944,9.56944,,,,,,,9.4462099,,,,,,,1.013045,IMF_FPP,,
DNK,Denmark,1987,52.55701,,,,,,,53.989601,50.304815,53.268,,52.557015,,,1,OECD_EO,,
DNK,Denmark,1976,45.92014,,,,,,,44.966,40.560252,,,45.920137,,,1,OECD_EO,,
DNK,Denmark,1929,6.47253,,,,,,12.387054,6.3891802,,,,,,,1.013045,IMF_FPP,,
DNK,Denmark,1940,12.34933,,,,,,,12.1903,,,,,,,1.013045,IMF_FPP,,
DNK,Denmark,1983,57.24028,,,,,,,57.918098,53.133513,57.249,,57.24028,,,1,OECD_EO,,
DNK,Denmark,1955,17.06009,,,,,,22.789921,16.840401,,,,,,,1.013045,IMF_FPP,,
DNK,Denmark,2020,53.33959,,53.33956,,,53.3,,53.339609,51.687147,53.34,,53.33959,,,1,OECD_EO,,
DNK,Denmark,1902,5.624003,,,,,,,5.55158,,,,,,,1.013045,IMF_FPP,,
DNK,Denmark,1935,9.107886,,,,,,,8.9905996,,,,,,,1.013045,IMF_FPP,,
DNK,Denmark,1913,5.441655,,,,,,,5.3715801,,,,,,,1.013045,IMF_FPP,,
DNK,Denmark,2017,50.60136,,50.60136,,,50.6,,50.601369,49.152832,50.601,,50.601365,,,1,OECD_EO,,
DNK,Denmark,1997,56.17754,,56.17754,,,56.2,,56.681499,55.643596,56.178,,56.177538,,,1,OECD_EO,,
DNK,Denmark,1977,46.55192,,,,,,,45.649101,41.338519,,,46.551921,,,1,OECD_EO,,
DNK,Denmark,1992,56.27525,,,,,,,57.125,53.318886,56.427,,56.275252,,,1,OECD_EO,,
DNK,Denmark,1941,16.01645,,,,,,,15.8102,,,,,,,1.013045,IMF_FPP,,
DNK,Denmark,1937,9.233879,,,,,,,9.1149702,,,,,,,1.013045,IMF_FPP,,
DNK,Denmark,1891,6.522483,,,,,,,6.4384899,,,,,,,1.013045,IMF_FPP,,
DNK,Denmark,1998,55.60151,,55.60151,,,55.6,,56.331402,55.336318,55.602,,55.601505,,,1,OECD_EO,,
DNK,Denmark,2022,44.89412,,45.08907,,,45.1,,44.894186,43.45376,,44.894001,44.894116,,,1,OECD_EO,,
DNK,Denmark,1946,10.28788,,,,,,,10.1554,,,,,,,1.013045,IMF_FPP,,
DNK,Denmark,1957,16.24125,,,,,,23.702025,16.032101,,,,,,,1.013045,IMF_FPP,,
DNK,Denmark,2004,52.78967,,52.78973,,,52.8,,54.5522,52.488352,52.79,,52.789666,,,1,OECD_EO,,
DNK,Denmark,1990,54.51163,,,,,,,55.4109,52.622651,55.058,,54.51163,,,1,OECD_EO,,
DNK,Denmark,1994,59.57265,,,,,,,60.191101,56.784177,59.49,,59.572654,,,1,OECD_EO,,
DNK,Denmark,1964,17.85351,,,,,,27.842512,17.6236,,,,,,,1.013045,IMF_FPP,,
DNK,Denmark,1993,59.45381,,,,,,,60.214298,56.553859,59.468,,59.453809,,,1,OECD_EO,,
DNK,Denmark,1880,8.936509,,,,,,,8.8214302,,,,,,,1.013045,IMF_FPP,,
DNK,Denmark,2029,48.02137,,,,,,,,,,48.993,,,,.980168,IMF_WEO_forecast,,
DNK,Denmark,2025,46.81731,,49.43994,,,,,,,,47.974998,46.817312,,,1,OECD_EO,,
DNK,Denmark,1945,8.17166,,,,,,,8.0664301,,,,,,,1.013045,IMF_FPP,,
DNK,Denmark,2019,49.80733,,49.80738,,,49.8,,49.80737,48.46623,49.807,,49.807334,,,1,OECD_EO,,
DNK,Denmark,2015,54.41818,,54.41813,,,54.4,,54.418123,52.845229,54.418,,54.418178,,,1,OECD_EO,,
DNK,Denmark,2009,56.32898,,56.32892,,,56.3,,58.417099,55.4091,56.329,,56.328977,,,1,OECD_EO,,
DNK,Denmark,2008,50.28284,,50.28284,,,50.3,,51.900101,49.538962,50.283,,50.282838,,,1,OECD_EO,,
DNK,Denmark,2010,56.51522,,56.51522,,,56.5,,58.466999,55.482885,56.515,,56.515218,,,1,OECD_EO,,
DNK,Denmark,2001,52.99712,,52.99712,,,53,,54.189701,52.447939,52.997,,52.997117,,,1,OECD_EO,,
DNK,Denmark,1882,6.042522,,,,,,,5.9647102,,,,,,,1.013045,IMF_FPP,,
DNK,Denmark,1951,10.34694,,,,,,21.222005,10.2137,,,,,,,1.013045,IMF_FPP,,
DNK,Denmark,1907,5.481751,,,,,,,5.41116,,,,,,,1.013045,IMF_FPP,,
DNK,Denmark,1969,25.65436,,,,,,35.559996,25.323999,,,,,,,1.013045,IMF_FPP,,
DNK,Denmark,1967,22.45395,,,,,,32.926495,22.164801,,,,,,,1.013045,IMF_FPP,,
DNK,Denmark,1965,17.35823,,,,,,29.682927,17.134701,,,,,,,1.013045,IMF_FPP,,
DNK,Denmark,1927,9.699941,,,,,,,9.5750303,,,,,,,1.013045,IMF_FPP,,
DNK,Denmark,1959,16.48772,,,,,,23.719983,16.2754,,,,,,,1.013045,IMF_FPP,,
DNK,Denmark,1958,17.33199,,,,,,24.368713,17.108801,,,,,,,1.013045,IMF_FPP,,
DNK,Denmark,1981,56.46947,,,,,,,56.319901,51.796009,56.027,,56.469469,,,1,OECD_EO,,
DNK,Denmark,1999,54.66654,,54.66654,,,54.7,,55.495098,54.367919,54.667,,54.66654,,,1,OECD_EO,,
DNK,Denmark,1936,8.825155,,,,,,,8.7115097,,,,,,,1.013045,IMF_FPP,,
DNK,Denmark,1934,11.45977,,,,,,,11.3122,,,,,,,1.013045,IMF_FPP,,
DNK,Denmark,1932,10.49505,,,,,,,10.3599,,,,,,,1.013045,IMF_FPP,,
DNK,Denmark,1930,6.989213,,,,,,,6.89921,,,,,,,1.013045,IMF_FPP,,
DNK,Denmark,1925,11.06732,,,,,,,10.9248,,,,,,,1.013045,IMF_FPP,,
DNK,Denmark,1895,6.366879,,,,,,,6.2848902,,,,,,,1.013045,IMF_FPP,,
DNK,Denmark,1943,17.12026,,,,,,,16.899799,,,,,,,1.013045,IMF_FPP,,
DNK,Denmark,1989,54.64063,,,,,,,56.2076,52.864593,55.338,,54.640634,,,1,OECD_EO,,
DNK,Denmark,1911,6.04073,,,,,,,5.9629402,,,,,,,1.013045,IMF_FPP,,
DNK,Denmark,1948,11.33233,,,,,,19.365282,11.1864,,,,,,,1.013045,IMF_FPP,,
DNK,Denmark,1938,8.597534,,,,,,15.889617,8.4868202,,,,,,,1.013045,IMF_FPP,,
DNK,Denmark,1924,7.785295,,,,,,,7.68504,,,,,,,1.013045,IMF_FPP,,
DNK,Denmark,1894,6.282928,,,,,,,6.2020202,,,,,,,1.013045,IMF_FPP,,
DNK,Denmark,1886,7.186564,,,,,,,7.0940199,,,,,,,1.013045,IMF_FPP,,
DNK,Denmark,1921,9.282484,,,,,,,9.1629496,,,,,,,1.013045,IMF_FPP,,
DNK,Denmark,1906,7.085716,,,,,,,6.9944701,,,,,,,1.013045,IMF_FPP,,
DNK,Denmark,1956,16.5792,,,,,,23.091696,16.3657,,,,,,,1.013045,IMF_FPP,,
DNK,Denmark,2007,49.455,,49.45506,,,49.5,,50.805599,48.802566,49.455,,49.454998,,,1,OECD_EO,,
DNK,Denmark,1954,17.28418,,,,,,22.431333,17.0616,,,,,,,1.013045,IMF_FPP,,
DNK,Denmark,1909,7.06583,,,,,,,6.9748402,,,,,,,1.013045,IMF_FPP,,
DNK,Denmark,1900,6.038429,,,,,,,5.96067,,,,,,,1.013045,IMF_FPP,,
DNK,Denmark,1908,6.170835,,,,,,,6.0913701,,,,,,,1.013045,IMF_FPP,,
DNK,Denmark,1915,5.474021,,,,,,,5.4035301,,,,,,,1.013045,IMF_FPP,,
DNK,Denmark,2012,57.90559,,57.90565,,,57.9,,57.905647,56.214784,57.906,,57.905595,,,1,OECD_EO,,
DNK,Denmark,1950,10.17736,,,,,,17.728688,10.0463,,,,,,,1.013045,IMF_FPP,,
DNK,Denmark,1899,6.451195,,,,,,,6.3681202,,,,,,,1.013045,IMF_FPP,,
DNK,Denmark,1896,6.304029,,,,,,,6.2228498,,,,,,,1.013045,IMF_FPP,,
DNK,Denmark,1996,58.2039,,58.2039,,,58.2,,58.909199,57.503815,58.204,,58.203905,,,1,OECD_EO,,
DNK,Denmark,1898,6.671917,,,,,,,6.586,,,,,,,1.013045,IMF_FPP,,
DNK,Denmark,1947,11.7028,,,,,,19.072403,11.5521,,,,,,,1.013045,IMF_FPP,,
DNK,Denmark,1973,40.06032,,,,,,45.043079,39.505299,36.255007,,,40.060323,,,1,OECD_EO,,
DNK,Denmark,1966,21.42044,,,,,,28.198894,21.1446,,,,,,,1.013045,IMF_FPP,,
DNK,Denmark,1884,5.674989,,,,,,,5.6019101,,,,,,,1.013045,IMF_FPP,,
DNK,Denmark,1917,6.352098,,,,,,,6.2702999,,,,,,,1.013045,IMF_FPP,,
DNK,Denmark,1914,4.446348,,,,,,,4.3890901,,,,,,,1.013045,IMF_FPP,,
DNK,Denmark,1910,6.535774,,,,,,,6.4516101,,,,,,,1.013045,IMF_FPP,,
DNK,Denmark,1901,5.663309,,,,,,,5.5903802,,,,,,,1.013045,IMF_FPP,,
DNK,Denmark,1893,6.301142,,,,,,,6.2199998,,,,,,,1.013045,IMF_FPP,,
DNK,Denmark,1953,10.81851,,,,,,22.206151,10.6792,,,,,,,1.013045,IMF_FPP,,
DNK,Denmark,1942,16.81453,,,,,,,16.598,,,,,,,1.013045,IMF_FPP,,
DNK,Denmark,1971,42.72043,,,,,,45.452492,42.1703,,,,42.720431,,,1,OECD_EO,,
DNK,Denmark,2024,46.81456,,47.32944,,,47.3,,,,,47.768002,46.81456,,,1,OECD_EO,,
DNK,Denmark,1881,6.025148,,,,,,,5.9475598,,,,,,,1.013045,IMF_FPP,,
DNK,Denmark,2026,47.0763,,50.58624,,,,,,,,48.308998,47.076297,,,1,OECD_EO,,
DNK,Denmark,1919,10.72045,,,,,,,10.5824,,,,,,,1.013045,IMF_FPP,,
DNK,Denmark,1963,18.43176,,,,,,28.256144,18.194401,,,,,,,1.013045,IMF_FPP,,
DNK,Denmark,1912,5.668171,,,,,,,5.59518,,,,,,,1.013045,IMF_FPP,,
DNK,Denmark,1892,6.370597,,,,,,,6.2885599,,,,,,,1.013045,IMF_FPP,,
DNK,Denmark,1960,16.63147,,,,,,23.559555,16.417299,,,,,,,1.013045,IMF_FPP,,
DNK,Denmark,1897,7.00063,,,,,,,6.91048,,,,,,,1.013045,IMF_FPP,,
DNK,Denmark,1961,15.82802,,,,,,26.645602,15.6242,,,,,,,1.013045,IMF_FPP,,
DNK,Denmark,1974,44.34478,,,,,,51.109032,43.617001,40.957719,,,44.344779,,,1,OECD_EO,,
DNK,Denmark,1928,13.20667,,,,,,,13.0366,,,,,,,1.013045,IMF_FPP,,
DNK,Denmark,2000,52.86925,,52.86925,,,52.9,,53.670601,52.507611,52.869,,52.869247,,,1,OECD_EO,,
DNK,Denmark,1968,24.57405,,,,,,35.307741,24.257601,,,,,,,1.013045,IMF_FPP,,
DNK,Denmark,1980,52.86372,,,,,,,52.661999,48.332561,52.718,,52.863725,,,1,OECD_EO,,
DNK,Denmark,1933,13.0927,,,,,,,12.9241,,,,,,,1.013045,IMF_FPP,,
DNK,Denmark,1905,5.513875,,,,,,,5.4428701,,,,,,,1.013045,IMF_FPP,,
DNK,Denmark,2023,46.83247,,47.39818,,,47.4,,46.832419,45.316915,,46.832001,46.832467,,,1,OECD_EO,,
DNK,Denmark,1952,10.33306,,,,,,21.945452,10.2,,,,,,,1.013045,IMF_FPP,,
DNK,Denmark,1986,50.8564,,,,,,,52.319099,48.927989,51.777,,50.856396,,,1,OECD_EO,,
DNK,Denmark,1887,7.337539,,,,,,,7.2430501,,,,,,,1.013045,IMF_FPP,,
DNK,Denmark,2018,50.75434,,50.75434,,,50.8,,50.754343,49.223237,50.754,,50.754336,,,1,OECD_EO,,
DNK,Denmark,1975,46.13533,,,,,,52.651621,45.294102,42.199273,,,46.135332,,,1,OECD_EO,,
DNK,Denmark,2006,49.71082,,49.71088,,,49.7,,51.5853,49.281409,49.711,,49.71082,,,1,OECD_EO,,
DNK,Denmark,2027,47.63617,,51.18785,,,,,,,,48.599998,,,,.9306147,AMECO,1,3
DNK,Denmark,1995,58.74516,,58.74525,,,58.7,,59.2817,58.196633,58.745,,58.745159,,,1,OECD_EO,,
DNK,Denmark,1984,55.25492,,,,,,,56.640202,52.136937,55.669,,55.254921,,,1,OECD_EO,,
DNK,Denmark,1931,9.00024,,,,,,,8.8843403,,,,,,,1.013045,IMF_FPP,,
DNK,Denmark,1888,7.239486,,,,,,,7.1462598,,,,,,,1.013045,IMF_FPP,,
DNK,Denmark,1970,24.70473,,,,,,43.779591,24.3866,,,,,,,1.013045,IMF_FPP,1,3
DNK,Denmark,1885,6.177105,,,,,,,6.0975599,,,,,,,1.013045,IMF_FPP,,
DNK,Denmark,2014,55.10182,,55.10172,,,55.1,,55.101699,53.23129,55.102,,55.101821,,,1,OECD_EO,,
DNK,Denmark,1926,8.690309,,,,,,,8.5783997,,,,,,,1.013045,IMF_FPP,,
DNK,Denmark,1922,9.350896,,,,,,,9.2304802,,,,,,,1.013045,IMF_FPP,,
DNK,Denmark,1978,47.77066,,,,,,,47.1674,42.918209,,,47.770662,,,1,OECD_EO,,
DNK,Denmark,1939,10.4059,,,,,,,10.2719,,,,,,,1.013045,IMF_FPP,,
DNK,Denmark,1988,54.57896,,,,,,,56.139801,52.597913,55.238,,54.578966,,,1,OECD_EO,,
DNK,Denmark,1923,7.123239,,,,,,,7.0315099,,,,,,,1.013045,IMF_FPP,,
DNK,Denmark,2013,55.58018,,55.58018,,,55.6,,55.580154,53.997611,55.58,,55.580177,,,1,OECD_EO,,
DNK,Denmark,1904,6.78788,,,,,,,6.70047,,,,,,,1.013045,IMF_FPP,,
DNK,Denmark,1991,55.16531,,,,,,,56.0741,52.611851,55.487,,55.165309,,,1,OECD_EO,,
DNK,Denmark,1903,5.48791,,,,,,,5.4172401,,,,,,,1.013045,IMF_FPP,,
DNK,Denmark,1883,5.858857,,,,,,,5.7834101,,,,,,,1.013045,IMF_FPP,,
DNK,Denmark,1982,57.59568,,,,,,,57.737701,53.128664,57.117,,57.595686,,,1,OECD_EO,,
DNK,Denmark,1949,11.09528,,,,,,19.429731,10.9524,,,,,,,1.013045,IMF_FPP,,
DNK,Denmark,2011,56.29015,,56.29015,,,56.3,,56.290126,55.176324,56.29,,56.290154,,,1,OECD_EO,,
DNK,Denmark,2028,47.83024,,,,,,,,,,48.798,,,,.980168,IMF_WEO_forecast,1,3
DNK,Denmark,1962,17.25166,,,,,,27.881165,17.029499,,,,,,,1.013045,IMF_FPP,,
DNK,Denmark,2016,52.35172,,52.35167,,,52.4,,52.351654,50.516554,52.352,,52.351721,,,1,OECD_EO,,
DNK,Denmark,1979,49.89943,,,,,,,49.577202,44.988781,,,49.899426,,,1,OECD_EO,,
DNK,Denmark,2003,53.5014,,53.50133,,,53.5,,55.066799,53.299238,53.501,,53.501396,,,1,OECD_EO,,
DNK,Denmark,1972,42.16635,,,,,,45.395099,42.142899,37.470094,,,42.16635,,,1,OECD_EO,,
DNK,Denmark,1920,7.300613,,,,,,,7.2066002,,,,,,,1.013045,IMF_FPP,,
DNK,Denmark,2005,51.05502,,51.05502,,,51.1,,52.788502,50.86546,51.055,,51.055025,,,1,OECD_EO,,
DOM,Dominican Republic,2024,19.381,,,,,,,,,,19.381001,,,,1,IMF_WEO_forecast,1,3
DOM,Dominican Republic,1952,15.8621,,,,,,,15.8621,,,,,,,1,IMF_FPP,,
DOM,Dominican Republic,1979,13.7538,,,,,,,13.7538,,,,,,,1,IMF_FPP,,
DOM,Dominican Republic,2028,17.427,,,,,,,,,,17.427,,,,1,IMF_WEO_forecast,,
DOM,Dominican Republic,1982,10.1675,,,,,,,10.1675,,,,,,,1,IMF_FPP,,
DOM,Dominican Republic,1962,15.6737,,,,,,,15.6737,,,,,,,1,IMF_FPP,,
DOM,Dominican Republic,2009,16.144,,,,,,,16.143976,,16.144,,,,,1,IMF_WEO,,
DOM,Dominican Republic,1998,12.596,,,,,,,11.8086,,12.596,,,,,1,IMF_WEO,,
DOM,Dominican Republic,1995,10.9802,,,,,,,10.9802,,,,,,,1,IMF_FPP,,
DOM,Dominican Republic,1984,9.32363,,,,,,,9.3236303,,,,,,,1,IMF_FPP,,
DOM,Dominican Republic,2010,16.049,,,,,,,16.049486,,16.049,,,,,1,IMF_WEO,,
DOM,Dominican Republic,1975,13.705,,,,,,,13.705,,,,,,,1,IMF_FPP,,
DOM,Dominican Republic,2015,16.681,,,,,,,16.681155,15.19939,16.681,,,,,1,IMF_WEO,,
DOM,Dominican Republic,1976,12.5029,,,,,,,12.5029,,,,,,,1,IMF_FPP,,
DOM,Dominican Republic,1956,21.6904,,,,,,,21.690399,,,,,,,1,IMF_FPP,,
DOM,Dominican Republic,1957,21.4566,,,,,,,21.4566,,,,,,,1,IMF_FPP,,
DOM,Dominican Republic,1963,15.1262,,,,,,,15.1262,,,,,,,1,IMF_FPP,,
DOM,Dominican Republic,1958,21.9303,,,,,,,21.9303,,,,,,,1,IMF_FPP,,
DOM,Dominican Republic,1970,13.3086,,,,,,,13.3086,,,,,,,1,IMF_FPP,,
DOM,Dominican Republic,2019,17.861,,,,,,,17.861316,17.491197,17.861,,,,,1,IMF_WEO,,
DOM,Dominican Republic,2005,15.501,,,,,,,15.50065,,15.501,,,,,1,IMF_WEO,,
DOM,Dominican Republic,1966,15.2298,,,,,,,15.2298,,,,,,,1,IMF_FPP,,
DOM,Dominican Republic,2004,17.333,,,,,,,17.332647,,17.333,,,,,1,IMF_WEO,,
DOM,Dominican Republic,1967,15.0287,,,,,,,15.0287,,,,,,,1,IMF_FPP,,
DOM,Dominican Republic,2025,18.338,,,,,,,,,,18.337999,,,,1,IMF_WEO_forecast,,
DOM,Dominican Republic,1969,15.4534,,,,,,,15.4534,,,,,,,1,IMF_FPP,,
DOM,Dominican Republic,2013,18.477,,,,,,,18.477248,,18.477,,,,,1,IMF_WEO,,
DOM,Dominican Republic,1965,12.7621,,,,,,,12.7621,,,,,,,1,IMF_FPP,,
DOM,Dominican Republic,1996,11.3726,,,,,,,11.3726,,,,,,,1,IMF_FPP,1,3
DOM,Dominican Republic,1972,14.0986,,,,,,,14.0986,,,,,,,1,IMF_FPP,,
DOM,Dominican Republic,2017,17.064,,,,,,,17.064119,16.270005,17.064,,,,,1,IMF_WEO,,
DOM,Dominican Republic,1959,22.1264,,,,,,,22.1264,,,,,,,1,IMF_FPP,,
DOM,Dominican Republic,1997,13.172,,,,,,,11.9126,,13.172,,,,,1,IMF_WEO,,
DOM,Dominican Republic,1994,12.1368,,,,,,,12.1368,,,,,,,1,IMF_FPP,,
DOM,Dominican Republic,1978,12.2817,,,,,,,12.2817,,,,,,,1,IMF_FPP,,
DOM,Dominican Republic,2003,17.224,,,,,,,17.223986,,17.224,,,,,1,IMF_WEO,,
DOM,Dominican Republic,2008,18.48,,,,,,,18.479765,,18.48,,,,,1,IMF_WEO,,
DOM,Dominican Republic,2018,16.352,,,,,,,16.351643,15.948127,16.352,,,,,1,IMF_WEO,,
DOM,Dominican Republic,1991,8.65053,,,,,,,8.6505299,,,,,,,1,IMF_FPP,,
DOM,Dominican Republic,1954,19.011,,,,,,,19.011,,,,,,,1,IMF_FPP,,
DOM,Dominican Republic,1983,10.1999,,,,,,,10.1999,,,,,,,1,IMF_FPP,,
DOM,Dominican Republic,2016,16.974,,,,,,,16.974438,16.036466,16.974,,,,,1,IMF_WEO,,
DOM,Dominican Republic,1980,12.8364,,,,,,,12.8364,,,,,,,1,IMF_FPP,,
DOM,Dominican Republic,2023,18.07811,,,,,,,18.970379,18.078107,,18.969999,,,,1,IMF_GFS,1,3
DOM,Dominican Republic,1985,9.79728,,,,,,,9.7972803,,,,,,,1,IMF_FPP,,
DOM,Dominican Republic,2006,16.95,,,,,,,16.950063,,16.95,,,,,1,IMF_WEO,,
DOM,Dominican Republic,2021,18.538,,,,,,,18.537852,17.600766,18.538,,,,,1,IMF_WEO,,
DOM,Dominican Republic,1964,16.6821,,,,,,,16.6821,,,,,,,1,IMF_FPP,,
DOM,Dominican Republic,1993,13.0224,,,,,,,13.0224,,,,,,,1,IMF_FPP,,
DOM,Dominican Republic,1955,21.5248,,,,,,,21.524799,,,,,,,1,IMF_FPP,,
DOM,Dominican Republic,1961,19.9568,,,,,,,19.9568,,,,,,,1,IMF_FPP,,
DOM,Dominican Republic,2007,16.321,,,,,,,16.320732,,16.321,,,,,1,IMF_WEO,,
DOM,Dominican Republic,1950,22.782,,,,,,,22.782,,,,,,,1,IMF_FPP,,
DOM,Dominican Republic,2020,22.093,,,,,,,22.092816,21.343706,22.093,,,,,1,IMF_WEO,,
DOM,Dominican Republic,2026,18.067,,,,,,,,,,18.066999,,,,1,IMF_WEO_forecast,,
DOM,Dominican Republic,2002,16.475,,,,,,,16.475056,,16.475,,,,,1,IMF_WEO,,
DOM,Dominican Republic,2027,17.75,,,,,,,,,,17.75,,,,1,IMF_WEO_forecast,,
DOM,Dominican Republic,2012,19.785,,,,,,,19.784942,,19.785,,,,,1,IMF_WEO,,
DOM,Dominican Republic,1999,13.402,,,,,,,13.1391,,13.402,,,,,1,IMF_WEO,,
DOM,Dominican Republic,1989,11.3429,,,,,,,11.3429,,,,,,,1,IMF_FPP,,
DOM,Dominican Republic,1992,10.4405,,,,,,,10.4405,,,,,,,1,IMF_FPP,,
DOM,Dominican Republic,2011,15.965,,,,,,,15.965217,,15.965,,,,,1,IMF_WEO,,
DOM,Dominican Republic,1986,10.4032,,,,,,,10.4032,,,,,,,1,IMF_FPP,,
DOM,Dominican Republic,1973,13.7472,,,,,,,13.7472,,,,,,,1,IMF_FPP,,
DOM,Dominican Republic,1977,11.383,,,,,,,11.383,,,,,,,1,IMF_FPP,,
DOM,Dominican Republic,1953,20.0385,,,,,,,20.0385,,,,,,,1,IMF_FPP,,
DOM,Dominican Republic,2029,17.098,,,,,,,,,,17.098,,,,1,IMF_WEO_forecast,,
DOM,Dominican Republic,1971,13.7739,,,,,,,13.7739,,,,,,,1,IMF_FPP,,
DOM,Dominican Republic,1968,15.4779,,,,,,,15.4779,,,,,,,1,IMF_FPP,,
DOM,Dominican Republic,1951,21.1134,,,,,,,21.1134,,,,,,,1,IMF_FPP,,
DOM,Dominican Republic,1987,11.2108,,,,,,,11.2108,,,,,,,1,IMF_FPP,,
DOM,Dominican Republic,2001,14.892,,,,,,,14.891559,,14.892,,,,,1,IMF_WEO,,
DOM,Dominican Republic,1988,12.7538,,,,,,,12.7538,,,,,,,1,IMF_FPP,,
DOM,Dominican Republic,1974,14.6191,,,,,,,14.6191,,,,,,,1,IMF_FPP,,
DOM,Dominican Republic,1990,9.09719,,,,,,,9.0971899,,,,,,,1,IMF_FPP,,
DOM,Dominican Republic,2014,17,,,,,,,16.999843,,17,,,,,1,IMF_WEO,,
DOM,Dominican Republic,1960,20.1229,,,,,,,20.1229,,,,,,,1,IMF_FPP,,
DOM,Dominican Republic,2000,14.093,,,,,,,14.092677,,14.093,,,,,1,IMF_WEO,,
DOM,Dominican Republic,1981,12.1184,,,,,,,12.1184,,,,,,,1,IMF_FPP,,
DOM,Dominican Republic,2022,18.513,,,,,,,18.512686,17.997379,18.513,,,,,1,IMF_WEO,,
DZA,Algeria,2013,33.466,,,36.18552,,,,33.466339,,33.466,,,,,1,IMF_WEO,,
DZA,Algeria,2022,32.699,,,,,,,32.6993,,32.699,,,,,1,IMF_WEO,,
DZA,Algeria,2007,33.108,,,,,,,33.108109,,33.108,,,,,1,IMF_WEO,,
DZA,Algeria,2016,37.179,,,42.71998,,,,37.179327,,37.179,,,,,1,IMF_WEO,,
DZA,Algeria,2025,36.83705,,,,,,,,,,36.837002,,,,1.000001,IMF_WEO_forecast,,
DZA,Algeria,1997,28.52,,,,,,,28.520186,,28.52,,,,,1,IMF_WEO,,
DZA,Algeria,2023,38.06105,,,,,,,38.061398,,,38.061001,,,,.9999908,IMF_FPP,1,2
DZA,Algeria,2029,33.79504,,,,,,,,,,33.794998,,,,1.000001,IMF_WEO_forecast,,
DZA,Algeria,2028,34.03204,,,,,,,,,,34.032001,,,,1.000001,IMF_WEO_forecast,,
DZA,Algeria,2021,32.54,,,42.0479,,,,32.540084,,32.54,,,,,1,IMF_WEO,,
DZA,Algeria,2024,38.48005,,,,,,,,,,38.48,,,,1.000001,IMF_WEO_forecast,1,2
DZA,Algeria,2004,27.082,,,,,,,27.081577,,27.082,,,,,1,IMF_WEO,,
DZA,Algeria,1993,32.581,,,,,,,32.581126,,32.581,,,,,1,IMF_WEO,,
DZA,Algeria,2018,36.25,,,37.69994,,,,36.249785,,36.25,,,,,1,IMF_WEO,,
DZA,Algeria,2000,26.352,,,,,,,26.352174,,26.352,,,,,1,IMF_WEO,,
DZA,Algeria,2015,40.918,,,41.93969,,,,40.917802,,40.918,,,,,1,IMF_WEO,,
DZA,Algeria,2012,40.031,,,,,,,40.031246,,40.031,,,,,1,IMF_WEO,,
DZA,Algeria,2020,37.506,,,35.44852,,,,37.5056,,37.506,,,,,1,IMF_WEO,,
DZA,Algeria,2027,34.64404,,,,,,,,,,34.644001,,,,1.000001,IMF_WEO_forecast,,
DZA,Algeria,2002,32.494,,,,,,,32.493676,,32.494,,,,,1,IMF_WEO,,
DZA,Algeria,2017,36.249,,,39.18021,,,,36.248542,,36.249,,,,,1,IMF_WEO,,
DZA,Algeria,2003,27.026,,,,,,,27.02555,,27.026,,,,,1,IMF_WEO,,
DZA,Algeria,1999,29.426,,,,,,,29.425689,,29.426,,,,,1,IMF_WEO,,
DZA,Algeria,2008,37.306,,,,,,,37.306139,,37.306,,,,,1,IMF_WEO,,
DZA,Algeria,1992,28.21,,,,,,,28.209713,,28.21,,,,,1,IMF_WEO,,
DZA,Algeria,1996,26.886,,,,,,,26.886022,,26.886,,,,,1,IMF_WEO,,
DZA,Algeria,2010,35.09,,,,,,,35.08954,,35.09,,,,,1,IMF_WEO,,
DZA,Algeria,2001,29.089,,,,,,,29.089436,,29.089,,,,,1,IMF_WEO,,
DZA,Algeria,2026,35.67704,,,,,,,,,,35.676998,,,,1.000001,IMF_WEO_forecast,,
DZA,Algeria,1990,23.275,,,,,,,23.274759,,23.275,,,,,1,IMF_WEO,,
DZA,Algeria,2011,37.721,,,,,,,37.720524,,37.721,,,,,1,IMF_WEO,,
DZA,Algeria,1998,28.733,,,,,,,28.732979,,28.733,,,,,1,IMF_WEO,,
DZA,Algeria,2005,27.843,,,,,,,27.843311,,27.843,,,,,1,IMF_WEO,,
DZA,Algeria,2006,27.838,,,,,,,27.838404,,27.838,,,,,1,IMF_WEO,,
DZA,Algeria,2014,36.947,,,40.60556,,,,36.947278,,36.947,,,,,1,IMF_WEO,,
DZA,Algeria,1991,27.588,,,,,,,27.588052,,27.588,,,,,1,IMF_WEO,,
DZA,Algeria,2019,37.099,,,38.16476,,,,37.099053,,37.099,,,,,1,IMF_WEO,,
DZA,Algeria,1994,30.946,,,,,,,30.946398,,30.946,,,,,1,IMF_WEO,,
DZA,Algeria,1995,28.911,,,,,,,28.910585,,28.911,,,,,1,IMF_WEO,,
DZA,Algeria,2009,40.114,,,,,,,40.113953,,40.114,,,,,1,IMF_WEO,,
ECU,Ecuador,2008,35.593,,,,,,,35.59252,,35.593,,,,,1,IMF_WEO,,
ECU,Ecuador,2006,21.729,,,,,,,21.72861,,21.729,,,,,1,IMF_WEO,,
ECU,Ecuador,1998,21.532,,,,,,,21.531555,,21.532,,,,,1,IMF_WEO,,
ECU,Ecuador,2005,22.045,,,,,,,22.045182,,22.045,,,,,1,IMF_WEO,,
ECU,Ecuador,2007,24.686,,,,,,,24.685588,,24.686,,,,,1,IMF_WEO,,
ECU,Ecuador,2003,21.271,,,,,,,21.270841,,21.271,,,,,1,IMF_WEO,,
ECU,Ecuador,2017,40.486,,,,,,,40.485949,31.534813,40.486,,,,,1,IMF_WEO,,
ECU,Ecuador,2019,39.753,,,,,,,39.753152,32.679637,39.753,,,,,1,IMF_WEO,,
ECU,Ecuador,2010,35.396,,,,,,,35.395571,,35.396,,,,,1,IMF_WEO,,
ECU,Ecuador,2024,40.588,,,,,,,,,,40.588001,,,,1,IMF_WEO_forecast,1,2
ECU,Ecuador,2028,35.878,,,,,,,,,,35.877998,,,,1,IMF_WEO_forecast,,
ECU,Ecuador,2009,34.296,,,,,,,34.296315,,34.296,,,,,1,IMF_WEO,,
ECU,Ecuador,2020,40.2,,,,,,,40.200416,33.040391,40.2,,,,,1,IMF_WEO,,
ECU,Ecuador,2029,35.228,,,,,,,,,,35.228001,,,,1,IMF_WEO_forecast,,
ECU,Ecuador,2021,37.367,,,,,,,37.366505,32.043302,37.367,,,,,1,IMF_WEO,,
ECU,Ecuador,2012,43.169,,,,,,,43.16869,,43.169,,,,,1,IMF_WEO,,
ECU,Ecuador,2027,36.796,,,,,,,,,,36.796001,,,,1,IMF_WEO_forecast,,
ECU,Ecuador,1999,24.129,,,,,,,24.128555,,24.129,,,,,1,IMF_WEO,,
ECU,Ecuador,2001,21.391,,,,,,,21.390702,,21.391,,,,,1,IMF_WEO,,
ECU,Ecuador,1996,22.735,,,,,,,22.735388,,22.735,,,,,1,IMF_WEO,,
ECU,Ecuador,2015,44.088,,,,,,,44.088057,33.04787,44.088,,,,,1,IMF_WEO,,
ECU,Ecuador,2000,24.259,,,,,,,24.259464,,24.259,,,,,1,IMF_WEO,,
ECU,Ecuador,2013,46.73,,,,,,,46.730263,33.57907,46.73,,,,,1,IMF_WEO,,
ECU,Ecuador,2011,39.615,,,,,,,39.614593,,39.615,,,,,1,IMF_WEO,,
ECU,Ecuador,1997,21.963,,,,,,,21.963181,,21.963,,,,,1,IMF_WEO,,
ECU,Ecuador,2022,38.701,,,,,,,38.700656,30.367515,38.701,,,,,1,IMF_WEO,,
ECU,Ecuador,2002,22.774,,,,,,,22.773504,,22.774,,,,,1,IMF_WEO,,
ECU,Ecuador,2025,38.181,,,,,,,,,,38.181,,,,1,IMF_WEO_forecast,,
ECU,Ecuador,2023,40.21749,,,,,,,40.217497,,,40.216999,,,,1,IMF_FPP,1,2
ECU,Ecuador,2014,45.934,,,,,,,45.933534,33.187398,45.934,,,,,1,IMF_WEO,,
ECU,Ecuador,2026,37.496,,,,,,,,,,37.495998,,,,1,IMF_WEO_forecast,,
ECU,Ecuador,2004,21.29,,,,,,,21.290385,,21.29,,,,,1,IMF_WEO,,
ECU,Ecuador,2018,40.925,,,,,,,40.924675,33.287873,40.925,,,,,1,IMF_WEO,,
ECU,Ecuador,2016,44.128,,,,,,,44.128135,32.964579,44.128,,,,,1,IMF_WEO,,
ECU,Ecuador,1995,21.952,,,,,,,21.952159,,21.952,,,,,1,IMF_WEO,,
EGY,Egypt,2011,30.549,,,,,,,,27.760915,30.549,,,,,1,IMF_WEO,,
EGY,Egypt,2022,24.701,,,,,,,,,24.701,,,,,1,IMF_WEO,,
EGY,Egypt,2026,27.591,,,,,,,,,,27.591,,,,1,IMF_WEO_forecast,,
EGY,Egypt,2009,32.526,,,,,,,,28.604679,32.526,,,,,1,IMF_WEO,,
EGY,Egypt,2017,29.7389,,,29.7389,,,,,,30.553,,,,,1,AMF,,
EGY,Egypt,2000,25.992,,,,,,,,,25.992,,,,,1,IMF_WEO,,
EGY,Egypt,2024,26.779,,,,,,,,,,26.778999,,,,1,IMF_WEO_forecast,,
EGY,Egypt,2007,31.261,,,,,,,,27.844836,31.261,,,,,1,IMF_WEO,,
EGY,Egypt,2015,30.00737,,,30.00737,,,,,30.230369,31.265,,,,,1,AMF,,
EGY,Egypt,2027,26.345,,,,,,,,,,26.344999,,,,1,IMF_WEO_forecast,,
EGY,Egypt,2013,31.61621,,,31.61621,,,,,32.224253,32.886,,,,,1,AMF,,
EGY,Egypt,2002,30.924,,,,,,,,25.861427,30.924,,,,,1,IMF_WEO,,
EGY,Egypt,2004,30.118,,,,,,,,25.493984,30.118,,,,,1,IMF_WEO,,
EGY,Egypt,2006,34.54,,,,,,,,31.070865,34.54,,,,,1,IMF_WEO,,
EGY,Egypt,2025,27.693,,,,,,,,,,27.693001,,,,1,IMF_WEO_forecast,,
EGY,Egypt,2008,32.689,,,,,,,,28.833956,32.689,,,,,1,IMF_WEO,,
EGY,Egypt,2001,27.862,,,,,,,,,27.862,,,,,1,IMF_WEO,,
EGY,Egypt,2021,25.543,,,,,,,,,25.543,,,,,1,IMF_WEO,1,3
EGY,Egypt,2014,32.93493,,,32.93493,,,,,32.943662,33.892,,,,,1,AMF,,
EGY,Egypt,2016,30.18543,,,30.18543,,,,,,30.968,,,,,1,AMF,,
EGY,Egypt,2029,23.365,,,,,,,,,,23.365,,,,1,IMF_WEO_forecast,,
EGY,Egypt,2012,29.191,,,,,,,,28.689497,29.191,,,,,1,IMF_WEO,1,3
EGY,Egypt,2020,27.16375,,,27.16375,,,,,,25.695,,,,,1,AMF,,
EGY,Egypt,1999,26.251,,,,,,,,,26.251,,,,,1,IMF_WEO,,
EGY,Egypt,2003,30.638,,,,,,,,25.935605,30.638,,,,,1,IMF_WEO,,
EGY,Egypt,2028,24.895,,,,,,,,,,24.895,,,,1,IMF_WEO_forecast,,
EGY,Egypt,2010,31.358,,,,,,,,27.447378,31.358,,,,,1,IMF_WEO,,
EGY,Egypt,2018,28.04367,,,28.04367,,,,,,28.631,,,,,1,AMF,,
EGY,Egypt,2023,22.741,,,,,,,,,,22.740999,,,,1,IMF_WEO_forecast,1,3
EGY,Egypt,2019,25.73927,,,25.73927,,,,,,26.898,,,,,1,AMF,,
EGY,Egypt,2005,30.31,,,,,,,,25.907083,30.31,,,,,1,IMF_WEO,,
ERI,Eritrea,2001,59.532,,,,,,,,,59.532,,,,,1,IMF_WEO,,
ERI,Eritrea,1998,87.992,,,,,,,,,87.992,,,,,1,IMF_WEO,,
ERI,Eritrea,2000,84.749,,,,,,,,,84.749,,,,,1,IMF_WEO,,
ERI,Eritrea,1992,32.657,,,,,,,,,32.657,,,,,1,IMF_WEO,,
ERI,Eritrea,2017,42.491,,,,,,,,,42.491,,,,,1,IMF_WEO,,
ERI,Eritrea,2008,69.392,,,,,,,,,69.392,,,,,1,IMF_WEO,,
ERI,Eritrea,2013,32.729,,,,,,,,,32.729,,,,,1,IMF_WEO,,
ERI,Eritrea,1996,68.645,,,,,,,,,68.645,,,,,1,IMF_WEO,,
ERI,Eritrea,2006,50.473,,,,,,,,,50.473,,,,,1,IMF_WEO,,
ERI,Eritrea,1993,67.221,,,,,,,,,67.221,,,,,1,IMF_WEO,,
ERI,Eritrea,2019,31.256,,,,,,,,,,31.256001,,,,1,IMF_WEO_forecast,1,1
ERI,Eritrea,2014,21.598,,,,,,,,,21.598,,,,,1,IMF_WEO,,
ERI,Eritrea,1994,50.354,,,,,,,,,50.354,,,,,1,IMF_WEO,,
ERI,Eritrea,2007,51.198,,,,,,,,,51.198,,,,,1,IMF_WEO,,
ERI,Eritrea,1997,60.148,,,,,,,,,60.148,,,,,1,IMF_WEO,,
ERI,Eritrea,2015,31.081,,,,,,,,,31.081,,,,,1,IMF_WEO,,
ERI,Eritrea,2003,58.145,,,,,,,,,58.145,,,,,1,IMF_WEO,,
ERI,Eritrea,2016,30.936,,,,,,,,,30.936,,,,,1,IMF_WEO,,
ERI,Eritrea,2010,42.444,,,,,,,,,42.444,,,,,1,IMF_WEO,,
ERI,Eritrea,2002,60.07,,,,,,,,,60.07,,,,,1,IMF_WEO,,
ERI,Eritrea,2018,26.357,,,,,,,,,26.357,,,,,1,IMF_WEO,,
ERI,Eritrea,1999,106.062,,,,,,,,,106.062,,,,,1,IMF_WEO,,
ERI,Eritrea,2005,76.57,,,,,,,,,76.57,,,,,1,IMF_WEO,,
ERI,Eritrea,1995,81.196,,,,,,,,,81.196,,,,,1,IMF_WEO,,
ERI,Eritrea,2011,32.251,,,,,,,,,32.251,,,,,1,IMF_WEO,,
ERI,Eritrea,2012,33.322,,,,,,,,,33.322,,,,,1,IMF_WEO,,
ERI,Eritrea,2004,57.053,,,,,,,,,57.053,,,,,1,IMF_WEO,,
ERI,Eritrea,2009,44.936,,,,,,,,,44.936,,,,,1,IMF_WEO,,
ESP,Spain,1863,17.5786,,,,,,,10.4999,,,,,,,1.674169,IMF_FPP,,
ESP,Spain,1995,44.11907,,44.11907,,,44.1,,44.463299,41.287406,44.131,,44.119072,,,1,OECD_EO,,
ESP,Spain,1854,11.98524,,,,,,,7.1589198,,,,,,,1.674169,IMF_FPP,,
ESP,Spain,1902,15.21242,,,,,,,9.0865498,,,,,,,1.674169,IMF_FPP,,
ESP,Spain,1851,12.94938,,,,,,,7.7348099,,,,,,,1.674169,IMF_FPP,,
ESP,Spain,1858,15.73514,,,,,,,9.3987799,,,,,,,1.674169,IMF_FPP,,
ESP,Spain,2017,41.01694,,41.01694,,,41,,41.047449,40.705661,41.047,,41.016936,,,1,OECD_EO,,
ESP,Spain,2015,43.68391,,43.68391,,,43.7,,43.682804,42.884358,43.683,,43.683907,,,1,OECD_EO,,
ESP,Spain,2003,38.3459,,38.3459,,,38.3,,38.410099,35.743999,38.355,,38.345897,,,1,OECD_EO,,
ESP,Spain,1999,39.94661,,39.94661,,,39.9,,39.929798,37.545738,39.959,,39.94661,,,1,OECD_EO,,
ESP,Spain,1987,40.26951,,,,,,,31.146,31.91226,38.53,,40.269507,,,1,OECD_EO,,
ESP,Spain,2000,39.11043,,39.11043,,,39.1,,39.194698,36.94726,39.124,,39.110427,,,1,OECD_EO,,
ESP,Spain,1990,42.83982,,,,,,,32.751202,32.76439,41.078,,42.839818,,,1,OECD_EO,,
ESP,Spain,1988,40.1927,,,,,,,28.6402,31.550971,38.709,,40.192697,,,1,OECD_EO,,
ESP,Spain,1985,42.3241,,,,,,,27.6271,32.155818,39.792,,42.324103,,,1,OECD_EO,,
ESP,Spain,1984,39.72213,,,,,,,27.0455,31.228729,36.701,,39.722128,,,1,OECD_EO,,
ESP,Spain,1973,24.4546,,,,,,,9.88445,,,,24.454596,,,1,OECD_EO,,
ESP,Spain,1961,16.69749,,,,,,,9.9736004,,,,,,,1.674169,IMF_FPP,,
ESP,Spain,1960,18.44264,,,,,,,11.016,,,,,,,1.674169,IMF_FPP,,
ESP,Spain,1958,18.26669,,,,,,,10.9109,,,,,,,1.674169,IMF_FPP,,
ESP,Spain,1947,23.3061,,,,,,,13.921,,,,,,,1.674169,IMF_FPP,,
ESP,Spain,1888,15.01751,,,,,,,8.97013,,,,,,,1.674169,IMF_FPP,,
ESP,Spain,1939,,,,,,,,,,,,,,,1.674169,IMF_FPP,,
ESP,Spain,1938,,,,,,,,,,,,,,,1.674169,IMF_FPP,,
ESP,Spain,1933,25.00471,,,,,,,14.9356,,,,,,,1.674169,IMF_FPP,,
ESP,Spain,1922,22.26376,,,,,,,13.2984,,,,,,,1.674169,IMF_FPP,,
ESP,Spain,1915,26.594,,,,,,,15.8849,,,,,,,1.674169,IMF_FPP,,
ESP,Spain,2008,41.33403,,41.33403,,,41.3,,41.457001,37.976254,41.335,,41.334032,,,1,OECD_EO,,
ESP,Spain,1909,15.09384,,,,,,,9.0157204,,,,,,,1.674169,IMF_FPP,,
ESP,Spain,1907,14.16005,,,,,,,8.4579601,,,,,,,1.674169,IMF_FPP,,
ESP,Spain,1905,14.20489,,,,,,,8.4847403,,,,,,,1.674169,IMF_FPP,,
ESP,Spain,1900,14.26422,,,,,,,8.5201797,,,,,,,1.674169,IMF_FPP,,
ESP,Spain,1896,16.99817,,,,,,,10.1532,,,,,,,1.674169,IMF_FPP,,
ESP,Spain,2026,44.00534,,45.59249,,,,,,,,44.479,44.005335,,,1,OECD_EO,,
ESP,Spain,1870,25.60323,,,,,,,15.2931,,,,,,,1.674169,IMF_FPP,,
ESP,Spain,1867,19.79503,,,,,,,11.8238,,,,,,,1.674169,IMF_FPP,,
ESP,Spain,1866,16.13718,,,,,,,9.6389198,,,,,,,1.674169,IMF_FPP,,
ESP,Spain,1994,46.39837,,,,,,,32.594898,37.852541,44.83,,46.398371,,,1,OECD_EO,,
ESP,Spain,1853,11.44648,,,,,,,6.83711,,,,,,,1.674169,IMF_FPP,,
ESP,Spain,2020,51.37769,,51.37769,,,51.4,,51.431438,50.447834,51.431,,51.377684,,,1,OECD_EO,,
ESP,Spain,1967,23.1701,,,,,,,12.4852,,,,23.170106,,,1,OECD_EO,,
ESP,Spain,1953,14.17517,,,,,,,8.4669905,,,,,,,1.674169,IMF_FPP,,
ESP,Spain,1856,14.50468,,,,,,,8.6638098,,,,,,,1.674169,IMF_FPP,,
ESP,Spain,2010,45.84499,,45.84499,,,45.8,,45.6222,42.69713,45.845,,45.844988,,,1,OECD_EO,,
ESP,Spain,1850,12.48146,,,,,,,7.4553199,,,,,,,1.674169,IMF_FPP,,
ESP,Spain,1962,17.68006,,,,,,,10.5605,,,,,,,1.674169,IMF_FPP,,
ESP,Spain,1901,14.69903,,,,,,,8.7798996,,,,,,,1.674169,IMF_FPP,,
ESP,Spain,1991,44.30095,,,,,,,30.207701,33.843285,42.609,,44.300946,,,1,OECD_EO,,
ESP,Spain,2016,42.09536,,42.09536,,,42.1,,42.139083,41.921802,42.139,,42.09536,,,1,OECD_EO,,
ESP,Spain,1966,21.96364,,,,,,,11.7514,,,,21.963639,,,1,OECD_EO,,
ESP,Spain,1890,15.4763,,,,,,,9.2441702,,,,,,,1.674169,IMF_FPP,,
ESP,Spain,1923,25.49441,,,,,,,15.2281,,,,,,,1.674169,IMF_FPP,,
ESP,Spain,1906,14.47617,,,,,,,8.64678,,,,,,,1.674169,IMF_FPP,,
ESP,Spain,1989,41.63729,,,,,,,32.092499,32.292022,40.108,,41.637289,,,1,OECD_EO,,
ESP,Spain,1929,20.72855,,,,,,,12.3814,,,,,,,1.674169,IMF_FPP,,
ESP,Spain,1864,26.57776,,,,,,,15.8752,,,,,,,1.674169,IMF_FPP,,
ESP,Spain,1942,26.37502,,,,,,,15.7541,,,,,,,1.674169,IMF_FPP,,
ESP,Spain,1874,16.93321,,,,,,,10.1144,,,,,,,1.674169,IMF_FPP,,
ESP,Spain,1943,43.26252,,,,,,,25.8412,,,,,,,1.674169,IMF_FPP,,
ESP,Spain,2023,45.44758,,45.41613,,,45.4,,45.305288,44.137783,,45.305,45.44758,,,1,OECD_EO,,
ESP,Spain,1872,15.86846,,,,,,,9.4784098,,,,,,,1.674169,IMF_FPP,,
ESP,Spain,2001,38.40387,,38.40387,,,38.4,,38.659199,36.101735,38.415,,38.40387,,,1,OECD_EO,,
ESP,Spain,1878,19.42504,,,,,,,11.6028,,,,,,,1.674169,IMF_FPP,,
ESP,Spain,2019,42.01682,,42.01682,,,42,,42.007482,41.448581,42.007,,42.016814,,,1,OECD_EO,,
ESP,Spain,1869,23.76884,,,,,,,14.1974,,,,,,,1.674169,IMF_FPP,,
ESP,Spain,1940,32.89691,,,,,,,19.6497,,,,,,,1.674169,IMF_FPP,,
ESP,Spain,1949,18.89668,,,,,,,11.2872,,,,,,,1.674169,IMF_FPP,,
ESP,Spain,1946,23.10051,,,,,,,13.7982,,,,,,,1.674169,IMF_FPP,,
ESP,Spain,2021,49.46474,,49.46474,,,49.5,,49.492745,48.435014,49.493,,49.46474,,,1,OECD_EO,,
ESP,Spain,1893,14.17743,,,,,,,8.4683399,,,,,,,1.674169,IMF_FPP,,
ESP,Spain,1952,15.21474,,,,,,,9.0879402,,,,,,,1.674169,IMF_FPP,,
ESP,Spain,1857,16.10554,,,,,,,9.6200199,,,,,,,1.674169,IMF_FPP,,
ESP,Spain,1898,16.3918,,,,,,,9.7910099,,,,,,,1.674169,IMF_FPP,,
ESP,Spain,2014,45.03022,,45.03022,,,45,,45.056398,44.777174,45.056,,45.030218,,,1,OECD_EO,,
ESP,Spain,1979,31.79246,,,,,,,14.3297,,,,31.792458,,,1,OECD_EO,,
ESP,Spain,1983,39.40421,,,,,,,25.9611,30.354824,35.908,,39.404205,,,1,OECD_EO,,
ESP,Spain,1970,23.71767,,,,,,,12.2533,,,,23.717668,,,1,OECD_EO,,
ESP,Spain,1950,19.53772,,,,,,,11.6701,,,,,,,1.674169,IMF_FPP,,
ESP,Spain,1881,19.70547,,,,,,,11.7703,,,,,,,1.674169,IMF_FPP,,
ESP,Spain,1855,12.50306,,,,,,,7.4682202,,,,,,,1.674169,IMF_FPP,,
ESP,Spain,1873,10.55167,,,,,,,6.3026299,,,,,,,1.674169,IMF_FPP,,
ESP,Spain,1877,17.56186,,,,,,,10.4899,,,,,,,1.674169,IMF_FPP,,
ESP,Spain,1935,21.53433,,,,,,,12.8627,,,,,,,1.674169,IMF_FPP,,
ESP,Spain,2004,38.79571,,38.79571,,,38.8,,38.887798,36.239258,38.79,,38.795711,,,1,OECD_EO,,
ESP,Spain,1969,23.16318,,,,,,,12.2695,,,,23.163182,,,1,OECD_EO,,
ESP,Spain,1885,15.64109,,,,,,,9.3425999,,,,,,,1.674169,IMF_FPP,,
ESP,Spain,1975,26.42716,,,,,,,11.3728,,,,26.427157,,,1,OECD_EO,,
ESP,Spain,1937,,,,,,,,,,,,,,,1.674169,IMF_FPP,,
ESP,Spain,1997,41.48575,,41.48575,,,41.5,,41.6521,39.273485,41.495,,41.485748,,,1,OECD_EO,,
ESP,Spain,1913,18.89199,,,,,,,11.2844,,,,,,,1.674169,IMF_FPP,,
ESP,Spain,1918,16.54829,,,,,,,9.8844805,,,,,,,1.674169,IMF_FPP,,
ESP,Spain,1859,15.44789,,,,,,,9.2271996,,,,,,,1.674169,IMF_FPP,,
ESP,Spain,1992,45.13095,,,,,,,33.794601,35.44361,43.862,,45.130946,,,1,OECD_EO,,
ESP,Spain,1977,29.06176,,,,,,,12.827,,,,29.06176,,,1,OECD_EO,,
ESP,Spain,2029,43.2568,,,,,,,,,,43.585999,,,,.9924471,IMF_WEO_forecast,,
ESP,Spain,2006,38.3847,,38.3847,,,38.4,,38.350101,35.557566,38.392,,38.384698,,,1,OECD_EO,,
ESP,Spain,1917,22.70206,,,,,,,13.5602,,,,,,,1.674169,IMF_FPP,,
ESP,Spain,2028,43.21016,,,,,,,,,,43.539001,,,,.9924471,IMF_WEO_forecast,1,3
ESP,Spain,1986,41.8556,,,,,,,28.390699,31.640543,39.574,,41.855603,,,1,OECD_EO,,
ESP,Spain,1954,14.7035,,,,,,,8.7825699,,,,,,,1.674169,IMF_FPP,,
ESP,Spain,1976,27.41714,,,,,,,11.4928,,,,27.41714,,,1,OECD_EO,,
ESP,Spain,1865,19.68169,,,,,,,11.7561,,,,,,,1.674169,IMF_FPP,,
ESP,Spain,1951,14.57044,,,,,,,8.7030897,,,,,,,1.674169,IMF_FPP,,
ESP,Spain,1894,15.98473,,,,,,,9.5478601,,,,,,,1.674169,IMF_FPP,,
ESP,Spain,1948,18.62831,,,,,,,11.1269,,,,,,,1.674169,IMF_FPP,,
ESP,Spain,1996,42.86322,,42.86322,,,42.9,,43.232601,40.731287,42.872,,42.86322,,,1,OECD_EO,,
ESP,Spain,1919,23.32217,,,,,,,13.9306,,,,,,,1.674169,IMF_FPP,,
ESP,Spain,1908,14.12067,,,,,,,8.4344397,,,,,,,1.674169,IMF_FPP,,
ESP,Spain,1955,14.9817,,,,,,,8.94874,,,,,,,1.674169,IMF_FPP,,
ESP,Spain,1974,24.74728,,,,,,,11.4099,,,,24.747282,,,1,OECD_EO,,
ESP,Spain,1959,17.56621,,,,,,,10.4925,,,,,,,1.674169,IMF_FPP,,
ESP,Spain,2025,44.46615,,45.5508,,,,,,,,44.650002,44.466152,,,1,OECD_EO,,
ESP,Spain,1965,22.14871,,,,,,,14.0283,,,,22.148708,,,1,OECD_EO,,
ESP,Spain,2027,43.39078,,44.95577,,,,,,,,43.721001,,,,.9651883,AMECO,1,3
ESP,Spain,1980,33.89837,,,,,,,16.3356,25.576088,30.196,,33.898374,,,1,OECD_EO,,
ESP,Spain,1887,16.30248,,,,,,,9.7376604,,,,,,,1.674169,IMF_FPP,,
ESP,Spain,2011,45.93549,,45.93549,,,45.9,,45.941854,43.967942,45.942,,45.935491,,,1,OECD_EO,,
ESP,Spain,1981,36.37523,,,,,,,18.136299,25.919797,31.332,,36.375232,,,1,OECD_EO,,
ESP,Spain,1876,25.52471,,,,,,,15.2462,,,,,,,1.674169,IMF_FPP,,
ESP,Spain,1941,33.01662,,,,,,,19.721201,,,,,,,1.674169,IMF_FPP,,
ESP,Spain,2005,38.4416,,38.4416,,,38.4,,38.436401,35.685934,38.449,,38.441606,,,1,OECD_EO,,
ESP,Spain,1927,17.43914,,,,,,,10.4166,,,,,,,1.674169,IMF_FPP,,
ESP,Spain,1928,21.5735,,,,,,,12.8861,,,,,,,1.674169,IMF_FPP,,
ESP,Spain,1926,19.95726,,,,,,,11.9207,,,,,,,1.674169,IMF_FPP,,
ESP,Spain,1998,40.96721,,40.96721,,,41,,41.087502,38.66988,40.978,,40.967206,,,1,OECD_EO,,
ESP,Spain,1897,17.02361,,,,,,,10.1684,,,,,,,1.674169,IMF_FPP,,
ESP,Spain,1914,18.41569,,,,,,,10.9999,,,,,,,1.674169,IMF_FPP,,
ESP,Spain,1871,18.72658,,,,,,,11.1856,,,,,,,1.674169,IMF_FPP,,
ESP,Spain,1971,25.55326,,,,,,,13.9594,,,,25.553257,,,1,OECD_EO,,
ESP,Spain,2024,44.92286,,45.47371,,,45.5,,,,,44.816002,44.92286,,,1,OECD_EO,,
ESP,Spain,1868,24.50547,,,,,,,14.6374,,,,,,,1.674169,IMF_FPP,,
ESP,Spain,1931,18.14297,,,,,,,10.837,,,,,,,1.674169,IMF_FPP,,
ESP,Spain,1910,16.66004,,,,,,,9.95123,,,,,,,1.674169,IMF_FPP,,
ESP,Spain,2022,46.38203,,46.30672,,,46.3,,46.434008,45.331745,46.434,,46.382029,,,1,OECD_EO,,
ESP,Spain,1862,17.26637,,,,,,,10.3134,,,,,,,1.674169,IMF_FPP,,
ESP,Spain,1936,,,,,,,,,,,,,,,1.674169,IMF_FPP,,
ESP,Spain,1886,15.38249,,,,,,,9.1881399,,,,,,,1.674169,IMF_FPP,,
ESP,Spain,1956,15.27151,,,,,,,9.12185,,,,,,,1.674169,IMF_FPP,,
ESP,Spain,1972,24.76897,,,,,,,12.4921,,,,24.768973,,,1,OECD_EO,,
ESP,Spain,1944,35.53657,,,,,,,21.2264,,,,,,,1.674169,IMF_FPP,,
ESP,Spain,1903,15.10098,,,,,,,9.01999,,,,,,,1.674169,IMF_FPP,,
ESP,Spain,1978,30.90856,,,,,,,14.3355,,,,30.90856,,,1,OECD_EO,,
ESP,Spain,1932,22.68616,,,,,,,13.5507,,,,,,,1.674169,IMF_FPP,,
ESP,Spain,2018,41.50812,,41.50812,,,41.5,,41.522228,41.01434,41.522,,41.508122,,,1,OECD_EO,,
ESP,Spain,1860,17.86823,,,,,,,10.6729,,,,,,,1.674169,IMF_FPP,,
ESP,Spain,1930,17.66884,,,,,,,10.5538,,,,,,,1.674169,IMF_FPP,,
ESP,Spain,1875,17.58731,,,,,,,10.5051,,,,,,,1.674169,IMF_FPP,,
ESP,Spain,2012,49.22333,,49.22333,,,49.2,,49.238391,47.719033,49.238,,49.223332,,,1,OECD_EO,,
ESP,Spain,1911,15.36324,,,,,,,9.1766396,,,,,,,1.674169,IMF_FPP,,
ESP,Spain,1892,15.08007,,,,,,,9.0074997,,,,,,,1.674169,IMF_FPP,,
ESP,Spain,1882,13.63046,,,,,,,8.1416302,,,,,,,1.674169,IMF_FPP,,
ESP,Spain,1934,23.29472,,,,,,,13.9142,,,,,,,1.674169,IMF_FPP,,
ESP,Spain,1861,18.6782,,,,,,,11.1567,,,,,,,1.674169,IMF_FPP,,
ESP,Spain,1982,38.46391,,,,,,,21.4753,29.267873,34.859,,38.463911,,,1,OECD_EO,,
ESP,Spain,1963,20.71047,,,,,,,12.3706,,,,,,,1.674169,IMF_FPP,1,3
ESP,Spain,1964,21.30028,,,,,,,12.7229,,,,21.30028,,,1,OECD_EO,,
ESP,Spain,1916,19.11164,,,,,,,11.4156,,,,,,,1.674169,IMF_FPP,,
ESP,Spain,2013,46.15581,,46.15581,,,46.2,,46.162344,45.596557,46.162,,46.155811,,,1,OECD_EO,,
ESP,Spain,1968,23.18802,,,,,,,12.8161,,,,23.188021,,,1,OECD_EO,,
ESP,Spain,2007,39.17846,,39.17846,,,39.2,,39.2118,35.886152,39.182,,39.178463,,,1,OECD_EO,,
ESP,Spain,1879,15.78773,,,,,,,9.4301901,,,,,,,1.674169,IMF_FPP,,
ESP,Spain,1912,16.15368,,,,,,,9.6487799,,,,,,,1.674169,IMF_FPP,,
ESP,Spain,1945,36.40228,,,,,,,21.7435,,,,,,,1.674169,IMF_FPP,,
ESP,Spain,2002,38.61678,,38.61678,,,38.6,,38.908199,36.035233,38.627,,38.616781,,,1,OECD_EO,,
ESP,Spain,1924,24.22137,,,,,,,14.4677,,,,,,,1.674169,IMF_FPP,,
ESP,Spain,1993,48.55054,,,,,,,41.239101,38.587614,46.273,,48.550545,,,1,OECD_EO,,
ESP,Spain,1921,32.88837,,,,,,,19.6446,,,,,,,1.674169,IMF_FPP,,
ESP,Spain,1957,13.50244,,,,,,,8.0651598,,,,,,,1.674169,IMF_FPP,,
ESP,Spain,1920,20.28489,,,,,,,12.1164,,,,,,,1.674169,IMF_FPP,,
ESP,Spain,2009,46.07247,,46.07247,,,46.1,,46.2631,42.299369,46.073,,46.07247,,,1,OECD_EO,,
ESP,Spain,1925,19.78482,,,,,,,11.8177,,,,,,,1.674169,IMF_FPP,,
ESP,Spain,1895,14.41737,,,,,,,8.61166,,,,,,,1.674169,IMF_FPP,,
ESP,Spain,1889,14.01462,,,,,,,8.3710899,,,,,,,1.674169,IMF_FPP,,
ESP,Spain,1884,14.93568,,,,,,,8.9212503,,,,,,,1.674169,IMF_FPP,,
ESP,Spain,1852,13.12848,,,,,,,7.8417902,,,,,,,1.674169,IMF_FPP,,
ESP,Spain,1904,13.89801,,,,,,,8.3014402,,,,,,,1.674169,IMF_FPP,,
ESP,Spain,1891,15.15891,,,,,,,9.0545902,,,,,,,1.674169,IMF_FPP,,
ESP,Spain,1883,14.62177,,,,,,,8.7337503,,,,,,,1.674169,IMF_FPP,,
ESP,Spain,1899,13.62695,,,,,,,8.1395302,,,,,,,1.674169,IMF_FPP,,
ESP,Spain,1880,14.5289,,,,,,,8.6782799,,,,,,,1.674169,IMF_FPP,,
EST,Estonia,2027,45.34373,,45.34373,,,,,,,,44.556999,,,,1,AMECO,1,3
EST,Estonia,2007,33.8,,33.84311,,,33.8,,33.735801,29.531476,33.736,,33.890828,,,1,EUS,,
EST,Estonia,1997,36.7,,36.74174,,,36.7,,35.805351,34.666445,35.805,,36.778561,,,1,EUS,,
EST,Estonia,2026,45.04176,,46.17558,,,,,,,,45.09,45.041758,,,1,OECD_EO,,
EST,Estonia,2001,35.3,,35.28155,,,35.3,,34.936996,32.47173,34.937,,35.290814,,,1,EUS,,
EST,Estonia,2018,38.8,,38.82184,,,38.8,,38.519234,35.984671,38.519,,38.880941,,,1,EUS,,
EST,Estonia,2020,44.7,,44.7384,,,44.7,,44.185614,41.325109,44.186,,44.764231,,,1,EUS,,
EST,Estonia,2016,38.9,,38.90403,,,38.9,,38.614248,36.838139,38.614,,38.916515,,,1,EUS,,
EST,Estonia,2005,33.7,,33.71399,,,33.7,,33.711312,31.060028,33.711,,33.741068,,,1,EUS,,
EST,Estonia,2023,43.1,,43.08429,,,43.1,,43.101703,38.72061,,43.102001,43.286878,,,1,EUS,,
EST,Estonia,2004,34.1,,34.08006,,,34.1,,34.052726,31.877777,34.053,,34.069463,,,1,EUS,,
EST,Estonia,2013,38.3,,38.30669,,,38.3,,37.917929,35.423569,37.918,,38.305757,,,1,EUS,,
EST,Estonia,2024,44,,43.95883,,,44,,,,,44.963001,45.315285,,,1,EUS,,
EST,Estonia,2009,46.1,,46.09787,,,46.1,,45.850215,42.321479,45.85,,46.045502,,,1,EUS,,
EST,Estonia,2015,39.3,,39.25633,,,39.3,,38.810826,36.685262,38.811,,39.270891,,,1,EUS,,
EST,Estonia,2010,40.7,,40.69661,,,40.7,,40.272668,39.72253,40.273,,40.703462,,,1,EUS,,
EST,Estonia,2008,39.5,,39.5489,,,39.5,,39.449014,35.005885,39.449,,39.568262,,,1,EUS,,
EST,Estonia,1996,38.9,,38.9351,,,38.9,,38.63644,37.573676,38.636,,38.983265,,,1,EUS,,
EST,Estonia,2002,35.9,,35.86646,,,35.9,,35.864038,31.819222,35.864,,35.866586,,,1,EUS,,
EST,Estonia,2014,37.6,,37.55356,,,37.6,,37.175961,34.821007,37.176,,37.572346,,,1,EUS,,
EST,Estonia,2019,39.1,,39.12011,,,39.1,,38.415555,36.420968,38.416,,39.16916,,,1,EUS,,
EST,Estonia,2011,37.6,,37.62186,,,37.6,,37.280207,36.243882,37.28,,37.624105,,,1,EUS,,
EST,Estonia,2006,33.5,,33.49456,,,33.5,,33.431188,30.085859,33.431,,33.532709,,,1,EUS,,
EST,Estonia,2029,44.48,,,,,,,,,,44.48,,,,1,IMF_WEO_forecast,,
EST,Estonia,2025,45.72945,,44.6941,,,,,,,,45.216,45.729452,,,1,OECD_EO,1,3
EST,Estonia,2028,44.313,,,,,,,,,,44.313,,,,1,IMF_WEO_forecast,1,3
EST,Estonia,1999,40.1,,40.10439,,,40.1,,40.65521,37.640862,40.655,,40.113722,,,1,EUS,,
EST,Estonia,2003,35,,35.04975,,,35,,35.027245,31.681953,35.027,,35.041158,,,1,EUS,,
EST,Estonia,1995,39.7,,39.70101,,,39.7,,39.52723,38.820532,39.527,,39.732623,,,1,EUS,,
EST,Estonia,2012,39.4,,39.39168,,,39.4,,38.876934,35.275918,38.877,,39.398796,,,1,EUS,,
EST,Estonia,2000,36.4,,36.36635,,,36.4,,36.366347,33.952078,36.366,,36.377335,,,1,EUS,,
EST,Estonia,1998,39.1,,39.0771,,,39.1,,38.903159,36.038138,38.903,,39.061791,,,1,EUS,,
EST,Estonia,2017,38.9,,38.85735,,,38.9,,38.4576,35.725257,38.458,,38.90517,,,1,EUS,,
EST,Estonia,2022,40,,40.03727,,,40,,39.310929,36.124921,39.311,,40.027688,,,1,EUS,,
EST,Estonia,2021,42.1,,42.09636,,,42.1,,41.514481,38.712254,41.514,,42.171256,,,1,EUS,,
ETH,Ethiopia,1987,18.381,,,,,,,18.380847,,18.381,,,,,1,IMF_WEO,,
ETH,Ethiopia,2005,22.89,,,,,,,22.890029,,22.89,,,,,1,IMF_WEO,,
ETH,Ethiopia,2006,22.067,,,,,,,22.067016,,22.067,,,,,1,IMF_WEO,,
ETH,Ethiopia,2013,17.756,,,,,,,17.755789,,17.756,,,,,1,IMF_WEO,,
ETH,Ethiopia,2018,16.099,,,,,,,16.099359,,16.099,,,,,1,IMF_WEO,,
ETH,Ethiopia,2020,14.469,,,,,,,14.469255,,14.469,,,,,1,IMF_WEO,,
ETH,Ethiopia,1984,18.824,,,,,,,18.823799,,18.824,,,,,1,IMF_WEO,,
ETH,Ethiopia,2014,17.484,,,,,,,17.483707,,17.484,,,,,1,IMF_WEO,,
ETH,Ethiopia,2028,13.678,,,,,,,,,,13.678,,,,1,IMF_WEO_forecast,,
ETH,Ethiopia,1980,13.496,,,,,,,13.496405,,13.496,,,,,1,IMF_WEO,,
ETH,Ethiopia,2010,18.483,,,,,,,18.483236,,18.483,,,,,1,IMF_WEO,,
ETH,Ethiopia,2026,12.388,,,,,,,,,,12.388,,,,1,IMF_WEO_forecast,,
ETH,Ethiopia,1985,19.698,,,,,,,19.697872,,19.698,,,,,1,IMF_WEO,,
ETH,Ethiopia,2003,27.041,,,,,,,27.041481,,27.041,,,,,1,IMF_WEO,,
ETH,Ethiopia,1997,17.94,,,,,,,17.94031,,17.94,,,,,1,IMF_WEO,,
ETH,Ethiopia,1998,21.13,,,,,,,21.129631,,21.13,,,,,1,IMF_WEO,,
ETH,Ethiopia,2017,17.987,,,,,,,17.98672,,17.987,,,,,1,IMF_WEO,,
ETH,Ethiopia,1994,17.625,,,,,,,17.625161,,17.625,,,,,1,IMF_WEO,,
ETH,Ethiopia,1981,14.183,,,,,,,14.182881,,14.183,,,,,1,IMF_WEO,,
ETH,Ethiopia,2024,9.421,,,,,,,,,,9.4209995,,,,1,IMF_WEO_forecast,1,2
ETH,Ethiopia,2004,23.149,,,,,,,23.149074,,23.149,,,,,1,IMF_WEO,,
ETH,Ethiopia,1986,19.848,,,,,,,19.848027,,19.848,,,,,1,IMF_WEO,,
ETH,Ethiopia,2007,20.521,,,,,,,20.521424,,20.521,,,,,1,IMF_WEO,,
ETH,Ethiopia,2019,15.353,,,,,,,15.352769,,15.353,,,,,1,IMF_WEO,,
ETH,Ethiopia,1991,17.321,,,,,,,17.321037,,17.321,,,,,1,IMF_WEO,,
ETH,Ethiopia,1990,20.859,,,,,,,20.858724,,20.859,,,,,1,IMF_WEO,,
ETH,Ethiopia,1999,26.809,,,,,,,26.808839,,26.809,,,,,1,IMF_WEO,,
ETH,Ethiopia,1983,21.251,,,,,,,21.250653,,21.251,,,,,1,IMF_WEO,,
ETH,Ethiopia,1989,24.017,,,,,,,24.016611,,24.017,,,,,1,IMF_WEO,,
ETH,Ethiopia,1992,14.235,,,,,,,14.235349,,14.235,,,,,1,IMF_WEO,,
ETH,Ethiopia,2012,16.648,,,,,,,16.648241,,16.648,,,,,1,IMF_WEO,,
ETH,Ethiopia,2008,18.756,,,,,,,18.756031,,18.756,,,,,1,IMF_WEO,,
ETH,Ethiopia,2021,13.798,,,,,,,13.797587,,13.798,,,,,1,IMF_WEO,,
ETH,Ethiopia,2002,24.87,,,,,,,24.869546,,24.87,,,,,1,IMF_WEO,,
ETH,Ethiopia,1995,17.389,,,,,,,17.389497,,17.389,,,,,1,IMF_WEO,,
ETH,Ethiopia,2009,17.113,,,,,,,17.112775,,17.113,,,,,1,IMF_WEO,,
ETH,Ethiopia,2027,13.335,,,,,,,,,,13.335,,,,1,IMF_WEO_forecast,,
ETH,Ethiopia,2011,18.228,,,,,,,18.22813,,18.228,,,,,1,IMF_WEO,,
ETH,Ethiopia,2015,17.326,,,,,,,17.325735,,17.326,,,,,1,IMF_WEO,,
ETH,Ethiopia,1993,13.773,,,,,,,13.773496,,13.773,,,,,1,IMF_WEO,,
ETH,Ethiopia,2029,13.909,,,,,,,,,,13.909,,,,1,IMF_WEO_forecast,,
ETH,Ethiopia,1996,18.789,,,,,,,18.789349,,18.789,,,,,1,IMF_WEO,,
ETH,Ethiopia,1988,21.57,,,,,,,21.569994,,21.57,,,,,1,IMF_WEO,,
ETH,Ethiopia,2000,25.598,,,,,,,25.598295,,25.598,,,,,1,IMF_WEO,,
ETH,Ethiopia,2025,11.293,,,,,,,,,,11.293,,,,1,IMF_WEO_forecast,,
ETH,Ethiopia,1982,16.407,,,,,,,16.407416,,16.407,,,,,1,IMF_WEO,,
ETH,Ethiopia,2001,22.438,,,,,,,22.438067,,22.438,,,,,1,IMF_WEO,,
ETH,Ethiopia,2022,12.696,,,,,,,12.69646,,12.696,,,,,1,IMF_WEO,,
ETH,Ethiopia,2016,17.913,,,,,,,17.912969,,17.913,,,,,1,IMF_WEO,,
ETH,Ethiopia,2023,10.82146,,,,,,,10.821464,,,10.821,,,,1,IMF_FPP,1,2
FIN,Finland,1930,24.53796,,,,,,,19.75,,,,,,,1.242428,IMF_FPP,,
FIN,Finland,2026,57.00985,,58.8777,,,,,,,,55.742001,57.009847,,,1,OECD_EO,,
FIN,Finland,1997,56.05341,,56.05341,,,56.1,,56.07,53.849626,54.913,,56.053411,,,1,OECD_EO,,
FIN,Finland,1941,72.53347,,,,,,,58.380402,,,,,,,1.242428,IMF_FPP,,
FIN,Finland,1888,9.25731,,,,,,,7.4509802,,,,,,,1.242428,IMF_FPP,,
FIN,Finland,1909,17.14365,,,,,,,13.7985,,,,,,,1.242428,IMF_FPP,,
FIN,Finland,1939,27.77188,,,,,,,22.3529,,,,,,,1.242428,IMF_FPP,,
FIN,Finland,1925,22.61568,,,,,,,18.202801,,,,,,,1.242428,IMF_FPP,,
FIN,Finland,1938,17.52309,,,,,,,14.1039,,,,,,,1.242428,IMF_FPP,,
FIN,Finland,1901,14.80341,,,,,,,11.9149,,,,,,,1.242428,IMF_FPP,,
FIN,Finland,1889,8.208899,,,,,,,6.6071401,,,,,,,1.242428,IMF_FPP,,
FIN,Finland,1951,25.79393,,,,,,44.397083,20.7609,,,,,,,1.242428,IMF_FPP,,
FIN,Finland,2009,54.0925,,54.0925,,,54.1,,54.09,52.357003,54.091,,54.092497,,,1,OECD_EO,,
FIN,Finland,2025,57.34942,,58.937,,,,,,,,56.542,57.349424,,,1,OECD_EO,,
FIN,Finland,1884,9.500924,,,,,,,7.6470599,,,,,,,1.242428,IMF_FPP,,
FIN,Finland,1942,52.8693,,,,,,,42.5532,,,,,,,1.242428,IMF_FPP,,
FIN,Finland,1905,13.67814,,,,,,,11.0092,,,,,,,1.242428,IMF_FPP,,
FIN,Finland,1981,41.24734,,41.07514,,,41,,41.04,35.121493,44.542,,41.247338,,,1,OECD_EO,,
FIN,Finland,2029,56.0402,,,,,,,,,,54.814999,,,,1.022352,IMF_WEO_forecast,,
FIN,Finland,1949,34.33463,,,,,,34.953104,27.635099,,,,,,,1.242428,IMF_FPP,,
FIN,Finland,1923,22.88677,,,,,,,18.421,,,,,,,1.242428,IMF_FPP,,
FIN,Finland,2000,47.93234,,47.93234,,,47.9,,47.94,46.570762,46.929,,47.932339,,,1,OECD_EO,,
FIN,Finland,1917,16.08237,,,,,,,12.9443,,,,,,,1.242428,IMF_FPP,,
FIN,Finland,1973,32.17467,,,,,,,21.7955,28.132935,,,32.174672,,,1,OECD_EO,,
FIN,Finland,1990,47.88048,,47.92931,,,47.9,,47.88,38.108163,47.084,,47.88048,,,1,OECD_EO,,
FIN,Finland,1962,28.11146,,,,,,32.526161,23.9391,,,,28.111462,,,1,OECD_EO,,
FIN,Finland,1950,29.66385,,,,,,40.645042,23.8757,,,,,,,1.242428,IMF_FPP,,
FIN,Finland,2006,48.06347,,48.06347,,,48.1,,48.07,46.806394,48.272,,48.063473,,,1,OECD_EO,,
FIN,Finland,1924,19.47084,,,,,,,15.6716,,,,,,,1.242428,IMF_FPP,,
FIN,Finland,2007,46.5698,,46.5698,,,46.6,,46.57,45.107159,46.68,,46.569799,,,1,OECD_EO,,
FIN,Finland,1969,32.67166,,,,,,36.684961,22.151199,,,,32.671656,,,1,OECD_EO,,
FIN,Finland,1963,29.63671,,,,,,34.765681,21.6262,,,,29.636714,,,1,OECD_EO,,
FIN,Finland,1992,61.80855,,61.87111,,,61.8,,61.8,50.752541,60.812,,61.808553,,,1,OECD_EO,,
FIN,Finland,1910,14.57281,,,,,,,11.7293,,,,,,,1.242428,IMF_FPP,,
FIN,Finland,2011,53.83218,,53.83218,,,53.8,,53.744656,52.189421,53.745,,53.832182,,,1,OECD_EO,,
FIN,Finland,1913,14.36558,,,,,,,11.5625,,,,,,,1.242428,IMF_FPP,,
FIN,Finland,1895,10.16533,,,,,,,8.1818199,,,,,,,1.242428,IMF_FPP,,
FIN,Finland,2005,49.01862,,49.01862,,,49,,49.02,47.519828,49.192,,49.01862,,,1,OECD_EO,,
FIN,Finland,1991,56.68542,,56.74926,,,56.7,,56.68,45.81168,55.762,,56.685421,,,1,OECD_EO,,
FIN,Finland,1896,9.145653,,,,,,,7.3611102,,,,,,,1.242428,IMF_FPP,,
FIN,Finland,1994,62.54661,,62.5359,,,62.5,,62.58,51.365913,62.207,,62.54661,,,1,OECD_EO,,
FIN,Finland,1952,26.29674,,,,,,34.177399,21.1656,,,,,,,1.242428,IMF_FPP,,
FIN,Finland,1935,20.46615,,,,,,,16.4727,,,,,,,1.242428,IMF_FPP,,
FIN,Finland,1944,57.78733,,,,,,,46.5116,,,,,,,1.242428,IMF_FPP,,
FIN,Finland,1945,36.592,,,,,,,29.452,,,,,,,1.242428,IMF_FPP,,
FIN,Finland,2018,52.66596,,52.66596,,,52.7,,53.738815,50.893685,53.739,,52.665962,,,1,OECD_EO,,
FIN,Finland,1921,20.83577,,,,,,,16.770201,,,,,,,1.242428,IMF_FPP,,
FIN,Finland,1954,24.63947,,,,,,36.067442,19.831699,,,,,,,1.242428,IMF_FPP,,
FIN,Finland,1986,46.836,,46.9628,,,46.9,,46.94,38.824229,50.038,,46.836002,,,1,OECD_EO,,
FIN,Finland,1957,26.26978,,,,,,37.232224,21.1439,,,,,,,1.242428,IMF_FPP,,
FIN,Finland,1953,28.17455,,,,,,35.168475,22.677,,,,,,,1.242428,IMF_FPP,,
FIN,Finland,1959,25.64062,,,,,,37.380498,20.637501,,,,,,,1.242428,IMF_FPP,1,3
FIN,Finland,1995,61.01733,,61.01733,,,61,,61.05,59.479554,60.032,,61.017328,,,1,OECD_EO,,
FIN,Finland,1965,32.13089,,,,,,37.213643,23.2143,,,,32.130886,,,1,OECD_EO,,
FIN,Finland,1967,34.1272,,,,,,38.575307,23.546301,,,,34.127198,,,1,OECD_EO,,
FIN,Finland,1971,33.06864,,,,,,37.412223,22.842899,,,,33.068639,,,1,OECD_EO,,
FIN,Finland,1974,33.05295,,,,,,,22.909,29.427651,,,33.052947,,,1,OECD_EO,,
FIN,Finland,1928,22.93709,,,,,,,18.4615,,,,,,,1.242428,IMF_FPP,,
FIN,Finland,1931,24.7903,,,,,,,19.9531,,,,,,,1.242428,IMF_FPP,,
FIN,Finland,1922,17.96961,,,,,,,14.4633,,,,,,,1.242428,IMF_FPP,,
FIN,Finland,1978,41.28821,,41.32761,,,,,41.28,35.984768,,,41.288208,,,1,OECD_EO,,
FIN,Finland,1998,52.31045,,52.31045,,,52.3,,52.32,50.483679,51.337,,52.310452,,,1,OECD_EO,,
FIN,Finland,1887,11.13008,,,,,,,8.9583302,,,,,,,1.242428,IMF_FPP,,
FIN,Finland,1927,19.59409,,,,,,,15.7708,,,,,,,1.242428,IMF_FPP,,
FIN,Finland,1918,24.96362,,,,,,,20.0926,,,,,,,1.242428,IMF_FPP,,
FIN,Finland,2024,57.60016,,57.76245,,,57.8,,,,,56.769001,57.60016,,,1,OECD_EO,,
FIN,Finland,2002,48.45931,,48.45931,,,48.5,,48.47,46.763676,47.456,,48.45931,,,1,OECD_EO,,
FIN,Finland,2004,49.12341,,49.12341,,,49.1,,49.12,47.229134,48.19,,49.123415,,,1,OECD_EO,,
FIN,Finland,1983,44.37776,,44.40744,,,44.4,,44.39,37.656992,48.197,,44.377758,,,1,OECD_EO,,
FIN,Finland,1934,19.51706,,,,,,,15.7088,,,,,,,1.242428,IMF_FPP,,
FIN,Finland,1908,16.69824,,,,,,,13.44,,,,,,,1.242428,IMF_FPP,,
FIN,Finland,1903,12.67029,,,,,,,10.198,,,,,,,1.242428,IMF_FPP,,
FIN,Finland,1960,27.91625,,,,,,36.470961,22.469101,,,,27.91625,,,1,OECD_EO,,
FIN,Finland,1900,8.453632,,,,,,,6.8041201,,,,,,,1.242428,IMF_FPP,,
FIN,Finland,1946,56.73189,,,,,,,45.662102,,,,,,,1.242428,IMF_FPP,,
FIN,Finland,2008,47.87622,,47.87622,,,47.9,,47.88,46.356041,47.875,,47.876223,,,1,OECD_EO,,
FIN,Finland,1898,13.41264,,,,,,,10.7955,,,,,,,1.242428,IMF_FPP,,
FIN,Finland,2012,55.69723,,55.69723,,,55.7,,55.621376,53.936061,55.621,,55.697232,,,1,OECD_EO,,
FIN,Finland,1912,13.56868,,,,,,,10.9211,,,,,,,1.242428,IMF_FPP,,
FIN,Finland,2010,54.01787,,54.01787,,,54,,53.91,52.491934,53.903,,54.017869,,,1,OECD_EO,,
FIN,Finland,1932,17.33623,,,,,,,13.9535,,,,,,,1.242428,IMF_FPP,,
FIN,Finland,1915,14.29153,,,,,,,11.5029,,,,,,,1.242428,IMF_FPP,,
FIN,Finland,1996,59.4585,,59.4585,,,59.5,,59.5,57.592398,58.49,,59.458505,,,1,OECD_EO,,
FIN,Finland,1914,14.71917,,,,,,,11.8471,,,,,,,1.242428,IMF_FPP,,
FIN,Finland,2021,55.11368,,55.11368,,,55.1,,56.271004,53.69949,56.271,,55.113682,,,1,OECD_EO,,
FIN,Finland,2013,57.10649,,57.10649,,,57.1,,57.04605,55.409662,57.046,,57.106493,,,1,OECD_EO,,
FIN,Finland,1955,25.90066,,,,,,35.664129,20.8468,,,,,,,1.242428,IMF_FPP,,
FIN,Finland,1906,11.99586,,,,,,,9.6551704,,,,,,,1.242428,IMF_FPP,,
FIN,Finland,2016,55.10368,,55.10368,,,55.1,,56.111479,53.580385,56.111,,55.103678,,,1,OECD_EO,,
FIN,Finland,2020,56.45277,,56.45277,,,56.5,,57.585231,54.324899,57.585,,56.452766,,,1,OECD_EO,,
FIN,Finland,1904,14.33576,,,,,,,11.5385,,,,,,,1.242428,IMF_FPP,,
FIN,Finland,1920,18.95387,,,,,,,15.2555,,,,,,,1.242428,IMF_FPP,,
FIN,Finland,1999,50.97488,,50.97488,,,51,,50.98,49.210327,49.925,,50.974875,,,1,OECD_EO,,
FIN,Finland,1956,27.21117,,,,,,37.297771,21.9016,,,,,,,1.242428,IMF_FPP,,
FIN,Finland,1892,8.147076,,,,,,,6.5573802,,,,,,,1.242428,IMF_FPP,,
FIN,Finland,1937,20.53312,,,,,,,16.5266,,,,,,,1.242428,IMF_FPP,,
FIN,Finland,1916,13.70249,,,,,,,11.0288,,,,,,,1.242428,IMF_FPP,,
FIN,Finland,1972,33.60985,,,,,,37.511799,20.428301,28.784684,,,33.60985,,,1,OECD_EO,,
FIN,Finland,2028,56.24978,,,,,,,,,,55.02,,,,1.022352,IMF_WEO_forecast,1,3
FIN,Finland,2023,55.74711,,55.98282,,,56,,56.648835,54.487048,,56.648998,55.74711,,,1,OECD_EO,,
FIN,Finland,1891,7.691228,,,,,,,6.1904802,,,,,,,1.242428,IMF_FPP,,
FIN,Finland,1893,8.416446,,,,,,,6.7741899,,,,,,,1.242428,IMF_FPP,,
FIN,Finland,1985,46.3027,,46.30268,,,46.3,,46.29,38.183002,49.399,,46.302703,,,1,OECD_EO,,
FIN,Finland,1984,44.48627,,44.39745,,,44.4,,44.38,36.824158,47.519,,44.486272,,,1,OECD_EO,,
FIN,Finland,1993,64.12569,,64.11417,,,64.1,,64.16,53.136069,63.66,,64.125686,,,1,OECD_EO,,
FIN,Finland,2022,52.63223,,52.63682,,,52.6,,53.870752,51.308413,53.871,,52.632232,,,1,OECD_EO,,
FIN,Finland,1911,14.09846,,,,,,,11.3475,,,,,,,1.242428,IMF_FPP,,
FIN,Finland,2027,56.51048,,58.36198,,,,,,,,55.275002,,,,.9682756,AMECO,1,3
FIN,Finland,1964,31.21003,,,,,,35.41903,22.8008,,,,31.210027,,,1,OECD_EO,,
FIN,Finland,1883,9.013694,,,,,,,7.2549,,,,,,,1.242428,IMF_FPP,,
FIN,Finland,2003,49.33493,,49.33493,,,49.3,,49.34,47.597453,48.285,,49.334933,,,1,OECD_EO,,
FIN,Finland,1988,46.0529,,46.45981,,,46.4,,46.43,37.047404,49.546,,46.052903,,,1,OECD_EO,,
FIN,Finland,1958,27.47345,,,,,,38.718863,22.1127,,,,,,,1.242428,IMF_FPP,,
FIN,Finland,1947,36.81266,,,,,,,29.629601,,,,,,,1.242428,IMF_FPP,,
FIN,Finland,1987,47.42751,,47.76889,,,47.7,,47.75,39.455188,50.976,,47.427508,,,1,OECD_EO,,
FIN,Finland,1943,50.10975,,,,,,,40.3321,,,,,,,1.242428,IMF_FPP,,
FIN,Finland,1907,13.13135,,,,,,,10.5691,,,,,,,1.242428,IMF_FPP,,
FIN,Finland,1982,42.85689,,42.76487,,,42.7,,42.74,36.526518,46.429,,42.856887,,,1,OECD_EO,,
FIN,Finland,1977,41.72391,,41.70466,,,,,41.66,36.539453,,,41.723909,,,1,OECD_EO,,
FIN,Finland,1989,44.10802,,44.42582,,,44.4,,44.39,36.129411,46.801,,44.108018,,,1,OECD_EO,,
FIN,Finland,1948,27.69708,,,,,,38.441887,22.2927,,,,,,,1.242428,IMF_FPP,,
FIN,Finland,1926,22.42969,,,,,,,18.053101,,,,,,,1.242428,IMF_FPP,,
FIN,Finland,1976,40.13983,,39.84135,,,,,39.84,35.407985,,,40.139832,,,1,OECD_EO,,
FIN,Finland,1975,38.78967,,38.60983,,,,,38.57,34.360217,,,38.789675,,,1,OECD_EO,,
FIN,Finland,1936,19.92805,,,,,,,16.0396,,,,,,,1.242428,IMF_FPP,,
FIN,Finland,1919,24.3562,,,,,,,19.603701,,,,,,,1.242428,IMF_FPP,,
FIN,Finland,1980,40.23482,,40.13435,,,40.1,,40.08,34.254271,43.864,,40.234816,,,1,OECD_EO,,
FIN,Finland,1970,31.69176,,,,,,35.759531,21.853399,,,,31.691766,,,1,OECD_EO,,
FIN,Finland,2019,52.59938,,52.59938,,,52.6,,53.637881,50.866182,53.638,,52.599385,,,1,OECD_EO,,
FIN,Finland,1966,33.24457,,,,,,37.361589,23.276199,,,,33.244571,,,1,OECD_EO,,
FIN,Finland,1899,9.249196,,,,,,,7.4444499,,,,,,,1.242428,IMF_FPP,,
FIN,Finland,1897,8.386392,,,,,,,6.75,,,,,,,1.242428,IMF_FPP,,
FIN,Finland,2014,57.62503,,57.62503,,,57.6,,57.563819,55.94569,57.564,,57.625027,,,1,OECD_EO,,
FIN,Finland,1940,60.81812,,,,,,,48.951,,,,,,,1.242428,IMF_FPP,,
FIN,Finland,1929,21.14477,,,,,,,17.0189,,,,,,,1.242428,IMF_FPP,,
FIN,Finland,2017,52.8495,,52.8495,,,52.8,,54.013244,51.293245,54.013,,52.849501,,,1,OECD_EO,,
FIN,Finland,1885,10.93337,,,,,,,8.8000002,,,,,,,1.242428,IMF_FPP,,
FIN,Finland,1886,10.14228,,,,,,,8.16327,,,,,,,1.242428,IMF_FPP,,
FIN,Finland,1882,8.526464,,,,,,,6.86274,,,,,,,1.242428,IMF_FPP,,
FIN,Finland,1968,34.06854,,,,,,39.053392,25.4958,,,,34.068543,,,1,OECD_EO,,
FIN,Finland,1894,9.124084,,,,,,,7.34375,,,,,,,1.242428,IMF_FPP,,
FIN,Finland,1979,40.36653,,40.37482,,,,,40.31,35.024977,,,40.366533,,,1,OECD_EO,,
FIN,Finland,2015,55.74332,,55.74332,,,55.7,,56.81044,54.797518,56.81,,55.74332,,,1,OECD_EO,,
FIN,Finland,1933,17.4801,,,,,,,14.0693,,,,,,,1.242428,IMF_FPP,,
FIN,Finland,1890,7.661646,,,,,,,6.1666698,,,,,,,1.242428,IMF_FPP,,
FIN,Finland,1902,14.72004,,,,,,,11.8478,,,,,,,1.242428,IMF_FPP,,
FIN,Finland,2001,47.27929,,47.27929,,,47.3,,47.28,45.908736,46.23,,47.27929,,,1,OECD_EO,,
FIN,Finland,1961,26.86547,,,,,,30.799179,22.712,,,,26.865473,,,1,OECD_EO,,
FJI,Fiji,2016,32.082,43.323729,,,,,,32.081746,,32.082,,,,,1,IMF_WEO,,
FJI,Fiji,2015,30.644,36.039801,,,,,,30.64388,,30.644,,,,,1,IMF_WEO,,
FJI,Fiji,2023,30.2,30.2,,,,,,30.338497,,,30.337999,,,,1,ADB,1,2
FJI,Fiji,2007,23.507,31.41435,,,,,,23.507089,,23.507,,,,,1,IMF_WEO,,
FJI,Fiji,2019,30.392,33.088322,,,,,,30.391565,,30.392,,,,,1,IMF_WEO,,
FJI,Fiji,1992,27.105,,,,,,,27.105048,,27.105,,,,,1,IMF_WEO,,
FJI,Fiji,1995,23.508,,,,,,,23.508092,,23.508,,,,,1,IMF_WEO,,
FJI,Fiji,2000,24.173,31.956233,,,,,,24.17334,,24.173,,,,,1,IMF_WEO,,
FJI,Fiji,2004,24.694,31.516834,,,,,,24.694355,,24.694,,,,,1,IMF_WEO,,
FJI,Fiji,2028,31.167,,,,,,,,,,31.167,,,,1,IMF_WEO_forecast,,
FJI,Fiji,1999,24.599,,,,,,,24.598661,,24.599,,,,,1,IMF_WEO,,
FJI,Fiji,2011,26.504,35.499101,,,,,,26.503921,,26.504,,,,,1,IMF_WEO,,
FJI,Fiji,2027,31.26,,,,,,,,,,31.26,,,,1,IMF_WEO_forecast,,
FJI,Fiji,2010,25.548,31.539797,,,,,,25.547916,,25.548,,,,,1,IMF_WEO,,
FJI,Fiji,2013,25.909,30.052705,,,,,,25.90904,,25.909,,,,,1,IMF_WEO,,
FJI,Fiji,1994,24.856,,,,,,,24.855811,,24.856,,,,,1,IMF_WEO,,
FJI,Fiji,2008,22.835,29.92911,,,,,,22.834529,,22.835,,,,,1,IMF_WEO,,
FJI,Fiji,1993,26.696,,,,,,,26.695736,,26.696,,,,,1,IMF_WEO,,
FJI,Fiji,1998,27.717,,,,,,,27.716528,,27.717,,,,,1,IMF_WEO,,
FJI,Fiji,1997,29.24,,,,,,,29.240036,,29.24,,,,,1,IMF_WEO,,
FJI,Fiji,2006,25.396,32.849577,,,,,,25.396043,,25.396,,,,,1,IMF_WEO,,
FJI,Fiji,1996,27.213,,,,,,,27.213244,,27.213,,,,,1,IMF_WEO,,
FJI,Fiji,2017,28.114,32.753411,,,,,,28.113721,,28.114,,,,,1,IMF_WEO,,
FJI,Fiji,2029,30.917,,,,,,,,,,30.917,,,,1,IMF_WEO_forecast,,
FJI,Fiji,2014,30.189,31.910682,,,,,,30.189084,,30.189,,,,,1,IMF_WEO,,
FJI,Fiji,2005,24.035,31.52416,,,,,,24.034599,,24.035,,,,,1,IMF_WEO,,
FJI,Fiji,2024,31.908,,,,,,,,,,31.908001,,,,1,IMF_WEO_forecast,1,2
FJI,Fiji,2021,34.346,42.151072,,,,,,34.345885,,34.346,,,,,1,IMF_WEO,,
FJI,Fiji,2002,28.12,34.484242,,,,,,28.119551,,28.12,,,,,1,IMF_WEO,,
FJI,Fiji,2001,26.989,33.325736,,,,,,26.989238,,26.989,,,,,1,IMF_WEO,,
FJI,Fiji,2012,26.017,31.875854,,,,,,26.016713,,26.017,,,,,1,IMF_WEO,,
FJI,Fiji,2025,31.875,,,,,,,,,,31.875,,,,1,IMF_WEO_forecast,,
FJI,Fiji,2003,26.737,33.199187,,,,,,26.736653,,26.737,,,,,1,IMF_WEO,,
FJI,Fiji,2018,32.478,34.631367,,,,,,32.477928,,32.478,,,,,1,IMF_WEO,,
FJI,Fiji,2009,26.195,34.046536,,,,,,26.195025,,26.195,,,,,1,IMF_WEO,,
FJI,Fiji,2026,31.52,,,,,,,,,,31.52,,,,1,IMF_WEO_forecast,,
FJI,Fiji,2020,31.612,33.687685,,,,,,31.612209,,31.612,,,,,1,IMF_WEO,,
FJI,Fiji,2022,33.526,37.520718,,,,,,33.526088,,33.526,,,,,1,IMF_WEO,,
FRA,France,1998,53.95267,,53.97806,,,54,,52.759399,52.1756,53.977,,53.952675,,,1,OECD_EO,,
FRA,France,1945,,,,,,,,,,,,,,,1.011188,IMF_FPP,,
FRA,France,1951,23.85594,,,,,,,23.591999,,,,,,,1.011188,IMF_FPP,,
FRA,France,1884,13.7474,,,,,,,13.5953,,,,,,,1.011188,IMF_FPP,,
FRA,France,1889,11.97155,,,,,,,11.8391,,,,,,,1.011188,IMF_FPP,,
FRA,France,1893,12.39605,,,,,,,12.2589,,,,,,,1.011188,IMF_FPP,,
FRA,France,2029,56.99632,,,,,,,,,,57.022999,,,,.9995322,IMF_WEO_forecast,,
FRA,France,1910,10.68178,,,,,,,10.5636,,,,,,,1.011188,IMF_FPP,,
FRA,France,1896,12.11332,,,,,,,11.9793,,,,,,,1.011188,IMF_FPP,,
FRA,France,1897,11.7141,,,,,,,11.5845,,,,,,,1.011188,IMF_FPP,,
FRA,France,2021,59.52372,,59.46253,,,59.5,,59.463291,57.929183,59.463,,59.523721,,,1,OECD_EO,,
FRA,France,2009,57.95892,,57.9907,,,58,,56.737701,55.510703,57.995,,57.958923,,,1,OECD_EO,,
FRA,France,2008,54.30278,,54.28244,,,54.3,,53.280899,52.102623,54.281,,54.302775,,,1,OECD_EO,,
FRA,France,1986,51.88758,,52.3441,,,,,51.282501,,53.41,,51.887579,,,1,OECD_EO,,
FRA,France,1984,51.67332,,52.22974,,,,,51.2211,,53.581,,51.673321,,,1,OECD_EO,,
FRA,France,1983,50.77621,,51.34158,,,,,50.237301,,52.602,,50.776215,,,1,OECD_EO,,
FRA,France,1982,50.26616,,50.82185,,,,,49.870399,,50.822,,50.266155,,,1,OECD_EO,,
FRA,France,1979,45.47893,,45.90046,,,,,44.922298,,,,45.478932,,,1,OECD_EO,,
FRA,France,1977,21.67218,,,,,,,21.4324,,,,,,,1.011188,IMF_FPP,1,3
FRA,France,1991,51.22901,,51.69172,,,,,50.691799,43.634174,52.723,,51.229012,,,1,OECD_EO,,
FRA,France,1881,13.80109,,,,,,,13.6484,,,,,,,1.011188,IMF_FPP,,
FRA,France,1928,12.9156,,,,,,,12.7727,,,,,,,1.011188,IMF_FPP,,
FRA,France,1902,11.73271,,,,,,,11.6029,,,,,,,1.011188,IMF_FPP,,
FRA,France,1886,13.20409,,,,,,,13.058,,,,,,,1.011188,IMF_FPP,,
FRA,France,1944,,,,,,,,,,,,,,,1.011188,IMF_FPP,,
FRA,France,1922,,,,,,,,,,,,,,,1.011188,IMF_FPP,,
FRA,France,1947,25.43198,,,,,,,25.1506,,,,,,,1.011188,IMF_FPP,,
FRA,France,1948,24.93791,,,,,,,24.662001,,,,,,,1.011188,IMF_FPP,,
FRA,France,1921,,,,,,,,,,,,,,,1.011188,IMF_FPP,,
FRA,France,1957,21.34728,,,,,,,21.111099,,,,,,,1.011188,IMF_FPP,,
FRA,France,1958,19.81766,,,,,,,19.5984,,,,,,,1.011188,IMF_FPP,,
FRA,France,2003,54.27146,,54.35361,,,54.4,,53.400902,52.262566,54.361,,54.271457,,,1,OECD_EO,,
FRA,France,1960,22.42653,,,,,,,22.1784,,,,,,,1.011188,IMF_FPP,,
FRA,France,1959,20.14802,,,,,,,19.9251,,,,,,,1.011188,IMF_FPP,,
FRA,France,1970,20.72753,,,,,,,20.498199,,,,,,,1.011188,IMF_FPP,,
FRA,France,1971,20.26319,,,,,,,20.039,,,,,,,1.011188,IMF_FPP,,
FRA,France,1898,11.18333,,,,,,,11.0596,,,,,,,1.011188,IMF_FPP,,
FRA,France,2000,52.55196,,52.61891,,,52.6,,51.6889,50.576234,52.622,,52.551955,,,1,OECD_EO,,
FRA,France,1973,19.96954,,,,,,,19.7486,,,,,,,1.011188,IMF_FPP,,
FRA,France,1937,17.77334,,,,,,,17.5767,,,,,,,1.011188,IMF_FPP,,
FRA,France,1912,9.716502,,,,,,,9.6090002,,,,,,,1.011188,IMF_FPP,,
FRA,France,1894,12.38715,,,,,,,12.2501,,,,,,,1.011188,IMF_FPP,,
FRA,France,1911,10.19955,,,,,,,10.0867,,,,,,,1.011188,IMF_FPP,,
FRA,France,1926,13.93922,,,,,,,13.785,,,,,,,1.011188,IMF_FPP,,
FRA,France,2007,53.59036,,53.63023,,,53.6,,52.608799,51.483341,53.631,,53.59036,,,1,OECD_EO,,
FRA,France,1988,50.68995,,51.04547,,,,,50.0564,,52.019,,50.689945,,,1,OECD_EO,,
FRA,France,1891,11.23197,,,,,,,11.1077,,,,,,,1.011188,IMF_FPP,,
FRA,France,1924,,,,,,,,,,,,,,,1.011188,IMF_FPP,,
FRA,France,1997,55.54923,,55.56826,,,55.6,,54.183102,53.958845,55.565,,55.549228,,,1,OECD_EO,,
FRA,France,1952,25.58922,,,,,,,25.306101,,,,,,,1.011188,IMF_FPP,,
FRA,France,1989,49.43603,,49.88505,,,,,48.926998,,50.886,,49.436031,,,1,OECD_EO,,
FRA,France,1946,22.36777,,,,,,,22.1203,,,,,,,1.011188,IMF_FPP,,
FRA,France,1972,19.99694,,,,,,,19.7757,,,,,,,1.011188,IMF_FPP,,
FRA,France,2006,53.68996,,53.75025,,,53.8,,52.9758,51.622343,53.748,,53.689965,,,1,OECD_EO,,
FRA,France,1883,13.78906,,,,,,,13.6365,,,,,,,1.011188,IMF_FPP,,
FRA,France,1949,25.83635,,,,,,,25.550501,,,,,,,1.011188,IMF_FPP,,
FRA,France,1931,20.29332,,,,,,,20.0688,,,,,,,1.011188,IMF_FPP,,
FRA,France,2015,57.56641,,57.60002,,,57.6,,57.595114,56.146846,57.595,,57.566409,,,1,OECD_EO,,
FRA,France,1920,,,,,,,,,,,,,,,1.011188,IMF_FPP,,
FRA,France,1885,13.96723,,,,,,,13.8127,,,,,,,1.011188,IMF_FPP,,
FRA,France,2023,56.95926,,56.86781,,,56.9,,56.989394,55.362197,,56.988998,56.959262,,,1,OECD_EO,,
FRA,France,2014,58.31256,,58.39392,,,58.4,,58.391639,56.705845,58.392,,58.312566,,,1,OECD_EO,,
FRA,France,1950,24.38742,,,,,,,24.117599,,,,,,,1.011188,IMF_FPP,,
FRA,France,1923,,,,,,,,,,,,,,,1.011188,IMF_FPP,,
FRA,France,1996,55.99686,,56.0175,,,56,,54.500301,53.849583,56.016,,55.996862,,,1,OECD_EO,,
FRA,France,1880,13.39146,,,,,,,13.2433,,,,,,,1.011188,IMF_FPP,,
FRA,France,1939,,,,,,,,,,,,,,,1.011188,IMF_FPP,,
FRA,France,1967,21.6287,,,,,,,21.3894,,,,,,,1.011188,IMF_FPP,,
FRA,France,1936,16.09346,,,,,,,15.9154,,,,,,,1.011188,IMF_FPP,,
FRA,France,2018,56.32817,,56.36636,,,56.4,,56.369231,54.929728,56.369,,56.328174,,,1,OECD_EO,,
FRA,France,1976,21.93519,,,,,,,21.692499,,,,,,,1.011188,IMF_FPP,,
FRA,France,1882,13.38691,,,,,,,13.2388,,,,,,,1.011188,IMF_FPP,,
FRA,France,2005,54.31048,,54.26315,,,54.3,,53.569401,52.005116,54.261,,54.310482,,,1,OECD_EO,,
FRA,France,1903,10.73214,,,,,,,10.6134,,,,,,,1.011188,IMF_FPP,,
FRA,France,1942,,,,,,,,,,,,,,,1.011188,IMF_FPP,,
FRA,France,1993,55.23159,,55.55865,,,,,55.07,47.491583,56.537,,55.231588,,,1,OECD_EO,,
FRA,France,1985,52.27264,,52.87738,,,,,51.883999,,54.177,,52.272639,,,1,OECD_EO,,
FRA,France,1955,20.11272,,,,,,,19.8902,,,,,,,1.011188,IMF_FPP,,
FRA,France,1956,21.68027,,,,,,,21.440399,,,,,,,1.011188,IMF_FPP,,
FRA,France,1940,,,,,,,,,,,,,,,1.011188,IMF_FPP,,
FRA,France,2001,52.78119,,52.82275,,,52.8,,51.6628,50.702098,52.821,,52.781187,,,1,OECD_EO,,
FRA,France,1934,24.67621,,,,,,,24.4032,,,,,,,1.011188,IMF_FPP,,
FRA,France,2011,57.04192,,57.01378,,,57,,57.008711,54.981939,57.009,,57.041923,,,1,OECD_EO,,
FRA,France,1888,12.6812,,,,,,,12.5409,,,,,,,1.011188,IMF_FPP,,
FRA,France,1968,22.98278,,,,,,,22.7285,,,,,,,1.011188,IMF_FPP,,
FRA,France,1906,10.9367,,,,,,,10.8157,,,,,,,1.011188,IMF_FPP,,
FRA,France,1975,22.28516,,,,,,,22.038601,,,,,,,1.011188,IMF_FPP,,
FRA,France,2012,57.90297,,57.89211,,,57.9,,57.889553,55.860923,57.89,,57.90297,,,1,OECD_EO,,
FRA,France,2010,57.77129,,57.71135,,,57.7,,56.627102,55.329073,57.718,,57.771285,,,1,OECD_EO,,
FRA,France,1890,11.48284,,,,,,,11.3558,,,,,,,1.011188,IMF_FPP,,
FRA,France,1943,,,,,,,,,,,,,,,1.011188,IMF_FPP,,
FRA,France,2016,57.42046,,57.38136,,,57.4,,57.379205,55.933949,57.379,,57.420462,,,1,OECD_EO,,
FRA,France,1914,,,,,,,,,,,,,,,1.011188,IMF_FPP,,
FRA,France,1916,,,,,,,,,,,,,,,1.011188,IMF_FPP,,
FRA,France,1899,11.14228,,,,,,,11.019,,,,,,,1.011188,IMF_FPP,,
FRA,France,1901,12.27622,,,,,,,12.1404,,,,,,,1.011188,IMF_FPP,,
FRA,France,1938,,,,,,,,,,,,,,,1.011188,IMF_FPP,,
FRA,France,1980,46.41278,,46.8562,,,,,45.960999,,46.856,,46.412785,,,1,OECD_EO,,
FRA,France,2020,61.73008,,61.69916,,,61.7,,61.696709,60.126439,61.697,,61.730085,,,1,OECD_EO,,
FRA,France,1990,50.10706,,50.59184,,,,,49.5835,42.279812,51.61,,50.107056,,,1,OECD_EO,,
FRA,France,1932,16.53171,,,,,,,16.348801,,,,,,,1.011188,IMF_FPP,,
FRA,France,2022,58.43023,,58.41496,,,58.4,,58.397212,56.852278,58.397,,58.430228,,,1,OECD_EO,,
FRA,France,1930,18.85481,,,,,,,18.6462,,,,,,,1.011188,IMF_FPP,,
FRA,France,1963,22.84435,,,,,,,22.5916,,,,,,,1.011188,IMF_FPP,,
FRA,France,1909,10.55538,,,,,,,10.4386,,,,,,,1.011188,IMF_FPP,,
FRA,France,1981,48.97057,,49.46904,,,,,48.531601,,49.469,,48.970564,,,1,OECD_EO,,
FRA,France,1904,11.12671,,,,,,,11.0036,,,,,,,1.011188,IMF_FPP,,
FRA,France,1941,,,,,,,,,,,,,,,1.011188,IMF_FPP,,
FRA,France,1961,22.15189,,,,,,,21.906799,,,,,,,1.011188,IMF_FPP,,
FRA,France,1962,21.92285,,,,,,,21.6803,,,,,,,1.011188,IMF_FPP,,
FRA,France,2002,53.85481,,53.92454,,,53.9,,52.873798,51.834939,53.924,,53.854809,,,1,OECD_EO,,
FRA,France,2013,58.52015,,58.59207,,,58.6,,58.589329,56.562816,58.589,,58.520149,,,1,OECD_EO,,
FRA,France,2017,57.58953,,57.66269,,,57.7,,57.665094,56.294846,57.665,,57.589531,,,1,OECD_EO,,
FRA,France,1992,52.5971,,53.03791,,,,,52.000599,45.179071,54.01,,52.597096,,,1,OECD_EO,,
FRA,France,1915,,,,,,,,,,,,,,,1.011188,IMF_FPP,,
FRA,France,1969,21.7017,,,,,,,21.461599,,,,,,,1.011188,IMF_FPP,,
FRA,France,2026,56.7739,,57.39625,,,,,,,,57.013,56.773899,,,1,OECD_EO,,
FRA,France,1913,10.33606,,,,,,,10.2217,,,,,,,1.011188,IMF_FPP,,
FRA,France,1887,13.1144,,,,,,,12.9693,,,,,,,1.011188,IMF_FPP,,
FRA,France,1954,22.40842,,,,,,,22.1605,,,,,,,1.011188,IMF_FPP,,
FRA,France,1917,,,,,,,,,,,,,,,1.011188,IMF_FPP,,
FRA,France,1994,54.65498,,54.94695,,,,,54.0662,47.75729,55.884,,54.654979,,,1,OECD_EO,,
FRA,France,1929,17.9593,,,,,,,17.760599,,,,,,,1.011188,IMF_FPP,,
FRA,France,1919,,,,,,,,,,,,,,,1.011188,IMF_FPP,,
FRA,France,1987,51.29842,,51.75381,,,,,50.710999,,52.793,,51.298418,,,1,OECD_EO,,
FRA,France,2028,57.00332,,,,,,,,,,57.029999,,,,.9995322,IMF_WEO_forecast,1,3
FRA,France,1900,11.54948,,,,,,,11.4217,,,,,,,1.011188,IMF_FPP,,
FRA,France,1933,24.15747,,,,,,,23.8902,,,,,,,1.011188,IMF_FPP,,
FRA,France,1905,11.28546,,,,,,,11.1606,,,,,,,1.011188,IMF_FPP,,
FRA,France,1999,53.69867,,53.6566,,,53.7,,52.599701,51.821929,53.657,,53.698674,,,1,OECD_EO,,
FRA,France,1966,21.62738,,,,,,,21.3881,,,,,,,1.011188,IMF_FPP,,
FRA,France,1964,21.26336,,,,,,,21.028099,,,,,,,1.011188,IMF_FPP,,
FRA,France,1995,56.00172,,56.05281,,,56.1,,54.390598,53.752317,56.047,,56.001721,,,1,OECD_EO,,
FRA,France,1935,20.4719,,,,,,,20.245399,,,,,,,1.011188,IMF_FPP,,
FRA,France,1908,10.89312,,,,,,,10.7726,,,,,,,1.011188,IMF_FPP,,
FRA,France,2025,57.09754,,57.75225,,,,,,,,57.118999,57.097544,,,1,OECD_EO,,
FRA,France,2027,57.06429,,57.68982,,,,,,,,57.091,,,,.9891569,AMECO,1,3
FRA,France,1965,21.29106,,,,,,,21.0555,,,,,,,1.011188,IMF_FPP,,
FRA,France,1953,25.44492,,,,,,,25.163401,,,,,,,1.011188,IMF_FPP,,
FRA,France,2024,57.28437,,57.25518,,,57.3,,,,,57.236,57.284375,,,1,OECD_EO,,
FRA,France,1978,45.2104,,45.64548,,,,,44.710201,,,,45.210405,,,1,OECD_EO,,
FRA,France,1895,12.78222,,,,,,,12.6408,,,,,,,1.011188,IMF_FPP,,
FRA,France,1907,10.12725,,,,,,,10.0152,,,,,,,1.011188,IMF_FPP,,
FRA,France,1892,11.90957,,,,,,,11.7778,,,,,,,1.011188,IMF_FPP,,
FRA,France,1918,,,,,,,,,,,,,,,1.011188,IMF_FPP,,
FRA,France,2004,54.10119,,54.00048,,,54,,53.260502,51.81663,54,,54.101189,,,1,OECD_EO,,
FRA,France,1927,14.03953,,,,,,,13.8842,,,,,,,1.011188,IMF_FPP,,
FRA,France,2019,55.28363,,55.34705,,,55.3,,55.344796,53.626089,55.345,,55.283629,,,1,OECD_EO,,
FRA,France,1925,11.32945,,,,,,,11.2041,,,,,,,1.011188,IMF_FPP,,
FRA,France,1974,20.09715,,,,,,,19.8748,,,,,,,1.011188,IMF_FPP,,
FSM,Micronesia (Federated States of),2019,57.413,57.412768,,,,,,57.412768,,57.413,,,,,1,IMF_WEO,,
FSM,Micronesia (Federated States of),2025,65.777,,,,,,,,,,65.777,,,,1,IMF_WEO_forecast,,
FSM,Micronesia (Federated States of),2014,55.151,54.239527,,,,,,55.151101,,55.151,,,,,1,IMF_WEO,,
FSM,Micronesia (Federated States of),2028,66.819,,,,,,,,,,66.819,,,,1,IMF_WEO_forecast,,
FSM,Micronesia (Federated States of),2027,66.96,,,,,,,,,,66.959999,,,,1,IMF_WEO_forecast,,
FSM,Micronesia (Federated States of),1996,72.831,,,,,,,72.830986,,72.831,,,,,1,IMF_WEO,,
FSM,Micronesia (Federated States of),2011,66.241,65.283145,,,,,,66.241154,,66.241,,,,,1,IMF_WEO,,
FSM,Micronesia (Federated States of),2006,61.41,60.20939,,,,,,61.410347,,61.41,,,,,1,IMF_WEO,,
FSM,Micronesia (Federated States of),2029,66.37,,,,,,,,,,66.370003,,,,1,IMF_WEO_forecast,,
FSM,Micronesia (Federated States of),2000,68.352,,,,,,,68.352231,,68.352,,,,,1,IMF_WEO,,
FSM,Micronesia (Federated States of),2002,60.163,,,,,,,60.163475,,60.163,,,,,1,IMF_WEO,,
FSM,Micronesia (Federated States of),1998,73.335,,,,,,,73.334712,,73.335,,,,,1,IMF_WEO,,
FSM,Micronesia (Federated States of),1995,77.901,,,,,,,77.900973,,77.901,,,,,1,IMF_WEO,,
FSM,Micronesia (Federated States of),2005,60.499,59.440966,,,,,,60.498947,,60.499,,,,,1,IMF_WEO,,
FSM,Micronesia (Federated States of),2016,63.012,61.7,,,,,,63.012148,,63.012,,,,,1,IMF_WEO,,
FSM,Micronesia (Federated States of),2020,60.711,60.711114,,,,,,60.711114,,60.711,,,,,1,IMF_WEO,,
FSM,Micronesia (Federated States of),2023,57.85733,,,,,,,57.857325,,,57.856998,,,,1,IMF_FPP,,
FSM,Micronesia (Federated States of),2001,65.221,,,,,,,65.221241,,65.221,,,,,1,IMF_WEO,,
FSM,Micronesia (Federated States of),2015,56.826,55.7,,,,,,56.825878,,56.826,,,,,1,IMF_WEO,,
FSM,Micronesia (Federated States of),2012,66.026,65.135633,,,,,,66.025508,,66.026,,,,,1,IMF_WEO,,
FSM,Micronesia (Federated States of),2024,62.865,,,,,,,,,,62.865002,,,,1,IMF_WEO_forecast,1,3
FSM,Micronesia (Federated States of),2007,60.373,59.249778,,,,,,60.372628,,60.373,,,,,1,IMF_WEO,,
FSM,Micronesia (Federated States of),1997,65.185,,,,,,,65.185241,,65.185,,,,,1,IMF_WEO,,
FSM,Micronesia (Federated States of),2018,56.936,55.5,,,,,,56.936082,,56.936,,,,,1,IMF_WEO,,
FSM,Micronesia (Federated States of),2021,66.81146,66.811463,,,,,,66.811463,,,66.810997,,,,1,ADB,1,3
FSM,Micronesia (Federated States of),2009,64.871,63.567971,,,,,,64.871008,,64.871,,,,,1,IMF_WEO,,
FSM,Micronesia (Federated States of),2010,68.672,67.213842,,,,,,68.672012,,68.672,,,,,1,IMF_WEO,,
FSM,Micronesia (Federated States of),1999,74.042,,,,,,,74.042353,,74.042,,,,,1,IMF_WEO,,
FSM,Micronesia (Federated States of),2004,72.177,70.765199,,,,,,72.176642,,72.177,,,,,1,IMF_WEO,,
FSM,Micronesia (Federated States of),2008,60.469,59.31514,,,,,,60.468783,,60.469,,,,,1,IMF_WEO,,
FSM,Micronesia (Federated States of),2013,60.39,59.551072,,,,,,60.389822,,60.39,,,,,1,IMF_WEO,,
FSM,Micronesia (Federated States of),2017,65.329,64,,,,,,65.328719,,65.329,,,,,1,IMF_WEO,,
FSM,Micronesia (Federated States of),2022,59.24988,,,,,,,59.249882,,,59.25,,,,1,IMF_FPP,1,3
FSM,Micronesia (Federated States of),2003,68.087,,,,,,,68.087483,,68.087,,,,,1,IMF_WEO,,
FSM,Micronesia (Federated States of),2026,67.024,,,,,,,,,,67.024002,,,,1,IMF_WEO_forecast,,
GAB,Gabon,2003,21.25,,,,,,,21.249731,,21.25,,,,,1,IMF_WEO,,
GAB,Gabon,2001,27.833,,,,,,,27.833093,,27.833,,,,,1,IMF_WEO,,
GAB,Gabon,2005,20.768,,,,,,,20.767639,,20.768,,,,,1,IMF_WEO,,
GAB,Gabon,2020,19.776,,,,,,,19.775629,,19.776,,,,,1,IMF_WEO,,
GAB,Gabon,1994,23.909,,,,,,,23.909007,,23.909,,,,,1,IMF_WEO,,
GAB,Gabon,1995,25.074,,,,,,,25.073729,,25.074,,,,,1,IMF_WEO,,
GAB,Gabon,2000,20.297,,,,,,,20.297272,,20.297,,,,,1,IMF_WEO,,
GAB,Gabon,2013,34.675,,,,,,,34.674569,,34.675,,,,,1,IMF_WEO,,
GAB,Gabon,2026,24.911,,,,,,,,,,24.910999,,,,1,IMF_WEO_forecast,,
GAB,Gabon,2019,17.407,,,,,,,17.40729,,17.407,,,,,1,IMF_WEO,,
GAB,Gabon,1992,26.537,,,,,,,26.537463,,26.537,,,,,1,IMF_WEO,,
GAB,Gabon,2017,18.114,,,,,,,18.113732,,18.114,,,,,1,IMF_WEO,,
GAB,Gabon,1999,25.497,,,,,,,25.496918,,25.497,,,,,1,IMF_WEO,,
GAB,Gabon,1991,25.084,,,,,,,25.083686,,25.084,,,,,1,IMF_WEO,,
GAB,Gabon,2016,21.848,,,,,,,21.847735,,21.848,,,,,1,IMF_WEO,,
GAB,Gabon,2002,25.722,,,,,,,25.722348,,25.722,,,,,1,IMF_WEO,,
GAB,Gabon,2024,23.409,,,,,,,,,,23.409,,,,1,IMF_WEO_forecast,1,2
GAB,Gabon,2021,17.254,,,,,,,17.253928,,17.254,,,,,1,IMF_WEO,,
GAB,Gabon,1990,22.593,,,,,,,22.592699,,22.593,,,,,1,IMF_WEO,,
GAB,Gabon,2004,20.874,,,,,,,20.874029,,20.874,,,,,1,IMF_WEO,,
GAB,Gabon,2009,22.598,,,,,,,22.598283,,22.598,,,,,1,IMF_WEO,,
GAB,Gabon,2028,25.881,,,,,,,,,,25.881001,,,,1,IMF_WEO_forecast,,
GAB,Gabon,2011,22.074,,,,,,,22.073604,,22.074,,,,,1,IMF_WEO,,
GAB,Gabon,2014,23.755,,,,,,,23.755484,,23.755,,,,,1,IMF_WEO,,
GAB,Gabon,2023,22.1866,,,,,,,22.186601,,,22.187,,,,1,IMF_FPP,,
GAB,Gabon,2018,17.13,,,,,,,17.130167,,17.13,,,,,1,IMF_WEO,,
GAB,Gabon,2012,23.95,,,,,,,23.94958,,23.95,,,,,1,IMF_WEO,,
GAB,Gabon,2006,21.135,,,,,,,21.134834,,21.135,,,,,1,IMF_WEO,,
GAB,Gabon,2008,18.929,,,,,,,18.929101,,18.929,,,,,1,IMF_WEO,,
GAB,Gabon,2027,25.434,,,,,,,,,,25.434,,,,1,IMF_WEO_forecast,,
GAB,Gabon,1993,26.879,,,,,,,26.879396,,26.879,,,,,1,IMF_WEO,,
GAB,Gabon,2025,24.529,,,,,,,,,,24.528999,,,,1,IMF_WEO_forecast,,
GAB,Gabon,2029,26.372,,,,,,,,,,26.372,,,,1,IMF_WEO_forecast,,
GAB,Gabon,1997,29.697,,,,,,,29.696819,,29.697,,,,,1,IMF_WEO,,
GAB,Gabon,2010,23.091,,,,,,,23.09072,,23.091,,,,,1,IMF_WEO,,
GAB,Gabon,1996,22.228,,,,,,,22.228005,,22.228,,,,,1,IMF_WEO,,
GAB,Gabon,2022,19.65321,,,,,,,19.653211,,,19.653,,,,1,IMF_FPP,1,2
GAB,Gabon,2015,22.253,,,,,,,22.253334,,22.253,,,,,1,IMF_WEO,,
GAB,Gabon,2007,19.388,,,,,,,19.388374,,19.388,,,,,1,IMF_WEO,,
GAB,Gabon,1998,45.497,,,,,,,45.497146,,45.497,,,,,1,IMF_WEO,,
GBR,United Kingdom,1958,33.8439,,,,,,35.937746,33.843899,,,,,,,1,IMF_FPP,,
GBR,United Kingdom,1832,12.1806,,,,,,,12.1806,,,,,,,1,IMF_FPP,,
GBR,United Kingdom,1992,38.85509,,,,,,,45.004902,35.724899,37.823,,38.855091,,,1,OECD_EO,,
GBR,United Kingdom,1841,11.2196,,,,,,,11.2196,,,,,,,1,IMF_FPP,,
GBR,United Kingdom,1844,10.8717,,,,,,,10.8717,,,,,,,1,IMF_FPP,,
GBR,United Kingdom,2020,52.27223,,,,,,,49.956406,51.11339,49.956,,52.272228,,,1,OECD_EO,,
GBR,United Kingdom,1863,8.53555,,,,,,,8.5355501,,,,,,,1,IMF_FPP,,
GBR,United Kingdom,1988,35.77791,,,,,,,40.271198,33.066695,34.308,,35.777914,,,1,OECD_EO,,
GBR,United Kingdom,2015,42.3177,,,,,,,40.426862,41.337295,40.427,,42.317701,,,1,OECD_EO,,
GBR,United Kingdom,1896,7.2171,,,,,,,7.2171001,,,,,,,1,IMF_FPP,,
GBR,United Kingdom,1837,10.5328,,,,,,,10.5328,,,,,,,1,IMF_FPP,,
GBR,United Kingdom,1986,40.02228,,,,,,,44.639702,36.635244,38.316,,40.022282,,,1,OECD_EO,,
GBR,United Kingdom,2022,46.08495,,,,,,,44.062289,45.066552,44.062,,46.084947,,,1,OECD_EO,,
GBR,United Kingdom,1843,11.9904,,,,,,,11.9904,,,,,,,1,IMF_FPP,,
GBR,United Kingdom,1954,34.4739,,,,,,33.357559,34.4739,,,,,,,1,IMF_FPP,,
GBR,United Kingdom,1998,35.38094,,,,,,,39.4688,36.928055,34.488,,35.380936,,,1,OECD_EO,,
GBR,United Kingdom,1899,8.21143,,,,,,,8.2114296,,,,,,,1,IMF_FPP,,
GBR,United Kingdom,1835,10.1911,,,,,,,10.1911,,,,,,,1,IMF_FPP,,
GBR,United Kingdom,1930,18.6661,,,,,,24.661784,18.6661,,,,,,,1,IMF_FPP,,
GBR,United Kingdom,1875,6.63066,,,,,,,6.6306601,,,,,,,1,IMF_FPP,,
GBR,United Kingdom,1920,20.9615,,,,,,27.380064,20.9615,,,,,,,1,IMF_FPP,,
GBR,United Kingdom,1994,38.55954,,,,,,,44.415798,35.714374,37.508,,38.559537,,,1,OECD_EO,,
GBR,United Kingdom,1869,7.41569,,,,,,,7.4156899,,,,,,,1,IMF_FPP,,
GBR,United Kingdom,1933,19.5697,,,,,,24.98672,19.5697,,,,,,,1,IMF_FPP,,
GBR,United Kingdom,2002,37.49609,,,,,,,41.1022,38.619938,35.961,,37.496087,,,1,OECD_EO,,
GBR,United Kingdom,1993,38.84786,,,,,,,45.043701,35.885459,37.798,,38.847861,,,1,OECD_EO,,
GBR,United Kingdom,1924,18.5896,,,,,,23.797214,18.5896,,,,,,,1,IMF_FPP,,
GBR,United Kingdom,2013,43.72718,,,,,,,41.844859,43.269107,41.845,,43.727184,,,1,OECD_EO,,
GBR,United Kingdom,1937,18.5291,,,,,,24.616191,18.5291,,,,,,,1,IMF_FPP,,
GBR,United Kingdom,1836,9.85028,,,,,,,9.8502798,,,,,,,1,IMF_FPP,,
GBR,United Kingdom,1851,9.55583,,,,,,,9.55583,,,,,,,1,IMF_FPP,,
GBR,United Kingdom,1977,41.81728,,,,,,,46.7649,37.027466,,,41.817282,,,1,OECD_EO,,
GBR,United Kingdom,1996,36.69633,,,,,,,42.2771,37.814247,35.716,,36.696326,,,1,OECD_EO,,
GBR,United Kingdom,1881,6.81669,,,,,,,6.81669,,,,,,,1,IMF_FPP,,
GBR,United Kingdom,1854,13.4077,,,,,,,13.4077,,,,,,,1,IMF_FPP,,
GBR,United Kingdom,1912,8.34089,,,,,,,8.3408899,,,,,,,1,IMF_FPP,,
GBR,United Kingdom,1916,68.4175,,,,,,,68.417503,,,,,,,1,IMF_FPP,,
GBR,United Kingdom,2027,42.743,,,,,,,,,,42.743,,,,1,IMF_WEO_forecast,1,2
GBR,United Kingdom,1950,33.1533,,,,,,33.661182,33.153301,,,,,,,1,IMF_FPP,,
GBR,United Kingdom,2005,40.47023,,,,,,,44.092201,41.038171,38.457,,40.470234,,,1,OECD_EO,,
GBR,United Kingdom,2028,42.747,,,,,,,,,,42.747002,,,,1,IMF_WEO_forecast,,
GBR,United Kingdom,1948,36.6554,,,,,,,36.655399,,,,,,,1,IMF_FPP,,
GBR,United Kingdom,1947,50.4924,,,,,,,50.492401,,,,,,,1,IMF_FPP,,
GBR,United Kingdom,1921,22.4302,,,,,,28.618705,22.430201,,,,,,,1,IMF_FPP,,
GBR,United Kingdom,1838,10.0096,,,,,,,10.0096,,,,,,,1,IMF_FPP,,
GBR,United Kingdom,1846,9.48112,,,,,,,9.4811201,,,,,,,1,IMF_FPP,,
GBR,United Kingdom,1934,18.7586,,,,,,23.432215,18.7586,,,,,,,1,IMF_FPP,,
GBR,United Kingdom,1979,39.84825,,,,,,,45.137901,36.339776,,,39.848249,,,1,OECD_EO,,
GBR,United Kingdom,1872,6.3119,,,,,,,6.3119001,,,,,,,1,IMF_FPP,,
GBR,United Kingdom,1856,11.3116,,,,,,,11.3116,,,,,,,1,IMF_FPP,,
GBR,United Kingdom,1865,7.59889,,,,,,,7.5988898,,,,,,,1,IMF_FPP,,
GBR,United Kingdom,1848,10.1777,,,,,,,10.1777,,,,,,,1,IMF_FPP,,
GBR,United Kingdom,1901,10.7266,,,,,,,10.7266,,,,,,,1,IMF_FPP,,
GBR,United Kingdom,1982,42.71478,,,,,,,50.750099,39.70672,40.871,,42.714775,,,1,OECD_EO,,
GBR,United Kingdom,1922,19.5058,,,,,,26.498543,19.5058,,,,,,,1,IMF_FPP,,
GBR,United Kingdom,1929,17.8089,,,,,,23.536853,17.808901,,,,,,,1,IMF_FPP,,
GBR,United Kingdom,2007,41.09348,,,,,,,43.883499,41.670049,38.618,,41.093474,,,1,OECD_EO,,
GBR,United Kingdom,1941,50.5294,,,,,,,50.5294,,,,,,,1,IMF_FPP,,
GBR,United Kingdom,1975,45.03725,,,,,,48.08044,49.077599,39.59066,,,45.037253,,,1,OECD_EO,,
GBR,United Kingdom,1919,32.0797,,,,,,,32.0797,,,,,,,1,IMF_FPP,,
GBR,United Kingdom,1964,32.787,,,,,,37.682041,32.786999,,,,,,,1,IMF_FPP,,
GBR,United Kingdom,2019,40.79858,,,,,,,38.73436,40.09157,38.734,,40.798578,,,1,OECD_EO,,
GBR,United Kingdom,1956,31.0196,,,,,,35.720395,31.0196,,,,,,,1,IMF_FPP,,
GBR,United Kingdom,1878,7.6555,,,,,,,7.6554999,,,,,,,1,IMF_FPP,,
GBR,United Kingdom,2004,40.03389,,,,,,,42.9585,40.446699,38.058,,40.033887,,,1,OECD_EO,,
GBR,United Kingdom,2001,36.09819,,,,,,,40.165401,37.343332,34.681,,36.098191,,,1,OECD_EO,,
GBR,United Kingdom,1987,37.97419,,,,,,,42.667301,34.813782,36.492,,37.97419,,,1,OECD_EO,,
GBR,United Kingdom,1940,28.3796,,,,,,,28.379601,,,,,,,1,IMF_FPP,,
GBR,United Kingdom,2009,47.2531,,,,,,,51.458801,47.398699,44.653,,47.253103,,,1,OECD_EO,,
GBR,United Kingdom,1915,42.2774,,,,,,32.61269,42.277401,,,,,,,1,IMF_FPP,,
GBR,United Kingdom,2029,42.66,,,,,,,,,,42.66,,,,1,IMF_WEO_forecast,,
GBR,United Kingdom,1938,19.4684,,,,,,28.529373,19.468399,,,,,,,1,IMF_FPP,,
GBR,United Kingdom,1873,6.33435,,,,,,,6.3343501,,,,,,,1,IMF_FPP,,
GBR,United Kingdom,1923,18.9507,,,,,,24.066974,18.950701,,,,,,,1,IMF_FPP,,
GBR,United Kingdom,1845,10.0577,,,,,,,10.0577,,,,,,,1,IMF_FPP,,
GBR,United Kingdom,1886,7.32899,,,,,,,7.32899,,,,,,,1,IMF_FPP,,
GBR,United Kingdom,2021,47.9285,,,,,,,45.856568,46.712479,45.857,,47.928503,,,1,OECD_EO,,
GBR,United Kingdom,1980,41.68464,,,,,,,47.634399,38.173635,39.039,,41.68464,,,1,OECD_EO,,
GBR,United Kingdom,1904,7.96908,,,,,,,7.96908,,,,,,,1,IMF_FPP,,
GBR,United Kingdom,1861,9.6936,,,,,,,9.6935997,,,,,,,1,IMF_FPP,,
GBR,United Kingdom,1883,6.4943,,,,,,,6.4942999,,,,,,,1,IMF_FPP,,
GBR,United Kingdom,2006,40.85662,,,,,,,44.1786,41.301991,38.403,,40.856622,,,1,OECD_EO,,
GBR,United Kingdom,1909,7.80209,,,,,,,7.8020902,,,,,,,1,IMF_FPP,,
GBR,United Kingdom,2017,41.04261,,,,,,,39.156929,40.281789,39.157,,41.042612,,,1,OECD_EO,,
GBR,United Kingdom,1858,10.0476,,,,,,,10.0476,,,,,,,1,IMF_FPP,,
GBR,United Kingdom,1894,7.03626,,,,,,,7.0362601,,,,,,,1,IMF_FPP,,
GBR,United Kingdom,1868,8.46007,,,,,,,8.4600697,,,,,,,1,IMF_FPP,,
GBR,United Kingdom,2003,38.77762,,,,,,,42.121201,39.637807,37.234,,38.777622,,,1,OECD_EO,,
GBR,United Kingdom,1888,6.80031,,,,,,,6.8003101,,,,,,,1,IMF_FPP,,
GBR,United Kingdom,1989,35.34622,,,,,,,39.6782,31.831131,33.764,,35.346219,,,1,OECD_EO,,
GBR,United Kingdom,1892,6.88218,,,,,,,6.8821802,,,,,,,1,IMF_FPP,,
GBR,United Kingdom,1859,10.1766,,,,,,,10.1766,,,,,,,1,IMF_FPP,,
GBR,United Kingdom,2023,46.4366,,,,,,,44.171595,45.470508,,44.172001,46.4366,,,1,OECD_EO,,
GBR,United Kingdom,1884,6.87646,,,,,,,6.8764601,,,,,,,1,IMF_FPP,,
GBR,United Kingdom,1974,42.97081,,,,,,45.775243,47.7784,37.670111,,,42.970815,,,1,OECD_EO,,
GBR,United Kingdom,1985,41.33659,,,,,,,48.696999,37.597376,39.429,,41.336592,,,1,OECD_EO,,
GBR,United Kingdom,1931,20.4522,,,,,,27.196176,20.4522,,,,,,,1,IMF_FPP,,
GBR,United Kingdom,1902,10.4747,,,,,,,10.4747,,,,,,,1,IMF_FPP,,
GBR,United Kingdom,1853,9.42423,,,,,,,9.4242296,,,,,,,1,IMF_FPP,,
GBR,United Kingdom,1945,66.8994,,,,,,,66.899399,,,,,,,1,IMF_FPP,,
GBR,United Kingdom,1908,7.32423,,,,,,,7.3242302,,,,,,,1,IMF_FPP,,
GBR,United Kingdom,1849,9.35852,,,,,,,9.3585196,,,,,,,1,IMF_FPP,,
GBR,United Kingdom,1876,6.85829,,,,,,,6.8582902,,,,,,,1,IMF_FPP,,
GBR,United Kingdom,2010,47.23917,,,,,,,50.562698,47.433625,44.729,,47.239165,,,1,OECD_EO,,
GBR,United Kingdom,1939,20.3121,,,,,,,20.312099,,,,,,,1,IMF_FPP,,
GBR,United Kingdom,1965,34.5695,,,,,,38.897368,34.5695,,,,,,,1,IMF_FPP,,
GBR,United Kingdom,1997,35.79381,,,,,,,40.513699,37.248913,34.904,,35.793813,,,1,OECD_EO,,
GBR,United Kingdom,1971,37.50529,,,,,,41.984708,41.196999,,,,37.505295,,,1,OECD_EO,,
GBR,United Kingdom,2016,41.5075,,,,,,,39.634222,40.473227,39.634,,41.507498,,,1,OECD_EO,,
GBR,United Kingdom,1990,36.19324,,,,,,,41.108299,32.671136,35.04,,36.193237,,,1,OECD_EO,,
GBR,United Kingdom,1927,18.2101,,,,,,24.262996,18.2101,,,,,,,1,IMF_FPP,,
GBR,United Kingdom,1999,34.94212,,,,,,,38.8755,36.560243,33.924,,34.942123,,,1,OECD_EO,,
GBR,United Kingdom,1903,8.43105,,,,,,,8.4310503,,,,,,,1,IMF_FPP,,
GBR,United Kingdom,1880,6.21434,,,,,,,6.2143402,,,,,,,1,IMF_FPP,,
GBR,United Kingdom,1833,11.8932,,,,,,,11.8932,,,,,,,1,IMF_FPP,,
GBR,United Kingdom,2011,45.69912,,,,,,,43.510848,45.917514,43.511,,45.69912,,,1,OECD_EO,,
GBR,United Kingdom,1984,42.56824,,,,,,,50.2742,38.602085,40.288,,42.56824,,,1,OECD_EO,,
GBR,United Kingdom,1983,42.37859,,,,,,,50.379101,38.812342,40.12,,42.378592,,,1,OECD_EO,,
GBR,United Kingdom,1864,8.02775,,,,,,,8.02775,,,,,,,1,IMF_FPP,,
GBR,United Kingdom,1831,11.5411,,,,,,,11.5411,,,,,,,1,IMF_FPP,,
GBR,United Kingdom,1852,9.61539,,,,,,,9.6153898,,,,,,,1,IMF_FPP,,
GBR,United Kingdom,1870,7.02928,,,,,,,7.0292802,,,,,,,1,IMF_FPP,,
GBR,United Kingdom,1972,38.85613,,,,,,42.713793,42.276798,,,,38.85613,,,1,OECD_EO,,
GBR,United Kingdom,1952,32.8737,,,,,,36.492154,32.873699,,,,,,,1,IMF_FPP,,
GBR,United Kingdom,1887,6.87005,,,,,,,6.87005,,,,,,,1,IMF_FPP,,
GBR,United Kingdom,1860,10.4609,,,,,,,10.4609,,,,,,,1,IMF_FPP,,
GBR,United Kingdom,1967,40.0736,,,,,,42.947623,40.073601,,,,,,,1,IMF_FPP,,
GBR,United Kingdom,1900,10.7748,,,,,,14.899287,10.7748,,,,,,,1,IMF_FPP,,
GBR,United Kingdom,1960,33.1362,,,,,,36.104335,33.1362,,,,,,,1,IMF_FPP,,
GBR,United Kingdom,1955,28.6181,,,,,,31.724262,28.618099,,,,,,,1,IMF_FPP,,
GBR,United Kingdom,1943,62.2486,,,,,,,62.2486,,,,,,,1,IMF_FPP,,
GBR,United Kingdom,1942,56.6304,,,,,,,56.630402,,,,,,,1,IMF_FPP,,
GBR,United Kingdom,1978,41.02187,,,,,,,46.1632,36.791676,,,41.021874,,,1,OECD_EO,,
GBR,United Kingdom,1976,44.39729,,,,,,,49.213699,38.397468,,,44.397288,,,1,OECD_EO,,
GBR,United Kingdom,1925,18.1063,,,,,,23.576136,18.1063,,,,,,,1,IMF_FPP,,
GBR,United Kingdom,1910,8.18226,,,,,,12.676347,8.1822596,,,,,,,1,IMF_FPP,,
GBR,United Kingdom,1961,31.4834,,,,,,37.369437,31.4834,,,,,,,1,IMF_FPP,,
GBR,United Kingdom,1917,66.1565,,,,,,35.2998,66.156502,,,,,,,1,IMF_FPP,,
GBR,United Kingdom,1951,28.7576,,,,,,35.524696,28.757601,,,,,,,1,IMF_FPP,,
GBR,United Kingdom,1914,24.5801,,,,,,,24.580099,,,,,,,1,IMF_FPP,,
GBR,United Kingdom,1867,8.11253,,,,,,,8.1125298,,,,,,,1,IMF_FPP,,
GBR,United Kingdom,1905,7.59298,,,,,,12.301799,7.5929799,,,,,,,1,IMF_FPP,,
GBR,United Kingdom,1973,39.18168,,,,,,43.607587,43.510799,32.843886,,,39.181681,,,1,OECD_EO,,
GBR,United Kingdom,1830,11.8289,,,,,,,11.8289,,,,,,,1,IMF_FPP,,
GBR,United Kingdom,1898,7.28342,,,,,,,7.2834201,,,,,,,1,IMF_FPP,,
GBR,United Kingdom,1936,19.4385,,,,,,23.923162,19.438499,,,,,,,1,IMF_FPP,,
GBR,United Kingdom,1895,7.30368,,,,,,10.345889,7.3036799,,,,,,,1,IMF_FPP,,
GBR,United Kingdom,1897,7.45684,,,,,,,7.45684,,,,,,,1,IMF_FPP,,
GBR,United Kingdom,2025,46.7307,,,,,,,,,,43.064999,46.730699,,,1,OECD_EO,,
GBR,United Kingdom,1882,7.00161,,,,,,,7.0016098,,,,,,,1,IMF_FPP,,
GBR,United Kingdom,1879,7.83751,,,,,,,7.8375101,,,,,,,1,IMF_FPP,,
GBR,United Kingdom,1877,7.24537,,,,,,,7.2453699,,,,,,,1,IMF_FPP,,
GBR,United Kingdom,1906,7.34287,,,,,,,7.3428702,,,,,,,1,IMF_FPP,,
GBR,United Kingdom,1866,7.44861,,,,,,,7.4486098,,,,,,,1,IMF_FPP,,
GBR,United Kingdom,2018,40.81677,,,,,,,38.872343,40.79958,38.872,,40.816771,,,1,OECD_EO,,
GBR,United Kingdom,1850,10.2938,,,,,,,10.2938,,,,,,,1,IMF_FPP,,
GBR,United Kingdom,1857,10.1814,,,,,,,10.1814,,,,,,,1,IMF_FPP,,
GBR,United Kingdom,1855,14.4204,,,,,,,14.4204,,,,,,,1,IMF_FPP,,
GBR,United Kingdom,1842,11.9747,,,,,,,11.9747,,,,,,,1,IMF_FPP,,
GBR,United Kingdom,1970,38.30799,,,,,,42.315827,42.001499,,,,38.307989,,,1,OECD_EO,,
GBR,United Kingdom,1839,9.64689,,,,,,,9.6468897,,,,,,,1,IMF_FPP,,
GBR,United Kingdom,1834,11.1313,,,,,,,11.1313,,,,,,,1,IMF_FPP,,
GBR,United Kingdom,1946,60.7661,,,,,,,60.766102,,,,,,,1,IMF_FPP,,
GBR,United Kingdom,2024,46.32635,,,,,,,,,,43.380001,46.326356,,,1,OECD_EO,,
GBR,United Kingdom,2014,43.03146,,,,,,,41.187341,42.185455,41.187,,43.031462,,,1,OECD_EO,,
GBR,United Kingdom,1911,8.04901,,,,,,,8.0490103,,,,,,,1,IMF_FPP,,
GBR,United Kingdom,1963,37.4222,,,,,,37.681579,37.422199,,,,,,,1,IMF_FPP,,
GBR,United Kingdom,1926,19.392,,,,,,25.563496,19.392,,,,,,,1,IMF_FPP,,
GBR,United Kingdom,1874,6.32544,,,,,,,6.3254399,,,,,,,1,IMF_FPP,,
GBR,United Kingdom,1935,18.9558,,,,,,23.631388,18.955799,,,,,,,1,IMF_FPP,,
GBR,United Kingdom,1991,37.27398,,,,,,,42.748199,33.966062,35.89,,37.273984,,,1,OECD_EO,,
GBR,United Kingdom,2000,35.10055,,,,,,,36.7621,36.681832,33.955,,35.100549,,,1,OECD_EO,,
GBR,United Kingdom,1928,17.7995,,,,,,23.794719,17.7995,,,,,,,1,IMF_FPP,,
GBR,United Kingdom,1893,7.25866,,,,,,,7.2586598,,,,,,,1,IMF_FPP,,
GBR,United Kingdom,1953,32.6423,,,,,,35.72109,32.6423,,,,,,,1,IMF_FPP,,
GBR,United Kingdom,1981,43.88571,,,,,,,51.195702,39.513061,41.393,,43.885708,,,1,OECD_EO,,
GBR,United Kingdom,1962,33.7857,,,,,,37.855438,33.785702,,,,,,,1,IMF_FPP,,
GBR,United Kingdom,1968,40.3434,,,,,,43.41246,40.343399,,,,,,,1,IMF_FPP,,
GBR,United Kingdom,1918,52.5063,,,,,,48.055569,52.506302,,,,,,,1,IMF_FPP,,
GBR,United Kingdom,2026,45.88712,,,,,,,,,,42.855999,45.887118,,,1,OECD_EO,,
GBR,United Kingdom,1966,35.7258,,,,,,39.45852,35.7258,,,,,,,1,IMF_FPP,,
GBR,United Kingdom,1885,7.50814,,,,,,,7.5081401,,,,,,,1,IMF_FPP,,
GBR,United Kingdom,1890,6.80262,,,,,,9.1282526,6.8026199,,,,,,,1,IMF_FPP,,
GBR,United Kingdom,1862,9.27474,,,,,,,9.2747402,,,,,,,1,IMF_FPP,,
GBR,United Kingdom,1913,8.16907,,,,,,12.624553,8.1690702,,,,,,,1,IMF_FPP,,
GBR,United Kingdom,2012,45.49117,,,,,,,43.557243,45.768637,43.557,,45.49117,,,1,OECD_EO,,
GBR,United Kingdom,1847,9.77468,,,,,,,9.7746801,,,,,,,1,IMF_FPP,,
GBR,United Kingdom,1995,38.54598,,,,,,,43.902302,39.102301,37.631,,38.54598,,,1,OECD_EO,,
GBR,United Kingdom,1871,6.80088,,,,,,,6.80088,,,,,,,1,IMF_FPP,,
GBR,United Kingdom,1944,62.9394,,,,,,,62.9394,,,,,,,1,IMF_FPP,,
GBR,United Kingdom,1949,32.6025,,,,,,,32.602501,,,,,,,1,IMF_FPP,,
GBR,United Kingdom,1959,32.6154,,,,,,36.200859,32.615398,,,,,,,1,IMF_FPP,,
GBR,United Kingdom,1932,21.3404,,,,,,26.811237,21.340401,,,,,,,1,IMF_FPP,,
GBR,United Kingdom,1969,39.215,,,,,,42.117322,39.215,,,,,,,1,IMF_FPP,1,2
GBR,United Kingdom,2008,44.29844,,,,,,,47.8311,44.527548,40.944,,44.298444,,,1,OECD_EO,,
GBR,United Kingdom,1840,10.3942,,,,,,11.851852,10.3942,,,,,,,1,IMF_FPP,,
GBR,United Kingdom,1889,6.81203,,,,,,,6.8120298,,,,,,,1,IMF_FPP,,
GBR,United Kingdom,1957,32.6194,,,,,,35.733874,32.6194,,,,,,,1,IMF_FPP,,
GBR,United Kingdom,1907,7.18077,,,,,,,7.1807699,,,,,,,1,IMF_FPP,,
GBR,United Kingdom,1891,6.86204,,,,,,,6.86204,,,,,,,1,IMF_FPP,,
GEO,Georgia,2005,21.608,22.788169,,,,,,21.608013,20.304836,21.608,,,,,1,IMF_WEO,,
GEO,Georgia,1996,18.404,,,,,,,18.403723,16.856927,18.404,,,,,1,IMF_WEO,,
GEO,Georgia,2007,27.651,28.951771,,,,,,27.650599,25.064679,27.651,,,,,1,IMF_WEO,,
GEO,Georgia,2018,26.722,29.442811,,,,,,26.722419,23.258952,26.722,,,,,1,IMF_WEO,,
GEO,Georgia,2021,31.189,33.342153,,,,,,31.188835,27.222288,31.189,,,,,1,IMF_WEO,,
GEO,Georgia,2011,27.132,27.805945,,,,,,27.131761,22.171412,27.132,,,,,1,IMF_WEO,,
GEO,Georgia,1998,18.743,,,,,,,18.742977,17.36941,18.743,,,,,1,IMF_WEO,,
GEO,Georgia,2002,15.985,16.740822,,,,,,15.984808,15.458163,15.985,,,,,1,IMF_WEO,,
GEO,Georgia,2013,26.597,28.916469,,,,,,26.597365,24.727735,26.597,,,,,1,IMF_WEO,,
GEO,Georgia,2027,29.777,,,,,,,,,,29.777,,,,1,IMF_WEO_forecast,,
GEO,Georgia,1995,15.652,,,,,,,15.651918,13.633732,15.652,,,,,1,IMF_WEO,,
GEO,Georgia,2026,29.816,,,,,,,,,,29.816,,,,1,IMF_WEO_forecast,,
GEO,Georgia,2001,16.822,17.103691,,,,,,16.821955,15.6705,16.822,,,,,1,IMF_WEO,,
GEO,Georgia,1999,19.679,,,,,,,19.6795,18.19071,19.679,,,,,1,IMF_WEO,,
GEO,Georgia,2024,30.695,,,,,,,,,,30.695,,,,1,IMF_WEO_forecast,1,2
GEO,Georgia,2025,29.853,,,,,,,,,,29.853001,,,,1,IMF_WEO_forecast,,
GEO,Georgia,2008,31.774,32.700646,,,,,,31.773795,27.591851,31.774,,,,,1,IMF_WEO,,
GEO,Georgia,2023,25.55626,37.2,,,,,,29.91856,25.556266,,29.919001,,,,1,IMF_GFS,1,2
GEO,Georgia,2020,34.107,36.26869,,,,,,34.106726,28.917499,34.107,,,,,1,IMF_WEO,,
GEO,Georgia,2014,27.515,30.548358,,,,,,27.514678,26.560412,27.515,,,,,1,IMF_WEO,,
GEO,Georgia,2003,16.083,16.58436,,,,,,16.083065,14.326765,16.083,,,,,1,IMF_WEO,,
GEO,Georgia,2004,18.853,22.277424,,,,,,18.852533,18.175878,18.853,,,,,1,IMF_WEO,,
GEO,Georgia,2012,27.734,28.3344,,,,,,27.733533,23.284704,27.734,,,,,1,IMF_WEO,,
GEO,Georgia,2016,27.816,32.304649,,,,,,27.815553,28.532036,27.816,,,,,1,IMF_WEO,,
GEO,Georgia,2019,28.671,30.880366,,,,,,28.671356,24.015066,28.671,,,,,1,IMF_WEO,,
GEO,Georgia,2009,34.835,36.898236,,,,,,34.835057,30.258668,34.835,,,,,1,IMF_WEO,,
GEO,Georgia,2022,29.022,30.8,,,,,,29.021845,24.984882,29.022,,,,,1,IMF_WEO,,
GEO,Georgia,2017,27.21,31.189846,,,,,,27.209636,26.618437,27.21,,,,,1,IMF_WEO,,
GEO,Georgia,2010,30.963,31.167328,,,,,,30.962608,24.743268,30.963,,,,,1,IMF_WEO,,
GEO,Georgia,2015,26.992,31.437734,,,,,,26.992203,27.257022,26.992,,,,,1,IMF_WEO,,
GEO,Georgia,2028,29.765,,,,,,,,,,29.764999,,,,1,IMF_WEO_forecast,,
GEO,Georgia,1997,21.413,,,,,,,21.41256,20.087131,21.413,,,,,1,IMF_WEO,,
GEO,Georgia,2000,16.917,16.001835,,,,,,16.917225,14.930947,16.917,,,,,1,IMF_WEO,,
GEO,Georgia,2006,22.657,25.093704,,,,,,22.656991,21.932708,22.657,,,,,1,IMF_WEO,,
GEO,Georgia,2029,29.755,,,,,,,,,,29.754999,,,,1,IMF_WEO_forecast,,
GHA,Ghana,1998,12.722,,,,,,,12.722022,,12.722,,,,,1,IMF_WEO,,
GHA,Ghana,1975,13.2036,,,,,,,13.2036,,,,,,,1,IMF_FPP,,
GHA,Ghana,1971,11.6845,,,,,,,11.6845,,,,,,,1,IMF_FPP,,
GHA,Ghana,2005,13.818,,,,,,,13.818453,,13.818,,,,,1,IMF_WEO,,
GHA,Ghana,2013,21.564,,,,,,,21.564452,,21.564,,,,,1,IMF_WEO,,
GHA,Ghana,2027,20.806,,,,,,,,,,20.806,,,,1,IMF_WEO_forecast,,
GHA,Ghana,1990,7.096,,,,,,,7.0963662,,7.096,,,,,1,IMF_WEO,,
GHA,Ghana,1965,14.2033,,,,,,,14.2033,,,,,,,1,IMF_FPP,,
GHA,Ghana,1977,10.466,,,,,,,10.466,,,,,,,1,IMF_FPP,,
GHA,Ghana,1980,7.773,,,,,,,7.7733945,,7.773,,,,,1,IMF_WEO,,
GHA,Ghana,2007,17.988,,,,,,,17.988123,,17.988,,,,,1,IMF_WEO,,
GHA,Ghana,2022,27.493,,,,,,,27.49252,,27.493,,,,,1,IMF_WEO,,
GHA,Ghana,2014,20.966,,,,,,,20.966335,,20.966,,,,,1,IMF_WEO,,
GHA,Ghana,2002,11.422,,,,,,,11.422111,,11.422,,,,,1,IMF_WEO,,
GHA,Ghana,1964,15.7994,,,,,,,15.7994,,,,,,,1,IMF_FPP,,
GHA,Ghana,1982,4.765,,,,,,,4.7645321,,4.765,,,,,1,IMF_WEO,,
GHA,Ghana,1979,9.14025,,,,,,,9.1402502,,,,,,,1,IMF_FPP,1,3
GHA,Ghana,2016,19.891,,,,,,,19.890578,,19.891,,,,,1,IMF_WEO,,
GHA,Ghana,1968,12.3181,,,,,,,12.3181,,,,,,,1,IMF_FPP,,
GHA,Ghana,1991,7.639,,,,,,,7.63868,,7.639,,,,,1,IMF_WEO,,
GHA,Ghana,2029,21.104,,,,,,,,,,21.104,,,,1,IMF_WEO_forecast,,
GHA,Ghana,2008,17.676,,,,,,,17.6758,,17.676,,,,,1,IMF_WEO,,
GHA,Ghana,1976,12.838,,,,,,,12.838,,,,,,,1,IMF_FPP,,
GHA,Ghana,1999,11.98,,,,,,,11.980239,,11.98,,,,,1,IMF_WEO,,
GHA,Ghana,1985,6.361,,,,,,,6.3611867,,6.361,,,,,1,IMF_WEO,,
GHA,Ghana,1986,7.817,,,,,,,7.8169872,,7.817,,,,,1,IMF_WEO,,
GHA,Ghana,2018,20.895,,,,,,,20.895238,,20.895,,,,,1,IMF_WEO,,
GHA,Ghana,1970,12.1703,,,,,,,12.1703,,,,,,,1,IMF_FPP,,
GHA,Ghana,2023,19.55147,,,,,,,19.551474,,,19.551001,,,,1,IMF_FPP,1,3
GHA,Ghana,1978,6.53535,,,,,,,6.5353498,,,,,,,1,IMF_FPP,,
GHA,Ghana,1974,9.51715,,,,,,,9.5171499,,,,,,,1,IMF_FPP,,
GHA,Ghana,2028,20.825,,,,,,,,,,20.825001,,,,1,IMF_WEO_forecast,,
GHA,Ghana,1983,3.635,,,,,,,3.6347335,,3.635,,,,,1,IMF_WEO,,
GHA,Ghana,1966,9.11555,,,,,,,9.11555,,,,,,,1,IMF_FPP,,
GHA,Ghana,2017,17.582,,,,,,,17.582205,,17.582,,,,,1,IMF_WEO,,
GHA,Ghana,1994,13.851,,,,,,,13.850551,,13.851,,,,,1,IMF_WEO,,
GHA,Ghana,1963,15.3131,,,,,,,15.3131,,,,,,,1,IMF_FPP,,
GHA,Ghana,2015,18.623,,,,,,,18.623336,,18.623,,,,,1,IMF_WEO,,
GHA,Ghana,2020,31.511,,,,,,,31.510921,,31.511,,,,,1,IMF_WEO,,
GHA,Ghana,1996,13.356,,,,,,,13.356247,,13.356,,,,,1,IMF_WEO,,
GHA,Ghana,1969,11.1893,,,,,,,11.1893,,,,,,,1,IMF_FPP,,
GHA,Ghana,1984,4.881,,,,,,,4.8808376,,4.881,,,,,1,IMF_WEO,,
GHA,Ghana,1989,7.805,,,,,,,7.8049654,,7.805,,,,,1,IMF_WEO,,
GHA,Ghana,1997,12.899,,,,,,,12.899274,,12.899,,,,,1,IMF_WEO,,
GHA,Ghana,2024,21.635,,,,,,,,,,21.635,,,,1,IMF_WEO_forecast,1,3
GHA,Ghana,2026,21.142,,,,,,,,,,21.142,,,,1,IMF_WEO_forecast,,
GHA,Ghana,2000,12.901,,,,,,,12.901005,,12.901,,,,,1,IMF_WEO,,
GHA,Ghana,2004,14.729,,,,,,,14.729007,,14.729,,,,,1,IMF_WEO,,
GHA,Ghana,1973,9.35233,,,,,,,9.3523302,,,,,,,1,IMF_FPP,,
GHA,Ghana,1993,13.171,,,,,,,13.170862,,13.171,,,,,1,IMF_WEO,,
GHA,Ghana,2010,19.88,,,,,,,19.880334,,19.88,,,,,1,IMF_WEO,,
GHA,Ghana,2011,19.526,,,,,,,19.5259,,19.526,,,,,1,IMF_WEO,,
GHA,Ghana,1972,11.4481,,,,,,,11.4481,,,,,,,1,IMF_FPP,,
GHA,Ghana,2025,21.108,,,,,,,,,,21.108,,,,1,IMF_WEO_forecast,,
GHA,Ghana,1962,12.5015,,,,,,,12.5015,,,,,,,1,IMF_FPP,,
GHA,Ghana,2012,21.977,,,,,,,21.976977,,21.977,,,,,1,IMF_WEO,,
GHA,Ghana,1981,5.816,,,,,,,5.8164668,,5.816,,,,,1,IMF_WEO,,
GHA,Ghana,2006,15.385,,,,,,,15.38505,,15.385,,,,,1,IMF_WEO,,
GHA,Ghana,2009,17.482,,,,,,,17.482312,,17.482,,,,,1,IMF_WEO,,
GHA,Ghana,2021,27.212,,,,,,,27.211979,,27.212,,,,,1,IMF_WEO,,
GHA,Ghana,1967,11.5408,,,,,,,11.5408,,,,,,,1,IMF_FPP,,
GHA,Ghana,2003,12.996,,,,,,,12.996354,,12.996,,,,,1,IMF_WEO,,
GHA,Ghana,2001,14.775,,,,,,,14.774589,,14.775,,,,,1,IMF_WEO,,
GHA,Ghana,1988,7.832,,,,,,,7.8323037,,7.832,,,,,1,IMF_WEO,,
GHA,Ghana,1987,7.894,,,,,,,7.8935661,,7.894,,,,,1,IMF_WEO,,
GHA,Ghana,1992,9.968,,,,,,,9.9676206,,9.968,,,,,1,IMF_WEO,,
GHA,Ghana,2019,22.491,,,,,,,22.490585,,22.491,,,,,1,IMF_WEO,,
GHA,Ghana,1995,13.93,,,,,,,13.92981,,13.93,,,,,1,IMF_WEO,,
GIN,Guinea,1997,12.724,,,,,,,12.724333,,12.724,,,,,1,IMF_WEO,,
GIN,Guinea,2022,14.535,,,,,,,14.534803,,14.535,,,,,1,IMF_WEO,,
GIN,Guinea,2010,20.511,,,,,,,20.510658,,20.511,,,,,1,IMF_WEO,,
GIN,Guinea,2023,15.96995,,,,,,,15.969951,,,15.97,,,,1,IMF_FPP,1,2
GIN,Guinea,2024,16.747,,,,,,,,,,16.747,,,,1,IMF_WEO_forecast,1,2
GIN,Guinea,2025,16.117,,,,,,,,,,16.117001,,,,1,IMF_WEO_forecast,,
GIN,Guinea,1996,11.979,,,,,,,11.979173,,11.979,,,,,1,IMF_WEO,,
GIN,Guinea,2018,16.034,,,,,,,16.034283,,16.034,,,,,1,IMF_WEO,,
GIN,Guinea,2004,13.019,,,,,,,13.018883,,13.019,,,,,1,IMF_WEO,,
GIN,Guinea,2026,16.444,,,,,,,,,,16.444,,,,1,IMF_WEO_forecast,,
GIN,Guinea,2015,21.702,,,,,,,21.701739,,21.702,,,,,1,IMF_WEO,,
GIN,Guinea,2029,16.702,,,,,,,,,,16.702,,,,1,IMF_WEO_forecast,,
GIN,Guinea,2008,10.085,,,,,,,10.085133,,10.085,,,,,1,IMF_WEO,,
GIN,Guinea,2003,14.771,,,,,,,14.770747,,14.771,,,,,1,IMF_WEO,,
GIN,Guinea,1992,13.865,,,,,,,13.865284,,13.865,,,,,1,IMF_WEO,,
GIN,Guinea,2001,15.003,,,,,,,15.002919,,15.003,,,,,1,IMF_WEO,,
GIN,Guinea,2016,16.136,,,,,,,16.136228,,16.136,,,,,1,IMF_WEO,,
GIN,Guinea,1995,12.697,,,,,,,12.697055,,12.697,,,,,1,IMF_WEO,,
GIN,Guinea,2019,14.978,,,,,,,14.978425,,14.978,,,,,1,IMF_WEO,,
GIN,Guinea,2000,12.657,,,,,,,12.657144,,12.657,,,,,1,IMF_WEO,,
GIN,Guinea,2007,8.674,,,,,,,8.6738208,,8.674,,,,,1,IMF_WEO,,
GIN,Guinea,2028,16.568,,,,,,,,,,16.568001,,,,1,IMF_WEO_forecast,,
GIN,Guinea,1991,16.292,,,,,,,16.291614,,16.292,,,,,1,IMF_WEO,,
GIN,Guinea,2014,20.208,,,,,,,20.207718,,20.208,,,,,1,IMF_WEO,,
GIN,Guinea,2009,16.25,,,,,,,16.249845,,16.25,,,,,1,IMF_WEO,,
GIN,Guinea,2020,17.131,,,,,,,17.131233,,17.131,,,,,1,IMF_WEO,,
GIN,Guinea,2013,18.639,,,,,,,18.638991,,18.639,,,,,1,IMF_WEO,,
GIN,Guinea,2021,15.168,,,,,,,15.167743,,15.168,,,,,1,IMF_WEO,,
GIN,Guinea,2012,20.041,,,,,,,20.04098,,20.041,,,,,1,IMF_WEO,,
GIN,Guinea,2017,17.346,,,,,,,17.346015,,17.346,,,,,1,IMF_WEO,,
GIN,Guinea,1999,11.622,,,,,,,11.621779,,11.622,,,,,1,IMF_WEO,,
GIN,Guinea,2011,16.041,,,,,,,16.041482,,16.041,,,,,1,IMF_WEO,,
GIN,Guinea,2027,16.573,,,,,,,,,,16.573,,,,1,IMF_WEO_forecast,,
GIN,Guinea,1990,18.717,,,,,,,18.717172,,18.717,,,,,1,IMF_WEO,,
GIN,Guinea,1998,10.595,,,,,,,10.595367,,10.595,,,,,1,IMF_WEO,,
GIN,Guinea,2005,11.009,,,,,,,11.008501,,11.009,,,,,1,IMF_WEO,,
GIN,Guinea,1993,13.296,,,,,,,13.296157,,13.296,,,,,1,IMF_WEO,,
GIN,Guinea,2006,13.215,,,,,,,13.215252,,13.215,,,,,1,IMF_WEO,,
GIN,Guinea,2002,14.563,,,,,,,14.562524,,14.563,,,,,1,IMF_WEO,,
GIN,Guinea,1994,12.628,,,,,,,12.628239,,12.628,,,,,1,IMF_WEO,,
GMB,Gambia,2010,14.555,,,,,,,,,14.555,,,,,1,IMF_WEO,,
GMB,Gambia,2007,11.194,,,,,,,,,11.194,,,,,1,IMF_WEO,,
GMB,Gambia,2028,19.018,,,,,,,,,,19.018,,,,1,IMF_WEO_forecast,,
GMB,Gambia,2019,23.935,,,,,,,,,23.935,,,,,1,IMF_WEO,,
GMB,Gambia,2023,23.644,,,,,,,,,,23.643999,,,,1,IMF_WEO_forecast,1,1
GMB,Gambia,2005,12.947,,,,,,,,,12.947,,,,,1,IMF_WEO,,
GMB,Gambia,2004,12.377,,,,,,,,,12.377,,,,,1,IMF_WEO,,
GMB,Gambia,2026,19.482,,,,,,,,,,19.482,,,,1,IMF_WEO_forecast,,
GMB,Gambia,2024,22.804,,,,,,,,,,22.804001,,,,1,IMF_WEO_forecast,,
GMB,Gambia,2000,9.538,,,,,,,,,9.538,,,,,1,IMF_WEO,,
GMB,Gambia,2006,14.021,,,,,,,,,14.021,,,,,1,IMF_WEO,,
GMB,Gambia,2001,9.681,,,,,,,,,9.681,,,,,1,IMF_WEO,,
GMB,Gambia,2002,8.595,,,,,,,,,8.595,,,,,1,IMF_WEO,,
GMB,Gambia,2003,9.302,,,,,,,,,9.302,,,,,1,IMF_WEO,,
GMB,Gambia,2025,19.543,,,,,,,,,,19.542999,,,,1,IMF_WEO_forecast,,
GMB,Gambia,2021,21.496,,,,,,,,,21.496,,,,,1,IMF_WEO,,
GMB,Gambia,2018,19.008,,,,,,,,,19.008,,,,,1,IMF_WEO,,
GMB,Gambia,2020,25.348,,,,,,,,,25.348,,,,,1,IMF_WEO,,
GMB,Gambia,2027,19.085,,,,,,,,,,19.084999,,,,1,IMF_WEO_forecast,,
GMB,Gambia,2013,17.179,,,,,,,,,17.179,,,,,1,IMF_WEO,,
GMB,Gambia,2015,19.578,,,,,,,,,19.578,,,,,1,IMF_WEO,,
GMB,Gambia,2009,14.353,,,,,,,,,14.353,,,,,1,IMF_WEO,,
GMB,Gambia,2029,19.789,,,,,,,,,,19.789,,,,1,IMF_WEO_forecast,,
GMB,Gambia,2011,16.544,,,,,,,,,16.544,,,,,1,IMF_WEO,,
GMB,Gambia,2022,22.318,,,,,,,,,22.318,,,,,1,IMF_WEO,,
GMB,Gambia,2014,18.982,,,,,,,,,18.982,,,,,1,IMF_WEO,,
GMB,Gambia,2017,23.622,,,,,,,,,23.622,,,,,1,IMF_WEO,,
GMB,Gambia,2008,11.551,,,,,,,,,11.551,,,,,1,IMF_WEO,,
GMB,Gambia,2012,19.119,,,,,,,,,19.119,,,,,1,IMF_WEO,,
GMB,Gambia,2016,19.372,,,,,,,,,19.372,,,,,1,IMF_WEO,,
GNB,Guinea-Bissau,1993,13.101,,,,,,,13.101292,,13.101,,,,,1,IMF_WEO,,
GNB,Guinea-Bissau,2008,21.755,,,,,,,21.754677,,21.755,,,,,1,IMF_WEO,,
GNB,Guinea-Bissau,2028,18.918,,,,,,,,,,18.917999,,,,1,IMF_WEO_forecast,,
GNB,Guinea-Bissau,2002,14.055,,,,,,,14.054738,,14.055,,,,,1,IMF_WEO,,
GNB,Guinea-Bissau,2017,18.108,,,,,,,18.108159,,18.108,,,,,1,IMF_WEO,,
GNB,Guinea-Bissau,2019,18.797,,,,,,,18.796799,,18.797,,,,,1,IMF_WEO,,
GNB,Guinea-Bissau,2029,19.005,,,,,,,,,,19.004999,,,,1,IMF_WEO_forecast,,
GNB,Guinea-Bissau,2006,19.807,,,,,,,19.80746,,19.807,,,,,1,IMF_WEO,,
GNB,Guinea-Bissau,2026,18.58,,,,,,,,,,18.58,,,,1,IMF_WEO_forecast,,
GNB,Guinea-Bissau,2004,22.973,,,,,,,22.972568,,22.973,,,,,1,IMF_WEO,,
GNB,Guinea-Bissau,2027,18.859,,,,,,,,,,18.858999,,,,1,IMF_WEO_forecast,,
GNB,Guinea-Bissau,2024,19.579,,,,,,,,,,19.579,,,,1,IMF_WEO_forecast,1,2
GNB,Guinea-Bissau,2014,22.959,,,,,,,22.959052,,22.959,,,,,1,IMF_WEO,,
GNB,Guinea-Bissau,2000,23.514,,,,,,,23.514364,,23.514,,,,,1,IMF_WEO,,
GNB,Guinea-Bissau,2025,18.516,,,,,,,,,,18.516001,,,,1,IMF_WEO_forecast,,
GNB,Guinea-Bissau,2023,21.89143,,,,,,,21.891432,,,21.891001,,,,1,IMF_FPP,,
GNB,Guinea-Bissau,2009,20.607,,,,,,,20.607308,,20.607,,,,,1,IMF_WEO,,
GNB,Guinea-Bissau,2022,21.27549,,,,,,,21.275492,,,21.275,,,,1,IMF_FPP,1,2
GNB,Guinea-Bissau,2013,12.416,,,,,,,12.41569,,12.416,,,,,1,IMF_WEO,,
GNB,Guinea-Bissau,1995,8.137,,,,,,,8.1367604,,8.137,,,,,1,IMF_WEO,,
GNB,Guinea-Bissau,2007,23.689,,,,,,,23.689373,,23.689,,,,,1,IMF_WEO,,
GNB,Guinea-Bissau,1997,12.737,,,,,,,12.737328,,12.737,,,,,1,IMF_WEO,,
GNB,Guinea-Bissau,1998,8.719,,,,,,,8.7185548,,8.719,,,,,1,IMF_WEO,,
GNB,Guinea-Bissau,1999,12.139,,,,,,,12.138542,,12.139,,,,,1,IMF_WEO,,
GNB,Guinea-Bissau,1994,18.447,,,,,,,18.446985,,18.447,,,,,1,IMF_WEO,,
GNB,Guinea-Bissau,2012,12.974,,,,,,,12.973927,,12.974,,,,,1,IMF_WEO,,
GNB,Guinea-Bissau,2021,25.004,,,,,,,25.003971,,25.004,,,,,1,IMF_WEO,,
GNB,Guinea-Bissau,2016,20.516,,,,,,,20.515569,,20.516,,,,,1,IMF_WEO,,
GNB,Guinea-Bissau,2018,19.476,,,,,,,19.476297,,19.476,,,,,1,IMF_WEO,,
GNB,Guinea-Bissau,1992,10.146,,,,,,,10.1461,,10.146,,,,,1,IMF_WEO,,
GNB,Guinea-Bissau,2011,17.313,,,,,,,17.313391,,17.313,,,,,1,IMF_WEO,,
GNB,Guinea-Bissau,2005,20.167,,,,,,,20.166624,,20.167,,,,,1,IMF_WEO,,
GNB,Guinea-Bissau,1991,9.186,,,,,,,9.1859661,,9.186,,,,,1,IMF_WEO,,
GNB,Guinea-Bissau,1996,8.926,,,,,,,8.9260575,,8.926,,,,,1,IMF_WEO,,
GNB,Guinea-Bissau,2010,18.549,,,,,,,18.548598,,18.549,,,,,1,IMF_WEO,,
GNB,Guinea-Bissau,2001,19.075,,,,,,,19.074527,,19.075,,,,,1,IMF_WEO,,
GNB,Guinea-Bissau,2003,17.032,,,,,,,17.032424,,17.032,,,,,1,IMF_WEO,,
GNB,Guinea-Bissau,2015,21.503,,,,,,,21.503209,,21.503,,,,,1,IMF_WEO,,
GNB,Guinea-Bissau,2020,25.034,,,,,,,25.034355,,25.034,,,,,1,IMF_WEO,,
GNQ,Equatorial Guinea,1992,594.77,,,,,,,594.76979,,594.77,,,,,1,IMF_WEO,,
GNQ,Equatorial Guinea,1985,115.36,,,,,,,115.35963,,115.36,,,,,1,IMF_WEO,,
GNQ,Equatorial Guinea,1995,141.501,,,,,,,141.50139,,141.501,,,,,1,IMF_WEO,,
GNQ,Equatorial Guinea,1994,509.844,,,,,,,509.84427,,509.844,,,,,1,IMF_WEO,,
GNQ,Equatorial Guinea,2014,31.598,,,,,,,31.597902,,31.598,,,,,1,IMF_WEO,,
GNQ,Equatorial Guinea,1987,183,,,,,,,182.99963,,183,,,,,1,IMF_WEO,,
GNQ,Equatorial Guinea,2025,19.346,,,,,,,,,,19.346001,,,,1,IMF_WEO_forecast,,
GNQ,Equatorial Guinea,1989,116.797,,,,,,,116.79674,,116.797,,,,,1,IMF_WEO,,
GNQ,Equatorial Guinea,2011,27.493,,,,,,,27.492528,,27.493,,,,,1,IMF_WEO,,
GNQ,Equatorial Guinea,1999,18.686,,,,,,,18.685989,,18.686,,,,,1,IMF_WEO,,
GNQ,Equatorial Guinea,1998,35.087,,,,,,,35.087127,,35.087,,,,,1,IMF_WEO,,
GNQ,Equatorial Guinea,2008,19.893,,,,,,,19.892692,,19.893,,,,,1,IMF_WEO,,
GNQ,Equatorial Guinea,1991,284.516,,,,,,,284.51647,,284.516,,,,,1,IMF_WEO,,
GNQ,Equatorial Guinea,2027,19.787,,,,,,,,,,19.787001,,,,1,IMF_WEO_forecast,,
GNQ,Equatorial Guinea,2024,18.565,,,,,,,,,,18.565001,,,,1,IMF_WEO_forecast,1,2
GNQ,Equatorial Guinea,2020,16.166,,,,,,,16.165602,,16.166,,,,,1,IMF_WEO,,
GNQ,Equatorial Guinea,1997,14.753,,,,,,,14.752595,,14.753,,,,,1,IMF_WEO,,
GNQ,Equatorial Guinea,1990,212.931,,,,,,,212.93132,,212.931,,,,,1,IMF_WEO,,
GNQ,Equatorial Guinea,2015,41.571,,,,,,,41.570783,,41.571,,,,,1,IMF_WEO,,
GNQ,Equatorial Guinea,1993,256.307,,,,,,,256.30741,,256.307,,,,,1,IMF_WEO,,
GNQ,Equatorial Guinea,2000,22.645,,,,,,,22.645322,,22.645,,,,,1,IMF_WEO,,
GNQ,Equatorial Guinea,1981,206.979,,,,,,,,,206.979,,,,,1,IMF_WEO,,
GNQ,Equatorial Guinea,2005,14.122,,,,,,,14.121829,,14.122,,,,,1,IMF_WEO,,
GNQ,Equatorial Guinea,1996,22.943,,,,,,,22.942914,,22.943,,,,,1,IMF_WEO,,
GNQ,Equatorial Guinea,2021,12.715,,,,,,,12.714874,,12.715,,,,,1,IMF_WEO,,
GNQ,Equatorial Guinea,2029,21.483,,,,,,,,,,21.483,,,,1,IMF_WEO_forecast,,
GNQ,Equatorial Guinea,2016,27.818,,,,,,,27.818494,,27.818,,,,,1,IMF_WEO,,
GNQ,Equatorial Guinea,2017,20.07,,,,,,,20.069604,,20.07,,,,,1,IMF_WEO,,
GNQ,Equatorial Guinea,2006,18.093,,,,,,,18.092939,,18.093,,,,,1,IMF_WEO,,
GNQ,Equatorial Guinea,1980,248.537,,,,,,,,,248.537,,,,,1,IMF_WEO,,
GNQ,Equatorial Guinea,1983,199.411,,,,,,,,,199.411,,,,,1,IMF_WEO,,
GNQ,Equatorial Guinea,2009,39.847,,,,,,,39.847157,,39.847,,,,,1,IMF_WEO,,
GNQ,Equatorial Guinea,2003,13.908,,,,,,,13.907742,,13.908,,,,,1,IMF_WEO,,
GNQ,Equatorial Guinea,2013,29.274,,,,,,,29.273597,,29.274,,,,,1,IMF_WEO,,
GNQ,Equatorial Guinea,2026,19.3,,,,,,,,,,19.299999,,,,1,IMF_WEO_forecast,,
GNQ,Equatorial Guinea,2023,19.82714,,,,,,,19.82714,,,19.827,,,,1,IMF_FPP,1,2
GNQ,Equatorial Guinea,2007,19.689,,,,,,,19.688943,,19.689,,,,,1,IMF_WEO,,
GNQ,Equatorial Guinea,2028,21.085,,,,,,,,,,21.084999,,,,1,IMF_WEO_forecast,,
GNQ,Equatorial Guinea,2001,13.476,,,,,,,13.47649,,13.476,,,,,1,IMF_WEO,,
GNQ,Equatorial Guinea,2019,16.799,,,,,,,16.799364,,16.799,,,,,1,IMF_WEO,,
GNQ,Equatorial Guinea,2010,31.179,,,,,,,31.178907,,31.179,,,,,1,IMF_WEO,,
GNQ,Equatorial Guinea,2022,15.023,,,,,,,15.022718,,15.023,,,,,1,IMF_WEO,,
GNQ,Equatorial Guinea,2004,10.793,,,,,,,10.793198,,10.793,,,,,1,IMF_WEO,,
GNQ,Equatorial Guinea,2018,19.053,,,,,,,19.053448,,19.053,,,,,1,IMF_WEO,,
GNQ,Equatorial Guinea,2002,11.255,,,,,,,11.254526,,11.255,,,,,1,IMF_WEO,,
GNQ,Equatorial Guinea,1982,221.296,,,,,,,,,221.296,,,,,1,IMF_WEO,,
GNQ,Equatorial Guinea,1984,158.032,,,,,,,,,158.032,,,,,1,IMF_WEO,,
GNQ,Equatorial Guinea,2012,35.2,,,,,,,35.199634,,35.2,,,,,1,IMF_WEO,,
GNQ,Equatorial Guinea,1986,118.986,,,,,,,118.98569,,118.986,,,,,1,IMF_WEO,,
GNQ,Equatorial Guinea,1988,227.947,,,,,,,227.94681,,227.947,,,,,1,IMF_WEO,,
GRC,Greece,1984,31.511,,,,,,,31.511104,,31.511,,,,,1,IMF_WEO,,
GRC,Greece,2003,47.9,,47.87875,,,47.9,,46.591793,42.401857,46.592,,47.878757,,,1,EUS,,
GRC,Greece,1989,34.306,,,,,,,34.30643,,34.306,,,,,1,IMF_WEO,,
GRC,Greece,1908,19.1708,,,,,,,19.170799,,,,,,,1,IMF_FPP,,
GRC,Greece,1897,22.8673,,,,,,,22.8673,,,,,,,1,IMF_FPP,,
GRC,Greece,1976,29.0584,,,,,,,29.058399,,,,,,,1,IMF_FPP,,
GRC,Greece,1909,18.1249,,,,,,,18.124901,,,,,,,1,IMF_FPP,,
GRC,Greece,1933,20.978,,,,,,,20.978001,,,,,,,1,IMF_FPP,,
GRC,Greece,2029,45.705,,,,,,,,,,45.705002,,,,1,IMF_WEO_forecast,,
GRC,Greece,1981,27.694,,,,,,,27.693547,,27.694,,,,,1,IMF_WEO,,
GRC,Greece,1899,17.4988,,,,,,,17.4988,,,,,,,1,IMF_FPP,,
GRC,Greece,1969,29.705,,,,,,,29.705,,,,,,,1,IMF_FPP,,
GRC,Greece,1906,18.5027,,,,,,,18.502701,,,,,,,1,IMF_FPP,,
GRC,Greece,1905,17.3639,,,,,,,17.363899,,,,,,,1,IMF_FPP,,
GRC,Greece,1957,19.2659,,,,,,,19.2659,,,,,,,1,IMF_FPP,,
GRC,Greece,2025,49.18015,,48.4623,,,,,,,,48.625,49.180145,,,1,OECD_EO,1,5
GRC,Greece,1960,19.9535,,,,,,,19.953501,,,,,,,1,IMF_FPP,,
GRC,Greece,1978,30.1004,,,,,,,30.100401,,,,,,,1,IMF_FPP,,
GRC,Greece,1917,,,,,,,,,,,,,,,1,IMF_FPP,,
GRC,Greece,1901,18.555,,,,,,,18.555,,,,,,,1,IMF_FPP,,
GRC,Greece,2005,46.6,,46.60698,,,46.6,,45.56161,43.390886,45.562,,46.60698,,,1,EUS,,
GRC,Greece,1996,46.1,,46.14554,,,46.1,,45.083009,42.678039,45.083,,46.145547,,,1,EUS,,
GRC,Greece,1964,20.4088,,,,,,,20.4088,,,,,,,1,IMF_FPP,,
GRC,Greece,1893,15.3633,,,,,,,15.3633,,,,,,,1,IMF_FPP,,
GRC,Greece,1881,24.698,,,,,,,24.698,,,,,,,1,IMF_FPP,,
GRC,Greece,1992,36.393,,,,,,,36.393457,,36.393,,,,,1,IMF_WEO,,
GRC,Greece,1994,36.411,,,,,,,36.41131,,36.411,,,,,1,IMF_WEO,1,5
GRC,Greece,1985,33.763,,,,,,,33.762575,,33.763,,,,,1,IMF_WEO,,
GRC,Greece,1919,,,,,,,,,,,,,,,1,IMF_FPP,,
GRC,Greece,1937,19.7235,,,,,,,19.723499,,,,,,,1,IMF_FPP,,
GRC,Greece,2022,53.1,,53.09101,,,53.1,,53.117214,52.012289,53.117,,52.853394,,,1,EUS,,
GRC,Greece,1932,22.0116,,,,,,,22.0116,,,,,,,1,IMF_FPP,,
GRC,Greece,2019,47.7,,47.67222,,,47.7,,48.075402,48.500824,48.075,,47.672226,,,1,EUS,,
GRC,Greece,1934,20.4455,,,,,,,20.445499,,,,,,,1,IMF_FPP,,
GRC,Greece,1910,19.6542,,,,,,,19.6542,,,,,,,1,IMF_FPP,,
GRC,Greece,1979,24.14841,,,,,,,24.148409,,,,,,,1,IMF_FPP,1,5
GRC,Greece,1938,18.8836,,,,,,,18.8836,,,,,,,1,IMF_FPP,,
GRC,Greece,1946,,,,,,,,,,,,,,,1,IMF_FPP,,
GRC,Greece,1953,17.6377,,,,,,,17.637699,,,,,,,1,IMF_FPP,,
GRC,Greece,1995,46.6,,46.64853,,,46.6,,45.999725,43.642197,46,,46.648549,,,1,EUS,,
GRC,Greece,2013,63.9,,63.85914,,,63.9,,52.460358,61.768002,52.46,,63.859137,,,1,EUS,,
GRC,Greece,1977,30.1379,,,,,,,30.137899,,,,,,,1,IMF_FPP,,
GRC,Greece,1945,,,,,,,,,,,,,,,1,IMF_FPP,,
GRC,Greece,1886,22.0495,,,,,,,22.0495,,,,,,,1,IMF_FPP,,
GRC,Greece,1896,17.0655,,,,,,,17.0655,,,,,,,1,IMF_FPP,,
GRC,Greece,2001,47.5,,47.46921,,,47.5,,45.986105,42.587806,45.986,,47.469219,,,1,EUS,,
GRC,Greece,1887,21.5549,,,,,,,21.554899,,,,,,,1,IMF_FPP,,
GRC,Greece,1990,37.968,,,,,,,37.96846,,37.968,,,,,1,IMF_WEO,,
GRC,Greece,1921,,,,,,,,,,,,,,,1,IMF_FPP,,
GRC,Greece,1900,19.7539,,,,,,,19.753901,,,,,,,1,IMF_FPP,,
GRC,Greece,2023,49.6,,49.61407,,,49.6,,49.858341,49.168734,,49.858002,49.546419,,,1,EUS,,
GRC,Greece,1998,46.7,,46.7064,,,46.7,,45.149151,41.712371,45.149,,46.706396,,,1,EUS,,
GRC,Greece,1911,19.3212,,,,,,,19.321199,,,,,,,1,IMF_FPP,,
GRC,Greece,1971,25.8392,,,,,,,25.839199,,,,,,,1,IMF_FPP,,
GRC,Greece,1924,,,,,,,,,,,,,,,1,IMF_FPP,,
GRC,Greece,1961,19.3429,,,,,,,19.342899,,,,,,,1,IMF_FPP,,
GRC,Greece,1922,,,,,,,,,,,,,,,1,IMF_FPP,,
GRC,Greece,1916,,,,,,,,,,,,,,,1,IMF_FPP,,
GRC,Greece,1903,17.7469,,,,,,,17.746901,,,,,,,1,IMF_FPP,,
GRC,Greece,1889,31.0925,,,,,,,31.092501,,,,,,,1,IMF_FPP,,
GRC,Greece,1983,29.824,,,,,,,29.824399,,29.824,,,,,1,IMF_WEO,,
GRC,Greece,1943,,,,,,,,,,,,,,,1,IMF_FPP,,
GRC,Greece,1988,33.353,,,,,,,33.353049,,33.353,,,,,1,IMF_WEO,,
GRC,Greece,2007,47.8,,47.76984,,,47.8,,47.069421,44.461711,47.069,,47.769828,,,1,EUS,,
GRC,Greece,1925,,,,,,,,,,,,,,,1,IMF_FPP,,
GRC,Greece,2010,53.1,,53.08365,,,53.1,,52.957291,52.365655,52.957,,53.083651,,,1,EUS,,
GRC,Greece,1987,33.56,,,,,,,33.560317,,33.56,,,,,1,IMF_WEO,,
GRC,Greece,1966,22.845,,,,,,,22.844999,,,,,,,1,IMF_FPP,,
GRC,Greece,1920,,,,,,,,,,,,,,,1,IMF_FPP,,
GRC,Greece,1895,15.3787,,,,,,,15.3787,,,,,,,1,IMF_FPP,,
GRC,Greece,1954,20.0367,,,,,,,20.036699,,,,,,,1,IMF_FPP,,
GRC,Greece,1890,25.7022,,,,,,,25.7022,,,,,,,1,IMF_FPP,,
GRC,Greece,1891,21.691,,,,,,,21.691,,,,,,,1,IMF_FPP,,
GRC,Greece,1967,24.5705,,,,,,,24.570499,,,,,,,1,IMF_FPP,,
GRC,Greece,1965,21.6623,,,,,,,21.6623,,,,,,,1,IMF_FPP,,
GRC,Greece,1955,19.9419,,,,,,,19.9419,,,,,,,1,IMF_FPP,,
GRC,Greece,2020,59.3,,59.29228,,,59.3,,60.197908,60.039742,60.198,,59.292286,,,1,EUS,,
GRC,Greece,1952,25.6479,,,,,,,25.6479,,,,,,,1,IMF_FPP,,
GRC,Greece,1914,,,,,,,,,,,,,,,1,IMF_FPP,,
GRC,Greece,1959,19.3692,,,,,,,19.3692,,,,,,,1,IMF_FPP,,
GRC,Greece,1936,21.4959,,,,,,,21.495899,,,,,,,1,IMF_FPP,,
GRC,Greece,2017,48.6,,48.58087,,,48.6,,48.666384,48.774642,48.666,,48.58086,,,1,EUS,,
GRC,Greece,1930,25.9998,,,,,,,25.9998,,,,,,,1,IMF_FPP,,
GRC,Greece,1949,24.3628,,,,,,,24.362801,,,,,,,1,IMF_FPP,,
GRC,Greece,1956,29.2633,,,,,,,29.2633,,,,,,,1,IMF_FPP,,
GRC,Greece,2004,48.8,,48.82714,,,48.8,,47.614598,43.952533,47.615,,48.827137,,,1,EUS,,
GRC,Greece,1970,25.1725,,,,,,,25.172501,,,,,,,1,IMF_FPP,,
GRC,Greece,1894,16.9729,,,,,,,16.9729,,,,,,,1,IMF_FPP,,
GRC,Greece,1904,18.061,,,,,,,18.061001,,,,,,,1,IMF_FPP,,
GRC,Greece,1975,28.6646,,,,,,,28.6646,,,,,,,1,IMF_FPP,,
GRC,Greece,1951,26.9125,,,,,,,26.9125,,,,,,,1,IMF_FPP,,
GRC,Greece,1947,,,,,,,,,,,,,,,1,IMF_FPP,,
GRC,Greece,2028,45.953,,,,,,,,,,45.952999,,,,1,IMF_WEO_forecast,1,5
GRC,Greece,1913,17.6651,,,,,,,17.6651,,,,,,,1,IMF_FPP,,
GRC,Greece,1973,24.3243,,,,,,,24.324301,,,,,,,1,IMF_FPP,,
GRC,Greece,2014,51.5,,51.50057,,,51.5,,51.162292,50.353201,51.162,,51.500581,,,1,EUS,,
GRC,Greece,1912,20.1164,,,,,,,20.1164,,,,,,,1,IMF_FPP,,
GRC,Greece,1972,26.8482,,,,,,,26.8482,,,,,,,1,IMF_FPP,,
GRC,Greece,1993,38.09,,,,,,,38.089877,,38.09,,,,,1,IMF_WEO,,
GRC,Greece,1991,34.706,,,,,,,34.706006,,34.706,,,,,1,IMF_WEO,,
GRC,Greece,1980,24.178,,,,,,,24.177615,,24.178,,,,,1,IMF_WEO,,
GRC,Greece,1888,20.9645,,,,,,,20.9645,,,,,,,1,IMF_FPP,,
GRC,Greece,2006,45.9,,45.86678,,,45.9,,45.116716,42.780371,45.117,,45.866778,,,1,EUS,,
GRC,Greece,2024,48.2,,48.24489,,,48.2,,,,,48.592999,49.282291,,,1,EUS,,
GRC,Greece,1944,,,,,,,,,,,,,,,1,IMF_FPP,,
GRC,Greece,1898,51.4182,,,,,,,51.418201,,,,,,,1,IMF_FPP,,
GRC,Greece,1884,21.3877,,,,,,,21.387699,,,,,,,1,IMF_FPP,,
GRC,Greece,1929,40.8064,,,,,,,40.8064,,,,,,,1,IMF_FPP,,
GRC,Greece,1918,,,,,,,,,,,,,,,1,IMF_FPP,,
GRC,Greece,1928,20.5604,,,,,,,20.5604,,,,,,,1,IMF_FPP,,
GRC,Greece,1986,33.303,,,,,,,33.303495,,33.303,,,,,1,IMF_WEO,,
GRC,Greece,2015,54.8,,54.76416,,,54.8,,51.55841,52.846619,51.558,,54.764149,,,1,EUS,,
GRC,Greece,1968,26.331,,,,,,,26.330999,,,,,,,1,IMF_FPP,,
GRC,Greece,2018,48.6,,48.59988,,,48.6,,48.856162,49.266058,48.856,,48.599873,,,1,EUS,,
GRC,Greece,1963,19.525,,,,,,,19.525,,,,,,,1,IMF_FPP,,
GRC,Greece,1935,22.052,,,,,,,22.052,,,,,,,1,IMF_FPP,,
GRC,Greece,1982,28.303,,,,,,,28.302522,,28.303,,,,,1,IMF_WEO,,
GRC,Greece,1926,,,,,,,,,,,,,,,1,IMF_FPP,,
GRC,Greece,2008,51.5,,51.53865,,,51.5,,50.845405,47.606847,50.845,,51.538649,,,1,EUS,,
GRC,Greece,1997,45.1,,45.08907,,,45.1,,43.705901,41.465511,43.706,,45.089088,,,1,EUS,,
GRC,Greece,2009,54.8,,54.8257,,,54.8,,54.084422,51.639722,54.084,,54.825698,,,1,EUS,,
GRC,Greece,1950,27.0903,,,,,,,27.0903,,,,,,,1,IMF_FPP,,
GRC,Greece,1931,30.4205,,,,,,,30.4205,,,,,,,1,IMF_FPP,,
GRC,Greece,2011,55.1,,55.07507,,,55.1,,55.120256,55.892974,55.12,,55.075071,,,1,EUS,,
GRC,Greece,1882,15.1545,,,,,,,15.1545,,,,,,,1,IMF_FPP,,
GRC,Greece,1923,,,,,,,,,,,,,,,1,IMF_FPP,,
GRC,Greece,2012,57.9,,57.92818,,,57.9,,54.148357,57.944926,54.148,,57.928168,,,1,EUS,,
GRC,Greece,1999,48,,47.99094,,,48,,46.154122,41.86527,46.154,,47.990953,,,1,EUS,,
GRC,Greece,1962,19.6909,,,,,,,19.690901,,,,,,,1,IMF_FPP,,
GRC,Greece,1958,20.5952,,,,,,,20.5952,,,,,,,1,IMF_FPP,,
GRC,Greece,1915,,,,,,,,,,,,,,,1,IMF_FPP,,
GRC,Greece,1885,23.5065,,,,,,,23.5065,,,,,,,1,IMF_FPP,,
GRC,Greece,1907,17.8111,,,,,,,17.8111,,,,,,,1,IMF_FPP,,
GRC,Greece,1892,19.3396,,,,,,,19.3396,,,,,,,1,IMF_FPP,,
GRC,Greece,1883,17.7476,,,,,,,17.747601,,,,,,,1,IMF_FPP,,
GRC,Greece,2027,47.60577,,47.60577,,,,,,,,46.785999,,,,1,AMECO,1,5
GRC,Greece,2002,47.1,,47.11072,,,47.1,,45.796913,42.298215,45.797,,47.110709,,,1,EUS,,
GRC,Greece,1902,20.5792,,,,,,,20.579201,,,,,,,1,IMF_FPP,,
GRC,Greece,1927,17.662,,,,,,,17.662001,,,,,,,1,IMF_FPP,,
GRC,Greece,2021,56.7,,56.71854,,,56.7,,57.679212,56.770123,57.679,,56.71853,,,1,EUS,,
GRC,Greece,1974,25.2558,,,,,,,25.2558,,,,,,,1,IMF_FPP,,
GRC,Greece,2000,48.2,,48.15984,,,48.2,,46.425666,42.907015,46.426,,48.159828,,,1,EUS,,
GRC,Greece,1940,,,,,,,,,,,,,,,1,IMF_FPP,,
GRC,Greece,1942,,,,,,,,,,,,,,,1,IMF_FPP,,
GRC,Greece,1880,23.5526,,,,,,,23.552601,,,,,,,1,IMF_FPP,,
GRC,Greece,1941,,,,,,,,,,,,,,,1,IMF_FPP,,
GRC,Greece,1939,20.9194,,,,,,,20.919399,,,,,,,1,IMF_FPP,,
GRC,Greece,2016,50.3,,50.29803,,,50.3,,50.279228,49.836613,50.279,,50.298025,,,1,EUS,,
GRC,Greece,2026,49.7131,,48.95531,,,,,,,,47.756001,49.713101,,,1,OECD_EO,,
GRC,Greece,1948,21.5264,,,,,,,21.5264,,,,,,,1,IMF_FPP,,
GRD,Grenada,2023,28.92467,,,,,,,28.924674,,,28.924999,,,,1,IMF_FPP,,
GRD,Grenada,1991,26.831,,,,,,,26.83086,,26.831,,,,,1,IMF_WEO,,
GRD,Grenada,2020,32.682,,,,,,,32.681881,,32.682,,,,,1,IMF_WEO,,
GRD,Grenada,2026,32.702,,,,,,,,,,32.702,,,,1,IMF_WEO_forecast,,
GRD,Grenada,2010,27.981,,,,,,,27.980879,,27.981,,,,,1,IMF_WEO,,
GRD,Grenada,2008,27.898,,,,,,,27.898379,,27.898,,,,,1,IMF_WEO,,
GRD,Grenada,2029,28.168,,,,,,,,,,28.167999,,,,1,IMF_WEO_forecast,,
GRD,Grenada,1999,23.742,,,,,,,23.741653,,23.742,,,,,1,IMF_WEO,,
GRD,Grenada,2006,32.364,,,,,,,32.363779,,32.364,,,,,1,IMF_WEO,,
GRD,Grenada,1998,25.3,,,,,,,25.300264,,25.3,,,,,1,IMF_WEO,,
GRD,Grenada,2025,39.047,,,,,,,,,,39.047001,,,,1,IMF_WEO_forecast,,
GRD,Grenada,2028,28.444,,,,,,,,,,28.444,,,,1,IMF_WEO_forecast,,
GRD,Grenada,2016,23.527,,,,,,,23.526797,,23.527,,,,,1,IMF_WEO,,
GRD,Grenada,2021,31.244,,,,,,,31.244283,,31.244,,,,,1,IMF_WEO,,
GRD,Grenada,2009,27.157,,,,,,,27.156842,,27.157,,,,,1,IMF_WEO,,
GRD,Grenada,2022,31.80843,,,,,,,31.808434,,,31.808001,,,,1,IMF_FPP,1,2
GRD,Grenada,2004,24.724,,,,,,,24.724369,,24.724,,,,,1,IMF_WEO,,
GRD,Grenada,1993,23.13,,,,,,,23.130325,,23.13,,,,,1,IMF_WEO,,
GRD,Grenada,2015,25.261,,,,,,,25.260717,,25.261,,,,,1,IMF_WEO,,
GRD,Grenada,2018,22.369,,,,,,,22.369394,,22.369,,,,,1,IMF_WEO,,
GRD,Grenada,1994,24.749,,,,,,,24.749039,,24.749,,,,,1,IMF_WEO,,
GRD,Grenada,2001,29.566,,,,,,,29.565692,,29.566,,,,,1,IMF_WEO,,
GRD,Grenada,1992,21.795,,,,,,,21.795422,,21.795,,,,,1,IMF_WEO,,
GRD,Grenada,2019,21.643,,,,,,,21.642614,,21.643,,,,,1,IMF_WEO,,
GRD,Grenada,2012,26.217,,,,,,,26.217235,,26.217,,,,,1,IMF_WEO,,
GRD,Grenada,2013,28.115,,,,,,,28.115408,,28.115,,,,,1,IMF_WEO,,
GRD,Grenada,2017,22.589,,,,,,,22.589148,,22.589,,,,,1,IMF_WEO,,
GRD,Grenada,2014,28.691,,,,,,,28.691467,,28.691,,,,,1,IMF_WEO,,
GRD,Grenada,2005,26.565,,,,,,,26.564909,,26.565,,,,,1,IMF_WEO,,
GRD,Grenada,2003,28.707,,,,,,,28.706893,,28.707,,,,,1,IMF_WEO,,
GRD,Grenada,1996,26.251,,,,,,,26.251402,,26.251,,,,,1,IMF_WEO,,
GRD,Grenada,1997,26.57,,,,,,,26.569712,,26.57,,,,,1,IMF_WEO,,
GRD,Grenada,1990,28.973,,,,,,,28.973058,,28.973,,,,,1,IMF_WEO,,
GRD,Grenada,2024,39.56,,,,,,,,,,39.560001,,,,1,IMF_WEO_forecast,1,2
GRD,Grenada,2011,28.322,,,,,,,28.32243,,28.322,,,,,1,IMF_WEO,,
GRD,Grenada,2002,35.746,,,,,,,35.746181,,35.746,,,,,1,IMF_WEO,,
GRD,Grenada,1995,23.242,,,,,,,23.242212,,23.242,,,,,1,IMF_WEO,,
GRD,Grenada,2027,28.837,,,,,,,,,,28.837,,,,1,IMF_WEO_forecast,,
GRD,Grenada,2007,27.664,,,,,,,27.663554,,27.664,,,,,1,IMF_WEO,,
GRD,Grenada,2000,25.609,,,,,,,25.608947,,25.609,,,,,1,IMF_WEO,,
GTM,Guatemala,2019,13.441,,,,,,,13.441078,14.439057,13.441,,,,,1,IMF_WEO,,
GTM,Guatemala,1999,14.582,,,,,,,14.581604,,14.582,,,,,1,IMF_WEO,,
GTM,Guatemala,2028,14.894,,,,,,,,,,14.894,,,,1,IMF_WEO_forecast,,
GTM,Guatemala,2027,14.802,,,,,,,,,,14.802,,,,1,IMF_WEO_forecast,,
GTM,Guatemala,2012,14.151,,,,,,,14.150905,,14.151,,,,,1,IMF_WEO,,
GTM,Guatemala,1996,9.852,,,,,,,9.8520677,,9.852,,,,,1,IMF_WEO,,
GTM,Guatemala,1997,11.186,,,,,,,11.186212,,11.186,,,,,1,IMF_WEO,,
GTM,Guatemala,2025,14.589,,,,,,,,,,14.589,,,,1,IMF_WEO_forecast,,
GTM,Guatemala,2001,13.76,,,,,,,13.76039,,13.76,,,,,1,IMF_WEO,,
GTM,Guatemala,2026,14.701,,,,,,,,,,14.701,,,,1,IMF_WEO_forecast,,
GTM,Guatemala,1998,13.159,,,,,,,13.159025,,13.159,,,,,1,IMF_WEO,,
GTM,Guatemala,2017,12.778,,,,,,,12.777548,13.896681,12.778,,,,,1,IMF_WEO,,
GTM,Guatemala,2018,13.187,,,,,,,13.187306,14.154289,13.187,,,,,1,IMF_WEO,,
GTM,Guatemala,2023,14.80799,,,,,,,13.721152,14.807985,,13.721,,,,1,IMF_GFS,1,2
GTM,Guatemala,2008,13.26,,,,,,,13.26044,,13.26,,,,,1,IMF_WEO,,
GTM,Guatemala,2022,14.269,,,,,,,14.268598,15.132448,14.269,,,,,1,IMF_WEO,,
GTM,Guatemala,2007,13.906,,,,,,,13.905816,,13.906,,,,,1,IMF_WEO,,
GTM,Guatemala,2024,13.527,,,,,,,,,,13.527,,,,1,IMF_WEO_forecast,1,2
GTM,Guatemala,2009,14.1,,,,,,,14.100239,,14.1,,,,,1,IMF_WEO,,
GTM,Guatemala,2014,13.596,,,,,,,13.596038,14.700146,13.596,,,,,1,IMF_WEO,,
GTM,Guatemala,2006,14.167,,,,,,,14.167285,,14.167,,,,,1,IMF_WEO,,
GTM,Guatemala,2002,13.148,,,,,,,13.147618,,13.148,,,,,1,IMF_WEO,,
GTM,Guatemala,2000,13.582,,,,,,,13.581713,,13.582,,,,,1,IMF_WEO,,
GTM,Guatemala,2004,12.864,,,,,,,12.864219,,12.864,,,,,1,IMF_WEO,,
GTM,Guatemala,2003,14.367,,,,,,,14.367367,,14.367,,,,,1,IMF_WEO,,
GTM,Guatemala,1995,9.775,,,,,,,9.7749445,,9.775,,,,,1,IMF_WEO,,
GTM,Guatemala,2011,14.488,,,,,,,14.487876,,14.488,,,,,1,IMF_WEO,,
GTM,Guatemala,2013,13.994,,,,,,,13.994068,,13.994,,,,,1,IMF_WEO,,
GTM,Guatemala,2015,12.582,,,,,,,12.581595,14.201608,12.582,,,,,1,IMF_WEO,,
GTM,Guatemala,2016,12.566,,,,,,,12.56576,13.925463,12.566,,,,,1,IMF_WEO,,
GTM,Guatemala,2021,13.466,,,,,,,13.46555,14.618461,13.466,,,,,1,IMF_WEO,,
GTM,Guatemala,2020,15.585,,,,,,,15.584989,16.222282,15.585,,,,,1,IMF_WEO,,
GTM,Guatemala,2005,13.245,,,,,,,13.24476,,13.245,,,,,1,IMF_WEO,,
GTM,Guatemala,2029,14.979,,,,,,,,,,14.979,,,,1,IMF_WEO_forecast,,
GTM,Guatemala,2010,14.468,,,,,,,14.467827,,14.468,,,,,1,IMF_WEO,,
GUY,Guyana,2006,28.999,,,,,,,28.999281,,28.999,,,,,1,IMF_WEO,,
GUY,Guyana,2000,22.879,,,,,,,22.878567,,22.879,,,,,1,IMF_WEO,,
GUY,Guyana,2015,21.74,,,,,,,21.74011,,21.74,,,,,1,IMF_WEO,,
GUY,Guyana,2001,24.019,,,,,,,24.01943,,24.019,,,,,1,IMF_WEO,,
GUY,Guyana,2017,26.304,,,,,,,26.304106,,26.304,,,,,1,IMF_WEO,,
GUY,Guyana,1997,20.882,,,,,,,20.881732,,20.882,,,,,1,IMF_WEO,,
GUY,Guyana,2028,21.145,,,,,,,,,,21.145,,,,1,IMF_WEO_forecast,,
GUY,Guyana,2011,23.514,,,,,,,23.513552,,23.514,,,,,1,IMF_WEO,,
GUY,Guyana,1998,19.661,,,,,,,19.660753,,19.661,,,,,1,IMF_WEO,,
GUY,Guyana,2012,21.846,,,,,,,21.846102,,21.846,,,,,1,IMF_WEO,,
GUY,Guyana,2021,26.009,,,,,,,26.009219,,26.009,,,,,1,IMF_WEO,,
GUY,Guyana,2027,20.573,,,,,,,,,,20.573,,,,1,IMF_WEO_forecast,,
GUY,Guyana,2026,20.129,,,,,,,,,,20.129,,,,1,IMF_WEO_forecast,,
GUY,Guyana,2008,24.139,,,,,,,24.139066,,24.139,,,,,1,IMF_WEO,,
GUY,Guyana,2007,25.477,,,,,,,25.476746,,25.477,,,,,1,IMF_WEO,,
GUY,Guyana,1999,17.619,,,,,,,17.619068,,17.619,,,,,1,IMF_WEO,,
GUY,Guyana,2010,23.923,,,,,,,23.922586,,23.923,,,,,1,IMF_WEO,,
GUY,Guyana,2022,20.549,,,,,,,20.54892,,20.549,,,,,1,IMF_WEO,,
GUY,Guyana,2002,23.11,,,,,,,23.110403,,23.11,,,,,1,IMF_WEO,,
GUY,Guyana,2013,21.41,,,,,,,21.409917,,21.41,,,,,1,IMF_WEO,,
GUY,Guyana,2024,23.964,,,,,,,,,,23.964001,,,,1,IMF_WEO_forecast,1,2
GUY,Guyana,2023,23.48138,,,,,,,23.481378,,,23.481001,,,,1,IMF_FPP,1,2
GUY,Guyana,2020,30.544,,,,,,,30.544445,,30.544,,,,,1,IMF_WEO,,
GUY,Guyana,2005,28.374,,,,,,,28.373893,,28.374,,,,,1,IMF_WEO,,
GUY,Guyana,2003,23.501,,,,,,,23.500602,,23.501,,,,,1,IMF_WEO,,
GUY,Guyana,2009,25.362,,,,,,,25.362282,,25.362,,,,,1,IMF_WEO,,
GUY,Guyana,2025,23.243,,,,,,,,,,23.243,,,,1,IMF_WEO_forecast,,
GUY,Guyana,2019,28.126,,,,,,,28.126468,,28.126,,,,,1,IMF_WEO,,
GUY,Guyana,2016,25.183,,,,,,,25.182602,,25.183,,,,,1,IMF_WEO,,
GUY,Guyana,2014,23.098,,,,,,,23.097978,,23.098,,,,,1,IMF_WEO,,
GUY,Guyana,2018,27.554,,,,,,,27.554202,,27.554,,,,,1,IMF_WEO,,
GUY,Guyana,2004,23.661,,,,,,,23.661157,,23.661,,,,,1,IMF_WEO,,
GUY,Guyana,2029,22.722,,,,,,,,,,22.722,,,,1,IMF_WEO_forecast,,
HKG,Hong Kong,1994,15.373,,,,,,,15.373319,,15.373,,,,,1,IMF_WEO,,
HKG,Hong Kong,2017,17.361,19.499092,,,,,,17.36073,18.404947,17.361,,,,,1,IMF_WEO,,
HKG,Hong Kong,1990,13.839,,,,,,,13.838815,,13.839,,,,,1,IMF_WEO,,
HKG,Hong Kong,1970,10.8301,,,,,,,10.8301,,,,,,,1,IMF_FPP,,
HKG,Hong Kong,2026,22.777,,,,,,,,,,22.777,,,,1,IMF_WEO_forecast,,
HKG,Hong Kong,2009,17.079,19.144731,,,,,,17.079423,18.813195,17.079,,,,,1,IMF_WEO,,
HKG,Hong Kong,1975,13.2567,,,,,,,13.2567,,,,,,,1,IMF_FPP,,
HKG,Hong Kong,1996,14.37,,,,,,,14.370462,,14.37,,,,,1,IMF_WEO,,
HKG,Hong Kong,1974,14.0207,,,,,,,14.0207,,,,,,,1,IMF_FPP,,
HKG,Hong Kong,1973,13.0031,,,,,,,13.0031,,,,,,,1,IMF_FPP,,
HKG,Hong Kong,1979,9.85506,,,,,,,9.8550596,,,,,,,1,IMF_FPP,,
HKG,Hong Kong,2020,29.907,32.237172,,,,,,29.906716,31.265498,29.907,,,,,1,IMF_WEO,,
HKG,Hong Kong,2008,18.63,18.717273,,,,,,18.629825,18.523878,18.63,,,,,1,IMF_WEO,,
HKG,Hong Kong,1993,15.313,,,,,,,15.313208,,15.313,,,,,1,IMF_WEO,,
HKG,Hong Kong,2023,23.722,,,,,,,23.722394,24.600877,23.722,,,,,1,IMF_WEO,,
HKG,Hong Kong,2006,14.84,16.50852,,,,,,14.839776,16.349265,14.84,,,,,1,IMF_WEO,,
HKG,Hong Kong,1977,9.00024,,,,,,,9.0002403,,,,,,,1,IMF_FPP,,
HKG,Hong Kong,1982,16.663,,,,,,,16.663257,,16.663,,,,,1,IMF_WEO,,
HKG,Hong Kong,1967,11.9045,,,,,,,11.9045,,,,,,,1,IMF_FPP,,
HKG,Hong Kong,1985,14.511,,,,,,,14.510562,,14.511,,,,,1,IMF_WEO,,
HKG,Hong Kong,2013,20.035,20.785529,,,,,,20.035275,19.922555,20.035,,,,,1,IMF_WEO,,
HKG,Hong Kong,1961,12.7336,,,,,,,12.7336,,,,,,,1,IMF_FPP,,
HKG,Hong Kong,1976,11.6511,,,,,,,11.6511,,,,,,,1,IMF_FPP,,
HKG,Hong Kong,2005,16.2,18.249588,,,,,,16.199967,19.652368,16.2,,,,,1,IMF_WEO,,
HKG,Hong Kong,1981,17.12,,,,,,,17.119732,,17.12,,,,,1,IMF_WEO,,
HKG,Hong Kong,1992,13.544,,,,,,,13.543501,,13.544,,,,,1,IMF_WEO,,
HKG,Hong Kong,2011,18.625,19.996536,,,,,,18.625118,19.086914,18.625,,,,,1,IMF_WEO,,
HKG,Hong Kong,2025,23.144,,,,,,,,,,23.143999,,,,1,IMF_WEO_forecast,,
HKG,Hong Kong,1988,11.681,,,,,,,11.681082,,11.681,,,,,1,IMF_WEO,,
HKG,Hong Kong,1971,11.1058,,,,,,,11.1058,,,,,,,1,IMF_FPP,,
HKG,Hong Kong,1964,12.0692,,,,,,,12.0692,,,,,,,1,IMF_FPP,,
HKG,Hong Kong,2000,17.457,,,,,,,17.456617,,17.457,,,,,1,IMF_WEO,,
HKG,Hong Kong,2003,19.561,22.029269,,,,,,19.560654,21.244019,19.561,,,,,1,IMF_WEO,,
HKG,Hong Kong,2022,28.293,,,,,,,28.293314,29.334481,28.293,,,,,1,IMF_WEO,,
HKG,Hong Kong,2028,21.062,,,,,,,,,,21.062,,,,1,IMF_WEO_forecast,,
HKG,Hong Kong,2016,18.251,19.902851,,,,,,18.251264,19.043619,18.251,,,,,1,IMF_WEO,,
HKG,Hong Kong,2024,24.094,,,,,,,,,,24.094,,,,1,IMF_WEO_forecast,1,2
HKG,Hong Kong,2007,13.931,15.793491,,,,,,13.931414,15.936577,13.931,,,,,1,IMF_WEO,,
HKG,Hong Kong,1980,9.67371,,,,,,,9.6737099,,,,,,,1,IMF_FPP,1,2
HKG,Hong Kong,2027,21.686,,,,,,,,,,21.686001,,,,1,IMF_WEO_forecast,,
HKG,Hong Kong,1962,12.7724,,,,,,,12.7724,,,,,,,1,IMF_FPP,,
HKG,Hong Kong,2010,16.593,18.145707,,,,,,16.592988,17.403729,16.593,,,,,1,IMF_WEO,,
HKG,Hong Kong,1999,17.077,,,,,,,17.076972,,17.077,,,,,1,IMF_WEO,,
HKG,Hong Kong,1991,12.809,,,,,,,12.809109,,12.809,,,,,1,IMF_WEO,,
HKG,Hong Kong,1989,12.976,,,,,,,12.976083,,12.976,,,,,1,IMF_WEO,,
HKG,Hong Kong,1966,12.6007,,,,,,,12.6007,,,,,,,1,IMF_FPP,,
HKG,Hong Kong,1965,12.6296,,,,,,,12.6296,,,,,,,1,IMF_FPP,,
HKG,Hong Kong,2002,18.507,21.372484,,,,,,18.506587,20.972374,18.507,,,,,1,IMF_WEO,,
HKG,Hong Kong,1986,12.696,,,,,,,12.696029,,12.696,,,,,1,IMF_WEO,,
HKG,Hong Kong,1963,12.3777,,,,,,,12.3777,,,,,,,1,IMF_FPP,,
HKG,Hong Kong,1972,13.6197,,,,,,,13.6197,,,,,,,1,IMF_FPP,,
HKG,Hong Kong,2018,18.393,20.286172,,,,,,18.392522,19.171702,18.393,,,,,1,IMF_WEO,,
HKG,Hong Kong,1997,14.135,,,,,,,14.135414,,14.135,,,,,1,IMF_WEO,,
HKG,Hong Kong,1995,16.064,,,,,,,16.063659,,16.064,,,,,1,IMF_WEO,,
HKG,Hong Kong,2021,23.706,25.205956,,,,,,23.706182,24.020449,23.706,,,,,1,IMF_WEO,,
HKG,Hong Kong,1978,10.486,,,,,,,10.486,,,,,,,1,IMF_FPP,,
HKG,Hong Kong,1987,11.767,,,,,,,11.767137,,11.767,,,,,1,IMF_WEO,,
HKG,Hong Kong,1968,11.6548,,,,,,,11.6548,,,,,,,1,IMF_FPP,,
HKG,Hong Kong,1983,15.483,,,,,,,15.482887,,15.483,,,,,1,IMF_WEO,,
HKG,Hong Kong,2004,18.209,19.698257,,,,,,18.208664,19.261262,18.209,,,,,1,IMF_WEO,,
HKG,Hong Kong,2029,21.271,,,,,,,,,,21.271,,,,1,IMF_WEO_forecast,,
HKG,Hong Kong,1998,18.548,,,,,,,18.548015,,18.548,,,,,1,IMF_WEO,,
HKG,Hong Kong,2015,18.035,20.29371,,,,,,18.034697,19.101189,18.035,,,,,1,IMF_WEO,,
HKG,Hong Kong,2001,18.243,,,,,,,18.243041,,18.243,,,,,1,IMF_WEO,,
HKG,Hong Kong,1969,10.7978,,,,,,,10.7978,,,,,,,1,IMF_FPP,,
HKG,Hong Kong,2014,17.253,19.306683,,,,,,17.252878,18.31819,17.253,,,,,1,IMF_WEO,,
HKG,Hong Kong,2019,20.95,21.388235,,,,,,20.950198,21.230064,20.95,,,,,1,IMF_WEO,,
HKG,Hong Kong,2012,18.294,20.020431,,,,,,18.293944,19.147948,18.294,,,,,1,IMF_WEO,,
HKG,Hong Kong,1984,13.342,,,,,,,13.341655,,13.342,,,,,1,IMF_WEO,,
HND,Honduras,1998,19.419,,,,,,,19.41921,,19.419,,,,,1,IMF_WEO,,
HND,Honduras,1951,9.58333,,,,,,,9.5833302,,,,,,,1,IMF_FPP,,
HND,Honduras,1979,14.4458,,,,,,,14.4458,,,,,,,1,IMF_FPP,,
HND,Honduras,2010,26.463,,,,,,,26.463222,22.908455,26.463,,,,,1,IMF_WEO,,
HND,Honduras,1994,19.029,,,,,,,17.515699,,19.029,,,,,1,IMF_WEO,,
HND,Honduras,2013,29.576,,,,,,,29.575607,24.587092,29.576,,,,,1,IMF_WEO,,
HND,Honduras,1999,23.321,,,,,,,23.320528,,23.321,,,,,1,IMF_WEO,,
HND,Honduras,2023,26.12313,,,,,,,26.123128,,,26.122999,,,,1,IMF_FPP,1,3
HND,Honduras,1990,19.383,,,,,,,16.6082,,19.383,,,,,1,IMF_WEO,,
HND,Honduras,1981,15.3245,,,,,,,15.3245,,,,,,,1,IMF_FPP,,
HND,Honduras,1964,11.4442,,,,,,,11.4442,,,,,,,1,IMF_FPP,,
HND,Honduras,1992,21.645,,,,,,,13.8487,,21.645,,,,,1,IMF_WEO,,
HND,Honduras,1928,6.85083,,,,,,,6.8508301,,,,,,,1,IMF_FPP,,
HND,Honduras,1969,13.6276,,,,,,,13.6276,,,,,,,1,IMF_FPP,,
HND,Honduras,1949,9.13461,,,,,,,9.1346102,,,,,,,1,IMF_FPP,,
HND,Honduras,1945,6.56934,,,,,,,6.5693402,,,,,,,1,IMF_FPP,,
HND,Honduras,1957,12.7852,,,,,,,12.7852,,,,,,,1,IMF_FPP,,
HND,Honduras,1997,19.393,,,,,,,17.3985,,19.393,,,,,1,IMF_WEO,,
HND,Honduras,1983,20.8195,,,,,,,20.8195,,,,,,,1,IMF_FPP,,
HND,Honduras,1932,7.93548,,,,,,,7.9354801,,,,,,,1,IMF_FPP,,
HND,Honduras,1963,10.0976,,,,,,,10.0976,,,,,,,1,IMF_FPP,,
HND,Honduras,1985,22.5489,,,,,,,22.548901,,,,,,,1,IMF_FPP,,
HND,Honduras,1965,10.5506,,,,,,,10.5506,,,,,,,1,IMF_FPP,,
HND,Honduras,2029,26.919,,,,,,,,,,26.919001,,,,1,IMF_WEO_forecast,,
HND,Honduras,1956,12.0522,,,,,,,12.0522,,,,,,,1,IMF_FPP,,
HND,Honduras,1967,11.4465,,,,,,,11.4465,,,,,,,1,IMF_FPP,,
HND,Honduras,1976,11.5005,,,,,,,11.5005,,,,,,,1,IMF_FPP,,
HND,Honduras,1960,12.1609,,,,,,,12.1609,,,,,,,1,IMF_FPP,,
HND,Honduras,1950,8.62832,,,,,,,8.6283197,,,,,,,1,IMF_FPP,,
HND,Honduras,2021,28.771,,,,,,,28.771416,,28.771,,,,,1,IMF_WEO,,
HND,Honduras,1955,9.70856,,,,,,,9.70856,,,,,,,1,IMF_FPP,,
HND,Honduras,2007,24.449,,,,,,,24.44874,21.52694,24.449,,,,,1,IMF_WEO,,
HND,Honduras,2016,27.383,,,,,,,27.382563,,27.383,,,,,1,IMF_WEO,,
HND,Honduras,1931,7.35294,,,,,,,7.3529401,,,,,,,1,IMF_FPP,,
HND,Honduras,1986,19.7953,,,,,,,19.7953,,,,,,,1,IMF_FPP,,
HND,Honduras,1940,6.41711,,,,,,,6.41711,,,,,,,1,IMF_FPP,,
HND,Honduras,1980,16.1534,,,,,,,16.1534,,,,,,,1,IMF_FPP,,
HND,Honduras,1996,18.666,,,,,,,17.162001,,18.666,,,,,1,IMF_WEO,,
HND,Honduras,1984,22.3932,,,,,,,22.3932,,,,,,,1,IMF_FPP,,
HND,Honduras,1987,17.1765,,,,,,,17.1765,,,,,,,1,IMF_FPP,,
HND,Honduras,2003,26.441,,,,,,,26.441299,21.221612,26.441,,,,,1,IMF_WEO,,
HND,Honduras,1937,8.10458,,,,,,,8.1045799,,,,,,,1,IMF_FPP,,
HND,Honduras,2026,27.199,,,,,,,,,,27.198999,,,,1,IMF_WEO_forecast,,
HND,Honduras,2017,26.858,,,,,,,26.857902,,26.858,,,,,1,IMF_WEO,,
HND,Honduras,2025,27.317,,,,,,,,,,27.316999,,,,1,IMF_WEO_forecast,,
HND,Honduras,1939,7.10983,,,,,,,7.1098299,,,,,,,1,IMF_FPP,,
HND,Honduras,1946,6.98413,,,,,,,6.9841299,,,,,,,1,IMF_FPP,,
HND,Honduras,2005,23.61,,,,,,,23.609587,20.367793,23.61,,,,,1,IMF_WEO,,
HND,Honduras,1930,7.63736,,,,,,,7.6373601,,,,,,,1,IMF_FPP,,
HND,Honduras,2008,26.409,,,,,,,26.409035,21.902879,26.409,,,,,1,IMF_WEO,,
HND,Honduras,1970,15.1729,,,,,,,15.1729,,,,,,,1,IMF_FPP,,
HND,Honduras,2020,28.412,,,,,,,28.411895,24.106998,28.412,,,,,1,IMF_WEO,,
HND,Honduras,2001,25.066,,,,,,,25.065784,,25.066,,,,,1,IMF_WEO,,
HND,Honduras,1974,11.6993,,,,,,,11.6993,,,,,,,1,IMF_FPP,,
HND,Honduras,2024,27.035,,,,,,,,,,27.035,,,,1,IMF_WEO_forecast,1,3
HND,Honduras,2000,22.099,,,,,,,22.098844,,22.099,,,,,1,IMF_WEO,,
HND,Honduras,1941,5.97884,,,,,,,5.9788399,,,,,,,1,IMF_FPP,,
HND,Honduras,2012,26.356,,,,,,,26.356067,23.353285,26.356,,,,,1,IMF_WEO,,
HND,Honduras,1971,15.1773,,,,,,,15.1773,,,,,,,1,IMF_FPP,,
HND,Honduras,2009,28.352,,,,,,,28.351642,23.892528,28.352,,,,,1,IMF_WEO,,
HND,Honduras,1988,15.9861,,,,,,,15.9861,,,,,,,1,IMF_FPP,,
HND,Honduras,1954,12.5586,,,,,,,12.5586,,,,,,,1,IMF_FPP,,
HND,Honduras,1989,10.1539,,,,,,,10.1539,,,,,,,1,IMF_FPP,1,3
HND,Honduras,1958,12.3425,,,,,,,12.3425,,,,,,,1,IMF_FPP,,
HND,Honduras,2006,24.394,,,,,,,24.393704,20.112488,24.394,,,,,1,IMF_WEO,,
HND,Honduras,1982,18.687,,,,,,,18.687,,,,,,,1,IMF_FPP,,
HND,Honduras,1961,11.1938,,,,,,,11.1938,,,,,,,1,IMF_FPP,,
HND,Honduras,1993,24.531,,,,,,,14.1165,,24.531,,,,,1,IMF_WEO,,
HND,Honduras,2004,25.544,,,,,,,25.543973,20.19578,25.544,,,,,1,IMF_WEO,,
HND,Honduras,2028,26.958,,,,,,,,,,26.958,,,,1,IMF_WEO_forecast,,
HND,Honduras,1929,8.10811,,,,,,,8.1081104,,,,,,,1,IMF_FPP,,
HND,Honduras,1973,11.1164,,,,,,,11.1164,,,,,,,1,IMF_FPP,,
HND,Honduras,1933,7.6875,,,,,,,7.6875,,,,,,,1,IMF_FPP,,
HND,Honduras,1944,6.96721,,,,,,,6.9672098,,,,,,,1,IMF_FPP,,
HND,Honduras,1947,8.01105,,,,,,,8.0110502,,,,,,,1,IMF_FPP,,
HND,Honduras,1977,14.5866,,,,,,,14.5866,,,,,,,1,IMF_FPP,,
HND,Honduras,1952,11.8237,,,,,,,11.8237,,,,,,,1,IMF_FPP,,
HND,Honduras,2027,26.88,,,,,,,,,,26.879999,,,,1,IMF_WEO_forecast,,
HND,Honduras,1995,17.213,,,,,,,17.3873,,17.213,,,,,1,IMF_WEO,,
HND,Honduras,1942,5.60976,,,,,,,5.6097598,,,,,,,1,IMF_FPP,,
HND,Honduras,1934,6.90909,,,,,,,6.90909,,,,,,,1,IMF_FPP,,
HND,Honduras,1978,13.0848,,,,,,,13.0848,,,,,,,1,IMF_FPP,,
HND,Honduras,1991,20.776,,,,,,,14.0065,,20.776,,,,,1,IMF_WEO,,
HND,Honduras,1943,6.69857,,,,,,,6.6985698,,,,,,,1,IMF_FPP,,
HND,Honduras,1927,6.95122,,,,,,,6.95122,,,,,,,1,IMF_FPP,,
HND,Honduras,2002,26.809,,,,,,,26.808755,,26.809,,,,,1,IMF_WEO,,
HND,Honduras,1962,10.4645,,,,,,,10.4645,,,,,,,1,IMF_FPP,,
HND,Honduras,2011,25.912,,,,,,,25.911855,22.293054,25.912,,,,,1,IMF_WEO,,
HND,Honduras,1975,11.8694,,,,,,,11.8694,,,,,,,1,IMF_FPP,,
HND,Honduras,1948,6.77083,,,,,,,6.7708302,,,,,,,1,IMF_FPP,,
HND,Honduras,2019,25.939,,,,,,,25.939116,,25.939,,,,,1,IMF_WEO,,
HND,Honduras,1972,12.5594,,,,,,,12.5594,,,,,,,1,IMF_FPP,,
HND,Honduras,1968,11.6012,,,,,,,11.6012,,,,,,,1,IMF_FPP,,
HND,Honduras,1966,11.4364,,,,,,,11.4364,,,,,,,1,IMF_FPP,,
HND,Honduras,1938,7.59259,,,,,,,7.5925899,,,,,,,1,IMF_FPP,,
HND,Honduras,1936,7.45223,,,,,,,7.45223,,,,,,,1,IMF_FPP,,
HND,Honduras,1935,7.69697,,,,,,,7.69697,,,,,,,1,IMF_FPP,,
HND,Honduras,2014,27.638,,,,,,,27.637907,23.883769,27.638,,,,,1,IMF_WEO,,
HND,Honduras,2018,26.156,,,,,,,26.156129,,26.156,,,,,1,IMF_WEO,,
HND,Honduras,1959,11.8997,,,,,,,11.8997,,,,,,,1,IMF_FPP,,
HND,Honduras,2015,26.022,,,,,,,26.02189,22.844707,26.022,,,,,1,IMF_WEO,,
HND,Honduras,1953,11.4603,,,,,,,11.4603,,,,,,,1,IMF_FPP,,
HND,Honduras,2022,24.042,,,,,,,24.041553,,24.042,,,,,1,IMF_WEO,,
HRV,Croatia,2020,53.8,,53.7557,,,53.8,,53.272849,51.084999,53.273,,53.66178,,,1,EUS,,
HRV,Croatia,2016,45.9,,45.91523,,,45.9,,45.581883,45.921254,45.582,,45.859903,,,1,EUS,,
HRV,Croatia,2026,47.93785,,49.94997,,,,,,,,48.855999,47.937846,,,1,OECD_EO,,
HRV,Croatia,2019,46.4,,46.35964,,,46.4,,43.592161,44.527162,43.592,,46.292331,,,1,EUS,,
HRV,Croatia,2022,45,,45.01321,,,45,,44.379817,42.55298,44.38,,44.881122,,,1,EUS,,
HRV,Croatia,2024,48,,48.00394,,,48,,,,,48.728001,48.056657,,,1,EUS,,
HRV,Croatia,2015,47.6,,47.60902,,,47.6,,47.322516,47.400165,47.323,,47.537222,,,1,EUS,,
HRV,Croatia,2010,48.2,,48.17622,,,48.2,,47.90005,47.487044,47.9,,48.131321,,,1,EUS,,
HRV,Croatia,2021,48.2,,48.18925,,,48.2,,47.707052,45.88853,47.707,,48.096865,,,1,EUS,,
HRV,Croatia,2018,45.2,,45.16467,,,45.2,,44.498091,44.517373,44.498,,45.095194,,,1,EUS,,
HRV,Croatia,1994,45.371,,,,,,,45.371279,,45.371,,,,,1,IMF_WEO,1,4
HRV,Croatia,1998,54.5,,54.4613,,,54.5,,56.817907,52.074502,56.818,,54.46085,,,1,EUS,,
HRV,Croatia,2023,46.3,,46.28147,,,46.3,,47.395517,44.580674,,47.396,46.615386,,,1,EUS,,
HRV,Croatia,2007,46.4,,46.36535,,,46.4,,45.941132,42.212185,45.941,,46.321232,,,1,EUS,,
HRV,Croatia,2005,46.5,,46.47403,,,46.5,,46.007571,43.635158,46.008,,46.474316,,,1,EUS,,
HRV,Croatia,2014,48.7,,48.74869,,,48.7,,48.533944,48.400402,48.534,,48.683594,,,1,EUS,,
HRV,Croatia,2006,44.6,,44.60885,,,44.6,,44.2008,41.824971,44.201,,44.564633,,,1,EUS,,
HRV,Croatia,2013,48,,47.95908,,,48,,47.785331,47.1107,47.785,,47.900681,,,1,EUS,,
HRV,Croatia,2011,48.6,,48.63487,,,48.6,,48.350077,48.174218,48.35,,48.573696,,,1,EUS,,
HRV,Croatia,1993,35.96,,,,,,,35.959641,,35.96,,,,,1,IMF_WEO,,
HRV,Croatia,2002,49.2,,49.18174,,,49.2,,48.759276,46.67503,48.759,,49.181728,,,1,EUS,,
HRV,Croatia,2001,50.6,,50.61541,,,50.6,,50.627573,48.584078,50.628,,50.615414,,,1,EUS,,
HRV,Croatia,2000,54.6,,54.55706,,,54.6,,54.573003,51.790634,54.573,,54.557055,,,1,EUS,,
HRV,Croatia,2004,49,,49.00907,,,49,,48.524132,44.770566,48.524,,49.00878,,,1,EUS,,
HRV,Croatia,2028,46.585,,,,,,,,,,46.584999,,,,1,IMF_WEO_forecast,1,4
HRV,Croatia,1997,53.8,,53.80094,,,53.8,,51.67219,51.625991,51.672,,53.800431,,,1,EUS,,
HRV,Croatia,1992,37.11,,,,,,,37.11008,,37.11,,,,,1,IMF_WEO,,
HRV,Croatia,1999,56.5,,56.45235,,,56.5,,58.944036,53.831411,58.944,,56.4519,,,1,EUS,,
HRV,Croatia,2029,46.703,,,,,,,,,,46.702999,,,,1,IMF_WEO_forecast,,
HRV,Croatia,2025,47.93886,,49.64775,,,,,,,,49.185001,47.938862,,,1,OECD_EO,1,4
HRV,Croatia,1996,57.1,,57.10326,,,57.1,,52.091844,55.070873,52.092,,57.102686,,,1,EUS,,
HRV,Croatia,2027,49.52085,,49.52085,,,,,,,,47.266998,,,,1,AMECO,1,4
HRV,Croatia,2003,49.6,,49.64943,,,49.6,,49.211742,45.501765,49.212,,49.649427,,,1,EUS,,
HRV,Croatia,2008,46.3,,46.30561,,,46.3,,45.866924,43.028332,45.867,,46.26166,,,1,EUS,,
HRV,Croatia,2009,49.3,,49.27862,,,49.3,,49.007637,46.552561,49.008,,49.222676,,,1,EUS,,
HRV,Croatia,2012,47.3,,47.32485,,,47.3,,47.051583,46.850845,47.052,,47.268773,,,1,EUS,,
HRV,Croatia,1995,57.9,,57.88324,,,57.9,,50.294621,55.407903,50.295,,57.882616,,,1,EUS,,
HRV,Croatia,2017,44.3,,44.30886,,,44.3,,43.691832,44.714177,43.692,,44.259323,,,1,EUS,,
HTI,Haiti,1946,2.49645,,,,,,,2.4964499,,,,,,,1,IMF_FPP,,
HTI,Haiti,1935,3.66,,,,,,,3.6600001,,,,,,,1,IMF_FPP,,
HTI,Haiti,1980,17.2212,,,,,,,17.221201,,,,,,,1,IMF_FPP,,
HTI,Haiti,2007,11.14,,,,,,,11.140469,,11.14,,,,,1,IMF_WEO,,
HTI,Haiti,1950,,,,,,,,,,,,,,,1,IMF_FPP,,
HTI,Haiti,2005,8.749,,,,,,,8.7487072,,8.749,,,,,1,IMF_WEO,,
HTI,Haiti,1996,,,,,,,,,,,,,,,1,IMF_WEO,,
HTI,Haiti,2001,6.106,,,,,,,6.1056635,,6.106,,,,,1,IMF_WEO,,
HTI,Haiti,1969,10.1039,,,,,,,10.1039,,,,,,,1,IMF_FPP,,
HTI,Haiti,2016,10.548,,,,,,,10.548105,,10.548,,,,,1,IMF_WEO,,
HTI,Haiti,1960,7.33713,,,,,,,7.3371301,,,,,,,1,IMF_FPP,,
HTI,Haiti,1984,16.9476,,,,,,,16.947599,,,,,,,1,IMF_FPP,,
HTI,Haiti,2017,10.236,,,,,,,10.236251,,10.236,,,,,1,IMF_WEO,,
HTI,Haiti,1939,3.71,,,,,,,3.71,,,,,,,1,IMF_FPP,,
HTI,Haiti,1925,4.5,,,,,,,4.5,,,,,,,1,IMF_FPP,,
HTI,Haiti,2021,9.311,,,,,,,9.3113703,,9.311,,,,,1,IMF_WEO,,
HTI,Haiti,1974,9.24024,,,,,,,9.2402401,,,,,,,1,IMF_FPP,,
HTI,Haiti,1978,18.9265,,,,,,,18.9265,,,,,,,1,IMF_FPP,,
HTI,Haiti,1952,,,,,,,,,,,,,,,1,IMF_FPP,,
HTI,Haiti,2006,9.671,,,,,,,9.6711487,,9.671,,,,,1,IMF_WEO,,
HTI,Haiti,1940,3.29,,,,,,,3.29,,,,,,,1,IMF_FPP,,
HTI,Haiti,2029,7.669,,,,,,,,,,7.6690001,,,,1,IMF_WEO_forecast,,
HTI,Haiti,2026,7.265,,,,,,,,,,7.2649999,,,,1,IMF_WEO_forecast,,
HTI,Haiti,1988,,,,,,,,,,,,,,,1,IMF_WEO,,
HTI,Haiti,1977,16.7085,,,,,,,16.7085,,,,,,,1,IMF_FPP,,
HTI,Haiti,1932,3.33,,,,,,,3.3299999,,,,,,,1,IMF_FPP,,
HTI,Haiti,1982,20.6867,,,,,,,20.686701,,,,,,,1,IMF_FPP,,
HTI,Haiti,1934,4.24,,,,,,,4.2399998,,,,,,,1,IMF_FPP,,
HTI,Haiti,1931,3.29,,,,,,,3.29,,,,,,,1,IMF_FPP,,
HTI,Haiti,1956,12.6628,,,,,,,12.6628,,,,,,,1,IMF_FPP,,
HTI,Haiti,1928,4.5,,,,,,,4.5,,,,,,,1,IMF_FPP,,
HTI,Haiti,1973,9.40109,,,,,,,9.4010897,,,,,,,1,IMF_FPP,,
HTI,Haiti,1929,4.18,,,,,,,4.1799998,,,,,,,1,IMF_FPP,,
HTI,Haiti,1966,7.1994,,,,,,,7.1993999,,,,,,,1,IMF_FPP,,
HTI,Haiti,1927,4.32,,,,,,,4.3200002,,,,,,,1,IMF_FPP,,
HTI,Haiti,1944,,,,,,,,,,,,,,,1,IMF_FPP,,
HTI,Haiti,1994,,,,,,,,,,,,,,,1,IMF_WEO,,
HTI,Haiti,1962,,,,,,,,,,,,,,,1,IMF_FPP,,
HTI,Haiti,2020,10.02,,,,,,,10.019589,,10.02,,,,,1,IMF_WEO,,
HTI,Haiti,2018,11.263,,,,,,,11.262654,,11.263,,,,,1,IMF_WEO,,
HTI,Haiti,2002,6.641,,,,,,,6.6413068,,6.641,,,,,1,IMF_WEO,,
HTI,Haiti,1987,32.4099,,,,,,,32.409901,,,,,,,1,IMF_FPP,1,3
HTI,Haiti,1990,,,,,,,,,,,,,,,1,IMF_WEO,,
HTI,Haiti,1955,12.2946,,,,,,,12.2946,,,,,,,1,IMF_FPP,,
HTI,Haiti,1942,,,,,,,,,,,,,,,1,IMF_FPP,,
HTI,Haiti,1947,3.28791,,,,,,,3.28791,,,,,,,1,IMF_FPP,,
HTI,Haiti,1951,,,,,,,,,,,,,,,1,IMF_FPP,,
HTI,Haiti,1941,3.02,,,,,,,3.02,,,,,,,1,IMF_FPP,,
HTI,Haiti,1971,11.1994,,,,,,,11.1994,,,,,,,1,IMF_FPP,,
HTI,Haiti,1970,11.436,,,,,,,11.436,,,,,,,1,IMF_FPP,,
HTI,Haiti,2009,11.551,,,,,,,11.551479,,11.551,,,,,1,IMF_WEO,,
HTI,Haiti,2023,6.397304,,,,,,,6.3973035,,,6.3969998,,,,1,IMF_FPP,1,3
HTI,Haiti,2014,14.629,,,,,,,14.628956,,14.629,,,,,1,IMF_WEO,,
HTI,Haiti,1991,,,,,,,,,,,,,,,1,IMF_WEO,,
HTI,Haiti,2003,7.826,,,,,,,7.8258268,,7.826,,,,,1,IMF_WEO,,
HTI,Haiti,2028,7.315,,,,,,,,,,7.3150001,,,,1,IMF_WEO_forecast,,
HTI,Haiti,1933,3.68,,,,,,,3.6800001,,,,,,,1,IMF_FPP,,
HTI,Haiti,2015,12.748,,,,,,,12.74758,,12.748,,,,,1,IMF_WEO,,
HTI,Haiti,1961,,,,,,,,,,,,,,,1,IMF_FPP,,
HTI,Haiti,1965,7.9112,,,,,,,7.9112,,,,,,,1,IMF_FPP,,
HTI,Haiti,2024,4.608,,,,,,,,,,4.6079998,,,,1,IMF_WEO_forecast,1,3
HTI,Haiti,1992,,,,,,,,,,,,,,,1,IMF_WEO,,
HTI,Haiti,2000,6.247,,,,,,,6.2467057,,6.247,,,,,1,IMF_WEO,,
HTI,Haiti,1937,2.89,,,,,,,2.8900001,,,,,,,1,IMF_FPP,,
HTI,Haiti,1957,10.1039,,,,,,,10.1039,,,,,,,1,IMF_FPP,,
HTI,Haiti,1949,5.54224,,,,,,,5.5422401,,,,,,,1,IMF_FPP,,
HTI,Haiti,1948,4.97999,,,,,,,4.97999,,,,,,,1,IMF_FPP,,
HTI,Haiti,1954,10.1449,,,,,,,10.1449,,,,,,,1,IMF_FPP,,
HTI,Haiti,1945,2.38839,,,,,,,2.3883901,,,,,,,1,IMF_FPP,,
HTI,Haiti,1943,,,,,,,,,,,,,,,1,IMF_FPP,,
HTI,Haiti,1959,12.9293,,,,,,,12.9293,,,,,,,1,IMF_FPP,,
HTI,Haiti,2022,8.325,,,,,,,8.3254921,,8.325,,,,,1,IMF_WEO,,
HTI,Haiti,1936,3.51,,,,,,,3.51,,,,,,,1,IMF_FPP,,
HTI,Haiti,1975,12.7963,,,,,,,12.7963,,,,,,,1,IMF_FPP,,
HTI,Haiti,1963,8.94931,,,,,,,8.9493103,,,,,,,1,IMF_FPP,,
HTI,Haiti,1979,13.1076,,,,,,,13.1076,,,,,,,1,IMF_FPP,,
HTI,Haiti,2010,12.638,,,,,,,12.637964,,12.638,,,,,1,IMF_WEO,,
HTI,Haiti,1924,4.2,,,,,,,4.1999998,,,,,,,1,IMF_FPP,,
HTI,Haiti,1976,13.3949,,,,,,,13.3949,,,,,,,1,IMF_FPP,,
HTI,Haiti,1986,15.1443,,,,,,,15.1443,,,,,,,1,IMF_FPP,,
HTI,Haiti,1983,21.9035,,,,,,,21.9035,,,,,,,1,IMF_FPP,,
HTI,Haiti,1926,4.36,,,,,,,4.3600001,,,,,,,1,IMF_FPP,,
HTI,Haiti,1981,17.4049,,,,,,,17.4049,,,,,,,1,IMF_FPP,,
HTI,Haiti,1993,,,,,,,,,,,,,,,1,IMF_WEO,,
HTI,Haiti,1985,17.3997,,,,,,,17.3997,,,,,,,1,IMF_FPP,,
HTI,Haiti,2027,6.971,,,,,,,,,,6.9710002,,,,1,IMF_WEO_forecast,,
HTI,Haiti,2008,11.209,,,,,,,11.208823,,11.209,,,,,1,IMF_WEO,,
HTI,Haiti,2025,5.753,,,,,,,,,,5.7529998,,,,1,IMF_WEO_forecast,,
HTI,Haiti,1930,3.69,,,,,,,3.6900001,,,,,,,1,IMF_FPP,,
HTI,Haiti,2013,15.858,,,,,,,15.858067,,15.858,,,,,1,IMF_WEO,,
HTI,Haiti,2019,9.588,,,,,,,9.5880012,,9.588,,,,,1,IMF_WEO,,
HTI,Haiti,1953,9.75,,,,,,,9.75,,,,,,,1,IMF_FPP,,
HTI,Haiti,1958,12.0988,,,,,,,12.0988,,,,,,,1,IMF_FPP,,
HTI,Haiti,2011,14.13,,,,,,,14.129793,,14.13,,,,,1,IMF_WEO,,
HTI,Haiti,2012,16.435,,,,,,,16.435291,,16.435,,,,,1,IMF_WEO,,
HTI,Haiti,1968,10.2802,,,,,,,10.2802,,,,,,,1,IMF_FPP,,
HTI,Haiti,1967,7.5226,,,,,,,7.5226002,,,,,,,1,IMF_FPP,,
HTI,Haiti,1938,2.96,,,,,,,2.96,,,,,,,1,IMF_FPP,,
HTI,Haiti,1989,,,,,,,,,,,,,,,1,IMF_WEO,,
HTI,Haiti,1964,,,,,,,,,,,,,,,1,IMF_FPP,,
HTI,Haiti,1998,5.399,,,,,,,5.3986181,,5.399,,,,,1,IMF_WEO,,
HTI,Haiti,1997,5.456,,,,,,,5.4559506,,5.456,,,,,1,IMF_WEO,,
HTI,Haiti,1972,11.182,,,,,,,11.182,,,,,,,1,IMF_FPP,,
HTI,Haiti,2004,7.377,,,,,,,7.3765534,,7.377,,,,,1,IMF_WEO,,
HTI,Haiti,1999,6.91,,,,,,,6.9096952,,6.91,,,,,1,IMF_WEO,,
HTI,Haiti,1995,,,,,,,,,,,,,,,1,IMF_WEO,,
HUN,Hungary,2020,51,,51.03107,,,51,,51.409832,47.618232,51.41,,51.031077,,,1,EUS,,
HUN,Hungary,2002,51,,50.97405,,,51,,50.99482,49.23447,50.995,,50.974049,,,1,EUS,,
HUN,Hungary,1933,2.66467,,,,,,,2.66467,,,,,,,1,IMF_FPP,,
HUN,Hungary,2010,48.9,,48.91534,,,48.9,,48.812973,48.510769,48.813,,48.915342,,,1,EUS,,
HUN,Hungary,1936,2.64357,,,,,,,2.6435699,,,,,,,1,IMF_FPP,,
HUN,Hungary,1949,,,,,,,,,,,,,,,1,IMF_GFS,,
HUN,Hungary,2018,45.9,,45.92253,,,45.9,,46.095614,43.200784,46.096,,45.922533,,,1,EUS,,
HUN,Hungary,1989,55.66423,,,,,,,,55.664227,,,,,,1,IMF_GFS,,
HUN,Hungary,1952,,,,,,,,,,,,,,,1,IMF_GFS,,
HUN,Hungary,1940,3.07284,,,,,,,3.07284,,,,,,,1,IMF_FPP,,
HUN,Hungary,2001,47.2,,47.20837,,,47.2,,47.252356,47.143087,47.252,,47.208375,,,1,EUS,,
HUN,Hungary,1947,,,,,,,,,,,,,,,1,IMF_GFS,,
HUN,Hungary,2009,50.7,,50.66023,,,50.7,,50.559037,50.246022,50.559,,50.660232,,,1,EUS,,
HUN,Hungary,1934,2.67907,,,,,,,2.67907,,,,,,,1,IMF_FPP,,
HUN,Hungary,1992,54.59809,,,,,,,,54.598086,,,,,,1,IMF_GFS,,
HUN,Hungary,1983,52.49583,,,,,,,,52.495828,,,,,,1,IMF_GFS,,
HUN,Hungary,2024,47.1,,47.1445,,,47.1,,,,,48.699001,47.919518,,,1,EUS,,
HUN,Hungary,1986,56.87574,,,,,,,,56.87574,,,,,,1,IMF_GFS,,
HUN,Hungary,1958,,,,,,,,,,,,,,,1,IMF_GFS,,
HUN,Hungary,1988,53.81201,,,,,,,,53.812009,,,,,,1,IMF_GFS,,
HUN,Hungary,1942,6.26296,,,,,,,6.26296,,,,,,,1,IMF_FPP,,
HUN,Hungary,1971,,,,,,,,,,,,,,,1,IMF_GFS,,
HUN,Hungary,1994,54.70765,,,,,,,,54.707645,,,,,,1,IMF_GFS,1,5
HUN,Hungary,1978,,,,,,,,,,,,,,,1,IMF_GFS,,
HUN,Hungary,1964,,,,,,,,,,,,,,,1,IMF_GFS,,
HUN,Hungary,2019,45.8,,45.84649,,,45.8,,46.084515,42.91122,46.085,,45.846487,,,1,EUS,,
HUN,Hungary,1973,,,,,,,,,,,,,,,1,IMF_GFS,,
HUN,Hungary,1990,53.29871,,,,,,,,53.298714,,,,,,1,IMF_GFS,,
HUN,Hungary,1972,,,,,,,,,,,,,,,1,IMF_GFS,,
HUN,Hungary,1982,53.1274,,,,,,,,53.127402,,,,,,1,IMF_GFS,,
HUN,Hungary,1951,,,,,,,,,,,,,,,1,IMF_GFS,,
HUN,Hungary,1930,2.58249,,,,,,,2.58249,,,,,,,1,IMF_FPP,,
HUN,Hungary,1985,52.18616,,,,,,,,52.18616,,,,,,1,IMF_GFS,,
HUN,Hungary,1965,,,,,,,,,,,,,,,1,IMF_GFS,,
HUN,Hungary,1935,2.68691,,,,,,,2.6869099,,,,,,,1,IMF_FPP,,
HUN,Hungary,1948,,,,,,,,,,,,,,,1,IMF_GFS,,
HUN,Hungary,1928,2.31334,,,,,,,2.3133399,,,,,,,1,IMF_FPP,,
HUN,Hungary,2003,49.2,,49.17618,,,49.2,,49.121639,48.682831,49.122,,49.176183,,,1,EUS,,
HUN,Hungary,1939,6.82057,,,,,,,6.82057,,,,,,,1,IMF_FPP,,
HUN,Hungary,1932,2.41633,,,,,,,2.4163301,,,,,,,1,IMF_FPP,,
HUN,Hungary,1944,,,,,,,,,,,,,,,1,IMF_GFS,,
HUN,Hungary,1946,,,,,,,,,,,,,,,1,IMF_GFS,,
HUN,Hungary,1984,50.45097,,,,,,,,50.450973,,,,,,1,IMF_GFS,,
HUN,Hungary,1979,,,,,,,,,,,,,,,1,IMF_GFS,,
HUN,Hungary,2014,50,,50.01573,,,50,,50.045821,47.562122,50.046,,50.01573,,,1,EUS,,
HUN,Hungary,1996,50.9,,50.89313,,,50.9,,51.084017,53.610558,51.084,,50.893129,,,1,EUS,,
HUN,Hungary,1991,51.98841,,,,,,,,51.988415,,,,,,1,IMF_GFS,,
HUN,Hungary,1980,,,,,,,,,,,,,,,1,IMF_GFS,,
HUN,Hungary,1956,,,,,,,,,,,,,,,1,IMF_GFS,,
HUN,Hungary,1977,,,,,,,,,,,,,,,1,IMF_GFS,,
HUN,Hungary,2004,48.8,,48.77112,,,48.8,,48.721723,48.062985,48.722,,48.771118,,,1,EUS,,
HUN,Hungary,1954,,,,,,,,,,,,,,,1,IMF_GFS,,
HUN,Hungary,1957,,,,,,,,,,,,,,,1,IMF_GFS,,
HUN,Hungary,2015,50.4,,50.3538,,,50.4,,50.379703,46.737262,50.38,,50.353801,,,1,EUS,,
HUN,Hungary,1937,2.57084,,,,,,,2.5708399,,,,,,,1,IMF_FPP,,
HUN,Hungary,1970,,,,,,,,,,,,,,,1,IMF_GFS,,
HUN,Hungary,1961,,,,,,,,,,,,,,,1,IMF_GFS,,
HUN,Hungary,1999,48.9,,48.93454,,,48.9,,49.021117,50.317816,49.021,,48.934538,,,1,EUS,,
HUN,Hungary,2008,48.8,,48.77505,,,48.8,,48.745076,48.679674,48.745,,48.775055,,,1,EUS,,
HUN,Hungary,2011,49.1,,49.14004,,,49.1,,49.060603,49.108767,49.061,,49.140041,,,1,EUS,,
HUN,Hungary,2029,46.896,,,,,,,,,,46.896,,,,1,IMF_WEO_forecast,,
HUN,Hungary,1995,55,,55.04966,,,55,,55.229815,59.081272,55.23,,55.049664,,,1,EUS,,
HUN,Hungary,2026,44.57841,,47.18082,,,,,,,,47.603001,44.578409,,,1,OECD_EO,,
HUN,Hungary,2025,46.77996,,47.38352,,,,,,,,48.091,46.779965,,,1,OECD_EO,1,5
HUN,Hungary,1929,2.28873,,,,,,,2.2887299,,,,,,,1,IMF_FPP,,
HUN,Hungary,2027,46.20872,,46.20872,,,,,,,,47.597,,,,1,AMECO,1,5
HUN,Hungary,1987,56.16637,,,,,,,,56.16637,,,,,,1,IMF_GFS,,
HUN,Hungary,1975,,,,,,,,,,,,,,,1,IMF_GFS,,
HUN,Hungary,1998,50.7,,50.71332,,,50.7,,50.794136,51.291377,50.794,,50.713318,,,1,EUS,,
HUN,Hungary,1938,3.09182,,,,,,,3.09182,,,,,,,1,IMF_FPP,,
HUN,Hungary,2005,49.4,,49.36792,,,49.4,,49.318676,48.182963,49.319,,49.367917,,,1,EUS,,
HUN,Hungary,1966,,,,,,,,,,,,,,,1,IMF_GFS,,
HUN,Hungary,1969,,,,,,,,,,,,,,,1,IMF_GFS,,
HUN,Hungary,1959,,,,,,,,,,,,,,,1,IMF_GFS,,
HUN,Hungary,1960,,,,,,,,,,,,,,,1,IMF_GFS,,
HUN,Hungary,1943,3.69713,,,,,,,3.69713,,,,,,,1,IMF_FPP,1,5
HUN,Hungary,2007,49.9,,49.88376,,,49.9,,49.861207,48.600235,49.861,,49.883763,,,1,EUS,,
HUN,Hungary,1981,54.6611,,,,,,,,54.661098,,,,,,1,IMF_GFS,,
HUN,Hungary,2012,49.2,,49.24736,,,49.2,,49.115837,48.659746,49.116,,49.247356,,,1,EUS,,
HUN,Hungary,2000,47.3,,47.28938,,,47.3,,47.347016,47.882589,47.347,,47.289381,,,1,EUS,,
HUN,Hungary,1968,,,,,,,,,,,,,,,1,IMF_GFS,,
HUN,Hungary,1927,2.24537,,,,,,,2.2453699,,,,,,,1,IMF_FPP,,
HUN,Hungary,1945,,,,,,,,,,,,,,,1,IMF_GFS,,
HUN,Hungary,1967,,,,,,,,,,,,,,,1,IMF_GFS,,
HUN,Hungary,1963,,,,,,,,,,,,,,,1,IMF_GFS,,
HUN,Hungary,2013,50.1,,50.07933,,,50.1,,50.061861,48.855334,50.062,,50.079334,,,1,EUS,,
HUN,Hungary,2006,51.4,,51.40718,,,51.4,,51.35764,49.297477,51.358,,51.407175,,,1,EUS,,
HUN,Hungary,1997,49.5,,49.49481,,,49.5,,49.601144,50.855379,49.601,,49.49481,,,1,EUS,,
HUN,Hungary,1976,,,,,,,,,,,,,,,1,IMF_GFS,,
HUN,Hungary,2028,46.992,,,,,,,,,,46.992001,,,,1,IMF_WEO_forecast,1,5
HUN,Hungary,1950,,,,,,,,,,,,,,,1,IMF_GFS,,
HUN,Hungary,1955,,,,,,,,,,,,,,,1,IMF_GFS,,
HUN,Hungary,2023,49.5,,49.47146,,,49.5,,49.114585,,,49.115002,49.471516,,,1,EUS,,
HUN,Hungary,1962,,,,,,,,,,,,,,,1,IMF_GFS,,
HUN,Hungary,1953,,,,,,,,,,,,,,,1,IMF_GFS,,
HUN,Hungary,2022,49,,49.02694,,,49,,48.939499,45.480365,48.939,,48.73301,,,1,EUS,,
HUN,Hungary,1941,5.06587,,,,,,,5.0658698,,,,,,,1,IMF_FPP,,
HUN,Hungary,2021,48.1,,48.08728,,,48.1,,48.404983,45.341506,48.405,,48.085989,,,1,EUS,,
HUN,Hungary,1974,,,,,,,,,,,,,,,1,IMF_GFS,,
HUN,Hungary,1931,2.45654,,,,,,,2.4565401,,,,,,,1,IMF_FPP,,
HUN,Hungary,2016,46.7,,46.66326,,,46.7,,46.797619,47.028137,46.798,,46.663253,,,1,EUS,,
HUN,Hungary,2017,46.6,,46.64724,,,46.6,,46.717739,45.427137,46.718,,46.647236,,,1,EUS,,
HUN,Hungary,1993,53.99509,,,,,,,,53.995088,,,,,,1,IMF_GFS,,
IDN,Indonesia,2004,17.833,,,,,,,17.833225,,17.833,,,,,1,IMF_WEO,,
IDN,Indonesia,2008,19.394,21.056179,,,,,,19.394001,16.181322,19.394,,,,,1,IMF_WEO,,
IDN,Indonesia,1966,9.17722,,,,,,,9.1772203,,,,,,,1,IMF_FPP,,
IDN,Indonesia,1971,14.5425,,,,,,,14.5425,,,,,,,1,IMF_FPP,,
IDN,Indonesia,1988,17.3314,,,,,,,17.3314,,,,,,,1,IMF_FPP,,
IDN,Indonesia,2013,19.081,18.899342,,,,,,19.081189,15.464585,19.081,,,,18.08262,1,IMF_WEO,,
IDN,Indonesia,2016,16.92,16.933754,,,,,,16.920493,15.000381,16.92,,,,,1,IMF_WEO,,
IDN,Indonesia,1997,15.25,,,,,,,15.249509,,15.25,,,,,1,IMF_WEO,,
IDN,Indonesia,1959,13.75,,,,,,,13.75,,,,,,,1,IMF_FPP,,
IDN,Indonesia,2026,16.981,,,,,,,,,,16.981001,,,,1,IMF_WEO_forecast,,
IDN,Indonesia,1952,18.2927,,,,,,,18.2927,,,,,,,1,IMF_FPP,,
IDN,Indonesia,1967,10.3774,,,,,,,10.3774,,,,,,,1,IMF_FPP,,
IDN,Indonesia,1995,11.907,,,,,,,11.907042,,11.907,,,,,1,IMF_WEO,,
IDN,Indonesia,1996,11.508,,,,,,,11.507988,,11.508,,,,,1,IMF_WEO,,
IDN,Indonesia,1964,9.54718,,,,,,,9.5471802,,,,,,,1,IMF_FPP,,
IDN,Indonesia,2018,16.611,16.503716,,,,,,16.611102,15.126056,16.611,,,,14.96666,1,IMF_WEO,,
IDN,Indonesia,2002,16.929,,,,,,,16.928898,,16.929,,,,,1,IMF_WEO,,
IDN,Indonesia,1987,18.001,,,,,,,18.000999,,,,,,,1,IMF_FPP,,
IDN,Indonesia,2009,17.027,18.058525,,,,,,17.026653,13.98843,17.027,,,,,1,IMF_WEO,,
IDN,Indonesia,1981,24.4406,,,,,,,24.440599,,,,,,,1,IMF_FPP,,
IDN,Indonesia,1999,15.14,,,,,,,15.140175,,15.14,,,,,1,IMF_WEO,,
IDN,Indonesia,2012,18.836,18.447369,,,,,,18.835804,15.225917,18.836,,,,17.97079,1,IMF_WEO,,
IDN,Indonesia,1992,16.8242,,,,,,,16.8242,,,,,,,1,IMF_FPP,1,3
IDN,Indonesia,2006,18.417,,,,,,,18.416573,,18.417,,,,,1,IMF_WEO,,
IDN,Indonesia,2028,16.83,,,,,,,,,,16.83,,,,1,IMF_WEO_forecast,,
IDN,Indonesia,1975,20.5015,,,,,,,20.501499,,,,,,,1,IMF_FPP,,
IDN,Indonesia,2007,18.735,,,,,,,18.734886,,18.735,,,,,1,IMF_WEO,,
IDN,Indonesia,1983,18.2048,,,,,,,18.2048,,,,,,,1,IMF_FPP,,
IDN,Indonesia,1969,12.762,,,,,,,12.762,,,,,,,1,IMF_FPP,,
IDN,Indonesia,1979,20.931,,,,,,,20.931,,,,,,,1,IMF_FPP,,
IDN,Indonesia,1957,15.2047,,,,,,,15.2047,,,,,,,1,IMF_FPP,,
IDN,Indonesia,2019,16.359,16.393403,,,,,,16.358791,14.933114,16.359,,,,,1,IMF_WEO,,
IDN,Indonesia,1951,16.6667,,,,,,,16.6667,,,,,,,1,IMF_FPP,,
IDN,Indonesia,2005,17.398,,,,,,,17.397795,,17.398,,,,,1,IMF_WEO,,
IDN,Indonesia,1956,13.7931,,,,,,,13.7931,,,,,,,1,IMF_FPP,,
IDN,Indonesia,1955,12.8,,,,,,,12.8,,,,,,,1,IMF_FPP,,
IDN,Indonesia,1960,14.4208,,,,,,,14.4208,,,,,,,1,IMF_FPP,,
IDN,Indonesia,1970,13.8024,,,,,,,13.8024,,,,,,,1,IMF_FPP,,
IDN,Indonesia,1974,17.3328,,,,,,,17.3328,,,,,,,1,IMF_FPP,,
IDN,Indonesia,2020,18.427,18.45,,,,,,18.4267,17.820275,18.427,,,,,1,IMF_WEO,,
IDN,Indonesia,1965,10.6751,,,,,,,10.6751,,,,,,,1,IMF_FPP,,
IDN,Indonesia,1984,16.14,,,,,,,16.139999,,,,,,,1,IMF_FPP,,
IDN,Indonesia,1953,18.6047,,,,,,,18.6047,,,,,,,1,IMF_FPP,,
IDN,Indonesia,2029,16.784,,,,,,,,,,16.784,,,,1,IMF_WEO_forecast,,
IDN,Indonesia,1998,15.079,,,,,,,15.078772,,15.079,,,,,1,IMF_WEO,,
IDN,Indonesia,1982,18.8115,,,,,,,18.811501,,,,,,,1,IMF_FPP,,
IDN,Indonesia,2022,17.361,17.482252,,,,,,17.361323,15.732935,17.361,,,,,1,IMF_WEO,,
IDN,Indonesia,1973,16.3335,,,,,,,16.3335,,,,,,,1,IMF_FPP,,
IDN,Indonesia,1989,16.4717,,,,,,,16.471701,,,,,,,1,IMF_FPP,,
IDN,Indonesia,1961,15.0592,,,,,,,15.0592,,,,,,,1,IMF_FPP,,
IDN,Indonesia,1980,22.0859,,,,,,,22.085899,,,,,,,1,IMF_FPP,,
IDN,Indonesia,1993,14.093,,,,,,,14.093425,,14.093,,,,,1,IMF_WEO,,
IDN,Indonesia,2024,16.93,,,,,,,,,,16.93,,,,1,IMF_WEO_forecast,1,3
IDN,Indonesia,1990,15.8408,,,,,,,15.8408,,,,,,,1,IMF_FPP,,
IDN,Indonesia,1994,13.524,,,,,,,13.523807,,13.524,,,,,1,IMF_WEO,,
IDN,Indonesia,1963,10.2836,,,,,,,10.2836,,,,,,,1,IMF_FPP,,
IDN,Indonesia,2017,16.444,16.680918,,,,,,16.443623,14.567851,16.444,,,,15.70076,1,IMF_WEO,,
IDN,Indonesia,2021,18.124,18.110554,,,,,,18.123704,17.049727,18.124,,,,,1,IMF_WEO,,
IDN,Indonesia,1954,15.7895,,,,,,,15.7895,,,,,,,1,IMF_FPP,,
IDN,Indonesia,2014,18.365,18.897008,,,,,,18.364756,15.926773,18.365,,,,17.7571,1,IMF_WEO,,
IDN,Indonesia,1986,20.8527,,,,,,,20.852699,,,,,,,1,IMF_FPP,,
IDN,Indonesia,1972,15.7318,,,,,,,15.7318,,,,,,,1,IMF_FPP,,
IDN,Indonesia,2015,17.602,17.72616,,,,,,17.602162,14.848618,17.602,,,,17.21406,1,IMF_WEO,,
IDN,Indonesia,2027,16.891,,,,,,,,,,16.891001,,,,1,IMF_WEO_forecast,,
IDN,Indonesia,1977,19.4992,,,,,,,19.499201,,,,,,,1,IMF_FPP,,
IDN,Indonesia,2000,15.303,,,,,,,15.302871,,15.303,,,,,1,IMF_WEO,,
IDN,Indonesia,1991,15.0377,,,,,,,15.0377,,,,,,,1,IMF_FPP,,
IDN,Indonesia,2001,19.509,,,,,,,19.508748,,19.509,,,,,1,IMF_WEO,,
IDN,Indonesia,2003,18.176,,,,,,,18.176003,,18.176,,,,,1,IMF_WEO,,
IDN,Indonesia,1978,20.0858,,,,,,,20.0858,,,,,,,1,IMF_FPP,,
IDN,Indonesia,1962,7.88623,,,,,,,7.88623,,,,,,,1,IMF_FPP,,
IDN,Indonesia,2011,17.714,17.500957,,,,,,17.713702,14.605465,17.714,,,,,1,IMF_WEO,,
IDN,Indonesia,1985,18.518,,,,,,,18.518,,,,,,,1,IMF_FPP,,
IDN,Indonesia,1958,19.4444,,,,,,,19.444401,,,,,,,1,IMF_FPP,,
IDN,Indonesia,1968,8.82213,,,,,,,8.8221302,,,,,,,1,IMF_FPP,,
IDN,Indonesia,2023,14.84488,16.515985,,,,,,16.652771,14.844881,,16.653,,,,1,IMF_GFS,1,3
IDN,Indonesia,1976,21.8207,,,,,,,21.8207,,,,,,,1,IMF_FPP,,
IDN,Indonesia,2025,16.96,,,,,,,,,,16.959999,,,,1,IMF_WEO_forecast,,
IDN,Indonesia,2010,16.887,16.188545,,,,,,16.886547,13.55673,16.887,,,,16.40624,1,IMF_WEO,,
IND,India,2018,26.328,12.24949,,,,,,26.327665,,26.328,,,,,1,IMF_WEO,,
IND,India,1950,5.3126,,,,,,,5.3126001,,,,,,,1,IMF_FPP,,
IND,India,1873,6.64483,,,,,,,6.6448302,,,,,,,1,IMF_FPP,,
IND,India,1865,6.15669,,,,,,,6.1566901,,,,,,,1,IMF_FPP,,
IND,India,1902,6.42853,,,,,,,6.4285302,,,,,,,1,IMF_FPP,,
IND,India,1880,7.34268,,,,,,,7.34268,,,,,,,1,IMF_FPP,,
IND,India,2026,28.542,,,,,,,,,,28.542,,,,1,IMF_WEO_forecast,,
IND,India,1898,6.27956,,,,,,,6.2795601,,,,,,,1,IMF_FPP,,
IND,India,1904,6.647,,,,,,,6.6469998,,,,,,,1,IMF_FPP,,
IND,India,1913,5.5618,,,,,,,5.5618,,,,,,,1,IMF_FPP,,
IND,India,1896,6.998,,,,,,,6.9980001,,,,,,,1,IMF_FPP,,
IND,India,1995,24.98,,,,,,,24.979962,,24.98,,,,,1,IMF_WEO,,
IND,India,1944,8.79306,,,,,,,8.7930603,,,,,,,1,IMF_FPP,,
IND,India,2027,28.38,,,,,,,,,,28.379999,,,,1,IMF_WEO_forecast,,
IND,India,1929,4.74327,,,,,,,4.7432699,,,,,,,1,IMF_FPP,,
IND,India,1879,6.24655,,,,,,,6.2465501,,,,,,,1,IMF_FPP,,
IND,India,1968,12.5929,,,,,,,12.5929,,,,,,,1,IMF_FPP,,
IND,India,2022,29.145,15.559229,,,,,,29.145051,,29.145,,,,,1,IMF_WEO,,
IND,India,2006,26.91,13.711889,,,,,,26.909661,,26.91,,,,,1,IMF_WEO,,
IND,India,1875,7.0277,,,,,,,7.0276999,,,,,,,1,IMF_FPP,,
IND,India,1970,11.722,,,,,,,11.722,,,,,,,1,IMF_FPP,,
IND,India,1869,5.97848,,,,,,,5.9784799,,,,,,,1,IMF_FPP,,
IND,India,1978,15.0138,,,,,,,15.0138,,,,,,,1,IMF_FPP,,
IND,India,2017,26.232,12.533468,,,,,,26.231663,,26.232,,,,,1,IMF_WEO,,
IND,India,1986,23.2281,,,,,,,23.2281,,,,,,,1,IMF_FPP,,
IND,India,1900,7.18408,,,,,,,7.1840801,,,,,,,1,IMF_FPP,,
IND,India,2010,27.985,15.683206,,,,,,27.98531,,27.985,,,,,1,IMF_WEO,,
IND,India,1906,5.78254,,,,,,,5.7825398,,,,,,,1,IMF_FPP,,
IND,India,1954,7.85464,,,,,,,7.85464,,,,,,,1,IMF_FPP,,
IND,India,1891,6.86975,,,,,,,6.86975,,,,,,,1,IMF_FPP,,
IND,India,1959,12.1807,,,,,,,12.1807,,,,,,,1,IMF_FPP,,
IND,India,2008,29.293,16.03075,,,,,,29.293117,,29.293,,,,,1,IMF_WEO,,
IND,India,2021,29.706,16.031516,,,,,,29.705922,,29.706,,,,,1,IMF_WEO,,
IND,India,2003,29.942,16.873587,,,,,,29.941777,,29.942,,,,,1,IMF_WEO,,
IND,India,1981,16.6183,,,,,,,16.618299,,,,,,,1,IMF_FPP,,
IND,India,1992,26.689,,,,,,,26.6891,,26.689,,,,,1,IMF_WEO,,
IND,India,1907,5.96135,,,,,,,5.96135,,,,,,,1,IMF_FPP,,
IND,India,1989,25.676,,,,,,,25.6764,,25.676,,,,,1,IMF_WEO,,
IND,India,1935,5.59019,,,,,,,5.5901899,,,,,,,1,IMF_FPP,,
IND,India,1914,5.03889,,,,,,,5.0388899,,,,,,,1,IMF_FPP,,
IND,India,1985,21.557,,,,,,,21.556999,,,,,,,1,IMF_FPP,,
IND,India,1956,8.52627,,,,,,,8.5262699,,,,,,,1,IMF_FPP,,
IND,India,1994,26.208,,,,,,,26.20794,,26.208,,,,,1,IMF_WEO,,
IND,India,2025,28.669,,,,,,,,,,28.669001,,,,1,IMF_WEO_forecast,,
IND,India,1979,15.56,,,,,,,15.56,,,,,,,1,IMF_FPP,,
IND,India,1987,22.5198,,,,,,,22.5198,,,,,,,1,IMF_FPP,1,2
IND,India,1937,5.01061,,,,,,,5.0106101,,,,,,,1,IMF_FPP,,
IND,India,1963,12.3283,,,,,,,12.3283,,,,,,,1,IMF_FPP,,
IND,India,1894,6.22033,,,,,,,6.2203302,,,,,,,1,IMF_FPP,,
IND,India,2013,26.6,13.882111,,,,,,26.599948,,26.6,,,,,1,IMF_WEO,,
IND,India,2016,27.233,12.832877,,,,,,27.232844,,27.233,,,,,1,IMF_WEO,,
IND,India,1926,4.51117,,,,,,,4.5111699,,,,,,,1,IMF_FPP,,
IND,India,1866,5.54602,,,,,,,5.54602,,,,,,,1,IMF_FPP,,
IND,India,1925,4.32781,,,,,,,4.3278098,,,,,,,1,IMF_FPP,,
IND,India,1893,6.02237,,,,,,,6.0223699,,,,,,,1,IMF_FPP,,
IND,India,1996,24.364,,,,,,,24.363876,,24.364,,,,,1,IMF_WEO,,
IND,India,1943,7.6321,,,,,,,7.6321001,,,,,,,1,IMF_FPP,,
IND,India,1977,13.941,,,,,,,13.941,,,,,,,1,IMF_FPP,,
IND,India,1888,8.11847,,,,,,,8.1184702,,,,,,,1,IMF_FPP,,
IND,India,1911,5.41615,,,,,,,5.4161501,,,,,,,1,IMF_FPP,,
IND,India,1892,5.96961,,,,,,,5.9696102,,,,,,,1,IMF_FPP,,
IND,India,1863,6.20827,,,,,,,6.2082701,,,,,,,1,IMF_FPP,,
IND,India,2029,28.07,,,,,,,,,,28.07,,,,1,IMF_WEO_forecast,,
IND,India,1918,5.28011,,,,,,,5.2801099,,,,,,,1,IMF_FPP,,
IND,India,1872,5.97531,,,,,,,5.9753098,,,,,,,1,IMF_FPP,,
IND,India,2019,26.846,13.381566,,,,,,26.845838,,26.846,,,,,1,IMF_WEO,,
IND,India,1917,11.1863,,,,,,,11.1863,,,,,,,1,IMF_FPP,,
IND,India,1962,11.4757,,,,,,,11.4757,,,,,,,1,IMF_FPP,,
IND,India,1910,5.95809,,,,,,,5.9580898,,,,,,,1,IMF_FPP,,
IND,India,2007,26.945,14.548258,,,,,,26.94468,,26.945,,,,,1,IMF_WEO,,
IND,India,1953,6.68163,,,,,,,6.6816301,,,,,,,1,IMF_FPP,,
IND,India,1957,9.73167,,,,,,,9.7316704,,,,,,,1,IMF_FPP,,
IND,India,1984,19.805,,,,,,,19.805,,,,,,,1,IMF_FPP,,
IND,India,1960,11.2333,,,,,,,11.2333,,,,,,,1,IMF_FPP,,
IND,India,2000,26.086,15.215392,,,,,,26.085577,,26.086,,,,,1,IMF_WEO,,
IND,India,1945,13.5915,,,,,,,13.5915,,,,,,,1,IMF_FPP,,
IND,India,1877,6.3925,,,,,,,6.3924999,,,,,,,1,IMF_FPP,,
IND,India,1961,11.7813,,,,,,,11.7813,,,,,,,1,IMF_FPP,,
IND,India,1998,26.034,,,,,,,26.034369,,26.034,,,,,1,IMF_WEO,,
IND,India,1901,6.32316,,,,,,,6.3231602,,,,,,,1,IMF_FPP,,
IND,India,1923,4.71354,,,,,,,4.7135401,,,,,,,1,IMF_FPP,,
IND,India,1920,6.43364,,,,,,,6.43364,,,,,,,1,IMF_FPP,,
IND,India,1927,4.53442,,,,,,,4.53442,,,,,,,1,IMF_FPP,,
IND,India,1889,6.38885,,,,,,,6.3888502,,,,,,,1,IMF_FPP,,
IND,India,1983,17.8339,,,,,,,17.8339,,,,,,,1,IMF_FPP,,
IND,India,1922,4.51159,,,,,,,4.51159,,,,,,,1,IMF_FPP,,
IND,India,1976,14.4458,,,,,,,14.4458,,,,,,,1,IMF_FPP,,
IND,India,2004,28.45,15.637103,,,,,,28.449536,,28.45,,,,,1,IMF_WEO,,
IND,India,1897,5.99881,,,,,,,5.9988098,,,,,,,1,IMF_FPP,,
IND,India,1878,5.53301,,,,,,,5.53301,,,,,,,1,IMF_FPP,,
IND,India,1951,5.5456,,,,,,,5.5455999,,,,,,,1,IMF_FPP,,
IND,India,1946,11.0548,,,,,,,11.0548,,,,,,,1,IMF_FPP,,
IND,India,1887,7.48027,,,,,,,7.4802699,,,,,,,1,IMF_FPP,,
IND,India,2005,26.876,13.924082,,,,,,26.876347,,26.876,,,,,1,IMF_WEO,,
IND,India,1868,6.99691,,,,,,,6.9969101,,,,,,,1,IMF_FPP,,
IND,India,1876,7.24261,,,,,,,7.24261,,,,,,,1,IMF_FPP,,
IND,India,1993,26.194,,,,,,,26.193562,,26.194,,,,,1,IMF_WEO,,
IND,India,1975,12.6799,,,,,,,12.6799,,,,,,,1,IMF_FPP,,
IND,India,1949,5.52889,,,,,,,5.5288901,,,,,,,1,IMF_FPP,,
IND,India,2012,27.364,14.183127,,,,,,27.363855,,27.364,,,,,1,IMF_WEO,,
IND,India,1864,6.47849,,,,,,,6.4784899,,,,,,,1,IMF_FPP,,
IND,India,1905,7.31352,,,,,,,7.31352,,,,,,,1,IMF_FPP,,
IND,India,1939,4.78775,,,,,,,4.7877498,,,,,,,1,IMF_FPP,,
IND,India,2014,26.22,13.343563,,,,,,26.220442,,26.22,,,,,1,IMF_WEO,,
IND,India,1884,7.15381,,,,,,,7.15381,,,,,,,1,IMF_FPP,,
IND,India,1947,6.65765,,,,,,,6.65765,,,,,,,1,IMF_FPP,,
IND,India,1965,13.7092,,,,,,,13.7092,,,,,,,1,IMF_FPP,,
IND,India,1964,13.2419,,,,,,,13.2419,,,,,,,1,IMF_FPP,,
IND,India,2028,28.274,,,,,,,,,,28.274,,,,1,IMF_WEO_forecast,,
IND,India,2015,27.059,13.00319,,,,,,27.058974,,27.059,,,,,1,IMF_WEO,,
IND,India,1997,25.231,,,,,,,25.231289,,25.231,,,,,1,IMF_WEO,,
IND,India,1882,7.34459,,,,,,,7.3445902,,,,,,,1,IMF_FPP,,
IND,India,1885,7.347,,,,,,,7.3470001,,,,,,,1,IMF_FPP,,
IND,India,1915,4.75661,,,,,,,4.7566099,,,,,,,1,IMF_FPP,,
IND,India,1899,6.79863,,,,,,,6.7986302,,,,,,,1,IMF_FPP,,
IND,India,1871,6.43933,,,,,,,6.4393301,,,,,,,1,IMF_FPP,,
IND,India,1971,12.3788,,,,,,,12.3788,,,,,,,1,IMF_FPP,,
IND,India,1967,13.8055,,,,,,,13.8055,,,,,,,1,IMF_FPP,,
IND,India,1930,5.53785,,,,,,,5.5378499,,,,,,,1,IMF_FPP,,
IND,India,1916,4.63004,,,,,,,4.6300402,,,,,,,1,IMF_FPP,,
IND,India,1955,8.19046,,,,,,,8.1904602,,,,,,,1,IMF_FPP,,
IND,India,1982,17.7546,,,,,,,17.754601,,,,,,,1,IMF_FPP,,
IND,India,1924,4.0504,,,,,,,4.0503998,,,,,,,1,IMF_FPP,,
IND,India,1928,4.48524,,,,,,,4.48524,,,,,,,1,IMF_FPP,,
IND,India,1938,4.9798,,,,,,,4.9798002,,,,,,,1,IMF_FPP,,
IND,India,1936,5.25707,,,,,,,5.2570701,,,,,,,1,IMF_FPP,,
IND,India,2023,29.115,15.203605,,,,,,29.115081,,,29.115,,,,1,IMF_WEO_forecast,1,2
IND,India,1972,13.4684,,,,,,,13.4684,,,,,,,1,IMF_FPP,,
IND,India,1966,13.8166,,,,,,,13.8166,,,,,,,1,IMF_FPP,,
IND,India,1895,6.55944,,,,,,,6.5594401,,,,,,,1,IMF_FPP,,
IND,India,2020,31.019,17.725626,,,,,,31.019246,,31.019,,,,,1,IMF_WEO,,
IND,India,1980,17.4798,,,,,,,17.479799,,,,,,,1,IMF_FPP,,
IND,India,1941,5.08439,,,,,,,5.0843902,,,,,,,1,IMF_FPP,,
IND,India,2002,29.115,16.578902,,,,,,29.115133,,29.115,,,,,1,IMF_WEO,,
IND,India,1931,5.8184,,,,,,,5.8183999,,,,,,,1,IMF_FPP,,
IND,India,1903,7.20442,,,,,,,7.2044201,,,,,,,1,IMF_FPP,,
IND,India,1883,8.13308,,,,,,,8.1330795,,,,,,,1,IMF_FPP,,
IND,India,2001,28.276,15.648898,,,,,,28.275738,,28.276,,,,,1,IMF_WEO,,
IND,India,2011,27.641,14.930299,,,,,,27.640582,,27.641,,,,,1,IMF_WEO,,
IND,India,1974,11.3372,,,,,,,11.3372,,,,,,,1,IMF_FPP,,
IND,India,1952,6.30408,,,,,,,6.30408,,,,,,,1,IMF_FPP,,
IND,India,1870,6.25976,,,,,,,6.2597599,,,,,,,1,IMF_FPP,,
IND,India,1934,5.2947,,,,,,,5.2947001,,,,,,,1,IMF_FPP,,
IND,India,1932,5.31161,,,,,,,5.3116102,,,,,,,1,IMF_FPP,,
IND,India,1881,7.33733,,,,,,,7.3373299,,,,,,,1,IMF_FPP,,
IND,India,1933,5.34875,,,,,,,5.3487501,,,,,,,1,IMF_FPP,,
IND,India,1991,27.272,,,,,,,27.271514,,27.272,,,,,1,IMF_WEO,,
IND,India,1908,5.85463,,,,,,,5.85463,,,,,,,1,IMF_FPP,,
IND,India,1969,11.5297,,,,,,,11.5297,,,,,,,1,IMF_FPP,,
IND,India,1886,6.88228,,,,,,,6.8822799,,,,,,,1,IMF_FPP,,
IND,India,1890,6.86851,,,,,,,6.8685098,,,,,,,1,IMF_FPP,,
IND,India,1867,5.98368,,,,,,,5.9836798,,,,,,,1,IMF_FPP,,
IND,India,2009,28.543,16.092123,,,,,,28.543001,,28.543,,,,,1,IMF_WEO,,
IND,India,1940,5.32967,,,,,,,5.32967,,,,,,,1,IMF_FPP,,
IND,India,1999,25.85,,,,,,,25.849761,,25.85,,,,,1,IMF_WEO,,
IND,India,1912,5.4693,,,,,,,5.4692998,,,,,,,1,IMF_FPP,,
IND,India,1919,5.39558,,,,,,,5.3955798,,,,,,,1,IMF_FPP,,
IND,India,1862,6.43894,,,,,,,6.43894,,,,,,,1,IMF_FPP,,
IND,India,1874,5.88183,,,,,,,5.8818302,,,,,,,1,IMF_FPP,,
IND,India,1921,4.61604,,,,,,,4.6160402,,,,,,,1,IMF_FPP,,
IND,India,1942,8.10686,,,,,,,8.1068602,,,,,,,1,IMF_FPP,,
IND,India,1973,12.9171,,,,,,,12.9171,,,,,,,1,IMF_FPP,,
IND,India,1958,11.9642,,,,,,,11.9642,,,,,,,1,IMF_FPP,,
IND,India,2024,29.04,,,,,,,,,,29.040001,,,,1,IMF_WEO_forecast,,
IND,India,1909,5.32258,,,,,,,5.3225799,,,,,,,1,IMF_FPP,,
IND,India,1990,25.816,,,,,,,25.8164,,25.816,,,,,1,IMF_WEO,,
IND,India,1988,24.886,,,,,,,24.886422,,24.886,,,,,1,IMF_WEO,,
IND,India,1948,6.15689,,,,,,,6.1568899,,,,,,,1,IMF_FPP,,
IND,India,1861,6.60377,,,,,,,6.6037698,,,,,,,1,IMF_FPP,,
IRL,Ireland,2011,46.9,,46.85392,,,46.9,,46.78377,46.045795,46.784,,46.837128,,,1,EUS,,
IRL,Ireland,1944,17.3995,,,,,,,17.3995,,,,,,,1,IMF_FPP,,
IRL,Ireland,2022,20.7,,20.66439,,,20.7,,20.661137,19.851959,20.661,,20.611363,,,1,EUS,,
IRL,Ireland,2016,27.5,,27.5154,,,27.5,,27.488215,26.935838,27.488,,27.531947,,,1,EUS,,
IRL,Ireland,1998,34.2,,34.17646,,,34.2,,34.354099,33.135731,34.176,,34.124518,,,1,EUS,,
IRL,Ireland,1937,22.8498,,,,,,,22.8498,,,,,,,1,IMF_FPP,,
IRL,Ireland,2014,36.6,,36.55223,,,36.6,,36.511436,36.046639,36.511,,36.681673,,,1,EUS,,
IRL,Ireland,1995,40.4,,40.35118,,,40.4,,41.360699,39.781669,40.292,,40.319267,,,1,EUS,,
IRL,Ireland,1950,25.8953,,,,,,,25.8953,,,,,,,1,IMF_FPP,,
IRL,Ireland,1983,48.91042,,,,,,,55.559299,48.910421,,,,,,1,IMF_GFS,,
IRL,Ireland,1934,,,,,,,,,,,,,,,1,IMF_FPP,,
IRL,Ireland,1926,18.3117,,,,,,,18.311701,,,,,,,1,IMF_FPP,,
IRL,Ireland,2008,41.6,,41.55727,,,41.6,,42.7906,37.906804,41.557,,41.599906,,,1,EUS,,
IRL,Ireland,2013,39.8,,39.84251,,,39.8,,39.791586,39.513246,39.792,,39.903559,,,1,EUS,,
IRL,Ireland,1956,24.7817,,,,,,,24.7817,,,,,,,1,IMF_FPP,,
IRL,Ireland,1990,41.92867,,,,,,,42.808899,38.21475,,,41.928671,,,1,OECD_EO,,
IRL,Ireland,2006,33.6,,33.5626,,,33.6,,34.266102,31.474021,33.563,,33.526152,,,1,EUS,,
IRL,Ireland,1952,25.9026,,,,,,,25.902599,,,,,,,1,IMF_FPP,,
IRL,Ireland,1981,45.45373,,,,,,,54.111698,45.45373,,,,,,1,IMF_GFS,,
IRL,Ireland,1989,38.10988,,,,,,,42.490898,38.109879,,,,,,1,IMF_GFS,1,6
IRL,Ireland,1964,34.8458,,,,,,,34.845798,,,,,,,1,IMF_FPP,,
IRL,Ireland,2026,24.08931,,22.69205,,,,,,,,24.811001,24.089307,,,1,OECD_EO,,
IRL,Ireland,1993,43.53674,,,,,,,44.626598,39.51695,,,43.536735,,,1,OECD_EO,,
IRL,Ireland,1980,43.83877,,,,,,,53.7061,43.83877,,,,,,1,IMF_GFS,,
IRL,Ireland,1966,36.8868,,,,,,,36.886799,,,,,,,1,IMF_FPP,,
IRL,Ireland,2015,28.1,,28.07007,,,28.1,,28.043178,27.667276,28.043,,28.067412,,,1,EUS,,
IRL,Ireland,1991,43.33206,,,,,,,44.403301,39.455844,,,43.332063,,,1,OECD_EO,,
IRL,Ireland,1965,35.8227,,,,,,,35.822701,,,,,,,1,IMF_FPP,,
IRL,Ireland,2005,33,,33.02176,,,33,,33.756001,31.252393,33.022,,33.033709,,,1,EUS,,
IRL,Ireland,1984,47.79377,,,,,,,52.682598,47.793773,,,,,,1,IMF_GFS,,
IRL,Ireland,2002,32.9,,32.87978,,,32.9,,33.3508,30.367064,32.88,,32.894053,,,1,EUS,,
IRL,Ireland,1942,19.7917,,,,,,,19.7917,,,,,,,1,IMF_FPP,,
IRL,Ireland,2027,22.50406,,22.50406,,,,,,,,25.094999,,,,1,AMECO,1,6
IRL,Ireland,1996,38.6,,38.55933,,,38.6,,39.359001,37.8279,38.504,,38.602522,,,1,EUS,,
IRL,Ireland,2020,26.7,,26.70273,,,26.7,,26.731265,25.673694,26.731,,26.613871,,,1,EUS,,
IRL,Ireland,1958,26.4859,,,,,,,26.485901,,,,,,,1,IMF_FPP,,
IRL,Ireland,1973,32.79564,,,,,,,40.303699,32.795637,,,,,,1,IMF_GFS,,
IRL,Ireland,1954,26.1686,,,,,,,26.1686,,,,,,,1,IMF_FPP,,
IRL,Ireland,1949,22.6867,,,,,,,22.686701,,,,,,,1,IMF_FPP,,
IRL,Ireland,1999,32.5,,32.50827,,,32.5,,33.911301,31.072733,32.508,,32.505576,,,1,EUS,,
IRL,Ireland,1962,31.6814,,,,,,,31.6814,,,,,,,1,IMF_FPP,,
IRL,Ireland,2001,32.2,,32.17296,,,32.2,,33.021801,29.672862,32.173,,32.170594,,,1,EUS,,
IRL,Ireland,1947,18.9123,,,,,,,18.9123,,,,,,,1,IMF_FPP,,
IRL,Ireland,1985,48.81866,,,,,,,53.216301,48.818665,,,,,,1,IMF_GFS,,
IRL,Ireland,1997,36.1,,36.0927,,,36.1,,36.851601,35.252882,36.093,,36.182375,,,1,EUS,,
IRL,Ireland,1933,24.5353,,,,,,,24.535299,,,,,,,1,IMF_FPP,,
IRL,Ireland,1969,42.5386,,,,,,,42.538601,,,,,,,1,IMF_FPP,,
IRL,Ireland,1935,,,,,,,,,,,,,,,1,IMF_FPP,,
IRL,Ireland,1972,33.06152,,,,,,,41.490501,33.061516,,,,,,1,IMF_GFS,,
IRL,Ireland,1941,19.3286,,,,,,,19.3286,,,,,,,1,IMF_FPP,,
IRL,Ireland,1963,33.6481,,,,,,,33.648102,,,,,,,1,IMF_FPP,,
IRL,Ireland,1928,,,,,,,,,,,,,,,1,IMF_FPP,,
IRL,Ireland,1986,48.02735,,,,,,,52.937901,48.027351,,,,,,1,IMF_GFS,,
IRL,Ireland,2024,22.4,,22.38797,,,22.4,,,,,23.948,24.335353,,,1,EUS,,
IRL,Ireland,1959,23.5978,,,,,,,23.597799,,,,,,,1,IMF_FPP,,
IRL,Ireland,1939,26.8556,,,,,,,26.8556,,,,,,,1,IMF_FPP,,
IRL,Ireland,2029,25.502,,,,,,,,,,25.502001,,,,1,IMF_WEO_forecast,,
IRL,Ireland,2010,64.9,,64.9474,,,64.9,,66.8228,63.346273,64.873,,64.952867,,,1,EUS,,
IRL,Ireland,2009,46.9,,46.8739,,,46.9,,48.903,44.966612,46.874,,46.842359,,,1,EUS,,
IRL,Ireland,1967,39.3046,,,,,,,39.3046,,,,,,,1,IMF_FPP,,
IRL,Ireland,1943,18.0356,,,,,,,18.035601,,,,,,,1,IMF_FPP,,
IRL,Ireland,2000,30.6,,30.56787,,,30.6,,31.182899,28.7653,30.568,,30.519669,,,1,EUS,,
IRL,Ireland,1971,45.334,,,,,,,45.334,,,,,,,1,IMF_FPP,1,6
IRL,Ireland,1974,35.59136,,,,,,,44.303398,35.591359,,,,,,1,IMF_GFS,,
IRL,Ireland,1994,42.95815,,,,,,,43.918201,38.798562,,,42.958147,,,1,OECD_EO,1,6
IRL,Ireland,2023,22.2,,22.22512,,,22.2,,22.65423,21.86747,,22.653999,22.70608,,,1,EUS,,
IRL,Ireland,1968,40.0352,,,,,,,40.035198,,,,,,,1,IMF_FPP,,
IRL,Ireland,2021,23.5,,23.53269,,,23.5,,23.581254,22.835645,23.581,,23.606615,,,1,EUS,,
IRL,Ireland,1976,39.82131,,,,,,,47.826599,39.821311,,,,,,1,IMF_GFS,,
IRL,Ireland,2019,23.9,,23.86798,,,23.9,,23.919104,22.951591,23.919,,23.921866,,,1,EUS,,
IRL,Ireland,1979,40.36253,,,,,,,48.6628,40.362531,,,,,,1,IMF_GFS,,
IRL,Ireland,1931,19.0476,,,,,,,19.0476,,,,,,,1,IMF_FPP,,
IRL,Ireland,2017,25.3,,25.27919,,,25.3,,25.266235,24.806595,25.266,,25.260431,,,1,EUS,,
IRL,Ireland,1936,21.7533,,,,,,,21.7533,,,,,,,1,IMF_FPP,,
IRL,Ireland,1932,,,,,,,,,,,,,,,1,IMF_FPP,,
IRL,Ireland,1960,29.1353,,,,,,,29.1353,,,,,,,1,IMF_FPP,,
IRL,Ireland,1940,19.5198,,,,,,,19.5198,,,,,,,1,IMF_FPP,,
IRL,Ireland,1992,43.76026,,,,,,,44.825001,39.745242,,,43.760262,,,1,OECD_EO,,
IRL,Ireland,2003,32.7,,32.66467,,,32.7,,33.132198,30.729442,32.665,,32.741404,,,1,EUS,,
IRL,Ireland,1946,17.9917,,,,,,,17.991699,,,,,,,1,IMF_FPP,,
IRL,Ireland,1982,48.07782,,,,,,,56.688999,48.077819,,,,,,1,IMF_GFS,,
IRL,Ireland,2018,24.7,,24.74679,,,24.7,,24.763428,24.063028,24.763,,24.760481,,,1,EUS,,
IRL,Ireland,1948,20.8291,,,,,,,20.8291,,,,,,,1,IMF_FPP,,
IRL,Ireland,1927,,,,,,,,,,,,,,,1,IMF_FPP,,
IRL,Ireland,2025,24.30065,,21.36286,,,,,,,,24.6,24.300654,,,1,OECD_EO,1,6
IRL,Ireland,2004,32.8,,32.82166,,,32.8,,33.494598,31.081858,32.822,,32.78591,,,1,EUS,,
IRL,Ireland,1988,44.07504,,,,,,,48.247501,44.075038,,,,,,1,IMF_GFS,,
IRL,Ireland,1978,38.92834,,,,,,,46.2061,38.928347,,,,,,1,IMF_GFS,,
IRL,Ireland,1957,27.2237,,,,,,,27.2237,,,,,,,1,IMF_FPP,,
IRL,Ireland,2028,25.268,,,,,,,,,,25.268,,,,1,IMF_WEO_forecast,1,6
IRL,Ireland,1953,25.3173,,,,,,,25.317301,,,,,,,1,IMF_FPP,,
IRL,Ireland,1938,20.7649,,,,,,,20.7649,,,,,,,1,IMF_FPP,,
IRL,Ireland,1951,22.5589,,,,,,,22.558901,,,,,,,1,IMF_FPP,,
IRL,Ireland,1970,44.1275,,,,,,,44.127499,,,,,,,1,IMF_FPP,,
IRL,Ireland,1930,,,,,,,,,,,,,,,1,IMF_FPP,,
IRL,Ireland,1929,18.6493,,,,,,,18.6493,,,,,,,1,IMF_FPP,,
IRL,Ireland,2012,42.3,,42.27443,,,42.3,,42.209402,41.918267,42.209,,42.234209,,,1,EUS,,
IRL,Ireland,1987,47.33488,,,,,,,51.404099,47.334876,,,,,,1,IMF_GFS,,
IRL,Ireland,1975,39.76737,,,,,,,48.194698,39.767373,,,,,,1,IMF_GFS,,
IRL,Ireland,1977,38.18973,,,,,,,44.565102,38.189732,,,,,,1,IMF_GFS,,
IRL,Ireland,2007,35.6,,35.64034,,,35.6,,36.635799,32.681281,35.64,,35.635276,,,1,EUS,,
IRL,Ireland,1945,17.1924,,,,,,,17.1924,,,,,,,1,IMF_FPP,,
IRL,Ireland,1955,24.6715,,,,,,,24.671499,,,,,,,1,IMF_FPP,,
IRL,Ireland,1961,31.444,,,,,,,31.444,,,,,,,1,IMF_FPP,,
IRN,Iran,1996,21.061,,,,,,,21.060937,,21.061,,,,,1,IMF_WEO,,
IRN,Iran,1981,33.705,,,,,,,33.705002,,,,,,,1,IMF_FPP,,
IRN,Iran,2011,16.895,,,,,,,16.894887,,16.895,,,,,1,IMF_WEO,,
IRN,Iran,2000,16.26,,,,,,,16.259867,,16.26,,,,,1,IMF_WEO,,
IRN,Iran,1980,35.7612,,,,,,,35.7612,,,,,,,1,IMF_FPP,,
IRN,Iran,2025,14.985,,,,,,,,,,14.985,,,,1,IMF_WEO_forecast,,
IRN,Iran,1970,,,,,,,,,,,,,,,1,IMF_FPP,,
IRN,Iran,2017,17.118,,,,,,,17.118069,,17.118,,,,,1,IMF_WEO,,
IRN,Iran,2014,14.159,,,,,,,14.158765,,14.159,,,,,1,IMF_WEO,,
IRN,Iran,1986,18.9676,,,,,,,18.9676,,,,,,,1,IMF_FPP,,
IRN,Iran,2021,14.186,,,,,,,14.186019,,14.186,,,,,1,IMF_WEO,,
IRN,Iran,2015,16.322,,,,,,,16.322445,,16.322,,,,,1,IMF_WEO,,
IRN,Iran,1972,,,,,,,,,,,,,,,1,IMF_FPP,,
IRN,Iran,1978,,,,,,,,,,,,,,,1,IMF_FPP,,
IRN,Iran,2022,13.86202,,,,,,,13.862017,,,13.862,,,,1,IMF_FPP,1,3
IRN,Iran,1989,20.022,,,,,,,20.021999,,,,,,,1,IMF_FPP,1,3
IRN,Iran,2023,14.36742,,,,,,,14.367422,,,14.367,,,,1,IMF_FPP,,
IRN,Iran,2020,13.008,,,,,,,13.008229,,13.008,,,,,1,IMF_WEO,,
IRN,Iran,2008,19.721,,,,,,,19.721037,21.664179,19.721,,,,,1,IMF_WEO,,
IRN,Iran,2002,19.094,,,,,,,19.094201,20.02291,19.094,,,,,1,IMF_WEO,,
IRN,Iran,2010,16.255,,,,,,,16.254617,,16.255,,,,,1,IMF_WEO,,
IRN,Iran,1988,23.6166,,,,,,,23.6166,,,,,,,1,IMF_FPP,,
IRN,Iran,2003,19.123,,,,,,,19.12338,19.50808,19.123,,,,,1,IMF_WEO,,
IRN,Iran,2004,18.384,,,,,,,18.384441,19.187622,18.384,,,,,1,IMF_WEO,,
IRN,Iran,2005,21.695,,,,,,,21.695168,22.043479,21.695,,,,,1,IMF_WEO,,
IRN,Iran,2028,14.39,,,,,,,,,,14.39,,,,1,IMF_WEO_forecast,,
IRN,Iran,1992,17.622,,,,,,,17.622368,,17.622,,,,,1,IMF_WEO,,
IRN,Iran,2027,14.602,,,,,,,,,,14.602,,,,1,IMF_WEO_forecast,,
IRN,Iran,1967,22.2616,,,,,,,22.2616,,,,,,,1,IMF_FPP,,
IRN,Iran,1969,,,,,,,,,,,,,,,1,IMF_FPP,,
IRN,Iran,1999,19.218,,,,,,,19.218127,,19.218,,,,,1,IMF_WEO,,
IRN,Iran,1998,20.62,,,,,,,20.620343,,20.62,,,,,1,IMF_WEO,,
IRN,Iran,2016,17.038,,,,,,,17.037834,,17.038,,,,,1,IMF_WEO,,
IRN,Iran,1979,,,,,,,,,,,,,,,1,IMF_FPP,,
IRN,Iran,1984,23.7304,,,,,,,23.7304,,,,,,,1,IMF_FPP,,
IRN,Iran,1985,21.642,,,,,,,21.642,,,,,,,1,IMF_FPP,,
IRN,Iran,2026,14.868,,,,,,,,,,14.868,,,,1,IMF_WEO_forecast,,
IRN,Iran,1983,27.4893,,,,,,,27.4893,,,,,,,1,IMF_FPP,,
IRN,Iran,1982,29.7435,,,,,,,29.7435,,,,,,,1,IMF_FPP,,
IRN,Iran,1975,,,,,,,,,,,,,,,1,IMF_FPP,,
IRN,Iran,2024,14.67,,,,,,,,,,14.67,,,,1,IMF_WEO_forecast,1,3
IRN,Iran,1976,,,,,,,,,,,,,,,1,IMF_FPP,,
IRN,Iran,1973,,,,,,,,,,,,,,,1,IMF_FPP,,
IRN,Iran,1971,,,,,,,,,,,,,,,1,IMF_FPP,,
IRN,Iran,1968,23.5873,,,,,,,23.587299,,,,,,,1,IMF_FPP,,
IRN,Iran,2009,18.107,,,,,,,18.107126,23.100707,18.107,,,,,1,IMF_WEO,,
IRN,Iran,1995,25.587,,,,,,,25.58689,,25.587,,,,,1,IMF_WEO,,
IRN,Iran,2013,13.306,,,,,,,13.306419,,13.306,,,,,1,IMF_WEO,,
IRN,Iran,1966,20.4627,,,,,,,20.4627,,,,,,,1,IMF_FPP,,
IRN,Iran,1965,16.3402,,,,,,,16.3402,,,,,,,1,IMF_FPP,,
IRN,Iran,1962,15.5761,,,,,,,15.5761,,,,,,,1,IMF_FPP,,
IRN,Iran,1987,18.6409,,,,,,,18.6409,,,,,,,1,IMF_FPP,,
IRN,Iran,1974,,,,,,,,,,,,,,,1,IMF_FPP,,
IRN,Iran,1964,15.3822,,,,,,,15.3822,,,,,,,1,IMF_FPP,,
IRN,Iran,1994,28.069,,,,,,,28.069464,,28.069,,,,,1,IMF_WEO,,
IRN,Iran,2012,13.163,,,,,,,13.162596,,13.163,,,,,1,IMF_WEO,,
IRN,Iran,2018,15.251,,,,,,,15.251227,,15.251,,,,,1,IMF_WEO,,
IRN,Iran,1990,20.003,,,,,,,20.002888,,20.003,,,,,1,IMF_WEO,,
IRN,Iran,2006,22.368,,,,,,,22.36832,23.226867,22.368,,,,,1,IMF_WEO,,
IRN,Iran,2007,16.958,,,,,,,16.958089,19.692108,16.958,,,,,1,IMF_WEO,,
IRN,Iran,1993,33.239,,,,,,,33.238732,,33.239,,,,,1,IMF_WEO,,
IRN,Iran,1963,14.7868,,,,,,,14.7868,,,,,,,1,IMF_FPP,,
IRN,Iran,1997,21.225,,,,,,,21.224892,,21.225,,,,,1,IMF_WEO,,
IRN,Iran,2029,14.252,,,,,,,,,,14.252,,,,1,IMF_WEO_forecast,,
IRN,Iran,1977,,,,,,,,,,,,,,,1,IMF_FPP,,
IRN,Iran,1991,17.144,,,,,,,17.143906,,17.144,,,,,1,IMF_WEO,,
IRN,Iran,2019,14.14,,,,,,,14.14022,,14.14,,,,,1,IMF_WEO,,
IRN,Iran,2001,16.634,,,,,,,16.633645,20.039649,16.634,,,,,1,IMF_WEO,,
IRQ,Iraq,2005,63.205,,,,,,,,,63.205,,,,,1,IMF_WEO,,
IRQ,Iraq,2013,49.32714,,,49.32714,,,,,,48.249,,,,,1,AMF,,
IRQ,Iraq,2028,45.856,,,,,,,,,,45.855999,,,,1,IMF_WEO_forecast,,
IRQ,Iraq,2006,50.319,,,,,,,,,50.319,,,,,1,IMF_WEO,,
IRQ,Iraq,2024,48.433,,,,,,,,,,48.432999,,,,1,IMF_WEO_forecast,,
IRQ,Iraq,2010,49.575,,,,,,,,,49.575,,,,,1,IMF_WEO,,
IRQ,Iraq,2004,91.45,,,,,,,,,91.45,,,,,1,IMF_WEO,,
IRQ,Iraq,2016,40.23517,,,40.23517,,,,,,42.369,,,,,1,AMF,,
IRQ,Iraq,2007,43.979,,,,,,,,,43.979,,,,,1,IMF_WEO,,
IRQ,Iraq,2011,43.369,,,,,,,,,43.369,,,,,1,IMF_WEO,,
IRQ,Iraq,2025,47.944,,,,,,,,,,47.944,,,,1,IMF_WEO_forecast,,
IRQ,Iraq,2021,33.78889,,,33.78889,,,,,,36.327,,,,,1,AMF,,
IRQ,Iraq,2026,47.223,,,,,,,,,,47.223,,,,1,IMF_WEO_forecast,,
IRQ,Iraq,2015,44.48256,,,44.48256,,,,,,43.464,,,,,1,AMF,,
IRQ,Iraq,2020,36.43985,,,36.43985,,,,,,41.87,,,,,1,AMF,,
IRQ,Iraq,2019,43.90907,,,43.90907,,,,,,34.65,,,,,1,AMF,,
IRQ,Iraq,2012,42.892,,,,,,,,,42.892,,,,,1,IMF_WEO,1,3
IRQ,Iraq,2018,32.4045,,,32.4045,,,,,,31.126,,,,,1,AMF,,
IRQ,Iraq,2027,46.636,,,,,,,,,,46.636002,,,,1,IMF_WEO_forecast,,
IRQ,Iraq,2009,61.095,,,,,,,,,61.095,,,,,1,IMF_WEO,,
IRQ,Iraq,2029,45.103,,,,,,,,,,45.103001,,,,1,IMF_WEO_forecast,,
IRQ,Iraq,2014,53.97021,,,53.97021,,,,,,43.783,,,,,1,AMF,,
IRQ,Iraq,2017,36.35957,,,36.35957,,,,,,35.495,,,,,1,AMF,,
IRQ,Iraq,2023,44.166,,,,,,,,,,44.166,,,,1,IMF_WEO_forecast,1,3
IRQ,Iraq,2008,57.254,,,,,,,,,57.254,,,,,1,IMF_WEO,,
IRQ,Iraq,2022,33.938,,,,,,,,,33.938,,,,,1,IMF_WEO,1,3
ISL,Iceland,1952,21.28346,,,,,,,22.038601,,,,,21.28346,,1,CS2,,
ISL,Iceland,2001,47,,,,,47,,47.419158,38.502683,47.419,,47.419129,,,1,EUS,,
ISL,Iceland,1950,20.51855,,,,,,,21.1936,,,,,20.51855,,1,CS2,,
ISL,Iceland,2006,44.3,,,,,44.3,,44.838445,42.505761,44.838,,44.838419,,,1,EUS,,
ISL,Iceland,2019,43,,,,,43,,43.577443,42.208928,43.577,,43.535773,,,1,EUS,,
ISL,Iceland,1971,31.66053,,,,,,,32.540199,,,,,31.66053,,1,CS2,,
ISL,Iceland,1922,5.255892,,,,,,,11.0301,,,,,5.255892,,1,CS2,,
ISL,Iceland,1925,3.840525,,,,,,,8.1280699,,,,,3.840525,,1,CS2,,
ISL,Iceland,1979,31.42199,,,,,,,32.438599,30.151715,,,,31.42199,,1,CS2,1,4
ISL,Iceland,1912,4.264852,,,,,,,7.6878901,,,,,4.264852,,1,CS2,,
ISL,Iceland,2013,45.6,,,,,45.6,,45.966289,45.61146,45.966,,45.899601,,,1,EUS,,
ISL,Iceland,1948,21.94737,,,,,,,22.5895,,,,,21.94737,,1,CS2,,
ISL,Iceland,1966,27.52722,,,,,,,28.3113,,,,,27.52722,,1,CS2,,
ISL,Iceland,1935,7.696548,,,,,,,12.5256,,,,,7.696548,,1,CS2,,
ISL,Iceland,1937,7.159053,,,,,,,11.935,,,,,7.159053,,1,CS2,,
ISL,Iceland,1998,40.3,,,,,40.3,,40.872081,37.937301,40.872,,40.871981,,,1,EUS,,
ISL,Iceland,1939,6.84567,,,,,,,11.2712,,,,,6.84567,,1,CS2,,
ISL,Iceland,2012,47.2,,,,,47.2,,47.732149,48.067601,47.732,,47.654925,,,1,EUS,,
ISL,Iceland,1977,30.71091,,,,,,,31.707001,26.775779,,,,30.71091,,1,CS2,,
ISL,Iceland,1910,4.129723,,,,,,,7.3740802,,,,,4.129723,,1,CS2,,
ISL,Iceland,1994,42.31086,,,,,,,44.968611,37.207604,44.969,,42.310858,,,1,OECD_EO,,
ISL,Iceland,1975,35.75085,,,,,,,36.885399,30.236621,,,,35.75085,,1,CS2,,
ISL,Iceland,1988,41.7742,,,,,,,41.422053,34.998645,41.422,,41.774197,39.47748,,1,OECD_EO,,
ISL,Iceland,1989,43.08001,,,,,,,42.934715,36.855817,42.935,,43.080006,42.02153,,1,OECD_EO,,
ISL,Iceland,1923,4.763637,,,,,,,10.5147,,,,,4.763637,,1,CS2,,
ISL,Iceland,1914,4.246575,,,,,,,7.3782301,,,,,4.246575,,1,CS2,,
ISL,Iceland,1924,3.247437,,,,,,,7.8471498,,,,,3.247437,,1,CS2,,
ISL,Iceland,1974,35.60722,,,,,,,36.638401,30.537677,,,,35.60722,,1,CS2,,
ISL,Iceland,1927,5.54013,,,,,,,9.6563597,,,,,5.54013,,1,CS2,,
ISL,Iceland,1981,36.83475,,,,,,,35.284998,29.14383,35.285,,36.834755,33.64061,,1,OECD_EO,,
ISL,Iceland,1901,5.388646,,,,,,,,,,,,5.388646,,1,CS2,,
ISL,Iceland,2010,48.2,,,,,48.2,,48.795782,48.415058,48.796,,48.795818,,,1,EUS,,
ISL,Iceland,1965,27.51052,,,,,,,28.284401,,,,,27.51052,,1,CS2,,
ISL,Iceland,1976,31.05096,,,,,,,32.118801,26.881417,,,,31.05096,,1,CS2,,
ISL,Iceland,1957,28.15454,,,,,,,29.0548,,,,,28.15454,,1,CS2,,
ISL,Iceland,2017,43.8,,,,,43.8,,44.409281,43.494895,44.409,,44.345128,,,1,EUS,,
ISL,Iceland,1999,44.8,,,,,44.8,,45.393316,38.678105,45.393,,45.39321,,,1,EUS,,
ISL,Iceland,1961,24.49184,,,,,,,25.3139,,,,,24.49184,,1,CS2,,
ISL,Iceland,1984,35.80244,,,,,,,34.658786,28.084742,34.659,,35.802441,33.1273,,1,OECD_EO,,
ISL,Iceland,2021,48.7,,,,,48.7,,49.47901,47.497644,49.479,,49.307015,,,1,EUS,,
ISL,Iceland,1908,6.301205,,,,,,,,,,,,6.301205,,1,CS2,,
ISL,Iceland,1951,21.94946,,,,,,,22.649799,,,,,21.94946,,1,CS2,,
ISL,Iceland,1956,26.10294,,,,,,,26.8505,,,,,26.10294,,1,CS2,,
ISL,Iceland,2005,44.2,,,,,44.2,,44.998667,43.353625,44.999,,44.998659,,,1,EUS,,
ISL,Iceland,1940,5.093423,,,,,,,9.1945105,,,,,5.093423,,1,CS2,,
ISL,Iceland,1938,7.099077,,,,,,,11.8739,,,,,7.099077,,1,CS2,,
ISL,Iceland,1964,27.50437,,,,,,,28.2087,,,,,27.50437,,1,CS2,,
ISL,Iceland,1959,35.22061,,,,,,,36.039299,,,,,35.22061,,1,CS2,,
ISL,Iceland,2028,42.871,,,,,,,,,,42.870998,,,,1,IMF_WEO_forecast,,
ISL,Iceland,1962,24.09679,,,,,,,24.8985,,,,,24.09679,,1,CS2,,
ISL,Iceland,1918,3.589286,,,,,,,10.7942,,,,,3.589286,,1,CS2,,
ISL,Iceland,1913,3.613588,,,,,,,6.5833802,,,,,3.613588,,1,CS2,,
ISL,Iceland,1986,39.80555,,,,,,,39.465921,,39.466,,39.805549,37.76525,,1,OECD_EO,,
ISL,Iceland,1991,42.45282,,,,,,,42.848465,36.397701,42.848,,42.452824,,,1,OECD_EO,,
ISL,Iceland,1990,41.33262,,,,,,,42.581444,34.688516,42.581,,41.332624,39.36634,,1,OECD_EO,,
ISL,Iceland,1982,37.55157,,,,,,,35.982782,,35.983,,37.551575,34.29589,,1,OECD_EO,,
ISL,Iceland,1947,23.30667,,,,,,,23.893299,,,,,23.30667,,1,CS2,,
ISL,Iceland,1980,35.43769,,,,,,,33.899289,28.330802,33.899,,35.437687,33.4953,,1,OECD_EO,,
ISL,Iceland,2007,44.2,,,,,44.2,,44.747042,42.123255,44.747,,44.747069,,,1,EUS,,
ISL,Iceland,1954,21.85478,,,,,,,22.499399,,,,,21.85478,,1,CS2,,
ISL,Iceland,1902,5.254167,,,,,,,,,,,,5.254167,,1,CS2,,
ISL,Iceland,1919,2.967649,,,,,,,7.8152399,,,,,2.967649,,1,CS2,,
ISL,Iceland,1985,37.9873,,,,,,,36.995622,30.159147,36.996,,37.987302,35.65125,,1,OECD_EO,,
ISL,Iceland,1945,19.19107,,,,,,,14.9962,,,,,19.19107,,1,CS2,,
ISL,Iceland,2018,43.4,,,,,43.4,,43.848328,41.857453,43.848,,43.787496,,,1,EUS,,
ISL,Iceland,2029,42.871,,,,,,,,,,42.870998,,,,1,IMF_WEO_forecast,,
ISL,Iceland,1933,7.032597,,,,,,,11.8923,,,,,7.032597,,1,CS2,,
ISL,Iceland,2004,46.2,,,,,46.2,,46.686232,40.231252,46.686,,46.68631,,,1,EUS,,
ISL,Iceland,2011,50,,,,,50,,50.535833,49.279679,50.536,,50.535748,,,1,EUS,,
ISL,Iceland,1905,5.207483,,,,,,,,,,,,5.207483,,1,CS2,,
ISL,Iceland,1993,42.82537,,,,,,,45.101234,37.089957,45.101,,42.825367,,,1,OECD_EO,,
ISL,Iceland,1992,42.92419,,,,,,,44.680321,37.297746,44.68,,42.924188,,,1,OECD_EO,,
ISL,Iceland,1967,31.07571,,,,,,,31.6476,,,,,31.07571,,1,CS2,,
ISL,Iceland,1972,32.38015,,,,,,,33.2836,27.024227,,,,32.38015,,1,CS2,,
ISL,Iceland,1929,6.021845,,,,,,,9.7523804,,,,,6.021845,,1,CS2,,
ISL,Iceland,1955,22.35172,,,,,,,23.100901,,,,,22.35172,,1,CS2,,
ISL,Iceland,1917,7.265343,,,,,,,15.1535,,,,,7.265343,,1,CS2,,
ISL,Iceland,1930,9.050756,,,,,,,13.0393,,,,,9.050756,,1,CS2,,
ISL,Iceland,2000,44.3,,,,,44.3,,44.825885,38.399179,44.826,,44.825705,,,1,EUS,,
ISL,Iceland,1996,42.03637,,,,,,,43.940378,37.098099,43.94,,42.036369,,,1,OECD_EO,,
ISL,Iceland,1969,29.32045,,,,,,,30.2999,,,,,29.32045,,1,CS2,,
ISL,Iceland,2016,45.8,,,,,45.8,,46.437261,46.055799,46.437,,46.386045,,,1,EUS,,
ISL,Iceland,1926,5.500284,,,,,,,10.3415,,,,,5.500284,,1,CS2,,
ISL,Iceland,1944,10.79232,,,,,,,13.7423,,,,,10.79232,,1,CS2,,
ISL,Iceland,1946,19.62848,,,,,,,20.2045,,,,,19.62848,,1,CS2,,
ISL,Iceland,2026,44.52625,,,,,,,,,,42.966999,44.526247,,,1,OECD_EO,,
ISL,Iceland,1936,7.457234,,,,,,,12.3255,,,,,7.457234,,1,CS2,,
ISL,Iceland,2020,50.4,,,,,50.4,,51.100381,49.554164,51.1,,51.034732,,,1,EUS,,
ISL,Iceland,1997,40.2506,,,,,,,42.119841,35.454491,42.12,,40.250603,,,1,OECD_EO,1,4
ISL,Iceland,1973,32.68592,,,,,,,33.650101,27.492986,,,,32.68592,,1,CS2,,
ISL,Iceland,1943,8.938103,,,,,,,11.3218,,,,,8.938103,,1,CS2,,
ISL,Iceland,1931,7.75843,,,,,,,12.7327,,,,,7.75843,,1,CS2,,
ISL,Iceland,1907,6.619883,,,,,,,,,,,,6.619883,,1,CS2,,
ISL,Iceland,1904,5.908745,,,,,,,,,,,,5.908745,,1,CS2,,
ISL,Iceland,1978,30.93662,,,,,,,31.9268,,,,,30.93662,,1,CS2,,
ISL,Iceland,1928,5.156095,,,,,,,8.8659096,,,,,5.156095,,1,CS2,,
ISL,Iceland,2025,44.81081,,,,,,,,,,44.101002,44.810809,,,1,OECD_EO,1,4
ISL,Iceland,1920,5.457897,,,,,,,13.9762,,,,,5.457897,,1,CS2,,
ISL,Iceland,1963,25.38064,,,,,,,26.2418,,,,,25.38064,,1,CS2,,
ISL,Iceland,1932,6.819257,,,,,,,12.3167,,,,,6.819257,,1,CS2,,
ISL,Iceland,1915,2.847503,,,,,,,5.8410902,,,,,2.847503,,1,CS2,,
ISL,Iceland,2008,62.8,,,,,62.8,,63.385893,61.02491,63.386,,63.386028,,,1,EUS,,
ISL,Iceland,1968,32.60659,,,,,,,33.252399,,,,,32.60659,,1,CS2,,
ISL,Iceland,1934,8.443278,,,,,,,13.3032,,,,,8.443278,,1,CS2,,
ISL,Iceland,1916,2.473517,,,,,,,6.6476402,,,,,2.473517,,1,CS2,,
ISL,Iceland,2022,46.2,,,,,46.2,,46.561691,44.488304,46.562,,46.504473,,,1,EUS,,
ISL,Iceland,1949,24.05587,,,,,,,24.7388,,,,,24.05587,,1,CS2,,
ISL,Iceland,1987,37.23817,,,,,,,36.485464,31.543203,36.485,,37.238173,34.71921,,1,OECD_EO,,
ISL,Iceland,1942,9.334256,,,,,,,11.4272,,,,,9.334256,,1,CS2,,
ISL,Iceland,1903,5.207171,,,,,,,,,,,,5.207171,,1,CS2,,
ISL,Iceland,1960,32.62799,,,,,,,33.153599,,,,,32.62799,,1,CS2,,
ISL,Iceland,1941,7.315391,,,,,,,10.3713,,,,,7.315391,,1,CS2,,
ISL,Iceland,2027,42.871,,,,,,,,,,42.870998,,,,1,IMF_WEO_forecast,1,4
ISL,Iceland,2014,45.3,,,,,45.3,,45.827374,45.445481,45.827,,45.760865,,,1,EUS,,
ISL,Iceland,1995,42.48257,,,,,,,44.370207,37.462181,44.37,,42.482568,,,1,OECD_EO,,
ISL,Iceland,1911,4.072,,,,,,,7.2265601,,,,,4.072,,1,CS2,,
ISL,Iceland,1909,4.045707,,,,,,,7.9815302,,,,,4.045707,,1,CS2,,
ISL,Iceland,1970,28.88031,,,,,,,29.8503,,,,,28.88031,,1,CS2,,
ISL,Iceland,2003,47.3,,,,,47.3,,47.792087,42.126991,47.792,,47.792045,,,1,EUS,,
ISL,Iceland,1906,5.64151,,,,,,,,,,,,5.64151,,1,CS2,,
ISL,Iceland,1958,31.8038,,,,,,,32.6194,,,,,31.8038,,1,CS2,,
ISL,Iceland,2023,45.2,,,,,45.2,,45.503079,43.708144,,45.502998,45.429691,,,1,EUS,,
ISL,Iceland,1953,23.8159,,,,,,,24.4769,,,,,23.8159,,1,CS2,,
ISL,Iceland,1983,39.01072,,,,,,,37.772872,30.770174,37.773,,39.010715,36.08042,,1,OECD_EO,,
ISL,Iceland,2015,43,,,,,43,,43.473651,43.086841,43.474,,43.375181,,,1,EUS,,
ISL,Iceland,2024,47,,,,,47,,,,,46.659,45.17948,,,1,EUS,,
ISL,Iceland,2002,45,,,,,45,,45.457419,40.330106,45.457,,45.45733,,,1,EUS,,
ISL,Iceland,1921,4.799392,,,,,,,12.0027,,,,,4.799392,,1,CS2,,
ISL,Iceland,2009,53.4,,,,,53.4,,53.577338,52.50286,53.577,,53.577271,,,1,EUS,,
ISR,Israel,1992,42.4006,,,,,,,44.0742,42.400606,,,,,,1,IMF_GFS,,
ISR,Israel,1999,46.41222,,,,,,,53.628399,,,,46.412221,,,1,OECD_EO,,
ISR,Israel,1970,41.5548,,,,,,,41.554798,,,,,,,1,IMF_FPP,,
ISR,Israel,1958,28.7163,,,,,,,28.716299,,,,,,,1,IMF_FPP,,
ISR,Israel,1989,45.33595,,,,,,,47.489498,45.335945,,,,,,1,IMF_GFS,,
ISR,Israel,1952,17.2159,,,,,,,17.2159,,,,,,,1,IMF_FPP,,
ISR,Israel,1950,18.7886,,,,,,,18.788601,,,,,,,1,IMF_FPP,,
ISR,Israel,2004,43.80182,,,,,,,51.012501,42.516742,42.938,,43.801813,,,1,OECD_EO,,
ISR,Israel,1982,64.94496,,,,,,,69.654099,64.944962,,,,,,1,IMF_GFS,,
ISR,Israel,2017,38.95207,,,,,,,38.231125,37.710703,38.231,,38.952067,,,1,OECD_EO,,
ISR,Israel,1965,27.805,,,,,,,27.805,,,,,,,1,IMF_FPP,,
ISR,Israel,2005,43.12795,,,,,,,49.441502,41.798779,42.315,,43.12795,,,1,OECD_EO,,
ISR,Israel,1973,,,,,,,,,,,,,,,1,IMF_FPP,,
ISR,Israel,2016,38.58836,,,,,,,37.814749,36.72647,37.815,,38.588366,,,1,OECD_EO,,
ISR,Israel,2013,40.3534,,,,,,,39.647844,38.621849,39.648,,40.353402,,,1,OECD_EO,,
ISR,Israel,1966,29.5985,,,,,,,29.598499,,,,,,,1,IMF_FPP,,
ISR,Israel,2021,40.4151,,,,,,,39.791508,39.953661,39.792,,40.415097,,,1,OECD_EO,,
ISR,Israel,1960,30.3824,,,,,,,30.382401,,,,,,,1,IMF_FPP,,
ISR,Israel,1987,51.66116,,,,,,,52.77,51.661163,,,,,,1,IMF_GFS,,
ISR,Israel,1980,64.37148,,,,,,,69.401703,64.371485,,,,,,1,IMF_GFS,,
ISR,Israel,1977,60.96222,,,,,,,69.114197,60.962219,,,,,,1,IMF_GFS,,
ISR,Israel,2014,38.936,,,,,,,38.212162,37.296737,38.212,,38.935997,,,1,OECD_EO,,
ISR,Israel,1967,33.8999,,,,,,,33.899899,,,,,,,1,IMF_FPP,,
ISR,Israel,1988,45.4041,,,,,,,46.4641,45.404104,,,,,,1,IMF_GFS,,
ISR,Israel,1981,66.42484,,,,,,,71.841202,66.424835,,,,,,1,IMF_GFS,,
ISR,Israel,1998,50.94263,,,,,,,54.963699,41.384352,,,50.942632,,,1,OECD_EO,,
ISR,Israel,1979,63.49804,,,,,,,70.094398,63.49804,,,,,,1,IMF_GFS,,
ISR,Israel,1963,26.8509,,,,,,,26.850901,,,,,,,1,IMF_FPP,,
ISR,Israel,1994,39.57209,,,,,,,41.6894,39.572087,,,,,,1,IMF_GFS,,
ISR,Israel,1984,79.87592,,,,,,,,79.875916,,,,,,1,IMF_GFS,,
ISR,Israel,1974,,,,,,,,,,,,,,,1,IMF_FPP,,
ISR,Israel,1996,41.97036,,,,,,,53.175701,41.970355,,,,,,1,IMF_GFS,,
ISR,Israel,2010,40.39832,,,,,,,45.427399,39.196673,39.646,,40.398321,,,1,OECD_EO,,
ISR,Israel,2006,42.35414,,,,,,,47.7896,40.856116,41.54,,42.354141,,,1,OECD_EO,,
ISR,Israel,1983,78.43495,,,,,,,,78.434954,,,,,,1,IMF_GFS,,
ISR,Israel,1978,56.87262,,,,,,,62.227001,56.872616,,,,,,1,IMF_GFS,,
ISR,Israel,2029,39.909,,,,,,,,,,39.909,,,,1,IMF_WEO_forecast,,
ISR,Israel,2018,39.80708,,,,,,,39.071892,37.973691,39.072,,39.807083,,,1,OECD_EO,,
ISR,Israel,2025,43.08397,,,,,,,,,,41.691002,43.083974,,,1,OECD_EO,,
ISR,Israel,2024,43.72786,,,,,,,,,,43.915001,43.727854,,,1,OECD_EO,,
ISR,Israel,1964,28.1987,,,,,,,28.1987,,,,,,,1,IMF_FPP,,
ISR,Israel,2015,38.23442,,,,,,,37.496213,36.824242,37.496,,38.234426,,,1,OECD_EO,,
ISR,Israel,1961,30.294,,,,,,,30.294001,,,,,,,1,IMF_FPP,,
ISR,Israel,2008,41.99621,,,,,,,46.1017,40.176692,41.168,,41.996213,,,1,OECD_EO,,
ISR,Israel,1986,54.12016,,,,,,,55.728298,54.120156,,,,,,1,IMF_GFS,,
ISR,Israel,1951,17.7011,,,,,,,17.701099,,,,,,,1,IMF_FPP,,
ISR,Israel,2011,40.01637,,,,,,,39.276815,38.611423,39.277,,40.016371,,,1,OECD_EO,,
ISR,Israel,1953,19.323,,,,,,,19.323,,,,,,,1,IMF_FPP,,
ISR,Israel,2001,47.02169,,,,,,,53.7388,44.72388,46.079,,47.021687,,,1,OECD_EO,,
ISR,Israel,1954,20.236,,,,,,,20.236,,,,,,,1,IMF_FPP,,
ISR,Israel,2028,39.812,,,,,,,,,,39.812,,,,1,IMF_WEO_forecast,,
ISR,Israel,2022,37.23703,,,,,,,36.635016,37.153074,36.635,,37.237033,,,1,OECD_EO,,
ISR,Israel,1957,23.1855,,,,,,,23.185499,,,,,,,1,IMF_FPP,,
ISR,Israel,1997,41.54017,,,,,,,52.624599,41.540167,,,,,,1,IMF_GFS,1,3
ISR,Israel,1955,23.8598,,,,,,,23.8598,,,,,,,1,IMF_FPP,,
ISR,Israel,1985,62.42496,,,,,,,65.228104,62.424963,,,,,,1,IMF_GFS,,
ISR,Israel,2000,44.24257,,,,,,,51.396,42.61939,43.371,,44.242574,,,1,OECD_EO,,
ISR,Israel,2007,40.92503,,,,,,,46.427502,39.489533,40.154,,40.925029,,,1,OECD_EO,,
ISR,Israel,2027,39.786,,,,,,,,,,39.785999,,,,1,IMF_WEO_forecast,1,3
ISR,Israel,2003,46.33389,,,,,,,54.362499,43.92051,45.322,,46.333883,,,1,OECD_EO,,
ISR,Israel,1976,59.49362,,,,,,,66.276497,59.493623,,,,,,1,IMF_GFS,,
ISR,Israel,1990,45.46263,,,,,,,46.790901,45.46263,,,,,,1,IMF_GFS,,
ISR,Israel,1969,41.141,,,,,,,41.140999,,,,,,,1,IMF_FPP,,
ISR,Israel,1995,40.87054,,,,,,,52.833199,40.870536,,,,,,1,IMF_GFS,,
ISR,Israel,1962,27.6861,,,,,,,27.6861,,,,,,,1,IMF_FPP,,
ISR,Israel,1972,,,,,,,,,,,,,,,1,IMF_FPP,,
ISR,Israel,2026,42.22319,,,,,,,,,,39.716999,42.22319,,,1,OECD_EO,,
ISR,Israel,2009,42.0764,,,,,,,45.699699,40.639816,41.317,,42.076405,,,1,OECD_EO,,
ISR,Israel,1971,,,,,,,,,,,,,,,1,IMF_FPP,,
ISR,Israel,2002,50.91538,,,,,,,55.763401,48.348033,49.924,,50.915382,,,1,OECD_EO,,
ISR,Israel,1968,39.4116,,,,,,,39.411598,,,,,,,1,IMF_FPP,,
ISR,Israel,1975,62.0054,,,,,,,62.005402,,,,,,,1,IMF_FPP,1,3
ISR,Israel,1959,30.0584,,,,,,,30.058399,,,,,,,1,IMF_FPP,,
ISR,Israel,1956,25.8813,,,,,,,25.8813,,,,,,,1,IMF_FPP,,
ISR,Israel,2019,39.24914,,,,,,,38.526358,37.403662,38.526,,39.249143,,,1,OECD_EO,,
ISR,Israel,2012,40.24785,,,,,,,39.518186,38.762898,39.518,,40.247848,,,1,OECD_EO,,
ISR,Israel,1991,32.94105,,,,,,,34.402699,32.941048,,,,,,1,IMF_GFS,,
ISR,Israel,1993,40.67841,,,,,,,42.158798,40.678415,,,,,,1,IMF_GFS,,
ISR,Israel,2020,45.30104,,,,,,,44.595199,43.265037,44.595,,45.301045,,,1,OECD_EO,,
ISR,Israel,2023,39.45918,,,,,,,39.000783,39.163914,,39.000999,39.459174,,,1,OECD_EO,,
ITA,Italy,2014,50.65336,,50.71501,,,50.7,,50.738964,50.872288,50.739,,50.653358,,,1,OECD_EO,,
ITA,Italy,1994,52.36713,,,,,,,53.481899,,55.059,,52.367128,,,1,OECD_EO,,
ITA,Italy,1932,28.78396,,,,,,,16.8906,,,,,,,1.704141,IMF_FPP,,
ITA,Italy,2010,49.82601,,49.7988,,,49.8,,50.275501,49.08736,49.814,,49.826012,,,1,OECD_EO,,
ITA,Italy,2006,47.44977,,47.55991,,,47.6,,48.4501,46.354554,47.562,,47.449771,,,1,OECD_EO,,
ITA,Italy,1972,35.75443,,,,,,,36.358799,,,,35.754433,,,1,OECD_EO,,
ITA,Italy,1908,23.04765,,,,,,,13.5245,,,,,,,1.704141,IMF_FPP,,
ITA,Italy,1877,19.65982,,,,,,,11.5365,,,,,,,1.704141,IMF_FPP,,
ITA,Italy,2023,53.77893,,53.63601,,,53.6,,53.799013,52.991588,,53.799,53.778933,,,1,OECD_EO,,
ITA,Italy,2012,50.45461,,50.48085,,,50.5,,50.492406,50.346102,50.492,,50.454614,,,1,OECD_EO,,
ITA,Italy,1981,43.61392,,,,,,,44.602001,,,,43.61392,,,1,OECD_EO,,
ITA,Italy,2026,50.31101,,50.89809,,,,,,,,49.875999,50.311014,,,1,OECD_EO,,
ITA,Italy,1946,37.72269,,,,,,,22.1359,,,,,,,1.704141,IMF_FPP,,
ITA,Italy,2022,54.93897,,54.93429,,,54.9,,54.908202,54.249032,54.908,,54.938967,,,1,OECD_EO,,
ITA,Italy,1963,28.82086,,,,,,,16.672701,,,,28.820858,,,1,OECD_EO,,
ITA,Italy,1930,24.12927,,,,,,,14.1592,,,,,,,1.704141,IMF_FPP,,
ITA,Italy,1899,22.37009,,,,,,,13.1269,,,,,,,1.704141,IMF_FPP,,
ITA,Italy,1931,28.14269,,,,,,,16.514299,,,,,,,1.704141,IMF_FPP,,
ITA,Italy,1909,21.68349,,,,,,,12.724,,,,,,,1.704141,IMF_FPP,,
ITA,Italy,1911,23.0981,,,,,,,13.5541,,,,,,,1.704141,IMF_FPP,,
ITA,Italy,1862,16.99393,,,,,,,9.9721403,,,,,,,1.704141,IMF_FPP,,
ITA,Italy,1959,31.10313,,,,,,,18.251499,,,,,,,1.704141,IMF_FPP,1,3
ITA,Italy,1942,68.93744,,,,,,,40.4529,,,,,,,1.704141,IMF_FPP,,
ITA,Italy,1935,41.71516,,,,,,,24.478701,,,,,,,1.704141,IMF_FPP,,
ITA,Italy,2007,46.5767,,46.60037,,,46.6,,47.630299,45.491745,46.604,,46.576698,,,1,OECD_EO,,
ITA,Italy,1978,40.15243,,,,,,,40.888,,,,40.152429,,,1,OECD_EO,,
ITA,Italy,1967,31.08943,,,,,,,17.9275,,,,31.08943,,,1,OECD_EO,,
ITA,Italy,2001,47.16582,,47.13183,,,47.1,,47.7104,45.873181,47.133,,47.165817,,,1,OECD_EO,,
ITA,Italy,1879,19.95753,,,,,,,11.7112,,,,,,,1.704141,IMF_FPP,,
ITA,Italy,1957,27.63776,,,,,,,16.218,,,,,,,1.704141,IMF_FPP,,
ITA,Italy,1976,37.45939,,,,,,,38.1147,,,,37.459389,,,1,OECD_EO,,
ITA,Italy,1956,27.7792,,,,,,,16.301001,,,,,,,1.704141,IMF_FPP,,
ITA,Italy,1896,24.15125,,,,,,,14.1721,,,,,,,1.704141,IMF_FPP,,
ITA,Italy,1952,34.21745,,,,,,,20.079,,,,,,,1.704141,IMF_FPP,,
ITA,Italy,2017,48.69423,,48.78294,,,48.8,,48.816964,48.913095,48.817,,48.694225,,,1,OECD_EO,,
ITA,Italy,2018,48.30298,,48.32067,,,48.3,,48.366694,48.437683,48.367,,48.302984,,,1,OECD_EO,,
ITA,Italy,1990,51.66305,,,,,,,52.8606,,54.169,,51.66305,,,1,OECD_EO,,
ITA,Italy,1992,54.13946,,,,,,,55.294701,,56.78,,54.139456,,,1,OECD_EO,,
ITA,Italy,1922,56.3072,,,,,,,33.041401,,,,,,,1.704141,IMF_FPP,,
ITA,Italy,1962,28.20899,,,,,,,17.519899,,,,28.208987,,,1,OECD_EO,,
ITA,Italy,1989,50.39088,,,,,,,51.593399,,49.449,,50.390876,,,1,OECD_EO,,
ITA,Italy,1927,24.30122,,,,,,,14.2601,,,,,,,1.704141,IMF_FPP,,
ITA,Italy,1940,64.95043,,,,,,,38.1133,,,,,,,1.704141,IMF_FPP,,
ITA,Italy,1868,17.31544,,,,,,,10.1608,,,,,,,1.704141,IMF_FPP,,
ITA,Italy,1892,24.30054,,,,,,,14.2597,,,,,,,1.704141,IMF_FPP,,
ITA,Italy,2005,46.98488,,47.05341,,,47.1,,47.915699,45.831857,47.055,,46.984882,,,1,OECD_EO,,
ITA,Italy,2011,48.97631,,49.02664,,,49,,49.039136,48.580334,49.039,,48.976312,,,1,OECD_EO,,
ITA,Italy,1863,18.57394,,,,,,,10.8993,,,,,,,1.704141,IMF_FPP,,
ITA,Italy,1947,30.50702,,,,,,,17.901699,,,,,,,1.704141,IMF_FPP,,
ITA,Italy,1888,30.01844,,,,,,,17.615,,,,,,,1.704141,IMF_FPP,,
ITA,Italy,1913,22.36361,,,,,,,13.1231,,,,,,,1.704141,IMF_FPP,,
ITA,Italy,1995,51.39304,,51.44687,,,51.4,,52.489899,50.653242,51.447,,51.393039,,,1,OECD_EO,,
ITA,Italy,1890,24.45885,,,,,,,14.3526,,,,,,,1.704141,IMF_FPP,,
ITA,Italy,1904,21.05585,,,,,,,12.3557,,,,,,,1.704141,IMF_FPP,,
ITA,Italy,1921,37.24127,,,,,,,21.853399,,,,,,,1.704141,IMF_FPP,,
ITA,Italy,1980,39.87391,,,,,,,40.786098,,,,39.87391,,,1,OECD_EO,,
ITA,Italy,2003,46.97477,,46.96853,,,47,,48.077202,45.80759,46.97,,46.974775,,,1,OECD_EO,,
ITA,Italy,1924,25.17357,,,,,,,14.772,,,,,,,1.704141,IMF_FPP,,
ITA,Italy,1894,24.92323,,,,,,,14.6251,,,,,,,1.704141,IMF_FPP,,
ITA,Italy,1882,22.90877,,,,,,,13.443,,,,,,,1.704141,IMF_FPP,,
ITA,Italy,1900,21.43809,,,,,,,12.58,,,,,,,1.704141,IMF_FPP,,
ITA,Italy,1965,31.62165,,,,,,,18.597401,,,,31.621649,,,1,OECD_EO,,
ITA,Italy,1898,22.42019,,,,,,,13.1563,,,,,,,1.704141,IMF_FPP,,
ITA,Italy,1929,21.86293,,,,,,,12.8293,,,,,,,1.704141,IMF_FPP,,
ITA,Italy,1893,23.91915,,,,,,,14.0359,,,,,,,1.704141,IMF_FPP,,
ITA,Italy,2009,51.05598,,51.05262,,,51.1,,51.614498,49.685122,51.061,,51.05598,,,1,OECD_EO,,
ITA,Italy,1985,48.69506,,,,,,,49.8382,,,,48.695061,,,1,OECD_EO,,
ITA,Italy,1960,28.10912,,,,,,,16.4946,,,,28.109122,,,1,OECD_EO,,
ITA,Italy,1872,19.61211,,,,,,,11.5085,,,,,,,1.704141,IMF_FPP,,
ITA,Italy,1916,68.08691,,,,,,,39.9538,,,,,,,1.704141,IMF_FPP,,
ITA,Italy,1902,21.93502,,,,,,,12.8716,,,,,,,1.704141,IMF_FPP,,
ITA,Italy,1876,20.92003,,,,,,,12.276,,,,,,,1.704141,IMF_FPP,,
ITA,Italy,1986,49.23402,,,,,,,50.4538,,,,49.234026,,,1,OECD_EO,,
ITA,Italy,1934,29.90648,,,,,,,17.549299,,,,,,,1.704141,IMF_FPP,,
ITA,Italy,2016,48.93081,,48.97989,,,49,,49.011823,49.052999,49.012,,48.930812,,,1,OECD_EO,,
ITA,Italy,1889,29.41858,,,,,,,17.263,,,,,,,1.704141,IMF_FPP,,
ITA,Italy,1982,45.73352,,,,,,,46.7066,,,,45.733522,,,1,OECD_EO,,
ITA,Italy,1912,23.70392,,,,,,,13.9096,,,,,,,1.704141,IMF_FPP,,
ITA,Italy,1983,47.80207,,,,,,,48.930698,,,,47.802075,,,1,OECD_EO,,
ITA,Italy,1897,24.04406,,,,,,,14.1092,,,,,,,1.704141,IMF_FPP,,
ITA,Italy,2024,50.54139,,50.42482,,,50.4,,,,,50.610001,50.541388,,,1,OECD_EO,,
ITA,Italy,1979,39.42677,,,,,,,40.138,,,,39.426764,,,1,OECD_EO,,
ITA,Italy,1869,18.39671,,,,,,,10.7953,,,,,,,1.704141,IMF_FPP,,
ITA,Italy,1987,48.70449,,,,,,,49.770901,,,,48.704488,,,1,OECD_EO,,
ITA,Italy,1870,16.78904,,,,,,,9.8519096,,,,,,,1.704141,IMF_FPP,,
ITA,Italy,1905,24.96686,,,,,,,14.6507,,,,,,,1.704141,IMF_FPP,,
ITA,Italy,2025,50.68801,,50.70604,,,,,,,,50.741001,50.688015,,,1,OECD_EO,,
ITA,Italy,2013,50.87826,,50.9007,,,50.9,,50.919284,50.905591,50.919,,50.878259,,,1,OECD_EO,,
ITA,Italy,1880,18.91222,,,,,,,11.0978,,,,,,,1.704141,IMF_FPP,,
ITA,Italy,1968,32.10648,,,,,,,32.614498,,,,32.106481,,,1,OECD_EO,,
ITA,Italy,1970,31.8858,,,,,,,32.324902,,,,31.885797,,,1,OECD_EO,,
ITA,Italy,1907,19.38409,,,,,,,11.3747,,,,,,,1.704141,IMF_FPP,,
ITA,Italy,1971,33.86534,,,,,,,34.3815,,,,33.865342,,,1,OECD_EO,,
ITA,Italy,1999,47.18704,,47.07665,,,47.1,,48.144001,45.911727,47.077,,47.187041,,,1,OECD_EO,,
ITA,Italy,1887,29.60314,,,,,,,17.3713,,,,,,,1.704141,IMF_FPP,,
ITA,Italy,1961,27.21261,,,,,,,17.2626,,,,27.212614,,,1,OECD_EO,,
ITA,Italy,2027,49.87858,,50.46061,,,,,,,,48.519001,,,,.9884655,AMECO,1,3
ITA,Italy,1969,31.56585,,,,,,,32.059101,,,,31.565854,,,1,OECD_EO,,
ITA,Italy,1873,17.41172,,,,,,,10.2173,,,,,,,1.704141,IMF_FPP,,
ITA,Italy,1871,20.14312,,,,,,,11.8201,,,,,,,1.704141,IMF_FPP,,
ITA,Italy,1903,20.79444,,,,,,,12.2023,,,,,,,1.704141,IMF_FPP,,
ITA,Italy,1891,23.74226,,,,,,,13.9321,,,,,,,1.704141,IMF_FPP,,
ITA,Italy,1944,72.66508,,,,,,,42.640301,,,,,,,1.704141,IMF_FPP,,
ITA,Italy,1881,22.61344,,,,,,,13.2697,,,,,,,1.704141,IMF_FPP,,
ITA,Italy,1936,42.40226,,,,,,,24.881901,,,,,,,1.704141,IMF_FPP,,
ITA,Italy,1917,69.51651,,,,,,,40.792702,,,,,,,1.704141,IMF_FPP,,
ITA,Italy,1954,28.25858,,,,,,,16.5823,,,,,,,1.704141,IMF_FPP,,
ITA,Italy,1906,22.61105,,,,,,,13.2683,,,,,,,1.704141,IMF_FPP,,
ITA,Italy,1993,55.07513,,,,,,,56.2682,,57.767,,55.075132,,,1,OECD_EO,,
ITA,Italy,1901,20.9156,,,,,,,12.2734,,,,,,,1.704141,IMF_FPP,,
ITA,Italy,1973,34.68971,,,,,,,35.262001,,,,34.689713,,,1,OECD_EO,,
ITA,Italy,1966,31.56882,,,,,,,19.094,,,,31.568824,,,1,OECD_EO,,
ITA,Italy,1875,20.47133,,,,,,,12.0127,,,,,,,1.704141,IMF_FPP,,
ITA,Italy,2002,46.53757,,46.49322,,,46.5,,47.117001,45.79247,46.494,,46.537576,,,1,OECD_EO,,
ITA,Italy,2004,46.77398,,46.66677,,,46.7,,47.527,45.41811,46.668,,46.773979,,,1,OECD_EO,,
ITA,Italy,1988,49.24637,,,,,,,50.381901,,48.288,,49.246372,,,1,OECD_EO,,
ITA,Italy,2021,56.13795,,56.03934,,,56,,56.029228,55.447412,56.029,,56.137956,,,1,OECD_EO,,
ITA,Italy,1950,29.44227,,,,,,,17.276899,,,,,,,1.704141,IMF_FPP,,
ITA,Italy,1884,26.69247,,,,,,,15.6633,,,,,,,1.704141,IMF_FPP,,
ITA,Italy,1948,28.62258,,,,,,,16.7959,,,,,,,1.704141,IMF_FPP,,
ITA,Italy,1874,18.4734,,,,,,,10.8403,,,,,,,1.704141,IMF_FPP,,
ITA,Italy,1964,29.48283,,,,,,,18.220501,,,,29.48283,,,1,OECD_EO,,
ITA,Italy,1955,29.29265,,,,,,,17.1891,,,,,,,1.704141,IMF_FPP,,
ITA,Italy,1933,32.83828,,,,,,,19.269699,,,,,,,1.704141,IMF_FPP,,
ITA,Italy,1943,43.26098,,,,,,,25.385799,,,,,,,1.704141,IMF_FPP,,
ITA,Italy,2029,49.51774,,,,,,,,,,48.167999,,,,1.028022,IMF_WEO_forecast,,
ITA,Italy,1991,52.70671,,,,,,,53.943401,,55.318,,52.706716,,,1,OECD_EO,,
ITA,Italy,1883,24.05821,,,,,,,14.1175,,,,,,,1.704141,IMF_FPP,,
ITA,Italy,1920,32.0237,,,,,,,18.7917,,,,,,,1.704141,IMF_FPP,,
ITA,Italy,1937,36.61534,,,,,,,21.486099,,,,,,,1.704141,IMF_FPP,,
ITA,Italy,1867,18.72442,,,,,,,10.9876,,,,,,,1.704141,IMF_FPP,,
ITA,Italy,1910,23.67546,,,,,,,13.8929,,,,,,,1.704141,IMF_FPP,,
ITA,Italy,1885,24.61597,,,,,,,14.4448,,,,,,,1.704141,IMF_FPP,,
ITA,Italy,1938,34.9976,,,,,,,20.5368,,,,,,,1.704141,IMF_FPP,,
ITA,Italy,1878,20.40811,,,,,,,11.9756,,,,,,,1.704141,IMF_FPP,,
ITA,Italy,1945,46.68392,,,,,,,27.3944,,,,,,,1.704141,IMF_FPP,,
ITA,Italy,1949,28.79538,,,,,,,16.897301,,,,,,,1.704141,IMF_FPP,,
ITA,Italy,1958,28.29436,,,,,,,16.6033,,,,,,,1.704141,IMF_FPP,,
ITA,Italy,1939,41.87262,,,,,,,24.5711,,,,,,,1.704141,IMF_FPP,,
ITA,Italy,1928,25.72315,,,,,,,15.0945,,,,,,,1.704141,IMF_FPP,,
ITA,Italy,1925,19.5269,,,,,,,11.4585,,,,,,,1.704141,IMF_FPP,,
ITA,Italy,1977,37.84792,,,,,,,38.493698,,,,37.847917,,,1,OECD_EO,,
ITA,Italy,1996,51.38581,,51.34931,,,51.3,,52.454399,50.403533,51.349,,51.385815,,,1,OECD_EO,,
ITA,Italy,1865,20.79205,,,,,,,12.2009,,,,,,,1.704141,IMF_FPP,,
ITA,Italy,1953,28.43666,,,,,,,16.6868,,,,,,,1.704141,IMF_FPP,,
ITA,Italy,2008,47.7452,,47.75087,,,47.8,,48.6021,46.73332,47.754,,47.745201,,,1,OECD_EO,,
ITA,Italy,1895,24.93363,,,,,,,14.6312,,,,,,,1.704141,IMF_FPP,,
ITA,Italy,1923,39.04459,,,,,,,22.9116,,,,,,,1.704141,IMF_FPP,,
ITA,Italy,2019,48.41206,,48.42382,,,48.4,,48.455462,48.308461,48.455,,48.412063,,,1,OECD_EO,,
ITA,Italy,1915,63.96851,,,,,,,37.537102,,,,,,,1.704141,IMF_FPP,,
ITA,Italy,2000,46.33302,,46.36848,,,46.4,,45.8634,45.265934,46.368,,46.333017,,,1,OECD_EO,,
ITA,Italy,1914,40.45613,,,,,,,23.739901,,,,,,,1.704141,IMF_FPP,,
ITA,Italy,1951,32.37425,,,,,,,18.9974,,,,,,,1.704141,IMF_FPP,,
ITA,Italy,1975,38.39238,,,,,,,39.115398,,,,38.392382,,,1,OECD_EO,,
ITA,Italy,1974,34.23737,,,,,,,34.777599,,,,34.237371,,,1,OECD_EO,,
ITA,Italy,1864,20.52825,,,,,,,12.0461,,,,,,,1.704141,IMF_FPP,,
ITA,Italy,2028,49.74185,,,,,,,,,,48.386002,,,,1.028022,IMF_WEO_forecast,1,3
ITA,Italy,1984,48.03072,,,,,,,49.131599,,,,48.030718,,,1,OECD_EO,,
ITA,Italy,1926,20.23258,,,,,,,11.8726,,,,,,,1.704141,IMF_FPP,,
ITA,Italy,1886,24.17392,,,,,,,14.1854,,,,,,,1.704141,IMF_FPP,,
ITA,Italy,1941,67.30573,,,,,,,39.495399,,,,,,,1.704141,IMF_FPP,,
ITA,Italy,2015,50.25253,,50.2438,,,50.2,,50.272624,50.225789,50.273,,50.25253,,,1,OECD_EO,,
ITA,Italy,1997,49.33542,,49.32464,,,49.3,,50.225101,48.378171,49.325,,49.335417,,,1,OECD_EO,,
ITA,Italy,1998,48.09349,,48.00418,,,48,,49.204399,46.970577,48.004,,48.093488,,,1,OECD_EO,,
ITA,Italy,1866,21.09249,,,,,,,12.3772,,,,,,,1.704141,IMF_FPP,,
ITA,Italy,2020,56.82316,,56.78379,,,56.8,,56.783784,56.429475,56.784,,56.823158,,,1,OECD_EO,,
ITA,Italy,1918,62.39644,,,,,,,36.614601,,,,,,,1.704141,IMF_FPP,,
ITA,Italy,1919,43.17151,,,,,,,25.3333,,,,,,,1.704141,IMF_FPP,,
JAM,Jamaica,2028,29.75,,,,,,,,,,29.75,,,,1,IMF_WEO_forecast,,
JAM,Jamaica,2029,29.836,,,,,,,,,,29.836,,,,1,IMF_WEO_forecast,,
JAM,Jamaica,2024,30.844,,,,,,,,,,30.844,,,,1,IMF_WEO_forecast,1,1
JAM,Jamaica,2004,31.481,,,,,,,31.480926,,31.481,,,,,1,IMF_WEO,,
JAM,Jamaica,2007,31.349,,,,,,,31.349211,,31.349,,,,,1,IMF_WEO,,
JAM,Jamaica,2005,29.327,,,,,,,29.327263,,29.327,,,,,1,IMF_WEO,,
JAM,Jamaica,2001,28.57,,,,,,,28.570211,,28.57,,,,,1,IMF_WEO,,
JAM,Jamaica,1994,20.419,,,,,,,20.418864,,20.419,,,,,1,IMF_WEO,,
JAM,Jamaica,2000,26.377,,,,,,,26.377399,,26.377,,,,,1,IMF_WEO,,
JAM,Jamaica,1990,23.18,,,,,,,23.179646,,23.18,,,,,1,IMF_WEO,,
JAM,Jamaica,2014,26.741,,,,,,,26.741333,,26.741,,,,,1,IMF_WEO,,
JAM,Jamaica,2026,30.171,,,,,,,,,,30.171,,,,1,IMF_WEO_forecast,,
JAM,Jamaica,2022,29.78,,,,,,,29.779556,,29.78,,,,,1,IMF_WEO,,
JAM,Jamaica,2017,28.626,,,,,,,28.626193,,28.626,,,,,1,IMF_WEO,,
JAM,Jamaica,2008,34.8,,,,,,,34.800301,,34.8,,,,,1,IMF_WEO,,
JAM,Jamaica,2009,38.667,,,,,,,38.666742,,38.667,,,,,1,IMF_WEO,,
JAM,Jamaica,2013,27.028,,,,,,,27.027641,,27.028,,,,,1,IMF_WEO,,
JAM,Jamaica,2010,33.175,,,,,,,33.174752,,33.175,,,,,1,IMF_WEO,,
JAM,Jamaica,1996,28.075,,,,,,,28.074708,,28.075,,,,,1,IMF_WEO,,
JAM,Jamaica,2011,31.978,,,,,,,31.978268,,31.978,,,,,1,IMF_WEO,,
JAM,Jamaica,1993,20.14,,,,,,,20.140168,,20.14,,,,,1,IMF_WEO,,
JAM,Jamaica,1997,28.365,,,,,,,28.365424,,28.365,,,,,1,IMF_WEO,,
JAM,Jamaica,2023,30.503,,,,,,,30.502933,,30.503,,,,,1,IMF_WEO,,
JAM,Jamaica,2019,29.718,,,,,,,29.718461,,29.718,,,,,1,IMF_WEO,,
JAM,Jamaica,2027,29.859,,,,,,,,,,29.858999,,,,1,IMF_WEO_forecast,,
JAM,Jamaica,1992,18.692,,,,,,,18.691689,,18.692,,,,,1,IMF_WEO,,
JAM,Jamaica,2002,30.859,,,,,,,30.858704,,30.859,,,,,1,IMF_WEO,,
JAM,Jamaica,1991,20.414,,,,,,,20.413632,,20.414,,,,,1,IMF_WEO,,
JAM,Jamaica,2003,31.901,,,,,,,31.900613,,31.901,,,,,1,IMF_WEO,,
JAM,Jamaica,2015,27.279,,,,,,,27.278743,,27.279,,,,,1,IMF_WEO,,
JAM,Jamaica,2018,29.445,,,,,,,29.445462,,29.445,,,,,1,IMF_WEO,,
JAM,Jamaica,2020,32.63,,,,,,,32.630208,,32.63,,,,,1,IMF_WEO,,
JAM,Jamaica,2025,30.523,,,,,,,,,,30.523001,,,,1,IMF_WEO_forecast,,
JAM,Jamaica,2016,28.153,,,,,,,28.153147,,28.153,,,,,1,IMF_WEO,,
JAM,Jamaica,2012,29.806,,,,,,,29.806164,,29.806,,,,,1,IMF_WEO,,
JAM,Jamaica,2021,30.096,,,,,,,30.096356,,30.096,,,,,1,IMF_WEO,,
JAM,Jamaica,1998,28.605,,,,,,,28.605096,,28.605,,,,,1,IMF_WEO,,
JAM,Jamaica,1995,22.628,,,,,,,22.628129,,22.628,,,,,1,IMF_WEO,,
JAM,Jamaica,2006,30.927,,,,,,,30.926841,,30.927,,,,,1,IMF_WEO,,
JAM,Jamaica,1999,28.674,,,,,,,28.673871,,28.674,,,,,1,IMF_WEO,,
JOR,Jordan,1990,43.965,,,,,,,43.965321,,43.965,,,,,1,IMF_WEO,,
JOR,Jordan,1986,33.841,,,,,,,33.840981,,33.841,,,,,1,IMF_WEO,,
JOR,Jordan,2003,36.006,,,,,,,36.005762,,36.006,,,,,1,IMF_WEO,,
JOR,Jordan,2029,28.526,,,,,,,,,,28.525999,,,,1,IMF_WEO_forecast,,
JOR,Jordan,2026,31.378,,,,,,,,,,31.378,,,,1,IMF_WEO_forecast,,
JOR,Jordan,1997,33.897,,,,,,,33.897311,,33.897,,,,,1,IMF_WEO,,
JOR,Jordan,2025,31.8,,,,,,,,,,31.799999,,,,1,IMF_WEO_forecast,,
JOR,Jordan,1991,44.895,,,,,,,44.895381,,44.895,,,,,1,IMF_WEO,,
JOR,Jordan,2009,34.535,,,,,,,34.535249,34.783253,34.535,,,,,1,IMF_WEO,,
JOR,Jordan,2027,30.248,,,,,,,,,,30.247999,,,,1,IMF_WEO_forecast,,
JOR,Jordan,2011,35.645,,,,,,,35.644692,34.686805,35.645,,,,,1,IMF_WEO,,
JOR,Jordan,2016,28.5605,,,28.5605,,,,28.418464,,28.418,,,,,1,AMF,,
JOR,Jordan,1992,35.465,,,,,,,35.465138,,35.465,,,,,1,IMF_WEO,,
JOR,Jordan,1994,34.289,,,,,,,34.289148,,34.289,,,,,1,IMF_WEO,,
JOR,Jordan,2007,35.822,,,,,,,35.822245,,35.822,,,,,1,IMF_WEO,,
JOR,Jordan,1999,32.659,,,,,,,32.658514,,32.659,,,,,1,IMF_WEO,,
JOR,Jordan,1987,42.075,,,,,,,42.074527,,42.075,,,,,1,IMF_WEO,,
JOR,Jordan,2017,28.26173,,,28.26173,,,,28.69775,,28.698,,,,,1,AMF,,
JOR,Jordan,2019,27.82755,,,27.82755,,,,30.131273,,30.131,,,,,1,AMF,,
JOR,Jordan,2008,33.964,,,,,,,33.964223,34.135275,33.964,,,,,1,IMF_WEO,,
JOR,Jordan,2012,36.832,,,,,,,36.832406,34.8135,36.832,,,,,1,IMF_WEO,1,4
JOR,Jordan,1988,44.251,,,,,,,44.251261,,44.251,,,,,1,IMF_WEO,,
JOR,Jordan,2015,28.54527,,,28.54527,,,,32.69019,,32.69,,,,,1,AMF,,
JOR,Jordan,2018,28.46285,,,28.46285,,,,30.071515,34.773776,30.072,,,,,1,AMF,,
JOR,Jordan,2021,32.189,,,,,,,32.188804,,32.189,,,,,1,IMF_WEO,1,4
JOR,Jordan,2023,36.47462,,,,,,,32.450086,36.474619,,32.450001,,,,1,IMF_GFS,1,4
JOR,Jordan,2013,29.56969,,,29.56969,,,,33.603599,31.766796,33.604,,,,,1,AMF,,
JOR,Jordan,2000,33.119,,,,,,,33.119281,,33.119,,,,,1,IMF_WEO,,
JOR,Jordan,2001,32.076,,,,,,,32.075991,,32.076,,,,,1,IMF_WEO,,
JOR,Jordan,2004,36.583,,,,,,,36.583472,,36.583,,,,,1,IMF_WEO,,
JOR,Jordan,1998,34.854,,,,,,,34.854127,,34.854,,,,,1,IMF_WEO,,
JOR,Jordan,2014,30.53821,,,30.53821,,,,35.578622,,35.579,,,,,1,AMF,,
JOR,Jordan,1985,42.369,,,,,,,42.368936,,42.369,,,,,1,IMF_WEO,,
JOR,Jordan,2020,29.67256,,,29.67256,,,,31.722825,,31.723,,,,,1,AMF,,
JOR,Jordan,1989,42.51,,,,,,,42.510092,,42.51,,,,,1,IMF_WEO,,
JOR,Jordan,2022,32.633,,,,,,,32.633132,38.557882,32.633,,,,,1,IMF_WEO,,
JOR,Jordan,1995,35.535,,,,,,,35.534679,,35.535,,,,,1,IMF_WEO,,
JOR,Jordan,2028,29.413,,,,,,,,,,29.413,,,,1,IMF_WEO_forecast,,
JOR,Jordan,2010,32.022,,,,,,,32.021545,31.853621,32.022,,,,,1,IMF_WEO,,
JOR,Jordan,2005,37.267,,,,,,,37.26738,,37.267,,,,,1,IMF_WEO,,
JOR,Jordan,1993,36.425,,,,,,,36.425251,,36.425,,,,,1,IMF_WEO,,
JOR,Jordan,2006,34.661,,,,,,,34.66064,,34.661,,,,,1,IMF_WEO,,
JOR,Jordan,2024,33.517,,,,,,,,,,33.516998,,,,1,IMF_WEO_forecast,1,4
JOR,Jordan,1996,36.245,,,,,,,36.245271,,36.245,,,,,1,IMF_WEO,,
JOR,Jordan,2002,32.865,,,,,,,32.8647,,32.865,,,,,1,IMF_WEO,,
JPN,Japan,1986,31.50406,,,,,,,30.396959,,30.397,,31.504061,,,1,OECD_EO,,
JPN,Japan,1971,23.01007,,,,,,,21.764999,,,,23.010071,,,1,OECD_EO,,
JPN,Japan,1918,1.36245,,,,,,,1.36245,,,,,,,1,IMF_FPP,,
JPN,Japan,2020,45.64497,46.63193,,,,,,44.516712,45.706763,44.517,,45.644967,,,1,OECD_EO,,
JPN,Japan,1977,30.0415,,,,,,,30.403799,,,,30.041497,,,1,OECD_EO,,
JPN,Japan,1923,2.32324,,,,,,,2.32324,,,,,,,1,IMF_FPP,,
JPN,Japan,1976,29.12716,,,,,,,29.1073,,,,29.127159,,,1,OECD_EO,,
JPN,Japan,1912,1.9669,,,,,,,1.9669,,,,,,,1,IMF_FPP,,
JPN,Japan,1898,1.44029,,,,,,,1.44029,,,,,,,1,IMF_FPP,,
JPN,Japan,1991,30.26508,,,,,,,29.298553,,29.299,,30.265081,,,1,OECD_EO,,
JPN,Japan,2007,34.11835,34.2007,,,,,,33.122763,33.527431,33.123,,34.118356,,,1,OECD_EO,,
JPN,Japan,1903,1.25742,,,,,,,1.2574199,,,,,,,1,IMF_FPP,,
JPN,Japan,1957,18.0403,,,,,,,18.0403,,,,,,,1,IMF_FPP,,
JPN,Japan,1885,.758065,,,,,,,.75806499,,,,,,,1,IMF_FPP,,
JPN,Japan,1959,17.3153,,,,,,,17.3153,,,,,,,1,IMF_FPP,1,2
JPN,Japan,1943,7.43576,,,,,,,7.43576,,,,,,,1,IMF_FPP,,
JPN,Japan,1914,2.02617,,,,,,,2.02617,,,,,,,1,IMF_FPP,,
JPN,Japan,1956,18.1618,,,,,,,18.1618,,,,,,,1,IMF_FPP,,
JPN,Japan,1930,2.88881,,,,,,,2.8888099,,,,,,,1,IMF_FPP,,
JPN,Japan,1970,21.50616,,,,,,,20.2477,,,,21.506161,,,1,OECD_EO,,
JPN,Japan,1964,21.55676,,,,,,,19.8382,,,,21.556755,,,1,OECD_EO,,
JPN,Japan,1877,1.32024,,,,,,,1.32024,,,,,,,1,IMF_FPP,,
JPN,Japan,1908,2.28094,,,,,,,2.2809401,,,,,,,1,IMF_FPP,,
JPN,Japan,1936,4.73708,,,,,,,4.7370801,,,,,,,1,IMF_FPP,,
JPN,Japan,1993,33.16646,,,,,,,32.137464,,32.137,,33.16646,,,1,OECD_EO,,
JPN,Japan,1896,1.01441,,,,,,,1.01441,,,,,,,1,IMF_FPP,,
JPN,Japan,1882,.981283,,,,,,,.98128301,,,,,,,1,IMF_FPP,,
JPN,Japan,1966,22.12957,,,,,,,20.822201,,,,22.129568,,,1,OECD_EO,,
JPN,Japan,1927,2.21095,,,,,,,2.2109499,,,,,,,1,IMF_FPP,,
JPN,Japan,1997,34.01998,,,,,,,33.081438,30.349761,33.081,,34.019981,,,1,OECD_EO,,
JPN,Japan,1996,34.74298,,,,,,,33.808523,30.366232,33.809,,34.742984,,,1,OECD_EO,,
JPN,Japan,1922,2.15655,,,,,,,2.1565499,,,,,,,1,IMF_FPP,,
JPN,Japan,1989,30.2024,,,,,,,29.189283,,29.189,,30.202397,,,1,OECD_EO,,
JPN,Japan,2009,39.80116,39.81831,,,,,,38.685602,38.813194,38.686,,39.801155,,,1,OECD_EO,,
JPN,Japan,2012,39.73083,39.8155,,,,,,38.638025,39.302654,38.638,,39.730827,,,1,OECD_EO,,
JPN,Japan,1934,3.64344,,,,,,,3.64344,,,,,,,1,IMF_FPP,,
JPN,Japan,2005,34.52429,34.52742,,,,,,33.519525,33.315475,33.52,,34.52429,,,1,OECD_EO,,
JPN,Japan,1973,24.57504,,,,,,,23.272301,,,,24.575045,,,1,OECD_EO,,
JPN,Japan,1883,1.14084,,,,,,,1.1408401,,,,,,,1,IMF_FPP,,
JPN,Japan,2018,37.85428,37.83773,,,,,,36.738707,37.165274,36.739,,37.854277,,,1,OECD_EO,,
JPN,Japan,1879,.792378,,,,,,,.79237801,,,,,,,1,IMF_FPP,,
JPN,Japan,1944,,,,,,,,,,,,,,,1,IMF_FPP,,
JPN,Japan,1929,2.29485,,,,,,,2.2948501,,,,,,,1,IMF_FPP,,
JPN,Japan,1979,31.71337,,,,,,,33.179401,,,,31.713367,,,1,OECD_EO,,
JPN,Japan,2015,38.39138,38.5585,,,,,,37.295226,38.016093,37.295,,38.391382,,,1,OECD_EO,,
JPN,Japan,1933,3.54402,,,,,,,3.5440199,,,,,,,1,IMF_FPP,,
JPN,Japan,1975,28.98608,,,,,,,28.487301,,,,28.986081,,,1,OECD_EO,,
JPN,Japan,1889,.834555,,,,,,,.83455497,,,,,,,1,IMF_FPP,,
JPN,Japan,1928,2.28777,,,,,,,2.28777,,,,,,,1,IMF_FPP,,
JPN,Japan,1999,36.56351,,,,,,,35.567015,33.409838,35.567,,36.563516,,,1,OECD_EO,,
JPN,Japan,1909,2.13757,,,,,,,2.1375699,,,,,,,1,IMF_FPP,,
JPN,Japan,1925,2.01353,,,,,,,2.01353,,,,,,,1,IMF_FPP,,
JPN,Japan,2013,39.85635,39.98659,,,,,,38.778193,39.036321,38.778,,39.856347,,,1,OECD_EO,,
JPN,Japan,1951,17.1897,,,,,,,17.189699,,,,,,,1,IMF_FPP,,
JPN,Japan,2011,39.73182,39.99838,,,,,,38.626633,39.438455,38.627,,39.731817,,,1,OECD_EO,,
JPN,Japan,1974,26.53126,,,,,,,25.487101,,,,26.53126,,,1,OECD_EO,,
JPN,Japan,1981,32.81786,,,,,,,31.509294,,31.509,,32.817859,,,1,OECD_EO,,
JPN,Japan,2008,35.15586,35.78736,,,,,,34.107272,35.210879,34.107,,35.155856,,,1,OECD_EO,,
JPN,Japan,2021,43.60834,43.73317,,,,,,42.440181,43.026694,42.44,,43.608338,,,1,OECD_EO,,
JPN,Japan,1906,2.89522,,,,,,,2.89522,,,,,,,1,IMF_FPP,,
JPN,Japan,1994,33.68286,,,,,,,32.783517,29.211601,32.784,,33.682862,,,1,OECD_EO,,
JPN,Japan,1919,1.6864,,,,,,,1.6864001,,,,,,,1,IMF_FPP,,
JPN,Japan,1967,21.12637,,,,,,,19.938299,,,,21.126368,,,1,OECD_EO,,
JPN,Japan,1939,3.70976,,,,,,,3.70976,,,,,,,1,IMF_FPP,,
JPN,Japan,1968,21.1725,,,,,,,20.0744,,,,21.172501,,,1,OECD_EO,,
JPN,Japan,1881,.899244,,,,,,,.89924401,,,,,,,1,IMF_FPP,,
JPN,Japan,1958,18.6989,,,,,,,18.6989,,,,,,,1,IMF_FPP,,
JPN,Japan,1907,2.70371,,,,,,,2.7037101,,,,,,,1,IMF_FPP,,
JPN,Japan,1972,24.08688,,,,,,,23.100599,,,,24.086881,,,1,OECD_EO,,
JPN,Japan,1901,1.22786,,,,,,,1.22786,,,,,,,1,IMF_FPP,,
JPN,Japan,1985,31.39719,,,,,,,30.405443,,30.405,,31.397191,,,1,OECD_EO,,
JPN,Japan,1990,30.30903,,,,,,,29.459066,,29.459,,30.309028,,,1,OECD_EO,,
JPN,Japan,1982,32.98445,,,,,,,31.730806,,31.731,,32.984449,,,1,OECD_EO,,
JPN,Japan,1962,21.23442,,,,,,,19.3668,,,,21.234417,,,1,OECD_EO,,
JPN,Japan,1948,15.0303,,,,,,,15.0303,,,,,,,1,IMF_FPP,,
JPN,Japan,1897,1.31324,,,,,,,1.3132401,,,,,,,1,IMF_FPP,,
JPN,Japan,1938,4.89829,,,,,,,4.8982902,,,,,,,1,IMF_FPP,,
JPN,Japan,1941,5.09867,,,,,,,5.09867,,,,,,,1,IMF_FPP,,
JPN,Japan,2024,40.07006,,,,,,,,,,42.198002,40.07006,,,1,OECD_EO,,
JPN,Japan,1916,1.55823,,,,,,,1.55823,,,,,,,1,IMF_FPP,,
JPN,Japan,1932,3.28069,,,,,,,3.28069,,,,,,,1,IMF_FPP,,
JPN,Japan,1942,5.87765,,,,,,,5.8776498,,,,,,,1,IMF_FPP,,
JPN,Japan,2000,36.96043,36.4843,,,,,,35.95056,33.352888,35.951,,36.960431,,,1,OECD_EO,,
JPN,Japan,1926,2.02373,,,,,,,2.02373,,,,,,,1,IMF_FPP,,
JPN,Japan,1924,2.4756,,,,,,,2.4756,,,,,,,1,IMF_FPP,,
JPN,Japan,1946,,,,,,,,,,,,,,,1,IMF_FPP,,
JPN,Japan,1895,1.51418,,,,,,,1.5141799,,,,,,,1,IMF_FPP,,
JPN,Japan,1899,1.69404,,,,,,,1.6940399,,,,,,,1,IMF_FPP,,
JPN,Japan,1905,2.97665,,,,,,,2.97665,,,,,,,1,IMF_FPP,,
JPN,Japan,2004,34.68109,34.52807,,,,,,33.678182,33.132792,33.678,,34.68109,,,1,OECD_EO,,
JPN,Japan,1915,1.79724,,,,,,,1.79724,,,,,,,1,IMF_FPP,,
JPN,Japan,2014,39.48145,39.48049,,,,,,38.388963,38.678432,38.389,,39.481446,,,1,OECD_EO,,
JPN,Japan,1884,1.03096,,,,,,,1.03096,,,,,,,1,IMF_FPP,,
JPN,Japan,1913,2.10253,,,,,,,2.10253,,,,,,,1,IMF_FPP,,
JPN,Japan,1937,3.92513,,,,,,,3.9251299,,,,,,,1,IMF_FPP,,
JPN,Japan,1876,1.54151,,,,,,,1.54151,,,,,,,1,IMF_FPP,,
JPN,Japan,1886,1.04,,,,,,,1.04,,,,,,,1,IMF_FPP,,
JPN,Japan,1888,.941109,,,,,,,.941109,,,,,,,1,IMF_FPP,,
JPN,Japan,1992,31.40494,,,,,,,30.29344,,30.293,,31.404941,,,1,OECD_EO,,
JPN,Japan,1969,20.98338,,,,,,,19.792801,,,,20.983379,,,1,OECD_EO,,
JPN,Japan,1987,31.92276,,,,,,,30.639658,,30.64,,31.922762,,,1,OECD_EO,,
JPN,Japan,1955,19.5827,,,,,,,19.582701,,,,,,,1,IMF_FPP,,
JPN,Japan,1961,20.26605,,,,,,,18.169001,,,,20.266048,,,1,OECD_EO,,
JPN,Japan,1940,3.98619,,,,,,,3.9861901,,,,,,,1,IMF_FPP,,
JPN,Japan,1952,19.1259,,,,,,,19.1259,,,,,,,1,IMF_FPP,,
JPN,Japan,2027,39.795,,,,,,,,,,39.794998,,,,1,IMF_WEO_forecast,1,2
JPN,Japan,1887,.97066,,,,,,,.97065997,,,,,,,1,IMF_FPP,,
JPN,Japan,1917,1.35824,,,,,,,1.35824,,,,,,,1,IMF_FPP,,
JPN,Japan,1984,32.48423,,,,,,,31.200143,,31.2,,32.484232,,,1,OECD_EO,,
JPN,Japan,2002,36.40242,36.28691,,,,,,35.391809,33.863892,35.392,,36.402421,,,1,OECD_EO,,
JPN,Japan,1911,2.08604,,,,,,,2.08604,,,,,,,1,IMF_FPP,,
JPN,Japan,1904,2.48349,,,,,,,2.48349,,,,,,,1,IMF_FPP,,
JPN,Japan,1921,2.07913,,,,,,,2.0791299,,,,,,,1,IMF_FPP,,
JPN,Japan,2003,36.05294,35.79352,,,,,,35.03841,33.905384,35.038,,36.052941,,,1,OECD_EO,,
JPN,Japan,1995,34.33038,,,,,,,33.404152,30.141967,33.404,,34.330377,,,1,OECD_EO,,
JPN,Japan,1891,.728709,,,,,,,.72870898,,,,,,,1,IMF_FPP,,
JPN,Japan,2026,39.90322,,,,,,,,,,39.625999,39.903221,,,1,OECD_EO,,
JPN,Japan,2029,40.814,,,,,,,,,,40.813999,,,,1,IMF_WEO_forecast,,
JPN,Japan,2028,40.329,,,,,,,,,,40.328999,,,,1,IMF_WEO_forecast,,
JPN,Japan,1892,.684444,,,,,,,.68444401,,,,,,,1,IMF_FPP,,
JPN,Japan,1902,1.34017,,,,,,,1.34017,,,,,,,1,IMF_FPP,,
JPN,Japan,1931,2.80272,,,,,,,2.8027201,,,,,,,1,IMF_FPP,,
JPN,Japan,1875,1.28148,,,,,,,1.28148,,,,,,,1,IMF_FPP,,
JPN,Japan,2006,34.04702,34.07497,,,,,,33.056699,33.179575,33.057,,34.047014,,,1,OECD_EO,,
JPN,Japan,2016,38.3365,38.20013,,,,,,37.229276,37.729107,37.229,,38.336503,,,1,OECD_EO,,
JPN,Japan,1963,21.89225,,,,,,,19.9911,,,,21.892252,,,1,OECD_EO,,
JPN,Japan,2017,37.80568,37.89426,,,,,,36.686079,37.338905,36.686,,37.805678,,,1,OECD_EO,,
JPN,Japan,1950,15.8611,,,,,,,15.8611,,,,,,,1,IMF_FPP,,
JPN,Japan,2019,38.40952,38.48535,,,,,,37.293697,37.747246,37.294,,38.409515,,,1,OECD_EO,,
JPN,Japan,1935,3.47616,,,,,,,3.47616,,,,,,,1,IMF_FPP,,
JPN,Japan,2022,42.7576,42.85511,,,,,,41.83473,42.345536,,41.834999,42.757599,,,1,OECD_EO,,
JPN,Japan,2023,41.71841,,,,,,,41.164958,39.541954,,41.165001,41.71841,,,1,OECD_EO,,
JPN,Japan,1900,1.01491,,,,,,,1.01491,,,,,,,1,IMF_FPP,,
JPN,Japan,1894,1.27055,,,,,,,1.27055,,,,,,,1,IMF_FPP,,
JPN,Japan,1878,1.03373,,,,,,,1.03373,,,,,,,1,IMF_FPP,,
JPN,Japan,1945,,,,,,,,,,,,,,,1,IMF_FPP,,
JPN,Japan,1954,19.4793,,,,,,,19.4793,,,,,,,1,IMF_FPP,,
JPN,Japan,1920,1.93193,,,,,,,1.9319299,,,,,,,1,IMF_FPP,,
JPN,Japan,2001,36.20679,36.0825,,,,,,35.193986,33.357886,35.194,,36.206787,,,1,OECD_EO,,
JPN,Japan,1953,19.7973,,,,,,,19.7973,,,,,,,1,IMF_FPP,,
JPN,Japan,1965,22.06163,,,,,,,20.413601,,,,22.061629,,,1,OECD_EO,,
JPN,Japan,1893,.701754,,,,,,,.70175397,,,,,,,1,IMF_FPP,,
JPN,Japan,1978,30.92303,,,,,,,32.097401,,,,30.923028,,,1,OECD_EO,,
JPN,Japan,1988,31.1004,,,,,,,29.894432,,29.894,,31.100401,,,1,OECD_EO,,
JPN,Japan,1947,11.7712,,,,,,,11.7712,,,,,,,1,IMF_FPP,,
JPN,Japan,1880,.860846,,,,,,,.86084598,,,,,,,1,IMF_FPP,,
JPN,Japan,1949,18.0348,,,,,,,18.0348,,,,,,,1,IMF_FPP,,
JPN,Japan,1980,32.32228,,,,,,,33.451302,,30.739,,32.322287,,,1,OECD_EO,,
JPN,Japan,2010,38.8472,38.72405,,,,,,37.744916,38.114745,37.745,,38.847198,,,1,OECD_EO,,
JPN,Japan,1890,.776515,,,,,,,.77651501,,,,,,,1,IMF_FPP,,
JPN,Japan,1983,33.2354,,,,,,,31.839483,,31.839,,33.235398,,,1,OECD_EO,,
JPN,Japan,1910,3.11592,,,,,,,3.1159201,,,,,,,1,IMF_FPP,,
JPN,Japan,2025,40.25412,,,,,,,,,,39.825001,40.254121,,,1,OECD_EO,,
JPN,Japan,1998,39.60258,,,,,,,38.633104,36.459282,38.633,,39.602577,,,1,OECD_EO,,
JPN,Japan,1960,20.60256,,,,,,,18.353901,,,,20.60256,,,1,OECD_EO,,
KAZ,Kazakhstan,2024,22.1,,,,,,,,,,22.1,,,,1,IMF_WEO_forecast,1,3
KAZ,Kazakhstan,2016,21.512,20.454556,,,,,,,17.592654,21.512,,,,,1,IMF_WEO,,
KAZ,Kazakhstan,2026,21.398,,,,,,,,,,21.398001,,,,1,IMF_WEO_forecast,,
KAZ,Kazakhstan,2029,21.404,,,,,,,,,,21.403999,,,,1,IMF_WEO_forecast,,
KAZ,Kazakhstan,2003,21.355,21.996466,,,,,,,17.931407,21.355,,,,,1,IMF_WEO,,
KAZ,Kazakhstan,2013,19.809,19.138411,,,,,,,15.277852,19.809,,,,,1,IMF_WEO,,
KAZ,Kazakhstan,2001,20.37452,21.560119,,,,,,,20.37452,,,,,,1,IMF_GFS,1,3
KAZ,Kazakhstan,2015,22.87,19.846438,,,,,,,16.610798,22.87,,,,,1,IMF_WEO,,
KAZ,Kazakhstan,2014,21.26,19.750378,,,,,,,15.608164,21.26,,,,,1,IMF_WEO,,
KAZ,Kazakhstan,2018,18.847,18.176553,,,,,,,15.798467,18.847,,,,,1,IMF_WEO,,
KAZ,Kazakhstan,2005,22.006,29.98516,,,,,,,,22.006,,,,,1,IMF_WEO,,
KAZ,Kazakhstan,2020,24.546,23.842478,,,,,,,20.327447,24.546,,,,,1,IMF_WEO,,
KAZ,Kazakhstan,2027,21.355,,,,,,,,,,21.355,,,,1,IMF_WEO_forecast,,
KAZ,Kazakhstan,2000,20.81486,21.224024,,,,,,,20.814859,,,,,,1,IMF_GFS,,
KAZ,Kazakhstan,2004,21.263,21.615066,,,,,,,17.427499,21.263,,,,,1,IMF_WEO,,
KAZ,Kazakhstan,2008,27.068,26.841297,,,,,,,,27.068,,,,,1,IMF_WEO,,
KAZ,Kazakhstan,2025,21.744,,,,,,,,,,21.743999,,,,1,IMF_WEO_forecast,,
KAZ,Kazakhstan,2011,21.234,19.296666,,,,,,,14.902993,21.234,,,,,1,IMF_WEO,,
KAZ,Kazakhstan,2022,21.718,20.745739,,,,,,,18.739195,21.718,,,,,1,IMF_WEO,,
KAZ,Kazakhstan,2019,20.248,19.540495,,,,,,,17.204686,20.248,,,,,1,IMF_WEO,,
KAZ,Kazakhstan,2009,23.47,29.930615,,,,,,,,23.47,,,,,1,IMF_WEO,,
KAZ,Kazakhstan,2002,20.527,20.96181,,,,,,,17.76272,20.527,,,,,1,IMF_WEO,,
KAZ,Kazakhstan,2006,19.8,25.537058,,,,,,,,19.8,,,,,1,IMF_WEO,,
KAZ,Kazakhstan,2028,21.462,,,,,,,,,,21.462,,,,1,IMF_WEO_forecast,,
KAZ,Kazakhstan,2012,21.912,20.265674,,,,,,,15.935292,21.912,,,,,1,IMF_WEO,,
KAZ,Kazakhstan,2017,24.088,22.877277,,,,,,,19.998517,24.088,,,,,1,IMF_WEO,,
KAZ,Kazakhstan,2021,22.07,19.12059,,,,,,,18.992095,22.07,,,,,1,IMF_WEO,,
KAZ,Kazakhstan,2010,22.473,20.448452,,,,,,,15.576207,22.473,,,,,1,IMF_WEO,,
KAZ,Kazakhstan,2023,19.95267,23.471447,,,,,,,19.952669,,23.174999,,,,1,IMF_GFS,1,3
KAZ,Kazakhstan,2007,23.705,26.766062,,,,,,,,23.705,,,,,1,IMF_WEO,,
KEN,Kenya,1984,14.873,,,,,,,14.872992,,14.873,,,,,1,IMF_WEO,,
KEN,Kenya,1992,17.602,,,,,,,17.601645,,17.602,,,,,1,IMF_WEO,,
KEN,Kenya,2021,24.015,,,,,,,24.015398,22.995747,24.015,,,,,1,IMF_WEO,,
KEN,Kenya,1987,15.476,,,,,,,15.47578,,15.476,,,,,1,IMF_WEO,,
KEN,Kenya,2005,16.249,,,,,,,16.249336,,16.249,,,,,1,IMF_WEO,,
KEN,Kenya,2010,21.543,,,,,,,21.54335,,21.543,,,,,1,IMF_WEO,,
KEN,Kenya,2003,16.014,,,,,,,16.013523,,16.014,,,,,1,IMF_WEO,,
KEN,Kenya,2029,23.247,,,,,,,,,,23.247,,,,1,IMF_WEO_forecast,,
KEN,Kenya,1991,16.437,,,,,,,16.437218,,16.437,,,,,1,IMF_WEO,,
KEN,Kenya,1996,15.219,,,,,,,15.218699,,15.219,,,,,1,IMF_WEO,,
KEN,Kenya,2014,23.425,,,,,,,23.424854,18.927692,23.425,,,,,1,IMF_WEO,,
KEN,Kenya,2004,15.448,,,,,,,15.448055,,15.448,,,,,1,IMF_WEO,,
KEN,Kenya,2002,15.651,,,,,,,15.650861,,15.651,,,,,1,IMF_WEO,,
KEN,Kenya,2011,20.118,,,,,,,20.11831,,20.118,,,,,1,IMF_WEO,,
KEN,Kenya,2026,22.899,,,,,,,,,,22.899,,,,1,IMF_WEO_forecast,,
KEN,Kenya,2019,24.415,,,,,,,24.415326,18.051184,24.415,,,,,1,IMF_WEO,,
KEN,Kenya,1993,18.922,,,,,,,18.922391,,18.922,,,,,1,IMF_WEO,,
KEN,Kenya,1986,15.296,,,,,,,15.295647,,15.296,,,,,1,IMF_WEO,,
KEN,Kenya,2006,17.311,,,,,,,17.310564,,17.311,,,,,1,IMF_WEO,,
KEN,Kenya,2009,20.274,,,,,,,20.274119,,20.274,,,,,1,IMF_WEO,,
KEN,Kenya,2001,14.94,,,,,,,14.939703,,14.94,,,,,1,IMF_WEO,,
KEN,Kenya,2024,22.579,,,,,,,,,,22.579,,,,1,IMF_WEO_forecast,1,2
KEN,Kenya,1990,17.183,,,,,,,17.182924,,17.183,,,,,1,IMF_WEO,,
KEN,Kenya,1989,16.313,,,,,,,16.312523,,16.313,,,,,1,IMF_WEO,,
KEN,Kenya,1983,14.627,,,,,,,14.626901,,14.627,,,,,1,IMF_WEO,,
KEN,Kenya,2008,18.916,,,,,,,18.915562,,18.916,,,,,1,IMF_WEO,,
KEN,Kenya,1994,18.797,,,,,,,18.796589,,18.797,,,,,1,IMF_WEO,,
KEN,Kenya,2013,23.23,,,,,,,23.230469,,23.23,,,,,1,IMF_WEO,,
KEN,Kenya,2007,18.076,,,,,,,18.076172,,18.076,,,,,1,IMF_WEO,,
KEN,Kenya,2028,23.011,,,,,,,,,,23.011,,,,1,IMF_WEO_forecast,,
KEN,Kenya,2012,22.098,,,,,,,22.097877,,22.098,,,,,1,IMF_WEO,,
KEN,Kenya,1985,15.588,,,,,,,15.587937,,15.588,,,,,1,IMF_WEO,,
KEN,Kenya,2025,22.476,,,,,,,,,,22.476,,,,1,IMF_WEO_forecast,,
KEN,Kenya,1998,15.343,,,,,,,15.342713,,15.343,,,,,1,IMF_WEO,,
KEN,Kenya,2000,14.094,,,,,,,14.094177,,14.094,,,,,1,IMF_WEO,,
KEN,Kenya,2027,23.054,,,,,,,,,,23.054001,,,,1,IMF_WEO_forecast,,
KEN,Kenya,1995,17.328,,,,,,,17.328492,,17.328,,,,,1,IMF_WEO,,
KEN,Kenya,2017,25.198,,,,,,,25.198211,24.464859,25.198,,,,,1,IMF_WEO,,
KEN,Kenya,1999,13.682,,,,,,,13.682393,,13.682,,,,,1,IMF_WEO,,
KEN,Kenya,2022,23.16,,,,,,,23.160428,23.20707,23.16,,,,,1,IMF_WEO,,
KEN,Kenya,2023,21.3634,,,,,,,22.683915,21.363402,,22.684,,,,1,IMF_GFS,1,2
KEN,Kenya,2020,24.803,,,,,,,24.803356,19.940452,24.803,,,,,1,IMF_WEO,,
KEN,Kenya,1988,15.935,,,,,,,15.934833,,15.935,,,,,1,IMF_WEO,,
KEN,Kenya,2015,23.827,,,,,,,23.826738,19.947069,23.827,,,,,1,IMF_WEO,,
KEN,Kenya,2018,24.479,,,,,,,24.478941,22.713196,24.479,,,,,1,IMF_WEO,,
KEN,Kenya,1997,15.552,,,,,,,15.551788,,15.552,,,,,1,IMF_WEO,,
KEN,Kenya,2016,25.361,,,,,,,25.360505,21.267049,25.361,,,,,1,IMF_WEO,,
KEN,Kenya,1982,16.181,,,,,,,16.180939,,16.181,,,,,1,IMF_WEO,,
KGZ,Kyrgyzstan,2006,29.13,22.396792,,,,,,29.129564,,29.13,,,,,1,IMF_WEO,,
KGZ,Kyrgyzstan,2005,29.066,20.368462,,,,,,29.066125,,29.066,,,,,1,IMF_WEO,,
KGZ,Kyrgyzstan,2010,37.107,31.211788,,,,,,37.106997,,37.107,,,,,1,IMF_WEO,,
KGZ,Kyrgyzstan,2003,28.077,20.614345,,,,,,28.077407,,28.077,,,,,1,IMF_WEO,,
KGZ,Kyrgyzstan,1997,31.158,,,,,,,31.157865,,31.158,,,,,1,IMF_WEO,,
KGZ,Kyrgyzstan,1998,35.941,,,,,,,35.941082,,35.941,,,,,1,IMF_WEO,,
KGZ,Kyrgyzstan,2017,37.02,31.297119,,,,,,37.020144,27.954771,37.02,,,,,1,IMF_WEO,,
KGZ,Kyrgyzstan,2009,32.541,29.135948,,,,,,32.541453,,32.541,,,,,1,IMF_WEO,,
KGZ,Kyrgyzstan,2004,28.457,20.404724,,,,,,28.457032,,28.457,,,,,1,IMF_WEO,,
KGZ,Kyrgyzstan,2013,38.147,29.347835,,,,,,38.14707,,38.147,,,,,1,IMF_WEO,,
KGZ,Kyrgyzstan,2001,28.088,17.729063,,,,,,28.088235,,28.088,,,,,1,IMF_WEO,,
KGZ,Kyrgyzstan,2020,32.073,26.868373,,,,,,32.073493,27.906733,32.073,,,,,1,IMF_WEO,,
KGZ,Kyrgyzstan,2007,29.595,25.27127,,,,,,29.595426,,29.595,,,,,1,IMF_WEO,,
KGZ,Kyrgyzstan,2026,36.855,,,,,,,,,,36.855,,,,1,IMF_WEO_forecast,,
KGZ,Kyrgyzstan,1995,37.876,,,,,,,37.875573,,37.876,,,,,1,IMF_WEO,,
KGZ,Kyrgyzstan,2021,32.078,27.042172,,,,,,32.077919,25.334203,32.078,,,,,1,IMF_WEO,,
KGZ,Kyrgyzstan,2019,30.84,25.663615,,,,,,30.840456,25.289502,30.84,,,,,1,IMF_WEO,,
KGZ,Kyrgyzstan,2024,35.321,,,,,,,,,,35.320999,,,,1,IMF_WEO_forecast,1,2
KGZ,Kyrgyzstan,2000,30.215,17.995257,,,,,,30.215161,,30.215,,,,,1,IMF_WEO,,
KGZ,Kyrgyzstan,2023,27.02312,30.880224,,,,,,35.637307,27.023119,,35.637001,,,,1,IMF_GFS,1,2
KGZ,Kyrgyzstan,2012,40.584,34.541173,,,,,,40.583864,,40.584,,,,,1,IMF_WEO,,
KGZ,Kyrgyzstan,2018,33.06,27.713379,,,,,,33.059694,27.542315,33.06,,,,,1,IMF_WEO,,
KGZ,Kyrgyzstan,2022,35.019,30.481897,,,,,,35.019391,25.616767,35.019,,,,,1,IMF_WEO,,
KGZ,Kyrgyzstan,1999,35.887,,,,,,,35.887009,,35.887,,,,,1,IMF_WEO,,
KGZ,Kyrgyzstan,2002,29.35,20.719078,,,,,,29.349769,,29.35,,,,,1,IMF_WEO,,
KGZ,Kyrgyzstan,2011,37.367,32.009645,,,,,,37.36743,,37.367,,,,,1,IMF_WEO,,
KGZ,Kyrgyzstan,2027,35.514,,,,,,,,,,35.514,,,,1,IMF_WEO_forecast,,
KGZ,Kyrgyzstan,2028,35.63,,,,,,,,,,35.630001,,,,1,IMF_WEO_forecast,,
KGZ,Kyrgyzstan,1996,28.613,,,,,,,28.612584,,28.613,,,,,1,IMF_WEO,,
KGZ,Kyrgyzstan,2025,38.851,,,,,,,,,,38.851002,,,,1,IMF_WEO_forecast,,
KGZ,Kyrgyzstan,2015,38.084,31.260287,,,,,,38.083712,29.604051,38.084,,,,,1,IMF_WEO,,
KGZ,Kyrgyzstan,2014,38.508,30.273391,,,,,,38.508057,28.841977,38.508,,,,,1,IMF_WEO,,
KGZ,Kyrgyzstan,2008,27.884,23.954045,,,,,,27.884149,,27.884,,,,,1,IMF_WEO,,
KGZ,Kyrgyzstan,2016,38.923,31.817957,,,,,,38.923045,29.292748,38.923,,,,,1,IMF_WEO,,
KGZ,Kyrgyzstan,2029,35.947,,,,,,,,,,35.946999,,,,1,IMF_WEO_forecast,,
KHM,Cambodia,2014,16.458,20.5,,,,,,16.457791,,16.458,,,,,1,IMF_WEO,,
KHM,Cambodia,2002,16.065,,,,,,,16.065323,,16.065,,,,,1,IMF_WEO,,
KHM,Cambodia,2010,17.018,18.3,,,,,,17.018487,,17.018,,,,,1,IMF_WEO,,
KHM,Cambodia,2017,16.181,21.227323,,,,,,16.181142,,16.181,,,,,1,IMF_WEO,,
KHM,Cambodia,2016,15.231,20.20776,,,,,,15.23141,,15.231,,,,,1,IMF_WEO,,
KHM,Cambodia,2025,16.959,,,,,,,,,,16.959,,,,1,IMF_WEO_forecast,,
KHM,Cambodia,2013,16.427,20.6,,,,,,16.42669,,16.427,,,,,1,IMF_WEO,,
KHM,Cambodia,2023,13.52921,23.587753,,,,,,18.673388,13.529206,,18.673,,,,1,IMF_GFS,1,2
KHM,Cambodia,2006,11.284,13.1,,,,,,11.283505,,11.284,,,,,1,IMF_WEO,,
KHM,Cambodia,2019,17.587,22.608822,,,,,,17.586621,12.61747,17.587,,,,,1,IMF_WEO,,
KHM,Cambodia,1998,13.397,,,,,,,13.396811,,13.397,,,,,1,IMF_WEO,,
KHM,Cambodia,2020,20.306,25.581225,,,,,,20.306163,14.224757,20.306,,,,,1,IMF_WEO,,
KHM,Cambodia,2007,12.286,14.1,,,,,,12.286437,,12.286,,,,,1,IMF_WEO,,
KHM,Cambodia,2028,16.758,,,,,,,,,,16.757999,,,,1,IMF_WEO_forecast,,
KHM,Cambodia,2022,18.369,22.352443,,,,,,18.369091,12.733261,18.369,,,,,1,IMF_WEO,,
KHM,Cambodia,2000,14.881,,,,,,,14.88129,,14.881,,,,,1,IMF_WEO,,
KHM,Cambodia,2026,16.761,,,,,,,,,,16.761,,,,1,IMF_WEO_forecast,,
KHM,Cambodia,2012,17.092,20.7,,,,,,17.092247,,17.092,,,,,1,IMF_WEO,,
KHM,Cambodia,2003,14.537,,,,,,,14.536778,,14.537,,,,,1,IMF_WEO,,
KHM,Cambodia,2008,13.08,15.1,,,,,,13.079672,,13.08,,,,,1,IMF_WEO,,
KHM,Cambodia,1997,12.352,,,,,,,12.351565,,12.352,,,,,1,IMF_WEO,,
KHM,Cambodia,2011,16.48,17.9,,,,,,16.480075,,16.48,,,,,1,IMF_WEO,,
KHM,Cambodia,1999,13.77,,,,,,,13.770459,,13.77,,,,,1,IMF_WEO,,
KHM,Cambodia,2005,10.982,12.1,,,,,,10.982372,,10.982,,,,,1,IMF_WEO,,
KHM,Cambodia,2027,16.716,,,,,,,,,,16.716,,,,1,IMF_WEO_forecast,,
KHM,Cambodia,2001,14.543,,,,,,,14.5426,,14.543,,,,,1,IMF_WEO,,
KHM,Cambodia,2004,12.579,,,,,,,12.579219,,12.579,,,,,1,IMF_WEO,,
KHM,Cambodia,1996,15.655,,,,,,,15.654598,,15.655,,,,,1,IMF_WEO,,
KHM,Cambodia,2024,17.305,,,,,,,,,,17.305,,,,1,IMF_WEO_forecast,1,2
KHM,Cambodia,2018,16.074,21.682745,,,,,,16.073879,,16.074,,,,,1,IMF_WEO,,
KHM,Cambodia,2009,16.972,17.7,,,,,,16.971583,,16.972,,,,,1,IMF_WEO,,
KHM,Cambodia,2029,16.713,,,,,,,,,,16.712999,,,,1,IMF_WEO_forecast,,
KHM,Cambodia,2021,20.988,26.748506,,,,,,20.988346,,20.988,,,,,1,IMF_WEO,,
KHM,Cambodia,2015,14.467,19.37506,,,,,,14.46664,,14.467,,,,,1,IMF_WEO,,
KIR,Kiribati,1993,55.259,,,,,,,55.259403,,55.259,,,,,1,IMF_WEO,,
KIR,Kiribati,1998,74.741,,,,,,,74.741043,,74.741,,,,,1,IMF_WEO,,
KIR,Kiribati,2024,125.58,,,,,,,,,,125.58,,,,1,IMF_WEO_forecast,1,2
KIR,Kiribati,1999,77.616,,,,,,,77.615649,,77.616,,,,,1,IMF_WEO,,
KIR,Kiribati,2026,95.025,,,,,,,,,,95.025002,,,,1,IMF_WEO_forecast,,
KIR,Kiribati,2009,74.666,,,,,,,74.665893,,74.666,,,,,1,IMF_WEO,,
KIR,Kiribati,2017,92.059,86.566752,,,,,,92.059109,65.572277,92.059,,,,,1,IMF_WEO,,
KIR,Kiribati,2012,83.901,74.419465,,,,,,83.901032,63.870539,83.901,,,,,1,IMF_WEO,,
KIR,Kiribati,2004,103.759,,,,,,,103.75878,,103.759,,,,,1,IMF_WEO,,
KIR,Kiribati,2010,75.735,,,,,,,75.735499,,75.735,,,,,1,IMF_WEO,,
KIR,Kiribati,2013,77.983,71.91719,,,,,,77.983141,61.963789,77.983,,,,,1,IMF_WEO,,
KIR,Kiribati,2007,77.299,,,,,,,77.298702,,77.299,,,,,1,IMF_WEO,,
KIR,Kiribati,2003,84.416,,,,,,,84.415581,,84.416,,,,,1,IMF_WEO,,
KIR,Kiribati,2022,82.30254,99.754791,,,,,,87.2758,82.302545,,87.276001,,,,1,IMF_GFS,1,2
KIR,Kiribati,1995,69.623,,,,,,,69.622546,,69.623,,,,,1,IMF_WEO,,
KIR,Kiribati,2020,101.204,99.2,,,,,,101.20446,75.809943,101.204,,,,,1,IMF_WEO,,
KIR,Kiribati,2015,90.948,71.742386,,,,,,90.948376,60.575271,90.948,,,,,1,IMF_WEO,,
KIR,Kiribati,1990,105.55,,,,,,,105.54989,,105.55,,,,,1,IMF_WEO,,
KIR,Kiribati,1996,68.398,,,,,,,68.397832,,68.398,,,,,1,IMF_WEO,,
KIR,Kiribati,1991,82.059,,,,,,,82.059496,,82.059,,,,,1,IMF_WEO,,
KIR,Kiribati,1994,54.584,,,,,,,54.584414,,54.584,,,,,1,IMF_WEO,,
KIR,Kiribati,2021,82.86,109.95977,,,,,,82.859926,83.617251,82.86,,,,,1,IMF_WEO,,
KIR,Kiribati,2000,66.002,,,,,,,66.002234,,66.002,,,,,1,IMF_WEO,,
KIR,Kiribati,2011,80.855,71.254114,,,,,,80.855497,60.775375,80.855,,,,,1,IMF_WEO,,
KIR,Kiribati,2018,108.831,79.159857,,,,,,108.83051,62.364078,108.831,,,,,1,IMF_WEO,,
KIR,Kiribati,2023,88.1506,,,,,,,103.20849,88.150606,,103.208,,,,1,IMF_GFS,,
KIR,Kiribati,2028,103.39,,,,,,,,,,103.39,,,,1,IMF_WEO_forecast,,
KIR,Kiribati,2006,82.117,,,,,,,82.117382,,82.117,,,,,1,IMF_WEO,,
KIR,Kiribati,2014,101.231,67.400457,,,,,,101.23053,57.289746,101.231,,,,,1,IMF_WEO,,
KIR,Kiribati,2002,96.884,,,,,,,96.884232,,96.884,,,,,1,IMF_WEO,,
KIR,Kiribati,2029,103.297,,,,,,,,,,103.297,,,,1,IMF_WEO_forecast,,
KIR,Kiribati,2001,101.293,,,,,,,101.29321,,101.293,,,,,1,IMF_WEO,,
KIR,Kiribati,2025,107.116,,,,,,,,,,107.116,,,,1,IMF_WEO_forecast,,
KIR,Kiribati,2016,99.009,78.31739,,,,,,99.009144,62.35965,99.009,,,,,1,IMF_WEO,,
KIR,Kiribati,1992,65.926,,,,,,,65.92648,,65.926,,,,,1,IMF_WEO,,
KIR,Kiribati,1997,70.908,,,,,,,70.908058,,70.908,,,,,1,IMF_WEO,,
KIR,Kiribati,2019,108.258,102.29044,,,,,,108.25838,70.772822,108.258,,,,,1,IMF_WEO,,
KIR,Kiribati,2027,104.458,,,,,,,,,,104.458,,,,1,IMF_WEO_forecast,,
KIR,Kiribati,2008,79.375,,,,,,,79.374998,,79.375,,,,,1,IMF_WEO,,
KIR,Kiribati,2005,95.622,,,,,,,95.622297,,95.622,,,,,1,IMF_WEO,,
KNA,Saint Kitts and Nevis,2022,49.20833,,,,,,,49.208328,,,49.208,,,,1,IMF_FPP,1,2
KNA,Saint Kitts and Nevis,1983,28.976,,,,,,,,,28.976,,,,,1,IMF_WEO,,
KNA,Saint Kitts and Nevis,1994,22.248,,,,,,,22.248052,,22.248,,,,,1,IMF_WEO,,
KNA,Saint Kitts and Nevis,1991,18.215,,,,,,,18.215031,,18.215,,,,,1,IMF_WEO,,
KNA,Saint Kitts and Nevis,1995,23.689,,,,,,,23.689447,,23.689,,,,,1,IMF_WEO,,
KNA,Saint Kitts and Nevis,2021,41.211,,,,,,,41.211291,,41.211,,,,,1,IMF_WEO,,
KNA,Saint Kitts and Nevis,1985,28.181,,,,,,,,,28.181,,,,,1,IMF_WEO,,
KNA,Saint Kitts and Nevis,1989,24.043,,,,,,,,,24.043,,,,,1,IMF_WEO,,
KNA,Saint Kitts and Nevis,1986,25.323,,,,,,,,,25.323,,,,,1,IMF_WEO,,
KNA,Saint Kitts and Nevis,2000,34.63,,,,,,,34.63032,,34.63,,,,,1,IMF_WEO,,
KNA,Saint Kitts and Nevis,2020,36.531,,,,,,,36.531108,,36.531,,,,,1,IMF_WEO,,
KNA,Saint Kitts and Nevis,1981,33.297,,,,,,,,,33.297,,,,,1,IMF_WEO,,
KNA,Saint Kitts and Nevis,2003,30.858,,,,,,,30.858278,,30.858,,,,,1,IMF_WEO,,
KNA,Saint Kitts and Nevis,1990,19.308,,,,,,,19.307901,,19.308,,,,,1,IMF_WEO,,
KNA,Saint Kitts and Nevis,2024,41.594,,,,,,,,,,41.594002,,,,1,IMF_WEO_forecast,1,2
KNA,Saint Kitts and Nevis,2002,35.414,,,,,,,35.414198,,35.414,,,,,1,IMF_WEO,,
KNA,Saint Kitts and Nevis,2019,37.266,,,,,,,37.266091,,37.266,,,,,1,IMF_WEO,,
KNA,Saint Kitts and Nevis,2029,37.321,,,,,,,,,,37.320999,,,,1,IMF_WEO_forecast,,
KNA,Saint Kitts and Nevis,2010,31.157,,,,,,,31.156884,,31.157,,,,,1,IMF_WEO,,
KNA,Saint Kitts and Nevis,2015,29.052,,,,,,,29.051858,,29.052,,,,,1,IMF_WEO,,
KNA,Saint Kitts and Nevis,2025,40.437,,,,,,,,,,40.437,,,,1,IMF_WEO_forecast,,
KNA,Saint Kitts and Nevis,2014,27.968,,,,,,,27.96793,,27.968,,,,,1,IMF_WEO,,
KNA,Saint Kitts and Nevis,2013,28.634,,,,,,,28.633932,,28.634,,,,,1,IMF_WEO,,
KNA,Saint Kitts and Nevis,2018,33.757,,,,,,,33.757103,,33.757,,,,,1,IMF_WEO,,
KNA,Saint Kitts and Nevis,2026,39.58,,,,,,,,,,39.580002,,,,1,IMF_WEO_forecast,,
KNA,Saint Kitts and Nevis,1984,25.19,,,,,,,,,25.19,,,,,1,IMF_WEO,,
KNA,Saint Kitts and Nevis,2016,26.045,,,,,,,26.044587,,26.045,,,,,1,IMF_WEO,,
KNA,Saint Kitts and Nevis,1987,38.752,,,,,,,,,38.752,,,,,1,IMF_WEO,,
KNA,Saint Kitts and Nevis,1993,21.325,,,,,,,21.32541,,21.325,,,,,1,IMF_WEO,,
KNA,Saint Kitts and Nevis,1997,26.287,,,,,,,26.287485,,26.287,,,,,1,IMF_WEO,,
KNA,Saint Kitts and Nevis,1988,28.634,,,,,,,,,28.634,,,,,1,IMF_WEO,,
KNA,Saint Kitts and Nevis,1999,33.59,,,,,,,33.589801,,33.59,,,,,1,IMF_WEO,,
KNA,Saint Kitts and Nevis,2006,32.528,,,,,,,32.528249,,32.528,,,,,1,IMF_WEO,,
KNA,Saint Kitts and Nevis,1998,29.136,,,,,,,29.136431,,29.136,,,,,1,IMF_WEO,,
KNA,Saint Kitts and Nevis,1980,47.382,,,,,,,,,47.382,,,,,1,IMF_WEO,,
KNA,Saint Kitts and Nevis,2007,32.157,,,,,,,32.157228,,32.157,,,,,1,IMF_WEO,,
KNA,Saint Kitts and Nevis,2008,29.528,,,,,,,29.528471,,29.528,,,,,1,IMF_WEO,,
KNA,Saint Kitts and Nevis,2001,30.855,,,,,,,30.85524,,30.855,,,,,1,IMF_WEO,,
KNA,Saint Kitts and Nevis,2017,25.498,,,,,,,25.497976,,25.498,,,,,1,IMF_WEO,,
KNA,Saint Kitts and Nevis,2009,30.371,,,,,,,30.370956,,30.371,,,,,1,IMF_WEO,,
KNA,Saint Kitts and Nevis,2028,37.883,,,,,,,,,,37.882999,,,,1,IMF_WEO_forecast,,
KNA,Saint Kitts and Nevis,1982,29.022,,,,,,,,,29.022,,,,,1,IMF_WEO,,
KNA,Saint Kitts and Nevis,2005,34.666,,,,,,,34.6662,,34.666,,,,,1,IMF_WEO,,
KNA,Saint Kitts and Nevis,2012,27.184,,,,,,,27.184122,,27.184,,,,,1,IMF_WEO,,
KNA,Saint Kitts and Nevis,2004,33.677,,,,,,,33.676968,,33.677,,,,,1,IMF_WEO,,
KNA,Saint Kitts and Nevis,2027,38.73,,,,,,,,,,38.73,,,,1,IMF_WEO_forecast,,
KNA,Saint Kitts and Nevis,2023,42.11199,,,,,,,42.11199,,,42.112,,,,1,IMF_FPP,,
KNA,Saint Kitts and Nevis,1992,19.78,,,,,,,19.780199,,19.78,,,,,1,IMF_WEO,,
KNA,Saint Kitts and Nevis,2011,30.27,,,,,,,30.270416,,30.27,,,,,1,IMF_WEO,,
KNA,Saint Kitts and Nevis,1996,26.836,,,,,,,26.836283,,26.836,,,,,1,IMF_WEO,,
KOR,South Korea,2009,31.03529,,,,,,,19.538938,20.461934,19.539,,31.03529,34.88443,,1,OECD_EO,,
KOR,South Korea,1990,19.75589,,,,,,,15.1529,,,,19.755894,21.40287,,1,OECD_EO,,
KOR,South Korea,1981,23.85387,,,,,,,16.3064,,,,23.853866,25.62363,,1,OECD_EO,,
KOR,South Korea,1961,16.97376,,,,,,,21.2048,,,,,18.18664,,.9333094,CS2,,
KOR,South Korea,1938,9.605067,,,,,,,,,,,,10.29141,,.9333094,CS2,,
KOR,South Korea,1942,,,,,,,,,,,,,,,.9333094,CS2,,
KOR,South Korea,1948,,,,,,,,,,,,,,,.9333094,CS2,,
KOR,South Korea,1979,19.87317,,,,,,,16.302999,,,,19.873175,21.24871,,1,OECD_EO,,
KOR,South Korea,1998,24.38765,,,,,,,16.03911,,16.039,,24.387646,26.3658,,1,OECD_EO,,
KOR,South Korea,2019,31.9843,33.211089,,,,,,21.267971,28.942335,21.268,,31.984305,,,1,OECD_EO,,
KOR,South Korea,1956,9.339871,,,,,,,22.133801,,,,,10.00726,,.9333094,CS2,,
KOR,South Korea,1925,6.657639,,,,,,,,,,,,7.133367,,.9333094,CS2,,
KOR,South Korea,1962,17.51247,,,,,,,22.264,,,,,18.76384,,.9333094,CS2,,
KOR,South Korea,1960,16.052,,,,,,,17.875299,,,,,17.19901,,.9333094,CS2,,
KOR,South Korea,1946,,,,,,,,,,,,,,,.9333094,CS2,,
KOR,South Korea,2008,28.67971,,,,,,,19.101807,18.654551,19.102,,28.679713,32.00511,,1,OECD_EO,,
KOR,South Korea,1926,7.456307,,,,,,,,,,,,7.989105,,.9333094,CS2,,
KOR,South Korea,1958,14.90022,,,,,,,19.6124,,,,,15.96493,,.9333094,CS2,,
KOR,South Korea,1999,23.73435,,,,,,,16.152453,,16.152,,23.734349,25.67571,,1,OECD_EO,,
KOR,South Korea,1927,7.864878,,,,,,,,,,,,8.42687,,.9333094,CS2,,
KOR,South Korea,1933,11.90905,,,,,,,,,,,,12.76002,,.9333094,CS2,,
KOR,South Korea,1975,21.49538,,,,,,,18.841101,,,,21.495378,22.97075,,1,OECD_EO,,
KOR,South Korea,1985,19.75003,,,,,,,15.5194,,,,19.75003,21.5299,,1,OECD_EO,,
KOR,South Korea,1954,11.05383,,,,,,,20.7988,,,,,11.84369,,.9333094,CS2,,
KOR,South Korea,1915,5.981495,,,,,,,,,,,,6.408909,,.9333094,CS2,,
KOR,South Korea,2010,28.40883,,,,,,,17.86059,18.663506,17.861,,28.40883,31.00147,,1,OECD_EO,,
KOR,South Korea,1997,21.48344,,,,,,,13.847606,,13.848,,21.483436,23.26263,,1,OECD_EO,,
KOR,South Korea,1974,17.9351,,,,,,,16.054399,,,,17.935097,19.19948,,1,OECD_EO,,
KOR,South Korea,1922,7.603102,,,,,,,,,,,,8.146389,,.9333094,CS2,,
KOR,South Korea,2020,35.94628,37.005014,,,,,,23.659942,32.568869,23.66,,35.946283,,,1,OECD_EO,,
KOR,South Korea,1964,11.15923,,,,,,,12.1183,,,,,11.95662,,.9333094,CS2,,
KOR,South Korea,1920,5.664176,,,,,,,,,,,,6.068916,,.9333094,CS2,,
KOR,South Korea,1912,5.104477,,,,,,,,,,,,5.469223,,.9333094,CS2,,
KOR,South Korea,1967,14.60806,,,,,,,16.7118,,,,,15.65189,,.9333094,CS2,,
KOR,South Korea,2017,28.82412,30.65629,,,,,,18.637456,26.723775,18.637,,28.824121,,,1,OECD_EO,,
KOR,South Korea,2011,29.15512,,,,,,,18.284894,19.108653,18.285,,29.155123,32.34649,,1,OECD_EO,,
KOR,South Korea,1941,,,,,,,,,,,,,,,.9333094,CS2,,
KOR,South Korea,2002,24.0813,,,,,,,15.885761,,15.886,,24.081294,26.07124,,1,OECD_EO,,
KOR,South Korea,1950,,,,,,,,,,,,,,,.9333094,CS2,,
KOR,South Korea,1996,20.79259,,,,,,,14.01926,,14.019,,20.792586,22.49535,,1,OECD_EO,,
KOR,South Korea,1993,21.05615,,,,,,,15.0622,,,,21.056152,22.82374,,1,OECD_EO,,
KOR,South Korea,1986,18.74023,,,,,,,14.8622,,,,18.740229,20.45518,,1,OECD_EO,,
KOR,South Korea,1983,21.0695,,,,,,,16.045601,,,,21.069504,22.89066,,1,OECD_EO,,
KOR,South Korea,1976,20.0726,,,,,,,16.976,,,,20.072603,21.50529,,1,OECD_EO,,
KOR,South Korea,1971,19.38212,,,,,,,18.4743,,,,19.382124,20.79632,,1,OECD_EO,,
KOR,South Korea,1963,13.42531,,,,,,,15.4409,,,,,14.38463,,.9333094,CS2,,
KOR,South Korea,1936,9.012935,,,,,,,,,,,,9.656963,,.9333094,CS2,,
KOR,South Korea,1924,6.967564,,,,,,,,,,,,7.465438,,.9333094,CS2,,
KOR,South Korea,1959,16.46768,,,,,,,18.422899,,,,,17.64439,,.9333094,CS2,,
KOR,South Korea,1955,9.495714,,,,,,,21.4664,,,,,10.17424,,.9333094,CS2,,
KOR,South Korea,2012,29.49583,32.168808,,,,,,18.822614,27.8342,18.823,,29.495829,32.72785,,1,OECD_EO,,
KOR,South Korea,1939,11.24842,,,,,,,,,,,,12.05219,,.9333094,CS2,,
KOR,South Korea,1935,8.761524,,,,,,,,,,,,9.387587,,.9333094,CS2,,
KOR,South Korea,1934,10.73154,,,,,,,,,,,,11.49837,,.9333094,CS2,,
KOR,South Korea,1931,11.56129,,,,,,,,,,,,12.38741,,.9333094,CS2,,
KOR,South Korea,1930,10.44803,,,,,,,,,,,,11.19461,,.9333094,CS2,,
KOR,South Korea,2000,22.83612,,,,,,,16.020931,,16.021,,22.836122,24.71228,,1,OECD_EO,,
KOR,South Korea,1987,17.80847,,,,,,,14.3295,,,,17.808465,19.42034,,1,OECD_EO,,
KOR,South Korea,1965,12.37526,,,,,,,13.0505,,,,,13.25955,,.9333094,CS2,,
KOR,South Korea,1914,5.501161,,,,,,,,,,,,5.894252,,.9333094,CS2,,
KOR,South Korea,2016,28.81529,30.168725,,,,,,18.506879,26.343787,18.507,,28.815292,,,1,OECD_EO,,
KOR,South Korea,2023,35.1842,,,,,,,23.155483,33.028459,,23.155001,35.184205,,,1,OECD_EO,,
KOR,South Korea,2024,36.21371,,,,,,,,,,22.642,36.213712,,,1,OECD_EO,,
KOR,South Korea,1970,18.62745,,,,,,,17.5028,,,,18.627451,19.95849,,1,OECD_EO,,
KOR,South Korea,2013,28.80351,30.867763,,,,,,19.016281,26.804684,19.016,,28.803507,31.75997,,1,OECD_EO,,
KOR,South Korea,1916,5.290978,,,,,,,,,,,,5.66905,,.9333094,CS2,,
KOR,South Korea,2022,37.05054,38.9,,,,,,26.680219,34.150138,26.68,,37.050536,,,1,OECD_EO,,
KOR,South Korea,1980,21.32753,,,,,,,16.773399,,,,21.32753,23.00786,,1,OECD_EO,,
KOR,South Korea,1994,19.82823,,,,,,,15.4012,,,,19.828229,21.58768,,1,OECD_EO,,
KOR,South Korea,2003,30.1021,,,,,,,17.868749,,17.869,,30.102098,32.57017,,1,OECD_EO,,
KOR,South Korea,1978,19.26069,,,,,,,15.696,,,,19.260687,20.52783,,1,OECD_EO,,
KOR,South Korea,1989,19.09111,,,,,,,15.0044,,,,19.091111,20.79765,,1,OECD_EO,,
KOR,South Korea,1929,9.198087,,,,,,,,,,,,9.855346,,.9333094,CS2,,
KOR,South Korea,1932,11.20914,,,,,,,,,,,,12.0101,,.9333094,CS2,,
KOR,South Korea,1982,21.96077,,,,,,,17.820299,,,,21.960773,23.84828,,1,OECD_EO,,
KOR,South Korea,1957,13.5749,,,,,,,18.1922,,,,,14.5449,,.9333094,CS2,,
KOR,South Korea,1947,,,,,,,,,,,,,,,.9333094,CS2,,
KOR,South Korea,1966,14.28068,,,,,,,15.9526,,,,,15.30112,,.9333094,CS2,,
KOR,South Korea,1937,9.016836,,,,,,,,,,,,9.661144,,.9333094,CS2,,
KOR,South Korea,2006,27.55018,,,,,,,18.715472,,18.715,,27.550181,30.11133,,1,OECD_EO,,
KOR,South Korea,1969,17.5437,,,,,,,19.8395,,,,,18.7973,,.9333094,CS2,1,2
KOR,South Korea,2015,29.01455,31.064435,,,,,,18.799777,27.009173,18.8,,29.014545,32.26269,,1,OECD_EO,,
KOR,South Korea,1992,21.34613,,,,,,,15.4549,,,,21.346127,23.14026,,1,OECD_EO,,
KOR,South Korea,2029,37.19647,,,,,,,,,,22.700001,,,,1.638611,IMF_WEO_forecast,,
KOR,South Korea,2014,29.06559,30.975572,,,,,,18.846498,27.027538,18.846,,29.065587,31.98013,,1,OECD_EO,,
KOR,South Korea,1913,4.477854,,,,,,,,,,,,4.797823,,.9333094,CS2,,
KOR,South Korea,1943,,,,,,,,,,,,,,,.9333094,CS2,,
KOR,South Korea,1953,8.308682,,,,,,,14.496,,,,,8.902388,,.9333094,CS2,,
KOR,South Korea,2026,37.12273,,,,,,,,,,22.655001,37.122732,,,1,OECD_EO,,
KOR,South Korea,1972,18.4796,,,,,,,18.452499,,,,18.479601,19.89765,,1,OECD_EO,,
KOR,South Korea,1921,7.188676,,,,,,,,,,,,7.702351,,.9333094,CS2,,
KOR,South Korea,2018,29.50853,30.288647,,,,,,19.278121,26.796442,19.278,,29.508528,,,1,OECD_EO,,
KOR,South Korea,1911,5.635765,,,,,,,,,,,,6.038474,,.9333094,CS2,,
KOR,South Korea,1949,,,,,,,,,,,,,,,.9333094,CS2,,
KOR,South Korea,1977,20.6833,,,,,,,17.697399,,,,20.683297,22.05364,,1,OECD_EO,,
KOR,South Korea,1944,,,,,,,,,,,,,,,.9333094,CS2,,
KOR,South Korea,1918,3.140214,,,,,,,,,,,,3.364601,,.9333094,CS2,,
KOR,South Korea,1995,20.27304,,,,,,,13.493564,,13.494,,20.273041,21.97,,1,OECD_EO,,
KOR,South Korea,1923,7.726865,,,,,,,,,,,,8.278996,,.9333094,CS2,,
KOR,South Korea,2004,27.20451,,,,,,,18.500294,,18.5,,27.204507,29.62793,,1,OECD_EO,,
KOR,South Korea,1984,19.55957,,,,,,,15.5508,,,,19.559574,21.1638,,1,OECD_EO,,
KOR,South Korea,2001,24.40907,,,,,,,16.941281,,16.941,,24.409071,26.40915,,1,OECD_EO,,
KOR,South Korea,1919,3.84166,,,,,,,,,,,,4.11617,,.9333094,CS2,,
KOR,South Korea,1968,16.4289,,,,,,,18.5452,,,,,17.60285,,.9333094,CS2,,
KOR,South Korea,1951,,,,,,,,,,,,,,,.9333094,CS2,,
KOR,South Korea,1952,,,,,,,,,,,,,,,.9333094,CS2,,
KOR,South Korea,1917,4.05832,,,,,,,,,,,,4.348311,,.9333094,CS2,,
KOR,South Korea,1945,,,,,,,,,,,,,,,.9333094,CS2,,
KOR,South Korea,2028,37.1342,,,,,,,,,,22.662001,,,,1.638611,IMF_WEO_forecast,,
KOR,South Korea,2025,37.50478,,,,,,,,,,22.704,37.504782,,,1,OECD_EO,,
KOR,South Korea,2005,26.93498,,,,,,,18.153904,,18.154,,26.934978,29.48389,,1,OECD_EO,,
KOR,South Korea,2021,35.42908,37.1,,,,,,24.096938,32.675677,24.097,,35.429085,,,1,OECD_EO,,
KOR,South Korea,1973,17.31596,,,,,,,14.22,,,,17.315964,18.59799,,1,OECD_EO,,
KOR,South Korea,1928,8.448901,,,,,,,,,,,,9.052626,,.9333094,CS2,,
KOR,South Korea,2007,27.02728,,,,,,,18.809022,14.503892,18.809,,27.027275,29.67469,,1,OECD_EO,,
KOR,South Korea,1991,20.55505,,,,,,,15.3827,,,,20.555049,22.27513,,1,OECD_EO,,
KOR,South Korea,1940,11.78225,,,,,,,,,,,,12.62416,,.9333094,CS2,,
KOR,South Korea,1988,17.9372,,,,,,,13.8765,,,,17.937202,19.61465,,1,OECD_EO,,
KOR,South Korea,2027,37.15223,,,,,,,,,,22.673,,,,1.638611,IMF_WEO_forecast,1,2
KWT,Kuwait,2023,48.71301,,,,,,,48.713005,,,48.713001,,,,1,IMF_FPP,1,2
KWT,Kuwait,2004,34.922,,,,,,,34.921532,35.274909,34.922,,,,,1,IMF_WEO,,
KWT,Kuwait,2027,48.39,,,,,,,,,,48.389999,,,,1,IMF_WEO_forecast,,
KWT,Kuwait,2017,51.522,,,,,,,51.522168,,51.522,,,,,1,IMF_WEO,,
KWT,Kuwait,2000,29.33,,,,,,,29.330052,,29.33,,,,,1,IMF_WEO,,
KWT,Kuwait,1993,57.579,,,,,,,57.578706,,57.579,,,,,1,IMF_WEO,,
KWT,Kuwait,1998,50.902,,,,,,,50.902422,,50.902,,,,,1,IMF_WEO,,
KWT,Kuwait,1989,42.995,,,,,,,,,42.995,,,,,1,IMF_WEO,,
KWT,Kuwait,2006,32.051,,,,,,,32.051104,34.55437,32.051,,,,,1,IMF_WEO,,
KWT,Kuwait,1991,206.523,,,,,,,206.52253,,206.523,,,,,1,IMF_WEO,,
KWT,Kuwait,2001,40.718,,,,,,,40.717991,43.520536,40.718,,,,,1,IMF_WEO,,
KWT,Kuwait,1988,49.743,,,,,,,,,49.743,,,,,1,IMF_WEO,,
KWT,Kuwait,2003,37.666,,,,,,,37.666466,37.811678,37.666,,,,,1,IMF_WEO,,
KWT,Kuwait,2011,39.544,,,,,,,39.544123,,39.544,,,,,1,IMF_WEO,,
KWT,Kuwait,2015,55.226,,,,,,,55.226219,,55.226,,,,,1,IMF_WEO,,
KWT,Kuwait,1987,43.904,,,,,,,,,43.904,,,,,1,IMF_WEO,,
KWT,Kuwait,2020,62.503,,,,,,,62.503161,,62.503,,,,,1,IMF_WEO,,
KWT,Kuwait,2022,39.37,,,,,,,39.370239,,39.37,,,,,1,IMF_WEO,,
KWT,Kuwait,1986,56.21,,,,,,,,,56.21,,,,,1,IMF_WEO,,
KWT,Kuwait,1996,41.929,,,,,,,41.92924,,41.929,,,,,1,IMF_WEO,,
KWT,Kuwait,2029,48.44,,,,,,,,,,48.439999,,,,1,IMF_WEO_forecast,,
KWT,Kuwait,2012,38.039,,,,,,,38.039128,,38.039,,,,,1,IMF_WEO,,
KWT,Kuwait,2019,49.847,,,,,,,49.847249,,49.847,,,,,1,IMF_WEO,,
KWT,Kuwait,2007,30.233,,,,,,,30.233022,,30.233,,,,,1,IMF_WEO,,
KWT,Kuwait,2014,44.912,,,,,,,44.91185,,44.912,,,,,1,IMF_WEO,,
KWT,Kuwait,2028,48.43,,,,,,,,,,48.43,,,,1,IMF_WEO_forecast,,
KWT,Kuwait,2010,45.281,,,,,,,45.28063,,45.281,,,,,1,IMF_WEO,,
KWT,Kuwait,2026,48.559,,,,,,,,,,48.558998,,,,1,IMF_WEO_forecast,,
KWT,Kuwait,2016,53.976,,,,,,,53.976382,,53.976,,,,,1,IMF_WEO,,
KWT,Kuwait,2024,49.721,,,,,,,,,,49.721001,,,,1,IMF_WEO_forecast,1,2
KWT,Kuwait,2008,40.69,,,,,,,40.689819,,40.69,,,,,1,IMF_WEO,,
KWT,Kuwait,1994,56.977,,,,,,,56.976808,,56.977,,,,,1,IMF_WEO,,
KWT,Kuwait,2025,49.105,,,,,,,,,,49.105,,,,1,IMF_WEO_forecast,,
KWT,Kuwait,1992,76.771,,,,,,,76.77114,,76.771,,,,,1,IMF_WEO,,
KWT,Kuwait,1999,43.813,,,,,,,43.81332,,43.813,,,,,1,IMF_WEO,,
KWT,Kuwait,1985,49.838,,,,,,,,,49.838,,,,,1,IMF_WEO,,
KWT,Kuwait,1997,42.985,,,,,,,42.985,,42.985,,,,,1,IMF_WEO,,
KWT,Kuwait,2005,28.505,,,,,,,28.505247,28.509915,28.505,,,,,1,IMF_WEO,,
KWT,Kuwait,2018,50.635,,,,,,,50.635016,,50.635,,,,,1,IMF_WEO,,
KWT,Kuwait,2009,42.64,,,,,,,42.640067,,42.64,,,,,1,IMF_WEO,,
KWT,Kuwait,1995,51.043,,,,,,,51.043271,,51.043,,,,,1,IMF_WEO,,
KWT,Kuwait,2002,42.124,,,,,,,42.123814,41.418229,42.124,,,,,1,IMF_WEO,,
KWT,Kuwait,2021,48.069,,,,,,,48.069356,,48.069,,,,,1,IMF_WEO,,
KWT,Kuwait,1990,121.52,,,,,,,121.51953,,121.52,,,,,1,IMF_WEO,,
KWT,Kuwait,2013,38.342,,,,,,,38.342137,,38.342,,,,,1,IMF_WEO,,
LAO,Laos,2019,18.621,18.48449,,,,,,,,18.621,,,,,1,IMF_WEO,,
LAO,Laos,2013,24.24,25.74007,,,,,,,,24.24,,,,,1,IMF_WEO,,
LAO,Laos,2005,15.331,,,,,,,,,15.331,,,,,1,IMF_WEO,,
LAO,Laos,2026,16.845,,,,,,,,,,16.844999,,,,1,IMF_WEO_forecast,,
LAO,Laos,2011,20.189,22.33938,,,,,,,,20.189,,,,,1,IMF_WEO,,
LAO,Laos,2012,24.72,21.47992,,,,,,,,24.72,,,,,1,IMF_WEO,,
LAO,Laos,2029,17.305,,,,,,,,,,17.305,,,,1,IMF_WEO_forecast,,
LAO,Laos,2009,20.103,18.01166,,,,,,,,20.103,,,,,1,IMF_WEO,,
LAO,Laos,2006,14.718,,,,,,,,,14.718,,,,,1,IMF_WEO,,
LAO,Laos,2023,15.707,,,,,,,,,,15.707,,,,1,IMF_WEO_forecast,1,1
LAO,Laos,2001,18.846,,,,,,,,,18.846,,,,,1,IMF_WEO,,
LAO,Laos,2004,13.569,,,,,,,,,13.569,,,,,1,IMF_WEO,,
LAO,Laos,2022,14.727,14.70483,,,,,,,,14.727,,,,,1,IMF_WEO,,
LAO,Laos,2002,16.62,,,,,,,,,16.62,,,,,1,IMF_WEO,,
LAO,Laos,2014,24.987,24.20151,,,,,,,,24.987,,,,,1,IMF_WEO,,
LAO,Laos,2021,15.705,15.23489,,,,,,,,15.705,,,,,1,IMF_WEO,,
LAO,Laos,2010,22.402,22.67355,,,,,,,,22.402,,,,,1,IMF_WEO,,
LAO,Laos,2015,25.782,24.08803,,,,,,,,25.782,,,,,1,IMF_WEO,,
LAO,Laos,2028,17.22,,,,,,,,,,17.219999,,,,1,IMF_WEO_forecast,,
LAO,Laos,2027,17.092,,,,,,,,,,17.091999,,,,1,IMF_WEO_forecast,,
LAO,Laos,2008,16.054,18.91486,,,,,,,,16.054,,,,,1,IMF_WEO,,
LAO,Laos,2025,16.637,,,,,,,,,,16.636999,,,,1,IMF_WEO_forecast,,
LAO,Laos,2016,21.085,21.05939,,,,,,,,21.085,,,,,1,IMF_WEO,,
LAO,Laos,2017,21.802,21.58142,,,,,,,,21.802,,,,,1,IMF_WEO,,
LAO,Laos,2000,19.891,,,,,,,,,19.891,,,,,1,IMF_WEO,,
LAO,Laos,2007,15.108,,,,,,,,,15.108,,,,,1,IMF_WEO,,
LAO,Laos,2020,18.357,17.76423,,,,,,,,18.357,,,,,1,IMF_WEO,,
LAO,Laos,2024,17.03,,,,,,,,,,17.030001,,,,1,IMF_WEO_forecast,,
LAO,Laos,2003,16.039,,,,,,,,,16.039,,,,,1,IMF_WEO,,
LAO,Laos,2018,20.709,20.51222,,,,,,,,20.709,,,,,1,IMF_WEO,,
LBN,Lebanon,2000,42.845,,,,,,,42.844727,,42.845,,,,,1,IMF_WEO,,
LBN,Lebanon,1999,35.564,,,,,,,35.564008,,35.564,,,,,1,IMF_WEO,,
LBN,Lebanon,1995,31.1,,,,,,,31.10044,,31.1,,,,,1,IMF_WEO,,
LBN,Lebanon,1996,43.582,,,,,,,43.581641,,43.582,,,,,1,IMF_WEO,,
LBN,Lebanon,2006,36.133,,,,,,,36.133045,,36.133,,,,,1,IMF_WEO,,
LBN,Lebanon,2021,10.91987,,,,,,,10.919866,,,10.92,,,,1,IMF_FPP,1,2
LBN,Lebanon,2015,26.95567,,,26.95567,,,,26.659089,,26.659,,,,,1,AMF,,
LBN,Lebanon,2002,36.781,,,,,,,36.78112,,36.781,,,,,1,IMF_WEO,,
LBN,Lebanon,2003,36.424,,,,,,,36.423987,,36.424,,,,,1,IMF_WEO,,
LBN,Lebanon,2010,29.151,,,,,,,29.151254,,29.151,,,,,1,IMF_WEO,,
LBN,Lebanon,2019,34.15449,,,34.15449,,,,31.287071,,31.287,,,,,1,AMF,,
LBN,Lebanon,1994,47.31,,,,,,,47.310467,,47.31,,,,,1,IMF_WEO,,
LBN,Lebanon,2011,28.821,,,,,,,28.820638,,28.821,,,,,1,IMF_WEO,,
LBN,Lebanon,2001,38.926,,,,,,,38.925965,,38.926,,,,,1,IMF_WEO,,
LBN,Lebanon,2017,26.40113,,,26.40113,,,,30.570056,,30.57,,,,,1,AMF,,
LBN,Lebanon,2012,30.229,,,,,,,30.229156,,30.229,,,,,1,IMF_WEO,1,2
LBN,Lebanon,2013,29.07718,,,29.07718,,,,28.914596,,28.915,,,,,1,AMF,,
LBN,Lebanon,2007,35.194,,,,,,,35.193715,,35.194,,,,,1,IMF_WEO,,
LBN,Lebanon,2016,28.89334,,,28.89334,,,,28.282042,,28.282,,,,,1,AMF,,
LBN,Lebanon,1998,34.683,,,,,,,34.682984,,34.683,,,,,1,IMF_WEO,,
LBN,Lebanon,1997,40.545,,,,,,,40.544913,,40.545,,,,,1,IMF_WEO,,
LBN,Lebanon,2014,28.80669,,,28.80669,,,,28.833737,,28.834,,,,,1,AMF,,
LBN,Lebanon,2018,30.0512,,,30.0512,,,,32.326338,,32.326,,,,,1,AMF,,
LBN,Lebanon,2004,33.299,,,,,,,33.298561,,33.299,,,,,1,IMF_WEO,,
LBN,Lebanon,1991,35.587,,,,,,,35.586532,,35.587,,,,,1,IMF_WEO,,
LBN,Lebanon,2020,25.09991,,,25.09991,,,,23.214285,,23.214,,,,,1,AMF,,
LBN,Lebanon,2022,12.24157,,,,,,,12.241574,,,12.242,,,,1,IMF_FPP,,
LBN,Lebanon,1993,23.035,,,,,,,23.035325,,23.035,,,,,1,IMF_WEO,,
LBN,Lebanon,2023,13.27629,,,,,,,13.276287,,,13.276,,,,1,IMF_FPP,,
LBN,Lebanon,1992,36.118,,,,,,,36.117557,,36.118,,,,,1,IMF_WEO,,
LBN,Lebanon,2005,31.423,,,,,,,31.422801,,31.423,,,,,1,IMF_WEO,,
LBN,Lebanon,2008,34.325,,,,,,,34.324752,,34.325,,,,,1,IMF_WEO,,
LBN,Lebanon,2009,32.086,,,,,,,32.086272,,32.086,,,,,1,IMF_WEO,,
LBN,Lebanon,1990,39.979,,,,,,,39.979313,,39.979,,,,,1,IMF_WEO,,
LBR,Liberia,2012,30.752,,,,,,,,,30.752,,,,,1,IMF_WEO,,
LBR,Liberia,2006,10.646,,,,,,,,,10.646,,,,,1,IMF_WEO,,
LBR,Liberia,2027,23.657,,,,,,,,,,23.657,,,,1,IMF_WEO_forecast,,
LBR,Liberia,2010,25.063,,,,,,,,,25.063,,,,,1,IMF_WEO,,
LBR,Liberia,2016,35.752,,,,,,,,,35.752,,,,,1,IMF_WEO,,
LBR,Liberia,2025,24.106,,,,,,,,,,24.106001,,,,1,IMF_WEO_forecast,,
LBR,Liberia,2026,23.841,,,,,,,,,,23.841,,,,1,IMF_WEO_forecast,,
LBR,Liberia,2023,27.151,,,,,,,,,,27.150999,,,,1,IMF_WEO_forecast,1,1
LBR,Liberia,2008,21.781,,,,,,,,,21.781,,,,,1,IMF_WEO,,
LBR,Liberia,2003,8.98,,,,,,,,,8.98,,,,,1,IMF_WEO,,
LBR,Liberia,2005,11.687,,,,,,,,,11.687,,,,,1,IMF_WEO,,
LBR,Liberia,2028,23.853,,,,,,,,,,23.853001,,,,1,IMF_WEO_forecast,,
LBR,Liberia,2001,12.06,,,,,,,,,12.06,,,,,1,IMF_WEO,,
LBR,Liberia,2018,32.66,,,,,,,,,32.66,,,,,1,IMF_WEO,,
LBR,Liberia,2013,27.416,,,,,,,,,27.416,,,,,1,IMF_WEO,,
LBR,Liberia,2015,37.123,,,,,,,,,37.123,,,,,1,IMF_WEO,,
LBR,Liberia,2000,14.543,,,,,,,,,14.543,,,,,1,IMF_WEO,,
LBR,Liberia,2019,32.313,,,,,,,,,32.313,,,,,1,IMF_WEO,,
LBR,Liberia,2022,26.931,,,,,,,,,26.931,,,,,1,IMF_WEO,,
LBR,Liberia,2007,16.051,,,,,,,,,16.051,,,,,1,IMF_WEO,,
LBR,Liberia,2014,33.442,,,,,,,,,33.442,,,,,1,IMF_WEO,,
LBR,Liberia,2024,22.228,,,,,,,,,,22.228001,,,,1,IMF_WEO_forecast,,
LBR,Liberia,2020,35.286,,,,,,,,,35.286,,,,,1,IMF_WEO,,
LBR,Liberia,2017,35.08,,,,,,,,,35.08,,,,,1,IMF_WEO,,
LBR,Liberia,2009,23.952,,,,,,,,,23.952,,,,,1,IMF_WEO,,
LBR,Liberia,2004,12.125,,,,,,,,,12.125,,,,,1,IMF_WEO,,
LBR,Liberia,2002,12.734,,,,,,,,,12.734,,,,,1,IMF_WEO,,
LBR,Liberia,2021,29.788,,,,,,,,,29.788,,,,,1,IMF_WEO,,
LBR,Liberia,2011,29.848,,,,,,,,,29.848,,,,,1,IMF_WEO,,
LBR,Liberia,2029,23.129,,,,,,,,,,23.129,,,,1,IMF_WEO_forecast,,
LBY,Libya,1998,32.858,,,,,,,,,32.858,,,,,1,IMF_WEO,,
LBY,Libya,1995,27.66,,,,,,,,,27.66,,,,,1,IMF_WEO,,
LBY,Libya,2013,84.09249,,,84.09249,,,,,,73.459,,,,,1,AMF,,
LBY,Libya,2001,36.979,,,,,,,,,36.979,,,,,1,IMF_WEO,,
LBY,Libya,2014,101.8229,,,101.8229,,,,,,60.019,,,,,1,AMF,,
LBY,Libya,2024,68.566,,,,,,,,,,68.566002,,,,1,IMF_WEO_forecast,,
LBY,Libya,2028,52.913,,,,,,,,,,52.912998,,,,1,IMF_WEO_forecast,,
LBY,Libya,1996,30.759,,,,,,,,,30.759,,,,,1,IMF_WEO,,
LBY,Libya,2023,65.358,,,,,,,,,,65.358002,,,,1,IMF_WEO_forecast,1,3
LBY,Libya,2029,49.083,,,,,,,,,,49.083,,,,1,IMF_WEO_forecast,,
LBY,Libya,2025,65.575,,,,,,,,,,65.574997,,,,1,IMF_WEO_forecast,,
LBY,Libya,2011,39.626,,,,,,,,,39.626,,,,,1,IMF_WEO,,
LBY,Libya,2003,41.72,,,,,,,,,41.72,,,,,1,IMF_WEO,,
LBY,Libya,1992,25.647,,,,,,,,,25.647,,,,,1,IMF_WEO,,
LBY,Libya,2005,28.152,,,,,,,,,28.152,,,,,1,IMF_WEO,,
LBY,Libya,1990,29.994,,,,,,,,,29.994,,,,,1,IMF_WEO,,
LBY,Libya,1994,28.53,,,,,,,,,28.53,,,,,1,IMF_WEO,,
LBY,Libya,1993,30.216,,,,,,,,,30.216,,,,,1,IMF_WEO,,
LBY,Libya,2008,41.032,,,,,,,,,41.032,,,,,1,IMF_WEO,,
LBY,Libya,2000,26.769,,,,,,,,,26.769,,,,,1,IMF_WEO,,
LBY,Libya,1999,26.957,,,,,,,,,26.957,,,,,1,IMF_WEO,,
LBY,Libya,2022,62.189,,,,,,,,,62.189,,,,,1,IMF_WEO,1,3
LBY,Libya,2018,37.53215,,,37.53215,,,,,,37.556,,,,,1,AMF,,
LBY,Libya,2009,60.278,,,,,,,,,60.278,,,,,1,IMF_WEO,,
LBY,Libya,2012,39.379,,,,,,,,,39.379,,,,,1,IMF_WEO,1,3
LBY,Libya,1997,34.323,,,,,,,,,34.323,,,,,1,IMF_WEO,,
LBY,Libya,2021,44.37549,,,44.37549,,,,,,64.706,,,,,1,AMF,,
LBY,Libya,1991,27.474,,,,,,,,,27.474,,,,,1,IMF_WEO,,
LBY,Libya,2004,41.056,,,,,,,,,41.056,,,,,1,IMF_WEO,,
LBY,Libya,2002,40.874,,,,,,,,,40.874,,,,,1,IMF_WEO,,
LBY,Libya,2017,34.92523,,,34.92523,,,,,,34.925,,,,,1,AMF,,
LBY,Libya,2016,42.03587,,,42.03587,,,,,,42.036,,,,,1,AMF,,
LBY,Libya,2019,47.31013,,,47.31013,,,,,,47.31,,,,,1,AMF,,
LBY,Libya,2010,52.939,,,,,,,,,52.939,,,,,1,IMF_WEO,,
LBY,Libya,2006,28.495,,,,,,,,,28.495,,,,,1,IMF_WEO,,
LBY,Libya,2007,33.442,,,,,,,,,33.442,,,,,1,IMF_WEO,,
LBY,Libya,2026,61.643,,,,,,,,,,61.643002,,,,1,IMF_WEO_forecast,,
LBY,Libya,2020,123.7942,,,123.7942,,,,,,57.342,,,,,1,AMF,,
LBY,Libya,2015,146.623,,,146.623,,,,,,53.523,,,,,1,AMF,,
LBY,Libya,2027,57.217,,,,,,,,,,57.216999,,,,1,IMF_WEO_forecast,,
LCA,Saint Lucia,2013,25.083,,,,,,,25.083422,,25.083,,,,,1,IMF_WEO,,
LCA,Saint Lucia,1986,21.098,,,,,,,21.09796,,21.098,,,,,1,IMF_WEO,,
LCA,Saint Lucia,2010,25.636,,,,,,,25.636354,,25.636,,,,,1,IMF_WEO,,
LCA,Saint Lucia,2006,24.412,,,,,,,24.412239,,24.412,,,,,1,IMF_WEO,,
LCA,Saint Lucia,1995,19.019,,,,,,,19.019234,,19.019,,,,,1,IMF_WEO,,
LCA,Saint Lucia,1998,18.573,,,,,,,18.573295,,18.573,,,,,1,IMF_WEO,,
LCA,Saint Lucia,1987,19.911,,,,,,,19.911228,,19.911,,,,,1,IMF_WEO,,
LCA,Saint Lucia,2008,22.346,,,,,,,22.345588,,22.346,,,,,1,IMF_WEO,,
LCA,Saint Lucia,2027,24.939,,,,,,,,,,24.938999,,,,1,IMF_WEO_forecast,,
LCA,Saint Lucia,2001,22.036,,,,,,,22.035735,,22.036,,,,,1,IMF_WEO,,
LCA,Saint Lucia,1999,20.884,,,,,,,20.883502,,20.884,,,,,1,IMF_WEO,,
LCA,Saint Lucia,2022,22.654,,,,,,,22.654227,,22.654,,,,,1,IMF_WEO,,
LCA,Saint Lucia,2024,24.725,,,,,,,,,,24.725,,,,1,IMF_WEO_forecast,1,2
LCA,Saint Lucia,2000,20.925,,,,,,,20.925183,,20.925,,,,,1,IMF_WEO,,
LCA,Saint Lucia,2012,27.728,,,,,,,27.727515,,27.728,,,,,1,IMF_WEO,,
LCA,Saint Lucia,2009,24.185,,,,,,,24.185206,,24.185,,,,,1,IMF_WEO,,
LCA,Saint Lucia,2021,25.832,,,,,,,25.831582,,25.832,,,,,1,IMF_WEO,,
LCA,Saint Lucia,1991,17.964,,,,,,,17.964119,,17.964,,,,,1,IMF_WEO,,
LCA,Saint Lucia,2018,23.15,,,,,,,23.150388,,23.15,,,,,1,IMF_WEO,,
LCA,Saint Lucia,2003,22.486,,,,,,,22.48615,,22.486,,,,,1,IMF_WEO,,
LCA,Saint Lucia,2023,24.00997,,,,,,,24.009966,,,24.01,,,,1,IMF_FPP,1,2
LCA,Saint Lucia,1988,18.2,,,,,,,18.1995,,18.2,,,,,1,IMF_WEO,,
LCA,Saint Lucia,2002,23.007,,,,,,,23.006667,,23.007,,,,,1,IMF_WEO,,
LCA,Saint Lucia,2005,25.286,,,,,,,25.285683,,25.286,,,,,1,IMF_WEO,,
LCA,Saint Lucia,2016,22.628,,,,,,,22.627817,,22.628,,,,,1,IMF_WEO,,
LCA,Saint Lucia,1985,20.387,,,,,,,20.387208,,20.387,,,,,1,IMF_WEO,,
LCA,Saint Lucia,1996,18.83,,,,,,,18.830483,,18.83,,,,,1,IMF_WEO,,
LCA,Saint Lucia,2026,25.177,,,,,,,,,,25.177,,,,1,IMF_WEO_forecast,,
LCA,Saint Lucia,2004,22.497,,,,,,,22.497148,,22.497,,,,,1,IMF_WEO,,
LCA,Saint Lucia,2007,22.181,,,,,,,22.181328,,22.181,,,,,1,IMF_WEO,,
LCA,Saint Lucia,2019,25.122,,,,,,,25.122473,,25.122,,,,,1,IMF_WEO,,
LCA,Saint Lucia,2011,26.854,,,,,,,26.854406,,26.854,,,,,1,IMF_WEO,,
LCA,Saint Lucia,2028,24.725,,,,,,,,,,24.725,,,,1,IMF_WEO_forecast,,
LCA,Saint Lucia,1992,18.297,,,,,,,18.296641,,18.297,,,,,1,IMF_WEO,,
LCA,Saint Lucia,1989,19.028,,,,,,,19.028275,,19.028,,,,,1,IMF_WEO,,
LCA,Saint Lucia,2025,25.048,,,,,,,,,,25.048,,,,1,IMF_WEO_forecast,,
LCA,Saint Lucia,2020,33.175,,,,,,,33.175233,,33.175,,,,,1,IMF_WEO,,
LCA,Saint Lucia,2017,23.106,,,,,,,23.105948,,23.106,,,,,1,IMF_WEO,,
LCA,Saint Lucia,2014,23.388,,,,,,,23.387672,,23.388,,,,,1,IMF_WEO,,
LCA,Saint Lucia,2015,23.504,,,,,,,23.504479,,23.504,,,,,1,IMF_WEO,,
LCA,Saint Lucia,1990,16.497,,,,,,,16.497218,,16.497,,,,,1,IMF_WEO,,
LCA,Saint Lucia,2029,24.505,,,,,,,,,,24.504999,,,,1,IMF_WEO_forecast,,
LCA,Saint Lucia,1994,18.737,,,,,,,18.73698,,18.737,,,,,1,IMF_WEO,,
LCA,Saint Lucia,1993,21.55,,,,,,,21.550228,,21.55,,,,,1,IMF_WEO,,
LCA,Saint Lucia,1997,19.041,,,,,,,19.040584,,19.041,,,,,1,IMF_WEO,,
LKA,Sri Lanka,2017,17.884,17.835399,,,,,,17.884194,,17.884,,,,,1,IMF_WEO,,
LKA,Sri Lanka,1999,20.51,,,,,,,20.509905,,20.51,,,,,1,IMF_WEO,,
LKA,Sri Lanka,2013,16.609,16.697725,,,,,,16.60929,,16.609,,,,,1,IMF_WEO,,
LKA,Sri Lanka,2015,19.269,19.795431,,,,,,19.268804,,19.269,,,,,1,IMF_WEO,,
LKA,Sri Lanka,2002,20.802,23.686384,,,,,,20.801522,,20.802,,,,,1,IMF_WEO,,
LKA,Sri Lanka,2010,19.31,18.687816,,,,,,19.310261,,19.31,,,,,1,IMF_WEO,,
LKA,Sri Lanka,2005,20.145,23.786174,,,,,,20.14546,,20.145,,,,,1,IMF_WEO,,
LKA,Sri Lanka,1992,23.028,,,,,,,23.028309,,23.028,,,,,1,IMF_WEO,,
LKA,Sri Lanka,1998,21.373,,,,,,,21.373255,,21.373,,,,,1,IMF_WEO,,
LKA,Sri Lanka,2000,21.732,25.014663,,,,,,21.732247,,21.732,,,,,1,IMF_WEO,,
LKA,Sri Lanka,2011,19.132,18.276525,,,,,,19.13164,,19.132,,,,,1,IMF_WEO,,
LKA,Sri Lanka,1995,24.764,,,,,,,24.764063,,24.764,,,,,1,IMF_WEO,,
LKA,Sri Lanka,2021,19.996,19.958234,,,,,,19.995809,,19.996,,,,,1,IMF_WEO,,
LKA,Sri Lanka,2006,20.523,24.131889,,,,,,20.522975,,20.523,,,,,1,IMF_WEO,,
LKA,Sri Lanka,1994,24.102,,,,,,,24.101885,,24.102,,,,,1,IMF_WEO,,
LKA,Sri Lanka,2008,19.087,22.132584,,,,,,19.086611,,19.087,,,,,1,IMF_WEO,,
LKA,Sri Lanka,2016,18.215,18.219114,,,,,,18.214998,,18.215,,,,,1,IMF_WEO,,
LKA,Sri Lanka,1991,26.422,,,,,,,26.421982,,26.422,,,,,1,IMF_WEO,,
LKA,Sri Lanka,2020,20.987,21.601941,,,,,,20.987146,,20.987,,,,,1,IMF_WEO,,
LKA,Sri Lanka,1996,23.097,,,,,,,23.096941,,23.097,,,,,1,IMF_WEO,,
LKA,Sri Lanka,2009,21.012,23.926431,,,,,,21.012115,,21.012,,,,,1,IMF_WEO,,
LKA,Sri Lanka,2001,22.406,25.877998,,,,,,22.406234,,22.406,,,,,1,IMF_WEO,,
LKA,Sri Lanka,2007,19.876,23.147419,,,,,,19.875635,,19.876,,,,,1,IMF_WEO,,
LKA,Sri Lanka,2018,17.543,17.602176,,,,,,17.543249,,17.543,,,,,1,IMF_WEO,,
LKA,Sri Lanka,1993,23.177,,,,,,,23.176531,,23.177,,,,,1,IMF_WEO,,
LKA,Sri Lanka,2012,17.315,17.023248,,,,,,17.314995,,17.315,,,,,1,IMF_WEO,,
LKA,Sri Lanka,2003,19.344,22.457239,,,,,,19.344489,,19.344,,,,,1,IMF_WEO,,
LKA,Sri Lanka,2023,20.31614,20.316135,,,,,,,,,,,,,1,ADB,,
LKA,Sri Lanka,2022,17.59933,17.59933,,,,,,18.58623,,,18.586,,,,1,ADB,1,1
LKA,Sri Lanka,1997,21.405,,,,,,,21.405401,,21.405,,,,,1,IMF_WEO,,
LKA,Sri Lanka,1990,25.353,,,,,,,25.352645,,25.353,,,,,1,IMF_WEO,,
LKA,Sri Lanka,2019,19.453,18.353521,,,,,,19.453181,,19.453,,,,,1,IMF_WEO,,
LKA,Sri Lanka,2004,19.266,22.640555,,,,,,19.26638,,19.266,,,,,1,IMF_WEO,,
LKA,Sri Lanka,2014,17.171,16.381409,,,,,,17.171094,,17.171,,,,,1,IMF_WEO,,
LSO,Lesotho,1998,51.386,,,,,,,51.386272,,51.386,,,,,1,IMF_WEO,,
LSO,Lesotho,2015,51.749,,,,,,,51.748851,,51.749,,,,,1,IMF_WEO,,
LSO,Lesotho,2011,60.172,,,,,,,60.172479,,60.172,,,,,1,IMF_WEO,,
LSO,Lesotho,1989,35.774,,,,,,,35.774291,,35.774,,,,,1,IMF_WEO,,
LSO,Lesotho,2014,50.103,,,,,,,50.102904,,50.103,,,,,1,IMF_WEO,,
LSO,Lesotho,2013,58.357,,,,,,,58.35715,,58.357,,,,,1,IMF_WEO,,
LSO,Lesotho,2026,54.804,,,,,,,,,,54.804001,,,,1,IMF_WEO_forecast,,
LSO,Lesotho,2007,48.117,,,,,,,48.117437,40.527245,48.117,,,,,1,IMF_WEO,,
LSO,Lesotho,2009,66.442,,,,,,,66.442103,,66.442,,,,,1,IMF_WEO,,
LSO,Lesotho,1987,40.299,,,,,,,40.298526,,40.299,,,,,1,IMF_WEO,,
LSO,Lesotho,2003,39.758,,,,,,,39.757668,33.442149,39.758,,,,,1,IMF_WEO,,
LSO,Lesotho,2002,41.228,,,,,,,41.228142,,41.228,,,,,1,IMF_WEO,,
LSO,Lesotho,2005,37.615,,,,,,,37.614557,32.529932,37.615,,,,,1,IMF_WEO,,
LSO,Lesotho,1991,31.313,,,,,,,31.313068,,31.313,,,,,1,IMF_WEO,,
LSO,Lesotho,1982,29.902,,,,,,,29.90217,,29.902,,,,,1,IMF_WEO,,
LSO,Lesotho,1999,50.779,,,,,,,50.779482,,50.779,,,,,1,IMF_WEO,,
LSO,Lesotho,2000,39.265,,,,,,,39.264761,,39.265,,,,,1,IMF_WEO,,
LSO,Lesotho,1986,33.203,,,,,,,33.203436,,33.203,,,,,1,IMF_WEO,,
LSO,Lesotho,2018,51.916,,,,,,,51.915967,,51.916,,,,,1,IMF_WEO,,
LSO,Lesotho,1988,35.34,,,,,,,35.340119,,35.34,,,,,1,IMF_WEO,,
LSO,Lesotho,2029,54.261,,,,,,,,,,54.261002,,,,1,IMF_WEO_forecast,,
LSO,Lesotho,2022,50.098,,,,,,,50.097547,,50.098,,,,,1,IMF_WEO,,
LSO,Lesotho,2021,54.177,,,,,,,54.176818,,54.177,,,,,1,IMF_WEO,,
LSO,Lesotho,2019,53.515,,,,,,,53.514685,,53.515,,,,,1,IMF_WEO,,
LSO,Lesotho,2023,46.95249,,,,,,,46.952493,,,46.952,,,,1,IMF_FPP,1,2
LSO,Lesotho,2012,58.148,,,,,,,58.14801,,58.148,,,,,1,IMF_WEO,,
LSO,Lesotho,1997,44.583,,,,,,,44.582554,,44.583,,,,,1,IMF_WEO,,
LSO,Lesotho,1983,27.177,,,,,,,27.176573,,27.177,,,,,1,IMF_WEO,,
LSO,Lesotho,2010,55.318,,,,,,,55.317904,,55.318,,,,,1,IMF_WEO,,
LSO,Lesotho,2020,54.436,,,,,,,54.436168,,54.436,,,,,1,IMF_WEO,,
LSO,Lesotho,1995,42.06,,,,,,,42.06045,,42.06,,,,,1,IMF_WEO,,
LSO,Lesotho,2008,54.071,,,,,,,54.070956,,54.071,,,,,1,IMF_WEO,,
LSO,Lesotho,1992,35.331,,,,,,,35.330801,,35.331,,,,,1,IMF_WEO,,
LSO,Lesotho,1990,32.946,,,,,,,32.945513,,32.946,,,,,1,IMF_WEO,,
LSO,Lesotho,1985,32.792,,,,,,,32.79195,,32.792,,,,,1,IMF_WEO,,
LSO,Lesotho,2006,43.218,,,,,,,43.218434,36.148414,43.218,,,,,1,IMF_WEO,,
LSO,Lesotho,2017,50.44,,,,,,,50.440061,,50.44,,,,,1,IMF_WEO,,
LSO,Lesotho,1994,40.199,,,,,,,40.199082,,40.199,,,,,1,IMF_WEO,,
LSO,Lesotho,2016,54.113,,,,,,,54.113057,,54.113,,,,,1,IMF_WEO,,
LSO,Lesotho,2004,36.254,,,,,,,36.253515,31.649665,36.254,,,,,1,IMF_WEO,,
LSO,Lesotho,1984,26.817,,,,,,,26.817095,,26.817,,,,,1,IMF_WEO,,
LSO,Lesotho,1996,41.501,,,,,,,41.501339,,41.501,,,,,1,IMF_WEO,,
LSO,Lesotho,2027,54.825,,,,,,,,,,54.825001,,,,1,IMF_WEO_forecast,,
LSO,Lesotho,2001,41.446,,,,,,,41.446295,,41.446,,,,,1,IMF_WEO,,
LSO,Lesotho,1993,36.025,,,,,,,36.025217,,36.025,,,,,1,IMF_WEO,,
LSO,Lesotho,2024,58.357,,,,,,,,,,58.356998,,,,1,IMF_WEO_forecast,1,2
LSO,Lesotho,2028,54.932,,,,,,,,,,54.931999,,,,1,IMF_WEO_forecast,,
LSO,Lesotho,2025,55.201,,,,,,,,,,55.201,,,,1,IMF_WEO_forecast,,
LTU,Lithuania,2020,42.3,,42.34669,,,42.3,,,40.171157,41.9,,42.267912,,,1,EUS,,
LTU,Lithuania,2024,39.4,,39.4157,,,39.4,,,,,40.351002,40.647513,,,1,EUS,,
LTU,Lithuania,2007,35.3,,35.26376,,,35.3,,,31.969873,34.474,,35.263407,,,1,EUS,,
LTU,Lithuania,2008,38.1,,38.10624,,,38.1,,,34.856366,37.154,,38.106549,,,1,EUS,,
LTU,Lithuania,1997,50,,50.03251,,,50,,,51.559269,32.619,,50.033349,,,1,EUS,,
LTU,Lithuania,1995,34.4,,34.35894,,,34.4,,,35.719635,32.988,,34.357637,,,1,EUS,,
LTU,Lithuania,2001,37.1,,37.06609,,,37.1,,,37.905741,35.08,,37.066783,,,1,EUS,,
LTU,Lithuania,2013,35.7,,35.73519,,,35.7,,,34.501738,34.605,,35.735191,,,1,EUS,,
LTU,Lithuania,2029,38.264,,,,,,,,,,38.264,,,,1,IMF_WEO_forecast,,
LTU,Lithuania,2027,42.52694,,42.52694,,,,,,,,38.633999,,,,1,AMECO,1,3
LTU,Lithuania,1996,36.4,,36.36144,,,36.4,,,38.12461,31.966,,36.362445,,,1,EUS,,
LTU,Lithuania,2016,34.5,,34.46666,,,34.5,,,33.613276,33.28,,34.46641,,,1,EUS,,
LTU,Lithuania,2004,33.9,,33.89651,,,33.9,,,33.216392,33.294,,33.895972,,,1,EUS,,
LTU,Lithuania,2003,33.6,,33.56713,,,33.6,,,33.322257,32.111,,33.567118,,,1,EUS,,
LTU,Lithuania,2023,37.2,,37.19285,,,37.2,,,36.279082,,37.984001,37.378426,,,1,EUS,,
LTU,Lithuania,2022,36.5,,36.54829,,,36.5,,,35.330532,36.089,,36.246878,,,1,EUS,,
LTU,Lithuania,2017,33.4,,33.36949,,,33.4,,,32.239748,32.426,,33.369248,,,1,EUS,,
LTU,Lithuania,2018,33.8,,33.78951,,,33.8,,,33.060298,33.151,,33.71333,,,1,EUS,,
LTU,Lithuania,2012,36.6,,36.60362,,,36.6,,,35.06232,35.203,,36.602714,,,1,EUS,,
LTU,Lithuania,2026,40.14642,,42.34353,,,,,,,,39.493999,40.146423,,,1,OECD_EO,,
LTU,Lithuania,2011,40.1,,40.07154,,,40.1,,,37.520238,41.437,,40.071219,,,1,EUS,,
LTU,Lithuania,2014,35,,35.00647,,,35,,,33.898887,34.009,,35.006742,,,1,EUS,,
LTU,Lithuania,2000,39.4,,39.35514,,,39.4,,,40.294394,35.96,,39.354389,,,1,EUS,,
LTU,Lithuania,2002,35.1,,35.13727,,,35.1,,,34.983276,33.202,,35.137279,,,1,EUS,,
LTU,Lithuania,2015,35.2,,35.20045,,,35.2,,,34.015361,34.406,,35.200184,,,1,EUS,,
LTU,Lithuania,2010,43,,43.02142,,,43,,,40.024601,41.209,,43.021413,,,1,EUS,,
LTU,Lithuania,2025,40.59241,,41.33657,,,,,,,,40.264999,40.592415,,,1,OECD_EO,1,3
LTU,Lithuania,2028,38.352,,,,,,,,,,38.352001,,,,1,IMF_WEO_forecast,1,3
LTU,Lithuania,2019,34.6,,34.6427,,,34.6,,,33.809408,33.728,,34.532219,,,1,EUS,,
LTU,Lithuania,2021,37.3,,37.34196,,,37.3,,,36.389525,37.044,,37.302093,,,1,EUS,,
LTU,Lithuania,1998,41,,41.00167,,,41,,,41.788531,36.827,,41.001662,,,1,EUS,,
LTU,Lithuania,2006,34.4,,34.42434,,,34.4,,,32.504178,33.758,,34.423499,,,1,EUS,,
LTU,Lithuania,1999,40.7,,40.65987,,,40.7,,,41.615371,39.481,,40.65988,,,1,EUS,,
LTU,Lithuania,2005,34.1,,34.10563,,,34.1,,,33.091599,33.461,,34.105633,,,1,EUS,,
LTU,Lithuania,2009,44.8,,44.82406,,,44.8,,,43.131909,43.7,,44.824065,,,1,EUS,,
LUX,Luxembourg,1997,41.5,,41.53671,,,41.5,,44.155279,41.565576,44.155,,41.536032,,,1,EUS,,
LUX,Luxembourg,2018,42.3,,42.31784,,,42.3,,42.299389,39.988736,42.299,,42.397776,,,1,EUS,,
LUX,Luxembourg,2022,44.3,,44.29919,,,44.3,,43.868029,41.576755,43.868,,43.709297,,,1,EUS,,
LUX,Luxembourg,1991,39.69973,,,,,,,,32.708588,,,39.699729,,,1,OECD_EO,,
LUX,Luxembourg,2019,43.1,,43.0718,,,43.1,,43.105484,40.604325,43.105,,43.211223,,,1,EUS,,
LUX,Luxembourg,2017,41.3,,41.2774,,,41.3,,41.277455,38.88779,41.277,,41.19243,,,1,EUS,,
LUX,Luxembourg,2020,47,,47.04009,,,47,,46.959208,44.038646,46.959,,47.028045,,,1,EUS,,
LUX,Luxembourg,2028,49.099,,,,,,,,,,49.098999,,,,1,IMF_WEO_forecast,1,4
LUX,Luxembourg,1996,41.7,,41.65347,,,41.7,,42.547173,40.120458,42.547,,41.654936,,,1,EUS,,
LUX,Luxembourg,1993,41.32423,,,,,,,,35.16112,,,41.324229,,,1,OECD_EO,,
LUX,Luxembourg,2024,46.8,,46.84216,,,46.8,,,,,48.303001,48.562335,,,1,EUS,,
LUX,Luxembourg,1992,41.41918,,,,,,,,35.807457,,,41.419178,,,1,OECD_EO,,
LUX,Luxembourg,2002,41.8,,41.75996,,,41.8,,41.760658,38.393949,41.761,,41.781704,,,1,EUS,,
LUX,Luxembourg,2015,40.4,,40.37764,,,40.4,,40.365702,38.188342,40.366,,40.293634,,,1,EUS,,
LUX,Luxembourg,2012,41.8,,41.81253,,,41.8,,41.813985,39.545734,41.814,,41.994756,,,1,EUS,,
LUX,Luxembourg,1999,40.2,,40.17338,,,40.2,,41.746542,38.722186,41.747,,40.178245,,,1,EUS,,
LUX,Luxembourg,2008,37.9,,37.92374,,,37.9,,37.926898,35.799891,37.927,,37.927153,,,1,EUS,,
LUX,Luxembourg,2004,43.7,,43.67583,,,43.7,,43.674927,40.434362,43.675,,43.679161,,,1,EUS,,
LUX,Luxembourg,2003,43.3,,43.33768,,,43.3,,43.335761,40.012392,43.336,,43.35053,,,1,EUS,,
LUX,Luxembourg,2027,48.75895,,48.75895,,,,,,,,48.735001,,,,1,AMECO,1,4
LUX,Luxembourg,2001,38.1,,38.13414,,,38.1,,38.138769,37.009054,38.139,,38.145742,,,1,EUS,,
LUX,Luxembourg,1995,41.4,,41.36707,,,41.4,,41.981373,39.997731,41.981,,41.37733,,,1,EUS,,
LUX,Luxembourg,2011,41.5,,41.49858,,,41.5,,41.503585,38.843372,41.504,,41.418922,,,1,EUS,,
LUX,Luxembourg,1994,40.40944,,,,,,,,35.215371,,,40.409436,,,1,OECD_EO,1,4
LUX,Luxembourg,2005,43.4,,43.44042,,,43.4,,43.444734,39.91106,43.445,,43.436574,,,1,EUS,,
LUX,Luxembourg,2025,48.1895,,48.23097,,,,,,,,48.77,48.189501,,,1,OECD_EO,1,4
LUX,Luxembourg,2021,42.4,,42.39624,,,42.4,,42.847094,40.467076,42.847,,42.86717,,,1,EUS,,
LUX,Luxembourg,2023,46.4,,46.35034,,,46.4,,48.096008,45.258904,,48.096001,47.66757,,,1,EUS,,
LUX,Luxembourg,2026,47.74626,,48.57311,,,,,,,,48.412998,47.746256,,,1,OECD_EO,,
LUX,Luxembourg,2010,42,,42.01874,,,42,,41.956291,38.752483,41.956,,42.070748,,,1,EUS,,
LUX,Luxembourg,2016,40,,40.04697,,,40,,40.044762,37.752468,40.045,,40.08624,,,1,EUS,,
LUX,Luxembourg,2006,39.4,,39.39204,,,39.4,,39.401494,37.129606,39.401,,39.392205,,,1,EUS,,
LUX,Luxembourg,1990,39.10525,,,,,,,,32.94609,,,39.105252,,,1,OECD_EO,,
LUX,Luxembourg,2007,37.4,,37.38541,,,37.4,,37.39078,35.343232,37.391,,37.384611,,,1,EUS,,
LUX,Luxembourg,2000,38,,37.98164,,,38,,37.974689,35.461388,37.975,,37.989958,,,1,EUS,,
LUX,Luxembourg,2014,40.6,,40.60619,,,40.6,,40.612419,38.507064,40.612,,40.620576,,,1,EUS,,
LUX,Luxembourg,2029,49.454,,,,,,,,,,49.453999,,,,1,IMF_WEO_forecast,,
LUX,Luxembourg,2009,42.7,,42.69468,,,42.7,,42.695778,40.048429,42.696,,42.703537,,,1,EUS,,
LUX,Luxembourg,2013,41.2,,41.23626,,,41.2,,41.238919,39.323202,41.239,,41.378031,,,1,EUS,,
LUX,Luxembourg,1998,41.9,,41.92803,,,41.9,,43.916015,40.778549,43.916,,41.933701,,,1,EUS,,
LVA,Latvia,2026,47.10811,,47.62566,,,,,,,,41.473,47.108112,,,1,OECD_EO,,
LVA,Latvia,2014,40.4,,40.35162,,,40.4,,37.797609,37.812427,37.798,,40.351586,,,1,EUS,,
LVA,Latvia,2017,39.6,,39.56213,,,39.6,,36.478017,36.699441,36.478,,39.562129,,,1,EUS,,
LVA,Latvia,1997,36.1,,36.10626,,,36.1,,,38.115808,,,36.106637,,,1,EUS,,
LVA,Latvia,2005,36.3,,36.27923,,,36.3,,34.344986,33.975501,34.345,,36.279148,,,1,EUS,,
LVA,Latvia,2029,41.814,,,,,,,,,,41.813999,,,,1,IMF_WEO_forecast,,
LVA,Latvia,2010,46.9,,46.8667,,,46.9,,42.667019,44.938035,42.667,,46.866697,,,1,EUS,,
LVA,Latvia,2009,46.4,,46.38233,,,46.4,,42.398205,44.11374,42.398,,46.382503,,,1,EUS,,
LVA,Latvia,2020,44.3,,44.25664,,,44.3,,41.388459,41.078717,41.388,,44.256636,,,1,EUS,,
LVA,Latvia,1995,36.8,,36.75874,,,36.8,,,38.670723,,,36.758521,,,1,EUS,,
LVA,Latvia,2008,40.2,,40.21568,,,40.2,,36.352097,35.979088,36.352,,40.215714,,,1,EUS,,
LVA,Latvia,2011,43.8,,43.81773,,,43.8,,39.88641,40.702838,39.886,,43.817681,,,1,EUS,,
LVA,Latvia,2006,38.5,,38.50551,,,38.5,,33.675213,33.985285,33.675,,38.505519,,,1,EUS,,
LVA,Latvia,1998,39,,39.01325,,,39,,37.072489,40.824887,37.072,,39.013232,,,1,EUS,,
LVA,Latvia,2022,44.2,,44.23734,,,44.2,,40.947743,40.042011,40.948,,44.219069,,,1,EUS,,
LVA,Latvia,2012,40.4,,40.35191,,,40.4,,37.111906,37.028447,37.112,,40.351917,,,1,EUS,,
LVA,Latvia,2000,38.1,,38.06547,,,38.1,,36.12345,39.124338,36.123,,38.065316,,,1,EUS,,
LVA,Latvia,2016,38.8,,38.84049,,,38.8,,36.125236,37.122698,36.125,,38.840487,,,1,EUS,,
LVA,Latvia,2019,39.7,,39.65468,,,39.7,,37.693345,36.504107,37.693,,39.654715,,,1,EUS,,
LVA,Latvia,2013,39.9,,39.94012,,,39.9,,37.32892,37.345902,37.329,,39.940166,,,1,EUS,,
LVA,Latvia,2023,43.4,,43.4485,,,43.4,,42.045801,39.736133,,42.046001,43.988349,,,1,EUS,,
LVA,Latvia,2021,46.5,,46.5303,,,46.5,,43.161911,43.284062,43.162,,46.528079,,,1,EUS,,
LVA,Latvia,2015,40,,39.98343,,,40,,37.392569,37.135195,37.393,,39.983468,,,1,EUS,,
LVA,Latvia,2027,47.28744,,47.28744,,,,,,,,41.528,,,,1,AMECO,1,3
LVA,Latvia,1996,36.5,,36.47474,,,36.5,,,37.514204,,,36.475173,,,1,EUS,,
LVA,Latvia,2018,40.7,,40.69609,,,40.7,,38.051655,36.459058,38.052,,40.696088,,,1,EUS,,
LVA,Latvia,1999,42,,42.01098,,,42,,39.3028,43.332925,39.303,,42.010967,,,1,EUS,,
LVA,Latvia,2002,36.2,,36.16997,,,36.2,,34.22514,36.552221,34.225,,36.170117,,,1,EUS,,
LVA,Latvia,2028,41.711,,,,,,,,,,41.710999,,,,1,IMF_WEO_forecast,1,3
LVA,Latvia,2003,35.4,,35.36806,,,35.4,,32.889511,33.4023,32.89,,35.368161,,,1,EUS,,
LVA,Latvia,2007,36.5,,36.45623,,,36.5,,32.935566,30.740435,32.936,,36.456185,,,1,EUS,,
LVA,Latvia,2004,36.6,,36.59373,,,36.6,,33.332738,33.808315,33.333,,36.593734,,,1,EUS,,
LVA,Latvia,2025,46.95307,,47.45377,,,,,,,,41.627998,46.953071,,,1,OECD_EO,1,3
LVA,Latvia,2001,35.4,,35.39358,,,35.4,,34.302626,36.597486,34.303,,35.393441,,,1,EUS,,
LVA,Latvia,2024,45.6,,45.63707,,,45.6,,,,,42.115002,45.946907,,,1,EUS,,
MAC,Macau,2011,15.183,,,,,,,,11.999631,15.183,,,,,1,IMF_WEO,,
MAC,Macau,2015,17.936,,,,,,,,15.375777,17.936,,,,,1,IMF_WEO,,
MAC,Macau,2023,18.98939,,,,,,,,18.989385,,28.556999,,,,1,IMF_GFS,,
MAC,Macau,2014,13.1,,,,,,,,11.369641,13.1,,,,,1,IMF_WEO,,
MAC,Macau,2026,21.84,,,,,,,,,,21.84,,,,1,IMF_WEO_forecast,,
MAC,Macau,2028,21.778,,,,,,,,,,21.778,,,,1,IMF_WEO_forecast,,
MAC,Macau,2008,15.687,,,,,,,,13.684891,15.687,,,,,1,IMF_WEO,,
MAC,Macau,2025,22.2,,,,,,,,,,22.200001,,,,1,IMF_WEO_forecast,,
MAC,Macau,2013,11.274,,,,,,,,10.470928,11.274,,,,,1,IMF_WEO,,
MAC,Macau,2024,24.929,,,,,,,,,,24.929001,,,,1,IMF_WEO_forecast,1,2
MAC,Macau,2004,15.918,,,,,,,,11.852817,15.918,,,,,1,IMF_WEO,,
MAC,Macau,2006,14.689,,,,,,,,10.865857,14.689,,,,,1,IMF_WEO,,
MAC,Macau,2022,50.10855,,,,,,,,50.108554,,58.902,,,,1,IMF_GFS,1,2
MAC,Macau,2018,18.056,,,,,,,,14.573835,18.056,,,,,1,IMF_WEO,,
MAC,Macau,2003,18.315,,,,,,,,14.579499,18.315,,,,,1,IMF_WEO,,
MAC,Macau,2007,12.594,,,,,,,,10.073717,12.594,,,,,1,IMF_WEO,,
MAC,Macau,2027,21.752,,,,,,,,,,21.752001,,,,1,IMF_WEO_forecast,,
MAC,Macau,2009,19.515,,,,,,,,17.054331,19.515,,,,,1,IMF_WEO,,
MAC,Macau,2005,16.134,,,,,,,,11.560729,16.134,,,,,1,IMF_WEO,,
MAC,Macau,2016,18.82,,,,,,,,16.307555,18.82,,,,,1,IMF_WEO,,
MAC,Macau,2017,18.647,,,,,,,,15.185735,18.647,,,,,1,IMF_WEO,,
MAC,Macau,2029,21.807,,,,,,,,,,21.806999,,,,1,IMF_WEO_forecast,,
MAC,Macau,2021,37.415,,,,,,,,31.413479,37.415,,,,,1,IMF_WEO,,
MAC,Macau,2020,49.32,,,,,,,,43.100725,49.32,,,,,1,IMF_WEO,,
MAC,Macau,2019,18.454,,,,,,,,15.831441,18.454,,,,,1,IMF_WEO,,
MAC,Macau,2001,16.897,,,,,,,,15.298182,16.897,,,,,1,IMF_WEO,,
MAC,Macau,2012,15.191,,,,,,,,10.904582,15.191,,,,,1,IMF_WEO,,
MAC,Macau,2002,17.424,,,,,,,,14.93039,17.424,,,,,1,IMF_WEO,,
MAC,Macau,2010,17.128,,,,,,,,14.704255,17.128,,,,,1,IMF_WEO,,
MAR,Morocco,2000,22.754,,,,,,,22.754275,,22.754,,,,,1,IMF_WEO,,
MAR,Morocco,2018,27.45602,,,27.45602,,,,27.673842,,27.674,,,,,1,AMF,,
MAR,Morocco,2006,25.979,,,,,,,25.979319,24.47253,25.979,,,,,1,IMF_WEO,,
MAR,Morocco,1999,18.432,,,,,,,18.432179,,18.432,,,,,1,IMF_WEO,,
MAR,Morocco,1992,22.281,,,,,,,22.281404,,22.281,,,,,1,IMF_WEO,,
MAR,Morocco,2028,29.886,,,,,,,,,,29.886,,,,1,IMF_WEO_forecast,,
MAR,Morocco,2022,34.064,,,,,,,34.063754,,34.064,,,,,1,IMF_WEO,,
MAR,Morocco,1990,22.587,,,,,,,22.587248,,22.587,,,,,1,IMF_WEO,,
MAR,Morocco,2002,25.814,,,,,,,25.813944,25.938852,25.814,,,,,1,IMF_WEO,,
MAR,Morocco,2011,31.231,,,,,,,31.230661,29.405228,31.231,,,,,1,IMF_WEO,,
MAR,Morocco,2008,28.255,,,,,,,28.254952,26.327956,28.255,,,,,1,IMF_WEO,,
MAR,Morocco,1991,20.798,,,,,,,20.798308,,20.798,,,,,1,IMF_WEO,,
MAR,Morocco,2012,32.541,,,,,,,32.540899,,32.541,,,,,1,IMF_WEO,1,4
MAR,Morocco,2005,28.636,,,,,,,28.636381,26.438613,28.636,,,,,1,IMF_WEO,,
MAR,Morocco,2016,28.5398,,,28.5398,,,,28.551251,,28.551,,,,,1,AMF,,
MAR,Morocco,2009,28.106,,,,,,,28.105922,25.064027,28.106,,,,,1,IMF_WEO,,
MAR,Morocco,2001,23.702,,,,,,,23.701914,,23.702,,,,,1,IMF_WEO,,
MAR,Morocco,2021,31.234,,,,,,,31.234226,,31.234,,,,,1,IMF_WEO,1,4
MAR,Morocco,1996,17.589,,,,,,,17.588862,,17.589,,,,,1,IMF_WEO,,
MAR,Morocco,2027,30.145,,,,,,,,,,30.145,,,,1,IMF_WEO_forecast,,
MAR,Morocco,2007,26.43,,,,,,,26.430206,25.635716,26.43,,,,,1,IMF_WEO,,
MAR,Morocco,2023,32.7669,,,,,,,32.766894,,,32.766998,,,,1,IMF_FPP,1,4
MAR,Morocco,1998,18.749,,,,,,,18.749044,,18.749,,,,,1,IMF_WEO,,
MAR,Morocco,2013,25.44049,,,25.44049,,,,30.430975,,30.431,,,,,1,AMF,,
MAR,Morocco,2017,27.99708,,,27.99708,,,,27.810992,,27.811,,,,,1,AMF,,
MAR,Morocco,2025,31.588,,,,,,,,,,31.587999,,,,1,IMF_WEO_forecast,,
MAR,Morocco,2019,27.77665,,,27.77665,,,,27.362068,,27.362,,,,,1,AMF,,
MAR,Morocco,2024,32.939,,,,,,,,,,32.938999,,,,1,IMF_WEO_forecast,1,4
MAR,Morocco,2010,28.709,,,,,,,28.709357,26.659707,28.709,,,,,1,IMF_WEO,,
MAR,Morocco,2014,30.9096,,,30.9096,,,,30.67668,,30.677,,,,,1,AMF,,
MAR,Morocco,1997,18.598,,,,,,,18.598314,,18.598,,,,,1,IMF_WEO,,
MAR,Morocco,2029,29.745,,,,,,,,,,29.745001,,,,1,IMF_WEO_forecast,,
MAR,Morocco,1994,21.739,,,,,,,21.739354,,21.739,,,,,1,IMF_WEO,,
MAR,Morocco,1995,21.271,,,,,,,21.271384,,21.271,,,,,1,IMF_WEO,,
MAR,Morocco,2004,24.478,,,,,,,24.478112,24.982236,24.478,,,,,1,IMF_WEO,,
MAR,Morocco,1993,23.11,,,,,,,23.109789,,23.11,,,,,1,IMF_WEO,,
MAR,Morocco,2003,24.1,,,,,,,24.099809,24.360468,24.1,,,,,1,IMF_WEO,,
MAR,Morocco,2026,30.474,,,,,,,,,,30.474001,,,,1,IMF_WEO_forecast,,
MAR,Morocco,2020,30.7082,,,30.7082,,,,34.145167,,34.145,,,,,1,AMF,,
MAR,Morocco,2015,28.53403,,,28.53403,,,,28.413376,,28.413,,,,,1,AMF,,
MDA,Moldova,1995,42.025,,,,,,,42.024996,,42.025,,,,,1,IMF_WEO,,
MDA,Moldova,2013,32.442,,,,,,,32.442373,29.385306,32.442,,,,,1,IMF_WEO,,
MDA,Moldova,2006,40.297,,,,,,,40.29685,34.530708,40.297,,,,,1,IMF_WEO,,
MDA,Moldova,2019,31.985,,,,,,,31.985408,28.62714,31.985,,,,,1,IMF_WEO,,
MDA,Moldova,2004,34.808,,,,,,,34.807935,31.969191,34.808,,,,,1,IMF_WEO,,
MDA,Moldova,2001,29.508,,,,,,,29.507702,,29.508,,,,,1,IMF_WEO,,
MDA,Moldova,2008,41.498,,,,,,,41.498186,35.306507,41.498,,,,,1,IMF_WEO,,
MDA,Moldova,2000,34.025,,,,,,,34.025184,,34.025,,,,,1,IMF_WEO,,
MDA,Moldova,2024,37.467,,,,,,,,,,37.466999,,,,1,IMF_WEO_forecast,1,2
MDA,Moldova,2014,33.392,,,,,,,33.39171,29.712552,33.392,,,,,1,IMF_WEO,,
MDA,Moldova,1997,45.951,,,,,,,45.950561,,45.951,,,,,1,IMF_WEO,,
MDA,Moldova,2025,36.409,,,,,,,,,,36.409,,,,1,IMF_WEO_forecast,,
MDA,Moldova,2022,36.425,,,,,,,36.42539,32.631922,36.425,,,,,1,IMF_WEO,,
MDA,Moldova,2005,37.119,,,,,,,37.119499,33.52795,37.119,,,,,1,IMF_WEO,,
MDA,Moldova,2018,31.529,,,,,,,31.528653,28.043406,31.529,,,,,1,IMF_WEO,,
MDA,Moldova,2010,34.096,,,,,,,34.096287,30.728698,34.096,,,,,1,IMF_WEO,,
MDA,Moldova,1999,33.019,,,,,,,33.018562,,33.019,,,,,1,IMF_WEO,,
MDA,Moldova,2026,36.963,,,,,,,,,,36.963001,,,,1,IMF_WEO_forecast,,
MDA,Moldova,2002,30.739,,,,,,,30.739466,,30.739,,,,,1,IMF_WEO,,
MDA,Moldova,1998,39.094,,,,,,,39.094013,,39.094,,,,,1,IMF_WEO,,
MDA,Moldova,2011,32.562,,,,,,,32.562199,29.593366,32.562,,,,,1,IMF_WEO,,
MDA,Moldova,2007,42.712,,,,,,,42.711928,35.166855,42.712,,,,,1,IMF_WEO,,
MDA,Moldova,1996,43.296,,,,,,,43.295584,,43.296,,,,,1,IMF_WEO,,
MDA,Moldova,2023,34.3026,,,,,,,39.24215,34.302605,,39.242001,,,,1,IMF_GFS,1,2
MDA,Moldova,2027,36.914,,,,,,,,,,36.914001,,,,1,IMF_WEO_forecast,,
MDA,Moldova,2009,45.3,,,,,,,45.299999,40.75307,45.3,,,,,1,IMF_WEO,,
MDA,Moldova,2029,36.502,,,,,,,,,,36.501999,,,,1,IMF_WEO_forecast,,
MDA,Moldova,2016,30.118,,,,,,,30.117919,26.755475,30.118,,,,,1,IMF_WEO,,
MDA,Moldova,2012,33.668,,,,,,,33.667556,30.612385,33.668,,,,,1,IMF_WEO,,
MDA,Moldova,2021,34.581,,,,,,,34.581161,30.263927,34.581,,,,,1,IMF_WEO,,
MDA,Moldova,2017,30.978,,,,,,,30.978319,27.500849,30.978,,,,,1,IMF_WEO,,
MDA,Moldova,2028,36.481,,,,,,,,,,36.480999,,,,1,IMF_WEO_forecast,,
MDA,Moldova,2003,33.504,,,,,,,33.503847,27.454732,33.504,,,,,1,IMF_WEO,,
MDA,Moldova,2015,31.904,,,,,,,31.904451,29.607562,31.904,,,,,1,IMF_WEO,,
MDA,Moldova,2020,36.686,,,,,,,36.686301,32.959588,36.686,,,,,1,IMF_WEO,,
MDG,Madagascar,1988,11.43,,,,,,,11.429661,,11.43,,,,,1,IMF_WEO,,
MDG,Madagascar,2005,18.353,,,,,,,18.353193,,18.353,,,,,1,IMF_WEO,,
MDG,Madagascar,2015,13.029,,,,,,,13.029157,,13.029,,,,,1,IMF_WEO,,
MDG,Madagascar,1999,15.478,,,,,,,15.477555,,15.478,,,,,1,IMF_WEO,,
MDG,Madagascar,2020,16.355,,,,,,,16.355059,,16.355,,,,,1,IMF_WEO,,
MDG,Madagascar,1983,13.433,,,,,,,13.432676,,13.433,,,,,1,IMF_WEO,,
MDG,Madagascar,2010,12.281,,,,,,,12.280515,,12.281,,,,,1,IMF_WEO,,
MDG,Madagascar,2014,12.555,,,,,,,12.554749,,12.555,,,,,1,IMF_WEO,,
MDG,Madagascar,2013,12.702,,,,,,,12.702091,,12.702,,,,,1,IMF_WEO,,
MDG,Madagascar,2001,15.31,,,,,,,15.310068,,15.31,,,,,1,IMF_WEO,,
MDG,Madagascar,1982,14.28,,,,,,,14.28031,,14.28,,,,,1,IMF_WEO,,
MDG,Madagascar,2002,12.443,,,,,,,12.442521,,12.443,,,,,1,IMF_WEO,,
MDG,Madagascar,2000,15.347,,,,,,,15.346813,,15.347,,,,,1,IMF_WEO,,
MDG,Madagascar,1990,13.346,,,,,,,13.345736,,13.346,,,,,1,IMF_WEO,,
MDG,Madagascar,2003,16.564,,,,,,,16.563629,,16.564,,,,,1,IMF_WEO,,
MDG,Madagascar,2021,13.707,,,,,,,13.706894,,13.707,,,,,1,IMF_WEO,,
MDG,Madagascar,2016,13.546,,,,,,,13.545565,,13.546,,,,,1,IMF_WEO,,
MDG,Madagascar,1989,15.474,,,,,,,15.474011,,15.474,,,,,1,IMF_WEO,,
MDG,Madagascar,2008,15.711,,,,,,,15.711154,,15.711,,,,,1,IMF_WEO,,
MDG,Madagascar,1987,10.391,,,,,,,10.391215,,10.391,,,,,1,IMF_WEO,,
MDG,Madagascar,2028,16.866,,,,,,,,,,16.865999,,,,1,IMF_WEO_forecast,,
MDG,Madagascar,2019,15.362,,,,,,,15.36153,,15.362,,,,,1,IMF_WEO,,
MDG,Madagascar,2004,21.701,,,,,,,21.701029,,21.701,,,,,1,IMF_WEO,,
MDG,Madagascar,1995,14.499,,,,,,,14.499089,,14.499,,,,,1,IMF_WEO,,
MDG,Madagascar,2027,17.045,,,,,,,,,,17.045,,,,1,IMF_WEO_forecast,,
MDG,Madagascar,1994,16.696,,,,,,,16.696199,,16.696,,,,,1,IMF_WEO,,
MDG,Madagascar,2022,16.45299,,,,,,,16.452985,,,16.452999,,,,1,IMF_FPP,1,2
MDG,Madagascar,2012,11.516,,,,,,,11.515751,,11.516,,,,,1,IMF_WEO,,
MDG,Madagascar,2025,15.715,,,,,,,,,,15.715,,,,1,IMF_WEO_forecast,,
MDG,Madagascar,1997,14.453,,,,,,,14.453229,,14.453,,,,,1,IMF_WEO,,
MDG,Madagascar,2023,17.90269,,,,,,,17.902694,,,17.903,,,,1,IMF_FPP,,
MDG,Madagascar,1992,16.187,,,,,,,16.187221,,16.187,,,,,1,IMF_WEO,,
MDG,Madagascar,2029,16.979,,,,,,,,,,16.979,,,,1,IMF_WEO_forecast,,
MDG,Madagascar,2017,14.942,,,,,,,14.942377,,14.942,,,,,1,IMF_WEO,,
MDG,Madagascar,2018,14.351,,,,,,,14.351074,,14.351,,,,,1,IMF_WEO,,
MDG,Madagascar,2007,16.087,,,,,,,16.086514,,16.087,,,,,1,IMF_WEO,,
MDG,Madagascar,2011,12.041,,,,,,,12.041043,,12.041,,,,,1,IMF_WEO,,
MDG,Madagascar,1998,16.933,,,,,,,16.933074,,16.933,,,,,1,IMF_WEO,,
MDG,Madagascar,2009,12.508,,,,,,,12.508401,,12.508,,,,,1,IMF_WEO,,
MDG,Madagascar,1980,22.745,,,,,,,22.745148,,22.745,,,,,1,IMF_WEO,,
MDG,Madagascar,1984,13.94,,,,,,,13.939826,,13.94,,,,,1,IMF_WEO,,
MDG,Madagascar,2024,16.738,,,,,,,,,,16.738001,,,,1,IMF_WEO_forecast,1,2
MDG,Madagascar,2026,16.638,,,,,,,,,,16.638,,,,1,IMF_WEO_forecast,,
MDG,Madagascar,1985,11.848,,,,,,,11.848329,,11.848,,,,,1,IMF_WEO,,
MDG,Madagascar,1993,17.076,,,,,,,17.076013,,17.076,,,,,1,IMF_WEO,,
MDG,Madagascar,1981,18.17,,,,,,,18.169508,,18.17,,,,,1,IMF_WEO,,
MDG,Madagascar,1991,13.483,,,,,,,13.483149,,13.483,,,,,1,IMF_WEO,,
MDG,Madagascar,1986,11.068,,,,,,,11.067681,,11.068,,,,,1,IMF_WEO,,
MDG,Madagascar,1996,14.396,,,,,,,14.395746,,14.396,,,,,1,IMF_WEO,,
MDG,Madagascar,2006,18.474,,,,,,,18.473828,,18.474,,,,,1,IMF_WEO,,
MDV,Maldives,2018,31.886,31.9,,,,,,31.886425,,31.886,,,,,1,IMF_WEO,,
MDV,Maldives,2006,35.046,35,,,,,,35.046136,27.81293,35.046,,,,,1,IMF_WEO,,
MDV,Maldives,1991,37.701,,,,,,,37.700597,15.984845,37.701,,,,,1,IMF_WEO,,
MDV,Maldives,2009,36.99,37,,,,,,36.989853,29.197088,36.99,,,,,1,IMF_WEO,,
MDV,Maldives,2029,38.838,,,,,,,,,,38.838001,,,,1,IMF_WEO_forecast,,
MDV,Maldives,1993,34.729,,,,,,,34.729321,16.191551,34.729,,,,,1,IMF_WEO,,
MDV,Maldives,2015,33.789,33.8,,,,,,33.788952,,33.789,,,,,1,IMF_WEO,,
MDV,Maldives,2028,40.5,,,,,,,,,,40.5,,,,1,IMF_WEO_forecast,,
MDV,Maldives,2023,44.3,44.3,,,,,,46.461496,,,46.460999,,,,1,ADB,,
MDV,Maldives,2025,47.774,,,,,,,,,,47.773998,,,,1,IMF_WEO_forecast,,
MDV,Maldives,2022,42.2,42.2,,,,,,42.028937,,,42.028999,,,,1,ADB,1,2
MDV,Maldives,2014,29.084,29.1,,,,,,29.084438,,29.084,,,,,1,IMF_WEO,,
MDV,Maldives,2027,42.613,,,,,,,,,,42.612999,,,,1,IMF_WEO_forecast,,
MDV,Maldives,1994,30.65,,,,,,,30.650169,15.62199,30.65,,,,,1,IMF_WEO,,
MDV,Maldives,2017,30.357,30.4,,,,,,30.356897,,30.357,,,,,1,IMF_WEO,,
MDV,Maldives,2008,35.569,35.6,,,,,,35.568919,25.666959,35.569,,,,,1,IMF_WEO,,
MDV,Maldives,2001,29.649,30.2,,,,,,29.649086,20.071497,29.649,,,,,1,IMF_WEO,,
MDV,Maldives,1992,36.093,,,,,,,36.092977,16.736575,36.093,,,,,1,IMF_WEO,,
MDV,Maldives,2002,29.576,30.1,,,,,,29.57605,19.897216,29.576,,,,,1,IMF_WEO,,
MDV,Maldives,2010,33.193,33.2,,,,,,33.192904,,33.193,,,,,1,IMF_WEO,,
MDV,Maldives,2005,38.784,38.8,,,,,,38.784399,31.181893,38.784,,,,,1,IMF_WEO,,
MDV,Maldives,2013,26.991,27,,,,,,26.990568,,26.991,,,,,1,IMF_WEO,,
MDV,Maldives,2004,24.065,24.1,,,,,,24.065461,17.754754,24.065,,,,,1,IMF_WEO,,
MDV,Maldives,2012,29.767,29.8,,,,,,29.766841,,29.767,,,,,1,IMF_WEO,,
MDV,Maldives,2021,40.615,40.7,,,,,,40.614865,,40.615,,,,,1,IMF_WEO,,
MDV,Maldives,2024,49.15,,,,,,,,,,49.150002,,,,1,IMF_WEO_forecast,1,2
MDV,Maldives,2000,29.045,37.3,,,,,,29.045405,19.886228,29.045,,,,,1,IMF_WEO,,
MDV,Maldives,1998,25.903,,,,,,,25.903146,15.904108,25.903,,,,,1,IMF_WEO,,
MDV,Maldives,1996,27.277,,,,,,,27.277118,15.396761,27.277,,,,,1,IMF_WEO,,
MDV,Maldives,2020,50.352,50.4,,,,,,50.352419,,50.352,,,,,1,IMF_WEO,,
MDV,Maldives,1990,33.328,,,,,,,33.328076,15.451242,33.328,,,,,1,IMF_WEO,,
MDV,Maldives,2011,31.26,31.3,,,,,,31.259922,,31.26,,,,,1,IMF_WEO,,
MDV,Maldives,2016,37.34,37.3,,,,,,37.339666,,37.34,,,,,1,IMF_WEO,,
MDV,Maldives,1995,31.325,,,,,,,31.325076,16.012661,31.325,,,,,1,IMF_WEO,,
MDV,Maldives,2007,34.812,34.8,,,,,,34.812012,27.430548,34.812,,,,,1,IMF_WEO,,
MDV,Maldives,2019,32.919,32.9,,,,,,32.918993,,32.919,,,,,1,IMF_WEO,,
MDV,Maldives,1997,25.223,,,,,,,25.222934,15.392383,25.223,,,,,1,IMF_WEO,,
MDV,Maldives,2003,26.375,26.4,,,,,,26.374549,17.41797,26.375,,,,,1,IMF_WEO,,
MDV,Maldives,2026,45.295,,,,,,,,,,45.294998,,,,1,IMF_WEO_forecast,,
MDV,Maldives,1999,28.023,,,,,,,28.023253,17.359388,28.023,,,,,1,IMF_WEO,,
MEX,Mexico,1949,10.9067,,,,,,,10.9067,,,,,,,1,IMF_FPP,,
MEX,Mexico,2017,25.018,,,,,,,25.01818,20.733727,25.018,,,,,1,IMF_WEO,,
MEX,Mexico,1955,8.14265,,,,,,,8.1426497,,,,,,,1,IMF_FPP,,
MEX,Mexico,2018,24.97,,,,,,,24.969736,20.750122,24.97,,,,,1,IMF_WEO,,
MEX,Mexico,1985,21.358,,,,,,,21.358,,,,,,,1,IMF_FPP,,
MEX,Mexico,1946,6.54851,,,,,,,6.5485101,,,,,,,1,IMF_FPP,,
MEX,Mexico,1921,4.72961,,,,,,,4.72961,,,,,,,1,IMF_FPP,,
MEX,Mexico,1902,4.42584,,,,,,,4.4258399,,,,,,,1,IMF_FPP,,
MEX,Mexico,1992,19.022,,,,,,,13.3747,,19.022,,,,,1,IMF_WEO,,
MEX,Mexico,2004,20.459,,,,,,,20.459229,,20.459,,,,,1,IMF_WEO,,
MEX,Mexico,1941,7.46317,,,,,,,7.4631701,,,,,,,1,IMF_FPP,,
MEX,Mexico,1986,25.1425,,,,,,,25.1425,,,,,,,1,IMF_FPP,,
MEX,Mexico,1981,20.1213,,,,,,,20.1213,,,,,,,1,IMF_FPP,,
MEX,Mexico,1958,8.76676,,,,,,,8.7667599,,,,,,,1,IMF_FPP,,
MEX,Mexico,1912,4.45415,,,,,,,4.4541502,,,,,,,1,IMF_FPP,,
MEX,Mexico,2022,24.47309,,,,,,,28.578511,24.473087,,28.579,,,,1,IMF_GFS,1,3
MEX,Mexico,2007,22.521,,,,,,,22.521006,,22.521,,,,,1,IMF_WEO,,
MEX,Mexico,1908,4.31894,,,,,,,4.3189402,,,,,,,1,IMF_FPP,,
MEX,Mexico,2027,25.956,,,,,,,,,,25.955999,,,,1,IMF_WEO_forecast,,
MEX,Mexico,1942,7.91124,,,,,,,7.9112401,,,,,,,1,IMF_FPP,,
MEX,Mexico,1971,10.612,,,,,,,10.612,,,,,,,1,IMF_FPP,,
MEX,Mexico,1989,19.2218,,,,,,,19.2218,,,,,,,1,IMF_FPP,1,3
MEX,Mexico,2016,26.523,,,,,,,26.522521,21.031451,26.523,,,,,1,IMF_WEO,,
MEX,Mexico,1967,10.43,,,,,,,10.43,,,,,,,1,IMF_FPP,,
MEX,Mexico,1979,16.4628,,,,,,,16.462799,,,,,,,1,IMF_FPP,,
MEX,Mexico,1932,6.6126,,,,,,,6.6125998,,,,,,,1,IMF_FPP,,
MEX,Mexico,1999,20.137,,,,,,,20.136947,,20.137,,,,,1,IMF_WEO,,
MEX,Mexico,1972,11.8641,,,,,,,11.8641,,,,,,,1,IMF_FPP,,
MEX,Mexico,2015,26.557,,,,,,,26.557375,21.580975,26.557,,,,,1,IMF_WEO,,
MEX,Mexico,1970,10.9393,,,,,,,10.9393,,,,,,,1,IMF_FPP,,
MEX,Mexico,1968,10.9488,,,,,,,10.9488,,,,,,,1,IMF_FPP,,
MEX,Mexico,1983,21.6257,,,,,,,21.6257,,,,,,,1,IMF_FPP,,
MEX,Mexico,1916,,,,,,,,,,,,,,,1,IMF_FPP,,
MEX,Mexico,2006,21.577,,,,,,,21.576568,,21.577,,,,,1,IMF_WEO,,
MEX,Mexico,2025,27.367,,,,,,,,,,27.367001,,,,1,IMF_WEO_forecast,,
MEX,Mexico,1944,8.00489,,,,,,,8.0048904,,,,,,,1,IMF_FPP,,
MEX,Mexico,1994,18.937,,,,,,,12.5406,,18.937,,,,,1,IMF_WEO,,
MEX,Mexico,2008,26.502,,,,,,,26.501976,,26.502,,,,,1,IMF_WEO,,
MEX,Mexico,2009,26.517,,,,,,,26.516525,22.444047,26.517,,,,,1,IMF_WEO,,
MEX,Mexico,1900,4.70767,,,,,,,4.7076702,,,,,,,1,IMF_FPP,,
MEX,Mexico,1936,7.59446,,,,,,,7.59446,,,,,,,1,IMF_FPP,,
MEX,Mexico,1959,8.07895,,,,,,,8.0789499,,,,,,,1,IMF_FPP,,
MEX,Mexico,1922,4.96732,,,,,,,4.96732,,,,,,,1,IMF_FPP,,
MEX,Mexico,2026,26.102,,,,,,,,,,26.101999,,,,1,IMF_WEO_forecast,,
MEX,Mexico,1997,20.737,,,,,,,20.737401,,20.737,,,,,1,IMF_WEO,,
MEX,Mexico,1901,3.83314,,,,,,,3.8331399,,,,,,,1,IMF_FPP,,
MEX,Mexico,1957,8.23292,,,,,,,8.2329197,,,,,,,1,IMF_FPP,,
MEX,Mexico,1956,8.41722,,,,,,,8.4172201,,,,,,,1,IMF_FPP,,
MEX,Mexico,1914,,,,,,,,,,,,,,,1,IMF_FPP,,
MEX,Mexico,2000,19.387,,,,,,,19.386516,,19.387,,,,,1,IMF_WEO,,
MEX,Mexico,1995,18.854,,,,,,,13.261,,18.854,,,,,1,IMF_WEO,,
MEX,Mexico,1980,17.5378,,,,,,,17.5378,,,,,,,1,IMF_FPP,,
MEX,Mexico,2028,25.68,,,,,,,,,,25.68,,,,1,IMF_WEO_forecast,,
MEX,Mexico,1945,7.94029,,,,,,,7.94029,,,,,,,1,IMF_FPP,,
MEX,Mexico,2012,27,,,,,,,26.999657,22.972639,27,,,,,1,IMF_WEO,,
MEX,Mexico,1923,4.70682,,,,,,,4.70682,,,,,,,1,IMF_FPP,,
MEX,Mexico,1947,7.55246,,,,,,,7.5524602,,,,,,,1,IMF_FPP,,
MEX,Mexico,1930,5.97686,,,,,,,5.97686,,,,,,,1,IMF_FPP,,
MEX,Mexico,1977,15.4656,,,,,,,15.4656,,,,,,,1,IMF_FPP,,
MEX,Mexico,1974,13.7823,,,,,,,13.7823,,,,,,,1,IMF_FPP,,
MEX,Mexico,1935,6.62996,,,,,,,6.6299601,,,,,,,1,IMF_FPP,,
MEX,Mexico,1990,22.902,,,,,,,16.566299,,22.902,,,,,1,IMF_WEO,,
MEX,Mexico,1996,20.805,,,,,,,20.804739,,20.805,,,,,1,IMF_WEO,,
MEX,Mexico,2024,30.148,,,,,,,,,,30.148001,,,,1,IMF_WEO_forecast,1,3
MEX,Mexico,1969,11.79,,,,,,,11.79,,,,,,,1,IMF_FPP,,
MEX,Mexico,1925,5.68811,,,,,,,5.6881099,,,,,,,1,IMF_FPP,,
MEX,Mexico,1964,9.21271,,,,,,,9.2127104,,,,,,,1,IMF_FPP,,
MEX,Mexico,2021,26.755,,,,,,,26.754975,23.090476,26.755,,,,,1,IMF_WEO,,
MEX,Mexico,1907,4.4757,,,,,,,4.4756999,,,,,,,1,IMF_FPP,,
MEX,Mexico,2003,21.505,,,,,,,21.505184,,21.505,,,,,1,IMF_WEO,,
MEX,Mexico,1961,8.01398,,,,,,,8.0139799,,,,,,,1,IMF_FPP,,
MEX,Mexico,1982,24.6642,,,,,,,24.6642,,,,,,,1,IMF_FPP,,
MEX,Mexico,1919,3.41325,,,,,,,3.41325,,,,,,,1,IMF_FPP,,
MEX,Mexico,2011,26.622,,,,,,,26.622072,22.699841,26.622,,,,,1,IMF_WEO,,
MEX,Mexico,2019,25.242,,,,,,,25.241837,20.783655,25.242,,,,,1,IMF_WEO,,
MEX,Mexico,1911,3.6776,,,,,,,3.6775999,,,,,,,1,IMF_FPP,,
MEX,Mexico,1960,9.49625,,,,,,,9.4962502,,,,,,,1,IMF_FPP,,
MEX,Mexico,1976,15.4635,,,,,,,15.4635,,,,,,,1,IMF_FPP,,
MEX,Mexico,1915,,,,,,,,,,,,,,,1,IMF_FPP,,
MEX,Mexico,2014,26.949,,,,,,,26.949417,22.86069,26.949,,,,,1,IMF_WEO,,
MEX,Mexico,2005,21.156,,,,,,,21.155929,,21.156,,,,,1,IMF_WEO,,
MEX,Mexico,1904,5.93682,,,,,,,5.93682,,,,,,,1,IMF_FPP,,
MEX,Mexico,1963,8.51172,,,,,,,8.5117197,,,,,,,1,IMF_FPP,,
MEX,Mexico,1931,5.35799,,,,,,,5.3579898,,,,,,,1,IMF_FPP,,
MEX,Mexico,1965,10.7445,,,,,,,10.7445,,,,,,,1,IMF_FPP,,
MEX,Mexico,1924,4.55429,,,,,,,4.5542898,,,,,,,1,IMF_FPP,,
MEX,Mexico,1954,9.6167,,,,,,,9.6167002,,,,,,,1,IMF_FPP,,
MEX,Mexico,1943,8.32374,,,,,,,8.32374,,,,,,,1,IMF_FPP,,
MEX,Mexico,1918,3.55004,,,,,,,3.55004,,,,,,,1,IMF_FPP,,
MEX,Mexico,2023,25.00156,,,,,,,28.67154,25.001558,,28.672001,,,,1,IMF_GFS,,
MEX,Mexico,1909,4.04843,,,,,,,4.04843,,,,,,,1,IMF_FPP,,
MEX,Mexico,1906,4.60081,,,,,,,4.6008101,,,,,,,1,IMF_FPP,,
MEX,Mexico,1998,19.478,,,,,,,19.478205,,19.478,,,,,1,IMF_WEO,,
MEX,Mexico,1948,8.37739,,,,,,,8.3773899,,,,,,,1,IMF_FPP,,
MEX,Mexico,1951,9.33333,,,,,,,9.3333302,,,,,,,1,IMF_FPP,,
MEX,Mexico,2013,26.669,,,,,,,26.66851,22.623175,26.669,,,,,1,IMF_WEO,,
MEX,Mexico,1950,8.77547,,,,,,,8.7754698,,,,,,,1,IMF_FPP,,
MEX,Mexico,1984,19.8085,,,,,,,19.8085,,,,,,,1,IMF_FPP,,
MEX,Mexico,1991,20.104,,,,,,,13.9065,,20.104,,,,,1,IMF_WEO,,
MEX,Mexico,1987,26.6512,,,,,,,26.651199,,,,,,,1,IMF_FPP,,
MEX,Mexico,1934,6.384,,,,,,,6.3839998,,,,,,,1,IMF_FPP,,
MEX,Mexico,1952,9.94049,,,,,,,9.9404898,,,,,,,1,IMF_FPP,,
MEX,Mexico,1937,7.04412,,,,,,,7.0441198,,,,,,,1,IMF_FPP,,
MEX,Mexico,1978,15.7012,,,,,,,15.7012,,,,,,,1,IMF_FPP,,
MEX,Mexico,1917,2.83656,,,,,,,2.83656,,,,,,,1,IMF_FPP,,
MEX,Mexico,2001,19.547,,,,,,,19.546575,,19.547,,,,,1,IMF_WEO,,
MEX,Mexico,2010,26.482,,,,,,,26.482125,22.12612,26.482,,,,,1,IMF_WEO,,
MEX,Mexico,1910,3.64516,,,,,,,3.64516,,,,,,,1,IMF_FPP,,
MEX,Mexico,1927,6.21616,,,,,,,6.2161598,,,,,,,1,IMF_FPP,,
MEX,Mexico,2029,25.631,,,,,,,,,,25.631001,,,,1,IMF_WEO_forecast,,
MEX,Mexico,1913,3.06884,,,,,,,3.06884,,,,,,,1,IMF_FPP,,
MEX,Mexico,1953,8.4785,,,,,,,8.4785004,,,,,,,1,IMF_FPP,,
MEX,Mexico,1903,6.45508,,,,,,,6.45508,,,,,,,1,IMF_FPP,,
MEX,Mexico,1939,7.33462,,,,,,,7.33462,,,,,,,1,IMF_FPP,,
MEX,Mexico,1920,4.11038,,,,,,,4.1103802,,,,,,,1,IMF_FPP,,
MEX,Mexico,1966,11.6085,,,,,,,11.6085,,,,,,,1,IMF_FPP,,
MEX,Mexico,1988,23.5942,,,,,,,23.5942,,,,,,,1,IMF_FPP,,
MEX,Mexico,1973,12.7372,,,,,,,12.7372,,,,,,,1,IMF_FPP,,
MEX,Mexico,1962,8.25924,,,,,,,8.2592402,,,,,,,1,IMF_FPP,,
MEX,Mexico,1928,5.73934,,,,,,,5.7393398,,,,,,,1,IMF_FPP,,
MEX,Mexico,1975,14.7266,,,,,,,14.7266,,,,,,,1,IMF_FPP,,
MEX,Mexico,1926,5.94258,,,,,,,5.9425802,,,,,,,1,IMF_FPP,,
MEX,Mexico,1993,18.241,,,,,,,12.3067,,18.241,,,,,1,IMF_WEO,,
MEX,Mexico,1905,4.35548,,,,,,,4.3554802,,,,,,,1,IMF_FPP,,
MEX,Mexico,1938,6.92213,,,,,,,6.9221301,,,,,,,1,IMF_FPP,,
MEX,Mexico,1940,7.39484,,,,,,,7.3948398,,,,,,,1,IMF_FPP,,
MEX,Mexico,1933,6.47805,,,,,,,6.4780502,,,,,,,1,IMF_FPP,,
MEX,Mexico,2002,19.767,,,,,,,19.767482,,19.767,,,,,1,IMF_WEO,,
MEX,Mexico,2020,27.789,,,,,,,27.788595,24.258392,27.789,,,,,1,IMF_WEO,,
MEX,Mexico,1929,5.67551,,,,,,,5.6755099,,,,,,,1,IMF_FPP,,
MHL,Marshall Islands,2005,85.336,85.4,,,,,,85.335832,,85.336,,,,,1,IMF_WEO,,
MHL,Marshall Islands,2015,56.295,56.4,,,,,,56.294557,80.009653,56.295,,,,,1,IMF_WEO,,
MHL,Marshall Islands,2009,63.057,63.2,,,,,,63.057227,80.292352,63.057,,,,,1,IMF_WEO,,
MHL,Marshall Islands,2027,79.01,,,,,,,,,,79.010002,,,,1,IMF_WEO_forecast,,
MHL,Marshall Islands,2016,56.752,57,,,,,,56.752266,78.318138,56.752,,,,,1,IMF_WEO,,
MHL,Marshall Islands,2019,65.511,65.8,,,,,,65.51133,,65.511,,,,,1,IMF_WEO,,
MHL,Marshall Islands,2010,59.222,59.4,,,,,,59.221568,75.630498,59.222,,,,,1,IMF_WEO,,
MHL,Marshall Islands,2003,52.906,,,,,,,52.906362,,52.906,,,,,1,IMF_WEO,,
MHL,Marshall Islands,2006,61.18,61.3,,,,,,61.179984,,61.18,,,,,1,IMF_WEO,,
MHL,Marshall Islands,2004,54.529,54.6,,,,,,54.528767,,54.529,,,,,1,IMF_WEO,,
MHL,Marshall Islands,2000,56.52,,,,,,,56.519625,,56.52,,,,,1,IMF_WEO,,
MHL,Marshall Islands,2001,58.818,,,,,,,58.81818,,58.818,,,,,1,IMF_WEO,,
MHL,Marshall Islands,2023,63.9,63.9,,,,,,65.988832,,,65.988998,,,,1,ADB,,
MHL,Marshall Islands,2017,63.704,63.9,,,,,,63.704335,79.725323,63.704,,,,,1,IMF_WEO,,
MHL,Marshall Islands,2028,78.977,,,,,,,,,,78.976997,,,,1,IMF_WEO_forecast,,
MHL,Marshall Islands,2007,67.249,67.4,,,,,,67.249227,,67.249,,,,,1,IMF_WEO,,
MHL,Marshall Islands,2026,75.64,,,,,,,,,,75.639999,,,,1,IMF_WEO_forecast,,
MHL,Marshall Islands,2021,69.795,70.09,,,,,,69.794509,,69.795,,,,,1,IMF_WEO,,
MHL,Marshall Islands,2018,60.451,60.6,,,,,,60.450522,78.556399,60.451,,,,,1,IMF_WEO,,
MHL,Marshall Islands,2002,55.183,,,,,,,55.182813,,55.183,,,,,1,IMF_WEO,,
MHL,Marshall Islands,2011,55.915,56,,,,,,55.914948,74.103881,55.915,,,,,1,IMF_WEO,,
MHL,Marshall Islands,2025,75.273,,,,,,,,,,75.273003,,,,1,IMF_WEO_forecast,,
MHL,Marshall Islands,1997,54.962,,,,,,,54.961935,,54.962,,,,,1,IMF_WEO,,
MHL,Marshall Islands,2013,55.005,55.2,,,,,,55.004875,76.840181,55.005,,,,,1,IMF_WEO,,
MHL,Marshall Islands,1999,48.715,,,,,,,48.714864,,48.715,,,,,1,IMF_WEO,,
MHL,Marshall Islands,1998,50.513,,,,,,,50.513033,,50.513,,,,,1,IMF_WEO,,
MHL,Marshall Islands,2012,53.212,53.3,,,,,,53.21246,74.86437,53.212,,,,,1,IMF_WEO,,
MHL,Marshall Islands,2014,49.203,49.4,,,,,,49.202914,73.882238,49.203,,,,,1,IMF_WEO,,
MHL,Marshall Islands,2022,66.32,66.32,,,,,,67.728423,,,67.727997,,,,1,ADB,1,2
MHL,Marshall Islands,2024,70.998,,,,,,,,,,70.998001,,,,1,IMF_WEO_forecast,1,2
MHL,Marshall Islands,2020,67.804,68.1,,,,,,67.804198,,67.804,,,,,1,IMF_WEO,,
MHL,Marshall Islands,2008,64.281,64.5,,,,,,64.280903,77.573668,64.281,,,,,1,IMF_WEO,,
MHL,Marshall Islands,2029,78.493,,,,,,,,,,78.492996,,,,1,IMF_WEO_forecast,,
MKD,Macedonia,2027,39.623,,,,,,,,,,39.623001,,,,1,IMF_WEO_forecast,,
MKD,Macedonia,2018,30.266,,,,,,,30.266449,28.282875,30.266,,,,,1,IMF_WEO,,
MKD,Macedonia,2003,36,,,,,,,35.999753,,36,,,,,1,IMF_WEO,,
MKD,Macedonia,2008,33.762,,,,,,,33.76172,,33.762,,,,,1,IMF_WEO,,
MKD,Macedonia,2009,33.562,,,,,,,33.562144,,33.562,,,,,1,IMF_WEO,,
MKD,Macedonia,2002,38.192,,,,,,,38.192492,,38.192,,,,,1,IMF_WEO,,
MKD,Macedonia,2028,39.531,,,,,,,,,,39.530998,,,,1,IMF_WEO_forecast,,
MKD,Macedonia,2025,40.011,,,,,,,,,,40.011002,,,,1,IMF_WEO_forecast,,
MKD,Macedonia,2017,31.763,,,,,,,31.763322,28.907551,31.763,,,,,1,IMF_WEO,,
MKD,Macedonia,2011,31.856,,,,,,,31.855744,,31.856,,,,,1,IMF_WEO,,
MKD,Macedonia,2024,40.492,,,,,,,,,,40.492001,,,,1,IMF_WEO_forecast,1,2
MKD,Macedonia,2007,31.449,,,,,,,31.448761,29.894889,31.449,,,,,1,IMF_WEO,,
MKD,Macedonia,1998,32.153,,,,,,,32.152748,,32.153,,,,,1,IMF_WEO,,
MKD,Macedonia,2012,33.257,,,,,,,33.256925,,33.257,,,,,1,IMF_WEO,,
MKD,Macedonia,2020,36.403,,,,,,,36.402756,35.721197,36.403,,,,,1,IMF_WEO,,
MKD,Macedonia,2013,31.673,,,,,,,31.673013,29.40259,31.673,,,,,1,IMF_WEO,,
MKD,Macedonia,2015,32.222,,,,,,,32.22233,29.940441,32.222,,,,,1,IMF_WEO,,
MKD,Macedonia,2001,37.362,,,,,,,37.36179,,37.362,,,,,1,IMF_WEO,,
MKD,Macedonia,2005,32.491,,,,,,,32.490808,,32.491,,,,,1,IMF_WEO,,
MKD,Macedonia,2021,35.272,,,,,,,35.271796,34.318207,35.272,,,,,1,IMF_WEO,,
MKD,Macedonia,2014,31.714,,,,,,,31.714399,29.376907,31.714,,,,,1,IMF_WEO,,
MKD,Macedonia,2029,39.439,,,,,,,,,,39.438999,,,,1,IMF_WEO_forecast,,
MKD,Macedonia,2026,39.737,,,,,,,,,,39.737,,,,1,IMF_WEO_forecast,,
MKD,Macedonia,2016,31.107,,,,,,,31.10724,28.720506,31.107,,,,,1,IMF_WEO,,
MKD,Macedonia,2023,36.6643,,,,,,,37.896972,36.664304,,37.896999,,,,1,IMF_GFS,1,2
MKD,Macedonia,2010,32.511,,,,,,,32.510511,,32.511,,,,,1,IMF_WEO,,
MKD,Macedonia,2022,35.614,,,,,,,35.614194,33.729054,35.614,,,,,1,IMF_WEO,,
MKD,Macedonia,2004,34.117,,,,,,,34.11665,,34.117,,,,,1,IMF_WEO,,
MKD,Macedonia,2019,31.406,,,,,,,31.405708,30.827576,31.406,,,,,1,IMF_WEO,,
MKD,Macedonia,2000,32.024,,,,,,,32.02442,,32.024,,,,,1,IMF_WEO,,
MKD,Macedonia,1999,32.51,,,,,,,32.51028,,32.51,,,,,1,IMF_WEO,,
MKD,Macedonia,2006,31.453,,,,,,,31.452941,30.178619,31.453,,,,,1,IMF_WEO,,
MKD,Macedonia,1997,32.266,,,,,,,32.265807,,32.266,,,,,1,IMF_WEO,,
MLI,Mali,2015,20.939,,,,,,,,,20.939,,,,,1,IMF_WEO,,
MLI,Mali,2017,22.921,,,,,,,,,22.921,,,,,1,IMF_WEO,,
MLI,Mali,2010,20.261,,,,,,,,,20.261,,,,,1,IMF_WEO,,
MLI,Mali,2008,18.812,,,,,,,,,18.812,,,,,1,IMF_WEO,,
MLI,Mali,2016,22.258,,,,,,,,,22.258,,,,,1,IMF_WEO,,
MLI,Mali,2021,26.272,,,,,,,,,26.272,,,,,1,IMF_WEO,,
MLI,Mali,2026,26.127,,,,,,,,,,26.127001,,,,1,IMF_WEO_forecast,,
MLI,Mali,2001,18.342,,,,,,,,,18.342,,,,,1,IMF_WEO,,
MLI,Mali,2005,21.635,,,,,,,,,21.635,,,,,1,IMF_WEO,,
MLI,Mali,2004,21.759,,,,,,,,,21.759,,,,,1,IMF_WEO,,
MLI,Mali,2029,27.177,,,,,,,,,,27.177,,,,1,IMF_WEO_forecast,,
MLI,Mali,2000,19.392,,,,,,,,,19.392,,,,,1,IMF_WEO,,
MLI,Mali,2002,19.939,,,,,,,,,19.939,,,,,1,IMF_WEO,,
MLI,Mali,2013,19.759,,,,,,,,,19.759,,,,,1,IMF_WEO,,
MLI,Mali,2019,23.149,,,,,,,,,23.149,,,,,1,IMF_WEO,,
MLI,Mali,2006,22.071,,,,,,,,,22.071,,,,,1,IMF_WEO,,
MLI,Mali,2020,25.889,,,,,,,,,25.889,,,,,1,IMF_WEO,,
MLI,Mali,2024,25.972,,,,,,,,,,25.972,,,,1,IMF_WEO_forecast,,
MLI,Mali,2011,20.562,,,,,,,,,20.562,,,,,1,IMF_WEO,,
MLI,Mali,2025,25.721,,,,,,,,,,25.721001,,,,1,IMF_WEO_forecast,,
MLI,Mali,2023,26.197,,,,,,,,,,26.197001,,,,1,IMF_WEO_forecast,,
MLI,Mali,2009,22.75,,,,,,,,,22.75,,,,,1,IMF_WEO,,
MLI,Mali,2007,21.49,,,,,,,,,21.49,,,,,1,IMF_WEO,,
MLI,Mali,2028,27.127,,,,,,,,,,27.127001,,,,1,IMF_WEO_forecast,,
MLI,Mali,2027,26.829,,,,,,,,,,26.829,,,,1,IMF_WEO_forecast,,
MLI,Mali,2003,20.814,,,,,,,,,20.814,,,,,1,IMF_WEO,,
MLI,Mali,2012,15.531,,,,,,,,,15.531,,,,,1,IMF_WEO,,
MLI,Mali,2022,25.706,,,,,,,,,,25.705999,,,,1,IMF_WEO_forecast,1,1
MLI,Mali,2018,20.307,,,,,,,,,20.307,,,,,1,IMF_WEO,,
MLI,Mali,2014,20.018,,,,,,,,,20.018,,,,,1,IMF_WEO,,
MLT,Malta,2028,34.615,,,,,,,,,,34.615002,,,,1,IMF_WEO_forecast,1,2
MLT,Malta,2020,42.1,,42.08147,,,42.1,,,39.924718,41.939,,,,,1,EUS,,
MLT,Malta,2029,34.639,,,,,,,,,,34.639,,,,1,IMF_WEO_forecast,,
MLT,Malta,2017,32.7,,32.70572,,,32.7,,,31.911261,32.806,,,,,1,EUS,,
MLT,Malta,2013,40.1,,40.07932,,,40.1,,,38.983197,39.885,,,,,1,EUS,,
MLT,Malta,1997,41.6,,41.58002,,,41.6,,,40.098959,,,,,,1,EUS,,
MLT,Malta,2025,36.41791,,36.41791,,,,,,,,35.035999,,,,1,AMECO,1,2
MLT,Malta,1995,39,,39.01489,,,39,,,38.894963,,,,,,1,EUS,,
MLT,Malta,2009,41.1,,41.14733,,,41.1,,,41.02613,40.974,,,,,1,EUS,,
MLT,Malta,1999,41.6,,41.62359,,,41.6,,,38.703316,,,,,,1,EUS,,
MLT,Malta,2000,40.4,,40.37592,,,40.4,,,35.512077,40.368,,,,,1,EUS,,
MLT,Malta,2014,39.6,,39.57329,,,39.6,,,37.886797,39.375,,,,,1,EUS,,
MLT,Malta,2023,35.8,,35.8273,,,35.8,,,34.178999,,36.002998,,,,1,EUS,,
MLT,Malta,2018,34.5,,34.47799,,,34.5,,,32.705832,34.306,,,,,1,EUS,,
MLT,Malta,2027,35.47963,,35.47963,,,,,,,,34.611,,,,1,AMECO,,
MLT,Malta,1998,41.2,,41.17268,,,41.2,,,39.224675,,,,,,1,EUS,,
MLT,Malta,1996,41.4,,41.39209,,,41.4,,,41.129892,,,,,,1,EUS,,
MLT,Malta,2015,37.8,,37.84703,,,37.8,,,35.474593,37.672,,,,,1,EUS,,
MLT,Malta,2022,38.4,,38.40443,,,38.4,,,36.070409,37.643,,,,,1,EUS,,
MLT,Malta,2008,42.1,,42.12606,,,42.1,,,41.783721,41.97,,,,,1,EUS,,
MLT,Malta,2003,45.2,,45.24728,,,45.2,,,42.012093,45.161,,,,,1,EUS,,
MLT,Malta,2001,41.7,,41.67496,,,41.7,,,37.204802,41.671,,,,,1,EUS,,
MLT,Malta,2007,41.2,,41.16514,,,41.2,,,39.775363,41.02,,,,,1,EUS,,
MLT,Malta,2004,41.8,,41.82464,,,41.8,,,40.354339,41.831,,,,,1,EUS,,
MLT,Malta,2019,34.9,,34.88313,,,34.9,,,32.747256,34.706,,,,,1,EUS,,
MLT,Malta,2016,35.5,,35.45636,,,35.5,,,34.59864,35.291,,,,,1,EUS,,
MLT,Malta,2005,42.6,,42.60513,,,42.6,,,40.281646,42.555,,,,,1,EUS,,
MLT,Malta,2026,35.72197,,35.72197,,,,,,,,34.657001,,,,1,AMECO,,
MLT,Malta,2011,41.5,,41.49408,,,41.5,,,40.542885,41.305,,,,,1,EUS,,
MLT,Malta,2012,41.7,,41.6875,,,41.7,,,40.01337,41.497,,,,,1,EUS,,
MLT,Malta,2006,42.5,,42.48435,,,42.5,,,40.365387,42.367,,,,,1,EUS,,
MLT,Malta,2024,37.5,,37.47347,,,37.5,,,,,35.285,,,,1,EUS,,
MLT,Malta,2021,39.4,,39.4369,,,39.4,,,37.251903,39.3,,,,,1,EUS,,
MLT,Malta,2010,40.1,,40.06424,,,40.1,,,39.742637,39.89,,,,,1,EUS,,
MLT,Malta,2002,41.5,,41.51815,,,41.5,,,37.222399,41.543,,,,,1,EUS,,
MMR,Myanmar,1999,21.903,,,,,,,21.903439,,21.903,,,,,1,IMF_WEO,,
MMR,Myanmar,2026,23.827,,,,,,,,,,23.827,,,,1,IMF_WEO_forecast,,
MMR,Myanmar,2001,18.335,,,,,,,18.33463,,18.335,,,,,1,IMF_WEO,,
MMR,Myanmar,2010,15.164,,,,,,,15.164243,,15.164,,,,,1,IMF_WEO,,
MMR,Myanmar,2021,23.3396,,,,,,,23.339604,,,23.34,,,,1,IMF_FPP,,
MMR,Myanmar,2027,23.719,,,,,,,,,,23.719,,,,1,IMF_WEO_forecast,,
MMR,Myanmar,2002,14.72,,,,,,,14.71998,,14.72,,,,,1,IMF_WEO,,
MMR,Myanmar,2028,23.951,,,,,,,,,,23.951,,,,1,IMF_WEO_forecast,,
MMR,Myanmar,2024,23.353,,,,,,,,,,23.353001,,,,1,IMF_WEO_forecast,1,2
MMR,Myanmar,2006,14.995,,,,,,,14.995028,,14.995,,,,,1,IMF_WEO,,
MMR,Myanmar,2012,19.174,14.21255,,,,,,19.174285,11.330687,19.174,,,,,1,IMF_WEO,,
MMR,Myanmar,2014,23.777,16.38216,,,,,,23.77713,17.185165,23.777,,,,,1,IMF_WEO,,
MMR,Myanmar,2016,23.433,15.79194,,,,,,23.432911,15.123861,23.433,,,,,1,IMF_WEO,,
MMR,Myanmar,1998,24.224,,,,,,,24.22412,,24.224,,,,,1,IMF_WEO,,
MMR,Myanmar,2023,23.37337,,,,,,,23.373368,,,23.372999,,,,1,IMF_FPP,,
MMR,Myanmar,2003,13.784,,,,,,,13.784077,,13.784,,,,,1,IMF_WEO,,
MMR,Myanmar,2018,21.031,16.84789,,,,,,21.031496,6.3513991,21.031,,,,,1,IMF_WEO,,
MMR,Myanmar,2022,22.60115,,,,,,,22.601151,,,22.601,,,,1,IMF_FPP,,
MMR,Myanmar,2019,20.256,14.22971,,,,,,20.255975,13.49487,20.256,,,,,1,IMF_WEO,,
MMR,Myanmar,2007,15.108,,,,,,,15.108267,,15.108,,,,,1,IMF_WEO,,
MMR,Myanmar,2013,22.962,14.39741,,,,,,22.961684,15.335064,22.962,,,,,1,IMF_WEO,,
MMR,Myanmar,2017,20.767,15.48954,,,,,,20.766702,16.955503,20.767,,,,,1,IMF_WEO,,
MMR,Myanmar,2011,14.999,,,,,,,14.999438,,14.999,,,,,1,IMF_WEO,,
MMR,Myanmar,2029,23.819,,,,,,,,,,23.819,,,,1,IMF_WEO_forecast,,
MMR,Myanmar,2009,13.884,,,,,,,13.883613,,13.884,,,,,1,IMF_WEO,,
MMR,Myanmar,2020,22.60944,,,,,,,22.609442,,,22.608999,,,,1,IMF_FPP,1,2
MMR,Myanmar,2004,13.987,,,,,,,13.987159,,13.987,,,,,1,IMF_WEO,,
MMR,Myanmar,2015,24.208,16.24781,,,,,,24.208197,16.728882,24.208,,,,,1,IMF_WEO,,
MMR,Myanmar,2000,20.603,,,,,,,20.603196,,20.603,,,,,1,IMF_WEO,,
MMR,Myanmar,2008,13.837,,,,,,,13.836775,,13.837,,,,,1,IMF_WEO,,
MMR,Myanmar,2025,23.78,,,,,,,,,,23.780001,,,,1,IMF_WEO_forecast,,
MMR,Myanmar,2005,14.074,,,,,,,14.074442,,14.074,,,,,1,IMF_WEO,,
MNE,Montenegro,2019,43.974,,,,,,,,,43.974,,,,,1,IMF_WEO,,
MNE,Montenegro,2013,45.827,,,,,,,,,45.827,,,,,1,IMF_WEO,,
MNE,Montenegro,2020,54.35,,,,,,,,,54.35,,,,,1,IMF_WEO,,
MNE,Montenegro,2022,42.318,,,,,,,,,42.318,,,,,1,IMF_WEO,,
MNE,Montenegro,2009,51.339,,,,,,,,,51.339,,,,,1,IMF_WEO,,
MNE,Montenegro,2024,44.516,,,,,,,,,,44.515999,,,,1,IMF_WEO_forecast,,
MNE,Montenegro,2010,46.647,,,,,,,,,46.647,,,,,1,IMF_WEO,,
MNE,Montenegro,2008,51.098,,,,,,,,,51.098,,,,,1,IMF_WEO,,
MNE,Montenegro,2026,43.945,,,,,,,,,,43.945,,,,1,IMF_WEO_forecast,,
MNE,Montenegro,2006,42.523,,,,,,,,,42.523,,,,,1,IMF_WEO,,
MNE,Montenegro,2029,44.747,,,,,,,,,,44.747002,,,,1,IMF_WEO_forecast,,
MNE,Montenegro,2025,43.845,,,,,,,,,,43.845001,,,,1,IMF_WEO_forecast,,
MNE,Montenegro,2023,41.055,,,,,,,,,,41.055,,,,1,IMF_WEO_forecast,1,1
MNE,Montenegro,2015,46.38,,,,,,,,,46.38,,,,,1,IMF_WEO,,
MNE,Montenegro,2007,43.858,,,,,,,,,43.858,,,,,1,IMF_WEO,,
MNE,Montenegro,2004,39.897,,,,,,,,,39.897,,,,,1,IMF_WEO,,
MNE,Montenegro,2021,44.829,,,,,,,,,44.829,,,,,1,IMF_WEO,,
MNE,Montenegro,2018,47.186,,,,,,,,,47.186,,,,,1,IMF_WEO,,
MNE,Montenegro,2003,43.228,,,,,,,,,43.228,,,,,1,IMF_WEO,,
MNE,Montenegro,2012,45.707,,,,,,,,,45.707,,,,,1,IMF_WEO,,
MNE,Montenegro,2005,38.17,,,,,,,,,38.17,,,,,1,IMF_WEO,,
MNE,Montenegro,2028,44.548,,,,,,,,,,44.548,,,,1,IMF_WEO_forecast,,
MNE,Montenegro,2017,47.093,,,,,,,,,47.093,,,,,1,IMF_WEO,,
MNE,Montenegro,2014,44.209,,,,,,,,,44.209,,,,,1,IMF_WEO,,
MNE,Montenegro,2016,47.516,,,,,,,,,47.516,,,,,1,IMF_WEO,,
MNE,Montenegro,2027,44.227,,,,,,,,,,44.227001,,,,1,IMF_WEO_forecast,,
MNE,Montenegro,2011,45.279,,,,,,,,,45.279,,,,,1,IMF_WEO,,
MNE,Montenegro,2002,37.451,,,,,,,,,37.451,,,,,1,IMF_WEO,,
MNG,Mongolia,1999,33.202,,,,,,,33.202083,23.962825,33.202,,,,,1,IMF_WEO,,
MNG,Mongolia,2015,31.177,37.2,,,,,,31.177296,26.373099,31.177,,,,,1,IMF_WEO,,
MNG,Mongolia,1987,52.805,,,,,,,,,52.805,,,,,1,IMF_WEO,,
MNG,Mongolia,1990,51.7,,,,,,,,,51.7,,,,,1,IMF_WEO,,
MNG,Mongolia,1998,36.188,,,,,,,36.188264,24.652413,36.188,,,,,1,IMF_WEO,,
MNG,Mongolia,1994,32.177,,,,,,,32.176906,20.026525,32.177,,,,,1,IMF_WEO,,
MNG,Mongolia,2019,30.819,37.7,,,,,,30.819079,25.384487,30.819,,,,,1,IMF_WEO,,
MNG,Mongolia,2023,24.95296,39.8,,,,,,31.888015,24.952964,,31.888,,,,1,IMF_GFS,1,2
MNG,Mongolia,2022,33.722,41.3,,,,,,33.721723,26.957723,33.722,,,,,1,IMF_WEO,,
MNG,Mongolia,2021,25.096,43.1,,,,,,25.096145,34.129647,25.096,,,,,1,IMF_WEO,,
MNG,Mongolia,1996,28.622,,,,,,,28.622218,18.128945,28.622,,,,,1,IMF_WEO,,
MNG,Mongolia,2017,32.177,37,,,,,,32.176951,25.80033,32.177,,,,,1,IMF_WEO,,
MNG,Mongolia,2024,37.243,,,,,,,,,,37.243,,,,1,IMF_WEO_forecast,1,2
MNG,Mongolia,2027,36.503,,,,,,,,,,36.502998,,,,1,IMF_WEO_forecast,,
MNG,Mongolia,2014,32.144,39.751107,,,,,,32.143567,24.539243,32.144,,,,,1,IMF_WEO,,
MNG,Mongolia,2029,36.485,,,,,,,,,,36.485001,,,,1,IMF_WEO_forecast,,
MNG,Mongolia,2009,35.454,41.108113,,,,,,35.453775,28.085959,35.454,,,,,1,IMF_WEO,,
MNG,Mongolia,2018,28.406,32.4,,,,,,28.405554,24.507184,28.406,,,,,1,IMF_WEO,,
MNG,Mongolia,1985,47.834,,,,,,,,,47.834,,,,,1,IMF_WEO,,
MNG,Mongolia,1983,45.926,,,,,,,,,45.926,,,,,1,IMF_WEO,,
MNG,Mongolia,2004,31.82,31.699409,,,,,,31.819824,,31.82,,,,,1,IMF_WEO,,
MNG,Mongolia,2025,37.48,,,,,,,,,,37.48,,,,1,IMF_WEO_forecast,,
MNG,Mongolia,2028,36.407,,,,,,,,,,36.407001,,,,1,IMF_WEO_forecast,,
MNG,Mongolia,1991,46.033,,,,,,,46.032744,,46.033,,,,,1,IMF_WEO,,
MNG,Mongolia,2011,37.932,44.013559,,,,,,37.931757,25.143469,37.932,,,,,1,IMF_WEO,,
MNG,Mongolia,1988,52.364,,,,,,,,,52.364,,,,,1,IMF_WEO,,
MNG,Mongolia,2006,26.193,35.07533,,,,,,26.192655,25.322323,26.193,,,,,1,IMF_WEO,,
MNG,Mongolia,2003,33.665,33.665253,,,,,,33.664751,25.469274,33.665,,,,,1,IMF_WEO,,
MNG,Mongolia,2000,34.528,34.590278,,,,,,34.528461,28.170956,34.528,,,,,1,IMF_WEO,,
MNG,Mongolia,1992,29.125,,,,,,,29.125106,23.506035,29.125,,,,,1,IMF_WEO,,
MNG,Mongolia,2010,31.575,35.241434,,,,,,31.575434,24.352313,31.575,,,,,1,IMF_WEO,,
MNG,Mongolia,2005,25.114,25.643567,,,,,,25.113717,,25.114,,,,,1,IMF_WEO,,
MNG,Mongolia,2008,37.629,45.914701,,,,,,37.628682,27.478325,37.629,,,,,1,IMF_WEO,,
MNG,Mongolia,2002,35.501,35.448476,,,,,,35.500954,25.985566,35.501,,,,,1,IMF_WEO,,
MNG,Mongolia,2013,32.151,39.292765,,,,,,32.150868,24.497463,32.151,,,,,1,IMF_WEO,,
MNG,Mongolia,2007,35.3,39.677318,,,,,,35.300092,24.363462,35.3,,,,,1,IMF_WEO,,
MNG,Mongolia,1997,30.833,,,,,,,30.832877,21.528497,30.833,,,,,1,IMF_WEO,,
MNG,Mongolia,2016,39.677,47.5,,,,,,39.677393,28.494367,39.677,,,,,1,IMF_WEO,,
MNG,Mongolia,1995,26.597,,,,,,,26.596587,16.877738,26.597,,,,,1,IMF_WEO,,
MNG,Mongolia,2001,35.185,34.842941,,,,,,35.184869,27.936786,35.185,,,,,1,IMF_WEO,,
MNG,Mongolia,1989,52.651,,,,,,,,,52.651,,,,,1,IMF_WEO,,
MNG,Mongolia,1982,45.416,,,,,,,,,45.416,,,,,1,IMF_WEO,,
MNG,Mongolia,1981,45.007,,,,,,,,,45.007,,,,,1,IMF_WEO,,
MNG,Mongolia,2026,36.689,,,,,,,,,,36.688999,,,,1,IMF_WEO_forecast,,
MNG,Mongolia,1993,38.295,,,,,,,38.294532,19.501715,38.295,,,,,1,IMF_WEO,,
MNG,Mongolia,2012,36.06,44.81447,,,,,,36.059739,27.282587,36.06,,,,,1,IMF_WEO,,
MNG,Mongolia,2020,37.124,45.3,,,,,,37.124314,33.648765,37.124,,,,,1,IMF_WEO,,
MNG,Mongolia,1984,47.003,,,,,,,,,47.003,,,,,1,IMF_WEO,,
MNG,Mongolia,1986,52.004,,,,,,,,,52.004,,,,,1,IMF_WEO,,
MOZ,Mozambique,1988,27.047,,,,,,,27.047252,,27.047,,,,,1,IMF_WEO,,
MOZ,Mozambique,1996,14.88,,,,,,,14.880369,,14.88,,,,,1,IMF_WEO,,
MOZ,Mozambique,2010,26.618,,,,,,,26.618003,,26.618,,,,,1,IMF_WEO,,
MOZ,Mozambique,1984,30.873,,,,,,,30.873435,,30.873,,,,,1,IMF_WEO,,
MOZ,Mozambique,2000,17.194,,,,,,,17.193715,,17.194,,,,,1,IMF_WEO,,
MOZ,Mozambique,1981,23.816,,,,,,,23.81585,,23.816,,,,,1,IMF_WEO,,
MOZ,Mozambique,2027,28.347,,,,,,,,,,28.347,,,,1,IMF_WEO_forecast,,
MOZ,Mozambique,1993,20.655,,,,,,,20.655458,,20.655,,,,,1,IMF_WEO,,
MOZ,Mozambique,1980,14.213,,,,,,,14.212878,,14.213,,,,,1,IMF_WEO,,
MOZ,Mozambique,2029,25.225,,,,,,,,,,25.225,,,,1,IMF_WEO_forecast,,
MOZ,Mozambique,2020,32.178,,,,,,,32.178233,,32.178,,,,,1,IMF_WEO,,
MOZ,Mozambique,2002,18.617,,,,,,,18.616703,,18.617,,,,,1,IMF_WEO,,
MOZ,Mozambique,2024,32.501,,,,,,,,,,32.500999,,,,1,IMF_WEO_forecast,1,2
MOZ,Mozambique,2007,20.921,,,,,,,20.920694,,20.921,,,,,1,IMF_WEO,,
MOZ,Mozambique,1982,27.045,,,,,,,27.044869,,27.045,,,,,1,IMF_WEO,,
MOZ,Mozambique,1987,22.882,,,,,,,22.881654,,22.882,,,,,1,IMF_WEO,,
MOZ,Mozambique,2011,28.9,,,,,,,28.899619,,28.9,,,,,1,IMF_WEO,,
MOZ,Mozambique,1995,18.755,,,,,,,18.755374,,18.755,,,,,1,IMF_WEO,,
MOZ,Mozambique,2012,28.115,,,,,,,28.114778,,28.115,,,,,1,IMF_WEO,,
MOZ,Mozambique,2004,17.768,,,,,,,17.767553,,17.768,,,,,1,IMF_WEO,,
MOZ,Mozambique,1999,15.609,,,,,,,15.608574,,15.609,,,,,1,IMF_WEO,,
MOZ,Mozambique,2003,18.607,,,,,,,18.607462,,18.607,,,,,1,IMF_WEO,,
MOZ,Mozambique,1991,17.331,,,,,,,17.330922,,17.331,,,,,1,IMF_WEO,,
MOZ,Mozambique,2006,20.14,,,,,,,20.139597,,20.14,,,,,1,IMF_WEO,,
MOZ,Mozambique,1983,35.338,,,,,,,35.338387,,35.338,,,,,1,IMF_WEO,,
MOZ,Mozambique,2013,31.712,,,,,,,31.712253,,31.712,,,,,1,IMF_WEO,,
MOZ,Mozambique,2001,20.768,,,,,,,20.76783,,20.768,,,,,1,IMF_WEO,,
MOZ,Mozambique,2017,28.591,,,,,,,28.590971,,28.591,,,,,1,IMF_WEO,,
MOZ,Mozambique,2016,28.738,,,,,,,28.738213,,28.738,,,,,1,IMF_WEO,,
MOZ,Mozambique,2008,21.295,,,,,,,21.295361,,21.295,,,,,1,IMF_WEO,,
MOZ,Mozambique,2009,25.691,,,,,,,25.690545,,25.691,,,,,1,IMF_WEO,,
MOZ,Mozambique,1997,16.546,,,,,,,16.545942,,16.546,,,,,1,IMF_WEO,,
MOZ,Mozambique,2015,32.166,,,,,,,32.165794,,32.166,,,,,1,IMF_WEO,,
MOZ,Mozambique,1986,24.23,,,,,,,24.230232,,24.23,,,,,1,IMF_WEO,,
MOZ,Mozambique,2026,28.654,,,,,,,,,,28.653999,,,,1,IMF_WEO_forecast,,
MOZ,Mozambique,1992,21.059,,,,,,,21.058939,,21.059,,,,,1,IMF_WEO,,
MOZ,Mozambique,2019,28.004,,,,,,,28.004325,,28.004,,,,,1,IMF_WEO,,
MOZ,Mozambique,2021,30.77,,,,,,,30.770355,,30.77,,,,,1,IMF_WEO,,
MOZ,Mozambique,2018,31.167,,,,,,,31.166645,,31.167,,,,,1,IMF_WEO,,
MOZ,Mozambique,2025,29.63,,,,,,,,,,29.629999,,,,1,IMF_WEO_forecast,,
MOZ,Mozambique,2022,32.785,,,,,,,32.785431,,32.785,,,,,1,IMF_WEO,,
MOZ,Mozambique,1990,20.965,,,,,,,20.96469,,20.965,,,,,1,IMF_WEO,,
MOZ,Mozambique,1985,21.047,,,,,,,21.046921,,21.047,,,,,1,IMF_WEO,,
MOZ,Mozambique,1998,14.945,,,,,,,14.944551,,14.945,,,,,1,IMF_WEO,,
MOZ,Mozambique,2023,33.15611,,,,,,,33.156107,,,33.155998,,,,1,IMF_FPP,1,2
MOZ,Mozambique,2014,39.733,,,,,,,39.733435,,39.733,,,,,1,IMF_WEO,,
MOZ,Mozambique,1994,22.938,,,,,,,22.938476,,22.938,,,,,1,IMF_WEO,,
MOZ,Mozambique,2005,16.983,,,,,,,16.983415,,16.983,,,,,1,IMF_WEO,,
MOZ,Mozambique,1989,27.049,,,,,,,27.049163,,27.049,,,,,1,IMF_WEO,,
MOZ,Mozambique,2028,26.641,,,,,,,,,,26.641001,,,,1,IMF_WEO_forecast,,
MRT,Mauritania,2028,26.344,,,,,,,,,,26.344,,,,1,IMF_WEO_forecast,,
MRT,Mauritania,2008,19.815,,,,,,,,,19.815,,,,,1,IMF_WEO,,
MRT,Mauritania,2009,19.634,,,,,,,,,19.634,,,,,1,IMF_WEO,,
MRT,Mauritania,2014,282.5422,,,282.5422,,,,,,23.897,,,,,1,AMF,,
MRT,Mauritania,2027,25.789,,,,,,,,,,25.789,,,,1,IMF_WEO_forecast,,
MRT,Mauritania,2020,11.72613,,,11.72613,,,,,,18.532,,,,,1,AMF,,
MRT,Mauritania,2005,21.319,,,,,,,,,21.319,,,,,1,IMF_WEO,,
MRT,Mauritania,2011,17.036,,,,,,,,,17.036,,,,,1,IMF_WEO,,
MRT,Mauritania,2013,25.75589,,,25.75589,,,,,,20.109,,,,,1,AMF,,
MRT,Mauritania,2018,12.86492,,,12.86492,,,,,,18.99,,,,,1,AMF,,
MRT,Mauritania,2017,13.31187,,,13.31187,,,,,,20.299,,,,,1,AMF,,
MRT,Mauritania,2012,21.544,,,,,,,,,21.544,,,,,1,IMF_WEO,1,3
MRT,Mauritania,2023,24.963,,,,,,,,,,24.962999,,,,1,IMF_WEO_forecast,1,3
MRT,Mauritania,2024,25.374,,,,,,,,,,25.374001,,,,1,IMF_WEO_forecast,,
MRT,Mauritania,2015,14.52785,,,14.52785,,,,,,25.656,,,,,1,AMF,,
MRT,Mauritania,2029,26.762,,,,,,,,,,26.761999,,,,1,IMF_WEO_forecast,,
MRT,Mauritania,2019,11.15844,,,11.15844,,,,,,17.825,,,,,1,AMF,,
MRT,Mauritania,2022,28.702,,,,,,,,,28.702,,,,,1,IMF_WEO,,
MRT,Mauritania,2010,17.322,,,,,,,,,17.322,,,,,1,IMF_WEO,,
MRT,Mauritania,2021,20.78,,,,,,,,,20.78,,,,,1,IMF_WEO,1,3
MRT,Mauritania,2007,19.659,,,,,,,,,19.659,,,,,1,IMF_WEO,,
MRT,Mauritania,2025,25.811,,,,,,,,,,25.811001,,,,1,IMF_WEO_forecast,,
MRT,Mauritania,2026,25.661,,,,,,,,,,25.660999,,,,1,IMF_WEO_forecast,,
MRT,Mauritania,2016,12.26067,,,12.26067,,,,,,20.835,,,,,1,AMF,,
MRT,Mauritania,2004,23.861,,,,,,,,,23.861,,,,,1,IMF_WEO,,
MRT,Mauritania,2006,18.996,,,,,,,,,18.996,,,,,1,IMF_WEO,,
MUS,Mauritius,2001,21.542,,,,,,,,,21.542,,,,,1,IMF_WEO,,
MUS,Mauritius,2029,28.428,,,,,,,,,,28.427999,,,,1,IMF_WEO_forecast,,
MUS,Mauritius,2000,21.196,,,,,,,,,21.196,,,,,1,IMF_WEO,,
MUS,Mauritius,2025,29.084,,,,,,,,,,29.084,,,,1,IMF_WEO_forecast,,
MUS,Mauritius,2004,21.918,,,,,,,,18.986029,21.918,,,,,1,IMF_WEO,,
MUS,Mauritius,2028,28.455,,,,,,,,,,28.455,,,,1,IMF_WEO_forecast,,
MUS,Mauritius,2023,27.46233,,,,,,,,27.462332,,27.315001,,,,1,IMF_GFS,1,2
MUS,Mauritius,2014,22.456,,,,,,,,20.183964,22.456,,,,,1,IMF_WEO,,
MUS,Mauritius,2002,21.977,,,,,,,,19.100471,21.977,,,,,1,IMF_WEO,,
MUS,Mauritius,2003,22.17,,,,,,,,18.580222,22.17,,,,,1,IMF_WEO,,
MUS,Mauritius,2005,21.77,,,,,,,,19.035646,21.77,,,,,1,IMF_WEO,,
MUS,Mauritius,2018,23.948,,,,,,,,22.201731,23.948,,,,,1,IMF_WEO,,
MUS,Mauritius,2017,23.596,,,,,,,,21.95954,23.596,,,,,1,IMF_WEO,,
MUS,Mauritius,1999,25.92,,,,,,,,,25.92,,,,,1,IMF_WEO,,
MUS,Mauritius,2011,23.048,,,,,,,,18.690305,23.048,,,,,1,IMF_WEO,,
MUS,Mauritius,2019,30.248,,,,,,,,22.560154,30.248,,,,,1,IMF_WEO,,
MUS,Mauritius,2007,20.369,,,,,,,,18.037118,20.369,,,,,1,IMF_WEO,,
MUS,Mauritius,2009,24.471,,,,,,,,19.361465,24.471,,,,,1,IMF_WEO,,
MUS,Mauritius,2015,23.728,,,,,,,,,23.728,,,,,1,IMF_WEO,,
MUS,Mauritius,2022,27.407,,,,,,,,28.033242,27.407,,,,,1,IMF_WEO,,
MUS,Mauritius,2013,23.413,,,,,,,,20.030459,23.413,,,,,1,IMF_WEO,,
MUS,Mauritius,2024,29.195,,,,,,,,,,29.195,,,,1,IMF_WEO_forecast,1,2
MUS,Mauritius,2016,23.314,,,,,,,,20.804122,23.314,,,,,1,IMF_WEO,,
MUS,Mauritius,2026,28.623,,,,,,,,,,28.622999,,,,1,IMF_WEO_forecast,,
MUS,Mauritius,2020,32.081,,,,,,,,31.335525,32.081,,,,,1,IMF_WEO,,
MUS,Mauritius,2010,23.192,,,,,,,,20.111093,23.192,,,,,1,IMF_WEO,,
MUS,Mauritius,2012,21.866,,,,,,,,18.593947,21.866,,,,,1,IMF_WEO,,
MUS,Mauritius,2006,20.661,,,,,,,,19.302411,20.661,,,,,1,IMF_WEO,,
MUS,Mauritius,2008,22.402,,,,,,,,17.751486,22.402,,,,,1,IMF_WEO,,
MUS,Mauritius,2021,28.211,,,,,,,,32.634195,28.211,,,,,1,IMF_WEO,,
MUS,Mauritius,2027,28.417,,,,,,,,,,28.417,,,,1,IMF_WEO_forecast,,
MWI,Malawi,2010,19.602,,,,,,,,,19.602,,,,,1,IMF_WEO,,
MWI,Malawi,2021,23.651,,,,,,,,,23.651,,,,,1,IMF_WEO,,
MWI,Malawi,2014,18.274,,,,,,,,,18.274,,,,,1,IMF_WEO,,
MWI,Malawi,2019,19.314,,,,,,,,,19.314,,,,,1,IMF_WEO,,
MWI,Malawi,2006,17.83,,,,,,,,,17.83,,,,,1,IMF_WEO,,
MWI,Malawi,2009,20.177,,,,,,,,,20.177,,,,,1,IMF_WEO,,
MWI,Malawi,2002,13.843,,,,,,,,,13.843,,,,,1,IMF_WEO,,
MWI,Malawi,2020,22.729,,,,,,,,,22.729,,,,,1,IMF_WEO,,
MWI,Malawi,2015,19.521,,,,,,,,,19.521,,,,,1,IMF_WEO,,
MWI,Malawi,2003,15.394,,,,,,,,,15.394,,,,,1,IMF_WEO,,
MWI,Malawi,2023,28.361,,,,,,,,,,28.361,,,,1,IMF_WEO_forecast,1,1
MWI,Malawi,2011,16.997,,,,,,,,,16.997,,,,,1,IMF_WEO,,
MWI,Malawi,2005,17.436,,,,,,,,,17.436,,,,,1,IMF_WEO,,
MWI,Malawi,2027,23.727,,,,,,,,,,23.726999,,,,1,IMF_WEO_forecast,,
MWI,Malawi,2028,22.784,,,,,,,,,,22.784,,,,1,IMF_WEO_forecast,,
MWI,Malawi,2007,20.724,,,,,,,,,20.724,,,,,1,IMF_WEO,,
MWI,Malawi,2016,19.746,,,,,,,,,19.746,,,,,1,IMF_WEO,,
MWI,Malawi,2017,20.992,,,,,,,,,20.992,,,,,1,IMF_WEO,,
MWI,Malawi,2025,25.559,,,,,,,,,,25.559,,,,1,IMF_WEO_forecast,,
MWI,Malawi,2029,22.345,,,,,,,,,,22.344999,,,,1,IMF_WEO_forecast,,
MWI,Malawi,2008,20.641,,,,,,,,,20.641,,,,,1,IMF_WEO,,
MWI,Malawi,2026,23.982,,,,,,,,,,23.982,,,,1,IMF_WEO_forecast,,
MWI,Malawi,2024,29.308,,,,,,,,,,29.308001,,,,1,IMF_WEO_forecast,,
MWI,Malawi,2012,18.767,,,,,,,,,18.767,,,,,1,IMF_WEO,,
MWI,Malawi,2018,19.381,,,,,,,,,19.381,,,,,1,IMF_WEO,,
MWI,Malawi,2013,20.712,,,,,,,,,20.712,,,,,1,IMF_WEO,,
MWI,Malawi,2004,17.171,,,,,,,,,17.171,,,,,1,IMF_WEO,,
MWI,Malawi,2022,26.679,,,,,,,,,26.679,,,,,1,IMF_WEO,,
MYS,Malaysia,2002,27.144,26.69455,,,,,,27.144072,,27.144,,,,,1,IMF_WEO,,
MYS,Malaysia,2005,24.538,23.31698,,,,,,24.537702,,24.538,,,,,1,IMF_WEO,,
MYS,Malaysia,2020,25.04,21.99381,,,,,,25.040267,,25.04,,,,,1,IMF_WEO,,
MYS,Malaysia,2029,20.605,,,,,,,,,,20.605,,,,1,IMF_WEO_forecast,,
MYS,Malaysia,2015,24.708,21.71682,,,,,,24.708184,,24.708,,,,,1,IMF_WEO,,
MYS,Malaysia,2023,24.17306,,,,,,,24.173063,,,24.173,,,,1,IMF_FPP,1,2
MYS,Malaysia,1997,21.155,,,,,,,21.155112,16.630392,21.155,,,,,1,IMF_WEO,,
MYS,Malaysia,1990,30.525,,,,,,,30.524544,,30.525,,,,,1,IMF_WEO,,
MYS,Malaysia,2024,21.795,,,,,,,,,,21.795,,,,1,IMF_WEO_forecast,1,2
MYS,Malaysia,2008,26.92,25.1626,,,,,,26.920013,,26.92,,,,,1,IMF_WEO,,
MYS,Malaysia,2026,20.867,,,,,,,,,,20.867001,,,,1,IMF_WEO_forecast,,
MYS,Malaysia,2006,25.574,23.66146,,,,,,25.574288,,25.574,,,,,1,IMF_WEO,,
MYS,Malaysia,2001,28.223,27.28336,,,,,,28.223335,18.419881,28.223,,,,,1,IMF_WEO,,
MYS,Malaysia,2028,20.845,,,,,,,,,,20.844999,,,,1,IMF_WEO_forecast,,
MYS,Malaysia,2019,23.575,20.84969,,,,,,23.575001,,23.575,,,,,1,IMF_WEO,,
MYS,Malaysia,2009,30.889,28.38737,,,,,,30.889186,,30.889,,,,,1,IMF_WEO,,
MYS,Malaysia,1991,27.393,,,,,,,27.393183,,27.393,,,,,1,IMF_WEO,,
MYS,Malaysia,2004,25.884,25.09197,,,,,,25.884463,,25.884,,,,,1,IMF_WEO,,
MYS,Malaysia,2022,24.647,21.972163,,,,,,24.646872,,24.647,,,,,1,IMF_WEO,,
MYS,Malaysia,2025,21.096,,,,,,,,,,21.096001,,,,1,IMF_WEO_forecast,,
MYS,Malaysia,2012,28.505,25.79306,,,,,,28.505431,,28.505,,,,,1,IMF_WEO,,
MYS,Malaysia,1996,22.391,,,,,,,22.390609,18.769088,22.391,,,,,1,IMF_WEO,,
MYS,Malaysia,1994,23.27,,,,,,,23.269699,,23.27,,,,,1,IMF_WEO,,
MYS,Malaysia,2000,25.632,23.19999,,,,,,25.632123,15.581434,25.632,,,,,1,IMF_WEO,,
MYS,Malaysia,2018,22.8,19.71086,,,,,,22.799943,,22.8,,,,,1,IMF_WEO,,
MYS,Malaysia,2016,22.858,20.02286,,,,,,22.857676,,22.858,,,,,1,IMF_WEO,,
MYS,Malaysia,1999,24.643,,,,,,,24.642521,18.365428,24.643,,,,,1,IMF_WEO,,
MYS,Malaysia,2027,20.956,,,,,,,,,,20.955999,,,,1,IMF_WEO_forecast,,
MYS,Malaysia,2014,25.957,23.24687,,,,,,25.956967,,25.957,,,,,1,IMF_WEO,,
MYS,Malaysia,2011,27.088,24.95368,,,,,,27.087816,,27.088,,,,,1,IMF_WEO,,
MYS,Malaysia,2017,22.043,18.94409,,,,,,22.04306,,22.043,,,,,1,IMF_WEO,,
MYS,Malaysia,2021,24.451,21.467068,,,,,,24.450741,,24.451,,,,,1,IMF_WEO,,
MYS,Malaysia,2010,26.604,24.43644,,,,,,26.604472,,26.604,,,,,1,IMF_WEO,,
MYS,Malaysia,1998,23.114,,,,,,,23.113553,16.545755,23.114,,,,,1,IMF_WEO,,
MYS,Malaysia,1993,24.614,,,,,,,24.613555,,24.614,,,,,1,IMF_WEO,,
MYS,Malaysia,1995,22.598,,,,,,,22.597513,,22.598,,,,,1,IMF_WEO,,
MYS,Malaysia,2013,27.78,24.71437,,,,,,27.780103,,27.78,,,,,1,IMF_WEO,,
MYS,Malaysia,2007,25.889,24.19919,,,,,,25.888677,,25.889,,,,,1,IMF_WEO,,
MYS,Malaysia,2003,28.069,26.96666,,,,,,28.069086,,28.069,,,,,1,IMF_WEO,,
MYS,Malaysia,1992,28.209,,,,,,,28.209394,,28.209,,,,,1,IMF_WEO,,
NAM,Namibia,2009,31.962,,,,,,,31.962155,,31.962,,,,,1,IMF_WEO,,
NAM,Namibia,2019,37.415,,,,,,,37.414937,37.627051,37.415,,,,,1,IMF_WEO,,
NAM,Namibia,2016,41.762,,,,,,,41.762279,38.399858,41.762,,,,,1,IMF_WEO,,
NAM,Namibia,2013,38.308,,,,,,,38.308125,,38.308,,,,,1,IMF_WEO,,
NAM,Namibia,2026,36.11,,,,,,,,,,36.110001,,,,1,IMF_WEO_forecast,,
NAM,Namibia,2011,38.472,,,,,,,38.472178,,38.472,,,,,1,IMF_WEO,,
NAM,Namibia,1993,32.447,,,,,,,32.447297,,32.447,,,,,1,IMF_WEO,,
NAM,Namibia,2029,36.051,,,,,,,,,,36.050999,,,,1,IMF_WEO_forecast,,
NAM,Namibia,2018,36.33,,,,,,,36.329618,38.158259,36.33,,,,,1,IMF_WEO,,
NAM,Namibia,1998,31.262,,,,,,,31.261932,,31.262,,,,,1,IMF_WEO,,
NAM,Namibia,1999,31.828,,,,,,,31.82809,,31.828,,,,,1,IMF_WEO,,
NAM,Namibia,1995,29.628,,,,,,,29.628006,,29.628,,,,,1,IMF_WEO,,
NAM,Namibia,2024,38.341,,,,,,,,,,38.341,,,,1,IMF_WEO_forecast,1,2
NAM,Namibia,2008,28.394,,,,,,,28.393817,,28.394,,,,,1,IMF_WEO,,
NAM,Namibia,2006,27.376,,,,,,,27.37562,,27.376,,,,,1,IMF_WEO,,
NAM,Namibia,2021,39.331,,,,,,,39.33112,40.886711,39.331,,,,,1,IMF_WEO,,
NAM,Namibia,2001,30.726,,,,,,,30.725952,,30.726,,,,,1,IMF_WEO,,
NAM,Namibia,2023,40.71131,,,,,,,36.827482,40.71131,,36.827,,,,1,IMF_GFS,1,2
NAM,Namibia,2012,35.041,,,,,,,35.041268,,35.041,,,,,1,IMF_WEO,,
NAM,Namibia,1997,30.921,,,,,,,30.920797,,30.921,,,,,1,IMF_WEO,,
NAM,Namibia,2027,36.278,,,,,,,,,,36.278,,,,1,IMF_WEO_forecast,,
NAM,Namibia,1991,33.012,,,,,,,33.011934,,33.012,,,,,1,IMF_WEO,,
NAM,Namibia,1992,32.796,,,,,,,32.795991,,32.796,,,,,1,IMF_WEO,,
NAM,Namibia,2010,33.469,,,,,,,33.468726,,33.469,,,,,1,IMF_WEO,,
NAM,Namibia,1990,30.226,,,,,,,30.226199,,30.226,,,,,1,IMF_WEO,,
NAM,Namibia,2007,26.08,,,,,,,26.08014,,26.08,,,,,1,IMF_WEO,,
NAM,Namibia,2005,27.698,,,,,,,27.697735,,27.698,,,,,1,IMF_WEO,,
NAM,Namibia,1994,28.709,,,,,,,28.708902,,28.709,,,,,1,IMF_WEO,,
NAM,Namibia,2020,41.477,,,,,,,41.476899,43.779027,41.477,,,,,1,IMF_WEO,,
NAM,Namibia,2028,36.192,,,,,,,,,,36.192001,,,,1,IMF_WEO_forecast,,
NAM,Namibia,2014,41.792,,,,,,,41.792083,,41.792,,,,,1,IMF_WEO,,
NAM,Namibia,1996,30.432,,,,,,,30.432204,,30.432,,,,,1,IMF_WEO,,
NAM,Namibia,2022,36.26,,,,,,,36.260493,38.886102,36.26,,,,,1,IMF_WEO,,
NAM,Namibia,2000,30.122,,,,,,,30.122218,,30.122,,,,,1,IMF_WEO,,
NAM,Namibia,2003,31.09,,,,,,,31.089673,,31.09,,,,,1,IMF_WEO,,
NAM,Namibia,2002,29.841,,,,,,,29.840957,,29.841,,,,,1,IMF_WEO,,
NAM,Namibia,2017,38.093,,,,,,,38.093112,41.722333,38.093,,,,,1,IMF_WEO,,
NAM,Namibia,2025,36.665,,,,,,,,,,36.665001,,,,1,IMF_WEO_forecast,,
NAM,Namibia,2015,43.674,,,,,,,43.673571,,43.674,,,,,1,IMF_WEO,,
NAM,Namibia,2004,28.393,,,,,,,28.392658,,28.393,,,,,1,IMF_WEO,,
NER,Niger,2009,17.688,,,,,,,17.687507,,17.688,,,,,1,IMF_WEO,,
NER,Niger,2017,19.509,,,,,,,19.509278,,19.509,,,,,1,IMF_WEO,,
NER,Niger,2007,17.397,,,,,,,17.397184,,17.397,,,,,1,IMF_WEO,,
NER,Niger,2014,23.639,,,,,,,23.63868,,23.639,,,,,1,IMF_WEO,,
NER,Niger,2023,15.80382,,,,,,,15.803817,,,15.804,,,,1,IMF_FPP,1,2
NER,Niger,2002,14.449,,,,,,,14.449112,,14.449,,,,,1,IMF_WEO,,
NER,Niger,2028,16.061,,,,,,,,,,16.061001,,,,1,IMF_WEO_forecast,,
NER,Niger,2021,24.26,,,,,,,24.260087,,24.26,,,,,1,IMF_WEO,,
NER,Niger,2000,13.503,,,,,,,13.503387,,13.503,,,,,1,IMF_WEO,,
NER,Niger,1995,12.491,,,,,,,12.490874,,12.491,,,,,1,IMF_WEO,,
NER,Niger,2020,22.366,,,,,,,22.366362,,22.366,,,,,1,IMF_WEO,,
NER,Niger,2013,20.448,,,,,,,20.448201,,20.448,,,,,1,IMF_WEO,,
NER,Niger,2022,21.574,,,,,,,21.573828,,21.574,,,,,1,IMF_WEO,,
NER,Niger,2010,14.295,,,,,,,14.294549,,14.295,,,,,1,IMF_WEO,,
NER,Niger,2006,15.197,,,,,,,15.197255,,15.197,,,,,1,IMF_WEO,,
NER,Niger,2005,15.551,,,,,,,15.551284,,15.551,,,,,1,IMF_WEO,,
NER,Niger,2004,16.071,,,,,,,16.071253,,16.071,,,,,1,IMF_WEO,,
NER,Niger,1996,10.878,,,,,,,10.877865,,10.878,,,,,1,IMF_WEO,,
NER,Niger,1999,14.964,,,,,,,14.963575,,14.964,,,,,1,IMF_WEO,,
NER,Niger,2001,13.732,,,,,,,13.732498,,13.732,,,,,1,IMF_WEO,,
NER,Niger,2003,14.036,,,,,,,14.036192,,14.036,,,,,1,IMF_WEO,,
NER,Niger,2016,19.362,,,,,,,19.361605,,19.362,,,,,1,IMF_WEO,,
NER,Niger,2015,24.238,,,,,,,24.237842,,24.238,,,,,1,IMF_WEO,,
NER,Niger,2011,15.329,,,,,,,15.32936,,15.329,,,,,1,IMF_WEO,,
NER,Niger,2025,15.571,,,,,,,,,,15.571,,,,1,IMF_WEO_forecast,,
NER,Niger,2019,21.562,,,,,,,21.561763,,21.562,,,,,1,IMF_WEO,,
NER,Niger,2018,21.158,,,,,,,21.158435,,21.158,,,,,1,IMF_WEO,,
NER,Niger,2026,15.732,,,,,,,,,,15.732,,,,1,IMF_WEO_forecast,,
NER,Niger,1997,12.899,,,,,,,12.899276,,12.899,,,,,1,IMF_WEO,,
NER,Niger,2027,15.896,,,,,,,,,,15.896,,,,1,IMF_WEO_forecast,,
NER,Niger,1998,13.632,,,,,,,13.632062,,13.632,,,,,1,IMF_WEO,,
NER,Niger,2024,16.251,,,,,,,,,,16.250999,,,,1,IMF_WEO_forecast,1,2
NER,Niger,2008,16.875,,,,,,,16.874504,,16.875,,,,,1,IMF_WEO,,
NER,Niger,2029,16.103,,,,,,,,,,16.103001,,,,1,IMF_WEO_forecast,,
NER,Niger,2012,16.641,,,,,,,16.641312,,16.641,,,,,1,IMF_WEO,,
NGA,Nigeria,1990,19.967,,,,,,,19.966767,,19.967,,,,,1,IMF_WEO,,
NGA,Nigeria,2012,14.841,,,,,,,14.841035,,14.841,,,,,1,IMF_WEO,,
NGA,Nigeria,2026,16.632,,,,,,,,,,16.632,,,,1,IMF_WEO_forecast,,
NGA,Nigeria,1999,21.007,,,,,,,21.007462,,21.007,,,,,1,IMF_WEO,,
NGA,Nigeria,2024,18.097,,,,,,,,,,18.097,,,,1,IMF_WEO_forecast,1,2
NGA,Nigeria,2022,14.381,,,,,,,14.380879,,14.381,,,,,1,IMF_WEO,,
NGA,Nigeria,2020,12.093,,,,,,,12.093456,,12.093,,,,,1,IMF_WEO,,
NGA,Nigeria,2002,19.381,,,,,,,19.38109,,19.381,,,,,1,IMF_WEO,,
NGA,Nigeria,2008,14.379,,,,,,,14.379472,,14.379,,,,,1,IMF_WEO,,
NGA,Nigeria,2023,13.56515,,,,,,,13.565154,,,13.565,,,,1,IMF_FPP,1,2
NGA,Nigeria,1993,28.166,,,,,,,28.166283,,28.166,,,,,1,IMF_WEO,,
NGA,Nigeria,2004,18.34,,,,,,,18.339657,,18.34,,,,,1,IMF_WEO,,
NGA,Nigeria,2000,24.742,,,,,,,24.741815,,24.742,,,,,1,IMF_WEO,,
NGA,Nigeria,2019,12.489,,,,,,,12.489097,,12.489,,,,,1,IMF_WEO,,
NGA,Nigeria,2014,13.366,,,,,,,13.36574,,13.366,,,,,1,IMF_WEO,,
NGA,Nigeria,2011,17.297,,,,,,,17.297217,,17.297,,,,,1,IMF_WEO,,
NGA,Nigeria,1997,13.632,,,,,,,13.632069,,13.632,,,,,1,IMF_WEO,,
NGA,Nigeria,2003,23.206,,,,,,,23.205978,,23.206,,,,,1,IMF_WEO,,
NGA,Nigeria,1994,16.985,,,,,,,16.985317,,16.985,,,,,1,IMF_WEO,,
NGA,Nigeria,2021,12.559,,,,,,,12.558804,,12.559,,,,,1,IMF_WEO,,
NGA,Nigeria,1998,15.72,,,,,,,15.719906,,15.72,,,,,1,IMF_WEO,,
NGA,Nigeria,2025,17.416,,,,,,,,,,17.416,,,,1,IMF_WEO_forecast,,
NGA,Nigeria,2009,15.431,,,,,,,15.430941,,15.431,,,,,1,IMF_WEO,,
NGA,Nigeria,2016,9.761,,,,,,,9.7607051,,9.761,,,,,1,IMF_WEO,,
NGA,Nigeria,1991,19.167,,,,,,,19.166574,,19.167,,,,,1,IMF_WEO,,
NGA,Nigeria,2005,17.812,,,,,,,17.811878,,17.812,,,,,1,IMF_WEO,,
NGA,Nigeria,2015,11.05,,,,,,,11.049544,,11.05,,,,,1,IMF_WEO,,
NGA,Nigeria,2006,12.317,,,,,,,12.316644,,12.317,,,,,1,IMF_WEO,,
NGA,Nigeria,1996,11.077,,,,,,,11.076957,,11.077,,,,,1,IMF_WEO,,
NGA,Nigeria,1995,12.497,,,,,,,12.496907,,12.497,,,,,1,IMF_WEO,,
NGA,Nigeria,2028,16.887,,,,,,,,,,16.886999,,,,1,IMF_WEO_forecast,,
NGA,Nigeria,2001,30.857,,,,,,,30.857162,,30.857,,,,,1,IMF_WEO,,
NGA,Nigeria,2029,17.362,,,,,,,,,,17.362,,,,1,IMF_WEO_forecast,,
NGA,Nigeria,2018,12.82,,,,,,,12.819704,,12.82,,,,,1,IMF_WEO,,
NGA,Nigeria,2007,18.134,,,,,,,18.134344,,18.134,,,,,1,IMF_WEO,,
NGA,Nigeria,2027,17.039,,,,,,,,,,17.039,,,,1,IMF_WEO_forecast,,
NGA,Nigeria,2013,14.145,,,,,,,14.144928,,14.145,,,,,1,IMF_WEO,,
NGA,Nigeria,2017,11.991,,,,,,,11.990564,,11.991,,,,,1,IMF_WEO,,
NGA,Nigeria,2010,16.592,,,,,,,16.592,,16.592,,,,,1,IMF_WEO,,
NGA,Nigeria,1992,22.457,,,,,,,22.457422,,22.457,,,,,1,IMF_WEO,,
NIC,Nicaragua,1975,17.4977,,,,,,,17.4977,,,,,,,1,IMF_FPP,,
NIC,Nicaragua,2018,27.676,,,,,,,27.675502,,27.676,,,,,1,IMF_WEO,,
NIC,Nicaragua,1993,18.4327,,,,,,,18.432699,,,,,,,1,IMF_FPP,,
NIC,Nicaragua,1980,30.4423,,,,,,,30.442301,,,,,,,1,IMF_FPP,,
NIC,Nicaragua,1981,39.2974,,,,,,,39.297401,,,,,,,1,IMF_FPP,,
NIC,Nicaragua,2002,18.728,,,,,,,18.727756,,18.728,,,,,1,IMF_WEO,,
NIC,Nicaragua,1965,10.8926,,,,,,,10.8926,,,,,,,1,IMF_FPP,,
NIC,Nicaragua,2029,29.872,,,,,,,,,,29.872,,,,1,IMF_WEO_forecast,,
NIC,Nicaragua,2014,24.587,,,,,,,24.587153,,24.587,,,,,1,IMF_WEO,,
NIC,Nicaragua,1972,15.1485,,,,,,,15.1485,,,,,,,1,IMF_FPP,,
NIC,Nicaragua,2023,26.41993,,,,,,,26.419925,,,26.42,,,,1,IMF_FPP,,
NIC,Nicaragua,1966,12.2439,,,,,,,12.2439,,,,,,,1,IMF_FPP,,
NIC,Nicaragua,2006,21.353,,,,,,,21.352716,,21.353,,,,,1,IMF_WEO,,
NIC,Nicaragua,1983,33.7887,,,,,,,33.7887,,,,,,,1,IMF_FPP,,
NIC,Nicaragua,1964,10.195,,,,,,,10.195,,,,,,,1,IMF_FPP,,
NIC,Nicaragua,2027,28.993,,,,,,,,,,28.993,,,,1,IMF_WEO_forecast,,
NIC,Nicaragua,1978,17.7015,,,,,,,17.7015,,,,,,,1,IMF_FPP,,
NIC,Nicaragua,2007,21.481,,,,,,,21.480909,,21.481,,,,,1,IMF_WEO,,
NIC,Nicaragua,1998,18.4879,,,,,,,18.4879,,,,,,,1,IMF_FPP,,
NIC,Nicaragua,2008,21.878,,,,,,,21.878382,,21.878,,,,,1,IMF_WEO,,
NIC,Nicaragua,1968,10.8602,,,,,,,10.8602,,,,,,,1,IMF_FPP,,
NIC,Nicaragua,2013,24.203,,,,,,,24.202787,,24.203,,,,,1,IMF_WEO,,
NIC,Nicaragua,1970,13.2082,,,,,,,13.2082,,,,,,,1,IMF_FPP,,
NIC,Nicaragua,2028,29.162,,,,,,,,,,29.162001,,,,1,IMF_WEO_forecast,,
NIC,Nicaragua,1992,18.3906,,,,,,,18.3906,,,,,,,1,IMF_FPP,,
NIC,Nicaragua,1973,12.8266,,,,,,,12.8266,,,,,,,1,IMF_FPP,,
NIC,Nicaragua,1994,18.4222,,,,,,,18.422199,,,,,,,1,IMF_FPP,,
NIC,Nicaragua,1962,10.636,,,,,,,10.636,,,,,,,1,IMF_FPP,,
NIC,Nicaragua,1974,15.3203,,,,,,,15.3203,,,,,,,1,IMF_FPP,,
NIC,Nicaragua,1979,20.6685,,,,,,,20.668501,,,,,,,1,IMF_FPP,,
NIC,Nicaragua,1977,19.9186,,,,,,,19.9186,,,,,,,1,IMF_FPP,,
NIC,Nicaragua,1963,10.5007,,,,,,,10.5007,,,,,,,1,IMF_FPP,,
NIC,Nicaragua,2019,27.654,,,,,,,27.653847,,27.654,,,,,1,IMF_WEO,,
NIC,Nicaragua,1982,49.358,,,,,,,49.358002,,,,,,,1,IMF_FPP,,
NIC,Nicaragua,2017,27.307,,,,,,,27.306886,,27.307,,,,,1,IMF_WEO,,
NIC,Nicaragua,1988,24.8421,,,,,,,24.8421,,,,,,,1,IMF_FPP,,
NIC,Nicaragua,2012,24.085,,,,,,,24.084833,,24.085,,,,,1,IMF_WEO,,
NIC,Nicaragua,1976,16.2033,,,,,,,16.2033,,,,,,,1,IMF_FPP,,
NIC,Nicaragua,1969,11.0963,,,,,,,11.0963,,,,,,,1,IMF_FPP,,
NIC,Nicaragua,2001,19.226,,,,,,,19.226408,,19.226,,,,,1,IMF_WEO,,
NIC,Nicaragua,1960,11.201,,,,,,,11.201,,,,,,,1,IMF_FPP,,
NIC,Nicaragua,2024,28.721,,,,,,,,,,28.721001,,,,1,IMF_WEO_forecast,1,3
NIC,Nicaragua,2026,28.932,,,,,,,,,,28.931999,,,,1,IMF_WEO_forecast,,
NIC,Nicaragua,2015,25.445,,,,,,,25.445427,,25.445,,,,,1,IMF_WEO,,
NIC,Nicaragua,1967,12.6739,,,,,,,12.6739,,,,,,,1,IMF_FPP,,
NIC,Nicaragua,2010,22.589,,,,,,,22.588767,,22.589,,,,,1,IMF_WEO,,
NIC,Nicaragua,2005,21.267,,,,,,,21.267064,,21.267,,,,,1,IMF_WEO,,
NIC,Nicaragua,2011,23.535,,,,,,,23.534917,,23.535,,,,,1,IMF_WEO,,
NIC,Nicaragua,2000,20.564,,,,,,,20.563648,,20.564,,,,,1,IMF_WEO,,
NIC,Nicaragua,1996,18.0332,,,,,,,18.033199,,,,,,,1,IMF_FPP,,
NIC,Nicaragua,1997,17.8757,,,,,,,17.8757,,,,,,,1,IMF_FPP,,
NIC,Nicaragua,1995,17.6556,,,,,,,17.6556,,,,,,,1,IMF_FPP,,
NIC,Nicaragua,1971,15.0536,,,,,,,15.0536,,,,,,,1,IMF_FPP,,
NIC,Nicaragua,1984,31.9114,,,,,,,31.9114,,,,,,,1,IMF_FPP,,
NIC,Nicaragua,2009,22.74,,,,,,,22.739566,,22.74,,,,,1,IMF_WEO,,
NIC,Nicaragua,2020,29.032,,,,,,,29.031565,,29.032,,,,,1,IMF_WEO,,
NIC,Nicaragua,1990,28.2151,,,,,,,28.215099,,,,,,,1,IMF_FPP,,
NIC,Nicaragua,2016,26.84,,,,,,,26.839939,,26.84,,,,,1,IMF_WEO,,
NIC,Nicaragua,2022,28.50758,,,,,,,28.50758,,,28.507999,,,,1,IMF_FPP,1,3
NIC,Nicaragua,1986,26.1299,,,,,,,26.1299,,,,,,,1,IMF_FPP,,
NIC,Nicaragua,2003,20.884,,,,,,,20.883949,,20.884,,,,,1,IMF_WEO,,
NIC,Nicaragua,1999,22.0961,,,,,,,22.0961,,,,,,,1,IMF_FPP,1,3
NIC,Nicaragua,2025,28.805,,,,,,,,,,28.805,,,,1,IMF_WEO_forecast,,
NIC,Nicaragua,1987,,,,,,,,,,,,,,,1,IMF_FPP,,
NIC,Nicaragua,1985,29.858,,,,,,,29.858,,,,,,,1,IMF_FPP,,
NIC,Nicaragua,2021,30.136,,,,,,,30.136056,,30.136,,,,,1,IMF_WEO,,
NIC,Nicaragua,1961,9.93273,,,,,,,9.9327297,,,,,,,1,IMF_FPP,,
NIC,Nicaragua,2004,20.82,,,,,,,20.819887,,20.82,,,,,1,IMF_WEO,,
NIC,Nicaragua,1989,,,,,,,,,,,,,,,1,IMF_FPP,,
NIC,Nicaragua,1991,16.7974,,,,,,,16.7974,,,,,,,1,IMF_FPP,,
NLD,Netherlands,1973,43.98457,,,,,,,44.569698,,,,43.984574,,,1,OECD_EO,,
NLD,Netherlands,2024,43.36781,,44.41285,,,44.4,,,,,44.158001,43.367807,,,1,OECD_EO,,
NLD,Netherlands,1959,21.36181,,,,,,,21.6085,,,,,,,.9885836,IMF_FPP,,
NLD,Netherlands,1919,,,,,,,,,,,,,,,.9885836,IMF_FPP,,
NLD,Netherlands,1923,8.461308,,,,,,,8.55902,,,,,,,.9885836,IMF_FPP,,
NLD,Netherlands,1992,54.01628,,,,,,,55.680401,48.303339,50.239,,54.016276,,,1,OECD_EO,,
NLD,Netherlands,2002,44.7705,,44.78118,,,44.8,,46.206699,42.614948,44.781,,44.770497,,,1,OECD_EO,,
NLD,Netherlands,1994,52.06531,,,,,,,53.5256,47.57546,49.441,,52.065308,,,1,OECD_EO,,
NLD,Netherlands,1987,56.44827,,,,,,,58.497799,51.80427,53.628,,56.448269,,,1,OECD_EO,,
NLD,Netherlands,2021,45.90629,,45.89434,,,45.9,,45.894341,44.957322,45.894,,45.906287,,,1,OECD_EO,,
NLD,Netherlands,1883,11.09903,,,,,,,11.2272,,,,,,,.9885836,IMF_FPP,,
NLD,Netherlands,1892,12.70547,,,,,,,12.8522,,,,,,,.9885836,IMF_FPP,,
NLD,Netherlands,1960,20.16108,,,,,,,20.3939,,,,,,,.9885836,IMF_FPP,,
NLD,Netherlands,1983,57.65658,,,,,,,59.108898,52.0835,54.52,,57.656583,,,1,OECD_EO,,
NLD,Netherlands,1982,57.74394,,,,,,,59.078701,51.40151,53.85,,57.743937,,,1,OECD_EO,,
NLD,Netherlands,1998,45.35708,,45.37672,,,45.4,,46.673901,44.194976,43.735,,45.35708,,,1,OECD_EO,,
NLD,Netherlands,1949,23.76723,,,,,,,24.0417,,,,,,,.9885836,IMF_FPP,,
NLD,Netherlands,1979,52.49849,,,,,,,53.745201,,,,52.498492,,,1,OECD_EO,,
NLD,Netherlands,1913,9.4231,,,,,,,9.5319204,,,,,,,.9885836,IMF_FPP,,
NLD,Netherlands,1911,8.947295,,,,,,,9.0506201,,,,,,,.9885836,IMF_FPP,,
NLD,Netherlands,1975,50.52271,,,,,,,50.757099,,,,50.522705,,,1,OECD_EO,,
NLD,Netherlands,1881,10.51527,,,,,,,10.6367,,,,,,,.9885836,IMF_FPP,,
NLD,Netherlands,1906,9.721326,,,,,,,9.8335896,,,,,,,.9885836,IMF_FPP,,
NLD,Netherlands,1976,50.1347,,,,,,,50.817799,,,,50.134704,,,1,OECD_EO,,
NLD,Netherlands,1902,10.52891,,,,,,,10.6505,,,,,,,.9885836,IMF_FPP,,
NLD,Netherlands,1984,56.90672,,,,,,,58.1413,52.05325,54.526,,56.906722,,,1,OECD_EO,,
NLD,Netherlands,2016,43.90757,,43.91697,,,43.9,,43.916965,43.143958,43.917,,43.907576,,,1,OECD_EO,,
NLD,Netherlands,1971,44.32874,,,,,,,44.559601,,,,44.328744,,,1,OECD_EO,,
NLD,Netherlands,1967,23.84731,,,,,,,24.1227,,,,,,,.9885836,IMF_FPP,,
NLD,Netherlands,1970,42.59784,,,,,,,43.1991,,,,42.597842,,,1,OECD_EO,,
NLD,Netherlands,1969,41.59347,,,,,,,42.073799,,,,41.593469,,,1,OECD_EO,,
NLD,Netherlands,2010,48.89755,,48.8666,,,48.9,,51.194599,47.061998,48.867,,48.897551,,,1,OECD_EO,,
NLD,Netherlands,1903,10.7983,,,,,,,10.923,,,,,,,.9885836,IMF_FPP,,
NLD,Netherlands,1950,23.7005,,,,,,,23.974199,,,,,,,.9885836,IMF_FPP,,
NLD,Netherlands,1978,51.31406,,,,,,,52.315201,,,,51.314064,,,1,OECD_EO,,
NLD,Netherlands,1964,22.06716,,,,,,,22.322001,,,,,,,.9885836,IMF_FPP,,
NLD,Netherlands,1916,,,,,,,,,,,,,,,.9885836,IMF_FPP,,
NLD,Netherlands,1905,10.16284,,,,,,,10.2802,,,,,,,.9885836,IMF_FPP,,
NLD,Netherlands,1927,7.795575,,,,,,,7.8856001,,,,,,,.9885836,IMF_FPP,,
NLD,Netherlands,1993,54.18102,,,,,,,55.716202,48.823621,50.866,,54.181019,,,1,OECD_EO,,
NLD,Netherlands,2026,44.60524,,45.86831,,,,,,,,45.132,44.605245,,,1,OECD_EO,,
NLD,Netherlands,1904,10.7032,,,,,,,10.8268,,,,,,,.9885836,IMF_FPP,,
NLD,Netherlands,1922,,,,,,,,,,,,,,,.9885836,IMF_FPP,,
NLD,Netherlands,1956,22.25687,,,,,,,22.513901,,,,,,,.9885836,IMF_FPP,,
NLD,Netherlands,1966,24.10612,,,,,,,24.384501,,,,,,,.9885836,IMF_FPP,,
NLD,Netherlands,1989,52.57318,,,,,,,54.4548,47.960128,49.92,,52.573182,,,1,OECD_EO,,
NLD,Netherlands,1921,,,,,,,,,,,,,,,.9885836,IMF_FPP,,
NLD,Netherlands,1925,7.574429,,,,,,,7.6619,,,,,,,.9885836,IMF_FPP,,
NLD,Netherlands,1898,11.21993,,,,,,,11.3495,,,,,,,.9885836,IMF_FPP,,
NLD,Netherlands,1929,7.992333,,,,,,,8.08463,,,,,,,.9885836,IMF_FPP,,
NLD,Netherlands,1952,22.73742,,,,,,,23,,,,,,,.9885836,IMF_FPP,,
NLD,Netherlands,2014,46.73462,,46.73937,,,46.7,,46.739372,45.897673,46.739,,46.734621,,,1,OECD_EO,,
NLD,Netherlands,1948,,,,,,,,,,,,,,,.9885836,IMF_FPP,,
NLD,Netherlands,1885,10.85228,,,,,,,10.9776,,,,,,,.9885836,IMF_FPP,,
NLD,Netherlands,1946,,,,,,,,,,,,,,,.9885836,IMF_FPP,,
NLD,Netherlands,1936,10.90358,,,,,,,11.0295,,,,,,,.9885836,IMF_FPP,,
NLD,Netherlands,1940,,,,,,,,,,,,,,,.9885836,IMF_FPP,,
NLD,Netherlands,1896,10.90022,,,,,,,11.0261,,,,,,,.9885836,IMF_FPP,,
NLD,Netherlands,1939,13.11158,,,,,,,13.263,,,,,,,.9885836,IMF_FPP,,
NLD,Netherlands,2025,43.86996,,44.99664,,,,,,,,44.798,43.869958,,,1,OECD_EO,,
NLD,Netherlands,1954,22.36947,,,,,,,22.6278,,,,,,,.9885836,IMF_FPP,,
NLD,Netherlands,1890,13.76642,,,,,,,13.9254,,,,,,,.9885836,IMF_FPP,,
NLD,Netherlands,1909,10.24094,,,,,,,10.3592,,,,,,,.9885836,IMF_FPP,,
NLD,Netherlands,1931,10.77517,,,,,,,10.8996,,,,,,,.9885836,IMF_FPP,,
NLD,Netherlands,1924,7.704724,,,,,,,7.7937002,,,,,,,.9885836,IMF_FPP,,
NLD,Netherlands,2020,47.79937,,47.81319,,,47.8,,47.813189,46.759988,47.813,,47.799373,,,1,OECD_EO,,
NLD,Netherlands,2008,44.25007,,44.25924,,,44.3,,46.222,42.565857,44.259,,44.25007,,,1,OECD_EO,,
NLD,Netherlands,1928,7.296221,,,,,,,7.3804798,,,,,,,.9885836,IMF_FPP,,
NLD,Netherlands,2028,44.38289,,,,,,,,,,45.500999,,,,.9754268,IMF_WEO_forecast,1,3
NLD,Netherlands,2029,44.84427,,,,,,,,,,45.973999,,,,.9754268,IMF_WEO_forecast,,
NLD,Netherlands,1937,9.789262,,,,,,,9.9023104,,,,,,,.9885836,IMF_FPP,,
NLD,Netherlands,2019,42.09771,,42.09832,,,42.1,,42.098324,41.205061,42.098,,42.097715,,,1,OECD_EO,,
NLD,Netherlands,1893,11.77532,,,,,,,11.9113,,,,,,,.9885836,IMF_FPP,,
NLD,Netherlands,2017,42.74438,,42.75878,,,42.8,,42.75878,42.056652,42.759,,42.744377,,,1,OECD_EO,,
NLD,Netherlands,2005,43.45247,,43.42026,,,43.4,,44.792,42.072816,43.42,,43.452467,,,1,OECD_EO,,
NLD,Netherlands,1968,25.11022,,,,,,,25.4002,,,,,,,.9885836,IMF_FPP,1,3
NLD,Netherlands,1985,55.59774,,,,,,,57.2607,50.710375,52.936,,55.597746,,,1,OECD_EO,,
NLD,Netherlands,1888,11.22685,,,,,,,11.3565,,,,,,,.9885836,IMF_FPP,,
NLD,Netherlands,1980,54.07921,,,,,,,55.198002,47.852677,50.646,,54.07921,,,1,OECD_EO,,
NLD,Netherlands,2018,42.43301,,42.44309,,,42.4,,42.443092,41.736729,42.443,,42.433012,,,1,OECD_EO,,
NLD,Netherlands,1915,,,,,,,,,,,,,,,.9885836,IMF_FPP,,
NLD,Netherlands,1999,44.29306,,44.27588,,,44.3,,46.021801,42.868024,44.276,,44.293062,,,1,OECD_EO,,
NLD,Netherlands,1920,,,,,,,,,,,,,,,.9885836,IMF_FPP,,
NLD,Netherlands,2009,48.42388,,48.42734,,,48.4,,51.549801,46.340608,48.427,,48.423879,,,1,OECD_EO,,
NLD,Netherlands,1932,11.88544,,,,,,,12.0227,,,,,,,.9885836,IMF_FPP,,
NLD,Netherlands,2007,43.25755,,43.2686,,,43.3,,45.270199,41.744611,43.269,,43.257552,,,1,OECD_EO,,
NLD,Netherlands,1886,11.38759,,,,,,,11.5191,,,,,,,.9885836,IMF_FPP,,
NLD,Netherlands,1882,10.56667,,,,,,,10.6887,,,,,,,.9885836,IMF_FPP,,
NLD,Netherlands,2013,47.53796,,47.54217,,,47.5,,47.542171,46.452423,47.542,,47.537957,,,1,OECD_EO,,
NLD,Netherlands,1934,11.92835,,,,,,,12.0661,,,,,,,.9885836,IMF_FPP,,
NLD,Netherlands,1907,9.742759,,,,,,,9.8552704,,,,,,,.9885836,IMF_FPP,,
NLD,Netherlands,2001,44.06259,,44.07536,,,44.1,,45.353802,42.303511,44.075,,44.06259,,,1,OECD_EO,,
NLD,Netherlands,1996,48.13667,,48.12106,,,48.1,,49.4328,46.931074,46.355,,48.136668,,,1,OECD_EO,,
NLD,Netherlands,1933,11.72984,,,,,,,11.8653,,,,,,,.9885836,IMF_FPP,,
NLD,Netherlands,1961,21.90365,,,,,,,22.156601,,,,,,,.9885836,IMF_FPP,,
NLD,Netherlands,1974,45.74614,,,,,,,46.3922,,,,45.746136,,,1,OECD_EO,,
NLD,Netherlands,1887,10.71902,,,,,,,10.8428,,,,,,,.9885836,IMF_FPP,,
NLD,Netherlands,2003,45.71667,,45.75209,,,45.8,,47.095798,43.503897,45.752,,45.71667,,,1,OECD_EO,,
NLD,Netherlands,1981,55.65912,,,,,,,56.846001,49.59628,52.297,,55.659118,,,1,OECD_EO,,
NLD,Netherlands,2015,45.2493,,45.25176,,,45.3,,45.251761,44.361855,45.252,,45.249302,,,1,OECD_EO,,
NLD,Netherlands,1895,11.14539,,,,,,,11.2741,,,,,,,.9885836,IMF_FPP,,
NLD,Netherlands,1991,53.16596,,,,,,,54.940102,47.839529,49.586,,53.165963,,,1,OECD_EO,,
NLD,Netherlands,1908,10.26555,,,,,,,10.3841,,,,,,,.9885836,IMF_FPP,,
NLD,Netherlands,1935,11.62426,,,,,,,11.7585,,,,,,,.9885836,IMF_FPP,,
NLD,Netherlands,1977,49.52382,,,,,,,50.587898,,,,49.52382,,,1,OECD_EO,,
NLD,Netherlands,1944,,,,,,,,,,,,,,,.9885836,IMF_FPP,,
NLD,Netherlands,1958,20.696,,,,,,,20.934999,,,,,,,.9885836,IMF_FPP,,
NLD,Netherlands,1995,54.78139,,54.7862,,,54.8,,56.445099,53.499358,53.038,,54.781389,,,1,OECD_EO,,
NLD,Netherlands,1884,10.79078,,,,,,,10.9154,,,,,,,.9885836,IMF_FPP,,
NLD,Netherlands,2006,43.94492,,43.96198,,,44,,45.5425,42.443195,43.962,,43.944922,,,1,OECD_EO,,
NLD,Netherlands,1986,55.19652,,,,,,,57.0093,50.578141,52.606,,55.196521,,,1,OECD_EO,,
NLD,Netherlands,1963,21.62003,,,,,,,21.869699,,,,,,,.9885836,IMF_FPP,,
NLD,Netherlands,2012,47.66862,,47.64247,,,47.6,,47.642473,46.311179,47.642,,47.668616,,,1,OECD_EO,,
NLD,Netherlands,1943,,,,,,,,,,,,,,,.9885836,IMF_FPP,,
NLD,Netherlands,1897,11.27193,,,,,,,11.4021,,,,,,,.9885836,IMF_FPP,,
NLD,Netherlands,1955,22.91715,,,,,,,23.181801,,,,,,,.9885836,IMF_FPP,,
NLD,Netherlands,1953,25.37091,,,,,,,25.6639,,,,,,,.9885836,IMF_FPP,,
NLD,Netherlands,1988,54.41303,,,,,,,56.377899,49.884782,51.742,,54.413032,,,1,OECD_EO,,
NLD,Netherlands,1901,10.13338,,,,,,,10.2504,,,,,,,.9885836,IMF_FPP,,
NLD,Netherlands,1880,9.491292,,,,,,,9.6008997,,,,,,,.9885836,IMF_FPP,,
NLD,Netherlands,1900,10.86206,,,,,,,10.9875,,,,,,,.9885836,IMF_FPP,,
NLD,Netherlands,1889,10.08158,,,,,,,10.198,,,,,,,.9885836,IMF_FPP,,
NLD,Netherlands,1965,23.16044,,,,,,,23.4279,,,,,,,.9885836,IMF_FPP,,
NLD,Netherlands,1951,23.38119,,,,,,,23.651199,,,,,,,.9885836,IMF_FPP,,
NLD,Netherlands,1947,,,,,,,,,,,,,,,.9885836,IMF_FPP,,
NLD,Netherlands,1899,10.62085,,,,,,,10.7435,,,,,,,.9885836,IMF_FPP,,
NLD,Netherlands,1930,8.586956,,,,,,,8.68612,,,,,,,.9885836,IMF_FPP,,
NLD,Netherlands,2027,44.36826,,45.62461,,,,,,,,45.486,,,,.9724633,AMECO,1,3
NLD,Netherlands,1972,44.01443,,,,,,,44.8708,,,,44.014426,,,1,OECD_EO,,
NLD,Netherlands,2004,44.72128,,44.67307,,,44.7,,46.0933,43.144027,44.673,,44.721281,,,1,OECD_EO,,
NLD,Netherlands,1912,9.193649,,,,,,,9.2998199,,,,,,,.9885836,IMF_FPP,,
NLD,Netherlands,1957,20.99119,,,,,,,21.233601,,,,,,,.9885836,IMF_FPP,,
NLD,Netherlands,1945,,,,,,,,,,,,,,,.9885836,IMF_FPP,,
NLD,Netherlands,1938,10.23046,,,,,,,10.3486,,,,,,,.9885836,IMF_FPP,,
NLD,Netherlands,2000,43.19261,,43.21028,,,43.2,,44.1698,41.647445,43.21,,43.19261,,,1,OECD_EO,,
NLD,Netherlands,1894,11.1618,,,,,,,11.2907,,,,,,,.9885836,IMF_FPP,,
NLD,Netherlands,1962,21.84958,,,,,,,22.1019,,,,,,,.9885836,IMF_FPP,,
NLD,Netherlands,1891,10.60533,,,,,,,10.7278,,,,,,,.9885836,IMF_FPP,,
NLD,Netherlands,1918,,,,,,,,,,,,,,,.9885836,IMF_FPP,,
NLD,Netherlands,2022,43.24762,,43.26578,,,43.3,,43.265984,42.313799,43.266,,43.247622,,,1,OECD_EO,,
NLD,Netherlands,1914,,,,,,,,,,,,,,,.9885836,IMF_FPP,,
NLD,Netherlands,2023,43.20052,,44.00052,,,44,,43.201333,42.329564,,43.201,43.200524,,,1,OECD_EO,,
NLD,Netherlands,1926,7.514817,,,,,,,7.6016002,,,,,,,.9885836,IMF_FPP,,
NLD,Netherlands,1941,,,,,,,,,,,,,,,.9885836,IMF_FPP,,
NLD,Netherlands,1917,,,,,,,,,,,,,,,.9885836,IMF_FPP,,
NLD,Netherlands,1997,46.41397,,46.45377,,,46.5,,47.544498,45.253747,44.909,,46.413966,,,1,OECD_EO,,
NLD,Netherlands,2011,47.79927,,47.77588,,,47.8,,47.775882,46.097257,47.776,,47.799272,,,1,OECD_EO,,
NLD,Netherlands,1942,,,,,,,,,,,,,,,.9885836,IMF_FPP,,
NLD,Netherlands,1990,52.99673,,,,,,,54.9123,46.889408,48.825,,52.996728,,,1,OECD_EO,,
NLD,Netherlands,1910,10.1227,,,,,,,10.2396,,,,,,,.9885836,IMF_FPP,,
NOR,Norway,1965,32.47686,,,,,,27.897425,32.9459,,,,,,,.9857632,IMF_FPP,,
NOR,Norway,1903,9.33913,,,,,,,9.4740105,,,,,,,.9857632,IMF_FPP,,
NOR,Norway,1966,32.97812,,,,,,27.169981,33.454399,,,,,,,.9857632,IMF_FPP,,
NOR,Norway,1886,6.570624,,,,,,,6.6655202,,,,,,,.9857632,IMF_FPP,,
NOR,Norway,1979,46.33323,,,,,,,47.175999,,,,46.333233,,,1,OECD_EO,,
NOR,Norway,1983,45.02833,,,,,,,46.362301,41.453911,43.472,,45.028329,,,1,OECD_EO,,
NOR,Norway,2018,48.51298,,,,,48.5,,47.694123,45.791998,47.694,,48.512979,,,1,OECD_EO,,
NOR,Norway,1890,6.737435,,,,,,,6.8347402,,,,,,,.9857632,IMF_FPP,,
NOR,Norway,2016,51.238,,,,,51.2,,50.404601,48.68238,50.405,,51.238,,,1,OECD_EO,,
NOR,Norway,1978,47.24743,,,,,,,47.929798,,,,47.24743,,,1,OECD_EO,,
NOR,Norway,1997,46.64771,,,,,46.6,,46.831699,43.886572,45.495,,46.647712,,,1,OECD_EO,,
NOR,Norway,1982,45.48942,,,,,,,46.595001,41.44092,43.872,,45.489418,,,1,OECD_EO,,
NOR,Norway,1949,19.12115,,,,,,24.290407,19.397301,,,,,,,.9857632,IMF_FPP,,
NOR,Norway,1921,13.49815,,,,,,,13.6931,,,,,,,.9857632,IMF_FPP,,
NOR,Norway,1971,40.16246,,,,,,33.416708,40.7425,,,,,,,.9857632,IMF_FPP,,
NOR,Norway,1929,8.779985,,,,,,13.037975,8.9067898,,,,,,,.9857632,IMF_FPP,,
NOR,Norway,1942,,,,,,,,,,,,,,,.9857632,IMF_FPP,,
NOR,Norway,2015,48.98097,,,,,49,,48.203188,46.750366,48.203,,48.98097,,,1,OECD_EO,,
NOR,Norway,1933,7.878969,,,,,,12.431454,7.9927602,,,,,,,.9857632,IMF_FPP,,
NOR,Norway,2011,43.91196,,,,,43.9,,43.265577,42.170852,43.266,,43.911964,,,1,OECD_EO,,
NOR,Norway,1931,9.595922,,,,,,14.604373,9.7345104,,,,,,,.9857632,IMF_FPP,,
NOR,Norway,1887,6.831832,,,,,,,6.9305,,,,,,,.9857632,IMF_FPP,,
NOR,Norway,1950,17.79302,,,,,,22.480974,18.049999,,,,,,,.9857632,IMF_FPP,,
NOR,Norway,1955,17.56088,,,,,,24.92795,17.814501,,,,,,,.9857632,IMF_FPP,,
NOR,Norway,1927,9.231307,,,,,,14.198672,9.3646297,,,,,,,.9857632,IMF_FPP,,
NOR,Norway,1964,31.49908,,,,,,27.767641,31.954,,,,,,,.9857632,IMF_FPP,,
NOR,Norway,1897,8.833789,,,,,,,8.9613705,,,,,,,.9857632,IMF_FPP,,
NOR,Norway,2005,42.33735,,,,,42.3,,42.114101,40.938931,41.782,,42.337352,,,1,OECD_EO,,
NOR,Norway,2007,41.563,,,,,41.6,,41.132599,39.756772,40.979,,41.562995,,,1,OECD_EO,,
NOR,Norway,1981,44.92892,,,,,,,46.0774,40.994978,43.294,,44.928926,,,1,OECD_EO,,
NOR,Norway,1941,,,,,,,,,,,,,,,.9857632,IMF_FPP,,
NOR,Norway,1994,52.63714,,,,,,,53.738701,47.706028,49.353,,52.637144,,,1,OECD_EO,,
NOR,Norway,2001,44.11719,,,,,44.1,,44.109798,42.614295,43.21,,44.117191,,,1,OECD_EO,,
NOR,Norway,1898,9.802814,,,,,,,9.9443903,,,,,,,.9857632,IMF_FPP,,
NOR,Norway,1991,53.79973,,,,,,,54.518501,47.829482,49.973,,53.799731,,,1,OECD_EO,,
NOR,Norway,1956,16.4377,,,,,,24.467883,16.6751,,,,,,,.9857632,IMF_FPP,,
NOR,Norway,2006,41.03472,,,,,41,,40.467602,39.480159,40.48,,41.03472,,,1,OECD_EO,,
NOR,Norway,1953,16.98401,,,,,,26.051965,17.2293,,,,,,,.9857632,IMF_FPP,,
NOR,Norway,1958,17.39142,,,,,,26.170308,17.642599,,,,,,,.9857632,IMF_FPP,,
NOR,Norway,1938,7.984899,,,,,,12.292775,8.1002197,,,,,,,.9857632,IMF_FPP,,
NOR,Norway,2024,49.00586,,,,,49.3,,,,,46.158001,49.005859,,,1,OECD_EO,,
NOR,Norway,1993,53.38354,,,,,,,54.6077,48.426935,50.232,,53.383538,,,1,OECD_EO,,
NOR,Norway,1985,42.94446,,,,,,,44.001301,39.36348,40.857,,42.944461,,,1,OECD_EO,,
NOR,Norway,1913,9.763837,,,,,,,9.90485,,,,,,,.9857632,IMF_FPP,,
NOR,Norway,1952,14.0907,,,,,,24.196636,14.2942,,,,,,,.9857632,IMF_FPP,,
NOR,Norway,1881,6.479628,,,,,,,6.5732098,,,,,,,.9857632,IMF_FPP,,
NOR,Norway,1996,48.26027,,,,,48.3,,48.504002,45.869573,47.037,,48.260266,,,1,OECD_EO,,
NOR,Norway,1907,8.459406,,,,,,,8.5815802,,,,,,,.9857632,IMF_FPP,,
NOR,Norway,1960,17.71416,,,,,,25.744889,17.969999,,,,,,,.9857632,IMF_FPP,,
NOR,Norway,1885,6.371599,,,,,,,6.4636202,,,,,,,.9857632,IMF_FPP,,
NOR,Norway,1915,6.270272,,,,,,8.5466461,6.3608298,,,,,,,.9857632,IMF_FPP,,
NOR,Norway,1906,9.116693,,,,,,,9.2483597,,,,,,,.9857632,IMF_FPP,,
NOR,Norway,1972,41.64376,,,,,,,42.245201,,,,,,,.9857632,IMF_FPP,,
NOR,Norway,1909,9.514488,,,,,,,9.6519003,,,,,,,.9857632,IMF_FPP,,
NOR,Norway,1892,7.446771,,,,,,,7.5543199,,,,,,,.9857632,IMF_FPP,,
NOR,Norway,1954,17.26081,,,,,,24.336478,17.510099,,,,,,,.9857632,IMF_FPP,,
NOR,Norway,2023,46.70076,,,,,46.7,,45.667171,44.1554,,45.667,46.700754,,,1,OECD_EO,,
NOR,Norway,2019,51.07298,,,,,51.1,,50.202978,47.851143,50.203,,51.072982,,,1,OECD_EO,,
NOR,Norway,1916,4.023521,,,,,,,4.0816302,,,,,,,.9857632,IMF_FPP,,
NOR,Norway,1977,45.8718,,,,,,,46.534302,,,,,,,.9857632,IMF_FPP,1,2
NOR,Norway,1920,8.516994,,,,,,13.761333,8.6400003,,,,,,,.9857632,IMF_FPP,,
NOR,Norway,1945,,,,,,,,,,,,,,,.9857632,IMF_FPP,,
NOR,Norway,1999,47.51797,,,,,47.5,,47.690701,44.989909,46.438,,47.517971,,,1,OECD_EO,,
NOR,Norway,1900,9.7587,,,,,,,9.8996401,,,,,,,.9857632,IMF_FPP,,
NOR,Norway,2017,50.05629,,,,,50.1,,49.222955,47.41275,49.223,,50.056288,,,1,OECD_EO,,
NOR,Norway,2022,38.1646,,,,,38.1,,37.644711,36.486621,37.645,,38.164595,,,1,OECD_EO,,
NOR,Norway,1989,50.76303,,,,,,,52.162998,45.908977,48.059,,50.763036,,,1,OECD_EO,,
NOR,Norway,2014,45.94419,,,,,45.9,,45.225359,43.733983,45.225,,45.944195,,,1,OECD_EO,,
NOR,Norway,1914,6.318337,,,,,,,6.4095898,,,,,,,.9857632,IMF_FPP,,
NOR,Norway,1975,42.91993,,,,,,,43.539799,,,,,,,.9857632,IMF_FPP,,
NOR,Norway,1932,9.214412,,,,,,12.83014,9.3474903,,,,,,,.9857632,IMF_FPP,,
NOR,Norway,1998,48.88385,,,,,48.9,,49.082401,46.071568,47.804,,48.883846,,,1,OECD_EO,,
NOR,Norway,1901,9.423846,,,,,,,9.5599499,,,,,,,.9857632,IMF_FPP,,
NOR,Norway,1904,8.69104,,,,,,,8.8165598,,,,,,,.9857632,IMF_FPP,,
NOR,Norway,1969,37.46265,,,,,,31.423388,38.0037,,,,,,,.9857632,IMF_FPP,,
NOR,Norway,2009,46.286,,,,,46.3,,46.316002,43.93617,45.594,,46.285996,,,1,OECD_EO,,
NOR,Norway,1925,8.504899,,,,,,11.723771,8.6277304,,,,,,,.9857632,IMF_FPP,,
NOR,Norway,1959,16.63949,,,,,,25.351943,16.879801,,,,,,,.9857632,IMF_FPP,,
NOR,Norway,1888,6.474246,,,,,,,6.56775,,,,,,,.9857632,IMF_FPP,,
NOR,Norway,1935,7.706214,,,,,,12.634113,7.8175101,,,,,,,.9857632,IMF_FPP,,
NOR,Norway,1995,50.65904,,,,,50.7,,50.9389,48.047686,49.338,,50.659043,,,1,OECD_EO,,
NOR,Norway,2027,50.95963,,,,,,,,,,49.457001,,,,1.030383,IMF_WEO_forecast,1,2
NOR,Norway,1924,8.450405,,,,,,,8.5724497,,,,,,,.9857632,IMF_FPP,,
NOR,Norway,1951,13.60836,,,,,,22.133675,13.8049,,,,,,,.9857632,IMF_FPP,,
NOR,Norway,1884,6.269237,,,,,,,6.3597798,,,,,,,.9857632,IMF_FPP,,
NOR,Norway,2021,47.08353,,,,,47.1,,46.285925,44.6828,46.286,,47.083534,,,1,OECD_EO,,
NOR,Norway,1992,54.73368,,,,,,,55.782398,49.008293,51.312,,54.73368,,,1,OECD_EO,,
NOR,Norway,1922,11.57976,,,,,,,11.747,,,,,,,.9857632,IMF_FPP,,
NOR,Norway,1967,34.40412,,,,,,28.537379,34.901001,,,,,,,.9857632,IMF_FPP,,
NOR,Norway,1940,,,,,,,,,,,,,,,.9857632,IMF_FPP,,
NOR,Norway,2026,50.08277,,,,,,,,,,48.605999,50.082773,,,1,OECD_EO,,
NOR,Norway,1896,8.957374,,,,,,,9.0867395,,,,,,,.9857632,IMF_FPP,,
NOR,Norway,1990,52.60021,,,,,,,53.310799,46.9185,48.937,,52.600207,,,1,OECD_EO,,
NOR,Norway,1946,18.19551,,,,,,30.521433,18.4583,,,,,,,.9857632,IMF_FPP,,
NOR,Norway,2010,45.1487,,,,,45.1,,45.920601,43.284993,44.474,,45.148696,,,1,OECD_EO,,
NOR,Norway,1970,38.35526,,,,,,31.949369,38.909199,,,,,,,.9857632,IMF_FPP,,
NOR,Norway,1919,9.849677,,,,,,,9.99193,,,,,,,.9857632,IMF_FPP,,
NOR,Norway,1948,17.72175,,,,,,26.041427,17.977699,,,,,,,.9857632,IMF_FPP,,
NOR,Norway,2002,47.08426,,,,,47.1,,47.055801,45.286466,46.149,,47.084254,,,1,OECD_EO,,
NOR,Norway,1944,,,,,,,,,,,,,,,.9857632,IMF_FPP,,
NOR,Norway,2008,40.34239,,,,,40.3,,40.587502,38.420318,39.759,,40.342387,,,1,OECD_EO,,
NOR,Norway,1905,9.014607,,,,,,,9.1448002,,,,,,,.9857632,IMF_FPP,,
NOR,Norway,1968,35.69015,,,,,,29.820527,36.205601,,,,,,,.9857632,IMF_FPP,,
NOR,Norway,1986,46.79063,,,,,,,48.1301,42.599912,44.287,,46.790627,,,1,OECD_EO,,
NOR,Norway,2013,44.13321,,,,,44.1,,43.454415,42.206298,43.454,,44.133209,,,1,OECD_EO,,
NOR,Norway,2003,48.20435,,,,,48.2,,48.1754,46.528588,47.643,,48.204353,,,1,OECD_EO,,
NOR,Norway,1936,7.80481,,,,,,11.934021,7.9175301,,,,,,,.9857632,IMF_FPP,,
NOR,Norway,1893,7.817752,,,,,,,7.9306598,,,,,,,.9857632,IMF_FPP,,
NOR,Norway,1988,51.3386,,,,,,,52.614601,46.116154,48.4,,51.3386,,,1,OECD_EO,,
NOR,Norway,1923,10.8499,,,,,,,11.0066,,,,,,,.9857632,IMF_FPP,,
NOR,Norway,1912,9.754128,,,,,,,9.8950005,,,,,,,.9857632,IMF_FPP,,
NOR,Norway,1908,10.64457,,,,,,,10.7983,,,,,,,.9857632,IMF_FPP,,
NOR,Norway,1987,48.87968,,,,,,,50.473701,44.356291,46.536,,48.879683,,,1,OECD_EO,,
NOR,Norway,1980,45.1911,,,,,,,46.128502,40.902793,43.883,,45.1911,,,1,OECD_EO,,
NOR,Norway,1934,7.318109,,,,,,12.59587,7.4238,,,,,,,.9857632,IMF_FPP,,
NOR,Norway,1926,9.441768,,,,,,13.267327,9.5781298,,,,,,,.9857632,IMF_FPP,,
NOR,Norway,1902,9.447475,,,,,,,9.5839195,,,,,,,.9857632,IMF_FPP,,
NOR,Norway,1930,8.46806,,,,,,12.816998,8.5903597,,,,,,,.9857632,IMF_FPP,,
NOR,Norway,1963,31.46852,,,,,,27.886639,31.923,,,,,,,.9857632,IMF_FPP,,
NOR,Norway,1937,7.45372,,,,,,11.626949,7.5613699,,,,,,,.9857632,IMF_FPP,,
NOR,Norway,1961,20.06334,,,,,,26.169174,20.3531,,,,,,,.9857632,IMF_FPP,,
NOR,Norway,1974,41.60236,,,,,,,42.203201,,,,,,,.9857632,IMF_FPP,,
NOR,Norway,1918,9.802951,,,,,,,9.9445295,,,,,,,.9857632,IMF_FPP,,
NOR,Norway,1910,8.486839,,,,,,,8.6094103,,,,,,,.9857632,IMF_FPP,,
NOR,Norway,1928,9.271447,,,,,,13.894812,9.4053497,,,,,,,.9857632,IMF_FPP,,
NOR,Norway,2020,57.53514,,,,,57.6,,56.710024,54.705011,56.71,,57.535139,,,1,OECD_EO,,
NOR,Norway,1973,41.66279,,,,,,,42.2645,,,,,,,.9857632,IMF_FPP,,
NOR,Norway,1939,8.938556,,,,,,14.436271,9.0676498,,,,,,,.9857632,IMF_FPP,,
NOR,Norway,1943,,,,,,,,,,,,,,,.9857632,IMF_FPP,,
NOR,Norway,1962,30.13665,,,,,,26.884137,30.571899,,,,,,,.9857632,IMF_FPP,,
NOR,Norway,2004,45.30499,,,,,45.3,,45.432301,43.727864,44.749,,45.304993,,,1,OECD_EO,,
NOR,Norway,1882,6.231966,,,,,,,6.32197,,,,,,,.9857632,IMF_FPP,,
NOR,Norway,1947,22.22236,,,,,,23.679357,22.543301,,,,,,,.9857632,IMF_FPP,,
NOR,Norway,2025,50.12208,,,,,,,,,,47.473999,50.122078,,,1,OECD_EO,,
NOR,Norway,1911,8.936171,,,,,,,9.0652304,,,,,,,.9857632,IMF_FPP,,
NOR,Norway,1917,5.138527,,,,,,,5.2127399,,,,,,,.9857632,IMF_FPP,,
NOR,Norway,2028,51.77054,,,,,,,,,,50.243999,,,,1.030383,IMF_WEO_forecast,,
NOR,Norway,2012,43.03461,,,,,43,,42.400362,41.557308,42.4,,43.034605,,,1,OECD_EO,,
NOR,Norway,1899,7.483658,,,,,,,7.5917401,,,,,,,.9857632,IMF_FPP,,
NOR,Norway,1976,44.6045,,,,,,,45.248699,,,,,,,.9857632,IMF_FPP,,
NOR,Norway,1957,16.97248,,,,,,24.943483,17.2176,,,,,,,.9857632,IMF_FPP,,
NOR,Norway,1895,8.607773,,,,,,,8.73209,,,,,,,.9857632,IMF_FPP,,
NOR,Norway,2000,42.37224,,,,,42.4,,42.300499,40.67782,41.326,,42.372238,,,1,OECD_EO,,
NOR,Norway,1883,5.568773,,,,,,,5.6492,,,,,,,.9857632,IMF_FPP,,
NOR,Norway,2029,52.47944,,,,,,,,,,50.931999,,,,1.030383,IMF_WEO_forecast,,
NOR,Norway,1889,6.587461,,,,,,,6.6826,,,,,,,.9857632,IMF_FPP,,
NOR,Norway,1984,43.44001,,,,,,,44.4617,39.86586,41.506,,43.440013,,,1,OECD_EO,,
NOR,Norway,1894,7.771945,,,,,,,7.8841901,,,,,,,.9857632,IMF_FPP,,
NOR,Norway,1891,6.738096,,,,,,,6.8354101,,,,,,,.9857632,IMF_FPP,,
NPL,Nepal,2017,23.635,23.63764,,,,,,,,23.635,,,,,1,IMF_WEO,,
NPL,Nepal,2023,25.167,,,,,,,,,,25.167,,,,1,IMF_WEO_forecast,1,1
NPL,Nepal,2018,27.999,27.999057,,,,,,,,27.999,,,,,1,IMF_WEO,,
NPL,Nepal,2024,23.997,,,,,,,,,,23.997,,,,1,IMF_WEO_forecast,,
NPL,Nepal,2027,25.342,,,,,,,,,,25.341999,,,,1,IMF_WEO_forecast,,
NPL,Nepal,2011,16.345,17.059581,,,,,,,,16.345,,,,,1,IMF_WEO,,
NPL,Nepal,2025,24.388,,,,,,,,,,24.388,,,,1,IMF_WEO_forecast,,
NPL,Nepal,2022,26.057,,,,,,,,,26.057,,,,,1,IMF_WEO,,
NPL,Nepal,2029,25.897,,,,,,,,,,25.896999,,,,1,IMF_WEO_forecast,,
NPL,Nepal,2001,12.903,,,,,,,,,12.903,,,,,1,IMF_WEO,,
NPL,Nepal,2020,27.609,25.027192,,,,,,,17.238487,27.609,,,,,1,IMF_WEO,,
NPL,Nepal,2014,16.583,16.560997,,,,,,,,16.583,,,,,1,IMF_WEO,,
NPL,Nepal,2028,25.654,,,,,,,,,,25.653999,,,,1,IMF_WEO_forecast,,
NPL,Nepal,2021,27.248,25.133924,,,,,,,16.920323,27.248,,,,,1,IMF_WEO,,
NPL,Nepal,2026,24.965,,,,,,,,,,24.965,,,,1,IMF_WEO_forecast,,
NPL,Nepal,2000,11.432,,,,,,,,,11.432,,,,,1,IMF_WEO,,
NPL,Nepal,2013,15.496,15.474186,,,,,,,,15.496,,,,,1,IMF_WEO,,
NPL,Nepal,2016,18.961,18.915419,,,,,,,,18.961,,,,,1,IMF_WEO,,
NPL,Nepal,2010,16.454,19.503366,,,,,,,,16.454,,,,,1,IMF_WEO,,
NPL,Nepal,2003,11.957,,,,,,,,,11.957,,,,,1,IMF_WEO,,
NPL,Nepal,2004,11.799,,,,,,,,,11.799,,,,,1,IMF_WEO,,
NPL,Nepal,2005,12.049,,,,,,,,,12.049,,,,,1,IMF_WEO,,
NPL,Nepal,2008,13.391,,,,,,,,,13.391,,,,,1,IMF_WEO,,
NPL,Nepal,2015,17.67,17.638193,,,,,,,,17.67,,,,,1,IMF_WEO,,
NPL,Nepal,2007,13.105,,,,,,,,,13.105,,,,,1,IMF_WEO,,
NPL,Nepal,2006,11.169,,,,,,,,,11.169,,,,,1,IMF_WEO,,
NPL,Nepal,2019,27.339,27.961696,,,,,,,16.36312,27.339,,,,,1,IMF_WEO,,
NPL,Nepal,2009,16.981,,,,,,,,,16.981,,,,,1,IMF_WEO,,
NPL,Nepal,2002,12.993,,,,,,,,,12.993,,,,,1,IMF_WEO,,
NPL,Nepal,2012,16.768,16.75519,,,,,,,,16.768,,,,,1,IMF_WEO,,
NRU,Nauru,2022,133.5,133.5,,,,,,,,,130.838,,,,1,ADB,1,3
NRU,Nauru,2014,61.328,51.76471,,,,,,,86.996954,61.328,,,,,1,IMF_WEO,,
NRU,Nauru,2028,97.281,,,,,,,,,,97.280998,,,,1,IMF_WEO_forecast,,
NRU,Nauru,2025,126.956,,,,,,,,,,126.956,,,,1,IMF_WEO_forecast,,
NRU,Nauru,2023,116.2,116.2,,,,,,,,,115.983,,,,1,ADB,,
NRU,Nauru,2017,102.283,101.7,,,,,,,90.873789,102.283,,,,,1,IMF_WEO,,
NRU,Nauru,2020,109.391,134.5,,,,,,,103.60029,109.391,,,,,1,IMF_WEO,,
NRU,Nauru,2007,82.88093,82.88093,,,,,,,,,,,,,1,ADB,,
NRU,Nauru,2024,123.745,,,,,,,,,,123.745,,,,1,IMF_WEO_forecast,1,3
NRU,Nauru,2005,28.47182,28.47182,,,,,,,,,,,,,1,ADB,,
NRU,Nauru,2012,45.974,44.68719,,,,,,,,45.974,,,,,1,IMF_WEO,,
NRU,Nauru,2021,92.958,93,,,,,,,,92.958,,,,,1,IMF_WEO,,
NRU,Nauru,2015,85.358,83.1,,,,,,,95.584534,85.358,,,,,1,IMF_WEO,,
NRU,Nauru,2018,90.777,95.6,,,,,,,78.381637,90.777,,,,,1,IMF_WEO,,
NRU,Nauru,2006,64.03795,64.03795,,,,,,,,,,,,,1,ADB,,
NRU,Nauru,2027,107.811,,,,,,,,,,107.811,,,,1,IMF_WEO_forecast,,
NRU,Nauru,2008,54.52342,54.52342,,,,,,,,,,,,,1,ADB,1,3
NRU,Nauru,2010,73.772,83.55729,,,,,,,,73.772,,,,,1,IMF_WEO,,
NRU,Nauru,2013,66.019,57.41265,,,,,,,,66.019,,,,,1,IMF_WEO,,
NRU,Nauru,2026,120.486,,,,,,,,,,120.486,,,,1,IMF_WEO_forecast,,
NRU,Nauru,2029,93.724,,,,,,,,,,93.723999,,,,1,IMF_WEO_forecast,,
NRU,Nauru,2019,105.97,118.9,,,,,,,89.631653,105.97,,,,,1,IMF_WEO,,
NRU,Nauru,2016,96.008,93.4,,,,,,,88.924752,96.008,,,,,1,IMF_WEO,,
NRU,Nauru,2009,67.978,80.52919,,,,,,,,67.978,,,,,1,IMF_WEO,,
NRU,Nauru,2011,44.697,,,,,,,,,44.697,,,,,1,IMF_WEO,,
NZL,New Zealand,1878,12.6113,,,,,,,12.6113,,,,,,,1,IMF_FPP,,
NZL,New Zealand,2018,36.58601,35.4,,,,,,36.104021,32.778624,36.104,,36.586012,,,1,OECD_EO,,
NZL,New Zealand,2001,34.10001,,,,,,,37.246683,,37.247,,34.100014,,,1,OECD_EO,,
NZL,New Zealand,1928,17.0003,,,,,,,17.000299,,,,,,,1,IMF_FPP,,
NZL,New Zealand,1922,17.707,,,,,,,17.707001,,,,,,,1,IMF_FPP,,
NZL,New Zealand,1979,38.4055,,,,,,,38.405499,,,,,,,1,IMF_FPP,,
NZL,New Zealand,1998,36.62476,,,,,,,40.144905,,40.145,,36.62476,,,1,OECD_EO,,
NZL,New Zealand,1995,37.36273,,,,,,,41.624992,,41.625,,37.362728,,,1,OECD_EO,,
NZL,New Zealand,1920,15.7068,,,,,,,15.7068,,,,,,,1,IMF_FPP,,
NZL,New Zealand,1895,14.2904,,,,,,,14.2904,,,,,,,1,IMF_FPP,,
NZL,New Zealand,1993,39.87011,,,,,,,46.805399,,46.805,,39.87011,,,1,OECD_EO,,
NZL,New Zealand,1910,13.5414,,,,,,,13.5414,,,,,,,1,IMF_FPP,,
NZL,New Zealand,1945,15.3497,,,,,,,15.3497,,,,,,,1,IMF_FPP,,
NZL,New Zealand,1989,46.28254,,,,,,,47.942506,,47.943,,46.282536,,,1,OECD_EO,,
NZL,New Zealand,1982,39.8831,,,,,,,39.883099,,,,,,,1,IMF_FPP,,
NZL,New Zealand,1956,18.6256,,,,,,,18.625601,,,,,,,1,IMF_FPP,,
NZL,New Zealand,1967,26.0114,,,,,,,26.0114,,,,,,,1,IMF_FPP,,
NZL,New Zealand,1887,14.8049,,,,,,,14.8049,,,,,,,1,IMF_FPP,,
NZL,New Zealand,1978,36.6426,,,,,,,36.642601,,,,,,,1,IMF_FPP,,
NZL,New Zealand,1931,17.0197,,,,,,,17.019699,,,,,,,1,IMF_FPP,,
NZL,New Zealand,1949,24.0202,,,,,,,24.020201,,,,,,,1,IMF_FPP,,
NZL,New Zealand,1957,19.5332,,,,,,,19.533199,,,,,,,1,IMF_FPP,,
NZL,New Zealand,1973,27.0978,,,,,,,27.097799,,,,,,,1,IMF_FPP,,
NZL,New Zealand,1882,11.9473,,,,,,,11.9473,,,,,,,1,IMF_FPP,,
NZL,New Zealand,1953,22.8403,,,,,,,22.8403,,,,,,,1,IMF_FPP,,
NZL,New Zealand,1880,12.882,,,,,,,12.882,,,,,,,1,IMF_FPP,,
NZL,New Zealand,1983,41.3649,,,,,,,41.364899,,,,,,,1,IMF_FPP,,
NZL,New Zealand,1932,20.6168,,,,,,,20.6168,,,,,,,1,IMF_FPP,,
NZL,New Zealand,1942,18.04,,,,,,,18.040001,,,,,,,1,IMF_FPP,,
NZL,New Zealand,1906,12.5823,,,,,,,12.5823,,,,,,,1,IMF_FPP,,
NZL,New Zealand,1970,24.8364,,,,,,,24.836399,,,,,,,1,IMF_FPP,,
NZL,New Zealand,1888,14.4367,,,,,,,14.4367,,,,,,,1,IMF_FPP,,
NZL,New Zealand,1889,14.2133,,,,,,,14.2133,,,,,,,1,IMF_FPP,,
NZL,New Zealand,1962,21.581,,,,,,,21.580999,,,,,,,1,IMF_FPP,,
NZL,New Zealand,1899,13.646,,,,,,,13.646,,,,,,,1,IMF_FPP,,
NZL,New Zealand,1987,46.60468,,,,,,,46.06938,,46.069,,46.604677,,,1,OECD_EO,,
NZL,New Zealand,1902,14.5858,,,,,,,14.5858,,,,,,,1,IMF_FPP,,
NZL,New Zealand,1890,13.151,,,,,,,13.151,,,,,,,1,IMF_FPP,,
NZL,New Zealand,1961,21.1351,,,,,,,21.135099,,,,,,,1,IMF_FPP,,
NZL,New Zealand,1972,26.3646,,,,,,,26.364599,,,,,,,1,IMF_FPP,,
NZL,New Zealand,1901,13.2526,,,,,,,13.2526,,,,,,,1,IMF_FPP,,
NZL,New Zealand,1903,13.9047,,,,,,,13.9047,,,,,,,1,IMF_FPP,,
NZL,New Zealand,1905,13.4939,,,,,,,13.4939,,,,,,,1,IMF_FPP,,
NZL,New Zealand,1907,12.0534,,,,,,,12.0534,,,,,,,1,IMF_FPP,,
NZL,New Zealand,1990,47.17644,,,,,,,49.511483,,49.511,,47.176442,,,1,OECD_EO,,
NZL,New Zealand,1955,19.6484,,,,,,,19.648399,,,,,,,1,IMF_FPP,,
NZL,New Zealand,1969,25.8544,,,,,,,25.854401,,,,,,,1,IMF_FPP,,
NZL,New Zealand,1916,12.14,,,,,,,12.14,,,,,,,1,IMF_FPP,,
NZL,New Zealand,1974,27.2834,,,,,,,27.2834,,,,,,,1,IMF_FPP,,
NZL,New Zealand,1948,23.7326,,,,,,,23.732599,,,,,,,1,IMF_FPP,,
NZL,New Zealand,1918,12.8536,,,,,,,12.8536,,,,,,,1,IMF_FPP,,
NZL,New Zealand,1951,19.2472,,,,,,,19.2472,,,,,,,1,IMF_FPP,,
NZL,New Zealand,1896,13.789,,,,,,,13.789,,,,,,,1,IMF_FPP,,
NZL,New Zealand,1971,26.7644,,,,,,,26.7644,,,,,,,1,IMF_FPP,,
NZL,New Zealand,1924,17.2989,,,,,,,17.298901,,,,,,,1,IMF_FPP,,
NZL,New Zealand,1908,11.915,,,,,,,11.915,,,,,,,1,IMF_FPP,,
NZL,New Zealand,1927,16.3133,,,,,,,16.313299,,,,,,,1,IMF_FPP,,
NZL,New Zealand,1886,14.6328,,,,,,,14.6328,,,,,,,1,IMF_FPP,,
NZL,New Zealand,1925,17.1718,,,,,,,17.171801,,,,,,,1,IMF_FPP,,
NZL,New Zealand,1930,15.5077,,,,,,,15.5077,,,,,,,1,IMF_FPP,,
NZL,New Zealand,1894,14.031,,,,,,,14.031,,,,,,,1,IMF_FPP,,
NZL,New Zealand,1881,13.0375,,,,,,,13.0375,,,,,,,1,IMF_FPP,,
NZL,New Zealand,1911,12.2923,,,,,,,12.2923,,,,,,,1,IMF_FPP,,
NZL,New Zealand,1981,39.1093,,,,,,,39.109299,,,,,,,1,IMF_FPP,,
NZL,New Zealand,2002,33.30067,,,,,,,36.775097,,36.775,,33.30067,,,1,OECD_EO,,
NZL,New Zealand,2021,43.78532,40.1,,,,,,41.847417,36.836694,41.847,,43.785325,,,1,OECD_EO,,
NZL,New Zealand,1923,18.6793,,,,,,,18.6793,,,,,,,1,IMF_FPP,,
NZL,New Zealand,1938,20.5963,,,,,,,20.5963,,,,,,,1,IMF_FPP,,
NZL,New Zealand,1947,24.1854,,,,,,,24.1854,,,,,,,1,IMF_FPP,,
NZL,New Zealand,2028,38.47,,,,,,,,,,38.470001,,,,1,IMF_WEO_forecast,,
NZL,New Zealand,2006,35.72959,,,,,,,37.853642,,37.854,,35.72959,,,1,OECD_EO,,
NZL,New Zealand,1917,12.6902,,,,,,,12.6902,,,,,,,1,IMF_FPP,,
NZL,New Zealand,1999,36.2242,,,,,,,39.267237,,39.267,,36.224196,,,1,OECD_EO,,
NZL,New Zealand,1964,19.4287,,,,,,,19.428699,,,,,,,1,IMF_FPP,,
NZL,New Zealand,1959,20.6807,,,,,,,20.6807,,,,,,,1,IMF_FPP,,
NZL,New Zealand,2025,42.38944,,,,,,,,,,41.551998,42.389439,,,1,OECD_EO,,
NZL,New Zealand,1879,13.0806,,,,,,,13.0806,,,,,,,1,IMF_FPP,,
NZL,New Zealand,2015,37.09138,37.6,,,,,,37.223438,34.880281,37.223,,37.091381,,,1,OECD_EO,,
NZL,New Zealand,1913,13.815,,,,,,,13.815,,,,,,,1,IMF_FPP,,
NZL,New Zealand,1936,16.5289,,,,,,,16.5289,,,,,,,1,IMF_FPP,,
NZL,New Zealand,2010,44.19182,40.3,,,,,,43.038615,37.554301,43.039,,44.191816,,,1,OECD_EO,,
NZL,New Zealand,1986,49.59102,,,,,,,46.883258,,46.883,,49.591018,,,1,OECD_EO,,
NZL,New Zealand,2027,39.446,,,,,,,,,,39.445999,,,,1,IMF_WEO_forecast,1,3
NZL,New Zealand,1929,14.97,,,,,,,14.97,,,,,,,1,IMF_FPP,,
NZL,New Zealand,2008,37.55635,,,,,,,38.572506,,38.573,,37.556349,,,1,OECD_EO,,
NZL,New Zealand,1944,14.6669,,,,,,,14.6669,,,,,,,1,IMF_FPP,,
NZL,New Zealand,1937,15.8264,,,,,,,15.8264,,,,,,,1,IMF_FPP,,
NZL,New Zealand,1963,19.3798,,,,,,,19.379801,,,,,,,1,IMF_FPP,,
NZL,New Zealand,2029,37.145,,,,,,,,,,37.145,,,,1,IMF_WEO_forecast,,
NZL,New Zealand,2005,34.42117,,,,,,,37.115509,,37.116,,34.421173,,,1,OECD_EO,,
NZL,New Zealand,1904,13.4425,,,,,,,13.4425,,,,,,,1,IMF_FPP,,
NZL,New Zealand,2020,45.24568,42.5,,,,,,42.065889,39.696222,42.066,,45.245682,,,1,OECD_EO,,
NZL,New Zealand,2003,33.83594,,,,,,,36.686031,,36.686,,33.835936,,,1,OECD_EO,,
NZL,New Zealand,1934,18.9097,,,,,,,18.9097,,,,,,,1,IMF_FPP,,
NZL,New Zealand,1997,37.17407,,,,,,,39.346866,,39.347,,37.174067,,,1,OECD_EO,,
NZL,New Zealand,2000,34.30339,,,,,,,38.310824,,38.311,,34.303387,,,1,OECD_EO,,
NZL,New Zealand,2009,38.33882,40.1,,,,,,40.449561,37.571979,40.45,,38.338823,,,1,OECD_EO,,
NZL,New Zealand,1898,13.2476,,,,,,,13.2476,,,,,,,1,IMF_FPP,,
NZL,New Zealand,2011,41.23833,45.8,,,,,,42.420006,43.609769,42.42,,41.238332,,,1,OECD_EO,,
NZL,New Zealand,1966,25.0426,,,,,,,25.042601,,,,,,,1,IMF_FPP,,
NZL,New Zealand,1921,16.023,,,,,,,16.023001,,,,,,,1,IMF_FPP,,
NZL,New Zealand,1897,12.9956,,,,,,,12.9956,,,,,,,1,IMF_FPP,,
NZL,New Zealand,1933,19.7162,,,,,,,19.7162,,,,,,,1,IMF_FPP,,
NZL,New Zealand,1939,18.3503,,,,,,,18.3503,,,,,,,1,IMF_FPP,,
NZL,New Zealand,1915,13.1456,,,,,,,13.1456,,,,,,,1,IMF_FPP,,
NZL,New Zealand,2014,37.90184,37.7,,,,,,37.683942,35.485652,37.684,,37.901838,,,1,OECD_EO,,
NZL,New Zealand,2023,43.19475,,,,,,,41.391821,41.007275,,41.391998,43.194751,,,1,OECD_EO,,
NZL,New Zealand,1958,17.4157,,,,,,,17.415701,,,,,,,1,IMF_FPP,,
NZL,New Zealand,1891,13.633,,,,,,,13.633,,,,,,,1,IMF_FPP,,
NZL,New Zealand,1984,40.6811,,,,,,,40.681099,,,,,,,1,IMF_FPP,1,3
NZL,New Zealand,1975,30.0634,,,,,,,30.0634,,,,,,,1,IMF_FPP,,
NZL,New Zealand,1914,14.1225,,,,,,,14.1225,,,,,,,1,IMF_FPP,,
NZL,New Zealand,1892,13.7482,,,,,,,13.7482,,,,,,,1,IMF_FPP,,
NZL,New Zealand,1976,31.5744,,,,,,,31.5744,,,,,,,1,IMF_FPP,,
NZL,New Zealand,1980,38.0349,,,,,,,38.034901,,,,,,,1,IMF_FPP,,
NZL,New Zealand,1954,21.361,,,,,,,21.361,,,,,,,1,IMF_FPP,,
NZL,New Zealand,1952,23.05,,,,,,,23.049999,,,,,,,1,IMF_FPP,,
NZL,New Zealand,1991,44.0406,,,,,,,53.006352,,53.006,,44.040604,,,1,OECD_EO,,
NZL,New Zealand,1941,18.1688,,,,,,,18.1688,,,,,,,1,IMF_FPP,,
NZL,New Zealand,2012,40.24368,39.5,,,,,,39.783547,38.228711,39.784,,40.243682,,,1,OECD_EO,,
NZL,New Zealand,2017,36.17087,36,,,,,,35.62008,33.131672,35.62,,36.170871,,,1,OECD_EO,,
NZL,New Zealand,1950,21.8067,,,,,,,21.8067,,,,,,,1,IMF_FPP,,
NZL,New Zealand,2016,37.27015,36.8,,,,,,36.450343,34.033262,36.45,,37.270149,,,1,OECD_EO,,
NZL,New Zealand,1992,43.3436,,,,,,,52.534546,,52.535,,43.343599,,,1,OECD_EO,,
NZL,New Zealand,2019,38.68,36.6,,,,,,38.834842,33.169037,38.835,,38.680005,,,1,OECD_EO,,
NZL,New Zealand,2024,43.12314,,,,,,,,,,42.279999,43.123138,,,1,OECD_EO,,
NZL,New Zealand,2026,41.90725,,,,,,,,,,40.474998,41.907252,,,1,OECD_EO,,
NZL,New Zealand,1985,46.144,,,,,,,46.144029,,46.144,,,,,1,IMF_WEO,1,3
NZL,New Zealand,1884,13.0074,,,,,,,13.0074,,,,,,,1,IMF_FPP,,
NZL,New Zealand,1996,36.20214,,,,,,,39.885693,,39.886,,36.202141,,,1,OECD_EO,,
NZL,New Zealand,1943,15.0781,,,,,,,15.0781,,,,,,,1,IMF_FPP,,
NZL,New Zealand,1876,15.3837,,,,,,,15.3837,,,,,,,1,IMF_FPP,,
NZL,New Zealand,2013,39.04466,39.7,,,,,,38.635546,36.59005,38.636,,39.044663,,,1,OECD_EO,,
NZL,New Zealand,1883,12.3469,,,,,,,12.3469,,,,,,,1,IMF_FPP,,
NZL,New Zealand,1965,24.9234,,,,,,,24.923401,,,,,,,1,IMF_FPP,,
NZL,New Zealand,1977,29.9631,,,,,,,29.9631,,,,,,,1,IMF_FPP,,
NZL,New Zealand,1988,47.83706,,,,,,,46.109959,,46.11,,47.837061,,,1,OECD_EO,,
NZL,New Zealand,1946,15.5624,,,,,,,15.5624,,,,,,,1,IMF_FPP,,
NZL,New Zealand,1926,14.4347,,,,,,,14.4347,,,,,,,1,IMF_FPP,,
NZL,New Zealand,1893,13.1976,,,,,,,13.1976,,,,,,,1,IMF_FPP,,
NZL,New Zealand,1912,13.0259,,,,,,,13.0259,,,,,,,1,IMF_FPP,,
NZL,New Zealand,2007,35.60267,,,,,,,37.080428,,37.08,,35.602674,,,1,OECD_EO,,
NZL,New Zealand,1935,17.9432,,,,,,,17.943199,,,,,,,1,IMF_FPP,,
NZL,New Zealand,1919,14.5876,,,,,,,14.5876,,,,,,,1,IMF_FPP,,
NZL,New Zealand,1900,13.4994,,,,,,,13.4994,,,,,,,1,IMF_FPP,,
NZL,New Zealand,1885,13.3425,,,,,,,13.3425,,,,,,,1,IMF_FPP,,
NZL,New Zealand,1960,25.3183,,,,,,,25.3183,,,,,,,1,IMF_FPP,,
NZL,New Zealand,2004,33.26732,,,,,,,36.162112,,36.162,,33.267324,,,1,OECD_EO,,
NZL,New Zealand,1940,18.5348,,,,,,,18.5348,,,,,,,1,IMF_FPP,,
NZL,New Zealand,2022,42.35027,43.9,,,,,,41.921893,39.295271,41.922,,42.350274,,,1,OECD_EO,,
NZL,New Zealand,1994,37.95121,,,,,,,42.779267,,42.779,,37.951213,,,1,OECD_EO,,
NZL,New Zealand,1968,26.1846,,,,,,,26.184601,,,,,,,1,IMF_FPP,,
NZL,New Zealand,1877,14.8921,,,,,,,14.8921,,,,,,,1,IMF_FPP,,
NZL,New Zealand,1909,13.7379,,,,,,,13.7379,,,,,,,1,IMF_FPP,,
OMN,Oman,1998,36.129,,,,,,,36.129084,,36.129,,,,,1,IMF_WEO,,
OMN,Oman,1997,32.088,,,,,,,32.08796,,32.088,,,,,1,IMF_WEO,,
OMN,Oman,2012,38.629,,,,,,,38.629008,,38.629,,,,,1,IMF_WEO,,
OMN,Oman,1993,40.055,,,,,,,40.054964,,40.055,,,,,1,IMF_WEO,,
OMN,Oman,2011,34.495,,,,,,,34.49488,,34.495,,,,,1,IMF_WEO,,
OMN,Oman,2001,33.279,,,,,,,33.278703,,33.279,,,,,1,IMF_WEO,,
OMN,Oman,2028,23.95195,,,,,,,,,,23.952,,,,.999998,IMF_WEO_forecast,,
OMN,Oman,1992,40.141,,,,,,,40.140607,,40.141,,,,,1,IMF_WEO,,
OMN,Oman,2025,26.60095,,,,,,,,,,26.601,,,,.999998,IMF_WEO_forecast,,
OMN,Oman,2016,44.614,,,44.06677,,,,44.614022,,44.614,,,,,1,IMF_WEO,,
OMN,Oman,2018,38.321,,,38.32225,,,,38.320635,,38.321,,,,,1,IMF_WEO,,
OMN,Oman,2008,25.587,,,,,,,25.586546,,25.587,,,,,1,IMF_WEO,,
OMN,Oman,2007,30.723,,,,,,,30.722942,,30.723,,,,,1,IMF_WEO,,
OMN,Oman,1995,38.245,,,,,,,38.245378,,38.245,,,,,1,IMF_WEO,,
OMN,Oman,1996,33.483,,,,,,,33.482927,,33.483,,,,,1,IMF_WEO,,
OMN,Oman,2010,30.585,,,,,,,30.58541,,30.585,,,,,1,IMF_WEO,,
OMN,Oman,2013,39.293,,,46.18356,,,,39.292884,,39.293,,,,,1,IMF_WEO,,
OMN,Oman,1991,37.448,,,,,,,37.448203,,37.448,,,,,1,IMF_WEO,,
OMN,Oman,2024,27.03895,,,,,,,,,,27.039,,,,.999998,IMF_WEO_forecast,1,2
OMN,Oman,2022,30.338,,,,,,,30.338308,,30.338,,,,,1,IMF_WEO,,
OMN,Oman,2023,26.73195,,,,,,,26.732221,,,26.732,,,,.9999898,IMF_FPP,1,2
OMN,Oman,2009,33.371,,,,,,,33.371467,,33.371,,,,,1,IMF_WEO,,
OMN,Oman,2005,30.627,,,,,,,30.626873,,30.627,,,,,1,IMF_WEO,,
OMN,Oman,2020,44.538,,,45.20357,,,,44.538278,,44.538,,,,,1,IMF_WEO,,
OMN,Oman,2006,30.055,,,,,,,30.055395,,30.055,,,,,1,IMF_WEO,,
OMN,Oman,2029,23.23796,,,,,,,,,,23.238001,,,,.999998,IMF_WEO_forecast,,
OMN,Oman,1994,39.745,,,,,,,39.74545,,39.745,,,,,1,IMF_WEO,,
OMN,Oman,2002,34.138,,,,,,,34.137514,,34.138,,,,,1,IMF_WEO,,
OMN,Oman,2014,41.415,,,15.27773,,,,41.415331,,41.415,,,,,1,IMF_WEO,,
OMN,Oman,2017,39.428,,,39.21285,,,,39.4285,,39.428,,,,,1,IMF_WEO,,
OMN,Oman,1999,34.172,,,,,,,34.171723,,34.172,,,,,1,IMF_WEO,,
OMN,Oman,2015,44.541,,,17.82093,,,,44.541334,,44.541,,,,,1,IMF_WEO,,
OMN,Oman,2003,33.957,,,,,,,33.956804,,33.957,,,,,1,IMF_WEO,,
OMN,Oman,2019,38.779,,,38.79598,,,,38.778544,,38.779,,,,,1,IMF_WEO,,
OMN,Oman,2027,24.83695,,,,,,,,,,24.837,,,,.999998,IMF_WEO_forecast,,
OMN,Oman,2004,34.077,,,,,,,34.077225,,34.077,,,,,1,IMF_WEO,,
OMN,Oman,2021,36.493,,,36.84703,,,,36.49313,,36.493,,,,,1,IMF_WEO,,
OMN,Oman,1990,36.509,,,,,,,36.508633,,36.509,,,,,1,IMF_WEO,,
OMN,Oman,2026,25.65495,,,,,,,,,,25.655001,,,,.999998,IMF_WEO_forecast,,
OMN,Oman,2000,31.222,,,,,,,31.221806,,31.222,,,,,1,IMF_WEO,,
PAK,Pakistan,1956,8.26993,,,,,,,8.2699299,,,,,,,1,IMF_FPP,,
PAK,Pakistan,2024,19.309,,,,,,,,,,19.309,,,,1,IMF_WEO_forecast,1,2
PAK,Pakistan,1975,20.4482,,,,,,,20.4482,,,,,,,1,IMF_FPP,,
PAK,Pakistan,1966,12.2328,,,,,,,12.2328,,,,,,,1,IMF_FPP,,
PAK,Pakistan,2000,13.82,14.02733,,,,,,13.820009,,13.82,,,,,1,IMF_WEO,,
PAK,Pakistan,1976,21.0363,,,,,,,21.036301,,,,,,,1,IMF_FPP,,
PAK,Pakistan,1996,15.021,,,,,,,15.020629,,15.021,,,,,1,IMF_WEO,,
PAK,Pakistan,2022,19.955,19.720388,,,,,,19.954556,,19.955,,,,,1,IMF_WEO,,
PAK,Pakistan,1973,13.8803,,,,,,,13.8803,,,,,,,1,IMF_FPP,,
PAK,Pakistan,2018,19.108,18.98025,,,,,,19.107829,,19.108,,,,,1,IMF_WEO,,
PAK,Pakistan,2015,17.833,18.201511,,,,,,17.832934,,17.833,,,,,1,IMF_WEO,,
PAK,Pakistan,1977,20.3719,,,,,,,20.371901,,,,,,,1,IMF_FPP,,
PAK,Pakistan,1999,13.236,,,,,,,13.23604,,13.236,,,,,1,IMF_WEO,,
PAK,Pakistan,1960,9.99971,,,,,,,9.9997101,,,,,,,1,IMF_FPP,,
PAK,Pakistan,2026,19.663,,,,,,,,,,19.663,,,,1,IMF_WEO_forecast,,
PAK,Pakistan,2002,14.365,13.705373,,,,,,14.364912,,14.365,,,,,1,IMF_WEO,,
PAK,Pakistan,1959,11.6784,,,,,,,11.6784,,,,,,,1,IMF_FPP,,
PAK,Pakistan,2020,20.296,20.37684,,,,,,20.296418,,20.296,,,,,1,IMF_WEO,,
PAK,Pakistan,2028,18.78,,,,,,,,,,18.780001,,,,1,IMF_WEO_forecast,,
PAK,Pakistan,1970,23.5644,,,,,,,23.5644,,,,,,,1,IMF_FPP,,
PAK,Pakistan,2023,19.239,19.437453,,,,,,19.238865,,19.239,,,,,1,IMF_WEO,,
PAK,Pakistan,1979,25.2564,,,,,,,25.256399,,,,,,,1,IMF_FPP,,
PAK,Pakistan,2005,12.954,13.583368,,,,,,12.954043,,12.954,,,,,1,IMF_WEO,,
PAK,Pakistan,1967,12.9482,,,,,,,12.9482,,,,,,,1,IMF_FPP,,
PAK,Pakistan,2008,18.035,18.260781,,,,,,18.035481,,18.035,,,,,1,IMF_WEO,,
PAK,Pakistan,2012,19.428,18.999636,,,,,,19.428459,,19.428,,,,,1,IMF_WEO,,
PAK,Pakistan,1953,8.46986,,,,,,,8.4698601,,,,,,,1,IMF_FPP,,
PAK,Pakistan,2010,18.317,18.170918,,,,,,18.316552,,18.317,,,,,1,IMF_WEO,,
PAK,Pakistan,1978,25.5385,,,,,,,25.5385,,,,,,,1,IMF_FPP,,
PAK,Pakistan,1994,14.511,,,,,,,14.511282,,14.511,,,,,1,IMF_WEO,,
PAK,Pakistan,2017,19.128,19.383352,,,,,,19.12794,,19.128,,,,,1,IMF_WEO,,
PAK,Pakistan,1982,24.478,,,,,,,24.478001,,,,,,,1,IMF_FPP,,
PAK,Pakistan,1988,27.9221,,,,,,,27.9221,,,,,,,1,IMF_FPP,,
PAK,Pakistan,1995,13.972,,,,,,,13.971847,,13.972,,,,,1,IMF_WEO,,
PAK,Pakistan,1980,21.9784,,,,,,,21.978399,,,,,,,1,IMF_FPP,,
PAK,Pakistan,1986,27.6224,,,,,,,27.6224,,,,,,,1,IMF_FPP,,
PAK,Pakistan,2029,18.573,,,,,,,,,,18.573,,,,1,IMF_WEO_forecast,,
PAK,Pakistan,1951,5.09378,,,,,,,5.09378,,,,,,,1,IMF_FPP,,
PAK,Pakistan,1985,28.3495,,,,,,,28.349501,,,,,,,1,IMF_FPP,,
PAK,Pakistan,1989,26.0514,,,,,,,26.051399,,,,,,,1,IMF_FPP,,
PAK,Pakistan,1984,25.4237,,,,,,,25.4237,,,,,,,1,IMF_FPP,,
PAK,Pakistan,1991,21.4126,,,,,,,21.4126,,,,,,,1,IMF_FPP,,
PAK,Pakistan,1965,11.1528,,,,,,,11.1528,,,,,,,1,IMF_FPP,,
PAK,Pakistan,1992,22.6351,,,,,,,22.635099,,,,,,,1,IMF_FPP,1,2
PAK,Pakistan,1969,15.6331,,,,,,,15.6331,,,,,,,1,IMF_FPP,,
PAK,Pakistan,1990,23.9216,,,,,,,23.9216,,,,,,,1,IMF_FPP,,
PAK,Pakistan,2007,16.121,16.202419,,,,,,16.121498,,16.121,,,,,1,IMF_WEO,,
PAK,Pakistan,2001,12.949,13.004308,,,,,,12.948525,,12.949,,,,,1,IMF_WEO,,
PAK,Pakistan,2021,18.458,18.487546,,,,,,18.458268,,18.458,,,,,1,IMF_WEO,,
PAK,Pakistan,2025,21.387,,,,,,,,,,21.386999,,,,1,IMF_WEO_forecast,,
PAK,Pakistan,1950,5.55385,,,,,,,5.5538502,,,,,,,1,IMF_FPP,,
PAK,Pakistan,1968,13.6606,,,,,,,13.6606,,,,,,,1,IMF_FPP,,
PAK,Pakistan,1993,16.996,,,,,,,16.996491,,16.996,,,,,1,IMF_WEO,,
PAK,Pakistan,2019,19.054,18.910444,,,,,,19.05375,,19.054,,,,,1,IMF_WEO,,
PAK,Pakistan,1954,9.3967,,,,,,,9.3966999,,,,,,,1,IMF_FPP,,
PAK,Pakistan,1997,13.728,,,,,,,13.727726,,13.728,,,,,1,IMF_WEO,,
PAK,Pakistan,1957,7.92148,,,,,,,7.9214802,,,,,,,1,IMF_FPP,,
PAK,Pakistan,1958,10.6575,,,,,,,10.6575,,,,,,,1,IMF_FPP,,
PAK,Pakistan,2011,17.923,17.266645,,,,,,17.922835,,17.923,,,,,1,IMF_WEO,,
PAK,Pakistan,1961,10.6101,,,,,,,10.6101,,,,,,,1,IMF_FPP,,
PAK,Pakistan,1963,14.724,,,,,,,14.724,,,,,,,1,IMF_FPP,,
PAK,Pakistan,2014,18.094,18.389919,,,,,,18.093867,,18.094,,,,,1,IMF_WEO,,
PAK,Pakistan,1972,13.4927,,,,,,,13.4927,,,,,,,1,IMF_FPP,,
PAK,Pakistan,1974,15.2902,,,,,,,15.2902,,,,,,,1,IMF_FPP,,
PAK,Pakistan,1952,7.54679,,,,,,,7.5467901,,,,,,,1,IMF_FPP,,
PAK,Pakistan,1983,24.7619,,,,,,,24.7619,,,,,,,1,IMF_FPP,,
PAK,Pakistan,2004,12.125,12.296894,,,,,,12.125395,,12.125,,,,,1,IMF_WEO,,
PAK,Pakistan,2009,17.301,16.934844,,,,,,17.300777,,17.301,,,,,1,IMF_WEO,,
PAK,Pakistan,2013,19.506,17.72023,,,,,,19.50627,,19.506,,,,,1,IMF_WEO,,
PAK,Pakistan,2016,17.712,18.321644,,,,,,17.712013,,17.712,,,,,1,IMF_WEO,,
PAK,Pakistan,2006,14.468,15.336754,,,,,,14.468033,,14.468,,,,,1,IMF_WEO,,
PAK,Pakistan,1955,8.16432,,,,,,,8.16432,,,,,,,1,IMF_FPP,,
PAK,Pakistan,1981,21.6358,,,,,,,21.635799,,,,,,,1,IMF_FPP,,
PAK,Pakistan,2003,12.854,13.99199,,,,,,12.853638,,12.854,,,,,1,IMF_WEO,,
PAK,Pakistan,1998,14.122,,,,,,,14.121653,,14.122,,,,,1,IMF_WEO,,
PAK,Pakistan,1962,11.7753,,,,,,,11.7753,,,,,,,1,IMF_FPP,,
PAK,Pakistan,2027,19.033,,,,,,,,,,19.033001,,,,1,IMF_WEO_forecast,,
PAK,Pakistan,1987,29.4815,,,,,,,29.481501,,,,,,,1,IMF_FPP,,
PAK,Pakistan,1964,12.0785,,,,,,,12.0785,,,,,,,1,IMF_FPP,,
PAK,Pakistan,1971,22.0514,,,,,,,22.051399,,,,,,,1,IMF_FPP,,
PAN,Panama,2027,19.619,,,,,,,,,,19.618999,,,,1,IMF_WEO_forecast,,
PAN,Panama,1974,15.3068,,,,,,,15.3068,,,,,,,1,IMF_FPP,,
PAN,Panama,1979,34.9986,,,,,,,34.9986,,,,,,,1,IMF_FPP,,
PAN,Panama,1947,14.9612,,,,,,,14.9612,,,,,,,1,IMF_FPP,,
PAN,Panama,2004,24.241,,,,21.22756,,,24.241013,,24.241,,,,,1,IMF_WEO,,
PAN,Panama,2029,19.806,,,,,,,,,,19.806,,,,1,IMF_WEO_forecast,,
PAN,Panama,2002,23.442,,,,19.30315,,,23.442397,,23.442,,,,,1,IMF_WEO,,
PAN,Panama,2024,21.947,,,,,,,,,,21.947001,,,,1,IMF_WEO_forecast,1,3
PAN,Panama,1965,13.2212,,,,,,,13.2212,,,,,,,1,IMF_FPP,,
PAN,Panama,1998,23.474,,,,,,,23.47391,,23.474,,,,,1,IMF_WEO,,
PAN,Panama,1977,16.852,,,,,,,16.851999,,,,,,,1,IMF_FPP,,
PAN,Panama,1952,15.7971,,,,,,,15.7971,,,,,,,1,IMF_FPP,,
PAN,Panama,1962,16.4356,,,,,,,16.4356,,,,,,,1,IMF_FPP,,
PAN,Panama,2007,21.796,,,,19.40103,,,21.796222,,21.796,,,,,1,IMF_WEO,,
PAN,Panama,1966,14.0013,,,,,,,14.0013,,,,,,,1,IMF_FPP,,
PAN,Panama,1949,13.2692,,,,,,,13.2692,,,,,,,1,IMF_FPP,,
PAN,Panama,2016,21.537,,,,,,,21.537068,,21.537,,,,,1,IMF_WEO,,
PAN,Panama,2017,21.42,,,,,,,21.419991,,21.42,,,,,1,IMF_WEO,,
PAN,Panama,1963,19.0698,,,,,,,19.069799,,,,,,,1,IMF_FPP,,
PAN,Panama,2008,23.62,,,,20.26962,,,23.619848,,23.62,,,,,1,IMF_WEO,,
PAN,Panama,1951,14.6591,,,,,,,14.6591,,,,,,,1,IMF_FPP,,
PAN,Panama,1982,47.9609,,,,,,,47.960899,,,,,,,1,IMF_FPP,,
PAN,Panama,2020,27.591,,,,,,,27.59136,,27.591,,,,,1,IMF_WEO,,
PAN,Panama,1955,14.9699,,,,,,,14.9699,,,,,,,1,IMF_FPP,,
PAN,Panama,2005,23.791,,,,18.21136,,,23.790755,,23.791,,,,,1,IMF_WEO,,
PAN,Panama,2009,22.467,,,,20.48567,,,22.466584,,22.467,,,,,1,IMF_WEO,,
PAN,Panama,2013,23.722,,,,,,,23.721776,,23.722,,,,,1,IMF_WEO,,
PAN,Panama,1988,41.8474,,,,,,,41.847401,,,,,,,1,IMF_FPP,,
PAN,Panama,1984,44.0396,,,,,,,44.0396,,,,,,,1,IMF_FPP,,
PAN,Panama,1968,14.2482,,,,,,,14.2482,,,,,,,1,IMF_FPP,,
PAN,Panama,2022,21.57,,,,,,,21.570058,,21.57,,,,,1,IMF_WEO,,
PAN,Panama,1967,14.915,,,,,,,14.915,,,,,,,1,IMF_FPP,,
PAN,Panama,1956,17.1758,,,,,,,17.1758,,,,,,,1,IMF_FPP,,
PAN,Panama,1948,13.6576,,,,,,,13.6576,,,,,,,1,IMF_FPP,,
PAN,Panama,1957,13.5248,,,,,,,13.5248,,,,,,,1,IMF_FPP,,
PAN,Panama,2025,21.077,,,,,,,,,,21.077,,,,1,IMF_WEO_forecast,,
PAN,Panama,1946,16.8559,,,,,,,16.8559,,,,,,,1,IMF_FPP,,
PAN,Panama,2003,24.447,,,,17.65363,,,24.446631,,24.447,,,,,1,IMF_WEO,,
PAN,Panama,1980,30.5225,,,,,,,30.522499,,,,,,,1,IMF_FPP,,
PAN,Panama,1993,33.8461,,,,,,,33.8461,,,,,,,1,IMF_FPP,1,3
PAN,Panama,1954,14.1042,,,,,,,14.1042,,,,,,,1,IMF_FPP,,
PAN,Panama,1958,15.4712,,,,,,,15.4712,,,,,,,1,IMF_FPP,,
PAN,Panama,1960,16.5625,,,,,,,16.5625,,,,,,,1,IMF_FPP,,
PAN,Panama,1996,21.751,,,,,,,21.751158,,21.751,,,,,1,IMF_WEO,,
PAN,Panama,1975,15.2926,,,,,,,15.2926,,,,,,,1,IMF_FPP,,
PAN,Panama,1964,14.078,,,,,,,14.078,,,,,,,1,IMF_FPP,,
PAN,Panama,1991,20.9132,,,,,,,20.9132,,,,,,,1,IMF_FPP,,
PAN,Panama,2018,21.974,,,,,,,21.974281,,21.974,,,,,1,IMF_WEO,,
PAN,Panama,1950,16.07,,,,,,,16.07,,,,,,,1,IMF_FPP,,
PAN,Panama,2001,23.396,,,,20.42557,,,23.396454,,23.396,,,,,1,IMF_WEO,,
PAN,Panama,2006,22.354,,,,19.84791,,,22.354178,,22.354,,,,,1,IMF_WEO,,
PAN,Panama,1973,14.3756,,,,,,,14.3756,,,,,,,1,IMF_FPP,,
PAN,Panama,1985,39.6703,,,,,,,39.6703,,,,,,,1,IMF_FPP,,
PAN,Panama,1953,14.0614,,,,,,,14.0614,,,,,,,1,IMF_FPP,,
PAN,Panama,1970,22.4391,,,,,,,22.4391,,,,,,,1,IMF_FPP,,
PAN,Panama,1989,43.0224,,,,,,,43.0224,,,,,,,1,IMF_FPP,,
PAN,Panama,1997,22.316,,,,,,,22.316377,,22.316,,,,,1,IMF_WEO,,
PAN,Panama,1978,27.6275,,,,,,,27.627501,,,,,,,1,IMF_FPP,,
PAN,Panama,1969,20.4895,,,,,,,20.4895,,,,,,,1,IMF_FPP,,
PAN,Panama,1971,14.9727,,,,,,,14.9727,,,,,,,1,IMF_FPP,,
PAN,Panama,1972,15.554,,,,,,,15.554,,,,,,,1,IMF_FPP,,
PAN,Panama,1976,15.8842,,,,,,,15.8842,,,,,,,1,IMF_FPP,,
PAN,Panama,1981,30.6537,,,,,,,30.6537,,,,,,,1,IMF_FPP,,
PAN,Panama,1992,27.766,,,,,,,27.766001,,,,,,,1,IMF_FPP,,
PAN,Panama,2019,20.89,,,,,,,20.890218,,20.89,,,,,1,IMF_WEO,,
PAN,Panama,1959,16.5099,,,,,,,16.509899,,,,,,,1,IMF_FPP,,
PAN,Panama,2015,21.592,,,,,,,21.592027,,21.592,,,,,1,IMF_WEO,,
PAN,Panama,2026,20.189,,,,,,,,,,20.188999,,,,1,IMF_WEO_forecast,,
PAN,Panama,1994,25.188,,,,,,,25.188275,,25.188,,,,,1,IMF_WEO,,
PAN,Panama,1995,26.25,,,,,,,26.249574,,26.25,,,,,1,IMF_WEO,,
PAN,Panama,2012,23.924,,,,22.06492,,,23.924123,,23.924,,,,,1,IMF_WEO,,
PAN,Panama,1987,40.071,,,,,,,40.070999,,,,,,,1,IMF_FPP,,
PAN,Panama,1990,41.4605,,,,,,,41.460499,,,,,,,1,IMF_FPP,,
PAN,Panama,1999,22.99,,,,,,,22.989569,,22.99,,,,,1,IMF_WEO,,
PAN,Panama,2000,22.747,,,,20.04488,,,22.746758,,22.747,,,,,1,IMF_WEO,,
PAN,Panama,1986,38.6458,,,,,,,38.645802,,,,,,,1,IMF_FPP,,
PAN,Panama,2010,25.903,,,,21.88554,,,25.902537,,25.903,,,,,1,IMF_WEO,,
PAN,Panama,1961,18.9224,,,,,,,18.9224,,,,,,,1,IMF_FPP,,
PAN,Panama,2021,23.935,,,,,,,23.935297,,23.935,,,,,1,IMF_WEO,,
PAN,Panama,1983,44.6494,,,,,,,44.649399,,,,,,,1,IMF_FPP,,
PAN,Panama,2011,24.622,,,,21.29947,,,24.622142,,24.622,,,,,1,IMF_WEO,,
PAN,Panama,2023,21.07876,,,,,,,21.078756,,,21.079,,,,1,IMF_FPP,1,3
PAN,Panama,2028,19.741,,,,,,,,,,19.740999,,,,1,IMF_WEO_forecast,,
PAN,Panama,2014,23.162,,,,,,,23.161616,,23.162,,,,,1,IMF_WEO,,
PER,Peru,1960,13.3258,,,,,,,13.3258,,,,,,,1,IMF_FPP,,
PER,Peru,1917,3.9312,,,,,,,3.9312,,,,,,,1,IMF_FPP,,
PER,Peru,1997,17.01957,,,,,,,15.605289,17.019566,,,,,,1,IMF_GFS,,
PER,Peru,2021,23.491,,,,,,,23.491304,19.870061,23.491,,,,,1,IMF_WEO,,
PER,Peru,2007,18.593,,,,16.76866,,,18.593149,16.000864,18.593,,,,,1,IMF_WEO,,
PER,Peru,1952,10.4962,,,,,,,10.4962,,,,,,,1,IMF_FPP,,
PER,Peru,1994,16.92429,,,,,,,16.924286,,,,,,,1,IMF_FPP,1,4
PER,Peru,2016,20.775,,,,20.47532,,,20.775067,17.006932,20.775,,,,,1,IMF_WEO,,
PER,Peru,1958,16.8544,,,,,,,16.854401,,,,,,,1,IMF_FPP,,
PER,Peru,1983,19.41736,,,,,,,19.41736,,,,,,,1,IMF_FPP,,
PER,Peru,1955,16.7134,,,,,,,16.7134,,,,,,,1,IMF_FPP,,
PER,Peru,1979,16.36412,,,,,,,16.36412,,,,,,,1,IMF_FPP,,
PER,Peru,2028,20.394,,,,,,,,,,20.393999,,,,1,IMF_WEO_forecast,,
PER,Peru,1940,6.64769,,,,,,,6.6476898,,,,,,,1,IMF_FPP,,
PER,Peru,1967,19.0567,,,,,,,19.0567,,,,,,,1,IMF_FPP,,
PER,Peru,1981,18.43742,,,,,,,18.437416,,,,,,,1,IMF_FPP,,
PER,Peru,2019,21.125,,,,,,,21.124618,17.591575,21.125,,,,,1,IMF_WEO,,
PER,Peru,1936,6.204,,,,,,,6.204,,,,,,,1,IMF_FPP,,
PER,Peru,1995,18.01153,,,,,,,17.537111,18.011525,,,,,,1,IMF_GFS,,
PER,Peru,1938,9.49893,,,,,,,9.49893,,,,,,,1,IMF_FPP,,
PER,Peru,1921,5.17039,,,,,,,5.1703901,,,,,,,1,IMF_FPP,,
PER,Peru,1989,12.12401,,,,,,,12.124005,,,,,,,1,IMF_FPP,,
PER,Peru,1950,11.3267,,,,,,,11.3267,,,,,,,1,IMF_FPP,,
PER,Peru,2018,21.175,,,,,,,21.174946,17.370119,21.175,,,,,1,IMF_WEO,,
PER,Peru,2023,22.48087,,,,,,,22.480869,,,22.481001,,,,1,IMF_FPP,1,4
PER,Peru,1949,9.37654,,,,,,,9.3765402,,,,,,,1,IMF_FPP,,
PER,Peru,1980,19.32112,,,,,,,19.321123,,,,,,,1,IMF_FPP,,
PER,Peru,1935,6.12918,,,,,,,6.12918,,,,,,,1,IMF_FPP,,
PER,Peru,1947,13.1347,,,,,,,13.1347,,,,,,,1,IMF_FPP,,
PER,Peru,2022,23.486,,,,,,,23.485712,,23.486,,,,,1,IMF_WEO,,
PER,Peru,1972,15.32567,,,,,,,15.325667,,,,,,,1,IMF_FPP,,
PER,Peru,1932,5.80157,,,,,,,5.8015699,,,,,,,1,IMF_FPP,,
PER,Peru,2027,20.782,,,,,,,,,,20.782,,,,1,IMF_WEO_forecast,,
PER,Peru,2026,21.372,,,,,,,,,,21.372,,,,1,IMF_WEO_forecast,,
PER,Peru,1985,17.22019,,,,,,,17.220194,,,,,,,1,IMF_FPP,,
PER,Peru,1948,12.6474,,,,,,,12.6474,,,,,,,1,IMF_FPP,,
PER,Peru,1915,4.20792,,,,,,,4.2079201,,,,,,,1,IMF_FPP,,
PER,Peru,1922,4.97738,,,,,,,4.9773798,,,,,,,1,IMF_FPP,,
PER,Peru,1987,15.45836,,,,,,,15.45836,,,,,,,1,IMF_FPP,,
PER,Peru,1959,16.2512,,,,,,,16.2512,,,,,,,1,IMF_FPP,,
PER,Peru,2003,20.113,,,,17.94642,,,20.113009,17.627301,20.113,,,,,1,IMF_WEO,,
PER,Peru,1919,4.26908,,,,,,,4.2690802,,,,,,,1,IMF_FPP,,
PER,Peru,1928,7.24184,,,,,,,7.2418399,,,,,,,1,IMF_FPP,,
PER,Peru,2011,19.71,,,,19.15258,,,19.709583,15.159431,19.71,,,,,1,IMF_WEO,,
PER,Peru,1930,7.04022,,,,,,,7.0402198,,,,,,,1,IMF_FPP,,
PER,Peru,1982,17.57649,,,,,,,17.576492,,,,,,,1,IMF_FPP,,
PER,Peru,1908,5.4945,,,,,,,5.4945002,,,,,,,1,IMF_FPP,,
PER,Peru,1924,5.93561,,,,,,,5.9356098,,,,,,,1,IMF_FPP,,
PER,Peru,1920,4.47236,,,,,,,4.4723601,,,,,,,1,IMF_FPP,,
PER,Peru,1971,15.02207,,,,,,,15.022073,,,,,,,1,IMF_FPP,,
PER,Peru,1963,16.2147,,,,,,,16.214701,,,,,,,1,IMF_FPP,,
PER,Peru,1934,5.806,,,,,,,5.8060002,,,,,,,1,IMF_FPP,,
PER,Peru,1993,18.186,,,,,,,18.185995,,,,,,,1,IMF_FPP,,
PER,Peru,1991,15.71793,,,,,,,15.71793,,,,,,,1,IMF_FPP,,
PER,Peru,1975,19.77077,,,,,,,19.770769,,,,,,,1,IMF_FPP,,
PER,Peru,1926,6.45161,,,,,,,6.4516101,,,,,,,1,IMF_FPP,,
PER,Peru,2020,26.084,,,,,,,26.08394,22.959749,26.084,,,,,1,IMF_WEO,,
PER,Peru,1954,15.2273,,,,,,,15.2273,,,,,,,1,IMF_FPP,,
PER,Peru,1998,17.34905,,,,,,,16.26827,17.34905,,,,,,1,IMF_GFS,,
PER,Peru,1957,17.879,,,,,,,17.879,,,,,,,1,IMF_FPP,,
PER,Peru,1990,20.35698,,,,,,,20.356979,,,,,,,1,IMF_FPP,,
PER,Peru,1918,3.6961,,,,,,,3.6961,,,,,,,1,IMF_FPP,,
PER,Peru,2005,20.379,,,,17.81018,,,20.378744,17.687931,20.379,,,,,1,IMF_WEO,,
PER,Peru,1966,18.5672,,,,,,,18.5672,,,,,,,1,IMF_FPP,,
PER,Peru,1910,4.39024,,,,,,,4.3902402,,,,,,,1,IMF_FPP,,
PER,Peru,1942,9.89117,,,,,,,9.8911695,,,,,,,1,IMF_FPP,,
PER,Peru,1903,3.5461,,,,,,,3.5460999,,,,,,,1,IMF_FPP,,
PER,Peru,1962,14.6022,,,,,,,14.6022,,,,,,,1,IMF_FPP,,
PER,Peru,1937,6.10102,,,,,,,6.1010199,,,,,,,1,IMF_FPP,,
PER,Peru,1939,8.73333,,,,,,,8.7333298,,,,,,,1,IMF_FPP,,
PER,Peru,2010,21.009,,,,20.25332,,,21.009408,15.528365,21.009,,,,,1,IMF_WEO,,
PER,Peru,1944,8.16341,,,,,,,8.1634102,,,,,,,1,IMF_FPP,,
PER,Peru,1968,18.3531,,,,,,,18.3531,,,,,,,1,IMF_FPP,,
PER,Peru,1923,5.17339,,,,,,,5.1733899,,,,,,,1,IMF_FPP,,
PER,Peru,2017,20.903,,,,21.41525,,,20.903437,17.252387,20.903,,,,,1,IMF_WEO,,
PER,Peru,1929,5.83437,,,,,,,5.8343701,,,,,,,1,IMF_FPP,,
PER,Peru,1933,5.53169,,,,,,,5.5316901,,,,,,,1,IMF_FPP,,
PER,Peru,1911,4.87013,,,,,,,4.8701301,,,,,,,1,IMF_FPP,,
PER,Peru,1974,17.68778,,,,,,,17.68778,,,,,,,1,IMF_FPP,,
PER,Peru,1973,19.47978,,,,,,,19.47978,,,,,,,1,IMF_FPP,,
PER,Peru,1927,4.79484,,,,,,,4.7948399,,,,,,,1,IMF_FPP,,
PER,Peru,2024,22.446,,,,,,,,,,22.445999,,,,1,IMF_WEO_forecast,1,4
PER,Peru,2004,19.558,,,,17.30837,,,19.557893,17.150985,19.558,,,,,1,IMF_WEO,,
PER,Peru,2014,22.443,,,,21.92036,,,22.443192,17.663417,22.443,,,,,1,IMF_WEO,,
PER,Peru,2006,19.162,,,,17.61332,,,19.162065,16.503859,19.162,,,,,1,IMF_WEO,,
PER,Peru,2000,21.735,,,,20.18218,,,21.734997,18.835735,21.735,,,,,1,IMF_WEO,,
PER,Peru,1992,19.07523,,,,,,,19.075233,,,,,,,1,IMF_FPP,,
PER,Peru,1986,16.5747,,,,,,,16.574699,,,,,,,1,IMF_FPP,,
PER,Peru,2025,22.145,,,,,,,,,,22.145,,,,1,IMF_WEO_forecast,,
PER,Peru,1976,21.05248,,,,,,,21.052481,,,,,,,1,IMF_FPP,,
PER,Peru,1970,14.34676,,,,,,,14.346755,,,,,,,1,IMF_FPP,,
PER,Peru,1969,16.4115,,,,,,,16.411501,,,,,,,1,IMF_FPP,,
PER,Peru,1965,18.7119,,,,,,,18.711901,,,,,,,1,IMF_FPP,,
PER,Peru,2015,22.173,,,,21.6733,,,22.172591,18.066267,22.173,,,,,1,IMF_WEO,,
PER,Peru,2001,20.934,,,,17.46759,,,20.93365,18.637799,20.934,,,,,1,IMF_WEO,,
PER,Peru,1956,18.2517,,,,,,,18.251699,,,,,,,1,IMF_FPP,,
PER,Peru,1941,9.49928,,,,,,,9.49928,,,,,,,1,IMF_FPP,,
PER,Peru,1951,10.8872,,,,,,,10.8872,,,,,,,1,IMF_FPP,,
PER,Peru,1946,10.7737,,,,,,,10.7737,,,,,,,1,IMF_FPP,,
PER,Peru,1996,17.53245,,,,,,,16.485069,17.532452,,,,,,1,IMF_GFS,,
PER,Peru,1931,5.80288,,,,,,,5.8028798,,,,,,,1,IMF_FPP,,
PER,Peru,1905,4.25963,,,,,,,4.2596302,,,,,,,1,IMF_FPP,,
PER,Peru,1916,3.29973,,,,,,,3.2997301,,,,,,,1,IMF_FPP,,
PER,Peru,1912,5.57229,,,,,,,5.5722899,,,,,,,1,IMF_FPP,,
PER,Peru,1909,4.50751,,,,,,,4.5075102,,,,,,,1,IMF_FPP,,
PER,Peru,1907,4.85611,,,,,,,4.8561101,,,,,,,1,IMF_FPP,,
PER,Peru,2012,20.275,,,,19.56706,,,20.275154,15.19932,20.275,,,,,1,IMF_WEO,,
PER,Peru,1904,4.23163,,,,,,,4.2316298,,,,,,,1,IMF_FPP,,
PER,Peru,1901,3.67454,,,,,,,3.67454,,,,,,,1,IMF_FPP,,
PER,Peru,1900,3.59116,,,,,,,3.5911601,,,,,,,1,IMF_FPP,,
PER,Peru,1999,18.46605,,,,20.46848,,,17.843042,18.466053,,,,,,1,IMF_GFS,1,4
PER,Peru,1945,8.81167,,,,,,,8.8116703,,,,,,,1,IMF_FPP,,
PER,Peru,1984,18.31259,,,,,,,18.312588,,,,,,,1,IMF_FPP,,
PER,Peru,1943,9.1681,,,,,,,9.1681004,,,,,,,1,IMF_FPP,,
PER,Peru,2008,19.827,,,,18.70008,,,19.827139,15.875446,19.827,,,,,1,IMF_WEO,,
PER,Peru,1906,4.53686,,,,,,,4.53686,,,,,,,1,IMF_FPP,,
PER,Peru,2002,19.649,,,,16.91741,,,19.648997,17.792529,19.649,,,,,1,IMF_WEO,,
PER,Peru,2013,21.458,,,,20.68482,,,21.458482,16.152876,21.458,,,,,1,IMF_WEO,,
PER,Peru,1913,8.6262,,,,,,,8.6261997,,,,,,,1,IMF_FPP,,
PER,Peru,1978,18.95727,,,,,,,18.95727,,,,,,,1,IMF_FPP,,
PER,Peru,1914,6.52866,,,,,,,6.5286598,,,,,,,1,IMF_FPP,,
PER,Peru,1902,3.58974,,,,,,,3.58974,,,,,,,1,IMF_FPP,,
PER,Peru,1977,19.43675,,,,,,,19.43675,,,,,,,1,IMF_FPP,,
PER,Peru,1961,14.7527,,,,,,,14.7527,,,,,,,1,IMF_FPP,,
PER,Peru,1988,12.84402,,,,,,,12.84402,,,,,,,1,IMF_FPP,,
PER,Peru,2009,21.401,,,,20.9429,,,21.401106,16.323086,21.401,,,,,1,IMF_WEO,,
PER,Peru,1964,16.8986,,,,,,,16.8986,,,,,,,1,IMF_FPP,,
PER,Peru,2029,20.41,,,,,,,,,,20.41,,,,1,IMF_WEO_forecast,,
PER,Peru,1925,6.00939,,,,,,,6.0093899,,,,,,,1,IMF_FPP,,
PER,Peru,1953,11.8852,,,,,,,11.8852,,,,,,,1,IMF_FPP,,
PHL,Philippines,1990,18.811,,,,,,,18.810506,,18.811,,,,,1,IMF_WEO,,
PHL,Philippines,1947,6.2807,,,,,,,6.2807002,,,,,,,1,IMF_FPP,,
PHL,Philippines,2018,20.913,18.6,,,,,,20.91343,15.968087,20.913,,,,,1,IMF_WEO,,
PHL,Philippines,1992,18.421,,,,,,,18.421304,,18.421,,,,,1,IMF_WEO,,
PHL,Philippines,1965,9.48085,,,,,,,9.4808502,,,,,,,1,IMF_FPP,,
PHL,Philippines,1971,11.1577,,,,,,,11.1577,,,,,,,1,IMF_FPP,,
PHL,Philippines,1987,15.69884,,,,,,,15.69884,,,,,,,1,IMF_FPP,,
PHL,Philippines,2015,17.786,15.953004,,,,,,17.786458,15.370987,17.786,,,,,1,IMF_WEO,,
PHL,Philippines,1966,9.7722,,,,,,,9.7721996,,,,,,,1,IMF_FPP,,
PHL,Philippines,1986,13.47126,,,,,,,13.47126,,,,,,,1,IMF_FPP,,
PHL,Philippines,1956,9.57692,,,,,,,9.5769196,,,,,,,1,IMF_FPP,,
PHL,Philippines,1993,17.591,,,,,,,17.590652,,17.591,,,,,1,IMF_WEO,,
PHL,Philippines,1998,20.337,,,,,,,20.336929,,20.337,,,,,1,IMF_WEO,,
PHL,Philippines,1961,9.60131,,,,,,,9.6013098,,,,,,,1,IMF_FPP,,
PHL,Philippines,1981,13.67836,,,,,,,13.67836,,,,,,,1,IMF_FPP,,
PHL,Philippines,1955,9.69792,,,,,,,9.6979198,,,,,,,1,IMF_FPP,,
PHL,Philippines,2006,18.282,16.089036,,,,,,18.282287,,18.282,,,,,1,IMF_WEO,,
PHL,Philippines,1972,13.3868,,,,,,,13.3868,,,,,,,1,IMF_FPP,,
PHL,Philippines,1974,10.74144,,,,,,,10.741443,,,,,,,1,IMF_FPP,,
PHL,Philippines,1958,8.43333,,,,,,,8.4333296,,,,,,,1,IMF_FPP,,
PHL,Philippines,2011,17.218,15.089503,,,,,,17.217893,,17.218,,,,,1,IMF_WEO,,
PHL,Philippines,1980,13.41997,,,,,,,13.419972,,,,,,,1,IMF_FPP,,
PHL,Philippines,2001,21.017,18.25895,,,,,,21.016529,,21.017,,,,,1,IMF_WEO,,
PHL,Philippines,2003,20.411,17.948162,,,,,,20.411223,,20.411,,,,,1,IMF_WEO,,
PHL,Philippines,1946,8.28261,,,,,,,8.2826099,,,,,,,1,IMF_FPP,,
PHL,Philippines,1975,15.05916,,,,,,,15.059164,,,,,,,1,IMF_FPP,,
PHL,Philippines,2019,21.72,19.4,,,,,,21.7205,16.624449,21.72,,,,,1,IMF_WEO,,
PHL,Philippines,2024,24.321,,,,,,,,,,24.320999,,,,1,IMF_WEO_forecast,1,3
PHL,Philippines,1949,7.68182,,,,,,,7.6818199,,,,,,,1,IMF_FPP,,
PHL,Philippines,1988,15.85186,,,,,,,15.85186,,,,,,,1,IMF_FPP,1,3
PHL,Philippines,1991,18.042,,,,,,,18.042346,,18.042,,,,,1,IMF_WEO,,
PHL,Philippines,1967,10.1517,,,,,,,10.1517,,,,,,,1,IMF_FPP,,
PHL,Philippines,1996,19.621,,,,,,,19.620538,,19.621,,,,,1,IMF_WEO,,
PHL,Philippines,1995,19.103,,,,,,,19.102594,,19.103,,,,,1,IMF_WEO,,
PHL,Philippines,1968,11.2492,,,,,,,11.2492,,,,,,,1,IMF_FPP,,
PHL,Philippines,1970,10.4481,,,,,,,10.4481,,,,,,,1,IMF_FPP,,
PHL,Philippines,1959,9.12977,,,,,,,9.1297703,,,,,,,1,IMF_FPP,,
PHL,Philippines,2029,21.816,,,,,,,,,,21.816,,,,1,IMF_WEO_forecast,,
PHL,Philippines,1979,11.87501,,,,,,,11.875008,,,,,,,1,IMF_FPP,,
PHL,Philippines,1953,8.59302,,,,,,,8.5930204,,,,,,,1,IMF_FPP,,
PHL,Philippines,1999,20.749,,,,,,,20.749095,,20.749,,,,,1,IMF_WEO,,
PHL,Philippines,2008,17.884,15.720677,,,,,,17.884154,,17.884,,,,,1,IMF_WEO,,
PHL,Philippines,2017,19.457,17,,,,,,19.457405,15.515034,19.457,,,,,1,IMF_WEO,,
PHL,Philippines,2027,22.505,,,,,,,,,,22.504999,,,,1,IMF_WEO_forecast,,
PHL,Philippines,2000,20.809,18.065364,,,,,,20.809183,,20.809,,,,,1,IMF_WEO,,
PHL,Philippines,2026,23.061,,,,,,,,,,23.061001,,,,1,IMF_WEO_forecast,,
PHL,Philippines,1989,15.723,,,,,,,15.723193,,15.723,,,,,1,IMF_WEO,,
PHL,Philippines,2004,19.37,17.009942,,,,,,19.369884,,19.37,,,,,1,IMF_WEO,,
PHL,Philippines,1985,11.2828,,,,,,,11.2828,,,,,,,1,IMF_FPP,,
PHL,Philippines,1950,7.22857,,,,,,,7.22857,,,,,,,1,IMF_FPP,,
PHL,Philippines,1997,20.287,,,,,,,20.28703,,20.287,,,,,1,IMF_WEO,,
PHL,Philippines,1977,13.27312,,,,,,,13.27312,,,,,,,1,IMF_FPP,,
PHL,Philippines,1954,8.86667,,,,,,,8.8666697,,,,,,,1,IMF_FPP,,
PHL,Philippines,1973,13.9696,,,,,,,13.9696,,,,,,,1,IMF_FPP,,
PHL,Philippines,1969,11.4816,,,,,,,11.4816,,,,,,,1,IMF_FPP,,
PHL,Philippines,2002,20.557,18.38437,,,,,,20.557496,,20.557,,,,,1,IMF_WEO,,
PHL,Philippines,1952,7.45122,,,,,,,7.45122,,,,,,,1,IMF_FPP,,
PHL,Philippines,2010,18.348,16.166168,,,,,,18.348217,,18.348,,,,,1,IMF_WEO,,
PHL,Philippines,1976,13.80823,,,,,,,13.808231,,,,,,,1,IMF_FPP,,
PHL,Philippines,1957,8.81579,,,,,,,8.8157902,,,,,,,1,IMF_FPP,,
PHL,Philippines,2009,19.209,16.987311,,,,,,19.20931,,19.209,,,,,1,IMF_WEO,,
PHL,Philippines,1963,10.3869,,,,,,,10.3869,,,,,,,1,IMF_FPP,,
PHL,Philippines,2012,17.706,15.665576,,,,,,17.706023,15.580659,17.706,,,,,1,IMF_WEO,,
PHL,Philippines,1962,10.8304,,,,,,,10.8304,,,,,,,1,IMF_FPP,,
PHL,Philippines,1994,19.683,,,,,,,19.682603,,19.683,,,,,1,IMF_WEO,,
PHL,Philippines,2007,18.184,15.906641,,,,,,18.183817,,18.184,,,,,1,IMF_WEO,,
PHL,Philippines,1964,9.66047,,,,,,,9.66047,,,,,,,1,IMF_FPP,,
PHL,Philippines,2028,22.111,,,,,,,,,,22.111,,,,1,IMF_WEO_forecast,,
PHL,Philippines,1948,6.76191,,,,,,,6.76191,,,,,,,1,IMF_FPP,,
PHL,Philippines,2014,16.831,14.911362,,,,,,16.831493,14.910338,16.831,,,,,1,IMF_WEO,,
PHL,Philippines,1951,7.66667,,,,,,,7.6666698,,,,,,,1,IMF_FPP,,
PHL,Philippines,2005,18.741,18.035864,,,,,,18.740976,,18.741,,,,,1,IMF_WEO,,
PHL,Philippines,1983,12.17858,,,,,,,12.17858,,,,,,,1,IMF_FPP,,
PHL,Philippines,2020,25.92,23.4,,,,,,25.920112,21.562012,25.92,,,,,1,IMF_WEO,,
PHL,Philippines,2023,19.08517,21.830494,,,,,,24.65389,19.085165,,24.653999,,,,1,IMF_GFS,1,3
PHL,Philippines,1978,13.2632,,,,,,,13.263199,,,,,,,1,IMF_FPP,,
PHL,Philippines,2025,24.073,,,,,,,,,,24.073,,,,1,IMF_WEO_forecast,,
PHL,Philippines,1982,12.77484,,,,,,,12.774843,,,,,,,1,IMF_FPP,,
PHL,Philippines,1984,10.14567,,,,,,,10.14567,,,,,,,1,IMF_FPP,,
PHL,Philippines,2021,27.2,23.779812,,,,,,27.19962,21.14928,27.2,,,,,1,IMF_WEO,,
PHL,Philippines,2016,19.011,16.7,,,,,,19.0111,15.276445,19.011,,,,,1,IMF_WEO,,
PHL,Philippines,2013,17.325,15.38,,,,,,17.325329,15.333366,17.325,,,,,1,IMF_WEO,,
PHL,Philippines,1960,10.0786,,,,,,,10.0786,,,,,,,1,IMF_FPP,,
PHL,Philippines,2022,25.887,23.248651,,,,,,25.886771,20.485326,25.887,,,,,1,IMF_WEO,,
PLW,Palau,2022,58.811,43.873991,,,,,,,,58.811,,,,,1,IMF_WEO,,
PLW,Palau,2008,44.329,29.313465,,,,,,,64.415172,44.329,,,,,1,IMF_WEO,,
PLW,Palau,2004,48.541,26.841733,,,,,,,,48.541,,,,,1,IMF_WEO,,
PLW,Palau,2028,45.29,,,,,,,,,,45.290001,,,,1,IMF_WEO_forecast,,
PLW,Palau,2018,37.786,33.196992,,,,,,,61.52452,37.786,,,,,1,IMF_WEO,,
PLW,Palau,2001,49.552,31.175359,,,,,,,,49.552,,,,,1,IMF_WEO,,
PLW,Palau,2020,58.215,45.030161,,,,,,,,58.215,,,,,1,IMF_WEO,,
PLW,Palau,2023,46.23042,46.230418,,,,,,,,,48.577,,,,1,ADB,1,2
PLW,Palau,2025,47.056,,,,,,,,,,47.056,,,,1,IMF_WEO_forecast,,
PLW,Palau,2005,40.297,25.451988,,,,,,,,40.297,,,,,1,IMF_WEO,,
PLW,Palau,2007,49.063,24.163025,,,,,,,,49.063,,,,,1,IMF_WEO,,
PLW,Palau,2010,47.781,25.671955,,,,,,,69.4292,47.781,,,,,1,IMF_WEO,,
PLW,Palau,2021,64.379,48.06558,,,,,,,,64.379,,,,,1,IMF_WEO,,
PLW,Palau,2003,48.216,29.03917,,,,,,,,48.216,,,,,1,IMF_WEO,,
PLW,Palau,2006,45.532,24.323581,,,,,,,,45.532,,,,,1,IMF_WEO,,
PLW,Palau,2026,45.982,,,,,,,,,,45.981998,,,,1,IMF_WEO_forecast,,
PLW,Palau,2027,45.491,,,,,,,,,,45.491001,,,,1,IMF_WEO_forecast,,
PLW,Palau,2014,39.842,30.900957,,,,,,,67.3454,39.842,,,,,1,IMF_WEO,,
PLW,Palau,2024,51.869,,,,,,,,,,51.868999,,,,1,IMF_WEO_forecast,1,2
PLW,Palau,2016,37.599,26.510854,,,,,,,59.359006,37.599,,,,,1,IMF_WEO,,
PLW,Palau,2011,43.412,28.517495,,,,,,,72.824677,43.412,,,,,1,IMF_WEO,,
PLW,Palau,2000,56.586,37.36624,,,,,,,,56.586,,,,,1,IMF_WEO,,
PLW,Palau,2012,43.234,26.983691,,,,,,,73.818351,43.234,,,,,1,IMF_WEO,,
PLW,Palau,2013,40.125,31.326225,,,,,,,68.709639,40.125,,,,,1,IMF_WEO,,
PLW,Palau,2029,45.112,,,,,,,,,,45.112,,,,1,IMF_WEO_forecast,,
PLW,Palau,2002,48.557,23.90403,,,,,,,,48.557,,,,,1,IMF_WEO,,
PLW,Palau,2009,42.327,30.65606,,,,,,,69.785231,42.327,,,,,1,IMF_WEO,,
PLW,Palau,2015,35.476,25.941431,,,,,,,57.451691,35.476,,,,,1,IMF_WEO,,
PLW,Palau,2017,34.892,29.0832,,,,,,,61.089457,34.892,,,,,1,IMF_WEO,,
PLW,Palau,2019,42.717,30.758856,,,,,,,66.330187,42.717,,,,,1,IMF_WEO,,
PNG,Papua New Guinea,1993,23.548,,,,,,,23.548419,,23.548,,,,,1,IMF_WEO,,
PNG,Papua New Guinea,2009,24.651,,,,,,,24.651102,,24.651,,,,,1,IMF_WEO,,
PNG,Papua New Guinea,2023,22.75502,22.755023,,,,,,22.110135,,,22.110001,,,,1,ADB,,
PNG,Papua New Guinea,2014,27.05,,,,,,,27.050429,,27.05,,,,,1,IMF_WEO,,
PNG,Papua New Guinea,1988,19.143,,,,,,,,,19.143,,,,,1,IMF_WEO,,
PNG,Papua New Guinea,2016,20.868,20.86849,,,,,,20.868327,,20.868,,,,,1,IMF_WEO,,
PNG,Papua New Guinea,2001,21.565,,,,,,,21.564684,,21.565,,,,,1,IMF_WEO,,
PNG,Papua New Guinea,1986,25.507,,,,,,,,,25.507,,,,,1,IMF_WEO,,
PNG,Papua New Guinea,2025,21.105,,,,,,,,,,21.105,,,,1,IMF_WEO_forecast,,
PNG,Papua New Guinea,1987,23.588,,,,,,,,,23.588,,,,,1,IMF_WEO,,
PNG,Papua New Guinea,2008,19.754,,,,,,,19.753894,,19.754,,,,,1,IMF_WEO,,
PNG,Papua New Guinea,2002,20.817,,,,,,,20.817109,,20.817,,,,,1,IMF_WEO,,
PNG,Papua New Guinea,2005,20.612,,,,,,,20.611754,,20.612,,,,,1,IMF_WEO,,
PNG,Papua New Guinea,2020,23.508,23.508208,,,,,,23.508087,,23.508,,,,,1,IMF_WEO,,
PNG,Papua New Guinea,2018,20.319,20.318948,,,,,,20.318956,,20.319,,,,,1,IMF_WEO,,
PNG,Papua New Guinea,2012,22.417,,,,,,,22.41706,,22.417,,,,,1,IMF_WEO,,
PNG,Papua New Guinea,1984,24.153,,,,,,,,,24.153,,,,,1,IMF_WEO,,
PNG,Papua New Guinea,1983,22.971,,,,,,,,,22.971,,,,,1,IMF_WEO,,
PNG,Papua New Guinea,2021,21.971,21.970575,,,,,,21.970575,,21.971,,,,,1,IMF_WEO,,
PNG,Papua New Guinea,2028,19.23,,,,,,,,,,19.23,,,,1,IMF_WEO_forecast,,
PNG,Papua New Guinea,1996,17.567,,,,,,,17.566978,,17.567,,,,,1,IMF_WEO,,
PNG,Papua New Guinea,2022,21.92516,21.925156,,,,,,21.925246,,,21.924999,,,,1,ADB,1,2
PNG,Papua New Guinea,2011,19.688,,,,,,,19.688022,,19.688,,,,,1,IMF_WEO,,
PNG,Papua New Guinea,2017,18.367,18.366516,,,,,,18.366654,,18.367,,,,,1,IMF_WEO,,
PNG,Papua New Guinea,2024,22.223,,,,,,,,,,22.223,,,,1,IMF_WEO_forecast,1,2
PNG,Papua New Guinea,1990,24.533,,,,,,,,,24.533,,,,,1,IMF_WEO,,
PNG,Papua New Guinea,2027,19.236,,,,,,,,,,19.236,,,,1,IMF_WEO_forecast,,
PNG,Papua New Guinea,1985,24.719,,,,,,,,,24.719,,,,,1,IMF_WEO,,
PNG,Papua New Guinea,2006,19.445,,,,,,,19.445087,,19.445,,,,,1,IMF_WEO,,
PNG,Papua New Guinea,2003,18.669,,,,,,,18.668777,,18.669,,,,,1,IMF_WEO,,
PNG,Papua New Guinea,2015,22.846,22.441749,,,,,,22.845857,,22.846,,,,,1,IMF_WEO,,
PNG,Papua New Guinea,1998,20.029,,,,,,,20.02918,,20.029,,,,,1,IMF_WEO,,
PNG,Papua New Guinea,2029,19.524,,,,,,,,,,19.524,,,,1,IMF_WEO_forecast,,
PNG,Papua New Guinea,1999,21.445,,,,,,,21.445381,,21.445,,,,,1,IMF_WEO,,
PNG,Papua New Guinea,1992,22.792,,,,,,,22.79239,,22.792,,,,,1,IMF_WEO,,
PNG,Papua New Guinea,1997,20.563,,,,,,,20.562962,,20.563,,,,,1,IMF_WEO,,
PNG,Papua New Guinea,1989,22.347,,,,,,,,,22.347,,,,,1,IMF_WEO,,
PNG,Papua New Guinea,1994,19.292,,,,,,,19.291516,,19.292,,,,,1,IMF_WEO,,
PNG,Papua New Guinea,2010,18.394,,,,,,,18.393702,,18.394,,,,,1,IMF_WEO,,
PNG,Papua New Guinea,2013,27.61,,,,,,,27.609755,,27.61,,,,,1,IMF_WEO,,
PNG,Papua New Guinea,2007,18.021,,,,,,,18.021303,,18.021,,,,,1,IMF_WEO,,
PNG,Papua New Guinea,1991,22.388,,,,,,,,,22.388,,,,,1,IMF_WEO,,
PNG,Papua New Guinea,2004,19.437,,,,,,,19.437127,,19.437,,,,,1,IMF_WEO,,
PNG,Papua New Guinea,2019,21.292,21.292012,,,,,,21.29248,,21.292,,,,,1,IMF_WEO,,
PNG,Papua New Guinea,2000,20.457,,,,,,,20.456972,,20.457,,,,,1,IMF_WEO,,
PNG,Papua New Guinea,2026,20.223,,,,,,,,,,20.223,,,,1,IMF_WEO_forecast,,
PNG,Papua New Guinea,1995,17.095,,,,,,,17.09474,,17.095,,,,,1,IMF_WEO,,
POL,Poland,2009,44.9,,44.90319,,,44.9,,45.013679,42.468775,45.014,,44.987842,,,1,EUS,,
POL,Poland,1973,24.457,,,,,,,24.457001,,,,,,,1,IMF_FPP,,
POL,Poland,1969,26.256,,,,,,,26.256001,,,,,,,1,IMF_FPP,,
POL,Poland,2024,49.4,,49.44173,,,49.4,,,,,49.022999,49.68919,,,1,EUS,,
POL,Poland,2005,44.1,,44.11359,,,44.1,,44.235927,43.493254,44.236,,44.126704,,,1,EUS,,
POL,Poland,1979,35.5741,,,,,,,35.5741,,,,,,,1,IMF_FPP,1,5
POL,Poland,1955,47.0852,,,,,,,47.085201,,,,,,,1,IMF_FPP,,
POL,Poland,1987,48.37422,,,,,,,,48.374222,,,,,,1,IMF_GFS,,
POL,Poland,2023,46.9,,46.85899,,,46.9,,46.746897,44.215298,,46.747002,47.058524,,,1,EUS,,
POL,Poland,1961,42.8224,,,,,,,42.822399,,,,,,,1,IMF_FPP,,
POL,Poland,1959,39.4203,,,,,,,39.4203,,,,,,,1,IMF_FPP,,
POL,Poland,2013,43.2,,43.20954,,,43.2,,43.414988,41.812412,43.415,,43.222465,,,1,EUS,,
POL,Poland,1984,48.81601,,,,,,,,48.816005,,,,,,1,IMF_GFS,,
POL,Poland,1965,31.7504,,,,,,,31.750401,,,,,,,1,IMF_FPP,,
POL,Poland,1952,25.1675,,,,,,,25.1675,,,,,,,1,IMF_FPP,,
POL,Poland,1958,39.8754,,,,,,,39.875401,,,,,,,1,IMF_FPP,,
POL,Poland,1985,50.35799,,,,,,,,50.357989,,,,,,1,IMF_GFS,,
POL,Poland,2019,41.4,,41.42253,,,41.4,,41.875877,39.879147,41.876,,41.471811,,,1,EUS,,
POL,Poland,2001,44.6,,44.6126,,,44.6,,44.701942,44.834992,44.702,,44.511338,,,1,EUS,,
POL,Poland,1993,,,,,,,,,,,,,,,1,IMF_GFS,,
POL,Poland,2029,46.873,,,,,,,,,,46.873001,,,,1,IMF_WEO_forecast,,
POL,Poland,1964,33.5488,,,,,,,33.548801,,,,,,,1,IMF_FPP,,
POL,Poland,2025,49.89579,,50.19824,,,,,,,,49.404999,49.895785,,,1,OECD_EO,1,5
POL,Poland,1982,,,,,,,,,,,,,,,1,IMF_GFS,,
POL,Poland,2021,43.6,,43.56796,,,43.6,,44.091745,42.305101,44.092,,43.583803,,,1,EUS,,
POL,Poland,2003,45.5,,45.45218,,,45.5,,45.422871,45.535507,45.423,,45.448621,,,1,EUS,,
POL,Poland,1968,27.3325,,,,,,,27.3325,,,,,,,1,IMF_FPP,,
POL,Poland,1956,44.0476,,,,,,,44.0476,,,,,,,1,IMF_FPP,,
POL,Poland,2028,47.424,,,,,,,,,,47.424,,,,1,IMF_WEO_forecast,1,5
POL,Poland,1954,39.2157,,,,,,,39.215698,,,,,,,1,IMF_FPP,,
POL,Poland,1972,24.1224,,,,,,,24.1224,,,,,,,1,IMF_FPP,,
POL,Poland,1997,46.9,,46.87502,,,46.9,,46.087457,46.956964,46.087,,47.445012,,,1,EUS,,
POL,Poland,1999,43.2,,43.17568,,,43.2,,42.475964,43.547373,42.476,,43.739368,,,1,EUS,,
POL,Poland,1971,24.1264,,,,,,,24.1264,,,,,,,1,IMF_FPP,,
POL,Poland,2007,42.8,,42.83337,,,42.8,,42.900347,41.13134,42.9,,42.874026,,,1,EUS,,
POL,Poland,2008,44,,44.02578,,,44,,44.17192,42.082085,44.172,,44.060646,,,1,EUS,,
POL,Poland,1951,22.2335,,,,,,,22.2335,,,,,,,1,IMF_FPP,,
POL,Poland,1995,47.7,,47.67236,,,47.7,,47.444649,49.098468,47.445,,48.563785,,,1,EUS,,
POL,Poland,2002,45.1,,45.05228,,,45.1,,45.041417,45.11484,45.041,,45.003783,,,1,EUS,,
POL,Poland,2026,49.70997,,52.0132,,,,,,,,49.134998,49.709974,,,1,OECD_EO,,
POL,Poland,2016,41.1,,41.05235,,,41.1,,41.334145,40.462099,41.334,,41.040952,,,1,EUS,,
POL,Poland,1963,33.306,,,,,,,33.306,,,,,,,1,IMF_FPP,,
POL,Poland,1986,50.01249,,,,,,,,50.012491,,,,,,1,IMF_GFS,,
POL,Poland,1974,28.6266,,,,,,,28.6266,,,,,,,1,IMF_FPP,,
POL,Poland,1996,50.9,,50.92788,,,50.9,,50.717278,52.097714,50.717,,51.93738,,,1,EUS,,
POL,Poland,2017,41.1,,41.13087,,,41.1,,41.419063,39.927547,41.419,,41.141813,,,1,EUS,,
POL,Poland,1966,31.7322,,,,,,,31.732201,,,,,,,1,IMF_FPP,,
POL,Poland,1991,,,,,,,,,,,,,,,1,IMF_GFS,,
POL,Poland,1962,42.9577,,,,,,,42.957699,,,,,,,1,IMF_FPP,,
POL,Poland,1976,34.7644,,,,,,,34.7644,,,,,,,1,IMF_FPP,,
POL,Poland,2004,43.3,,43.26119,,,43.3,,43.4797,43.178295,43.48,,43.321064,,,1,EUS,,
POL,Poland,1953,35.7576,,,,,,,35.757599,,,,,,,1,IMF_FPP,,
POL,Poland,1960,39.2,,,,,,,39.200001,,,,,,,1,IMF_FPP,,
POL,Poland,1970,25.8288,,,,,,,25.8288,,,,,,,1,IMF_FPP,,
POL,Poland,1975,34.1231,,,,,,,34.1231,,,,,,,1,IMF_FPP,,
POL,Poland,1988,47.77983,,,,,,,,47.779835,,,,,,1,IMF_GFS,,
POL,Poland,1989,,,,,,,,,,,,,,,1,IMF_GFS,,
POL,Poland,1994,42.32754,,,,,,,,42.327537,,,,,,1,IMF_GFS,1,5
POL,Poland,1957,39.8671,,,,,,,39.8671,,,,,,,1,IMF_FPP,,
POL,Poland,2000,42.9,,42.85463,,,42.9,,43.033958,43.010703,43.034,,42.976949,,,1,EUS,,
POL,Poland,1981,,,,,,,,,,,,,,,1,IMF_GFS,,
POL,Poland,1992,,,,,,,,,,,,,,,1,IMF_GFS,,
POL,Poland,2014,42.7,,42.68263,,,42.7,,42.907484,40.946952,42.907,,42.698592,,,1,EUS,,
POL,Poland,2006,44.3,,44.29263,,,44.3,,44.451425,43.205296,44.451,,44.342834,,,1,EUS,,
POL,Poland,2012,43.2,,43.17013,,,43.2,,43.431586,41.120797,43.432,,43.201723,,,1,EUS,,
POL,Poland,1977,35.6267,,,,,,,35.626701,,,,,,,1,IMF_FPP,,
POL,Poland,2011,44.1,,44.11807,,,44.1,,44.415221,40.826747,44.415,,44.205198,,,1,EUS,,
POL,Poland,2018,41,,41.04048,,,41,,41.447007,39.076344,41.447,,41.079216,,,1,EUS,,
POL,Poland,2027,50.95745,,50.95745,,,,,,,,47.872002,,,,1,AMECO,1,5
POL,Poland,1978,35.811,,,,,,,35.811001,,,,,,,1,IMF_FPP,,
POL,Poland,2022,43.2,,43.24795,,,43.2,,43.617949,42.076872,43.618,,43.317002,,,1,EUS,,
POL,Poland,2015,41.5,,41.49613,,,41.5,,41.736718,39.750942,41.737,,41.569673,,,1,EUS,,
POL,Poland,1998,44.9,,44.94563,,,44.9,,44.018199,44.793116,44.018,,45.351028,,,1,EUS,,
POL,Poland,1950,21.6394,,,,,,,21.6394,,,,,,,1,IMF_FPP,,
POL,Poland,1983,,,,,,,,,,,,,,,1,IMF_GFS,,
POL,Poland,1990,,,,,,,,,,,,,,,1,IMF_GFS,,
POL,Poland,1967,29.6043,,,,,,,29.6043,,,,,,,1,IMF_FPP,,
POL,Poland,1980,,,,,,,,,,,,,,,1,IMF_GFS,,
POL,Poland,2020,47.7,,47.73502,,,47.7,,48.24741,46.066736,48.247,,47.775829,,,1,EUS,,
POL,Poland,2010,46,,45.99875,,,46,,46.244608,42.846527,46.245,,46.070433,,,1,EUS,,
PRI,Puerto Rico,2019,21.068,,,,,,,,,21.068,,,,,1,IMF_WEO,,
PRI,Puerto Rico,2024,22.955,,,,,,,,,,22.955,,,,1,IMF_WEO_forecast,,
PRI,Puerto Rico,2027,22.979,,,,,,,,,,22.979,,,,1,IMF_WEO_forecast,,
PRI,Puerto Rico,2025,23.714,,,,,,,,,,23.714001,,,,1,IMF_WEO_forecast,,
PRI,Puerto Rico,2021,21.226,,,,,,,,,21.226,,,,,1,IMF_WEO,,
PRI,Puerto Rico,2015,21.513,,,,,,,,,21.513,,,,,1,IMF_WEO,,
PRI,Puerto Rico,2020,21.362,,,,,,,,,21.362,,,,,1,IMF_WEO,,
PRI,Puerto Rico,2017,21.926,,,,,,,,,21.926,,,,,1,IMF_WEO,,
PRI,Puerto Rico,2018,22.129,,,,,,,,,22.129,,,,,1,IMF_WEO,,
PRI,Puerto Rico,2016,20.976,,,,,,,,,20.976,,,,,1,IMF_WEO,,
PRI,Puerto Rico,2029,21.079,,,,,,,,,,21.079,,,,1,IMF_WEO_forecast,,
PRI,Puerto Rico,2014,22.514,,,,,,,,,22.514,,,,,1,IMF_WEO,,
PRI,Puerto Rico,2026,23.377,,,,,,,,,,23.377001,,,,1,IMF_WEO_forecast,,
PRI,Puerto Rico,2028,21.254,,,,,,,,,,21.254,,,,1,IMF_WEO_forecast,,
PRI,Puerto Rico,2022,20.621,,,,,,,,,20.621,,,,,1,IMF_WEO,,
PRI,Puerto Rico,2023,22.262,,,,,,,,,,22.261999,,,,1,IMF_WEO_forecast,1,1
PRT,Portugal,1955,8.407454,,,,,,,10.2129,,,,,,,.823219,IMF_FPP,,
PRT,Portugal,1978,31.4121,,,,,,,31.7421,,,,31.4121,,,1,OECD_EO,,
PRT,Portugal,1888,6.577915,,,,,,,7.9904799,,,,,,,.823219,IMF_FPP,,
PRT,Portugal,1926,9.547612,,,,,,,11.5979,,,,,,,.823219,IMF_FPP,,
PRT,Portugal,2027,42.77933,,42.89938,,,,,,,,42.438,,,,.9972017,AMECO,1,3
PRT,Portugal,1954,8.517517,,,,,,,10.3466,,,,,,,.823219,IMF_FPP,,
PRT,Portugal,1948,8.714102,,,,,,,10.5854,,,,,,,.823219,IMF_FPP,,
PRT,Portugal,1999,42.57575,,42.57583,,,42.6,,40.997601,39.065394,42.521,,42.575747,,,1,OECD_EO,,
PRT,Portugal,1972,18.78462,,,,,,,22.818501,,,,,,,.823219,IMF_FPP,,
PRT,Portugal,1942,7.900589,,,,,,,9.5971899,,,,,,,.823219,IMF_FPP,,
PRT,Portugal,2007,44.51048,,44.51054,,,44.5,,44.361599,43.173656,44.55,,44.510478,,,1,OECD_EO,,
PRT,Portugal,1950,8.073753,,,,,,,9.8075399,,,,,,,.823219,IMF_FPP,,
PRT,Portugal,1984,35.73571,,,,,,,34.588699,,,,35.735706,,,1,OECD_EO,,
PRT,Portugal,1912,7.394284,,,,,,,8.9821596,,,,,,,.823219,IMF_FPP,,
PRT,Portugal,1922,14.41728,,,,,,,17.5133,,,,,,,.823219,IMF_FPP,,
PRT,Portugal,2010,51.88715,,51.8872,,,51.9,,51.346699,48.458166,51.899,,51.887144,,,1,OECD_EO,,
PRT,Portugal,1970,12.77447,,,,,,,15.5177,,,,,,,.823219,IMF_FPP,,
PRT,Portugal,1985,37.10091,,,,,,,37.493401,,,,37.100912,,,1,OECD_EO,,
PRT,Portugal,1937,7.540941,,,,,,,9.1603098,,,,,,,.823219,IMF_FPP,,
PRT,Portugal,1974,21.26597,,,,,,,25.832701,,,,,,,.823219,IMF_FPP,,
PRT,Portugal,1971,12.7212,,,,,,,15.453,,,,,,,.823219,IMF_FPP,,
PRT,Portugal,2018,43.28133,,43.28142,,,43.3,,43.240366,43.358797,43.24,,43.281326,,,1,OECD_EO,,
PRT,Portugal,1921,10.58322,,,,,,,12.8559,,,,,,,.823219,IMF_FPP,,
PRT,Portugal,1995,42.62812,,42.62812,,,42.6,,41.537399,39.444853,42.593,,42.62812,,,1,OECD_EO,,
PRT,Portugal,2024,44.08125,,42.55784,,,42.6,,,,,43.247002,44.081244,,,1,OECD_EO,,
PRT,Portugal,1887,5.612024,,,,,,,6.8171701,,,,,,,.823219,IMF_FPP,,
PRT,Portugal,1961,12.05036,,,,,,,14.6381,,,,,,,.823219,IMF_FPP,,
PRT,Portugal,1913,6.540171,,,,,,,7.9446301,,,,,,,.823219,IMF_FPP,,
PRT,Portugal,1923,9.377452,,,,,,,11.3912,,,,,,,.823219,IMF_FPP,,
PRT,Portugal,1973,21.16899,,,,,,,25.714899,,,,,,,.823219,IMF_FPP,,
PRT,Portugal,1953,8.230181,,,,,,,9.9975595,,,,,,,.823219,IMF_FPP,,
PRT,Portugal,1896,6.293493,,,,,,,7.64498,,,,,,,.823219,IMF_FPP,,
PRT,Portugal,1947,8.935137,,,,,,,10.8539,,,,,,,.823219,IMF_FPP,,
PRT,Portugal,1924,8.764483,,,,,,,10.6466,,,,,,,.823219,IMF_FPP,,
PRT,Portugal,1946,9.896903,,,,,,,12.0222,,,,,,,.823219,IMF_FPP,,
PRT,Portugal,1956,8.527067,,,,,,,10.3582,,,,,,,.823219,IMF_FPP,,
PRT,Portugal,1928,7.169652,,,,,,,8.7092896,,,,,,,.823219,IMF_FPP,,
PRT,Portugal,2011,50.02751,,50.02751,,,50,,50.022828,48.710023,50.023,,50.027507,,,1,OECD_EO,,
PRT,Portugal,1962,11.958,,,,,,,14.5259,,,,,,,.823219,IMF_FPP,,
PRT,Portugal,1980,33.16159,,,,,,,32.356602,,,,33.161593,,,1,OECD_EO,,
PRT,Portugal,1895,5.762212,,,,,,,6.9996099,,,,,,,.823219,IMF_FPP,,
PRT,Portugal,1894,5.728551,,,,,,,6.9587202,,,,,,,.823219,IMF_FPP,,
PRT,Portugal,2025,44.53676,,44.11858,,,,,,,,43.012001,44.536761,,,1,OECD_EO,,
PRT,Portugal,1989,36.72387,,,,,,,36.243698,32.046286,41.451,,36.723871,,,1,OECD_EO,,
PRT,Portugal,1886,5.901048,,,,,,,7.1682601,,,,,,,.823219,IMF_FPP,,
PRT,Portugal,1976,31.43116,,,,,,,38.180801,,,,,,,.823219,IMF_FPP,1,3
PRT,Portugal,1958,8.927728,,,,,,,10.8449,,,,,,,.823219,IMF_FPP,,
PRT,Portugal,1885,5.926041,,,,,,,7.1986198,,,,,,,.823219,IMF_FPP,,
PRT,Portugal,2016,44.86563,,44.86568,,,44.9,,44.836715,45.328538,44.837,,44.865631,,,1,OECD_EO,,
PRT,Portugal,1964,11.41163,,,,,,,13.8622,,,,,,,.823219,IMF_FPP,,
PRT,Portugal,2017,45.4859,,45.48585,,,45.5,,45.368061,45.613893,45.368,,45.485905,,,1,OECD_EO,,
PRT,Portugal,2015,48.31712,,48.31712,,,48.3,,48.145125,47.934821,48.145,,48.317125,,,1,OECD_EO,,
PRT,Portugal,2029,42.81462,,,,,,,,,,42.473,,,,1.008043,IMF_WEO_forecast,,
PRT,Portugal,1916,,,,,,,,,,,,,,,.823219,IMF_FPP,,
PRT,Portugal,1925,8.34917,,,,,,,10.1421,,,,,,,.823219,IMF_FPP,,
PRT,Portugal,1931,7.15919,,,,,,,8.6965799,,,,,,,.823219,IMF_FPP,,
PRT,Portugal,1936,7.107253,,,,,,,8.6334896,,,,,,,.823219,IMF_FPP,,
PRT,Portugal,1941,7.508523,,,,,,,9.1209297,,,,,,,.823219,IMF_FPP,,
PRT,Portugal,1920,9.979884,,,,,,,12.123,,,,,,,.823219,IMF_FPP,,
PRT,Portugal,1930,6.481277,,,,,,,7.8730898,,,,,,,.823219,IMF_FPP,,
PRT,Portugal,1940,8.483931,,,,,,,10.3058,,,,,,,.823219,IMF_FPP,,
PRT,Portugal,1975,26.2471,,,,,,,31.883499,,,,,,,.823219,IMF_FPP,,
PRT,Portugal,1902,6.070334,,,,,,,7.3738999,,,,,,,.823219,IMF_FPP,,
PRT,Portugal,1969,12.28317,,,,,,,14.9209,,,,,,,.823219,IMF_FPP,,
PRT,Portugal,1899,6.114805,,,,,,,7.4279199,,,,,,,.823219,IMF_FPP,,
PRT,Portugal,1891,6.337938,,,,,,,7.6989698,,,,,,,.823219,IMF_FPP,,
PRT,Portugal,1990,39.42848,,,,,,,38.503899,32.567065,42.165,,39.428482,,,1,OECD_EO,,
PRT,Portugal,1934,6.932212,,,,,,,8.4208603,,,,,,,.823219,IMF_FPP,,
PRT,Portugal,1915,,,,,,,,,,,,,,,.823219,IMF_FPP,,
PRT,Portugal,1993,45.10239,,,,,,,44.145901,,46.479,,45.102391,,,1,OECD_EO,,
PRT,Portugal,1992,43.48037,,,,,,,42.477001,,48.218,,43.480367,,,1,OECD_EO,,
PRT,Portugal,1919,11.60311,,,,,,,14.0948,,,,,,,.823219,IMF_FPP,,
PRT,Portugal,1911,6.557853,,,,,,,7.9661102,,,,,,,.823219,IMF_FPP,,
PRT,Portugal,1932,7.371144,,,,,,,8.9540501,,,,,,,.823219,IMF_FPP,,
PRT,Portugal,1949,7.698168,,,,,,,9.3513002,,,,,,,.823219,IMF_FPP,,
PRT,Portugal,1981,36.62192,,,,,,,35.338799,,,,36.621922,,,1,OECD_EO,,
PRT,Portugal,2023,42.39658,,41.89784,,,41.9,,42.341764,42.081348,,42.341999,42.396575,,,1,OECD_EO,,
PRT,Portugal,1988,36.635,,,,,,,36.162498,30.599592,42.175,,36.635003,,,1,OECD_EO,,
PRT,Portugal,1883,5.376303,,,,,,,6.5308299,,,,,,,.823219,IMF_FPP,,
PRT,Portugal,1966,11.89239,,,,,,,14.4462,,,,,,,.823219,IMF_FPP,,
PRT,Portugal,1977,28.88247,,,,,,,35.084801,,,,28.882475,,,1,OECD_EO,,
PRT,Portugal,1939,7.575846,,,,,,,9.2027102,,,,,,,.823219,IMF_FPP,,
PRT,Portugal,2019,42.48093,,42.48088,,,42.5,,42.441762,42.724725,42.442,,42.480929,,,1,OECD_EO,,
PRT,Portugal,1957,8.477674,,,,,,,10.2982,,,,,,,.823219,IMF_FPP,,
PRT,Portugal,1952,7.916535,,,,,,,9.61656,,,,,,,.823219,IMF_FPP,,
PRT,Portugal,1917,9.314887,,,,,,,11.3152,,,,,,,.823219,IMF_FPP,,
PRT,Portugal,1904,5.98439,,,,,,,7.2694998,,,,,,,.823219,IMF_FPP,,
PRT,Portugal,1929,6.829095,,,,,,,8.2955999,,,,,,,.823219,IMF_FPP,,
PRT,Portugal,1994,43.53768,,,,,,,42.453201,,42.762,,43.537682,,,1,OECD_EO,,
PRT,Portugal,1927,8.090259,,,,,,,9.82759,,,,,,,.823219,IMF_FPP,,
PRT,Portugal,1918,11.61809,,,,,,,14.113,,,,,,,.823219,IMF_FPP,,
PRT,Portugal,1968,11.73606,,,,,,,14.2563,,,,,,,.823219,IMF_FPP,,
PRT,Portugal,1997,42.4589,,42.4591,,,42.5,,41.139599,38.258043,42.407,,42.4589,,,1,OECD_EO,,
PRT,Portugal,2009,50.25749,,50.25749,,,50.3,,49.889,47.798838,50.223,,50.257491,,,1,OECD_EO,,
PRT,Portugal,1897,5.905806,,,,,,,7.1740398,,,,,,,.823219,IMF_FPP,,
PRT,Portugal,1959,9.797295,,,,,,,11.9012,,,,,,,.823219,IMF_FPP,,
PRT,Portugal,1979,30.81733,,,,,,,30.812799,,,,30.817329,,,1,OECD_EO,,
PRT,Portugal,1909,7.093942,,,,,,,8.6173201,,,,,,,.823219,IMF_FPP,,
PRT,Portugal,1935,7.072423,,,,,,,8.5911798,,,,,,,.823219,IMF_FPP,,
PRT,Portugal,1991,42.35366,,,,,,,41.3736,,45.94,,42.353657,,,1,OECD_EO,,
PRT,Portugal,2000,42.65439,,42.65454,,,42.7,,41.129398,39.707977,42.843,,42.654391,,,1,OECD_EO,,
PRT,Portugal,1987,38.00938,,,,,,,37.498901,30.692339,45.735,,38.009382,,,1,OECD_EO,,
PRT,Portugal,2012,48.83399,,48.83399,,,48.8,,48.88886,48.581187,48.889,,48.833992,,,1,OECD_EO,,
PRT,Portugal,2006,45.24208,,45.24208,,,45.2,,44.525501,43.677147,45.152,,45.242083,,,1,OECD_EO,,
PRT,Portugal,2002,43.7397,,43.73977,,,43.7,,42.3064,41.193244,44.182,,43.739695,,,1,OECD_EO,,
PRT,Portugal,1901,5.956105,,,,,,,7.2351398,,,,,,,.823219,IMF_FPP,,
PRT,Portugal,1889,6.375412,,,,,,,7.7444901,,,,,,,.823219,IMF_FPP,,
PRT,Portugal,1898,5.736544,,,,,,,6.96843,,,,,,,.823219,IMF_FPP,,
PRT,Portugal,1944,8.106674,,,,,,,9.8475304,,,,,,,.823219,IMF_FPP,,
PRT,Portugal,1986,38.41444,,,,,,,38.9137,,52.47,,38.414444,,,1,OECD_EO,,
PRT,Portugal,1903,6.405385,,,,,,,7.7809,,,,,,,.823219,IMF_FPP,,
PRT,Portugal,1933,7.386077,,,,,,,8.9721899,,,,,,,.823219,IMF_FPP,,
PRT,Portugal,2021,47.34317,,47.34322,,,47.3,,47.459095,46.955728,47.459,,47.343169,,,1,OECD_EO,,
PRT,Portugal,1998,42.6798,,42.6798,,,42.7,,40.817101,38.960104,42.628,,42.6798,,,1,OECD_EO,,
PRT,Portugal,1945,9.001406,,,,,,,10.9344,,,,,,,.823219,IMF_FPP,,
PRT,Portugal,1983,35.82804,,,,,,,34.727501,,,,35.828042,,,1,OECD_EO,,
PRT,Portugal,2022,43.87391,,43.87394,,,43.9,,44.100505,43.897336,44.101,,43.873905,,,1,OECD_EO,,
PRT,Portugal,1882,4.927929,,,,,,,5.9861698,,,,,,,.823219,IMF_FPP,,
PRT,Portugal,1893,5.383128,,,,,,,6.5391202,,,,,,,.823219,IMF_FPP,,
PRT,Portugal,1951,7.401282,,,,,,,8.9906597,,,,,,,.823219,IMF_FPP,,
PRT,Portugal,2001,44.12793,,44.128,,,44.1,,42.480099,40.614737,44.124,,44.127929,,,1,OECD_EO,,
PRT,Portugal,1900,5.748135,,,,,,,6.9825101,,,,,,,.823219,IMF_FPP,,
PRT,Portugal,1908,6.686794,,,,,,,8.1227398,,,,,,,.823219,IMF_FPP,,
PRT,Portugal,2020,49.12315,,49.1231,,,49.1,,49.234755,49.006503,49.235,,49.123151,,,1,OECD_EO,,
PRT,Portugal,2013,49.95681,,49.9568,,,50,,49.921492,49.87803,49.921,,49.956804,,,1,OECD_EO,,
PRT,Portugal,1892,5.697054,,,,,,,6.9204602,,,,,,,.823219,IMF_FPP,,
PRT,Portugal,2003,45.42512,,45.42519,,,45.4,,43.782299,42.71667,45.327,,45.42512,,,1,OECD_EO,,
PRT,Portugal,1907,7.040663,,,,,,,8.5525999,,,,,,,.823219,IMF_FPP,,
PRT,Portugal,2004,46.27208,,46.27201,,,46.3,,44.671001,43.466664,46.018,,46.272083,,,1,OECD_EO,,
PRT,Portugal,1938,7.582151,,,,,,,9.2103701,,,,,,,.823219,IMF_FPP,,
PRT,Portugal,1960,11.73334,,,,,,,14.253,,,,,,,.823219,IMF_FPP,,
PRT,Portugal,2008,45.48545,,45.4855,,,45.5,,44.815701,44.436212,45.341,,45.485447,,,1,OECD_EO,,
PRT,Portugal,1982,35.97114,,,,,,,35.752499,,,,35.971142,,,1,OECD_EO,,
PRT,Portugal,1943,7.093292,,,,,,,8.6165304,,,,,,,.823219,IMF_FPP,,
PRT,Portugal,1905,6.473416,,,,,,,7.8635402,,,,,,,.823219,IMF_FPP,,
PRT,Portugal,1963,12.05333,,,,,,,14.6417,,,,,,,.823219,IMF_FPP,,
PRT,Portugal,1890,6.612548,,,,,,,8.0325499,,,,,,,.823219,IMF_FPP,,
PRT,Portugal,2005,46.78022,,46.78016,,,46.8,,45.770699,44.504319,46.74,,46.780218,,,1,OECD_EO,,
PRT,Portugal,1914,,,,,,,,,,,,,,,.823219,IMF_FPP,,
PRT,Portugal,1880,5.550991,,,,,,,6.7430301,,,,,,,.823219,IMF_FPP,,
PRT,Portugal,2026,44.73191,,44.85743,,,,,,,,42.806999,44.731908,,,1,OECD_EO,,
PRT,Portugal,2014,51.70641,,51.70641,,,51.7,,51.688252,51.804209,51.688,,51.706407,,,1,OECD_EO,,
PRT,Portugal,1967,11.64065,,,,,,,14.1404,,,,,,,.823219,IMF_FPP,,
PRT,Portugal,1906,6.383619,,,,,,,7.7544599,,,,,,,.823219,IMF_FPP,,
PRT,Portugal,1910,6.214044,,,,,,,7.54847,,,,,,,.823219,IMF_FPP,,
PRT,Portugal,1965,11.05213,,,,,,,13.4255,,,,,,,.823219,IMF_FPP,,
PRT,Portugal,2028,42.79647,,,,,,,,,,42.455002,,,,1.008043,IMF_WEO_forecast,1,3
PRT,Portugal,1884,5.84944,,,,,,,7.1055698,,,,,,,.823219,IMF_FPP,,
PRT,Portugal,1996,43.14925,,43.14914,,,43.1,,42.069199,39.573256,43.044,,43.149246,,,1,OECD_EO,,
PRT,Portugal,1881,5.417382,,,,,,,6.58073,,,,,,,.823219,IMF_FPP,,
PRY,Paraguay,2023,18.83506,,,,,,,21.557359,18.835057,,21.556999,,,,1,IMF_GFS,1,3
PRY,Paraguay,2026,19.92,,,,,,,,,,19.92,,,,1,IMF_WEO_forecast,,
PRY,Paraguay,1972,12.4585,,,,,,,12.4585,,,,,,,1,IMF_FPP,,
PRY,Paraguay,2018,18.488,,,,18.20797,,,18.488113,16.459839,18.488,,,,,1,IMF_WEO,,
PRY,Paraguay,1968,13.4689,,,,,,,13.4689,,,,,,,1,IMF_FPP,,
PRY,Paraguay,2012,18.543,,,,17.84602,,,18.543115,16.145769,18.543,,,,,1,IMF_WEO,,
PRY,Paraguay,1999,19.195,,,,,,,19.194606,,19.195,,,,,1,IMF_WEO,,
PRY,Paraguay,1971,12.3306,,,,,,,12.3306,,,,,,,1,IMF_FPP,,
PRY,Paraguay,2019,20.177,,,,,,,20.176507,17.061413,20.177,,,,,1,IMF_WEO,,
PRY,Paraguay,1967,12.1773,,,,,,,12.1773,,,,,,,1,IMF_FPP,,
PRY,Paraguay,1982,13.153,,,,,,,13.153433,,13.153,,,,,1,IMF_WEO,,
PRY,Paraguay,2021,20.447,,,,,,,20.447397,17.710899,20.447,,,,,1,IMF_WEO,,
PRY,Paraguay,2015,17.978,,,,18.22105,,,17.977579,16.119654,17.978,,,,,1,IMF_WEO,,
PRY,Paraguay,2028,20.104,,,,,,,,,,20.104,,,,1,IMF_WEO_forecast,,
PRY,Paraguay,2010,14.668,,,,13.59934,,,14.668423,12.129428,14.668,,,,,1,IMF_WEO,,
PRY,Paraguay,1979,11.74144,,,,,,,11.741437,,,,,,,1,IMF_FPP,1,3
PRY,Paraguay,1973,11.1684,,,,,,,11.1684,,,,,,,1,IMF_FPP,,
PRY,Paraguay,2011,15.583,,,,14.89842,,,15.582621,13.61131,15.583,,,,,1,IMF_WEO,,
PRY,Paraguay,2000,19.62,,,,,,,19.620319,,19.62,,,,,1,IMF_WEO,,
PRY,Paraguay,2016,17.699,,,,18.06021,,,17.6992,15.993678,17.699,,,,,1,IMF_WEO,,
PRY,Paraguay,1980,11.621,,,,,,,11.620989,,11.621,,,,,1,IMF_WEO,,
PRY,Paraguay,1998,17.958,,,,,,,17.957695,,17.958,,,,,1,IMF_WEO,,
PRY,Paraguay,1985,11.379,,,,,,,11.379363,,11.379,,,,,1,IMF_WEO,,
PRY,Paraguay,1983,13.047,,,,,,,13.046916,,13.047,,,,,1,IMF_WEO,,
PRY,Paraguay,2014,17.135,,,,17.38425,,,17.135328,15.136534,17.135,,,,,1,IMF_WEO,,
PRY,Paraguay,2022,20.16,,,,,,,20.160304,17.424224,20.16,,,,,1,IMF_WEO,,
PRY,Paraguay,1970,13.3339,,,,,,,13.3339,,,,,,,1,IMF_FPP,,
PRY,Paraguay,2002,17.642,,,,,,,17.641641,,17.642,,,,,1,IMF_WEO,,
PRY,Paraguay,2013,17.518,,,,16.73303,,,17.517829,14.653939,17.518,,,,,1,IMF_WEO,,
PRY,Paraguay,2008,12.477,,,,12.07049,,,12.476991,11.294776,12.477,,,,,1,IMF_WEO,,
PRY,Paraguay,1995,15.723,,,,,,,15.722646,,15.723,,,,,1,IMF_WEO,,
PRY,Paraguay,2001,19.04,,,,,,,19.039597,,19.04,,,,,1,IMF_WEO,,
PRY,Paraguay,1987,10.15,,,,,,,10.149545,,10.15,,,,,1,IMF_WEO,,
PRY,Paraguay,1992,12.971,,,,,,,12.971241,,12.971,,,,,1,IMF_WEO,,
PRY,Paraguay,1978,11.862,,,,,,,11.862,,,,,,,1,IMF_FPP,,
PRY,Paraguay,2017,18.057,,,,18.35248,,,18.056896,15.797108,18.057,,,,,1,IMF_WEO,,
PRY,Paraguay,1975,10.4955,,,,,,,10.4955,,,,,,,1,IMF_FPP,,
PRY,Paraguay,2025,20.166,,,,,,,,,,20.166,,,,1,IMF_WEO_forecast,,
PRY,Paraguay,2024,20.964,,,,,,,,,,20.964001,,,,1,IMF_WEO_forecast,1,3
PRY,Paraguay,2009,15.202,,,,14.37955,,,15.202288,12.842631,15.202,,,,,1,IMF_WEO,,
PRY,Paraguay,1969,14.0295,,,,,,,14.0295,,,,,,,1,IMF_FPP,,
PRY,Paraguay,2006,14.848,,,,17.80713,,,14.847609,12.839174,14.848,,,,,1,IMF_WEO,,
PRY,Paraguay,2004,15.441,,,,19.61942,,,15.441147,,15.441,,,,,1,IMF_WEO,,
PRY,Paraguay,1994,14.48,,,,,,,14.479884,,14.48,,,,,1,IMF_WEO,,
PRY,Paraguay,1974,9.43523,,,,,,,9.4352303,,,,,,,1,IMF_FPP,,
PRY,Paraguay,1997,18.052,,,,,,,18.051812,,18.052,,,,,1,IMF_WEO,,
PRY,Paraguay,2003,15.751,,,,20.20454,,,15.750554,,15.751,,,,,1,IMF_WEO,,
PRY,Paraguay,1977,11.2148,,,,,,,11.2148,,,,,,,1,IMF_FPP,,
PRY,Paraguay,1990,10.537,,,,,,,10.537206,,10.537,,,,,1,IMF_WEO,,
PRY,Paraguay,2020,22.632,,,,,,,22.631885,19.527819,22.632,,,,,1,IMF_WEO,,
PRY,Paraguay,1986,9.255,,,,,,,9.2547152,,9.255,,,,,1,IMF_WEO,,
PRY,Paraguay,2005,14.564,,,,17.42594,,,14.564096,12.745752,14.564,,,,,1,IMF_WEO,,
PRY,Paraguay,2027,20.089,,,,,,,,,,20.089001,,,,1,IMF_WEO_forecast,,
PRY,Paraguay,1981,13.287,,,,,,,13.286865,,13.287,,,,,1,IMF_WEO,,
PRY,Paraguay,1988,9.751,,,,,,,9.7512765,,9.751,,,,,1,IMF_WEO,,
PRY,Paraguay,2029,20.178,,,,,,,,,,20.177999,,,,1,IMF_WEO_forecast,,
PRY,Paraguay,1993,12.931,,,,,,,12.931346,,12.931,,,,,1,IMF_WEO,,
PRY,Paraguay,1996,16.918,,,,,,,16.917685,,16.918,,,,,1,IMF_WEO,,
PRY,Paraguay,1989,11.831,,,,,,,11.830845,,11.831,,,,,1,IMF_WEO,,
PRY,Paraguay,1991,11.375,,,,,,,11.374959,,11.375,,,,,1,IMF_WEO,,
PRY,Paraguay,2007,13.744,,,,17.0487,,,13.743546,11.812581,13.744,,,,,1,IMF_WEO,,
PRY,Paraguay,1984,13.009,,,,,,,13.008984,,13.009,,,,,1,IMF_WEO,,
PRY,Paraguay,1976,9.79799,,,,,,,9.7979898,,,,,,,1,IMF_FPP,,
PSE,Palestine,2019,22.3206,,,22.3206,,,,,,28.334,,,,,1,AMF,,
PSE,Palestine,2021,21.23642,,,21.23642,,,,,,30.83,,,,,1,AMF,,
PSE,Palestine,2022,29.055,,,,,,,,,29.055,,,,,1,IMF_WEO,1,3
PSE,Palestine,2009,44.767,,,,,,,,,44.767,,,,,1,IMF_WEO,,
PSE,Palestine,2015,23.62407,,,23.62407,,,,,,31.413,,,,,1,AMF,,
PSE,Palestine,2012,30.857,,,,,,,,,30.857,,,,,1,IMF_WEO,1,3
PSE,Palestine,2010,34.774,,,,,,,,,34.774,,,,,1,IMF_WEO,,
PSE,Palestine,2016,25.67152,,,25.67152,,,,,,30.395,,,,,1,AMF,,
PSE,Palestine,2011,33.343,,,,,,,,,33.343,,,,,1,IMF_WEO,,
PSE,Palestine,2023,30.818,,,,,,,,,,30.818001,,,,1,IMF_WEO_forecast,1,3
PSE,Palestine,2020,24.25247,,,24.25247,,,,,,33.034,,,,,1,AMF,,
PSE,Palestine,2014,23.72832,,,23.72832,,,,,,32.43,,,,,1,AMF,,
PSE,Palestine,2017,23.4801,,,23.4801,,,,,,30.07,,,,,1,AMF,,
PSE,Palestine,2018,24.61755,,,24.61755,,,,,,28.178,,,,,1,AMF,,
PSE,Palestine,2013,25.71281,,,25.71281,,,,,,30.182,,,,,1,AMF,,
QAT,Qatar,2020,39.71473,,,39.71473,,,,34.699409,,34.699,,,,,1,AMF,,
QAT,Qatar,2011,28.497,,,,,,,28.497369,,28.497,,,,,1,IMF_WEO,,
QAT,Qatar,2028,23.704,,,,,,,,,,23.704,,,,1,IMF_WEO_forecast,,
QAT,Qatar,2006,29.545,,,,,,,29.545325,,29.545,,,,,1,IMF_WEO,,
QAT,Qatar,1993,62.801,,,,,,,62.800651,,62.801,,,,,1,IMF_WEO,,
QAT,Qatar,2005,28.99,,,,,,,28.989897,,28.99,,,,,1,IMF_WEO,,
QAT,Qatar,2016,40.13815,,,40.13815,,,,40.138148,,40.138,,,,,1,AMF,,
QAT,Qatar,1996,55.156,,,,,,,55.155632,,55.156,,,,,1,IMF_WEO,,
QAT,Qatar,2026,24.722,,,,,,,,,,24.722,,,,1,IMF_WEO_forecast,,
QAT,Qatar,2024,25.517,,,,,,,,,,25.517,,,,1,IMF_WEO_forecast,1,4
QAT,Qatar,1994,59.771,,,,,,,59.770721,,59.771,,,,,1,IMF_WEO,,
QAT,Qatar,2000,29.785,,,,,,,29.785493,,29.785,,,,,1,IMF_WEO,,
QAT,Qatar,2015,31.26664,,,31.26664,,,,38.559585,,38.56,,,,,1,AMF,,
QAT,Qatar,2014,25.91566,,,25.91566,,,,32.315249,,32.315,,,,,1,AMF,,
QAT,Qatar,1991,57.526,,,,,,,57.525532,,57.526,,,,,1,IMF_WEO,,
QAT,Qatar,1997,47.648,,,,,,,47.648096,,47.648,,,,,1,IMF_WEO,,
QAT,Qatar,1992,54.194,,,,,,,54.194237,,54.194,,,,,1,IMF_WEO,,
QAT,Qatar,2019,32.10301,,,32.10301,,,,32.464351,,32.464,,,,,1,AMF,,
QAT,Qatar,2022,24.329,,,,,,,24.329415,,24.329,,,,,1,IMF_WEO,,
QAT,Qatar,2010,31.997,,,,,,,31.996668,,31.997,,,,,1,IMF_WEO,,
QAT,Qatar,2025,25.536,,,,,,,,,,25.535999,,,,1,IMF_WEO_forecast,,
QAT,Qatar,2004,29.919,,,,,,,29.918817,,29.919,,,,,1,IMF_WEO,,
QAT,Qatar,2021,29.368,,,,,,,29.368337,,29.368,,,,,1,IMF_WEO,1,4
QAT,Qatar,1995,52.243,,,,,,,52.243105,,52.243,,,,,1,IMF_WEO,,
QAT,Qatar,2007,29.456,,,,,,,29.456309,,29.456,,,,,1,IMF_WEO,,
QAT,Qatar,2009,36.432,,,,,,,36.432188,,36.432,,,,,1,IMF_WEO,,
QAT,Qatar,1990,49.976,,,,,,,,,49.976,,,,,1,IMF_WEO,,
QAT,Qatar,2003,28.507,,,,,,,28.50718,,28.507,,,,,1,IMF_WEO,,
QAT,Qatar,1999,42.361,,,,,,,42.361416,,42.361,,,,,1,IMF_WEO,,
QAT,Qatar,2001,32.11,,,,,,,32.109744,,32.11,,,,,1,IMF_WEO,,
QAT,Qatar,2027,23.9,,,,,,,,,,23.9,,,,1,IMF_WEO_forecast,,
QAT,Qatar,2023,27.26577,,,,,,,27.265774,,,27.266001,,,,1,IMF_FPP,1,4
QAT,Qatar,1998,55.111,,,,,,,55.111486,,55.111,,,,,1,IMF_WEO,,
QAT,Qatar,2002,31.581,,,,,,,31.581022,,31.581,,,,,1,IMF_WEO,,
QAT,Qatar,2018,28.89611,,,28.89611,,,,28.896098,,28.896,,,,,1,AMF,,
QAT,Qatar,2017,34.66314,,,34.66314,,,,34.66314,,34.663,,,,,1,AMF,,
QAT,Qatar,2029,23.712,,,,,,,,,,23.712,,,,1,IMF_WEO_forecast,,
QAT,Qatar,2012,30.984,,,,,,,30.983617,,30.984,,,,,1,IMF_WEO,1,4
QAT,Qatar,2008,23.547,,,,,,,23.547406,,23.547,,,,,1,IMF_WEO,,
QAT,Qatar,2013,32.82253,,,32.82253,,,,28.293233,,28.293,,,,,1,AMF,,
ROU,Romania,1969,32.0639,,,,,,,32.0639,,,,,,,1,IMF_FPP,,
ROU,Romania,1964,25.1023,,,,,,,25.102301,,,,,,,1,IMF_FPP,,
ROU,Romania,1986,45.05116,,,,,,,42.451698,45.051163,,,,,,1,IMF_GFS,,
ROU,Romania,2015,35.9,,35.8819,,,35.9,,34.162993,32.564365,34.163,,35.87375,,,1,EUS,,
ROU,Romania,1991,38.284,,,,,,,38.284146,,38.284,,,,,1,IMF_WEO,,
ROU,Romania,2028,38.894,,,,,,,,,,38.894001,,,,1,IMF_WEO_forecast,1,6
ROU,Romania,1979,41.9848,,,,,,,41.984798,,,,,,,1,IMF_FPP,1,6
ROU,Romania,1965,25.6265,,,,,,,25.626499,,,,,,,1,IMF_FPP,,
ROU,Romania,1988,39.60655,,,,,,,36.6394,39.606551,,,,,,1,IMF_GFS,,
ROU,Romania,2020,41.7,,41.70514,,,41.7,,38.182739,39.133205,38.183,,41.469045,,,1,EUS,,
ROU,Romania,2024,43.6,,43.5529,,,43.6,,,,,39.249001,42.619991,,,1,EUS,,
ROU,Romania,2021,40,,39.96841,,,40,,37.14225,37.872527,37.142,,39.746267,,,1,EUS,,
ROU,Romania,1992,41.532,,,,,,,41.532184,,41.532,,,,,1,IMF_WEO,,
ROU,Romania,2003,34.3,,34.32775,,,34.3,,31.815912,32.921629,31.816,,34.327753,,,1,EUS,,
ROU,Romania,1968,31.7671,,,,,,,31.767099,,,,,,,1,IMF_FPP,,
ROU,Romania,1966,27.3339,,,,,,,27.3339,,,,,,,1,IMF_FPP,,
ROU,Romania,2009,39.7,,39.74604,,,39.7,,36.312739,35.790715,36.313,,39.746018,,,1,EUS,,
ROU,Romania,1996,33.2,,33.16737,,,33.2,,33.456317,29.917092,33.456,,33.167365,,,1,EUS,,
ROU,Romania,2012,36.1,,36.09082,,,36.1,,33.467226,33.174132,33.467,,36.076674,,,1,EUS,,
ROU,Romania,2002,34.9,,34.88749,,,34.9,,32.082391,32.651087,32.082,,34.887487,,,1,EUS,,
ROU,Romania,1995,34.3,,34.30084,,,34.3,,34.392814,30.902892,34.393,,34.300844,,,1,EUS,,
ROU,Romania,1978,42.1224,,,,,,,42.122398,,,,,,,1,IMF_FPP,,
ROU,Romania,2013,35.8,,35.8118,,,35.8,,34.168656,33.022901,34.169,,35.80097,,,1,EUS,,
ROU,Romania,2026,42.80738,,42.83342,,,,,,,,39.834999,42.807376,,,1,OECD_EO,,
ROU,Romania,2017,33.6,,33.56037,,,33.6,,31.018636,32.867382,31.019,,33.558606,,,1,EUS,,
ROU,Romania,1963,23.1114,,,,,,,23.111401,,,,,,,1,IMF_FPP,,
ROU,Romania,1973,32.5819,,,,,,,32.581902,,,,,,,1,IMF_FPP,,
ROU,Romania,1984,35.77392,,,,,,,28.643299,35.773921,,,,,,1,IMF_GFS,,
ROU,Romania,2000,38.5,,38.53185,,,38.5,,35.036545,35.27984,35.037,,38.531848,,,1,EUS,,
ROU,Romania,2029,38.705,,,,,,,,,,38.705002,,,,1,IMF_WEO_forecast,,
ROU,Romania,1998,35.6,,35.5907,,,35.6,,34.726368,33.09581,34.726,,35.590701,,,1,EUS,,
ROU,Romania,1980,39.11521,,,,,,,33.632301,39.115209,,,,,,1,IMF_GFS,,
ROU,Romania,2005,33.5,,33.50037,,,33.5,,32.301257,32.356266,32.301,,33.500371,,,1,EUS,,
ROU,Romania,1974,37.6108,,,,,,,37.610802,,,,,,,1,IMF_FPP,,
ROU,Romania,1999,39.3,,39.25052,,,39.3,,35.113303,37.169668,35.113,,39.250522,,,1,EUS,,
ROU,Romania,2025,43.21072,,44.12796,,,,,,,,39.269001,43.210714,,,1,OECD_EO,1,6
ROU,Romania,1967,30.5701,,,,,,,30.570101,,,,,,,1,IMF_FPP,,
ROU,Romania,2019,36.3,,36.29325,,,36.3,,33.310496,34.666194,33.31,,36.062077,,,1,EUS,,
ROU,Romania,1972,29.9041,,,,,,,29.9041,,,,,,,1,IMF_FPP,,
ROU,Romania,1987,43.4789,,,,,,,40.700401,43.478899,,,,,,1,IMF_GFS,,
ROU,Romania,2018,34.6,,34.56636,,,34.6,,31.729296,33.680809,31.729,,34.326876,,,1,EUS,,
ROU,Romania,2016,34.8,,34.78888,,,34.8,,31.81297,33.129393,31.813,,34.792378,,,1,EUS,,
ROU,Romania,2004,33.8,,33.80174,,,33.8,,33.65456,32.755755,33.655,,33.801739,,,1,EUS,,
ROU,Romania,2023,41.1,,41.06452,,,41.1,,36.616918,,,36.617001,40.259374,,,1,EUS,,
ROU,Romania,2011,37.9,,37.93871,,,37.9,,34.980066,34.630068,34.98,,37.928802,,,1,EUS,,
ROU,Romania,1981,36.20794,,,,,,,30.433599,36.207939,,,,,,1,IMF_GFS,,
ROU,Romania,2008,37.7,,37.71539,,,37.7,,35.271396,32.593928,35.271,,37.715387,,,1,EUS,,
ROU,Romania,1971,27.2264,,,,,,,27.2264,,,,,,,1,IMF_FPP,,
ROU,Romania,1970,28.1475,,,,,,,28.147499,,,,,,,1,IMF_FPP,,
ROU,Romania,2001,36.3,,36.33171,,,36.3,,33.164326,34.344253,33.164,,36.331707,,,1,EUS,,
ROU,Romania,1977,39.9178,,,,,,,39.917801,,,,,,,1,IMF_FPP,,
ROU,Romania,1993,33.453,,,,,,,33.453456,,33.453,,,,,1,IMF_WEO,,
ROU,Romania,1975,40.5919,,,,,,,40.5919,,,,,,,1,IMF_FPP,,
ROU,Romania,1989,43.26999,,,,,,,40.125,43.269985,,,,,,1,IMF_GFS,1,6
ROU,Romania,1976,37.4628,,,,,,,37.462799,,,,,,,1,IMF_FPP,,
ROU,Romania,2014,35.6,,35.57969,,,35.6,,33.754543,32.986767,33.755,,35.520201,,,1,EUS,,
ROU,Romania,2022,40.9,,40.90714,,,40.9,,37.04344,37.655566,37.043,,40.388334,,,1,EUS,,
ROU,Romania,1962,43.3638,,,,,,,43.3638,,,,,,,1,IMF_FPP,,
ROU,Romania,2027,42.66524,,42.66524,,,,,,,,39.160999,,,,1,AMECO,1,6
ROU,Romania,1994,33.102,,,,,,,33.102013,,33.102,,,,,1,IMF_WEO,1,6
ROU,Romania,1997,34.6,,34.64261,,,34.6,,33.519458,31.840725,33.519,,34.642609,,,1,EUS,,
ROU,Romania,2007,37.5,,37.51157,,,37.5,,34.565228,32.64959,34.565,,37.511566,,,1,EUS,,
ROU,Romania,1983,32.06083,,,,,,,25.7561,32.060826,,,,,,1,IMF_GFS,,
ROU,Romania,2006,35.6,,35.64257,,,35.6,,33.857165,32.000487,33.857,,35.64257,,,1,EUS,,
ROU,Romania,1985,48.55099,,,,,,,41.595299,48.550992,,,,,,1,IMF_GFS,,
ROU,Romania,1990,38.357,,,,,,,,,38.357,,,,,1,IMF_WEO,,
ROU,Romania,1982,34.90524,,,,,,,28.457399,34.905244,,,,,,1,IMF_GFS,,
ROU,Romania,2010,39.4,,39.35786,,,39.4,,37.431503,35.607417,37.432,,39.357218,,,1,EUS,,
RUS,Russian Federation,1946,,,,,,,,,,,,,,,1,IMF_WEO,,
RUS,Russian Federation,1942,,,,,,,,,,,,,,,1,IMF_WEO,,
RUS,Russian Federation,1927,,,,,,,,,,,,,,,1,IMF_FPP,,
RUS,Russian Federation,2022,35.558,,,,,,,35.558132,33.797966,35.558,,,,,1,IMF_WEO,,
RUS,Russian Federation,2002,33.818,,,,,,,33.81793,34.552806,33.818,,,,,1,IMF_WEO,,
RUS,Russian Federation,1964,,,,,,,,,,,,,,,1,IMF_WEO,,
RUS,Russian Federation,1960,,,,,,,,,,,,,,,1,IMF_WEO,,
RUS,Russian Federation,1905,23.8197,,,,,,,23.8197,,,,,,,1,IMF_FPP,,
RUS,Russian Federation,1924,,,,,,,,,,,,,,,1,IMF_FPP,,
RUS,Russian Federation,1985,,,,,,,,,,,,,,,1,IMF_WEO,,
RUS,Russian Federation,1987,,,,,,,,,,,,,,,1,IMF_WEO,,
RUS,Russian Federation,2012,34.029,,,,,,,34.028698,35.164445,34.029,,,,,1,IMF_WEO,,
RUS,Russian Federation,1928,5.70775,,,,,,,5.7077498,,,,,,,1,IMF_FPP,,
RUS,Russian Federation,1934,4.84028,,,,,,,4.8402801,,,,,,,1,IMF_FPP,,
RUS,Russian Federation,2014,34.938,,,,,,,34.938191,38.432244,34.938,,,,,1,IMF_WEO,,
RUS,Russian Federation,1892,14.4889,,,,,,,14.4889,,,,,,,1,IMF_FPP,,
RUS,Russian Federation,2026,37.091,,,,,,,,,,37.091,,,,1,IMF_WEO_forecast,,
RUS,Russian Federation,2018,32.621,,,,,,,32.620977,32.472822,32.621,,,,,1,IMF_WEO,,
RUS,Russian Federation,1896,14.9537,,,,,,,14.9537,,,,,,,1,IMF_FPP,,
RUS,Russian Federation,1940,5.48983,,,,,,,5.48983,,,,,,,1,IMF_FPP,1,3
RUS,Russian Federation,1909,15.8946,,,,,,,15.8946,,,,,,,1,IMF_FPP,,
RUS,Russian Federation,1887,11.5422,,,,,,,11.5422,,,,,,,1,IMF_FPP,,
RUS,Russian Federation,1997,,,,,,,,,,,,,,,1,IMF_WEO,,
RUS,Russian Federation,1949,,,,,,,,,,,,,,,1,IMF_WEO,,
RUS,Russian Federation,2003,32.599,,,,,,,32.598689,30.741072,32.599,,,,,1,IMF_WEO,,
RUS,Russian Federation,2021,34.67,,,,,,,34.669886,33.670717,34.67,,,,,1,IMF_WEO,,
RUS,Russian Federation,1947,,,,,,,,,,,,,,,1,IMF_WEO,,
RUS,Russian Federation,1903,17.0674,,,,,,,17.0674,,,,,,,1,IMF_FPP,,
RUS,Russian Federation,1912,15.1604,,,,,,,15.1604,,,,,,,1,IMF_FPP,,
RUS,Russian Federation,1955,,,,,,,,,,,,,,,1,IMF_WEO,,
RUS,Russian Federation,1886,14.223,,,,,,,14.223,,,,,,,1,IMF_FPP,,
RUS,Russian Federation,2025,36.986,,,,,,,,,,36.986,,,,1,IMF_WEO_forecast,,
RUS,Russian Federation,1895,15.6285,,,,,,,15.6285,,,,,,,1,IMF_FPP,,
RUS,Russian Federation,2017,34.83,,,,,,,34.830171,34.35495,34.83,,,,,1,IMF_WEO,,
RUS,Russian Federation,1908,16.9659,,,,,,,16.9659,,,,,,,1,IMF_FPP,,
RUS,Russian Federation,1988,,,,,,,,,,,,,,,1,IMF_WEO,,
RUS,Russian Federation,2010,35.505,,,,,,,35.504831,36.596468,35.505,,,,,1,IMF_WEO,,
RUS,Russian Federation,1926,,,,,,,,,,,,,,,1,IMF_FPP,,
RUS,Russian Federation,2001,31.464,,,,,,,31.464267,30.622309,31.464,,,,,1,IMF_WEO,,
RUS,Russian Federation,1906,21.1511,,,,,,,21.1511,,,,,,,1,IMF_FPP,,
RUS,Russian Federation,1916,,,,,,,,,,,,,,,1,IMF_FPP,,
RUS,Russian Federation,1917,,,,,,,,,,,,,,,1,IMF_FPP,,
RUS,Russian Federation,1948,,,,,,,,,,,,,,,1,IMF_WEO,,
RUS,Russian Federation,2007,31.942,,,,,,,31.941518,32.900226,31.942,,,,,1,IMF_WEO,,
RUS,Russian Federation,1929,7.75396,,,,,,,7.7539601,,,,,,,1,IMF_FPP,,
RUS,Russian Federation,2008,32.01,,,,,,,32.010412,30.99557,32.01,,,,,1,IMF_WEO,,
RUS,Russian Federation,1998,39.683,,,,,,,39.682793,,39.683,,,,,1,IMF_WEO,,
RUS,Russian Federation,2029,37.306,,,,,,,,,,37.306,,,,1,IMF_WEO_forecast,,
RUS,Russian Federation,1894,13.1151,,,,,,,13.1151,,,,,,,1,IMF_FPP,,
RUS,Russian Federation,1944,,,,,,,,,,,,,,,1,IMF_WEO,,
RUS,Russian Federation,1907,18.3111,,,,,,,18.3111,,,,,,,1,IMF_FPP,,
RUS,Russian Federation,1978,,,,,,,,,,,,,,,1,IMF_WEO,,
RUS,Russian Federation,1925,,,,,,,,,,,,,,,1,IMF_FPP,,
RUS,Russian Federation,1970,,,,,,,,,,,,,,,1,IMF_WEO,,
RUS,Russian Federation,1932,6.22275,,,,,,,6.2227502,,,,,,,1,IMF_FPP,,
RUS,Russian Federation,2024,37.317,,,,,,,,,,37.317001,,,,1,IMF_WEO_forecast,1,3
RUS,Russian Federation,2004,29.628,,,,,,,29.628396,29.412169,29.628,,,,,1,IMF_WEO,,
RUS,Russian Federation,1943,,,,,,,,,,,,,,,1,IMF_WEO,,
RUS,Russian Federation,1979,,,,,,,,,,,,,,,1,IMF_WEO,,
RUS,Russian Federation,1945,,,,,,,,,,,,,,,1,IMF_WEO,,
RUS,Russian Federation,1938,5.73808,,,,,,,5.73808,,,,,,,1,IMF_FPP,,
RUS,Russian Federation,1933,4.63203,,,,,,,4.63203,,,,,,,1,IMF_FPP,,
RUS,Russian Federation,1980,,,,,,,,,,,,,,,1,IMF_WEO,,
RUS,Russian Federation,1921,,,,,,,,,,,,,,,1,IMF_FPP,,
RUS,Russian Federation,1996,,,,,,,,,,,,,,,1,IMF_WEO,,
RUS,Russian Federation,1967,,,,,,,,,,,,,,,1,IMF_WEO,,
RUS,Russian Federation,1888,11.0349,,,,,,,11.0349,,,,,,,1,IMF_FPP,,
RUS,Russian Federation,1952,,,,,,,,,,,,,,,1,IMF_WEO,,
RUS,Russian Federation,1969,,,,,,,,,,,,,,,1,IMF_WEO,,
RUS,Russian Federation,1911,16.1662,,,,,,,16.166201,,,,,,,1,IMF_FPP,,
RUS,Russian Federation,1961,,,,,,,,,,,,,,,1,IMF_WEO,,
RUS,Russian Federation,1990,,,,,,,,,,,,,,,1,IMF_WEO,,
RUS,Russian Federation,1918,,,,,,,,,,,,,,,1,IMF_FPP,,
RUS,Russian Federation,2023,34.58017,,,,,,,36.528726,34.580169,,36.528999,,,,1,IMF_GFS,1,3
RUS,Russian Federation,2020,39.153,,,,,,,39.152566,38.072133,39.153,,,,,1,IMF_WEO,,
RUS,Russian Federation,2019,33.752,,,,,,,33.752262,35.365876,33.752,,,,,1,IMF_WEO,,
RUS,Russian Federation,2011,33.261,,,,,,,33.261211,34.223475,33.261,,,,,1,IMF_WEO,,
RUS,Russian Federation,2015,35.273,,,,,,,35.273453,36.713636,35.273,,,,,1,IMF_WEO,,
RUS,Russian Federation,2013,34.652,,,,,,,34.651869,36.12324,34.652,,,,,1,IMF_WEO,,
RUS,Russian Federation,2009,38.596,,,,,,,38.596139,41.365401,38.596,,,,,1,IMF_WEO,,
RUS,Russian Federation,1889,12.5974,,,,,,,12.5974,,,,,,,1,IMF_FPP,,
RUS,Russian Federation,1995,,,,,,,,,,,,,,,1,IMF_WEO,,
RUS,Russian Federation,1994,,,,,,,,,,,,,,,1,IMF_WEO,,
RUS,Russian Federation,1891,15.0745,,,,,,,15.0745,,,,,,,1,IMF_FPP,,
RUS,Russian Federation,1893,12.605,,,,,,,12.605,,,,,,,1,IMF_FPP,,
RUS,Russian Federation,1986,,,,,,,,,,,,,,,1,IMF_WEO,,
RUS,Russian Federation,1982,,,,,,,,,,,,,,,1,IMF_WEO,,
RUS,Russian Federation,1920,,,,,,,,,,,,,,,1,IMF_FPP,,
RUS,Russian Federation,1897,15.2104,,,,,,,15.2104,,,,,,,1,IMF_FPP,,
RUS,Russian Federation,1977,,,,,,,,,,,,,,,1,IMF_WEO,,
RUS,Russian Federation,1973,,,,,,,,,,,,,,,1,IMF_WEO,,
RUS,Russian Federation,1900,15.9433,,,,,,,15.9433,,,,,,,1,IMF_FPP,,
RUS,Russian Federation,1902,16.6327,,,,,,,16.6327,,,,,,,1,IMF_FPP,,
RUS,Russian Federation,1930,12.6511,,,,,,,12.6511,,,,,,,1,IMF_FPP,,
RUS,Russian Federation,1935,4.46777,,,,,,,4.4677701,,,,,,,1,IMF_FPP,,
RUS,Russian Federation,1937,4.42398,,,,,,,4.4239802,,,,,,,1,IMF_FPP,,
RUS,Russian Federation,1899,14.3357,,,,,,,14.3357,,,,,,,1,IMF_FPP,,
RUS,Russian Federation,1923,,,,,,,,,,,,,,,1,IMF_FPP,,
RUS,Russian Federation,1951,,,,,,,,,,,,,,,1,IMF_WEO,,
RUS,Russian Federation,1915,,,,,,,,,,,,,,,1,IMF_FPP,,
RUS,Russian Federation,1950,,,,,,,,,,,,,,,1,IMF_WEO,,
RUS,Russian Federation,1953,,,,,,,,,,,,,,,1,IMF_WEO,,
RUS,Russian Federation,1910,14.7867,,,,,,,14.7867,,,,,,,1,IMF_FPP,,
RUS,Russian Federation,1989,,,,,,,,,,,,,,,1,IMF_WEO,,
RUS,Russian Federation,1984,,,,,,,,,,,,,,,1,IMF_WEO,,
RUS,Russian Federation,2006,29.04,,,,,,,29.039754,25.435012,29.04,,,,,1,IMF_WEO,,
RUS,Russian Federation,1962,,,,,,,,,,,,,,,1,IMF_WEO,,
RUS,Russian Federation,2027,37.227,,,,,,,,,,37.227001,,,,1,IMF_WEO_forecast,,
RUS,Russian Federation,1981,,,,,,,,,,,,,,,1,IMF_WEO,,
RUS,Russian Federation,1974,,,,,,,,,,,,,,,1,IMF_WEO,,
RUS,Russian Federation,1890,14.2353,,,,,,,14.2353,,,,,,,1,IMF_FPP,,
RUS,Russian Federation,1999,34.287,,,,,,,34.286743,,34.287,,,,,1,IMF_WEO,,
RUS,Russian Federation,1993,,,,,,,,,,,,,,,1,IMF_WEO,,
RUS,Russian Federation,1966,,,,,,,,,,,,,,,1,IMF_WEO,,
RUS,Russian Federation,1913,,,,,,,,,,,,,,,1,IMF_FPP,,
RUS,Russian Federation,1914,,,,,,,,,,,,,,,1,IMF_FPP,,
RUS,Russian Federation,2016,36.586,,,,,,,36.58621,35.935741,36.586,,,,,1,IMF_WEO,,
RUS,Russian Federation,1898,15.4404,,,,,,,15.4404,,,,,,,1,IMF_FPP,,
RUS,Russian Federation,1971,,,,,,,,,,,,,,,1,IMF_WEO,,
RUS,Russian Federation,1991,,,,,,,,,,,,,,,1,IMF_WEO,,
RUS,Russian Federation,1941,,,,,,,,,,,,,,,1,IMF_WEO,,
RUS,Russian Federation,2028,37.216,,,,,,,,,,37.216,,,,1,IMF_WEO_forecast,,
RUS,Russian Federation,1956,,,,,,,,,,,,,,,1,IMF_WEO,,
RUS,Russian Federation,1976,,,,,,,,,,,,,,,1,IMF_WEO,,
RUS,Russian Federation,1975,,,,,,,,,,,,,,,1,IMF_WEO,,
RUS,Russian Federation,1904,20.3719,,,,,,,20.371901,,,,,,,1,IMF_FPP,,
RUS,Russian Federation,1963,,,,,,,,,,,,,,,1,IMF_WEO,,
RUS,Russian Federation,1957,,,,,,,,,,,,,,,1,IMF_WEO,,
RUS,Russian Federation,1922,,,,,,,,,,,,,,,1,IMF_FPP,,
RUS,Russian Federation,2005,29.458,,,,,,,29.457867,26.13302,29.458,,,,,1,IMF_WEO,,
RUS,Russian Federation,1936,4.3135,,,,,,,4.3134999,,,,,,,1,IMF_FPP,,
RUS,Russian Federation,1901,15.7138,,,,,,,15.7138,,,,,,,1,IMF_FPP,,
RUS,Russian Federation,1968,,,,,,,,,,,,,,,1,IMF_WEO,,
RUS,Russian Federation,1885,13.0926,,,,,,,13.0926,,,,,,,1,IMF_FPP,,
RUS,Russian Federation,1958,,,,,,,,,,,,,,,1,IMF_WEO,,
RUS,Russian Federation,1983,,,,,,,,,,,,,,,1,IMF_WEO,,
RUS,Russian Federation,2000,30.651,,,,,,,30.650715,28.95449,30.651,,,,,1,IMF_WEO,,
RUS,Russian Federation,1965,,,,,,,,,,,,,,,1,IMF_WEO,,
RUS,Russian Federation,1931,8.544,,,,,,,8.5439997,,,,,,,1,IMF_FPP,,
RUS,Russian Federation,1939,6.53994,,,,,,,6.5399399,,,,,,,1,IMF_FPP,,
RUS,Russian Federation,1972,,,,,,,,,,,,,,,1,IMF_WEO,,
RUS,Russian Federation,1954,,,,,,,,,,,,,,,1,IMF_WEO,,
RUS,Russian Federation,1959,,,,,,,,,,,,,,,1,IMF_WEO,,
RUS,Russian Federation,1992,,,,,,,,,,,,,,,1,IMF_WEO,,
RUS,Russian Federation,1919,,,,,,,,,,,,,,,1,IMF_FPP,,
RWA,Rwanda,2002,20.453,,,,,,,20.45308,,20.453,,,,,1,IMF_WEO,,
RWA,Rwanda,2023,19.4418,,,,,,,27.470031,19.441805,,27.469999,,,,1,IMF_GFS,1,2
RWA,Rwanda,2008,22.459,,,,,,,22.458748,,22.459,,,,,1,IMF_WEO,,
RWA,Rwanda,2013,26.154,,,,,,,26.154297,,26.154,,,,,1,IMF_WEO,,
RWA,Rwanda,2018,26.375,,,,,,,26.375434,18.933454,26.375,,,,,1,IMF_WEO,,
RWA,Rwanda,2014,27.477,,,,,,,27.477066,17.243889,27.477,,,,,1,IMF_WEO,,
RWA,Rwanda,2027,26.589,,,,,,,,,,26.589001,,,,1,IMF_WEO_forecast,,
RWA,Rwanda,2016,25.136,,,,,,,25.135514,18.208099,25.136,,,,,1,IMF_WEO,,
RWA,Rwanda,2012,24.571,,,,,,,24.571416,,24.571,,,,,1,IMF_WEO,,
RWA,Rwanda,1999,22.375,,,,,,,22.375093,,22.375,,,,,1,IMF_WEO,,
RWA,Rwanda,1997,16.998,,,,,,,16.998371,,16.998,,,,,1,IMF_WEO,,
RWA,Rwanda,2006,20.576,,,,,,,20.576426,,20.576,,,,,1,IMF_WEO,,
RWA,Rwanda,2020,33.46,,,,,,,33.460144,21.517502,33.46,,,,,1,IMF_WEO,,
RWA,Rwanda,2021,31.563,,,,,,,31.562935,21.312803,31.563,,,,,1,IMF_WEO,,
RWA,Rwanda,2004,17.875,,,,,,,17.875283,,17.875,,,,,1,IMF_WEO,,
RWA,Rwanda,2005,19.947,,,,,,,19.947331,,19.947,,,,,1,IMF_WEO,,
RWA,Rwanda,2025,26.539,,,,,,,,,,26.539,,,,1,IMF_WEO_forecast,,
RWA,Rwanda,2010,23.826,,,,,,,23.825899,,23.826,,,,,1,IMF_WEO,,
RWA,Rwanda,1992,21.505,,,,,,,21.504525,,21.505,,,,,1,IMF_WEO,,
RWA,Rwanda,2024,29.919,,,,,,,,,,29.919001,,,,1,IMF_WEO_forecast,1,2
RWA,Rwanda,2017,25.092,,,,,,,25.091939,18.848111,25.092,,,,,1,IMF_WEO,,
RWA,Rwanda,2028,26.258,,,,,,,,,,26.257999,,,,1,IMF_WEO_forecast,,
RWA,Rwanda,2022,29.654,,,,,,,29.654197,19.92684,29.654,,,,,1,IMF_WEO,,
RWA,Rwanda,1998,16.369,,,,,,,16.368928,,16.369,,,,,1,IMF_WEO,,
RWA,Rwanda,2009,22.313,,,,,,,22.313364,,22.313,,,,,1,IMF_WEO,,
RWA,Rwanda,1995,18.006,,,,,,,18.006076,,18.006,,,,,1,IMF_WEO,,
RWA,Rwanda,2000,18.238,,,,,,,18.237605,,18.238,,,,,1,IMF_WEO,,
RWA,Rwanda,2011,24.688,,,,,,,24.687974,,24.688,,,,,1,IMF_WEO,,
RWA,Rwanda,2001,19.065,,,,,,,19.065431,,19.065,,,,,1,IMF_WEO,,
RWA,Rwanda,1994,13.327,,,,,,,13.327403,,13.327,,,,,1,IMF_WEO,,
RWA,Rwanda,2029,25.728,,,,,,,,,,25.728001,,,,1,IMF_WEO_forecast,,
RWA,Rwanda,1993,20.277,,,,,,,20.277187,,20.277,,,,,1,IMF_WEO,,
RWA,Rwanda,2019,28.201,,,,,,,28.20058,19.515646,28.201,,,,,1,IMF_WEO,,
RWA,Rwanda,2003,18.497,,,,,,,18.497174,,18.497,,,,,1,IMF_WEO,,
RWA,Rwanda,2007,22.409,,,,,,,22.408589,,22.409,,,,,1,IMF_WEO,,
RWA,Rwanda,2026,26.793,,,,,,,,,,26.792999,,,,1,IMF_WEO_forecast,,
RWA,Rwanda,1996,19.508,,,,,,,19.50755,,19.508,,,,,1,IMF_WEO,,
RWA,Rwanda,2015,26.592,,,,,,,26.591732,16.864548,26.592,,,,,1,IMF_WEO,,
SAU,Saudi Arabia,2028,30.786,,,,,,,,,,30.785999,,,,1,IMF_WEO_forecast,,
SAU,Saudi Arabia,2010,33.012,,,,,,,33.01157,,33.012,,,,,1,IMF_WEO,,
SAU,Saudi Arabia,2001,36.939,,,,,,,36.939188,,36.939,,,,,1,IMF_WEO,,
SAU,Saudi Arabia,2025,32.586,,,,,,,,,,32.585999,,,,1,IMF_WEO_forecast,,
SAU,Saudi Arabia,2004,31.094,,,,,,,31.094053,,31.094,,,,,1,IMF_WEO,,
SAU,Saudi Arabia,2014,40.21422,,,40.21422,,,,39.676294,,39.676,,,,,1,AMF,,
SAU,Saudi Arabia,2005,28.151,,,,,,,28.150751,,28.151,,,,,1,IMF_WEO,,
SAU,Saudi Arabia,1990,39.281,,,,,,,,,39.281,,,,,1,IMF_WEO,,
SAU,Saudi Arabia,2019,35.15576,,,35.15576,,,,33.676586,31.910846,33.677,,,,,1,AMF,,
SAU,Saudi Arabia,2003,33.116,,,,,,,33.115897,,33.116,,,,,1,IMF_WEO,,
SAU,Saudi Arabia,2021,33.23746,,,33.23746,,,,31.693271,32.508429,31.693,,,,,1,AMF,,
SAU,Saudi Arabia,2026,32.325,,,,,,,,,,32.325001,,,,1,IMF_WEO_forecast,,
SAU,Saudi Arabia,2002,35.864,,,,,,,35.863869,,35.864,,,,,1,IMF_WEO,,
SAU,Saudi Arabia,1995,32.413,,,,,,,32.41316,,32.413,,,,,1,IMF_WEO,,
SAU,Saudi Arabia,2015,40.81051,,,40.81051,,,,39.883102,,39.883,,,,,1,AMF,,
SAU,Saudi Arabia,1991,34.946,,,,,,,34.945858,,34.946,,,,,1,IMF_WEO,,
SAU,Saudi Arabia,2011,32.581,,,,,,,32.580838,,32.581,,,,,1,IMF_WEO,,
SAU,Saudi Arabia,2008,26.68,,,,,,,26.679656,,26.68,,,,,1,IMF_WEO,,
SAU,Saudi Arabia,1994,33.794,,,,,,,33.794125,,33.794,,,,,1,IMF_WEO,,
SAU,Saudi Arabia,2018,35.2518,,,35.2518,,,,33.979706,31.345055,33.98,,,,,1,AMF,,
SAU,Saudi Arabia,2020,40.78396,,,40.78396,,,,39.067636,37.589781,39.068,,,,,1,AMF,,
SAU,Saudi Arabia,1993,37.732,,,,,,,37.731643,,37.732,,,,,1,IMF_WEO,,
SAU,Saudi Arabia,2022,28.248,,,,,,,28.248006,28.415542,28.248,,,,,1,IMF_WEO,1,4
SAU,Saudi Arabia,2012,32.97,,,,,,,32.969778,,32.97,,,,,1,IMF_WEO,1,4
SAU,Saudi Arabia,1997,35.598,,,,,,,35.59811,,35.598,,,,,1,IMF_WEO,,
SAU,Saudi Arabia,2029,29.968,,,,,,,,,,29.968,,,,1,IMF_WEO_forecast,,
SAU,Saudi Arabia,2017,36.01569,,,36.01569,,,,32.067123,,32.067,,,,,1,AMF,,
SAU,Saudi Arabia,1996,33.342,,,,,,,33.342309,,33.342,,,,,1,IMF_WEO,,
SAU,Saudi Arabia,2000,33.133,,,,,,,33.13315,,33.133,,,,,1,IMF_WEO,,
SAU,Saudi Arabia,2016,34.33986,,,34.33986,,,,34.454925,,34.455,,,,,1,AMF,,
SAU,Saudi Arabia,2006,27.269,,,,,,,27.269017,,27.269,,,,,1,IMF_WEO,,
SAU,Saudi Arabia,2027,31.608,,,,,,,,,,31.608,,,,1,IMF_WEO_forecast,,
SAU,Saudi Arabia,2007,29.453,,,,,,,29.452897,,29.453,,,,,1,IMF_WEO,,
SAU,Saudi Arabia,1998,34.531,,,,,,,34.530685,,34.531,,,,,1,IMF_WEO,,
SAU,Saudi Arabia,2024,32.719,,,,,,,,,,32.719002,,,,1,IMF_WEO_forecast,1,4
SAU,Saudi Arabia,2009,37.066,,,,,,,37.065732,,37.066,,,,,1,IMF_WEO,,
SAU,Saudi Arabia,2023,31.82724,,,,,,,32.303135,31.827244,,32.303001,,,,1,IMF_GFS,1,4
SAU,Saudi Arabia,1999,30.315,,,,,,,30.314838,,30.315,,,,,1,IMF_WEO,,
SAU,Saudi Arabia,2013,35.5271,,,35.5271,,,,35.187024,,35.187,,,,,1,AMF,,
SAU,Saudi Arabia,1992,41.165,,,,,,,41.165185,,41.165,,,,,1,IMF_WEO,,
SDN,Sudan,1991,45.7,,,,,,,45.700003,,45.7,,,,,1,IMF_WEO,,
SDN,Sudan,1993,23.686,,,,,,,23.685709,,23.686,,,,,1,IMF_WEO,,
SDN,Sudan,1994,19.551,,,,,,,19.551466,,19.551,,,,,1,IMF_WEO,,
SDN,Sudan,2026,13.771,,,,,,,,,,13.771,,,,1,IMF_WEO_forecast,,
SDN,Sudan,2023,8.19017,,,,,,,8.1901703,,,8.1899996,,,,1,IMF_FPP,,
SDN,Sudan,2011,18.233,,,,,,,18.232959,,18.233,,,,,1,IMF_WEO,,
SDN,Sudan,2018,13.24087,,,13.24087,,,,16.832678,,16.833,,,,,1,AMF,,
SDN,Sudan,2021,9.833826,,,,,,,9.8338264,,,9.8339996,,,,1,IMF_FPP,1,4
SDN,Sudan,1996,9.305,,,,,,,9.3050891,,9.305,,,,,1,IMF_WEO,,
SDN,Sudan,2020,10.895,,,,,,,10.895148,,10.895,,,,,1,IMF_WEO,1,4
SDN,Sudan,2015,10.84589,,,10.84589,,,,12.378446,,12.378,,,,,1,AMF,,
SDN,Sudan,2005,19.75,,,,,,,19.749661,,19.75,,,,,1,IMF_WEO,,
SDN,Sudan,2008,19.712,,,,,,,19.711835,,19.712,,,,,1,IMF_WEO,,
SDN,Sudan,2003,12.543,,,,,,,12.54346,,12.543,,,,,1,IMF_WEO,,
SDN,Sudan,2024,6.41,,,,,,,,,,6.4099998,,,,1,IMF_WEO_forecast,1,4
SDN,Sudan,2010,17.351,,,,,,,17.351099,,17.351,,,,,1,IMF_WEO,,
SDN,Sudan,1995,12.878,,,,,,,12.878014,,12.878,,,,,1,IMF_WEO,,
SDN,Sudan,2013,13.38301,,,13.38301,,,,15.323524,,15.324,,,,,1,AMF,,
SDN,Sudan,2029,12.624,,,,,,,,,,12.624,,,,1,IMF_WEO_forecast,,
SDN,Sudan,2017,10.30651,,,10.30651,,,,12.812408,,12.812,,,,,1,AMF,,
SDN,Sudan,1999,8.396,,,,,,,8.3958557,,8.396,,,,,1,IMF_WEO,,
SDN,Sudan,1992,50.421,,,,,,,50.420816,,50.421,,,,,1,IMF_WEO,,
SDN,Sudan,2000,10.362,,,,,,,10.361638,,10.362,,,,,1,IMF_WEO,,
SDN,Sudan,1997,7.38,,,,,,,7.3803845,,7.38,,,,,1,IMF_WEO,,
SDN,Sudan,2009,18.755,,,,,,,18.754799,,18.755,,,,,1,IMF_WEO,,
SDN,Sudan,2002,10.541,,,,,,,10.540643,,10.541,,,,,1,IMF_WEO,,
SDN,Sudan,2016,10.2461,,,10.2461,,,,9.976238,,9.976,,,,,1,AMF,,
SDN,Sudan,2012,16.482,,,,,,,16.481621,,16.482,,,,,1,IMF_WEO,1,4
SDN,Sudan,1998,7.789,,,,,,,7.7894693,,7.789,,,,,1,IMF_WEO,,
SDN,Sudan,2001,9.866,,,,,,,9.8663107,,9.866,,,,,1,IMF_WEO,,
SDN,Sudan,1990,30.965,,,,,,,30.965009,,30.965,,,,,1,IMF_WEO,,
SDN,Sudan,2027,13.566,,,,,,,,,,13.566,,,,1,IMF_WEO_forecast,,
SDN,Sudan,2004,16.512,,,,,,,16.511695,,16.512,,,,,1,IMF_WEO,,
SDN,Sudan,2028,12.765,,,,,,,,,,12.765,,,,1,IMF_WEO_forecast,,
SDN,Sudan,2022,17.86372,,,,,,,17.863721,,,17.864,,,,1,IMF_FPP,,
SDN,Sudan,2019,9.320289,,,9.320289,,,,18.663721,,18.664,,,,,1,AMF,,
SDN,Sudan,2014,11.24416,,,11.24416,,,,13.510413,,13.51,,,,,1,AMF,,
SDN,Sudan,2007,19.583,,,,,,,19.583315,,19.583,,,,,1,IMF_WEO,,
SDN,Sudan,2006,18.824,,,,,,,18.823586,,18.824,,,,,1,IMF_WEO,,
SDN,Sudan,2025,11.932,,,,,,,,,,11.932,,,,1,IMF_WEO_forecast,,
SEN,Senegal,2022,22.91828,,,,,,,26.572635,22.918281,,26.573,,,,1,IMF_GFS,1,2
SEN,Senegal,2017,22.463,,,,,,,22.463022,19.996257,22.463,,,,,1,IMF_WEO,,
SEN,Senegal,2013,22.09,,,,,,,22.090294,,22.09,,,,,1,IMF_WEO,,
SEN,Senegal,2029,26.96,,,,,,,,,,26.959999,,,,1,IMF_WEO_forecast,,
SEN,Senegal,2006,21.284,,,,,,,21.283551,,21.284,,,,,1,IMF_WEO,,
SEN,Senegal,2025,26.362,,,,,,,,,,26.362,,,,1,IMF_WEO_forecast,,
SEN,Senegal,2016,23.963,,,,,,,23.963092,18.453564,23.963,,,,,1,IMF_WEO,,
SEN,Senegal,2023,23.02871,,,,,,,25.719868,23.028706,,25.719999,,,,1,IMF_GFS,,
SEN,Senegal,2019,24.192,,,,,,,24.192232,21.002978,24.192,,,,,1,IMF_WEO,,
SEN,Senegal,1998,13.469,,,,,,,13.468702,,13.469,,,,,1,IMF_WEO,,
SEN,Senegal,2020,26.564,,,,,,,26.563706,20.681631,26.564,,,,,1,IMF_WEO,,
SEN,Senegal,2005,18.669,,,,,,,18.669022,,18.669,,,,,1,IMF_WEO,,
SEN,Senegal,2009,21.119,,,,,,,21.118597,,21.119,,,,,1,IMF_WEO,,
SEN,Senegal,2002,15.515,,,,,,,15.515076,,15.515,,,,,1,IMF_WEO,,
SEN,Senegal,2011,23.251,,,,,,,23.251461,,23.251,,,,,1,IMF_WEO,,
SEN,Senegal,2012,22.972,,,,,,,22.971517,,22.972,,,,,1,IMF_WEO,,
SEN,Senegal,1995,14.44,,,,,,,14.440411,,14.44,,,,,1,IMF_WEO,,
SEN,Senegal,2018,22.552,,,,,,,22.55235,19.787688,22.552,,,,,1,IMF_WEO,,
SEN,Senegal,2026,26.073,,,,,,,,,,26.073,,,,1,IMF_WEO_forecast,,
SEN,Senegal,2027,26.4,,,,,,,,,,26.4,,,,1,IMF_WEO_forecast,,
SEN,Senegal,2001,15.712,,,,,,,15.712345,,15.712,,,,,1,IMF_WEO,,
SEN,Senegal,2008,20.939,,,,,,,20.938587,,20.939,,,,,1,IMF_WEO,,
SEN,Senegal,1994,15.898,,,,,,,15.898284,,15.898,,,,,1,IMF_WEO,,
SEN,Senegal,2014,23.1,,,,,,,23.099865,,23.1,,,,,1,IMF_WEO,,
SEN,Senegal,2021,25.796,,,,,,,25.795871,19.402316,25.796,,,,,1,IMF_WEO,,
SEN,Senegal,2010,21.699,,,,,,,21.698691,,21.699,,,,,1,IMF_WEO,,
SEN,Senegal,2028,26.441,,,,,,,,,,26.441,,,,1,IMF_WEO_forecast,,
SEN,Senegal,2015,22.947,,,,,,,22.946906,18.440305,22.947,,,,,1,IMF_WEO,,
SEN,Senegal,2000,13.982,,,,,,,13.981603,,13.982,,,,,1,IMF_WEO,,
SEN,Senegal,2004,18.145,,,,,,,18.144904,,18.145,,,,,1,IMF_WEO,,
SEN,Senegal,2007,22.172,,,,,,,22.171958,,22.172,,,,,1,IMF_WEO,,
SEN,Senegal,1996,15.378,,,,,,,15.377567,,15.378,,,,,1,IMF_WEO,,
SEN,Senegal,1997,14.058,,,,,,,14.057719,,14.058,,,,,1,IMF_WEO,,
SEN,Senegal,2003,17.07,,,,,,,17.069951,,17.07,,,,,1,IMF_WEO,,
SEN,Senegal,1999,14.624,,,,,,,14.623997,,14.624,,,,,1,IMF_WEO,,
SEN,Senegal,2024,28.38,,,,,,,,,,28.379999,,,,1,IMF_WEO_forecast,1,2
SGP,Singapore,1973,14.32268,,,,,,,,14.32268,,,,,,1,IMF_GFS,,
SGP,Singapore,1992,14.528,,,,,,,,16.541412,14.528,,,,,1,IMF_WEO,,
SGP,Singapore,2002,15.931,16.62602,,,,,,,16.145629,15.931,,,,,1,IMF_WEO,,
SGP,Singapore,1998,18.065,,,,,,,,15.721914,18.065,,,,,1,IMF_WEO,,
SGP,Singapore,1985,17.95276,,,,,,,,17.952759,,,,,,1,IMF_GFS,,
SGP,Singapore,1983,16.50901,,,,,,,,16.509013,,,,,,1,IMF_GFS,,
SGP,Singapore,1989,17.55385,,,,,,,,17.553847,,,,,,1,IMF_GFS,1,3
SGP,Singapore,2018,13.874,13.4117,,,,,,,14.691255,13.874,,,,,1,IMF_WEO,,
SGP,Singapore,1984,18.78726,,,,,,,,18.787263,,,,,,1,IMF_GFS,,
SGP,Singapore,1988,18.97729,,,,,,,,18.977285,,,,,,1,IMF_GFS,,
SGP,Singapore,2007,9.015,8.13539,,,,,,,12.148988,9.015,,,,,1,IMF_WEO,,
SGP,Singapore,2009,15.852,15.48886,,,,,,,14.303989,15.852,,,,,1,IMF_WEO,,
SGP,Singapore,2006,12.28,11.75184,,,,,,,13.056892,12.28,,,,,1,IMF_WEO,,
SGP,Singapore,2025,16.126,,,,,,,,,,16.125999,,,,1,IMF_WEO_forecast,,
SGP,Singapore,1975,14.91725,,,,,,,,14.917252,,,,,,1,IMF_GFS,,
SGP,Singapore,1977,16.24488,,,,,,,,16.244877,,,,,,1,IMF_GFS,,
SGP,Singapore,2008,13.975,12.78411,,,,,,,14.504916,13.975,,,,,1,IMF_WEO,,
SGP,Singapore,1986,22.65686,,,,,,,,22.656856,,,,,,1,IMF_GFS,,
SGP,Singapore,2004,14.065,14.91722,,,,,,,14.392104,14.065,,,,,1,IMF_WEO,,
SGP,Singapore,1999,15.884,,,,,,,,14.772397,15.884,,,,,1,IMF_WEO,,
SGP,Singapore,1991,15.85,,,,,,,,17.878151,15.85,,,,,1,IMF_WEO,,
SGP,Singapore,1980,15.323,,,,,,,,15.323005,,,,,,1,IMF_GFS,,
SGP,Singapore,2019,14.013,13.48586,,,,,,,14.14285,14.013,,,,,1,IMF_WEO,,
SGP,Singapore,1978,15.33144,,,,,,,,15.331435,,,,,,1,IMF_GFS,,
SGP,Singapore,2015,14.438,13.79875,,,,,,,15.925526,14.438,,,,,1,IMF_WEO,,
SGP,Singapore,2001,18.213,18.85998,,,,,,,18.169432,18.213,,,,,1,IMF_WEO,,
SGP,Singapore,1979,15.4154,,,,,,,,15.415397,,,,,,1,IMF_GFS,,
SGP,Singapore,2003,15.645,16.50679,,,,,,,15.937182,15.645,,,,,1,IMF_WEO,,
SGP,Singapore,1987,27.00359,,,,,,,,27.00359,,,,,,1,IMF_GFS,,
SGP,Singapore,1972,16.51735,,,,,,,,16.517347,,,,,,1,IMF_GFS,,
SGP,Singapore,2000,16.123,14.64569,,,,,,,15.716732,16.123,,,,,1,IMF_WEO,,
SGP,Singapore,1974,12.95548,,,,,,,,12.955483,,,,,,1,IMF_GFS,,
SGP,Singapore,2017,13.621,12.62068,,,,,,,14.305322,13.621,,,,,1,IMF_WEO,,
SGP,Singapore,2026,16.126,,,,,,,,,,16.125999,,,,1,IMF_WEO_forecast,,
SGP,Singapore,2013,10.915,9.18338,,,,,,,12.375338,10.915,,,,,1,IMF_WEO,,
SGP,Singapore,1990,15.059,,,,,,,,17.065694,15.059,,,,,1,IMF_WEO,,
SGP,Singapore,2016,15.299,13.42762,,,,,,,14.442642,15.299,,,,,1,IMF_WEO,,
SGP,Singapore,1982,16.17659,,,,,,,,16.176592,,,,,,1,IMF_GFS,,
SGP,Singapore,1981,17.85385,,,,,,,,17.853848,,,,,,1,IMF_GFS,,
SGP,Singapore,2010,10.231,9.31476,,,,,,,12.412804,10.231,,,,,1,IMF_WEO,,
SGP,Singapore,1995,13.8,,,,,,,,11.926407,13.8,,,,,1,IMF_WEO,,
SGP,Singapore,2024,13.959,,,,,,,,,,13.959,,,,1,IMF_WEO_forecast,1,3
SGP,Singapore,2023,17.44193,,,,,,,,17.441931,,15.166,,,,1,IMF_GFS,1,3
SGP,Singapore,2029,16.326,,,,,,,,,,16.326,,,,1,IMF_WEO_forecast,,
SGP,Singapore,2027,16.276,,,,,,,,,,16.275999,,,,1,IMF_WEO_forecast,,
SGP,Singapore,2022,15.353,14.67717,,,,,,,15.135778,15.353,,,,,1,IMF_WEO,,
SGP,Singapore,2020,24.135,25.41566,,,,,,,25.721872,24.135,,,,,1,IMF_WEO,,
SGP,Singapore,1996,18.097,,,,,,,,16.164717,18.097,,,,,1,IMF_WEO,,
SGP,Singapore,1994,11.724,,,,,,,,10.918179,11.724,,,,,1,IMF_WEO,,
SGP,Singapore,2021,15.68,15.55405,,,,,,,16.37551,15.68,,,,,1,IMF_WEO,,
SGP,Singapore,2012,9.825,9.02038,,,,,,,12.383962,9.825,,,,,1,IMF_WEO,,
SGP,Singapore,2028,16.276,,,,,,,,,,16.275999,,,,1,IMF_WEO_forecast,,
SGP,Singapore,2011,9.66,7.94515,,,,,,,12.772652,9.66,,,,,1,IMF_WEO,,
SGP,Singapore,1997,14.546,,,,,,,,13.631374,14.546,,,,,1,IMF_WEO,,
SGP,Singapore,1993,14.518,,,,,,,,14.575723,14.518,,,,,1,IMF_WEO,,
SGP,Singapore,2005,12.379,11.80643,,,,,,,12.593843,12.379,,,,,1,IMF_WEO,,
SGP,Singapore,1976,15.63793,,,,,,,,15.637934,,,,,,1,IMF_GFS,,
SGP,Singapore,2014,12.575,10.91907,,,,,,,13.151066,12.575,,,,,1,IMF_WEO,,
SLB,Solomon Islands,1982,21.231,,,,,,,,,21.231,,,,,1,IMF_WEO,,
SLB,Solomon Islands,2011,27.038,26.68185,,,,,,27.037718,,27.038,,,,,1,IMF_WEO,,
SLB,Solomon Islands,1996,24.168,,,,,,,,,24.168,,,,,1,IMF_WEO,,
SLB,Solomon Islands,2017,40.383,33.14137,,,,,,40.382828,,40.383,,,,,1,IMF_WEO,,
SLB,Solomon Islands,1986,33.123,,,,,,,,,33.123,,,,,1,IMF_WEO,,
SLB,Solomon Islands,2026,32.171,,,,,,,,,,32.171001,,,,1,IMF_WEO_forecast,,
SLB,Solomon Islands,1993,33.237,,,,,,,,,33.237,,,,,1,IMF_WEO,,
SLB,Solomon Islands,1981,23.125,,,,,,,,,23.125,,,,,1,IMF_WEO,,
SLB,Solomon Islands,1994,30.191,,,,,,,,,30.191,,,,,1,IMF_WEO,,
SLB,Solomon Islands,2002,16.651,,,,,,,16.650955,,16.651,,,,,1,IMF_WEO,,
SLB,Solomon Islands,2003,14.891,,,,,,,14.891351,,14.891,,,,,1,IMF_WEO,,
SLB,Solomon Islands,2022,30.78905,30.789055,,,,,,30.789055,,,30.789,,,,1,ADB,1,2
SLB,Solomon Islands,1988,42.322,,,,,,,,,42.322,,,,,1,IMF_WEO,,
SLB,Solomon Islands,2015,41.458,34.316773,,,,,,41.457949,,41.458,,,,,1,IMF_WEO,,
SLB,Solomon Islands,2029,32.462,,,,,,,,,,32.462002,,,,1,IMF_WEO_forecast,,
SLB,Solomon Islands,1998,15.512,,,,,,,15.512136,,15.512,,,,,1,IMF_WEO,,
SLB,Solomon Islands,1983,20.199,,,,,,,,,20.199,,,,,1,IMF_WEO,,
SLB,Solomon Islands,1987,49.718,,,,,,,,,49.718,,,,,1,IMF_WEO,,
SLB,Solomon Islands,2027,32.263,,,,,,,,,,32.263,,,,1,IMF_WEO_forecast,,
SLB,Solomon Islands,2006,19.919,,,,,,,19.919369,,19.919,,,,,1,IMF_WEO,,
SLB,Solomon Islands,1992,35.122,,,,,,,,,35.122,,,,,1,IMF_WEO,,
SLB,Solomon Islands,1980,20.897,,,,,,,,,20.897,,,,,1,IMF_WEO,,
SLB,Solomon Islands,2005,17.01,,,,,,,17.009527,,17.01,,,,,1,IMF_WEO,,
SLB,Solomon Islands,2021,31.57,31.57029,,,,,,31.570032,,31.57,,,,,1,IMF_WEO,,
SLB,Solomon Islands,2018,34.816,30.178672,,,,,,34.81603,,34.816,,,,,1,IMF_WEO,,
SLB,Solomon Islands,2024,31.581,,,,,,,,,,31.580999,,,,1,IMF_WEO_forecast,1,2
SLB,Solomon Islands,2009,24.826,22.672318,,,,,,24.826391,,24.826,,,,,1,IMF_WEO,,
SLB,Solomon Islands,2016,39.609,33.964014,,,,,,39.608542,,39.609,,,,,1,IMF_WEO,,
SLB,Solomon Islands,2013,41.784,31.741661,,,,,,41.783698,,41.784,,,,,1,IMF_WEO,,
SLB,Solomon Islands,1995,24.682,,,,,,,,,24.682,,,,,1,IMF_WEO,,
SLB,Solomon Islands,2010,23.943,22.571322,,,,,,23.943494,,23.943,,,,,1,IMF_WEO,,
SLB,Solomon Islands,2001,18.138,,,,,,,18.13841,,18.138,,,,,1,IMF_WEO,,
SLB,Solomon Islands,2028,32.352,,,,,,,,,,32.352001,,,,1,IMF_WEO_forecast,,
SLB,Solomon Islands,1997,19.303,,,,,,,19.302935,,19.303,,,,,1,IMF_WEO,,
SLB,Solomon Islands,2025,32.064,,,,,,,,,,32.063999,,,,1,IMF_WEO_forecast,,
SLB,Solomon Islands,2012,29.363,29.363221,,,,,,29.362939,,29.363,,,,,1,IMF_WEO,,
SLB,Solomon Islands,1989,44.127,,,,,,,,,44.127,,,,,1,IMF_WEO,,
SLB,Solomon Islands,2019,35.606,28.973318,,,,,,35.605943,,35.606,,,,,1,IMF_WEO,,
SLB,Solomon Islands,1990,30.037,,,,,,,,,30.037,,,,,1,IMF_WEO,,
SLB,Solomon Islands,2014,39.842,31.265122,,,,,,39.841813,,39.842,,,,,1,IMF_WEO,,
SLB,Solomon Islands,2000,18.67,,,,,,,18.670317,,18.67,,,,,1,IMF_WEO,,
SLB,Solomon Islands,2023,26.80942,26.809424,,,,,,32.220497,,,32.220001,,,,1,ADB,,
SLB,Solomon Islands,1984,27.624,,,,,,,,,27.624,,,,,1,IMF_WEO,,
SLB,Solomon Islands,2020,40.384,32.556899,,,,,,40.38426,,40.384,,,,,1,IMF_WEO,,
SLB,Solomon Islands,2008,26.953,24.252777,,,,,,26.952856,,26.953,,,,,1,IMF_WEO,,
SLB,Solomon Islands,1999,18.681,,,,,,,18.681337,,18.681,,,,,1,IMF_WEO,,
SLB,Solomon Islands,1985,30.376,,,,,,,,,30.376,,,,,1,IMF_WEO,,
SLB,Solomon Islands,2004,14.659,,,,,,,14.659101,,14.659,,,,,1,IMF_WEO,,
SLB,Solomon Islands,2007,23.704,,,,,,,23.703789,,23.704,,,,,1,IMF_WEO,,
SLB,Solomon Islands,1991,39.385,,,,,,,,,39.385,,,,,1,IMF_WEO,,
SLE,Sierra Leone,2012,13.453,,,,,,,,,13.453,,,,,1,IMF_WEO,,
SLE,Sierra Leone,2020,15.627,,,,,,,,,15.627,,,,,1,IMF_WEO,,
SLE,Sierra Leone,2010,12.489,,,,,,,,,12.489,,,,,1,IMF_WEO,,
SLE,Sierra Leone,2024,15.447,,,,,,,,,,15.447,,,,1,IMF_WEO_forecast,,
SLE,Sierra Leone,2022,19.47,,,,,,,,,19.47,,,,,1,IMF_WEO,,
SLE,Sierra Leone,2003,11.711,,,,,,,,,11.711,,,,,1,IMF_WEO,,
SLE,Sierra Leone,2015,13.065,,,,,,,,,13.065,,,,,1,IMF_WEO,,
SLE,Sierra Leone,2025,17.221,,,,,,,,,,17.221001,,,,1,IMF_WEO_forecast,,
SLE,Sierra Leone,2011,13.186,,,,,,,,,13.186,,,,,1,IMF_WEO,,
SLE,Sierra Leone,2013,11.424,,,,,,,,,11.424,,,,,1,IMF_WEO,,
SLE,Sierra Leone,2029,14.057,,,,,,,,,,14.057,,,,1,IMF_WEO_forecast,,
SLE,Sierra Leone,2002,12.577,,,,,,,,,12.577,,,,,1,IMF_WEO,,
SLE,Sierra Leone,2007,8.104,,,,,,,,,8.104,,,,,1,IMF_WEO,,
SLE,Sierra Leone,2016,14.936,,,,,,,,,14.936,,,,,1,IMF_WEO,,
SLE,Sierra Leone,2005,10.864,,,,,,,,,10.864,,,,,1,IMF_WEO,,
SLE,Sierra Leone,2008,10.338,,,,,,,,,10.338,,,,,1,IMF_WEO,,
SLE,Sierra Leone,2001,11.997,,,,,,,,,11.997,,,,,1,IMF_WEO,,
SLE,Sierra Leone,2027,15.013,,,,,,,,,,15.013,,,,1,IMF_WEO_forecast,,
SLE,Sierra Leone,2004,11.143,,,,,,,,,11.143,,,,,1,IMF_WEO,,
SLE,Sierra Leone,2006,9.971,,,,,,,,,9.971,,,,,1,IMF_WEO,,
SLE,Sierra Leone,2017,14.968,,,,,,,,,14.968,,,,,1,IMF_WEO,,
SLE,Sierra Leone,2028,14.898,,,,,,,,,,14.898,,,,1,IMF_WEO_forecast,,
SLE,Sierra Leone,2021,20.343,,,,,,,,,20.343,,,,,1,IMF_WEO,,
SLE,Sierra Leone,2014,13.548,,,,,,,,,13.548,,,,,1,IMF_WEO,,
SLE,Sierra Leone,2000,10.279,,,,,,,,,10.279,,,,,1,IMF_WEO,,
SLE,Sierra Leone,2009,11.3,,,,,,,,,11.3,,,,,1,IMF_WEO,,
SLE,Sierra Leone,2019,13.294,,,,,,,,,13.294,,,,,1,IMF_WEO,,
SLE,Sierra Leone,2023,17.655,,,,,,,,,,17.655001,,,,1,IMF_WEO_forecast,1,1
SLE,Sierra Leone,2026,15.375,,,,,,,,,,15.375,,,,1,IMF_WEO_forecast,,
SLE,Sierra Leone,2018,13.652,,,,,,,,,13.652,,,,,1,IMF_WEO,,
SLV,El Salvador,2014,27.608,,,,,,,27.608331,21.404506,27.608,,,,,1,IMF_WEO,,
SLV,El Salvador,1997,18.625,,,,,,,18.62477,,18.625,,,,,1,IMF_WEO,,
SLV,El Salvador,2026,30.528,,,,,,,,,,30.528,,,,1,IMF_WEO_forecast,,
SLV,El Salvador,2005,22.428,,,,,,,22.428422,20.732072,22.428,,,,,1,IMF_WEO,,
SLV,El Salvador,1994,18.909,,,,,,,18.908948,,18.909,,,,,1,IMF_WEO,,
SLV,El Salvador,1990,15.877,,,,,,,15.877398,,15.877,,,,,1,IMF_WEO,,
SLV,El Salvador,2020,32.7,,,,,,,32.699629,33.071441,32.7,,,,,1,IMF_WEO,,
SLV,El Salvador,1993,18.509,,,,,,,18.508583,,18.509,,,,,1,IMF_WEO,,
SLV,El Salvador,2006,23.412,,,,,,,23.412295,22.147041,23.412,,,,,1,IMF_WEO,,
SLV,El Salvador,2008,24.548,,,,,,,24.548264,23.021224,24.548,,,,,1,IMF_WEO,,
SLV,El Salvador,1999,19.65,,,,,,,19.650414,,19.65,,,,,1,IMF_WEO,,
SLV,El Salvador,1998,19.287,,,,,,,19.287498,,19.287,,,,,1,IMF_WEO,,
SLV,El Salvador,2011,25.275,,,,,,,25.275236,24.952341,25.275,,,,,1,IMF_WEO,,
SLV,El Salvador,1996,21.035,,,,,,,21.034975,,21.035,,,,,1,IMF_WEO,,
SLV,El Salvador,2009,25.958,,,,,,,25.958013,26.139639,25.958,,,,,1,IMF_WEO,,
SLV,El Salvador,1991,18.535,,,,,,,18.534596,,18.535,,,,,1,IMF_WEO,,
SLV,El Salvador,2024,30.992,,,,,,,,,,30.992001,,,,1,IMF_WEO_forecast,1,2
SLV,El Salvador,2027,30.859,,,,,,,,,,30.858999,,,,1,IMF_WEO_forecast,,
SLV,El Salvador,2012,27.383,,,,,,,27.382709,23.114724,27.383,,,,,1,IMF_WEO,,
SLV,El Salvador,2004,21.498,,,,,,,21.497592,19.925959,21.498,,,,,1,IMF_WEO,,
SLV,El Salvador,2021,31.679,,,,,,,31.678864,29.205165,31.679,,,,,1,IMF_WEO,,
SLV,El Salvador,2007,22.827,,,,,,,22.826999,20.770644,22.827,,,,,1,IMF_WEO,,
SLV,El Salvador,2002,22.509,,,,,,,22.509278,20.578481,22.509,,,,,1,IMF_WEO,,
SLV,El Salvador,2003,22.626,,,,,,,22.626417,17.670022,22.626,,,,,1,IMF_WEO,,
SLV,El Salvador,2013,28.495,,,,,,,28.494527,24.835205,28.495,,,,,1,IMF_WEO,,
SLV,El Salvador,2028,31.395,,,,,,,,,,31.395,,,,1,IMF_WEO_forecast,,
SLV,El Salvador,2018,27.263,,,,,,,27.262868,25.030312,27.263,,,,,1,IMF_WEO,,
SLV,El Salvador,2019,27.208,,,,,,,27.207934,24.692786,27.208,,,,,1,IMF_WEO,,
SLV,El Salvador,2015,27.108,,,,,,,27.107581,21.237265,27.108,,,,,1,IMF_WEO,,
SLV,El Salvador,2010,25.591,,,,,,,25.590626,24.375092,25.591,,,,,1,IMF_WEO,,
SLV,El Salvador,1995,18.564,,,,,,,18.563879,,18.564,,,,,1,IMF_WEO,,
SLV,El Salvador,2023,27.62496,,,,,,,30.835596,27.624964,,30.836,,,,1,IMF_GFS,1,2
SLV,El Salvador,2016,27.462,,,,,,,27.461637,23.292619,27.462,,,,,1,IMF_WEO,,
SLV,El Salvador,2000,20.963,,,,,,,20.962789,,20.963,,,,,1,IMF_WEO,,
SLV,El Salvador,2017,27.763,,,,,,,27.76347,25.18836,27.763,,,,,1,IMF_WEO,,
SLV,El Salvador,2001,21.675,,,,,,,21.675339,,21.675,,,,,1,IMF_WEO,,
SLV,El Salvador,2025,30.738,,,,,,,,,,30.738001,,,,1,IMF_WEO_forecast,,
SLV,El Salvador,2022,28.841,,,,,,,28.841268,27.700216,28.841,,,,,1,IMF_WEO,,
SLV,El Salvador,1992,20.752,,,,,,,20.752056,,20.752,,,,,1,IMF_WEO,,
SLV,El Salvador,2029,31.167,,,,,,,,,,31.167,,,,1,IMF_WEO_forecast,,
SMR,San Marino,2026,21.141,,,,,,,,,,21.141001,,,,1,IMF_WEO_forecast,,
SMR,San Marino,2016,23.436,,,,,,,,44.987717,23.436,,,,,1,IMF_WEO,,
SMR,San Marino,2011,25.376,,,,,,,,41.793462,25.376,,,,,1,IMF_WEO,,
SMR,San Marino,2015,26.293,,,,,,,,45.237765,26.293,,,,,1,IMF_WEO,,
SMR,San Marino,2009,24.837,,,,,,,,36.07987,24.837,,,,,1,IMF_WEO,,
SMR,San Marino,2005,19.33,,,,,,,,30.150832,19.33,,,,,1,IMF_WEO,,
SMR,San Marino,2014,23.732,,,,,,,,45.640795,23.732,,,,,1,IMF_WEO,,
SMR,San Marino,2003,31.49592,,,,,,,,31.495918,,,,,,1,IMF_GFS,1,3
SMR,San Marino,2023,41.30038,,,,,,,,41.300376,,22.35,,,,1,IMF_GFS,,
SMR,San Marino,2007,20.653,,,,,,,,30.441375,20.653,,,,,1,IMF_WEO,,
SMR,San Marino,2020,59.178,,,,,,,,47.440337,59.178,,,,,1,IMF_WEO,,
SMR,San Marino,2013,30.16,,,,,,,,46.044723,30.16,,,,,1,IMF_WEO,,
SMR,San Marino,2004,18.975,,,,,,,,33.274024,18.975,,,,,1,IMF_WEO,,
SMR,San Marino,2024,21.824,,,,,,,,,,21.823999,,,,1,IMF_WEO_forecast,1,3
SMR,San Marino,2025,21.366,,,,,,,,,,21.365999,,,,1,IMF_WEO_forecast,,
SMR,San Marino,2022,44.64064,,,,,,,,44.640643,,21.663,,,,1,IMF_GFS,1,3
SMR,San Marino,2010,24.363,,,,,,,,37.289509,24.363,,,,,1,IMF_WEO,,
SMR,San Marino,2017,25.566,,,,,,,,43.295389,25.566,,,,,1,IMF_WEO,,
SMR,San Marino,2002,35.96911,,,,,,,,35.969112,,,,,,1,IMF_GFS,,
SMR,San Marino,2008,22.032,,,,,,,,30.713161,22.032,,,,,1,IMF_WEO,,
SMR,San Marino,2019,22.449,,,,,,,,44.154828,22.449,,,,,1,IMF_WEO,,
SMR,San Marino,2028,20.23,,,,,,,,,,20.23,,,,1,IMF_WEO_forecast,,
SMR,San Marino,2006,19.655,,,,,,,,29.300423,19.655,,,,,1,IMF_WEO,,
SMR,San Marino,2029,20.167,,,,,,,,,,20.167,,,,1,IMF_WEO_forecast,,
SMR,San Marino,2027,20.975,,,,,,,,,,20.975,,,,1,IMF_WEO_forecast,,
SMR,San Marino,2021,37.088,,,,,,,,44.07405,37.088,,,,,1,IMF_WEO,,
SMR,San Marino,2012,30.576,,,,,,,,44.645004,30.576,,,,,1,IMF_WEO,,
SMR,San Marino,2018,24.507,,,,,,,,44.365787,24.507,,,,,1,IMF_WEO,,
SOM,Somalia,2015,1.822,,,,,,,,,1.822,,,,,1,IMF_WEO,,
SOM,Somalia,2029,6.585,,,,,,,,,,6.585,,,,1,IMF_WEO_forecast,,
SOM,Somalia,2017,2.88,,,,,,,,3.9238238,2.88,,,,,1,IMF_WEO,,
SOM,Somalia,2026,6.722,,,,,,,,,,6.7220001,,,,1,IMF_WEO_forecast,,
SOM,Somalia,2020,5.473,,,,,,,,6.4851223,5.473,,,,,1,IMF_WEO,,
SOM,Somalia,2023,8.289919,,,,,,,,8.2899191,,6.7059999,,,,1,IMF_GFS,1,2
SOM,Somalia,2013,2.001,,,,,,,,,2.001,,,,,1,IMF_WEO,,
SOM,Somalia,2018,3.401,,,,,,,,4.3906393,3.401,,,,,1,IMF_WEO,,
SOM,Somalia,2024,7.352,,,,,,,,,,7.3520002,,,,1,IMF_WEO_forecast,1,2
SOM,Somalia,2021,4.852,,,,,,,,5.8556397,4.852,,,,,1,IMF_WEO,,
SOM,Somalia,2027,6.456,,,,,,,,,,6.4559999,,,,1,IMF_WEO_forecast,,
SOM,Somalia,2014,2.31,,,,,,,,,2.31,,,,,1,IMF_WEO,,
SOM,Somalia,2025,7.014,,,,,,,,,,7.0139999,,,,1,IMF_WEO_forecast,,
SOM,Somalia,2019,3.633,,,,,,,,4.8376644,3.633,,,,,1,IMF_WEO,,
SOM,Somalia,2028,6.419,,,,,,,,,,6.4190001,,,,1,IMF_WEO_forecast,,
SOM,Somalia,2016,1.854,,,,,,,,,1.854,,,,,1,IMF_WEO,,
SOM,Somalia,2022,7.052,,,,,,,,7.8913175,7.052,,,,,1,IMF_WEO,,
SRB,Serbia,2001,32.001,,,,,,,,,32.001,,,,,1,IMF_WEO,,
SRB,Serbia,2023,43.925,,,,,,,,,,43.924999,,,,1,IMF_WEO_forecast,1,1
SRB,Serbia,2026,45.81,,,,,,,,,,45.810001,,,,1,IMF_WEO_forecast,,
SRB,Serbia,2002,40.386,,,,,,,,,40.386,,,,,1,IMF_WEO,,
SRB,Serbia,2010,42.857,,,,,,,,40.293541,42.857,,,,,1,IMF_WEO,,
SRB,Serbia,2007,42.197,,,,,,,,38.139204,42.197,,,,,1,IMF_WEO,,
SRB,Serbia,2014,44.808,,,,,,,,47.877655,44.808,,,,,1,IMF_WEO,,
SRB,Serbia,2025,46.192,,,,,,,,,,46.192001,,,,1,IMF_WEO_forecast,,
SRB,Serbia,2008,45.375,,,,,,,,39.202474,45.375,,,,,1,IMF_WEO,,
SRB,Serbia,2004,38.826,,,,,,,,,38.826,,,,,1,IMF_WEO,,
SRB,Serbia,2017,40.082,,,,,,,,42.466161,40.082,,,,,1,IMF_WEO,,
SRB,Serbia,2000,29.834,,,,,,,,,29.834,,,,,1,IMF_WEO,,
SRB,Serbia,2012,45.131,,,,,,,,41.012238,45.131,,,,,1,IMF_WEO,,
SRB,Serbia,2021,46.547,,,,,,,,44.230186,46.547,,,,,1,IMF_WEO,,
SRB,Serbia,2028,45.559,,,,,,,,,,45.558998,,,,1,IMF_WEO_forecast,,
SRB,Serbia,2020,48.206,,,,,,,,49.180837,48.206,,,,,1,IMF_WEO,,
SRB,Serbia,2018,40.688,,,,,,,,42.331536,40.688,,,,,1,IMF_WEO,,
SRB,Serbia,2029,45.524,,,,,,,,,,45.523998,,,,1,IMF_WEO_forecast,,
SRB,Serbia,2005,39.816,,,,,,,,,39.816,,,,,1,IMF_WEO,,
SRB,Serbia,2011,41.636,,,,,,,,39.102996,41.636,,,,,1,IMF_WEO,,
SRB,Serbia,2027,45.758,,,,,,,,,,45.757999,,,,1,IMF_WEO_forecast,,
SRB,Serbia,2019,42.029,,,,,,,,43.282603,42.029,,,,,1,IMF_WEO,,
SRB,Serbia,2003,39.489,,,,,,,,,39.489,,,,,1,IMF_WEO,,
SRB,Serbia,2015,42.657,,,,,,,,46.43241,42.657,,,,,1,IMF_WEO,,
SRB,Serbia,2006,42.358,,,,,,,,,42.358,,,,,1,IMF_WEO,,
SRB,Serbia,2024,46.388,,,,,,,,,,46.388,,,,1,IMF_WEO_forecast,,
SRB,Serbia,2016,41.812,,,,,,,,44.506324,41.812,,,,,1,IMF_WEO,,
SRB,Serbia,2013,42.311,,,,,,,,46.242429,42.311,,,,,1,IMF_WEO,,
SRB,Serbia,2022,43.484,,,,,,,,41.102214,43.484,,,,,1,IMF_WEO,,
SRB,Serbia,2009,42.777,,,,,,,,39.539005,42.777,,,,,1,IMF_WEO,,
SSD,South Sudan,2027,24.867,,,,,,,,,,24.867001,,,,1,IMF_WEO_forecast,,
SSD,South Sudan,2019,47.926,,,,,,,,,47.926,,,,,1,IMF_WEO,,
SSD,South Sudan,2028,24.353,,,,,,,,,,24.353001,,,,1,IMF_WEO_forecast,,
SSD,South Sudan,2022,27.555,,,,,,,,,27.555,,,,,1,IMF_WEO,,
SSD,South Sudan,2013,25.336,,,,,,,,,25.336,,,,,1,IMF_WEO,,
SSD,South Sudan,2012,31.618,,,,,,,,,31.618,,,,,1,IMF_WEO,,
SSD,South Sudan,2020,34.1,,,,,,,,,34.1,,,,,1,IMF_WEO,,
SSD,South Sudan,2029,23.323,,,,,,,,,,23.323,,,,1,IMF_WEO_forecast,,
SSD,South Sudan,2014,36.217,,,,,,,,,36.217,,,,,1,IMF_WEO,,
SSD,South Sudan,2015,33.159,,,,,,,,,33.159,,,,,1,IMF_WEO,,
SSD,South Sudan,2023,23.778,,,,,,,,,,23.778,,,,1,IMF_WEO_forecast,1,1
SSD,South Sudan,2024,23.844,,,,,,,,,,23.844,,,,1,IMF_WEO_forecast,,
SSD,South Sudan,2011,20.847,,,,,,,,,20.847,,,,,1,IMF_WEO,,
SSD,South Sudan,2025,25.752,,,,,,,,,,25.752001,,,,1,IMF_WEO_forecast,,
SSD,South Sudan,2018,48.593,,,,,,,,,48.593,,,,,1,IMF_WEO,,
SSD,South Sudan,2021,44.114,,,,,,,,,44.114,,,,,1,IMF_WEO,,
SSD,South Sudan,2017,63.96,,,,,,,,,63.96,,,,,1,IMF_WEO,,
SSD,South Sudan,2016,53.817,,,,,,,,,53.817,,,,,1,IMF_WEO,,
SSD,South Sudan,2026,25.54,,,,,,,,,,25.540001,,,,1,IMF_WEO_forecast,,
STP,Sao Tome and Principe,2027,20.412,,,,,,,,,,20.412001,,,,1,IMF_WEO_forecast,,
STP,Sao Tome and Principe,2020,23.181,,,,,,,,,23.181,,,,,1,IMF_WEO,,
STP,Sao Tome and Principe,2018,27.961,,,,,,,,,27.961,,,,,1,IMF_WEO,,
STP,Sao Tome and Principe,2006,32.466,,,,,,,,,32.466,,,,,1,IMF_WEO,,
STP,Sao Tome and Principe,2003,51.864,,,,,,,,,51.864,,,,,1,IMF_WEO,,
STP,Sao Tome and Principe,2010,51.69,,,,,,,,,51.69,,,,,1,IMF_WEO,,
STP,Sao Tome and Principe,2005,43.666,,,,,,,,,43.666,,,,,1,IMF_WEO,,
STP,Sao Tome and Principe,2013,35.509,,,,,,,,,35.509,,,,,1,IMF_WEO,,
STP,Sao Tome and Principe,2002,44.265,,,,,,,,,44.265,,,,,1,IMF_WEO,,
STP,Sao Tome and Principe,2008,30.447,,,,,,,,,30.447,,,,,1,IMF_WEO,,
STP,Sao Tome and Principe,2028,20.522,,,,,,,,,,20.521999,,,,1,IMF_WEO_forecast,,
STP,Sao Tome and Principe,2011,53.36,,,,,,,,,53.36,,,,,1,IMF_WEO,,
STP,Sao Tome and Principe,2024,21.851,,,,,,,,,,21.851,,,,1,IMF_WEO_forecast,,
STP,Sao Tome and Principe,2025,21.401,,,,,,,,,,21.400999,,,,1,IMF_WEO_forecast,,
STP,Sao Tome and Principe,2019,22.832,,,,,,,,,22.832,,,,,1,IMF_WEO,,
STP,Sao Tome and Principe,2023,21.06,,,,,,,,,,21.059999,,,,1,IMF_WEO_forecast,1,1
STP,Sao Tome and Principe,2016,38.296,,,,,,,,,38.296,,,,,1,IMF_WEO,,
STP,Sao Tome and Principe,2022,27.705,,,,,,,,,27.705,,,,,1,IMF_WEO,,
STP,Sao Tome and Principe,2017,31.93,,,,,,,,,31.93,,,,,1,IMF_WEO,,
STP,Sao Tome and Principe,2021,25.633,,,,,,,,,25.633,,,,,1,IMF_WEO,,
STP,Sao Tome and Principe,2015,41.585,,,,,,,,,41.585,,,,,1,IMF_WEO,,
STP,Sao Tome and Principe,2014,35.968,,,,,,,,,35.968,,,,,1,IMF_WEO,,
STP,Sao Tome and Principe,2029,20.32,,,,,,,,,,20.32,,,,1,IMF_WEO_forecast,,
STP,Sao Tome and Principe,2012,50.5,,,,,,,,,50.5,,,,,1,IMF_WEO,,
STP,Sao Tome and Principe,2007,38.919,,,,,,,,,38.919,,,,,1,IMF_WEO,,
STP,Sao Tome and Principe,2009,48.612,,,,,,,,,48.612,,,,,1,IMF_WEO,,
STP,Sao Tome and Principe,2001,52.799,,,,,,,,,52.799,,,,,1,IMF_WEO,,
STP,Sao Tome and Principe,2000,10.737,,,,,,,,,10.737,,,,,1,IMF_WEO,,
STP,Sao Tome and Principe,2026,20.448,,,,,,,,,,20.448,,,,1,IMF_WEO_forecast,,
STP,Sao Tome and Principe,2004,60.638,,,,,,,,,60.638,,,,,1,IMF_WEO,,
SUR,Suriname,1995,20.244,,,,,,,20.244005,,20.244,,,,,1,IMF_WEO,,
SUR,Suriname,2011,21.049,,,,,,,21.048812,,21.049,,,,,1,IMF_WEO,,
SUR,Suriname,2018,26.152,,,,,,,26.151781,,26.152,,,,,1,IMF_WEO,,
SUR,Suriname,2010,21.027,,,,,,,21.026825,,21.027,,,,,1,IMF_WEO,,
SUR,Suriname,1991,26.641,,,,,,,26.64137,,26.641,,,,,1,IMF_WEO,,
SUR,Suriname,2014,27.199,,,,,,,27.198636,,27.199,,,,,1,IMF_WEO,,
SUR,Suriname,2021,32.051,,,,,,,32.050523,,32.051,,,,,1,IMF_WEO,,
SUR,Suriname,1992,24.429,,,,,,,24.42856,,24.429,,,,,1,IMF_WEO,,
SUR,Suriname,2006,22.209,,,,,,,22.208745,,22.209,,,,,1,IMF_WEO,,
SUR,Suriname,2008,20.499,,,,,,,20.499418,,20.499,,,,,1,IMF_WEO,,
SUR,Suriname,2026,25.333,,,,,,,,,,25.333,,,,1,IMF_WEO_forecast,,
SUR,Suriname,1999,19.613,,,,,,,19.613414,,19.613,,,,,1,IMF_WEO,,
SUR,Suriname,1993,21.152,,,,,,,21.152227,,21.152,,,,,1,IMF_WEO,,
SUR,Suriname,1996,21.39,,,,,,,21.390118,,21.39,,,,,1,IMF_WEO,,
SUR,Suriname,2013,26.871,,,,,,,26.870715,,26.871,,,,,1,IMF_WEO,,
SUR,Suriname,2012,26.652,,,,,,,26.651653,,26.652,,,,,1,IMF_WEO,,
SUR,Suriname,2023,26.72704,,,,,,,26.727044,,,26.726999,,,,1,IMF_FPP,,
SUR,Suriname,2009,24.021,,,,,,,24.021346,,24.021,,,,,1,IMF_WEO,,
SUR,Suriname,2025,25.339,,,,,,,,,,25.339001,,,,1,IMF_WEO_forecast,,
SUR,Suriname,2004,20.813,,,,,,,20.812807,,20.813,,,,,1,IMF_WEO,,
SUR,Suriname,2028,25.218,,,,,,,,,,25.218,,,,1,IMF_WEO_forecast,,
SUR,Suriname,1994,19.758,,,,,,,19.75799,,19.758,,,,,1,IMF_WEO,,
SUR,Suriname,1990,22.672,,,,,,,22.671727,,22.672,,,,,1,IMF_WEO,,
SUR,Suriname,1998,30.345,,,,,,,30.345054,,30.345,,,,,1,IMF_WEO,,
SUR,Suriname,2001,21.838,,,,,,,21.837551,,21.838,,,,,1,IMF_WEO,,
SUR,Suriname,2019,40.502,,,,,,,40.502319,,40.502,,,,,1,IMF_WEO,,
SUR,Suriname,2022,29.53702,,,,,,,29.537022,,,29.537001,,,,1,IMF_FPP,1,2
SUR,Suriname,2024,26.648,,,,,,,,,,26.648001,,,,1,IMF_WEO_forecast,1,2
SUR,Suriname,2003,19.177,,,,,,,19.177031,,19.177,,,,,1,IMF_WEO,,
SUR,Suriname,2007,22.582,,,,,,,22.581932,,22.582,,,,,1,IMF_WEO,,
SUR,Suriname,2020,30.204,,,,,,,30.203652,,30.204,,,,,1,IMF_WEO,,
SUR,Suriname,2000,24.362,,,,,,,24.362342,,24.362,,,,,1,IMF_WEO,,
SUR,Suriname,2016,27.063,,,,,,,27.062876,,27.063,,,,,1,IMF_WEO,,
SUR,Suriname,2005,22.205,,,,,,,22.205455,,22.205,,,,,1,IMF_WEO,,
SUR,Suriname,2017,27.199,,,,,,,27.19899,,27.199,,,,,1,IMF_WEO,,
SUR,Suriname,1997,21.11,,,,,,,21.110129,,21.11,,,,,1,IMF_WEO,,
SUR,Suriname,2015,29.144,,,,,,,29.144179,,29.144,,,,,1,IMF_WEO,,
SUR,Suriname,2027,25.358,,,,,,,,,,25.358,,,,1,IMF_WEO_forecast,,
SUR,Suriname,2002,22.199,,,,,,,22.198725,,22.199,,,,,1,IMF_WEO,,
SUR,Suriname,2029,25.063,,,,,,,,,,25.063,,,,1,IMF_WEO_forecast,,
SVK,Slovakia,1998,46.2,,46.19042,,,46.2,,45.850804,47.611129,45.851,,46.190565,,,1,EUS,,
SVK,Slovakia,2009,43.2,,43.23586,,,43.2,,44.407711,42.410462,44.408,,43.235717,,,1,EUS,,
SVK,Slovakia,2018,39.7,,39.65009,,,39.7,,39.669562,38.969888,39.67,,39.649917,,,1,EUS,,
SVK,Slovakia,2021,44.8,,44.84241,,,44.8,,45.348124,45.262579,45.348,,44.887205,,,1,EUS,,
SVK,Slovakia,2015,44.1,,44.12646,,,44.1,,45.563431,40.567011,45.563,,44.126436,,,1,EUS,,
SVK,Slovakia,2020,44.5,,44.49971,,,44.5,,44.735237,44.350489,44.735,,44.499831,,,1,EUS,,
SVK,Slovakia,2014,42,,41.97307,,,42,,43.256857,40.726915,43.257,,41.973008,,,1,EUS,,
SVK,Slovakia,2006,38.2,,38.18159,,,38.2,,38.820718,37.961151,38.821,,38.181826,,,1,EUS,,
SVK,Slovakia,2005,39.1,,39.13513,,,39.1,,39.726101,38.950737,39.726,,39.135056,,,1,EUS,,
SVK,Slovakia,1997,48.6,,48.55656,,,48.6,,48.709939,48.651557,48.71,,48.556758,,,1,EUS,,
SVK,Slovakia,2000,53.2,,53.23887,,,53.2,,52.772496,54.644563,52.772,,53.238467,,,1,EUS,,
SVK,Slovakia,2017,39.8,,39.78365,,,39.8,,39.494956,39.700326,39.495,,39.783607,,,1,EUS,,
SVK,Slovakia,2007,35.9,,35.92603,,,35.9,,36.38062,35.860497,36.381,,35.925692,,,1,EUS,,
SVK,Slovakia,2010,41,,41.04783,,,41,,42.140188,40.264166,42.14,,41.047789,,,1,EUS,,
SVK,Slovakia,2016,40.9,,40.89929,,,40.9,,42.545764,40.581785,42.546,,40.899236,,,1,EUS,,
SVK,Slovakia,1999,48.4,,48.40582,,,48.4,,47.965799,50.580334,47.966,,48.405795,,,1,EUS,,
SVK,Slovakia,2028,45.004,,,,,,,,,,45.004002,,,,1,IMF_WEO_forecast,1,3
SVK,Slovakia,2019,40.6,,40.64879,,,40.6,,40.520938,40.038744,40.521,,40.648781,,,1,EUS,,
SVK,Slovakia,2026,48.85476,,48.93483,,,,,,,,45.603001,48.854754,,,1,OECD_EO,,
SVK,Slovakia,2008,36.5,,36.48473,,,36.5,,36.994336,36.228148,36.994,,36.485012,,,1,EUS,,
SVK,Slovakia,1996,52.8,,52.84991,,,52.8,,53.270578,55.364552,53.271,,52.849109,,,1,EUS,,
SVK,Slovakia,2029,45.002,,,,,,,,,,45.001999,,,,1,IMF_WEO_forecast,,
SVK,Slovakia,2002,46,,45.99406,,,46,,45.447166,46.105608,45.447,,45.994274,,,1,EUS,,
SVK,Slovakia,2013,41.1,,41.10043,,,41.1,,42.474306,40.823519,42.474,,41.100351,,,1,EUS,,
SVK,Slovakia,1995,47.8,,47.84149,,,47.8,,48.367547,50.513659,48.368,,47.841696,,,1,EUS,,
SVK,Slovakia,2012,40,,40.04014,,,40,,41.108933,39.85931,41.109,,40.039954,,,1,EUS,,
SVK,Slovakia,2011,40.8,,40.78434,,,40.8,,41.354558,39.794264,41.355,,40.784295,,,1,EUS,,
SVK,Slovakia,2003,40,,40.04983,,,40,,40.379465,41.409185,40.379,,40.04983,,,1,EUS,,
SVK,Slovakia,2004,38.4,,38.40681,,,38.4,,37.91984,39.120714,37.92,,38.406836,,,1,EUS,,
SVK,Slovakia,2022,43.1,,43.08181,,,43.1,,42.355954,42.934788,42.356,,42.994928,,,1,EUS,,
SVK,Slovakia,2024,47.5,,47.46758,,,47.5,,,,,46.820999,49.151614,,,1,EUS,,
SVK,Slovakia,2001,46.2,,46.23878,,,46.2,,45.306776,46.810912,45.307,,46.238511,,,1,EUS,,
SVK,Slovakia,2025,48.80685,,49.09879,,,,,,,,46.515999,48.806847,,,1,OECD_EO,1,3
SVK,Slovakia,2023,48.2,,48.24055,,,48.2,,47.920614,47.317386,,47.921001,48.464237,,,1,EUS,,
SVK,Slovakia,2027,48.21784,,48.21784,,,,,,,,44.889999,,,,1,AMECO,1,3
SVN,Slovenia,2017,44.6,,44.61069,,,44.6,,44.61062,44.12359,44.611,,44.610714,,,1,EUS,,
SVN,Slovenia,2001,49.2,,49.16084,,,49.2,,49.160362,47.192978,49.16,,49.160828,,,1,EUS,,
SVN,Slovenia,2027,48.69074,,48.69074,,,,,,,,45.902,,,,1,AMECO,1,4
SVN,Slovenia,2006,45.7,,45.7054,,,45.7,,45.705302,43.626055,45.705,,45.705403,,,1,EUS,,
SVN,Slovenia,2026,46.94241,,48.92867,,,,,,,,46.345001,46.94241,,,1,OECD_EO,,
SVN,Slovenia,2023,46.5,,46.5485,,,46.5,,46.478252,44.004067,,46.478001,46.478302,,,1,EUS,,
SVN,Slovenia,2021,49.9,,49.88363,,,49.9,,49.893123,47.88026,49.893,,49.892983,,,1,EUS,,
SVN,Slovenia,2013,57.7,,57.72546,,,57.7,,57.725165,55.96211,57.725,,57.72544,,,1,EUS,,
SVN,Slovenia,2020,51.8,,51.79744,,,51.8,,51.797333,50.281071,51.797,,51.797419,,,1,EUS,,
SVN,Slovenia,1992,26.25845,,,,,,,,26.258451,,,,,,1,IMF_GFS,,
SVN,Slovenia,2005,46.7,,46.65157,,,46.7,,46.651698,45.16084,46.652,,46.651571,,,1,EUS,,
SVN,Slovenia,2024,46.5,,46.47718,,,46.5,,,,,47.752998,46.976318,,,1,EUS,,
SVN,Slovenia,2018,44.1,,44.05872,,,44.1,,44.058607,42.817722,44.059,,44.058704,,,1,EUS,,
SVN,Slovenia,2000,47.8,,47.81037,,,47.8,,47.81042,46.234584,47.81,,47.810422,,,1,EUS,,
SVN,Slovenia,2015,49.5,,49.4945,,,49.5,,49.494595,47.550838,49.495,,49.494529,,,1,EUS,,
SVN,Slovenia,1997,45.4,,45.38534,,,45.4,,45.407656,43.850562,45.408,,45.385406,,,1,EUS,,
SVN,Slovenia,2007,43.5,,43.48722,,,43.5,,43.487258,40.91021,43.487,,43.487218,,,1,EUS,,
SVN,Slovenia,2016,46.9,,46.90924,,,46.9,,46.90927,46.388479,46.909,,46.909247,,,1,EUS,,
SVN,Slovenia,2011,51.4,,51.41069,,,51.4,,51.410737,49.852116,51.411,,51.410691,,,1,EUS,,
SVN,Slovenia,1995,53,,52.96069,,,53,,53.016163,51.183057,53.016,,52.960605,,,1,EUS,,
SVN,Slovenia,2014,50.6,,50.55551,,,50.6,,50.555796,48.17695,50.556,,50.55548,,,1,EUS,,
SVN,Slovenia,2029,45.772,,,,,,,,,,45.771999,,,,1,IMF_WEO_forecast,,
SVN,Slovenia,1994,35.10093,,,,,,,,35.10093,,,,,,1,IMF_GFS,1,4
SVN,Slovenia,2002,47.8,,47.79103,,,47.8,,47.790964,46.114108,47.791,,47.790988,,,1,EUS,,
SVN,Slovenia,2019,43.8,,43.78234,,,43.8,,43.782459,42.347708,43.782,,43.782335,,,1,EUS,,
SVN,Slovenia,2022,47.7,,47.67172,,,47.7,,47.65502,44.942677,47.655,,47.654905,,,1,EUS,,
SVN,Slovenia,2028,45.883,,,,,,,,,,45.882999,,,,1,IMF_WEO_forecast,1,4
SVN,Slovenia,2010,50.7,,50.72342,,,50.7,,50.723424,48.309583,50.723,,50.723371,,,1,EUS,,
SVN,Slovenia,2012,50,,50.00654,,,50,,50.006957,48.731252,50.007,,50.00657,,,1,EUS,,
SVN,Slovenia,2025,47.36683,,48.42704,,,,,,,,46.993,47.366834,,,1,OECD_EO,1,4
SVN,Slovenia,2003,47.6,,47.57766,,,47.6,,47.577858,45.801094,47.578,,47.577656,,,1,EUS,,
SVN,Slovenia,2004,46.9,,46.91469,,,46.9,,46.914215,45.008902,46.914,,46.914758,,,1,EUS,,
SVN,Slovenia,1996,45.1,,45.14058,,,45.1,,45.181475,43.389694,45.181,,45.140493,,,1,EUS,,
SVN,Slovenia,2008,45.2,,45.17855,,,45.2,,45.178461,42.337178,45.178,,45.17849,,,1,EUS,,
SVN,Slovenia,1998,46.4,,46.35581,,,46.4,,46.357532,44.725368,46.358,,46.355755,,,1,EUS,,
SVN,Slovenia,2009,50,,49.99976,,,50,,49.99986,47.115503,50,,49.999792,,,1,EUS,,
SVN,Slovenia,1999,47.2,,47.18652,,,47.2,,47.18649,45.193966,47.186,,47.186512,,,1,EUS,,
SVN,Slovenia,1993,31.71055,,,,,,,,31.71055,,,,,,1,IMF_GFS,,
SWE,Sweden,1821,8.482715,,,,,,,6.3223777,,,,,,,1.341697,IMF_FPP,,
SWE,Sweden,1932,15.06574,,,,,,20.704607,11.228869,,,,,,,1.341697,IMF_FPP,,
SWE,Sweden,1982,59.77466,,,,,,,46.357281,52.305814,64.24,,59.774663,,,1,OECD_EO,,
SWE,Sweden,1999,56.15529,,56.08323,,,56.1,,56,54.329122,55.154,,56.155288,,,1,OECD_EO,,
SWE,Sweden,1878,11.08089,,,,,,,8.2588596,,,,,,,1.341697,IMF_FPP,,
SWE,Sweden,1952,25.73195,,,,,,27.297973,19.178659,,,,,,,1.341697,IMF_FPP,,
SWE,Sweden,1844,6.639492,,,,,,,4.9485784,,,,,,,1.341697,IMF_FPP,,
SWE,Sweden,2023,49.4387,,50.01134,,,50,,47.486173,46.804787,,47.486,49.438702,,,1,OECD_EO,,
SWE,Sweden,1842,7.587264,,,,,,,5.6549764,,,,,,,1.341697,IMF_FPP,,
SWE,Sweden,1837,8.953154,,,,,,,6.6730075,,,,,,,1.341697,IMF_FPP,,
SWE,Sweden,1853,6.643107,,,,,,,4.951273,,,,,,,1.341697,IMF_FPP,,
SWE,Sweden,1829,5.464786,,,,,,,4.073041,,,,,,,1.341697,IMF_FPP,,
SWE,Sweden,1933,18.30616,,,,,,,13.644035,,,,,,,1.341697,IMF_FPP,,
SWE,Sweden,1833,7.91031,,,,,,,5.8957505,,,,,,,1.341697,IMF_FPP,,
SWE,Sweden,1985,59.63512,,,,,,,47.594482,,62.23,,59.635123,,,1,OECD_EO,,
SWE,Sweden,1978,53.69485,,,,,,,39.100689,46.892943,,,53.694846,,,1,OECD_EO,,
SWE,Sweden,1804,10.93163,,,,,,,8.1476192,,,,,,,1.341697,IMF_FPP,,
SWE,Sweden,2027,50.96077,,49.58822,,,,,,,,46.821999,,,,1.027679,AMECO,1,3
SWE,Sweden,2001,52.54938,,52.61472,,,52.6,,52.5,51.081544,51.654,,52.54938,,,1,OECD_EO,,
SWE,Sweden,1910,11.38393,,,,,,,8.4847269,,,,,,,1.341697,IMF_FPP,,
SWE,Sweden,1955,28.44556,,,,,,,21.20118,,,,,,,1.341697,IMF_FPP,,
SWE,Sweden,1911,11.16532,,,,,,,8.3217916,,,,,,,1.341697,IMF_FPP,,
SWE,Sweden,2013,52.39531,,52.45303,,,52.5,,50.858635,50.212983,50.859,,52.395309,,,1,OECD_EO,,
SWE,Sweden,1987,56.04127,,,,,,,40.916187,50.604069,58.192,,56.04127,,,1,OECD_EO,,
SWE,Sweden,1832,7.991879,,,,,,,5.9565458,,,,,,,1.341697,IMF_FPP,,
SWE,Sweden,2011,50.26698,,50.21055,,,50.2,,49.028931,47.994229,49.029,,50.266977,,,1,OECD_EO,,
SWE,Sweden,1867,7.910277,,,,,,,5.8957257,,,,,,,1.341697,IMF_FPP,,
SWE,Sweden,1843,7.136625,,,,,,,5.3191037,,,,,,,1.341697,IMF_FPP,,
SWE,Sweden,2006,51.15843,,51.14802,,,51.1,,51.1,49.409947,50.192,,51.158426,,,1,OECD_EO,,
SWE,Sweden,1846,7.214336,,,,,,,5.3770242,,,,,,,1.341697,IMF_FPP,,
SWE,Sweden,2000,53.10949,,53.11546,,,53.1,,53.1,51.805554,52.195,,53.109484,,,1,OECD_EO,,
SWE,Sweden,1905,11.47378,,,,,,,8.5516958,,,,,,,1.341697,IMF_FPP,,
SWE,Sweden,2019,49.65759,,49.84616,,,49.8,,48.286412,46.927918,48.286,,49.657594,,,1,OECD_EO,,
SWE,Sweden,1888,9.695703,,,,,,,7.2264481,,,,,,,1.341697,IMF_FPP,,
SWE,Sweden,1835,7.692995,,,,,,,5.7337804,,,,,,,1.341697,IMF_FPP,,
SWE,Sweden,1830,9.17166,,,,,,,6.8358665,,,,,,,1.341697,IMF_FPP,,
SWE,Sweden,1935,16.23892,,,,,,,12.103271,,,,,,,1.341697,IMF_FPP,,
SWE,Sweden,1961,32.66428,,,,,,,23.701984,,,,32.664285,,,1,OECD_EO,,
SWE,Sweden,1930,11.70683,,,,,,16.686461,8.7253876,,,,,,,1.341697,IMF_FPP,,
SWE,Sweden,2009,52.7566,,52.79244,,,52.8,,52.4,50.847961,51.623,,52.756597,,,1,OECD_EO,,
SWE,Sweden,2008,50.47599,,50.44381,,,50.4,,50,48.508751,49.321,,50.47599,,,1,OECD_EO,,
SWE,Sweden,1826,8.04294,,,,,,,5.9946032,,,,,,,1.341697,IMF_FPP,,
SWE,Sweden,1809,16.86926,,,,,,,12.573077,,,,,,,1.341697,IMF_FPP,,
SWE,Sweden,1903,10.66166,,,,,,,7.9463964,,,,,,,1.341697,IMF_FPP,,
SWE,Sweden,1942,35.35598,,,,,,33.667109,26.351688,,,,,,,1.341697,IMF_FPP,,
SWE,Sweden,2028,50.82038,,,,,,,,,,46.693001,,,,1.088394,IMF_WEO_forecast,1,3
SWE,Sweden,1890,9.182756,,,,,,,6.8441362,,,,,,,1.341697,IMF_FPP,,
SWE,Sweden,1929,11.66028,,,,,,,8.6906977,,,,,,,1.341697,IMF_FPP,,
SWE,Sweden,2016,50.492,,50.53161,,,50.5,,48.911721,48.218538,48.912,,50.491998,,,1,OECD_EO,,
SWE,Sweden,1922,15.49864,,,,,,19.371211,11.551524,,,,,,,1.341697,IMF_FPP,,
SWE,Sweden,1879,10.26793,,,,,,,7.6529412,,,,,,,1.341697,IMF_FPP,,
SWE,Sweden,1856,6.553403,,,,,,,4.8844142,,,,,,,1.341697,IMF_FPP,,
SWE,Sweden,1956,28.92001,,,,,,30.444998,21.554798,,,,,,,1.341697,IMF_FPP,,
SWE,Sweden,1968,41.56717,,,,,,47.244569,28.343029,,,,41.567164,,,1,OECD_EO,,
SWE,Sweden,1994,65.99062,,67.15714,,,,,67.1,56.331864,65.199,,65.990616,,,1,OECD_EO,,
SWE,Sweden,1906,10.44569,,,,,,,7.7854357,,,,,,,1.341697,IMF_FPP,,
SWE,Sweden,1901,10.67328,,,,,,,7.9550643,,,,,,,1.341697,IMF_FPP,,
SWE,Sweden,2029,50.78446,,,,,,,,,,46.66,,,,1.088394,IMF_WEO_forecast,,
SWE,Sweden,1996,60.98805,,60.9892,,,61,,61,59.073169,59.982,,60.988054,,,1,OECD_EO,,
SWE,Sweden,1991,58.6386,,,,,,,40.978836,53.338588,61.399,,58.638602,,,1,OECD_EO,,
SWE,Sweden,1990,56.15931,,,,,,,37.958225,51.121823,57.67,,56.159311,,,1,OECD_EO,,
SWE,Sweden,1989,56.42667,,,,,,,35.803577,48.947071,56.845,,56.426671,,,1,OECD_EO,,
SWE,Sweden,1988,55.05945,,,,,,,37.902596,49.100084,56.814,,55.059447,,,1,OECD_EO,,
SWE,Sweden,1813,17.45794,,,,,,,13.011832,,,,,,,1.341697,IMF_FPP,,
SWE,Sweden,1921,16.07334,,,,,,,11.979857,,,,,,,1.341697,IMF_FPP,,
SWE,Sweden,1871,7.684131,,,,,,,5.7271738,,,,,,,1.341697,IMF_FPP,,
SWE,Sweden,1924,12.85141,,,,,,16.514262,9.5784779,,,,,,,1.341697,IMF_FPP,,
SWE,Sweden,1953,29.3267,,,,,,,21.857916,,,,,,,1.341697,IMF_FPP,,
SWE,Sweden,2007,49.41639,,49.45043,,,49.5,,49.3,47.683937,48.502,,49.416394,,,1,OECD_EO,,
SWE,Sweden,1972,44.62004,,,,,,54.440752,31.941805,,,,44.620035,,,1,OECD_EO,,
SWE,Sweden,1818,7.628374,,,,,,,5.6856165,,,,,,,1.341697,IMF_FPP,,
SWE,Sweden,1960,32.7837,,,,,,34.222047,24.434509,,,,32.783704,,,1,OECD_EO,,
SWE,Sweden,1902,11.33808,,,,,,,8.4505529,,,,,,,1.341697,IMF_FPP,,
SWE,Sweden,1951,22.84618,,,,,,,17.027826,,,,,,,1.341697,IMF_FPP,,
SWE,Sweden,1950,24.52271,,,,,,27.334135,18.277386,,,,,,,1.341697,IMF_FPP,,
SWE,Sweden,1948,23.05141,,,,,,27.048678,17.180788,,,,,,,1.341697,IMF_FPP,,
SWE,Sweden,1944,35.42987,,,,,,31.346223,26.406759,,,,,,,1.341697,IMF_FPP,,
SWE,Sweden,1943,35.91953,,,,,,,26.771713,,,,,,,1.341697,IMF_FPP,,
SWE,Sweden,1876,9.269788,,,,,,,6.9090033,,,,,,,1.341697,IMF_FPP,,
SWE,Sweden,1858,8.917673,,,,,,,6.6465631,,,,,,,1.341697,IMF_FPP,,
SWE,Sweden,1854,6.787865,,,,,,,5.059164,,,,,,,1.341697,IMF_FPP,,
SWE,Sweden,1992,66.37759,,,,,,,45.870239,57.454527,66.639,,66.377589,,,1,OECD_EO,,
SWE,Sweden,1907,10.52029,,,,,,,7.8410306,,,,,,,1.341697,IMF_FPP,,
SWE,Sweden,1909,12.61195,,,,,,,9.3999996,,,,,,,1.341697,IMF_FPP,,
SWE,Sweden,1967,39.53123,,,,,,,27.7348,,,,39.531229,,,1,OECD_EO,,
SWE,Sweden,1822,8.128487,,,,,,,6.058363,,,,,,,1.341697,IMF_FPP,,
SWE,Sweden,1827,7.845905,,,,,,,5.8477478,,,,,,,1.341697,IMF_FPP,,
SWE,Sweden,1962,33.6581,,,,,,36.438505,23.372604,,,,33.6581,,,1,OECD_EO,,
SWE,Sweden,1975,44.54217,,,,,,,30.565166,,,,44.542168,,,1,OECD_EO,,
SWE,Sweden,1916,10.45195,,,,,,11.517939,7.7900949,,,,,,,1.341697,IMF_FPP,,
SWE,Sweden,1812,6.723275,,,,,,,5.0110235,,,,,,,1.341697,IMF_FPP,,
SWE,Sweden,1914,9.309816,,,,,,12.135012,6.9388375,,,,,,,1.341697,IMF_FPP,,
SWE,Sweden,1983,60.35784,,,,,,,48.612289,54.530348,63.826,,60.357843,,,1,OECD_EO,,
SWE,Sweden,2025,51.57324,,50.23992,,,,,,,,47.487999,51.573244,,,1,OECD_EO,,
SWE,Sweden,1908,12.2274,,,,,,,9.1133871,,,,,,,1.341697,IMF_FPP,,
SWE,Sweden,1897,8.616113,,,,,,,6.4218025,,,,,,,1.341697,IMF_FPP,,
SWE,Sweden,1815,6.983581,,,,,,,5.2050362,,,,,,,1.341697,IMF_FPP,,
SWE,Sweden,1997,58.70567,,58.76681,,,58.8,,58.7,56.831994,57.842,,58.705674,,,1,OECD_EO,,
SWE,Sweden,2015,50.34998,,50.36238,,,50.4,,48.735663,48.094391,48.736,,50.349979,,,1,OECD_EO,,
SWE,Sweden,1893,9.48967,,,,,,,7.0728869,,,,,,,1.341697,IMF_FPP,,
SWE,Sweden,1973,42.48578,,,,,,,31.062244,,,,42.485783,,,1,OECD_EO,,
SWE,Sweden,1936,14.64808,,,,,,18.954461,10.917579,,,,,,,1.341697,IMF_FPP,,
SWE,Sweden,1860,8.741904,,,,,,,6.5155582,,,,,,,1.341697,IMF_FPP,,
SWE,Sweden,1869,8.118448,,,,,,,6.0508809,,,,,,,1.341697,IMF_FPP,,
SWE,Sweden,1998,56.42976,,56.45543,,,56.5,,56.4,55.508104,55.564,,56.429759,,,1,OECD_EO,,
SWE,Sweden,1884,8.428288,,,,,,,6.2818117,,,,,,,1.341697,IMF_FPP,,
SWE,Sweden,1865,9.809312,,,,,,,7.3111238,,,,,,,1.341697,IMF_FPP,,
SWE,Sweden,1900,9.704356,,,,,,,7.2328978,,,,,,,1.341697,IMF_FPP,,
SWE,Sweden,1877,9.513963,,,,,,,7.0909925,,,,,,,1.341697,IMF_FPP,,
SWE,Sweden,1872,7.539808,,,,,,,5.619606,,,,,,,1.341697,IMF_FPP,,
SWE,Sweden,1885,8.851602,,,,,,,6.5973186,,,,,,,1.341697,IMF_FPP,,
SWE,Sweden,1855,6.50239,,,,,,,4.8463931,,,,,,,1.341697,IMF_FPP,,
SWE,Sweden,1993,68.09091,,69.51679,,,,,69.4,59.286202,67.842,,68.090912,,,1,OECD_EO,,
SWE,Sweden,1851,7.322799,,,,,,,5.4578643,,,,,,,1.341697,IMF_FPP,,
SWE,Sweden,1814,16.61632,,,,,,,12.384559,,,,,,,1.341697,IMF_FPP,,
SWE,Sweden,1923,7.13705,,,,,,,5.3194208,,,,,,,1.341697,IMF_FPP,,
SWE,Sweden,2024,50.71135,,50.72675,,,50.7,,,,,48.207001,50.711349,,,1,OECD_EO,,
SWE,Sweden,1980,57.37241,,,,,,,41.023102,48.686658,59.674,,57.372412,,,1,OECD_EO,,
SWE,Sweden,1918,24.38865,,,,,,15.353182,18.177465,,,,,,,1.341697,IMF_FPP,,
SWE,Sweden,1828,7.557943,,,,,,,5.6331229,,,,,,,1.341697,IMF_FPP,,
SWE,Sweden,1825,7.558961,,,,,,,5.6338816,,,,,,,1.341697,IMF_FPP,,
SWE,Sweden,1816,7.641058,,,,,,,5.6950703,,,,,,,1.341697,IMF_FPP,,
SWE,Sweden,1964,35.53258,,,,,,38.66963,23.382925,,,,35.532578,,,1,OECD_EO,,
SWE,Sweden,1808,20.98843,,,,,,,15.643195,,,,,,,1.341697,IMF_FPP,,
SWE,Sweden,1805,10.27089,,,,,,,7.6551471,,,,,,,1.341697,IMF_FPP,,
SWE,Sweden,1938,15.80013,,,,,,20.249836,11.776233,,,,,,,1.341697,IMF_FPP,,
SWE,Sweden,1834,8.056211,,,,,,,6.0044942,,,,,,,1.341697,IMF_FPP,,
SWE,Sweden,1841,7.698107,,,,,,,5.7375903,,,,,,,1.341697,IMF_FPP,,
SWE,Sweden,1894,9.516352,,,,,,,7.0927734,,,,,,,1.341697,IMF_FPP,,
SWE,Sweden,1915,12.49444,,,,,,,9.3124199,,,,,,,1.341697,IMF_FPP,,
SWE,Sweden,1849,7.207143,,,,,,,5.3716631,,,,,,,1.341697,IMF_FPP,,
SWE,Sweden,2026,51.59966,,50.2099,,,,,,,,46.775002,51.59966,,,1,OECD_EO,,
SWE,Sweden,1824,8.239407,,,,,,,6.1410346,,,,,,,1.341697,IMF_FPP,,
SWE,Sweden,1927,12.67423,,,,,,,9.4464207,,,,,,,1.341697,IMF_FPP,,
SWE,Sweden,1801,7.308055,,,,,,,5.4468751,,,,,,,1.341697,IMF_FPP,,
SWE,Sweden,1823,7.416473,,,,,,,5.5276818,,,,,,,1.341697,IMF_FPP,,
SWE,Sweden,1934,14.94049,,,,,,19.07293,11.135522,,,,,,,1.341697,IMF_FPP,,
SWE,Sweden,1891,9.592912,,,,,,,7.1498351,,,,,,,1.341697,IMF_FPP,,
SWE,Sweden,1889,9.212155,,,,,,,6.8660483,,,,,,,1.341697,IMF_FPP,,
SWE,Sweden,1949,26.13979,,,,,,,19.482634,,,,,,,1.341697,IMF_FPP,,
SWE,Sweden,1807,9.089338,,,,,,,6.7745099,,,,,,,1.341697,IMF_FPP,,
SWE,Sweden,1928,11.40357,,,,,,16.391391,8.4993677,,,,,,,1.341697,IMF_FPP,,
SWE,Sweden,1917,13.38731,,,,,,,9.9778948,,,,,,,1.341697,IMF_FPP,,
SWE,Sweden,1852,7.362369,,,,,,,5.4873562,,,,,,,1.341697,IMF_FPP,,
SWE,Sweden,2010,50.9511,,50.85228,,,50.9,,50.4,48.719496,49.688,,50.951105,,,1,OECD_EO,,
SWE,Sweden,1939,17.63278,,,,,,,13.142151,,,,,,,1.341697,IMF_FPP,,
SWE,Sweden,1995,63.19817,,63.17606,,,63.2,,63,60.531673,62.058,,63.198164,,,1,OECD_EO,,
SWE,Sweden,1810,12.89818,,,,,,,9.6133337,,,,,,,1.341697,IMF_FPP,,
SWE,Sweden,1920,10.24174,,,,,,11.952642,7.6334233,,,,,,,1.341697,IMF_FPP,,
SWE,Sweden,1981,57.61909,,,,,,,46.096539,51.529117,62.239,,57.619087,,,1,OECD_EO,,
SWE,Sweden,1800,8.510795,,,,,,,6.343307,,,,,,,1.341697,IMF_FPP,,
SWE,Sweden,2017,50.16298,,50.26928,,,50.3,,48.70688,47.731494,48.707,,50.162984,,,1,OECD_EO,,
SWE,Sweden,1940,30.49032,,,,,,34.222434,22.725193,,,,,,,1.341697,IMF_FPP,,
SWE,Sweden,1896,10.56783,,,,,,,7.8764672,,,,,,,1.341697,IMF_FPP,,
SWE,Sweden,1811,9.395622,,,,,,,7.0027909,,,,,,,1.341697,IMF_FPP,,
SWE,Sweden,1946,23.80556,,,,,,23.684743,17.742872,,,,,,,1.341697,IMF_FPP,,
SWE,Sweden,2020,53.01104,,53.11343,,,53.1,,51.235835,50.114101,51.236,,53.011045,,,1,OECD_EO,,
SWE,Sweden,1974,44.04287,,,,,,54.07879,30.068687,,,,44.042873,,,1,OECD_EO,,
SWE,Sweden,1806,9.464124,,,,,,,7.0538464,,,,,,,1.341697,IMF_FPP,,
SWE,Sweden,1875,9.440922,,,,,,,7.0365539,,,,,,,1.341697,IMF_FPP,,
SWE,Sweden,1984,58.3557,,,,,,,46.711777,53.017088,61.091,,58.355701,,,1,OECD_EO,,
SWE,Sweden,1898,8.528069,,,,,,,6.3561816,,,,,,,1.341697,IMF_FPP,,
SWE,Sweden,1874,9.051185,,,,,,,6.7460728,,,,,,,1.341697,IMF_FPP,,
SWE,Sweden,1882,8.071578,,,,,,,6.0159473,,,,,,,1.341697,IMF_FPP,,
SWE,Sweden,1947,22.33094,,,,,,,16.643805,,,,,,,1.341697,IMF_FPP,,
SWE,Sweden,1803,9.556446,,,,,,,7.1226563,,,,,,,1.341697,IMF_FPP,,
SWE,Sweden,1861,7.946167,,,,,,,5.9224758,,,,,,,1.341697,IMF_FPP,,
SWE,Sweden,1847,6.908192,,,,,,,5.1488471,,,,,,,1.341697,IMF_FPP,,
SWE,Sweden,1941,36.82005,,,,,,,27.442894,,,,,,,1.341697,IMF_FPP,,
SWE,Sweden,1945,34.94289,,,,,,,26.0438,,,,,,,1.341697,IMF_FPP,,
SWE,Sweden,1859,8.837369,,,,,,,6.5867105,,,,,,,1.341697,IMF_FPP,,
SWE,Sweden,1969,41.50077,,,,,,,28.713499,,,,41.500766,,,1,OECD_EO,,
SWE,Sweden,1931,12.89316,,,,,,,9.6095896,,,,,,,1.341697,IMF_FPP,,
SWE,Sweden,1850,6.831429,,,,,,,5.0916333,,,,,,,1.341697,IMF_FPP,,
SWE,Sweden,1862,8.235718,,,,,,,6.1382852,,,,,,,1.341697,IMF_FPP,,
SWE,Sweden,1957,29.85396,,,,,,,22.2509,,,,,,,1.341697,IMF_FPP,,
SWE,Sweden,2022,49.02331,,49.36597,,,49.4,,47.522587,46.474389,,47.522999,49.023308,,,1,OECD_EO,,
SWE,Sweden,1864,9.988637,,,,,,,7.4447794,,,,,,,1.341697,IMF_FPP,,
SWE,Sweden,1870,7.993337,,,,,,,5.9576325,,,,,,,1.341697,IMF_FPP,,
SWE,Sweden,2018,50.65058,,50.86498,,,50.9,,49.176136,47.933474,49.176,,50.650583,,,1,OECD_EO,,
SWE,Sweden,1838,8.453375,,,,,,,6.3005104,,,,,,,1.341697,IMF_FPP,,
SWE,Sweden,1963,35.47091,,,,,,,24.35607,,,,35.470912,,,1,OECD_EO,,
SWE,Sweden,1913,8.967688,,,,,,11.609864,6.6838403,,,,,,,1.341697,IMF_FPP,,
SWE,Sweden,1925,12.72291,,,,,,,9.4827023,,,,,,,1.341697,IMF_FPP,,
SWE,Sweden,1979,54.74643,,,,,,,39.878517,48.685336,,,54.746429,,,1,OECD_EO,,
SWE,Sweden,1937,13.92526,,,,,,,10.378844,,,,,,,1.341697,IMF_FPP,,
SWE,Sweden,1965,36.37,,,,,,,24.592052,,,,36.370003,,,1,OECD_EO,,
SWE,Sweden,1840,7.6764,,,,,,,5.7214112,,,,,,,1.341697,IMF_FPP,,
SWE,Sweden,1886,10.2444,,,,,,,7.6354036,,,,,,,1.341697,IMF_FPP,,
SWE,Sweden,1845,7.301622,,,,,,,5.4420805,,,,,,,1.341697,IMF_FPP,,
SWE,Sweden,1954,28.84145,,,,,,29.561481,21.496248,,,,,,,1.341697,IMF_FPP,,
SWE,Sweden,1899,8.885903,,,,,,,6.6228848,,,,,,,1.341697,IMF_FPP,,
SWE,Sweden,2002,53.58811,,53.64863,,,53.6,,53.6,51.762955,52.574,,53.588113,,,1,OECD_EO,,
SWE,Sweden,1857,6.647182,,,,,,,4.9543095,,,,,,,1.341697,IMF_FPP,,
SWE,Sweden,1868,8.565461,,,,,,,6.3840513,,,,,,,1.341697,IMF_FPP,,
SWE,Sweden,2012,51.31712,,51.37894,,,51.4,,50.161847,49.117066,50.162,,51.317121,,,1,OECD_EO,,
SWE,Sweden,1820,7.185384,,,,,,,5.3554454,,,,,,,1.341697,IMF_FPP,,
SWE,Sweden,1873,7.224754,,,,,,,5.384789,,,,,,,1.341697,IMF_FPP,,
SWE,Sweden,2005,52.29769,,52.2759,,,52.3,,52.3,50.891501,51.394,,52.297688,,,1,OECD_EO,,
SWE,Sweden,1866,10.71598,,,,,,,7.9868851,,,,,,,1.341697,IMF_FPP,,
SWE,Sweden,2003,53.83562,,53.94934,,,53.9,,53.8,52.185681,52.868,,53.835617,,,1,OECD_EO,,
SWE,Sweden,2014,51.67095,,51.79672,,,51.8,,50.055971,49.483448,50.056,,51.670947,,,1,OECD_EO,,
SWE,Sweden,1970,41.56806,,,,,,49.495669,29.514793,,,,41.56806,,,1,OECD_EO,,
SWE,Sweden,1817,7.068429,,,,,,,5.2682757,,,,,,,1.341697,IMF_FPP,,
SWE,Sweden,1959,32.5812,,,,,,,24.283581,,,,,,,1.341697,IMF_FPP,1,3
SWE,Sweden,1881,8.893911,,,,,,,6.6288533,,,,,,,1.341697,IMF_FPP,,
SWE,Sweden,1912,9.568205,,,,,,,7.1314211,,,,,,,1.341697,IMF_FPP,,
SWE,Sweden,1863,8.86947,,,,,,,6.6106358,,,,,,,1.341697,IMF_FPP,,
SWE,Sweden,1966,38.30884,,,,,,41.760809,26.478607,,,,38.308837,,,1,OECD_EO,,
SWE,Sweden,1892,9.327085,,,,,,,6.9517088,,,,,,,1.341697,IMF_FPP,,
SWE,Sweden,1836,8.180125,,,,,,,6.0968504,,,,,,,1.341697,IMF_FPP,,
SWE,Sweden,1904,11.49866,,,,,,,8.5702372,,,,,,,1.341697,IMF_FPP,,
SWE,Sweden,1977,52.81557,,,,,,,35.6609,,,,52.815567,,,1,OECD_EO,,
SWE,Sweden,1976,47.03856,,,,,,,32.34024,,,,47.038561,,,1,OECD_EO,,
SWE,Sweden,1802,7.090665,,,,,,,5.2848487,,,,,,,1.341697,IMF_FPP,,
SWE,Sweden,2021,50.02748,,50.42002,,,50.4,,48.323054,47.499577,48.323,,50.027476,,,1,OECD_EO,,
SWE,Sweden,1958,32.26024,,,,,,33.222658,24.044357,,,,,,,1.341697,IMF_FPP,,
SWE,Sweden,1883,8.230052,,,,,,,6.1340623,,,,,,,1.341697,IMF_FPP,,
SWE,Sweden,1919,10.61531,,,,,,,7.9118562,,,,,,,1.341697,IMF_FPP,,
SWE,Sweden,1831,8.5618,,,,,,,6.3813219,,,,,,,1.341697,IMF_FPP,,
SWE,Sweden,1887,10.74973,,,,,,,8.0120382,,,,,,,1.341697,IMF_FPP,,
SWE,Sweden,1986,57.58585,,,,,,,42.135708,52.870017,60.366,,57.585847,,,1,OECD_EO,,
SWE,Sweden,1971,44.65746,,,,,,,29.834665,,,,44.657457,,,1,OECD_EO,,
SWE,Sweden,1880,9.086993,,,,,,,6.7727618,,,,,,,1.341697,IMF_FPP,,
SWE,Sweden,1848,6.849788,,,,,,,5.1053171,,,,,,,1.341697,IMF_FPP,,
SWE,Sweden,2004,52.78043,,52.6917,,,52.7,,52.5,50.974646,51.572,,52.780428,,,1,OECD_EO,,
SWE,Sweden,1926,12.40333,,,,,,16.539674,9.2445068,,,,,,,1.341697,IMF_FPP,,
SWE,Sweden,1819,7.892833,,,,,,,5.8827243,,,,,,,1.341697,IMF_FPP,,
SWE,Sweden,1895,8.727572,,,,,,,6.5048766,,,,,,,1.341697,IMF_FPP,,
SWE,Sweden,1839,7.736583,,,,,,,5.7662678,,,,,,,1.341697,IMF_FPP,,
SWZ,Eswatini,2023,30.10935,,,,,,,30.109355,,,30.108999,,,,1,IMF_FPP,1,2
SWZ,Eswatini,1981,18.875,,,,,,,18.875019,,18.875,,,,,1,IMF_WEO,,
SWZ,Eswatini,2009,32.88,,,,,,,32.879835,,32.88,,,,,1,IMF_WEO,,
SWZ,Eswatini,2011,24.405,,,,,,,24.40466,,24.405,,,,,1,IMF_WEO,,
SWZ,Eswatini,2029,28.128,,,,,,,,,,28.128,,,,1,IMF_WEO_forecast,,
SWZ,Eswatini,2019,34.01,,,,,,,34.010481,,34.01,,,,,1,IMF_WEO,,
SWZ,Eswatini,2010,30.153,,,,,,,30.15277,,30.153,,,,,1,IMF_WEO,,
SWZ,Eswatini,2026,29.276,,,,,,,,,,29.275999,,,,1,IMF_WEO_forecast,,
SWZ,Eswatini,1995,19.296,,,,,,,19.295577,,19.296,,,,,1,IMF_WEO,,
SWZ,Eswatini,2013,27.947,,,,,,,27.947184,,27.947,,,,,1,IMF_WEO,,
SWZ,Eswatini,1992,24.009,,,,,,,24.008881,,24.009,,,,,1,IMF_WEO,,
SWZ,Eswatini,2016,34.241,,,,,,,34.241139,,34.241,,,,,1,IMF_WEO,,
SWZ,Eswatini,2024,30.809,,,,,,,,,,30.809,,,,1,IMF_WEO_forecast,1,2
SWZ,Eswatini,2014,31.604,,,,,,,31.604327,,31.604,,,,,1,IMF_WEO,,
SWZ,Eswatini,1994,22.723,,,,,,,22.723175,,22.723,,,,,1,IMF_WEO,,
SWZ,Eswatini,2012,26.273,,,,,,,26.272731,,26.273,,,,,1,IMF_WEO,,
SWZ,Eswatini,2004,30.066,,,,,,,30.065688,,30.066,,,,,1,IMF_WEO,,
SWZ,Eswatini,1985,18.999,,,,,,,18.998582,,18.999,,,,,1,IMF_WEO,,
SWZ,Eswatini,1999,25.034,,,,,,,25.034008,,25.034,,,,,1,IMF_WEO,,
SWZ,Eswatini,1997,20.055,,,,,,,20.055219,,20.055,,,,,1,IMF_WEO,,
SWZ,Eswatini,2027,28.808,,,,,,,,,,28.808001,,,,1,IMF_WEO_forecast,,
SWZ,Eswatini,2001,24.826,,,,,,,24.825969,,24.826,,,,,1,IMF_WEO,,
SWZ,Eswatini,2008,32.45,,,,,,,32.450222,,32.45,,,,,1,IMF_WEO,,
SWZ,Eswatini,1989,15.376,,,,,,,15.376369,,15.376,,,,,1,IMF_WEO,,
SWZ,Eswatini,2005,28.141,,,,,,,28.140672,,28.141,,,,,1,IMF_WEO,,
SWZ,Eswatini,1984,16.953,,,,,,,16.953036,,16.953,,,,,1,IMF_WEO,,
SWZ,Eswatini,2015,33.62,,,,,,,33.619984,,33.62,,,,,1,IMF_WEO,,
SWZ,Eswatini,2006,26.764,,,,,,,26.764276,,26.764,,,,,1,IMF_WEO,,
SWZ,Eswatini,2007,29.505,,,,,,,29.504915,,29.505,,,,,1,IMF_WEO,,
SWZ,Eswatini,2022,29.446,,,,,,,29.44591,,29.446,,,,,1,IMF_WEO,,
SWZ,Eswatini,1986,18.804,,,,,,,18.804179,,18.804,,,,,1,IMF_WEO,,
SWZ,Eswatini,2017,35.064,,,,,,,35.064146,,35.064,,,,,1,IMF_WEO,,
SWZ,Eswatini,1993,22.292,,,,,,,22.291979,,22.292,,,,,1,IMF_WEO,,
SWZ,Eswatini,1980,15.306,,,,,,,15.305766,,15.306,,,,,1,IMF_WEO,,
SWZ,Eswatini,2028,28.477,,,,,,,,,,28.476999,,,,1,IMF_WEO_forecast,,
SWZ,Eswatini,1998,21.396,,,,,,,21.39605,,21.396,,,,,1,IMF_WEO,,
SWZ,Eswatini,1996,21.844,,,,,,,21.84424,,21.844,,,,,1,IMF_WEO,,
SWZ,Eswatini,1987,16.751,,,,,,,16.750818,,16.751,,,,,1,IMF_WEO,,
SWZ,Eswatini,2020,33.253,,,,,,,33.252746,,33.253,,,,,1,IMF_WEO,,
SWZ,Eswatini,1988,16.561,,,,,,,16.561205,,16.561,,,,,1,IMF_WEO,,
SWZ,Eswatini,2000,24.005,,,,,,,24.004694,,24.005,,,,,1,IMF_WEO,,
SWZ,Eswatini,2021,28.998,,,,,,,28.997853,,28.998,,,,,1,IMF_WEO,,
SWZ,Eswatini,1983,16.962,,,,,,,16.962158,,16.962,,,,,1,IMF_WEO,,
SWZ,Eswatini,1990,17.706,,,,,,,17.705736,,17.706,,,,,1,IMF_WEO,,
SWZ,Eswatini,2003,25.116,,,,,,,25.115745,,25.116,,,,,1,IMF_WEO,,
SWZ,Eswatini,2025,29.874,,,,,,,,,,29.874001,,,,1,IMF_WEO_forecast,,
SWZ,Eswatini,2018,34.598,,,,,,,34.59797,,34.598,,,,,1,IMF_WEO,,
SWZ,Eswatini,1982,18.133,,,,,,,18.132699,,18.133,,,,,1,IMF_WEO,,
SWZ,Eswatini,2002,25.716,,,,,,,25.71598,,25.716,,,,,1,IMF_WEO,,
SWZ,Eswatini,1991,19.016,,,,,,,19.015627,,19.016,,,,,1,IMF_WEO,,
SYC,Seychelles,1993,60.354,,,,,,,60.354089,48.464734,60.354,,,,,1,IMF_WEO,,
SYC,Seychelles,2022,30.696,,,,,,,30.696462,,30.696,,,,,1,IMF_WEO,,
SYC,Seychelles,1991,52.103,,,,,,,52.103429,,52.103,,,,,1,IMF_WEO,,
SYC,Seychelles,2024,35.227,,,,,,,,,,35.227001,,,,1,IMF_WEO_forecast,1,2
SYC,Seychelles,2012,38.557,,,,,,,38.55694,,38.557,,,,,1,IMF_WEO,,
SYC,Seychelles,1996,59.11,,,,,,,59.110446,51.459883,59.11,,,,,1,IMF_WEO,,
SYC,Seychelles,1989,51.673,,,,,,,51.673446,,51.673,,,,,1,IMF_WEO,,
SYC,Seychelles,1984,50.529,,,,,,,50.528977,,50.529,,,,,1,IMF_WEO,,
SYC,Seychelles,2008,26.989,,,,,,,26.988634,24.932375,26.989,,,,,1,IMF_WEO,,
SYC,Seychelles,2003,44.628,,,,,,,44.6277,,44.628,,,,,1,IMF_WEO,,
SYC,Seychelles,2020,46.712,,,,,,,46.711696,,46.712,,,,,1,IMF_WEO,,
SYC,Seychelles,2010,34.576,,,,,,,34.575913,,34.576,,,,,1,IMF_WEO,,
SYC,Seychelles,1985,53.042,,,,,,,53.041746,,53.042,,,,,1,IMF_WEO,,
SYC,Seychelles,1990,46.063,,,,,,,46.062732,,46.063,,,,,1,IMF_WEO,,
SYC,Seychelles,2004,39.896,,,,,,,39.895501,,39.896,,,,,1,IMF_WEO,,
SYC,Seychelles,1992,50.711,,,,,,,50.711327,,50.711,,,,,1,IMF_WEO,,
SYC,Seychelles,1999,56.126,,,,,,,56.126042,44.425082,56.126,,,,,1,IMF_WEO,,
SYC,Seychelles,2018,33.021,,,,,,,33.021006,,33.021,,,,,1,IMF_WEO,,
SYC,Seychelles,2029,33.671,,,,,,,,,,33.671001,,,,1,IMF_WEO_forecast,,
SYC,Seychelles,1997,54.745,,,,,,,54.745167,50.318066,54.745,,,,,1,IMF_WEO,,
SYC,Seychelles,2027,34.546,,,,,,,,,,34.546001,,,,1,IMF_WEO_forecast,,
SYC,Seychelles,2021,38.828,,,,,,,38.827594,,38.828,,,,,1,IMF_WEO,,
SYC,Seychelles,2019,31.744,,,,,,,31.743532,,31.744,,,,,1,IMF_WEO,,
SYC,Seychelles,2001,46.842,,,,,,,46.842383,,46.842,,,,,1,IMF_WEO,,
SYC,Seychelles,2011,36.404,,,,,,,36.404418,,36.404,,,,,1,IMF_WEO,,
SYC,Seychelles,2028,33.932,,,,,,,,,,33.931999,,,,1,IMF_WEO_forecast,,
SYC,Seychelles,1995,53.096,,,,,,,53.095761,46.845172,53.096,,,,,1,IMF_WEO,,
SYC,Seychelles,2017,34.252,,,,,,,34.252122,,34.252,,,,,1,IMF_WEO,,
SYC,Seychelles,2000,55.409,,,,,,,55.409076,43.124698,55.409,,,,,1,IMF_WEO,,
SYC,Seychelles,2002,56.315,,,,,,,56.315462,,56.315,,,,,1,IMF_WEO,,
SYC,Seychelles,2009,32.117,,,,,,,32.117411,,32.117,,,,,1,IMF_WEO,,
SYC,Seychelles,2016,34.473,,,,,,,34.472766,,34.473,,,,,1,IMF_WEO,,
SYC,Seychelles,2025,36.309,,,,,,,,,,36.308998,,,,1,IMF_WEO_forecast,,
SYC,Seychelles,1994,63.647,,,,,,,63.647453,47.287956,63.647,,,,,1,IMF_WEO,,
SYC,Seychelles,2026,35.42,,,,,,,,,,35.419998,,,,1,IMF_WEO_forecast,,
SYC,Seychelles,1983,47.93,,,,,,,47.930305,,47.93,,,,,1,IMF_WEO,,
SYC,Seychelles,1986,58.005,,,,,,,58.005219,,58.005,,,,,1,IMF_WEO,,
SYC,Seychelles,2006,43.551,,,,,,,43.550891,33.812666,43.551,,,,,1,IMF_WEO,,
SYC,Seychelles,2013,37.832,,,,,,,37.832121,,37.832,,,,,1,IMF_WEO,,
SYC,Seychelles,1988,46.747,,,,,,,46.747042,,46.747,,,,,1,IMF_WEO,,
SYC,Seychelles,2023,33.57273,,,,,,,33.572728,,,33.573002,,,,1,IMF_FPP,1,2
SYC,Seychelles,2014,33.38,,,,,,,33.3802,,33.38,,,,,1,IMF_WEO,,
SYC,Seychelles,2007,41.896,,,,,,,41.896454,31.734118,41.896,,,,,1,IMF_WEO,,
SYC,Seychelles,2015,31.52,,,,,,,31.520246,,31.52,,,,,1,IMF_WEO,,
SYC,Seychelles,1987,49.703,,,,,,,49.702791,,49.703,,,,,1,IMF_WEO,,
SYC,Seychelles,1998,60.698,,,,,,,60.697736,46.081279,60.698,,,,,1,IMF_WEO,,
SYC,Seychelles,2005,38.98,,,,,,,38.97971,30.486314,38.98,,,,,1,IMF_WEO,,
SYR,Syria,1990,28.264,,,,,,,,,28.264,,,,,1,IMF_WEO,,
SYR,Syria,2008,22.929,,,,,,,,,22.929,,,,,1,IMF_WEO,1,1
SYR,Syria,1998,28.827,,,,,,,,,28.827,,,,,1,IMF_WEO,,
SYR,Syria,2009,26.742,,,,,,,,,,26.742001,,,,1,IMF_WEO_forecast,,
SYR,Syria,2003,32.64,,,,,,,,,32.64,,,,,1,IMF_WEO,,
SYR,Syria,1994,30.26,,,,,,,,,30.26,,,,,1,IMF_WEO,,
SYR,Syria,1997,28.973,,,,,,,,,28.973,,,,,1,IMF_WEO,,
SYR,Syria,2010,28.638,,,,,,,,,,28.638,,,,1,IMF_WEO_forecast,,
SYR,Syria,2005,28.176,,,,,,,,,28.176,,,,,1,IMF_WEO,,
SYR,Syria,2001,27.989,,,,,,,,,27.989,,,,,1,IMF_WEO,,
SYR,Syria,1996,27.694,,,,,,,,,27.694,,,,,1,IMF_WEO,,
SYR,Syria,1993,29.407,,,,,,,,,29.407,,,,,1,IMF_WEO,,
SYR,Syria,2002,28.474,,,,,,,,,28.474,,,,,1,IMF_WEO,,
SYR,Syria,2000,27.367,,,,,,,,,27.367,,,,,1,IMF_WEO,,
SYR,Syria,2004,31.329,,,,,,,,,31.329,,,,,1,IMF_WEO,,
SYR,Syria,1992,34.162,,,,,,,,,34.162,,,,,1,IMF_WEO,,
SYR,Syria,1995,29.757,,,,,,,,,29.757,,,,,1,IMF_WEO,,
SYR,Syria,1999,28.027,,,,,,,,,28.027,,,,,1,IMF_WEO,,
SYR,Syria,2006,26.334,,,,,,,,,26.334,,,,,1,IMF_WEO,,
SYR,Syria,2007,25.704,,,,,,,,,25.704,,,,,1,IMF_WEO,,
SYR,Syria,1991,34.265,,,,,,,,,34.265,,,,,1,IMF_WEO,,
TCD,Chad,2028,17.684,,,,,,,,,,17.684,,,,1,IMF_WEO_forecast,,
TCD,Chad,2029,17.778,,,,,,,,,,17.778,,,,1,IMF_WEO_forecast,,
TCD,Chad,2012,18.323,,,,,,,18.323399,,18.323,,,,,1,IMF_WEO,,
TCD,Chad,2008,13.657,,,,,,,13.657314,,13.657,,,,,1,IMF_WEO,,
TCD,Chad,1998,9.659,,,,,,,9.6591454,,9.659,,,,,1,IMF_WEO,,
TCD,Chad,2009,18.697,,,,,,,18.697101,,18.697,,,,,1,IMF_WEO,,
TCD,Chad,2000,13.363,,,,,,,13.363159,,13.363,,,,,1,IMF_WEO,,
TCD,Chad,2002,13.121,,,,,,,13.121479,,13.121,,,,,1,IMF_WEO,,
TCD,Chad,2027,17.7,,,,,,,,,,17.700001,,,,1,IMF_WEO_forecast,,
TCD,Chad,2019,10.538,,,,,,,10.538156,,10.538,,,,,1,IMF_WEO,,
TCD,Chad,1997,11.43,,,,,,,11.429847,,11.43,,,,,1,IMF_WEO,,
TCD,Chad,2017,11.239,,,,,,,11.239083,,11.239,,,,,1,IMF_WEO,,
TCD,Chad,2024,17.339,,,,,,,,,,17.339001,,,,1,IMF_WEO_forecast,1,2
TCD,Chad,2020,14.346,,,,,,,14.346487,,14.346,,,,,1,IMF_WEO,,
TCD,Chad,2006,10.129,,,,,,,10.128641,,10.129,,,,,1,IMF_WEO,,
TCD,Chad,2025,17.905,,,,,,,,,,17.905001,,,,1,IMF_WEO_forecast,,
TCD,Chad,1999,12.27,,,,,,,12.270346,,12.27,,,,,1,IMF_WEO,,
TCD,Chad,2001,11.412,,,,,,,11.412226,,11.412,,,,,1,IMF_WEO,,
TCD,Chad,2004,9.365,,,,,,,9.3645949,,9.365,,,,,1,IMF_WEO,,
TCD,Chad,2005,8.447,,,,,,,8.4474095,,8.447,,,,,1,IMF_WEO,,
TCD,Chad,2011,16.784,,,,,,,16.783966,,16.784,,,,,1,IMF_WEO,,
TCD,Chad,2014,16.898,,,,,,,16.898131,,16.898,,,,,1,IMF_WEO,,
TCD,Chad,2018,9.608,,,,,,,9.608192,,9.608,,,,,1,IMF_WEO,,
TCD,Chad,2010,18.24,,,,,,,18.239566,,18.24,,,,,1,IMF_WEO,,
TCD,Chad,2023,18.09763,,,,,,,18.097634,,,18.098,,,,1,IMF_FPP,,
TCD,Chad,2026,17.587,,,,,,,,,,17.587,,,,1,IMF_WEO_forecast,,
TCD,Chad,2022,14.0057,,,,,,,14.005697,,,14.006,,,,1,IMF_FPP,1,2
TCD,Chad,1995,11.708,,,,,,,11.708021,,11.708,,,,,1,IMF_WEO,,
TCD,Chad,2015,13.845,,,,,,,13.844724,,13.845,,,,,1,IMF_WEO,,
TCD,Chad,2021,13.909,,,,,,,13.909158,,13.909,,,,,1,IMF_WEO,,
TCD,Chad,2013,17.514,,,,,,,17.514177,,17.514,,,,,1,IMF_WEO,,
TCD,Chad,2016,10.937,,,,,,,10.937019,,10.937,,,,,1,IMF_WEO,,
TCD,Chad,2007,12.358,,,,,,,12.358458,,12.358,,,,,1,IMF_WEO,,
TCD,Chad,2003,14.196,,,,,,,14.196052,,14.196,,,,,1,IMF_WEO,,
TCD,Chad,1996,11.414,,,,,,,11.41424,,11.414,,,,,1,IMF_WEO,,
TGO,Togo,1990,16.847,,,,,,,16.846857,,16.847,,,,,1,IMF_WEO,,
TGO,Togo,2019,16.565,,,,,,,16.564521,,16.565,,,,,1,IMF_WEO,,
TGO,Togo,1995,12.699,,,,,,,12.698661,,12.699,,,,,1,IMF_WEO,,
TGO,Togo,2023,26.57549,,,,,,,26.575493,,,26.575001,,,,1,IMF_FPP,1,2
TGO,Togo,2025,21.844,,,,,,,,,,21.844,,,,1,IMF_WEO_forecast,,
TGO,Togo,2007,13.694,,,,,,,13.693798,,13.694,,,,,1,IMF_WEO,,
TGO,Togo,2001,10.853,,,,,,,10.853295,,10.853,,,,,1,IMF_WEO,,
TGO,Togo,2013,20.485,,,,,,,20.485334,,20.485,,,,,1,IMF_WEO,,
TGO,Togo,1996,12.383,,,,,,,12.382882,,12.383,,,,,1,IMF_WEO,,
TGO,Togo,1989,16.896,,,,,,,16.895982,,16.896,,,,,1,IMF_WEO,,
TGO,Togo,2005,13.25,,,,,,,13.250452,,13.25,,,,,1,IMF_WEO,,
TGO,Togo,2026,22.234,,,,,,,,,,22.233999,,,,1,IMF_WEO_forecast,,
TGO,Togo,1992,12.647,,,,,,,12.646786,,12.647,,,,,1,IMF_WEO,,
TGO,Togo,2022,25.981,,,,,,,25.981302,,25.981,,,,,1,IMF_WEO,,
TGO,Togo,2008,12.391,,,,,,,12.390984,,12.391,,,,,1,IMF_WEO,,
TGO,Togo,2020,23.693,,,,,,,23.692816,,23.693,,,,,1,IMF_WEO,,
TGO,Togo,1993,14.786,,,,,,,14.786414,,14.786,,,,,1,IMF_WEO,,
TGO,Togo,2015,22.891,,,,,,,22.890834,,22.891,,,,,1,IMF_WEO,,
TGO,Togo,2021,21.787,,,,,,,21.7869,,21.787,,,,,1,IMF_WEO,,
TGO,Togo,2016,22.903,,,,,,,22.902968,,22.903,,,,,1,IMF_WEO,,
TGO,Togo,2018,18.796,,,,,,,18.795534,,18.796,,,,,1,IMF_WEO,,
TGO,Togo,1994,13.191,,,,,,,13.190821,,13.191,,,,,1,IMF_WEO,,
TGO,Togo,1998,12.767,,,,,,,12.766758,,12.767,,,,,1,IMF_WEO,,
TGO,Togo,2014,21.901,,,,,,,21.901377,,21.901,,,,,1,IMF_WEO,,
TGO,Togo,2028,23.079,,,,,,,,,,23.079,,,,1,IMF_WEO_forecast,,
TGO,Togo,2000,11.901,,,,,,,11.901333,,11.901,,,,,1,IMF_WEO,,
TGO,Togo,2017,16.272,,,,,,,16.271675,,16.272,,,,,1,IMF_WEO,,
TGO,Togo,2006,14.73,,,,,,,14.730444,,14.73,,,,,1,IMF_WEO,,
TGO,Togo,2024,23.862,,,,,,,,,,23.862,,,,1,IMF_WEO_forecast,1,2
TGO,Togo,2003,8.884,,,,,,,8.8836505,,8.884,,,,,1,IMF_WEO,,
TGO,Togo,2004,10.56,,,,,,,10.560164,,10.56,,,,,1,IMF_WEO,,
TGO,Togo,2002,8.421,,,,,,,8.4213392,,8.421,,,,,1,IMF_WEO,,
TGO,Togo,2029,23.427,,,,,,,,,,23.427,,,,1,IMF_WEO_forecast,,
TGO,Togo,2027,22.75,,,,,,,,,,22.75,,,,1,IMF_WEO_forecast,,
TGO,Togo,1997,10.599,,,,,,,10.598584,,10.599,,,,,1,IMF_WEO,,
TGO,Togo,1991,14.592,,,,,,,14.592013,,14.592,,,,,1,IMF_WEO,,
TGO,Togo,2011,18.206,,,,,,,18.205998,,18.206,,,,,1,IMF_WEO,,
TGO,Togo,2009,14.289,,,,,,,14.289089,,14.289,,,,,1,IMF_WEO,,
TGO,Togo,2010,15.089,,,,,,,15.088781,,15.089,,,,,1,IMF_WEO,,
TGO,Togo,2012,19.098,,,,,,,19.097507,,19.098,,,,,1,IMF_WEO,,
TGO,Togo,1999,11.905,,,,,,,11.904895,,11.905,,,,,1,IMF_WEO,,
THA,Thailand,1995,17.176,,,,,,,15.3353,11.202139,17.176,,,,,1,IMF_WEO,,
THA,Thailand,2005,19.58,18.421415,,,,,,19.579762,15.046013,19.58,,,,,1,IMF_WEO,,
THA,Thailand,2028,23.738,,,,,,,,,,23.738001,,,,1,IMF_WEO_forecast,,
THA,Thailand,1979,16.9203,,,,,,,16.9203,,,,,,,1,IMF_FPP,,
THA,Thailand,1973,15.9227,,,,,,,15.9227,,,,,,,1,IMF_FPP,,
THA,Thailand,1983,19.544,,,,,,,19.544001,,,,,,,1,IMF_FPP,,
THA,Thailand,1967,15.4962,,,,,,,15.4962,,,,,,,1,IMF_FPP,,
THA,Thailand,1949,7.96081,,,,,,,7.9608102,,,,,,,1,IMF_FPP,,
THA,Thailand,1989,16.532,,,,,,,16.532,,,,,,,1,IMF_FPP,,
THA,Thailand,1952,12.1626,,,,,,,12.1626,,,,,,,1,IMF_FPP,,
THA,Thailand,1976,15.6422,,,,,,,15.6422,,,,,,,1,IMF_FPP,,
THA,Thailand,1988,15.132,,,,,,,15.132,,,,,,,1,IMF_FPP,,
THA,Thailand,2003,18.286,17.854627,,,,,,18.285739,14.497584,18.286,,,,,1,IMF_WEO,,
THA,Thailand,2000,19.346,,,,,,,19.346073,13.818038,19.346,,,,,1,IMF_WEO,,
THA,Thailand,1957,13.0866,,,,,,,13.0866,,,,,,,1,IMF_FPP,,
THA,Thailand,2007,19.999,19.492621,,,,,,19.999056,16.451404,19.999,,,,,1,IMF_WEO,,
THA,Thailand,1969,15.8938,,,,,,,15.8938,,,,,,,1,IMF_FPP,,
THA,Thailand,1986,19.4921,,,,,,,19.4921,,,,,,,1,IMF_FPP,,
THA,Thailand,1985,20.5299,,,,,,,20.5299,,,,,,,1,IMF_FPP,,
THA,Thailand,1999,26.472,,,,,,,17.9636,19.637123,26.472,,,,,1,IMF_WEO,,
THA,Thailand,1978,16.5888,,,,,,,16.5888,,,,,,,1,IMF_FPP,,
THA,Thailand,1948,8.98324,,,,,,,8.9832401,,,,,,,1,IMF_FPP,,
THA,Thailand,2027,23.736,,,,,,,,,,23.736,,,,1,IMF_WEO_forecast,,
THA,Thailand,2022,24.517,24.182227,,,,,,24.51674,21.823005,24.517,,,,,1,IMF_WEO,,
THA,Thailand,2010,22.009,21.313265,,,,,,22.008858,18.139702,22.009,,,,,1,IMF_WEO,,
THA,Thailand,1998,23.922,,,,,,,18.219601,16.689145,23.922,,,,,1,IMF_WEO,,
THA,Thailand,2009,21.722,21.989665,,,,,,21.721836,19.045093,21.722,,,,,1,IMF_WEO,,
THA,Thailand,1981,19.0589,,,,,,,19.058901,,,,,,,1,IMF_FPP,,
THA,Thailand,1996,17.962,,,,,,,17.7616,11.312326,17.962,,,,,1,IMF_WEO,,
THA,Thailand,1993,18.7651,,,,,,,18.7651,,,,,,,1,IMF_FPP,,
THA,Thailand,1956,13.2714,,,,,,,13.2714,,,,,,,1,IMF_FPP,,
THA,Thailand,1971,18.775,,,,,,,18.775,,,,,,,1,IMF_FPP,,
THA,Thailand,2023,20.45949,22.742264,,,,,,22.861373,20.459485,,22.861,,,,1,IMF_GFS,1,3
THA,Thailand,1997,21.634,,,,,,,18.5114,13.350438,21.634,,,,,1,IMF_WEO,,
THA,Thailand,1959,13.8122,,,,,,,13.8122,,,,,,,1,IMF_FPP,,
THA,Thailand,2001,20.824,,,,,,,20.823765,15.737586,20.824,,,,,1,IMF_WEO,,
THA,Thailand,1970,17.5734,,,,,,,17.5734,,,,,,,1,IMF_FPP,,
THA,Thailand,2029,23.739,,,,,,,,,,23.739,,,,1,IMF_WEO_forecast,,
THA,Thailand,1966,14.7142,,,,,,,14.7142,,,,,,,1,IMF_FPP,,
THA,Thailand,2026,23.929,,,,,,,,,,23.929001,,,,1,IMF_WEO_forecast,,
THA,Thailand,1974,13.2489,,,,,,,13.2489,,,,,,,1,IMF_FPP,,
THA,Thailand,1962,11.9083,,,,,,,11.9083,,,,,,,1,IMF_FPP,,
THA,Thailand,2011,21.113,21.889459,,,,,,21.113401,18.99666,21.113,,,,,1,IMF_WEO,,
THA,Thailand,2014,22.198,22.033689,,,,,,22.198183,19.154828,22.198,,,,,1,IMF_WEO,,
THA,Thailand,1977,16.0882,,,,,,,16.0882,,,,,,,1,IMF_FPP,,
THA,Thailand,1982,20.2092,,,,,,,20.2092,,,,,,,1,IMF_FPP,,
THA,Thailand,1990,16.5588,,,,,,,16.5588,,,,,,,1,IMF_FPP,,
THA,Thailand,1992,17.8393,,,,,,,17.8393,,,,,,,1,IMF_FPP,,
THA,Thailand,2025,24.818,,,,,,,,,,24.818001,,,,1,IMF_WEO_forecast,,
THA,Thailand,1951,12.4053,,,,,,,12.4053,,,,,,,1,IMF_FPP,,
THA,Thailand,2002,25.712,23.82385,,,,,,25.712311,19.785766,25.712,,,,,1,IMF_WEO,,
THA,Thailand,1980,18.7321,,,,,,,18.7321,,,,,,,1,IMF_FPP,,
THA,Thailand,1994,15.9518,,,,,,,15.9518,,,,,,,1,IMF_FPP,1,3
THA,Thailand,2012,22.251,21.200675,,,,,,22.251298,18.179501,22.251,,,,,1,IMF_WEO,,
THA,Thailand,2006,18.739,18.263634,,,,,,18.738915,14.932402,18.739,,,,,1,IMF_WEO,,
THA,Thailand,1968,16.0391,,,,,,,16.039101,,,,,,,1,IMF_FPP,,
THA,Thailand,1958,13.2742,,,,,,,13.2742,,,,,,,1,IMF_FPP,,
THA,Thailand,2015,22.291,22.040757,,,,,,22.291235,18.684738,22.291,,,,,1,IMF_WEO,,
THA,Thailand,2016,21.372,21.012496,,,,,,21.371829,18.770685,21.372,,,,,1,IMF_WEO,,
THA,Thailand,2018,21.297,21.029734,,,,,,21.296926,18.447637,21.297,,,,,1,IMF_WEO,,
THA,Thailand,2019,20.56,20.460914,,,,,,20.559964,18.078439,20.56,,,,,1,IMF_WEO,,
THA,Thailand,2013,21.647,21.574048,,,,,,21.647144,18.801665,21.647,,,,,1,IMF_WEO,,
THA,Thailand,1960,12.0659,,,,,,,12.0659,,,,,,,1,IMF_FPP,,
THA,Thailand,1964,13.2546,,,,,,,13.2546,,,,,,,1,IMF_FPP,,
THA,Thailand,2004,19.331,18.250767,,,,,,19.331488,15.354949,19.331,,,,,1,IMF_WEO,,
THA,Thailand,1953,14.8865,,,,,,,14.8865,,,,,,,1,IMF_FPP,,
THA,Thailand,1963,11.9943,,,,,,,11.9943,,,,,,,1,IMF_FPP,,
THA,Thailand,2008,19.226,19.80544,,,,,,19.226326,17.408183,19.226,,,,,1,IMF_WEO,,
THA,Thailand,1991,16.9575,,,,,,,16.9575,,,,,,,1,IMF_FPP,,
THA,Thailand,1961,9.58492,,,,,,,9.5849199,,,,,,,1,IMF_FPP,,
THA,Thailand,1965,14.6929,,,,,,,14.6929,,,,,,,1,IMF_FPP,,
THA,Thailand,2017,21.495,21.158244,,,,,,21.495318,18.754225,21.495,,,,,1,IMF_WEO,,
THA,Thailand,2021,26.767,26.501553,,,,,,26.767125,24.239286,26.767,,,,,1,IMF_WEO,,
THA,Thailand,1972,18.4731,,,,,,,18.473101,,,,,,,1,IMF_FPP,,
THA,Thailand,1955,12.5102,,,,,,,12.5102,,,,,,,1,IMF_FPP,,
THA,Thailand,1954,15.3888,,,,,,,15.3888,,,,,,,1,IMF_FPP,,
THA,Thailand,2020,24.884,25.232431,,,,,,24.883708,22.21454,24.884,,,,,1,IMF_WEO,,
THA,Thailand,1987,17.4639,,,,,,,17.4639,,,,,,,1,IMF_FPP,,
THA,Thailand,1975,14.2359,,,,,,,14.2359,,,,,,,1,IMF_FPP,,
THA,Thailand,1950,9.05547,,,,,,,9.0554705,,,,,,,1,IMF_FPP,,
THA,Thailand,1984,19.3281,,,,,,,19.3281,,,,,,,1,IMF_FPP,,
THA,Thailand,2024,23.321,,,,,,,,,,23.320999,,,,1,IMF_WEO_forecast,1,3
TJK,Tajikistan,2029,30.447,,,,,,,,,,30.447001,,,,1,IMF_WEO_forecast,,
TJK,Tajikistan,2025,31.294,,,,,,,,,,31.294001,,,,1,IMF_WEO_forecast,,
TJK,Tajikistan,2009,23.616,27.6,,,,,,23.616234,,23.616,,,,,1,IMF_WEO,,
TJK,Tajikistan,1998,17.136,,,,,,,17.13612,,17.136,,,,,1,IMF_WEO,,
TJK,Tajikistan,2023,17.0209,31.6,,,,,,31.031912,17.020905,,31.032,,,,1,IMF_GFS,1,2
TJK,Tajikistan,2015,31.907,31.9,,,,,,31.906788,,31.907,,,,,1,IMF_WEO,,
TJK,Tajikistan,2020,29.164,29.6,,,,,,29.163668,,29.164,,,,,1,IMF_WEO,,
TJK,Tajikistan,2021,27.642,29,,,,,,27.64227,18.108472,27.642,,,,,1,IMF_WEO,,
TJK,Tajikistan,2022,27.954,29.9,,,,,,27.953948,16.456475,27.954,,,,,1,IMF_WEO,,
TJK,Tajikistan,2008,20.178,27.2,,,,,,20.178026,,20.178,,,,,1,IMF_WEO,,
TJK,Tajikistan,2019,28.816,30.1,,,,,,28.815702,,28.816,,,,,1,IMF_WEO,,
TJK,Tajikistan,2028,30.881,,,,,,,,,,30.881001,,,,1,IMF_WEO_forecast,,
TJK,Tajikistan,2024,29.712,,,,,,,,,,29.712,,,,1,IMF_WEO_forecast,1,2
TJK,Tajikistan,2012,24.728,25.2,,,,,,24.727788,,24.728,,,,,1,IMF_WEO,,
TJK,Tajikistan,2007,20.331,27.3,,,,,,20.330696,,20.331,,,,,1,IMF_WEO,,
TJK,Tajikistan,2027,31.813,,,,,,,,,,31.813,,,,1,IMF_WEO_forecast,,
TJK,Tajikistan,2005,22.911,19.5,,,,,,22.911316,,22.911,,,,,1,IMF_WEO,,
TJK,Tajikistan,2000,18.115,14.654253,,,,,,18.115471,,18.115,,,,,1,IMF_WEO,,
TJK,Tajikistan,2013,27.673,28.6,,,,,,27.673328,,27.673,,,,,1,IMF_WEO,,
TJK,Tajikistan,2014,27.472,28.9,,,,,,27.472172,,27.472,,,,,1,IMF_WEO,,
TJK,Tajikistan,2016,32.651,33.4,,,,,,32.650624,,32.651,,,,,1,IMF_WEO,,
TJK,Tajikistan,1999,17.546,,,,,,,17.545657,,17.546,,,,,1,IMF_WEO,,
TJK,Tajikistan,2017,33.776,34.6,,,,,,33.775607,,33.776,,,,,1,IMF_WEO,,
TJK,Tajikistan,2018,30.872,34,,,,,,30.8718,,30.872,,,,,1,IMF_WEO,,
TJK,Tajikistan,2002,19.14,16.086422,,,,,,19.140317,,19.14,,,,,1,IMF_WEO,,
TJK,Tajikistan,2001,17.318,14.811932,,,,,,17.317922,,17.318,,,,,1,IMF_WEO,,
TJK,Tajikistan,2011,24.281,28.5,,,,,,24.280775,,24.281,,,,,1,IMF_WEO,,
TJK,Tajikistan,2010,25.867,27.2,,,,,,25.866662,,25.867,,,,,1,IMF_WEO,,
TJK,Tajikistan,2026,31.719,,,,,,,,,,31.719,,,,1,IMF_WEO_forecast,,
TJK,Tajikistan,2006,21.62,19.1,,,,,,21.620036,,21.62,,,,,1,IMF_WEO,,
TJK,Tajikistan,2004,20.249,17.648203,,,,,,20.248991,19.041823,20.249,,,,,1,IMF_WEO,,
TJK,Tajikistan,2003,19.071,16.203218,,,,,,19.071231,16.229791,19.071,,,,,1,IMF_WEO,,
TKM,Turkmenistan,2022,9.442,,,,,,,,,,9.4420004,,,,1,IMF_WEO_forecast,1,1
TKM,Turkmenistan,2028,11.176,,,,,,,,,,11.176,,,,1,IMF_WEO_forecast,,
TKM,Turkmenistan,2016,11.913,,,,,,,,,11.913,,,,,1,IMF_WEO,,
TKM,Turkmenistan,2004,11.046,18.911678,,,,,,,,11.046,,,,,1,IMF_WEO,,
TKM,Turkmenistan,2014,13.173,17.026078,,,,,,,,13.173,,,,,1,IMF_WEO,,
TKM,Turkmenistan,1999,11.344,,,,,,,,,11.344,,,,,1,IMF_WEO,,
TKM,Turkmenistan,2029,11.223,,,,,,,,,,11.223,,,,1,IMF_WEO_forecast,,
TKM,Turkmenistan,2005,11.504,19.701434,,,,,,,,11.504,,,,,1,IMF_WEO,,
TKM,Turkmenistan,2013,13.005,16.876192,,,,,,,,13.005,,,,,1,IMF_WEO,,
TKM,Turkmenistan,2011,9.622,14.619096,,,,,,,,9.622,,,,,1,IMF_WEO,,
TKM,Turkmenistan,2017,14.68,,,,,,,,,14.68,,,,,1,IMF_WEO,,
TKM,Turkmenistan,2026,11.048,,,,,,,,,,11.048,,,,1,IMF_WEO_forecast,,
TKM,Turkmenistan,2002,10.556,18.050398,,,,,,,,10.556,,,,,1,IMF_WEO,,
TKM,Turkmenistan,1997,14.648,,,,,,,,,14.648,,,,,1,IMF_WEO,,
TKM,Turkmenistan,2020,11.754,,,,,,,,,11.754,,,,,1,IMF_WEO,,
TKM,Turkmenistan,2018,11.357,,,,,,,,,11.357,,,,,1,IMF_WEO,,
TKM,Turkmenistan,2015,13.79,17.286578,,,,,,,,13.79,,,,,1,IMF_WEO,,
TKM,Turkmenistan,2025,10.964,,,,,,,,,,10.964,,,,1,IMF_WEO_forecast,,
TKM,Turkmenistan,2009,7.841,13.397441,,,,,,,,7.841,,,,,1,IMF_WEO,,
TKM,Turkmenistan,2019,11.567,,,,,,,,,11.567,,,,,1,IMF_WEO,,
TKM,Turkmenistan,2006,8.744,14.901406,,,,,,,,8.744,,,,,1,IMF_WEO,,
TKM,Turkmenistan,2023,10.954,,,,,,,,,,10.954,,,,1,IMF_WEO_forecast,,
TKM,Turkmenistan,2027,11.119,,,,,,,,,,11.119,,,,1,IMF_WEO_forecast,,
TKM,Turkmenistan,2003,11.319,19.353329,,,,,,,,11.319,,,,,1,IMF_WEO,,
TKM,Turkmenistan,2008,6.355,10.90661,,,,,,,,6.355,,,,,1,IMF_WEO,,
TKM,Turkmenistan,2007,7.862,13.399901,,,,,,,,7.862,,,,,1,IMF_WEO,,
TKM,Turkmenistan,2010,8.858,13.823529,,,,,,,,8.858,,,,,1,IMF_WEO,,
TKM,Turkmenistan,2012,10.26,14.662735,,,,,,,,10.26,,,,,1,IMF_WEO,,
TKM,Turkmenistan,2001,12.337,21.094764,,,,,,,,12.337,,,,,1,IMF_WEO,,
TKM,Turkmenistan,2000,14.096,23.865409,,,,,,,,14.096,,,,,1,IMF_WEO,,
TKM,Turkmenistan,1998,14.217,,,,,,,,,14.217,,,,,1,IMF_WEO,,
TKM,Turkmenistan,2024,10.882,,,,,,,,,,10.882,,,,1,IMF_WEO_forecast,,
TKM,Turkmenistan,2021,10.861,,,,,,,,,10.861,,,,,1,IMF_WEO,,
TLS,Timor-Leste,2016,111.495,98.450824,,,,,,,69.664371,111.495,,,,,1,IMF_WEO,,
TLS,Timor-Leste,2014,110.989,92.4,,,,,,,67.37143,110.989,,,,,1,IMF_WEO,,
TLS,Timor-Leste,2006,59.841,,,,,,,,,59.841,,,,,1,IMF_WEO,,
TLS,Timor-Leste,2018,84.031,80.907193,,,,,,,56.652351,84.031,,,,,1,IMF_WEO,,
TLS,Timor-Leste,2020,60.957,61.256091,,,,,,,71.556567,60.957,,,,,1,IMF_WEO,,
TLS,Timor-Leste,2011,133.278,,,,,,,,70.61519,133.278,,,,,1,IMF_WEO,,
TLS,Timor-Leste,2023,71.367,,,,,,,,,,71.366997,,,,1,IMF_WEO_forecast,1,1
TLS,Timor-Leste,2009,121.835,,,,,,,,,121.835,,,,,1,IMF_WEO,,
TLS,Timor-Leste,2005,58.335,,,,,,,,,58.335,,,,,1,IMF_WEO,,
TLS,Timor-Leste,2007,75.827,,,,,,,,,75.827,,,,,1,IMF_WEO,,
TLS,Timor-Leste,2012,129.327,,,,,,,,78.161277,129.327,,,,,1,IMF_WEO,,
TLS,Timor-Leste,2010,121.287,,,,,,,,83.615759,121.287,,,,,1,IMF_WEO,,
TLS,Timor-Leste,2029,76.381,,,,,,,,,,76.380997,,,,1,IMF_WEO_forecast,,
TLS,Timor-Leste,2001,95.659,,,,,,,,,95.659,,,,,1,IMF_WEO,,
TLS,Timor-Leste,2015,97.809,83.744105,,,,,,,73.092032,97.809,,,,,1,IMF_WEO,,
TLS,Timor-Leste,2027,80.63,,,,,,,,,,80.629997,,,,1,IMF_WEO_forecast,,
TLS,Timor-Leste,2013,96.143,76.3,,,,,,,62.929964,96.143,,,,,1,IMF_WEO,,
TLS,Timor-Leste,2026,82.983,,,,,,,,,,82.983002,,,,1,IMF_WEO_forecast,,
TLS,Timor-Leste,2025,85.462,,,,,,,,,,85.461998,,,,1,IMF_WEO_forecast,,
TLS,Timor-Leste,2004,74.153,,,,,,,,,74.153,,,,,1,IMF_WEO,,
TLS,Timor-Leste,2008,122.353,,,,,,,,,122.353,,,,,1,IMF_WEO,,
TLS,Timor-Leste,2019,68.148,69.158004,,,,,,,59.191777,68.148,,,,,1,IMF_WEO,,
TLS,Timor-Leste,2021,44.804,45.67908,,,,,,,95.79818,44.804,,,,,1,IMF_WEO,,
TLS,Timor-Leste,2024,88.157,,,,,,,,,,88.156998,,,,1,IMF_WEO_forecast,,
TLS,Timor-Leste,2028,78.408,,,,,,,,,,78.407997,,,,1,IMF_WEO_forecast,,
TLS,Timor-Leste,2003,80.119,,,,,,,,,80.119,,,,,1,IMF_WEO,,
TLS,Timor-Leste,2017,85.612,72.965904,,,,,,,56.668803,85.612,,,,,1,IMF_WEO,,
TLS,Timor-Leste,2022,60.259,,,,,,,,97.184395,60.259,,,,,1,IMF_WEO,,
TLS,Timor-Leste,2002,93.545,,,,,,,,,93.545,,,,,1,IMF_WEO,,
TON,Tonga,2004,19.3,,,,,,,,,19.3,,,,,1,IMF_WEO,,
TON,Tonga,2012,32.043,,,,,,,,,32.043,,,,,1,IMF_WEO,,
TON,Tonga,2013,38.013,,,,,,,,,38.013,,,,,1,IMF_WEO,,
TON,Tonga,2008,23.993,,,,,,,,,23.993,,,,,1,IMF_WEO,,
TON,Tonga,2016,40.989,37.208194,,,,,,,,40.989,,,,,1,IMF_WEO,,
TON,Tonga,2009,23.899,,,,,,,,,23.899,,,,,1,IMF_WEO,,
TON,Tonga,2028,46.239,,,,,,,,,,46.238998,,,,1,IMF_WEO_forecast,,
TON,Tonga,2003,19.986,,,,,,,,,19.986,,,,,1,IMF_WEO,,
TON,Tonga,2025,49.498,,,,,,,,,,49.498001,,,,1,IMF_WEO_forecast,,
TON,Tonga,2015,41.167,,,,,,,,,41.167,,,,,1,IMF_WEO,,
TON,Tonga,2018,43.865,39.708886,,,,,,,,43.865,,,,,1,IMF_WEO,,
TON,Tonga,2021,50.564,43.625082,,,,,,,,50.564,,,,,1,IMF_WEO,,
TON,Tonga,2027,47.165,,,,,,,,,,47.165001,,,,1,IMF_WEO_forecast,,
TON,Tonga,2007,23.204,,,,,,,,,23.204,,,,,1,IMF_WEO,,
TON,Tonga,2014,34.422,,,,,,,,,34.422,,,,,1,IMF_WEO,,
TON,Tonga,2024,49.003,,,,,,,,,,49.002998,,,,1,IMF_WEO_forecast,1,2
TON,Tonga,2023,53.5,53.5,,,,,,,,,47.435001,,,,1,ADB,1,2
TON,Tonga,2002,21.317,,,,,,,,,21.317,,,,,1,IMF_WEO,,
TON,Tonga,2005,19.822,,,,,,,,,19.822,,,,,1,IMF_WEO,,
TON,Tonga,2022,48.092,48.1,,,,,,,,48.092,,,,,1,IMF_WEO,,
TON,Tonga,2010,28.368,,,,,,,,,28.368,,,,,1,IMF_WEO,,
TON,Tonga,2026,48.499,,,,,,,,,,48.499001,,,,1,IMF_WEO_forecast,,
TON,Tonga,2029,45.76,,,,,,,,,,45.759998,,,,1,IMF_WEO_forecast,,
TON,Tonga,2019,44.279,38.578456,,,,,,,,44.279,,,,,1,IMF_WEO,,
TON,Tonga,2017,43.834,39.649468,,,,,,,,43.834,,,,,1,IMF_WEO,,
TON,Tonga,2011,32.605,,,,,,,,,32.605,,,,,1,IMF_WEO,,
TON,Tonga,1999,18.554,,,,,,,,,18.554,,,,,1,IMF_WEO,,
TON,Tonga,2020,42.752,50.716459,,,,,,,,42.752,,,,,1,IMF_WEO,,
TON,Tonga,2001,19.064,,,,,,,,,19.064,,,,,1,IMF_WEO,,
TON,Tonga,2006,25.585,,,,,,,,,25.585,,,,,1,IMF_WEO,,
TON,Tonga,2000,19.841,,,,,,,,,19.841,,,,,1,IMF_WEO,,
TTO,Trinidad and Tobago,2017,30.707,,,,,,,30.706789,,30.707,,,,,1,IMF_WEO,,
TTO,Trinidad and Tobago,2011,30.402,,,,,,,30.40194,,30.402,,,,,1,IMF_WEO,,
TTO,Trinidad and Tobago,1996,28.161,,,,,,,28.161233,,28.161,,,,,1,IMF_WEO,,
TTO,Trinidad and Tobago,2024,30.715,,,,,,,,,,30.715,,,,1,IMF_WEO_forecast,1,2
TTO,Trinidad and Tobago,2018,29.505,,,,,,,29.505126,,29.505,,,,,1,IMF_WEO,,
TTO,Trinidad and Tobago,1994,26.481,,,,,,,26.480913,,26.481,,,,,1,IMF_WEO,,
TTO,Trinidad and Tobago,2003,23.457,,,,,,,23.457499,,23.457,,,,,1,IMF_WEO,,
TTO,Trinidad and Tobago,2008,28.197,,,,,,,28.197344,,28.197,,,,,1,IMF_WEO,,
TTO,Trinidad and Tobago,2022,26.936,,,,,,,26.935646,,26.936,,,,,1,IMF_WEO,,
TTO,Trinidad and Tobago,1997,27.411,,,,,,,27.411423,,27.411,,,,,1,IMF_WEO,,
TTO,Trinidad and Tobago,1999,24.826,,,,,,,24.825652,,24.826,,,,,1,IMF_WEO,,
TTO,Trinidad and Tobago,2012,29.731,,,,,,,29.730881,,29.731,,,,,1,IMF_WEO,,
TTO,Trinidad and Tobago,2019,30.495,,,,,,,30.494753,,30.495,,,,,1,IMF_WEO,,
TTO,Trinidad and Tobago,1993,27.282,,,,,,,27.281979,,27.282,,,,,1,IMF_WEO,,
TTO,Trinidad and Tobago,2013,31.571,,,,,,,31.571009,,31.571,,,,,1,IMF_WEO,,
TTO,Trinidad and Tobago,1991,29.985,,,,,,,29.985316,,29.985,,,,,1,IMF_WEO,,
TTO,Trinidad and Tobago,2007,26.775,,,,,,,26.774771,,26.775,,,,,1,IMF_WEO,,
TTO,Trinidad and Tobago,1995,26.735,,,,,,,26.734528,,26.735,,,,,1,IMF_WEO,,
TTO,Trinidad and Tobago,2021,31.144,,,,,,,31.143796,,31.144,,,,,1,IMF_WEO,,
TTO,Trinidad and Tobago,1988,45.343,,,,,,,45.343199,,45.343,,,,,1,IMF_WEO,,
TTO,Trinidad and Tobago,2006,32.667,,,,,,,32.6668,,32.667,,,,,1,IMF_WEO,,
TTO,Trinidad and Tobago,2023,29.38013,,,,,,,29.380128,,,29.379999,,,,1,IMF_FPP,1,2
TTO,Trinidad and Tobago,1992,28.792,,,,,,,28.791854,,28.792,,,,,1,IMF_WEO,,
TTO,Trinidad and Tobago,1998,27.251,,,,,,,27.251044,,27.251,,,,,1,IMF_WEO,,
TTO,Trinidad and Tobago,2002,24.565,,,,,,,24.564641,,24.565,,,,,1,IMF_WEO,,
TTO,Trinidad and Tobago,1990,27.878,,,,,,,27.878249,,27.878,,,,,1,IMF_WEO,,
TTO,Trinidad and Tobago,2025,30.35,,,,,,,,,,30.35,,,,1,IMF_WEO_forecast,,
TTO,Trinidad and Tobago,2015,33.894,,,,,,,33.894272,,33.894,,,,,1,IMF_WEO,,
TTO,Trinidad and Tobago,2028,29.126,,,,,,,,,,29.125999,,,,1,IMF_WEO_forecast,,
TTO,Trinidad and Tobago,2001,25.222,,,,,,,25.222391,,25.222,,,,,1,IMF_WEO,,
TTO,Trinidad and Tobago,2005,27.908,,,,,,,27.907896,,27.908,,,,,1,IMF_WEO,,
TTO,Trinidad and Tobago,2004,23.343,,,,,,,23.343203,,23.343,,,,,1,IMF_WEO,,
TTO,Trinidad and Tobago,2014,32.763,,,,,,,32.763302,,32.763,,,,,1,IMF_WEO,,
TTO,Trinidad and Tobago,2020,35.084,,,,,,,35.084037,,35.084,,,,,1,IMF_WEO,,
TTO,Trinidad and Tobago,2027,29.353,,,,,,,,,,29.353001,,,,1,IMF_WEO_forecast,,
TTO,Trinidad and Tobago,2010,31.521,,,,,,,31.521325,,31.521,,,,,1,IMF_WEO,,
TTO,Trinidad and Tobago,2029,28.906,,,,,,,,,,28.906,,,,1,IMF_WEO_forecast,,
TTO,Trinidad and Tobago,2026,29.407,,,,,,,,,,29.407,,,,1,IMF_WEO_forecast,,
TTO,Trinidad and Tobago,2009,33.398,,,,,,,33.398326,,33.398,,,,,1,IMF_WEO,,
TTO,Trinidad and Tobago,2016,31.076,,,,,,,31.075824,,31.076,,,,,1,IMF_WEO,,
TTO,Trinidad and Tobago,2000,24.087,,,,,,,24.086593,,24.087,,,,,1,IMF_WEO,,
TTO,Trinidad and Tobago,1989,30.861,,,,,,,30.860602,,30.861,,,,,1,IMF_WEO,,
TUN,Tunisia,2020,34.93648,,,34.93648,,,,34.532632,,34.533,,,,,1,AMF,,
TUN,Tunisia,2001,23.988,,,,,,,23.987872,,23.988,,,,,1,IMF_WEO,,
TUN,Tunisia,1994,25.943,,,,,,,25.943168,,25.943,,,,,1,IMF_WEO,,
TUN,Tunisia,2004,23.021,,,,,,,23.020527,,23.021,,,,,1,IMF_WEO,,
TUN,Tunisia,1999,24.009,,,,,,,24.009489,,24.009,,,,,1,IMF_WEO,,
TUN,Tunisia,2000,24.044,,,,,,,24.043867,,24.044,,,,,1,IMF_WEO,,
TUN,Tunisia,2023,35.52422,,,,,,,35.524214,,,35.523998,,,,1,IMF_FPP,1,4
TUN,Tunisia,2003,23.473,,,,,,,23.473209,,23.473,,,,,1,IMF_WEO,,
TUN,Tunisia,2010,23.999,,,,,,,23.998733,27.507157,23.999,,,,,1,IMF_WEO,,
TUN,Tunisia,1997,24.53,,,,,,,24.53043,,24.53,,,,,1,IMF_WEO,,
TUN,Tunisia,2019,34.44522,,,34.44522,,,,29.531934,,29.532,,,,,1,AMF,,
TUN,Tunisia,2014,27.30015,,,27.30015,,,,27.686653,,27.687,,,,,1,AMF,,
TUN,Tunisia,2002,24.125,,,,,,,24.124738,,24.125,,,,,1,IMF_WEO,,
TUN,Tunisia,2011,27.887,,,,,,,27.887197,33.705626,27.887,,,,,1,IMF_WEO,,
TUN,Tunisia,2021,34.78586,,,34.78586,,,,33.203685,,33.204,,,,,1,AMF,,
TUN,Tunisia,2008,23.67,,,,,,,23.670478,27.78815,23.67,,,,,1,IMF_WEO,,
TUN,Tunisia,2006,22.852,,,,,,,22.852472,,22.852,,,,,1,IMF_WEO,,
TUN,Tunisia,2005,23.039,,,,,,,23.038844,,23.039,,,,,1,IMF_WEO,,
TUN,Tunisia,1993,26.668,,,,,,,26.667952,,26.668,,,,,1,IMF_WEO,,
TUN,Tunisia,1998,24.176,,,,,,,24.176432,,24.176,,,,,1,IMF_WEO,,
TUN,Tunisia,2018,33.41201,,,33.41201,,,,28.68466,,28.685,,,,,1,AMF,,
TUN,Tunisia,2009,24.638,,,,,,,24.637576,27.473363,24.638,,,,,1,IMF_WEO,,
TUN,Tunisia,2028,33.404,,,,,,,,,,33.403999,,,,1,IMF_WEO_forecast,,
TUN,Tunisia,1991,27.628,,,,,,,27.628019,,27.628,,,,,1,IMF_WEO,,
TUN,Tunisia,2027,33.324,,,,,,,,,,33.324001,,,,1,IMF_WEO_forecast,,
TUN,Tunisia,1996,26.677,,,,,,,26.677304,,26.677,,,,,1,IMF_WEO,,
TUN,Tunisia,1992,25.702,,,,,,,25.701688,,25.702,,,,,1,IMF_WEO,,
TUN,Tunisia,2022,36.491,,,,,,,36.491424,,36.491,,,,,1,IMF_WEO,1,4
TUN,Tunisia,2012,28.349,,,,,,,28.34923,34.666044,28.349,,,,,1,IMF_WEO,1,4
TUN,Tunisia,1995,26.577,,,,,,,26.577243,,26.577,,,,,1,IMF_WEO,,
TUN,Tunisia,2017,33.61516,,,33.61516,,,,28.724724,,28.725,,,,,1,AMF,,
TUN,Tunisia,2024,34.485,,,,,,,,,,34.485001,,,,1,IMF_WEO_forecast,1,4
TUN,Tunisia,2029,33.387,,,,,,,,,,33.387001,,,,1,IMF_WEO_forecast,,
TUN,Tunisia,2015,27.95044,,,27.95044,,,,27.444446,,27.444,,,,,1,AMF,,
TUN,Tunisia,2007,23.319,,,,,,,23.318974,,23.319,,,,,1,IMF_WEO,,
TUN,Tunisia,2026,33.028,,,,,,,,,,33.028,,,,1,IMF_WEO_forecast,,
TUN,Tunisia,2016,30.76163,,,30.76163,,,,27.213236,,27.213,,,,,1,AMF,,
TUN,Tunisia,2013,30.90928,,,30.90928,,,,30.797676,,30.798,,,,,1,AMF,,
TUN,Tunisia,2025,33.256,,,,,,,,,,33.256001,,,,1,IMF_WEO_forecast,,
TUR,Turkey,1968,19.0179,,,,,,,19.0179,,,,,,,1,IMF_FPP,,
TUR,Turkey,2024,34.344,,,,,,,,,,34.344002,,,,1,IMF_WEO_forecast,1,3
TUR,Turkey,2003,38.428,,,,,,,38.427955,,38.428,,,,,1,IMF_WEO,,
TUR,Turkey,2012,34.134,,,,,,,34.134114,30.412073,34.134,,,,,1,IMF_WEO,,
TUR,Turkey,2019,35.515,,,,,,,35.514718,36.757733,35.515,,,,,1,IMF_WEO,,
TUR,Turkey,1965,18.9791,,,,,,,18.979099,,,,,,,1,IMF_FPP,,
TUR,Turkey,1964,18.8811,,,,,,,18.8811,,,,,,,1,IMF_FPP,,
TUR,Turkey,1944,,,,,,,,,,,,,,,1,IMF_FPP,,
TUR,Turkey,1990,14.06699,,,,,,,14.066994,,,,,,,1,IMF_FPP,,
TUR,Turkey,1948,17.9399,,,,,,,17.939899,,,,,,,1,IMF_FPP,,
TUR,Turkey,1973,21.7966,,,,,,,21.7966,,,,,,,1,IMF_FPP,,
TUR,Turkey,1958,14.188,,,,,,,14.188,,,,,,,1,IMF_FPP,,
TUR,Turkey,2001,44.037,,,,,,,44.037491,,44.037,,,,,1,IMF_WEO,,
TUR,Turkey,1937,,,,,,,,,,,,,,,1,IMF_FPP,,
TUR,Turkey,1969,20.4839,,,,,,,20.4839,,,,,,,1,IMF_FPP,,
TUR,Turkey,1982,19.1995,,,,,,,19.199499,,,,,,,1,IMF_FPP,,
TUR,Turkey,1938,18.929,,,,,,,18.929001,,,,,,,1,IMF_FPP,,
TUR,Turkey,1997,26.43995,,,,,,,26.439947,,,,,,,1,IMF_FPP,,
TUR,Turkey,1959,15.3303,,,,,,,15.3303,,,,,,,1,IMF_FPP,,
TUR,Turkey,1988,12.87437,,,,,,,12.874368,,,,,,,1,IMF_FPP,,
TUR,Turkey,2009,37.228,,,,,,,37.228079,36.738292,37.228,,,,,1,IMF_WEO,,
TUR,Turkey,1941,,,,,,,,,,,,,,,1,IMF_FPP,,
TUR,Turkey,1947,,,,,,,,,,,,,,,1,IMF_FPP,,
TUR,Turkey,1966,18.9427,,,,,,,18.942699,,,,,,,1,IMF_FPP,,
TUR,Turkey,1963,17.4888,,,,,,,17.4888,,,,,,,1,IMF_FPP,,
TUR,Turkey,2002,41.013,,,,,,,41.013173,,41.013,,,,,1,IMF_WEO,,
TUR,Turkey,2023,38.54724,,,,,,,33.180196,38.547241,,33.18,,,,1,IMF_GFS,1,3
TUR,Turkey,1984,14.1159,,,,,,,14.1159,,,,,,,1,IMF_FPP,,
TUR,Turkey,2025,32.698,,,,,,,,,,32.698002,,,,1,IMF_WEO_forecast,,
TUR,Turkey,1980,25.4621,,,,,,,25.462099,,,,,,,1,IMF_FPP,,
TUR,Turkey,1974,18.9756,,,,,,,18.975599,,,,,,,1,IMF_FPP,,
TUR,Turkey,2013,33.702,,,,,,,33.701655,30.010404,33.702,,,,,1,IMF_WEO,,
TUR,Turkey,2028,31.916,,,,,,,,,,31.916,,,,1,IMF_WEO_forecast,,
TUR,Turkey,2014,32.62,,,,,,,32.619679,29.944479,32.62,,,,,1,IMF_WEO,,
TUR,Turkey,1936,18.9474,,,,,,,18.947399,,,,,,,1,IMF_FPP,,
TUR,Turkey,1951,13.5897,,,,,,,13.5897,,,,,,,1,IMF_FPP,,
TUR,Turkey,2007,32.894,,,,,,,32.893778,,32.894,,,,,1,IMF_WEO,,
TUR,Turkey,2022,27.332,,,,,,,27.33214,31.258422,27.332,,,,,1,IMF_WEO,,
TUR,Turkey,1952,16.791,,,,,,,16.791,,,,,,,1,IMF_FPP,,
TUR,Turkey,1949,22.6154,,,,,,,22.6154,,,,,,,1,IMF_FPP,,
TUR,Turkey,1985,17.98849,,,,,,,17.988491,,,,,,,1,IMF_FPP,,
TUR,Turkey,1940,,,,,,,,,,,,,,,1,IMF_FPP,,
TUR,Turkey,1998,27.86885,,,,,,,27.868855,,,,,,,1,IMF_FPP,,
TUR,Turkey,2006,33.561,,,,,,,33.56137,,33.561,,,,,1,IMF_WEO,,
TUR,Turkey,1970,22.6897,,,,,,,22.689699,,,,,,,1,IMF_FPP,,
TUR,Turkey,1979,28.3395,,,,,,,28.3395,,,,,,,1,IMF_FPP,,
TUR,Turkey,1954,16.0625,,,,,,,16.0625,,,,,,,1,IMF_FPP,,
TUR,Turkey,2020,34.674,,,,,,,34.673811,34.786778,34.674,,,,,1,IMF_WEO,,
TUR,Turkey,1994,20.47599,,,,,,,20.475994,,,,,,,1,IMF_FPP,,
TUR,Turkey,2005,32.112,,,,,,,32.112276,,32.112,,,,,1,IMF_WEO,,
TUR,Turkey,1975,21.9653,,,,,,,21.9653,,,,,,,1,IMF_FPP,,
TUR,Turkey,1993,22.00796,,,,,,,22.007961,,,,,,,1,IMF_FPP,,
TUR,Turkey,1946,,,,,,,,,,,,,,,1,IMF_FPP,,
TUR,Turkey,1939,,,,,,,,,,,,,,,1,IMF_FPP,,
TUR,Turkey,1977,27.81,,,,,,,27.809999,,,,,,,1,IMF_FPP,,
TUR,Turkey,1942,,,,,,,,,,,,,,,1,IMF_FPP,,
TUR,Turkey,1953,14.6795,,,,,,,14.6795,,,,,,,1,IMF_FPP,,
TUR,Turkey,1956,15.7919,,,,,,,15.7919,,,,,,,1,IMF_FPP,,
TUR,Turkey,2004,34.56,,,,,,,34.559509,,34.56,,,,,1,IMF_WEO,,
TUR,Turkey,2026,31.812,,,,,,,,,,31.812,,,,1,IMF_WEO_forecast,,
TUR,Turkey,2027,31.943,,,,,,,,,,31.943001,,,,1,IMF_WEO_forecast,,
TUR,Turkey,1987,13.31988,,,,,,,13.319881,,,,,,,1,IMF_FPP,,
TUR,Turkey,1983,14.8881,,,,,,,14.8881,,,,,,,1,IMF_FPP,,
TUR,Turkey,2016,33.8,,,,,,,33.800214,31.747777,33.8,,,,,1,IMF_WEO,,
TUR,Turkey,1960,15.5745,,,,,,,15.5745,,,,,,,1,IMF_FPP,,
TUR,Turkey,2017,32.611,,,,,,,32.610513,32.600955,32.611,,,,,1,IMF_WEO,,
TUR,Turkey,2000,39.476,,,,,,,39.47556,,39.476,,,,,1,IMF_WEO,,
TUR,Turkey,1996,24.45917,,,,,,,24.459173,,,,,,,1,IMF_FPP,,
TUR,Turkey,1986,12.08656,,,,,,,12.086564,,,,,,,1,IMF_FPP,,
TUR,Turkey,2008,33.695,,,,,,,33.694741,32.402498,33.695,,,,,1,IMF_WEO,,
TUR,Turkey,2018,34.294,,,,,,,34.293767,34.49908,34.294,,,,,1,IMF_WEO,,
TUR,Turkey,1981,23.9944,,,,,,,23.9944,,,,,,,1,IMF_FPP,,
TUR,Turkey,2029,31.903,,,,,,,,,,31.903,,,,1,IMF_WEO_forecast,,
TUR,Turkey,1961,22.8916,,,,,,,22.8916,,,,,,,1,IMF_FPP,,
TUR,Turkey,1976,23.3434,,,,,,,23.343399,,,,,,,1,IMF_FPP,,
TUR,Turkey,1995,19.38593,,,,,,,19.385933,,,,,,,1,IMF_FPP,,
TUR,Turkey,1992,18.58457,,,,,,,18.584574,,,,,,,1,IMF_FPP,,
TUR,Turkey,1950,15.1546,,,,,,,15.1546,,,,,,,1,IMF_FPP,,
TUR,Turkey,1955,17.3298,,,,,,,17.3298,,,,,,,1,IMF_FPP,,
TUR,Turkey,1962,15.734,,,,,,,15.734,,,,,,,1,IMF_FPP,,
TUR,Turkey,1943,18.5273,,,,,,,18.5273,,,,,,,1,IMF_FPP,,
TUR,Turkey,1967,20.099,,,,,,,20.099001,,,,,,,1,IMF_FPP,,
TUR,Turkey,1957,14.1497,,,,,,,14.1497,,,,,,,1,IMF_FPP,,
TUR,Turkey,1971,24.7594,,,,,,,24.759399,,,,,,,1,IMF_FPP,,
TUR,Turkey,1991,18.23761,,,,,,,18.237614,,,,,,,1,IMF_FPP,,
TUR,Turkey,2015,32.469,,,,,,,32.468939,29.764884,32.469,,,,,1,IMF_WEO,,
TUR,Turkey,1989,13.75297,,,,,,,13.752974,,,,,,,1,IMF_FPP,,
TUR,Turkey,2010,35.478,,,,,,,35.477901,33.79284,35.478,,,,,1,IMF_WEO,,
TUR,Turkey,1972,21.9397,,,,,,,21.939699,,,,,,,1,IMF_FPP,,
TUR,Turkey,2011,32.812,,,,,,,32.811805,31.216106,32.812,,,,,1,IMF_WEO,,
TUR,Turkey,1978,27.6054,,,,,,,27.6054,,,,,,,1,IMF_FPP,,
TUR,Turkey,1945,10.4704,,,,,,,10.4704,,,,,,,1,IMF_FPP,,
TUR,Turkey,1999,32.74355,,,,,,,32.743553,,,,,,,1,IMF_FPP,1,3
TUR,Turkey,2021,31.283,,,,,,,31.283235,31.438529,31.283,,,,,1,IMF_WEO,,
TUV,Tuvalu,2018,125.978,,,,,,,,,125.978,,,,,1,IMF_WEO,,
TUV,Tuvalu,2019,112.759,,,,,,,,,112.759,,,,,1,IMF_WEO,,
TUV,Tuvalu,2025,99.448,,,,,,,,,,99.447998,,,,1,IMF_WEO_forecast,,
TUV,Tuvalu,2023,103.07,,,,,,,,,,103.07,,,,1,IMF_WEO_forecast,1,1
TUV,Tuvalu,2007,88.567,,,,,,,,,88.567,,,,,1,IMF_WEO,,
TUV,Tuvalu,2021,112.267,117.62063,,,,,,,,112.267,,,,,1,IMF_WEO,,
TUV,Tuvalu,2020,119.45,141.21223,,,,,,,,119.45,,,,,1,IMF_WEO,,
TUV,Tuvalu,2016,119.601,149.99036,,,,,,,,119.601,,,,,1,IMF_WEO,,
TUV,Tuvalu,2024,103.465,,,,,,,,,,103.465,,,,1,IMF_WEO_forecast,,
TUV,Tuvalu,2026,96.98,,,,,,,,,,96.980003,,,,1,IMF_WEO_forecast,,
TUV,Tuvalu,2013,80.202,96.675159,,,,,,,,80.202,,,,,1,IMF_WEO,,
TUV,Tuvalu,2015,116.943,144.02549,,,,,,,,116.943,,,,,1,IMF_WEO,,
TUV,Tuvalu,2008,85.838,,,,,,,,,85.838,,,,,1,IMF_WEO,,
TUV,Tuvalu,2011,77.21,,,,,,,,,77.21,,,,,1,IMF_WEO,,
TUV,Tuvalu,2027,95.115,,,,,,,,,,95.114998,,,,1,IMF_WEO_forecast,,
TUV,Tuvalu,2012,76.845,93.787916,,,,,,,,76.845,,,,,1,IMF_WEO,,
TUV,Tuvalu,2029,94.227,,,,,,,,,,94.226997,,,,1,IMF_WEO_forecast,,
TUV,Tuvalu,2004,74.106,,,,,,,,,74.106,,,,,1,IMF_WEO,,
TUV,Tuvalu,2010,93.928,,,,,,,,,93.928,,,,,1,IMF_WEO,,
TUV,Tuvalu,2005,82.116,,,,,,,,,82.116,,,,,1,IMF_WEO,,
TUV,Tuvalu,2028,94.754,,,,,,,,,,94.753998,,,,1,IMF_WEO_forecast,,
TUV,Tuvalu,2017,106.447,,,,,,,,,106.447,,,,,1,IMF_WEO,,
TUV,Tuvalu,2009,99.975,,,,,,,,,99.975,,,,,1,IMF_WEO,,
TUV,Tuvalu,2022,103.168,,,,,,,,,103.168,,,,,1,IMF_WEO,,
TUV,Tuvalu,2014,96.79,111.43371,,,,,,,,96.79,,,,,1,IMF_WEO,,
TUV,Tuvalu,2006,98.519,,,,,,,,,98.519,,,,,1,IMF_WEO,,
TWN,Taiwan,2002,22.06,15.602614,,,,,,,,22.06,,,,,1,IMF_WEO,,
TWN,Taiwan,2005,20.925,14.704227,,,,,,,,20.925,,,,,1,IMF_WEO,,
TWN,Taiwan,1992,29.207,,,,,,,,,29.207,,,,,1,IMF_WEO,,
TWN,Taiwan,2009,22.556,15.391451,,,,,,,,22.556,,,,,1,IMF_WEO,,
TWN,Taiwan,2003,22.173,14.831524,,,,,,,,22.173,,,,,1,IMF_WEO,,
TWN,Taiwan,2025,17.956,,,,,,,,,,17.955999,,,,1,IMF_WEO_forecast,,
TWN,Taiwan,1982,26.247,,,,,,,,,26.247,,,,,1,IMF_WEO,,
TWN,Taiwan,2020,18.162,11.3,,,,,,,,18.162,,,,,1,IMF_WEO,,
TWN,Taiwan,2010,20.138,13.384593,,,,,,,,20.138,,,,,1,IMF_WEO,,
TWN,Taiwan,1981,25.388,,,,,,,,,25.388,,,,,1,IMF_WEO,,
TWN,Taiwan,2028,19.066,,,,,,,,,,19.066,,,,1,IMF_WEO_forecast,,
TWN,Taiwan,1985,23.415,,,,,,,,,23.415,,,,,1,IMF_WEO,,
TWN,Taiwan,2013,19.336,12.510144,,,,,,,,19.336,,,,,1,IMF_WEO,,
TWN,Taiwan,2027,18.696,,,,,,,,,,18.695999,,,,1,IMF_WEO_forecast,,
TWN,Taiwan,1997,27.057,,,,,,,,,27.057,,,,,1,IMF_WEO,,
TWN,Taiwan,2017,17.332,10.9,,,,,,,,17.332,,,,,1,IMF_WEO,,
TWN,Taiwan,1993,28.893,,,,,,,,,28.893,,,,,1,IMF_WEO,,
TWN,Taiwan,2021,17.394,9.7,,,,,,,,17.394,,,,,1,IMF_WEO,,
TWN,Taiwan,2029,19.436,,,,,,,,,,19.436001,,,,1,IMF_WEO_forecast,,
TWN,Taiwan,2026,18.326,,,,,,,,,,18.326,,,,1,IMF_WEO_forecast,,
TWN,Taiwan,2019,17.281,10.6,,,,,,,,17.281,,,,,1,IMF_WEO,,
TWN,Taiwan,1980,24.801,,,,,,,,,24.801,,,,,1,IMF_WEO,,
TWN,Taiwan,2007,19.02,12.524771,,,,,,,,19.02,,,,,1,IMF_WEO,,
TWN,Taiwan,2008,19.752,13.385186,,,,,,,,19.752,,,,,1,IMF_WEO,,
TWN,Taiwan,2001,24.332,18.646309,,,,,,,,24.332,,,,,1,IMF_WEO,,
TWN,Taiwan,1999,22.792,,,,,,,,,22.792,,,,,1,IMF_WEO,,
TWN,Taiwan,1990,28.407,,,,,,,,,28.407,,,,,1,IMF_WEO,,
TWN,Taiwan,2004,21.243,14.229611,,,,,,,,21.243,,,,,1,IMF_WEO,,
TWN,Taiwan,1987,21.185,,,,,,,,,21.185,,,,,1,IMF_WEO,,
TWN,Taiwan,1994,28.364,,,,,,,,,28.364,,,,,1,IMF_WEO,,
TWN,Taiwan,1995,27.855,,,,,,,,,27.855,,,,,1,IMF_WEO,,
TWN,Taiwan,2000,32.293,22.259661,,,,,,,,32.293,,,,,1,IMF_WEO,,
TWN,Taiwan,1986,21.464,,,,,,,,,21.464,,,,,1,IMF_WEO,,
TWN,Taiwan,2018,17.369,11.1,,,,,,,,17.369,,,,,1,IMF_WEO,,
TWN,Taiwan,2011,20.204,13.304398,,,,,,,,20.204,,,,,1,IMF_WEO,,
TWN,Taiwan,1991,30.165,,,,,,,,,30.165,,,,,1,IMF_WEO,,
TWN,Taiwan,1984,22.913,,,,,,,,,22.913,,,,,1,IMF_WEO,,
TWN,Taiwan,1988,22.834,,,,,,,,,22.834,,,,,1,IMF_WEO,,
TWN,Taiwan,1983,23.127,,,,,,,,,23.127,,,,,1,IMF_WEO,,
TWN,Taiwan,1996,27.109,,,,,,,,,27.109,,,,,1,IMF_WEO,,
TWN,Taiwan,1998,27.16,,,,,,,,,27.16,,,,,1,IMF_WEO,,
TWN,Taiwan,2012,20.128,13.720277,,,,,,,,20.128,,,,,1,IMF_WEO,,
TWN,Taiwan,2023,19.019,,,,,,,,,,19.018999,,,,1,IMF_WEO_forecast,1,1
TWN,Taiwan,1989,32.608,,,,,,,,,32.608,,,,,1,IMF_WEO,,
TWN,Taiwan,2016,17.521,11.2,,,,,,,,17.521,,,,,1,IMF_WEO,,
TWN,Taiwan,2014,18.156,11.611542,,,,,,,,18.156,,,,,1,IMF_WEO,,
TWN,Taiwan,2022,17.987,,,,,,,,,17.987,,,,,1,IMF_WEO,,
TWN,Taiwan,2015,17.393,11.2,,,,,,,,17.393,,,,,1,IMF_WEO,,
TWN,Taiwan,2024,17.586,,,,,,,,,,17.586,,,,1,IMF_WEO_forecast,,
TWN,Taiwan,2006,19.494,12.778595,,,,,,,,19.494,,,,,1,IMF_WEO,,
TZA,Tanzania,2001,12.377,,,,,,,12.376909,,12.377,,,,,1,IMF_WEO,,
TZA,Tanzania,2000,12.324,,,,,,,12.32426,,12.324,,,,,1,IMF_WEO,,
TZA,Tanzania,2018,17.278,,,,,,,17.277817,,17.278,,,,,1,IMF_WEO,,
TZA,Tanzania,2011,19.03,,,,,,,19.029777,,19.03,,,,,1,IMF_WEO,,
TZA,Tanzania,1991,14.163,,,,,,,14.163443,,14.163,,,,,1,IMF_WEO,,
TZA,Tanzania,2025,19.185,,,,,,,,,,19.184999,,,,1,IMF_WEO_forecast,,
TZA,Tanzania,2009,19.579,,,,,,,19.578771,,19.579,,,,,1,IMF_WEO,,
TZA,Tanzania,2017,16.35,,,,,,,16.350382,,16.35,,,,,1,IMF_WEO,,
TZA,Tanzania,2027,19.228,,,,,,,,,,19.228001,,,,1,IMF_WEO_forecast,,
TZA,Tanzania,2004,17.023,,,,,,,17.022992,,17.023,,,,,1,IMF_WEO,,
TZA,Tanzania,2014,17.289,,,,,,,17.288562,16.926426,17.289,,,,,1,IMF_WEO,,
TZA,Tanzania,1993,16.41,,,,,,,16.409783,,16.41,,,,,1,IMF_WEO,,
TZA,Tanzania,1994,16.754,,,,,,,16.753793,,16.754,,,,,1,IMF_WEO,,
TZA,Tanzania,1995,15.576,,,,,,,15.575897,,15.576,,,,,1,IMF_WEO,,
TZA,Tanzania,2024,18.959,,,,,,,,,,18.959,,,,1,IMF_WEO_forecast,1,2
TZA,Tanzania,2016,16.911,,,,,,,16.910659,,16.911,,,,,1,IMF_WEO,,
TZA,Tanzania,2002,13.609,,,,,,,13.609286,,13.609,,,,,1,IMF_WEO,,
TZA,Tanzania,1996,13.376,,,,,,,13.37637,,13.376,,,,,1,IMF_WEO,,
TZA,Tanzania,2029,19.147,,,,,,,,,,19.146999,,,,1,IMF_WEO_forecast,,
TZA,Tanzania,2026,19.258,,,,,,,,,,19.257999,,,,1,IMF_WEO_forecast,,
TZA,Tanzania,2015,17.151,,,,,,,17.150793,,17.151,,,,,1,IMF_WEO,,
TZA,Tanzania,1997,12.828,,,,,,,12.828483,,12.828,,,,,1,IMF_WEO,,
TZA,Tanzania,2021,18.402,,,,,,,18.402086,,18.402,,,,,1,IMF_WEO,,
TZA,Tanzania,2005,18.314,,,,,,,18.313674,,18.314,,,,,1,IMF_WEO,,
TZA,Tanzania,2020,17.441,,,,,,,17.441164,,17.441,,,,,1,IMF_WEO,,
TZA,Tanzania,2028,19.19,,,,,,,,,,19.190001,,,,1,IMF_WEO_forecast,,
TZA,Tanzania,1998,11.371,,,,,,,11.371247,,11.371,,,,,1,IMF_WEO,,
TZA,Tanzania,2003,15.364,,,,,,,15.363676,,15.364,,,,,1,IMF_WEO,,
TZA,Tanzania,2022,19.12,,,,,,,19.120259,,19.12,,,,,1,IMF_WEO,,
TZA,Tanzania,2010,19.805,,,,,,,19.804702,,19.805,,,,,1,IMF_WEO,,
TZA,Tanzania,1999,12.761,,,,,,,12.760567,,12.761,,,,,1,IMF_WEO,,
TZA,Tanzania,2008,18.084,,,,,,,18.08369,,18.084,,,,,1,IMF_WEO,,
TZA,Tanzania,2007,17.83,,,,,,,17.829827,,17.83,,,,,1,IMF_WEO,,
TZA,Tanzania,2013,18.792,,,,,,,18.791762,,18.792,,,,,1,IMF_WEO,,
TZA,Tanzania,2012,19.577,,,,,,,19.576912,,19.577,,,,,1,IMF_WEO,,
TZA,Tanzania,2006,17.618,,,,,,,17.618024,,17.618,,,,,1,IMF_WEO,,
TZA,Tanzania,2023,18.99267,,,,,,,18.992673,,,18.993,,,,1,IMF_FPP,1,2
TZA,Tanzania,1992,17.58,,,,,,,17.579874,,17.58,,,,,1,IMF_WEO,,
TZA,Tanzania,2019,17.284,,,,,,,17.28416,,17.284,,,,,1,IMF_WEO,,
UGA,Uganda,2018,16.184,,,,,,,16.184366,11.224022,16.184,,,,,1,IMF_WEO,,
UGA,Uganda,2015,14.891,,,,,,,14.890979,10.285719,14.891,,,,,1,IMF_WEO,,
UGA,Uganda,2004,15.593,,,,,,,15.592927,,15.593,,,,,1,IMF_WEO,,
UGA,Uganda,2000,15.229,,,,,,,15.229002,,15.229,,,,,1,IMF_WEO,,
UGA,Uganda,1998,13.951,,,,,,,13.951051,,13.951,,,,,1,IMF_WEO,,
UGA,Uganda,2021,21.448,,,,,,,21.448406,14.817555,21.448,,,,,1,IMF_WEO,,
UGA,Uganda,2008,12.946,,,,,,,12.945768,,12.946,,,,,1,IMF_WEO,,
UGA,Uganda,2028,19.115,,,,,,,,,,19.115,,,,1,IMF_WEO_forecast,,
UGA,Uganda,2012,13.118,,,,,,,13.117621,,13.118,,,,,1,IMF_WEO,,
UGA,Uganda,2022,20.167,,,,,,,20.16743,15.482633,20.167,,,,,1,IMF_WEO,,
UGA,Uganda,2007,13.232,,,,,,,13.232021,,13.232,,,,,1,IMF_WEO,,
UGA,Uganda,2029,19.937,,,,,,,,,,19.937,,,,1,IMF_WEO_forecast,,
UGA,Uganda,2019,18.27,,,,,,,18.270297,12.634452,18.27,,,,,1,IMF_WEO,,
UGA,Uganda,2006,13.695,,,,,,,13.69479,,13.695,,,,,1,IMF_WEO,,
UGA,Uganda,2014,13.565,,,,,,,13.565045,,13.565,,,,,1,IMF_WEO,,
UGA,Uganda,2003,16.459,,,,,,,16.458964,,16.459,,,,,1,IMF_WEO,,
UGA,Uganda,2025,19.694,,,,,,,,,,19.694,,,,1,IMF_WEO_forecast,,
UGA,Uganda,2002,16.761,,,,,,,16.761234,,16.761,,,,,1,IMF_WEO,,
UGA,Uganda,2024,19.724,,,,,,,,,,19.724001,,,,1,IMF_WEO_forecast,,
UGA,Uganda,2016,15.186,,,,,,,15.186264,11.104236,15.186,,,,,1,IMF_WEO,,
UGA,Uganda,1997,13.862,,,,,,,13.862234,,13.862,,,,,1,IMF_WEO,,
UGA,Uganda,1999,14.712,,,,,,,14.712033,,14.712,,,,,1,IMF_WEO,,
UGA,Uganda,2009,11.756,,,,,,,11.756437,,11.756,,,,,1,IMF_WEO,,
UGA,Uganda,2010,15.424,,,,,,,15.424,,15.424,,,,,1,IMF_WEO,,
UGA,Uganda,2005,14.471,,,,,,,14.471193,,14.471,,,,,1,IMF_WEO,,
UGA,Uganda,2020,21.441,,,,,,,21.440869,13.491916,21.441,,,,,1,IMF_WEO,,
UGA,Uganda,2001,16.206,,,,,,,16.206207,,16.206,,,,,1,IMF_WEO,,
UGA,Uganda,2013,13.303,,,,,,,13.302631,,13.303,,,,,1,IMF_WEO,,
UGA,Uganda,2023,19.187,,,,,,,19.186836,15.579042,,19.187,,,,1,IMF_WEO_forecast,1,1
UGA,Uganda,2011,13.174,,,,,,,13.174309,,13.174,,,,,1,IMF_WEO,,
UGA,Uganda,2017,16.285,,,,,,,16.285495,10.826668,16.285,,,,,1,IMF_WEO,,
UGA,Uganda,2026,18.384,,,,,,,,,,18.384001,,,,1,IMF_WEO_forecast,,
UGA,Uganda,2027,18.761,,,,,,,,,,18.761,,,,1,IMF_WEO_forecast,,
UKR,Ukraine,2009,48.623,,,,,,,48.623277,47.105327,48.623,,,,,1,IMF_WEO,,
UKR,Ukraine,2010,49.15,,,,,,,49.150134,47.037493,49.15,,,,,1,IMF_WEO,,
UKR,Ukraine,2015,43.043,,,,,,,43.043498,41.332543,43.043,,,,,1,IMF_WEO,,
UKR,Ukraine,2019,41.503,,,,,,,41.502933,39.039293,41.503,,,,,1,IMF_WEO,,
UKR,Ukraine,2027,44.714,,,,,,,,,,44.714001,,,,1,IMF_WEO_forecast,,
UKR,Ukraine,2001,36.676,,,,,,,36.676465,34.009251,36.676,,,,,1,IMF_WEO,,
UKR,Ukraine,2012,48.972,,,,,,,48.972391,47.087819,48.972,,,,,1,IMF_WEO,,
UKR,Ukraine,2022,65.394,,,,,,,65.393967,63.951909,65.394,,,,,1,IMF_WEO,,
UKR,Ukraine,2020,45.6,,,,,,,45.600158,43.087252,45.6,,,,,1,IMF_WEO,,
UKR,Ukraine,2018,41.921,,,,,,,41.921487,39.338772,41.921,,,,,1,IMF_WEO,,
UKR,Ukraine,2011,45.7,,,,,,,45.700316,43.681333,45.7,,,,,1,IMF_WEO,,
UKR,Ukraine,2004,41.618,,,,,,,41.618108,38.023129,41.618,,,,,1,IMF_WEO,,
UKR,Ukraine,2006,44.587,,,,,,,44.586746,42.40378,44.587,,,,,1,IMF_WEO,,
UKR,Ukraine,2007,43.658,,,,,,,43.658213,40.435015,43.658,,,,,1,IMF_WEO,,
UKR,Ukraine,2003,38.881,,,,,,,38.881464,35.638401,38.881,,,,,1,IMF_WEO,,
UKR,Ukraine,2017,41.67,,,,,,,41.669989,39.50135,41.67,,,,,1,IMF_WEO,,
UKR,Ukraine,2014,44.774,,,,,,,44.773891,43.982419,44.774,,,,,1,IMF_WEO,,
UKR,Ukraine,2026,49.726,,,,,,,,,,49.726002,,,,1,IMF_WEO_forecast,,
UKR,Ukraine,2028,43.871,,,,,,,,,,43.870998,,,,1,IMF_WEO_forecast,,
UKR,Ukraine,2000,35.465,,,,,,,35.464769,,35.465,,,,,1,IMF_WEO,,
UKR,Ukraine,1997,40.818,,,,,,,40.817628,,40.818,,,,,1,IMF_WEO,,
UKR,Ukraine,1998,37.086,,,,,,,37.085823,,37.086,,,,,1,IMF_WEO,,
UKR,Ukraine,2008,47.113,,,,,,,47.112903,42.668133,47.113,,,,,1,IMF_WEO,,
UKR,Ukraine,2023,71.89843,,,,,,,74.415917,71.898428,,74.416,,,,1,IMF_GFS,1,2
UKR,Ukraine,2016,40.785,,,,,,,40.785342,38.285002,40.785,,,,,1,IMF_WEO,,
UKR,Ukraine,1995,41.29,,,,,,,41.29026,,41.29,,,,,1,IMF_WEO,,
UKR,Ukraine,2025,59.183,,,,,,,,,,59.182999,,,,1,IMF_WEO_forecast,,
UKR,Ukraine,1999,25.849,,,,,,,25.848898,,25.849,,,,,1,IMF_WEO,,
UKR,Ukraine,2029,43.274,,,,,,,,,,43.273998,,,,1,IMF_WEO_forecast,,
UKR,Ukraine,1996,36.895,,,,,,,36.894693,,36.895,,,,,1,IMF_WEO,,
UKR,Ukraine,2005,44.194,,,,,,,44.193961,41.560358,44.194,,,,,1,IMF_WEO,,
UKR,Ukraine,2013,48.11,,,,,,,48.109539,46.508253,48.11,,,,,1,IMF_WEO,,
UKR,Ukraine,2002,37.882,,,,,,,37.88233,35.148996,37.882,,,,,1,IMF_WEO,,
UKR,Ukraine,2021,40.488,,,,,,,40.487631,38.552016,40.488,,,,,1,IMF_WEO,,
UKR,Ukraine,2024,63.847,,,,,,,,,,63.847,,,,1,IMF_WEO_forecast,1,2
URY,Uruguay,1997,27.5554,,,,,,,27.555401,,,,,,,1,IMF_FPP,,
URY,Uruguay,1986,25.0562,,,,,,,25.0562,,,,,,,1,IMF_FPP,,
URY,Uruguay,1974,23.8451,,,,,,,23.8451,,,,,,,1,IMF_FPP,,
URY,Uruguay,2022,30.188,,,,,,,30.188352,,30.188,,,,,1,IMF_WEO,,
URY,Uruguay,1994,29.5013,,,,,,,29.501301,,,,,,,1,IMF_FPP,,
URY,Uruguay,1973,22.6474,,,,,,,22.6474,,,,,,,1,IMF_FPP,,
URY,Uruguay,2010,27.4,,,,,,,27.400296,,27.4,,,,,1,IMF_WEO,,
URY,Uruguay,2028,30.152,,,,,,,,,,30.152,,,,1,IMF_WEO_forecast,,
URY,Uruguay,1963,14.558,,,,,,,14.558,,,,,,,1,IMF_FPP,,
URY,Uruguay,1993,27.7241,,,,,,,27.7241,,,,,,,1,IMF_FPP,,
URY,Uruguay,2023,30.76206,,,,,,,30.762061,,,30.761999,,,,1,IMF_FPP,1,3
URY,Uruguay,1959,9.50931,,,,,,,9.5093098,,,,,,,1,IMF_FPP,,
URY,Uruguay,1962,16.0053,,,,,,,16.005301,,,,,,,1,IMF_FPP,,
URY,Uruguay,2001,27.817,,,,,,,27.81696,,27.817,,,,,1,IMF_WEO,,
URY,Uruguay,2018,30.342,,,,,,,30.342266,,30.342,,,,,1,IMF_WEO,,
URY,Uruguay,1988,25.9721,,,,,,,25.972099,,,,,,,1,IMF_FPP,,
URY,Uruguay,1991,22.2261,,,,,,,22.226101,,,,,,,1,IMF_FPP,,
URY,Uruguay,2024,31.516,,,,,,,,,,31.516001,,,,1,IMF_WEO_forecast,1,3
URY,Uruguay,1966,14.0562,,,,,,,14.0562,,,,,,,1,IMF_FPP,,
URY,Uruguay,2015,28.351,,,,,,,28.350988,,28.351,,,,,1,IMF_WEO,,
URY,Uruguay,2009,27.193,,,,,,,27.193434,,27.193,,,,,1,IMF_WEO,,
URY,Uruguay,2026,30.47,,,,,,,,,,30.469999,,,,1,IMF_WEO_forecast,,
URY,Uruguay,1964,14.2515,,,,,,,14.2515,,,,,,,1,IMF_FPP,,
URY,Uruguay,1967,14.7059,,,,,,,14.7059,,,,,,,1,IMF_FPP,,
URY,Uruguay,1983,26.4571,,,,,,,26.4571,,,,,,,1,IMF_FPP,,
URY,Uruguay,1984,25.6089,,,,,,,25.6089,,,,,,,1,IMF_FPP,,
URY,Uruguay,1968,14.1333,,,,,,,14.1333,,,,,,,1,IMF_FPP,,
URY,Uruguay,1987,24.4431,,,,,,,24.4431,,,,,,,1,IMF_FPP,,
URY,Uruguay,1996,26.5277,,,,,,,26.5277,,,,,,,1,IMF_FPP,,
URY,Uruguay,1979,20.1544,,,,,,,20.1544,,,,,,,1,IMF_FPP,,
URY,Uruguay,2017,29.727,,,,,,,29.727439,,29.727,,,,,1,IMF_WEO,,
URY,Uruguay,1970,15.1414,,,,,,,15.1414,,,,,,,1,IMF_FPP,,
URY,Uruguay,1972,24.6377,,,,,,,24.637699,,,,,,,1,IMF_FPP,,
URY,Uruguay,2012,27.678,,,,,,,27.678101,,27.678,,,,,1,IMF_WEO,,
URY,Uruguay,2002,27.598,,,,,,,27.598367,,27.598,,,,,1,IMF_WEO,,
URY,Uruguay,1958,11.9559,,,,,,,11.9559,,,,,,,1,IMF_FPP,,
URY,Uruguay,2013,28.827,,,,,,,28.826562,,28.827,,,,,1,IMF_WEO,,
URY,Uruguay,1975,22.9855,,,,,,,22.9855,,,,,,,1,IMF_FPP,,
URY,Uruguay,1985,24.6346,,,,,,,24.6346,,,,,,,1,IMF_FPP,,
URY,Uruguay,1999,27.222,,,,,,,27.221859,,27.222,,,,,1,IMF_WEO,,
URY,Uruguay,2020,32.727,,,,,,,32.726811,,32.727,,,,,1,IMF_WEO,,
URY,Uruguay,2003,27.731,,,,,,,27.730741,,27.731,,,,,1,IMF_WEO,,
URY,Uruguay,2029,30.144,,,,,,,,,,30.143999,,,,1,IMF_WEO_forecast,,
URY,Uruguay,1969,14.6245,,,,,,,14.6245,,,,,,,1,IMF_FPP,,
URY,Uruguay,1977,23.4848,,,,,,,23.4848,,,,,,,1,IMF_FPP,,
URY,Uruguay,2016,29.668,,,,,,,29.667967,,29.668,,,,,1,IMF_WEO,,
URY,Uruguay,2004,26.612,,,,,,,26.612323,,26.612,,,,,1,IMF_WEO,,
URY,Uruguay,2011,26.329,,,,,,,26.328641,,26.329,,,,,1,IMF_WEO,,
URY,Uruguay,2000,26.564,,,,,,,26.564275,,26.564,,,,,1,IMF_WEO,,
URY,Uruguay,1955,10.9735,,,,,,,10.9735,,,,,,,1,IMF_FPP,,
URY,Uruguay,1978,22.8516,,,,,,,22.851601,,,,,,,1,IMF_FPP,,
URY,Uruguay,1957,11.5887,,,,,,,11.5887,,,,,,,1,IMF_FPP,,
URY,Uruguay,1992,23.6283,,,,,,,23.6283,,,,,,,1,IMF_FPP,,
URY,Uruguay,1980,21.8004,,,,,,,21.8004,,,,,,,1,IMF_FPP,,
URY,Uruguay,2007,26.752,,,,,,,26.752361,,26.752,,,,,1,IMF_WEO,,
URY,Uruguay,1995,26.1545,,,,,,,26.154499,,,,,,,1,IMF_FPP,,
URY,Uruguay,1990,21.1406,,,,,,,21.1406,,,,,,,1,IMF_FPP,,
URY,Uruguay,1981,25,,,,,,,25,,,,,,,1,IMF_FPP,,
URY,Uruguay,1961,13.0231,,,,,,,13.0231,,,,,,,1,IMF_FPP,,
URY,Uruguay,1982,29.5349,,,,,,,29.534901,,,,,,,1,IMF_FPP,,
URY,Uruguay,2021,30.185,,,,,,,30.185281,,30.185,,,,,1,IMF_WEO,,
URY,Uruguay,2008,26.292,,,,,,,26.292361,,26.292,,,,,1,IMF_WEO,,
URY,Uruguay,1965,15.6191,,,,,,,15.6191,,,,,,,1,IMF_FPP,,
URY,Uruguay,1956,9.99419,,,,,,,9.9941902,,,,,,,1,IMF_FPP,,
URY,Uruguay,2005,26.274,,,,,,,26.273707,,26.274,,,,,1,IMF_WEO,,
URY,Uruguay,1960,9.90441,,,,,,,9.9044104,,,,,,,1,IMF_FPP,,
URY,Uruguay,2014,29.096,,,,,,,29.095605,,29.096,,,,,1,IMF_WEO,,
URY,Uruguay,1971,20.1288,,,,,,,20.128799,,,,,,,1,IMF_FPP,,
URY,Uruguay,2019,30.575,,,,,,,30.575208,,30.575,,,,,1,IMF_WEO,,
URY,Uruguay,2027,30.286,,,,,,,,,,30.285999,,,,1,IMF_WEO_forecast,,
URY,Uruguay,2006,26.827,,,,,,,26.826784,,26.827,,,,,1,IMF_WEO,,
URY,Uruguay,1989,37.0324,,,,,,,37.032398,,,,,,,1,IMF_FPP,,
URY,Uruguay,1998,27.3372,,,,,,,27.3372,,,,,,,1,IMF_FPP,1,3
URY,Uruguay,2025,30.643,,,,,,,,,,30.643,,,,1,IMF_WEO_forecast,,
URY,Uruguay,1976,24.1652,,,,,,,24.165199,,,,,,,1,IMF_FPP,,
USA,United States,1833,2.143291,,,,,,,1.77334,,,,,,,1.208618,IMF_FPP,,
USA,United States,1901,2.931128,,,,,,,2.42519,,,,,,,1.208618,IMF_FPP,,
USA,United States,1817,3.117002,,,,,,,2.57898,,,,,,,1.208618,IMF_FPP,,
USA,United States,1884,2.413344,,,,,,,1.99678,,,,,,,1.208618,IMF_FPP,,
USA,United States,1851,2.127748,,,,,,,1.76048,,,,,,,1.208618,IMF_FPP,,
USA,United States,1917,4.536838,,,,,,,3.7537401,,,,,,,1.208618,IMF_FPP,,
USA,United States,1981,35.9636,,,,,,,33.887157,,,,35.9636,,,1,OECD_EO,,
USA,United States,1962,31.51955,,,,,,,26.016935,,,,31.519552,,,1,OECD_EO,,
USA,United States,1896,2.783121,,,,,,,2.3027301,,,,,,,1.208618,IMF_FPP,,
USA,United States,1906,2.287044,,,,,,,1.89228,,,,,,,1.208618,IMF_FPP,,
USA,United States,1951,27.39714,,,,,,,22.668154,,,,,,,1.208618,IMF_FPP,,
USA,United States,1873,3.773293,,,,,,,3.12199,,,,,,,1.208618,IMF_FPP,,
USA,United States,2024,40.07215,,,,,,,,,,37.526001,40.072148,,,1,OECD_EO,,
USA,United States,1936,20.42099,,,,,,,16.896145,,,,,,,1.208618,IMF_FPP,,
USA,United States,1802,1.939216,,,,,,,1.60449,,,,,,,1.208618,IMF_FPP,,
USA,United States,1989,37.02317,,,,,,,33.723602,,,,37.023169,,,1,OECD_EO,,
USA,United States,2019,38.35065,,,,,,,35.810775,35.70856,35.811,,38.35065,,,1,OECD_EO,,
USA,United States,1992,39.68432,,,,,,,36.744984,33.152795,,,39.684323,,,1,OECD_EO,,
USA,United States,2025,40.34597,,,,,,,,,,37.383999,40.345975,,,1,OECD_EO,,
USA,United States,2001,35.80748,,,,,,,32.801414,32.896136,32.801,,35.807479,,,1,OECD_EO,,
USA,United States,1818,2.936374,,,,,,,2.4295299,,,,,,,1.208618,IMF_FPP,,
USA,United States,1899,3.950199,,,,,,,3.2683599,,,,,,,1.208618,IMF_FPP,,
USA,United States,1928,3.697138,,,,,,,3.05898,,,,,,,1.208618,IMF_FPP,,
USA,United States,2008,39.86842,,,,,,,37.144082,36.675006,37.144,,39.868415,,,1,OECD_EO,,
USA,United States,1908,3.036955,,,,,,,2.5127499,,,,,,,1.208618,IMF_FPP,,
USA,United States,1857,1.898509,,,,,,,1.57081,,,,,,,1.208618,IMF_FPP,,
USA,United States,1837,2.459707,,,,,,,2.03514,,,,,,,1.208618,IMF_FPP,,
USA,United States,1929,10.03483,,,,,,,8.3027277,,,,,,,1.208618,IMF_FPP,,
USA,United States,1894,3.260646,,,,,,,2.69783,,,,,,,1.208618,IMF_FPP,,
USA,United States,1986,38.15437,,,,,,,34.832394,,,,38.154372,,,1,OECD_EO,,
USA,United States,1935,22.22499,,,,,,,18.388762,,,,,,,1.208618,IMF_FPP,,
USA,United States,1826,2.329188,,,,,,,1.92715,,,,,,,1.208618,IMF_FPP,,
USA,United States,1891,2.841135,,,,,,,2.3507299,,,,,,,1.208618,IMF_FPP,,
USA,United States,1842,1.824216,,,,,,,1.50934,,,,,,,1.208618,IMF_FPP,,
USA,United States,1925,3.868363,,,,,,,3.20065,,,,,,,1.208618,IMF_FPP,,
USA,United States,1854,1.807633,,,,,,,1.49562,,,,,,,1.208618,IMF_FPP,,
USA,United States,1979,33.86533,,,,,,,32.044052,,,,33.865332,,,1,OECD_EO,,
USA,United States,1889,2.48626,,,,,,,2.0571101,,,,,,,1.208618,IMF_FPP,,
USA,United States,1946,31.46013,,,,,,,26.02984,,,,,,,1.208618,IMF_FPP,,
USA,United States,1883,2.56499,,,,,,,2.1222501,,,,,,,1.208618,IMF_FPP,,
USA,United States,1888,2.37074,,,,,,,1.96153,,,,,,,1.208618,IMF_FPP,,
USA,United States,1945,44.2505,,,,,,,36.612473,,,,,,,1.208618,IMF_FPP,,
USA,United States,1961,31.40287,,,,,,,25.85302,,,,31.40287,,,1,OECD_EO,,
USA,United States,1843,.8760269,,,,,,,.72481698,,,,,,,1.208618,IMF_FPP,,
USA,United States,1964,30.73177,,,,,,,25.573151,,,,30.731773,,,1,OECD_EO,,
USA,United States,1875,3.920092,,,,,,,3.2434499,,,,,,,1.208618,IMF_FPP,,
USA,United States,1869,4.542204,,,,,,,3.7581799,,,,,,,1.208618,IMF_FPP,,
USA,United States,1966,31.15437,,,,,,,26.289318,,,,31.154373,,,1,OECD_EO,,
USA,United States,1893,3.048594,,,,,,,2.5223801,,,,,,,1.208618,IMF_FPP,,
USA,United States,1881,2.661788,,,,,,,2.2023399,,,,,,,1.208618,IMF_FPP,,
USA,United States,1845,1.417286,,,,,,,1.17265,,,,,,,1.208618,IMF_FPP,,
USA,United States,1846,1.627525,,,,,,,1.3466001,,,,,,,1.208618,IMF_FPP,,
USA,United States,2014,38.31168,,,,,,,35.323937,35.99053,35.324,,38.311682,,,1,OECD_EO,,
USA,United States,1848,2.311144,,,,,,,1.91222,,,,,,,1.208618,IMF_FPP,,
USA,United States,1942,31.01803,,,,,,,25.664047,,,,,,,1.208618,IMF_FPP,,
USA,United States,2011,42.06368,,,,,,,38.795915,39.091608,38.796,,42.063678,,,1,OECD_EO,,
USA,United States,1874,4.230985,,,,,,,3.50068,,,,,,,1.208618,IMF_FPP,,
USA,United States,1958,31.09241,,,,,,,25.72559,,,,,,,1.208618,IMF_FPP,,
USA,United States,1819,3.440549,,,,,,,2.8466799,,,,,,,1.208618,IMF_FPP,,
USA,United States,1924,4.038561,,,,,,,3.34147,,,,,,,1.208618,IMF_FPP,,
USA,United States,1983,38.23348,,,,,,,35.653343,,,,38.233484,,,1,OECD_EO,,
USA,United States,1911,2.562814,,,,,,,2.12045,,,,,,,1.208618,IMF_FPP,,
USA,United States,1988,37.03543,,,,,,,33.68811,,,,37.035433,,,1,OECD_EO,,
USA,United States,1871,4.400385,,,,,,,3.6408401,,,,,,,1.208618,IMF_FPP,,
USA,United States,1877,3.175269,,,,,,,2.6271901,,,,,,,1.208618,IMF_FPP,,
USA,United States,1807,1.790217,,,,,,,1.48121,,,,,,,1.208618,IMF_FPP,,
USA,United States,1953,29.7374,,,,,,,24.604464,,,,,,,1.208618,IMF_FPP,,
USA,United States,1952,29.47574,,,,,,,24.387966,,,,,,,1.208618,IMF_FPP,,
USA,United States,1887,2.340138,,,,,,,1.93621,,,,,,,1.208618,IMF_FPP,,
USA,United States,1829,2.030345,,,,,,,1.67989,,,,,,,1.208618,IMF_FPP,,
USA,United States,1934,23.49387,,,,,,,19.438622,,,,,,,1.208618,IMF_FPP,,
USA,United States,1862,10.4139,,,,,,,8.6163702,,,,,,,1.208618,IMF_FPP,,
USA,United States,1863,11.76746,,,,,,,9.73629,,,,,,,1.208618,IMF_FPP,,
USA,United States,1923,4.470026,,,,,,,3.6984601,,,,,,,1.208618,IMF_FPP,,
USA,United States,1803,1.944691,,,,,,,1.60902,,,,,,,1.208618,IMF_FPP,,
USA,United States,1920,8.825897,,,,,,,7.3024702,,,,,,,1.208618,IMF_FPP,,
USA,United States,1808,2.603907,,,,,,,2.1544499,,,,,,,1.208618,IMF_FPP,,
USA,United States,2003,37.46649,,,,,,,34.037053,34.275989,34.037,,37.46649,,,1,OECD_EO,,
USA,United States,1965,30.23393,,,,,,,25.350235,,,,30.233935,,,1,OECD_EO,,
USA,United States,1982,38.20523,,,,,,,35.806538,,,,38.205234,,,1,OECD_EO,,
USA,United States,1800,2.840119,,,,,,,2.34989,,,,,,,1.208618,IMF_FPP,,
USA,United States,1809,2.475262,,,,,,,2.0480101,,,,,,,1.208618,IMF_FPP,,
USA,United States,1823,2.542945,,,,,,,2.1040101,,,,,,,1.208618,IMF_FPP,,
USA,United States,1943,38.60086,,,,,,,31.938015,,,,,,,1.208618,IMF_FPP,,
USA,United States,1949,28.39249,,,,,,,23.491695,,,,,,,1.208618,IMF_FPP,,
USA,United States,1938,20.47063,,,,,,,16.93722,,,,,,,1.208618,IMF_FPP,,
USA,United States,1967,33.00985,,,,,,,28.314142,,,,33.009846,,,1,OECD_EO,,
USA,United States,1882,2.318915,,,,,,,1.91865,,,,,,,1.208618,IMF_FPP,,
USA,United States,1832,1.809156,,,,,,,1.4968801,,,,,,,1.208618,IMF_FPP,,
USA,United States,2004,37.00203,,,,,,,33.719252,33.908843,33.719,,37.002024,,,1,OECD_EO,,
USA,United States,1913,2.353191,,,,,,,1.94701,,,,,,,1.208618,IMF_FPP,,
USA,United States,1947,26.37098,,,,,,,21.819115,,,,,,,1.208618,IMF_FPP,,
USA,United States,2021,45.27599,,,,,,,42.599356,42.9123,42.599,,45.27599,,,1,OECD_EO,,
USA,United States,1870,4.59038,,,,,,,3.7980399,,,,,,,1.208618,IMF_FPP,,
USA,United States,2013,38.94427,,,,,,,35.782319,36.508119,35.782,,38.944274,,,1,OECD_EO,,
USA,United States,2006,36.84143,,,,,,,33.691704,33.817325,33.692,,36.841435,,,1,OECD_EO,,
USA,United States,1998,35.33805,,,,,,,32.750874,29.572788,,,35.338048,,,1,OECD_EO,,
USA,United States,1987,37.94212,,,,,,,34.295578,,,,37.942115,,,1,OECD_EO,,
USA,United States,1855,1.784633,,,,,,,1.47659,,,,,,,1.208618,IMF_FPP,,
USA,United States,1876,3.690467,,,,,,,3.0534599,,,,,,,1.208618,IMF_FPP,,
USA,United States,1975,37.07681,,,,,,,35.224735,,,,37.076808,,,1,OECD_EO,,
USA,United States,1812,4.307901,,,,,,,3.5643201,,,,,,,1.208618,IMF_FPP,,
USA,United States,1974,34.76433,,,,,,,32.928089,,,,34.764333,,,1,OECD_EO,,
USA,United States,2018,37.84521,,,,,,,35.349344,35.246909,35.349,,37.845216,,,1,OECD_EO,,
USA,United States,1849,2.322976,,,,,,,1.9220099,,,,,,,1.208618,IMF_FPP,,
USA,United States,1915,2.503374,,,,,,,2.07127,,,,,,,1.208618,IMF_FPP,,
USA,United States,1865,16.66225,,,,,,,13.7862,,,,,,,1.208618,IMF_FPP,,
USA,United States,1895,2.781755,,,,,,,2.3016,,,,,,,1.208618,IMF_FPP,,
USA,United States,1841,1.841064,,,,,,,1.52328,,,,,,,1.208618,IMF_FPP,,
USA,United States,2015,37.90974,,,,,,,35.030948,35.67822,35.031,,37.909737,,,1,OECD_EO,,
USA,United States,1898,3.23199,,,,,,,2.6741199,,,,,,,1.208618,IMF_FPP,,
USA,United States,1950,26.77505,,,,,,,22.153442,,,,,,,1.208618,IMF_FPP,,
USA,United States,2023,40.00271,,,,,,,36.278672,36.834945,,36.278999,40.002711,,,1,OECD_EO,,
USA,United States,1970,34.44043,,,,,,,31.450859,,,,34.44043,,,1,OECD_EO,,
USA,United States,1821,3.148184,,,,,,,2.60478,,,,,,,1.208618,IMF_FPP,,
USA,United States,1914,2.558378,,,,,,,2.11678,,,,,,,1.208618,IMF_FPP,,
USA,United States,1856,2.003925,,,,,,,1.65803,,,,,,,1.208618,IMF_FPP,,
USA,United States,1940,19.9606,,,,,,,16.515223,,,,,,,1.208618,IMF_FPP,,
USA,United States,1813,6.146294,,,,,,,5.0853901,,,,,,,1.208618,IMF_FPP,,
USA,United States,1933,21.60769,,,,,,,17.878014,,,,,,,1.208618,IMF_FPP,,
USA,United States,1897,2.776196,,,,,,,2.2969999,,,,,,,1.208618,IMF_FPP,,
USA,United States,1926,3.63365,,,,,,,3.0064499,,,,,,,1.208618,IMF_FPP,,
USA,United States,1931,16.71335,,,,,,,13.828482,,,,,,,1.208618,IMF_FPP,,
USA,United States,1930,11.96553,,,,,,,9.9001732,,,,,,,1.208618,IMF_FPP,,
USA,United States,1960,30.09879,,,,,,,24.903481,,,,30.098795,,,1,OECD_EO,,
USA,United States,1840,1.698918,,,,,,,1.40567,,,,,,,1.208618,IMF_FPP,,
USA,United States,1853,1.697347,,,,,,,1.40437,,,,,,,1.208618,IMF_FPP,,
USA,United States,1890,2.64859,,,,,,,2.1914201,,,,,,,1.208618,IMF_FPP,,
USA,United States,1977,34.74502,,,,,,,33.388477,,,,34.745019,,,1,OECD_EO,,
USA,United States,1850,1.883813,,,,,,,1.55865,,,,,,,1.208618,IMF_FPP,,
USA,United States,2016,38.18064,,,,,,,35.333067,35.749698,35.333,,38.180637,,,1,OECD_EO,,
USA,United States,1995,38.0282,,,,,,,35.484634,31.805753,,,38.028198,,,1,OECD_EO,,
USA,United States,2017,37.87697,,,,,,,35.194074,35.37896,35.194,,37.876967,,,1,OECD_EO,,
USA,United States,2007,37.5437,,,,,,,34.561715,34.336967,34.562,,37.543696,,,1,OECD_EO,,
USA,United States,1968,33.33,,,,,,,29.074438,,,,33.330001,,,1,OECD_EO,,
USA,United States,1836,1.967703,,,,,,,1.62806,,,,,,,1.208618,IMF_FPP,,
USA,United States,1980,35.72931,,,,,,,33.747372,,,,35.729306,,,1,OECD_EO,,
USA,United States,1984,37.03292,,,,,,,34.277531,,,,37.032917,,,1,OECD_EO,,
USA,United States,1827,2.24722,,,,,,,1.8593301,,,,,,,1.208618,IMF_FPP,,
USA,United States,1880,2.708743,,,,,,,2.24119,,,,,,,1.208618,IMF_FPP,,
USA,United States,1955,28.01923,,,,,,,23.182867,,,,,,,1.208618,IMF_FPP,,
USA,United States,1810,1.676655,,,,,,,1.3872499,,,,,,,1.208618,IMF_FPP,,
USA,United States,1922,5.459606,,,,,,,4.51723,,,,,,,1.208618,IMF_FPP,,
USA,United States,1939,20.92901,,,,,,,17.316481,,,,,,,1.208618,IMF_FPP,,
USA,United States,1879,3.332003,,,,,,,2.75687,,,,,,,1.208618,IMF_FPP,,
USA,United States,1969,33.09177,,,,,,,29.320421,,,,33.091764,,,1,OECD_EO,,
USA,United States,1805,2.144886,,,,,,,1.77466,,,,,,,1.208618,IMF_FPP,,
USA,United States,1932,19.36323,,,,,,,16.020967,,,,,,,1.208618,IMF_FPP,,
USA,United States,1937,17.65695,,,,,,,14.609206,,,,,,,1.208618,IMF_FPP,,
USA,United States,1972,34.59476,,,,,,,32.761921,,,,34.594762,,,1,OECD_EO,,
USA,United States,1860,1.701251,,,,,,,1.4076,,,,,,,1.208618,IMF_FPP,,
USA,United States,1852,1.799088,,,,,,,1.4885499,,,,,,,1.208618,IMF_FPP,,
USA,United States,1904,3.033293,,,,,,,2.5097201,,,,,,,1.208618,IMF_FPP,,
USA,United States,2000,34.48258,,,,,,,31.734135,28.792356,,,34.48258,,,1,OECD_EO,,
USA,United States,2027,40.36232,,,,,,,,,,37.366001,,,,1.080188,IMF_WEO_forecast,1,2
USA,United States,1864,10.97655,,,,,,,9.0818996,,,,,,,1.208618,IMF_FPP,,
USA,United States,2028,40.34612,,,,,,,,,,37.351002,,,,1.080188,IMF_WEO_forecast,,
USA,United States,1859,1.947289,,,,,,,1.6111701,,,,,,,1.208618,IMF_FPP,,
USA,United States,1963,31.31784,,,,,,,26.002979,,,,31.317844,,,1,OECD_EO,,
USA,United States,1900,3.263462,,,,,,,2.70016,,,,,,,1.208618,IMF_FPP,,
USA,United States,1919,29.18933,,,,,,,24.150999,,,,,,,1.208618,IMF_FPP,,
USA,United States,1806,1.945694,,,,,,,1.60985,,,,,,,1.208618,IMF_FPP,,
USA,United States,1825,2.254713,,,,,,,1.86553,,,,,,,1.208618,IMF_FPP,,
USA,United States,1948,25.39759,,,,,,,21.013744,,,,,,,1.208618,IMF_FPP,,
USA,United States,1990,37.98086,,,,,,,34.499001,32.278713,,,37.980863,,,1,OECD_EO,,
USA,United States,1872,3.584241,,,,,,,2.96557,,,,,,,1.208618,IMF_FPP,,
USA,United States,1954,29.46306,,,,,,,24.377478,,,,,,,1.208618,IMF_FPP,,
USA,United States,1944,42.52809,,,,,,,35.18737,,,,,,,1.208618,IMF_FPP,,
USA,United States,1847,2.964921,,,,,,,2.45315,,,,,,,1.208618,IMF_FPP,,
USA,United States,1831,1.717519,,,,,,,1.42106,,,,,,,1.208618,IMF_FPP,,
USA,United States,1834,1.688983,,,,,,,1.39745,,,,,,,1.208618,IMF_FPP,,
USA,United States,1861,1.721894,,,,,,,1.42468,,,,,,,1.208618,IMF_FPP,,
USA,United States,1918,22.93039,,,,,,,18.972401,,,,,,,1.208618,IMF_FPP,,
USA,United States,1886,2.183501,,,,,,,1.80661,,,,,,,1.208618,IMF_FPP,,
USA,United States,1973,33.55082,,,,,,,31.921473,,,,33.550814,,,1,OECD_EO,,
USA,United States,1828,2.249178,,,,,,,1.86095,,,,,,,1.208618,IMF_FPP,,
USA,United States,1820,3.364418,,,,,,,2.78369,,,,,,,1.208618,IMF_FPP,,
USA,United States,1991,38.89542,,,,,,,35.663609,34.162184,,,38.89542,,,1,OECD_EO,,
USA,United States,1916,1.928012,,,,,,,1.59522,,,,,,,1.208618,IMF_FPP,,
USA,United States,1997,36.1743,,,,,,,33.669456,30.27333,,,36.174296,,,1,OECD_EO,,
USA,United States,1912,2.382911,,,,,,,1.9716001,,,,,,,1.208618,IMF_FPP,,
USA,United States,1905,2.67634,,,,,,,2.21438,,,,,,,1.208618,IMF_FPP,,
USA,United States,2026,40.39796,,,,,,,,,,37.398998,40.397959,,,1,OECD_EO,,
USA,United States,1878,3.158699,,,,,,,2.6134801,,,,,,,1.208618,IMF_FPP,,
USA,United States,1892,2.66064,,,,,,,2.20139,,,,,,,1.208618,IMF_FPP,,
USA,United States,2002,36.94235,,,,,,,33.698273,33.768249,33.698,,36.942351,,,1,OECD_EO,,
USA,United States,1839,1.682747,,,,,,,1.39229,,,,,,,1.208618,IMF_FPP,,
USA,United States,1858,2.20406,,,,,,,1.82362,,,,,,,1.208618,IMF_FPP,,
USA,United States,1801,2.150567,,,,,,,1.7793601,,,,,,,1.208618,IMF_FPP,,
USA,United States,1959,29.8532,,,,,,,24.700281,,,,,,,1.208618,IMF_FPP,1,2
USA,United States,1885,2.580955,,,,,,,2.1354599,,,,,,,1.208618,IMF_FPP,,
USA,United States,1867,4.874598,,,,,,,4.0331998,,,,,,,1.208618,IMF_FPP,,
USA,United States,1976,35.72441,,,,,,,34.167606,,,,35.724407,,,1,OECD_EO,,
USA,United States,1941,21.04793,,,,,,,17.414873,,,,,,,1.208618,IMF_FPP,,
USA,United States,1866,6.877085,,,,,,,5.6900401,,,,,,,1.208618,IMF_FPP,,
USA,United States,1804,1.973395,,,,,,,1.6327699,,,,,,,1.208618,IMF_FPP,,
USA,United States,1902,2.642196,,,,,,,2.18613,,,,,,,1.208618,IMF_FPP,,
USA,United States,1835,1.300618,,,,,,,1.07612,,,,,,,1.208618,IMF_FPP,,
USA,United States,2012,40.24292,,,,,,,37.22273,37.562333,37.223,,40.242925,,,1,OECD_EO,,
USA,United States,2022,39.08435,,,,,,,36.308407,36.549597,36.308,,39.084354,,,1,OECD_EO,,
USA,United States,1815,4.86841,,,,,,,4.02808,,,,,,,1.208618,IMF_FPP,,
USA,United States,1910,2.652155,,,,,,,2.19437,,,,,,,1.208618,IMF_FPP,,
USA,United States,1844,1.488317,,,,,,,1.23142,,,,,,,1.208618,IMF_FPP,,
USA,United States,2005,37.07268,,,,,,,33.927917,34.072201,33.928,,37.072676,,,1,OECD_EO,,
USA,United States,1993,39.09146,,,,,,,36.377934,32.805476,,,39.091461,,,1,OECD_EO,,
USA,United States,1921,8.273957,,,,,,,6.8457999,,,,,,,1.208618,IMF_FPP,,
USA,United States,1994,38.06519,,,,,,,35.459713,31.882672,,,38.065195,,,1,OECD_EO,,
USA,United States,1816,4.328811,,,,,,,3.58162,,,,,,,1.208618,IMF_FPP,,
USA,United States,1822,2.575178,,,,,,,2.1306801,,,,,,,1.208618,IMF_FPP,,
USA,United States,1824,3.271318,,,,,,,2.70666,,,,,,,1.208618,IMF_FPP,,
USA,United States,1838,2.328209,,,,,,,1.92634,,,,,,,1.208618,IMF_FPP,,
USA,United States,1971,34.73109,,,,,,,32.333176,,,,34.731089,,,1,OECD_EO,,
USA,United States,1996,37.33011,,,,,,,34.722874,31.040644,,,37.33011,,,1,OECD_EO,,
USA,United States,1956,27.86783,,,,,,,23.057596,,,,,,,1.208618,IMF_FPP,,
USA,United States,1903,2.57548,,,,,,,2.1309299,,,,,,,1.208618,IMF_FPP,,
USA,United States,2009,43.39645,,,,,,,41.398657,40.019615,41.399,,43.396449,,,1,OECD_EO,,
USA,United States,2010,43.20801,,,,,,,39.762625,39.957828,39.763,,43.208011,,,1,OECD_EO,,
USA,United States,1814,5.98637,,,,,,,4.9530702,,,,,,,1.208618,IMF_FPP,,
USA,United States,1907,2.267476,,,,,,,1.87609,,,,,,,1.208618,IMF_FPP,,
USA,United States,1957,29.0845,,,,,,,24.064264,,,,,,,1.208618,IMF_FPP,,
USA,United States,1909,2.736529,,,,,,,2.2641799,,,,,,,1.208618,IMF_FPP,,
USA,United States,1927,3.567635,,,,,,,2.9518299,,,,,,,1.208618,IMF_FPP,,
USA,United States,2020,47.35554,,,,,,,44.568054,44.488052,44.568,,47.355538,,,1,OECD_EO,,
USA,United States,1978,34.05435,,,,,,,32.607342,,,,34.054353,,,1,OECD_EO,,
USA,United States,1868,5.254153,,,,,,,4.34724,,,,,,,1.208618,IMF_FPP,,
USA,United States,1999,34.87172,,,,,,,32.17268,28.800328,,,34.871717,,,1,OECD_EO,,
USA,United States,2029,40.05338,,,,,,,,,,37.080002,,,,1.080188,IMF_WEO_forecast,,
USA,United States,1830,1.961635,,,,,,,1.62304,,,,,,,1.208618,IMF_FPP,,
USA,United States,1811,1.679145,,,,,,,1.38931,,,,,,,1.208618,IMF_FPP,,
USA,United States,1985,37.67579,,,,,,,34.451767,,,,37.675786,,,1,OECD_EO,,
UZB,Uzbekistan,1998,35.13,,,,,,,35.130215,,35.13,,,,,1,IMF_WEO,,
UZB,Uzbekistan,2020,26.027,28.527703,,,,,,26.026798,21.844249,26.027,,,,,1,IMF_WEO,,
UZB,Uzbekistan,2008,26.485,,,,,,,26.484813,,26.485,,,,,1,IMF_WEO,,
UZB,Uzbekistan,2016,23.304,23.575297,,,,,,23.303702,19.924411,23.304,,,,,1,IMF_WEO,,
UZB,Uzbekistan,2029,27.821,,,,,,,,,,27.820999,,,,1,IMF_WEO_forecast,,
UZB,Uzbekistan,1994,27.105,,,,,,,,,27.105,,,,,1,IMF_WEO,,
UZB,Uzbekistan,1992,17.989,,,,,,,,,17.989,,,,,1,IMF_WEO,,
UZB,Uzbekistan,2012,23.929,,,,,,,23.929059,20.716645,23.929,,,,,1,IMF_WEO,,
UZB,Uzbekistan,2021,27.434,30.1,,,,,,27.434288,23.600565,27.434,,,,,1,IMF_WEO,,
UZB,Uzbekistan,2014,24.865,24.710166,,,,,,24.86516,20.716995,24.865,,,,,1,IMF_WEO,,
UZB,Uzbekistan,2013,25.227,25.369658,,,,,,25.227,21.011884,25.227,,,,,1,IMF_WEO,,
UZB,Uzbekistan,2004,29.406,,,,,,,29.406188,,29.406,,,,,1,IMF_WEO,,
UZB,Uzbekistan,2023,27.80515,,,,,,,30.200149,27.805151,,30.200001,,,,1,IMF_GFS,1,2
UZB,Uzbekistan,2002,34.627,,,,,,,34.627164,,34.627,,,,,1,IMF_WEO,,
UZB,Uzbekistan,2025,27.263,,,,,,,,,,27.263,,,,1,IMF_WEO_forecast,,
UZB,Uzbekistan,1993,39.561,,,,,,,,,39.561,,,,,1,IMF_WEO,,
UZB,Uzbekistan,2018,22.198,24.702298,,,,,,22.197994,18.225822,22.198,,,,,1,IMF_WEO,,
UZB,Uzbekistan,2027,27.812,,,,,,,,,,27.812,,,,1,IMF_WEO_forecast,,
UZB,Uzbekistan,2001,30.617,,,,,,,30.617014,,30.617,,,,,1,IMF_WEO,,
UZB,Uzbekistan,2003,31.538,,,,,,,31.538162,,31.538,,,,,1,IMF_WEO,,
UZB,Uzbekistan,2022,31.351,,,,,,,31.351001,24.798079,31.351,,,,,1,IMF_WEO,,
UZB,Uzbekistan,2011,23.652,,,,,,,23.651827,20.431745,23.652,,,,,1,IMF_WEO,,
UZB,Uzbekistan,2026,27.462,,,,,,,,,,27.462,,,,1,IMF_WEO_forecast,,
UZB,Uzbekistan,1997,31.834,,,,,,,31.834464,,31.834,,,,,1,IMF_WEO,,
UZB,Uzbekistan,1995,29.383,,,,,,,,,29.383,,,,,1,IMF_WEO,,
UZB,Uzbekistan,2000,32.852,,,,,,,32.852094,,32.852,,,,,1,IMF_WEO,,
UZB,Uzbekistan,2024,28.713,,,,,,,,,,28.712999,,,,1,IMF_WEO_forecast,1,2
UZB,Uzbekistan,2010,26.405,,,,,,,26.405299,,26.405,,,,,1,IMF_WEO,,
UZB,Uzbekistan,1999,33.642,,,,,,,33.641743,,33.642,,,,,1,IMF_WEO,,
UZB,Uzbekistan,2028,27.833,,,,,,,,,,27.833,,,,1,IMF_WEO_forecast,,
UZB,Uzbekistan,2017,19.887,22.756521,,,,,,19.887289,17.022792,19.887,,,,,1,IMF_WEO,,
UZB,Uzbekistan,2019,24.29,27.41071,,,,,,24.290009,19.55651,24.29,,,,,1,IMF_WEO,,
UZB,Uzbekistan,1996,35.062,,,,,,,,,35.062,,,,,1,IMF_WEO,,
UZB,Uzbekistan,2007,24.834,,,,,,,24.833822,,24.834,,,,,1,IMF_WEO,,
UZB,Uzbekistan,2009,27.476,,,,,,,27.475993,,27.476,,,,,1,IMF_WEO,,
UZB,Uzbekistan,2015,24.567,24.305616,,,,,,24.566869,20.53647,24.567,,,,,1,IMF_WEO,,
UZB,Uzbekistan,2005,28.069,,,,,,,28.069099,,28.069,,,,,1,IMF_WEO,,
UZB,Uzbekistan,2006,24.715,,,,,,,24.714769,,24.715,,,,,1,IMF_WEO,,
VCT,Saint Vincent and the Grenadines,2002,25.711,,,,,,,25.710757,,25.711,,,,,1,IMF_WEO,,
VCT,Saint Vincent and the Grenadines,2014,30.43,,,,,,,30.43037,,30.43,,,,,1,IMF_WEO,,
VCT,Saint Vincent and the Grenadines,2025,32.842,,,,,,,,,,32.841999,,,,1,IMF_WEO_forecast,,
VCT,Saint Vincent and the Grenadines,1982,23.475,,,,,,,,,23.475,,,,,1,IMF_WEO,,
VCT,Saint Vincent and the Grenadines,2017,26.642,,,,,,,26.641662,,26.642,,,,,1,IMF_WEO,,
VCT,Saint Vincent and the Grenadines,1993,22.802,,,,,,,22.802416,,22.802,,,,,1,IMF_WEO,,
VCT,Saint Vincent and the Grenadines,2007,27.121,,,,,,,27.120745,,27.121,,,,,1,IMF_WEO,,
VCT,Saint Vincent and the Grenadines,2003,25.981,,,,,,,25.980953,,25.981,,,,,1,IMF_WEO,,
VCT,Saint Vincent and the Grenadines,1998,25.398,,,,,,,25.397726,,25.398,,,,,1,IMF_WEO,,
VCT,Saint Vincent and the Grenadines,1989,27.648,,,,,,,27.647575,,27.648,,,,,1,IMF_WEO,,
VCT,Saint Vincent and the Grenadines,2001,24.397,,,,,,,24.396855,,24.397,,,,,1,IMF_WEO,,
VCT,Saint Vincent and the Grenadines,1985,21.373,,,,,,,21.373053,,21.373,,,,,1,IMF_WEO,,
VCT,Saint Vincent and the Grenadines,1986,22.254,,,,,,,22.253974,,22.254,,,,,1,IMF_WEO,,
VCT,Saint Vincent and the Grenadines,2024,38.632,,,,,,,,,,38.632,,,,1,IMF_WEO_forecast,1,2
VCT,Saint Vincent and the Grenadines,2028,27.486,,,,,,,,,,27.486,,,,1,IMF_WEO_forecast,,
VCT,Saint Vincent and the Grenadines,1995,20.252,,,,,,,20.252317,,20.252,,,,,1,IMF_WEO,,
VCT,Saint Vincent and the Grenadines,1994,22.955,,,,,,,22.954696,,22.955,,,,,1,IMF_WEO,,
VCT,Saint Vincent and the Grenadines,2008,28.319,,,,,,,28.31909,,28.319,,,,,1,IMF_WEO,,
VCT,Saint Vincent and the Grenadines,2018,26.289,,,,,,,26.288557,,26.289,,,,,1,IMF_WEO,,
VCT,Saint Vincent and the Grenadines,2027,27.624,,,,,,,,,,27.624001,,,,1,IMF_WEO_forecast,,
VCT,Saint Vincent and the Grenadines,2029,27.387,,,,,,,,,,27.386999,,,,1,IMF_WEO_forecast,,
VCT,Saint Vincent and the Grenadines,1984,23.081,,,,,,,23.081159,,23.081,,,,,1,IMF_WEO,,
VCT,Saint Vincent and the Grenadines,2009,31.022,,,,,,,31.021955,,31.022,,,,,1,IMF_WEO,,
VCT,Saint Vincent and the Grenadines,1997,26.394,,,,,,,26.393533,,26.394,,,,,1,IMF_WEO,,
VCT,Saint Vincent and the Grenadines,2006,26.074,,,,,,,26.074085,,26.074,,,,,1,IMF_WEO,,
VCT,Saint Vincent and the Grenadines,2021,37.152,,,,,,,37.15242,,37.152,,,,,1,IMF_WEO,,
VCT,Saint Vincent and the Grenadines,2015,27.588,,,,,,,27.587567,,27.588,,,,,1,IMF_WEO,,
VCT,Saint Vincent and the Grenadines,2026,28.662,,,,,,,,,,28.662001,,,,1,IMF_WEO_forecast,,
VCT,Saint Vincent and the Grenadines,2019,29.134,,,,,,,29.133572,,29.134,,,,,1,IMF_WEO,,
VCT,Saint Vincent and the Grenadines,2012,26.34,,,,,,,26.340373,,26.34,,,,,1,IMF_WEO,,
VCT,Saint Vincent and the Grenadines,1991,26.24,,,,,,,26.240452,,26.24,,,,,1,IMF_WEO,,
VCT,Saint Vincent and the Grenadines,2011,29.373,,,,,,,29.37299,,29.373,,,,,1,IMF_WEO,,
VCT,Saint Vincent and the Grenadines,2000,23.783,,,,,,,23.783199,,23.783,,,,,1,IMF_WEO,,
VCT,Saint Vincent and the Grenadines,1987,23.695,,,,,,,23.695292,,23.695,,,,,1,IMF_WEO,,
VCT,Saint Vincent and the Grenadines,1992,25.938,,,,,,,25.93799,,25.938,,,,,1,IMF_WEO,,
VCT,Saint Vincent and the Grenadines,2016,27.052,,,,,,,27.05233,,27.052,,,,,1,IMF_WEO,,
VCT,Saint Vincent and the Grenadines,2022,35.89,,,,,,,35.890361,,35.89,,,,,1,IMF_WEO,,
VCT,Saint Vincent and the Grenadines,2010,31.053,,,,,,,31.05251,,31.053,,,,,1,IMF_WEO,,
VCT,Saint Vincent and the Grenadines,1980,24.068,,,,,,,,,24.068,,,,,1,IMF_WEO,,
VCT,Saint Vincent and the Grenadines,2004,24.852,,,,,,,24.852425,,24.852,,,,,1,IMF_WEO,,
VCT,Saint Vincent and the Grenadines,1981,24.923,,,,,,,,,24.923,,,,,1,IMF_WEO,,
VCT,Saint Vincent and the Grenadines,2013,29.479,,,,,,,29.479314,,29.479,,,,,1,IMF_WEO,,
VCT,Saint Vincent and the Grenadines,1983,24.729,,,,,,,,,24.729,,,,,1,IMF_WEO,,
VCT,Saint Vincent and the Grenadines,1999,25.469,,,,,,,25.469361,,25.469,,,,,1,IMF_WEO,,
VCT,Saint Vincent and the Grenadines,1988,24.845,,,,,,,24.845399,,24.845,,,,,1,IMF_WEO,,
VCT,Saint Vincent and the Grenadines,1990,23.658,,,,,,,23.658411,,23.658,,,,,1,IMF_WEO,,
VCT,Saint Vincent and the Grenadines,2020,32.875,,,,,,,32.875222,,32.875,,,,,1,IMF_WEO,,
VCT,Saint Vincent and the Grenadines,2023,38.01018,,,,,,,38.010179,,,38.009998,,,,1,IMF_FPP,1,2
VCT,Saint Vincent and the Grenadines,1996,21.173,,,,,,,21.17322,,21.173,,,,,1,IMF_WEO,,
VCT,Saint Vincent and the Grenadines,2005,26.701,,,,,,,26.70133,,26.701,,,,,1,IMF_WEO,,
VEN,Venezuela,1947,12.7322,,,,,,,12.7322,,,,,,,1,IMF_FPP,,
VEN,Venezuela,1943,10.833,,,,,,,10.833,,,,,,,1,IMF_FPP,,
VEN,Venezuela,1941,12.593,,,,,,,12.593,,,,,,,1,IMF_FPP,,
VEN,Venezuela,1994,42.217,,,,,,,42.217088,,42.217,,,,,1,IMF_WEO,,
VEN,Venezuela,1921,7.87172,,,,,,,7.8717198,,,,,,,1,IMF_FPP,,
VEN,Venezuela,1998,28.79,,,,,,,28.790108,,28.79,,,,,1,IMF_WEO,,
VEN,Venezuela,2018,37.86042,,,,,,,37.860416,,,37.860001,,,,1,IMF_FPP,,
VEN,Venezuela,2022,15.11098,,,,,,,15.11098,,,15.111,,,,1,IMF_FPP,,
VEN,Venezuela,1981,29.6491,,,,,,,29.649099,,,,,,,1,IMF_FPP,,
VEN,Venezuela,1969,20.9935,,,,,,,20.9935,,,,,,,1,IMF_FPP,,
VEN,Venezuela,1973,20.0123,,,,,,,20.0123,,,,,,,1,IMF_FPP,,
VEN,Venezuela,1961,11.8037,,,,,,,11.8037,,,,,,,1,IMF_FPP,,
VEN,Venezuela,2015,22.948,,,,,,,22.948378,,22.948,,,,,1,IMF_WEO,,
VEN,Venezuela,1936,13.2206,,,,,,,13.2206,,,,,,,1,IMF_FPP,,
VEN,Venezuela,2001,31.899,,,,,,,31.898719,,31.899,,,,,1,IMF_WEO,,
VEN,Venezuela,1932,8.20162,,,,,,,8.2016201,,,,,,,1,IMF_FPP,,
VEN,Venezuela,1960,23.6731,,,,,,,23.6731,,,,,,,1,IMF_FPP,,
VEN,Venezuela,1974,35.2652,,,,,,,35.265202,,,,,,,1,IMF_FPP,,
VEN,Venezuela,1944,9.93305,,,,,,,9.9330502,,,,,,,1,IMF_FPP,,
VEN,Venezuela,2014,31.607,,,,,,,31.606583,,31.607,,,,,1,IMF_WEO,,
VEN,Venezuela,1968,19.8178,,,,,,,19.817801,,,,,,,1,IMF_FPP,,
VEN,Venezuela,2009,33.269,,,,,,,33.269498,,33.269,,,,,1,IMF_WEO,,
VEN,Venezuela,1991,33.892,,,,,,,33.891801,,33.892,,,,,1,IMF_WEO,,
VEN,Venezuela,2007,35.949,,,,,,,35.949426,,35.949,,,,,1,IMF_WEO,,
VEN,Venezuela,2021,13.1087,,,,,,,13.108702,,,13.109,,,,1,IMF_FPP,,
VEN,Venezuela,1989,32.526,,,,,,,32.526089,,32.526,,,,,1,IMF_WEO,,
VEN,Venezuela,1948,12.8663,,,,,,,12.8663,,,,,,,1,IMF_FPP,,
VEN,Venezuela,2004,31.914,,,,,,,31.914448,,31.914,,,,,1,IMF_WEO,,
VEN,Venezuela,1972,21.3033,,,,,,,21.303301,,,,,,,1,IMF_FPP,,
VEN,Venezuela,1977,30.6359,,,,,,,30.6359,,,,,,,1,IMF_FPP,,
VEN,Venezuela,1985,20.3441,,,,,,,20.344101,,,,,,,1,IMF_FPP,,
VEN,Venezuela,1951,16.5869,,,,,,,16.586901,,,,,,,1,IMF_FPP,,
VEN,Venezuela,1949,16.9173,,,,,,,16.917299,,,,,,,1,IMF_FPP,,
VEN,Venezuela,1950,15.9992,,,,,,,15.9992,,,,,,,1,IMF_FPP,,
VEN,Venezuela,1930,10.4695,,,,,,,10.4695,,,,,,,1,IMF_FPP,,
VEN,Venezuela,1925,9.75464,,,,,,,9.7546396,,,,,,,1,IMF_FPP,,
VEN,Venezuela,1939,13.6429,,,,,,,13.6429,,,,,,,1,IMF_FPP,,
VEN,Venezuela,1996,27.73,,,,,,,27.729988,,27.73,,,,,1,IMF_WEO,,
VEN,Venezuela,1984,19.6667,,,,,,,19.6667,,,,,,,1,IMF_FPP,,
VEN,Venezuela,1952,18.84,,,,,,,18.84,,,,,,,1,IMF_FPP,,
VEN,Venezuela,1970,19.4846,,,,,,,19.4846,,,,,,,1,IMF_FPP,,
VEN,Venezuela,2019,21.02398,,,,,,,21.023975,,,21.024,,,,1,IMF_FPP,,
VEN,Venezuela,2017,21.7662,,,,,,,21.766199,,,21.766001,,,,1,IMF_FPP,,
VEN,Venezuela,1999,26.105,,,,,,,26.104642,,26.105,,,,,1,IMF_WEO,,
VEN,Venezuela,2013,36.451,,,,,,,36.450884,,36.451,,,,,1,IMF_WEO,,
VEN,Venezuela,2005,33.53,,,,,,,33.530263,,33.53,,,,,1,IMF_WEO,,
VEN,Venezuela,2011,39.361,,,,,,,39.36064,,39.361,,,,,1,IMF_WEO,,
VEN,Venezuela,1933,8.8296,,,,,,,8.8296003,,,,,,,1,IMF_FPP,,
VEN,Venezuela,1942,12.4649,,,,,,,12.4649,,,,,,,1,IMF_FPP,,
VEN,Venezuela,1929,10.5309,,,,,,,10.5309,,,,,,,1,IMF_FPP,,
VEN,Venezuela,1995,32.869,,,,,,,32.869497,,32.869,,,,,1,IMF_WEO,,
VEN,Venezuela,1958,24.3888,,,,,,,24.3888,,,,,,,1,IMF_FPP,,
VEN,Venezuela,1957,16.3329,,,,,,,16.332899,,,,,,,1,IMF_FPP,,
VEN,Venezuela,1934,9.92786,,,,,,,9.9278603,,,,,,,1,IMF_FPP,,
VEN,Venezuela,1940,14.1719,,,,,,,14.1719,,,,,,,1,IMF_FPP,,
VEN,Venezuela,2003,32.175,,,,,,,32.175428,,32.175,,,,,1,IMF_WEO,,
VEN,Venezuela,2002,30.99,,,,,,,30.989838,,30.99,,,,,1,IMF_WEO,,
VEN,Venezuela,2006,39.267,,,,,,,39.266632,,39.267,,,,,1,IMF_WEO,,
VEN,Venezuela,1956,15.2455,,,,,,,15.2455,,,,,,,1,IMF_FPP,,
VEN,Venezuela,1976,26.5874,,,,,,,26.5874,,,,,,,1,IMF_FPP,,
VEN,Venezuela,1938,11.9786,,,,,,,11.9786,,,,,,,1,IMF_FPP,,
VEN,Venezuela,2016,19.686,,,,,,,19.685883,,19.686,,,,,1,IMF_WEO,1,2
VEN,Venezuela,1979,22.2793,,,,,,,22.279301,,,,,,,1,IMF_FPP,,
VEN,Venezuela,1924,8.5885,,,,,,,8.5885,,,,,,,1,IMF_FPP,,
VEN,Venezuela,1953,15.3033,,,,,,,15.3033,,,,,,,1,IMF_FPP,,
VEN,Venezuela,1975,33.7763,,,,,,,33.776299,,,,,,,1,IMF_FPP,,
VEN,Venezuela,1926,8.6182,,,,,,,8.6182003,,,,,,,1,IMF_FPP,,
VEN,Venezuela,1937,13.0295,,,,,,,13.0295,,,,,,,1,IMF_FPP,,
VEN,Venezuela,2020,11.12254,,,,,,,11.12254,,,11.123,,,,1,IMF_FPP,,
VEN,Venezuela,1946,12.9279,,,,,,,12.9279,,,,,,,1,IMF_FPP,,
VEN,Venezuela,1954,14.7894,,,,,,,14.7894,,,,,,,1,IMF_FPP,,
VEN,Venezuela,1988,33.21,,,,,,,33.209745,,33.21,,,,,1,IMF_WEO,,
VEN,Venezuela,2012,38.007,,,,,,,38.007051,,38.007,,,,,1,IMF_WEO,,
VEN,Venezuela,1945,11.2204,,,,,,,11.2204,,,,,,,1,IMF_FPP,,
VEN,Venezuela,1923,7.63828,,,,,,,7.6382799,,,,,,,1,IMF_FPP,,
VEN,Venezuela,1964,17.9,,,,,,,17.9,,,,,,,1,IMF_FPP,,
VEN,Venezuela,1992,30.647,,,,,,,30.647228,,30.647,,,,,1,IMF_WEO,,
VEN,Venezuela,1928,11.5526,,,,,,,11.5526,,,,,,,1,IMF_FPP,,
VEN,Venezuela,1987,25.1437,,,,,,,25.1437,,,,,,,1,IMF_FPP,1,2
VEN,Venezuela,1993,27.667,,,,,,,27.666994,,27.667,,,,,1,IMF_WEO,,
VEN,Venezuela,1965,18.7316,,,,,,,18.7316,,,,,,,1,IMF_FPP,,
VEN,Venezuela,2000,28.293,,,,,,,28.293031,,28.293,,,,,1,IMF_WEO,,
VEN,Venezuela,1986,21.4724,,,,,,,21.472401,,,,,,,1,IMF_FPP,,
VEN,Venezuela,2010,31.099,,,,,,,31.098679,,31.099,,,,,1,IMF_WEO,,
VEN,Venezuela,1966,19.145,,,,,,,19.145,,,,,,,1,IMF_FPP,,
VEN,Venezuela,1959,25.4581,,,,,,,25.458099,,,,,,,1,IMF_FPP,,
VEN,Venezuela,1983,25.3103,,,,,,,25.310301,,,,,,,1,IMF_FPP,,
VEN,Venezuela,1990,31.933,,,,,,,31.932823,,31.933,,,,,1,IMF_WEO,,
VEN,Venezuela,1971,19.6351,,,,,,,19.635099,,,,,,,1,IMF_FPP,,
VEN,Venezuela,1920,8.58333,,,,,,,8.5833302,,,,,,,1,IMF_FPP,,
VEN,Venezuela,1980,21.9685,,,,,,,21.9685,,,,,,,1,IMF_FPP,,
VEN,Venezuela,1997,30.989,,,,,,,30.98882,,30.989,,,,,1,IMF_WEO,,
VEN,Venezuela,1931,9.03857,,,,,,,9.0385704,,,,,,,1,IMF_FPP,,
VEN,Venezuela,2008,34.879,,,,,,,34.879414,,34.879,,,,,1,IMF_WEO,,
VEN,Venezuela,1955,15.2161,,,,,,,15.2161,,,,,,,1,IMF_FPP,,
VEN,Venezuela,1927,7.785,,,,,,,7.7849998,,,,,,,1,IMF_FPP,,
VEN,Venezuela,1963,18.6969,,,,,,,18.696899,,,,,,,1,IMF_FPP,,
VEN,Venezuela,1935,11.8205,,,,,,,11.8205,,,,,,,1,IMF_FPP,,
VEN,Venezuela,1962,17.5667,,,,,,,17.5667,,,,,,,1,IMF_FPP,,
VEN,Venezuela,1982,29.0378,,,,,,,29.0378,,,,,,,1,IMF_FPP,,
VEN,Venezuela,2023,15.04242,,,,,,,15.042424,,,15.042,,,,1,IMF_FPP,,
VEN,Venezuela,1978,29.171,,,,,,,29.171,,,,,,,1,IMF_FPP,,
VEN,Venezuela,1922,7.08661,,,,,,,7.0866098,,,,,,,1,IMF_FPP,,
VEN,Venezuela,1967,19.819,,,,,,,19.819,,,,,,,1,IMF_FPP,,
VNM,Vietnam,2023,19.52,,,,,,,19.519998,,,19.52,,,,1,IMF_FPP,,
VNM,Vietnam,2000,17.788,,,,,,,17.788289,,17.788,,,,,1,IMF_WEO,,
VNM,Vietnam,2025,20.673,,,,,,,,,,20.673,,,,1,IMF_WEO_forecast,,
VNM,Vietnam,2006,20.534,25.696695,,,,,,20.533837,,20.534,,,,,1,IMF_WEO,,
VNM,Vietnam,2022,18.3353,,,,,,,18.335303,,,18.334999,,,,1,IMF_FPP,1,2
VNM,Vietnam,2009,24.975,31.376802,,,,,,24.974788,,24.975,,,,,1,IMF_WEO,,
VNM,Vietnam,2014,22.755,23.073616,,,,,,22.754928,,22.755,,,,,1,IMF_WEO,,
VNM,Vietnam,2005,20.625,25.907854,,,,,,20.625451,,20.625,,,,,1,IMF_WEO,,
VNM,Vietnam,2004,19.441,26.351986,,,,,,19.4406,,19.441,,,,,1,IMF_WEO,,
VNM,Vietnam,2002,19.747,,,,,,,19.747188,,19.747,,,,,1,IMF_WEO,,
VNM,Vietnam,2007,22.297,28.404084,,,,,,22.296635,,22.297,,,,,1,IMF_WEO,,
VNM,Vietnam,2001,19.192,,,,,,,19.192093,,19.192,,,,,1,IMF_WEO,,
VNM,Vietnam,2012,23.466,23.613723,,,,,,23.466463,,23.466,,,,,1,IMF_WEO,,
VNM,Vietnam,2018,20.48,20.4048,,,,,,20.47976,,20.48,,,,,1,IMF_WEO,,
VNM,Vietnam,2011,21.224,21.404844,,,,,,21.223819,,21.224,,,,,1,IMF_WEO,,
VNM,Vietnam,2020,21.251,21.217033,,,,,,21.251144,,21.251,,,,,1,IMF_WEO,,
VNM,Vietnam,2029,20.995,,,,,,,,,,20.995001,,,,1,IMF_WEO_forecast,,
VNM,Vietnam,2015,24.174,24.511762,,,,,,24.173594,,24.174,,,,,1,IMF_WEO,,
VNM,Vietnam,2010,23.721,23.840417,,,,,,23.720591,,23.721,,,,,1,IMF_WEO,,
VNM,Vietnam,2003,22.196,26.096964,,,,,,22.196059,,22.196,,,,,1,IMF_WEO,,
VNM,Vietnam,1999,16.702,,,,,,,16.702332,,16.702,,,,,1,IMF_WEO,,
VNM,Vietnam,1998,16.017,,,,,,,16.016707,,16.017,,,,,1,IMF_WEO,,
VNM,Vietnam,2019,19.811,19.714981,,,,,,19.811254,,19.811,,,,,1,IMF_WEO,,
VNM,Vietnam,2028,21.041,,,,,,,,,,21.041,,,,1,IMF_WEO_forecast,,
VNM,Vietnam,2017,21.529,21.459237,,,,,,21.529306,,21.529,,,,,1,IMF_WEO,,
VNM,Vietnam,2024,20.205,,,,,,,,,,20.205,,,,1,IMF_WEO_forecast,1,2
VNM,Vietnam,2016,22.231,22.946125,,,,,,22.230677,,22.231,,,,,1,IMF_WEO,,
VNM,Vietnam,2008,21.38,27.480077,,,,,,21.380005,,21.38,,,,,1,IMF_WEO,,
VNM,Vietnam,2026,21.021,,,,,,,,,,21.021,,,,1,IMF_WEO_forecast,,
VNM,Vietnam,2027,21.095,,,,,,,,,,21.094999,,,,1,IMF_WEO_forecast,,
VNM,Vietnam,2013,24.457,24.705931,,,,,,24.457023,,24.457,,,,,1,IMF_WEO,,
VNM,Vietnam,2021,20.125,,,,,,,20.124806,,20.125,,,,,1,IMF_WEO,,
VUT,Vanuatu,2026,34.662,,,,,,,,,,34.661999,,,,1,IMF_WEO_forecast,,
VUT,Vanuatu,2012,24.455,24.462135,,,,,,24.454805,,24.455,,,,,1,IMF_WEO,,
VUT,Vanuatu,1992,31.832,,,,,,,31.832433,,31.832,,,,,1,IMF_WEO,,
VUT,Vanuatu,2028,33.179,,,,,,,,,,33.179001,,,,1,IMF_WEO_forecast,,
VUT,Vanuatu,2002,22.336,,,,,,,22.335786,,22.336,,,,,1,IMF_WEO,,
VUT,Vanuatu,1997,22.213,,,,,,,22.213035,,22.213,,,,,1,IMF_WEO,,
VUT,Vanuatu,2004,18.514,,,,,,,18.513578,,18.514,,,,,1,IMF_WEO,,
VUT,Vanuatu,2025,37.259,,,,,,,,,,37.258999,,,,1,IMF_WEO_forecast,,
VUT,Vanuatu,1999,23.865,,,,,,,23.86483,,23.865,,,,,1,IMF_WEO,,
VUT,Vanuatu,2010,28.334,,,,,,,28.33359,,28.334,,,,,1,IMF_WEO,,
VUT,Vanuatu,2014,23.352,23.435793,,,,,,23.352266,,23.352,,,,,1,IMF_WEO,,
VUT,Vanuatu,2000,25.446,,,,,,,25.445586,,25.446,,,,,1,IMF_WEO,,
VUT,Vanuatu,2017,37.135,29.070878,,,,,,37.134598,,37.135,,,,,1,IMF_WEO,,
VUT,Vanuatu,2021,44.39,30.848199,,,,,,44.389789,,44.39,,,,,1,IMF_WEO,,
VUT,Vanuatu,2027,33.159,,,,,,,,,,33.159,,,,1,IMF_WEO_forecast,,
VUT,Vanuatu,2029,32.938,,,,,,,,,,32.938,,,,1,IMF_WEO_forecast,,
VUT,Vanuatu,2003,18.842,,,,,,,18.84216,,18.842,,,,,1,IMF_WEO,,
VUT,Vanuatu,2023,42.89813,,,,,,,42.89813,,,42.897999,,,,1,IMF_FPP,,
VUT,Vanuatu,2013,22.908,22.860974,,,,,,22.907856,,22.908,,,,,1,IMF_WEO,,
VUT,Vanuatu,2022,43.39904,,,,,,,43.399044,,,43.398998,,,,1,IMF_FPP,1,2
VUT,Vanuatu,2015,44.091,25.110034,,,,,,44.090787,,44.091,,,,,1,IMF_WEO,,
VUT,Vanuatu,2005,18.295,,,,,,,18.294707,,18.295,,,,,1,IMF_WEO,,
VUT,Vanuatu,1996,24.457,,,,,,,24.457437,,24.457,,,,,1,IMF_WEO,,
VUT,Vanuatu,2024,39.209,,,,,,,,,,39.209,,,,1,IMF_WEO_forecast,1,2
VUT,Vanuatu,2020,43.376,30.665536,,,,,,43.375988,,43.376,,,,,1,IMF_WEO,,
VUT,Vanuatu,2008,27.803,,,,,,,27.803485,,27.803,,,,,1,IMF_WEO,,
VUT,Vanuatu,2006,20.105,,,,,,,20.105102,,20.105,,,,,1,IMF_WEO,,
VUT,Vanuatu,1998,27.887,,,,,,,27.886746,,27.887,,,,,1,IMF_WEO,,
VUT,Vanuatu,1995,27.962,,,,,,,27.961772,,27.962,,,,,1,IMF_WEO,,
VUT,Vanuatu,1994,24.355,,,,,,,24.354678,,24.355,,,,,1,IMF_WEO,,
VUT,Vanuatu,2007,22.45,,,,,,,22.450376,,22.45,,,,,1,IMF_WEO,,
VUT,Vanuatu,2019,39.82,30.528339,,,,,,39.819637,,39.82,,,,,1,IMF_WEO,,
VUT,Vanuatu,2009,27.562,,,,,,,27.561851,,27.562,,,,,1,IMF_WEO,,
VUT,Vanuatu,2011,25.129,,,,,,,25.12851,,25.129,,,,,1,IMF_WEO,,
VUT,Vanuatu,1991,33.212,,,,,,,33.211586,,33.212,,,,,1,IMF_WEO,,
VUT,Vanuatu,1993,26.2,,,,,,,26.200343,,26.2,,,,,1,IMF_WEO,,
VUT,Vanuatu,2001,22.334,,,,,,,22.333983,,22.334,,,,,1,IMF_WEO,,
VUT,Vanuatu,2018,33.253,30.178585,,,,,,33.253285,,33.253,,,,,1,IMF_WEO,,
VUT,Vanuatu,2016,36.266,25.90813,,,,,,36.266368,,36.266,,,,,1,IMF_WEO,,
WSM,Samoa,2018,29.974,34.717098,,,,,,,28.313399,29.974,,,,,1,IMF_WEO,,
WSM,Samoa,2003,28.541,,,,,,,,,28.541,,,,,1,IMF_WEO,,
WSM,Samoa,2015,30.534,35.713221,,,,,,,28.603196,30.534,,,,,1,IMF_WEO,,
WSM,Samoa,1994,54.079,,,,,,,,,54.079,,,,,1,IMF_WEO,,
WSM,Samoa,1992,43.395,,,,,,,,,43.395,,,,,1,IMF_WEO,,
WSM,Samoa,2025,35.294,,,,,,,,,,35.293999,,,,1,IMF_WEO_forecast,,
WSM,Samoa,2029,35.363,,,,,,,,,,35.362999,,,,1,IMF_WEO_forecast,,
WSM,Samoa,2020,30.503,30.647185,,,,,,,29.810532,30.503,,,,,1,IMF_WEO,,
WSM,Samoa,2019,31.75,29.414665,,,,,,,27.805308,31.75,,,,,1,IMF_WEO,,
WSM,Samoa,1998,28.127,,,,,,,,,28.127,,,,,1,IMF_WEO,,
WSM,Samoa,1996,38.857,,,,,,,,,38.857,,,,,1,IMF_WEO,,
WSM,Samoa,2017,30.872,34.658238,,,,,,,24.670763,30.872,,,,,1,IMF_WEO,,
WSM,Samoa,1999,33.805,,,,,,,,,33.805,,,,,1,IMF_WEO,,
WSM,Samoa,2007,31.073,,,,,,,,,31.073,,,,,1,IMF_WEO,,
WSM,Samoa,1993,49.452,,,,,,,,,49.452,,,,,1,IMF_WEO,,
WSM,Samoa,2022,33.12,32.994304,,,,,,,33.999357,33.12,,,,,1,IMF_WEO,,
WSM,Samoa,2011,33.653,,,,,,,,,33.653,,,,,1,IMF_WEO,,
WSM,Samoa,2013,30.738,35.65069,,,,,,,28.75147,30.738,,,,,1,IMF_WEO,,
WSM,Samoa,2004,27.321,,,,,,,,,27.321,,,,,1,IMF_WEO,,
WSM,Samoa,2005,30.58,,,,,,,,,30.58,,,,,1,IMF_WEO,,
WSM,Samoa,2009,31.46,,,,,,,,,31.46,,,,,1,IMF_WEO,,
WSM,Samoa,2001,29.993,,,,,,,,,29.993,,,,,1,IMF_WEO,,
WSM,Samoa,2016,27.348,31.884562,,,,,,,24.988459,27.348,,,,,1,IMF_WEO,,
WSM,Samoa,2008,27.688,,,,,,,,,27.688,,,,,1,IMF_WEO,,
WSM,Samoa,2014,35.349,40.75118,,,,,,,30.732686,35.349,,,,,1,IMF_WEO,,
WSM,Samoa,2027,35.357,,,,,,,,,,35.356998,,,,1,IMF_WEO_forecast,,
WSM,Samoa,2026,35.345,,,,,,,,,,35.345001,,,,1,IMF_WEO_forecast,,
WSM,Samoa,2023,29.8494,32.986163,,,,,,,29.849401,,31.169001,,,,1,IMF_GFS,1,2
WSM,Samoa,2028,35.35,,,,,,,,,,35.349998,,,,1,IMF_WEO_forecast,,
WSM,Samoa,2024,32.52,,,,,,,,,,32.52,,,,1,IMF_WEO_forecast,1,2
WSM,Samoa,2012,33.609,38.292267,,,,,,,28.807369,33.609,,,,,1,IMF_WEO,,
WSM,Samoa,1995,42.21,,,,,,,,,42.21,,,,,1,IMF_WEO,,
WSM,Samoa,2002,30.743,,,,,,,,,30.743,,,,,1,IMF_WEO,,
WSM,Samoa,2021,34.729,34.732252,,,,,,,35.079826,34.729,,,,,1,IMF_WEO,,
WSM,Samoa,2000,30.382,,,,,,,,,30.382,,,,,1,IMF_WEO,,
WSM,Samoa,2010,29.39,,,,,,,,,29.39,,,,,1,IMF_WEO,,
WSM,Samoa,2006,27.684,,,,,,,,,27.684,,,,,1,IMF_WEO,,
WSM,Samoa,1997,31.048,,,,,,,,,31.048,,,,,1,IMF_WEO,,
XKX,Kosovo,2021,29.035,,,,,,,,24.195747,29.035,,,,,1,IMF_WEO,,
XKX,Kosovo,2024,30.853,,,,,,,,,,30.853001,,,,1,IMF_WEO_forecast,1,2
XKX,Kosovo,2025,31.208,,,,,,,,,,31.208,,,,1,IMF_WEO_forecast,,
XKX,Kosovo,2012,30.226,,,,,,,,19.103454,30.226,,,,,1,IMF_WEO,,
XKX,Kosovo,2010,29.886,,,,,,,,,29.886,,,,,1,IMF_WEO,,
XKX,Kosovo,2005,22.714,,,,,,,,,22.714,,,,,1,IMF_WEO,,
XKX,Kosovo,2023,24.49866,,,,,,,,24.498663,,29.861,,,,1,IMF_GFS,1,2
XKX,Kosovo,2000,8.506,,,,,,,,,8.506,,,,,1,IMF_WEO,,
XKX,Kosovo,2020,33.453,,,,,,,,27.991407,33.453,,,,,1,IMF_WEO,,
XKX,Kosovo,2017,28.174,,,,,,,,20.888067,28.174,,,,,1,IMF_WEO,,
XKX,Kosovo,2009,30.269,,,,,,,,,30.269,,,,,1,IMF_WEO,,
XKX,Kosovo,2002,13.896,,,,,,,,,13.896,,,,,1,IMF_WEO,,
XKX,Kosovo,2022,28.833,,,,,,,,26.334055,28.833,,,,,1,IMF_WEO,,
XKX,Kosovo,2013,29.303,,,,,,,,19.343364,29.303,,,,,1,IMF_WEO,,
XKX,Kosovo,2003,18.103,,,,,,,,,18.103,,,,,1,IMF_WEO,,
XKX,Kosovo,2026,31.133,,,,,,,,,,31.132999,,,,1,IMF_WEO_forecast,,
XKX,Kosovo,2008,26.622,,,,,,,,,26.622,,,,,1,IMF_WEO,,
XKX,Kosovo,2019,29.922,,,,,,,,22.872609,29.922,,,,,1,IMF_WEO,,
XKX,Kosovo,2014,27.714,,,,,,,,20.565435,27.714,,,,,1,IMF_WEO,,
XKX,Kosovo,2028,31.04,,,,,,,,,,31.040001,,,,1,IMF_WEO_forecast,,
XKX,Kosovo,2029,31.112,,,,,,,,,,31.112,,,,1,IMF_WEO_forecast,,
XKX,Kosovo,2018,29.463,,,,,,,,22.150252,29.463,,,,,1,IMF_WEO,,
XKX,Kosovo,2001,8.548,,,,,,,,,8.548,,,,,1,IMF_WEO,,
XKX,Kosovo,2011,29.679,,,,,,,,18.697733,29.679,,,,,1,IMF_WEO,,
XKX,Kosovo,2016,28.481,,,,,,,,21.698441,28.481,,,,,1,IMF_WEO,,
XKX,Kosovo,2027,31.094,,,,,,,,,,31.094,,,,1,IMF_WEO_forecast,,
XKX,Kosovo,2004,25.088,,,,,,,,,25.088,,,,,1,IMF_WEO,,
XKX,Kosovo,2015,27.785,,,,,,,,21.412484,27.785,,,,,1,IMF_WEO,,
XKX,Kosovo,2006,19.839,,,,,,,,,19.839,,,,,1,IMF_WEO,,
XKX,Kosovo,2007,18.6,,,,,,,,,18.6,,,,,1,IMF_WEO,,
YEM,Yemen,2006,37.369,,,,,,,37.368718,28.246787,37.369,,,,,1,IMF_WEO,,
YEM,Yemen,1997,34.224,,,,,,,34.224128,,34.224,,,,,1,IMF_WEO,,
YEM,Yemen,2026,15.897,,,,,,,,,,15.897,,,,1,IMF_WEO_forecast,,
YEM,Yemen,2003,35.317,,,,,,,35.316633,24.033559,35.317,,,,,1,IMF_WEO,,
YEM,Yemen,2001,30.489,,,,,,,30.489182,,30.489,,,,,1,IMF_WEO,,
YEM,Yemen,2029,18.742,,,,,,,,,,18.742001,,,,1,IMF_WEO_forecast,,
YEM,Yemen,2023,12.13718,,,,,,,12.137183,,,12.137,,,,1,IMF_FPP,,
YEM,Yemen,2015,32.88393,,,32.88393,,,,19.430181,,19.43,,,,,1,AMF,,
YEM,Yemen,2019,28.97961,,,28.97961,,,,13.20749,,13.207,,,,,1,AMF,,
YEM,Yemen,2009,35.215,,,,,,,35.214893,28.996959,35.215,,,,,1,IMF_WEO,,
YEM,Yemen,2013,36.03198,,,36.03198,,,,30.7973,,30.797,,,,,1,AMF,,
YEM,Yemen,2010,30.203,,,,,,,30.203498,25.787081,30.203,,,,,1,IMF_WEO,,
YEM,Yemen,2020,31.91174,,,31.91174,,,,10.646237,,10.646,,,,,1,AMF,,
YEM,Yemen,2025,10.597,,,,,,,,,,10.597,,,,1,IMF_WEO_forecast,,
YEM,Yemen,1991,24.743,,,,,,,24.742873,,24.743,,,,,1,IMF_WEO,,
YEM,Yemen,2028,18.586,,,,,,,,,,18.586,,,,1,IMF_WEO_forecast,,
YEM,Yemen,2005,36.769,,,,,,,36.769164,26.605758,36.769,,,,,1,IMF_WEO,,
YEM,Yemen,2007,40.349,,,,,,,40.349478,32.142774,40.349,,,,,1,IMF_WEO,,
YEM,Yemen,1999,28.248,,,,,,,28.248353,,28.248,,,,,1,IMF_WEO,,
YEM,Yemen,2012,36.218,,,,,,,36.218006,27.791685,36.218,,,,,1,IMF_WEO,1,3
YEM,Yemen,2027,19.115,,,,,,,,,,19.115,,,,1,IMF_WEO_forecast,,
YEM,Yemen,1990,26.636,,,,,,,26.636237,,26.636,,,,,1,IMF_WEO,,
YEM,Yemen,1993,25.763,,,,,,,25.762635,,25.763,,,,,1,IMF_WEO,,
YEM,Yemen,1996,30.698,,,,,,,30.697739,,30.698,,,,,1,IMF_WEO,,
YEM,Yemen,2022,12.17209,,,,,,,12.172089,,,12.172,,,,1,IMF_FPP,1,3
YEM,Yemen,1994,25.182,,,,,,,25.182044,,25.182,,,,,1,IMF_WEO,,
YEM,Yemen,2002,30.783,,,,,,,30.782846,23.377123,30.783,,,,,1,IMF_WEO,,
YEM,Yemen,2000,31.689,,,,,,,31.688623,,31.689,,,,,1,IMF_WEO,,
YEM,Yemen,2008,41.247,,,,,,,41.246974,34.720236,41.247,,,,,1,IMF_WEO,,
YEM,Yemen,2024,10.931,,,,,,,,,,10.931,,,,1,IMF_WEO_forecast,1,3
YEM,Yemen,2017,12.14515,,,12.14515,,,,8.3924715,,8.392,,,,,1,AMF,,
YEM,Yemen,2004,34.162,,,,,,,34.162099,24.062118,34.162,,,,,1,IMF_WEO,,
YEM,Yemen,2011,29.84,,,,,,,29.839966,26.806798,29.84,,,,,1,IMF_WEO,,
YEM,Yemen,1995,24.127,,,,,,,24.127269,,24.127,,,,,1,IMF_WEO,,
YEM,Yemen,2016,32.99699,,,32.99699,,,,16.06833,,16.068,,,,,1,AMF,,
YEM,Yemen,2018,28.22762,,,28.22762,,,,14.264085,,14.264,,,,,1,AMF,,
YEM,Yemen,1998,34.27,,,,,,,34.270123,,34.27,,,,,1,IMF_WEO,,
YEM,Yemen,1992,24.63,,,,,,,24.629959,,24.63,,,,,1,IMF_WEO,,
YEM,Yemen,2021,9.726665,,,9.726665,,,,8.2205236,,8.221,,,,,1,AMF,,
YEM,Yemen,2014,35.32375,,,35.32375,,,,27.780078,,27.78,,,,,1,AMF,,
ZAF,South Africa,1976,17.75865,,,,,,,23.034599,,,,,,,.7709554,IMF_FPP,1,6
ZAF,South Africa,2022,31.6605,,,,,,,31.8798,38.468664,,31.879999,,,,.8230205,IMF_GFS,1,6
ZAF,South Africa,1968,14.98776,,,,,,,19.4405,,,,,,,.7709554,IMF_FPP,,
ZAF,South Africa,1924,13.55556,,,,,,,17.5828,,,,,,,.7709554,IMF_FPP,,
ZAF,South Africa,1942,22.36773,,,,,,,29.013,,,,,,,.7709554,IMF_FPP,,
ZAF,South Africa,2001,22.62,,,,,,,22.620168,27.65543,22.62,,,,,1,IMF_WEO,,
ZAF,South Africa,1961,12.11626,,,,,,,15.7159,,,,,,,.7709554,IMF_FPP,,
ZAF,South Africa,1918,12.6392,,,,,,,16.394199,,,,,,,.7709554,IMF_FPP,,
ZAF,South Africa,2025,33.00558,,,,,,,,,,33.380001,,,,.9887832,IMF_WEO_forecast,,
ZAF,South Africa,2009,28.457,,,,,,,28.457427,34.925792,28.457,,,,,1,IMF_WEO,,
ZAF,South Africa,1939,13.69055,,,,,,,17.7579,,,,,,,.7709554,IMF_FPP,,
ZAF,South Africa,1962,12.29342,,,,,,,15.9457,,,,,,,.7709554,IMF_FPP,,
ZAF,South Africa,1919,12.04333,,,,,,,15.6213,,,,,,,.7709554,IMF_FPP,,
ZAF,South Africa,1981,20.4816,,,,,,,23.2609,21.320331,,,,,,.9606605,IMF_GFS,,
ZAF,South Africa,2013,28.91,,,,,,,28.910084,40.087996,28.91,,,,,1,IMF_WEO,,
ZAF,South Africa,2027,31.89221,,,,,,,,,,32.254002,,,,.9887832,IMF_WEO_forecast,,
ZAF,South Africa,1925,13.58146,,,,,,,17.6164,,,,,,,.7709554,IMF_FPP,,
ZAF,South Africa,2016,29.909,,,,,,,29.908567,37.150218,29.909,,,,,1,IMF_WEO,,
ZAF,South Africa,1983,23.79403,,,,,,,25.1192,24.768408,,,,,,.9606605,IMF_GFS,,
ZAF,South Africa,1965,14.04488,,,,,,,18.217501,,,,,,,.7709554,IMF_FPP,,
ZAF,South Africa,2008,26.009,,,,,,,26.008532,30.256763,26.009,,,,,1,IMF_WEO,,
ZAF,South Africa,1947,17.50393,,,,,,,22.704201,,,,,,,.7709554,IMF_FPP,,
ZAF,South Africa,1943,22.83709,,,,,,,29.621799,,,,,,,.7709554,IMF_FPP,,
ZAF,South Africa,1987,25.86922,,,,,,,27.9993,26.928581,,,,,,.9606605,IMF_GFS,,
ZAF,South Africa,2020,34.616,,,,,,,34.615744,42.581751,34.616,,,,,1,IMF_WEO,,
ZAF,South Africa,2029,31.91397,,,,,,,,,,32.276001,,,,.9887832,IMF_WEO_forecast,,
ZAF,South Africa,2023,32.25509,,,,,,,32.620839,39.19112,,32.620998,,,,.8230205,IMF_GFS,,
ZAF,South Africa,1941,20.23149,,,,,,,26.2421,,,,,,,.7709554,IMF_FPP,,
ZAF,South Africa,1982,22.49007,,,,,,,23.768499,23.411054,,,,,,.9606605,IMF_GFS,,
ZAF,South Africa,1986,26.1448,,,,,,,27.7787,27.215447,,,,,,.9606605,IMF_GFS,,
ZAF,South Africa,2017,29.86,,,,,,,29.859959,37.888115,29.86,,,,,1,IMF_WEO,,
ZAF,South Africa,1971,15.34356,,,,,,,19.902,,,,,,,.7709554,IMF_FPP,,
ZAF,South Africa,1989,25.74576,,,,,,,29.6015,26.800066,,,,,,.9606605,IMF_GFS,,
ZAF,South Africa,1953,16.34256,,,,,,,21.1978,,,,,,,.7709554,IMF_FPP,,
ZAF,South Africa,1975,16.38188,,,,,,,21.2488,,,,,,,.7709554,IMF_FPP,,
ZAF,South Africa,1959,14.09561,,,,,,,18.2833,,,,,,,.7709554,IMF_FPP,,
ZAF,South Africa,2002,22.213,,,,,,,22.213312,27.771061,22.213,,,,,1,IMF_WEO,,
ZAF,South Africa,1923,14.22305,,,,,,,18.448601,,,,,,,.7709554,IMF_FPP,,
ZAF,South Africa,2014,29.321,,,,,,,29.32106,40.944189,29.321,,,,,1,IMF_WEO,,
ZAF,South Africa,1922,15.45427,,,,,,,20.045601,,,,,,,.7709554,IMF_FPP,,
ZAF,South Africa,1966,14.07187,,,,,,,18.252501,,,,,,,.7709554,IMF_FPP,,
ZAF,South Africa,1988,26.02649,,,,,,,23.8535,27.092283,,,,,,.9606605,IMF_GFS,,
ZAF,South Africa,1928,12.69956,,,,,,,16.4725,,,,,,,.7709554,IMF_FPP,,
ZAF,South Africa,2005,25.14,,,,,,,25.140367,29.577082,25.14,,,,,1,IMF_WEO,,
ZAF,South Africa,1967,14.49211,,,,,,,18.7976,,,,,,,.7709554,IMF_FPP,,
ZAF,South Africa,1993,29.60529,,,,,,,29.0989,30.81764,,,,,,.9606605,IMF_GFS,,
ZAF,South Africa,1931,15.35705,,,,,,,19.9195,,,,,,,.7709554,IMF_FPP,,
ZAF,South Africa,1917,12.21193,,,,,,,15.84,,,,,,,.7709554,IMF_FPP,,
ZAF,South Africa,1920,14.28619,,,,,,,18.5305,,,,,,,.7709554,IMF_FPP,,
ZAF,South Africa,1932,15.6507,,,,,,,20.3004,,,,,,,.7709554,IMF_FPP,,
ZAF,South Africa,1933,16.29021,,,,,,,21.1299,,,,,,,.7709554,IMF_FPP,,
ZAF,South Africa,1935,14.05197,,,,,,,18.2267,,,,,,,.7709554,IMF_FPP,,
ZAF,South Africa,1936,13.26807,,,,,,,17.2099,,,,,,,.7709554,IMF_FPP,,
ZAF,South Africa,1937,12.29358,,,,,,,15.9459,,,,,,,.7709554,IMF_FPP,,
ZAF,South Africa,1955,14.32296,,,,,,,18.578199,,,,,,,.7709554,IMF_FPP,,
ZAF,South Africa,1970,15.45758,,,,,,,20.0499,,,,,,,.7709554,IMF_FPP,,
ZAF,South Africa,1974,14.69271,,,,,,,19.0578,,,,,,,.7709554,IMF_FPP,,
ZAF,South Africa,1977,21.0679,,,,,,,27.327,21.930641,,,,,,.9606605,IMF_GFS,,
ZAF,South Africa,1978,20.66297,,,,,,,26.813999,21.509131,,,,,,.9606605,IMF_GFS,,
ZAF,South Africa,1950,14.83842,,,,,,,19.246799,,,,,,,.7709554,IMF_FPP,,
ZAF,South Africa,1956,13.1599,,,,,,,17.069599,,,,,,,.7709554,IMF_FPP,,
ZAF,South Africa,1991,25.81877,,,,,,,27.8029,26.876064,,,,,,.9606605,IMF_GFS,,
ZAF,South Africa,1994,27.25683,,,,,,,31.32,28.373009,,,,,,.9606605,IMF_GFS,1,6
ZAF,South Africa,1995,23.65809,,,,,,,27.184799,,,,,,,.8702691,IMF_FPP,1,6
ZAF,South Africa,2004,22.708,,,,,,,22.707678,29.836308,22.708,,,,,1,IMF_WEO,,
ZAF,South Africa,1938,13.26336,,,,,,,17.2038,,,,,,,.7709554,IMF_FPP,,
ZAF,South Africa,2011,28.08,,,,,,,28.079521,35.571805,28.08,,,,,1,IMF_WEO,,
ZAF,South Africa,1964,8.686509,,,,,,,11.2672,,,,,,,.7709554,IMF_FPP,,
ZAF,South Africa,2018,30.152,,,,,,,30.152286,38.750395,30.152,,,,,1,IMF_WEO,,
ZAF,South Africa,1951,14.19537,,,,,,,18.412701,,,,,,,.7709554,IMF_FPP,,
ZAF,South Africa,1998,23.79869,,,,,,,27.0735,29.925698,,,,,,.7952595,IMF_GFS,,
ZAF,South Africa,1926,13.75215,,,,,,,17.837799,,,,,,,.7709554,IMF_FPP,,
ZAF,South Africa,1969,14.50368,,,,,,,18.812599,,,,,,,.7709554,IMF_FPP,,
ZAF,South Africa,1996,24.78622,,,,,,,28.4811,31.167463,,,,,,.7952595,IMF_GFS,,
ZAF,South Africa,1921,15.5447,,,,,,,20.162901,,,,,,,.7709554,IMF_FPP,,
ZAF,South Africa,2021,32.542,,,,,,,32.542153,39.539723,32.542,,,,,1,IMF_WEO,,
ZAF,South Africa,2000,22.646,,,,,,,22.646444,28.47624,22.646,,,,,1,IMF_WEO,,
ZAF,South Africa,1979,20.54421,,,,,,,26.4758,21.385509,,,,,,.9606605,IMF_GFS,,
ZAF,South Africa,1952,16.58487,,,,,,,21.5121,,,,,,,.7709554,IMF_FPP,,
ZAF,South Africa,1927,13.15944,,,,,,,17.069,,,,,,,.7709554,IMF_FPP,,
ZAF,South Africa,1915,18.23171,,,,,,,23.648199,,,,,,,.7709554,IMF_FPP,,
ZAF,South Africa,2003,22.619,,,,,,,22.618848,28.847215,22.619,,,,,1,IMF_WEO,,
ZAF,South Africa,1973,16.22252,,,,,,,21.042101,,,,,,,.7709554,IMF_FPP,,
ZAF,South Africa,1916,11.86778,,,,,,,15.3936,,,,,,,.7709554,IMF_FPP,,
ZAF,South Africa,1960,12.83841,,,,,,,16.652599,,,,,,,.7709554,IMF_FPP,,
ZAF,South Africa,2015,30.164,,,,,,,30.16409,38.462579,30.164,,,,,1,IMF_WEO,,
ZAF,South Africa,2007,24.429,,,,,,,24.428556,30.240585,24.429,,,,,1,IMF_WEO,,
ZAF,South Africa,1985,25.41694,,,,,,,26.8029,26.457779,,,,,,.9606605,IMF_GFS,,
ZAF,South Africa,2024,32.81277,,,,,,,,,,33.185001,,,,.9887832,IMF_WEO_forecast,1,6
ZAF,South Africa,1954,14.38688,,,,,,,18.6611,,,,,,,.7709554,IMF_FPP,,
ZAF,South Africa,1992,28.4418,,,,,,,29.8207,29.606511,,,,,,.9606605,IMF_GFS,,
ZAF,South Africa,1930,14.46767,,,,,,,18.7659,,,,,,,.7709554,IMF_FPP,,
ZAF,South Africa,1999,23.42444,,,,,,,26.6689,29.455088,,,,,,.7952595,IMF_GFS,1,6
ZAF,South Africa,1957,13.7735,,,,,,,17.865499,,,,,,,.7709554,IMF_FPP,,
ZAF,South Africa,1946,19.27157,,,,,,,24.997,,,,,,,.7709554,IMF_FPP,,
ZAF,South Africa,1980,19.30787,,,,,,,21.8396,20.098541,,,,,,.9606605,IMF_GFS,,
ZAF,South Africa,1944,22.86469,,,,,,,29.6576,,,,,,,.7709554,IMF_FPP,,
ZAF,South Africa,2019,31.394,,,,,,,31.393811,39.989988,31.394,,,,,1,IMF_WEO,,
ZAF,South Africa,2012,28.619,,,,,,,28.618683,34.712133,28.619,,,,,1,IMF_WEO,,
ZAF,South Africa,1963,12.26313,,,,,,,15.9064,,,,,,,.7709554,IMF_FPP,,
ZAF,South Africa,1934,15.23955,,,,,,,19.767099,,,,,,,.7709554,IMF_FPP,,
ZAF,South Africa,1948,18.69521,,,,,,,24.249399,,,,,,,.7709554,IMF_FPP,,
ZAF,South Africa,1958,14.46174,,,,,,,18.7582,,,,,,,.7709554,IMF_FPP,,
ZAF,South Africa,2026,32.1671,,,,,,,,,,32.532001,,,,.9887832,IMF_WEO_forecast,,
ZAF,South Africa,2028,31.91496,,,,,,,,,,32.277,,,,.9887832,IMF_WEO_forecast,,
ZAF,South Africa,1949,18.36986,,,,,,,23.8274,,,,,,,.7709554,IMF_FPP,,
ZAF,South Africa,1997,24.1549,,,,,,,27.8535,30.373611,,,,,,.7952595,IMF_GFS,,
ZAF,South Africa,1940,21.82421,,,,,,,28.308001,,,,,,,.7709554,IMF_FPP,,
ZAF,South Africa,2010,28.34,,,,,,,28.34047,33.365931,28.34,,,,,1,IMF_WEO,,
ZAF,South Africa,1972,17.67176,,,,,,,22.9219,,,,,,,.7709554,IMF_FPP,,
ZAF,South Africa,1945,21.94293,,,,,,,28.462,,,,,,,.7709554,IMF_FPP,,
ZAF,South Africa,2006,24.667,,,,,,,24.666602,28.599471,24.667,,,,,1,IMF_WEO,,
ZAF,South Africa,1984,23.94921,,,,,,,25.2297,24.929944,,,,,,.9606605,IMF_GFS,,
ZAF,South Africa,1929,13.02514,,,,,,,16.8948,,,,,,,.7709554,IMF_FPP,,
ZAF,South Africa,1914,17.35282,,,,,,,22.5082,,,,,,,.7709554,IMF_FPP,,
ZAF,South Africa,1990,26.2541,,,,,,,28.7022,27.329221,,,,,,.9606605,IMF_GFS,,
ZAF,South Africa,1913,12.26744,,,,,,,15.912,,,,,,,.7709554,IMF_FPP,,
ZMB,Zambia,2020,34.031,,,,,,,,,34.031,,,,,1,IMF_WEO,,
ZMB,Zambia,2029,24.28,,,,,,,,,,24.280001,,,,1,IMF_WEO_forecast,,
ZMB,Zambia,2019,29.82,,,,,,,,,29.82,,,,,1,IMF_WEO,,
ZMB,Zambia,2028,24.704,,,,,,,,,,24.704,,,,1,IMF_WEO_forecast,,
ZMB,Zambia,2007,19.923,,,,,,,,,19.923,,,,,1,IMF_WEO,,
ZMB,Zambia,2005,22.451,,,,,,,,,22.451,,,,,1,IMF_WEO,,
ZMB,Zambia,2000,21.409,,,,,,,,,21.409,,,,,1,IMF_WEO,,
ZMB,Zambia,2021,30.504,,,,,,,,,30.504,,,,,1,IMF_WEO,,
ZMB,Zambia,2017,24.974,,,,,,,,,24.974,,,,,1,IMF_WEO,,
ZMB,Zambia,2011,19.527,,,,,,,,,19.527,,,,,1,IMF_WEO,,
ZMB,Zambia,2015,27.648,,,,,,,,,27.648,,,,,1,IMF_WEO,,
ZMB,Zambia,2006,19.692,,,,,,,,,19.692,,,,,1,IMF_WEO,,
ZMB,Zambia,2026,25.129,,,,,,,,,,25.129,,,,1,IMF_WEO_forecast,,
ZMB,Zambia,2025,24.631,,,,,,,,,,24.631001,,,,1,IMF_WEO_forecast,,
ZMB,Zambia,2014,24.328,,,,,,,,,24.328,,,,,1,IMF_WEO,,
ZMB,Zambia,2001,27.962,,,,,,,,,27.962,,,,,1,IMF_WEO,,
ZMB,Zambia,2002,27.571,,,,,,,,,27.571,,,,,1,IMF_WEO,,
ZMB,Zambia,2003,27.313,,,,,,,,,27.313,,,,,1,IMF_WEO,,
ZMB,Zambia,2022,28.203,,,,,,,,,,28.202999,,,,1,IMF_WEO_forecast,1,1
ZMB,Zambia,2024,27.483,,,,,,,,,,27.483,,,,1,IMF_WEO_forecast,,
ZMB,Zambia,2008,19.457,,,,,,,,,19.457,,,,,1,IMF_WEO,,
ZMB,Zambia,2004,23.273,,,,,,,,,23.273,,,,,1,IMF_WEO,,
ZMB,Zambia,2018,27.733,,,,,,,,,27.733,,,,,1,IMF_WEO,,
ZMB,Zambia,2016,23.928,,,,,,,,,23.928,,,,,1,IMF_WEO,,
ZMB,Zambia,2023,27.933,,,,,,,,,,27.933001,,,,1,IMF_WEO_forecast,,
ZMB,Zambia,2010,18.066,,,,,,,,,18.066,,,,,1,IMF_WEO,,
ZMB,Zambia,2009,17.807,,,,,,,,,17.807,,,,,1,IMF_WEO,,
ZMB,Zambia,2012,21.852,,,,,,,,,21.852,,,,,1,IMF_WEO,,
ZMB,Zambia,2013,24.025,,,,,,,,,24.025,,,,,1,IMF_WEO,,
ZMB,Zambia,2027,24.511,,,,,,,,,,24.511,,,,1,IMF_WEO_forecast,,
ZWE,Zimbabwe,2018,20.306,,,,,,,,,20.306,,,,,1,IMF_WEO,,
ZWE,Zimbabwe,2011,23.162,,,,,,,,,23.162,,,,,1,IMF_WEO,,
ZWE,Zimbabwe,2026,24.031,,,,,,,,,,24.031,,,,1,IMF_WEO_forecast,,
ZWE,Zimbabwe,2016,23.632,,,,,,,,,23.632,,,,,1,IMF_WEO,,
ZWE,Zimbabwe,2006,8.455,,,,,,,,,8.455,,,,,1,IMF_WEO,,
ZWE,Zimbabwe,2022,22.565,,,,,,,,,22.565,,,,,1,IMF_WEO,,
ZWE,Zimbabwe,2008,3.749,,,,,,,,,3.749,,,,,1,IMF_WEO,,
ZWE,Zimbabwe,2025,23.789,,,,,,,,,,23.789,,,,1,IMF_WEO_forecast,,
ZWE,Zimbabwe,2019,11.708,,,,,,,,,11.708,,,,,1,IMF_WEO,,
ZWE,Zimbabwe,2009,11.715,,,,,,,,,11.715,,,,,1,IMF_WEO,,
ZWE,Zimbabwe,2029,24.201,,,,,,,,,,24.201,,,,1,IMF_WEO_forecast,,
ZWE,Zimbabwe,2027,24.057,,,,,,,,,,24.056999,,,,1,IMF_WEO_forecast,,
ZWE,Zimbabwe,2007,5.061,,,,,,,,,5.061,,,,,1,IMF_WEO,,
ZWE,Zimbabwe,2021,17.555,,,,,,,,,17.555,,,,,1,IMF_WEO,,
ZWE,Zimbabwe,2015,20.757,,,,,,,,,20.757,,,,,1,IMF_WEO,,
ZWE,Zimbabwe,2013,20.565,,,,,,,,,20.565,,,,,1,IMF_WEO,,
ZWE,Zimbabwe,2028,24.145,,,,,,,,,,24.145,,,,1,IMF_WEO_forecast,,
ZWE,Zimbabwe,2023,20.891,,,,,,,,,,20.891001,,,,1,IMF_WEO_forecast,1,1
ZWE,Zimbabwe,2024,26.028,,,,,,,,,,26.028,,,,1,IMF_WEO_forecast,,
ZWE,Zimbabwe,2014,20.361,,,,,,,,,20.361,,,,,1,IMF_WEO,,
ZWE,Zimbabwe,2017,27.874,,,,,,,,,27.874,,,,,1,IMF_WEO,,
ZWE,Zimbabwe,2010,18.407,,,,,,,,,18.407,,,,,1,IMF_WEO,,
ZWE,Zimbabwe,2005,15.516,,,,,,,,,15.516,,,,,1,IMF_WEO,,
ZWE,Zimbabwe,2012,20.605,,,,,,,,,20.605,,,,,1,IMF_WEO,,
ZWE,Zimbabwe,2020,12.981,,,,,,,,,12.981,,,,,1,IMF_WEO,,
