ISO3,countryname,year,M1,ADB,AFDB,AFRISTAT,AHSTAT,BCEAO,BORDO,ECLAC,HFS,JST,Mitchell,NBS,OECD_MEI,CS2,CS3,CS1,chainlinking_ratio,source,source_change,source_change_count
AFG,Afghanistan,1958,2330,,,,,,,,,,2330,,,,,,1,Mitchell,,
AFG,Afghanistan,1959,2370,,,,,,,,,,2370,,,,,,1,Mitchell,,
AFG,Afghanistan,1960,3050,,,,,,,,,,3050,,,,,,1,Mitchell,,
AFG,Afghanistan,1961,3300,,,,,,,,,,3300,,,,,,1,Mitchell,,
AFG,Afghanistan,1962,3750,,,,,,,,,,3750,,,,,,1,Mitchell,,
AFG,Afghanistan,1963,4620,,,,,,,,,,4620,,,,,,1,Mitchell,,
AFG,Afghanistan,1964,5570,,,,,,,,,,5570,,,,,,1,Mitchell,,
AFG,Afghanistan,1965,6100,,,,,,,,,,6100,,,,,,1,Mitchell,,
AFG,Afghanistan,1966,6140,,,,,,,,,,6140,,,,,,1,Mitchell,,
AFG,Afghanistan,1967,6100,,,,,,,,,,6100,,,,,,1,Mitchell,,
AFG,Afghanistan,1968,7280,,,,,,,,,,7280,,,,,,1,Mitchell,,
AFG,Afghanistan,1969,8280,,,,,,,,,,8280,,,,,,1,Mitchell,,
AFG,Afghanistan,1970,9740,,,,,,,,,,9740,,,,,,1,Mitchell,,
AFG,Afghanistan,1971,9670,,,,,,,,,,9670,,,,,,1,Mitchell,,
AFG,Afghanistan,1972,10800,,,,,,,,,,10800,,,,,,1,Mitchell,,
AFG,Afghanistan,1973,11300,,,,,,,,,,11300,,,,,,1,Mitchell,,
AFG,Afghanistan,1974,12500,,,,,,,,,,12500,,,,,,1,Mitchell,,
AFG,Afghanistan,1975,15000,,,,,,,,,,15000,,,,,,1,Mitchell,,
AFG,Afghanistan,1976,18300,,,,,,,,,,18300,,,,,,1,Mitchell,,
AFG,Afghanistan,1977,23800,,,,,,,,,,23800,,,,,,1,Mitchell,,
AFG,Afghanistan,1978,28600,,,,,,,,,,28600,,,,,,1,Mitchell,,
AFG,Afghanistan,1979,34200,,,,,,,,,,34200,,,,,,1,Mitchell,,
AFG,Afghanistan,1980,39800,,,,,,,,,,39800,,,,,,1,Mitchell,,
AFG,Afghanistan,1981,45700,,,,,,,,,,45700,,,,,,1,Mitchell,,
AFG,Afghanistan,1982,53000,,,,,,,,,,53000,,,,,,1,Mitchell,,
AFG,Afghanistan,1983,,,,,,,,,,,,,,,,,1,Mitchell,,
AFG,Afghanistan,1984,68600,,,,,,,,,,68600,,,,,,1,Mitchell,,
AFG,Afghanistan,1985,76400,,,,,,,,,,76400,,,,,,1,Mitchell,,
AFG,Afghanistan,1986,85100,,,,,,,,,,85100,,,,,,1,Mitchell,,
AFG,Afghanistan,1987,131000,,,,,,,,,,131000,,,,,,1,Mitchell,,
AFG,Afghanistan,1988,179000,,,,,,,,,,179000,,,,,,1,Mitchell,,
AFG,Afghanistan,1989,251000,,,,,,,,,,251000,,,,,,1,Mitchell,,
AFG,Afghanistan,1990,351000,,,,,,,,,,351000,,,,,,1,Mitchell,1,1
AFG,Afghanistan,1991,,,,,,,,,,,,,,,,,1,ADB,,
AFG,Afghanistan,1992,,,,,,,,,,,,,,,,,1,ADB,,
AFG,Afghanistan,1993,,,,,,,,,,,,,,,,,1,ADB,,
AFG,Afghanistan,1994,,,,,,,,,,,,,,,,,1,ADB,,
AFG,Afghanistan,1995,,,,,,,,,,,,,,,,,1,ADB,,
AFG,Afghanistan,1996,,,,,,,,,,,,,,,,,1,ADB,,
AFG,Afghanistan,1997,,,,,,,,,,,,,,,,,1,ADB,,
AFG,Afghanistan,1998,,,,,,,,,,,,,,,,,1,ADB,,
AFG,Afghanistan,1999,,,,,,,,,,,,,,,,,1,ADB,,
AFG,Afghanistan,2000,,,,,,,,,,,,,,,,,1,ADB,,
AFG,Afghanistan,2001,,,,,,,,,,,,,,,,,1,ADB,,
AFG,Afghanistan,2002,22163.52,22163.52,,,,,,,,,,,,,,,1,ADB,,
AFG,Afghanistan,2003,29115.77,29115.77,,,,,,,,,,,,,,,1,ADB,,
AFG,Afghanistan,2004,38952.61,38952.607,,,,,,,,,,,,,,,1,ADB,,
AFG,Afghanistan,2005,55662.82,55662.815,,,,,,,,,,,,,,,1,ADB,,
AFG,Afghanistan,2006,79505.81,79505.811,,,,,,,,,79505.811,,,,,,1,ADB,,
AFG,Afghanistan,2007,89251.57,89251.568,,,,,,,,,111777.34,,,,,,1,ADB,,
AFG,Afghanistan,2008,114895.5,114895.47,,,,,,,,,147449.22,,,,,,1,ADB,,
AFG,Afghanistan,2009,158375.9,158375.92,,,,,,,,,192176.8,,,,,,1,ADB,,
AFG,Afghanistan,2010,212648.1,212648.14,,,,,,,,,240257.24,,,,,,1,ADB,,
AFG,Afghanistan,2011,261214.7,261214.69,,,,,,,,,,,,,,,1,ADB,,
AFG,Afghanistan,2012,297865.1,297865.07,,,,,,,,,,,,,,,1,ADB,,
AFG,Afghanistan,2013,318650.3,318650.32,,,,,,,,,,,,,,,1,ADB,,
AFG,Afghanistan,2014,340093.3,340093.29,,,,,,,,,,,,,,,1,ADB,,
AFG,Afghanistan,2015,354603.6,354603.59,,,,,,,,,,,,,,,1,ADB,,
AFG,Afghanistan,2016,423258.9,423258.88,,,,,,,,,,,,,,,1,ADB,,
AFG,Afghanistan,2017,436748.2,436748.15,,,,,,,,,,,,,,,1,ADB,,
AFG,Afghanistan,2018,453479.8,453479.74,,,,,,,,,,,,,,,1,ADB,,
AFG,Afghanistan,2019,479872.3,479872.24,,,,,,,,,,,,,,,1,ADB,,
AGO,Angola,1995,2.68902,,2.68902,,,,,,,,,,,,,,1,AFDB,,
AGO,Angola,1996,93.9179,,93.9179,,,,,,,,,,,,,,1,AFDB,,
AGO,Angola,1997,194.91,,194.91,,,,,,,,,,,,,,1,AFDB,,
AGO,Angola,1998,272.432,,272.432,,,,,,,,,,,,,,1,AFDB,,
AGO,Angola,1999,1206.55,,1206.55,,,,,,,,,,,,,,1,AFDB,,
AGO,Angola,2000,15840.41,,15840.412,,,,,,,,,,,,,,1,AFDB,,
AGO,Angola,2001,41660.77,,41660.774,,,,,,,,,,,,,,1,AFDB,,
AGO,Angola,2002,106793.5,,106793.51,,,,,,,,,,,,,,1,AFDB,,
AGO,Angola,2003,179518.1,,179518.09,,,,,,,,,,,,,,1,AFDB,,
AGO,Angola,2004,266677.7,,266677.66,,,,,,,,,,,,,,1,AFDB,,
AGO,Angola,2005,428567,,428566.98,,,,,,,,,,,,,,1,AFDB,,
AGO,Angola,2006,685068.3,,685068.28,,,,,,,,,,,,,,1,AFDB,,
AGO,Angola,2007,1023639,,1023638.9,,,,,,,,,,,,,,1,AFDB,,
AGO,Angola,2008,2094018,,2094018.4,,,,,,,,,,,,,,1,AFDB,,
AGO,Angola,2009,2543723,,2543723.1,,,,,,,,,,,,,,1,AFDB,,
AGO,Angola,2010,2678230,,2678230.1,,,,,,,,,,,,,,1,AFDB,,
AGO,Angola,2011,3673111,,3673111,,,,,,,,,,,,,,1,AFDB,,
AGO,Angola,2012,3853027,,3853026.9,,,,,,,,,,,,,,1,AFDB,,
AGO,Angola,2013,4398099,,4398099,,,,,,,,,,,,,,1,AFDB,,
AGO,Angola,2014,5110116,,5110115.9,,,,,,,,,,,,,,1,AFDB,,
AGO,Angola,2015,5711899,,5711899.2,,,,,,,,,,,,,,1,AFDB,,
AGO,Angola,2016,7834654,,7834653.5,,,,,,,,,,,,,,1,AFDB,,
AGO,Angola,2017,1.07e+07,,10675728,,,,,,,,,,,,,,1,AFDB,,
AGO,Angola,2018,1.42e+07,,14245042,,,,,,,,,,,,,,1,AFDB,,
ARE,United Arab Emirates,1973,970,,,,,,,,,,970,,,,,,1,Mitchell,,
ARE,United Arab Emirates,1974,1540,,,,,,,,,,1540,,,,,,1,Mitchell,,
ARE,United Arab Emirates,1975,2600,,,,,,,,,,2600,,,,,,1,Mitchell,,
ARE,United Arab Emirates,1976,4720,,,,,,,,,,4720,,,,,,1,Mitchell,,
ARE,United Arab Emirates,1977,5210,,,,,,,,,,5210,,,,,,1,Mitchell,,
ARE,United Arab Emirates,1978,5780,,,,,,,,,,5780,,,,,,1,Mitchell,,
ARE,United Arab Emirates,1979,6270,,,,,,,,,,6270,,,,,,1,Mitchell,,
ARE,United Arab Emirates,1980,7350,,,,,,,,,,7350,,,,,,1,Mitchell,,
ARE,United Arab Emirates,1981,8970,,,,,,,,,,8970,,,,,,1,Mitchell,,
ARE,United Arab Emirates,1982,9740,,,,,,,,,,9740,,,,,,1,Mitchell,,
ARE,United Arab Emirates,1983,9120,,,,,,,,,,9120,,,,,,1,Mitchell,,
ARE,United Arab Emirates,1984,8890,,,,,,,,,,8890,,,,,,1,Mitchell,,
ARE,United Arab Emirates,1985,9500,,,,,,,,,,9500,,,,,,1,Mitchell,,
ARE,United Arab Emirates,1986,9200,,,,,,,,,,9200,,,,,,1,Mitchell,,
ARE,United Arab Emirates,1987,10100,,,,,,,,,,10100,,,,,,1,Mitchell,,
ARE,United Arab Emirates,1988,10800,,,,,,,,,,10800,,,,,,1,Mitchell,,
ARE,United Arab Emirates,1989,11100,,,,,,,,,,11100,,,,,,1,Mitchell,,
ARE,United Arab Emirates,1990,10800,,,,,,,,,,10800,,,,,,1,Mitchell,,
ARE,United Arab Emirates,1991,13000,,,,,,,,,,13000,,,,,,1,Mitchell,,
ARE,United Arab Emirates,1992,15000,,,,,,,,,,15000,,,,,,1,Mitchell,,
ARE,United Arab Emirates,1993,18200,,,,,,,,,,18200,,,,,,1,Mitchell,,
ARE,United Arab Emirates,1994,19200,,,,,,,,,,19200,,,,,,1,Mitchell,,
ARE,United Arab Emirates,1995,20800,,,,,,,,,,20800,,,,,,1,Mitchell,,
ARE,United Arab Emirates,1996,22300,,,,,,,,,,22300,,,,,,1,Mitchell,,
ARE,United Arab Emirates,1997,25400,,,,,,,,,,25400,,,,,,1,Mitchell,,
ARE,United Arab Emirates,1998,27800,,,,,,,,,,27800,,,,,,1,Mitchell,,
ARE,United Arab Emirates,1999,30300,,,,,,,,,,30300,,,,,,1,Mitchell,,
ARE,United Arab Emirates,2000,34100,,,,,,,,,,34100,,,,,,1,Mitchell,,
ARE,United Arab Emirates,2001,39500,,,,,,,,,,39500,,,,,,1,Mitchell,,
ARE,United Arab Emirates,2002,47100,,,,,,,,,,47100,,,,,,1,Mitchell,,
ARE,United Arab Emirates,2003,58300,,,,,,,,,,58300,,,,,,1,Mitchell,,
ARE,United Arab Emirates,2004,80800,,,,,,,,,,80800,,,,,,1,Mitchell,,
ARE,United Arab Emirates,2005,104400,,,,,,,,,,104400,,,,,,1,Mitchell,,
ARE,United Arab Emirates,2006,120020,,,,,,,,,,120020,,,,,,1,Mitchell,,
ARE,United Arab Emirates,2007,181664,,,,,,,,,,181664,,,,,,1,Mitchell,,
ARE,United Arab Emirates,2008,208138,,,,,,,,,,208138,,,,,,1,Mitchell,,
ARE,United Arab Emirates,2009,223482,,,,,,,,,,223482,,,,,,1,Mitchell,,
ARE,United Arab Emirates,2010,232961,,,,,,,,,,232961,,,,,,1,Mitchell,,
ARG,Argentina,1900,3.84e-11,,,,,,,,,,,,,,3.570e-11,,1.076974,CS3,,
ARG,Argentina,1901,4.26e-11,,,,,,,,,,,,,,3.960e-11,,1.076974,CS3,,
ARG,Argentina,1902,3.68e-11,,,,,,,,,,,,,,3.420e-11,,1.076974,CS3,,
ARG,Argentina,1903,4.79e-11,,,,,,,,,,,,,,4.450e-11,,1.076974,CS3,,
ARG,Argentina,1904,5.92e-11,,,,,,,,,,,,,,5.500e-11,,1.076974,CS3,,
ARG,Argentina,1905,7.38e-11,,,,,,,,,,,,,,6.850e-11,,1.076974,CS3,,
ARG,Argentina,1906,7.01e-11,,,,,,,,,,,,,,6.510e-11,,1.076974,CS3,,
ARG,Argentina,1907,7.11e-11,,,,,,,,,,,,,,6.600e-11,,1.076974,CS3,,
ARG,Argentina,1908,8.55e-11,,,,,,,,,,,,,,7.940e-11,,1.076974,CS3,,
ARG,Argentina,1909,1.08e-10,,,,,,,,,,,,,,1.006e-10,,1.076974,CS3,,
ARG,Argentina,1910,1.19e-10,,,,,,,,,,,,,,1.104e-10,,1.076974,CS3,,
ARG,Argentina,1911,1.18e-10,,,,,,,,,,,,,,1.097e-10,,1.076974,CS3,,
ARG,Argentina,1912,1.35e-10,,,,,,,,,,,,,,1.257e-10,,1.076974,CS3,,
ARG,Argentina,1913,1.08e-10,,,,,,,,,,,,,,1.002e-10,,1.076974,CS3,,
ARG,Argentina,1914,1.05e-10,,,,,,,,,,,,,,9.740e-11,,1.076974,CS3,,
ARG,Argentina,1915,1.07e-10,,,,,,,,,,,,,,9.960e-11,,1.076974,CS3,,
ARG,Argentina,1916,1.12e-10,,,,,,,,,,,,,,1.040e-10,,1.076974,CS3,,
ARG,Argentina,1917,1.25e-10,,,,,,,,,,,,,,1.162e-10,,1.076974,CS3,,
ARG,Argentina,1918,1.62e-10,,,,,,,,,,,,,,1.501e-10,,1.076974,CS3,,
ARG,Argentina,1919,1.74e-10,,,,,,,,,,,,,,1.611e-10,,1.076974,CS3,,
ARG,Argentina,1920,1.74e-10,,,,,,,,,,,,,,1.612e-10,,1.076974,CS3,,
ARG,Argentina,1921,1.47e-10,,,,,,,,,,,,,,1.365e-10,,1.076974,CS3,,
ARG,Argentina,1922,1.56e-10,,,,,,,,,,,,,,1.451e-10,,1.076974,CS3,,
ARG,Argentina,1923,1.89e-10,,,,,,,,,,,,,,1.759e-10,,1.076974,CS3,,
ARG,Argentina,1924,1.94e-10,,,,,,,,,,,,,,1.801e-10,,1.076974,CS3,,
ARG,Argentina,1925,1.88e-10,,,,,,,,,,,,,,1.747e-10,,1.076974,CS3,,
ARG,Argentina,1926,2.05e-10,,,,,,,,,,,,,,1.903e-10,,1.076974,CS3,,
ARG,Argentina,1927,2.18e-10,,,,,,,,,,,,,,2.026e-10,,1.076974,CS3,,
ARG,Argentina,1928,2.34e-10,,,,,,,,,,,,,,2.173e-10,,1.076974,CS3,,
ARG,Argentina,1929,2.19e-10,,,,,,,,,,,,,,2.037e-10,,1.076974,CS3,,
ARG,Argentina,1930,2.15e-10,,,,,,,,,,,,,,1.999e-10,,1.076974,CS3,,
ARG,Argentina,1931,1.83e-10,,,,,,,,,,,,,,1.703e-10,,1.076974,CS3,,
ARG,Argentina,1932,1.91e-10,,,,,,,,,,,,,,1.776e-10,,1.076974,CS3,,
ARG,Argentina,1933,2.01e-10,,,,,,,,,,,,,,1.865e-10,,1.076974,CS3,,
ARG,Argentina,1934,2.02e-10,,,,,,,,,,,,,,1.871e-10,,1.076974,CS3,,
ARG,Argentina,1935,2.03e-10,,,,,,,,,,,,,,1.885e-10,,1.076974,CS3,,
ARG,Argentina,1936,2.37e-10,,,,,,,,,,,,,,2.203e-10,,1.076974,CS3,,
ARG,Argentina,1937,2.58e-10,,,,,,,,,,,,,,2.392e-10,,1.076974,CS3,,
ARG,Argentina,1938,2.47e-10,,,,,,,,,,,,,,2.297e-10,,1.076974,CS3,,
ARG,Argentina,1939,2.68e-10,,,,,,,,,,,,,,2.493e-10,,1.076974,CS3,1,1
ARG,Argentina,1940,2.62e-10,,,,,,,,,,,,,2.619e-10,2.432e-10,,1,CS2,,
ARG,Argentina,1941,3.33e-10,,,,,,,,,,,,,3.335e-10,3.099e-10,,1,CS2,,
ARG,Argentina,1942,3.97e-10,,,,,,,,,,,,,3.974e-10,3.631e-10,,1,CS2,,
ARG,Argentina,1943,4.80e-10,,,,,,,,,,,,,4.799e-10,4.349e-10,,1,CS2,,
ARG,Argentina,1944,5.90e-10,,,,,,,,,,,,,5.905e-10,5.378e-10,,1,CS2,,
ARG,Argentina,1945,6.95e-10,,,,,,,,,,,,,6.949e-10,6.412e-10,,1,CS2,,
ARG,Argentina,1946,8.85e-10,,,,,,,,,,,,,8.853e-10,8.458e-10,,1,CS2,,
ARG,Argentina,1947,1.10e-09,,,,,,,,,,,,,1.104e-09,1.025e-09,,1,CS2,,
ARG,Argentina,1948,1.60e-09,,,,,,,,,,1.690e-09,,,1.595e-09,1.377e-09,,1,CS2,,
ARG,Argentina,1949,1.97e-09,,,,,,,,,,2.040e-09,,,1.969e-09,1.758e-09,,1,CS2,,
ARG,Argentina,1950,2.44e-09,,,,,,,,,,2.470e-09,,,2.435e-09,2.205e-09,,1,CS2,,
ARG,Argentina,1951,2.99e-09,,,,,,,,,,3.040e-09,,,2.986e-09,2.674e-09,,1,CS2,,
ARG,Argentina,1952,3.38e-09,,,,,,,,,,3.430e-09,,,3.378e-09,3.042e-09,,1,CS2,,
ARG,Argentina,1953,4.26e-09,,,,,,,,,,4.310e-09,,,4.261e-09,3.773e-09,,1,CS2,,
ARG,Argentina,1954,5.16e-09,,,,,,,,,,5.190e-09,,,5.157e-09,4.388e-09,,1,CS2,,
ARG,Argentina,1955,6.12e-09,,,,,,,,,,6.120e-09,,,6.116e-09,5.161e-09,,1,CS2,,
ARG,Argentina,1956,7.53e-09,,,,,,,,,,7.130e-09,,,7.525e-09,6.024e-09,,1,CS2,,
ARG,Argentina,1957,8.40e-09,,,,,,,,,,8.280e-09,,,8.400e-09,6.758e-09,,1,CS2,,
ARG,Argentina,1958,1.19e-08,,,,,,,,,,1.190e-08,,,1.190e-08,9.883e-09,,1,CS2,,
ARG,Argentina,1959,1.68e-08,,,,,,,,,,1.700e-08,,,1.680e-08,1.422e-08,,1,CS2,,
ARG,Argentina,1960,2.17e-08,,,,,,,,,,2.180e-08,,,2.171e-08,1.786e-08,,1,CS2,,
ARG,Argentina,1961,2.41e-08,,,,,,,,,,2.020e-08,,,2.408e-08,2.054e-08,,1,CS2,,
ARG,Argentina,1962,2.43e-08,,,,,,,,,,2.200e-08,,,2.428e-08,2.197e-08,,1,CS2,,
ARG,Argentina,1963,3.09e-08,,,,,,,,,,2.830e-08,,,3.090e-08,2.829e-08,,1,CS2,,
ARG,Argentina,1964,4.44e-08,,,,,,,,,,3.960e-08,,,4.440e-08,3.956e-08,,1,CS2,,
ARG,Argentina,1965,5.55e-08,,,,,,,,,,4.970e-08,,,5.554e-08,4.975e-08,,1,CS2,,
ARG,Argentina,1966,7.40e-08,,,,,,,,,,6.710e-08,,,7.405e-08,6.717e-08,,1,CS2,,
ARG,Argentina,1967,1.01e-07,,,,,,,,,,1.092e-07,,,1.006e-07,8.716e-08,,1,CS2,,
ARG,Argentina,1968,1.28e-07,,,,,,,,,,1.364e-07,,,1.283e-07,1.105e-07,,1,CS2,,
ARG,Argentina,1969,1.43e-07,,,,,,,,,,1.655e-07,,,1.428e-07,1.223e-07,,1,CS2,,
ARG,Argentina,1970,1.71e-07,,,,,,,,,,1.800e-07,,,1.712e-07,1.468e-07,,1,CS2,,
ARG,Argentina,1971,2.25e-07,,,,,,,,,,2.000e-07,,,2.252e-07,2.010e-07,,1,CS2,,
ARG,Argentina,1972,3.18e-07,,,,,,,,,,3.300e-07,,,3.177e-07,2.887e-07,,1,CS2,,
ARG,Argentina,1973,6.40e-07,,,,,,,,,,5.700e-07,,,6.398e-07,5.621e-07,,1,CS2,,
ARG,Argentina,1974,1.04e-06,,,,,,,,,,9.000e-07,,,1.042e-06,8.880e-07,,1,CS2,,
ARG,Argentina,1975,3.03e-06,,,,,,,,,,2.800e-06,,,3.034e-06,2.602e-06,,1,CS2,,
ARG,Argentina,1976,.0000118,,,,,,,,,,.0000105,,,.00001178,9.273e-06,,1,CS2,,
ARG,Argentina,1977,.0000295,,,,,,,,,,.0000226,,,.00002954,.00002086,,1,CS2,,
ARG,Argentina,1978,.0000762,,,,,,,,,,.0000587,,,.00007622,.00005633,,1,CS2,,
ARG,Argentina,1979,.0001868,,,,,,,,,,.00014,,,.00018683,.00013829,,1,CS2,,
ARG,Argentina,1980,.0003794,,,,,,,,,,.000275,,,.0003794,.0002735,,1,CS2,,
ARG,Argentina,1981,.0006797,,,,,,,,,,.000467,,,.00067973,.00046095,,1,CS2,,
ARG,Argentina,1982,.0021407,,,,,,,,,,.001623,,,.00214068,.00148,,1,CS2,,
ARG,Argentina,1983,.0097792,,,,,,,,,,.0075,,,.0097792,.00699,,1,CS2,,
ARG,Argentina,1984,.0578422,,,,,,,,,,.0451,,,.0578422,.04348,,1,CS2,,
ARG,Argentina,1985,.5255313,,,,,,,,,,.303,,,.5255313,.3006,,1,CS2,,
ARG,Argentina,1986,.8686271,,,,,,,,,,.56,,,.86862712,.55768,,1,CS2,,
ARG,Argentina,1987,1.667084,,,,,,,,,,1.258,,,1.6670844,1.25398,,1,CS2,,
ARG,Argentina,1988,7.73968,,,,,,,,,,5.5,,,7.7396805,5.48767,,1,CS2,,
ARG,Argentina,1989,345.2147,,,,,,,,,,273,,,345.21467,230.5604,,1,CS2,,
ARG,Argentina,1990,3043.618,,,,,,,3043.6,,,3068,,,3043.6182,2700.3273,,1,CS2,,
ARG,Argentina,1991,8143.831,,,,,,,8143.8,,,7626,,,8143.831,6869.7,,1,CS2,,
ARG,Argentina,1992,11835.86,,,,,,,11835.9,,,11364,,,11835.857,10489,,1,CS2,,
ARG,Argentina,1993,16179.27,,,,,,,16179.3,,,15119,,,16179.274,13727.2,,1,CS2,,
ARG,Argentina,1994,16942.84,,,,,,,16942.8,,,16362,,,16942.844,15508.706,,1,CS2,,
ARG,Argentina,1995,16643.98,,,,,,,16644,,,16619,,,16643.984,15768.137,,1,CS2,,
ARG,Argentina,1996,19902.65,,,,,,,19902.6,,,19042,,,19902.647,17765.715,,1,CS2,,
ARG,Argentina,1997,23201.17,,,,,,,23201.2,,,21482,,,23201.172,20449.269,,1,CS2,,
ARG,Argentina,1998,23756.37,,,,,,,23756.4,,,21489,,,23756.374,20824.738,,1,CS2,,
ARG,Argentina,1999,22838.17,,,,,,,22838.2,,,21836,,,22838.172,20509.266,,1,CS2,,
ARG,Argentina,2000,22112.54,,,,,,,22112.5,,,19838,,,22112.542,18743.118,,1,CS2,,
ARG,Argentina,2001,15831.29,,,,,,,15831.3,,,15844,,,15831.289,17853.566,,1,CS2,,
ARG,Argentina,2002,30833.13,,,,,,,30833.1,,,28272,,,30833.126,27925.349,,1,CS2,,
ARG,Argentina,2003,48951.59,,,,,,,48951.6,,,42940,,,48951.595,41710.849,,1,CS2,,
ARG,Argentina,2004,64042.68,,,,,,,64042.7,,,55927,,,64042.681,51811.523,,1,CS2,,
ARG,Argentina,2005,81612.68,,,,,,,81612.7,,,71275,,,81612.676,66884.492,,1,CS2,,
ARG,Argentina,2006,97968.87,,,,,,,97968.9,,,98458.207,,,97968.87,80556.139,,1,CS2,,
ARG,Argentina,2007,123142.5,,,,,,,123142.5,,,123930.51,,,123142.46,102704.3,,1,CS2,,
ARG,Argentina,2008,143955.2,,,,,,,143955.2,,,144855.92,,,143955.17,113822.36,,1,CS2,,
ARG,Argentina,2009,163459.2,,,,,,,163459.2,,,164192.88,,,163459.24,131471.27,,1,CS2,,
ARG,Argentina,2010,221533.8,,,,,,,221533.8,,,223007.23,,,221533.81,174450.9,,1,CS2,,
ARG,Argentina,2011,287482.5,,,,,,,287482.5,,,,,,287482.51,227278.21,,1,CS2,,
ARG,Argentina,2012,395809.1,,,,,,,395809.1,,,,,,395809.12,312339.83,,1,CS2,,
ARG,Argentina,2013,492095.6,,,,,,,492095.6,,,,,,492095.63,382144.04,,1,CS2,,
ARG,Argentina,2014,632617.6,,,,,,,632617.6,,,,,,632617.64,481212,,1,CS2,,
ARG,Argentina,2015,799273.5,,,,,,,799273.5,,,,,,799273.5,633237,,1,CS2,,
ARG,Argentina,2016,1022714,,,,,,,1022714.4,,,,,,1022714.4,814800,,1,CS2,,
ARG,Argentina,2017,1221952,,,,,,,1226161.5,,,,,,1221952,1112972,,1,CS2,,
ARG,Argentina,2018,1494383,,,,,,,1495411.7,,,,,,1494383,1191375.8,,1,CS2,,
ARG,Argentina,2019,1939064,,,,,,,1942914.1,,,,,,1939064,,,1,CS2,,
ARG,Argentina,2020,3363057,,,,,,,3363232.4,,,,,,3363057,,,1,CS2,,
ARG,Argentina,2021,5349814,,,,,,,5352385.4,,,,,,5349814,,,1,CS2,,
ARG,Argentina,2022,8500538,,,,,,,8501081.2,,,,,,8500538,,,1,CS2,,
ARG,Argentina,2023,1.91e+07,,,,,,,,,,,,,19098861,,,1,CS2,,
ARM,Armenia,2000,71394.55,71394.55,,,,,,,,,,,,,,,1,ADB,,
ARM,Armenia,2001,77296.64,77296.64,,,,,,,,,,,,,,,1,ADB,,
ARM,Armenia,2002,114592.3,114592.27,,,,,,,,,,,,,,,1,ADB,,
ARM,Armenia,2003,123272,123272,,,,,,,,,,,,,,,1,ADB,,
ARM,Armenia,2004,132413.5,132413.53,,,,,,,,,,,,,,,1,ADB,,
ARM,Armenia,2005,202060.9,202060.9,,,,,,,,,,,,,,,1,ADB,,
ARM,Armenia,2006,295327.5,295327.52,,,,,,,,,,,,,,,1,ADB,,
ARM,Armenia,2007,457152.3,457152.3,,,,,,,,,,,,,,,1,ADB,,
ARM,Armenia,2008,415640.9,415640.93,,,,,,,,,,,,,,,1,ADB,,
ARM,Armenia,2009,386795.4,386795.42,,,,,,,,,,,,,,,1,ADB,,
ARM,Armenia,2010,432689.4,432689.44,,,,,,,,,,,,,,,1,ADB,,
ARM,Armenia,2011,513792.2,513792.22,,,,,,,,,,,,,,,1,ADB,,
ARM,Armenia,2012,545792.6,545792.65,,,,,,,,,,,,,,,1,ADB,,
ARM,Armenia,2013,583368.9,583368.94,,,,,,,,,,,,,,,1,ADB,,
ARM,Armenia,2014,531245.3,531245.24,,,,,,,,,,,,,,,1,ADB,,
ARM,Armenia,2015,555620.7,555620.68,,,,,,,,,,,,,,,1,ADB,,
ARM,Armenia,2016,655704.9,655704.92,,,,,,,,,,,,,,,1,ADB,,
ARM,Armenia,2017,788801.9,788801.93,,,,,,,,,,,,,,,1,ADB,,
ARM,Armenia,2018,895272.2,895272.2,,,,,,,,,,,,,,,1,ADB,,
ARM,Armenia,2019,996875.2,996875.21,,,,,,,,,,,,,,,1,ADB,,
ARM,Armenia,2020,1236742,1236741.6,,,,,,,,,,,,,,,1,ADB,,
ARM,Armenia,2021,1367304,1367303.7,,,,,,,,,,,,,,,1,ADB,,
ARM,Armenia,2022,1679995,1679995.1,,,,,,,,,,,,,,,1,ADB,,
ARM,Armenia,2023,2049993,2049992.8,,,,,,,,,,,,,,,1,ADB,,
ATG,Antigua and Barbuda,1993,174.6,,,,,,,174.6,,,,,,,,,1,ECLAC,,
ATG,Antigua and Barbuda,1994,194.9,,,,,,,194.9,,,,,,,,,1,ECLAC,,
ATG,Antigua and Barbuda,1995,259.6,,,,,,,259.6,,,,,,,,,1,ECLAC,,
ATG,Antigua and Barbuda,1996,233.2,,,,,,,233.2,,,,,,,,,1,ECLAC,,
ATG,Antigua and Barbuda,1997,242.4,,,,,,,242.4,,,,,,,,,1,ECLAC,,
ATG,Antigua and Barbuda,1998,298.7,,,,,,,298.7,,,,,,,,,1,ECLAC,,
ATG,Antigua and Barbuda,1999,321,,,,,,,321,,,,,,,,,1,ECLAC,,
ATG,Antigua and Barbuda,2000,324.9,,,,,,,324.9,,,,,,,,,1,ECLAC,,
ATG,Antigua and Barbuda,2001,352.8,,,,,,,352.8,,,,,,,,,1,ECLAC,,
ATG,Antigua and Barbuda,2002,350.3,,,,,,,350.3,,,,,,,,,1,ECLAC,,
ATG,Antigua and Barbuda,2003,409.3,,,,,,,409.3,,,,,,,,,1,ECLAC,,
ATG,Antigua and Barbuda,2004,501.2,,,,,,,501.2,,,,,,,,,1,ECLAC,,
ATG,Antigua and Barbuda,2005,598,,,,,,,598,,,,,,,,,1,ECLAC,,
ATG,Antigua and Barbuda,2006,725.8,,,,,,,725.8,,,,,,,,,1,ECLAC,,
ATG,Antigua and Barbuda,2007,740.6,,,,,,,740.6,,,,,,,,,1,ECLAC,,
ATG,Antigua and Barbuda,2008,758,,,,,,,758,,,,,,,,,1,ECLAC,,
ATG,Antigua and Barbuda,2009,630,,,,,,,630,,,,,,,,,1,ECLAC,,
ATG,Antigua and Barbuda,2010,618.9,,,,,,,618.9,,,,,,,,,1,ECLAC,,
ATG,Antigua and Barbuda,2011,603.1,,,,,,,603.1,,,,,,,,,1,ECLAC,,
ATG,Antigua and Barbuda,2012,554,,,,,,,554,,,,,,,,,1,ECLAC,,
ATG,Antigua and Barbuda,2013,597.2,,,,,,,597.2,,,,,,,,,1,ECLAC,,
ATG,Antigua and Barbuda,2014,632.2,,,,,,,632.2,,,,,,,,,1,ECLAC,,
ATG,Antigua and Barbuda,2015,694.2,,,,,,,694.2,,,,,,,,,1,ECLAC,,
ATG,Antigua and Barbuda,2016,791,,,,,,,791,,,,,,,,,1,ECLAC,,
ATG,Antigua and Barbuda,2017,925.2,,,,,,,925.2,,,,,,,,,1,ECLAC,,
ATG,Antigua and Barbuda,2018,968.6,,,,,,,968.6,,,,,,,,,1,ECLAC,,
ATG,Antigua and Barbuda,2019,1076.5,,,,,,,1076.5,,,,,,,,,1,ECLAC,,
ATG,Antigua and Barbuda,2020,1069.8,,,,,,,1069.8,,,,,,,,,1,ECLAC,,
AUS,Australia,1841,4.231005,,,,,,,,,,,,,4.2,,,1.007382,CS2,,
AUS,Australia,1842,3.928791,,,,,,,,,,,,,3.9,,,1.007382,CS2,,
AUS,Australia,1843,3.525837,,,,,,,,,,,,,3.5,,,1.007382,CS2,,
AUS,Australia,1844,3.727314,,,,,,,,,,,,,3.7,,,1.007382,CS2,,
AUS,Australia,1845,4.331743,,,,,,,,,,,,,4.3,,,1.007382,CS2,,
AUS,Australia,1846,4.936172,,,,,,,,,,,,,4.9,,,1.007382,CS2,,
AUS,Australia,1847,5.036911,,,,,,,,,,,,,5,,,1.007382,CS2,,
AUS,Australia,1848,4.835434,,,,,,,,,,,,,4.8,,,1.007382,CS2,,
AUS,Australia,1849,4.734696,,,,,,,,,,,,,4.7,,,1.007382,CS2,,
AUS,Australia,1850,5.540602,,,,,,,,,,,,,5.5,,,1.007382,CS2,,
AUS,Australia,1851,8.361272,,,,,,,,,,,,,8.3,,,1.007382,CS2,,
AUS,Australia,1852,22.76684,,,,,,,,,,,,,22.6,,,1.007382,CS2,,
AUS,Australia,1853,35.8628,,,,,,,,,,,,,35.6,,,1.007382,CS2,,
AUS,Australia,1854,32.23623,,,,,,,,,,,,,32,,,1.007382,CS2,,
AUS,Australia,1855,29.91925,,,,,,,,,,,,,29.7,,,1.007382,CS2,,
AUS,Australia,1856,32.03475,,,,,,,,,,,,,31.8,,,1.007382,CS2,,
AUS,Australia,1857,26.8971,,,,,,,,,,,,,26.7,,,1.007382,CS2,,
AUS,Australia,1858,21.65872,,,,,,,,,,,,,21.5,,,1.007382,CS2,,
AUS,Australia,1859,22.06167,,,,,,,,,,,,,21.9,,,1.007382,CS2,,
AUS,Australia,1860,26.19194,,,,,,,,,,,,,26,,,1.007382,CS2,,
AUS,Australia,1861,26.49415,,,,,,,,,,,,,26.3,,,1.007382,CS2,,
AUS,Australia,1862,26.69563,,,,,,,,,,,,,26.5,,,1.007382,CS2,,
AUS,Australia,1863,24.98308,,,,,,,,,,,,,24.8,,,1.007382,CS2,,
AUS,Australia,1864,25.38603,,,,,,,,,,,,,25.2,,,1.007382,CS2,,
AUS,Australia,1865,24.37865,,,,,,,,,,,,,24.2,,,1.007382,CS2,,
AUS,Australia,1866,22.76684,,,,,,,,,,,,,22.6,,,1.007382,CS2,,
AUS,Australia,1867,22.6661,,,,,,,,,,,,,22.5,,,1.007382,CS2,,
AUS,Australia,1868,25.58751,,,,,,,,,,,,,25.4,,,1.007382,CS2,,
AUS,Australia,1869,26.0912,,,,,,,,,,,,,25.9,,,1.007382,CS2,,
AUS,Australia,1870,23.472,,,,,,,,,23.3,,,,23.3,,,1.007382,CS2,,
AUS,Australia,1871,27.40079,,,,,,,,,27.2,,,,27.2,,,1.007382,CS2,,
AUS,Australia,1872,36.46724,,,,,,,,,36.2,,,,36.2,,,1.007382,CS2,,
AUS,Australia,1873,38.88495,,,,,,,,,38.6,,,,38.6,,,1.007382,CS2,,
AUS,Australia,1874,38.17979,,,,,,,,,37.9,,,,37.9,,,1.007382,CS2,,
AUS,Australia,1875,37.77683,,,,,,,,,37.5,,,,37.5,,,1.007382,CS2,,
AUS,Australia,1876,38.482,,,,,,,,,38.2,,,,38.2,,,1.007382,CS2,1,2
AUS,Australia,1877,40.49677,,,,,,,,,40.2,,,,,,,1.007382,JST,,
AUS,Australia,1878,38.98569,,,,,,,,,38.7,,,,,,,1.007382,JST,,
AUS,Australia,1879,37.47462,,,,,,,,,37.2,,,,,,,1.007382,JST,,
AUS,Australia,1880,44.92924,,,,,,50.95,,,44.6,,,,,,,1.007382,JST,,
AUS,Australia,1881,57.723,,,,,,56.45,,,57.3,,,,,,,1.007382,JST,,
AUS,Australia,1882,56.01044,,,,,,54,,,55.6,,,,,,,1.007382,JST,,
AUS,Australia,1883,52.78683,,,,,,54.5,,,52.4,,,,,,,1.007382,JST,,
AUS,Australia,1884,57.01783,,,,,,59.2,,,56.6,,,,,,,1.007382,JST,,
AUS,Australia,1885,62.25622,,,,,,60.15,,,61.8,,,,,,,1.007382,JST,,
AUS,Australia,1886,58.93185,,,,,,62.4,,,58.5,,,,,,,1.007382,JST,,
AUS,Australia,1887,66.78944,,,,,,70.8,,,66.3,,,,,,,1.007382,JST,,
AUS,Australia,1888,75.85588,,,,,,73.5,,,75.3,,,,,,,1.007382,JST,,
AUS,Australia,1889,72.22929,,,,,,72.85,,,71.7,,,,,,,1.007382,JST,,
AUS,Australia,1890,74.54628,,,,,,71.75,,,74,,,,,,,1.007382,JST,,
AUS,Australia,1891,70.01306,,,,,,68.3,,,69.5,,,,,,,1.007382,JST,,
AUS,Australia,1892,67.59534,,,,,,63.8,,,67.1,,,,,,,1.007382,JST,,
AUS,Australia,1893,60.94662,,,,,,62.75,,,60.5,,,,,,,1.007382,JST,,
AUS,Australia,1894,65.47984,,,,,,69.7,,,65,,,,,,,1.007382,JST,,
AUS,Australia,1895,74.94923,,,,,,77.7,,,74.4,,,,,,,1.007382,JST,,
AUS,Australia,1896,81.59795,,,,,,80.6,,,81,,,,,,,1.007382,JST,,
AUS,Australia,1897,80.79205,,,,,,79.7,,,80.2,,,,,,,1.007382,JST,,
AUS,Australia,1898,79.78466,,,,,,83.85,,,79.2,,,,,,,1.007382,JST,,
AUS,Australia,1899,89.15332,,,,,,89.15,,,88.5,,,,,,,1.007382,JST,,
AUS,Australia,1900,90.46292,,,,,,93.5,,,89.8,,,,,,,1.007382,JST,,
AUS,Australia,1901,94.19023,,,,,,93.7,,,93.5,,,,,,,1.007382,JST,,
AUS,Australia,1902,94.39171,,,,,,93,,,93.7,,,,,,,1.007382,JST,,
AUS,Australia,1903,93.68654,,,,,,90.2,,,93,,,,,,,1.007382,JST,,
AUS,Australia,1904,90.86587,,,,,,92.1,,,90.2,,,,,,,1.007382,JST,,
AUS,Australia,1905,92.77989,,,,,,100.5,,,92.1,,,,,,,1.007382,JST,,
AUS,Australia,1906,101.2419,,,,,,112.7,,,100.5,,,,,,,1.007382,JST,,
AUS,Australia,1907,113.532,,,,,,111.9,,,112.7,,,,,,,1.007382,JST,,
AUS,Australia,1908,112.7261,,,,,,113.2,,,111.9,,,,,,,1.007382,JST,,
AUS,Australia,1909,114.0357,,,,,,130.2,,,113.2,,,,,,,1.007382,JST,,
AUS,Australia,1910,131.1611,,,,,,147.2,,,130.2,,,,,,,1.007382,JST,,
AUS,Australia,1911,148.2867,,,,,,150.9,,,147.2,,,,,,,1.007382,JST,,
AUS,Australia,1912,152.014,,,,,,143.4,,,150.9,,,,,,,1.007382,JST,,
AUS,Australia,1913,144.4586,,,,,,159.3,,,143.4,,,,,,,1.007382,JST,,
AUS,Australia,1914,160.476,,,,,,164,,,159.3,,,,,,,1.007382,JST,,
AUS,Australia,1915,165.2107,,,,,,207.5,,,164,,,,,,,1.007382,JST,,
AUS,Australia,1916,209.0318,,,,,,245,,,207.5,,,,,,,1.007382,JST,,
AUS,Australia,1917,246.8086,,,,,,261.2,,,245,,,,,,,1.007382,JST,,
AUS,Australia,1918,263.1282,,,,,,277.4,,,261.2,,,,,,,1.007382,JST,,
AUS,Australia,1919,279.4478,,,,,,307.8,,,277.4,,,,,,,1.007382,JST,,
AUS,Australia,1920,310.0722,,,,,,301.1,,,307.8,,,,,,,1.007382,JST,,
AUS,Australia,1921,303.3228,,,,,,296.9,,,301.1,,,,,,,1.007382,JST,,
AUS,Australia,1922,299.0918,,,,,,302,,,296.9,,,,,,,1.007382,JST,,
AUS,Australia,1923,304.2294,,,,,,306.8,,,302,,,,,,,1.007382,JST,,
AUS,Australia,1924,309.0648,,,,,,303.9,,,306.8,,,,,,,1.007382,JST,,
AUS,Australia,1925,306.1434,,,,,,315.9,,,303.9,,,,,,,1.007382,JST,,
AUS,Australia,1926,318.232,,,,,,311.1,,,315.9,,,,,,,1.007382,JST,,
AUS,Australia,1927,313.3966,,,,,,301.2,,,311.1,,,,,,,1.007382,JST,,
AUS,Australia,1928,303.4235,,,,,,302.3,,,301.2,,,,,,,1.007382,JST,,
AUS,Australia,1929,304.5316,,,,,,247.8,,,302.3,,,,,,,1.007382,JST,,
AUS,Australia,1930,249.6293,,,,,,241.8,,,247.8,,,,,,,1.007382,JST,,
AUS,Australia,1931,243.585,,,,,,254.8,,,241.8,,,,,,,1.007382,JST,,
AUS,Australia,1932,256.681,,,,,,251.2,,,254.8,,,,,,,1.007382,JST,,
AUS,Australia,1933,253.0544,,,,,,286.3,,,251.2,,,,,,,1.007382,JST,,
AUS,Australia,1934,288.4135,,,,,,297.2,,,286.3,,,,,,,1.007382,JST,,
AUS,Australia,1935,299.394,,,,,,313.1,,,297.2,,,,,,,1.007382,JST,,
AUS,Australia,1936,315.4113,,,,,,341.4,,,313.1,,,,,,,1.007382,JST,,
AUS,Australia,1937,343.9203,,,,,,353.5,,,341.4,,,,,,,1.007382,JST,,
AUS,Australia,1938,356.1096,,,,,,357.6,,,353.5,,,,,,,1.007382,JST,,
AUS,Australia,1939,360.2399,,,,,,,,,357.6,,,,,,,1.007382,JST,,
AUS,Australia,1940,454.5309,,,,,,,,,451.2,,,,,,,1.007382,JST,,
AUS,Australia,1941,504.094,,,,,,,,,500.4,,,,,,,1.007382,JST,,
AUS,Australia,1942,652.5822,,,,,,,,,647.8,,,,,,,1.007382,JST,,
AUS,Australia,1943,895.462,,,,,,,,,888.9,,,,,,,1.007382,JST,,
AUS,Australia,1944,1155.568,,,,,,,,,1147.1,,,,,,,1.007382,JST,,
AUS,Australia,1945,1262.552,,,,,,,,,1253.3,,,,,,,1.007382,JST,,
AUS,Australia,1946,1335.084,,,,,,,,,1325.3,,,,,,,1.007382,JST,,
AUS,Australia,1947,1405.298,,,,,,1539,,,1395,,,,,,,1.007382,JST,,
AUS,Australia,1948,1550.361,,,,,,1755,,,1539,1704,,,,,,1.007382,JST,,
AUS,Australia,1949,2148.746,,,,,,2133,,,2133,2040,,,,,,1.007382,JST,,
AUS,Australia,1950,2749.146,,,,,,2729,,,2729,2459,,,,,,1.007382,JST,,
AUS,Australia,1951,2658.481,,,,,,2639,,,2639,2867,,,,,,1.007382,JST,,
AUS,Australia,1952,2658.481,,,,,,2963,,,2639,2764,,,,,,1.007382,JST,,
AUS,Australia,1953,2984.873,,,,,,3129,,,2963,3106,,,,,,1.007382,JST,,
AUS,Australia,1954,3152.099,,,,,,3159,,,3129,3185,,,,,,1.007382,JST,,
AUS,Australia,1955,3182.32,,,,,,3090,,,3159,3258,,,,,,1.007382,JST,,
AUS,Australia,1956,3112.811,,,,,,3239,,,3090,3259,,,,,,1.007382,JST,,
AUS,Australia,1957,3262.911,,,,,,3179,,,3239,3420,,,,,,1.007382,JST,,
AUS,Australia,1958,3202.468,,,,,,3274,,,3179,3338,,,,,,1.007382,JST,,
AUS,Australia,1959,3298.169,,,,,,3522,,,3274,3577,,,,,,1.007382,JST,1,2
AUS,Australia,1960,3548,,,,,,3293,,,3522,3550,,3548,,,,1,OECD_MEI,,
AUS,Australia,1961,3449,,,,,,3379,,,3293,3460,,3449,,,,1,OECD_MEI,,
AUS,Australia,1962,3520,,,,,,3464,,,3379,3520,,3520,,,,1,OECD_MEI,,
AUS,Australia,1963,3779,,,,,,3732,,,3464,3780,,3779,,,,1,OECD_MEI,,
AUS,Australia,1964,3986,,,,,,3791,,,3732,3990,,3986,,,,1,OECD_MEI,,
AUS,Australia,1965,3907,,,,,,3816,,,3791,3910,,3907,,,,1,OECD_MEI,,
AUS,Australia,1966,4203,,,,,,4074,,,3816,4200,,4203,,,,1,OECD_MEI,,
AUS,Australia,1967,4495,,,,,,4414,,,4074,4490,,4495,,,,1,OECD_MEI,,
AUS,Australia,1968,4752,,,,,,4750,,,4414,4750,,4752,,,,1,OECD_MEI,,
AUS,Australia,1969,5206,,,,,,4985,,,4750,5200,,5206,,,,1,OECD_MEI,,
AUS,Australia,1970,5447,,,,,,5312,,,4985,5450,,5447,,,,1,OECD_MEI,,
AUS,Australia,1971,5750,,,,,,5796,,,5312,5750,,5750,,,,1,OECD_MEI,,
AUS,Australia,1972,6899,,,,,,7285,,,5796,6900,,6899,,,,1,OECD_MEI,,
AUS,Australia,1973,8050,,,,,,7451,,,7285,8050,,8050,,,,1,OECD_MEI,,
AUS,Australia,1974,7990,,,,,,8389,,,7451,7990,,7990,,,,1,OECD_MEI,,
AUS,Australia,1975,10200,,,,,,9572,,,8389,9810,,10200,,,,1,OECD_MEI,,
AUS,Australia,1976,11100,,,,,,10377,,,9572,10700,,11100,,,,1,OECD_MEI,,
AUS,Australia,1977,11800,,,,,,11266,,,10377,11400,,11800,,,,1,OECD_MEI,,
AUS,Australia,1978,13300,,,,,,13146,,,11266,12700,,13300,,,,1,OECD_MEI,,
AUS,Australia,1979,15300,,,,,,14843,,,13146,14700,,15300,,,,1,OECD_MEI,,
AUS,Australia,1980,17900,,,,,,19245.65,,,14843,17200,,17900,,,,1,OECD_MEI,,
AUS,Australia,1981,18900,,,,,,17319.16,,,16627,18100,,18900,,,,1,OECD_MEI,,
AUS,Australia,1982,18900,,,,,,18347.32,,,16895,18000,,18900,,,,1,OECD_MEI,,
AUS,Australia,1983,21800,,,,,,26824.6,,,17881,20800,,21800,,,,1,OECD_MEI,,
AUS,Australia,1984,23300,,,,,,30575.03,,,19180.31,22500,,23300,,,,1,OECD_MEI,,
AUS,Australia,1985,24900,,,,,,50007.68,,,20596.49,23300,,24900,,,,1,OECD_MEI,,
AUS,Australia,1986,28100,,,,,,60789.83,,,23232.07,25900,,28100,,,,1,OECD_MEI,,
AUS,Australia,1987,33900,,,,,,66660.21,,,28123.39,31200,,33900,,,,1,OECD_MEI,,
AUS,Australia,1988,40100,,,,,,69404.3,,,33305.17,40500,,40100,,,,1,OECD_MEI,,
AUS,Australia,1989,43500,,,,,,72856.62,,,36214.01,43500,,43500,,,,1,OECD_MEI,,
AUS,Australia,1990,46700,,,,,,80228.91,,,38942.39,46700,,46700,,,,1,OECD_MEI,,
AUS,Australia,1991,50200,,,,,,86658.94,,,41538.44,50000,,50200,,,,1,OECD_MEI,,
AUS,Australia,1992,60300,,,,,,117030.4,,,49925.53,60300,,60300,,,,1,OECD_MEI,,
AUS,Australia,1993,71000,,,,,,160797.7,,,58870.32,71000,,71000,,,,1,OECD_MEI,,
AUS,Australia,1994,78800,,,,,,154251.3,,,65365.16,78800,,78800,,,,1,OECD_MEI,,
AUS,Australia,1995,83900,,,,,,159843.9,,,69707.37,83900,,83900,,,,1,OECD_MEI,,
AUS,Australia,1996,95500,,,,,,163496.9,,,79444.47,95600,,95500,,,,1,OECD_MEI,,
AUS,Australia,1997,108100,,,,,,205926.6,,,90188.71,108000,,108100,,,,1,OECD_MEI,,
AUS,Australia,1998,114700,,,,,,,,,95894.68,115000,,114700,,,,1,OECD_MEI,,
AUS,Australia,1999,125800,,,,,,,,,105347.3,126000,,125800,,,,1,OECD_MEI,,
AUS,Australia,2000,137600,127758.89,,,,,,,,115311.3,138000,,137600,,,,1,OECD_MEI,,
AUS,Australia,2001,166900,150347.37,,,,,,,,139992.2,167000,,166900,,,,1,OECD_MEI,,
AUS,Australia,2002,214500,206003.59,,,,,,,,179972.4,210000,,214500,,,,1,OECD_MEI,,
AUS,Australia,2003,236100,221631.99,,,,,,,,198074.9,232000,,236100,,,,1,OECD_MEI,,
AUS,Australia,2004,252100,241538.18,,,,,,,,211328.8,244000,,252100,,,,1,OECD_MEI,,
AUS,Australia,2005,278400,264811.52,,,,,,,,233036.6,269000,,278400,,,,1,OECD_MEI,,
AUS,Australia,2006,309300,292734.01,,,,,,,,258691.5,298570,,309300,,,,1,OECD_MEI,,
AUS,Australia,2007,350000,336729.13,,,,,,,,292631.3,337314,,350000,,,,1,OECD_MEI,,
AUS,Australia,2008,396200,350804.2,,,,,,,,331574.2,357864,,396200,,,,1,OECD_MEI,,
AUS,Australia,2009,412400,417896.59,,,,,,,,345265.2,372907,,412400,,,,1,OECD_MEI,,
AUS,Australia,2010,445500,414939.45,,,,,,,,373261.9,414973,,445500,,,,1,OECD_MEI,,
AUS,Australia,2011,453900,438054.27,,,,,,,,380358.5,,,453900,,,,1,OECD_MEI,,
AUS,Australia,2012,503500,460298.44,,,,,,,,422251.1,,,503500,,,,1,OECD_MEI,,
AUS,Australia,2013,576900,530811.41,,,,,,,,484251.7,,,576900,,,,1,OECD_MEI,,
AUS,Australia,2014,643600,600163.72,,,,,,,,541211.6,,,643600,,,,1,OECD_MEI,,
AUS,Australia,2015,731600,683713.08,,,,,,,,616593.3,,,731600,,,,1,OECD_MEI,,
AUS,Australia,2016,791300,751195.56,,,,,,,,669057.3,,,791300,,,,1,OECD_MEI,,
AUS,Australia,2017,861600,825816.62,,,,,,,,730875.2,,,861600,,,,1,OECD_MEI,,
AUS,Australia,2018,881700,870418.97,,,,,,,,749908.3,,,881700,,,,1,OECD_MEI,,
AUS,Australia,2019,1077000,908895.02,,,,,,,,917388.3,,,1077000,,,,1,OECD_MEI,,
AUS,Australia,2020,1376100,,,,,,,,,1173529,,,1376100,,,,1,OECD_MEI,,
AUS,Australia,2021,1629900,,,,,,,,,,,,1629900,,,,1,OECD_MEI,,
AUS,Australia,2022,1642800,,,,,,,,,,,,1642800,,,,1,OECD_MEI,,
AUS,Australia,2023,1641900,,,,,,,,,,,,1641900,,,,1,OECD_MEI,,
AUS,Australia,2024,1764400,,,,,,,,,,,,1764400,,,,1,OECD_MEI,,
AUT,Austria,1950,930.2123,,,,,,,,,,930.21228,,,,,,1,Mitchell,,
AUT,Austria,1951,1170.033,,,,,,,,,,1170.0326,,,,,,1,Mitchell,,
AUT,Austria,1952,1242.705,,,,,,,,,,1242.7055,,,,,,1,Mitchell,,
AUT,Austria,1953,1417.12,,,,,,,,,,1417.1203,,,,,,1,Mitchell,,
AUT,Austria,1954,1744.148,,,,,,,,,,1744.148,,,,,,1,Mitchell,,
AUT,Austria,1955,1729.613,,,,,,,,,,1729.6135,,,,,,1,Mitchell,,
AUT,Austria,1956,1802.286,,,,,,,,,,1802.2863,,,,,,1,Mitchell,,
AUT,Austria,1957,1911.296,,,,,,,,,,1911.2955,,,,,,1,Mitchell,,
AUT,Austria,1958,2107.512,,,,,,,,,,2107.5122,,,,,,1,Mitchell,,
AUT,Austria,1959,2310.996,,,,,,,,,,2310.9961,,,,,,1,Mitchell,,
AUT,Austria,1960,2434.54,,,,,,,,,,2434.5399,,,,,,1,Mitchell,,
AUT,Austria,1961,2456.342,,,,,,,,,,2456.3418,,,,,,1,Mitchell,,
AUT,Austria,1962,2703.429,,,,,,,,,,2703.4294,,,,,,1,Mitchell,,
AUT,Austria,1963,2935.982,,,,,,,,,,2935.9825,,,,,,1,Mitchell,,
AUT,Austria,1964,3146.734,,,,,,,,,,3146.7337,,,,,,1,Mitchell,,
AUT,Austria,1965,3437.425,,,,,,,,,,3437.4251,,,,,,1,Mitchell,,
AUT,Austria,1966,3604.573,,,,,,,,,,3604.5726,,,,,,1,Mitchell,,
AUT,Austria,1967,3844.393,,,,,,,,,,3844.3929,,,,,,1,Mitchell,,
AUT,Austria,1968,4084.213,,,,,,,,,,4084.2133,,,,,,1,Mitchell,,
AUT,Austria,1969,4418.508,,,,,,,,,,4418.5083,,,,,,1,Mitchell,,
AUT,Austria,1970,4709.2,,,,,,,,,,4709.1997,,,,,,1,Mitchell,,
AUT,Austria,1971,5355.988,,,,,,5355.988,,,,5355.9879,,,,,,1,Mitchell,,
AUT,Austria,1972,6482.417,,,,,,6482.417,,,,6482.4168,,,,,,1,Mitchell,,
AUT,Austria,1973,6969.325,,,,,,6969.325,,,,6969.3248,,,,,,1,Mitchell,,
AUT,Austria,1974,7369.025,,,,,,7369.025,,,,7369.0254,,,,,,1,Mitchell,,
AUT,Austria,1975,8422.781,,,,,,8422.781,,,,8422.7815,,,,,,1,Mitchell,,
AUT,Austria,1976,9120.44,,,,,,9120.44,,,,9120.4407,,,,,,1,Mitchell,,
AUT,Austria,1977,9251.252,,,,,,9251.252,,,,9251.2518,,,,,,1,Mitchell,,
AUT,Austria,1978,10021.58,,,,,,10021.58,,,,10021.584,,,,,,1,Mitchell,,
AUT,Austria,1979,9113.174,,,,,,9113.174,,,,9113.1734,,,,,,1,Mitchell,,
AUT,Austria,1980,10544.83,,,,,,10544.83,,,,10544.828,,,,,,1,Mitchell,,
AUT,Austria,1981,10290.47,,,,,,10290.47,,,,10290.473,,,,,,1,Mitchell,,
AUT,Austria,1982,11140.75,,,,,,11140.75,,,,11140.745,,,,,,1,Mitchell,,
AUT,Austria,1983,12383.45,,,,,,12383.45,,,,12383.451,,,,,,1,Mitchell,,
AUT,Austria,1984,12819.49,,,,,,12819.49,,,,12819.488,,,,,,1,Mitchell,,
AUT,Austria,1985,13219.19,,,,,,13219.19,,,,13219.189,,,,,,1,Mitchell,,
AUT,Austria,1986,14062.19,,,,,,14062.19,,,,14062.193,,,,,,1,Mitchell,,
AUT,Austria,1987,15515.65,,,,,,15515.65,,,,15515.65,,,,,,1,Mitchell,,
AUT,Austria,1988,16874.63,,,,,,16867.37,,,,16874.632,,,,,,1,Mitchell,,
AUT,Austria,1989,17078.12,,,,,,17078.12,,,,17078.116,,,,,,1,Mitchell,,
AUT,Austria,1990,17971.99,,,,,,17971.99,,,,17971.992,,,,,,1,Mitchell,,
AUT,Austria,1991,19316.44,,,,,,19316.44,,,,19316.439,,,,,,1,Mitchell,,
AUT,Austria,1992,20566.41,,,,,,20566.41,,,,20566.412,,,,,,1,Mitchell,,
AUT,Austria,1993,22434.1,,,,,,22434.1,,,,22434.104,,,,,,1,Mitchell,,
AUT,Austria,1994,25842.46,,,,,,24323.6,,,,25842.46,,,,,,1,Mitchell,,
AUT,Austria,1995,29737.72,,,,,,28117.12,,,,29737.724,,,,,,1,Mitchell,,
AUT,Austria,1996,31336.53,,,,,,29626.08,,,,31336.526,,,,,,1,Mitchell,,
AUT,Austria,1997,32869.92,,,,,,31079.38,,,,32869.923,,,,,,1,Mitchell,,
AZE,Azerbaijan,2000,315.5,315.5,,,,,,,,,,,,,,,1,ADB,,
AZE,Azerbaijan,2001,338.6205,338.62053,,,,,,,,,,,,,,,1,ADB,,
AZE,Azerbaijan,2002,393.4534,393.45344,,,,,,,,,,,,,,,1,ADB,,
AZE,Azerbaijan,2003,499.8189,499.81892,,,,,,,,,,,,,,,1,ADB,,
AZE,Azerbaijan,2004,652.8999,652.89988,,,,,,,,,,,,,,,1,ADB,,
AZE,Azerbaijan,2005,750.2174,750.21739,,,,,,,,,,,,,,,1,ADB,,
AZE,Azerbaijan,2006,1839.568,1839.5681,,,,,,,,,,,,,,,1,ADB,,
AZE,Azerbaijan,2007,3621.712,3621.7123,,,,,,,,,,,,,,,1,ADB,,
AZE,Azerbaijan,2008,5104.95,5104.95,,,,,,,,,,,,,,,1,ADB,,
AZE,Azerbaijan,2009,5231.279,5231.2793,,,,,,,,,,,,,,,1,ADB,,
AZE,Azerbaijan,2010,6838.354,6838.3537,,,,,,,,,,,,,,,1,ADB,,
AZE,Azerbaijan,2011,8796.014,8796.0137,,,,,,,,,,,,,,,1,ADB,,
AZE,Azerbaijan,2012,11122.11,11122.107,,,,,,,,,,,,,,,1,ADB,,
AZE,Azerbaijan,2013,12736.89,12736.891,,,,,,,,,,,,,,,1,ADB,,
AZE,Azerbaijan,2014,12830.42,12830.417,,,,,,,,,,,,,,,1,ADB,,
AZE,Azerbaijan,2015,6897.176,6897.1761,,,,,,,,,,,,,,,1,ADB,,
AZE,Azerbaijan,2016,8960.319,8960.3194,,,,,,,,,,,,,,,1,ADB,,
AZE,Azerbaijan,2017,10544.24,10544.243,,,,,,,,,,,,,,,1,ADB,,
AZE,Azerbaijan,2018,12274.63,12274.635,,,,,,,,,,,,,,,1,ADB,,
AZE,Azerbaijan,2019,15397.92,15397.917,,,,,,,,,,,,,,,1,ADB,,
AZE,Azerbaijan,2020,17864.59,17864.587,,,,,,,,,,,,,,,1,ADB,,
AZE,Azerbaijan,2021,20572.54,20572.538,,,,,,,,,,,,,,,1,ADB,,
AZE,Azerbaijan,2022,25365.8,25365.805,,,,,,,,,,,,,,,1,ADB,,
AZE,Azerbaijan,2023,29678.6,29678.6,,,,,,,,,,,,,,,1,ADB,,
BDI,Burundi,1964,861.2979,,,,,,,,,,1240,,,,,,.694595,Mitchell,,
BDI,Burundi,1965,923.8114,,,,,,,,,,1330,,,,,,.694595,Mitchell,,
BDI,Burundi,1966,882.1357,,,,,,,,,,1270,,,,,,.694595,Mitchell,,
BDI,Burundi,1967,1118.298,,,,,,,,,,1610,,,,,,.694595,Mitchell,,
BDI,Burundi,1968,1118.298,,,,,,,,,,1610,,,,,,.694595,Mitchell,,
BDI,Burundi,1969,1146.082,,,,,,,,,,1650,,,,,,.694595,Mitchell,,
BDI,Burundi,1970,1389.19,,,,,,,,,,2000,,,,,,.694595,Mitchell,,
BDI,Burundi,1971,1611.46,,,,,,,,,,2320,,,,,,.694595,Mitchell,,
BDI,Burundi,1972,1604.515,,,,,,,,,,2310,,,,,,.694595,Mitchell,,
BDI,Burundi,1973,1958.758,,,,,,,,,,2820,,,,,,.694595,Mitchell,,
BDI,Burundi,1974,2299.11,,,,,,,,,,3310,,,,,,.694595,Mitchell,,
BDI,Burundi,1975,2229.65,,,,,,,,,,3210,,,,,,.694595,Mitchell,,
BDI,Burundi,1976,3160.407,,,,,,,,,,4550,,,,,,.694595,Mitchell,,
BDI,Burundi,1977,4271.759,,,,,,,,,,6150,,,,,,.694595,Mitchell,,
BDI,Burundi,1978,5841.544,,,,,,,,,,8410,,,,,,.694595,Mitchell,,
BDI,Burundi,1979,6293.031,,,,,,,,,,9060,,,,,,.694595,Mitchell,1,2
BDI,Burundi,1980,6702.842,,9362.2,,,,,,,,9650,,,,,,.7159473,AFDB,,
BDI,Burundi,1981,8297.829,,11590,,,,,,,,12200,,,,,,.7159473,AFDB,,
BDI,Burundi,1982,7686.625,,10736.3,,,,,,,,10800,,,,,,.7159473,AFDB,,
BDI,Burundi,1983,9312.256,,13006.9,,,,,,,,13600,,,,,,.7159473,AFDB,,
BDI,Burundi,1984,10070.09,,14065.4,,,,,,,,14500,,,,,,.7159473,AFDB,,
BDI,Burundi,1985,12471.95,,17420.2,,,,,,,,18200,,,,,,.7159473,AFDB,,
BDI,Burundi,1986,13601.42,,18997.8,,,,,,,,19700,,,,,,.7159473,AFDB,,
BDI,Burundi,1987,13483.22,,18832.7,,,,,,,,19500,,,,,,.7159473,AFDB,,
BDI,Burundi,1988,14122.99,,19726.3,,,,,,,,20000,,,,,,.7159473,AFDB,,
BDI,Burundi,1989,14662.39,,20479.7,,,,,,,,20800,,,,,,.7159473,AFDB,,
BDI,Burundi,1990,16126.43,,22524.6,,,,,,,,22800,,,,,,.7159473,AFDB,,
BDI,Burundi,1991,17863.74,,24951.2,,,,,,,,25300,,,,,,.7159473,AFDB,,
BDI,Burundi,1992,19651.54,,27448.3,,,,,,,,27900,,,,,,.7159473,AFDB,,
BDI,Burundi,1993,21677.88,,30278.6,,,,,,,,31300,,,,,,.7159473,AFDB,,
BDI,Burundi,1994,27791.07,,38817.2,,,,,,,,40100,,,,,,.7159473,AFDB,,
BDI,Burundi,1995,27780.04,,38801.8,,,,,,,,38800,,,,,,.7159473,AFDB,,
BDI,Burundi,1996,30343.92,,42382.9,,,,,,,,43600,,,,,,.7159473,AFDB,,
BDI,Burundi,1997,33417.99,,46676.6,,,,,,,,48200,,,,,,.7159473,AFDB,,
BDI,Burundi,1998,33807.11,,47220.1,,,,,,,,48800,,,,,,.7159473,AFDB,,
BDI,Burundi,1999,48035.34,,67093.4,,,,,,,,69300,,,,,,.7159473,AFDB,,
BDI,Burundi,2000,68577.66,,95785.9,,,,,,,,68600,,,,,,.7159473,AFDB,,
BDI,Burundi,2001,79023.19,,110375.7,,,,,,,,80100,,,,,,.7159473,AFDB,,
BDI,Burundi,2002,100510.6,,140388.2,,,,,,,,100500,,,,,,.7159473,AFDB,,
BDI,Burundi,2003,123416.3,,172381.8,,,,,,,,119900,,,,,,.7159473,AFDB,,
BDI,Burundi,2004,155459.3,,217137.9,,,,,,,,151400,,,,,,.7159473,AFDB,,
BDI,Burundi,2005,184483.7,,257677.8,,,,,,,,177300,,,,,,.7159473,AFDB,1,2
BDI,Burundi,2006,215900,,301558.5,215900,,,,,,,225885.1,,,,,,1,AFRISTAT,,
BDI,Burundi,2007,235400,,330079.1,235400,,,,,,,238652.9,,,,,,1,AFRISTAT,,
BDI,Burundi,2008,335900,,443117.8,335900,,,,,,,331356,,,,,,1,AFRISTAT,,
BDI,Burundi,2009,404400,,530770.3,404400,,,,,,,386050.5,,,,,,1,AFRISTAT,,
BDI,Burundi,2010,480400,,597009.8,480400,,,,,,,476857.4,,,,,,1,AFRISTAT,,
BDI,Burundi,2011,487400,,636400,487400,,,,,,,,,,,,,1,AFRISTAT,,
BDI,Burundi,2012,540400,,708053,540400,,,,,,,,,,,,,1,AFRISTAT,,
BDI,Burundi,2013,597200,,801728.3,597200,,,,,,,,,,,,,1,AFRISTAT,,
BDI,Burundi,2014,637700,,880206.6,637700,,,,,,,,,,,,,1,AFRISTAT,,
BDI,Burundi,2015,643200,,923742,643200,,,,,,,,,,,,,1,AFRISTAT,,
BDI,Burundi,2016,810300,,1025400,810300,,,,,,,,,,,,,1,AFRISTAT,,
BDI,Burundi,2017,995700,,1109760.7,995700,,,,,,,,,,,,,1,AFRISTAT,,
BDI,Burundi,2018,1210200,,1226808,1210200,,,,,,,,,,,,,1,AFRISTAT,,
BDI,Burundi,2019,1430100,,,1430100,,,,,,,,,,,,,1,AFRISTAT,,
BDI,Burundi,2020,1800200,,,1800200,,,,,,,,,,,,,1,AFRISTAT,,
BDI,Burundi,2021,2051100,,,2051100,,,,,,,,,,,,,1,AFRISTAT,,
BDI,Burundi,2022,2976700,,,2976700,,,,,,,,,,,,,1,AFRISTAT,,
BEL,Belgium,1877,35.78591,,,,,,,,,35.78591,,,,,,,1,JST,,
BEL,Belgium,1878,37.13693,,,,,,,,,37.13693,,,,,,,1,JST,,
BEL,Belgium,1879,41.1652,,,,,,,,,41.1652,,,,,,,1,JST,,
BEL,Belgium,1880,40.38929,,,,,,40.38929,,,40.38929,,,,,,,1,JST,,
BEL,Belgium,1881,42.47903,,,,,,42.47903,,,42.47903,,,,,,,1,JST,,
BEL,Belgium,1882,41.29906,,,,,,41.29906,,,41.29906,,,,,,,1,JST,,
BEL,Belgium,1883,41.03629,,,,,,41.03629,,,41.03629,,,,,,,1,JST,,
BEL,Belgium,1884,39.2118,,,,,,39.2118,,,39.2118,,,,,,,1,JST,,
BEL,Belgium,1885,36.2817,,,,,,36.2817,,,36.2817,,,,,,,1,JST,,
BEL,Belgium,1886,34.45224,,,,,,34.45224,,,34.45224,,,,,,,1,JST,,
BEL,Belgium,1887,34.71997,,,,,,34.71997,,,34.71997,,,,,,,1,JST,,
BEL,Belgium,1888,34.70757,,,,,,34.70757,,,34.70757,,,,,,,1,JST,,
BEL,Belgium,1889,36.1751,,,,,,36.1751,,,36.1751,,,,,,,1,JST,,
BEL,Belgium,1890,36.84193,,,,,,36.84193,,,36.84193,,,,,,,1,JST,,
BEL,Belgium,1891,37.10718,,,,,,37.10718,,,37.10718,,,,,,,1,JST,,
BEL,Belgium,1892,35.97183,,,,,,35.97183,,,35.97183,,,,,,,1,JST,,
BEL,Belgium,1893,36.53207,,,,,,36.53207,,,36.53207,,,,,,,1,JST,,
BEL,Belgium,1894,38.52513,,,,,,38.52513,,,38.52513,,,,,,,1,JST,,
BEL,Belgium,1895,39.77699,,,,,,39.777,,,39.77699,,,,,,,1,JST,,
BEL,Belgium,1896,43.47557,,,,,,43.47557,,,43.47557,,,,,,,1,JST,,
BEL,Belgium,1897,49.68282,,,,,,49.68282,,,49.68282,,,,,,,1,JST,,
BEL,Belgium,1898,47.81866,,,,,,47.81866,,,47.81866,,,,,,,1,JST,,
BEL,Belgium,1899,50.86279,,,,,,50.86279,,,50.86279,,,,,,,1,JST,,
BEL,Belgium,1900,55.25795,,,,,,55.25795,,,55.25795,,,,,,,1,JST,,
BEL,Belgium,1901,54.46965,,,,,,54.46964,,,54.46965,,,,,,,1,JST,,
BEL,Belgium,1902,55.55542,,,,,,55.55542,,,55.55542,,,,,,,1,JST,,
BEL,Belgium,1903,57.35513,,,,,,57.35513,,,57.35513,,,,,,,1,JST,,
BEL,Belgium,1904,59.66053,,,,,,59.66053,,,59.66053,,,,,,,1,JST,,
BEL,Belgium,1905,66.27929,,,,,,66.27929,,,66.27929,,,,,,,1,JST,,
BEL,Belgium,1906,74.20941,,,,,,74.2094,,,74.20941,,,,,,,1,JST,,
BEL,Belgium,1907,72.87574,,,,,,72.87574,,,72.87574,,,,,,,1,JST,,
BEL,Belgium,1908,78.56242,,,,,,78.56242,,,78.56242,,,,,,,1,JST,,
BEL,Belgium,1909,81.6834,,,,,,81.6834,,,81.6834,,,,,,,1,JST,,
BEL,Belgium,1910,87.00319,,,,,,87.00319,,,87.00319,,,,,,,1,JST,,
BEL,Belgium,1911,93.67648,,,,,,93.67648,,,93.67648,,,,,,,1,JST,,
BEL,Belgium,1912,97.38249,,,,,,97.38249,,,97.38249,,,,,,,1,JST,,
BEL,Belgium,1913,104.5317,,,,,,104.5317,,,104.5317,,,,,,,1,JST,,
BEL,Belgium,1914,,,,,,,,,,,,,,,,,1,JST,,
BEL,Belgium,1915,,,,,,,,,,,,,,,,,1,JST,,
BEL,Belgium,1916,,,,,,,,,,,,,,,,,1,JST,,
BEL,Belgium,1917,,,,,,,,,,,,,,,,,1,JST,,
BEL,Belgium,1918,,,,,,,,,,,,,,,,,1,JST,,
BEL,Belgium,1919,,,,,,,,,,,,,,,,,1,JST,,
BEL,Belgium,1920,370.5265,,,,,,370.5265,,,370.5265,,,,,,,1,JST,,
BEL,Belgium,1921,382.0535,,,,,,382.0535,,,382.0535,,,,,,,1,JST,,
BEL,Belgium,1922,415.0729,,,,,,415.0729,,,415.0729,,,,,,,1,JST,,
BEL,Belgium,1923,453.0502,,,,,,453.0502,,,453.0502,,,,,,,1,JST,,
BEL,Belgium,1924,445.8117,,,,,,445.8117,,,445.8117,,,,,,,1,JST,,
BEL,Belgium,1925,477.2446,,,,,,477.2446,,,477.2446,,,,,,,1,JST,,
BEL,Belgium,1926,604.5875,,,,,,604.5875,,,604.5875,,,,,,,1,JST,,
BEL,Belgium,1927,719.2383,,,,,,719.2383,,,719.2383,,,,,,,1,JST,,
BEL,Belgium,1928,828.014,,,,,,828.014,,,828.014,,,,,,,1,JST,,
BEL,Belgium,1929,885.9467,,,,,,885.9467,,,885.9467,,,,,,,1,JST,,
BEL,Belgium,1930,987.236,,,,,,987.236,,,987.236,,,,,,,1,JST,,
BEL,Belgium,1931,998.0441,,,,,,998.0441,,,998.0441,,,,,,,1,JST,,
BEL,Belgium,1932,871.0978,,,,,,871.0978,,,871.0978,,,,,,,1,JST,,
BEL,Belgium,1933,868.1479,,,,,,868.1479,,,868.1479,,,,,,,1,JST,,
BEL,Belgium,1934,799.5558,,,,,,799.5558,,,799.5558,,,,,,,1,JST,,
BEL,Belgium,1935,1036.567,,,,,,1036.567,,,1036.567,,,,,,,1,JST,,
BEL,Belgium,1936,1137.757,,,,,,1137.757,,,1137.757,,,,,,,1,JST,,
BEL,Belgium,1937,1093.905,,,,,,1093.905,,,1093.905,,,,,,,1,JST,,
BEL,Belgium,1938,1054.985,,,,,,1054.985,,,1054.985,,,,,,,1,JST,,
BEL,Belgium,1939,1120.603,,,,,,1120.603,,,1120.603,,,,,,,1,JST,,
BEL,Belgium,1940,1440.162,,,,,,1440.162,,,1440.162,,,,,,,1,JST,,
BEL,Belgium,1941,,,,,,,,,,,,,,,,,1,JST,,
BEL,Belgium,1942,,,,,,,,,,,,,,,,,1,JST,,
BEL,Belgium,1943,,,,,,,,,,,,,,,,,1,JST,,
BEL,Belgium,1944,,,,,,,,,,,,,,,,,1,JST,,
BEL,Belgium,1945,,,,,,,,,,,,,,,,,1,JST,,
BEL,Belgium,1946,,,,,,,,,,,,,,,,,1,JST,,
BEL,Belgium,1947,3591.977,,,,,,3591.977,,,3591.977,,,,,,,1,JST,,
BEL,Belgium,1948,3785.334,,,,,,3785.334,,,3785.334,,,,,,,1,JST,,
BEL,Belgium,1949,3921.676,,,,,,3921.676,,,3921.676,,,,,,,1,JST,,
BEL,Belgium,1950,3681.219,,,,,,3681.219,,,3681.219,3869.6179,,,,,,1,JST,,
BEL,Belgium,1951,3968.775,,,,,,3968.775,,,3968.775,4181.9638,,,,,,1,JST,,
BEL,Belgium,1952,4110.075,,,,,,4110.075,,,4110.075,4328.2209,,,,,,1,JST,,
BEL,Belgium,1953,4263.769,,,,,,4263.769,,,4263.769,4471.9992,,,,,,1,JST,,
BEL,Belgium,1954,4335.658,,,,,,4335.658,,,4335.658,4553.8041,,,,,,1,JST,,
BEL,Belgium,1955,4538.931,,,,,,4538.931,,,4538.931,4774.4293,,,,,,1,JST,,
BEL,Belgium,1956,4712.456,,,,,,4712.456,,,4712.456,4913.2497,,,,,,1,JST,,
BEL,Belgium,1957,4707.498,,,,,,4707.498,,,4707.498,4908.2918,,,,,,1,JST,,
BEL,Belgium,1958,4972.744,,,,,,4972.744,,,4972.744,5193.3693,,,,,,1,JST,,
BEL,Belgium,1959,5128.917,,,,,,5128.917,,,5128.917,5361.9369,,,,,,1,JST,,
BEL,Belgium,1960,5250.385,,,,,,5250.385,,,5250.385,5466.0522,,,,,,1,JST,,
BEL,Belgium,1961,5597.436,,,,,,5597.436,,,5597.436,5887.4712,,,,,,1,JST,,
BEL,Belgium,1962,5996.544,,,,,,5996.544,,,5996.544,6308.8902,,,,,,1,JST,,
BEL,Belgium,1963,6584.052,,,,,,6584.052,,,6584.052,6921.1872,,,,,,1,JST,,
BEL,Belgium,1964,7102.149,,,,,,7102.149,,,7102.149,7372.3534,,,,,,1,JST,,
BEL,Belgium,1965,7595.458,,,,,,7595.458,,,7595.458,7897.8877,,,,,,1,JST,,
BEL,Belgium,1966,8036.708,,,,,,8036.708,,,8036.708,8418.4641,,,,,,1,JST,,
BEL,Belgium,1967,8244.938,,,,,,8244.938,,,8244.938,8688.668,,,,,,1,JST,,
BEL,Belgium,1968,8807.657,,,,,,8807.657,,,8807.657,9318.3176,,,,,,1,JST,,
BEL,Belgium,1969,8919.209,,,,,,8919.209,,,8919.209,8763.0361,,,,,,1,JST,,
BEL,Belgium,1970,9722.384,,,,,,9722.384,,,9722.384,9372.8542,,,,,,1,JST,,
BEL,Belgium,1971,10644.55,,,,,,10644.55,,,10644.55,10418.965,,,,,,1,JST,,
BEL,Belgium,1972,12131.91,,,,,,12003,,,12131.91,12003.004,,,,,,1,JST,,
BEL,Belgium,1973,13130.92,,,,,,12897.9,,,13130.92,12897.9,,,,,,1,JST,,
BEL,Belgium,1974,14246.44,,,,,,13698.6,,,14246.44,13698.596,,,,,,1,JST,,
BEL,Belgium,1975,16296.52,,,,,,15850.31,,,16296.52,15850.312,,,,,,1,JST,,
BEL,Belgium,1976,17697.12,,,,,,16958.4,,,17697.12,16958.396,,,,,,1,JST,,
BEL,Belgium,1977,19209.27,,,,,,18368.91,,,19209.27,18368.91,,,,,,1,JST,,
BEL,Belgium,1978,19515.63,,,,,,19444.77,,,19515.63,19444.768,,,,,,1,JST,,
BEL,Belgium,1979,19822,,,,,,19933.12,,,19822,19933.118,,,,,,1,JST,,
BEL,Belgium,1980,19849,,,,,,19982.7,,,19849,19982.697,,,,,,1,JST,,
BEL,Belgium,1981,20513,,,,,,20414.03,,,20513,20414.032,,,,,,1,JST,,
BEL,Belgium,1982,21396,,,,,,21214.73,,,21396,21214.728,,,,,,1,JST,,
BEL,Belgium,1983,23416,,,,,,23049.14,,,23416,23049.14,,,,,,1,JST,,
BEL,Belgium,1984,22908,,,,,,23116.07,,,22908,23116.071,,,,,,1,JST,,
BEL,Belgium,1985,24256,,,,,,23857.27,,,24256,23857.273,,,,,,1,JST,,
BEL,Belgium,1986,26294,,,,,,25714,,,26294,25706.559,,,,,,1,JST,,
BEL,Belgium,1987,27251,,,,,,26921.24,,,27251,26921.237,,,,,,1,JST,,
BEL,Belgium,1988,29070,,,,,,28406.12,,,29070,28408.598,,,,,,1,JST,,
BEL,Belgium,1989,31507,,,,,,29930.66,,,31507,29920.748,,,,,,1,JST,,
BEL,Belgium,1990,31963,,,,,,30168.64,,,31963,30168.642,,,,,,1,JST,,
BEL,Belgium,1991,32315,,,,,,30547.92,,,32315,,,,,,,1,JST,,
BEL,Belgium,1992,33912,,,,,,34184.52,,,33912,,,,,,,1,JST,,
BEL,Belgium,1993,36782,,,,,,36827.06,,,36782,,,,,,,1,JST,,
BEL,Belgium,1994,36951,,,,,,37372.43,,,36951,38249.971,,,,,,1,JST,,
BEL,Belgium,1995,38753,,,,,,39184.53,,,38753,40133.962,,,,,,1,JST,,
BEL,Belgium,1996,39864,,,,,,35706.58,,,39864,41794.848,,,,,,1,JST,,
BEL,Belgium,1997,41797,,,,,,37419.53,,,41797,43083.895,,,,,,1,JST,,
BEL,Belgium,1998,48000,,,,,,,,,48000,,,,,,,1,JST,,
BEL,Belgium,1999,54000,,,,,,,,,54000,63700,,,,,,1,JST,,
BEL,Belgium,2000,59000,,,,,,,,,59000,67197,,,,,,1,JST,,
BEL,Belgium,2001,62000,,,,,,,,,62000,,,,,,,1,JST,,
BEL,Belgium,2002,62900,,,,,,,,,62900,,,,,,,1,JST,,
BEL,Belgium,2003,68000,,,,,,,,,68000,,,,,,,1,JST,,
BEL,Belgium,2004,79000,,,,,,,,,79000,,,,,,,1,JST,,
BEL,Belgium,2005,91000,,,,,,,,,91000,,,,,,,1,JST,,
BEL,Belgium,2006,93000,,,,,,,,,93000,,,,,,,1,JST,,
BEL,Belgium,2007,100200,,,,,,,,,100200,,,,,,,1,JST,,
BEL,Belgium,2008,100900,,,,,,,,,100900,,,,,,,1,JST,,
BEL,Belgium,2009,113800,,,,,,,,,113800,,,,,,,1,JST,,
BEL,Belgium,2010,114900,,,,,,,,,114900,,,,,,,1,JST,,
BEL,Belgium,2011,111500,,,,,,,,,111500,,,,,,,1,JST,,
BEL,Belgium,2012,124500,,,,,,,,,124500,,,,,,,1,JST,,
BEL,Belgium,2013,131800,,,,,,,,,131800,,,,,,,1,JST,,
BEL,Belgium,2014,150400,,,,,,,,,150400,,,,,,,1,JST,,
BEL,Belgium,2015,166800,,,,,,,,,166800,,,,,,,1,JST,,
BEL,Belgium,2016,187800,,,,,,,,,187800,,,,,,,1,JST,,
BEL,Belgium,2017,200500,,,,,,,,,200500,,,,,,,1,JST,,
BEL,Belgium,2018,215300,,,,,,,,,215300,,,,,,,1,JST,,
BEL,Belgium,2019,229100,,,,,,,,,229100,,,,,,,1,JST,,
BEL,Belgium,2020,263300,,,,,,,,,263300,,,,,,,1,JST,,
BEN,Benin,1962,5592.666,,,,,,,,,,5680,,,,,,.9846242,Mitchell,,
BEN,Benin,1963,5828.975,,,,,,,,,,5920,,,,,,.9846242,Mitchell,,
BEN,Benin,1964,5828.975,,,,,,,,,,5920,,,,,,.9846242,Mitchell,,
BEN,Benin,1965,5947.13,,,,,,,,,,6040,,,,,,.9846242,Mitchell,,
BEN,Benin,1966,6281.902,,,,,,,,,,6380,,,,,,.9846242,Mitchell,,
BEN,Benin,1967,5956.977,,,,,,,,,,6050,,,,,,.9846242,Mitchell,,
BEN,Benin,1968,6833.292,,,,,,,,,,6940,,,,,,.9846242,Mitchell,,
BEN,Benin,1969,8064.072,,,,,,,,,,8190,,,,,,.9846242,Mitchell,,
BEN,Benin,1970,9481.931,,,,,,,,,,9630,,,,,,.9846242,Mitchell,,
BEN,Benin,1971,11323.18,,,,,,,,,,11500,,,,,,.9846242,Mitchell,,
BEN,Benin,1972,12504.73,,,,,,,,,,12700,,,,,,.9846242,Mitchell,,
BEN,Benin,1973,12110.88,,,,,,,,,,12300,,,,,,.9846242,Mitchell,,
BEN,Benin,1974,15458.6,,,,,,,,,,15700,,,,,,.9846242,Mitchell,,
BEN,Benin,1975,26486.39,,,,,,,,,,26900,,,,,,.9846242,Mitchell,,
BEN,Benin,1976,25206.38,,,,,,,,,,25600,,,,,,.9846242,Mitchell,,
BEN,Benin,1977,28849.49,,,,,,,,,,29300,,,,,,.9846242,Mitchell,,
BEN,Benin,1978,30523.35,,,,,,,,,,31000,,,,,,.9846242,Mitchell,,
BEN,Benin,1979,33181.84,,,,,,,,,,33700,,,,,,.9846242,Mitchell,1,3
BEN,Benin,1980,44701.94,,44681,,,,,,,,45400,,,,,,1.000469,AFDB,,
BEN,Benin,1981,60464.32,,60436,,,,,,,,60400,,,,,,1.000469,AFDB,,
BEN,Benin,1982,83477.1,,83438,,,,,,,,83400,,,,,,1.000469,AFDB,,
BEN,Benin,1983,82038.43,,82000,,,,,,,,82000,,,,,,1.000469,AFDB,,
BEN,Benin,1984,90637.45,,90595,,,,,,,,89500,,,,,,1.000469,AFDB,,
BEN,Benin,1985,87127.91,,87087.1,,,,,,,,87100,,,,,,1.000469,AFDB,,
BEN,Benin,1986,78962.88,,78925.9,,,,,,,,78900,,,,,,1.000469,AFDB,,
BEN,Benin,1987,61872.98,,61844,,,,,,,,61800,,,,,,1.000469,AFDB,,
BEN,Benin,1988,71987.82,,71954.1,,,,,,,,71900,,,,,,1.000469,AFDB,,
BEN,Benin,1989,84411.94,,84372.4,,,,,,,,84400,,,,,,1.000469,AFDB,1,3
BEN,Benin,1990,104600,,104551,104600,,,,,,,104600,,,,,,1,AFRISTAT,,
BEN,Benin,1991,115700,,116659,115700,,,,,,,116700,,,,,,1,AFRISTAT,,
BEN,Benin,1992,128200,,128210,128200,,,,,,,128200,,,,,,1,AFRISTAT,,
BEN,Benin,1993,111300,,111341,111300,,,,,,,111300,,,,,,1,AFRISTAT,,
BEN,Benin,1994,186200,,186220,186200,,,,,,,186200,,,,,,1,AFRISTAT,,
BEN,Benin,1995,161700,,161730,161700,,,,,,,161700,,,,,,1,AFRISTAT,,
BEN,Benin,1996,189700,,189508,189700,,,,,,,189500,,,,,,1,AFRISTAT,,
BEN,Benin,1997,193900,,193352,193900,,,,,,,193400,,,,,,1,AFRISTAT,,
BEN,Benin,1998,184800,,184192,184800,,,,,,,184200,,,,,,1,AFRISTAT,,
BEN,Benin,1999,272300,,270613,272300,,,,,,,270600,,,,,,1,AFRISTAT,,
BEN,Benin,2000,365400,,519438,365400,,,,,,,365400,,,,,,1,AFRISTAT,,
BEN,Benin,2001,402400,,588600,402400,,,,,,,401800,,,,,,1,AFRISTAT,,
BEN,Benin,2002,370500,,569800,370500,,,,,,,367300,,,,,,1,AFRISTAT,,
BEN,Benin,2003,407700,,607600,407700,,,,,,,407500,,,,,,1,AFRISTAT,,
BEN,Benin,2004,321100,,567000,321100,,321091,,,,,337200,,,,,,1,AFRISTAT,,
BEN,Benin,2005,397500,,690820,397500,,397476,,,,,449400,,,,,,1,AFRISTAT,,
BEN,Benin,2006,489000,,805061.6,489000,,488969,,,,,502349,,,,,,1,AFRISTAT,,
BEN,Benin,2007,568600,,947026.95,568600,,568642,,,,,589865,,,,,,1,AFRISTAT,,
BEN,Benin,2008,722900,,1219971.1,722900,,722909,,,,,750172,,,,,,1,AFRISTAT,,
BEN,Benin,2009,732300,,1295917.3,732300,,732253,,,,,764252,,,,,,1,AFRISTAT,,
BEN,Benin,2010,785900,,1446120,785900,,785863,,,,,806185,,,,,,1,AFRISTAT,,
BEN,Benin,2011,853400,,1578411.5,853400,,853408,,,,,,,,,,,1,AFRISTAT,,
BEN,Benin,2012,869000,,1719978.1,869000,,869007,,,,,,,,,,,1,AFRISTAT,,
BEN,Benin,2013,1070100,,2017149.8,1070100,,1070124,,,,,,,,,,,1,AFRISTAT,,
BEN,Benin,2014,1252600,,2353510.8,1252600,,1252593,,,,,,,,,,,1,AFRISTAT,,
BEN,Benin,2015,1283300,,2540422,1283300,,1283344,,,,,,,,,,,1,AFRISTAT,,
BEN,Benin,2016,1232200,,2723774.6,1232200,,1232192,,,,,,,,,,,1,AFRISTAT,,
BEN,Benin,2017,1265300,,2984820.6,1265300,,1265282,,,,,,,,,,,1,AFRISTAT,,
BEN,Benin,2018,1341300,,3301228.7,1341300,,1341334,,,,,,,,,,,1,AFRISTAT,,
BEN,Benin,2019,1451800,,,1451800,,1482082,,,,,,,,,,,1,AFRISTAT,,
BEN,Benin,2020,1758100,,,1758100,,1758138,,,,,,,,,,,1,AFRISTAT,,
BEN,Benin,2021,2155500,,,2155500,,2155501,,,,,,,,,,,1,AFRISTAT,,
BEN,Benin,2022,2528300,,,2528300,,2528343,,,,,,,,,,,1,AFRISTAT,,
BEN,Benin,2023,2583565,,,,,2583609,,,,,,,,,,,.999983,BCEAO,1,3
BEN,Benin,2024,2592426,,,,,2592470,,,,,,,,,,,.999983,BCEAO,,
BFA,Burkina Faso,1962,5262.975,,,,,,,,,,5330,,,,,,.9874249,Mitchell,,
BFA,Burkina Faso,1963,5885.052,,,,,,,,,,5960,,,,,,.9874249,Mitchell,,
BFA,Burkina Faso,1964,5983.794,,,,,,,,,,6060,,,,,,.9874249,Mitchell,,
BFA,Burkina Faso,1965,6191.154,,,,,,,,,,6270,,,,,,.9874249,Mitchell,,
BFA,Burkina Faso,1966,6447.884,,,,,,,,,,6530,,,,,,.9874249,Mitchell,,
BFA,Burkina Faso,1967,6507.13,,,,,,,,,,6590,,,,,,.9874249,Mitchell,,
BFA,Burkina Faso,1968,7356.315,,,,,,,,,,7450,,,,,,.9874249,Mitchell,,
BFA,Burkina Faso,1969,8402.985,,,,,,,,,,8510,,,,,,.9874249,Mitchell,,
BFA,Burkina Faso,1970,9025.063,,,,,,,,,,9140,,,,,,.9874249,Mitchell,,
BFA,Burkina Faso,1971,9350.913,,,,,,,,,,9470,,,,,,.9874249,Mitchell,,
BFA,Burkina Faso,1972,9765.632,,,,,,,,,,9890,,,,,,.9874249,Mitchell,,
BFA,Burkina Faso,1973,13330.24,,,,,,,,,,13500,,,,,,.9874249,Mitchell,,
BFA,Burkina Faso,1974,16193.77,,,,,,,,,,16400,,,,,,.9874249,Mitchell,,
BFA,Burkina Faso,1975,22217.06,,,,,,,,,,22500,,,,,,.9874249,Mitchell,,
BFA,Burkina Faso,1976,27154.18,,,,,,,,,,27500,,,,,,.9874249,Mitchell,,
BFA,Burkina Faso,1977,30412.69,,,,,,,,,,30800,,,,,,.9874249,Mitchell,,
BFA,Burkina Faso,1978,33967.41,,,,,,,,,,34400,,,,,,.9874249,Mitchell,,
BFA,Burkina Faso,1979,34362.39,,,,,,,,,,34800,,,,,,.9874249,Mitchell,1,3
BFA,Burkina Faso,1980,41175.62,,41669,,,,,,,,41700,,,,,,.9881595,AFDB,,
BFA,Burkina Faso,1981,48247.88,,48826,,,,,,,,48800,,,,,,.9881595,AFDB,,
BFA,Burkina Faso,1982,53720.3,,54364,,,,,,,,54400,,,,,,.9881595,AFDB,,
BFA,Burkina Faso,1983,59619.61,,60334,,,,,,,,60300,,,,,,.9881595,AFDB,,
BFA,Burkina Faso,1984,65717.55,,66505,,,,,,,,66500,,,,,,.9881595,AFDB,,
BFA,Burkina Faso,1985,68719.67,,69543.1,,,,,,,,69500,,,,,,.9881595,AFDB,,
BFA,Burkina Faso,1986,84416.29,,85427.8,,,,,,,,85400,,,,,,.9881595,AFDB,,
BFA,Burkina Faso,1987,90099.79,,91179.4,,,,,,,,91200,,,,,,.9881595,AFDB,,
BFA,Burkina Faso,1988,99671.7,,100866,,,,,,,,101000,,,,,,.9881595,AFDB,,
BFA,Burkina Faso,1989,104121.4,,105369,,,,,,,,105000,,,,,,.9881595,AFDB,1,3
BFA,Burkina Faso,1990,102400,,103627,102400,,,,,,,104000,,,,,,1,AFRISTAT,,
BFA,Burkina Faso,1991,107800,,109337,107800,,,,,,,109000,,,,,,1,AFRISTAT,,
BFA,Burkina Faso,1992,108400,,109897,108400,,,,,,,111000,,,,,,1,AFRISTAT,,
BFA,Burkina Faso,1993,120800,,122607,120800,,,,,,,123000,,,,,,1,AFRISTAT,,
BFA,Burkina Faso,1994,168300,,170323,168300,,,,,,,170000,,,,,,1,AFRISTAT,,
BFA,Burkina Faso,1995,218200,,213703,218200,,,,,,,214000,,,,,,1,AFRISTAT,,
BFA,Burkina Faso,1996,224900,,228731,224900,,,,,,,229000,,,,,,1,AFRISTAT,,
BFA,Burkina Faso,1997,267500,,268858,267500,,,,,,,269000,,,,,,1,AFRISTAT,,
BFA,Burkina Faso,1998,265600,,261945,265600,,,,,,,262000,,,,,,1,AFRISTAT,,
BFA,Burkina Faso,1999,266800,,256855,266800,,,,,,,257000,,,,,,1,AFRISTAT,,
BFA,Burkina Faso,2000,283500,,420305.8,283500,,,,,,,270000,,,,,,1,AFRISTAT,,
BFA,Burkina Faso,2001,272900,,435317.4,272900,,,,,,,262000,,,,,,1,AFRISTAT,,
BFA,Burkina Faso,2002,260500,,448765.78,260500,,,,,,,244000,,,,,,1,AFRISTAT,,
BFA,Burkina Faso,2003,304500,,689960.7,304500,,,,,,,452000,,,,,,1,AFRISTAT,,
BFA,Burkina Faso,2004,414200,,641429.1,414200,,414181,,,,,378000,,,,,,1,AFRISTAT,,
BFA,Burkina Faso,2005,391900,,616611,391900,,391854,,,,,352000,,,,,,1,AFRISTAT,,
BFA,Burkina Faso,2006,412600,,678015.1,412600,,412563,,,,,367850,,,,,,1,AFRISTAT,,
BFA,Burkina Faso,2007,482400,,839187.6,482400,,482446,,,,,468168,,,,,,1,AFRISTAT,,
BFA,Burkina Faso,2008,553800,,937314.8,553800,,553808,,,,,503191,,,,,,1,AFRISTAT,,
BFA,Burkina Faso,2009,676400,,1107490.8,676400,,676448,,,,,615095,,,,,,1,AFRISTAT,,
BFA,Burkina Faso,2010,727200,,1319510.8,727200,,727162,,,,,659216,,,,,,1,AFRISTAT,,
BFA,Burkina Faso,2011,868600,,1501097,868600,,868558,,,,,,,,,,,1,AFRISTAT,,
BFA,Burkina Faso,2012,989000,,1740227.4,989000,,988964,,,,,,,,,,,1,AFRISTAT,,
BFA,Burkina Faso,2013,1068600,,1924581.6,1068600,,1068575,,,,,,,,,,,1,AFRISTAT,,
BFA,Burkina Faso,2014,1165500,,2141764.1,1165500,,1165474,,,,,,,,,,,1,AFRISTAT,,
BFA,Burkina Faso,2015,1429900,,2563202.2,1429900,,1429857,,,,,,,,,,,1,AFRISTAT,,
BFA,Burkina Faso,2016,1613800,,2919852.9,1613800,,1613813,,,,,,,,,,,1,AFRISTAT,,
BFA,Burkina Faso,2017,2025600,,3360510.7,2025600,,2025632,,,,,,,,,,,1,AFRISTAT,,
BFA,Burkina Faso,2018,2285900,,3892423.9,2285900,,2285871,,,,,,,,,,,1,AFRISTAT,,
BFA,Burkina Faso,2019,2484500,,,2484500,,2462437,,,,,,,,,,,1,AFRISTAT,,
BFA,Burkina Faso,2020,2998200,,,2998200,,2957469,,,,,,,,,,,1,AFRISTAT,,
BFA,Burkina Faso,2021,3685400,,,3685400,,3685418,,,,,,,,,,,1,AFRISTAT,,
BFA,Burkina Faso,2022,3642700,,,3642700,,3642689,,,,,,,,,,,1,AFRISTAT,,
BFA,Burkina Faso,2023,3477878,,,,,3477868,,,,,,,,,,,1.000003,BCEAO,1,3
BFA,Burkina Faso,2024,3747601,,,,,3747590,,,,,,,,,,,1.000003,BCEAO,,
BGD,Bangladesh,1974,7616.625,,,,,,8390.5,,,,8390,,,,,,.9078219,Mitchell,,
BGD,Bangladesh,1975,7516.765,,,,,,8283.4,,,,8280,,,,,,.9078219,Mitchell,,
BGD,Bangladesh,1976,8370.118,,,,,,9216.4,,,,9220,,,,,,.9078219,Mitchell,,
BGD,Bangladesh,1977,10621.52,,,,,,11666.7,,,,11700,,,,,,.9078219,Mitchell,,
BGD,Bangladesh,1978,13254.2,,,,,,14635.5,,,,14600,,,,,,.9078219,Mitchell,,
BGD,Bangladesh,1979,16703.92,,,,,,18356.1,,,,18400,,,,,,.9078219,Mitchell,,
BGD,Bangladesh,1980,18338,,,,,,20170.8,,,,20200,,,,,,.9078219,Mitchell,,
BGD,Bangladesh,1981,20607.56,,,,,,22715.6,,,,22700,,,,,,.9078219,Mitchell,,
BGD,Bangladesh,1982,21152.25,,,,,,23336,,,,23300,,,,,,.9078219,Mitchell,,
BGD,Bangladesh,1983,28687.17,,,,,,31635.5,,,,31600,,,,,,.9078219,Mitchell,,
BGD,Bangladesh,1984,38400.87,,,,,,42269,,,,42300,,,,,,.9078219,Mitchell,,
BGD,Bangladesh,1985,41759.81,,,,,,45956,,,,46000,,,,,,.9078219,Mitchell,,
BGD,Bangladesh,1986,45391.09,,,,,,49996,,,,50000,,,,,,.9078219,Mitchell,,
BGD,Bangladesh,1987,46298.92,,,,,,51000,,,,51000,,,,,,.9078219,Mitchell,,
BGD,Bangladesh,1988,48296.13,,,,,,53165,,,,53200,,,,,,.9078219,Mitchell,,
BGD,Bangladesh,1989,54469.31,,,,,,60004,,,,60000,,,,,,.9078219,Mitchell,,
BGD,Bangladesh,1990,59643.9,,,,,,65735,,,,65700,,,,,,.9078219,Mitchell,,
BGD,Bangladesh,1991,64273.79,,,,,,70804,,,,70800,,,,,,.9078219,Mitchell,,
BGD,Bangladesh,1992,72988.88,,,,,,80442,,,,80400,,,,,,.9078219,Mitchell,,
BGD,Bangladesh,1993,84609,,,,,,93281,,,,93200,,,,,,.9078219,Mitchell,,
BGD,Bangladesh,1994,105307.3,,,,,,115965,,,,116000,,,,,,.9078219,Mitchell,,
BGD,Bangladesh,1995,122556,,,,,,135342,,,,135000,,,,,,.9078219,Mitchell,,
BGD,Bangladesh,1996,128910.7,,,,,,141676,,,,142000,,,,,,.9078219,Mitchell,,
BGD,Bangladesh,1997,138896.8,,,,,,152633,,,,153000,,,,,,.9078219,Mitchell,,
BGD,Bangladesh,1998,148882.8,,,,,,,,,,164000,,,,,,.9078219,Mitchell,,
BGD,Bangladesh,1999,167947,,,,,,,,,,185000,,,,,,.9078219,Mitchell,1,1
BGD,Bangladesh,2000,198813,198813,,,,,,,,,219000,,,,,,1,ADB,,
BGD,Bangladesh,2001,223474,223474,,,,,,,,,242000,,,,,,1,ADB,,
BGD,Bangladesh,2002,241611,241611,,,,,,,,,255000,,,,,,1,ADB,,
BGD,Bangladesh,2003,267434,267434,,,,,,,,,274000,,,,,,1,ADB,,
BGD,Bangladesh,2004,304500,304500,,,,,,,,,323000,,,,,,1,ADB,,
BGD,Bangladesh,2005,354000,354000,,,,,,,,,382000,,,,,,1,ADB,,
BGD,Bangladesh,2006,422151,422151,,,,,,,,,501274,,,,,,1,ADB,,
BGD,Bangladesh,2007,496770,496770,,,,,,,,,585526,,,,,,1,ADB,,
BGD,Bangladesh,2008,593145,593145,,,,,,,,,647125,,,,,,1,ADB,,
BGD,Bangladesh,2009,664277,664277,,,,,,,,,753601,,,,,,1,ADB,,
BGD,Bangladesh,2010,879912,879912,,,,,,,,,999189,,,,,,1,ADB,,
BGD,Bangladesh,2011,1031060,1031060,,,,,,,,,,,,,,,1,ADB,,
BGD,Bangladesh,2012,1097243,1097243,,,,,,,,,,,,,,,1,ADB,,
BGD,Bangladesh,2013,1236002,1236002,,,,,,,,,,,,,,,1,ADB,,
BGD,Bangladesh,2014,1416467,1416467,,,,,,,,,,,,,,,1,ADB,,
BGD,Bangladesh,2015,1608134,1608134,,,,,,,,,,,,,,,1,ADB,,
BGD,Bangladesh,2016,2124307,2124307,,,,,,,,,,,,,,,1,ADB,,
BGD,Bangladesh,2017,2400785,2400785,,,,,,,,,,,,,,,1,ADB,,
BGD,Bangladesh,2018,2548937,2548937,,,,,,,,,,,,,,,1,ADB,,
BGD,Bangladesh,2019,2732934,2732934,,,,,,,,,,,,,,,1,ADB,,
BHR,Bahrain,1965,20.4,,,,,,,,,,20.4,,,,,,1,Mitchell,,
BHR,Bahrain,1966,23.8,,,,,,,,,,23.8,,,,,,1,Mitchell,,
BHR,Bahrain,1967,28.4,,,,,,,,,,28.4,,,,,,1,Mitchell,,
BHR,Bahrain,1968,34.8,,,,,,,,,,34.8,,,,,,1,Mitchell,,
BHR,Bahrain,1969,34.4,,,,,,,,,,34.4,,,,,,1,Mitchell,,
BHR,Bahrain,1970,38,,,,,,,,,,38,,,,,,1,Mitchell,,
BHR,Bahrain,1971,48.6,,,,,,,,,,48.6,,,,,,1,Mitchell,,
BHR,Bahrain,1972,55.2,,,,,,,,,,55.2,,,,,,1,Mitchell,,
BHR,Bahrain,1973,59.4,,,,,,,,,,59.4,,,,,,1,Mitchell,,
BHR,Bahrain,1974,61.3,,,,,,,,,,61.3,,,,,,1,Mitchell,,
BHR,Bahrain,1975,77.8,,,,,,,,,,77.8,,,,,,1,Mitchell,,
BHR,Bahrain,1976,128,,,,,,,,,,128,,,,,,1,Mitchell,,
BHR,Bahrain,1977,152,,,,,,,,,,152,,,,,,1,Mitchell,,
BHR,Bahrain,1978,171,,,,,,,,,,171,,,,,,1,Mitchell,,
BHR,Bahrain,1979,186,,,,,,,,,,186,,,,,,1,Mitchell,,
BHR,Bahrain,1980,192,,,,,,,,,,192,,,,,,1,Mitchell,,
BHR,Bahrain,1981,249,,,,,,,,,,249,,,,,,1,Mitchell,,
BHR,Bahrain,1982,223,,,,,,,,,,223,,,,,,1,Mitchell,,
BHR,Bahrain,1983,207,,,,,,,,,,207,,,,,,1,Mitchell,,
BHR,Bahrain,1984,208,,,,,,,,,,208,,,,,,1,Mitchell,,
BHR,Bahrain,1985,219,,,,,,,,,,219,,,,,,1,Mitchell,,
BHR,Bahrain,1986,211,,,,,,,,,,211,,,,,,1,Mitchell,,
BHR,Bahrain,1987,219,,,,,,,,,,219,,,,,,1,Mitchell,,
BHR,Bahrain,1988,217,,,,,,,,,,217,,,,,,1,Mitchell,,
BHR,Bahrain,1989,212,,,,,,,,,,212,,,,,,1,Mitchell,,
BHR,Bahrain,1990,259,,,,,,,,,,259,,,,,,1,Mitchell,,
BHR,Bahrain,1991,263,,,,,,,,,,263,,,,,,1,Mitchell,,
BHR,Bahrain,1992,299,,,,,,,,,,299,,,,,,1,Mitchell,,
BHR,Bahrain,1993,315,,,,,,,,,,315,,,,,,1,Mitchell,,
BHR,Bahrain,1994,345,,,,,,,,,,345,,,,,,1,Mitchell,,
BHR,Bahrain,1995,333,,,,,,,,,,333,,,,,,1,Mitchell,,
BHR,Bahrain,1996,335,,,,,,,,,,335,,,,,,1,Mitchell,,
BHR,Bahrain,1997,348,,,,,,,,,,348,,,,,,1,Mitchell,,
BHR,Bahrain,1998,366,,,,,,,,,,366,,,,,,1,Mitchell,,
BHR,Bahrain,1999,426,,,,,,,,,,426,,,,,,1,Mitchell,,
BHR,Bahrain,2000,446,,,,,,,,,,446,,,,,,1,Mitchell,,
BHR,Bahrain,2001,552,,,,,,,,,,552,,,,,,1,Mitchell,,
BHR,Bahrain,2002,647,,,,,,,,,,647,,,,,,1,Mitchell,,
BHR,Bahrain,2003,821,,,,,,,,,,821,,,,,,1,Mitchell,,
BHR,Bahrain,2004,861,,,,,,,,,,861,,,,,,1,Mitchell,,
BHR,Bahrain,2005,1063,,,,,,,,,,1063,,,,,,1,Mitchell,,
BHR,Bahrain,2006,1285.8,,,,,,,,,,1285.8,,,,,,1,Mitchell,,
BHR,Bahrain,2007,1584.3,,,,,,,,,,1584.3,,,,,,1,Mitchell,,
BHR,Bahrain,2008,1898.7,,,,,,,,,,1898.7,,,,,,1,Mitchell,,
BHR,Bahrain,2009,2158.3,,,,,,,,,,2158.3,,,,,,1,Mitchell,,
BHR,Bahrain,2010,2303.9,,,,,,,,,,2303.9,,,,,,1,Mitchell,,
BHS,Bahamas,1992,377.7,,,,,,,377.7,,,,,,,,,1,ECLAC,,
BHS,Bahamas,1993,379.5,,,,,,,379.5,,,,,,,,,1,ECLAC,,
BHS,Bahamas,1994,412.3,,,,,,,412.3,,,,,,,,,1,ECLAC,,
BHS,Bahamas,1995,443.1,,,,,,,443.1,,,,,,,,,1,ECLAC,,
BHS,Bahamas,1996,445.8,,,,,,,445.8,,,,,,,,,1,ECLAC,,
BHS,Bahamas,1997,518.8,,,,,,,518.8,,,,,,,,,1,ECLAC,,
BHS,Bahamas,1998,596.4,,,,,,,596.4,,,,,,,,,1,ECLAC,,
BHS,Bahamas,1999,758.2,,,,,,,758.2,,,,,,,,,1,ECLAC,,
BHS,Bahamas,2000,803.7,,,,,,,803.7,,,,,,,,,1,ECLAC,,
BHS,Bahamas,2001,776.7,,,,,,,776.7,,,,,,,,,1,ECLAC,,
BHS,Bahamas,2002,817.7,,,,,,,817.7,,,,,,,,,1,ECLAC,,
BHS,Bahamas,2003,907.4,,,,,,,907.4,,,,,,,,,1,ECLAC,,
BHS,Bahamas,2004,1134.4,,,,,,,1134.4,,,,,,,,,1,ECLAC,,
BHS,Bahamas,2005,1247.6,,,,,,,1247.6,,,,,,,,,1,ECLAC,,
BHS,Bahamas,2006,1251.1,,,,,,,1251.1,,,,,,,,,1,ECLAC,,
BHS,Bahamas,2007,1300.2,,,,,,,1300.2,,,,,,,,,1,ECLAC,,
BHS,Bahamas,2008,1274.5,,,,,,,1274.5,,,,,,,,,1,ECLAC,,
BHS,Bahamas,2009,1283.6,,,,,,,1283.6,,,,,,,,,1,ECLAC,,
BHS,Bahamas,2010,1335.1,,,,,,,1335.1,,,,,,,,,1,ECLAC,,
BHS,Bahamas,2011,1434.8,,,,,,,1434.8,,,,,,,,,1,ECLAC,,
BHS,Bahamas,2012,1574.9,,,,,,,1574.9,,,,,,,,,1,ECLAC,,
BHS,Bahamas,2013,1641.1,,,,,,,1641.1,,,,,,,,,1,ECLAC,,
BHS,Bahamas,2014,1996.2,,,,,,,1996.2,,,,,,,,,1,ECLAC,,
BHS,Bahamas,2015,2071.2,,,,,,,2071.2,,,,,,,,,1,ECLAC,,
BHS,Bahamas,2016,2460.6,,,,,,,2460.6,,,,,,,,,1,ECLAC,,
BHS,Bahamas,2017,2654,,,,,,,2654,,,,,,,,,1,ECLAC,,
BHS,Bahamas,2018,2728.2,,,,,,,2728.2,,,,,,,,,1,ECLAC,,
BHS,Bahamas,2019,3248.4,,,,,,,3248.4,,,,,,,,,1,ECLAC,,
BHS,Bahamas,2020,3472.1,,,,,,,3472.1,,,,,,,,,1,ECLAC,,
BHS,Bahamas,2021,3722.1,,,,,,,3722.1,,,,,,,,,1,ECLAC,,
BHS,Bahamas,2022,4304.9,,,,,,,4304.9,,,,,,,,,1,ECLAC,,
BLZ,Belize,1990,107.9,,,,,,,107.9,,,,,,,,,1,ECLAC,,
BLZ,Belize,1991,122.8,,,,,,,122.8,,,,,,,,,1,ECLAC,,
BLZ,Belize,1992,143.8,,,,,,,143.8,,,,,,,,,1,ECLAC,,
BLZ,Belize,1993,149.2,,,,,,,149.2,,,,,,,,,1,ECLAC,,
BLZ,Belize,1994,157.2,,,,,,,157.2,,,,,,,,,1,ECLAC,,
BLZ,Belize,1995,165,,,,,,,165,,,,,,,,,1,ECLAC,,
BLZ,Belize,1996,177.6,,,,,,,177.6,,,,,,,,,1,ECLAC,,
BLZ,Belize,1997,186,,,,,,,186,,,,,,,,,1,ECLAC,,
BLZ,Belize,1998,206.1,,,,,,,206.1,,,,,,,,,1,ECLAC,,
BLZ,Belize,1999,255.1,,,,,,,255.1,,,,,,,,,1,ECLAC,,
BLZ,Belize,2000,310.2,,,,,,,310.2,,,,,,,,,1,ECLAC,,
BLZ,Belize,2001,364.9,,,,,,,364.9,,,,,,,,,1,ECLAC,,
BLZ,Belize,2002,358.2,,,,,,,358.2,,,,,,,,,1,ECLAC,,
BLZ,Belize,2003,442.6,,,,,,,442.6,,,,,,,,,1,ECLAC,,
BLZ,Belize,2004,492.6,,,,,,,492.6,,,,,,,,,1,ECLAC,,
BLZ,Belize,2005,516,,,,,,,516,,,,,,,,,1,ECLAC,,
BLZ,Belize,2006,617.8,,,,,,,617.8,,,,,,,,,1,ECLAC,,
BLZ,Belize,2007,704.4,,,,,,,704.4,,,,,,,,,1,ECLAC,,
BLZ,Belize,2008,706.2,,,,,,,706.2,,,,,,,,,1,ECLAC,,
BLZ,Belize,2009,713.3,,,,,,,713.3,,,,,,,,,1,ECLAC,,
BLZ,Belize,2010,707.9,,,,,,,707.9,,,,,,,,,1,ECLAC,,
BLZ,Belize,2011,839.3,,,,,,,839.3,,,,,,,,,1,ECLAC,,
BLZ,Belize,2012,1102.9,,,,,,,1102.9,,,,,,,,,1,ECLAC,,
BLZ,Belize,2013,1121.9,,,,,,,1121.9,,,,,,,,,1,ECLAC,,
BLZ,Belize,2014,1313.8,,,,,,,1313.8,,,,,,,,,1,ECLAC,,
BLZ,Belize,2015,1528.5,,,,,,,1528.5,,,,,,,,,1,ECLAC,,
BLZ,Belize,2016,1476,,,,,,,1476,,,,,,,,,1,ECLAC,,
BLZ,Belize,2017,1565.9,,,,,,,1565.9,,,,,,,,,1,ECLAC,,
BLZ,Belize,2018,1598.5,,,,,,,1598.5,,,,,,,,,1,ECLAC,,
BLZ,Belize,2019,1681.8,,,,,,,1681.8,,,,,,,,,1,ECLAC,,
BLZ,Belize,2020,1965.5,,,,,,,1965.5,,,,,,,,,1,ECLAC,,
BLZ,Belize,2021,2236.2,,,,,,,2236.2,,,,,,,,,1,ECLAC,,
BLZ,Belize,2022,2423.5,,,,,,,2423.5,,,,,,,,,1,ECLAC,,
BOL,Bolivia,1950,4.99e-06,,,,,,,,,,5.000e-06,,,,,,.9978599,Mitchell,,
BOL,Bolivia,1951,5.89e-06,,,,,,,,,,5.900e-06,,,,,,.9978599,Mitchell,,
BOL,Bolivia,1952,8.98e-06,,,,,,,,,,9.000e-06,,,,,,.9978599,Mitchell,,
BOL,Bolivia,1953,.0000163,,,,,,,,,,.0000163,,,,,,.9978599,Mitchell,,
BOL,Bolivia,1954,.0000268,,,,,,,,,,.0000269,,,,,,.9978599,Mitchell,,
BOL,Bolivia,1955,.0000559,,,,,,,,,,.000056,,,,,,.9978599,Mitchell,,
BOL,Bolivia,1956,.0001966,,,,,,,,,,.000197,,,,,,.9978599,Mitchell,,
BOL,Bolivia,1957,.0002904,,,,,,,,,,.000291,,,,,,.9978599,Mitchell,,
BOL,Bolivia,1958,.0003004,,,,,,,,,,.000301,,,,,,.9978599,Mitchell,,
BOL,Bolivia,1959,.0003852,,,,,,,,,,.000386,,,,,,.9978599,Mitchell,,
BOL,Bolivia,1960,.0004181,,,,,,,,,,.000419,,,,,,.9978599,Mitchell,,
BOL,Bolivia,1961,.0004949,,,,,,,,,,.000496,,,,,,.9978599,Mitchell,,
BOL,Bolivia,1962,.0005548,,,,,,,,,,.000556,,,,,,.9978599,Mitchell,,
BOL,Bolivia,1963,.0006636,,,,,,,,,,.000665,,,,,,.9978599,Mitchell,,
BOL,Bolivia,1964,.0008013,,,,,,,,,,.000803,,,,,,.9978599,Mitchell,,
BOL,Bolivia,1965,.000941,,,,,,,,,,.000943,,,,,,.9978599,Mitchell,,
BOL,Bolivia,1966,.0011505,,,,,,,,,,.001153,,,,,,.9978599,Mitchell,,
BOL,Bolivia,1967,.0011894,,,,,,,,,,.001192,,,,,,.9978599,Mitchell,,
BOL,Bolivia,1968,.0012842,,,,,,,,,,.001287,,,,,,.9978599,Mitchell,,
BOL,Bolivia,1969,.0013581,,,,,,,,,,.001361,,,,,,.9978599,Mitchell,,
BOL,Bolivia,1970,.0015287,,,,,,,,,,.001532,,,,,,.9978599,Mitchell,,
BOL,Bolivia,1971,.0017622,,,,,,,,,,.001766,,,,,,.9978599,Mitchell,,
BOL,Bolivia,1972,.0022053,,,,,,,,,,.00221,,,,,,.9978599,Mitchell,,
BOL,Bolivia,1973,.0029626,,,,,,,,,,.002969,,,,,,.9978599,Mitchell,,
BOL,Bolivia,1974,.0042479,,,,,,,,,,.004257,,,,,,.9978599,Mitchell,,
BOL,Bolivia,1975,.0047897,,,,,,,,,,.0048,,,,,,.9978599,Mitchell,,
BOL,Bolivia,1976,.0064861,,,,,,,,,,.0065,,,,,,.9978599,Mitchell,,
BOL,Bolivia,1977,.0078831,,,,,,,,,,.0079,,,,,,.9978599,Mitchell,,
BOL,Bolivia,1978,.0087812,,,,,,,,,,.0088,,,,,,.9978599,Mitchell,,
BOL,Bolivia,1979,.010278,,,,,,,,,,.0103,,,,,,.9978599,Mitchell,,
BOL,Bolivia,1980,.0146685,,,,,,,,,,.0147,,,,,,.9978599,Mitchell,,
BOL,Bolivia,1981,.0175623,,,,,,,,,,.0176,,,,,,.9978599,Mitchell,,
BOL,Bolivia,1982,.0576763,,,,,,,,,,.0578,,,,,,.9978599,Mitchell,,
BOL,Bolivia,1983,.1776191,,,,,,,,,,.178,,,,,,.9978599,Mitchell,,
BOL,Bolivia,1984,3.362788,,,,,,,,,,3.37,,,,,,.9978599,Mitchell,,
BOL,Bolivia,1985,197.5763,,,,,,,,,,198,,,,,,.9978599,Mitchell,,
BOL,Bolivia,1986,368.2103,,,,,,,,,,369,,,,,,.9978599,Mitchell,,
BOL,Bolivia,1987,514.8957,,,,,,,,,,516,,,,,,.9978599,Mitchell,,
BOL,Bolivia,1988,696.5062,,,,,,,,,,698,,,,,,.9978599,Mitchell,,
BOL,Bolivia,1989,713.4698,,,,,,,,,,715,,,,,,.9978599,Mitchell,,
BOL,Bolivia,1990,994.8663,,,,,,,829.9,,,997,,,,,,.9978599,Mitchell,,
BOL,Bolivia,1991,1443.903,,,,,,,1038.6,,,1447,,,,,,.9978599,Mitchell,,
BOL,Bolivia,1992,1918.885,,,,,,,1236.4,,,1923,,,,,,.9978599,Mitchell,,
BOL,Bolivia,1993,2493.652,,,,,,,1416.6,,,2499,,,,,,.9978599,Mitchell,,
BOL,Bolivia,1994,3225.083,,,,,,,1890.2,,,3232,,,,,,.9978599,Mitchell,,
BOL,Bolivia,1995,3904.626,,,,,,,2333.3,,,3913,,,,,,.9978599,Mitchell,,
BOL,Bolivia,1996,3048.462,,,,,,,2580.3,,,3055,,,,,,.9978599,Mitchell,,
BOL,Bolivia,1997,3628.219,,,,,,,3061.4,,,3636,,,,,,.9978599,Mitchell,,
BOL,Bolivia,1998,3886.664,,,,,,,3275.6,,,3895,,,,,,.9978599,Mitchell,,
BOL,Bolivia,1999,3662.146,,,,,,,3152.8,,,3670,,,,,,.9978599,Mitchell,,
BOL,Bolivia,2000,3986.45,,,,,,,3287.1,,,3995,,,,,,.9978599,Mitchell,,
BOL,Bolivia,2001,4732.85,,,,,,,3708.6,,,4743,,,,,,.9978599,Mitchell,,
BOL,Bolivia,2002,4714.888,,,,,,,3908.2,,,4725,,,,,,.9978599,Mitchell,,
BOL,Bolivia,2003,5623.938,,,,,,,4531.7,,,5636,,,,,,.9978599,Mitchell,,
BOL,Bolivia,2004,6671.691,,,,,,,5257.8,,,6686,,,,,,.9978599,Mitchell,,
BOL,Bolivia,2005,10543.39,,,,,,,7390,,,10566,,,,,,.9978599,Mitchell,,
BOL,Bolivia,2006,10728.93,,,,,,,10562.8,,,10751.938,,,,,,.9978599,Mitchell,,
BOL,Bolivia,2007,17061.02,,,,,,,16704.7,,,17097.609,,,,,,.9978599,Mitchell,,
BOL,Bolivia,2008,21672.13,,,,,,,20587.9,,,21718.612,,,,,,.9978599,Mitchell,,
BOL,Bolivia,2009,24864.95,,,,,,,24554.7,,,24918.277,,,,,,.9978599,Mitchell,,
BOL,Bolivia,2010,31821.7,,,,,,,31821.7,,,31889.948,,,,,,.9978599,Mitchell,1,1
BOL,Bolivia,2011,37089.4,,,,,,,37089.4,,,,,,,,,1,ECLAC,,
BOL,Bolivia,2012,44296.8,,,,,,,44296.8,,,,,,,,,1,ECLAC,,
BOL,Bolivia,2013,50526.1,,,,,,,50526.1,,,,,,,,,1,ECLAC,,
BOL,Bolivia,2014,57946.3,,,,,,,57946.3,,,,,,,,,1,ECLAC,,
BOL,Bolivia,2015,61814.8,,,,,,,61814.8,,,,,,,,,1,ECLAC,,
BOL,Bolivia,2016,62811.6,,,,,,,62811.6,,,,,,,,,1,ECLAC,,
BOL,Bolivia,2017,66444.4,,,,,,,66444.4,,,,,,,,,1,ECLAC,,
BOL,Bolivia,2018,68426,,,,,,,68426,,,,,,,,,1,ECLAC,,
BOL,Bolivia,2019,65773.3,,,,,,,65773.3,,,,,,,,,1,ECLAC,,
BOL,Bolivia,2020,74109.8,,,,,,,74109.8,,,,,,,,,1,ECLAC,,
BOL,Bolivia,2021,77848.2,,,,,,,77848.2,,,,,,,,,1,ECLAC,,
BRA,Brazil,1853,9.52e-18,,,,,,,,6.387e-21,,,,,,,,1490.76,HFS,,
BRA,Brazil,1854,1.01e-17,,,,,,,,6.744e-21,,,,,,,,1490.76,HFS,,
BRA,Brazil,1855,1.24e-17,,,,,,,,8.344e-21,,,,,,,,1490.76,HFS,,
BRA,Brazil,1856,1.42e-17,,,,,,,,9.521e-21,,,,,,,,1490.76,HFS,,
BRA,Brazil,1857,1.63e-17,,,,,,,,1.092e-20,,,,,,,,1490.76,HFS,,
BRA,Brazil,1858,1.88e-17,,,,,,,,1.260e-20,,,,,,,,1490.76,HFS,,
BRA,Brazil,1859,1.91e-17,,,,,,,,1.279e-20,,,,,,,,1490.76,HFS,,
BRA,Brazil,1860,1.91e-17,,,,,,,,1.281e-20,,,,,,,,1490.76,HFS,,
BRA,Brazil,1861,1.79e-17,,,,,,,,1.199e-20,,,,,,,,1490.76,HFS,,
BRA,Brazil,1862,1.62e-17,,,,,,,,1.084e-20,,,,,,,,1490.76,HFS,,
BRA,Brazil,1863,1.74e-17,,,,,,,,1.166e-20,,,,,,,,1490.76,HFS,,
BRA,Brazil,1864,1.84e-17,,,,,,,,1.236e-20,,,,,,,,1490.76,HFS,,
BRA,Brazil,1865,2.18e-17,,,,,,,,1.465e-20,,,,,,,,1490.76,HFS,,
BRA,Brazil,1866,2.53e-17,,,,,,,,1.694e-20,,,,,,,,1490.76,HFS,,
BRA,Brazil,1867,2.68e-17,,,,,,,,1.800e-20,,,,,,,,1490.76,HFS,,
BRA,Brazil,1868,2.95e-17,,,,,,,,1.980e-20,,,,,,,,1490.76,HFS,,
BRA,Brazil,1869,3.59e-17,,,,,,,,2.411e-20,,,,,,,,1490.76,HFS,,
BRA,Brazil,1870,4.30e-17,,,,,,,,2.884e-20,,,,,,,,1490.76,HFS,,
BRA,Brazil,1871,4.33e-17,,,,,,,,2.902e-20,,,,,,,,1490.76,HFS,,
BRA,Brazil,1872,4.50e-17,,,,,,,,3.019e-20,,,,,,,,1490.76,HFS,,
BRA,Brazil,1873,4.46e-17,,,,,,,,2.988e-20,,,,,,,,1490.76,HFS,,
BRA,Brazil,1874,4.43e-17,,,,,,,,2.974e-20,,,,,,,,1490.76,HFS,,
BRA,Brazil,1875,4.37e-17,,,,,,,,2.929e-20,,,,,,,,1490.76,HFS,,
BRA,Brazil,1876,4.08e-17,,,,,,,,2.740e-20,,,,,,,,1490.76,HFS,,
BRA,Brazil,1877,4.24e-17,,,,,,,,2.844e-20,,,,,,,,1490.76,HFS,,
BRA,Brazil,1878,4.38e-17,,,,,,,,2.940e-20,,,,,,,,1490.76,HFS,,
BRA,Brazil,1879,4.91e-17,,,,,,,,3.295e-20,,,,,,,,1490.76,HFS,,
BRA,Brazil,1880,5.21e-17,,,,,,,,3.492e-20,,,,,,,,1490.76,HFS,,
BRA,Brazil,1881,5.13e-17,,,,,,,,3.443e-20,,,,,,,,1490.76,HFS,,
BRA,Brazil,1882,5.10e-17,,,,,,,,3.423e-20,,,,,,,,1490.76,HFS,,
BRA,Brazil,1883,5.01e-17,,,,,,,,3.361e-20,,,,,,,,1490.76,HFS,,
BRA,Brazil,1884,4.84e-17,,,,,,,,3.248e-20,,,,,,,,1490.76,HFS,,
BRA,Brazil,1885,5.07e-17,,,,,,,,3.401e-20,,,,,,,,1490.76,HFS,,
BRA,Brazil,1886,5.17e-17,,,,,,,,3.470e-20,,,,,,,,1490.76,HFS,,
BRA,Brazil,1887,4.85e-17,,,,,,,,3.253e-20,,,,,,,,1490.76,HFS,,
BRA,Brazil,1888,4.87e-17,,,,,,,,3.270e-20,,,,,,,,1490.76,HFS,,
BRA,Brazil,1889,4.99e-17,,,,,,,,3.348e-20,,,,,,,,1490.76,HFS,1,3
BRA,Brazil,1890,5.33e-17,,,,,,1.60e-13,,3.576e-20,,,,,,,,.0003338,BORDO,,
BRA,Brazil,1891,7.27e-17,,,,,,2.18e-13,,7.123e-20,,,,,,,,.0003338,BORDO,,
BRA,Brazil,1892,7.03e-17,,,,,,2.11e-13,,1.073e-19,,,,,,,,.0003338,BORDO,,
BRA,Brazil,1893,8.58e-17,,,,,,2.57e-13,,9.522e-20,,,,,,,,.0003338,BORDO,,
BRA,Brazil,1894,8.25e-17,,,,,,2.47e-13,,9.698e-20,,,,,,,,.0003338,BORDO,,
BRA,Brazil,1895,9.55e-17,,,,,,2.86e-13,,1.038e-19,,,,,,,,.0003338,BORDO,,
BRA,Brazil,1896,8.72e-17,,,,,,2.61e-13,,1.060e-19,,,,,,,,.0003338,BORDO,,
BRA,Brazil,1897,9.55e-17,,,,,,2.86e-13,,1.085e-19,,,,,,,,.0003338,BORDO,,
BRA,Brazil,1898,1.02e-16,,,,,,3.05e-13,,1.170e-19,,,,,,,,.0003338,BORDO,,
BRA,Brazil,1899,1.09e-16,,,,,,3.26e-13,,1.207e-19,,,,,,,,.0003338,BORDO,,
BRA,Brazil,1900,9.01e-17,,,,,,2.70e-13,,1.150e-19,,,,,,,,.0003338,BORDO,,
BRA,Brazil,1901,1.29e-16,,,,,,3.85e-13,,9.702e-20,,,,,,,,.0003338,BORDO,,
BRA,Brazil,1902,8.81e-17,,,,,,2.64e-13,,9.238e-20,,,,,,,,.0003338,BORDO,,
BRA,Brazil,1903,8.29e-17,,,,,,2.48e-13,,9.084e-20,,,,,,,,.0003338,BORDO,,
BRA,Brazil,1904,9.22e-17,,,,,,2.76e-13,,9.010e-20,,,,,,,,.0003338,BORDO,,
BRA,Brazil,1905,1.13e-16,,,,,,3.39e-13,,9.887e-20,,,,,,,,.0003338,BORDO,,
BRA,Brazil,1906,9.50e-17,,,,,,2.85e-13,,9.476e-20,,,,,,,,.0003338,BORDO,,
BRA,Brazil,1907,1.01e-16,,,,,,3.03e-13,,1.020e-19,,,,,,,,.0003338,BORDO,,
BRA,Brazil,1908,1.03e-16,,,,,,3.07e-13,,1.169e-19,,,,,,,,.0003338,BORDO,,
BRA,Brazil,1909,1.19e-16,,,,,,3.55e-13,,1.121e-19,,,,,,,,.0003338,BORDO,,
BRA,Brazil,1910,1.45e-16,,,,,,4.35e-13,,1.291e-19,,,,,,,,.0003338,BORDO,,
BRA,Brazil,1911,1.53e-16,,,,,,4.57e-13,,1.480e-19,,,,,,,,.0003338,BORDO,,
BRA,Brazil,1912,1.57e-16,,,,,,4.72e-13,,1.674e-19,,,,,,,,.0003338,BORDO,,
BRA,Brazil,1913,1.40e-16,,,,,,4.20e-13,,1.710e-19,,,,,,,,.0003338,BORDO,,
BRA,Brazil,1914,1.19e-16,,,,,,3.57e-13,,1.531e-19,,,,,,,,.0003338,BORDO,,
BRA,Brazil,1915,1.17e-16,,,,,,3.50e-13,,1.398e-19,,,,,,,,.0003338,BORDO,,
BRA,Brazil,1916,1.69e-16,,,,,,5.07e-13,,1.554e-19,,,,,,,,.0003338,BORDO,,
BRA,Brazil,1917,2.21e-16,,,,,,6.63e-13,,1.920e-19,,,,,,,,.0003338,BORDO,,
BRA,Brazil,1918,2.77e-16,,,,,,8.29e-13,,2.264e-19,,,,,,,,.0003338,BORDO,,
BRA,Brazil,1919,2.96e-16,,,,,,8.86e-13,,2.970e-19,,,,,,,,.0003338,BORDO,,
BRA,Brazil,1920,1.72e-16,,,,,,5.15e-13,,3.140e-19,,,,,,,,.0003338,BORDO,,
BRA,Brazil,1921,3.43e-16,,,,,,1.03e-12,,3.109e-19,,,,,,,,.0003338,BORDO,,
BRA,Brazil,1922,4.78e-16,,,,,,1.43e-12,,4.380e-19,,,,,,,,.0003338,BORDO,,
BRA,Brazil,1923,4.32e-16,,,,,,1.30e-12,,5.388e-19,,,,,,,,.0003338,BORDO,,
BRA,Brazil,1924,6.48e-16,,,,,,1.94e-12,,6.034e-19,,,,,,,,.0003338,BORDO,,
BRA,Brazil,1925,6.04e-16,,,,,,1.81e-12,,6.618e-19,,,,,,,,.0003338,BORDO,,
BRA,Brazil,1926,6.41e-16,,,,,,1.92e-12,,5.838e-19,,,,,,,,.0003338,BORDO,,
BRA,Brazil,1927,5.21e-16,,,,,,1.56e-12,,5.965e-19,,,,,,,,.0003338,BORDO,,
BRA,Brazil,1928,7.25e-16,,,,,,2.17e-12,,6.861e-19,,,,,,,,.0003338,BORDO,,
BRA,Brazil,1929,6.76e-16,,,,,,2.03e-12,,7.818e-19,,,,,,,,.0003338,BORDO,,
BRA,Brazil,1930,5.35e-16,,,,,,1.60e-12,,7.373e-19,,,,,,,,.0003338,BORDO,,
BRA,Brazil,1931,4.74e-16,,,,,,1.42e-12,,6.290e-19,,,,,,,,.0003338,BORDO,,
BRA,Brazil,1932,7.15e-16,,,,,,2.14e-12,,7.300e-19,,,,,,,,.0003338,BORDO,,
BRA,Brazil,1933,8.63e-16,,,,,,2.59e-12,,8.567e-19,,,,,,,,.0003338,BORDO,,
BRA,Brazil,1934,9.40e-16,,,,,,2.82e-12,,8.471e-19,,,,,,,,.0003338,BORDO,,
BRA,Brazil,1935,9.26e-16,,,,,,2.77e-12,,9.562e-19,,,,,,,,.0003338,BORDO,,
BRA,Brazil,1936,1.05e-15,,,,,,3.14e-12,,1.006e-18,,,,,,,,.0003338,BORDO,,
BRA,Brazil,1937,1.15e-15,,,,,,3.45e-12,,1.120e-18,,,,,,,,.0003338,BORDO,,
BRA,Brazil,1938,9.02e-16,,,,,,2.70e-12,,1.244e-18,,,,,,,,.0003338,BORDO,,
BRA,Brazil,1939,1.22e-15,,,,,,3.66e-12,,1.512e-18,,,,,,,,.0003338,BORDO,,
BRA,Brazil,1940,1.31e-15,,,,,,3.93e-12,,1.448e-18,,,,,,,,.0003338,BORDO,,
BRA,Brazil,1941,1.73e-15,,,,,,5.19e-12,,1.474e-18,,,,,,,,.0003338,BORDO,,
BRA,Brazil,1942,2.14e-15,,,,,,6.40e-12,,1.876e-18,,,,,,,,.0003338,BORDO,,
BRA,Brazil,1943,3.26e-15,,,,,,9.77e-12,,2.316e-18,,,,,,,,.0003338,BORDO,,
BRA,Brazil,1944,4.08e-15,,,,,,1.22e-11,,3.554e-18,,,,,,,,.0003338,BORDO,,
BRA,Brazil,1945,4.88e-15,,,,,,1.46e-11,,4.449e-18,,,,,,,,.0003338,BORDO,,
BRA,Brazil,1946,5.38e-15,,,,,,1.61e-11,,5.292e-18,,,,,,,,.0003338,BORDO,,
BRA,Brazil,1947,5.45e-15,,,,,,1.63e-11,,5.831e-18,,,,,,,,.0003338,BORDO,1,3
BRA,Brazil,1948,5.66e-15,,,,,,1.70e-11,,5.726e-18,,6.347e-15,,,,,,.8916468,Mitchell,,
BRA,Brazil,1949,6.72e-15,,,,,,1.97e-11,,,,7.537e-15,,,,,,.8916468,Mitchell,,
BRA,Brazil,1950,8.96e-15,,,,,,2.65e-11,,,,1.005e-14,,,,,,.8916468,Mitchell,,
BRA,Brazil,1951,1.04e-14,,,,,,3.05e-11,,,,1.164e-14,,,,,,.8916468,Mitchell,,
BRA,Brazil,1952,1.19e-14,,,,,,3.51e-11,,,,1.336e-14,,,,,,.8916468,Mitchell,,
BRA,Brazil,1953,1.45e-14,,,,,,4.22e-11,,,,1.626e-14,,,,,,.8916468,Mitchell,,
BRA,Brazil,1954,1.77e-14,,,,,,3.77e-11,,,,1.983e-14,,,,,,.8916468,Mitchell,,
BRA,Brazil,1955,2.10e-14,,,,,,4.57e-11,,,,2.354e-14,,,,,,.8916468,Mitchell,,
BRA,Brazil,1956,2.58e-14,,,,,,4.30e-11,,,,2.896e-14,,,,,,.8916468,Mitchell,,
BRA,Brazil,1957,3.42e-14,,,,,,9.72e-11,,,,3.835e-14,,,,,,.8916468,Mitchell,,
BRA,Brazil,1958,4.17e-14,,,,,,9.25e-11,,,,4.681e-14,,,,,,.8916468,Mitchell,,
BRA,Brazil,1959,5.90e-14,,,,,,1.09e-10,,,,6.612e-14,,,,,,.8916468,Mitchell,,
BRA,Brazil,1960,8.15e-14,,,,,,2.04e-10,,,,9.137e-14,,,,,,.8916468,Mitchell,,
BRA,Brazil,1961,1.23e-13,,,,,,2.43e-10,,,,1.379e-13,,,,,,.8916468,Mitchell,,
BRA,Brazil,1962,1.99e-13,,,,,,3.12e-10,,,,2.233e-13,,,,,,.8916468,Mitchell,,
BRA,Brazil,1963,3.27e-13,,,,,,6.58e-10,,,,3.672e-13,,,,,,.8916468,Mitchell,,
BRA,Brazil,1964,6.04e-13,,,,,,8.14e-10,,,,6.778e-13,,,,,,.8916468,Mitchell,,
BRA,Brazil,1965,1.07e-12,,,,,,2.10e-09,,,,1.197e-12,,,,,,.8916468,Mitchell,,
BRA,Brazil,1966,1.24e-12,,,,,,3.10e-09,,,,1.388e-12,,,,,,.8916468,Mitchell,,
BRA,Brazil,1967,1.76e-12,,,,,,4.40e-09,,,,1.970e-12,,,,,,.8916468,Mitchell,,
BRA,Brazil,1968,2.51e-12,,,,,,5.75e-09,,,,2.817e-12,,,,,,.8916468,Mitchell,,
BRA,Brazil,1969,3.23e-12,,,,,,8.10e-09,,,,3.623e-12,,,,,,.8916468,Mitchell,,
BRA,Brazil,1970,4.09e-12,,,,,,1.09e-08,,,,4.588e-12,,,,,,.8916468,Mitchell,,
BRA,Brazil,1971,4.95e-12,,,,,,1.41e-08,,,,5.554e-12,,,,,,.8916468,Mitchell,,
BRA,Brazil,1972,6.96e-12,,,,,,1.99e-08,,,,7.802e-12,,,,,,.8916468,Mitchell,,
BRA,Brazil,1973,1.03e-11,,,,,,3.19e-08,,,,1.150e-11,,,,,,.8916468,Mitchell,,
BRA,Brazil,1974,1.38e-11,,,,,,3.96e-08,,,,1.547e-11,,,,,,.8916468,Mitchell,,
BRA,Brazil,1975,1.99e-11,,,,,,5.24e-08,,,,2.235e-11,,,,,,.8916468,Mitchell,,
BRA,Brazil,1976,2.72e-11,,,,,,6.55e-08,,,,3.055e-11,,,,,,.8916468,Mitchell,,
BRA,Brazil,1977,3.76e-11,,,,,,8.92e-08,,,,4.218e-11,,,,,,.8916468,Mitchell,,
BRA,Brazil,1978,5.12e-11,,,,,,1.32e-07,,,,5.739e-11,,,,,,.8916468,Mitchell,,
BRA,Brazil,1979,8.95e-11,,,,,,1.96e-07,,,,1.004e-10,,,,,,.8916468,Mitchell,,
BRA,Brazil,1980,1.52e-10,,,,,,2.54e-07,,,,1.703e-10,,,,,,.8916468,Mitchell,,
BRA,Brazil,1981,2.77e-10,,,,,,5.27e-07,,,,3.110e-10,,,,,,.8916468,Mitchell,,
BRA,Brazil,1982,4.67e-10,,,,,,7.96e-07,,,,5.242e-10,,,,,,.8916468,Mitchell,,
BRA,Brazil,1983,9.47e-10,,,,,,9.31e-07,,,,1.063e-09,,,,,,.8916468,Mitchell,,
BRA,Brazil,1984,2.88e-09,,,,,,2.82e-06,,,,3.226e-09,,,,,,.8916468,Mitchell,,
BRA,Brazil,1985,1.25e-08,,,,,,.0000115,,,,1.402e-08,,,,,,.8916468,Mitchell,,
BRA,Brazil,1986,5.38e-08,,,,,,.0000754,,,,6.036e-08,,,,,,.8916468,Mitchell,,
BRA,Brazil,1987,1.70e-07,,,,,,.0001824,,,,1.905e-07,,,,,,.8916468,Mitchell,,
BRA,Brazil,1988,8.50e-07,,,,,,.0003928,,,,9.538e-07,,,,,,.8916468,Mitchell,,
BRA,Brazil,1989,.0000122,,,,,,.0034902,,,,.00001371,,,,,,.8916468,Mitchell,,
BRA,Brazil,1990,.2973237,,,,,,.0380125,,,,.33345455,,,,,,.8916468,Mitchell,,
BRA,Brazil,1991,1.574486,,,,,,.8157626,,,,1.7658182,,,,,,.8916468,Mitchell,,
BRA,Brazil,1992,17.03499,,,,,,4.733603,,,,19.105091,,,,,,.8916468,Mitchell,,
BRA,Brazil,1993,.3608738,,,,,,52.5385,,,,.40472727,,,,,,.8916468,Mitchell,1,3
BRA,Brazil,1994,22772.66,,,,,,1112.67,,,,25540,,22772.66,,,,1,OECD_MEI,,
BRA,Brazil,1995,28492.9,,,,,,25540,,,,32094,,28492.9,,,,1,OECD_MEI,,
BRA,Brazil,1996,29807.48,,,,,,32094,,,,41683,,29807.48,,,,1,OECD_MEI,,
BRA,Brazil,1997,47362.72,,,,,,41683,,,,50999,,47362.72,,,,1,OECD_MEI,,
BRA,Brazil,1998,50707.27,,,,,,,,,,54824,,50707.27,,,,1,OECD_MEI,,
BRA,Brazil,1999,62744.44,,,,,,,,,,62294,,62744.44,,,,1,OECD_MEI,,
BRA,Brazil,2000,74352.47,,,,,,,,,,74078,,74352.47,,,,1,OECD_MEI,,
BRA,Brazil,2001,85319.76,,,,,,,85319.8,,,83060,,85319.76,,,,1,OECD_MEI,,
BRA,Brazil,2002,110334.2,,,,,,,110334.2,,,107209,,110334.2,,,,1,OECD_MEI,,
BRA,Brazil,2003,112765.9,,,,,,,112765.9,,,111542,,112765.9,,,,1,OECD_MEI,,
BRA,Brazil,2004,129659.7,,,,,,,129659.7,,,131152,,129659.7,,,,1,OECD_MEI,,
BRA,Brazil,2005,146745.1,,,,,,,146745.1,,,144677,,146745.1,,,,1,OECD_MEI,,
BRA,Brazil,2006,176889.6,,,,,,,176889.6,,,174345.3,,176889.6,,,,1,OECD_MEI,,
BRA,Brazil,2007,235075.1,,,,,,,235075.1,,,231429.8,,235075.1,,,,1,OECD_MEI,,
BRA,Brazil,2008,227166.8,,,,,,,227166.8,,,223439.94,,227166.8,,,,1,OECD_MEI,,
BRA,Brazil,2009,254714.1,,,,,,,254714.1,,,248096.57,,254714.1,,,,1,OECD_MEI,,
BRA,Brazil,2010,287739.2,,,,,,,287739.2,,,281875.9,,287739.2,,,,1,OECD_MEI,,
BRA,Brazil,2011,292168.4,,,,,,,292168.4,,,,,292168.4,,,,1,OECD_MEI,,
BRA,Brazil,2012,333485.6,,,,,,,333485.6,,,,,333485.6,,,,1,OECD_MEI,,
BRA,Brazil,2013,354650.9,,,,,,,354650.9,,,,,354650.9,,,,1,OECD_MEI,,
BRA,Brazil,2014,363361.5,,,,,,,363361.5,,,,,363361.5,,,,1,OECD_MEI,,
BRA,Brazil,2015,347220.6,,,,,,,347220.6,,,,,347220.6,,,,1,OECD_MEI,,
BRA,Brazil,2016,363028.5,,,,,,,363028.5,,,,,363028.5,,,,1,OECD_MEI,,
BRA,Brazil,2017,383839.6,,,,,,,383839.6,,,,,383839.6,,,,1,OECD_MEI,,
BRA,Brazil,2018,410226.3,,,,,,,410226.2,,,,,410226.3,,,,1,OECD_MEI,,
BRA,Brazil,2019,447721.8,,,,,,,447721.8,,,,,447721.8,,,,1,OECD_MEI,,
BRA,Brazil,2020,641107.6,,,,,,,641107.5,,,,,641107.6,,,,1,OECD_MEI,,
BRA,Brazil,2021,653420.2,,,,,,,653420.2,,,,,653420.2,,,,1,OECD_MEI,,
BRA,Brazil,2022,645798.4,,,,,,,646669,,,,,645798.4,,,,1,OECD_MEI,,
BRA,Brazil,2023,644359.3,,,,,,,,,,,,644359.3,,,,1,OECD_MEI,,
BRA,Brazil,2024,677275.5,,,,,,,,,,,,677275.5,,,,1,OECD_MEI,,
BRB,Barbados,2012,7168,,,,,,,7168,,,,,,,,,1,ECLAC,,
BRB,Barbados,2013,7615,,,,,,,7615,,,,,,,,,1,ECLAC,,
BRB,Barbados,2014,8302,,,,,,,8302,,,,,,,,,1,ECLAC,,
BRB,Barbados,2015,8871,,,,,,,8871,,,,,,,,,1,ECLAC,,
BRB,Barbados,2016,9420,,,,,,,9420,,,,,,,,,1,ECLAC,,
BRB,Barbados,2017,9538,,,,,,,9538,,,,,,,,,1,ECLAC,,
BRB,Barbados,2018,9552,,,,,,,9552,,,,,,,,,1,ECLAC,,
BRB,Barbados,2019,9901.7,,,,,,,9901.7,,,,,,,,,1,ECLAC,,
BRB,Barbados,2020,10823,,,,,,,10823,,,,,,,,,1,ECLAC,,
BRB,Barbados,2021,11533.4,,,,,,,11533.4,,,,,,,,,1,ECLAC,,
BRB,Barbados,2022,12291.8,,,,,,,12291.8,,,,,,,,,1,ECLAC,,
BRN,Brunei,2001,2863.893,2863.8928,,,,,,,,,,,,,,,1,ADB,,
BRN,Brunei,2002,3145.223,3145.2234,,,,,,,,,,,,,,,1,ADB,,
BRN,Brunei,2003,3249.37,3249.3702,,,,,,,,,,,,,,,1,ADB,,
BRN,Brunei,2004,3530.842,3530.8421,,,,,,,,,,,,,,,1,ADB,,
BRN,Brunei,2005,3575.582,3575.582,,,,,,,,,,,,,,,1,ADB,,
BRN,Brunei,2006,3962.567,3962.5667,,,,,,,,,,,,,,,1,ADB,,
BRN,Brunei,2007,3851.246,3851.2461,,,,,,,,,,,,,,,1,ADB,,
BRN,Brunei,2008,4386.118,4386.1182,,,,,,,,,,,,,,,1,ADB,,
BRN,Brunei,2009,5390.536,5390.5356,,,,,,,,,,,,,,,1,ADB,,
BRN,Brunei,2010,3817.082,3817.0818,,,,,,,,,,,,,,,1,ADB,,
BRN,Brunei,2011,4233.489,4233.4887,,,,,,,,,,,,,,,1,ADB,,
BRN,Brunei,2012,4293.382,4293.3818,,,,,,,,,,,,,,,1,ADB,,
BRN,Brunei,2013,4464.58,4464.5799,,,,,,,,,,,,,,,1,ADB,,
BRN,Brunei,2014,4396.121,4396.1205,,,,,,,,,,,,,,,1,ADB,,
BRN,Brunei,2015,4679.551,4679.5508,,,,,,,,,,,,,,,1,ADB,,
BRN,Brunei,2016,4674.864,4674.8641,,,,,,,,,,,,,,,1,ADB,,
BRN,Brunei,2017,4407.738,4407.738,,,,,,,,,,,,,,,1,ADB,,
BRN,Brunei,2018,4273.895,4273.8946,,,,,,,,,,,,,,,1,ADB,,
BRN,Brunei,2019,4557.792,4557.7917,,,,,,,,,,,,,,,1,ADB,,
BTN,Bhutan,2000,4039,4039,,,,,,,,,,,,,,,1,ADB,,
BTN,Bhutan,2001,4934.5,4934.5,,,,,,,,,,,,,,,1,ADB,,
BTN,Bhutan,2002,7143.4,7143.4,,,,,,,,,,,,,,,1,ADB,,
BTN,Bhutan,2003,7739.808,7739.8079,,,,,,,,,,,,,,,1,ADB,,
BTN,Bhutan,2004,8892.9,8892.9008,,,,,,,,,,,,,,,1,ADB,,
BTN,Bhutan,2005,10235,10235.004,,,,,,,,,,,,,,,1,ADB,,
BTN,Bhutan,2006,12553.44,12553.438,,,,,,,,,,,,,,,1,ADB,,
BTN,Bhutan,2007,17491.81,17491.806,,,,,,,,,,,,,,,1,ADB,,
BTN,Bhutan,2008,16236.47,16236.472,,,,,,,,,,,,,,,1,ADB,,
BTN,Bhutan,2009,22622.78,22622.781,,,,,,,,,,,,,,,1,ADB,,
BTN,Bhutan,2010,29042.95,29042.947,,,,,,,,,,,,,,,1,ADB,,
BTN,Bhutan,2011,33199.59,33199.584,,,,,,,,,,,,,,,1,ADB,,
BTN,Bhutan,2012,33380.05,33380.053,,,,,,,,,,,,,,,1,ADB,,
BTN,Bhutan,2013,34077.92,34077.918,,,,,,,,,,,,,,,1,ADB,,
BTN,Bhutan,2014,43296.2,43296.198,,,,,,,,,,,,,,,1,ADB,,
BTN,Bhutan,2015,44428.81,44428.807,,,,,,,,,,,,,,,1,ADB,,
BTN,Bhutan,2016,52057.52,52057.523,,,,,,,,,,,,,,,1,ADB,,
BTN,Bhutan,2017,63478.17,63478.168,,,,,,,,,,,,,,,1,ADB,,
BTN,Bhutan,2018,68307.23,68307.228,,,,,,,,,,,,,,,1,ADB,,
BTN,Bhutan,2019,71825.72,71825.718,,,,,,,,,,,,,,,1,ADB,,
BWA,Botswana,1980,90.586,,90.586,,,,,,,,,,,,,,1,AFDB,,
BWA,Botswana,1981,114.756,,114.756,,,,,,,,,,,,,,1,AFDB,,
BWA,Botswana,1982,127.4,,127.4,,,,,,,,,,,,,,1,AFDB,,
BWA,Botswana,1983,137.33,,137.33,,,,,,,,,,,,,,1,AFDB,,
BWA,Botswana,1984,150.61,,150.61,,,,,,,,,,,,,,1,AFDB,,
BWA,Botswana,1985,188.24,,188.24,,,,,,,,,,,,,,1,AFDB,,
BWA,Botswana,1986,243.45,,243.45,,,,,,,,,,,,,,1,AFDB,,
BWA,Botswana,1987,312.12,,312.12,,,,,,,,,,,,,,1,AFDB,,
BWA,Botswana,1988,406.47,,406.47,,,,,,,,,,,,,,1,AFDB,,
BWA,Botswana,1989,506.49,,506.49,,,,,,,,,,,,,,1,AFDB,,
BWA,Botswana,1990,586.06,,586.06,,,,,,,,,,,,,,1,AFDB,,
BWA,Botswana,1991,613.61,,613.61,,,,,,,,,,,,,,1,AFDB,,
BWA,Botswana,1992,606.99,,606.99,,,,,,,,,,,,,,1,AFDB,,
BWA,Botswana,1993,696.31,,696.31,,,,,,,,,,,,,,1,AFDB,,
BWA,Botswana,1994,773.74,,773.74,,,,,,,,,,,,,,1,AFDB,,
BWA,Botswana,1995,829.25,,829.25,,,,,,,,,,,,,,1,AFDB,,
BWA,Botswana,1996,950.87,,950.87,,,,,,,,,,,,,,1,AFDB,,
BWA,Botswana,1997,1037.81,,1037.81,,,,,,,,,,,,,,1,AFDB,,
BWA,Botswana,1998,1512.96,,1512.96,,,,,,,,,,,,,,1,AFDB,,
BWA,Botswana,1999,1774.58,,1774.58,,,,,,,,,,,,,,1,AFDB,,
BWA,Botswana,2000,9703.95,,9703.95,,,,,,,,,,,,,,1,AFDB,,
BWA,Botswana,2001,12633.72,,12633.717,,,,,,,,,,,,,,1,AFDB,,
BWA,Botswana,2002,15572.74,,15572.738,,,,,,,,,,,,,,1,AFDB,,
BWA,Botswana,2003,17801.91,,17801.914,,,,,,,,,,,,,,1,AFDB,,
BWA,Botswana,2004,19708.45,,19708.452,,,,,,,,,,,,,,1,AFDB,,
BWA,Botswana,2005,22547.03,,22547.034,,,,,,,,,,,,,,1,AFDB,,
BWA,Botswana,2006,24567.68,,24567.678,,,,,,,,,,,,,,1,AFDB,,
BWA,Botswana,2007,32225.69,,32225.693,,,,,,,,,,,,,,1,AFDB,,
BWA,Botswana,2008,39227.77,,39227.768,,,,,,,,,,,,,,1,AFDB,,
BWA,Botswana,2009,38716.77,,38716.774,,,,,,,,,,,,,,1,AFDB,,
BWA,Botswana,2010,43534.38,,43534.378,,,,,,,,,,,,,,1,AFDB,,
BWA,Botswana,2011,45421.77,,45421.772,,,,,,,,,,,,,,1,AFDB,,
BWA,Botswana,2012,53432.67,,53432.671,,,,,,,,,,,,,,1,AFDB,,
BWA,Botswana,2013,57947.82,,57947.821,,,,,,,,,,,,,,1,AFDB,,
BWA,Botswana,2014,64500.9,,64500.897,,,,,,,,,,,,,,1,AFDB,,
BWA,Botswana,2015,71692.4,,71692.401,,,,,,,,,,,,,,1,AFDB,,
BWA,Botswana,2016,76191.23,,76191.231,,,,,,,,,,,,,,1,AFDB,,
BWA,Botswana,2017,83391.25,,83391.246,,,,,,,,,,,,,,1,AFDB,,
BWA,Botswana,2018,92539.95,,92539.949,,,,,,,,,,,,,,1,AFDB,,
CAF,Central African Republic,1960,2671.999,,,,,,,,,,2790,,,,,,.9577056,Mitchell,,
CAF,Central African Republic,1961,2796.5,,,,,,,,,,2920,,,,,,.9577056,Mitchell,,
CAF,Central African Republic,1962,3304.084,,,,,,,,,,3450,,,,,,.9577056,Mitchell,,
CAF,Central African Republic,1963,3869.13,,,,,,,,,,4040,,,,,,.9577056,Mitchell,,
CAF,Central African Republic,1964,3964.901,,,,,,,,,,4140,,,,,,.9577056,Mitchell,,
CAF,Central African Republic,1965,5209.918,,,,,,,,,,5440,,,,,,.9577056,Mitchell,,
CAF,Central African Republic,1966,5142.879,,,,,,,,,,5370,,,,,,.9577056,Mitchell,,
CAF,Central African Republic,1967,5621.731,,,,,,,,,,5870,,,,,,.9577056,Mitchell,,
CAF,Central African Republic,1968,6895.48,,,,,,,,,,7200,,,,,,.9577056,Mitchell,,
CAF,Central African Republic,1969,6416.627,,,,,,,,,,6700,,,,,,.9577056,Mitchell,,
CAF,Central African Republic,1970,7230.677,,,,,,,,,,7550,,,,,,.9577056,Mitchell,,
CAF,Central African Republic,1971,7230.677,,,,,,,,,,7550,,,,,,.9577056,Mitchell,,
CAF,Central African Republic,1972,8542.733,,,,,,,,,,8920,,,,,,.9577056,Mitchell,,
CAF,Central African Republic,1973,8820.468,,,,,,,,,,9210,,,,,,.9577056,Mitchell,,
CAF,Central African Republic,1974,11971.32,,,,,,,,,,12500,,,,,,.9577056,Mitchell,,
CAF,Central African Republic,1975,11779.78,,,,,,,,,,12300,,,,,,.9577056,Mitchell,,
CAF,Central African Republic,1976,16376.76,,,,,,,,,,17100,,,,,,.9577056,Mitchell,,
CAF,Central African Republic,1977,17430.24,,,,,,,,,,18200,,,,,,.9577056,Mitchell,,
CAF,Central African Republic,1978,19632.96,,,,,,,,,,20500,,,,,,.9577056,Mitchell,,
CAF,Central African Republic,1979,24996.12,,,,,,,,,,26100,,,,,,.9577056,Mitchell,1,4
CAF,Central African Republic,1980,33136.61,,34628,,,,,,,,34600,,,,,,.9569312,AFDB,,
CAF,Central African Republic,1981,40533.69,,42358,,,,,,,,42300,,,,,,.9569312,AFDB,,
CAF,Central African Republic,1982,38974.85,,40729,,,,,,,,40600,,,,,,.9569312,AFDB,,
CAF,Central African Republic,1983,43443.72,,45399,,,,,,,,44800,,,,,,.9569312,AFDB,,
CAF,Central African Republic,1984,46251.36,,48333,,,,,,,,48200,,,,,,.9569312,AFDB,,
CAF,Central African Republic,1985,50164.25,,52422,,,,,,,,51500,,,,,,.9569312,AFDB,,
CAF,Central African Republic,1986,50274.29,,52537,,,,,,,,52200,,,,,,.9569312,AFDB,,
CAF,Central African Republic,1987,52028.35,,54370,,,,,,,,53500,,,,,,.9569312,AFDB,,
CAF,Central African Republic,1988,47573.83,,49715,,,,,,,,49700,,,,,,.9569312,AFDB,,
CAF,Central African Republic,1989,53937.43,,56365,,,,,,,,56600,,,,,,.9569312,AFDB,1,4
CAF,Central African Republic,1990,52032.18,,54374,54600,,,,,,,54600,,,,,,.9529703,AFRISTAT,,
CAF,Central African Republic,1991,50602.72,,52736,53100,,,,,,,53000,,,,,,.9529703,AFRISTAT,,
CAF,Central African Republic,1992,48029.7,,51047,50400,,,,,,,51100,,,,,,.9529703,AFRISTAT,,
CAF,Central African Republic,1993,56606.43,,59420,59400,,,,,,,59400,,,,,,.9529703,AFRISTAT,,
CAF,Central African Republic,1994,98537.13,,103395,103400,,,,,,,103000,,,,,,.9529703,AFRISTAT,,
CAF,Central African Republic,1995,105970.3,,111237,111200,,,,,,,111000,,,,,,.9529703,AFRISTAT,,
CAF,Central African Republic,1996,111116.3,,116644,116600,,,,,,,117000,,,,,,.9529703,AFRISTAT,,
CAF,Central African Republic,1997,102253.7,,107186,107300,,,,,,,107000,,,,,,.9529703,AFRISTAT,,
CAF,Central African Republic,1998,83480.2,,87579,87600,,,,,,,87600,,,,,,.9529703,AFRISTAT,,
CAF,Central African Republic,1999,93962.87,,98644,98600,,,,,,,98600,,,,,,.9529703,AFRISTAT,,
CAF,Central African Republic,2000,100919.6,,110913,105900,,,,,,,102000,,,,,,.9529703,AFRISTAT,,
CAF,Central African Republic,2001,94534.65,,109689,99200,,,,,,,99000,,,,,,.9529703,AFRISTAT,,
CAF,Central African Republic,2002,90246.28,,104928,94700,,,,,,,95000,,,,,,.9529703,AFRISTAT,,
CAF,Central African Republic,2003,81383.66,,96514,85400,,,,,,,85000,,,,,,.9529703,AFRISTAT,,
CAF,Central African Republic,2004,93486.38,,107761,98100,,,,,,,98000,,,,,,.9529703,AFRISTAT,1,4
CAF,Central African Republic,2005,110579.4,,127464,,,,,,,,114000,,,,,,.8675345,AFDB,1,4
CAF,Central African Republic,2006,105500,,121609,105500,,,,,,,105461,,,,,,1,AFRISTAT,,
CAF,Central African Republic,2007,97300,,113935,97300,,,,,,,97294,,,,,,1,AFRISTAT,,
CAF,Central African Republic,2008,113700,,134931,113700,,,,,,,113720,,,,,,1,AFRISTAT,,
CAF,Central African Republic,2009,129400,,150733,129400,,,,,,,129362,,,,,,1,AFRISTAT,,
CAF,Central African Republic,2010,149400,,175045,149400,,,,,,,149426,,,,,,1,AFRISTAT,,
CAF,Central African Republic,2011,167200,,199191,167200,,,,,,,,,,,,,1,AFRISTAT,,
CAF,Central African Republic,2012,167900,,202289,167900,,,,,,,,,,,,,1,AFRISTAT,,
CAF,Central African Republic,2013,174800,,213650,174800,,,,,,,,,,,,,1,AFRISTAT,,
CAF,Central African Republic,2014,203600,,244800,203600,,,,,,,,,,,,,1,AFRISTAT,,
CAF,Central African Republic,2015,205400,,257779,205400,,,,,,,,,,,,,1,AFRISTAT,,
CAF,Central African Republic,2016,218600,,288103.5,218600,,,,,,,,,,,,,1,AFRISTAT,,
CAF,Central African Republic,2017,247300,,325079.65,247300,,,,,,,,,,,,,1,AFRISTAT,,
CAF,Central African Republic,2018,292300,,360668.01,292300,,,,,,,,,,,,,1,AFRISTAT,,
CAF,Central African Republic,2019,333300,,,333300,,,,,,,,,,,,,1,AFRISTAT,,
CAF,Central African Republic,2020,366600,,,366600,,,,,,,,,,,,,1,AFRISTAT,,
CAF,Central African Republic,2021,419500,,,419500,,,,,,,,,,,,,1,AFRISTAT,,
CAF,Central African Republic,2022,429400,,,429400,,,,,,,,,,,,,1,AFRISTAT,,
CAN,Canada,1949,6537.999,,,,,,,,,,3860,,,,,,1.693782,Mitchell,,
CAN,Canada,1950,7096.947,,,,,,,,,,4190,,,,,,1.693782,Mitchell,,
CAN,Canada,1951,7215.512,,,,,,,,,,4260,,,,,,1.693782,Mitchell,,
CAN,Canada,1952,7689.771,,,,,,,,,,4540,,,,,,1.693782,Mitchell,1,2
CAN,Canada,1953,7605.082,,,,,,,,,,4490,,,,,4188,1.815922,CS1,,
CAN,Canada,1954,8060.878,,,,,,,,,,4820,,,,,4439,1.815922,CS1,1,2
CAN,Canada,1955,8665.58,,,,,,,,,,5110,,8665.58,2312,,4772,1,OECD_MEI,,
CAN,Canada,1956,8751.299,,,,,,,,,,5070,,8751.299,2418.3333,,4761,1,OECD_MEI,,
CAN,Canada,1957,8592.15,,,,,,,,,,5290,,8592.15,2466,,4788,1,OECD_MEI,,
CAN,Canada,1958,9424.763,,,,,,,,,,5950,,9424.763,2690.6667,,5420,1,OECD_MEI,,
CAN,Canada,1959,9655.318,,,,,,,,,,5750,,9655.318,2726.6667,,5233,1,OECD_MEI,,
CAN,Canada,1960,9780.241,,,,,,,,,,5980,,9780.241,2781.3333,,5499,1,OECD_MEI,,
CAN,Canada,1961,10288.8,,,,,,,,,,6740,,10288.8,2923,,5851,1,OECD_MEI,,
CAN,Canada,1962,10628.41,,,,,,,,,,7030,,10628.41,3043.6667,,6077,1,OECD_MEI,,
CAN,Canada,1963,11253.96,,,,,,,,,,7530,,11253.96,3202,,6296,1,OECD_MEI,,
CAN,Canada,1964,11826.3,,,,,,,,,,8250,,11826.3,3392,,6693,1,OECD_MEI,,
CAN,Canada,1965,12578.95,,,,,,,,,,9430,,12578.95,3734.6667,,7130,1,OECD_MEI,,
CAN,Canada,1966,13434.12,,,,,,,,,,10130,,13434.12,3986,,7783,1,OECD_MEI,,
CAN,Canada,1967,14748.22,,,,,,,,,,11700,,14748.22,4233.3333,,8420,1,OECD_MEI,,
CAN,Canada,1968,15426.98,,,,,,,,,,15970,,15426.98,4448.6667,,8961,1,OECD_MEI,,
CAN,Canada,1969,16524.68,,,,,,,,,,15300,,16524.68,4844.6667,,9274,1,OECD_MEI,,
CAN,Canada,1970,16930.72,,,,,,,,,,15570,,16930.72,5101.3333,,9797,1,OECD_MEI,,
CAN,Canada,1971,19127.38,,,,,,,,,,17610,,19127.38,5865.3333,,11497,1,OECD_MEI,,
CAN,Canada,1972,22036.38,,,,,,,,,,19770,,22036.38,6695.6667,,13053,1,OECD_MEI,,
CAN,Canada,1973,25245.18,,,,,,,,,,21500,,25245.18,7767,,14526,1,OECD_MEI,,
CAN,Canada,1974,27610.47,,,,,,,,,,21830,,27610.47,8786.3333,,15376,1,OECD_MEI,,
CAN,Canada,1975,31530.57,,,,,,,,,,25970,,31530.57,10187,,18913,1,OECD_MEI,,
CAN,Canada,1976,34008.17,,,,,,,,,,26360,,34008.17,11272.333,,19266,1,OECD_MEI,,
CAN,Canada,1977,36918.08,,,,,,,,,,29100,,36918.08,12498.667,,21505,1,OECD_MEI,,
CAN,Canada,1978,40552.67,,,,,,,,,,31120,,40552.67,14080,,,1,OECD_MEI,,
CAN,Canada,1979,43040.25,,,,,,,,,,31560,,43040.25,15253.333,,,1,OECD_MEI,,
CAN,Canada,1980,46402.75,,,,,,,,,,34750,,46402.75,16706,,,1,OECD_MEI,,
CAN,Canada,1981,49031.75,,,,,,,,,,36750,,49031.75,17299.333,,,1,OECD_MEI,,
CAN,Canada,1982,50827.67,,,,,,,,,,39820,,50827.67,17379.667,,,1,OECD_MEI,,
CAN,Canada,1983,58117.67,,,,,,,,,,44090,,58117.67,17847,,,1,OECD_MEI,,
CAN,Canada,1984,63554.83,,,,,,,,,,52440,,63554.83,17965.667,,,1,OECD_MEI,,
CAN,Canada,1985,78898.59,,,,,,,,,,68910,,78898.59,19481,,,1,OECD_MEI,,
CAN,Canada,1986,94241.66,,,,,,,,,,80220,,94241.66,20353.333,,,1,OECD_MEI,,
CAN,Canada,1987,106539.8,,,,,,,,,,85200,,106539.8,21743.333,,,1,OECD_MEI,,
CAN,Canada,1988,109664.4,,,,,,,,,,90120,,109664.4,22947.667,,,1,OECD_MEI,,
CAN,Canada,1989,116864.4,,,,,,,,,,95450,,116864.4,24013.667,,,1,OECD_MEI,,
CAN,Canada,1990,122952.9,,,,,,,,,,96220,,122952.9,24577.333,,,1,OECD_MEI,,
CAN,Canada,1991,128921.9,,,,,,,,,,100450,,128921.9,25941,,,1,OECD_MEI,,
CAN,Canada,1992,134345.7,,,,,,,,,,108820,,134345.7,27320.333,,,1,OECD_MEI,,
CAN,Canada,1993,141262,,,,,,,,,,114400,,141262,28914.667,,,1,OECD_MEI,,
CAN,Canada,1994,153043.3,,,,,,,,,,128320,,153043.3,29211,,,1,OECD_MEI,,
CAN,Canada,1995,154244.7,,,,,,,,,,138070,,154244.7,29637,,,1,OECD_MEI,,
CAN,Canada,1996,166903,,,,,,,,,,155560,,166903,30694.667,,,1,OECD_MEI,,
CAN,Canada,1997,185517.8,,,,,,,,,,169920,,185517.8,32354.667,,,1,OECD_MEI,,
CAN,Canada,1998,197812.8,,,,,,,,,,179620,,197812.8,34244,,,1,OECD_MEI,,
CAN,Canada,1999,208878.5,,,,,,,,,,199950,,208878.5,37951.667,,,1,OECD_MEI,,
CAN,Canada,2000,230619.2,,,,,,,,,,225190,,230619.2,38202,,,1,OECD_MEI,,
CAN,Canada,2001,253502,,,,,,,,,,253750,,253502,40485,,,1,OECD_MEI,,
CAN,Canada,2002,278460.9,,,,,,,,,,268500,,278460.9,43361.333,,,1,OECD_MEI,,
CAN,Canada,2003,289201.1,,,,,,,,,,283950,,289201.1,44210.333,,,1,OECD_MEI,,
CAN,Canada,2004,312867.5,,,,,,,,,,311740,,312867.5,45934,,,1,OECD_MEI,,
CAN,Canada,2005,332898.8,,,,,,,,,,332880,,332898.8,48031.333,,,1,OECD_MEI,,
CAN,Canada,2006,360735.8,,,,,,,,,,403777,,360735.8,50627.333,,,1,OECD_MEI,,
CAN,Canada,2007,392984.6,,,,,,,,,,431645,,392984.6,52890,,,1,OECD_MEI,,
CAN,Canada,2008,426650.2,,,,,,,,,,487250,,426650.2,56115.667,,,1,OECD_MEI,,
CAN,Canada,2009,478912.3,,,,,,,,,,553075,,478912.3,61045,,,1,OECD_MEI,,
CAN,Canada,2010,532129.7,,,,,,,,,,601712,,532129.7,60374.667,,,1,OECD_MEI,,
CAN,Canada,2011,573139.7,,,,,,,,,,,,573139.7,63323.667,,,1,OECD_MEI,,
CAN,Canada,2012,628283.6,,,,,,,,,,,,628283.6,65942.667,,,1,OECD_MEI,,
CAN,Canada,2013,679310.7,,,,,,,,,,,,679310.7,69415.667,,,1,OECD_MEI,,
CAN,Canada,2014,730539,,,,,,,,,,,,730539,73112.333,,,1,OECD_MEI,,
CAN,Canada,2015,787422.3,,,,,,,,,,,,787422.3,78675.333,,,1,OECD_MEI,,
CAN,Canada,2016,855714.9,,,,,,,,,,,,855714.9,83670.333,,,1,OECD_MEI,,
CAN,Canada,2017,936618.6,,,,,,,,,,,,936618.6,88642,,,1,OECD_MEI,,
CAN,Canada,2018,981854.1,,,,,,,,,,,,981854.1,92747,,,1,OECD_MEI,,
CAN,Canada,2019,1036748,,,,,,,,,,,,1036748,95168,,,1,OECD_MEI,,
CAN,Canada,2020,1269448,,,,,,,,,,,,1269448,425165.67,,,1,OECD_MEI,,
CAN,Canada,2021,1532008,,,,,,,,,,,,1532008,389320.33,,,1,OECD_MEI,,
CAN,Canada,2022,1598377,,,,,,,,,,,,1598377,310394.67,,,1,OECD_MEI,,
CAN,Canada,2023,1511084,,,,,,,,,,,,1511084,255255.33,,,1,OECD_MEI,,
CAN,Canada,2024,1525435,,,,,,,,,,,,1525435,247517.33,,,1,OECD_MEI,,
CHE,Switzerland,1870,118.5786,,,,,,,,,157.1782,,,,,,,.7544214,JST,,
CHE,Switzerland,1871,136.0938,,,,,,,,,180.395,,,,,,,.7544214,JST,,
CHE,Switzerland,1872,144.6788,,,,,,,,,191.7745,,,,,,,.7544214,JST,,
CHE,Switzerland,1873,156.706,,,,,,,,,207.7169,,,,,,,.7544214,JST,,
CHE,Switzerland,1874,162.155,,,,,,,,,214.9396,,,,,,,.7544214,JST,,
CHE,Switzerland,1875,168.3787,,,,,,,,,223.1892,,,,,,,.7544214,JST,,
CHE,Switzerland,1876,173.038,,,,,,,,,229.3651,,,,,,,.7544214,JST,,
CHE,Switzerland,1877,179.2263,,,,,,,,,237.5679,,,,,,,.7544214,JST,,
CHE,Switzerland,1878,185.0705,,,,,,,,,245.3145,,,,,,,.7544214,JST,,
CHE,Switzerland,1879,194.3615,,,,,,,,,257.6299,,,,,,,.7544214,JST,,
CHE,Switzerland,1880,206.5898,,,,,,,,,273.8387,,,,,,,.7544214,JST,,
CHE,Switzerland,1881,204.2987,,,,,,,,,270.8019,,,,,,,.7544214,JST,,
CHE,Switzerland,1882,195.8109,,,,,,,,,259.5511,,,,,,,.7544214,JST,,
CHE,Switzerland,1883,202.5735,,,,,,,,,268.5151,,,,,,,.7544214,JST,,
CHE,Switzerland,1884,215.1472,,,,,,,,,285.1817,,,,,,,.7544214,JST,,
CHE,Switzerland,1885,214.6824,,,,,,,,,284.5657,,,,,,,.7544214,JST,,
CHE,Switzerland,1886,217.5455,,,,,,,,,288.3607,,,,,,,.7544214,JST,,
CHE,Switzerland,1887,233.1218,,,,,,,,,309.0074,,,,,,,.7544214,JST,,
CHE,Switzerland,1888,229.2559,,,,,,,,,303.8831,,,,,,,.7544214,JST,,
CHE,Switzerland,1889,234.373,,,,,,,,,310.6659,,,,,,,.7544214,JST,,
CHE,Switzerland,1890,243.0851,,,,,,,,,322.214,,,,,,,.7544214,JST,,
CHE,Switzerland,1891,234.4238,,,,,,,,,310.7332,,,,,,,.7544214,JST,,
CHE,Switzerland,1892,238.1711,,,,,,,,,315.7003,,,,,,,.7544214,JST,,
CHE,Switzerland,1893,249.0528,,,,,,,,,330.1243,,,,,,,.7544214,JST,,
CHE,Switzerland,1894,261.1975,,,,,,,,,346.2223,,,,,,,.7544214,JST,,
CHE,Switzerland,1895,270.4673,,,,,,,,,358.5096,,,,,,,.7544214,JST,,
CHE,Switzerland,1896,298.9906,,,,,,,,,396.3178,,,,,,,.7544214,JST,,
CHE,Switzerland,1897,318.2262,,,,,,,,,421.8149,,,,,,,.7544214,JST,,
CHE,Switzerland,1898,327.7223,,,,,,,,,434.4022,,,,,,,.7544214,JST,,
CHE,Switzerland,1899,339.5285,,,,,,,,,450.0516,,,,,,,.7544214,JST,,
CHE,Switzerland,1900,360.3085,,,,,,,,,477.5959,,,,,,,.7544214,JST,,
CHE,Switzerland,1901,356.6286,,,,,,,,,472.7181,,,,,,,.7544214,JST,,
CHE,Switzerland,1902,395.3434,,,,,,,,,524.0353,,,,,,,.7544214,JST,,
CHE,Switzerland,1903,408.2022,,,,,,,,,541.0799,,,,,,,.7544214,JST,,
CHE,Switzerland,1904,436.6951,,,,,,,,,578.8477,,,,,,,.7544214,JST,,
CHE,Switzerland,1905,474.5345,,,,,,,,,629.0046,,,,,,,.7544214,JST,,
CHE,Switzerland,1906,529.9497,,,,,,,,,702.4586,,,,,,,.7544214,JST,1,3
CHE,Switzerland,1907,586.6908,,,,,,,,,777.6699,,,,,,639,.918139,CS1,,
CHE,Switzerland,1908,629.8433,,,,,,,,,756.6996,,,,,,686,.918139,CS1,,
CHE,Switzerland,1909,728.0842,,,,,,,,,800.6615,,,,,,793,.918139,CS1,,
CHE,Switzerland,1910,762.0554,,,,,,,,,809.2517,,,,,,830,.918139,CS1,,
CHE,Switzerland,1911,797.8628,,,,,,,,,859.7826,,,,,,869,.918139,CS1,,
CHE,Switzerland,1912,863.0507,,,,,,,,,933.0524,,,,,,940,.918139,CS1,,
CHE,Switzerland,1913,834.5883,,,,,,,,,864.583,,,,,,909,.918139,CS1,,
CHE,Switzerland,1914,993.4264,,,,,,,,,1309.002,,,,,,1082,.918139,CS1,,
CHE,Switzerland,1915,1159.609,,,,,,,,,1349.174,,,,,,1263,.918139,CS1,,
CHE,Switzerland,1916,1454.332,,,,,,,,,1651.349,,,,,,1584,.918139,CS1,,
CHE,Switzerland,1917,1786.698,,,,,,,,,2017.192,,,,,,1946,.918139,CS1,,
CHE,Switzerland,1918,2268.721,,,,,,,,,2888.344,,,,,,2471,.918139,CS1,,
CHE,Switzerland,1919,2484.484,,,,,,,,,3028.314,,,,,,2706,.918139,CS1,,
CHE,Switzerland,1920,2504.683,,,,,,,,,2969.951,,,,,,2728,.918139,CS1,,
CHE,Switzerland,1921,2263.213,,,,,,,,,2855.499,,,,,,2465,.918139,CS1,,
CHE,Switzerland,1922,2198.943,,,,,,,,,2853.73,,,,,,2395,.918139,CS1,,
CHE,Switzerland,1923,2136.51,,,,,,,,,2709.465,,,,,,2327,.918139,CS1,,
CHE,Switzerland,1924,2097.948,,,,,,,,,2583.896,,,,,,2285,.918139,CS1,,
CHE,Switzerland,1925,2213.633,,,,,,,,,2514.668,,,,,,2411,.918139,CS1,,
CHE,Switzerland,1926,2330.237,,,,,,,,,2542.713,,,,,,2538,.918139,CS1,,
CHE,Switzerland,1927,2434.905,,,,,,,,,2653.881,,,,,,2652,.918139,CS1,,
CHE,Switzerland,1928,2563.444,,,,,,,,,2780.966,,,,,,2792,.918139,CS1,,
CHE,Switzerland,1929,2866.43,,,,,,,,,2976.268,,,,,,3122,.918139,CS1,,
CHE,Switzerland,1930,2967.425,,,,,,,,,3242.06,,,,,,3232,.918139,CS1,,
CHE,Switzerland,1931,3678.065,,,,,,,,,6411.103,,,,,,4006,.918139,CS1,,
CHE,Switzerland,1932,3733.153,,,,,,,,,6576.086,,,,,,4066,.918139,CS1,,
CHE,Switzerland,1933,3374.161,,,,,,,,,5534.393,,,,,,3675,.918139,CS1,,
CHE,Switzerland,1934,3157.48,,,,,,,,,5117.766,,,,,,3439,.918139,CS1,,
CHE,Switzerland,1935,2879.284,,,,,,,,,4418.924,,,,,,3136,.918139,CS1,,
CHE,Switzerland,1936,3611.959,,,,,,,,,6584.171,,,,,,3934,.918139,CS1,,
CHE,Switzerland,1937,4175.696,,,,,,,,,8005.352,,,,,,4548,.918139,CS1,,
CHE,Switzerland,1938,4338.207,,,,,,,,,8526.577,,,,,,4725,.918139,CS1,,
CHE,Switzerland,1939,4596.204,,,,,,,,,6994.987,,,,,,5006,.918139,CS1,,
CHE,Switzerland,1940,5178.304,,,,,,,,,8422.484,,,,,,5640,.918139,CS1,,
CHE,Switzerland,1941,5553.823,,,,,,,,,8282.514,,,,,,6049,.918139,CS1,,
CHE,Switzerland,1942,6103.788,,,,,,,,,9669.333,,,,,,6648,.918139,CS1,,
CHE,Switzerland,1943,6670.28,,,,,,,,,10512.69,,,,,,7265,.918139,CS1,,
CHE,Switzerland,1944,7478.242,,,,,,,,,11203.7,,,,,,8145,.918139,CS1,,
CHE,Switzerland,1945,8348.638,,,,,,,,,12090.01,,,,,,9093,.918139,CS1,,
CHE,Switzerland,1946,8895.849,,,,,,,,,12221.39,,,,,,9689,.918139,CS1,,
CHE,Switzerland,1947,9339.31,,,,,,,,,13049.85,,,,,,10172,.918139,CS1,,
CHE,Switzerland,1948,9670.758,,,,,,,,,14159.25,,,,,,10533,.918139,CS1,,
CHE,Switzerland,1949,10339.16,,,,,,,,,15012.72,,,,,,11261,.918139,CS1,,
CHE,Switzerland,1950,10664,,,,,,,,,14606.2,11430,,,,,11614.8,.918139,CS1,1,3
CHE,Switzerland,1951,10959,,,,,,,,,15010.25,11920,,,,,,.730101,JST,,
CHE,Switzerland,1952,11256,,,,,,,,,15417.04,12310,,,,,,.730101,JST,,
CHE,Switzerland,1953,11423,,,,,,,,,15645.78,12840,,,,,,.730101,JST,,
CHE,Switzerland,1954,11881,,,,,,,,,16273.09,13200,,,,,,.730101,JST,1,3
CHE,Switzerland,1955,12199,,,,,,,,,16708.65,13630,,12199,,,,1,OECD_MEI,,
CHE,Switzerland,1956,12957,,,,,,,,,17746.86,14610,,12957,,,,1,OECD_MEI,,
CHE,Switzerland,1957,13126,,,,,,,,,17978.33,15000,,13126,,,,1,OECD_MEI,,
CHE,Switzerland,1958,14409,,,,,,,,,19735.63,14800,,14409,,,,1,OECD_MEI,,
CHE,Switzerland,1959,15199,,,,,,,,,20817.67,15520,,15199,,,,1,OECD_MEI,,
CHE,Switzerland,1960,16839,,,,,,,,,23063.93,17110,,16839,,,,1,OECD_MEI,,
CHE,Switzerland,1961,19135,,,,,,,,,26208.7,19710,,19135,,,,1,OECD_MEI,,
CHE,Switzerland,1962,21144,,,,,,,,,28960.38,21910,,21144,,,,1,OECD_MEI,,
CHE,Switzerland,1963,22441,,,,,,,,,30736.84,23510,,22441,,,,1,OECD_MEI,,
CHE,Switzerland,1964,23615,,,,,,,,,32344.84,25040,,23615,,,,1,OECD_MEI,,
CHE,Switzerland,1965,24527,,,,,,,,,33593.98,26010,,24527,,,,1,OECD_MEI,,
CHE,Switzerland,1966,25049,,,,,,,,,34308.95,26990,,25049,,,,1,OECD_MEI,,
CHE,Switzerland,1967,26252,,,,,,,,,35956.67,28990,,26252,,,,1,OECD_MEI,,
CHE,Switzerland,1968,29106,,,,,,,,,39865.71,32590,,29106,,,,1,OECD_MEI,,
CHE,Switzerland,1969,30800,,,,,,,,,42185.94,36390,,30800,,,,1,OECD_MEI,,
CHE,Switzerland,1970,32925,,,,,,,,,45096.5,40380,,32925,,,,1,OECD_MEI,,
CHE,Switzerland,1971,39908,,,,,,,,,54656.82,47510,,39908,,,,1,OECD_MEI,,
CHE,Switzerland,1972,43316,,,,,,,,,59328.78,50090,,43316,,,,1,OECD_MEI,,
CHE,Switzerland,1973,44206,,,,,,,,,60547.79,49680,,44206,,,,1,OECD_MEI,,
CHE,Switzerland,1974,44697,,,,,,,,,61351.79,48030,,44697,,,,1,OECD_MEI,,
CHE,Switzerland,1975,46019,,,,,,,,,64655.44,50110,,46019,,,,1,OECD_MEI,,
CHE,Switzerland,1976,49530,,,,,,,,,69984.84,55960,,49530,,,,1,OECD_MEI,,
CHE,Switzerland,1977,51076,,,,,,,,,72804.99,56430,,51076,,,,1,OECD_MEI,,
CHE,Switzerland,1978,62871,,,,,,,,,89664.3,69690,,62871,,,,1,OECD_MEI,,
CHE,Switzerland,1979,58774,,,,,,,,,83410.38,68400,,58774,,,,1,OECD_MEI,,
CHE,Switzerland,1980,58998,,,,,,,,,83211.77,68330,,58998,,,,1,OECD_MEI,,
CHE,Switzerland,1981,55290,,,,,,,,,77437.23,64790,,55290,,,,1,OECD_MEI,,
CHE,Switzerland,1982,61387,,,,,,,,,86188.07,69350,,61387,,,,1,OECD_MEI,,
CHE,Switzerland,1983,62126,,,,,,,,,87594.73,75820,,62126,,,,1,OECD_MEI,,
CHE,Switzerland,1984,95432,,,,,,,,,95432,75800,,95432,,,,1,OECD_MEI,,
CHE,Switzerland,1985,99998,,,,,,,,,99998,73900,,99998,,,,1,OECD_MEI,,
CHE,Switzerland,1986,105751,,,,,,,,,105751,75500,,105751,,,,1,OECD_MEI,,
CHE,Switzerland,1987,119211,,,,,,,,,119211,86000,,119211,,,,1,OECD_MEI,,
CHE,Switzerland,1988,124878,,,,,,,,,124878,88000,,124878,,,,1,OECD_MEI,,
CHE,Switzerland,1989,119620,,,,,,,,,119620,85700,,119620,,,,1,OECD_MEI,,
CHE,Switzerland,1990,119252,,,,,,,,,119252,84300,,119252,,,,1,OECD_MEI,,
CHE,Switzerland,1991,120750,,,,,,,,,120750,82900,,120750,,,,1,OECD_MEI,,
CHE,Switzerland,1992,124059,,,,,,,,,124059,86200,,124059,,,,1,OECD_MEI,,
CHE,Switzerland,1993,136593,,,,,,,,,136593,91200,,136593,,,,1,OECD_MEI,,
CHE,Switzerland,1994,141404,,,,,,,,,141404,94900,,141404,,,,1,OECD_MEI,,
CHE,Switzerland,1995,155236,,,,,,,,,155236,100700,,155236,,,,1,OECD_MEI,,
CHE,Switzerland,1996,169983,,,,,,,,,169983,128200,,169983,,,,1,OECD_MEI,,
CHE,Switzerland,1997,184761,,,,,,,,,184761,139800,,184761,,,,1,OECD_MEI,,
CHE,Switzerland,1998,194534,,,,,,,,,194534,149300,,194534,,,,1,OECD_MEI,,
CHE,Switzerland,1999,206942,,,,,,,,,206942,163400,,206942,,,,1,OECD_MEI,,
CHE,Switzerland,2000,202840,,,,,,,,,202840,160000,,202840,,,,1,OECD_MEI,,
CHE,Switzerland,2001,220247,,,,,,,,,220247,173600,,220247,,,,1,OECD_MEI,,
CHE,Switzerland,2002,240382,,,,,,,,,240382,191300,,240382,,,,1,OECD_MEI,,
CHE,Switzerland,2003,290522,,,,,,,,,290522,237400,,290522,,,,1,OECD_MEI,,
CHE,Switzerland,2004,276297,,,,,,,,,276297,224100,,276297,,,,1,OECD_MEI,,
CHE,Switzerland,2005,290301,,,,,,,,,290301,290301,,290301,,,,1,OECD_MEI,,
CHE,Switzerland,2006,278368,,,,,,,,,278368,278368,,278368,,,,1,OECD_MEI,,
CHE,Switzerland,2007,271171,,,,,,,,,271171,271171,,271171,,,,1,OECD_MEI,,
CHE,Switzerland,2008,328752,,,,,,,,,328752,328752,,328752,,,,1,OECD_MEI,,
CHE,Switzerland,2009,396659,,,,,,,,,396652,396652,,396659,,,,1,OECD_MEI,,
CHE,Switzerland,2010,432756,,,,,,,,,432179,432179,,432756,,,,1,OECD_MEI,,
CHE,Switzerland,2011,482297,,,,,,,,,483411,,,482297,,,,1,OECD_MEI,,
CHE,Switzerland,2012,536921,,,,,,,,,538549,,,536921,,,,1,OECD_MEI,,
CHE,Switzerland,2013,554429,,,,,,,,,554429,,,554429,,,,1,OECD_MEI,,
CHE,Switzerland,2014,567209,,,,,,,,,567531,,,567209,,,,1,OECD_MEI,,
CHE,Switzerland,2015,559266,,,,,,,,,559290,,,559266,,,,1,OECD_MEI,,
CHE,Switzerland,2016,594550,,,,,,,,,594550,,,594550,,,,1,OECD_MEI,,
CHE,Switzerland,2017,637053,,,,,,,,,637053,,,637053,,,,1,OECD_MEI,,
CHE,Switzerland,2018,671722,,,,,,,,,671722,,,671722,,,,1,OECD_MEI,,
CHE,Switzerland,2019,675753,,,,,,,,,675753,,,675753,,,,1,OECD_MEI,,
CHE,Switzerland,2020,736570,,,,,,,,,736521,,,736570,,,,1,OECD_MEI,,
CHE,Switzerland,2021,769725,,,,,,,,,,,,769725,,,,1,OECD_MEI,,
CHE,Switzerland,2022,752533,,,,,,,,,,,,752533,,,,1,OECD_MEI,,
CHE,Switzerland,2023,621192,,,,,,,,,,,,621192,,,,1,OECD_MEI,,
CHE,Switzerland,2024,635568,,,,,,,,,,,,635568,,,,1,OECD_MEI,,
CHL,Chile,1910,.0014467,,,,,,,,.00047245,,,,,,,,3.06218,HFS,,
CHL,Chile,1911,.0014157,,,,,,,,.00046233,,,,,,,,3.06218,HFS,,
CHL,Chile,1912,.0012214,,,,,,,,.00039888,,,,,,,,3.06218,HFS,,
CHL,Chile,1913,.0012098,,,,,,,,.00039507,,,,,,,,3.06218,HFS,,
CHL,Chile,1914,.0012252,,,,,,,,.00040011,,,,,,,,3.06218,HFS,,
CHL,Chile,1915,.0011526,,,,,,,,.0003764,,,,,,,,3.06218,HFS,,
CHL,Chile,1916,.0011936,,,,,,,,.00038978,,,,,,,,3.06218,HFS,,
CHL,Chile,1917,.0012548,,,,,,,,.00040979,,,,,,,,3.06218,HFS,,
CHL,Chile,1918,.0016793,,,,,,,,.00054839,,,,,,,,3.06218,HFS,,
CHL,Chile,1919,.0017635,,,,,,,,.0005759,,,,,,,,3.06218,HFS,,
CHL,Chile,1920,.0020233,,,,,,,,.00066075,,,,,,,,3.06218,HFS,,
CHL,Chile,1921,.0020733,,,,,,,,.00067706,,,,,,,,3.06218,HFS,,
CHL,Chile,1922,.0020729,,,,,,,,.00067695,,,,,,,,3.06218,HFS,,
CHL,Chile,1923,.001989,,,,,,,,.00064955,,,,,,,,3.06218,HFS,,
CHL,Chile,1924,.0022201,,,,,,,,.00072501,,,,,,,,3.06218,HFS,,
CHL,Chile,1925,.0025663,,,,,,,,.00083805,,,,,,,,3.06218,HFS,,
CHL,Chile,1926,.0025538,,,,,,,,.00083397,,,,,,,,3.06218,HFS,,
CHL,Chile,1927,.0021715,,,,,,,,.00070913,,,,,,,,3.06218,HFS,,
CHL,Chile,1928,.0024737,,,,,,,,.00080781,,,,,,,,3.06218,HFS,,
CHL,Chile,1929,.0023634,,,,,,,,.0007718,,,,,,,,3.06218,HFS,,
CHL,Chile,1930,.0019594,,,,,,,,.00063988,,,,,,,,3.06218,HFS,,
CHL,Chile,1931,.0018399,,,,,,,,.00060086,,,,,,,,3.06218,HFS,,
CHL,Chile,1932,.0031159,,,,,,,,.00101755,,,,,,,,3.06218,HFS,,
CHL,Chile,1933,.003673,,,,,,,,.00119949,,,,,,,,3.06218,HFS,,
CHL,Chile,1934,.0043043,,,,,,,,.00140562,,,,,,,,3.06218,HFS,,
CHL,Chile,1935,.0046566,,,,,,,,.00152068,,,,,,,,3.06218,HFS,,
CHL,Chile,1936,.0048476,,,,,,,,.00158304,,,,,,,,3.06218,HFS,,
CHL,Chile,1937,.0049577,,,,,,,,.001619,,,,,,,,3.06218,HFS,,
CHL,Chile,1938,.0052302,,,,,,,,.001708,,,,,,,,3.06218,HFS,,
CHL,Chile,1939,.0060662,,,,,,,,.001981,,,,,,,,3.06218,HFS,,
CHL,Chile,1940,.0073523,,,,,,,,.002401,,,,,,,,3.06218,HFS,,
CHL,Chile,1941,.0092937,,,,,,,,.003035,,,,,,,,3.06218,HFS,,
CHL,Chile,1942,.0114648,,,,,,,,.003744,,,,,,,,3.06218,HFS,,
CHL,Chile,1943,.0146005,,,,,,,,.004768,,,,,,,,3.06218,HFS,,
CHL,Chile,1944,.0168144,,,,,,,,.005491,,,,,,,,3.06218,HFS,,
CHL,Chile,1945,.018912,,,,,,,,.006176,,,,,,,,3.06218,HFS,,
CHL,Chile,1946,.0233797,,,,,,,,.007635,,,,,,,,3.06218,HFS,,
CHL,Chile,1947,.0261541,,,,,,,,.008541,,,,,,,,3.06218,HFS,1,2
CHL,Chile,1948,.0305544,,,,,,,,.009978,,.032,,,,,,.9548261,Mitchell,,
CHL,Chile,1949,.0391479,,,,,,,,.012085,,.041,,,,,,.9548261,Mitchell,,
CHL,Chile,1950,.0190965,,,,,,.0228499,,.014764,,.02,,,,,,.9548261,Mitchell,,
CHL,Chile,1951,.0200513,,,,,,.0303002,,.018839,,.021,,,,,,.9548261,Mitchell,,
CHL,Chile,1952,.02769,,,,,,.0360406,,.026161,,.029,,,,,,.9548261,Mitchell,,
CHL,Chile,1953,.038193,,,,,,.0298507,,.03722,,.04,,,,,,.9548261,Mitchell,,
CHL,Chile,1954,.0525154,,,,,,.0340262,,.05340601,,.055,,,,,,.9548261,Mitchell,,
CHL,Chile,1955,.087844,,,,,,.0375001,,.09176702,,.092,,,,,,.9548261,Mitchell,,
CHL,Chile,1956,.1231726,,,,,,.0973673,,.12877704,,.129,,,,,,.9548261,Mitchell,,
CHL,Chile,1957,.1575463,,,,,,.1991239,,.16485008,,.165,,,,,,.9548261,Mitchell,,
CHL,Chile,1958,.2119714,,,,,,.289031,,.22156718,,.222,,,,,,.9548261,Mitchell,,
CHL,Chile,1959,.2807189,,,,,,.5507004,,.29366441,,.294,,,,,,.9548261,Mitchell,,
CHL,Chile,1960,.3666532,,,,,,.9670612,,.38342285,,.384,,,,,,.9548261,Mitchell,,
CHL,Chile,1961,.4124849,,,,,,1.203824,,.43146647,,.432,,,,,,.9548261,Mitchell,,
CHL,Chile,1962,.5318381,,,,,,1.001421,,.5566939,,.557,,,,,,.9548261,Mitchell,,
CHL,Chile,1963,.7132551,,,,,,1.028892,,.74626092,,.747,,,,,,.9548261,Mitchell,,
CHL,Chile,1964,1.077999,,,,,,1.893414,,1.1290137,,1.129,,,,,,.9548261,Mitchell,,
CHL,Chile,1965,1.305247,,,,,,2.541573,,1.8640343,,1.367,,,,,,.9548261,Mitchell,1,2
CHL,Chile,1966,2.476819,,,,,,5.233562,,2.5900748,,2.594,,2.476819,,,,1,OECD_MEI,,
CHL,Chile,1967,3.175108,,,,,,5.922106,,3.2401463,,3.24,,3.175108,,,,1,OECD_MEI,,
CHL,Chile,1968,4.065223,,,,,,7.071301,,4.4803136,,4.471,,4.065223,,,,1,OECD_MEI,,
CHL,Chile,1969,5.695001,,,,,,9.977065,,6.0576562,,6.058,,5.695001,,,,1,OECD_MEI,,
CHL,Chile,1970,8.59388,,,,,,16.92743,,10.069672,,10,,8.59388,,,,1,OECD_MEI,,
CHL,Chile,1971,17.14224,,,,,,37.11284,,21.493421,,21,,17.14224,,,,1,OECD_MEI,,
CHL,Chile,1972,34.05901,,,,,,66.07075,,54.131465,,54,,34.05901,,,,1,OECD_MEI,,
CHL,Chile,1973,124.4736,,,,,,32.4272,,250.62429,,229,,124.4736,,,,1,OECD_MEI,,
CHL,Chile,1974,481.642,,,,,,74.98512,,830.35707,,838,,481.642,,,,1,OECD_MEI,,
CHL,Chile,1975,1710.822,,,,,,461.495,,2968.0459,,2990,,1710.822,,,,1,OECD_MEI,,
CHL,Chile,1976,5663.901,,,,,,5396.057,,8603.8922,,9720,,5663.901,,,,1,OECD_MEI,,
CHL,Chile,1977,14771.33,,,,,,16135.74,,18421.461,,34200,,14771.33,,,,1,OECD_MEI,,
CHL,Chile,1978,27640.78,,,,,,42618.01,,30579.548,,33900,,27640.78,,,,1,OECD_MEI,,
CHL,Chile,1979,46308.3,,,,,,97488.73,,48635.45,,55100,,46308.3,,,,1,OECD_MEI,,
CHL,Chile,1980,74274.84,,,,,,193219.9,,80909.365,,85300,,74274.84,,,,1,OECD_MEI,,
CHL,Chile,1981,99581.01,,,,,,167210.3,,81352.621,,81900,,99581.01,,,,1,OECD_MEI,,
CHL,Chile,1982,94850.24,,,,,,85855.63,,90808.564,,92200,,94850.24,,,,1,OECD_MEI,,
CHL,Chile,1983,109926.8,,,,,,99626.77,,117909.98,,112000,,109926.8,,,,1,OECD_MEI,,
CHL,Chile,1984,129745.2,,,,,,106999.5,,145686.01,,130000,,129745.2,,,,1,OECD_MEI,,
CHL,Chile,1985,163249.8,,,,,,102979.1,,190398,,148000,,163249.8,,,,1,OECD_MEI,,
CHL,Chile,1986,229811.7,,,,,,247677.4,,276203,,215000,,229811.7,,,,1,OECD_MEI,,
CHL,Chile,1987,294908.3,,,,,,304378.5,,330720,,229000,,294908.3,,,,1,OECD_MEI,,
CHL,Chile,1988,404459.2,,,,,,455881.2,,477428,,385000,,404459.2,,,,1,OECD_MEI,,
CHL,Chile,1989,506685,,,,,,547495.9,,587091,,441000,,506685,,,,1,OECD_MEI,,
CHL,Chile,1990,585689.2,,,,,,643858.7,691830,691792,,518000,,585689.2,,,,1,OECD_MEI,,
CHL,Chile,1991,839820,,,,,,929397.8,987540,1070084,,784000,,839820,,,,1,OECD_MEI,,
CHL,Chile,1992,1178480,,,,,,1294432,1282290,1378164,,937000,,1178480,,,,1,OECD_MEI,,
CHL,Chile,1993,1403844,,,,,,1461320,1567500,1667099,,1186000,,1403844,,,,1,OECD_MEI,,
CHL,Chile,1994,1653909,,,,,,1820221,1919770,1928334,,1880000,,1653909,,,,1,OECD_MEI,,
CHL,Chile,1995,2025798,,,,,,2449328,2291980,2222058,,2300000,,2025798,,,,1,OECD_MEI,,
CHL,Chile,1996,2355471,,,,,,2585776,2589000,2544402,,2677000,,2355471,,,,1,OECD_MEI,,
CHL,Chile,1997,2754735,,,,,,3174026,3107840,2962656,,3080000,,2754735,,,,1,OECD_MEI,,
CHL,Chile,1998,2846340,,,,,,,2851380,2793081,,2937000,,2846340,,,,1,OECD_MEI,,
CHL,Chile,1999,2991951,,,,,,,3426410,3246276,,3401000,,2991951,,,,1,OECD_MEI,,
CHL,Chile,2000,3225696,,,,,,,3518100,3498141,,3645000,,3225696,,,,1,OECD_MEI,,
CHL,Chile,2001,3690184,,,,,,,4009680,,,4062000,,3690184,,,,1,OECD_MEI,,
CHL,Chile,2002,4214354,,,,,,,4669590,,,4431000,,4214354,,,,1,OECD_MEI,,
CHL,Chile,2003,5028609,,,,,,,5492030,,,4941000,,5028609,,,,1,OECD_MEI,,
CHL,Chile,2004,6094037,,,,,,,6814640,,,5733000,,6094037,,,,1,OECD_MEI,,
CHL,Chile,2005,6946404,,,,,,,7578920,,,6507000,,6946404,,,,1,OECD_MEI,,
CHL,Chile,2006,7773270,,,,,,,8580100,,,9221000,,7773270,,,,1,OECD_MEI,,
CHL,Chile,2007,9167801,,,,,,,10129860,,,10797160,,9167801,,,,1,OECD_MEI,,
CHL,Chile,2008,1.03e+07,,,,,,,10807900,,,11093190,,10265460,,,,1,OECD_MEI,,
CHL,Chile,2009,1.16e+07,,,,,,,13279100,,,14204600,,11613580,,,,1,OECD_MEI,,
CHL,Chile,2010,1.49e+07,,,,,,,16105400,,,15881750,,14947220,,,,1,OECD_MEI,,
CHL,Chile,2011,1.66e+07,,,,,,,18009100,,,,,16631220,,,,1,OECD_MEI,,
CHL,Chile,2012,1.83e+07,,,,,,,19598416,,,,,18349730,,,,1,OECD_MEI,,
CHL,Chile,2013,2.05e+07,,,,,,,22111893,,,,,20543790,,,,1,OECD_MEI,,
CHL,Chile,2014,2.30e+07,,,,,,,25490818,,,,,23029720,,,,1,OECD_MEI,,
CHL,Chile,2015,2.62e+07,,,,,,,28210040,,,,,26152880,,,,1,OECD_MEI,,
CHL,Chile,2016,2.78e+07,,,,,,,29369974,,,,,27792750,,,,1,OECD_MEI,,
CHL,Chile,2017,3.01e+07,,,,,,,32321031,,,,,30131610,,,,1,OECD_MEI,,
CHL,Chile,2018,3.35e+07,,,,,,,35453005,,,,,33451470,,,,1,OECD_MEI,,
CHL,Chile,2019,3.75e+07,,,,,,,42470984,,,,,37475410,,,,1,OECD_MEI,,
CHL,Chile,2020,5.31e+07,,,,,,,65370093,,,,,53143390,,,,1,OECD_MEI,,
CHL,Chile,2021,7.58e+07,,,,,,,79859344,,,,,75764730,,,,1,OECD_MEI,,
CHL,Chile,2022,6.53e+07,,,,,,,57838779,,,,,65345790,,,,1,OECD_MEI,,
CHL,Chile,2023,5.54e+07,,,,,,,,,,,,55366960,,,,1,OECD_MEI,,
CHL,Chile,2024,5.66e+07,,,,,,,,,,,,56583350,,,,1,OECD_MEI,,
CHN,China,1952,9270,,,,9270,,,,,,,,,,,,1,AHSTAT,,
CHN,China,1953,10150,,,,10150,,,,,,,,,,,,1,AHSTAT,,
CHN,China,1954,11810,,,,11810,,,,,,,,,,,,1,AHSTAT,,
CHN,China,1955,13210,,,,13210,,,,,,,,,,,,1,AHSTAT,,
CHN,China,1956,15900,,,,15900,,,,,,,,,,,,1,AHSTAT,,
CHN,China,1957,18320,,,,18320,,,,,,,,,,,,1,AHSTAT,,
CHN,China,1958,29830,,,,29830,,,,,,,,,,,,1,AHSTAT,,
CHN,China,1959,36840,,,,36840,,,,,,,,,,,,1,AHSTAT,,
CHN,China,1960,38560,,,,38560,,,,,,,,,,,,1,AHSTAT,,
CHN,China,1961,43150,,,,43150,,,,,,,,,,,,1,AHSTAT,,
CHN,China,1962,42320,,,,42320,,,,,,,,,,,,1,AHSTAT,,
CHN,China,1963,42230,,,,42230,,,,,,,,,,,,1,AHSTAT,,
CHN,China,1964,42200,,,,42200,,,,,,,,,,,,1,AHSTAT,,
CHN,China,1965,48040,,,,48040,,,,,,,,,,,,1,AHSTAT,,
CHN,China,1966,55490,,,,55490,,,,,,,,,,,,1,AHSTAT,,
CHN,China,1967,62910,,,,62910,,,,,,,,,,,,1,AHSTAT,,
CHN,China,1968,66430,,,,66430,,,,,,,,,,,,1,AHSTAT,,
CHN,China,1969,65660,,,,65660,,,,,,,,,,,,1,AHSTAT,,
CHN,China,1970,64800,,,,64800,,,,,,,,,,,,1,AHSTAT,,
CHN,China,1971,70580,,,,70580,,,,,,,,,,,,1,AHSTAT,,
CHN,China,1972,73130,,,,73130,,,,,,,,,,,,1,AHSTAT,,
CHN,China,1973,84350,,,,84350,,,,,,,,,,,,1,AHSTAT,,
CHN,China,1974,90910,,,,90910,,,,,,,,,,,,1,AHSTAT,,
CHN,China,1975,98800,,,,98800,,,,,,,,,,,,1,AHSTAT,,
CHN,China,1976,105180,,,,105180,,,,,,,,,,,,1,AHSTAT,,
CHN,China,1977,106150,,,,106150,,58010,,,,58000,,,,,,1,AHSTAT,,
CHN,China,1978,109800,,,,109800,,58040,,,,58000,,,,,,1,AHSTAT,,
CHN,China,1979,137570,,,,137570,,92150,,,,92100,,,,,,1,AHSTAT,,
CHN,China,1980,168560,,,,168560,,114880,,,,115000,,,,,,1,AHSTAT,,
CHN,China,1981,217370,,,,217370,,134520,,,,135000,,,,,,1,AHSTAT,,
CHN,China,1982,226080,,,,226080,,148840,,,,149000,,,,,,1,AHSTAT,,
CHN,China,1983,259310,,,,259310,,174890,,,,175000,,,,,,1,AHSTAT,,
CHN,China,1984,329750,,,,329750,,244940,,,,245000,,,,,,1,AHSTAT,,
CHN,China,1985,334090,,,,334090,,301730,,,,302000,,,,,,1,AHSTAT,,
CHN,China,1986,423220,,,,423220,,385900,,,,386000,,,,,,1,AHSTAT,,
CHN,China,1987,494860,,,,494860,,457400,,,,457000,,,,,,1,AHSTAT,,
CHN,China,1988,598590,,,,598590,,548740,,,,549000,,,,,,1,AHSTAT,,
CHN,China,1989,638220,,,,638220,,583420,,,,583000,,,,,,1,AHSTAT,1,1
CHN,China,1990,695070,,,,695070,,700950,,,,701000,,695070,,,,1,OECD_MEI,,
CHN,China,1991,863330,,,,863330,,898780,,,,899000,,863330,,,,1,OECD_MEI,,
CHN,China,1992,1173150,,,,1173150,,1171430,,,,1171000,,1173150,,,,1,OECD_MEI,,
CHN,China,1993,1628040,,,,1628040,,1676110,,,,1424000,,1628040,,,,1,OECD_MEI,,
CHN,China,1994,2054070,,,,2054070,,2153990,,,,1967000,,2054070,,,,1,OECD_MEI,,
CHN,China,1995,2398710,,,,2398710,,2559680,,,,2308000,,2398710,,,,1,OECD_MEI,,
CHN,China,1996,2851480,,,,2851480,,3066260,,,,2756000,,2851480,,,,1,OECD_MEI,,
CHN,China,1997,3482630,,,,3482630,,3834330,,,,3481000,,3482630,,,,1,OECD_MEI,,
CHN,China,1998,3895370,,,,3895370,,,,,,3869000,,3895370,,,,1,OECD_MEI,,
CHN,China,1999,4583730,,,,4583730,,,,,,4698000,,4583730,,,,1,OECD_MEI,,
CHN,China,2000,5314715,5314715,,,5314720,,,,,,5454000,,5314715,,,,1,OECD_MEI,,
CHN,China,2001,5987259,5987159,,,5987160,,,,,,6169000,,5987259,,,,1,OECD_MEI,,
CHN,China,2002,7088219,7088200,,,7088180,,,,,,7088000,,7088219,,,,1,OECD_MEI,,
CHN,China,2003,8411881,8411900,,,8411860,,,,,,8412000,,8411881,,,,1,OECD_MEI,,
CHN,China,2004,9597080,9596900,,,9596970,,,,,,9582000,,9597080,,,,1,OECD_MEI,,
CHN,China,2005,1.07e+07,10727991,,,10727880,,,,,,10690000,,10727860,,,,1,OECD_MEI,,
CHN,China,2006,1.26e+07,12603600,,,12603510,,,,,,12602810,,12602810,,,,1,OECD_MEI,,
CHN,China,2007,1.53e+07,15255985,,,15256010,,,,,,15251920,,15251920,,,,1,OECD_MEI,,
CHN,China,2008,1.66e+07,16621713,,,16621710,,,,,,16621713,,16621710,,,,1,OECD_MEI,,
CHN,China,2009,2.20e+07,22000151,,,22200150,,,,,,22000151,,22000150,,,,1,OECD_MEI,,
CHN,China,2010,2.67e+07,26662154,,,26662150,,,,,,26662154,,26662150,,,,1,OECD_MEI,,
CHN,China,2011,2.90e+07,28984770,,,,,,,,,,,28984770,,,,1,OECD_MEI,,
CHN,China,2012,3.09e+07,30867299,,,,,,,,,,,30867300,,,,1,OECD_MEI,,
CHN,China,2013,3.37e+07,33726063,,,,,,,,,,,33729100,,,,1,OECD_MEI,,
CHN,China,2014,3.48e+07,34805641,,,,,,,,,,,34805640,,,,1,OECD_MEI,,
CHN,China,2015,4.01e+07,40095344,,,,,,,,,,,40095340,,,,1,OECD_MEI,,
CHN,China,2016,4.87e+07,48655724,,,,,,,,,,,48655720,,,,1,OECD_MEI,,
CHN,China,2017,5.44e+07,54379015,,,,,,,,,,,54379020,,,,1,OECD_MEI,,
CHN,China,2018,5.52e+07,55168591,,,,,,,,,,,55168600,,,,1,OECD_MEI,,
CHN,China,2019,5.76e+07,57600915,,,,,,,,,,,57600900,,,,1,OECD_MEI,,
CHN,China,2020,6.26e+07,,,,,,,,,,,,62558100,,,,1,OECD_MEI,,
CHN,China,2021,6.47e+07,,,,,,,,,,,,64744340,,,,1,OECD_MEI,,
CHN,China,2022,6.72e+07,,,,,,,,,,,,67167470,,,,1,OECD_MEI,,
CHN,China,2023,6.81e+07,,,,,,,,,,,,68054260,,,,1,OECD_MEI,,
CHN,China,2024,1.11e+08,,,,,,,,,,,,1.113e+08,,,,1,OECD_MEI,,
CIV,Ivory Coast,1962,29576.23,,,,,,,,,,29600,,,,,,.999197,Mitchell,,
CIV,Ivory Coast,1963,34072.62,,,,,,,,,,34100,,,,,,.999197,Mitchell,,
CIV,Ivory Coast,1964,40567.4,,,,,,,,,,40600,,,,,,.999197,Mitchell,,
CIV,Ivory Coast,1965,42166.11,,,,,,,,,,42200,,,,,,.999197,Mitchell,,
CIV,Ivory Coast,1966,46362.74,,,,,,,,,,46400,,,,,,.999197,Mitchell,,
CIV,Ivory Coast,1967,48461.05,,,,,,,,,,48500,,,,,,.999197,Mitchell,,
CIV,Ivory Coast,1968,59052.54,,,,,,,,,,59100,,,,,,.999197,Mitchell,,
CIV,Ivory Coast,1969,69743.95,,,,,,,,,,69800,,,,,,.999197,Mitchell,,
CIV,Ivory Coast,1970,83432.95,,,,,,,,,,83500,,,,,,.999197,Mitchell,,
CIV,Ivory Coast,1971,92026.05,,,,,,,,,,92100,,,,,,.999197,Mitchell,,
CIV,Ivory Coast,1972,102917.3,,,,,,,,,,103000,,,,,,.999197,Mitchell,,
CIV,Ivory Coast,1973,117905.3,,,,,,,,,,118000,,,,,,.999197,Mitchell,,
CIV,Ivory Coast,1974,162869.1,,,,,,,,,,163000,,,,,,.999197,Mitchell,,
CIV,Ivory Coast,1975,179855.5,,,,,,,,,,180000,,,,,,.999197,Mitchell,,
CIV,Ivory Coast,1976,259791.2,,,,,,,,,,260000,,,,,,.999197,Mitchell,,
CIV,Ivory Coast,1977,382692.5,,,,,,,,,,383000,,,,,,.999197,Mitchell,,
CIV,Ivory Coast,1978,415666,,,,,,,,,,416000,,,,,,.999197,Mitchell,,
CIV,Ivory Coast,1979,433651.5,,,,,,,,,,434000,,,,,,.999197,Mitchell,1,3
CIV,Ivory Coast,1980,438647.5,,438730,,,,,,,,439000,,,,,,.9998119,AFDB,,
CIV,Ivory Coast,1981,464302.7,,464390,,,,,,,,464000,,,,,,.9998119,AFDB,,
CIV,Ivory Coast,1982,460223.4,,460310,,,,,,,,460000,,,,,,.9998119,AFDB,,
CIV,Ivory Coast,1983,487918.2,,488010,,,,,,,,488000,,,,,,.9998119,AFDB,,
CIV,Ivory Coast,1984,574461.9,,574570,,,,,,,,575000,,,,,,.9998119,AFDB,,
CIV,Ivory Coast,1985,620067.4,,620184,,,,,,,,620000,,,,,,.9998119,AFDB,,
CIV,Ivory Coast,1986,637305.1,,637425,,,,,,,,636000,,,,,,.9998119,AFDB,,
CIV,Ivory Coast,1987,598836.4,,598949,,,,,,,,599000,,,,,,.9998119,AFDB,,
CIV,Ivory Coast,1988,577855.3,,577964,,,,,,,,578000,,,,,,.9998119,AFDB,,
CIV,Ivory Coast,1989,511119.9,,511216,,,,,,,,511000,,,,,,.9998119,AFDB,1,3
CIV,Ivory Coast,1990,526300,,526399,526300,,,,,,,526000,,,,,,1,AFRISTAT,,
CIV,Ivory Coast,1991,510700,,510072,510700,,,,,,,510000,,,,,,1,AFRISTAT,,
CIV,Ivory Coast,1992,489500,,489442,489500,,,,,,,489000,,,,,,1,AFRISTAT,,
CIV,Ivory Coast,1993,494000,,493980,494000,,,,,,,494000,,,,,,1,AFRISTAT,,
CIV,Ivory Coast,1994,798800,,798850,798800,,,,,,,799000,,,,,,1,AFRISTAT,,
CIV,Ivory Coast,1995,945000,,944519,945000,,,,,,,945000,,,,,,1,AFRISTAT,,
CIV,Ivory Coast,1996,966500,,966443,966500,,,,,,,966000,,,,,,1,AFRISTAT,,
CIV,Ivory Coast,1997,1080200,,1079970,1080200,,,,,,,1080000,,,,,,1,AFRISTAT,,
CIV,Ivory Coast,1998,1198300,,1219330,1198300,,,,,,,1219000,,,,,,1,AFRISTAT,,
CIV,Ivory Coast,1999,1167100,,1197990,1167100,,,,,,,1198000,,,,,,1,AFRISTAT,,
CIV,Ivory Coast,2000,1129000,,694000,1129000,,,,,,,1154000,,,,,,1,AFRISTAT,,
CIV,Ivory Coast,2001,1147100,,926700,1147100,,,,,,,1325000,,,,,,1,AFRISTAT,,
CIV,Ivory Coast,2002,1750800,,1297400,1750800,,,,,,,1751000,,,,,,1,AFRISTAT,,
CIV,Ivory Coast,2003,1142800,,752500,1142800,,,,,,,1145000,,,,,,1,AFRISTAT,,
CIV,Ivory Coast,2004,1164800,,907800,1164800,,1164847,,,,,1300000,,,,,,1,AFRISTAT,,
CIV,Ivory Coast,2005,1216700,,923211.39,1216700,,1216674,,,,,1397000,,,,,,1,AFRISTAT,,
CIV,Ivory Coast,2006,1320700,,1002283.9,1320700,,1320681,,,,,1551050,,,,,,1,AFRISTAT,,
CIV,Ivory Coast,2007,1827300,,1254833.9,1827300,,1827336,,,,,1983270,,,,,,1,AFRISTAT,,
CIV,Ivory Coast,2008,1902700,,1302584.1,1902700,,1902718,,,,,1999470,,,,,,1,AFRISTAT,,
CIV,Ivory Coast,2009,2301900,,1620200,2301900,,2301920,,,,,2341650,,,,,,1,AFRISTAT,,
CIV,Ivory Coast,2010,2703000,,1933543.4,2703000,,2702983,,,,,2736640,,,,,,1,AFRISTAT,,
CIV,Ivory Coast,2011,3089900,,2265699.5,3089900,,3089905,,,,,,,,,,,1,AFRISTAT,,
CIV,Ivory Coast,2012,3143700,,2093378,3143700,,3143660,,,,,,,,,,,1,AFRISTAT,,
CIV,Ivory Coast,2013,3554200,,2297249.1,3554200,,3554154,,,,,,,,,,,1,AFRISTAT,,
CIV,Ivory Coast,2014,4084600,,2615034.1,4084600,,4084604,,,,,,,,,,,1,AFRISTAT,,
CIV,Ivory Coast,2015,4911200,,3060474.6,4911200,,4911168,,,,,,,,,,,1,AFRISTAT,,
CIV,Ivory Coast,2016,5499000,,3210900.9,5499000,,5499006,,,,,,,,,,,1,AFRISTAT,,
CIV,Ivory Coast,2017,5921300,,3764076,5921300,,5921272,,,,,,,,,,,1,AFRISTAT,,
CIV,Ivory Coast,2018,6676900,,4345221.6,6676900,,6676870,,,,,,,,,,,1,AFRISTAT,,
CIV,Ivory Coast,2019,7304800,,,7304800,,7304771,,,,,,,,,,,1,AFRISTAT,,
CIV,Ivory Coast,2020,9132500,,,9132500,,9132546,,,,,,,,,,,1,AFRISTAT,,
CIV,Ivory Coast,2021,1.09e+07,,,10861000,,10860984,,,,,,,,,,,1,AFRISTAT,,
CIV,Ivory Coast,2022,1.22e+07,,,12168900,,12168941,,,,,,,,,,,1,AFRISTAT,,
CIV,Ivory Coast,2023,1.24e+07,,,,,12363096,,,,,,,,,,,.9999966,BCEAO,1,3
CIV,Ivory Coast,2024,1.45e+07,,,,,14546620,,,,,,,,,,,.9999966,BCEAO,,
CMR,Cameroon,1960,12687.14,,,,,,,,,,14300,,,,,,.8872125,Mitchell,,
CMR,Cameroon,1961,12775.86,,,,,,,,,,14400,,,,,,.8872125,Mitchell,,
CMR,Cameroon,1962,16147.27,,,,,,,,,,18200,,,,,,.8872125,Mitchell,,
CMR,Cameroon,1963,16768.32,,,,,,,,,,18900,,,,,,.8872125,Mitchell,,
CMR,Cameroon,1964,18631.46,,,,,,,,,,21000,,,,,,.8872125,Mitchell,,
CMR,Cameroon,1965,18808.91,,,,,,,,,,21200,,,,,,.8872125,Mitchell,,
CMR,Cameroon,1966,22978.8,,,,,,,,,,25900,,,,,,.8872125,Mitchell,,
CMR,Cameroon,1967,24043.46,,,,,,,,,,27100,,,,,,.8872125,Mitchell,,
CMR,Cameroon,1968,28124.64,,,,,,,,,,31700,,,,,,.8872125,Mitchell,,
CMR,Cameroon,1969,31229.88,,,,,,,,,,35200,,,,,,.8872125,Mitchell,,
CMR,Cameroon,1970,34068.96,,,,,,,,,,38400,,,,,,.8872125,Mitchell,,
CMR,Cameroon,1971,38682.46,,,,,,,,,,43600,,,,,,.8872125,Mitchell,,
CMR,Cameroon,1972,41876.43,,,,,,,,,,47200,,,,,,.8872125,Mitchell,,
CMR,Cameroon,1973,49151.57,,,,,,,,,,55400,,,,,,.8872125,Mitchell,,
CMR,Cameroon,1974,64677.79,,,,,,,,,,72900,,,,,,.8872125,Mitchell,,
CMR,Cameroon,1975,67428.15,,,,,,,,,,76000,,,,,,.8872125,Mitchell,,
CMR,Cameroon,1976,83930.3,,,,,,,,,,94600,,,,,,.8872125,Mitchell,,
CMR,Cameroon,1977,112676,,,,,,,,,,127000,,,,,,.8872125,Mitchell,,
CMR,Cameroon,1978,130420.2,,,,,,,,,,147000,,,,,,.8872125,Mitchell,,
CMR,Cameroon,1979,163247.1,,,,,,,,,,184000,,,,,,.8872125,Mitchell,1,4
CMR,Cameroon,1980,184540.2,,210993,,,,,,,,208000,,,,,,.8746271,AFDB,,
CMR,Cameroon,1981,229478.5,,262373,,,,,,,,259000,,,,,,.8746271,AFDB,,
CMR,Cameroon,1982,264058.7,,301910,,,,,,,,298000,,,,,,.8746271,AFDB,,
CMR,Cameroon,1983,332945.2,,380671,,,,,,,,377000,,,,,,.8746271,AFDB,,
CMR,Cameroon,1984,365098.2,,417433,,,,,,,,411000,,,,,,.8746271,AFDB,,
CMR,Cameroon,1985,379868.1,,434320,,,,,,,,427000,,,,,,.8746271,AFDB,,
CMR,Cameroon,1986,395218.6,,451871,,,,,,,,448000,,,,,,.8746271,AFDB,,
CMR,Cameroon,1987,342160.3,,391207,,,,,,,,387000,,,,,,.8746271,AFDB,,
CMR,Cameroon,1988,349851.7,,400001,,,,,,,,422000,,,,,,.8746271,AFDB,,
CMR,Cameroon,1989,356801.5,,407947,,,,,,,,452000,,,,,,.8746271,AFDB,1,4
CMR,Cameroon,1990,332534.1,,380201,338700,,,,,,,419000,,,,,,.9817954,AFRISTAT,,
CMR,Cameroon,1991,341959.3,,392709,348300,,,,,,,430000,,,,,,.9817954,AFRISTAT,,
CMR,Cameroon,1992,306025.6,,311330,311700,,,,,,,311000,,,,,,.9817954,AFRISTAT,,
CMR,Cameroon,1993,262041.2,,267460,266900,,,,,,,267000,,,,,,.9817954,AFRISTAT,,
CMR,Cameroon,1994,354428.1,,361290,361000,,,,,,,361000,,,,,,.9817954,AFRISTAT,,
CMR,Cameroon,1995,312800,,319242,318600,,,,,,,319000,,,,,,.9817954,AFRISTAT,,
CMR,Cameroon,1996,307694.7,,314141,313400,,,,,,,314000,,,,,,.9817954,AFRISTAT,,
CMR,Cameroon,1997,415103.1,,423899,422800,,,,,,,424000,,,,,,.9817954,AFRISTAT,,
CMR,Cameroon,1998,478428.9,,485285,487300,,,,,,,485000,,,,,,.9817954,AFRISTAT,,
CMR,Cameroon,1999,528009.6,,537734,537800,,,,,,,538000,,,,,,.9817954,AFRISTAT,,
CMR,Cameroon,2000,558739.8,,1046900,569100,,,,,,,631000,,,,,,.9817954,AFRISTAT,,
CMR,Cameroon,2001,684213.2,,1198077,696900,,,,,,,712000,,,,,,.9817954,AFRISTAT,,
CMR,Cameroon,2002,791130.7,,1416929,805800,,,,,,,814000,,,,,,.9817954,AFRISTAT,,
CMR,Cameroon,2003,738310.1,,1403622,752000,,,,,,,771000,,,,,,.9817954,AFRISTAT,,
CMR,Cameroon,2004,795352.4,,1505454,810100,,,,,,,830000,,,,,,.9817954,AFRISTAT,1,4
CMR,Cameroon,2005,828527.9,,1568249,,,,,,,,833000,,,,,,.528314,AFDB,1,4
CMR,Cameroon,2006,905200,,1713375,905200,,,,,,,830341,,,,,,1,AFRISTAT,,
CMR,Cameroon,2007,1128300,,2031935,1128300,,,,,,,1040565,,,,,,1,AFRISTAT,,
CMR,Cameroon,2008,1319100,,2303280,1319100,,,,,,,1210795,,,,,,1,AFRISTAT,,
CMR,Cameroon,2009,1424300,,2462427.6,1424300,,,,,,,1312303,,,,,,1,AFRISTAT,,
CMR,Cameroon,2010,1592400,,2741081.4,1592400,,,,,,,1449084,,,,,,1,AFRISTAT,,
CMR,Cameroon,2011,1797600,,3032868.9,1797600,,,,,,,,,,,,,1,AFRISTAT,,
CMR,Cameroon,2012,1805400,,3074101.2,1805400,,,,,,,,,,,,,1,AFRISTAT,,
CMR,Cameroon,2013,2036200,,3406878.4,2036200,,,,,,,,,,,,,1,AFRISTAT,,
CMR,Cameroon,2014,2205600,,3774378.1,2205600,,,,,,,,,,,,,1,AFRISTAT,,
CMR,Cameroon,2015,2358200,,4116356,2358200,,,,,,,,,,,,,1,AFRISTAT,,
CMR,Cameroon,2016,2514400,,4511119.7,2514400,,,,,,,,,,,,,1,AFRISTAT,,
CMR,Cameroon,2017,2698100,,4806020.9,2698100,,,,,,,,,,,,,1,AFRISTAT,,
CMR,Cameroon,2018,3039200,,5117561.4,3039200,,,,,,,,,,,,,1,AFRISTAT,,
CMR,Cameroon,2019,3323900,,,3323900,,,,,,,,,,,,,1,AFRISTAT,,
CMR,Cameroon,2020,3795900,,,3795900,,,,,,,,,,,,,1,AFRISTAT,,
CMR,Cameroon,2021,4600500,,,4600500,,,,,,,,,,,,,1,AFRISTAT,,
CMR,Cameroon,2022,5179600,,,5179600,,,,,,,,,,,,,1,AFRISTAT,,
COD,Democratic Republic of the Congo,1963,1.46e-10,,,,,,,,,,1.463e-10,,,,,,1,Mitchell,,
COD,Democratic Republic of the Congo,1964,1.67e-10,,,,,,,,,,1.673e-10,,,,,,1,Mitchell,,
COD,Democratic Republic of the Congo,1965,1.96e-10,,,,,,,,,,1.957e-10,,,,,,1,Mitchell,,
COD,Democratic Republic of the Congo,1966,2.49e-10,,,,,,,,,,2.490e-10,,,,,,1,Mitchell,,
COD,Democratic Republic of the Congo,1967,3.47e-10,,,,,,,,,,3.467e-10,,,,,,1,Mitchell,,
COD,Democratic Republic of the Congo,1968,4.33e-10,,,,,,,,,,4.333e-10,,,,,,1,Mitchell,,
COD,Democratic Republic of the Congo,1969,5.00e-10,,,,,,,,,,5.000e-10,,,,,,1,Mitchell,,
COD,Democratic Republic of the Congo,1970,6.23e-10,,,,,,,,,,6.233e-10,,,,,,1,Mitchell,,
COD,Democratic Republic of the Congo,1971,6.20e-10,,,,,,,,,,6.200e-10,,,,,,1,Mitchell,,
COD,Democratic Republic of the Congo,1972,7.77e-10,,,,,,,,,,7.767e-10,,,,,,1,Mitchell,,
COD,Democratic Republic of the Congo,1973,9.63e-10,,,,,,,,,,9.633e-10,,,,,,1,Mitchell,,
COD,Democratic Republic of the Congo,1974,1.29e-09,,,,,,,,,,1.293e-09,,,,,,1,Mitchell,,
COD,Democratic Republic of the Congo,1975,1.53e-09,,,,,,,,,,1.530e-09,,,,,,1,Mitchell,,
COD,Democratic Republic of the Congo,1976,2.20e-09,,,,,,,,,,2.200e-09,,,,,,1,Mitchell,,
COD,Democratic Republic of the Congo,1977,3.42e-09,,,,,,,,,,3.420e-09,,,,,,1,Mitchell,,
COD,Democratic Republic of the Congo,1978,5.36e-09,,,,,,,,,,5.363e-09,,,,,,1,Mitchell,,
COD,Democratic Republic of the Congo,1979,5.23e-09,,,,,,,,,,5.233e-09,,,,,,1,Mitchell,,
COD,Democratic Republic of the Congo,1980,9.03e-09,,,,,,,,,,9.033e-09,,,,,,1,Mitchell,,
COD,Democratic Republic of the Congo,1981,1.40e-08,,,,,,,,,,1.400e-08,,,,,,1,Mitchell,,
COD,Democratic Republic of the Congo,1982,2.47e-08,,,,,,,,,,2.473e-08,,,,,,1,Mitchell,,
COD,Democratic Republic of the Congo,1983,4.20e-08,,,,,,,,,,4.200e-08,,,,,,1,Mitchell,,
COD,Democratic Republic of the Congo,1984,5.80e-08,,,,,,,,,,5.800e-08,,,,,,1,Mitchell,,
COD,Democratic Republic of the Congo,1985,7.50e-08,,,,,,,,,,7.500e-08,,,,,,1,Mitchell,,
COD,Democratic Republic of the Congo,1986,1.20e-07,,,,,,,,,,1.197e-07,,,,,,1,Mitchell,,
COD,Democratic Republic of the Congo,1987,2.28e-07,,,,,,,,,,2.283e-07,,,,,,1,Mitchell,,
COD,Democratic Republic of the Congo,1988,5.00e-07,,,,,,,,,,5.000e-07,,,,,,1,Mitchell,,
COD,Democratic Republic of the Congo,1989,8.80e-07,,,,,,,,,,8.800e-07,,,,,,1,Mitchell,,
COD,Democratic Republic of the Congo,1990,2.42e-06,,,,,,,,,,2.420e-06,,,,,,1,Mitchell,,
COD,Democratic Republic of the Congo,1991,.0000602,,,,,,,,,,.00006019,,,,,,1,Mitchell,,
COD,Democratic Republic of the Congo,1992,.00254,,,,,,,,,,.00254,,,,,,1,Mitchell,,
COD,Democratic Republic of the Congo,1993,.06595,,,,,,,,,,.06595,,,,,,1,Mitchell,,
COD,Democratic Republic of the Congo,1994,3.725,,,,,,,,,,3.725,,,,,,1,Mitchell,,
COD,Democratic Republic of the Congo,1995,18.895,,,,,,,,,,18.895,,,,,,1,Mitchell,,
COD,Democratic Republic of the Congo,1996,,,,,,,,,,,,,,,,,1,Mitchell,,
COD,Democratic Republic of the Congo,1997,,,,,,,,,,,,,,,,,1,Mitchell,,
COD,Democratic Republic of the Congo,1998,,,,,,,,,,,,,,,,,1,Mitchell,,
COD,Democratic Republic of the Congo,1999,,,,,,,,,,,,,,,,,1,Mitchell,,
COD,Democratic Republic of the Congo,2000,,,,,,,,,,,,,,,,,1,Mitchell,,
COD,Democratic Republic of the Congo,2001,41064,,,,,,,,,,41064,,,,,,1,Mitchell,,
COD,Democratic Republic of the Congo,2002,57893,,,,,,,,,,57893,,,,,,1,Mitchell,,
COD,Democratic Republic of the Congo,2003,72110,,,,,,,,,,72110,,,,,,1,Mitchell,,
COD,Democratic Republic of the Congo,2004,117078,,,,,,,,,,117078,,,,,,1,Mitchell,,
COD,Democratic Republic of the Congo,2005,139097,,,,,,,,,,139097,,,,,,1,Mitchell,,
COD,Democratic Republic of the Congo,2006,211983,,,,,,,,,,211983,,,,,,1,Mitchell,,
COD,Democratic Republic of the Congo,2007,300273,,,,,,,,,,300273,,,,,,1,Mitchell,,
COD,Democratic Republic of the Congo,2008,392484,,,,,,,,,,392484,,,,,,1,Mitchell,,
COD,Democratic Republic of the Congo,2009,479875,,,,,,,,,,479875,,,,,,1,Mitchell,,
COD,Democratic Republic of the Congo,2010,706164,,,,,,,,,,706164,,,,,,1,Mitchell,,
COG,Republic of the Congo,1960,7112.498,,,,,,,,,,7350,,,,,,.9676868,Mitchell,,
COG,Republic of the Congo,1961,7896.325,,,,,,,,,,8160,,,,,,.9676868,Mitchell,,
COG,Republic of the Congo,1962,6793.162,,,,,,,,,,7020,,,,,,.9676868,Mitchell,,
COG,Republic of the Congo,1963,7886.647,,,,,,,,,,8150,,,,,,.9676868,Mitchell,,
COG,Republic of the Congo,1964,7431.835,,,,,,,,,,7680,,,,,,.9676868,Mitchell,,
COG,Republic of the Congo,1965,7170.56,,,,,,,,,,7410,,,,,,.9676868,Mitchell,,
COG,Republic of the Congo,1966,7683.434,,,,,,,,,,7940,,,,,,.9676868,Mitchell,,
COG,Republic of the Congo,1967,9173.671,,,,,,,,,,9480,,,,,,.9676868,Mitchell,,
COG,Republic of the Congo,1968,9773.637,,,,,,,,,,10100,,,,,,.9676868,Mitchell,,
COG,Republic of the Congo,1969,10451.02,,,,,,,,,,10800,,,,,,.9676868,Mitchell,,
COG,Republic of the Congo,1970,12096.08,,,,,,,,,,12500,,,,,,.9676868,Mitchell,,
COG,Republic of the Congo,1971,13257.31,,,,,,,,,,13700,,,,,,.9676868,Mitchell,,
COG,Republic of the Congo,1972,14128.23,,,,,,,,,,14600,,,,,,.9676868,Mitchell,,
COG,Republic of the Congo,1973,16547.45,,,,,,,,,,17100,,,,,,.9676868,Mitchell,,
COG,Republic of the Congo,1974,22934.18,,,,,,,,,,23700,,,,,,.9676868,Mitchell,,
COG,Republic of the Congo,1975,26030.78,,,,,,,,,,26900,,,,,,.9676868,Mitchell,,
COG,Republic of the Congo,1976,30288.6,,,,,,,,,,31300,,,,,,.9676868,Mitchell,,
COG,Republic of the Congo,1977,29611.22,,,,,,,,,,30600,,,,,,.9676868,Mitchell,,
COG,Republic of the Congo,1978,31933.67,,,,,,,,,,33000,,,,,,.9676868,Mitchell,,
COG,Republic of the Congo,1979,38320.4,,,,,,,,,,39600,,,,,,.9676868,Mitchell,,
COG,Republic of the Congo,1980,52545.39,,,,,,,,,,54300,,,,,,.9676868,Mitchell,,
COG,Republic of the Congo,1981,72673.28,,,,,,,,,,75100,,,,,,.9676868,Mitchell,,
COG,Republic of the Congo,1982,94446.23,,,,,,,,,,97600,,,,,,.9676868,Mitchell,,
COG,Republic of the Congo,1983,87575.66,,,,,,,,,,90500,,,,,,.9676868,Mitchell,,
COG,Republic of the Congo,1984,97736.37,,,,,,,,,,101000,,,,,,.9676868,Mitchell,,
COG,Republic of the Congo,1985,108380.9,,,,,,,,,,112000,,,,,,.9676868,Mitchell,,
COG,Republic of the Congo,1986,94349.47,,,,,,,,,,97500,,,,,,.9676868,Mitchell,,
COG,Republic of the Congo,1987,98704.05,,,,,,,,,,102000,,,,,,.9676868,Mitchell,,
COG,Republic of the Congo,1988,94349.47,,,,,,,,,,97500,,,,,,.9676868,Mitchell,,
COG,Republic of the Congo,1989,93478.55,,,,,,,,,,96600,,,,,,.9676868,Mitchell,1,3
COG,Republic of the Congo,1990,117090.1,,,117700,,,,,,,121000,,,,,,.9948182,AFRISTAT,,
COG,Republic of the Congo,1991,107937.8,,,108500,,,,,,,112000,,,,,,.9948182,AFRISTAT,,
COG,Republic of the Congo,1992,118781.3,,,119400,,,,,,,119000,,,,,,.9948182,AFRISTAT,,
COG,Republic of the Congo,1993,95502.55,,,96000,,,,,,,95800,,,,,,.9948182,AFRISTAT,,
COG,Republic of the Congo,1994,133803,,,134500,,,,,,,134000,,,,,,.9948182,AFRISTAT,,
COG,Republic of the Congo,1995,134897.3,,18.8947,135600,,,,,,,135000,,,,,,.9948182,AFRISTAT,,
COG,Republic of the Congo,1996,152406.2,,,153200,,,,,,,153000,,,,,,.9948182,AFRISTAT,,
COG,Republic of the Congo,1997,155191.6,,,156000,,,,,,,167000,,,,,,.9948182,AFRISTAT,,
COG,Republic of the Congo,1998,142756.4,,,143500,,,,,,,194000,,,,,,.9948182,AFRISTAT,,
COG,Republic of the Congo,1999,183146,,184033,184100,,,,,,,184000,,,,,,.9948182,AFRISTAT,,
COG,Republic of the Congo,2000,297848.6,,334280,299400,,,,,,,310000,,,,,,.9948182,AFRISTAT,,
COG,Republic of the Congo,2001,222938.8,,257994,224100,,,,,,,238000,,,,,,.9948182,AFRISTAT,,
COG,Republic of the Congo,2002,258254.8,,291681,259600,,,,,,,271000,,,,,,.9948182,AFRISTAT,,
COG,Republic of the Congo,2003,221148.1,,284590,222300,,,,,,,235000,,,,,,.9948182,AFRISTAT,,
COG,Republic of the Congo,2004,273077.6,,329798,274500,,,,,,,279000,,,,,,.9948182,AFRISTAT,1,3
COG,Republic of the Congo,2005,372318.5,,449652,,,,,,,,396000,,,,,,.8280147,AFDB,1,3
COG,Republic of the Congo,2006,550600,,664964,550600,,,,,,,584613,,,,,,1,AFRISTAT,,
COG,Republic of the Congo,2007,623600,,710916,623600,,,,,,,623647,,,,,,1,AFRISTAT,,
COG,Republic of the Congo,2008,850500,,969746.25,850500,,,,,,,853396,,,,,,1,AFRISTAT,,
COG,Republic of the Congo,2009,891200,,1018661,891200,,,,,,,891172,,,,,,1,AFRISTAT,,
COG,Republic of the Congo,2010,1251800,,1414519,1251800,,,,,,,1251790,,,,,,1,AFRISTAT,,
COG,Republic of the Congo,2011,1692300,,1901964,1692300,,,,,,,,,,,,,1,AFRISTAT,,
COG,Republic of the Congo,2012,2051300,,2303039,2051300,,,,,,,,,,,,,1,AFRISTAT,,
COG,Republic of the Congo,2013,1993800,,2318555,1993800,,,,,,,,,,,,,1,AFRISTAT,,
COG,Republic of the Congo,2014,2281600,,2622917,2281600,,,,,,,,,,,,,1,AFRISTAT,,
COG,Republic of the Congo,2015,1992400,,2321603,1992400,,,,,,,,,,,,,1,AFRISTAT,,
COG,Republic of the Congo,2016,1620100,,2425402.3,1620100,,,,,,,,,,,,,1,AFRISTAT,,
COG,Republic of the Congo,2017,1457100,,2600226.6,1457100,,,,,,,,,,,,,1,AFRISTAT,,
COG,Republic of the Congo,2018,1417700,,2788904.3,1417700,,,,,,,,,,,,,1,AFRISTAT,,
COG,Republic of the Congo,2019,1486500,,,1486500,,,,,,,,,,,,,1,AFRISTAT,,
COG,Republic of the Congo,2020,1639000,,,1639000,,,,,,,,,,,,,1,AFRISTAT,,
COG,Republic of the Congo,2021,1780900,,,1780900,,,,,,,,,,,,,1,AFRISTAT,,
COG,Republic of the Congo,2022,1772000,,,1772000,,,,,,,,,,,,,1,AFRISTAT,,
COK,Cook Islands,2000,25.082,25.082,,,,,,,,,,,,,,,1,ADB,,
COK,Cook Islands,2001,28.678,28.678,,,,,,,,,,,,,,,1,ADB,,
COK,Cook Islands,2002,31.053,31.053,,,,,,,,,,,,,,,1,ADB,,
COK,Cook Islands,2003,40.48452,40.484519,,,,,,,,,,,,,,,1,ADB,,
COK,Cook Islands,2004,36.956,36.956,,,,,,,,,,,,,,,1,ADB,,
COK,Cook Islands,2005,26.86791,26.867909,,,,,,,,,,,,,,,1,ADB,,
COK,Cook Islands,2006,27.834,27.834,,,,,,,,,,,,,,,1,ADB,,
COK,Cook Islands,2007,28.432,28.432,,,,,,,,,,,,,,,1,ADB,,
COK,Cook Islands,2008,29.671,29.671,,,,,,,,,,,,,,,1,ADB,,
COK,Cook Islands,2009,29.18891,29.188909,,,,,,,,,,,,,,,1,ADB,,
COK,Cook Islands,2010,63.45991,63.459909,,,,,,,,,,,,,,,1,ADB,,
COK,Cook Islands,2011,50.54591,50.545909,,,,,,,,,,,,,,,1,ADB,,
COK,Cook Islands,2012,59.44191,59.441909,,,,,,,,,,,,,,,1,ADB,,
COK,Cook Islands,2013,53.854,53.854,,,,,,,,,,,,,,,1,ADB,,
COK,Cook Islands,2014,70.241,70.241,,,,,,,,,,,,,,,1,ADB,,
COK,Cook Islands,2015,73.514,73.514,,,,,,,,,,,,,,,1,ADB,,
COK,Cook Islands,2016,71.982,71.982,,,,,,,,,,,,,,,1,ADB,,
COK,Cook Islands,2017,85.127,85.127,,,,,,,,,,,,,,,1,ADB,,
COK,Cook Islands,2018,91.412,91.412,,,,,,,,,,,,,,,1,ADB,,
COK,Cook Islands,2019,111.783,111.783,,,,,,,,,,,,,,,1,ADB,,
COK,Cook Islands,2020,136.45,136.45,,,,,,,,,,,,,,,1,ADB,,
COK,Cook Islands,2021,112.158,112.158,,,,,,,,,,,,,,,1,ADB,,
COK,Cook Islands,2022,121.607,121.607,,,,,,,,,,,,,,,1,ADB,,
COK,Cook Islands,2023,129.074,129.074,,,,,,,,,,,,,,,1,ADB,,
COL,Colombia,1948,761.2146,,,,,,,,,,760,,,,,,1.001598,Mitchell,,
COL,Colombia,1949,928.4814,,,,,,,,,,927,,,,,,1.001598,Mitchell,,
COL,Colombia,1950,975.5566,,,,,,,,,,974,,,,,,1.001598,Mitchell,,
COL,Colombia,1951,1128.801,,,,,,,,,,1127,,,,,,1.001598,Mitchell,,
COL,Colombia,1952,1320.106,,,,,,,,,,1318,,,,,,1.001598,Mitchell,,
COL,Colombia,1953,1552.477,,,,,,,,,,1550,,,,,,1.001598,Mitchell,,
COL,Colombia,1954,1845.945,,,,,,,,,,1843,,,,,,1.001598,Mitchell,,
COL,Colombia,1955,1914.054,,,,,,,,,,1911,,,,,,1.001598,Mitchell,,
COL,Colombia,1956,2380.799,,,,,,,,,,2377,,,,,,1.001598,Mitchell,,
COL,Colombia,1957,2702.312,,,,,,,,,,2698,,,,,,1.001598,Mitchell,,
COL,Colombia,1958,3268.215,,,,,,,,,,3263,,,,,,1.001598,Mitchell,,
COL,Colombia,1959,3638.806,,,,,,,,,,3633,,,,,,1.001598,Mitchell,,
COL,Colombia,1960,3991.368,,,,,,,,,,3985,,,,,,1.001598,Mitchell,,
COL,Colombia,1961,4968.928,,,,,,,,,,4961,,,,,,1.001598,Mitchell,,
COL,Colombia,1962,5936.472,,,,,,,,,,5927,,,,,,1.001598,Mitchell,,
COL,Colombia,1963,6703.696,,,,,,,,,,6693,,,,,,1.001598,Mitchell,,
COL,Colombia,1964,8259.178,,,,,,,,,,8246,,,,,,1.001598,Mitchell,,
COL,Colombia,1965,9615.342,,,,,,,,,,9600,,,,,,1.001598,Mitchell,,
COL,Colombia,1966,11217.9,,,,,,,,,,11200,,,,,,1.001598,Mitchell,,
COL,Colombia,1967,13721.89,,,,,,,,,,13700,,,,,,1.001598,Mitchell,,
COL,Colombia,1968,15925.41,,,,,,,,,,15900,,,,,,1.001598,Mitchell,,
COL,Colombia,1969,19431,,,,,,,,,,19400,,,,,,1.001598,Mitchell,,
COL,Colombia,1970,22435.8,,,,,,,,,,22400,,,,,,1.001598,Mitchell,,
COL,Colombia,1971,25140.11,,,,,,25063,,,,25100,,,,,,1.001598,Mitchell,,
COL,Colombia,1972,31950.98,,,,,,31854,,,,31900,,,,,,1.001598,Mitchell,,
COL,Colombia,1973,41666.48,,,,,,41647,,,,41600,,,,,,1.001598,Mitchell,,
COL,Colombia,1974,49178.47,,,,,,49067,,,,49100,,,,,,1.001598,Mitchell,,
COL,Colombia,1975,58994.13,,,,,,58915,,,,58900,,,,,,1.001598,Mitchell,,
COL,Colombia,1976,79526.89,,,,,,79383,,,,79400,,,,,,1.001598,Mitchell,,
COL,Colombia,1977,103164.6,,,,,,103503,,,,103000,,,,,,1.001598,Mitchell,,
COL,Colombia,1978,133212.5,,,,,,132929,,,,133000,,,,,,1.001598,Mitchell,,
COL,Colombia,1979,166265.3,,,,,,165899,,,,166000,,,,,,1.001598,Mitchell,,
COL,Colombia,1980,212338.8,,,,,,212397,,,,212000,,,,,,1.001598,Mitchell,,
COL,Colombia,1981,256409.1,,,,,,256372,,,,256000,,,,,,1.001598,Mitchell,1,1
COL,Colombia,1982,321513,,,,,,321402,,,,321000,,321513,,,,1,OECD_MEI,,
COL,Colombia,1983,405119,,,,,,396736,,,,397000,,405119,,,,1,OECD_MEI,,
COL,Colombia,1984,499734,,,,,,492390,,,,492000,,499734,,,,1,OECD_MEI,,
COL,Colombia,1985,640443,,,,,,545258,,,,545000,,640443,,,,1,OECD_MEI,,
COL,Colombia,1986,784490,,,,,,,,,,,,784490,,,,1,OECD_MEI,,
COL,Colombia,1987,1044566,,,,,,1019570,,,,1020000,,1044566,,,,1,OECD_MEI,,
COL,Colombia,1988,1314520,,,,,,1282040,,,,1282000,,1314520,,,,1,OECD_MEI,,
COL,Colombia,1989,1694747,,,,,,,,,,,,1694747,,,,1,OECD_MEI,,
COL,Colombia,1990,2122489,,,,,,2125020,2122489,,,2116000,,2122489,,,,1,OECD_MEI,,
COL,Colombia,1991,2795433,,,,,,2802100,2795433,,,2786000,,2795433,,,,1,OECD_MEI,,
COL,Colombia,1992,3941824,,,,,,4067000,3941824,,,4020000,,3941824,,,,1,OECD_MEI,,
COL,Colombia,1993,5124837,,,,,,5211300,5124837,,,5136000,,5124837,,,,1,OECD_MEI,,
COL,Colombia,1994,6419027,,,,,,6722400,6419027,,,6722000,,6419027,,,,1,OECD_MEI,,
COL,Colombia,1995,7717836,,,,,,8078500,7717836,,,8079000,,7717836,,,,1,OECD_MEI,,
COL,Colombia,1996,8992757,,,,,,9965980,8992757,,,9966000,,8992757,,,,1,OECD_MEI,,
COL,Colombia,1997,1.09e+07,,,,,,1.17e+07,10948010,,,11698000,,10948010,,,,1,OECD_MEI,,
COL,Colombia,1998,1.05e+07,,,,,,,10526462,,,10772000,,10526460,,,,1,OECD_MEI,,
COL,Colombia,1999,1.28e+07,,,,,,,12813971,,,13377000,,12813970,,,,1,OECD_MEI,,
COL,Colombia,2000,1.67e+07,,,,,,,16720782,,,16837000,,16720780,,,,1,OECD_MEI,,
COL,Colombia,2001,1.87e+07,,,,,,,18736950,,,18451000,,18736950,,,,1,OECD_MEI,,
COL,Colombia,2002,2.16e+07,,,,,,,21635640,,,21576000,,21635640,,,,1,OECD_MEI,,
COL,Colombia,2003,2.49e+07,,,,,,,24918299,,,24917000,,24918300,,,,1,OECD_MEI,,
COL,Colombia,2004,2.91e+07,,,,,,,29113724,,,28765000,,29113720,,,,1,OECD_MEI,,
COL,Colombia,2005,3.43e+07,,,,,,,34292648,,,34141000,,34292650,,,,1,OECD_MEI,,
COL,Colombia,2006,4.05e+07,,,,,,,40527503,,,40737987,,40527500,,,,1,OECD_MEI,,
COL,Colombia,2007,4.54e+07,,,,,,,45362271,,,45518887,,45362270,,,,1,OECD_MEI,,
COL,Colombia,2008,4.91e+07,,,,,,,49095538,,,49281857,,49095540,,,,1,OECD_MEI,,
COL,Colombia,2009,5.28e+07,,,,,,,52756330,,,52672331,,52756330,,,,1,OECD_MEI,,
COL,Colombia,2010,6.21e+07,,,,,,,62090574,,,62053887,,62090570,,,,1,OECD_MEI,,
COL,Colombia,2011,6.88e+07,,,,,,,68792663,,,,,68792660,,,,1,OECD_MEI,,
COL,Colombia,2012,7.32e+07,,,,,,,73233978,,,,,73233980,,,,1,OECD_MEI,,
COL,Colombia,2013,8.38e+07,,,,,,,83788541,,,,,83788540,,,,1,OECD_MEI,,
COL,Colombia,2014,9.36e+07,,,,,,,93606013,,,,,93606020,,,,1,OECD_MEI,,
COL,Colombia,2015,1.03e+08,,,,,,,1.034e+08,,,,,1.034e+08,,,,1,OECD_MEI,,
COL,Colombia,2016,1.02e+08,,,,,,,1.020e+08,,,,,1.020e+08,,,,1,OECD_MEI,,
COL,Colombia,2017,1.09e+08,,,,,,,1.085e+08,,,,,1.085e+08,,,,1,OECD_MEI,,
COL,Colombia,2018,1.16e+08,,,,,,,1.164e+08,,,,,1.164e+08,,,,1,OECD_MEI,,
COL,Colombia,2019,1.28e+08,,,,,,,1.279e+08,,,,,1.279e+08,,,,1,OECD_MEI,,
COL,Colombia,2020,1.61e+08,,,,,,,1.611e+08,,,,,1.611e+08,,,,1,OECD_MEI,,
COL,Colombia,2021,1.88e+08,,,,,,,1.883e+08,,,,,1.883e+08,,,,1,OECD_MEI,,
COL,Colombia,2022,1.90e+08,,,,,,,1.895e+08,,,,,1.895e+08,,,,1,OECD_MEI,,
COL,Colombia,2023,1.85e+08,,,,,,,,,,,,1.848e+08,,,,1,OECD_MEI,,
COL,Colombia,2024,2.07e+08,,,,,,,,,,,,2.071e+08,,,,1,OECD_MEI,,
COM,Comoros,1982,3556.871,,5231,,,,,,,,,,,,,,.6799601,AFDB,,
COM,Comoros,1983,5034.425,,7404,,,,,,,,,,,,,,.6799601,AFDB,,
COM,Comoros,1984,4261.99,,6268,,,,,,,,,,,,,,.6799601,AFDB,,
COM,Comoros,1985,4972.548,,7313,,,,,,,,,,,,,,.6799601,AFDB,,
COM,Comoros,1986,4933.791,,7256,,,,,,,,,,,,,,.6799601,AFDB,,
COM,Comoros,1987,5392.764,,7931,,,,,,,,,,,,,,.6799601,AFDB,,
COM,Comoros,1988,6194.437,,9110,,,,,,,,,,,,,,.6799601,AFDB,,
COM,Comoros,1989,7004.949,,10302,,,,,,,,,,,,,,.6799601,AFDB,1,3
COM,Comoros,1990,7422.445,,10916,11000,,,,,,,,,,,,,.6747677,AFRISTAT,,
COM,Comoros,1991,6815.154,,10122,10100,,,,,,,,,,,,,.6747677,AFRISTAT,,
COM,Comoros,1992,7489.922,,11069,11100,,,,,,,,,,,,,.6747677,AFRISTAT,,
COM,Comoros,1993,7827.306,,11575,11600,,,,,,,,,,,,,.6747677,AFRISTAT,,
COM,Comoros,1994,8367.12,,12714,12400,,,,,,,,,,,,,.6747677,AFRISTAT,,
COM,Comoros,1995,7962.259,,12040,11800,,,,,,,,,,,,,.6747677,AFRISTAT,,
COM,Comoros,1996,8232.166,,13021,12200,,,,,,,,,,,,,.6747677,AFRISTAT,,
COM,Comoros,1997,7489.922,,10603,11100,,,,,,,,,,,,,.6747677,AFRISTAT,1,3
COM,Comoros,1998,7074.561,,10015,,,,,,,,,,,,,,.7063965,AFDB,,
COM,Comoros,1999,8237.995,,11662,,,,,,,,,,,,,,.7063965,AFDB,,
COM,Comoros,2000,14220.47,,20131,,,,,,,,,,,,,,.7063965,AFDB,1,3
COM,Comoros,2001,22700,,32134.929,22700,,,,,,,,,,,,,1,AFRISTAT,,
COM,Comoros,2002,24900,,34942.616,24900,,,,,,,,,,,,,1,AFRISTAT,,
COM,Comoros,2003,24500,,34772.665,24500,,,,,,,,,,,,,1,AFRISTAT,,
COM,Comoros,2004,23000,,33236.005,23000,,,,,,,,,,,,,1,AFRISTAT,,
COM,Comoros,2005,21600,,35680.63,21600,,,,,,,,,,,,,1,AFRISTAT,,
COM,Comoros,2006,28400,,41035.408,28400,,,,,,,,,,,,,1,AFRISTAT,,
COM,Comoros,2007,32100,,45541.048,32100,,,,,,,,,,,,,1,AFRISTAT,,
COM,Comoros,2008,34800,,50792.8,34800,,,,,,,,,,,,,1,AFRISTAT,,
COM,Comoros,2009,35800,,57570.965,35800,,,,,,,,,,,,,1,AFRISTAT,,
COM,Comoros,2010,42600,,68746.679,42600,,,,,,,,,,,,,1,AFRISTAT,,
COM,Comoros,2011,48800,,75326.964,48800,,,,,,,,,,,,,1,AFRISTAT,,
COM,Comoros,2012,56500,,87372.621,56500,,,,,,,,,,,,,1,AFRISTAT,,
COM,Comoros,2013,56900,,89862.072,56900,,,,,,,,,,,,,1,AFRISTAT,,
COM,Comoros,2014,62300,,97134.836,62300,,,,,,,,,,,,,1,AFRISTAT,,
COM,Comoros,2015,76400,,113759.24,76400,,,,,,,,,,,,,1,AFRISTAT,,
COM,Comoros,2016,84300,,119748.51,84300,,,,,,,,,,,,,1,AFRISTAT,,
COM,Comoros,2017,85900,,126493.43,85900,,,,,,,,,,,,,1,AFRISTAT,,
COM,Comoros,2018,92800,,134472.5,92800,,,,,,,,,,,,,1,AFRISTAT,,
COM,Comoros,2019,98100,,,98100,,,,,,,,,,,,,1,AFRISTAT,,
COM,Comoros,2020,110900,,,110900,,,,,,,,,,,,,1,AFRISTAT,,
COM,Comoros,2021,140800,,,140800,,,,,,,,,,,,,1,AFRISTAT,,
COM,Comoros,2022,151400,,,151400,,,,,,,,,,,,,1,AFRISTAT,,
CPV,Cape Verde,1980,2185.063,,2280.6,,,,,,,,,,,,,,.9581085,AFDB,,
CPV,Cape Verde,1981,2429.859,,2536.1,,,,,,,,,,,,,,.9581085,AFDB,,
CPV,Cape Verde,1982,3071.696,,3206,,,,,,,,,,,,,,.9581085,AFDB,,
CPV,Cape Verde,1983,3587.158,,3744,,,,,,,,,,,,,,.9581085,AFDB,,
CPV,Cape Verde,1984,3816.242,,3983.1,,,,,,,,,,,,,,.9581085,AFDB,,
CPV,Cape Verde,1985,4379.322,,4570.8,,,,,,,,,,,,,,.9581085,AFDB,,
CPV,Cape Verde,1986,5073.568,,5295.4,,,,,,,,,,,,,,.9581085,AFDB,,
CPV,Cape Verde,1987,5102.79,,5325.9,,,,,,,,,,,,,,.9581085,AFDB,,
CPV,Cape Verde,1988,5385.432,,5620.9,,,,,,,,,,,,,,.9581085,AFDB,,
CPV,Cape Verde,1989,5870.714,,6127.4,,,,,,,,,,,,,,.9581085,AFDB,1,1
CPV,Cape Verde,1990,6500,,6784.2,6500,,,,,,,,,,,,,1,AFRISTAT,,
CPV,Cape Verde,1991,7000,,7404.1,7000,,,,,,,,,,,,,1,AFRISTAT,,
CPV,Cape Verde,1992,7500,,9732.4,7500,,,,,,,,,,,,,1,AFRISTAT,,
CPV,Cape Verde,1993,9000,,10598.7,9000,,,,,,,,,,,,,1,AFRISTAT,,
CPV,Cape Verde,1994,10000,,11472,10000,,,,,,,,,,,,,1,AFRISTAT,,
CPV,Cape Verde,1995,12000,,12053.1,12000,,,,,,,,,,,,,1,AFRISTAT,,
CPV,Cape Verde,1996,13000,,14310,13000,,,,,,,,,,,,,1,AFRISTAT,,
CPV,Cape Verde,1997,15500,,16085.6,15500,,,,,,,,,,,,,1,AFRISTAT,,
CPV,Cape Verde,1998,15500,,15669.4,15500,,,,,,,,,,,,,1,AFRISTAT,,
CPV,Cape Verde,1999,18300,,18548.5,18300,,,,,,,,,,,,,1,AFRISTAT,,
CPV,Cape Verde,2000,20100,,41699.9,20100,,,,,,,,,,,,,1,AFRISTAT,,
CPV,Cape Verde,2001,20800,,45580.7,20800,,,,,,,,,,,,,1,AFRISTAT,,
CPV,Cape Verde,2002,22600,,52062.7,22600,,,,,,,,,,,,,1,AFRISTAT,,
CPV,Cape Verde,2003,23000,,56539.989,23000,,,,,,,,,,,,,1,AFRISTAT,,
CPV,Cape Verde,2004,24400,,62523.4,24400,,,,,,,,,,,,,1,AFRISTAT,,
CPV,Cape Verde,2005,28700,,72389.505,28700,,,,,,,,,,,,,1,AFRISTAT,,
CPV,Cape Verde,2006,35900,,85440.888,35900,,,,,,,,,,,,,1,AFRISTAT,,
CPV,Cape Verde,2007,40300,,94627.894,40300,,,,,,,,,,,,,1,AFRISTAT,,
CPV,Cape Verde,2008,42200,,101783.49,42200,,,,,,,,,,,,,1,AFRISTAT,,
CPV,Cape Verde,2009,39900,,105306.87,39900,,,,,,,,,,,,,1,AFRISTAT,,
CPV,Cape Verde,2010,43600,,110999.18,43600,,,,,,,,,,,,,1,AFRISTAT,,
CPV,Cape Verde,2011,39100,,116088.04,39100,,,,,,,,,,,,,1,AFRISTAT,,
CPV,Cape Verde,2012,41100,,123406.85,41100,,,,,,,,,,,,,1,AFRISTAT,,
CPV,Cape Verde,2013,47600,,137490.94,47600,,,,,,,,,,,,,1,AFRISTAT,,
CPV,Cape Verde,2014,54200,,147667.68,54200,,,,,,,,,,,,,1,AFRISTAT,,
CPV,Cape Verde,2015,56500,,156929.37,56500,,,,,,,,,,,,,1,AFRISTAT,,
CPV,Cape Verde,2016,63500,,170044.86,63500,,,,,,,,,,,,,1,AFRISTAT,,
CPV,Cape Verde,2017,74900,,182624.49,74900,,,,,,,,,,,,,1,AFRISTAT,,
CPV,Cape Verde,2018,78700,,196852.9,78700,,,,,,,,,,,,,1,AFRISTAT,,
CPV,Cape Verde,2019,88000,,,88000,,,,,,,,,,,,,1,AFRISTAT,,
CPV,Cape Verde,2020,94000,,,94000,,,,,,,,,,,,,1,AFRISTAT,,
CPV,Cape Verde,2021,96600,,,96600,,,,,,,,,,,,,1,AFRISTAT,,
CPV,Cape Verde,2022,107500,,,107500,,,,,,,,,,,,,1,AFRISTAT,,
CRI,Costa Rica,1948,259.3338,,,,,,,,,,174,,,,,,1.490424,Mitchell,,
CRI,Costa Rica,1949,290.6327,,,,,,,,,,195,,,,,,1.490424,Mitchell,,
CRI,Costa Rica,1950,304.0465,,,,,,,,,,204,,,,,,1.490424,Mitchell,,
CRI,Costa Rica,1951,333.8549,,,,,,,,,,224,,,,,,1.490424,Mitchell,,
CRI,Costa Rica,1952,394.9623,,,,,,,,,,265,,,,,,1.490424,Mitchell,,
CRI,Costa Rica,1953,433.7133,,,,,,,,,,291,,,,,,1.490424,Mitchell,,
CRI,Costa Rica,1954,484.3878,,,,,,,,,,325,,,,,,1.490424,Mitchell,,
CRI,Costa Rica,1955,506.7441,,,,,,,,,,340,,,,,,1.490424,Mitchell,,
CRI,Costa Rica,1956,509.725,,,,,,,,,,342,,,,,,1.490424,Mitchell,,
CRI,Costa Rica,1957,551.4568,,,,,,,,,,370,,,,,,1.490424,Mitchell,,
CRI,Costa Rica,1958,594.6791,,,,,,,,,,399,,,,,,1.490424,Mitchell,,
CRI,Costa Rica,1959,636.411,,,,,,,,,,427,,,,,,1.490424,Mitchell,,
CRI,Costa Rica,1960,645.3536,,,,,,,,,,433,,,,,,1.490424,Mitchell,,
CRI,Costa Rica,1961,628.9589,,,,,,,,,,422,,,,,,1.490424,Mitchell,,
CRI,Costa Rica,1962,715.4035,,,,,,,,,,480,,,,,,1.490424,Mitchell,,
CRI,Costa Rica,1963,797.3768,,,,,,,,,,535,,,,,,1.490424,Mitchell,,
CRI,Costa Rica,1964,846.5608,,,,,,,,,,568,,,,,,1.490424,Mitchell,,
CRI,Costa Rica,1965,891.2735,,,,,,,,,,598,,,,,,1.490424,Mitchell,,
CRI,Costa Rica,1966,927.0437,,,,,,,,,,622,,,,,,1.490424,Mitchell,,
CRI,Costa Rica,1967,1240.033,,,,,,,,,,832,,,,,,1.490424,Mitchell,,
CRI,Costa Rica,1968,1265.37,,,,,,,,,,849,,,,,,1.490424,Mitchell,,
CRI,Costa Rica,1969,1429.317,,,,,,,,,,959,,,,,,1.490424,Mitchell,,
CRI,Costa Rica,1970,1499.366,,,,,,,,,,1006,,,,,,1.490424,Mitchell,,
CRI,Costa Rica,1971,1962.888,,,,,,,,,,1317,,,,,,1.490424,Mitchell,,
CRI,Costa Rica,1972,2237.126,,,,,,,,,,1501,,,,,,1.490424,Mitchell,,
CRI,Costa Rica,1973,2793.054,,,,,,,,,,1874,,,,,,1.490424,Mitchell,,
CRI,Costa Rica,1974,3198.45,,,,,,,,,,2146,,,,,,1.490424,Mitchell,,
CRI,Costa Rica,1975,4129.965,,,,,,,,,,2771,,,,,,1.490424,Mitchell,,
CRI,Costa Rica,1976,5079.365,,,,,,,,,,3408,,,,,,1.490424,Mitchell,,
CRI,Costa Rica,1977,6712.869,,,,,,,,,,4504,,,,,,1.490424,Mitchell,,
CRI,Costa Rica,1978,8383.635,,,,,,,,,,5625,,,,,,1.490424,Mitchell,,
CRI,Costa Rica,1979,9279.379,,,,,,,,,,6226,,,,,,1.490424,Mitchell,,
CRI,Costa Rica,1980,10836.87,,,,,,,,,,7271,,,,,,1.490424,Mitchell,,
CRI,Costa Rica,1981,16096.58,,,,,,,,,,10800,,,,,,1.490424,Mitchell,,
CRI,Costa Rica,1982,27423.8,,,,,,,,,,18400,,,,,,1.490424,Mitchell,,
CRI,Costa Rica,1983,38154.85,,,,,,,,,,25600,,,,,,1.490424,Mitchell,,
CRI,Costa Rica,1984,44861.76,,,,,,,,,,30100,,,,,,1.490424,Mitchell,,
CRI,Costa Rica,1985,48289.73,,,,,,,,,,32400,,,,,,1.490424,Mitchell,,
CRI,Costa Rica,1986,63343.02,,,,,,,,,,42500,,,,,,1.490424,Mitchell,,
CRI,Costa Rica,1987,63492.06,,,,,,,,,,42600,,,,,,1.490424,Mitchell,,
CRI,Costa Rica,1988,97324.68,,,,,,,,,,65300,,,,,,1.490424,Mitchell,,
CRI,Costa Rica,1989,95387.13,,,,,,,,,,64000,,,,,,1.490424,Mitchell,,
CRI,Costa Rica,1990,99113.19,,,,,,,,,,66500,,,,,,1.490424,Mitchell,,
CRI,Costa Rica,1991,118935.8,,,,,,,,,,79800,,,,,,1.490424,Mitchell,,
CRI,Costa Rica,1992,163648.5,,,,,,,,,,109800,,,,,,1.490424,Mitchell,,
CRI,Costa Rica,1993,174528.6,,,,,,,,,,117100,,,,,,1.490424,Mitchell,,
CRI,Costa Rica,1994,240852.5,,,,,,,,,,161600,,,,,,1.490424,Mitchell,,
CRI,Costa Rica,1995,226395.4,,,,,,,,,,151900,,,,,,1.490424,Mitchell,,
CRI,Costa Rica,1996,264550.3,,,,,,,,,,177500,,,,,,1.490424,Mitchell,,
CRI,Costa Rica,1997,528504.3,,,,,,,,,,354600,,,,,,1.490424,Mitchell,,
CRI,Costa Rica,1998,619122.1,,,,,,,,,,415400,,,,,,1.490424,Mitchell,,
CRI,Costa Rica,1999,796035.4,,,,,,,,,,534100,,,,,,1.490424,Mitchell,,
CRI,Costa Rica,2000,953424.2,,,,,,,,,,639700,,,,,,1.490424,Mitchell,1,1
CRI,Costa Rica,2001,1079365,,,,,,,687130.8,,,724200,,1079365,,,,1,OECD_MEI,,
CRI,Costa Rica,2002,1293683,,,,,,,813202.2,,,843100,,1293683,,,,1,OECD_MEI,,
CRI,Costa Rica,2003,1580802,,,,,,,943166,,,970100,,1580802,,,,1,OECD_MEI,,
CRI,Costa Rica,2004,1965650,,,,,,,994314.8,,,1046700,,1965650,,,,1,OECD_MEI,,
CRI,Costa Rica,2005,2460787,,,,,,,1242515.6,,,1310400,,2460787,,,,1,OECD_MEI,,
CRI,Costa Rica,2006,3112226,,,,,,,1697748.3,,,1191794.2,,3112226,,,,1,OECD_MEI,,
CRI,Costa Rica,2007,3749236,,,,,,,2244057.8,,,1459114.3,,3749236,,,,1,OECD_MEI,,
CRI,Costa Rica,2008,4535880,,,,,,,2512265.1,,,1481772,,4535880,,,,1,OECD_MEI,,
CRI,Costa Rica,2009,4887028,,,,,,,2561373.3,,,1478082.1,,4887028,,,,1,OECD_MEI,,
CRI,Costa Rica,2010,5418453,,,,,,,3063740.4,,,1787243,,5418453,,,,1,OECD_MEI,,
CRI,Costa Rica,2011,5846844,,,,,,,3409289.6,,,,,5846844,,,,1,OECD_MEI,,
CRI,Costa Rica,2012,6214330,,,,,,,3862107.8,,,,,6214330,,,,1,OECD_MEI,,
CRI,Costa Rica,2013,6912051,,,,,,,4351731.6,,,,,6912051,,,,1,OECD_MEI,,
CRI,Costa Rica,2014,7751526,,,,,,,4732710.3,,,,,7751526,,,,1,OECD_MEI,,
CRI,Costa Rica,2015,8685745,,,,,,,5493766.2,,,,,8685745,,,,1,OECD_MEI,,
CRI,Costa Rica,2016,9434648,,,,,,,6017765.1,,,,,9434648,,,,1,OECD_MEI,,
CRI,Costa Rica,2017,9753477,,,,,,,6024595.9,,,,,9753477,,,,1,OECD_MEI,,
CRI,Costa Rica,2018,1.05e+07,,,,,,,6371780.7,,,,,10509350,,,,1,OECD_MEI,,
CRI,Costa Rica,2019,1.13e+07,,,,,,,7115160.9,,,,,11314420,,,,1,OECD_MEI,,
CRI,Costa Rica,2020,1.48e+07,,,,,,,9147803.5,,,,,14764830,,,,1,OECD_MEI,,
CRI,Costa Rica,2021,1.75e+07,,,,,,,10495916,,,,,17504230,,,,1,OECD_MEI,,
CRI,Costa Rica,2022,1.66e+07,,,,,,,9455447.7,,,,,16649190,,,,1,OECD_MEI,,
CRI,Costa Rica,2023,1.70e+07,,,,,,,,,,,,16987930,,,,1,OECD_MEI,,
CRI,Costa Rica,2024,1.86e+07,,,,,,,,,,,,18550450,,,,1,OECD_MEI,,
CUB,Cuba,2000,10515.6,,,,,,,10515.6,,,,,,,,,1,ECLAC,,
CUB,Cuba,2001,11383.4,,,,,,,11383.4,,,,,,,,,1,ECLAC,,
CUB,Cuba,2002,12174,,,,,,,12174,,,,,,,,,1,ECLAC,,
CUB,Cuba,2003,11476.9,,,,,,,11476.9,,,,,,,,,1,ECLAC,,
CUB,Cuba,2004,11943,,,,,,,11943,,,,,,,,,1,ECLAC,,
CUB,Cuba,2005,15030.1,,,,,,,15030.1,,,,,,,,,1,ECLAC,,
CUB,Cuba,2006,14665.8,,,,,,,14665.8,,,,,,,,,1,ECLAC,,
CUB,Cuba,2007,15300.5,,,,,,,15300.5,,,,,,,,,1,ECLAC,,
CUB,Cuba,2008,16854.8,,,,,,,16854.8,,,,,,,,,1,ECLAC,,
CUB,Cuba,2009,15888.6,,,,,,,15888.6,,,,,,,,,1,ECLAC,,
CUB,Cuba,2010,15430.9,,,,,,,15430.9,,,,,,,,,1,ECLAC,,
CUB,Cuba,2011,15668.9,,,,,,,15668.9,,,,,,,,,1,ECLAC,,
CUB,Cuba,2012,18306.6,,,,,,,18306.6,,,,,,,,,1,ECLAC,,
CUB,Cuba,2013,20178.8,,,,,,,20178.8,,,,,,,,,1,ECLAC,,
CUB,Cuba,2014,25021.4,,,,,,,25021.4,,,,,,,,,1,ECLAC,,
CUB,Cuba,2015,27759.1,,,,,,,27759.1,,,,,,,,,1,ECLAC,,
CYP,Cyprus,1958,30.41311,,,,,,,,,,30.413106,,,,,,1,Mitchell,,
CYP,Cyprus,1959,27.33762,,,,,,,,,,27.337623,,,,,,1,Mitchell,,
CYP,Cyprus,1960,25.45816,,,,,,,,,,25.458161,,,,,,1,Mitchell,,
CYP,Cyprus,1961,29.04622,,,,,,,,,,29.046225,,,,,,1,Mitchell,,
CYP,Cyprus,1962,32.29257,,,,,,,,,,32.292567,,,,,,1,Mitchell,,
CYP,Cyprus,1963,34.85547,,,,,,,,,,34.855469,,,,,,1,Mitchell,,
CYP,Cyprus,1964,37.93095,,,,,,,,,,37.930952,,,,,,1,Mitchell,,
CYP,Cyprus,1965,41.51902,,,,,,,,,,41.519015,,,,,,1,Mitchell,,
CYP,Cyprus,1966,44.25278,,,,,,,,,,44.252777,,,,,,1,Mitchell,,
CYP,Cyprus,1967,49.7203,,,,,,,,,,49.720302,,,,,,1,Mitchell,,
CYP,Cyprus,1968,55.87127,,,,,,,,,,55.871267,,,,,,1,Mitchell,,
CYP,Cyprus,1969,64.92686,,,,,,,,,,64.926855,,,,,,1,Mitchell,,
CYP,Cyprus,1970,72.78642,,,,,,,,,,72.786421,,,,,,1,Mitchell,,
CYP,Cyprus,1971,79.79169,,,,,,,,,,79.791687,,,,,,1,Mitchell,,
CYP,Cyprus,1972,98.07372,,,,,,,,,,98.073723,,,,,,1,Mitchell,,
CYP,Cyprus,1973,104.0538,,,,,,,,,,104.05383,,,,,,1,Mitchell,,
CYP,Cyprus,1974,114.4763,,,,,,,,,,114.4763,,,,,,1,Mitchell,,
CYP,Cyprus,1975,106.1041,,,,,,,,,,106.10415,,,,,,1,Mitchell,,
CYP,Cyprus,1976,136.6881,,,,,,,,,,136.68812,,,,,,1,Mitchell,,
CYP,Cyprus,1977,146.7689,,,,,,,,,,146.76886,,,,,,1,Mitchell,,
CYP,Cyprus,1978,172.5687,,,,,,,,,,172.56875,,,,,,1,Mitchell,,
CYP,Cyprus,1979,222.1182,,,,,,,,,,222.11819,,,,,,1,Mitchell,,
CYP,Cyprus,1980,261.416,,,,,,,,,,261.41602,,,,,,1,Mitchell,,
CYP,Cyprus,1981,321.2171,,,,,,,,,,321.21707,,,,,,1,Mitchell,,
CYP,Cyprus,1982,372.4751,,,,,,,,,,372.47511,,,,,,1,Mitchell,,
CYP,Cyprus,1983,423.7332,,,,,,,,,,423.73316,,,,,,1,Mitchell,,
CYP,Cyprus,1984,442.5278,,,,,,,,,,442.52777,,,,,,1,Mitchell,,
CYP,Cyprus,1985,486.9514,,,,,,,,,,486.95141,,,,,,1,Mitchell,,
CYP,Cyprus,1986,483.5342,,,,,,,,,,483.53421,,,,,,1,Mitchell,,
CYP,Cyprus,1987,536.5009,,,,,,,,,,536.50085,,,,,,1,Mitchell,,
CYP,Cyprus,1988,613.3879,,,,,,,,,,613.38792,,,,,,1,Mitchell,,
CYP,Cyprus,1989,657.8116,,,,,,,,,,657.81155,,,,,,1,Mitchell,,
CYP,Cyprus,1990,732.99,,,,,,,,,,732.99002,,,,,,1,Mitchell,,
CYP,Cyprus,1991,789.3738,,,,,,,,,,789.37387,,,,,,1,Mitchell,,
CYP,Cyprus,1992,864.5523,,,,,,,,,,864.55233,,,,,,1,Mitchell,,
CYP,Cyprus,1993,938.0222,,,,,,,,,,938.02219,,,,,,1,Mitchell,,
CYP,Cyprus,1994,984.1544,,,,,,,,,,984.15443,,,,,,1,Mitchell,,
CYP,Cyprus,1995,1045.664,,,,,,,,,,1045.6641,,,,,,1,Mitchell,,
CYP,Cyprus,1996,1115.717,,,,,,,,,,1115.7167,,,,,,1,Mitchell,,
CYP,Cyprus,1997,1204.564,,,,,,,,,,1204.564,,,,,,1,Mitchell,,
CYP,Cyprus,1998,1247.279,,,,,,,,,,1247.2791,,,,,,1,Mitchell,,
CYP,Cyprus,1999,1773.528,,,,,,,,,,1773.5283,,,,,,1,Mitchell,,
CYP,Cyprus,2000,1734.23,,,,,,,,,,1734.2305,,,,,,1,Mitchell,,
CYP,Cyprus,2001,1727.396,,,,,,,,,,1727.3961,,,,,,1,Mitchell,,
CYP,Cyprus,2002,1746.191,,,,,,,,,,1746.1907,,,,,,1,Mitchell,,
CYP,Cyprus,2003,2279.274,,,,,,,,,,2279.2743,,,,,,1,Mitchell,,
CYP,Cyprus,2004,2453.552,,,,,,,,,,2453.5517,,,,,,1,Mitchell,,
CYP,Cyprus,2005,2897.788,,,,,,,,,,2897.788,,,,,,1,Mitchell,,
CYP,Cyprus,2006,3867.829,,,,,,,,,,3867.8294,,,,,,1,Mitchell,,
CYP,Cyprus,2007,4429.635,,,,,,,,,,4429.6347,,,,,,1,Mitchell,,
CZE,Czech Republic,1992,356060.3,,,,,,,,,,,,356060.3,,,,1,OECD_MEI,,
CZE,Czech Republic,1993,399247.8,,,,,,,,,,,,399247.8,,,,1,OECD_MEI,,
CZE,Czech Republic,1994,459481.3,,,,,,,,,,,,459481.3,,,,1,OECD_MEI,,
CZE,Czech Republic,1995,525527.9,,,,,,,,,,,,525527.9,,,,1,OECD_MEI,,
CZE,Czech Republic,1996,552985.4,,,,,,,,,,,,552985.4,,,,1,OECD_MEI,,
CZE,Czech Republic,1997,518106.9,,,,,,,,,,,,518106.9,,,,1,OECD_MEI,,
CZE,Czech Republic,1998,499678.2,,,,,,,,,,,,499678.2,,,,1,OECD_MEI,,
CZE,Czech Republic,1999,553851.3,,,,,,,,,,,,553851.3,,,,1,OECD_MEI,,
CZE,Czech Republic,2000,615568.9,,,,,,,,,,,,615568.9,,,,1,OECD_MEI,,
CZE,Czech Republic,2001,721812.4,,,,,,,,,,,,721812.4,,,,1,OECD_MEI,,
CZE,Czech Republic,2002,841741,,,,,,,,,,,,841741,,,,1,OECD_MEI,,
CZE,Czech Republic,2003,964178.9,,,,,,,,,,,,964178.9,,,,1,OECD_MEI,,
CZE,Czech Republic,2004,1026302,,,,,,,,,,,,1026302,,,,1,OECD_MEI,,
CZE,Czech Republic,2005,1162751,,,,,,,,,,,,1162751,,,,1,OECD_MEI,,
CZE,Czech Republic,2006,1325640,,,,,,,,,,,,1325640,,,,1,OECD_MEI,,
CZE,Czech Republic,2007,1526565,,,,,,,,,,,,1526565,,,,1,OECD_MEI,,
CZE,Czech Republic,2008,1674998,,,,,,,,,,,,1674998,,,,1,OECD_MEI,,
CZE,Czech Republic,2009,1771845,,,,,,,,,,,,1771845,,,,1,OECD_MEI,,
CZE,Czech Republic,2010,2021727,,,,,,,,,,,,2021727,,,,1,OECD_MEI,,
CZE,Czech Republic,2011,2149765,,,,,,,,,,,,2149765,,,,1,OECD_MEI,,
CZE,Czech Republic,2012,2336272,,,,,,,,,,,,2336272,,,,1,OECD_MEI,,
CZE,Czech Republic,2013,2514304,,,,,,,,,,,,2514304,,,,1,OECD_MEI,,
CZE,Czech Republic,2014,2803252,,,,,,,,,,,,2803252,,,,1,OECD_MEI,,
CZE,Czech Republic,2015,3101163,,,,,,,,,,,,3101163,,,,1,OECD_MEI,,
CZE,Czech Republic,2016,3422686,,,,,,,,,,,,3422686,,,,1,OECD_MEI,,
CZE,Czech Republic,2017,3773357,,,,,,,,,,,,3773357,,,,1,OECD_MEI,,
CZE,Czech Republic,2018,3958630,,,,,,,,,,,,3958630,,,,1,OECD_MEI,,
CZE,Czech Republic,2019,4130175,,,,,,,,,,,,4130175,,,,1,OECD_MEI,,
CZE,Czech Republic,2020,4797737,,,,,,,,,,,,4797737,,,,1,OECD_MEI,,
CZE,Czech Republic,2021,5057112,,,,,,,,,,,,5057112,,,,1,OECD_MEI,,
CZE,Czech Republic,2022,4799055,,,,,,,,,,,,4799055,,,,1,OECD_MEI,,
CZE,Czech Republic,2023,4984877,,,,,,,,,,,,4984877,,,,1,OECD_MEI,,
CZE,Czech Republic,2024,5511602,,,,,,,,,,,,5511602,,,,1,OECD_MEI,,
DEU,Germany,1870,5.54e-10,,,,,,,,,5.54e-10,,,,,,,1,JST,,
DEU,Germany,1871,6.77e-10,,,,,,,,,6.77e-10,,,,,,,1,JST,,
DEU,Germany,1872,9.59e-10,,,,,,,,,9.59e-10,,,,,,,1,JST,,
DEU,Germany,1873,1.07e-09,,,,,,,,,1.07e-09,,,,,,,1,JST,,
DEU,Germany,1874,1.01e-09,,,,,,,,,1.01e-09,,,,,,,1,JST,,
DEU,Germany,1875,8.16e-10,,,,,,,,,8.16e-10,,,,,,,1,JST,,
DEU,Germany,1876,7.51e-10,,,,,,,,,7.51e-10,,,,,,,1,JST,,
DEU,Germany,1877,7.31e-10,,,,,,,,,7.31e-10,,,,,,,1,JST,,
DEU,Germany,1878,7.22e-10,,,,,,,,,7.22e-10,,,,,,,1,JST,,
DEU,Germany,1879,8.38e-10,,,,,,,,,8.38e-10,,,,,,,1,JST,,
DEU,Germany,1880,8.48e-10,,,,,,,,,8.48e-10,,,,,,,1,JST,,
DEU,Germany,1881,9.51e-10,,,,,,,,,9.51e-10,,,,,,,1,JST,,
DEU,Germany,1882,9.17e-10,,,,,,,,,9.17e-10,,,,,,,1,JST,,
DEU,Germany,1883,9.91e-10,,,,,,,,,9.91e-10,,,,,,,1,JST,,
DEU,Germany,1884,1.08e-09,,,,,,,,,1.08e-09,,,,,,,1,JST,,
DEU,Germany,1885,1.13e-09,,,,,,,,,1.13e-09,,,,,,,1,JST,,
DEU,Germany,1886,1.24e-09,,,,,,,,,1.24e-09,,,,,,,1,JST,,
DEU,Germany,1887,1.22e-09,,,,,,,,,1.22e-09,,,,,,,1,JST,,
DEU,Germany,1888,1.30e-09,,,,,,,,,1.30e-09,,,,,,,1,JST,,
DEU,Germany,1889,1.54e-09,,,,,,,,,1.54e-09,,,,,,,1,JST,,
DEU,Germany,1890,1.49e-09,,,,,,,,,1.49e-09,,,,,,,1,JST,,
DEU,Germany,1891,1.52e-09,,,,,,,,,1.52e-09,,,,,,,1,JST,,
DEU,Germany,1892,1.51e-09,,,,,,,,,1.51e-09,,,,,,,1,JST,,
DEU,Germany,1893,1.51e-09,,,,,,,,,1.51e-09,,,,,,,1,JST,,
DEU,Germany,1894,1.79e-09,,,,,,,,,1.79e-09,,,,,,,1,JST,,
DEU,Germany,1895,1.98e-09,,,,,,,,,1.98e-09,,,,,,,1,JST,,
DEU,Germany,1896,1.94e-09,,,,,,,,,1.94e-09,,,,,,,1,JST,,
DEU,Germany,1897,2.13e-09,,,,,,,,,2.13e-09,,,,,,,1,JST,,
DEU,Germany,1898,2.38e-09,,,,,,,,,2.38e-09,,,,,,,1,JST,,
DEU,Germany,1899,2.61e-09,,,,,,,,,2.61e-09,,,,,,,1,JST,,
DEU,Germany,1900,2.79e-09,,,,,,,,,2.79e-09,,,,,,,1,JST,,
DEU,Germany,1901,2.80e-09,,,,,,,,,2.80e-09,,,,,,,1,JST,,
DEU,Germany,1902,3.03e-09,,,,,,,,,3.03e-09,,,,,,,1,JST,,
DEU,Germany,1903,3.20e-09,,,,,,,,,3.20e-09,,,,,,,1,JST,,
DEU,Germany,1904,3.60e-09,,,,,,,,,3.60e-09,,,,,,,1,JST,,
DEU,Germany,1905,4.08e-09,,,,,,,,,4.08e-09,,,,,,,1,JST,,
DEU,Germany,1906,4.55e-09,,,,,,,,,4.55e-09,,,,,,,1,JST,,
DEU,Germany,1907,4.99e-09,,,,,,,,,4.99e-09,,,,,,,1,JST,,
DEU,Germany,1908,5.22e-09,,,,,,,,,5.22e-09,,,,,,,1,JST,,
DEU,Germany,1909,5.73e-09,,,,,,,,,5.73e-09,,,,,,,1,JST,,
DEU,Germany,1910,6.30e-09,,,,,,,,,6.30e-09,,,,,,,1,JST,,
DEU,Germany,1911,6.56e-09,,,,,,,,,6.56e-09,,,,,,,1,JST,,
DEU,Germany,1912,6.72e-09,,,,,,,,,6.72e-09,,,,,,,1,JST,,
DEU,Germany,1913,6.91e-09,,,,,,,,,6.91e-09,,,,,,,1,JST,,
DEU,Germany,1914,,,,,,,,,,,,,,,,,1,JST,,
DEU,Germany,1915,,,,,,,,,,,,,,,,,1,JST,,
DEU,Germany,1916,,,,,,,,,,,,,,,,,1,JST,,
DEU,Germany,1917,,,,,,,,,,,,,,,,,1,JST,,
DEU,Germany,1918,,,,,,,,,,,,,,,,,1,JST,,
DEU,Germany,1919,,,,,,,,,,,,,,,,,1,JST,,
DEU,Germany,1920,,,,,,,,,,,,,,,,,1,JST,,
DEU,Germany,1921,,,,,,,,,,,,,,,,,1,JST,,
DEU,Germany,1922,,,,,,,,,,,,,,,,,1,JST,,
DEU,Germany,1923,2182.705,,,,,,,,,2182.705,,,,,,,1,JST,,
DEU,Germany,1924,4589.867,,,,,,,,,4589.867,,,,,,,1,JST,,
DEU,Germany,1925,5997.454,,,,,,,,,5997.454,,,,,,,1,JST,,
DEU,Germany,1926,7546.157,,,,,,,,,7546.157,,,,,,,1,JST,,
DEU,Germany,1927,8761.497,,,,,,,,,8761.497,,,,,,,1,JST,,
DEU,Germany,1928,9637.852,,,,,,,,,9637.852,,,,,,,1,JST,,
DEU,Germany,1929,9952.808,,,,,,,,,9952.808,,,,,,,1,JST,,
DEU,Germany,1930,9234.954,,,,,,,,,9234.954,,,,,,,1,JST,,
DEU,Germany,1931,7306.873,,,,,,,,,7306.873,,,,,,,1,JST,,
DEU,Germany,1932,6001.544,,,,,,,,,6001.544,,,,,,,1,JST,,
DEU,Germany,1933,5712.664,,,,,,,,,5712.664,,,,,,,1,JST,,
DEU,Germany,1934,6016.883,,,,,,,,,6016.883,,,,,,,1,JST,,
DEU,Germany,1935,6514.37,,,,,,,,,6514.37,,,,,,,1,JST,,
DEU,Germany,1936,7114.115,,,,,,,,,7114.115,,,,,,,1,JST,,
DEU,Germany,1937,6721.954,,,,,,,,,6721.954,,,,,,,1,JST,,
DEU,Germany,1938,8642.366,,,,,,,,,8642.366,,,,,,,1,JST,,
DEU,Germany,1939,,,,,,,,,,,,,,,,,1,JST,,
DEU,Germany,1940,,,,,,,,,,,,,,,,,1,JST,,
DEU,Germany,1941,,,,,,,,,,,,,,,,,1,JST,,
DEU,Germany,1942,,,,,,,,,,,,,,,,,1,JST,,
DEU,Germany,1943,,,,,,,,,,,,,,,,,1,JST,,
DEU,Germany,1944,,,,,,,,,,,,,,,,,1,JST,,
DEU,Germany,1945,,,,,,,,,,,,,,,,,1,JST,,
DEU,Germany,1946,,,,,,,,,,,,,,,,,1,JST,,
DEU,Germany,1947,,,,,,,,,,,,,,,,,1,JST,,
DEU,Germany,1948,6145.729,,,,,,,,,6145.729,,,,,,,1,JST,,
DEU,Germany,1949,7383.055,,,,,,,,,7383.055,,,,,,,1,JST,,
DEU,Germany,1950,8339.171,,,,,,,,,8339.171,8589.7036,,,,,,1,JST,,
DEU,Germany,1951,9709.433,,,,,,,,,9709.433,9765.6749,,,,,,1,JST,,
DEU,Germany,1952,10732.02,,,,,,,,,10732.02,10788.259,,,,,,1,JST,,
DEU,Germany,1953,11708.58,,,,,,,,,11708.58,11861.972,,,,,,1,JST,,
DEU,Germany,1954,13293.59,,,,,,,,,13293.59,13498.106,,,,,,1,JST,,
DEU,Germany,1955,14725.21,,,,,,,,,14725.21,14878.594,,,,,,1,JST,,
DEU,Germany,1956,15798.92,,,,,,,,,15798.92,15747.79,,,,,,1,JST,,
DEU,Germany,1957,17741.83,,,,,,,,,17741.83,17946.345,,,,,,1,JST,,
DEU,Germany,1958,19889.26,,,,,,,,,19889.26,20298.288,,,,,,1,JST,,
DEU,Germany,1959,22547.97,,,,,,,,,22547.97,22701.36,,,,,,1,JST,,
DEU,Germany,1960,24081.85,,,,,,,,,24081.85,55117.265,,,,,,1,JST,,
DEU,Germany,1961,27763.15,,,,,,,,,27763.15,27814.278,,,,,,1,JST,,
DEU,Germany,1962,29603.8,,,,,,,,,29603.8,29706.058,,,,,,1,JST,,
DEU,Germany,1963,31648.97,,,,,,,,,31648.97,31853.484,,,,,,1,JST,,
DEU,Germany,1964,34358.81,,,,,,,,,34358.81,34563.331,,,,,,1,JST,,
DEU,Germany,1965,37017.53,,,,,,,,,37017.53,37222.049,,,,,,1,JST,,
DEU,Germany,1966,37733.34,,,,,,,,,37733.34,37937.858,,,,,,1,JST,,
DEU,Germany,1967,41568.03,,,,,,,,,41568.03,41721.418,,,,,,1,JST,,
DEU,Germany,1968,44942.56,,,,,,,,,44942.56,46323.044,,,,,,1,JST,,
DEU,Germany,1969,47652.4,,,,,,,,,47652.4,48777.245,,,,,,1,JST,,
DEU,Germany,1970,52100.64,,,,,,,,,52100.64,53020.968,,,,,,1,JST,,
DEU,Germany,1971,58542.92,,,,,,,,,58542.92,59770.021,,,,,,1,JST,,
DEU,Germany,1972,67286.02,,,,,,,,,67286.02,68206.337,,,,,,1,JST,,
DEU,Germany,1973,68461.98,,,,,,,,,68461.98,69382.308,,,,,,1,JST,,
DEU,Germany,1974,75926.84,,,,,,,,,75926.84,76796.041,,,,,,1,JST,,
DEU,Germany,1975,86970.75,,,,,,,,,86970.75,87788.816,,,,,,1,JST,,
DEU,Germany,1976,89476.08,,,,,,,,,89476.08,90652.051,,,,,,1,JST,,
DEU,Germany,1977,100520,,,,,,,,,100520,101542.57,,,,,,1,JST,,
DEU,Germany,1978,115449.7,,,,,,,,,115449.7,116318.9,,,,,,1,JST,,
DEU,Germany,1979,119335.5,,,,,,,,,119335.5,119693.43,,,,,,1,JST,,
DEU,Germany,1980,124090.5,,,,,,,,,124090.5,124448.44,,,,,,1,JST,,
DEU,Germany,1981,122096.5,,,,,,,,,122096.5,122505.53,,,,,,1,JST,,
DEU,Germany,1982,130686.2,,,,,,,,,130686.2,131248.63,,,,,,1,JST,,
DEU,Germany,1983,141679,,,,,,,,,141679,142241.4,,,,,,1,JST,,
DEU,Germany,1984,150831.1,,,,,,,,,150831.1,150728.85,,,,,,1,JST,,
DEU,Germany,1985,161057,,,,,,,,,161057,160801.3,,,,,,1,JST,,
DEU,Germany,1986,174350.5,,,,,,,,,174350.5,173941.5,,,,,,1,JST,,
DEU,Germany,1987,187644.1,,,,,,,,,187644.1,186979.44,,,,,,1,JST,,
DEU,Germany,1988,209118.4,,,,,,,,,209118.4,208760.48,,,,,,1,JST,,
DEU,Germany,1989,221900.7,,,,,,,,,221900.7,220673.58,,,,,,1,JST,,
DEU,Germany,1990,285812.2,,,,,,,,,285812.2,282181.99,,,,,,1,JST,,
DEU,Germany,1991,298083.2,,,,,,,,,298083.2,293992.83,,,,,,1,JST,,
DEU,Germany,1992,333873.6,,,,,,,,,333873.6,327738.1,,,,,,1,JST,,
DEU,Germany,1993,362505.9,,,,,,,,,362505.9,356677.22,,,,,,1,JST,,
DEU,Germany,1994,386536.7,,,,,,,,,386536.7,359438.19,,,,,,1,JST,,
DEU,Germany,1995,413635.1,,,,,,,,,413635.1,372731.78,,,,,,1,JST,,
DEU,Germany,1996,464764.3,,,,,,,,,464764.3,411589.96,,,,,,1,JST,,
DEU,Germany,1997,473967.6,,,,,,,,,473967.6,446306.68,,,,,,1,JST,,
DEU,Germany,1998,521517.7,,,,,,,,,521517.7,475808.22,,,,,,1,JST,,
DEU,Germany,1999,543794,,,,,,,,,543794,568200,,,,,,1,JST,,
DEU,Germany,2000,564142,,,,,,,,,564142,584000,,,,,,1,JST,,
DEU,Germany,2001,610266.9,,,,,,,,,610266.9,,,,,,,1,JST,,
DEU,Germany,2002,681247,,,,,,,,,681247,,,,,,,1,JST,,
DEU,Germany,2003,745839,,,,,,,,,745839,,,,,,,1,JST,,
DEU,Germany,2004,782886.9,,,,,,,,,782886.9,,,,,,,1,JST,,
DEU,Germany,2005,869815,,,,,,,,,869815,,,,,,,1,JST,,
DEU,Germany,2006,919149,,,,,,,,,919149,,,,,,,1,JST,,
DEU,Germany,2007,960967.9,,,,,,,,,960967.9,,,,,,,1,JST,,
DEU,Germany,2008,1026570,,,,,,,,,1026570,,,,,,,1,JST,,
DEU,Germany,2009,1204486,,,,,,,,,1204486,,,,,,,1,JST,,
DEU,Germany,2010,1308535,,,,,,,,,1308535,,,,,,,1,JST,,
DEU,Germany,2011,1387146,,,,,,,,,1387146,,,,,,,1,JST,,
DEU,Germany,2012,1585008,,,,,,,,,1585008,,,,,,,1,JST,,
DEU,Germany,2013,1675775,,,,,,,,,1675775,,,,,,,1,JST,,
DEU,Germany,2014,1788273,,,,,,,,,1788273,,,,,,,1,JST,,
DEU,Germany,2015,2014043,,,,,,,,,2014043,,,,,,,1,JST,,
DEU,Germany,2016,2173021,,,,,,,,,2173021,,,,,,,1,JST,,
DEU,Germany,2017,2317399,,,,,,,,,2317399,,,,,,,1,JST,,
DEU,Germany,2018,2480345,,,,,,,,,2480345,,,,,,,1,JST,,
DEU,Germany,2019,2648325,,,,,,,,,2648325,,,,,,,1,JST,,
DEU,Germany,2020,2973597,,,,,,,,,2973597,,,,,,,1,JST,,
DJI,Djibouti,1984,8560.636,,19934,,,,,,,,,,,,,,.429449,AFDB,,
DJI,Djibouti,1985,8817.876,,20533,,,,,,,,,,,,,,.429449,AFDB,,
DJI,Djibouti,1986,10001.87,,23290,,,,,,,,,,,,,,.429449,AFDB,,
DJI,Djibouti,1987,10878.37,,25331,,,,,,,,,,,,,,.429449,AFDB,,
DJI,Djibouti,1988,11623.47,,27066,,,,,,,,,,,,,,.429449,AFDB,,
DJI,Djibouti,1989,10815.24,,25184,,,,,,,,,,,,,,.429449,AFDB,,
DJI,Djibouti,1990,11750.58,,27362,,,,,,,,,,,,,,.429449,AFDB,,
DJI,Djibouti,1991,13591.63,,31649,,,,,,,,,,,,,,.429449,AFDB,,
DJI,Djibouti,1992,15022.55,,34981,,,,,,,,,,,,,,.429449,AFDB,,
DJI,Djibouti,1993,15633.66,,36404,,,,,,,,,,,,,,.429449,AFDB,,
DJI,Djibouti,1994,16150.72,,37608,,,,,,,,,,,,,,.429449,AFDB,,
DJI,Djibouti,1995,15888.75,,36998,,,,,,,,,,,,,,.429449,AFDB,,
DJI,Djibouti,1996,15427.95,,35925,,,,,,,,,,,,,,.429449,AFDB,,
DJI,Djibouti,1997,13947.64,,32478,,,,,,,,,,,,,,.429449,AFDB,,
DJI,Djibouti,1998,12564.82,,29258,,,,,,,,,,,,,,.429449,AFDB,,
DJI,Djibouti,1999,13001.14,,30274,,,,,,,,,,,,,,.429449,AFDB,,
DJI,Djibouti,2000,22592.45,,52608,,,,,,,,,,,,,,.429449,AFDB,,
DJI,Djibouti,2001,24293.5,,56569,,,,,,,,,,,,,,.429449,AFDB,,
DJI,Djibouti,2002,28101.85,,65437,,,,,,,,,,,,,,.429449,AFDB,,
DJI,Djibouti,2003,33092.05,,77057,,,,,,,,,,,,,,.429449,AFDB,,
DJI,Djibouti,2004,37685.86,,87754,,,,,,,,,,,,,,.429449,AFDB,,
DJI,Djibouti,2005,41961.03,,97709,,,,,,,,,,,,,,.429449,AFDB,,
DJI,Djibouti,2006,46259.38,,107718,,,,,,,,,,,,,,.429449,AFDB,,
DJI,Djibouti,2007,50688.72,,118032,,,,,,,,,,,,,,.429449,AFDB,,
DJI,Djibouti,2008,61114.88,,142310,,,,,,,,,,,,,,.429449,AFDB,1,1
DJI,Djibouti,2009,71800,,167191,71800,,,,,,,,,,,,,1,AFRISTAT,,
DJI,Djibouti,2010,88600,,187589,88600,,,,,,,,,,,,,1,AFRISTAT,,
DJI,Djibouti,2011,78900,,179209,78900,,,,,,,,,,,,,1,AFRISTAT,,
DJI,Djibouti,2012,80800,,206184.27,80800,,,,,,,,,,,,,1,AFRISTAT,,
DJI,Djibouti,2013,99300,,220396.7,99300,,,,,,,,,,,,,1,AFRISTAT,,
DJI,Djibouti,2014,108000,,234774.05,108000,,,,,,,,,,,,,1,AFRISTAT,,
DJI,Djibouti,2015,132400,,279443.91,132400,,,,,,,,,,,,,1,AFRISTAT,,
DJI,Djibouti,2016,150100,,289840.08,150100,,,,,,,,,,,,,1,AFRISTAT,,
DJI,Djibouti,2017,151800,,318651.46,151800,,,,,,,,,,,,,1,AFRISTAT,,
DJI,Djibouti,2018,169500,,352890.56,169500,,,,,,,,,,,,,1,AFRISTAT,,
DJI,Djibouti,2019,176700,,,176700,,,,,,,,,,,,,1,AFRISTAT,,
DJI,Djibouti,2020,191000,,,191000,,,,,,,,,,,,,1,AFRISTAT,,
DJI,Djibouti,2021,200600,,,200600,,,,,,,,,,,,,1,AFRISTAT,,
DJI,Djibouti,2022,200700,,,200700,,,,,,,,,,,,,1,AFRISTAT,,
DMA,Dominica,1993,64.6,,,,,,,64.6,,,,,,,,,1,ECLAC,,
DMA,Dominica,1994,62.3,,,,,,,62.3,,,,,,,,,1,ECLAC,,
DMA,Dominica,1995,72.9,,,,,,,72.9,,,,,,,,,1,ECLAC,,
DMA,Dominica,1996,71.4,,,,,,,71.4,,,,,,,,,1,ECLAC,,
DMA,Dominica,1997,74.7,,,,,,,74.7,,,,,,,,,1,ECLAC,,
DMA,Dominica,1998,85.4,,,,,,,85.4,,,,,,,,,1,ECLAC,,
DMA,Dominica,1999,124.5,,,,,,,124.5,,,,,,,,,1,ECLAC,,
DMA,Dominica,2000,108.1,,,,,,,108.1,,,,,,,,,1,ECLAC,,
DMA,Dominica,2001,111.6,,,,,,,111.6,,,,,,,,,1,ECLAC,,
DMA,Dominica,2002,136.9,,,,,,,136.9,,,,,,,,,1,ECLAC,,
DMA,Dominica,2003,140.1,,,,,,,140.1,,,,,,,,,1,ECLAC,,
DMA,Dominica,2004,147.4,,,,,,,147.4,,,,,,,,,1,ECLAC,,
DMA,Dominica,2005,177.5,,,,,,,177.5,,,,,,,,,1,ECLAC,,
DMA,Dominica,2006,180.8,,,,,,,180.8,,,,,,,,,1,ECLAC,,
DMA,Dominica,2007,201.3,,,,,,,201.3,,,,,,,,,1,ECLAC,,
DMA,Dominica,2008,187.3,,,,,,,187.3,,,,,,,,,1,ECLAC,,
DMA,Dominica,2009,202,,,,,,,202,,,,,,,,,1,ECLAC,,
DMA,Dominica,2010,192.2,,,,,,,192.2,,,,,,,,,1,ECLAC,,
DMA,Dominica,2011,189.8,,,,,,,189.8,,,,,,,,,1,ECLAC,,
DMA,Dominica,2012,227.8,,,,,,,227.8,,,,,,,,,1,ECLAC,,
DMA,Dominica,2013,212.9,,,,,,,212.9,,,,,,,,,1,ECLAC,,
DMA,Dominica,2014,234.7,,,,,,,234.7,,,,,,,,,1,ECLAC,,
DMA,Dominica,2015,260.8,,,,,,,260.8,,,,,,,,,1,ECLAC,,
DMA,Dominica,2016,302.4,,,,,,,302.4,,,,,,,,,1,ECLAC,,
DMA,Dominica,2017,438.1,,,,,,,438.1,,,,,,,,,1,ECLAC,,
DMA,Dominica,2018,446.8,,,,,,,446.8,,,,,,,,,1,ECLAC,,
DMA,Dominica,2019,371.7,,,,,,,371.7,,,,,,,,,1,ECLAC,,
DMA,Dominica,2020,330.2,,,,,,,330.2,,,,,,,,,1,ECLAC,,
DNK,Denmark,1870,26,,,,,,,,,26,,,,,,,1,JST,,
DNK,Denmark,1871,26,,,,,,,,,26,,,,,,,1,JST,,
DNK,Denmark,1872,30,,,,,,,,,30,,,,,,,1,JST,,
DNK,Denmark,1873,34,,,,,,,,,34,,,,,,,1,JST,,
DNK,Denmark,1874,35,,,,,,,,,35,,,,,,,1,JST,,
DNK,Denmark,1875,65,,,,,,,,,65,,,,,,,1,JST,,
DNK,Denmark,1876,68,,,,,,,,,68,,,,,,,1,JST,,
DNK,Denmark,1877,62,,,,,,,,,62,,,,,,,1,JST,,
DNK,Denmark,1878,66,,,,,,,,,66,,,,,,,1,JST,,
DNK,Denmark,1879,72,,,,,,,,,72,,,,,,,1,JST,,
DNK,Denmark,1880,76,,,,,,,,,76,,,,,,,1,JST,,
DNK,Denmark,1881,84,,,,,,,,,84,,,,,,,1,JST,,
DNK,Denmark,1882,77,,,,,,,,,77,,,,,,,1,JST,,
DNK,Denmark,1883,79,,,,,,,,,79,,,,,,,1,JST,,
DNK,Denmark,1884,76,,,,,,,,,76,,,,,,,1,JST,,
DNK,Denmark,1885,75,,,,,,,,,75,,,,,,,1,JST,,
DNK,Denmark,1886,75,,,,,,,,,75,,,,,,,1,JST,,
DNK,Denmark,1887,87,,,,,,,,,87,,,,,,,1,JST,,
DNK,Denmark,1888,84,,,,,,,,,84,,,,,,,1,JST,,
DNK,Denmark,1889,80,,,,,,,,,80,,,,,,,1,JST,,
DNK,Denmark,1890,78,,,,,,,,,78,,,,,,,1,JST,,
DNK,Denmark,1891,77,,,,,,,,,77,,,,,,,1,JST,,
DNK,Denmark,1892,78,,,,,,,,,78,,,,,,,1,JST,,
DNK,Denmark,1893,84,,,,,,,,,84,,,,,,,1,JST,,
DNK,Denmark,1894,79,,,,,,,,,79,,,,,,,1,JST,,
DNK,Denmark,1895,87,,,,,,,,,87,,,,,,,1,JST,,
DNK,Denmark,1896,89,,,,,,,,,89,,,,,,,1,JST,,
DNK,Denmark,1897,91,,,,,,,,,91,,,,,,,1,JST,,
DNK,Denmark,1898,93,,,,,,,,,93,,,,,,,1,JST,,
DNK,Denmark,1899,97,,,,,,,,,97,,,,,,,1,JST,,
DNK,Denmark,1900,104,,,,,,,,,104,,,,,,,1,JST,,
DNK,Denmark,1901,108,,,,,,,,,108,,,,,,,1,JST,,
DNK,Denmark,1902,108,,,,,,,,,108,,,,,,,1,JST,,
DNK,Denmark,1903,114,,,,,,,,,114,,,,,,,1,JST,,
DNK,Denmark,1904,115,,,,,,,,,115,,,,,,,1,JST,,
DNK,Denmark,1905,124,,,,,,,,,124,,,,,,,1,JST,,
DNK,Denmark,1906,128,,,,,,,,,128,,,,,,,1,JST,,
DNK,Denmark,1907,129,,,,,,,,,129,,,,,,,1,JST,,
DNK,Denmark,1908,136,,,,,,,,,136,,,,,,,1,JST,,
DNK,Denmark,1909,134,,,,,,,,,134,,,,,,,1,JST,,
DNK,Denmark,1910,143,,,,,,,,,143,,,,,,,1,JST,,
DNK,Denmark,1911,148,,,,,,,,,148,,,,,,,1,JST,,
DNK,Denmark,1912,155,,,,,,,,,155,,,,,,,1,JST,,
DNK,Denmark,1913,159,,,,,,,,,159,,,,,,,1,JST,,
DNK,Denmark,1914,221,,,,,,,,,221,,,,,,,1,JST,,
DNK,Denmark,1915,236,,,,,,,,,236,,,,,,,1,JST,,
DNK,Denmark,1916,341,,,,,,,,,341,,,,,,,1,JST,,
DNK,Denmark,1917,386,,,,,,,,,386,,,,,,,1,JST,,
DNK,Denmark,1918,545,,,,,,,,,545,,,,,,,1,JST,,
DNK,Denmark,1919,535,,,,,,,,,535,,,,,,,1,JST,,
DNK,Denmark,1920,608,,,,,,,,,608,,,,,,,1,JST,,
DNK,Denmark,1921,560,,,,,,,,,560,,,,,,,1,JST,,
DNK,Denmark,1922,619,,,,,,,,,619,,,,,,,1,JST,,
DNK,Denmark,1923,531,,,,,,,,,531,,,,,,,1,JST,,
DNK,Denmark,1924,513,,,,,,,,,513,,,,,,,1,JST,,
DNK,Denmark,1925,504,,,,,,,,,504,,,,,,,1,JST,,
DNK,Denmark,1926,421,,,,,,,,,421,,,,,,,1,JST,,
DNK,Denmark,1927,396,,,,,,,,,396,,,,,,,1,JST,,
DNK,Denmark,1928,407,,,,,,,,,407,,,,,,,1,JST,,
DNK,Denmark,1929,420,,,,,,,,,420,,,,,,,1,JST,,
DNK,Denmark,1930,424,,,,,,,,,424,,,,,,,1,JST,,
DNK,Denmark,1931,406,,,,,,,,,406,,,,,,,1,JST,,
DNK,Denmark,1932,458,,,,,,,,,458,,,,,,,1,JST,,
DNK,Denmark,1933,446,,,,,,,,,446,,,,,,,1,JST,,
DNK,Denmark,1934,496,,,,,,,,,496,,,,,,,1,JST,,
DNK,Denmark,1935,471,,,,,,,,,471,,,,,,,1,JST,,
DNK,Denmark,1936,464,,,,,,,,,464,,,,,,,1,JST,,
DNK,Denmark,1937,511,,,,,,,,,511,,,,,,,1,JST,,
DNK,Denmark,1938,564,,,,,,,,,564,,,,,,,1,JST,,
DNK,Denmark,1939,714,,,,,,,,,714,,,,,,,1,JST,,
DNK,Denmark,1940,1056,,,,,,,,,1056,,,,,,,1,JST,,
DNK,Denmark,1941,1667,,,,,,,,,1667,,,,,,,1,JST,,
DNK,Denmark,1942,1919,,,,,,,,,1919,,,,,,,1,JST,,
DNK,Denmark,1943,3293,,,,,,,,,3293,,,,,,,1,JST,,
DNK,Denmark,1944,4566,,,,,,,,,4566,,,,,,,1,JST,,
DNK,Denmark,1945,4911,,,,,,,,,4911,,,,,,,1,JST,,
DNK,Denmark,1946,,,,,,,,,,,,,,,,,1,JST,,
DNK,Denmark,1947,,,,,,,,,,,,,,,,,1,JST,,
DNK,Denmark,1948,,,,,,,,,,,,,,,,,1,JST,,
DNK,Denmark,1949,,,,,,,,,,,,,,,,,1,JST,,
DNK,Denmark,1950,4089.239,,,,,,,,,4089.239,6530,,,,,,1,JST,,
DNK,Denmark,1951,5513.58,,,,,,,,,5513.58,6170,,,,,,1,JST,,
DNK,Denmark,1952,5805.967,,,,,,,,,5805.967,6570,,,,,,1,JST,,
DNK,Denmark,1953,6181.893,,,,,,,,,6181.893,7060,,,,,,1,JST,,
DNK,Denmark,1954,6223.663,,,,,,,,,6223.663,6930,,,,,,1,JST,,
DNK,Denmark,1955,6432.51,,,,,,,,,6432.51,7110,,,,,,1,JST,,
DNK,Denmark,1956,6808.436,,,,,,,,,6808.436,7440,,,,,,1,JST,,
DNK,Denmark,1957,7184.362,,,,,,,,,7184.362,7800,,,,,,1,JST,,
DNK,Denmark,1958,8103.292,,,,,,,,,8103.292,8840,,,,,,1,JST,,
DNK,Denmark,1959,8938.685,,,,,,,,,8938.685,9800,,,,,,1,JST,,
DNK,Denmark,1960,9314.609,,,,,,,,,9314.609,10030,,,,,,1,JST,,
DNK,Denmark,1961,10150,,,,,,,,,10150,11140,,,,,,1,JST,,
DNK,Denmark,1962,11027.16,,,,,,,,,11027.16,12210,,,,,,1,JST,,
DNK,Denmark,1963,12363.79,,,,,,,,,12363.79,13860,,,,,,1,JST,,
DNK,Denmark,1964,13658.64,,,,,,,,,13658.64,15230,,,,,,1,JST,,
DNK,Denmark,1965,14953.5,,,,,,,,,14953.5,16970,,,,,,1,JST,,
DNK,Denmark,1966,16874.9,,,,,,,,,16874.9,19340,,,,,,1,JST,,
DNK,Denmark,1967,18295.06,,,,,,,,,18295.06,21120,,,,,,1,JST,,
DNK,Denmark,1968,19715.23,,,,,,,,,19715.23,24060,,,,,,1,JST,,
DNK,Denmark,1969,23182.1,,,,,,,,,23182.1,27130,,,,,,1,JST,,
DNK,Denmark,1970,23892.18,,,,,,,,,23892.18,27470,,,,,,1,JST,,
DNK,Denmark,1971,24727.57,,,,,,,,,24727.57,29610,,,,,,1,JST,,
DNK,Denmark,1972,26629.69,,,,,,,,,26629.69,33640,,,,,,1,JST,,
DNK,Denmark,1973,30433.94,,,,,,,,,30433.94,37590,,,,,,1,JST,,
DNK,Denmark,1974,31702.02,,,,,,,,,31702.02,39360,,,,,,1,JST,,
DNK,Denmark,1975,36774.34,,,,,,,,,36774.34,51270,,,,,,1,JST,,
DNK,Denmark,1976,43114.74,,,,,,,,,43114.74,54510,,,,,,1,JST,,
DNK,Denmark,1977,45650.9,,,,,,,,,45650.9,58850,,,,,,1,JST,,
DNK,Denmark,1978,50723.22,,,,,,,,,50723.22,68300,,,,,,1,JST,,
DNK,Denmark,1979,57697.67,,,,,,,,,57697.67,75050,,,,,,1,JST,,
DNK,Denmark,1980,60867.87,,,,,,,,,60867.87,83210,,,,,,1,JST,,
DNK,Denmark,1981,68476.36,,,,,,,,,68476.36,88030,,,,,,1,JST,,
DNK,Denmark,1982,76084.84,,,,,,,,,76084.84,91670,,,,,,1,JST,,
DNK,Denmark,1983,91301.8,,,,,,,,,91301.8,113300,,,,,,1,JST,,
DNK,Denmark,1984,110323,,,,,,,,,110323,128100,,,,,,1,JST,,
DNK,Denmark,1985,131246.4,,,,,,,,,131246.4,156500,,,,,,1,JST,,
DNK,Denmark,1986,159778.2,,,,,,,,,159778.2,168000,,,,,,1,JST,,
DNK,Denmark,1987,171824.9,,,,,,,,,171824.9,188500,,,,,,1,JST,,
DNK,Denmark,1988,191480.2,,,,,,,,,191480.2,225100,,,,,,1,JST,,
DNK,Denmark,1989,200990.8,,,,,,,,,200990.8,226100,,,,,,1,JST,,
DNK,Denmark,1990,212403.5,,,,,,,,,212403.5,244500,,,,,,1,JST,1,1
DNK,Denmark,1991,235863,,,,,,,,,235863,258300,,235863,,,,1,OECD_MEI,,
DNK,Denmark,1992,247071,,,,,,,,,247071,256000,,247071,,,,1,OECD_MEI,,
DNK,Denmark,1993,294185,,,,,,,,,294185,283000,,294185,,,,1,OECD_MEI,,
DNK,Denmark,1994,279963,,,,,,,,,279963,279100,,279963,,,,1,OECD_MEI,,
DNK,Denmark,1995,290895,,,,,,,,,290895,292000,,290895,,,,1,OECD_MEI,,
DNK,Denmark,1996,322743,,,,,,,,,322743,325500,,322743,,,,1,OECD_MEI,,
DNK,Denmark,1997,343497,,,,,,,,,343497,344100,,343497,,,,1,OECD_MEI,,
DNK,Denmark,1998,367060,,,,,,,,,367060,360700,,367060,,,,1,OECD_MEI,,
DNK,Denmark,1999,377952,,,,,,,,,377952,381800,,377952,,,,1,OECD_MEI,,
DNK,Denmark,2000,386604,,,,,,,,,386604,385900,,386604,,,,1,OECD_MEI,,
DNK,Denmark,2001,414851,,,,,,,,,414851,414800,,414851,,,,1,OECD_MEI,,
DNK,Denmark,2002,438084,,,,,,,,,438084,430800,,438084,,,,1,OECD_MEI,,
DNK,Denmark,2003,469556.5,,,,,,,,,469138,469200,,469556.5,,,,1,OECD_MEI,,
DNK,Denmark,2004,536136.1,,,,,,,,,536546,536600,,536136.1,,,,1,OECD_MEI,,
DNK,Denmark,2005,639128.7,,,,,,,,,643536,643536,,639128.7,,,,1,OECD_MEI,,
DNK,Denmark,2006,700936.8,,,,,,,,,699268,699268,,700936.8,,,,1,OECD_MEI,,
DNK,Denmark,2007,764029.7,,,,,,,,,755095,755095,,764029.7,,,,1,OECD_MEI,,
DNK,Denmark,2008,766679.5,,,,,,,,,755190,755190,,766679.5,,,,1,OECD_MEI,,
DNK,Denmark,2009,798339.7,,,,,,,,,820300,820300,,798339.7,,,,1,OECD_MEI,,
DNK,Denmark,2010,809067.2,,,,,,,,,800400,824000,,809067.2,,,,1,OECD_MEI,,
DNK,Denmark,2011,791164.8,,,,,,,,,775200,,,791164.8,,,,1,OECD_MEI,,
DNK,Denmark,2012,877158.6,,,,,,,,,851400,,,877158.6,,,,1,OECD_MEI,,
DNK,Denmark,2013,878249.3,,,,,,,,,878249.3,,,878249.3,,,,1,OECD_MEI,,
DNK,Denmark,2014,946066.4,,,,,,,,,946066.4,,,946066.4,,,,1,OECD_MEI,,
DNK,Denmark,2015,1043643,,,,,,,,,1043643,,,1043643,,,,1,OECD_MEI,,
DNK,Denmark,2016,1122332,,,,,,,,,1122332,,,1122332,,,,1,OECD_MEI,,
DNK,Denmark,2017,1180778,,,,,,,,,1180778,,,1180778,,,,1,OECD_MEI,,
DNK,Denmark,2018,1229072,,,,,,,,,1229072,,,1229072,,,,1,OECD_MEI,,
DNK,Denmark,2019,1308680,,,,,,,,,1308680,,,1308680,,,,1,OECD_MEI,,
DNK,Denmark,2020,1455424,,,,,,,,,1465355,,,1455424,,,,1,OECD_MEI,,
DNK,Denmark,2021,1453510,,,,,,,,,,,,1453510,,,,1,OECD_MEI,,
DNK,Denmark,2022,1540672,,,,,,,,,,,,1540672,,,,1,OECD_MEI,,
DNK,Denmark,2023,1491527,,,,,,,,,,,,1491527,,,,1,OECD_MEI,,
DNK,Denmark,2024,1519263,,,,,,,,,,,,1519263,,,,1,OECD_MEI,,
DOM,Dominican Republic,1950,43.87999,,,,,,,,,,41.8,,,,,,1.04976,Mitchell,,
DOM,Dominican Republic,1951,55.74228,,,,,,,,,,53.1,,,,,,1.04976,Mitchell,,
DOM,Dominican Republic,1952,65.19012,,,,,,,,,,62.1,,,,,,1.04976,Mitchell,,
DOM,Dominican Republic,1953,63.19558,,,,,,,,,,60.2,,,,,,1.04976,Mitchell,,
DOM,Dominican Republic,1954,72.01357,,,,,,,,,,68.6,,,,,,1.04976,Mitchell,,
DOM,Dominican Republic,1955,80.30668,,,,,,,,,,76.5,,,,,,1.04976,Mitchell,,
DOM,Dominican Republic,1956,80.72658,,,,,,,,,,76.9,,,,,,1.04976,Mitchell,,
DOM,Dominican Republic,1957,91.74907,,,,,,,,,,87.4,,,,,,1.04976,Mitchell,,
DOM,Dominican Republic,1958,112.3244,,,,,,,,,,107,,,,,,1.04976,Mitchell,,
DOM,Dominican Republic,1959,96.47298,,,,,,,,,,91.9,,,,,,1.04976,Mitchell,,
DOM,Dominican Republic,1960,107.0756,,,,,,,,,,102,,,,,,1.04976,Mitchell,,
DOM,Dominican Republic,1961,109.1751,,,,,,,,,,104,,,,,,1.04976,Mitchell,,
DOM,Dominican Republic,1962,119.6727,,,,,,,,,,114,,,,,,1.04976,Mitchell,,
DOM,Dominican Republic,1963,136.4689,,,,,,,,,,130,,,,,,1.04976,Mitchell,,
DOM,Dominican Republic,1964,122.822,,,,,,,,,,117,,,,,,1.04976,Mitchell,,
DOM,Dominican Republic,1965,141.7177,,,,,,,,,,135,,,,,,1.04976,Mitchell,,
DOM,Dominican Republic,1966,121.7722,,,,,,,,,,116,,,,,,1.04976,Mitchell,,
DOM,Dominican Republic,1967,125.9713,,,,,,,,,,120,,,,,,1.04976,Mitchell,,
DOM,Dominican Republic,1968,145.9167,,,,,,,,,,139,,,,,,1.04976,Mitchell,,
DOM,Dominican Republic,1969,156.4143,,,,,,,,,,149,,,,,,1.04976,Mitchell,,
DOM,Dominican Republic,1970,180.5588,,,,,,,,,,172,,,,,,1.04976,Mitchell,,
DOM,Dominican Republic,1971,197.355,,,,,,,,,,188,,,,,,1.04976,Mitchell,,
DOM,Dominican Republic,1972,233.0468,,,,,,,,,,222,,,,,,1.04976,Mitchell,,
DOM,Dominican Republic,1973,272.9377,,,,,,,,,,260,,,,,,1.04976,Mitchell,,
DOM,Dominican Republic,1974,382.1128,,,,,,,,,,364,,,,,,1.04976,Mitchell,,
DOM,Dominican Republic,1975,398.909,,,,,,,,,,380,,,,,,1.04976,Mitchell,,
DOM,Dominican Republic,1976,409.4066,,,,,,,,,,390,,,,,,1.04976,Mitchell,,
DOM,Dominican Republic,1977,482.8898,,,,,,,,,,460,,,,,,1.04976,Mitchell,,
DOM,Dominican Republic,1978,480.7903,,,,,,,,,,458,,,,,,1.04976,Mitchell,,
DOM,Dominican Republic,1979,627.7568,,,,,,,,,,598,,,,,,1.04976,Mitchell,,
DOM,Dominican Republic,1980,608.8611,,,,,,,,,,580,,,,,,1.04976,Mitchell,,
DOM,Dominican Republic,1981,693.8917,,,,,,,,,,661,,,,,,1.04976,Mitchell,,
DOM,Dominican Republic,1982,823.0122,,,,,,,,,,784,,,,,,1.04976,Mitchell,,
DOM,Dominican Republic,1983,883.8983,,,,,,,,,,842,,,,,,1.04976,Mitchell,,
DOM,Dominican Republic,1984,1309.051,,,,,,,,,,1247,,,,,,1.04976,Mitchell,,
DOM,Dominican Republic,1985,1528.451,,,,,,,,,,1456,,,,,,1.04976,Mitchell,,
DOM,Dominican Republic,1986,2183.502,,,,,,,,,,2080,,,,,,1.04976,Mitchell,,
DOM,Dominican Republic,1987,2910.986,,,,,,,,,,2773,,,,,,1.04976,Mitchell,,
DOM,Dominican Republic,1988,4539.164,,,,,,,,,,4324,,,,,,1.04976,Mitchell,,
DOM,Dominican Republic,1989,5641.413,,,,,,,,,,5374,,,,,,1.04976,Mitchell,,
DOM,Dominican Republic,1990,7964.533,,,,,,,,,,7587,,,,,,1.04976,Mitchell,,
DOM,Dominican Republic,1991,9918.137,,,,,,,,,,9448,,,,,,1.04976,Mitchell,,
DOM,Dominican Republic,1992,11596.7,,,,,,,,,,11047,,,,,,1.04976,Mitchell,,
DOM,Dominican Republic,1993,14223.2,,,,,,,,,,13549,,,,,,1.04976,Mitchell,,
DOM,Dominican Republic,1994,17004.02,,,,,,,,,,16198,,,,,,1.04976,Mitchell,,
DOM,Dominican Republic,1995,19941.25,,,,,,,,,,18996,,,,,,1.04976,Mitchell,,
DOM,Dominican Republic,1996,24380.69,,,,,,,,,,23225,,,,,,1.04976,Mitchell,,
DOM,Dominican Republic,1997,29081.51,,,,,,,,,,27703,,,,,,1.04976,Mitchell,,
DOM,Dominican Republic,1998,30879.75,,,,,,,,,,29416,,,,,,1.04976,Mitchell,,
DOM,Dominican Republic,1999,37623.41,,,,,,,,,,35840,,,,,,1.04976,Mitchell,,
DOM,Dominican Republic,2000,37208.76,,,,,,,,,,35445,,,,,,1.04976,Mitchell,,
DOM,Dominican Republic,2001,43311.02,,,,,,,33705.1,,,41258,,,,,,1.04976,Mitchell,,
DOM,Dominican Republic,2002,45942.77,,,,,,,36782.2,,,43765,,,,,,1.04976,Mitchell,,
DOM,Dominican Republic,2003,75596.4,,,,,,,67013.6,,,72013,,,,,,1.04976,Mitchell,,
DOM,Dominican Republic,2004,79942.41,,,,,,,70680.8,,,76153,,,,,,1.04976,Mitchell,,
DOM,Dominican Republic,2005,97550.04,,,,,,,85006,,,92926,,,,,,1.04976,Mitchell,,
DOM,Dominican Republic,2006,119151.2,,,,,,,110558.9,,,113503.2,,,,,,1.04976,Mitchell,,
DOM,Dominican Republic,2007,146482.5,,,,,,,139731.2,,,139539,,,,,,1.04976,Mitchell,,
DOM,Dominican Republic,2008,133129.5,,,,,,,128670.1,,,126818.9,,,,,,1.04976,Mitchell,,
DOM,Dominican Republic,2009,154280.9,,,,,,,152640.2,,,146967.73,,,,,,1.04976,Mitchell,,
DOM,Dominican Republic,2010,166994.3,,,,,,,166994.3,,,159078.49,,,,,,1.04976,Mitchell,1,1
DOM,Dominican Republic,2011,175405.8,,,,,,,175405.8,,,,,,,,,1,ECLAC,,
DOM,Dominican Republic,2012,192755.6,,,,,,,192755.6,,,,,,,,,1,ECLAC,,
DOM,Dominican Republic,2013,222959.9,,,,,,,222959.9,,,,,,,,,1,ECLAC,,
DOM,Dominican Republic,2014,243610.1,,,,,,,243610.1,,,,,,,,,1,ECLAC,,
DOM,Dominican Republic,2015,273318.1,,,,,,,273318.1,,,,,,,,,1,ECLAC,,
DOM,Dominican Republic,2016,303309.4,,,,,,,303309.4,,,,,,,,,1,ECLAC,,
DOM,Dominican Republic,2017,340250.5,,,,,,,340250.5,,,,,,,,,1,ECLAC,,
DOM,Dominican Republic,2018,362717,,,,,,,362717,,,,,,,,,1,ECLAC,,
DOM,Dominican Republic,2019,437935.2,,,,,,,437935.2,,,,,,,,,1,ECLAC,,
DOM,Dominican Republic,2020,564297,,,,,,,564297,,,,,,,,,1,ECLAC,,
DOM,Dominican Republic,2021,681511.4,,,,,,,681511.4,,,,,,,,,1,ECLAC,,
DOM,Dominican Republic,2022,751225.6,,,,,,,751225.6,,,,,,,,,1,ECLAC,,
DZA,Algeria,1964,4212.141,,,,,,,,,,4680,,,,,,.9000301,Mitchell,,
DZA,Algeria,1965,4644.155,,,,,,,,,,5160,,,,,,.9000301,Mitchell,,
DZA,Algeria,1966,4995.167,,,,,,,,,,5550,,,,,,.9000301,Mitchell,,
DZA,Algeria,1967,6309.211,,,,,,,,,,7010,,,,,,.9000301,Mitchell,,
DZA,Algeria,1968,8379.28,,,,,,,,,,9310,,,,,,.9000301,Mitchell,,
DZA,Algeria,1969,9900.331,,,,,,,,,,11000,,,,,,.9000301,Mitchell,,
DZA,Algeria,1970,10440.35,,,,,,,,,,11600,,,,,,.9000301,Mitchell,,
DZA,Algeria,1971,11610.39,,,,,,,,,,12900,,,,,,.9000301,Mitchell,,
DZA,Algeria,1972,15030.5,,,,,,,,,,16700,,,,,,.9000301,Mitchell,,
DZA,Algeria,1973,17010.57,,,,,,,,,,18900,,,,,,.9000301,Mitchell,1,3
DZA,Algeria,1974,21780.73,,,,,,,,,,24200,,,,,24247.602,.8982632,CS1,,
DZA,Algeria,1975,28722.72,,,,,,,,,,32000,,,,,31975.841,.8982632,CS1,,
DZA,Algeria,1976,36897.03,,,,,,,,,,41100,,,,,41075.97,.8982632,CS1,,
DZA,Algeria,1977,77312.56,,,,,,,,,,48500,,,,,86068.938,.8982632,CS1,,
DZA,Algeria,1978,55880.23,,,,,,,,,,62200,,,,,62209.195,.8982632,CS1,,
DZA,Algeria,1979,64860.91,,,,,,,,,,72200,,,,,72207.023,.8982632,CS1,1,3
DZA,Algeria,1980,75843,,75843,,,,,,,,84400,,,,,84432.938,1,AFDB,,
DZA,Algeria,1981,88134,,88134,,,,,,,,97900,,,,,97921.682,1,AFDB,,
DZA,Algeria,1982,111150,,111150,,,,,,,,125000,,,,,125299.13,1,AFDB,,
DZA,Algeria,1983,136895,,136895,,,,,,,,153000,,,,,152756.16,1,AFDB,,
DZA,Algeria,1984,162742,,162742,,,,,,,,180000,,,,,180433.84,1,AFDB,,
DZA,Algeria,1985,181265,,181265,,,,,,,,202000,,,,,202230.27,1,AFDB,,
DZA,Algeria,1986,185295,,185295,,,,,,,,205000,,,,,204818.03,1,AFDB,,
DZA,Algeria,1987,200666,,200666,,,,,,,,224000,,,,,223905.47,1,AFDB,,
DZA,Algeria,1988,225282,,225282,,,,,,,,252000,,,,,252204.81,1,AFDB,,
DZA,Algeria,1989,221763,,221763,,,,,,,,250000,,,,,250012.19,1,AFDB,,
DZA,Algeria,1990,240807,,240807,,,,,,,,270000,,,,,270082.23,1,AFDB,,
DZA,Algeria,1991,290312,,290312,,,,,,,,324000,,,,,324993.36,1,AFDB,,
DZA,Algeria,1992,333208,,333208,,,,,,,,377000,,,,,369719.04,1,AFDB,,
DZA,Algeria,1993,403661,,403661,,,,,,,,450000,,,,,446905.2,1,AFDB,,
DZA,Algeria,1994,429254,,429254,,,,,,,,486000,,,,,475834.17,1,AFDB,,
DZA,Algeria,1995,461722,,461722,,,,,,,,520000,,,,,519106.93,1,AFDB,,
DZA,Algeria,1996,525803,,525803,,,,,,,,590000,,,,,589099.83,1,AFDB,,
DZA,Algeria,1997,596846,,596846,,,,,,,,676000,,,,,671569.7,1,AFDB,,
DZA,Algeria,1998,728879,,728879,,,,,,,,817000,,,,,826371.57,1,AFDB,,
DZA,Algeria,1999,792972,,792972,,,,,,,,890000,,,,,905182.85,1,AFDB,,
DZA,Algeria,2000,2025219,,2025218.7,,,,,,,,1044000,,,,,1048184.4,1,AFDB,,
DZA,Algeria,2001,2475245,,2475244.8,,,,,,,,1237000,,,,,1238510.3,1,AFDB,,
DZA,Algeria,2002,2905813,,2905812.7,,,,,,,,1426000,,,,,1416340.7,1,AFDB,,
DZA,Algeria,2003,3357858,,3357857.7,,,,,,,,1635000,,,,,1630379.8,1,AFDB,,
DZA,Algeria,2004,3644300,,3644300,,,,,,,,2176000,,,,,2160580.7,1,AFDB,,
DZA,Algeria,2005,4070400,,4070400,,,,,,,,2418000,,,,,2421420.8,1,AFDB,,
DZA,Algeria,2006,4870072,,4870072,,,,,,,,3210897.7,,,,,3167639.6,1,AFDB,,
DZA,Algeria,2007,5994608,,5994607.6,,,,,,,,4233572.9,,,,,4233572.9,1,AFDB,,
DZA,Algeria,2008,6955968,,6955967.8,,,,,,,,4964928.2,,,,,4964928.2,1,AFDB,,
DZA,Algeria,2009,7292695,,7292694.7,,,,,,,,4944159.1,,,,,4944159.1,1,AFDB,,
DZA,Algeria,2010,8280741,,8280740.5,,,,,,,,5638503.3,,,,,5756459.7,1,AFDB,,
DZA,Algeria,2011,9929188,,9929187.7,,,,,,,,,,,,,7141699.2,1,AFDB,,
DZA,Algeria,2012,1.10e+07,,11012697,,,,,,,,,,,,,7681491.2,1,AFDB,,
DZA,Algeria,2013,1.19e+07,,11941508,,,,,,,,,,,,,8249798.9,1,AFDB,,
DZA,Algeria,2014,1.37e+07,,13663912,,,,,,,,,,,,,9603018.3,1,AFDB,,
DZA,Algeria,2015,1.37e+07,,13703073,,,,,,,,,,,,,9261136.2,1,AFDB,,
DZA,Algeria,2016,1.45e+07,,14487880,,,,,,,,,,,,,9406972.4,1,AFDB,,
DZA,Algeria,2017,1.59e+07,,15923887,,,,,,,,,,,,,10266060,1,AFDB,,
DZA,Algeria,2018,1.71e+07,,17093838,,,,,,,,,,,,,11404119,1,AFDB,,
DZA,Algeria,2019,1.65e+07,,,,,,,,,,,,,,,10975192,1.498918,CS1,1,3
DZA,Algeria,2020,1.78e+07,,,,,,,,,,,,,,,11901824,1.498918,CS1,,
DZA,Algeria,2021,2.04e+07,,,,,,,,,,,,,,,13590310,1.498918,CS1,,
DZA,Algeria,2022,2.31e+07,,,,,,,,,,,,,,,15379540,1.498918,CS1,,
DZA,Algeria,2023,2.45e+07,,,,,,,,,,,,,,,16325647,1.498918,CS1,,
ECU,Ecuador,1948,.02604,,,,,,,,,,.02604,,,,,,1,Mitchell,,
ECU,Ecuador,1949,.02836,,,,,,,,,,.02836,,,,,,1,Mitchell,,
ECU,Ecuador,1950,.03652,,,,,,,,,,.03652,,,,,,1,Mitchell,,
ECU,Ecuador,1951,.0338,,,,,,,,,,.0338,,,,,,1,Mitchell,,
ECU,Ecuador,1952,.04204,,,,,,,,,,.04204,,,,,,1,Mitchell,,
ECU,Ecuador,1953,.04352,,,,,,,,,,.04352,,,,,,1,Mitchell,,
ECU,Ecuador,1954,.05092,,,,,,,,,,.05092,,,,,,1,Mitchell,,
ECU,Ecuador,1955,.04772,,,,,,,,,,.04772,,,,,,1,Mitchell,,
ECU,Ecuador,1956,.05432,,,,,,,,,,.05432,,,,,,1,Mitchell,,
ECU,Ecuador,1957,.05648,,,,,,,,,,.05648,,,,,,1,Mitchell,,
ECU,Ecuador,1958,.056,,,,,,,,,,.056,,,,,,1,Mitchell,,
ECU,Ecuador,1959,.06308,,,,,,,,,,.06308,,,,,,1,Mitchell,,
ECU,Ecuador,1960,.06928,,,,,,,,,,.06928,,,,,,1,Mitchell,,
ECU,Ecuador,1961,.07112,,,,,,,,,,.07112,,,,,,1,Mitchell,,
ECU,Ecuador,1962,.08,,,,,,,,,,.08,,,,,,1,Mitchell,,
ECU,Ecuador,1963,.08964,,,,,,,,,,.08964,,,,,,1,Mitchell,,
ECU,Ecuador,1964,.10504,,,,,,,,,,.10504,,,,,,1,Mitchell,,
ECU,Ecuador,1965,.1068,,,,,,,,,,.1068,,,,,,1,Mitchell,,
ECU,Ecuador,1966,.12064,,,,,,,,,,.12064,,,,,,1,Mitchell,,
ECU,Ecuador,1967,.13756,,,,,,,,,,.13756,,,,,,1,Mitchell,,
ECU,Ecuador,1968,.16688,,,,,,,,,,.16688,,,,,,1,Mitchell,,
ECU,Ecuador,1969,.19004,,,,,,,,,,.19004,,,,,,1,Mitchell,,
ECU,Ecuador,1970,.2396,,,,,,,,,,.2396,,,,,,1,Mitchell,,
ECU,Ecuador,1971,.2688,,,,,,,,,,.2688,,,,,,1,Mitchell,,
ECU,Ecuador,1972,.3352,,,,,,,,,,.3352,,,,,,1,Mitchell,,
ECU,Ecuador,1973,.452,,,,,,,,,,.452,,,,,,1,Mitchell,,
ECU,Ecuador,1974,.676,,,,,,,,,,.676,,,,,,1,Mitchell,,
ECU,Ecuador,1975,.732,,,,,,,,,,.732,,,,,,1,Mitchell,,
ECU,Ecuador,1976,.912,,,,,,,,,,.912,,,,,,1,Mitchell,,
ECU,Ecuador,1977,1.196,,,,,,,,,,1.196,,,,,,1,Mitchell,,
ECU,Ecuador,1978,1.316,,,,,,,,,,1.316,,,,,,1,Mitchell,,
ECU,Ecuador,1979,1.68,,,,,,,,,,1.68,,,,,,1,Mitchell,,
ECU,Ecuador,1980,2.144,,,,,,,,,,2.144,,,,,,1,Mitchell,,
ECU,Ecuador,1981,2.472,,,,,,,,,,2.472,,,,,,1,Mitchell,,
ECU,Ecuador,1982,2.924,,,,,,,,,,2.924,,,,,,1,Mitchell,,
ECU,Ecuador,1983,3.804,,,,,,,,,,3.804,,,,,,1,Mitchell,,
ECU,Ecuador,1984,5.16,,,,,,,,,,5.16,,,,,,1,Mitchell,,
ECU,Ecuador,1985,6.12,,,,,,,,,,6.12,,,,,,1,Mitchell,,
ECU,Ecuador,1986,7.32,,,,,,,,,,7.32,,,,,,1,Mitchell,,
ECU,Ecuador,1987,9.84,,,,,,,,,,9.84,,,,,,1,Mitchell,,
ECU,Ecuador,1988,14.92,,,,,,,,,,14.92,,,,,,1,Mitchell,,
ECU,Ecuador,1989,21.6,,,,,,,,,,21.6,,,,,,1,Mitchell,,
ECU,Ecuador,1990,34.12,,,,,,,,,,34.12,,,,,,1,Mitchell,,
ECU,Ecuador,1991,53.36,,,,,,,,,,53.36,,,,,,1,Mitchell,,
ECU,Ecuador,1992,74.4,,,,,,,,,,74.4,,,,,,1,Mitchell,,
ECU,Ecuador,1993,122.04,,,,,,,,,,122.04,,,,,,1,Mitchell,,
ECU,Ecuador,1994,161.64,,,,,,,,,,161.64,,,,,,1,Mitchell,,
ECU,Ecuador,1995,166.04,,,,,,,,,,166.04,,,,,,1,Mitchell,,
ECU,Ecuador,1996,214,,,,,,,,,,214,,,,,,1,Mitchell,,
ECU,Ecuador,1997,278.24,,,,,,,,,,278.24,,,,,,1,Mitchell,,
ECU,Ecuador,1998,363.28,,,,,,,,,,363.28,,,,,,1,Mitchell,,
ECU,Ecuador,1999,765.16,,,,,,,,,,765.16,,,,,,1,Mitchell,,
ECU,Ecuador,2000,49.8,,,,,,,,,,49.8,,,,,,1,Mitchell,,
ECU,Ecuador,2001,1814,,,,,,,,,,1814,,,,,,1,Mitchell,,
ECU,Ecuador,2002,1795,,,,,,,,,,1795,,,,,,1,Mitchell,,
ECU,Ecuador,2003,1985,,,,,,,,,,1985,,,,,,1,Mitchell,,
ECU,Ecuador,2004,2510,,,,,,,,,,2510,,,,,,1,Mitchell,,
ECU,Ecuador,2005,3000,,,,,,,,,,3000,,,,,,1,Mitchell,,
ECU,Ecuador,2006,3565.39,,,,,,,,,,3565.39,,,,,,1,Mitchell,,
ECU,Ecuador,2007,4323.38,,,,,,,,,,4323.38,,,,,,1,Mitchell,,
ECU,Ecuador,2008,5829.74,,,,,,,,,,5829.74,,,,,,1,Mitchell,,
ECU,Ecuador,2009,6255.51,,,,,,,,,,6255.51,,,,,,1,Mitchell,,
ECU,Ecuador,2010,7657.22,,,,,,,,,,7657.22,,,,,,1,Mitchell,,
EGY,Egypt,1950,364.2527,,,,,,,,,,364,,,,,,1.000694,Mitchell,,
EGY,Egypt,1951,361.2506,,,,,,,,,,361,,,,,,1.000694,Mitchell,,
EGY,Egypt,1952,362.2513,,,,,,,,,,362,,,,,,1.000694,Mitchell,,
EGY,Egypt,1953,347.2409,,,,,,,,,,347,,,,,,1.000694,Mitchell,,
EGY,Egypt,1954,340.2361,,,,,,,,,,340,,,,,,1.000694,Mitchell,,
EGY,Egypt,1955,340.2361,,,,,,,,,,340,,,,,,1.000694,Mitchell,,
EGY,Egypt,1956,397.2756,,,,,,,,,,397,,,,,,1.000694,Mitchell,,
EGY,Egypt,1957,398.2763,,,,,,,,,,398,,,,,,1.000694,Mitchell,,
EGY,Egypt,1958,385.2673,,,,,,,,,,385,,,,,,1.000694,Mitchell,,
EGY,Egypt,1959,390.2708,,,,,,,,,,390,,,,,,1.000694,Mitchell,,
EGY,Egypt,1960,405.2812,,,,,,,,,,405,,,,,,1.000694,Mitchell,,
EGY,Egypt,1961,455.3159,,,,,,,,,,455,,,,,,1.000694,Mitchell,,
EGY,Egypt,1962,443.3076,,,,,,,,,,443,,,,,,1.000694,Mitchell,,
EGY,Egypt,1963,516.3583,,,,,,,,,,516,,,,,,1.000694,Mitchell,,
EGY,Egypt,1964,621.4312,,,,,,,,,,621,,,,,,1.000694,Mitchell,,
EGY,Egypt,1965,655.4548,,,,,,,,,,655,,,,,,1.000694,Mitchell,,
EGY,Egypt,1966,684.4749,,,,,,,,,,684,,,,,,1.000694,Mitchell,,
EGY,Egypt,1967,707.4908,,,,,,,,,,707,,,,,,1.000694,Mitchell,,
EGY,Egypt,1968,722.5013,,,,,,,,,,722,,,,,,1.000694,Mitchell,,
EGY,Egypt,1969,746.5179,,,,,,,,,,746,,,,,,1.000694,Mitchell,,
EGY,Egypt,1970,783.5436,,,,,,,,,,783,,,,,,1.000694,Mitchell,,
EGY,Egypt,1971,846.5873,,,,,,846.2,,,,846,,,,,,1.000694,Mitchell,,
EGY,Egypt,1972,989.6866,,,,,,989.3,,,,989,,,,,,1.000694,Mitchell,,
EGY,Egypt,1973,1205.837,,,,,,1204.8,,,,1205,,,,,,1.000694,Mitchell,,
EGY,Egypt,1974,1504.043,,,,,,1502.8,,,,1503,,,,,,1.000694,Mitchell,,
EGY,Egypt,1975,1864.293,,,,,,1862.6,,,,1863,,,,,,1.000694,Mitchell,,
EGY,Egypt,1976,2240.554,,,,,,2238.9,,,,2239,,,,,,1.000694,Mitchell,,
EGY,Egypt,1977,2945.043,,,,,,2943,,,,2943,,,,,,1.000694,Mitchell,,
EGY,Egypt,1978,3555.467,,,,,,3552.8,,,,3553,,,,,,1.000694,Mitchell,,
EGY,Egypt,1979,4357.023,,,,,,4354.2,,,,4354,,,,,,1.000694,Mitchell,1,1
EGY,Egypt,1980,6774.7,,6774.7,,,,6774.7,,,,6770,,,,,,1,AFDB,,
EGY,Egypt,1981,7645.8,,7645.8,,,,7645.8,,,,7650,,,,,,1,AFDB,,
EGY,Egypt,1982,9551.7,,9551.7,,,,9551.7,,,,9550,,,,,,1,AFDB,,
EGY,Egypt,1983,10932.7,,10932.7,,,,10932.7,,,,10900,,,,,,1,AFDB,,
EGY,Egypt,1984,12443.3,,12443.3,,,,12443.3,,,,12400,,,,,,1,AFDB,,
EGY,Egypt,1985,14695.8,,14695.8,,,,14695.8,,,,14700,,,,,,1,AFDB,,
EGY,Egypt,1986,15973,,15973,,,,15973,,,,16000,,,,,,1,AFDB,,
EGY,Egypt,1987,18241.1,,18241.1,,,,18241.1,,,,18200,,,,,,1,AFDB,,
EGY,Egypt,1988,20579,,20579,,,,20579,,,,20600,,,,,,1,AFDB,,
EGY,Egypt,1989,22471,,22471,,,,22471,,,,22500,,,,,,1,AFDB,,
EGY,Egypt,1990,26205.1,,26205.1,,,,26205.1,,,,26200,,,,,,1,AFDB,,
EGY,Egypt,1991,28337.2,,28337.2,,,,28337.2,,,,28300,,,,,,1,AFDB,,
EGY,Egypt,1992,30831.9,,30831.9,,,,30831.9,,,,30800,,,,,,1,AFDB,,
EGY,Egypt,1993,34571.3,,34571.3,,,,34571.3,,,,34600,,,,,,1,AFDB,,
EGY,Egypt,1994,38274.8,,38274.8,,,,38274.8,,,,38300,,,,,,1,AFDB,,
EGY,Egypt,1995,41539.8,,41539.8,,,,41539.8,,,,41500,,,,,,1,AFDB,,
EGY,Egypt,1996,44521.2,,44521.2,,,,44521.2,,,,44500,,,,,,1,AFDB,,
EGY,Egypt,1997,48707.9,,48707.9,,,,48707.9,,,,48700,,,,,,1,AFDB,,
EGY,Egypt,1998,58577.1,,58577.1,,,,,,,,58600,,,,,,1,AFDB,,
EGY,Egypt,1999,59065.5,,59065.5,,,,,,,,59100,,,,,,1,AFDB,,
EGY,Egypt,2000,254721.2,,254721.2,,,,,,,,62200,,,,,,1,AFDB,,
EGY,Egypt,2001,284300.8,,284300.8,,,,,,,,67100,,,,,,1,AFDB,,
EGY,Egypt,2002,328727.6,,328727.6,,,,,,,,75800,,,,,,1,AFDB,,
EGY,Egypt,2003,384261.6,,384261.6,,,,,,,,93500,,,,,,1,AFDB,,
EGY,Egypt,2004,435822.7,,435822.71,,,,,,,,108500,,,,,,1,AFDB,,
EGY,Egypt,2005,494633.2,,494633.18,,,,,,,,125500,,,,,,1,AFDB,,
EGY,Egypt,2006,561160.1,,561160.04,,,,,,,,121340,,,,,,1,AFDB,,
EGY,Egypt,2007,663766.6,,663766.54,,,,,,,,151800,,,,,,1,AFDB,,
EGY,Egypt,2008,766664,,766664.02,,,,,,,,174460,,,,,,1,AFDB,,
EGY,Egypt,2009,831211.3,,831211.32,,,,,,,,196973,,,,,,1,AFDB,,
EGY,Egypt,2010,917458.9,,917458.85,,,,,,,,223456,,,,,,1,AFDB,,
EGY,Egypt,2011,1010296,,1010295.6,,,,,,,,,,,,,,1,AFDB,,
EGY,Egypt,2012,1094408,,1094407.6,,,,,,,,,,,,,,1,AFDB,,
EGY,Egypt,2013,1295686,,1295685.8,,,,,,,,,,,,,,1,AFDB,,
EGY,Egypt,2014,1516601,,1516600.6,,,,,,,,,,,,,,1,AFDB,,
EGY,Egypt,2015,1765492,,1765491.9,,,,,,,,,,,,,,1,AFDB,,
EGY,Egypt,2016,2094547,,2094547,,,,,,,,,,,,,,1,AFDB,,
EGY,Egypt,2017,2455256,,2455256.1,,,,,,,,,,,,,,1,AFDB,,
EGY,Egypt,2018,2952468,,2952468,,,,,,,,,,,,,,1,AFDB,,
ERI,Eritrea,1995,1134.57,,1134.57,,,,,,,,,,,,,,1,AFDB,,
ERI,Eritrea,1996,1473.97,,1473.97,,,,,,,,,,,,,,1,AFDB,,
ERI,Eritrea,1997,2006.71,,2006.71,,,,,,,,,,,,,,1,AFDB,,
ERI,Eritrea,1998,2367.13,,2367.13,,,,,,,,,,,,,,1,AFDB,,
ERI,Eritrea,1999,3465.19,,3465.19,,,,,,,,,,,,,,1,AFDB,,
ERI,Eritrea,2000,9596.428,,9596.4277,,,,,,,,,,,,,,1,AFDB,,
ERI,Eritrea,2001,12720.68,,12720.681,,,,,,,,,,,,,,1,AFDB,,
ERI,Eritrea,2002,15346.71,,15346.708,,,,,,,,,,,,,,1,AFDB,,
ERI,Eritrea,2003,17659.49,,17659.493,,,,,,,,,,,,,,1,AFDB,,
ERI,Eritrea,2004,19722.37,,19722.373,,,,,,,,,,,,,,1,AFDB,,
ERI,Eritrea,2005,21827.36,,21827.358,,,,,,,,,,,,,,1,AFDB,,
ERI,Eritrea,2006,23077.5,,23077.504,,,,,,,,,,,,,,1,AFDB,,
ERI,Eritrea,2007,25869.57,,25869.572,,,,,,,,,,,,,,1,AFDB,,
ERI,Eritrea,2008,29977.86,,29977.864,,,,,,,,,,,,,,1,AFDB,,
ERI,Eritrea,2009,34699.14,,34699.143,,,,,,,,,,,,,,1,AFDB,,
ERI,Eritrea,2010,40116.94,,40116.94,,,,,,,,,,,,,,1,AFDB,,
ERI,Eritrea,2011,45993.37,,45993.37,,,,,,,,,,,,,,1,AFDB,,
ERI,Eritrea,2012,54233.01,,54233.007,,,,,,,,,,,,,,1,AFDB,,
ERI,Eritrea,2013,63715.57,,63715.569,,,,,,,,,,,,,,1,AFDB,,
ERI,Eritrea,2014,74677.2,,74677.201,,,,,,,,,,,,,,1,AFDB,,
ERI,Eritrea,2015,85090.69,,85090.684,,,,,,,,,,,,,,1,AFDB,,
ERI,Eritrea,2016,98486.7,,98486.695,,,,,,,,,,,,,,1,AFDB,,
ERI,Eritrea,2017,113771.6,,113771.65,,,,,,,,,,,,,,1,AFDB,,
ERI,Eritrea,2018,130415.4,,130415.38,,,,,,,,,,,,,,1,AFDB,,
ESP,Spain,1865,9.075283,,,,,,,,9.0752828,,,,,,,,1,HFS,1,1
ESP,Spain,1866,,,,,,,,,,,,,,,,,1,JST,,
ESP,Spain,1867,,,,,,,,,,,,,,,,,1,JST,,
ESP,Spain,1868,,,,,,,,,,,,,,,,,1,JST,,
ESP,Spain,1869,,,,,,,,,,,,,,,,,1,JST,,
ESP,Spain,1870,,,,,,,,,,,,,,,,,1,JST,,
ESP,Spain,1871,,,,,,,,,,,,,,,,,1,JST,,
ESP,Spain,1872,,,,,,,,,,,,,,,,,1,JST,,
ESP,Spain,1873,,,,,,,,,,,,,,,,,1,JST,,
ESP,Spain,1874,10.44559,,,,,,,,10.44559,10.44559,,,,,,,1,JST,,
ESP,Spain,1875,10.61387,,,,,,,,10.613874,10.61387,,,,,,,1,JST,,
ESP,Spain,1876,11.11872,,,,,,,,11.118724,11.11872,,,,,,,1,JST,,
ESP,Spain,1877,10.9865,,,,,,,,10.986501,10.9865,,,,,,,1,JST,,
ESP,Spain,1878,11.31105,,,,,,,,11.311048,11.31105,,,,,,,1,JST,,
ESP,Spain,1879,10.77014,,,,,,,,10.770137,10.77014,,,,,,,1,JST,,
ESP,Spain,1880,11.29903,,,,,,11.29903,,11.299028,11.29903,,,,,,,1,JST,,
ESP,Spain,1881,11.77984,,,,,,11.77984,,11.779837,11.77984,,,,,,,1,JST,,
ESP,Spain,1882,11.82792,,,,,,11.82792,,11.827918,11.82792,,,,,,,1,JST,,
ESP,Spain,1883,12.00221,,,,,,12.00221,,12.002212,12.00221,,,,,,,1,JST,,
ESP,Spain,1884,12.06832,,,,,,12.06832,,12.068323,12.06832,,,,,,,1,JST,,
ESP,Spain,1885,12.72944,,,,,,12.72944,,12.729436,12.72944,,,,,,,1,JST,,
ESP,Spain,1886,12.62726,,,,,,12.62726,,12.627264,12.62726,,,,,,,1,JST,,
ESP,Spain,1887,12.59721,,,,,,12.59721,,12.597214,12.59721,,,,,,,1,JST,,
ESP,Spain,1888,13.21626,,,,,,13.21626,,13.216256,13.21626,,,,,,,1,JST,,
ESP,Spain,1889,13.66101,,,,,,13.66101,,13.661005,13.66101,,,,,,,1,JST,,
ESP,Spain,1890,13.74515,,,,,,13.74515,,13.745147,13.74515,,,,,,,1,JST,,
ESP,Spain,1891,13.92545,,,,,,13.92545,,13.92545,13.92545,,,,,,,1,JST,,
ESP,Spain,1892,13.35449,,,,,,13.35449,,13.354489,13.35449,,,,,,,1,JST,,
ESP,Spain,1893,13.09004,,,,,,13.09004,,13.090044,13.09004,,,,,,,1,JST,,
ESP,Spain,1894,11.98418,,,,,,11.98418,,11.984181,11.98418,,,,,,,1,JST,,
ESP,Spain,1895,12.84363,,,,,,12.84363,,12.843629,12.84363,,,,,,,1,JST,,
ESP,Spain,1896,13.21626,,,,,,13.21626,,13.216256,13.21626,,,,,,,1,JST,,
ESP,Spain,1897,14.39424,,,,,,14.39424,,14.39424,14.39424,,,,,,,1,JST,,
ESP,Spain,1898,19.74926,,,,,,19.74926,,19.749258,19.74926,,,,,,,1,JST,,
ESP,Spain,1899,19.49082,,,,,,19.49082,,19.490823,19.49082,,,,,,,1,JST,,
ESP,Spain,1900,18.7035,,,,,,18.7035,,18.703497,18.7035,,,,,,,1,JST,,
ESP,Spain,1901,19.07011,,,,,,19.07011,,19.070114,19.07011,,,,,,,1,JST,,
ESP,Spain,1902,17.88011,,,,,,17.88011,,17.88011,17.88011,,,,,,,1,JST,,
ESP,Spain,1903,18.39698,,,,,,18.39698,,18.396981,18.39698,,,,,,,1,JST,,
ESP,Spain,1904,18.10248,,,,,,18.10248,,18.102485,18.10248,,,,,,,1,JST,,
ESP,Spain,1905,17.18294,,,,,,17.18294,,17.182936,17.18294,,,,,,,1,JST,,
ESP,Spain,1906,16.87642,,,,,,16.87642,,16.87642,16.87642,,,,,,,1,JST,,
ESP,Spain,1907,16.79829,,,,,,16.79829,,16.798288,16.79829,,,,,,,1,JST,,
ESP,Spain,1908,16.23334,,,,,,16.23334,,16.233337,16.23334,,,,,,,1,JST,,
ESP,Spain,1909,16.99662,,,,,,16.99662,,16.996622,16.99662,,,,,,,1,JST,,
ESP,Spain,1910,17.29112,,,,,,17.29112,,17.291118,17.29112,,,,,,,1,JST,,
ESP,Spain,1911,17.70582,,,,,,17.70582,,17.705817,17.70582,,,,,,,1,JST,,
ESP,Spain,1912,18.43304,,,,,,18.43304,,18.433041,18.43304,,,,,,,1,JST,,
ESP,Spain,1913,18.9439,,,,,,18.9439,,18.943902,18.9439,,,,,,,1,JST,,
ESP,Spain,1914,19.66512,,,,,,19.66512,,19.665116,19.66512,,,,,,,1,JST,,
ESP,Spain,1915,21.4381,,,,,,21.4381,,21.438102,21.4381,,,,,,,1,JST,,
ESP,Spain,1916,24.31695,,,,,,24.31695,,24.31695,24.31695,,,,,,,1,JST,,
ESP,Spain,1917,30.03859,,,,,,30.03859,,30.038585,30.03859,,,,,,,1,JST,,
ESP,Spain,1918,38.76528,,,,,,38.76528,,38.765281,38.76528,,,,,,,1,JST,,
ESP,Spain,1919,43.50126,,,,,,43.50126,,43.501256,43.50126,,,,,,,1,JST,,
ESP,Spain,1920,49.06062,,,,,,49.06062,,49.060618,49.06062,,,,,,,1,JST,,
ESP,Spain,1921,47.61819,,,,,,47.61819,,47.618189,47.61819,,,,,,,1,JST,,
ESP,Spain,1922,49.01254,,,,,,49.01254,,49.012537,49.01254,,,,,,,1,JST,,
ESP,Spain,1923,49.96815,,,,,,49.96815,,49.968146,49.96815,,,,,,,1,JST,,
ESP,Spain,1924,48.45961,,,,,,48.45961,,48.459606,48.45961,,,,,,,1,JST,,
ESP,Spain,1925,49.35511,,,,,,49.35511,,49.355114,49.35511,,,,,,,1,JST,,
ESP,Spain,1926,47.67829,,,,,,47.67829,,47.67829,47.67829,,,,,,,1,JST,,
ESP,Spain,1927,49.72774,,,,,,49.72774,,49.727742,49.72774,,,,,,,1,JST,,
ESP,Spain,1928,51.69305,,,,,,51.69305,,51.693051,51.69305,,,,,,,1,JST,,
ESP,Spain,1929,52.17987,,,,,,52.17987,,52.179871,52.17987,,,,,,,1,JST,,
ESP,Spain,1930,54.62599,,,,,,54.62599,,54.62599,54.62599,,,,,,,1,JST,,
ESP,Spain,1931,54.31347,,,,,,54.31347,,54.313464,54.31347,,,,,,,1,JST,,
ESP,Spain,1932,52.99725,,,,,,52.99725,,52.997247,52.99725,,,,,,,1,JST,,
ESP,Spain,1933,52.57053,,,,,,52.57053,,52.570529,52.57053,,,,,,,1,JST,,
ESP,Spain,1934,53.11745,,,,,,53.11745,,53.11745,53.11745,,,,,,,1,JST,,
ESP,Spain,1935,54.43367,,,,,,54.43367,,54.433666,54.43367,,,,,,,1,JST,,
ESP,Spain,1936,,,,,,,,,,,,,,,,,1,JST,,
ESP,Spain,1937,,,,,,,,,,,,,,,,,1,JST,,
ESP,Spain,1938,,,,,,,,,,,,,,,,,1,JST,,
ESP,Spain,1939,,,,,,,,,,,,,,,,,1,JST,,
ESP,Spain,1940,,,,,,,,,,,,,,,,,1,JST,,
ESP,Spain,1941,166.8349,,,,,,,,166.83495,166.8349,,,,,,,1,JST,,
ESP,Spain,1942,179.0475,,,,,,,,179.04752,179.0475,,,,,,,1,JST,,
ESP,Spain,1943,185.9531,,,,,,,,185.95315,185.9531,,,,,,,1,JST,,
ESP,Spain,1944,208.9839,,,,,,,,208.98393,208.9839,,,,,,,1,JST,,
ESP,Spain,1945,228.4267,,,,,,,,228.42667,228.4267,,,,,,,1,JST,,
ESP,Spain,1946,285.066,,,,,,,,285.06605,285.066,,,,,,,1,JST,,
ESP,Spain,1947,323.0861,,,,,,323.0861,,323.08608,323.0861,,,,,,,1,JST,,
ESP,Spain,1948,331.5063,,,,,,331.5063,,331.50626,331.5063,,,,,,,1,JST,,
ESP,Spain,1949,359.3151,,,,,,359.3151,,359.31509,359.3151,,,,,,,1,JST,,
ESP,Spain,1950,406.2902,,,,,,406.2902,,406.29019,406.2902,396.66799,,,,,,1,JST,,
ESP,Spain,1951,473.3451,,,,,,473.3451,,473.34511,473.3451,468.78944,,,,,,1,JST,,
ESP,Spain,1952,526.4445,,,,,,526.4445,,526.44453,526.4445,528.89065,,,,,,1,JST,,
ESP,Spain,1953,564.9634,,,,,,564.9634,,564.9634,564.9634,564.95138,,,,,,1,JST,,
ESP,Spain,1954,636.0511,,,,,,636.0511,,636.05111,636.0511,631.06271,,,,,,1,JST,,
ESP,Spain,1955,729.5205,,,,,,729.5205,,729.52051,729.5205,727.22465,,,,,,1,JST,,
ESP,Spain,1956,863.3839,,,,,,863.3839,,863.38394,863.3839,865.45743,,,,,,1,JST,,
ESP,Spain,1957,1007.038,,,,,,1007.038,,1007.0379,1007.038,1003.6902,,,,,,1,JST,,
ESP,Spain,1958,1155.037,,,,,,1155.037,,1155.0371,1155.037,1147.9331,,,,,,1,JST,,
ESP,Spain,1959,1211.598,,,,,,1211.598,,1211.5983,1211.598,1208.0343,,,,,,1,JST,,
ESP,Spain,1960,1235.368,,,,,,1235.368,,1235.3684,1235.368,1232.0748,,,,,,1,JST,,
ESP,Spain,1961,1399.036,,,,,,1399.036,,1399.036,1399.036,1364.2975,,,,,,1,JST,,
ESP,Spain,1962,1658.421,,,,,,1658.421,,1658.4208,1658.421,1628.7428,,,,,,1,JST,,
ESP,Spain,1963,1868.018,,,,,,1868.018,,1868.0177,1868.018,1869.1476,,,,,,1,JST,,
ESP,Spain,1964,2202.685,,,,,,2202.685,,2202.6853,2202.685,2235.765,,,,,,1,JST,,
ESP,Spain,1965,2577.645,,,,,,2577.645,,2577.6448,2577.645,2578.3419,,,,,,1,JST,,
ESP,Spain,1966,2881.613,,,,,,2881.613,,2881.6126,2881.613,2884.8581,,,,,,1,JST,,
ESP,Spain,1967,3269.975,,,,,,3269.975,,3269.9746,3269.975,3275.516,,,,,,1,JST,,
ESP,Spain,1968,3670.723,,,,,,3670.723,,3670.7235,3670.723,3678.1941,,,,,,1,JST,,
ESP,Spain,1969,4207.024,,,,,,4207.024,,4207.0246,4207.024,4213.0949,,,,,,1,JST,,
ESP,Spain,1970,4455.291,,,,,,4455.291,,4455.2907,4455.291,4465.5199,,,,,,1,JST,,
ESP,Spain,1971,5583.547,,,,,,5583.547,,5583.5467,5583.547,5529.3114,,,,,,1,JST,,
ESP,Spain,1972,6884.888,,,,,,6884.888,,6884.8882,6884.888,6863.5582,,,,,,1,JST,,
ESP,Spain,1973,8484.86,,,,,,8484.86,,8484.8605,8484.86,8474.2707,,,,,,1,JST,,
ESP,Spain,1974,9966.74,,,,,,9966.74,,9966.74,9966.74,9940.7402,,,,,,1,JST,,
ESP,Spain,1975,11876.89,,,,,,11876.89,,11876.895,11876.89,11797.868,,,,,,1,JST,,
ESP,Spain,1976,14337.85,,,,,,14337.85,,14337.847,14337.85,14376.21,,,,,,1,JST,,
ESP,Spain,1977,17190.18,,,,,,17190.18,,17190.178,17190.18,17044.703,,,,,,1,JST,,
ESP,Spain,1978,19981.43,,,,,,19981.43,,19981.429,19981.43,19983.652,,,,,,1,JST,,
ESP,Spain,1979,21942.06,,,,,,21942.06,,21942.062,21942.06,21696.537,,,,,,1,JST,,
ESP,Spain,1980,24623.04,,,,,,24623.04,,24623.039,24623.04,24629.476,,,,,,1,JST,,
ESP,Spain,1981,27653.77,,,,,,27826.86,,27653.769,27653.77,27826.86,,,,,,1,JST,,
ESP,Spain,1982,29554.77,,,,,,29149.09,,29554.77,29554.77,29149.087,,,,,,1,JST,,
ESP,Spain,1983,31541.12,,,,,,31715.41,,31541.115,31541.12,31715.409,,,,,,1,JST,,
ESP,Spain,1984,34023.3,,,,,,32911.42,,34023.295,34023.3,34534.156,,,,,,1,JST,,
ESP,Spain,1985,38173.29,,,,,,39600.69,,38173.284,38173.29,39600.688,,,,,,1,JST,,
ESP,Spain,1986,42824.52,,,,,,45556.72,,42824.516,42824.52,48056.928,,,,,,1,JST,,
ESP,Spain,1987,49518.59,,,,,,53484.07,,49518.589,49518.59,55719.832,,,,,,1,JST,,
ESP,Spain,1988,58337.24,,,,,,63545.01,,58337.24,58337.24,67103.001,,,,,,1,JST,,
ESP,Spain,1989,71280.04,,,,,,81413.1,,71280.036,71280.04,81413.1,,,,,,1,JST,,
ESP,Spain,1990,85121.34,,,,,,94250.72,,85121.344,85121.34,94250.718,,,,,,1,JST,,
ESP,Spain,1991,95554.91,,,,,,103247.9,,95554.914,95554.91,103247.87,,,,,,1,JST,,
ESP,Spain,1992,93944.2,,,,,,102190.1,,93944.202,93944.2,102190.09,,,,,,1,JST,,
ESP,Spain,1993,97249.77,,,,,,104630.2,,97249.769,97249.77,104630.2,,,,,,1,JST,,
ESP,Spain,1994,104203.5,,,,,,111746.2,,104203.48,104203.5,104912.67,,,,,,1,JST,,
ESP,Spain,1995,107509,,,,,,115268.1,,107509.05,107509,108296.37,,,,,,1,JST,,
ESP,Spain,1996,114889.5,,,,,,123183.2,,114889.47,114889.5,115760.94,,,,,,1,JST,,
ESP,Spain,1997,131231,,,,,,140703,,131230.99,131231,132078.42,,,,,,1,JST,,
ESP,Spain,1998,132588,,,,,,,,132588,132588,152633.03,,,,,,1,JST,,
ESP,Spain,1999,149825.5,,,,,,,,,149825.5,192100,,,,,,1,JST,,
ESP,Spain,2000,166631.6,,,,,,,,,166631.6,204700,,,,,,1,JST,,
ESP,Spain,2001,192180.1,,,,,,,,,192180.1,,,,,,,1,JST,,
ESP,Spain,2002,211854.4,,,,,,,,,211854.4,,,,,,,1,JST,,
ESP,Spain,2003,231470,,,,,,,,,231470,,,,,,,1,JST,,
ESP,Spain,2004,256496.8,,,,,,,,,256496.8,,,,,,,1,JST,,
ESP,Spain,2005,503151.5,,,,,,,,,503151.5,,,,,,,1,JST,,
ESP,Spain,2006,572245.9,,,,,,,,,572245.9,,,,,,,1,JST,,
ESP,Spain,2007,566254.3,,,,,,,,,566254.3,,,,,,,1,JST,,
ESP,Spain,2008,539499.8,,,,,,,,,539499.8,,,,,,,1,JST,,
ESP,Spain,2009,595731.3,,,,,,,,,595731.3,,,,,,,1,JST,,
ESP,Spain,2010,581790.1,,,,,,,,,581790.1,,,,,,,1,JST,,
ESP,Spain,2011,571249.9,,,,,,,,,571249.9,,,,,,,1,JST,,
ESP,Spain,2012,564542.4,,,,,,,,,564542.4,,,,,,,1,JST,,
ESP,Spain,2013,595087.7,,,,,,,,,595087.7,,,,,,,1,JST,,
ESP,Spain,2014,666476.7,,,,,,,,,666476.7,,,,,,,1,JST,,
ESP,Spain,2015,772671.6,,,,,,,,,772671.6,,,,,,,1,JST,,
ESP,Spain,2016,901517.3,,,,,,,,,901517.3,,,,,,,1,JST,,
ESP,Spain,2017,1024571,,,,,,,,,1024571,,,,,,,1,JST,,
ESP,Spain,2018,1119572,,,,,,,,,1119572,,,,,,,1,JST,,
ESP,Spain,2019,1219485,,,,,,,,,1219485,,,,,,,1,JST,,
ESP,Spain,2020,1400773,,,,,,,,,1400773,,,,,,,1,JST,,
ETH,Ethiopia,1948,81.01343,,,,,,,,,,81,,,,,,1.000166,Mitchell,,
ETH,Ethiopia,1949,78.11295,,,,,,,,,,78.1,,,,,,1.000166,Mitchell,,
ETH,Ethiopia,1950,95.11577,,,,,,,,,,95.1,,,,,,1.000166,Mitchell,,
ETH,Ethiopia,1951,105.0174,,,,,,,,,,105,,,,,,1.000166,Mitchell,,
ETH,Ethiopia,1952,117.0194,,,,,,,,,,117,,,,,,1.000166,Mitchell,,
ETH,Ethiopia,1953,143.0237,,,,,,,,,,143,,,,,,1.000166,Mitchell,,
ETH,Ethiopia,1954,142.0235,,,,,,,,,,142,,,,,,1.000166,Mitchell,,
ETH,Ethiopia,1955,158.0262,,,,,,,,,,158,,,,,,1.000166,Mitchell,,
ETH,Ethiopia,1956,168.0279,,,,,,,,,,168,,,,,,1.000166,Mitchell,,
ETH,Ethiopia,1957,187.031,,,,,,,,,,187,,,,,,1.000166,Mitchell,,
ETH,Ethiopia,1958,187.031,,,,,,,,,,187,,,,,,1.000166,Mitchell,,
ETH,Ethiopia,1959,187.031,,,,,,,,,,187,,,,,,1.000166,Mitchell,,
ETH,Ethiopia,1960,218.0361,,,,,,,,,,218,,,,,,1.000166,Mitchell,,
ETH,Ethiopia,1961,228.0378,,,,,,,,,,228,,,,,,1.000166,Mitchell,,
ETH,Ethiopia,1962,248.0411,,,,,,,,,,248,,,,,,1.000166,Mitchell,,
ETH,Ethiopia,1963,260.0431,,,,,,,,,,260,,,,,,1.000166,Mitchell,,
ETH,Ethiopia,1964,303.0502,,,,,,,,,,303,,,,,,1.000166,Mitchell,,
ETH,Ethiopia,1965,350.058,,,,,,,,,,350,,,,,,1.000166,Mitchell,,
ETH,Ethiopia,1966,378.0627,,,,,,,,,,378,,,,,,1.000166,Mitchell,,
ETH,Ethiopia,1967,372.0617,,,,,,,,,,372,,,,,,1.000166,Mitchell,,
ETH,Ethiopia,1968,400.0663,,,,,,,,,,400,,,,,,1.000166,Mitchell,,
ETH,Ethiopia,1969,455.0754,,,,,,,,,,455,,,,,,1.000166,Mitchell,,
ETH,Ethiopia,1970,453.0751,,,,,,,,,,453,,,,,,1.000166,Mitchell,,
ETH,Ethiopia,1971,437.0724,,,,,,,,,,437,,,,,,1.000166,Mitchell,,
ETH,Ethiopia,1972,491.0814,,,,,,,,,,491,,,,,,1.000166,Mitchell,,
ETH,Ethiopia,1973,619.1027,,,,,,,,,,619,,,,,,1.000166,Mitchell,,
ETH,Ethiopia,1974,754.125,,,,,,,,,,754,,,,,,1.000166,Mitchell,,
ETH,Ethiopia,1975,942.1562,,,,,,,,,,942,,,,,,1.000166,Mitchell,,
ETH,Ethiopia,1976,953.158,,,,,,,,,,953,,,,,,1.000166,Mitchell,,
ETH,Ethiopia,1977,1179.196,,,,,,,,,,1179,,,,,,1.000166,Mitchell,,
ETH,Ethiopia,1978,1378.229,,,,,,,,,,1378,,,,,,1.000166,Mitchell,,
ETH,Ethiopia,1979,1572.261,,,,,,,,,,1572,,,,,,1.000166,Mitchell,1,1
ETH,Ethiopia,1980,1568.26,,1568.26,,,,,,,,1568,,,,,,1,AFDB,,
ETH,Ethiopia,1981,1719.89,,1719.89,,,,,,,,1720,,,,,,1,AFDB,,
ETH,Ethiopia,1982,1892.3,,1892.3,,,,,,,,1892,,,,,,1,AFDB,,
ETH,Ethiopia,1983,2161.01,,2161.01,,,,,,,,2142,,,,,,1,AFDB,,
ETH,Ethiopia,1984,2324.66,,2324.66,,,,,,,,2309,,,,,,1,AFDB,,
ETH,Ethiopia,1985,2739.45,,2739.45,,,,,,,,2702,,,,,,1,AFDB,,
ETH,Ethiopia,1986,3313.73,,3313.73,,,,,,,,3273,,,,,,1,AFDB,,
ETH,Ethiopia,1987,3385.18,,3385.18,,,,,,,,3341,,,,,,1,AFDB,,
ETH,Ethiopia,1988,3737.57,,3737.57,,,,,,,,3722,,,,,,1,AFDB,,
ETH,Ethiopia,1989,4370.54,,4370.54,,,,,,,,4322,,,,,,1,AFDB,,
ETH,Ethiopia,1990,5337.88,,5337.88,,,,,,,,5273,,,,,,1,AFDB,,
ETH,Ethiopia,1991,6267.54,,6267.54,,,,,,,,6149,,,,,,1,AFDB,,
ETH,Ethiopia,1992,7243.58,,7243.58,,,,,,,,7542,,,,,,1,AFDB,,
ETH,Ethiopia,1993,7564.05,,7564.05,,,,,,,,7450,,,,,,1,AFDB,,
ETH,Ethiopia,1994,9183.98,,9183.98,,,,,,,,9184,,,,,,1,AFDB,,
ETH,Ethiopia,1995,9429.46,,9429.46,,,,,,,,9430,,,,,,1,AFDB,,
ETH,Ethiopia,1996,9174.02,,9174.02,,,,,,,,9174,,,,,,1,AFDB,,
ETH,Ethiopia,1997,11024,,11024,,,,,,,,11024,,,,,,1,AFDB,,
ETH,Ethiopia,1998,10511,,10511,,,,,,,,10511,,,,,,1,AFDB,,
ETH,Ethiopia,1999,12067,,12067,,,,,,,,12067,,,,,,1,AFDB,,
ETH,Ethiopia,2000,22455.81,,22455.812,,,,,,,,13226,,,,,,1,AFDB,,
ETH,Ethiopia,2001,24597.78,,24597.78,,,,,,,,13865,,,,,,1,AFDB,,
ETH,Ethiopia,2002,27622.05,,27622.054,,,,,,,,16558,,,,,,1,AFDB,,
ETH,Ethiopia,2003,30505.6,,30505.6,,,,,,,,18595,,,,,,1,AFDB,,
ETH,Ethiopia,2004,33822.84,,33822.84,,,,,,,,22312,,,,,,1,AFDB,,
ETH,Ethiopia,2005,40458.11,,40458.11,,,,,,,,25981,,,,,,1,AFDB,,
ETH,Ethiopia,2006,47485.53,,47485.53,,,,,,,,32056.2,,,,,,1,AFDB,,
ETH,Ethiopia,2007,56841.83,,56841.83,,,,,,,,38903.5,,,,,,1,AFDB,,
ETH,Ethiopia,2008,69852.78,,69852.78,,,,,,,,49105.8,,,,,,1,AFDB,,
ETH,Ethiopia,2009,83743.69,,83743.69,,,,,,,,,,,,,,1,AFDB,,
ETH,Ethiopia,2010,104143.3,,104143.3,,,,,,,,,,,,,,1,AFDB,,
ETH,Ethiopia,2011,142111.1,,142111.07,,,,,,,,,,,,,,1,AFDB,,
ETH,Ethiopia,2012,188838.4,,188838.37,,,,,,,,,,,,,,1,AFDB,,
ETH,Ethiopia,2013,234572,,234572,,,,,,,,,,,,,,1,AFDB,,
ETH,Ethiopia,2014,297598.8,,297598.84,,,,,,,,,,,,,,1,AFDB,,
ETH,Ethiopia,2015,369746.7,,369746.71,,,,,,,,,,,,,,1,AFDB,,
ETH,Ethiopia,2016,448062.8,,448062.8,,,,,,,,,,,,,,1,AFDB,,
ETH,Ethiopia,2017,561524.1,,561524.03,,,,,,,,,,,,,,1,AFDB,,
ETH,Ethiopia,2018,683530.4,,683530.4,,,,,,,,,,,,,,1,AFDB,,
FIN,Finland,1870,.0928397,,,,,,,,,.0928397,,,,,,,1,JST,,
FIN,Finland,1871,.1030992,,,,,,,,,.1030992,,,,,,,1,JST,,
FIN,Finland,1872,.1177315,,,,,,,,,.1177315,,,,,,,1,JST,,
FIN,Finland,1873,.1401005,,,,,,,,,.1401005,,,,,,,1,JST,,
FIN,Finland,1874,.1718881,,,,,,,,,.1718881,,,,,,,1,JST,,
FIN,Finland,1875,.1486781,,,,,,,,,.1486781,,,,,,,1,JST,,
FIN,Finland,1876,.1466599,,,,,,,,,.1466599,,,,,,,1,JST,,
FIN,Finland,1877,.1278228,,,,,,,,,.1278228,,,,,,,1,JST,,
FIN,Finland,1878,.1121813,,,,,,,,,.1121813,,,,,,,1,JST,,
FIN,Finland,1879,.1078085,,,,,,,,,.1078085,,,,,,,1,JST,,
FIN,Finland,1880,.1374095,,,,,,,,,.1374095,,,,,,,1,JST,,
FIN,Finland,1881,.1409415,,,,,,,,,.1409415,,,,,,,1,JST,,
FIN,Finland,1882,.1490145,,,,,,,,,.1490145,,,,,,,1,JST,,
FIN,Finland,1883,.1577603,,,,,,,,,.1577603,,,,,,,1,JST,,
FIN,Finland,1884,.1597785,,,,,,,,,.1597785,,,,,,,1,JST,,
FIN,Finland,1885,.1599467,,,,,,,,,.1599467,,,,,,,1,JST,,
FIN,Finland,1886,.1614604,,,,,,,,,.1614604,,,,,,,1,JST,,
FIN,Finland,1887,.1663379,,,,,,,,,.1663379,,,,,,,1,JST,,
FIN,Finland,1888,.1871932,,,,,,,,,.1871932,,,,,,,1,JST,,
FIN,Finland,1889,.2226808,,,,,,,,,.2226808,,,,,,,1,JST,,
FIN,Finland,1890,.2379859,,,,,,,,,.2379859,,,,,,,1,JST,,
FIN,Finland,1891,.2470681,,,,,,,,,.2470681,,,,,,,1,JST,,
FIN,Finland,1892,.2556456,,,,,,,,,.2556456,,,,,,,1,JST,,
FIN,Finland,1893,.2731372,,,,,,,,,.2731372,,,,,,,1,JST,,
FIN,Finland,1894,.3045883,,,,,,,,,.3045883,,,,,,,1,JST,,
FIN,Finland,1895,.3755637,,,,,,,,,.3755637,,,,,,,1,JST,,
FIN,Finland,1896,.4389705,,,,,,,,,.4389705,,,,,,,1,JST,,
FIN,Finland,1897,.5104504,,,,,,,,,.5104504,,,,,,,1,JST,,
FIN,Finland,1898,.5597295,,,,,,,,,.5597295,,,,,,,1,JST,,
FIN,Finland,1899,.5977399,,,,,,,,,.5977399,,,,,,,1,JST,,
FIN,Finland,1900,.6058129,,,,,,,,,.6058129,,,,,,,1,JST,,
FIN,Finland,1901,.6196043,,,,,,,,,.6196043,,,,,,,1,JST,,
FIN,Finland,1902,.6244818,,,,,,,,,.6244818,,,,,,,1,JST,,
FIN,Finland,1903,.6700607,,,,,,,,,.6700607,,,,,,,1,JST,,
FIN,Finland,1904,.6870477,,,,,,,,,.6870477,,,,,,,1,JST,,
FIN,Finland,1905,.8252982,,,,,,,,,.8252982,,,,,,,1,JST,,
FIN,Finland,1906,.8180661,,,,,,,,,.8180661,,,,,,,1,JST,,
FIN,Finland,1907,.9268837,,,,,,,,,.9268837,,,,,,,1,JST,,
FIN,Finland,1908,.9485799,,,,,,,,,.9485799,,,,,,,1,JST,,
FIN,Finland,1909,1.057397,,,,,,,,,1.057397,,,,,,,1,JST,,
FIN,Finland,1910,1.123327,,,,,,,,,1.123327,,,,,,,1,JST,,
FIN,Finland,1911,1.172774,,,,,,,,,1.172774,,,,,,,1,JST,,
FIN,Finland,1912,1.191611,,,,,,,,,1.191611,,,,,,,1,JST,,
FIN,Finland,1913,1.231136,,,,,,,,,1.231136,,,,,,,1,JST,,
FIN,Finland,1914,1.314725,,,,,,,,,1.314725,,,,,,,1,JST,,
FIN,Finland,1915,1.607204,,,,,,,,,1.607204,,,,,,,1,JST,,
FIN,Finland,1916,2.250859,,,,,,,,,2.250859,,,,,,,1,JST,,
FIN,Finland,1917,3.758159,,,,,,,,,3.758159,,,,,,,1,JST,,
FIN,Finland,1918,6.804883,,,,,,,,,6.804883,,,,,,,1,JST,,
FIN,Finland,1919,7.543228,,,,,,,,,7.543228,,,,,,,1,JST,,
FIN,Finland,1920,8.263073,,,,,,,,,8.263073,,,,,,,1,JST,,
FIN,Finland,1921,7.043711,,,,,,,,,7.043711,,,,,,,1,JST,,
FIN,Finland,1922,9.310884,,,,,,,,,9.310884,,,,,,,1,JST,,
FIN,Finland,1923,10.33683,,,,,,,,,10.33683,,,,,,,1,JST,,
FIN,Finland,1924,11.27195,,,,,,,,,11.27195,,,,,,,1,JST,,
FIN,Finland,1925,11.37623,,,,,,,,,11.37623,,,,,,,1,JST,,
FIN,Finland,1926,12.44927,,,,,,,,,12.44927,,,,,,,1,JST,,
FIN,Finland,1927,14.2657,,,,,,,,,14.2657,,,,,,,1,JST,,
FIN,Finland,1928,14.93509,,,,,,,,,14.93509,,,,,,,1,JST,,
FIN,Finland,1929,14.93677,,,,,,,,,14.93677,,,,,,,1,JST,,
FIN,Finland,1930,15.13355,,,,,,,,,15.13355,,,,,,,1,JST,,
FIN,Finland,1931,14.59535,,,,,,,,,14.59535,,,,,,,1,JST,,
FIN,Finland,1932,13.88391,,,,,,,,,13.88391,,,,,,,1,JST,,
FIN,Finland,1933,14.62899,,,,,,,,,14.62899,,,,,,,1,JST,,
FIN,Finland,1934,15.02759,,,,,,,,,15.02759,,,,,,,1,JST,,
FIN,Finland,1935,15.75248,,,,,,,,,15.75248,,,,,,,1,JST,,
FIN,Finland,1936,17.15181,,,,,,,,,17.15181,,,,,,,1,JST,,
FIN,Finland,1937,20.35074,,,,,,,,,20.35074,,,,,,,1,JST,,
FIN,Finland,1938,21.69624,,,,,,,,,21.69624,,,,,,,1,JST,,
FIN,Finland,1939,24.21906,,,,,,,,,24.21906,,,,,,,1,JST,,
FIN,Finland,1940,29.93745,,,,,,,,,29.93745,,,,,,,1,JST,,
FIN,Finland,1941,34.8149,,,,,,,,,34.8149,,,,,,,1,JST,,
FIN,Finland,1942,42.71973,,,,,,,,,42.71973,,,,,,,1,JST,,
FIN,Finland,1943,49.44725,,,,,,,,,49.44725,,,,,,,1,JST,,
FIN,Finland,1944,63.07047,,,,,,,,,63.07047,,,,,,,1,JST,,
FIN,Finland,1945,70.13437,,,,,,,,,70.13437,,,,,,,1,JST,,
FIN,Finland,1946,83.25302,,,,,,,,,83.25302,,,,,,,1,JST,,
FIN,Finland,1947,105.9584,,,,,,,,,105.9584,,,,,,,1,JST,,
FIN,Finland,1948,120.2544,,,,,,,,,120.2544,,,,,,,1,JST,,
FIN,Finland,1949,141.2779,,,,,,,,,141.2779,,,,,,,1,JST,,
FIN,Finland,1950,160.4513,,,,,,,,,160.4513,117.73155,,,,,,1,JST,,
FIN,Finland,1951,225.8764,,,,,,,,,225.8764,166.50605,,,,,,1,JST,,
FIN,Finland,1952,225.3718,,,,,,,,,225.3718,148.00538,,,,,,1,JST,,
FIN,Finland,1953,248.9181,,,,,,,,,248.9181,153.05101,,,,,,1,JST,,
FIN,Finland,1954,279.0238,,,,,,,,,279.0238,168.18793,,,,,,1,JST,,
FIN,Finland,1955,319.3889,,,,,,,,,319.3889,181.64296,,,,,,1,JST,,
FIN,Finland,1956,329.1438,,,,,,,,,329.1438,195.09799,,,,,,1,JST,,
FIN,Finland,1957,339.0669,,,,,,,,,339.0669,196.77987,,,,,,1,JST,,
FIN,Finland,1958,381.9548,,,,,,,,,381.9548,218.6443,,,,,,1,JST,,
FIN,Finland,1959,463.1895,,,,,,,,,463.1895,243.87249,,,,,,1,JST,,
FIN,Finland,1960,519.1961,,,,,,,,,519.1961,250.60001,,,,,,1,JST,,
FIN,Finland,1961,591.517,,,,,,,,,591.517,275.8282,,,,,,1,JST,,
FIN,Finland,1962,619.6043,,,,,,,,,619.6043,289.28323,,,,,,1,JST,,
FIN,Finland,1963,689.5705,,,,,,,,,689.5705,334.69397,,,,,,1,JST,,
FIN,Finland,1964,757.3502,,,,,,,,,757.3502,343.10337,,,,,,1,JST,,
FIN,Finland,1965,816.5524,,,,,,,,,816.5524,349.83089,,,,,,1,JST,,
FIN,Finland,1966,902.8328,,,,,,,,,902.8328,373.3772,,,,,,1,JST,,
FIN,Finland,1967,972.6308,,,,,,,,,972.6308,366.64968,,,,,,1,JST,,
FIN,Finland,1968,1105.499,,,,,,,,,1105.499,449.06176,,,,,,1,JST,,
FIN,Finland,1969,1271.501,,,,,,,,,1271.501,526.42821,,,,,,1,JST,,
FIN,Finland,1970,1443.893,,,,,,,,,1443.893,578.56647,,,,,,1,JST,,
FIN,Finland,1971,1645.551,,,,,,,,,1645.551,676.11546,,,,,,1,JST,,
FIN,Finland,1972,1956.026,,,,,,,,,1956.026,834.21212,,,,,,1,JST,,
FIN,Finland,1973,2187.62,,,,,,,,,2187.62,1027.6282,,,,,,1,JST,,
FIN,Finland,1974,2667.46,,,,,,,,,2667.46,1222.7262,,,,,,1,JST,,
FIN,Finland,1975,3147.973,,,,,,,,,3147.973,1643.196,,,,,,1,JST,,
FIN,Finland,1976,3285.551,,,,,,,,,3285.551,1614.6041,,,,,,1,JST,,
FIN,Finland,1977,3631.514,,,,,,,,,3631.514,1660.0148,,,,,,1,JST,,
FIN,Finland,1978,4239.85,,,,,,,,,4239.85,1934.1612,,,,,,1,JST,,
FIN,Finland,1979,4948.089,,,,,,,,,4948.089,2369.7679,,,,,,1,JST,,
FIN,Finland,1980,5629.586,,,,,,,,,5629.586,2519.4551,,,,,,1,JST,,
FIN,Finland,1981,6416.706,,,,,,,,,6416.706,2891.1505,,,,,,1,JST,,
FIN,Finland,1982,7227.372,,,,,,,,,7227.372,3350.3035,,,,,,1,JST,,
FIN,Finland,1983,8128.354,,,,,,,,,8128.354,3604.2673,,,,,,1,JST,,
FIN,Finland,1984,9392.286,,,,,,,,,9392.286,4194.6069,,,,,,1,JST,,
FIN,Finland,1985,11403.81,,,,,,,,,11403.81,4657.1237,,,,,,1,JST,,
FIN,Finland,1986,11933.94,,,,,,,,,11933.94,4682.3519,,,,,,1,JST,,
FIN,Finland,1987,13239.25,,,,,,,,,13239.25,5102.8217,,,,,,1,JST,,
FIN,Finland,1988,14754.66,,,,,,,,,14754.66,6041.3103,,,,,,1,JST,,
FIN,Finland,1989,17376.05,,,,,,,,,17376.05,6969.7077,,,,,,1,JST,,
FIN,Finland,1990,19911.72,,,,,,,,,19911.72,7472.5896,,,,,,1,JST,,
FIN,Finland,1991,21540.04,,,,,,,,,21540.04,21973.753,,,,,,1,JST,,
FIN,Finland,1992,22827.47,,,,,,,,,22827.47,22676.778,,,,,,1,JST,,
FIN,Finland,1993,23822.31,,,,,,,,,23822.31,23842.32,,,,,,1,JST,,
FIN,Finland,1994,25420.45,,,,,,,,,25420.45,26550.146,,,,,,1,JST,,
FIN,Finland,1995,28140.03,,,,,,,,,28140.03,30127.503,,,,,,1,JST,,
FIN,Finland,1996,33767.09,,,,,,,,,33767.09,34996.544,,,,,,1,JST,,
FIN,Finland,1997,36552.5,,,,,,,,,36552.5,36895.385,,,,,,1,JST,,
FIN,Finland,1998,36584.57,,,,,,,,,36584.57,38568.855,,,,,,1,JST,,
FIN,Finland,1999,38334.55,,,,,,,,,38334.55,41627000,,,,,,1,JST,,
FIN,Finland,2000,37129.84,,,,,,,,,37129.84,40369000,,,,,,1,JST,,
FIN,Finland,2001,39014.32,,,,,,,,,39014.32,39014000,,,,,,1,JST,,
FIN,Finland,2002,40951.44,,,,,,,,,40951.44,40951000,,,,,,1,JST,,
FIN,Finland,2003,44455.1,,,,,,,,,44455.1,44455000,,,,,,1,JST,,
FIN,Finland,2004,46157.25,,,,,,,,,46157.25,46157000,,,,,,1,JST,,
FIN,Finland,2005,49368.8,,,,,,,,,49368.8,49368000,,,,,,1,JST,,
FIN,Finland,2006,51499.14,,,,,,,,,51499.14,51499000,,,,,,1,JST,,
FIN,Finland,2007,53653.21,,,,,,,,,53653.21,53653000,,,,,,1,JST,,
FIN,Finland,2008,55546.39,,,,,,,,,55546.39,55544000,,,,,,1,JST,,
FIN,Finland,2009,65782.02,,,,,,,,,65782.02,65781000,,,,,,1,JST,,
FIN,Finland,2010,70274.09,,,,,,,,,70274.09,70274000,,,,,,1,JST,,
FIN,Finland,2011,74521.09,,,,,,,,,74521.09,,,,,,,1,JST,,
FIN,Finland,2012,81877.17,,,,,,,,,81877.17,,,,,,,1,JST,,
FIN,Finland,2013,90992.55,,,,,,,,,90992.55,,,,,,,1,JST,,
FIN,Finland,2014,97849.35,,,,,,,,,97849.35,,,,,,,1,JST,,
FIN,Finland,2015,111468,,,,,,,,,111468,,,,,,,1,JST,,
FIN,Finland,2016,117655,,,,,,,,,117655,,,,,,,1,JST,,
FIN,Finland,2017,127235,,,,,,,,,127235,,,,,,,1,JST,,
FIN,Finland,2018,139853,,,,,,,,,139853,,,,,,,1,JST,,
FIN,Finland,2019,146874,,,,,,,,,146874,,,,,,,1,JST,,
FIN,Finland,2020,172054,,,,,,,,,172054,,,,,,,1,JST,,
FJI,Fiji,1961,17.89337,,,,,,,,,,17.9,,,,,,.9996296,Mitchell,,
FJI,Fiji,1962,17.49352,,,,,,,,,,17.5,,,,,,.9996296,Mitchell,,
FJI,Fiji,1963,22.29174,,,,,,,,,,22.3,,,,,,.9996296,Mitchell,,
FJI,Fiji,1964,25.0907,,,,,,,,,,25.1,,,,,,.9996296,Mitchell,,
FJI,Fiji,1965,22.79156,,,,,,,,,,22.8,,,,,,.9996296,Mitchell,,
FJI,Fiji,1966,24.09107,,,,,,,,,,24.1,,,,,,.9996296,Mitchell,,
FJI,Fiji,1967,24.39096,,,,,,,,,,24.4,,,,,,.9996296,Mitchell,,
FJI,Fiji,1968,26.29026,,,,,,,,,,26.3,,,,,,.9996296,Mitchell,,
FJI,Fiji,1969,31.78822,,,,,,,,,,31.8,,,,,,.9996296,Mitchell,,
FJI,Fiji,1970,37.28618,,,,,,,,,,37.3,,,,,,.9996296,Mitchell,,
FJI,Fiji,1971,42.68419,,,,,,,,,,42.7,,,,,,.9996296,Mitchell,,
FJI,Fiji,1972,52.28063,,,,,,,,,,52.3,,,,,,.9996296,Mitchell,,
FJI,Fiji,1973,56.47907,,,,,,,,,,56.5,,,,,,.9996296,Mitchell,,
FJI,Fiji,1974,69.0744,,,,,,,,,,69.1,,,,,,.9996296,Mitchell,,
FJI,Fiji,1975,83.96889,,,,,,,,,,84,,,,,,.9996296,Mitchell,,
FJI,Fiji,1976,85.36837,,,,,,,,,,85.4,,,,,,.9996296,Mitchell,,
FJI,Fiji,1977,84.06885,,,,,,,,,,84.1,,,,,,.9996296,Mitchell,,
FJI,Fiji,1978,98.36356,,,,,,,,,,98.4,,,,,,.9996296,Mitchell,,
FJI,Fiji,1979,111.9585,,,,,,,,,,112,,,,,,.9996296,Mitchell,,
FJI,Fiji,1980,100.9626,,,,,,,,,,101,,,,,,.9996296,Mitchell,,
FJI,Fiji,1981,117.9563,,,,,,,,,,118,,,,,,.9996296,Mitchell,,
FJI,Fiji,1982,123.9541,,,,,,,,,,124,,,,,,.9996296,Mitchell,,
FJI,Fiji,1983,134.95,,,,,,,,,,135,,,,,,.9996296,Mitchell,,
FJI,Fiji,1984,135.9496,,,,,,,,,,136,,,,,,.9996296,Mitchell,,
FJI,Fiji,1985,137.9489,,,,,,,,,,138,,,,,,.9996296,Mitchell,,
FJI,Fiji,1986,171.9363,,,,,,,,,,172,,,,,,.9996296,Mitchell,,
FJI,Fiji,1987,167.9378,,,,,,,,,,168,,,,,,.9996296,Mitchell,,
FJI,Fiji,1988,272.8989,,,,,,,,,,273,,,,,,.9996296,Mitchell,,
FJI,Fiji,1989,263.9022,,,,,,,,,,264,,,,,,.9996296,Mitchell,,
FJI,Fiji,1990,264.9019,,,,,,,,,,265,,,,,,.9996296,Mitchell,,
FJI,Fiji,1991,273.8985,,,,,,,,,,274,,,,,,.9996296,Mitchell,,
FJI,Fiji,1992,313.8837,,,,,,,,,,314,,,,,,.9996296,Mitchell,,
FJI,Fiji,1993,363.8652,,,,,,,,,,364,,,,,,.9996296,Mitchell,,
FJI,Fiji,1994,344.8722,,,,,,,,,,345,,,,,,.9996296,Mitchell,,
FJI,Fiji,1995,385.857,,,,,,,,,,386,,,,,,.9996296,Mitchell,,
FJI,Fiji,1996,455.8311,,,,,,,,,,456,,,,,,.9996296,Mitchell,,
FJI,Fiji,1997,444.8352,,,,,,,,,,445,,,,,,.9996296,Mitchell,,
FJI,Fiji,1998,393.8541,,,,,,,,,,394,,,,,,.9996296,Mitchell,,
FJI,Fiji,1999,694.7426,,,,,,,,,,695,,,,,,.9996296,Mitchell,1,1
FJI,Fiji,2000,593.78,593.78,,,,,,,,,594,,,,,,1,ADB,,
FJI,Fiji,2001,618.5272,618.5272,,,,,,,,,621,,,,,,1,ADB,,
FJI,Fiji,2002,683.1401,683.14014,,,,,,,,,712,,,,,,1,ADB,,
FJI,Fiji,2003,868.7322,868.73221,,,,,,,,,900,,,,,,1,ADB,,
FJI,Fiji,2004,989.3092,989.30919,,,,,,,,,1018,,,,,,1,ADB,,
FJI,Fiji,2005,1205.095,1205.0952,,,,,,,,,1197,,,,,,1,ADB,,
FJI,Fiji,2006,1149.94,1149.9396,,,,,,,,,,,,,,,1,ADB,,
FJI,Fiji,2007,1621.432,1621.4317,,,,,,,,,,,,,,,1,ADB,,
FJI,Fiji,2008,1357.297,1357.2971,,,,,,,,,,,,,,,1,ADB,,
FJI,Fiji,2009,1262.119,1262.1187,,,,,,,,,,,,,,,1,ADB,,
FJI,Fiji,2010,1410.976,1410.9764,,,,,,,,,,,,,,,1,ADB,,
FJI,Fiji,2011,1991.372,1991.3719,,,,,,,,,,,,,,,1,ADB,,
FJI,Fiji,2012,2097.782,2097.7816,,,,,,,,,,,,,,,1,ADB,,
FJI,Fiji,2013,3509.563,3509.5635,,,,,,,,,,,,,,,1,ADB,,
FJI,Fiji,2014,3703.854,3703.8541,,,,,,,,,,,,,,,1,ADB,,
FJI,Fiji,2015,4200.985,4200.9851,,,,,,,,,,,,,,,1,ADB,,
FJI,Fiji,2016,4367.195,4367.195,,,,,,,,,,,,,,,1,ADB,,
FJI,Fiji,2017,4976.349,4976.3487,,,,,,,,,,,,,,,1,ADB,,
FJI,Fiji,2018,5030.736,5030.7357,,,,,,,,,,,,,,,1,ADB,,
FJI,Fiji,2019,5028.775,5028.7749,,,,,,,,,,,,,,,1,ADB,,
FRA,France,1870,10.22403,,,,,,,,,14.78755,,,,,,,.6913941,JST,,
FRA,France,1871,10.96184,,,,,,,,,15.8547,,,,,,,.6913941,JST,,
FRA,France,1872,11.27805,,,,,,,,,16.31204,,,,,,,.6913941,JST,,
FRA,France,1873,11.80506,,,,,,,,,17.07429,,,,,,,.6913941,JST,,
FRA,France,1874,11.59426,,,,,,,,,16.76939,,,,,,,.6913941,JST,,
FRA,France,1875,12.22667,,,,,,,,,17.68409,,,,,,,.6913941,JST,1,2
FRA,France,1876,12.85909,,,,,,,,,18.59878,,,,,10.82388,,1.188029,CS3,,
FRA,France,1877,13.22131,,,,,,,,,19.66592,,,,,11.128778,,1.188029,CS3,,
FRA,France,1878,13.22131,,,,,,,,,20.58062,,,,,11.128778,,1.188029,CS3,,
FRA,France,1879,13.22131,,,,,,,,,20.12327,,,,,11.128778,,1.188029,CS3,,
FRA,France,1880,13.76466,,,,,,,,,20.42817,,,,,11.586125,,1.188029,CS3,,
FRA,France,1881,14.48911,,,,,,,,,20.88551,,,,,12.195921,,1.188029,CS3,,
FRA,France,1882,14.48911,,,,,,,,,20.88551,,,,,12.195921,,1.188029,CS3,,
FRA,France,1883,14.85134,,,,,,,,,20.73307,,,,,12.500819,,1.188029,CS3,,
FRA,France,1884,14.67023,,,,,,,,,20.58062,,,,,12.34837,,1.188029,CS3,,
FRA,France,1885,14.308,,,,,,,,,20.42817,,,,,12.043472,,1.188029,CS3,,
FRA,France,1886,14.308,,,,,,,,,21.03796,,,,,12.043472,,1.188029,CS3,,
FRA,France,1887,14.48911,,,,,,,,,20.58062,,,,,12.195921,,1.188029,CS3,,
FRA,France,1888,15.03245,,,,,,,,,22.10511,,,,,12.653268,,1.188029,CS3,,
FRA,France,1889,15.39468,,,,,,,,,20.27572,,,,,12.958166,,1.188029,CS3,,
FRA,France,1890,15.75691,,,,,,,,,20.58062,,,,,13.263064,,1.188029,CS3,,
FRA,France,1891,16.11914,,,,,,,,,21.03796,,,,,13.567963,,1.188029,CS3,,
FRA,France,1892,16.30025,,,,,,,,,21.95266,,,,,13.720412,,1.188029,CS3,,
FRA,France,1893,16.84359,,,,,,,,,23.17225,,,,,14.177759,,1.188029,CS3,,
FRA,France,1894,17.56805,,,,,,,,,22.86735,,,,,14.787555,,1.188029,CS3,,
FRA,France,1895,17.56805,,,,,,,,,22.41001,,,,,14.787555,,1.188029,CS3,,
FRA,France,1896,17.56805,,,,,,,,,22.86735,,,,,14.787555,,1.188029,CS3,,
FRA,France,1897,18.11139,,,,,,,,,23.17225,,,,,15.244902,,1.188029,CS3,,
FRA,France,1898,19.01696,,,,,,,,,23.47715,,,,,16.007147,,1.188029,CS3,,
FRA,France,1899,20.10364,,,,,,,,,23.78205,,,,,16.921841,,1.188029,CS3,,
FRA,France,1900,20.8281,,,,,,,,,25.30654,,,,,17.531637,,1.188029,CS3,,
FRA,France,1901,21.19032,,,,,,,,,26.52613,,,,,17.836535,,1.188029,CS3,,
FRA,France,1902,21.73367,,,,,,,,,26.06878,,,,,18.293882,,1.188029,CS3,,
FRA,France,1903,22.45812,,,,,,,,,27.44082,,,,,18.903678,,1.188029,CS3,,
FRA,France,1904,23.90703,,,,,,,,,29.42266,,,,,20.12327,,1.188029,CS3,,
FRA,France,1905,24.99372,,,,,,,,,30.33735,,,,,21.037964,,1.188029,CS3,,
FRA,France,1906,26.26152,,,,,,,,,31.70939,,,,,22.105107,,1.188029,CS3,,
FRA,France,1907,28.25377,,,,,,,,,32.01429,,,,,23.782047,,1.188029,CS3,,
FRA,France,1908,29.70268,,,,,,,,,34.75837,,,,,25.001639,,1.188029,CS3,,
FRA,France,1909,31.51382,,,,,,,,,36.13042,,,,,26.526129,,1.188029,CS3,,
FRA,France,1910,32.78162,,,,,,,,,37.04511,,,,,27.593272,,1.188029,CS3,,
FRA,France,1911,34.04941,,,,,,,,,38.11225,,,,,28.660415,,1.188029,CS3,,
FRA,France,1912,35.1361,,,,,,,,,38.5696,,,,,29.575109,,1.188029,CS3,,
FRA,France,1913,36.94724,,,,,,,,,41.31368,,,,,31.0996,,1.188029,CS3,,
FRA,France,1914,39.84506,,,,,,,,,,,,,,33.538784,,1.188029,CS3,,
FRA,France,1915,50.34966,,,,,,,,,,,,,,42.380827,,1.188029,CS3,,
FRA,France,1916,57.77533,,,,,,,,,,,,,,48.631236,,1.188029,CS3,,
FRA,France,1917,66.83103,,,,,,,,,,,,,,56.253687,,1.188029,CS3,,
FRA,France,1918,83.85574,,,,,,,,,,,,,,70.583895,,1.188029,CS3,,
FRA,France,1919,109.3928,,,,,,,,,,,,,,92.079206,,1.188029,CS3,,
FRA,France,1920,133.6621,,,,,,,,,102.1408,,,,,112.50737,,1.188029,CS3,,
FRA,France,1921,136.1976,,,,,,,,,105.7996,,,,,114.64166,,1.188029,CS3,,
FRA,France,1922,134.5676,,,,,,,,,104.58,,,,,113.26962,,1.188029,CS3,,
FRA,France,1923,141.2688,,,,,,,,,109.4584,,,,,118.91023,,1.188029,CS3,,
FRA,France,1924,149.9623,,,,,,,,,112.8123,,,,,126.22779,,1.188029,CS3,,
FRA,France,1925,169.8848,,,,,,,,,138.7286,,,,,142.99718,,1.188029,CS3,,
FRA,France,1926,205.202,,,,,,,,,166.1694,,,,,172.72474,,1.188029,CS3,,
FRA,France,1927,217.5178,,,,,,,,,186.1402,,,,,183.09127,,1.188029,CS3,,
FRA,France,1928,252.835,,,,,,,,,222.1182,,,,,212.81883,,1.188029,CS3,,
FRA,France,1929,273.8442,,,,,,,,,228.3686,,,,,230.50291,,1.188029,CS3,,
FRA,France,1930,289.0578,,,,,,,,,251.5409,,,,,243.30863,,1.188029,CS3,,
FRA,France,1931,304.4525,,,,,,,,,275.9327,,,,,256.2668,,1.188029,CS3,,
FRA,France,1932,320.5716,,,,,,,,,274.4082,,,,,269.83476,,1.188029,CS3,,
FRA,France,1933,300.6491,,,,,,,,,253.0654,,,,,253.06537,,1.188029,CS3,,
FRA,France,1934,287.4277,,,,,,,,,248.4919,,,,,241.93659,,1.188029,CS3,,
FRA,France,1935,280.0021,,,,,,,,,228.6735,,,,,235.68618,,1.188029,CS3,,
FRA,France,1936,281.0888,,,,,,,,,243.9184,,,,,236.60087,,1.188029,CS3,,
FRA,France,1937,297.9324,,,,,,,,,266.7858,,,,,250.77863,,1.188029,CS3,,
FRA,France,1938,337.0529,,,,,,,,,310.996,,,,,283.70762,,1.188029,CS3,,
FRA,France,1939,390.6627,,,,,,,,,370.4511,,,,,328.83253,,1.188029,CS3,,
FRA,France,1940,520.1591,,,,,,,,,528.998,,,,,437.83358,,1.188029,CS3,,
FRA,France,1941,703.9897,,,,,,,,,766.8186,,,,,592.56933,,1.188029,CS3,,
FRA,France,1942,909.3729,,,,,,,,,868.9594,,,,,765.44652,,1.188029,CS3,,
FRA,France,1943,1214.369,,,,,,,,,1134.221,,,,,1022.1707,,1.188029,CS3,,
FRA,France,1944,1528.239,,,,,,,,,1429.972,,,,,1286.3648,,1.188029,CS3,,
FRA,France,1945,1643.609,,,,,,,,,1489.427,,,,,1383.4748,,1.188029,CS3,,
FRA,France,1946,2098.748,,,,,,,,,1913.235,,,,,1766.5792,,1.188029,CS3,,
FRA,France,1947,2700.771,,,,,,,,,2387.352,,,,,2273.3197,,1.188029,CS3,,
FRA,France,1948,3404.76,,,,,,,,,3090.142,,,,,2865.8891,,1.188029,CS3,,
FRA,France,1949,4337.497,,,,,,,,,4134.417,,,,,3651.0015,,1.188029,CS3,,
FRA,France,1950,5211.371,,,,,,,,,4770.13,4770.1297,,,,4386.568,,1.188029,CS3,,
FRA,France,1951,6088.506,,,,,,,,,5632.991,5632.9912,,,,5124.8786,,1.188029,CS3,,
FRA,France,1952,7043.882,,,,,,,,,6384.565,6384.5648,,,,5929.0472,,1.188029,CS3,,
FRA,France,1953,7907.07,,,,,,,,,7101.076,7101.0752,,,,6655.6192,,1.188029,CS3,,
FRA,France,1954,8889.07,,,,,,,,,8076.749,8076.7489,,,,7482.1978,,1.188029,CS3,,
FRA,France,1955,10058.52,,,,,,,,,9099.682,9099.6818,,,,8466.5611,,1.188029,CS3,,
FRA,France,1956,11214.57,,,,,,,,,10038.77,10038.768,,,,9439.6431,,1.188029,CS3,,
FRA,France,1957,12257.25,,,,,,,,,10880.29,10880.286,,,,10317.292,,1.188029,CS3,,
FRA,France,1958,13142.17,,,,,,,,,11369.65,11369.648,,,,11062.158,,1.188029,CS3,,
FRA,France,1959,14225.77,,,,,,,,,12670.04,12670.038,,,,11974.261,,1.188029,CS3,,
FRA,France,1960,15998.33,,,,,,,,,14462.84,14462.838,,,,13466.279,,1.188029,CS3,,
FRA,France,1961,18365.31,,,,,,,,,16769.39,16769.392,,,,15458.635,,1.188029,CS3,,
FRA,France,1962,21335.4,,,,,,,,,19818.37,19818.372,,,,17958.647,,1.188029,CS3,,
FRA,France,1963,24690.71,,,,,,,,,22562.46,22562.455,,,,20782.917,,1.188029,CS3,,
FRA,France,1964,27488.02,,,,,,,,,24544.29,24544.292,,,,23137.492,,1.188029,CS3,,
FRA,France,1965,29912.23,,,,,,,,,26831.03,26831.027,,,,25178.022,,1.188029,CS3,,
FRA,France,1966,32463.76,,,,,,,,,28812.87,28812.864,,,,27325.724,,1.188029,CS3,,
FRA,France,1967,34489.16,,,,,,,,,30184.91,30184.905,,,,29030.561,,1.188029,CS3,,
FRA,France,1968,36667.05,,,,,,,,,32624.09,32624.09,,,,30863.761,,1.188029,CS3,,
FRA,France,1969,38164.68,,,,,,,,,32014.29,32014.294,,,,32124.362,,1.188029,CS3,,
FRA,France,1970,40337.87,,,,,,,,,35368.17,35368.172,,,,33953.598,,1.188029,CS3,,
FRA,France,1971,45006.63,,,,,,,,,39636.75,39636.744,,,,37883.428,,1.188029,CS3,,
FRA,France,1972,51055.11,,,,,,,,,45582.26,45582.256,,,,42974.616,,1.188029,CS3,,
FRA,France,1973,57375.61,,,,,,,,,50003.28,50003.278,,,,48294.782,,1.188029,CS3,,
FRA,France,1974,63509.76,,,,,,,,,57625.73,57625.729,,,,53458.077,,1.188029,CS3,,
FRA,France,1975,72459.87,,,,,,,,,64790.83,64790.832,,,,60991.65,,1.188029,CS3,,
FRA,France,1976,81254.04,,,,,,,,,69669.2,69669.201,,,,68393.965,,1.188029,CS3,1,2
FRA,France,1977,89072,,,,,,,,,77139.2,77139.203,,,,74974.579,89072,1,CS1,,
FRA,France,1978,97326,,,,,,,,,86515.09,101531.05,,,,83477.88,97326,1,CS1,,
FRA,France,1979,109126,,,,,,,,,96743.33,114489.21,,,,93160.832,109126,1,CS1,,
FRA,France,1980,140073,,,,,,,,,128669.8,122111.66,,,,101971.62,140073,1,CS1,,
FRA,France,1981,155306,,,,,,,,,141628.9,137204.12,,,,114751.12,155306,1,CS1,,
FRA,France,1982,168897,,,,,,,,,156799,150162.28,,,,131438.34,168897,1,CS1,,
FRA,France,1983,187196,,,,,,,,,170107.4,168913.51,,,,146957.65,187196,1,CS1,,
FRA,France,1984,205654,,,,,,,,,185590.5,185835.35,,,,164469.01,205654,1,CS1,,
FRA,France,1985,216819,,,,,,,,,200311.1,200013.11,,,,175586.97,216819,1,CS1,,
FRA,France,1986,230669,,,,,,,,,215199.3,214495.77,,,,181767.1,230669,1,CS1,,
FRA,France,1987,239964,,,,,,,,,224967.3,224252.5,,,,189721.28,239964,1,CS1,,
FRA,France,1988,249765,,,,,,,,,230521,233551.89,,,,199269.62,249765,1,CS1,,
FRA,France,1989,268230,,,,,,,,,243615.8,248949.25,,,,213041.71,268230,1,CS1,,
FRA,France,1990,277611,,,,,,,,,252831.4,259620.68,,,,226711.81,277611,1,CS1,,
FRA,France,1991,265316,,,,,,,,,251997.9,245290.47,,,,,265316,1,CS1,,
FRA,France,1992,267046,,,,,,,,,249349.5,245138.02,,,,,267046,1,CS1,,
FRA,France,1993,266116,,,,,,,,,247959.1,247424.75,,,,,266116,1,CS1,,
FRA,France,1994,271660,,,,,,,,,256081.3,254742.31,,,,,271660,1,CS1,,
FRA,France,1995,292759,,,,,,,,,258584.6,274408.23,,,,,292759,1,CS1,,
FRA,France,1996,294388,,,,,,,,,271532.6,276694.97,,,,,294388,1,CS1,,
FRA,France,1997,317135,,,,,,,,,284775,294683.95,,,,,317135,1,CS1,,
FRA,France,1998,326212,,,,,,,,,309930.9,303830.89,,,,,326212,1,CS1,,
FRA,France,1999,359172,,,,,,,,,336963.3,293231,,,,,359172,1,CS1,,
FRA,France,2000,382733,,,,,,,,,360405.2,314932,,,,,382733,1,CS1,,
FRA,France,2001,406124,,,,,,,,,377555.1,,,,,,406124,1,CS1,,
FRA,France,2002,446985,,,,,,,,,418054.7,,,,,,446985,1,CS1,,
FRA,France,2003,465056,,,,,,,,,432533.2,,,,,,465056,1,CS1,,
FRA,France,2004,500740,,,,,,,,,466583.8,,,,,,500740,1,CS1,,
FRA,France,2005,560569,,,,,,,,,514716.8,,,,,,560569,1,CS1,,
FRA,France,2006,600589,,,,,,,,,562375.5,,,,,,600589,1,CS1,,
FRA,France,2007,635029,,,,,,,,,597395.2,,,,,,635029,1,CS1,,
FRA,France,2008,635882,,,,,,,,,605676.3,,,,,,635882,1,CS1,,
FRA,France,2009,676945,,,,,,,,,626528.6,,,,,,676945,1,CS1,,
FRA,France,2010,727238,,,,,,,,,681775.7,,,,,,727238,1,CS1,,
FRA,France,2011,761399,,,,,,,,,715868.6,,,,,,761399,1,CS1,,
FRA,France,2012,797932,,,,,,,,,761247.3,,,,,,797932,1,CS1,,
FRA,France,2013,828102,,,,,,,,,799054.3,,,,,,828102,1,CS1,,
FRA,France,2014,889135,,,,,,,,,834790.4,,,,,,889135,1,CS1,,
FRA,France,2015,991536,,,,,,,,,935295.9,,,,,,991536,1,CS1,,
FRA,France,2016,1080183,,,,,,,,,1024445,,,,,,1080183,1,CS1,,
FRA,France,2017,1221455,,,,,,,,,1154476,,,,,,1221455,1,CS1,,
FRA,France,2018,1299659,,,,,,,,,1249299,,,,,,1299659,1,CS1,,
FRA,France,2019,1437749,,,,,,,,,1377278,,,,,,1437749,1,CS1,,
FRA,France,2020,1719081,,,,,,,,,1616440,,,,,,1719081,1,CS1,,
FRA,France,2021,1912678,,,,,,,,,,,,,,,1912678,1,CS1,,
FRA,France,2022,1841109,,,,,,,,,,,,,,,1841109,1,CS1,,
FRA,France,2023,1647838,,,,,,,,,,,,,,,1647838,1,CS1,,
FRA,France,2024,1604194,,,,,,,,,,,,,,,1604194,1,CS1,,
FRA,France,2025,1606695,,,,,,,,,,,,,,,1606695,1,CS1,,
GAB,Gabon,1960,5060.212,,,,,,,,,,5310,,,,,,.952959,Mitchell,,
GAB,Gabon,1961,5879.757,,,,,,,,,,6170,,,,,,.952959,Mitchell,,
GAB,Gabon,1962,6851.775,,,,,,,,,,7190,,,,,,.952959,Mitchell,,
GAB,Gabon,1963,7385.432,,,,,,,,,,7750,,,,,,.952959,Mitchell,,
GAB,Gabon,1964,8004.855,,,,,,,,,,8400,,,,,,.952959,Mitchell,,
GAB,Gabon,1965,8414.628,,,,,,,,,,8830,,,,,,.952959,Mitchell,,
GAB,Gabon,1966,8214.507,,,,,,,,,,8620,,,,,,.952959,Mitchell,,
GAB,Gabon,1967,8452.746,,,,,,,,,,8870,,,,,,.952959,Mitchell,,
GAB,Gabon,1968,9157.936,,,,,,,,,,9610,,,,,,.952959,Mitchell,,
GAB,Gabon,1969,10863.73,,,,,,,,,,11400,,,,,,.952959,Mitchell,,
GAB,Gabon,1970,11911.99,,,,,,,,,,12500,,,,,,.952959,Mitchell,,
GAB,Gabon,1971,13817.91,,,,,,,,,,14500,,,,,,.952959,Mitchell,,
GAB,Gabon,1972,17534.45,,,,,,,,,,18400,,,,,,.952959,Mitchell,,
GAB,Gabon,1973,21727.46,,,,,,,,,,22800,,,,,,.952959,Mitchell,,
GAB,Gabon,1974,36307.74,,,,,,,,,,38100,,,,,,.952959,Mitchell,,
GAB,Gabon,1975,56224.58,,,,,,,,,,59000,,,,,,.952959,Mitchell,,
GAB,Gabon,1976,99107.73,,,,,,,,,,104000,,,,,,.952959,Mitchell,,
GAB,Gabon,1977,91293.47,,,,,,,,,,95800,,,,,,.952959,Mitchell,,
GAB,Gabon,1978,85575.72,,,,,,,,,,89800,,,,,,.952959,Mitchell,,
GAB,Gabon,1979,81382.7,,,,,,,,,,85400,,,,,,.952959,Mitchell,1,2
GAB,Gabon,1980,89578.14,,94879,,,,,,,,94000,,,,,,.9441304,AFDB,,
GAB,Gabon,1981,109120.7,,115578,,,,,,,,114000,,,,,,.9441304,AFDB,,
GAB,Gabon,1982,119926.3,,127023,,,,,,,,126000,,,,,,.9441304,AFDB,,
GAB,Gabon,1983,136363.6,,144433,,,,,,,,143000,,,,,,.9441304,AFDB,,
GAB,Gabon,1984,159934.7,,169399,,,,,,,,168000,,,,,,.9441304,AFDB,,
GAB,Gabon,1985,168209.1,,178163,,,,,,,,177000,,,,,,.9441304,AFDB,,
GAB,Gabon,1986,145503.7,,154114,,,,,,,,152000,,,,,,.9441304,AFDB,,
GAB,Gabon,1987,127700.2,,135257,,,,,,,,133000,,,,,,.9441304,AFDB,,
GAB,Gabon,1988,138634.2,,146838,,,,,,,,163000,,,,,,.9441304,AFDB,,
GAB,Gabon,1989,146124,,154771,,,,,,,,171000,,,,,,.9441304,AFDB,1,2
GAB,Gabon,1990,155300,,164490,155300,,,,,,,181000,,,,,,1,AFRISTAT,,
GAB,Gabon,1991,161200,,178008,161200,,,,,,,195000,,,,,,1,AFRISTAT,,
GAB,Gabon,1992,140500,,142350,140500,,,,,,,142000,,,,,,1,AFRISTAT,,
GAB,Gabon,1993,135600,,137440,135600,,,,,,,137000,,,,,,1,AFRISTAT,,
GAB,Gabon,1994,189400,,195006,189400,,,,,,,195000,,,,,,1,AFRISTAT,,
GAB,Gabon,1995,216600,,219087,216600,,,,,,,219000,,,,,,1,AFRISTAT,,
GAB,Gabon,1996,261100,,275998,261100,,,,,,,276000,,,,,,1,AFRISTAT,,
GAB,Gabon,1997,294500,,298246,294500,,,,,,,298000,,,,,,1,AFRISTAT,,
GAB,Gabon,1998,283400,,283119,283400,,,,,,,283000,,,,,,1,AFRISTAT,,
GAB,Gabon,1999,270100,,268614,270100,,,,,,,269000,,,,,,1,AFRISTAT,,
GAB,Gabon,2000,316200,,527307,316200,,,,,,,320000,,,,,,1,AFRISTAT,,
GAB,Gabon,2001,331200,,566689,331200,,,,,,,332000,,,,,,1,AFRISTAT,,
GAB,Gabon,2002,346700,,599025,346700,,,,,,,347000,,,,,,1,AFRISTAT,,
GAB,Gabon,2003,345500,,591762,345500,,,,,,,345000,,,,,,1,AFRISTAT,,
GAB,Gabon,2004,385200,,660648,385200,,,,,,,387000,,,,,,1,AFRISTAT,,
GAB,Gabon,2005,521800,,832593,521800,,,,,,,528000,,,,,,1,AFRISTAT,,
GAB,Gabon,2006,617900,,977831,617900,,,,,,,617994,,,,,,1,AFRISTAT,,
GAB,Gabon,2007,688300,,1047784,688300,,,,,,,689489,,,,,,1,AFRISTAT,,
GAB,Gabon,2008,770900,,1139646,770900,,,,,,,774355,,,,,,1,AFRISTAT,,
GAB,Gabon,2009,768800,,1165151,768800,,,,,,,766227,,,,,,1,AFRISTAT,,
GAB,Gabon,2010,927800,,1389187,927800,,,,,,,918111,,,,,,1,AFRISTAT,,
GAB,Gabon,2011,1253400,,1757157,1253400,,,,,,,,,,,,,1,AFRISTAT,,
GAB,Gabon,2012,1305800,,2033579,1305800,,,,,,,,,,,,,1,AFRISTAT,,
GAB,Gabon,2013,1503700,,2157071,1503700,,,,,,,,,,,,,1,AFRISTAT,,
GAB,Gabon,2014,1408800,,2191764,1408800,,,,,,,,,,,,,1,AFRISTAT,,
GAB,Gabon,2015,1465400,,2188934,1465400,,,,,,,,,,,,,1,AFRISTAT,,
GAB,Gabon,2016,1365200,,2300569.6,1365200,,,,,,,,,,,,,1,AFRISTAT,,
GAB,Gabon,2017,1308100,,2420199.3,1308100,,,,,,,,,,,,,1,AFRISTAT,,
GAB,Gabon,2018,1524000,,2524267.8,1524000,,,,,,,,,,,,,1,AFRISTAT,,
GAB,Gabon,2019,1683700,,,1683700,,,,,,,,,,,,,1,AFRISTAT,,
GAB,Gabon,2020,1775900,,,1775900,,,,,,,,,,,,,1,AFRISTAT,,
GAB,Gabon,2021,1873500,,,1873500,,,,,,,,,,,,,1,AFRISTAT,,
GAB,Gabon,2022,2255100,,,2255100,,,,,,,,,,,,,1,AFRISTAT,,
GBR,United Kingdom,1922,1820.208,,,,,,,,,,,,,,,1562.8529,1.16467,CS1,,
GBR,United Kingdom,1923,1789.548,,,,,,,,,,,,,,,1536.528,1.16467,CS1,,
GBR,United Kingdom,1924,1769.224,,,,,,,,,,,,,,,1519.0781,1.16467,CS1,,
GBR,United Kingdom,1925,1736.565,,,,,,,,,,,,,,,1491.0365,1.16467,CS1,,
GBR,United Kingdom,1926,1718.702,,,,,,,,,,,,,,,1475.6987,1.16467,CS1,,
GBR,United Kingdom,1927,1739.818,,,,,,,,,,,,,,,1493.8297,1.16467,CS1,,
GBR,United Kingdom,1928,1781.106,,,,,,,,,,,,,,,1529.2803,1.16467,CS1,,
GBR,United Kingdom,1929,1674.225,,,,,,,,,,,,,,,1437.5102,1.16467,CS1,,
GBR,United Kingdom,1930,1734.042,,,,,,,,,,,,,,,1488.8699,1.16467,CS1,,
GBR,United Kingdom,1931,1610.596,,,,,,,,,,,,,,,1382.8776,1.16467,CS1,,
GBR,United Kingdom,1932,1727.629,,,,,,,,,,,,,,,1483.364,1.16467,CS1,,
GBR,United Kingdom,1933,1829.521,,,,,,,,,,,,,,,1570.8499,1.16467,CS1,,
GBR,United Kingdom,1934,1885.58,,,,,,,,,,,,,,,1618.9827,1.16467,CS1,,
GBR,United Kingdom,1935,2038.161,,,,,,,,,,,,,,,1749.9901,1.16467,CS1,,
GBR,United Kingdom,1936,2228.436,,,,,,,,,,,,,,,1913.3632,1.16467,CS1,,
GBR,United Kingdom,1937,2277.32,,,,,,,,,,,,,,,1955.335,1.16467,CS1,,
GBR,United Kingdom,1938,2234.972,,,,,,,,,,,,,,,1918.9752,1.16467,CS1,,
GBR,United Kingdom,1939,2437.305,,,,,,,,,,,,,,,2092.7004,1.16467,CS1,,
GBR,United Kingdom,1940,2945.563,,,,,,,,,,,,,,,2529.0971,1.16467,CS1,,
GBR,United Kingdom,1941,3665.531,,,,,,,,,,,,,,,3147.2707,1.16467,CS1,,
GBR,United Kingdom,1942,4203.587,,,,,,,,,,,,,,,3609.2526,1.16467,CS1,,
GBR,United Kingdom,1943,4786.269,,,,,,,,,,,,,,,4109.5496,1.16467,CS1,,
GBR,United Kingdom,1944,5372.449,,,,,,,,,,,,,,,4612.8516,1.16467,CS1,,
GBR,United Kingdom,1945,5841.716,,,,,,,,,,,,,,,5015.7706,1.16467,CS1,,
GBR,United Kingdom,1946,6731.129,,,,,,,,,,,,,,,5779.4316,1.16467,CS1,,
GBR,United Kingdom,1947,6817.942,,,,,,,,,,,,,,,5853.9701,1.16467,CS1,,
GBR,United Kingdom,1948,6974,,,,,,,,,,,,,,,5987.964,1.16467,CS1,,
GBR,United Kingdom,1949,6930.326,,,,,,,,,,,,,,,5950.4649,1.16467,CS1,,
GBR,United Kingdom,1950,7180.554,,,,,,,,,,,,,,,6165.3128,1.16467,CS1,,
GBR,United Kingdom,1951,7153.77,,,,,,,,,,,,,,,6142.3163,1.16467,CS1,,
GBR,United Kingdom,1952,7105.39,,,,,,,,,,5670,,,,,6100.7766,1.16467,CS1,,
GBR,United Kingdom,1953,7304.653,,,,,,,,,,5850,,,,,6271.8666,1.16467,CS1,,
GBR,United Kingdom,1954,7639.938,,,,,,,,,,6080,,,,,6559.7466,1.16467,CS1,,
GBR,United Kingdom,1955,7511.139,,,,,,,,,,6010,,,,,6449.1578,1.16467,CS1,,
GBR,United Kingdom,1956,7548.168,,,,,,,,,,6040,,,,,6480.9516,1.16467,CS1,,
GBR,United Kingdom,1957,7542.846,,,,,,,,,,5940,,,,,6476.3817,1.16467,CS1,,
GBR,United Kingdom,1958,7751.708,,,,,,,,,,6090,,,,,6655.7139,1.16467,CS1,,
GBR,United Kingdom,1959,8166.883,,,,,,,,,,6600,,,,,7012.188,1.16467,CS1,,
GBR,United Kingdom,1960,8093.406,,,,,,,,,,6630,,,,,6949.0999,1.16467,CS1,,
GBR,United Kingdom,1961,8087.836,,,,,,,,,,6760,,,,,6944.3168,1.16467,CS1,,
GBR,United Kingdom,1962,8299.152,,,,,,,,,,6400,,,,,7125.7558,1.16467,CS1,,
GBR,United Kingdom,1963,8977.306,,,,,,,,,,7320,,,,,7708.0269,1.16467,CS1,,
GBR,United Kingdom,1964,9339.266,,,,,,,,,,7560,,,,,8018.8107,1.16467,CS1,,
GBR,United Kingdom,1965,9600.361,,,,,,,,,,7850,,,,,8242.99,1.16467,CS1,,
GBR,United Kingdom,1966,9564.736,,,,,,,,,,7840,,,,,8212.4023,1.16467,CS1,,
GBR,United Kingdom,1967,10217.43,,,,,,,,,,8440,,,,,8772.813,1.16467,CS1,,
GBR,United Kingdom,1968,10569.39,,,,,,,,,,8780,,,,,9075.0097,1.16467,CS1,,
GBR,United Kingdom,1969,10596.75,,,,,,,,,,8810,,,,,9098.4979,1.16467,CS1,,
GBR,United Kingdom,1970,11584.79,,,,,,,,,,9640,,,,,9946.8427,1.16467,CS1,,
GBR,United Kingdom,1971,13363.26,,,,,,,,,,11090,,,,,11473.863,1.16467,CS1,,
GBR,United Kingdom,1972,15214.64,,,,,,,,,,12660,,,,,13063.481,1.16467,CS1,,
GBR,United Kingdom,1973,16214.14,,,,,,,,,,13300,,,,,13921.666,1.16467,CS1,,
GBR,United Kingdom,1974,17991.04,,,,,,,,,,14740,,,,,15447.328,1.16467,CS1,,
GBR,United Kingdom,1975,20431.69,,,,,,,,,,17480,,,,,17542.901,1.16467,CS1,,
GBR,United Kingdom,1976,22539.62,,,,,,,,,,19470,,,,,19352.802,1.16467,CS1,,
GBR,United Kingdom,1977,28030.13,,,,,,,,,,23520,,,,,24067.022,1.16467,CS1,,
GBR,United Kingdom,1978,32606.42,,,,,,,,,,27360,,,,,27996.28,1.16467,CS1,,
GBR,United Kingdom,1979,35575.04,,,,,,,,,,29860,,,,,30545.174,1.16467,CS1,,
GBR,United Kingdom,1980,37146.34,,,,,,,,,,31040,,,,,31894.308,1.16467,CS1,,
GBR,United Kingdom,1981,41463.06,,,,,,,,,,36530,,,,,35600.703,1.16467,CS1,,
GBR,United Kingdom,1982,46352.58,,,,,,,,,,40660,,,,,39798.904,1.16467,CS1,,
GBR,United Kingdom,1983,51583.49,,,,,,,,,,42460,,,,,44290.231,1.16467,CS1,,
GBR,United Kingdom,1984,59825.34,,,,,,,,,,48050,,,,,51366.791,1.16467,CS1,,
GBR,United Kingdom,1985,71195.26,,,,,,,,,,56670,,,,,61129.142,1.16467,CS1,1,1
GBR,United Kingdom,1986,87847,,,,,,,,,,69270,,87847,,,75426.535,1,OECD_MEI,,
GBR,United Kingdom,1987,112787,,,,,,,,,,154100,,112787,,,92780.431,1,OECD_MEI,,
GBR,United Kingdom,1988,128416,,,,,,,,,,170700,,128416,,,105968.4,1,OECD_MEI,,
GBR,United Kingdom,1989,168357,,,,,,,,,,195300,,168357,,,124256.8,1,OECD_MEI,,
GBR,United Kingdom,1990,179029,,,,,,,,,,214900,,179029,,,132876.06,1,OECD_MEI,,
GBR,United Kingdom,1991,183763,,,,,,,,,,229200,,183763,,,137985.97,1,OECD_MEI,,
GBR,United Kingdom,1992,191757,,,,,,,,,,238700,,191757,,,142918.21,1,OECD_MEI,,
GBR,United Kingdom,1993,210927,,,,,,,,,,252100,,210927,,,152065.29,1,OECD_MEI,,
GBR,United Kingdom,1994,218013,,,,,,,,,,,,218013,,,156881.74,1,OECD_MEI,,
GBR,United Kingdom,1995,249216,,,,,,,,,,,,249216,,,175693.95,1,OECD_MEI,,
GBR,United Kingdom,1996,271280,,,,,,,,,,,,271280,,,188667.32,1,OECD_MEI,,
GBR,United Kingdom,1997,327876,,,,,,,,,,,,327876,,,210880.88,1,OECD_MEI,,
GBR,United Kingdom,1998,353920,,,,,,,,,,,,353920,,,227893.51,1,OECD_MEI,,
GBR,United Kingdom,1999,390731,,,,,,,,,,,,390731,,,248088.09,1,OECD_MEI,,
GBR,United Kingdom,2000,451750,,,,,,,,,,,,451750,,,274847.1,1,OECD_MEI,,
GBR,United Kingdom,2001,501962,,,,,,,,,,,,501962,,,304726.23,1,OECD_MEI,,
GBR,United Kingdom,2002,541918,,,,,,,,,,,,541918,,,333027.84,1,OECD_MEI,,
GBR,United Kingdom,2003,593848,,,,,,,,,,,,593848,,,368451.78,1,OECD_MEI,,
GBR,United Kingdom,2004,669244,,,,,,,,,,,,669244,,,412558.55,1,OECD_MEI,,
GBR,United Kingdom,2005,756281,,,,,,,,,,,,756281,,,465843.63,1,OECD_MEI,,
GBR,United Kingdom,2006,836518,,,,,,,,,,,,836518,,,510572.79,1,OECD_MEI,,
GBR,United Kingdom,2007,922297,,,,,,,,,,,,922297,,,544072.56,1,OECD_MEI,,
GBR,United Kingdom,2008,1029356,,,,,,,,,,,,1029356,,,534236.67,1,OECD_MEI,,
GBR,United Kingdom,2009,1061454,,,,,,,,,,,,1061454,,,574379.12,1,OECD_MEI,,
GBR,United Kingdom,2010,1080439,,,,,,,,,,,,1080439,,,580083.46,1,OECD_MEI,,
GBR,United Kingdom,2011,1081410,,,,,,,,,,,,1081410,,,578774.35,1,OECD_MEI,,
GBR,United Kingdom,2012,1155239,,,,,,,,,,,,1155239,,,617848.72,1,OECD_MEI,,
GBR,United Kingdom,2013,1279731,,,,,,,,,,,,1279731,,,683952.17,1,OECD_MEI,,
GBR,United Kingdom,2014,1370980,,,,,,,,,,,,1370980,,,734574.23,1,OECD_MEI,,
GBR,United Kingdom,2015,1460532,,,,,,,,,,,,1460532,,,780106.14,1,OECD_MEI,,
GBR,United Kingdom,2016,1622180,,,,,,,,,,,,1622180,,,802753.89,1,OECD_MEI,,
GBR,United Kingdom,2017,1701758,,,,,,,,,,,,1701758,,,,1,OECD_MEI,,
GBR,United Kingdom,2018,1775685,,,,,,,,,,,,1775685,,,,1,OECD_MEI,,
GBR,United Kingdom,2019,1812159,,,,,,,,,,,,1812159,,,,1,OECD_MEI,,
GBR,United Kingdom,2020,2179533,,,,,,,,,,,,2179533,,,,1,OECD_MEI,,
GBR,United Kingdom,2021,2372170,,,,,,,,,,,,2372170,,,,1,OECD_MEI,,
GBR,United Kingdom,2022,2385914,,,,,,,,,,,,2385914,,,,1,OECD_MEI,,
GBR,United Kingdom,2023,2232743,,,,,,,,,,,,2232743,,,,1,OECD_MEI,,
GBR,United Kingdom,2024,2229470,,,,,,,,,,,,2229470,,,,1,OECD_MEI,,
GEO,Georgia,2000,369.5884,369.58844,,,,,,,,,,,,,,,1,ADB,,
GEO,Georgia,2001,395.6323,395.63225,,,,,,,,,,,,,,,1,ADB,,
GEO,Georgia,2002,454.8435,454.84352,,,,,,,,,,,,,,,1,ADB,,
GEO,Georgia,2003,519.3799,519.37986,,,,,,,,,,,,,,,1,ADB,,
GEO,Georgia,2004,827.7498,827.74978,,,,,,,,,,,,,,,1,ADB,,
GEO,Georgia,2005,1029.383,1029.3828,,,,,,,,,,,,,,,1,ADB,,
GEO,Georgia,2006,1337.737,1337.7372,,,,,,,,,,,,,,,1,ADB,,
GEO,Georgia,2007,1947.554,1947.5538,,,,,,,,,,,,,,,1,ADB,,
GEO,Georgia,2008,1752.459,1752.4595,,,,,,,,,,,,,,,1,ADB,,
GEO,Georgia,2009,2019.366,2019.3663,,,,,,,,,,,,,,,1,ADB,,
GEO,Georgia,2010,2509.999,2509.9987,,,,,,,,,,,,,,,1,ADB,,
GEO,Georgia,2011,3137.907,3137.9072,,,,,,,,,,,,,,,1,ADB,,
GEO,Georgia,2012,3336.948,3336.948,,,,,,,,,,,,,,,1,ADB,,
GEO,Georgia,2013,4307.501,4307.5017,,,,,,,,,,,,,,,1,ADB,,
GEO,Georgia,2014,4460.836,4460.8367,,,,,,,,,,,,,,,1,ADB,,
GEO,Georgia,2015,4435.599,4435.5991,,,,,,,,,,,,,,,1,ADB,,
GEO,Georgia,2016,5124.461,5124.4614,,,,,,,,,,,,,,,1,ADB,,
GEO,Georgia,2017,6011.382,6011.3818,,,,,,,,,,,,,,,1,ADB,,
GEO,Georgia,2018,6571.718,6571.7182,,,,,,,,,,,,,,,1,ADB,,
GEO,Georgia,2019,7936.442,7936.4424,,,,,,,,,,,,,,,1,ADB,,
GHA,Ghana,1950,.0075486,,,,,,,,,,.00754,,,,,,1.001143,Mitchell,,
GHA,Ghana,1951,.0080892,,,,,,,,,,.00808,,,,,,1.001143,Mitchell,,
GHA,Ghana,1952,.0088,,,,,,,,,,.00879,,,,,,1.001143,Mitchell,,
GHA,Ghana,1953,.0089002,,,,,,,,,,.00889,,,,,,1.001143,Mitchell,,
GHA,Ghana,1954,.0095509,,,,,,,,,,.00954,,,,,,1.001143,Mitchell,,
GHA,Ghana,1955,.0103118,,,,,,,,,,.0103,,,,,,1.001143,Mitchell,,
GHA,Ghana,1956,.0108123,,,,,,,,,,.0108,,,,,,1.001143,Mitchell,,
GHA,Ghana,1957,.009671,,,,,,,,,,.00966,,,,,,1.001143,Mitchell,,
GHA,Ghana,1958,.0101115,,,,,,,,,,.0101,,,,,,1.001143,Mitchell,,
GHA,Ghana,1959,.011413,,,,,,,,,,.0114,,,,,,1.001143,Mitchell,,
GHA,Ghana,1960,.0134153,,,,,,,,,,.0134,,,,,,1.001143,Mitchell,,
GHA,Ghana,1961,.0147168,,,,,,,,,,.0147,,,,,,1.001143,Mitchell,,
GHA,Ghana,1962,.0165189,,,,,,,,,,.0165,,,,,,1.001143,Mitchell,,
GHA,Ghana,1963,.0173198,,,,,,,,,,.0173,,,,,,1.001143,Mitchell,,
GHA,Ghana,1964,.0241275,,,,,,,,,,.0241,,,,,,1.001143,Mitchell,,
GHA,Ghana,1965,.0240274,,,,,,,,,,.024,,,,,,1.001143,Mitchell,,
GHA,Ghana,1966,.0248284,,,,,,,,,,.0248,,,,,,1.001143,Mitchell,,
GHA,Ghana,1967,.0241275,,,,,,,,,,.0241,,,,,,1.001143,Mitchell,,
GHA,Ghana,1968,.0259296,,,,,,,,,,.0259,,,,,,1.001143,Mitchell,,
GHA,Ghana,1969,.0290331,,,,,,,,,,.029,,,,,,1.001143,Mitchell,,
GHA,Ghana,1970,.030635,,,,,,,,,,.0306,,,,,,1.001143,Mitchell,,
GHA,Ghana,1971,.0321367,,,,,,,,,,.0321,,,,,,1.001143,Mitchell,,
GHA,Ghana,1972,.0463529,,,,,,,,,,.0463,,,,,,1.001143,Mitchell,,
GHA,Ghana,1973,.0564645,,,,,,,,,,.0564,,,,,,1.001143,Mitchell,,
GHA,Ghana,1974,.0697797,,,,,,,,,,.0697,,,,,,1.001143,Mitchell,,
GHA,Ghana,1975,.1010153,,,,,,,,,,.1009,,,,,,1.001143,Mitchell,,
GHA,Ghana,1976,.1430634,,,,,,,,,,.1429,,,,,,1.001143,Mitchell,,
GHA,Ghana,1977,.2395735,,,,,,,,,,.2393,,,,,,1.001143,Mitchell,,
GHA,Ghana,1978,.4130717,,,,,,,,,,.4126,,,,,,1.001143,Mitchell,,
GHA,Ghana,1979,.468535,,,,,,,,,,.468,,,,,,1.001143,Mitchell,1,1
GHA,Ghana,1980,.608695,,.608695,,,,,,,,.608,,,,,,1,AFDB,,
GHA,Ghana,1981,.941504,,.941504,,,,,,,,.941,,,,,,1,AFDB,,
GHA,Ghana,1982,1.12047,,1.12047,,,,,,,,1.12,,,,,,1,AFDB,,
GHA,Ghana,1983,1.67192,,1.67192,,,,,,,,1.67,,,,,,1,AFDB,,
GHA,Ghana,1984,2.68492,,2.68492,,,,,,,,2.68,,,,,,1,AFDB,,
GHA,Ghana,1985,3.83078,,3.83078,,,,,,,,3.83,,,,,,1,AFDB,,
GHA,Ghana,1986,5.51559,,5.51559,,,,,,,,5.5,,,,,,1,AFDB,,
GHA,Ghana,1987,8.417,,8.417,,,,,,,,8.4,,,,,,1,AFDB,,
GHA,Ghana,1988,12.203,,12.203,,,,,,,,12.2,,,,,,1,AFDB,,
GHA,Ghana,1989,18.639,,18.639,,,,,,,,18.6,,,,,,1,AFDB,,
GHA,Ghana,1990,20.644,,20.644,,,,,,,,20.6,,,,,,1,AFDB,,
GHA,Ghana,1991,23.5746,,23.5746,,,,,,,,23.6,,,,,,1,AFDB,,
GHA,Ghana,1992,36.0686,,36.0686,,,,,,,,36.1,,,,,,1,AFDB,,
GHA,Ghana,1993,46.1347,,46.1347,,,,,,,,46.1,,,,,,1,AFDB,,
GHA,Ghana,1994,69.3546,,69.3546,,,,,,,,69.4,,,,,,1,AFDB,,
GHA,Ghana,1995,92.5334,,92.5334,,,,,,,,92.5,,,,,,1,AFDB,,
GHA,Ghana,1996,121.856,,121.856,,,,,,,,121.9,,,,,,1,AFDB,,
GHA,Ghana,1997,177.925,,177.925,,,,,,,,177.9,,,,,,1,AFDB,,
GHA,Ghana,1998,215.123,,215.123,,,,,,,,215.1,,,,,,1,AFDB,,
GHA,Ghana,1999,249.024,,249.024,,,,,,,,249,,,,,,1,AFDB,,
GHA,Ghana,2000,721.5499,,721.54986,,,,,,,,344.2,,,,,,1,AFDB,,
GHA,Ghana,2001,1024.684,,1024.6837,,,,,,,,503.5,,,,,,1,AFDB,,
GHA,Ghana,2002,1536.812,,1536.8115,,,,,,,,804.9,,,,,,1,AFDB,,
GHA,Ghana,2003,2117.385,,2117.3852,,,,,,,,1072.3,,,,,,1,AFDB,,
GHA,Ghana,2004,2666.713,,2666.7128,,,,,,,,1374.5,,,,,,1,AFDB,,
GHA,Ghana,2005,3046.794,,3046.7937,,,,,,,,1470.8,,,,,,1,AFDB,,
GHA,Ghana,2006,4230.25,,4230.2494,,,,,,,,,,,,,,1,AFDB,,
GHA,Ghana,2007,5750.598,,5750.5979,,,,,,,,,,,,,,1,AFDB,,
GHA,Ghana,2008,8128.086,,8128.0861,,,,,,,,,,,,,,1,AFDB,,
GHA,Ghana,2009,10241.13,,10241.126,,,,,,,,,,,,,,1,AFDB,,
GHA,Ghana,2010,13766.28,,13766.284,,,,,,,,,,,,,,1,AFDB,,
GHA,Ghana,2011,18195.17,,18195.174,,,,,,,,,,,,,,1,AFDB,,
GHA,Ghana,2012,22620.02,,22620.021,,,,,,,,,,,,,,1,AFDB,,
GHA,Ghana,2013,26937.04,,26937.043,,,,,,,,,,,,,,1,AFDB,,
GHA,Ghana,2014,36843.07,,36843.073,,,,,,,,,,,,,,1,AFDB,,
GHA,Ghana,2015,45432.48,,45432.48,,,,,,,,,,,,,,1,AFDB,,
GHA,Ghana,2016,51962.46,,51962.465,,,,,,,,,,,,,,1,AFDB,,
GHA,Ghana,2017,59812.19,,59812.187,,,,,,,,,,,,,,1,AFDB,,
GHA,Ghana,2018,68260.71,,68260.71,,,,,,,,,,,,,,1,AFDB,,
GIN,Guinea,1991,145094.4,,182469,,,,,,,,,,,,,,.795173,AFDB,,
GIN,Guinea,1992,173701.6,,218445,,,,,,,,,,,,,,.795173,AFDB,,
GIN,Guinea,1993,207424.1,,260854,,,,,,,,,,,,,,.795173,AFDB,,
GIN,Guinea,1994,200846.4,,252582,,,,,,,,,,,,,,.795173,AFDB,,
GIN,Guinea,1995,217976.8,,274125,,,,,,,,,,,,,,.795173,AFDB,,
GIN,Guinea,1996,217452,,273465,,,,,,,,,,,,,,.795173,AFDB,,
GIN,Guinea,1997,263731.9,,331666,,,,,,,,,,,,,,.795173,AFDB,,
GIN,Guinea,1998,287430.4,,361469,,,,,,,,,,,,,,.795173,AFDB,,
GIN,Guinea,1999,,,,,,,,,,,,,,,,,.795173,AFDB,,
GIN,Guinea,2000,465504.6,,585413,,,,,,,,,,,,,,.795173,AFDB,,
GIN,Guinea,2001,534196.4,,671799,,,,,,,,,,,,,,.795173,AFDB,,
GIN,Guinea,2002,636909.8,,800970,,,,,,,,,,,,,,.795173,AFDB,,
GIN,Guinea,2003,861422.1,,1083314,,,,,,,,,,,,,,.795173,AFDB,,
GIN,Guinea,2004,1180502,,1484585,,,,,,,,,,,,,,.795173,AFDB,,
GIN,Guinea,2005,1619571,,2036753,,,,,,,,,,,,,,.795173,AFDB,,
GIN,Guinea,2006,2582154,,3247286,,,,,,,,,,,,,,.795173,AFDB,,
GIN,Guinea,2007,2702388,,3398490,,,,,,,,,,,,,,.795173,AFDB,,
GIN,Guinea,2008,3756334,,4723920,,,,,,,,,,,,,,.795173,AFDB,1,1
GIN,Guinea,2009,4727400,,5945121,4727400,,,,,,,,,,,,,1,AFRISTAT,,
GIN,Guinea,2010,8803900,,10366376,8803900,,,,,,,,,,,,,1,AFRISTAT,,
GIN,Guinea,2011,8766400,,11337946,8766400,,,,,,,,,,,,,1,AFRISTAT,,
GIN,Guinea,2012,8260400,,11450219,8260400,,,,,,,,,,,,,1,AFRISTAT,,
GIN,Guinea,2013,9256600,,13067542,9256600,,,,,,,,,,,,,1,AFRISTAT,,
GIN,Guinea,2014,1.08e+07,,14671809,10803300,,,,,,,,,,,,,1,AFRISTAT,,
GIN,Guinea,2015,1.30e+07,,17644344,13032400,,,,,,,,,,,,,1,AFRISTAT,,
GIN,Guinea,2016,1.41e+07,,19598113,14104000,,,,,,,,,,,,,1,AFRISTAT,,
GIN,Guinea,2017,1.56e+07,,23407228,15592300,,,,,,,,,,,,,1,AFRISTAT,,
GIN,Guinea,2018,1.78e+07,,25957057,17784500,,,,,,,,,,,,,1,AFRISTAT,,
GIN,Guinea,2019,2.18e+07,,,21770300,,,,,,,,,,,,,1,AFRISTAT,,
GIN,Guinea,2020,2.63e+07,,,26254500,,,,,,,,,,,,,1,AFRISTAT,,
GIN,Guinea,2021,2.81e+07,,,28058200,,,,,,,,,,,,,1,AFRISTAT,,
GIN,Guinea,2022,3.12e+07,,,31228500,,,,,,,,,,,,,1,AFRISTAT,,
GMB,Gambia,1980,61.28,,61.28,,,,,,,,,,,,,,1,AFDB,,
GMB,Gambia,1981,76.97,,76.97,,,,,,,,,,,,,,1,AFDB,,
GMB,Gambia,1982,87.22,,87.22,,,,,,,,,,,,,,1,AFDB,,
GMB,Gambia,1983,100.32,,100.32,,,,,,,,,,,,,,1,AFDB,,
GMB,Gambia,1984,99.58,,99.58,,,,,,,,,,,,,,1,AFDB,,
GMB,Gambia,1985,162.1,,162.1,,,,,,,,,,,,,,1,AFDB,,
GMB,Gambia,1986,166.49,,166.49,,,,,,,,,,,,,,1,AFDB,,
GMB,Gambia,1987,197.83,,197.83,,,,,,,,,,,,,,1,AFDB,,
GMB,Gambia,1988,213.52,,213.52,,,,,,,,,,,,,,1,AFDB,,
GMB,Gambia,1989,260.25,,260.25,,,,,,,,,,,,,,1,AFDB,,
GMB,Gambia,1990,296.19,,296.19,,,,,,,,,,,,,,1,AFDB,,
GMB,Gambia,1991,393.58,,393.58,,,,,,,,,,,,,,1,AFDB,,
GMB,Gambia,1992,435.17,,435.17,,,,,,,,,,,,,,1,AFDB,,
GMB,Gambia,1993,461.38,,461.38,,,,,,,,,,,,,,1,AFDB,,
GMB,Gambia,1994,407.53,,407.53,,,,,,,,,,,,,,1,AFDB,,
GMB,Gambia,1995,471.47,,471.47,,,,,,,,,,,,,,1,AFDB,,
GMB,Gambia,1996,453.49,,453.49,,,,,,,,,,,,,,1,AFDB,,
GMB,Gambia,1997,629.41,,629.41,,,,,,,,,,,,,,1,AFDB,,
GMB,Gambia,1998,626.57,,626.57,,,,,,,,,,,,,,1,AFDB,,
GMB,Gambia,1999,716.04,,716.04,,,,,,,,,,,,,,1,AFDB,,
GMB,Gambia,2000,2017.64,,2017.64,,,,,,,,,,,,,,1,AFDB,,
GMB,Gambia,2001,2367.37,,2367.37,,,,,,,,,,,,,,1,AFDB,,
GMB,Gambia,2002,3202.523,,3202.5228,,,,,,,,,,,,,,1,AFDB,,
GMB,Gambia,2003,4593.04,,4593.04,,,,,,,,,,,,,,1,AFDB,,
GMB,Gambia,2004,5431.96,,5431.96,,,,,,,,,,,,,,1,AFDB,,
GMB,Gambia,2005,6145.19,,6145.19,,,,,,,,,,,,,,1,AFDB,,
GMB,Gambia,2006,7757.59,,7757.59,,,,,,,,,,,,,,1,AFDB,,
GMB,Gambia,2007,8273.9,,8273.9,,,,,,,,,,,,,,1,AFDB,,
GMB,Gambia,2008,9796.37,,9796.37,,,,,,,,,,,,,,1,AFDB,,
GMB,Gambia,2009,11695,,11695,,,,,,,,,,,,,,1,AFDB,,
GMB,Gambia,2010,13292.23,,13292.23,,,,,,,,,,,,,,1,AFDB,,
GMB,Gambia,2011,14753.4,,14753.4,,,,,,,,,,,,,,1,AFDB,,
GMB,Gambia,2012,15901.95,,15901.95,,,,,,,,,,,,,,1,AFDB,,
GMB,Gambia,2013,18309.02,,18309.02,,,,,,,,,,,,,,1,AFDB,,
GMB,Gambia,2014,20364.61,,20364.61,,,,,,,,,,,,,,1,AFDB,,
GMB,Gambia,2015,20179.18,,20179.18,,,,,,,,,,,,,,1,AFDB,,
GMB,Gambia,2016,22224.17,,22224.166,,,,,,,,,,,,,,1,AFDB,,
GMB,Gambia,2017,25229.1,,25229.104,,,,,,,,,,,,,,1,AFDB,,
GMB,Gambia,2018,28716.3,,28716.299,,,,,,,,,,,,,,1,AFDB,,
GNB,Guinea-Bissau,1986,166.0145,,133.077,,,,,,,,,,,,,,1.247507,AFDB,,
GNB,Guinea-Bissau,1987,330.5894,,265,,,,,,,,,,,,,,1.247507,AFDB,,
GNB,Guinea-Bissau,1988,610.0311,,489,,,,,,,,,,,,,,1.247507,AFDB,,
GNB,Guinea-Bissau,1989,795.9097,,638,,,,,,,,,,,,,,1.247507,AFDB,1,2
GNB,Guinea-Bissau,1990,6600,,5290.55,6600,,,,,,,,,,,,,1,AFRISTAT,,
GNB,Guinea-Bissau,1991,4600,,1332,4600,,,,,,,,,,,,,1,AFRISTAT,,
GNB,Guinea-Bissau,1992,5000,,2439.54,5000,,,,,,,,,,,,,1,AFRISTAT,,
GNB,Guinea-Bissau,1993,5300,,3104.92,5300,,,,,,,,,,,,,1,AFRISTAT,,
GNB,Guinea-Bissau,1994,11200,,4909.54,11200,,,,,,,,,,,,,1,AFRISTAT,,
GNB,Guinea-Bissau,1995,10600,,7210.62,10600,,,,,,,,,,,,,1,AFRISTAT,,
GNB,Guinea-Bissau,1996,10600,,10891.2,10600,,,,,,,,,,,,,1,AFRISTAT,,
GNB,Guinea-Bissau,1997,35100,,36625.1,35100,,,,,,,,,,,,,1,AFRISTAT,,
GNB,Guinea-Bissau,1998,32100,,32193.6,32100,,,,,,,,,,,,,1,AFRISTAT,,
GNB,Guinea-Bissau,1999,37300,,39419.6,37300,,,,,,,,,,,,,1,AFRISTAT,,
GNB,Guinea-Bissau,2000,44200,,63746.128,44200,,,,,,,,,,,,,1,AFRISTAT,,
GNB,Guinea-Bissau,2001,53100,,70108.808,53100,,,,,,,,,,,,,1,AFRISTAT,,
GNB,Guinea-Bissau,2002,85100,,86128.177,85100,,,,,,,,,,,,,1,AFRISTAT,,
GNB,Guinea-Bissau,2003,29900,,30164.6,29900,,,,,,,,,,,,,1,AFRISTAT,,
GNB,Guinea-Bissau,2004,42600,,43424.3,42600,,42583,,,,,,,,,,,1,AFRISTAT,,
GNB,Guinea-Bissau,2005,50600,,52231.7,50600,,50611,,,,,,,,,,,1,AFRISTAT,,
GNB,Guinea-Bissau,2006,52600,,55005.9,52600,,52567,,,,,,,,,,,1,AFRISTAT,,
GNB,Guinea-Bissau,2007,62600,,71632.83,62600,,62605,,,,,,,,,,,1,AFRISTAT,,
GNB,Guinea-Bissau,2008,81500,,92098.08,81500,,81521,,,,,,,,,,,1,AFRISTAT,,
GNB,Guinea-Bissau,2009,88100,,96110.548,88100,,88098,,,,,,,,,,,1,AFRISTAT,,
GNB,Guinea-Bissau,2010,104000,,124577.64,104000,,103967,,,,,,,,,,,1,AFRISTAT,,
GNB,Guinea-Bissau,2011,138600,,173295.5,138600,,138551,,,,,,,,,,,1,AFRISTAT,,
GNB,Guinea-Bissau,2012,130300,,162831.82,130300,,130323,,,,,,,,,,,1,AFRISTAT,,
GNB,Guinea-Bissau,2013,139600,,199452.8,139600,,139579,,,,,,,,,,,1,AFRISTAT,,
GNB,Guinea-Bissau,2014,210800,,244135.4,210800,,210784,,,,,,,,,,,1,AFRISTAT,,
GNB,Guinea-Bissau,2015,274200,,317344.9,274200,,274235,,,,,,,,,,,1,AFRISTAT,,
GNB,Guinea-Bissau,2016,304100,,349854.95,304100,,304144,,,,,,,,,,,1,AFRISTAT,,
GNB,Guinea-Bissau,2017,305500,,370975.07,305500,,305454,,,,,,,,,,,1,AFRISTAT,,
GNB,Guinea-Bissau,2018,319100,,397788.28,319100,,319124,,,,,,,,,,,1,AFRISTAT,,
GNB,Guinea-Bissau,2019,309600,,,309600,,309557,,,,,,,,,,,1,AFRISTAT,,
GNB,Guinea-Bissau,2020,335300,,,335300,,335349,,,,,,,,,,,1,AFRISTAT,,
GNB,Guinea-Bissau,2021,357900,,,357900,,357893,,,,,,,,,,,1,AFRISTAT,,
GNB,Guinea-Bissau,2022,418800,,,418800,,416971,,,,,,,,,,,1,AFRISTAT,,
GNB,Guinea-Bissau,2023,419025,,,,,417195,,,,,,,,,,,1.004386,BCEAO,1,2
GNB,Guinea-Bissau,2024,438304.2,,,,,436390,,,,,,,,,,,1.004386,BCEAO,,
GNQ,Equatorial Guinea,1985,6413.169,,8047,,,,,,,,,,,,,,.7969639,AFDB,,
GNQ,Equatorial Guinea,1986,7905.085,,9919,,,,,,,,,,,,,,.7969639,AFDB,,
GNQ,Equatorial Guinea,1987,7175.863,,9004,,,,,,,,,,,,,,.7969639,AFDB,,
GNQ,Equatorial Guinea,1988,4163.339,,5224,,,,,,,,,,,,,,.7969639,AFDB,,
GNQ,Equatorial Guinea,1989,5777.988,,7250,,,,,,,,,,,,,,.7969639,AFDB,,
GNQ,Equatorial Guinea,1990,2486.527,,3120,,,,,,,,,,,,,,.7969639,AFDB,1,1
GNQ,Equatorial Guinea,1991,2100,,2635,2100,,,,,,,,,,,,,1,AFRISTAT,,
GNQ,Equatorial Guinea,1992,3100,,3544,3100,,,,,,,,,,,,,1,AFRISTAT,,
GNQ,Equatorial Guinea,1993,2600,,2550,2600,,,,,,,,,,,,,1,AFRISTAT,,
GNQ,Equatorial Guinea,1994,6000,,6005,6000,,,,,,,,,,,,,1,AFRISTAT,,
GNQ,Equatorial Guinea,1995,9500,,9509,9500,,,,,,,,,,,,,1,AFRISTAT,,
GNQ,Equatorial Guinea,1996,14300,,14276,14300,,,,,,,,,,,,,1,AFRISTAT,,
GNQ,Equatorial Guinea,1997,13700,,13658,13700,,,,,,,,,,,,,1,AFRISTAT,,
GNQ,Equatorial Guinea,1998,15000,,14985,15000,,,,,,,,,,,,,1,AFRISTAT,,
GNQ,Equatorial Guinea,1999,28500,,28445,28500,,,,,,,,,,,,,1,AFRISTAT,,
GNQ,Equatorial Guinea,2000,38300,,47907,38300,,,,,,,,,,,,,1,AFRISTAT,,
GNQ,Equatorial Guinea,2001,48300,,61431,48300,,,,,,,,,,,,,1,AFRISTAT,,
GNQ,Equatorial Guinea,2002,73300,,94848,73300,,,,,,,,,,,,,1,AFRISTAT,,
GNQ,Equatorial Guinea,2003,114500,,152139,114500,,,,,,,,,,,,,1,AFRISTAT,,
GNQ,Equatorial Guinea,2004,170400,,202251,170400,,,,,,,,,,,,,1,AFRISTAT,,
GNQ,Equatorial Guinea,2005,234200,,276950,234200,,,,,,,,,,,,,1,AFRISTAT,,
GNQ,Equatorial Guinea,2006,261000,,312244.75,261000,,,,,,,,,,,,,1,AFRISTAT,,
GNQ,Equatorial Guinea,2007,372200,,438290.75,372200,,,,,,,,,,,,,1,AFRISTAT,,
GNQ,Equatorial Guinea,2008,523100,,572755,523100,,,,,,,,,,,,,1,AFRISTAT,,
GNQ,Equatorial Guinea,2009,611100,,744181,611100,,,,,,,,,,,,,1,AFRISTAT,,
GNQ,Equatorial Guinea,2010,927500,,993563,927500,,,,,,,,,,,,,1,AFRISTAT,,
GNQ,Equatorial Guinea,2011,981300,,1069869,981300,,,,,,,,,,,,,1,AFRISTAT,,
GNQ,Equatorial Guinea,2012,1503200,,1688615,1503200,,,,,,,,,,,,,1,AFRISTAT,,
GNQ,Equatorial Guinea,2013,1610300,,1811990,1610300,,,,,,,,,,,,,1,AFRISTAT,,
GNQ,Equatorial Guinea,2014,1352800,,1557006,1352800,,,,,,,,,,,,,1,AFRISTAT,,
GNQ,Equatorial Guinea,2015,1158300,,1386845,1158300,,,,,,,,,,,,,1,AFRISTAT,,
GNQ,Equatorial Guinea,2016,935300,,1136725.6,935300,,,,,,,,,,,,,1,AFRISTAT,,
GNQ,Equatorial Guinea,2017,926800,,1108493.3,926800,,,,,,,,,,,,,1,AFRISTAT,,
GNQ,Equatorial Guinea,2018,894800,,1299183.2,894800,,,,,,,,,,,,,1,AFRISTAT,,
GNQ,Equatorial Guinea,2019,818400,,,818400,,,,,,,,,,,,,1,AFRISTAT,,
GNQ,Equatorial Guinea,2020,894800,,,894800,,,,,,,,,,,,,1,AFRISTAT,,
GNQ,Equatorial Guinea,2021,836600,,,836600,,,,,,,,,,,,,1,AFRISTAT,,
GNQ,Equatorial Guinea,2022,948400,,,948400,,,,,,,,,,,,,1,AFRISTAT,,
GRC,Greece,1880,149.1093,,,,,,149.1093,,,,,,,,,,1,BORDO,,
GRC,Greece,1881,227.8826,,,,,,227.8826,,,,,,,,,,1,BORDO,,
GRC,Greece,1882,257.6141,,,,,,257.6141,,,,,,,,,,1,BORDO,,
GRC,Greece,1883,286.4417,,,,,,286.4417,,,,,,,,,,1,BORDO,,
GRC,Greece,1884,235.8386,,,,,,235.8386,,,,,,,,,,1,BORDO,,
GRC,Greece,1885,186.0103,,,,,,186.0103,,,,,,,,,,1,BORDO,,
GRC,Greece,1886,278.4417,,,,,,278.4417,,,,,,,,,,1,BORDO,,
GRC,Greece,1887,285.4615,,,,,,285.4615,,,,,,,,,,1,BORDO,,
GRC,Greece,1888,261.2326,,,,,,261.2326,,,,,,,,,,1,BORDO,,
GRC,Greece,1889,251.1401,,,,,,251.1401,,,,,,,,,,1,BORDO,,
GRC,Greece,1890,269.5525,,,,,,269.5525,,,,,,,,,,1,BORDO,,
GRC,Greece,1891,319.416,,,,,,319.416,,,,,,,,,,1,BORDO,,
GRC,Greece,1892,340.8041,,,,,,340.8041,,,,,,,,,,1,BORDO,,
GRC,Greece,1893,314.4651,,,,,,314.4651,,,,,,,,,,1,BORDO,,
GRC,Greece,1894,302.9377,,,,,,302.9377,,,,,,,,,,1,BORDO,,
GRC,Greece,1895,298.4358,,,,,,298.4358,,,,,,,,,,1,BORDO,,
GRC,Greece,1896,292.9831,,,,,,292.9831,,,,,,,,,,1,BORDO,,
GRC,Greece,1897,348.6632,,,,,,348.6632,,,,,,,,,,1,BORDO,,
GRC,Greece,1898,339.234,,,,,,339.234,,,,,,,,,,1,BORDO,,
GRC,Greece,1899,329.2502,,,,,,329.2502,,,,,,,,,,1,BORDO,,
GRC,Greece,1900,368.132,,,,,,368.132,,,,,,,,,,1,BORDO,,
GRC,Greece,1901,372.8188,,,,,,372.8188,,,,,,,,,,1,BORDO,,
GRC,Greece,1902,371.9824,,,,,,371.9824,,,,,,,,,,1,BORDO,,
GRC,Greece,1903,380.9362,,,,,,380.9362,,,,,,,,,,1,BORDO,,
GRC,Greece,1904,361.4673,,,,,,361.4673,,,,,,,,,,1,BORDO,,
GRC,Greece,1905,342.2627,,,,,,342.2627,,,,,,,,,,1,BORDO,,
GRC,Greece,1906,334.0748,,,,,,334.0748,,,,,,,,,,1,BORDO,,
GRC,Greece,1907,347.8445,,,,,,347.8445,,,,,,,,,,1,BORDO,,
GRC,Greece,1908,348.2348,,,,,,348.2348,,,,,,,,,,1,BORDO,,
GRC,Greece,1909,343.3162,,,,,,343.3162,,,,,,,,,,1,BORDO,,
GRC,Greece,1910,350.2656,,,,,,350.2656,,,,,,,,,,1,BORDO,,
GRC,Greece,1911,358.0719,,,,,,358.0719,,,,,,,,,,1,BORDO,,
GRC,Greece,1912,438.1541,,,,,,438.1541,,,,,,,,,,1,BORDO,,
GRC,Greece,1913,631.7036,,,,,,631.7036,,,,,,,,,,1,BORDO,,
GRC,Greece,1914,693.7314,,,,,,693.7314,,,,,,,,,,1,BORDO,1,1
GRC,Greece,1915,,,,,,,,,,,,,,,,,1,Mitchell,,
GRC,Greece,1916,,,,,,,,,,,,,,,,,1,Mitchell,,
GRC,Greece,1917,,,,,,,,,,,,,,,,,1,Mitchell,,
GRC,Greece,1918,,,,,,,,,,,,,,,,,1,Mitchell,,
GRC,Greece,1919,,,,,,,,,,,,,,,,,1,Mitchell,,
GRC,Greece,1920,,,,,,,,,,,,,,,,,1,Mitchell,,
GRC,Greece,1921,,,,,,,,,,,,,,,,,1,Mitchell,,
GRC,Greece,1922,,,,,,,,,,,,,,,,,1,Mitchell,,
GRC,Greece,1923,,,,,,,,,,,,,,,,,1,Mitchell,,
GRC,Greece,1924,,,,,,,,,,,,,,,,,1,Mitchell,,
GRC,Greece,1925,,,,,,,,,,,,,,,,,1,Mitchell,,
GRC,Greece,1926,,,,,,,,,,,,,,,,,1,Mitchell,,
GRC,Greece,1927,,,,,,,,,,,,,,,,,1,Mitchell,,
GRC,Greece,1928,,,,,,,,,,,,,,,,,1,Mitchell,,
GRC,Greece,1929,,,,,,,,,,,,,,,,,1,Mitchell,,
GRC,Greece,1930,,,,,,,,,,,,,,,,,1,Mitchell,,
GRC,Greece,1931,,,,,,,,,,,,,,,,,1,Mitchell,,
GRC,Greece,1932,,,,,,,,,,,,,,,,,1,Mitchell,,
GRC,Greece,1933,,,,,,,,,,,,,,,,,1,Mitchell,,
GRC,Greece,1934,,,,,,,,,,,,,,,,,1,Mitchell,,
GRC,Greece,1935,,,,,,,,,,,,,,,,,1,Mitchell,,
GRC,Greece,1936,,,,,,,,,,,,,,,,,1,Mitchell,,
GRC,Greece,1937,,,,,,,,,,,,,,,,,1,Mitchell,,
GRC,Greece,1938,,,,,,,,,,,,,,,,,1,Mitchell,,
GRC,Greece,1939,,,,,,,,,,,,,,,,,1,Mitchell,,
GRC,Greece,1940,,,,,,,,,,,,,,,,,1,Mitchell,,
GRC,Greece,1941,,,,,,,,,,,,,,,,,1,Mitchell,,
GRC,Greece,1942,,,,,,,,,,,,,,,,,1,Mitchell,,
GRC,Greece,1943,,,,,,,,,,,,,,,,,1,Mitchell,,
GRC,Greece,1944,,,,,,,,,,,,,,,,,1,Mitchell,,
GRC,Greece,1945,,,,,,,,,,,,,,,,,1,Mitchell,,
GRC,Greece,1946,,,,,,,,,,,,,,,,,1,Mitchell,,
GRC,Greece,1947,,,,,,,,,,,,,,,,,1,Mitchell,,
GRC,Greece,1948,,,,,,,,,,,,,,,,,1,Mitchell,,
GRC,Greece,1949,,,,,,,,,,,,,,,,,1,Mitchell,,
GRC,Greece,1950,7.747615,,,,,,,,,,7.7476156,,,,,,1,Mitchell,,
GRC,Greece,1951,9.567131,,,,,,,,,,9.5671313,,,,,,1,Mitchell,,
GRC,Greece,1952,10.50624,,,,,,,,,,10.506236,,,,,,1,Mitchell,,
GRC,Greece,1953,15.7887,,,,,,,,,,15.788701,,,,,,1,Mitchell,,
GRC,Greece,1954,19.04622,,,,,,,,,,19.046222,,,,,,1,Mitchell,,
GRC,Greece,1955,23.50697,,,,,,,,,,23.50697,,,,,,1,Mitchell,,
GRC,Greece,1956,25.67865,,,,,,,,,,25.67865,,,,,,1,Mitchell,,
GRC,Greece,1957,30.99046,,,,,,,,,,30.990462,,,,,,1,Mitchell,,
GRC,Greece,1958,33.60235,,,,,,,,,,33.602348,,,,,,1,Mitchell,,
GRC,Greece,1959,39.32502,,,,,,,,,,39.325018,,,,,,1,Mitchell,,
GRC,Greece,1960,93.61702,,,,,,,,,,93.617021,,,,,,1,Mitchell,,
GRC,Greece,1961,53.11812,,,,,,,,,,53.118122,,,,,,1,Mitchell,,
GRC,Greece,1962,61.04182,,,,,,61.04182,,,,61.04182,,,,,,1,Mitchell,,
GRC,Greece,1963,71.01981,,,,,,71.01981,,,,71.019809,,,,,,1,Mitchell,,
GRC,Greece,1964,84.22598,,,,,,84.22598,,,,84.225972,,,,,,1,Mitchell,,
GRC,Greece,1965,94.7909,,,,,,94.7909,,,,94.790902,,,,,,1,Mitchell,,
GRC,Greece,1966,107.4101,,,,,,107.4101,,,,107.41012,,,,,,1,Mitchell,,
GRC,Greece,1967,129.1269,,,,,,129.1269,,,,129.12693,,,,,,1,Mitchell,,
GRC,Greece,1968,136.4637,,,,,,136.4637,,,,136.46368,,,,,,1,Mitchell,,
GRC,Greece,1969,143.507,,,,,,143.507,,,,143.50697,,,,,,1,Mitchell,,
GRC,Greece,1970,160.2348,,,,,,160.2348,,,,160.23478,,,,,,1,Mitchell,,
GRC,Greece,1971,186.6471,,,,,,186.6471,,,,186.6471,,,,,,1,Mitchell,,
GRC,Greece,1972,222.7439,,,,,,222.7439,,,,222.74395,,,,,,1,Mitchell,,
GRC,Greece,1973,274.9817,,,,,,274.9817,,,,274.98166,,,,,,1,Mitchell,,
GRC,Greece,1974,329.2737,,,,,,329.2737,,,,329.27366,,,,,,1,Mitchell,,
GRC,Greece,1975,383.2722,,,,,,383.2722,,,,383.27219,,,,,,1,Mitchell,,
GRC,Greece,1976,468.3786,,,,,,468.3786,,,,468.37858,,,,,,1,Mitchell,,
GRC,Greece,1977,547.6155,,,,,,547.6155,,,,547.61555,,,,,,1,Mitchell,,
GRC,Greece,1978,669.6992,,,,,,669.6992,,,,669.69919,,,,,,1,Mitchell,,
GRC,Greece,1979,778.8701,,,,,,778.8701,,,,778.87014,,,,,,1,Mitchell,,
GRC,Greece,1980,906.2363,,,,,,906.2363,,,,906.23624,,,,,,1,Mitchell,,
GRC,Greece,1981,1107.557,,,,,,1107.557,,,,1107.5569,,,,,,1,Mitchell,,
GRC,Greece,1982,1347.322,,,,,,1347.322,,,,1347.3221,,,,,,1,Mitchell,,
GRC,Greece,1983,1542.48,,,,,,1542.48,,,,1542.4798,,,,,,1,Mitchell,,
GRC,Greece,1984,1851.504,,,,,,1851.504,,,,1851.504,,,,,,1,Mitchell,,
GRC,Greece,1985,2181.365,,,,,,2181.365,,,,2181.3646,,,,,,1,Mitchell,,
GRC,Greece,1986,2629.494,,,,,,2629.494,,,,2629.4938,,,,,,1,Mitchell,,
GRC,Greece,1987,3104.916,,,,,,3104.035,,,,3104.9156,,,,,,1,Mitchell,,
GRC,Greece,1988,3539.252,,,,,,3538.371,,,,3539.2517,,,,,,1,Mitchell,,
GRC,Greece,1989,4360.968,,,,,,4362.142,,,,4360.9685,,,,,,1,Mitchell,,
GRC,Greece,1990,5423.331,,,,,,5423.621,,,,5423.3309,,,,,,1,Mitchell,,
GRC,Greece,1991,6157.007,,,,,,6155.95,,,,6157.0066,,,,,,1,Mitchell,,
GRC,Greece,1992,6975.789,,,,,,6975.73,,,,6975.7887,,,,,,1,Mitchell,,
GRC,Greece,1993,7759.354,,,,,,7760.528,,,,7759.3544,,,,,,1,Mitchell,,
GRC,Greece,1994,10233.31,,,,,,9936.317,,,,10233.309,,,,,,1,Mitchell,,
GRC,Greece,1995,11688.92,,,,,,11268.64,,,,11688.921,,,,,,1,Mitchell,,
GRC,Greece,1996,13561.26,,,,,,12721.61,,,,13561.262,,,,,,1,Mitchell,,
GRC,Greece,1997,15131.33,,,,,,14765.46,,,,15131.328,,,,,,1,Mitchell,,
GRC,Greece,1998,16519.44,,,,,,,,,,16519.442,,,,,,1,Mitchell,,
GRC,Greece,1999,7657,,,,,,,,,,7657,,,,,,1,Mitchell,,
GRC,Greece,2000,7446,,,,,,,,,,7446,,,,,,1,Mitchell,,
GRD,Grenada,1993,109.7,,,,,,,109.7,,,,,,,,,1,ECLAC,,
GRD,Grenada,1994,124.2,,,,,,,124.2,,,,,,,,,1,ECLAC,,
GRD,Grenada,1995,131.6,,,,,,,131.6,,,,,,,,,1,ECLAC,,
GRD,Grenada,1996,131.4,,,,,,,131.4,,,,,,,,,1,ECLAC,,
GRD,Grenada,1997,144.5,,,,,,,144.5,,,,,,,,,1,ECLAC,,
GRD,Grenada,1998,159.4,,,,,,,159.4,,,,,,,,,1,ECLAC,,
GRD,Grenada,1999,186.8,,,,,,,186.8,,,,,,,,,1,ECLAC,,
GRD,Grenada,2000,203.2,,,,,,,203.2,,,,,,,,,1,ECLAC,,
GRD,Grenada,2001,216.6,,,,,,,216.6,,,,,,,,,1,ECLAC,,
GRD,Grenada,2002,248.1,,,,,,,248.1,,,,,,,,,1,ECLAC,,
GRD,Grenada,2003,285.6,,,,,,,285.6,,,,,,,,,1,ECLAC,,
GRD,Grenada,2004,421.9,,,,,,,421.9,,,,,,,,,1,ECLAC,,
GRD,Grenada,2005,349.6,,,,,,,349.6,,,,,,,,,1,ECLAC,,
GRD,Grenada,2006,337.5,,,,,,,337.5,,,,,,,,,1,ECLAC,,
GRD,Grenada,2007,393.7,,,,,,,393.7,,,,,,,,,1,ECLAC,,
GRD,Grenada,2008,368.8,,,,,,,368.8,,,,,,,,,1,ECLAC,,
GRD,Grenada,2009,332,,,,,,,332,,,,,,,,,1,ECLAC,,
GRD,Grenada,2010,341.9,,,,,,,341.9,,,,,,,,,1,ECLAC,,
GRD,Grenada,2011,324.5,,,,,,,324.5,,,,,,,,,1,ECLAC,,
GRD,Grenada,2012,333,,,,,,,333,,,,,,,,,1,ECLAC,,
GRD,Grenada,2013,381,,,,,,,381,,,,,,,,,1,ECLAC,,
GRD,Grenada,2014,466.5,,,,,,,466.5,,,,,,,,,1,ECLAC,,
GRD,Grenada,2015,543,,,,,,,543,,,,,,,,,1,ECLAC,,
GRD,Grenada,2016,577.9,,,,,,,577.9,,,,,,,,,1,ECLAC,,
GRD,Grenada,2017,625.1,,,,,,,625.1,,,,,,,,,1,ECLAC,,
GRD,Grenada,2018,702.3,,,,,,,702.3,,,,,,,,,1,ECLAC,,
GRD,Grenada,2019,762.9,,,,,,,762.9,,,,,,,,,1,ECLAC,,
GRD,Grenada,2020,825.3,,,,,,,825.3,,,,,,,,,1,ECLAC,,
GTM,Guatemala,1948,55.59995,,,,,,,,,,55.6,,,,,,.9999992,Mitchell,,
GTM,Guatemala,1949,56.59995,,,,,,,,,,56.6,,,,,,.9999992,Mitchell,,
GTM,Guatemala,1950,58.89995,,,,,,,,,,58.9,,,,,,.9999992,Mitchell,,
GTM,Guatemala,1951,60.39995,,,,,,,,,,60.4,,,,,,.9999992,Mitchell,,
GTM,Guatemala,1952,63.59995,,,,,,,,,,63.6,,,,,,.9999992,Mitchell,,
GTM,Guatemala,1953,76.09994,,,,,,,,,,76.1,,,,,,.9999992,Mitchell,,
GTM,Guatemala,1954,77.59994,,,,,,,,,,77.6,,,,,,.9999992,Mitchell,,
GTM,Guatemala,1955,86.69993,,,,,,,,,,86.7,,,,,,.9999992,Mitchell,,
GTM,Guatemala,1956,103.9999,,,,,,,,,,104,,,,,,.9999992,Mitchell,,
GTM,Guatemala,1957,115.9999,,,,,,,,,,116,,,,,,.9999992,Mitchell,,
GTM,Guatemala,1958,106.9999,,,,,,,,,,107,,,,,,.9999992,Mitchell,,
GTM,Guatemala,1959,108.9999,,,,,,,,,,109,,,,,,.9999992,Mitchell,,
GTM,Guatemala,1960,104.9999,,,,,,,,,,105,,,,,,.9999992,Mitchell,,
GTM,Guatemala,1961,106.9999,,,,,,,,,,107,,,,,,.9999992,Mitchell,,
GTM,Guatemala,1962,108.9999,,,,,,,,,,109,,,,,,.9999992,Mitchell,,
GTM,Guatemala,1963,120.9999,,,,,,,,,,121,,,,,,.9999992,Mitchell,,
GTM,Guatemala,1964,128.9999,,,,,,,,,,129,,,,,,.9999992,Mitchell,,
GTM,Guatemala,1965,135.9999,,,,,,,,,,136,,,,,,.9999992,Mitchell,,
GTM,Guatemala,1966,142.9999,,,,,,,,,,143,,,,,,.9999992,Mitchell,,
GTM,Guatemala,1967,147.9999,,,,,,,,,,148,,,,,,.9999992,Mitchell,,
GTM,Guatemala,1968,150.9999,,,,,,,,,,151,,,,,,.9999992,Mitchell,,
GTM,Guatemala,1969,160.9999,,,,,,,,,,161,,,,,,.9999992,Mitchell,,
GTM,Guatemala,1970,172.9999,,,,,,,,,,173,,,,,,.9999992,Mitchell,,
GTM,Guatemala,1971,178.9998,,,,,,,,,,179,,,,,,.9999992,Mitchell,,
GTM,Guatemala,1972,213.9998,,,,,,,,,,214,,,,,,.9999992,Mitchell,,
GTM,Guatemala,1973,263.9998,,,,,,,,,,264,,,,,,.9999992,Mitchell,,
GTM,Guatemala,1974,304.9998,,,,,,,,,,305,,,,,,.9999992,Mitchell,,
GTM,Guatemala,1975,353.9997,,,,,,,,,,354,,,,,,.9999992,Mitchell,,
GTM,Guatemala,1976,493.9996,,,,,,,,,,494,,,,,,.9999992,Mitchell,,
GTM,Guatemala,1977,593.9995,,,,,,,,,,594,,,,,,.9999992,Mitchell,,
GTM,Guatemala,1978,663.9995,,,,,,,,,,664,,,,,,.9999992,Mitchell,,
GTM,Guatemala,1979,734.9994,,,,,,,,,,735,,,,,,.9999992,Mitchell,,
GTM,Guatemala,1980,752.9994,,,,,,,,,,753,,,,,,.9999992,Mitchell,,
GTM,Guatemala,1981,775.9993,,,,,,,,,,776,,,,,,.9999992,Mitchell,,
GTM,Guatemala,1982,786.9993,,,,,,,,,,787,,,,,,.9999992,Mitchell,,
GTM,Guatemala,1983,833.9993,,,,,,,,,,834,,,,,,.9999992,Mitchell,,
GTM,Guatemala,1984,868.9993,,,,,,,,,,869,,,,,,.9999992,Mitchell,,
GTM,Guatemala,1985,1345.999,,,,,,,,,,1346,,,,,,.9999992,Mitchell,,
GTM,Guatemala,1986,1607.999,,,,,,,,,,1608,,,,,,.9999992,Mitchell,,
GTM,Guatemala,1987,1765.999,,,,,,,,,,1766,,,,,,.9999992,Mitchell,,
GTM,Guatemala,1988,2018.998,,,,,,,,,,2019,,,,,,.9999992,Mitchell,,
GTM,Guatemala,1989,2437.998,,,,,,,,,,2438,,,,,,.9999992,Mitchell,,
GTM,Guatemala,1990,3241.997,,,,,,,,,,3242,,,,,,.9999992,Mitchell,,
GTM,Guatemala,1991,3842.997,,,,,,,,,,3843,,,,,,.9999992,Mitchell,,
GTM,Guatemala,1992,4192.997,,,,,,,,,,4193,,,,,,.9999992,Mitchell,,
GTM,Guatemala,1993,5047.996,,,,,,,,,,5048,,,,,,.9999992,Mitchell,,
GTM,Guatemala,1994,7073.994,,,,,,,,,,7074,,,,,,.9999992,Mitchell,,
GTM,Guatemala,1995,7771.994,,,,,,,,,,7772,,,,,,.9999992,Mitchell,,
GTM,Guatemala,1996,8821.992,,,,,,,,,,8822,,,,,,.9999992,Mitchell,,
GTM,Guatemala,1997,11997.99,,,,,,,,,,11998,,,,,,.9999992,Mitchell,,
GTM,Guatemala,1998,13613.99,,,,,,,,,,13614,,,,,,.9999992,Mitchell,,
GTM,Guatemala,1999,15467.99,,,,,,,,,,15468,,,,,,.9999992,Mitchell,,
GTM,Guatemala,2000,18831.98,,,,,,,,,,18832,,,,,,.9999992,Mitchell,,
GTM,Guatemala,2001,21058.98,,,,,,,21092.7,,,21059,,,,,,.9999992,Mitchell,,
GTM,Guatemala,2002,22835.98,,,,,,,22413.3,,,22836,,,,,,.9999992,Mitchell,,
GTM,Guatemala,2003,26937.98,,,,,,,26770.3,,,26938,,,,,,.9999992,Mitchell,,
GTM,Guatemala,2004,28740.98,,,,,,,28817.7,,,28741,,,,,,.9999992,Mitchell,,
GTM,Guatemala,2005,33473.97,,,,,,,33643.9,,,33474,,,,,,.9999992,Mitchell,,
GTM,Guatemala,2006,43003.52,,,,,,,40016.1,,,43003.551,,,,,,.9999992,Mitchell,,
GTM,Guatemala,2007,44832.66,,,,,,,44911.6,,,44832.694,,,,,,.9999992,Mitchell,,
GTM,Guatemala,2008,47446.15,,,,,,,47505.9,,,47446.19,,,,,,.9999992,Mitchell,,
GTM,Guatemala,2009,50028.55,,,,,,,50028.6,,,50028.588,,,,,,.9999992,Mitchell,,
GTM,Guatemala,2010,54557.2,,,,,,,54557.2,,,54557.246,,,,,,.9999992,Mitchell,1,1
GTM,Guatemala,2011,58609.5,,,,,,,58609.5,,,,,,,,,1,ECLAC,,
GTM,Guatemala,2012,62962.1,,,,,,,62962.1,,,,,,,,,1,ECLAC,,
GTM,Guatemala,2013,65258,,,,,,,65258,,,,,,,,,1,ECLAC,,
GTM,Guatemala,2014,69800.8,,,,,,,69800.8,,,,,,,,,1,ECLAC,,
GTM,Guatemala,2015,76929.3,,,,,,,76929.3,,,,,,,,,1,ECLAC,,
GTM,Guatemala,2016,81587.3,,,,,,,81587.3,,,,,,,,,1,ECLAC,,
GTM,Guatemala,2017,89788.1,,,,,,,89788.1,,,,,,,,,1,ECLAC,,
GTM,Guatemala,2018,97450.4,,,,,,,97450.4,,,,,,,,,1,ECLAC,,
GTM,Guatemala,2019,110144,,,,,,,110144,,,,,,,,,1,ECLAC,,
GTM,Guatemala,2020,137937.2,,,,,,,137937.2,,,,,,,,,1,ECLAC,,
GTM,Guatemala,2021,153712.7,,,,,,,153712.7,,,,,,,,,1,ECLAC,,
GTM,Guatemala,2022,171197.1,,,,,,,171197.1,,,,,,,,,1,ECLAC,,
GUY,Guyana,1955,26.00002,,,,,,,,,,26,,,,,,1.000001,Mitchell,,
GUY,Guyana,1956,26.00002,,,,,,,,,,26,,,,,,1.000001,Mitchell,,
GUY,Guyana,1957,28.00002,,,,,,,,,,28,,,,,,1.000001,Mitchell,,
GUY,Guyana,1958,30.00002,,,,,,,,,,30,,,,,,1.000001,Mitchell,,
GUY,Guyana,1959,35.00002,,,,,,,,,,35,,,,,,1.000001,Mitchell,,
GUY,Guyana,1960,38.00002,,,,,,,,,,38,,,,,,1.000001,Mitchell,,
GUY,Guyana,1961,36.00002,,,,,,,,,,36,,,,,,1.000001,Mitchell,,
GUY,Guyana,1962,42.00003,,,,,,,,,,42,,,,,,1.000001,Mitchell,,
GUY,Guyana,1963,43.00003,,,,,,,,,,43,,,,,,1.000001,Mitchell,,
GUY,Guyana,1964,47.00003,,,,,,,,,,47,,,,,,1.000001,Mitchell,,
GUY,Guyana,1965,45.00003,,,,,,,,,,45,,,,,,1.000001,Mitchell,,
GUY,Guyana,1966,47.00003,,,,,,,,,,47,,,,,,1.000001,Mitchell,,
GUY,Guyana,1967,51.00003,,,,,,,,,,51,,,,,,1.000001,Mitchell,,
GUY,Guyana,1968,56.00003,,,,,,,,,,56,,,,,,1.000001,Mitchell,,
GUY,Guyana,1969,61.00004,,,,,,,,,,61,,,,,,1.000001,Mitchell,,
GUY,Guyana,1970,61.00004,,,,,,,,,,61,,,,,,1.000001,Mitchell,,
GUY,Guyana,1971,69.00004,,,,,,,,,,69,,,,,,1.000001,Mitchell,,
GUY,Guyana,1972,88.00005,,,,,,,,,,88,,,,,,1.000001,Mitchell,,
GUY,Guyana,1973,101.0001,,,,,,,,,,101,,,,,,1.000001,Mitchell,,
GUY,Guyana,1974,133.0001,,,,,,,,,,133,,,,,,1.000001,Mitchell,,
GUY,Guyana,1975,207.0001,,,,,,,,,,207,,,,,,1.000001,Mitchell,,
GUY,Guyana,1976,221.0001,,,,,,,,,,221,,,,,,1.000001,Mitchell,,
GUY,Guyana,1977,285.0002,,,,,,,,,,285,,,,,,1.000001,Mitchell,,
GUY,Guyana,1978,300.0002,,,,,,,,,,300,,,,,,1.000001,Mitchell,,
GUY,Guyana,1979,288.0002,,,,,,,,,,288,,,,,,1.000001,Mitchell,,
GUY,Guyana,1980,328.0002,,,,,,,,,,328,,,,,,1.000001,Mitchell,,
GUY,Guyana,1981,351.0002,,,,,,,,,,351,,,,,,1.000001,Mitchell,,
GUY,Guyana,1982,436.0003,,,,,,,,,,436,,,,,,1.000001,Mitchell,,
GUY,Guyana,1983,509.0003,,,,,,,,,,509,,,,,,1.000001,Mitchell,,
GUY,Guyana,1984,619.0004,,,,,,,,,,619,,,,,,1.000001,Mitchell,,
GUY,Guyana,1985,740.0004,,,,,,,,,,740,,,,,,1.000001,Mitchell,,
GUY,Guyana,1986,881.0005,,,,,,,,,,881,,,,,,1.000001,Mitchell,,
GUY,Guyana,1987,1333.001,,,,,,,,,,1333,,,,,,1.000001,Mitchell,,
GUY,Guyana,1988,1999.001,,,,,,,,,,1999,,,,,,1.000001,Mitchell,,
GUY,Guyana,1989,2677.002,,,,,,,,,,2677,,,,,,1.000001,Mitchell,,
GUY,Guyana,1990,4136.002,,,,,,,3431.4,,,4136,,,,,,1.000001,Mitchell,,
GUY,Guyana,1991,6844.004,,,,,,,6008.6,,,6844,,,,,,1.000001,Mitchell,,
GUY,Guyana,1992,8999.005,,,,,,,7736.5,,,8999,,,,,,1.000001,Mitchell,,
GUY,Guyana,1993,11881.01,,,,,,,9379.4,,,11881,,,,,,1.000001,Mitchell,,
GUY,Guyana,1994,13115.01,,,,,,,12266.6,,,13115,,,,,,1.000001,Mitchell,,
GUY,Guyana,1995,15310.01,,,,,,,14006.9,,,15310,,,,,,1.000001,Mitchell,,
GUY,Guyana,1996,17531.01,,,,,,,16037.2,,,17531,,,,,,1.000001,Mitchell,,
GUY,Guyana,1997,19281.01,,,,,,,17388.7,,,19281,,,,,,1.000001,Mitchell,,
GUY,Guyana,1998,18980.01,,,,,,,17820.7,,,18980,,,,,,1.000001,Mitchell,,
GUY,Guyana,1999,23350.01,,,,,,,21548,,,23350,,,,,,1.000001,Mitchell,,
GUY,Guyana,2000,25788.02,,,,,,,24826.6,,,25788,,,,,,1.000001,Mitchell,,
GUY,Guyana,2001,26089.02,,,,,,,24807.4,,,26089,,,,,,1.000001,Mitchell,,
GUY,Guyana,2002,28116.02,,,,,,,26364.8,,,28116,,,,,,1.000001,Mitchell,,
GUY,Guyana,2003,32117.02,,,,,,,30792.7,,,32117,,,,,,1.000001,Mitchell,,
GUY,Guyana,2004,36604.02,,,,,,,34606.3,,,36604,,,,,,1.000001,Mitchell,,
GUY,Guyana,2005,39406.02,,,,,,,37839,,,39406,,,,,,1.000001,Mitchell,,
GUY,Guyana,2006,48069.92,,,,,,,48069.9,,,48069.891,,,,,,1.000001,Mitchell,,
GUY,Guyana,2007,54240.73,,,,,,,54240.7,,,54240.694,,,,,,1.000001,Mitchell,,
GUY,Guyana,2008,61035.34,,,,,,,61035.3,,,61035.31,,,,,,1.000001,Mitchell,,
GUY,Guyana,2009,66365.14,,,,,,,66365.1,,,66365.105,,,,,,1.000001,Mitchell,,
GUY,Guyana,2010,80832.1,,,,,,,80832.1,,,80832.053,,,,,,1.000001,Mitchell,1,1
GUY,Guyana,2011,97267.7,,,,,,,97267.7,,,,,,,,,1,ECLAC,,
GUY,Guyana,2012,112418.6,,,,,,,112418.6,,,,,,,,,1,ECLAC,,
GUY,Guyana,2013,115195.5,,,,,,,115195.5,,,,,,,,,1,ECLAC,,
GUY,Guyana,2014,131186.1,,,,,,,131186.1,,,,,,,,,1,ECLAC,,
GUY,Guyana,2015,130295,,,,,,,130295,,,,,,,,,1,ECLAC,,
GUY,Guyana,2016,144827.4,,,,,,,144827.4,,,,,,,,,1,ECLAC,,
GUY,Guyana,2017,157321.9,,,,,,,157321.9,,,,,,,,,1,ECLAC,,
GUY,Guyana,2018,174998.5,,,,,,,174998.5,,,,,,,,,1,ECLAC,,
GUY,Guyana,2019,248224.1,,,,,,,248224.1,,,,,,,,,1,ECLAC,,
GUY,Guyana,2020,299186,,,,,,,299186,,,,,,,,,1,ECLAC,,
GUY,Guyana,2021,342466.3,,,,,,,342466.3,,,,,,,,,1,ECLAC,,
GUY,Guyana,2022,397102.2,,,,,,,397102.2,,,,,,,,,1,ECLAC,,
HKG,Hong Kong,2000,243847.3,243847.33,,,,,,,,,,,,,,,1,ADB,,
HKG,Hong Kong,2001,258056.1,258056.14,,,,,,,,,,,,,,,1,ADB,,
HKG,Hong Kong,2002,295649.6,295649.59,,,,,,,,,,,,,,,1,ADB,,
HKG,Hong Kong,2003,413422.9,413422.94,,,,,,,,,,,,,,,1,ADB,,
HKG,Hong Kong,2004,484494,484494.04,,,,,,,,,,,,,,,1,ADB,,
HKG,Hong Kong,2005,434684.3,434684.3,,,,,,,,,,,,,,,1,ADB,,
HKG,Hong Kong,2006,491647.9,491647.93,,,,,,,,,,,,,,,1,ADB,,
HKG,Hong Kong,2007,616708.6,616708.6,,,,,,,,,,,,,,,1,ADB,,
HKG,Hong Kong,2008,645832.6,645832.64,,,,,,,,,,,,,,,1,ADB,,
HKG,Hong Kong,2009,901819,901819.02,,,,,,,,,,,,,,,1,ADB,,
HKG,Hong Kong,2010,1017227,1017226.5,,,,,,,,,,,,,,,1,ADB,,
HKG,Hong Kong,2011,1127320,1127319.9,,,,,,,,,,,,,,,1,ADB,,
HKG,Hong Kong,2012,1377359,1377359.4,,,,,,,,,,,,,,,1,ADB,,
HKG,Hong Kong,2013,1510895,1510895.4,,,,,,,,,,,,,,,1,ADB,,
HKG,Hong Kong,2014,1708724,1708724.2,,,,,,,,,,,,,,,1,ADB,,
HKG,Hong Kong,2015,1971146,1971145.9,,,,,,,,,,,,,,,1,ADB,,
HKG,Hong Kong,2016,2213970,2213970,,,,,,,,,,,,,,,1,ADB,,
HKG,Hong Kong,2017,2431461,2431461.1,,,,,,,,,,,,,,,1,ADB,,
HKG,Hong Kong,2018,2421598,2421598,,,,,,,,,,,,,,,1,ADB,,
HKG,Hong Kong,2019,2484738,2484738.1,,,,,,,,,,,,,,,1,ADB,,
HND,Honduras,1948,39.20155,,,,,,,,,,38,,,,,,1.03162,Mitchell,,
HND,Honduras,1949,38.16993,,,,,,,,,,37,,,,,,1.03162,Mitchell,,
HND,Honduras,1950,39.20155,,,,,,,,,,38,,,,,,1.03162,Mitchell,,
HND,Honduras,1951,48.48613,,,,,,,,,,47,,,,,,1.03162,Mitchell,,
HND,Honduras,1952,53.64423,,,,,,,,,,52,,,,,,1.03162,Mitchell,,
HND,Honduras,1953,60.86557,,,,,,,,,,59,,,,,,1.03162,Mitchell,,
HND,Honduras,1954,71.18176,,,,,,,,,,69,,,,,,1.03162,Mitchell,,
HND,Honduras,1955,62.92881,,,,,,,,,,61,,,,,,1.03162,Mitchell,,
HND,Honduras,1956,69.11852,,,,,,,,,,67,,,,,,1.03162,Mitchell,,
HND,Honduras,1957,66.02367,,,,,,,,,,64,,,,,,1.03162,Mitchell,,
HND,Honduras,1958,64.99205,,,,,,,,,,63,,,,,,1.03162,Mitchell,,
HND,Honduras,1959,68.08691,,,,,,,,,,66,,,,,,1.03162,Mitchell,,
HND,Honduras,1960,66.02367,,,,,,,,,,64,,,,,,1.03162,Mitchell,,
HND,Honduras,1961,68.08691,,,,,,,,,,66,,,,,,1.03162,Mitchell,,
HND,Honduras,1962,75.30824,,,,,,,,,,73,,,,,,1.03162,Mitchell,,
HND,Honduras,1963,81.49796,,,,,,,,,,79,,,,,,1.03162,Mitchell,,
HND,Honduras,1964,92.84578,,,,,,,,,,90,,,,,,1.03162,Mitchell,,
HND,Honduras,1965,108.3201,,,,,,,,,,105,,,,,,1.03162,Mitchell,,
HND,Honduras,1966,110.3833,,,,,,,,,,107,,,,,,1.03162,Mitchell,,
HND,Honduras,1967,117.6047,,,,,,,,,,114,,,,,,1.03162,Mitchell,,
HND,Honduras,1968,131.0157,,,,,,,,,,127,,,,,,1.03162,Mitchell,,
HND,Honduras,1969,152.6797,,,,,,,,,,148,,,,,,1.03162,Mitchell,,
HND,Honduras,1970,164.0275,,,,,,,,,,159,,,,,,1.03162,Mitchell,,
HND,Honduras,1971,174.3438,,,,,,,,,,169,,,,,,1.03162,Mitchell,,
HND,Honduras,1972,199.1026,,,,,,,,,,193,,,,,,1.03162,Mitchell,,
HND,Honduras,1973,245.5255,,,,,,,,,,238,,,,,,1.03162,Mitchell,,
HND,Honduras,1974,249.652,,,,,,,,,,242,,,,,,1.03162,Mitchell,,
HND,Honduras,1975,271.316,,,,,,,,,,263,,,,,,1.03162,Mitchell,,
HND,Honduras,1976,372.4147,,,,,,,,,,361,,,,,,1.03162,Mitchell,,
HND,Honduras,1977,423.9957,,,,,,,,,,411,,,,,,1.03162,Mitchell,,
HND,Honduras,1978,495.1775,,,,,,,,,,480,,,,,,1.03162,Mitchell,,
HND,Honduras,1979,563.2644,,,,,,,,,,546,,,,,,1.03162,Mitchell,,
HND,Honduras,1980,629.2881,,,,,,,,,,610,,,,,,1.03162,Mitchell,,
HND,Honduras,1981,657.1418,,,,,,,,,,637,,,,,,1.03162,Mitchell,,
HND,Honduras,1982,739.6714,,,,,,,,,,717,,,,,,1.03162,Mitchell,,
HND,Honduras,1983,840.7701,,,,,,,,,,815,,,,,,1.03162,Mitchell,,
HND,Honduras,1984,872.7504,,,,,,,,,,846,,,,,,1.03162,Mitchell,,
HND,Honduras,1985,883.0665,,,,,,,,,,856,,,,,,1.03162,Mitchell,,
HND,Honduras,1986,985.1969,,,,,,,,,,955,,,,,,1.03162,Mitchell,,
HND,Honduras,1987,1154.383,,,,,,,,,,1119,,,,,,1.03162,Mitchell,,
HND,Honduras,1988,1292.62,,,,,,,,,,1253,,,,,,1.03162,Mitchell,,
HND,Honduras,1989,1572.189,,,,,,,,,,1524,,,,,,1.03162,Mitchell,,
HND,Honduras,1990,2030.228,,,,,,,,,,1968,,,,,,1.03162,Mitchell,,
HND,Honduras,1991,2348.998,,,,,,,,,,2277,,,,,,1.03162,Mitchell,,
HND,Honduras,1992,2663.642,,,,,,,,,,2582,,,,,,1.03162,Mitchell,,
HND,Honduras,1993,2966.938,,,,,,,,,,2876,,,,,,1.03162,Mitchell,,
HND,Honduras,1994,3966.578,,,,,,,,,,3845,,,,,,1.03162,Mitchell,,
HND,Honduras,1995,4825.917,,,,,,,,,,4678,,,,,,1.03162,Mitchell,,
HND,Honduras,1996,6244.395,,,,,,,,,,6053,,,,,,1.03162,Mitchell,,
HND,Honduras,1997,8556.255,,,,,,,,,,8294,,,,,,1.03162,Mitchell,,
HND,Honduras,1998,9644.613,,,,,,,,,,9349,,,,,,1.03162,Mitchell,,
HND,Honduras,1999,11399.4,,,,,,,,,,11050,,,,,,1.03162,Mitchell,,
HND,Honduras,2000,12331.98,,,,,,,,,,11954,,,,,,1.03162,Mitchell,,
HND,Honduras,2001,12779.71,,,,,,,12059.8,,,12388,,,,,,1.03162,Mitchell,,
HND,Honduras,2002,14673.76,,,,,,,14276.6,,,14224,,,,,,1.03162,Mitchell,,
HND,Honduras,2003,17796.47,,,,,,,17071.8,,,17251,,,,,,1.03162,Mitchell,,
HND,Honduras,2004,20652,,,,,,,18555,,,20019,,,,,,1.03162,Mitchell,,
HND,Honduras,2005,24854.82,,,,,,,21238.2,,,24093,,,,,,1.03162,Mitchell,,
HND,Honduras,2006,26367.15,,,,,,,26235.7,,,25558.979,,,,,,1.03162,Mitchell,,
HND,Honduras,2007,30666.16,,,,,,,30247.7,,,29726.219,,,,,,1.03162,Mitchell,,
HND,Honduras,2008,31224.38,,,,,,,30863.8,,,30267.328,,,,,,1.03162,Mitchell,,
HND,Honduras,2009,32774.86,,,,,,,32394.5,,,31770.293,,,,,,1.03162,Mitchell,,
HND,Honduras,2010,37375.3,,,,,,,37375.3,,,36229.725,,,,,,1.03162,Mitchell,1,1
HND,Honduras,2011,41225.2,,,,,,,41225.2,,,,,,,,,1,ECLAC,,
HND,Honduras,2012,38399.9,,,,,,,38399.9,,,,,,,,,1,ECLAC,,
HND,Honduras,2013,40120,,,,,,,40120,,,,,,,,,1,ECLAC,,
HND,Honduras,2014,45521.7,,,,,,,45521.7,,,,,,,,,1,ECLAC,,
HND,Honduras,2015,52279.5,,,,,,,52279.5,,,,,,,,,1,ECLAC,,
HND,Honduras,2016,58480.7,,,,,,,58480.7,,,,,,,,,1,ECLAC,,
HND,Honduras,2017,66741.8,,,,,,,66741.8,,,,,,,,,1,ECLAC,,
HND,Honduras,2018,70864.5,,,,,,,70864.5,,,,,,,,,1,ECLAC,,
HND,Honduras,2019,81953.4,,,,,,,81953.4,,,,,,,,,1,ECLAC,,
HND,Honduras,2020,106018.8,,,,,,,106018.8,,,,,,,,,1,ECLAC,,
HND,Honduras,2021,115266.3,,,,,,,115266.3,,,,,,,,,1,ECLAC,,
HND,Honduras,2022,139987.8,,,,,,,139987.8,,,,,,,,,1,ECLAC,,
HTI,Haiti,1950,61.46956,,,,,,,,,,60.1,,,,,,1.022788,Mitchell,,
HTI,Haiti,1951,76.91366,,,,,,,,,,75.2,,,,,,1.022788,Mitchell,,
HTI,Haiti,1952,100.5401,,,,,,,,,,98.3,,,,,,1.022788,Mitchell,,
HTI,Haiti,1953,96.55119,,,,,,,,,,94.4,,,,,,1.022788,Mitchell,,
HTI,Haiti,1954,119.6662,,,,,,,,,,117,,,,,,1.022788,Mitchell,,
HTI,Haiti,1955,120.689,,,,,,,,,,118,,,,,,1.022788,Mitchell,,
HTI,Haiti,1956,129.8941,,,,,,,,,,127,,,,,,1.022788,Mitchell,,
HTI,Haiti,1957,123.7574,,,,,,,,,,121,,,,,,1.022788,Mitchell,,
HTI,Haiti,1958,105.3472,,,,,,,,,,103,,,,,,1.022788,Mitchell,,
HTI,Haiti,1959,106.37,,,,,,,,,,104,,,,,,1.022788,Mitchell,,
HTI,Haiti,1960,106.37,,,,,,,,,,104,,,,,,1.022788,Mitchell,,
HTI,Haiti,1961,120.689,,,,,,,,,,118,,,,,,1.022788,Mitchell,,
HTI,Haiti,1962,124.7801,,,,,,,,,,122,,,,,,1.022788,Mitchell,,
HTI,Haiti,1963,133.9852,,,,,,,,,,131,,,,,,1.022788,Mitchell,,
HTI,Haiti,1964,135.008,,,,,,,,,,132,,,,,,1.022788,Mitchell,,
HTI,Haiti,1965,136.0308,,,,,,,,,,133,,,,,,1.022788,Mitchell,,
HTI,Haiti,1966,125.8029,,,,,,,,,,123,,,,,,1.022788,Mitchell,,
HTI,Haiti,1967,145.2359,,,,,,,,,,142,,,,,,1.022788,Mitchell,,
HTI,Haiti,1968,163.6461,,,,,,,,,,160,,,,,,1.022788,Mitchell,,
HTI,Haiti,1969,180.0107,,,,,,,,,,176,,,,,,1.022788,Mitchell,,
HTI,Haiti,1970,195.3525,,,,,,,,,,191,,,,,,1.022788,Mitchell,,
HTI,Haiti,1971,219.8994,,,,,,,,,,215,,,,,,1.022788,Mitchell,,
HTI,Haiti,1972,277.1756,,,,,,,,,,271,,,,,,1.022788,Mitchell,,
HTI,Haiti,1973,340.5884,,,,,,,,,,333,,,,,,1.022788,Mitchell,,
HTI,Haiti,1974,349.7935,,,,,,,,,,342,,,,,,1.022788,Mitchell,,
HTI,Haiti,1975,412.1836,,,,,,,,,,403,,,,,,1.022788,Mitchell,,
HTI,Haiti,1976,562.5334,,,,,,,,,,550,,,,,,1.022788,Mitchell,,
HTI,Haiti,1977,643.3337,,,,,,,,,,629,,,,,,1.022788,Mitchell,,
HTI,Haiti,1978,734.3618,,,,,,,,,,718,,,,,,1.022788,Mitchell,,
HTI,Haiti,1979,1133.249,,,,,,,,,,1108,,,,,,1.022788,Mitchell,,
HTI,Haiti,1980,966.5347,,,,,,,,,,945,,,,,,1.022788,Mitchell,,
HTI,Haiti,1981,1192.571,,,,,,,,,,1166,,,,,,1.022788,Mitchell,,
HTI,Haiti,1982,1190.525,,,,,,,,,,1164,,,,,,1.022788,Mitchell,,
HTI,Haiti,1983,1201.776,,,,,,,,,,1175,,,,,,1.022788,Mitchell,,
HTI,Haiti,1984,1419.63,,,,,,,,,,1388,,,,,,1.022788,Mitchell,,
HTI,Haiti,1985,1100.52,,,,,,,,,,1076,,,,,,1.022788,Mitchell,,
HTI,Haiti,1986,1830.791,,,,,,,,,,1790,,,,,,1.022788,Mitchell,,
HTI,Haiti,1987,2145.809,,,,,,,,,,2098,,,,,,1.022788,Mitchell,,
HTI,Haiti,1988,1672.258,,,,,,,,,,1635,,,,,,1.022788,Mitchell,,
HTI,Haiti,1989,2693.001,,,,,,,,,,2633,,,,,,1.022788,Mitchell,,
HTI,Haiti,1990,2355.481,,,,,,,2256.1,,,2303,,,,,,1.022788,Mitchell,,
HTI,Haiti,1991,2520.15,,,,,,,2369.6,,,2464,,,,,,1.022788,Mitchell,,
HTI,Haiti,1992,3221.782,,,,,,,3008.3,,,3150,,,,,,1.022788,Mitchell,,
HTI,Haiti,1993,3954.099,,,,,,,3607,,,3866,,,,,,1.022788,Mitchell,,
HTI,Haiti,1994,5212.128,,,,,,,4601,,,5096,,,,,,1.022788,Mitchell,,
HTI,Haiti,1995,6856.771,,,,,,,5975.5,,,6704,,,,,,1.022788,Mitchell,,
HTI,Haiti,1996,5956.718,,,,,,,5646.2,,,5824,,,,,,1.022788,Mitchell,,
HTI,Haiti,1997,6785.176,,,,,,,6354,,,6634,,,,,,1.022788,Mitchell,,
HTI,Haiti,1998,6802.563,,,,,,,6445.4,,,6651,,,,,,1.022788,Mitchell,,
HTI,Haiti,1999,8614.943,,,,,,,8153.1,,,8423,,,,,,1.022788,Mitchell,,
HTI,Haiti,2000,9430.105,,,,,,,9052.1,,,9220,,,,,,1.022788,Mitchell,,
HTI,Haiti,2001,10851.78,,,,,,,10313.2,,,10610,,,,,,1.022788,Mitchell,,
HTI,Haiti,2002,13809.68,,,,,,,13065.2,,,13502,,,,,,1.022788,Mitchell,,
HTI,Haiti,2003,16591.67,,,,,,,15959.2,,,16222,,,,,,1.022788,Mitchell,,
HTI,Haiti,2004,18458.26,,,,,,,17361.2,,,18047,,,,,,1.022788,Mitchell,,
HTI,Haiti,2005,21828.34,,,,,,,20488.4,,,21342,,,,,,1.022788,Mitchell,,
HTI,Haiti,2006,20898.36,,,,,,,21036.6,,,20432.741,,,,,,1.022788,Mitchell,,
HTI,Haiti,2007,24232.36,,,,,,,23713.3,,,23692.452,,,,,,1.022788,Mitchell,,
HTI,Haiti,2008,27962.95,,,,,,,27956.3,,,27339.924,,,,,,1.022788,Mitchell,,
HTI,Haiti,2009,30249.85,,,,,,,29795.1,,,29575.877,,,,,,1.022788,Mitchell,,
HTI,Haiti,2010,40183.2,,,,,,,40183.2,,,39287.905,,,,,,1.022788,Mitchell,1,1
HTI,Haiti,2011,42570.5,,,,,,,42570.5,,,,,,,,,1,ECLAC,,
HTI,Haiti,2012,48590.8,,,,,,,48590.8,,,,,,,,,1,ECLAC,,
HTI,Haiti,2013,50808.4,,,,,,,50808.4,,,,,,,,,1,ECLAC,,
HTI,Haiti,2014,59411.4,,,,,,,59411.4,,,,,,,,,1,ECLAC,,
HTI,Haiti,2015,62099.6,,,,,,,62099.6,,,,,,,,,1,ECLAC,,
HTI,Haiti,2016,72271.6,,,,,,,72271.6,,,,,,,,,1,ECLAC,,
HTI,Haiti,2017,81268.8,,,,,,,81268.8,,,,,,,,,1,ECLAC,,
HTI,Haiti,2018,101315.8,,,,,,,101315.8,,,,,,,,,1,ECLAC,,
HTI,Haiti,2019,112938.3,,,,,,,112938.3,,,,,,,,,1,ECLAC,,
HTI,Haiti,2020,148300.6,,,,,,,148300.6,,,,,,,,,1,ECLAC,,
HTI,Haiti,2021,179215.8,,,,,,,179215.8,,,,,,,,,1,ECLAC,,
HTI,Haiti,2022,227299.6,,,,,,,227299.6,,,,,,,,,1,ECLAC,,
HUN,Hungary,1993,1016489,,,,,,,,,,,,1016489,,,,1,OECD_MEI,,
HUN,Hungary,1994,1097598,,,,,,,,,,,,1097598,,,,1,OECD_MEI,,
HUN,Hungary,1995,1167936,,,,,,,,,,,,1167936,,,,1,OECD_MEI,,
HUN,Hungary,1996,1394382,,,,,,,,,,,,1394382,,,,1,OECD_MEI,,
HUN,Hungary,1997,1722579,,,,,,,,,,,,1722579,,,,1,OECD_MEI,,
HUN,Hungary,1998,2006287,,,,,,,,,,,,2006287,,,,1,OECD_MEI,,
HUN,Hungary,1999,2362976,,,,,,,,,,,,2362976,,,,1,OECD_MEI,,
HUN,Hungary,2000,2654044,,,,,,,,,,,,2654044,,,,1,OECD_MEI,,
HUN,Hungary,2001,3113300,,,,,,,,,,,,3113300,,,,1,OECD_MEI,,
HUN,Hungary,2002,3648005,,,,,,,,,,,,3648005,,,,1,OECD_MEI,,
HUN,Hungary,2003,4027626,,,,,,,,,,,,4027626,,,,1,OECD_MEI,,
HUN,Hungary,2004,4169250,,,,,,,,,,,,4169250,,,,1,OECD_MEI,,
HUN,Hungary,2005,5188783,,,,,,,,,,,,5188783,,,,1,OECD_MEI,,
HUN,Hungary,2006,5833327,,,,,,,,,,,,5833327,,,,1,OECD_MEI,,
HUN,Hungary,2007,6348324,,,,,,,,,,,,6348324,,,,1,OECD_MEI,,
HUN,Hungary,2008,6161983,,,,,,,,,,,,6161983,,,,1,OECD_MEI,,
HUN,Hungary,2009,6121599,,,,,,,,,,,,6121599,,,,1,OECD_MEI,,
HUN,Hungary,2010,6634983,,,,,,,,,,,,6634983,,,,1,OECD_MEI,,
HUN,Hungary,2011,7342720,,,,,,,,,,,,7342720,,,,1,OECD_MEI,,
HUN,Hungary,2012,7297284,,,,,,,,,,,,7297284,,,,1,OECD_MEI,,
HUN,Hungary,2013,8895965,,,,,,,,,,,,8895965,,,,1,OECD_MEI,,
HUN,Hungary,2014,1.07e+07,,,,,,,,,,,,10738310,,,,1,OECD_MEI,,
HUN,Hungary,2015,1.32e+07,,,,,,,,,,,,13226090,,,,1,OECD_MEI,,
HUN,Hungary,2016,1.63e+07,,,,,,,,,,,,16306480,,,,1,OECD_MEI,,
HUN,Hungary,2017,1.94e+07,,,,,,,,,,,,19359880,,,,1,OECD_MEI,,
HUN,Hungary,2018,2.20e+07,,,,,,,,,,,,21971250,,,,1,OECD_MEI,,
HUN,Hungary,2019,2.45e+07,,,,,,,,,,,,24531150,,,,1,OECD_MEI,,
HUN,Hungary,2020,3.03e+07,,,,,,,,,,,,30263560,,,,1,OECD_MEI,,
HUN,Hungary,2021,3.49e+07,,,,,,,,,,,,34914650,,,,1,OECD_MEI,,
HUN,Hungary,2022,3.40e+07,,,,,,,,,,,,33971680,,,,1,OECD_MEI,,
HUN,Hungary,2023,3.23e+07,,,,,,,,,,,,32326420,,,,1,OECD_MEI,,
HUN,Hungary,2024,3.45e+07,,,,,,,,,,,,34467960,,,,1,OECD_MEI,,
IDN,Indonesia,1950,3.93,,,,,,,,,,3.93,,,,,,1,Mitchell,,
IDN,Indonesia,1951,5.03,,,,,,,,,,5.03,,,,,,1,Mitchell,,
IDN,Indonesia,1952,6.6,,,,,,,,,,6.6,,,,,,1,Mitchell,,
IDN,Indonesia,1953,7.49,,,,,,,,,,7.49,,,,,,1,Mitchell,,
IDN,Indonesia,1954,11.1,,,,,,,,,,11.1,,,,,,1,Mitchell,,
IDN,Indonesia,1955,12.2,,,,,,,,,,12.2,,,,,,1,Mitchell,,
IDN,Indonesia,1956,13.4,,,,,,,,,,13.4,,,,,,1,Mitchell,,
IDN,Indonesia,1957,18.9,,,,,,,,,,18.9,,,,,,1,Mitchell,,
IDN,Indonesia,1958,29.4,,,,,,,,,,29.4,,,,,,1,Mitchell,,
IDN,Indonesia,1959,34.9,,,,,,,,,,34.9,,,,,,1,Mitchell,,
IDN,Indonesia,1960,47.8,,,,,,,,,,47.8,,,,,,1,Mitchell,,
IDN,Indonesia,1961,67.9,,,,,,,,,,67.9,,,,,,1,Mitchell,,
IDN,Indonesia,1962,135,,,,,,,,,,135,,,,,,1,Mitchell,,
IDN,Indonesia,1963,,,,,,,,,,,,,,,,,1,Mitchell,,
IDN,Indonesia,1964,,,,,,,,,,,,,,,,,1,Mitchell,,
IDN,Indonesia,1965,2570,,,,,,,,,,2570,,,,,,1,Mitchell,,
IDN,Indonesia,1966,22200,,,,,,,,,,22200,,,,,,1,Mitchell,,
IDN,Indonesia,1967,51500,,,,,,,,,,51500,,,,,,1,Mitchell,,
IDN,Indonesia,1968,116000,,,,,,,,,,116000,,,,,,1,Mitchell,,
IDN,Indonesia,1969,183000,,,,,,,,,,183000,,,,,,1,Mitchell,,
IDN,Indonesia,1970,250000,,,,,,,,,,250000,,,,,,1,Mitchell,,
IDN,Indonesia,1971,319000,,,,,,313000,,,,319000,,,,,,1,Mitchell,,
IDN,Indonesia,1972,474000,,,,,,471000,,,,474000,,,,,,1,Mitchell,,
IDN,Indonesia,1973,671000,,,,,,669000,,,,671000,,,,,,1,Mitchell,,
IDN,Indonesia,1974,942000,,,,,,940000,,,,942000,,,,,,1,Mitchell,,
IDN,Indonesia,1975,1274000,,,,,,1250000,,,,1274000,,,,,,1,Mitchell,,
IDN,Indonesia,1976,1601000,,,,,,1601000,,,,1601000,,,,,,1,Mitchell,,
IDN,Indonesia,1977,2006000,,,,,,2006000,,,,2006000,,,,,,1,Mitchell,,
IDN,Indonesia,1978,2488000,,,,,,2488000,,,,2488000,,,,,,1,Mitchell,,
IDN,Indonesia,1979,3316000,,,,,,3379000,,,,3316000,,,,,,1,Mitchell,,
IDN,Indonesia,1980,5011000,,,,,,5011290,,,,5011000,,,,,,1,Mitchell,,
IDN,Indonesia,1981,6474000,,,,,,6474270,,,,6474000,,,,,,1,Mitchell,,
IDN,Indonesia,1982,7120000,,,,,,7119700,,,,7120000,,,,,,1,Mitchell,,
IDN,Indonesia,1983,7576000,,,,,,7576200,,,,7576000,,,,,,1,Mitchell,,
IDN,Indonesia,1984,8581000,,,,,,8581400,,,,8581000,,,,,,1,Mitchell,,
IDN,Indonesia,1985,1.01e+07,,,,,,1.01e+07,,,,10124000,,,,,,1,Mitchell,,
IDN,Indonesia,1986,1.16e+07,,,,,,1.16e+07,,,,11631000,,,,,,1,Mitchell,,
IDN,Indonesia,1987,1.27e+07,,,,,,1.27e+07,,,,12705000,,,,,,1,Mitchell,,
IDN,Indonesia,1988,1.44e+07,,,,,,1.44e+07,,,,14392000,,,,,,1,Mitchell,,
IDN,Indonesia,1989,2.06e+07,,,,,,2.06e+07,,,,20559000,,,,,,1,Mitchell,1,1
IDN,Indonesia,1990,2.38e+07,,,,,,2.38e+07,,,,23819000,,23819000,,,,1,OECD_MEI,,
IDN,Indonesia,1991,2.63e+07,,,,,,2.67e+07,,,,26693000,,26341000,,,,1,OECD_MEI,,
IDN,Indonesia,1992,2.88e+07,,,,,,2.75e+07,,,,28801000,,28779000,,,,1,OECD_MEI,,
IDN,Indonesia,1993,3.68e+07,,,,,,3.37e+07,,,,,,36805000,,,,1,OECD_MEI,,
IDN,Indonesia,1994,4.54e+07,,,,,,4.15e+07,,,,42887000,,45374000,,,,1,OECD_MEI,,
IDN,Indonesia,1995,5.27e+07,,,,,,4.71e+07,,,,49572000,,52677000,,,,1,OECD_MEI,,
IDN,Indonesia,1996,6.41e+07,,,,,,5.17e+07,,,,54534000,,64089000,,,,1,OECD_MEI,,
IDN,Indonesia,1997,7.83e+07,,,,,,6.88e+07,,,,72431000,,78343000,,,,1,OECD_MEI,,
IDN,Indonesia,1998,1.01e+08,,,,,,,,,,90768000,,1.012e+08,,,,1,OECD_MEI,,
IDN,Indonesia,1999,1.25e+08,,,,,,,,,,1.169e+08,,1.246e+08,,,,1,OECD_MEI,,
IDN,Indonesia,2000,1.62e+08,1.622e+08,,,,,,,,,1.609e+08,,1.622e+08,,,,1,OECD_MEI,,
IDN,Indonesia,2001,1.78e+08,1.777e+08,,,,,,,,,1.701e+08,,1.777e+08,,,,1,OECD_MEI,,
IDN,Indonesia,2002,1.92e+08,1.919e+08,,,,,,,,,1.826e+08,,1.919e+08,,,,1,OECD_MEI,,
IDN,Indonesia,2003,2.24e+08,2.238e+08,,,,,,,,,2.137e+08,,2.238e+08,,,,1,OECD_MEI,,
IDN,Indonesia,2004,2.46e+08,2.459e+08,,,,,,,,,2.457e+08,,2.459e+08,,,,1,OECD_MEI,,
IDN,Indonesia,2005,2.71e+08,2.711e+08,,,,,,,,,2.708e+08,,2.711e+08,,,,1,OECD_MEI,,
IDN,Indonesia,2006,3.47e+08,3.470e+08,,,,,,,,,3.470e+08,,3.470e+08,,,,1,OECD_MEI,,
IDN,Indonesia,2007,4.50e+08,4.501e+08,,,,,,,,,4.501e+08,,4.501e+08,,,,1,OECD_MEI,,
IDN,Indonesia,2008,4.57e+08,4.568e+08,,,,,,,,,4.568e+08,,4.568e+08,,,,1,OECD_MEI,,
IDN,Indonesia,2009,5.16e+08,5.158e+08,,,,,,,,,5.158e+08,,5.158e+08,,,,1,OECD_MEI,,
IDN,Indonesia,2010,6.05e+08,6.054e+08,,,,,,,,,4.839e+08,,6.054e+08,,,6.054e+08,1,OECD_MEI,,
IDN,Indonesia,2011,1.49e+09,7.230e+08,,,,,,,,,,,1.487e+09,,,7.230e+08,1,OECD_MEI,,
IDN,Indonesia,2012,1.75e+09,8.417e+08,,,,,,,,,,,1.748e+09,,,8.417e+08,1,OECD_MEI,,
IDN,Indonesia,2013,1.89e+09,8.871e+08,,,,,,,,,,,1.889e+09,,,8.871e+08,1,OECD_MEI,,
IDN,Indonesia,2014,2.05e+09,9.422e+08,,,,,,,,,,,2.049e+09,,,9.422e+08,1,OECD_MEI,,
IDN,Indonesia,2015,2.26e+09,1.055e+09,,,,,,,,,,,2.264e+09,,,1.055e+09,1,OECD_MEI,,
IDN,Indonesia,2016,2.57e+09,1.238e+09,,,,,,,,,,,2.571e+09,,,1.238e+09,1,OECD_MEI,,
IDN,Indonesia,2017,2.86e+09,1.391e+09,,,,,,,,,,,2.857e+09,,,1.391e+09,1,OECD_MEI,,
IDN,Indonesia,2018,3.04e+09,1.457e+09,,,,,,,,,,,3.043e+09,,,1.457e+09,1,OECD_MEI,,
IDN,Indonesia,2019,3.26e+09,1.565e+09,,,,,,,,,,,3.257e+09,,,,1,OECD_MEI,,
IDN,Indonesia,2020,3.74e+09,,,,,,,,,,,,3.743e+09,,,,1,OECD_MEI,,
IDN,Indonesia,2021,4.41e+09,,,,,,,,,,,,4.414e+09,,,,1,OECD_MEI,,
IDN,Indonesia,2022,4.83e+09,,,,,,,,,,,,4.835e+09,,,,1,OECD_MEI,,
IDN,Indonesia,2023,4.94e+09,,,,,,,,,,,,4.936e+09,,,,1,OECD_MEI,,
IDN,Indonesia,2024,5.22e+09,,,,,,,,,,,,5.224e+09,,,,1,OECD_MEI,,
IND,India,1948,18936.54,,,,,,,,,,18800,,,,,,1.007263,Mitchell,,
IND,India,1949,17727.82,,,,,,,,,,17600,,,,,,1.007263,Mitchell,,
IND,India,1950,18634.36,,,,,,,,,,18500,,,,,,1.007263,Mitchell,1,1
IND,India,1951,18030,,,,,,,,,,17900,,18030,,,,1,OECD_MEI,,
IND,India,1952,17160,,,,,,,,,,17100,,17160,,,,1,OECD_MEI,,
IND,India,1953,17440,,,,,,,,,,17400,,17440,,,,1,OECD_MEI,,
IND,India,1954,18630,,,,,,,,,,18600,,18630,,,,1,OECD_MEI,,
IND,India,1955,20760,,,,,,,,,,20600,,20760,,,,1,OECD_MEI,,
IND,India,1956,22080,,,,,,,,,,22000,,22080,,,,1,OECD_MEI,,
IND,India,1957,23020,,,,,,,,,,23000,,23020,,,,1,OECD_MEI,,
IND,India,1958,23730,,,,,,,,,,23700,,23730,,,,1,OECD_MEI,,
IND,India,1959,25420,,,,,,,,,,25400,,25420,,,,1,OECD_MEI,,
IND,India,1960,27050,,,,,,,,,,27400,,27050,,,,1,OECD_MEI,,
IND,India,1961,28340,,,,,,,,,,28400,,28340,,,,1,OECD_MEI,,
IND,India,1962,31140,,,,,,,,,,31100,,31140,,,,1,OECD_MEI,,
IND,India,1963,35410,,,,,,,,,,35400,,35410,,,,1,OECD_MEI,,
IND,India,1964,39060,,,,,,,,,,39100,,39060,,,,1,OECD_MEI,,
IND,India,1965,43010,,,,,,,,,,43000,,43010,,,,1,OECD_MEI,,
IND,India,1966,46810,,,,,,,,,,46800,,46810,,,,1,OECD_MEI,,
IND,India,1967,51020,,,,,,,,,,51000,,51020,,,,1,OECD_MEI,,
IND,India,1968,53890,,,,,,,,,,53900,,53890,,,,1,OECD_MEI,,
IND,India,1969,60360,,,,,,,,,,60400,,60360,,,,1,OECD_MEI,,
IND,India,1970,69650,,,,,,,,,,67600,,69650,,,,1,OECD_MEI,,
IND,India,1971,79130,,,,,,76477,,,,76500,,79130,,,,1,OECD_MEI,,
IND,India,1972,89590,,,,,,86150,,,,86200,,89590,,,,1,OECD_MEI,,
IND,India,1973,104940,,,,,,101040,,,,101000,,104940,,,,1,OECD_MEI,,
IND,India,1974,115630,,,,,,111280,,,,111000,,115630,,,,1,OECD_MEI,,
IND,India,1975,126520,,,,,,122343,,,,122000,,126520,,,,1,OECD_MEI,,
IND,India,1976,152050,,,,,,152774,,,,153000,,152050,,,,1,OECD_MEI,,
IND,India,1977,177510,,,,,,178499,,,,178000,,177510,,,,1,OECD_MEI,,
IND,India,1978,164740,,,,,,157633,,,,158000,,164740,,,,1,OECD_MEI,,
IND,India,1979,185430,,,,,,176857,,,,177000,,185430,,,,1,OECD_MEI,,
IND,India,1980,216670,,,,,,204582,,,,205000,,216670,,,,1,OECD_MEI,,
IND,India,1981,245990,,,,,,232469,,,,232000,,245990,,,,1,OECD_MEI,,
IND,India,1982,284590,,,,,,273712,,,,274000,,284590,,,,1,OECD_MEI,,
IND,India,1983,319880,,,,,,308553,,,,309000,,319880,,,,1,OECD_MEI,,
IND,India,1984,378850,,,,,,365578,,,,366000,,378850,,,,1,OECD_MEI,,
IND,India,1985,415020,,,,,,412414,,,,412000,,415020,,,,1,OECD_MEI,,
IND,India,1986,485210,,,,,,478669,,,,479000,,485210,,,,1,OECD_MEI,,
IND,India,1987,550850,,,,,,543174,,,,543000,,550850,,,,1,OECD_MEI,,
IND,India,1988,658330,,,,,,632754,,,,633000,,658330,,,,1,OECD_MEI,,
IND,India,1989,782310,,,,,,746893,,,,747000,,782310,,,,1,OECD_MEI,,
IND,India,1990,893560,,,,,,853556,,,,854000,,893560,,,,1,OECD_MEI,,
IND,India,1991,1091670,,,,,,1046100,,,,,,1091670,,,,1,OECD_MEI,,
IND,India,1992,1164730,,,,,,1120900,,,,1121000,,1164730,,,,1,OECD_MEI,,
IND,India,1993,1376130,,,,,,1330250,,,,1330000,,1376130,,,,1,OECD_MEI,,
IND,India,1994,1740840,,,,,,1695050,,,,1695000,,1740840,,,,1,OECD_MEI,,
IND,India,1995,1975010,,,,,,1883550,,,,1884000,,1975010,,,,1,OECD_MEI,,
IND,India,1996,2216930,,,,,,2148910,,,,2149000,,2216930,,,,1,OECD_MEI,,
IND,India,1997,2507140,,,,,,2419250,,,,2419000,,2507140,,,,1,OECD_MEI,,
IND,India,1998,2809600,,,,,,,,,,2704000,,2809600,,,,1,OECD_MEI,,
IND,India,1999,3315730,,,,,,,,,,3161000,,3315730,,,,1,OECD_MEI,,
IND,India,2000,3678100,3794328.4,,,,,,,,,3496000,,3678100,,,,1,OECD_MEI,,
IND,India,2001,4046231,4228242.1,,,,,,,,,3846000,,4046231,,,,1,OECD_MEI,,
IND,India,2002,4537227,4735575.9,,,,,,,,,4325000,,4537227,,,,1,OECD_MEI,,
IND,India,2003,5268689,5786938.7,,,,,,,,,5026000,,5268689,,,,1,OECD_MEI,,
IND,India,2004,6100060,6497656.2,,,,,,,,,6068000,,6100060,,,,1,OECD_MEI,,
IND,India,2005,7373219,8263894.5,,,,,,,,,7213000,,7373219,,,,1,OECD_MEI,,
IND,India,2006,8669895,9679254.9,,,,,,,,,8597170,,8669895,,,,1,OECD_MEI,,
IND,India,2007,1.02e+07,11558097,,,,,,,,,9889890,,10239560,,,,1,OECD_MEI,,
IND,India,2008,1.13e+07,12596705,,,,,,,,,11030200,,11286750,,,,1,OECD_MEI,,
IND,India,2009,1.33e+07,14892682,,,,,,,,,12991200,,13309560,,,,1,OECD_MEI,,
IND,India,2010,1.59e+07,16383454,,,,,,,,,15241200,,15917730,,,,1,OECD_MEI,,
IND,India,2011,1.70e+07,17373940,,,,,,,,,,,16978150,,,,1,OECD_MEI,,
IND,India,2012,1.81e+07,18975261,,,,,,,,,,,18128740,,,,1,OECD_MEI,,
IND,India,2013,1.99e+07,20597620,,,,,,,,,,,19896860,,,,1,OECD_MEI,,
IND,India,2014,2.19e+07,22924038,,,,,,,,,,,21885760,,,,1,OECD_MEI,,
IND,India,2015,2.46e+07,26025383,,,,,,,,,,,24581540,,,,1,OECD_MEI,,
IND,India,2016,1.99e+07,26819568,,,,,,,,,,,19945730,,,,1,OECD_MEI,,
IND,India,2017,2.89e+07,32673313,,,,,,,,,,,28863250,,,,1,OECD_MEI,,
IND,India,2018,3.28e+07,37104636,,,,,,,,,,,32786680,,,,1,OECD_MEI,,
IND,India,2019,3.69e+07,41259479,,,,,,,,,,,36885360,,,,1,OECD_MEI,,
IND,India,2020,4.41e+07,47942994,,,,,,,,,,,44099290,,,,1,OECD_MEI,,
IND,India,2021,5.14e+07,53071246,,,,,,,,,,,51382130,,,,1,OECD_MEI,,
IND,India,2022,5.53e+07,56747946,,,,,,,,,,,55271040,,,,1,OECD_MEI,,
IND,India,2023,5.92e+07,60914663,,,,,,,,,,,59172200,,,,1,OECD_MEI,,
IND,India,2024,6.27e+07,,,,,,,,,,,,62720550,,,,1,OECD_MEI,,
IRL,Ireland,1922,103.6539,,,,,,,,,103.6539,,,,,,,1,JST,,
IRL,Ireland,1923,95.79762,,,,,,,,,95.79762,,,,,,,1,JST,,
IRL,Ireland,1924,92.00307,,,,,,,,,92.00307,,,,,,,1,JST,,
IRL,Ireland,1925,86.92422,,,,,,,,,86.92422,,,,,,,1,JST,,
IRL,Ireland,1926,83.47994,,,,,,,,,83.47994,,,,,,,1,JST,,
IRL,Ireland,1927,83.30481,,,,,,,,,83.30481,,,,,,,1,JST,,
IRL,Ireland,1928,74.7233,,,,,,,,,74.7233,,,,,,,1,JST,,
IRL,Ireland,1929,81.78699,,,,,,,,,81.78699,,,,,,,1,JST,,
IRL,Ireland,1930,81.72861,,,,,,,,,81.72861,,,,,,,1,JST,,
IRL,Ireland,1931,80.91133,,,,,,,,,80.91133,,,,,,,1,JST,,
IRL,Ireland,1932,85.93181,,,,,,,,,85.93181,,,,,,,1,JST,,
IRL,Ireland,1933,82.19563,,,,,,,,,82.19563,,,,,,,1,JST,,
IRL,Ireland,1934,89.06501,,,,,,,,,89.06501,,,,,,,1,JST,,
IRL,Ireland,1935,88.11751,,,,,,,,,88.11751,,,,,,,1,JST,,
IRL,Ireland,1936,91.43376,,,,,,,,,91.43376,,,,,,,1,JST,,
IRL,Ireland,1937,94.51314,,,,,,,,,94.51314,,,,,,,1,JST,,
IRL,Ireland,1938,97.11877,,,,,,,,,97.11877,,,,,,,1,JST,,
IRL,Ireland,1939,98.54002,,,,,,,,,98.54002,,,,,,,1,JST,,
IRL,Ireland,1940,112.2788,,,,,,,,,112.2788,,,,,,,1,JST,,
IRL,Ireland,1941,124.5963,,,,,,,,,124.5963,,,,,,,1,JST,,
IRL,Ireland,1942,150.8894,,,,,,,,,150.8894,,,,,,,1,JST,,
IRL,Ireland,1943,172.6819,,,,,,,,,172.6819,,,,,,,1,JST,,
IRL,Ireland,1944,197.7906,,,,,,,,,197.7906,,,,,,,1,JST,,
IRL,Ireland,1945,218.1619,,,,,,,,,218.1619,,,,,,,1,JST,,
IRL,Ireland,1946,241.1388,,,,,,,,,241.1388,,,,,,,1,JST,,
IRL,Ireland,1947,262.4575,,,,,,,,,262.4575,,,,,,,1,JST,,
IRL,Ireland,1948,269.5638,,,,,,,,,269.5638,,,,,,,1,JST,,
IRL,Ireland,1949,293.725,,,,,,,,,293.725,,,,,,,1,JST,,
IRL,Ireland,1950,306.0425,,,,,,,,,306.0425,155.54291,,,,,,1,JST,,
IRL,Ireland,1951,328.7772,,,,,,,,,328.7772,167.09753,,,,,,1,JST,,
IRL,Ireland,1952,343.2673,,,,,,,,,343.2673,174.46201,,,,,,1,JST,,
IRL,Ireland,1953,362.7541,,,,,,,,,362.7541,184.36597,,,,,,1,JST,,
IRL,Ireland,1954,380.4921,,,,,,,,,380.4921,193.38111,,,,,,1,JST,,
IRL,Ireland,1955,386.488,,,,,,,,,386.488,196.42848,,,,,,1,JST,,
IRL,Ireland,1956,386.488,,,,,,,,,386.488,196.42848,,,,,,1,JST,,
IRL,Ireland,1957,413.4697,,,,,,,,,413.4697,210.14165,,,,,,1,JST,,
IRL,Ireland,1958,411.4711,,,,,,,,,411.4711,209.12586,,,,,,1,JST,,
IRL,Ireland,1959,426.4609,,,,,,,,,426.4609,216.74429,,,,,,1,JST,,
IRL,Ireland,1960,507.1562,,,,,,,,,507.1562,257.75683,,,,,,1,JST,,
IRL,Ireland,1961,547.1292,,,,,,,,,547.1292,278.07264,,,,,,1,JST,,
IRL,Ireland,1962,602.0919,,,,,,,,,602.0919,306.00688,,,,,,1,JST,,
IRL,Ireland,1963,694.5292,,,,,,,,,694.5292,352.98719,,,,,,1,JST,,
IRL,Ireland,1964,717.014,,,,,,,,,717.014,364.41483,,,,,,1,JST,,
IRL,Ireland,1965,744.4953,,,,,,,,,744.4953,378.38195,,,,,,1,JST,,
IRL,Ireland,1966,786.9665,,,,,,,,,786.9665,399.96749,,,,,,1,JST,,
IRL,Ireland,1967,851.9225,,,,,,,,,851.9225,432.98068,,,,,,1,JST,,
IRL,Ireland,1968,909.3835,,,,,,,,,909.3835,462.18466,,,,,,1,JST,,
IRL,Ireland,1969,971.8412,,,,,,,,,971.8412,493.92811,,,,,,1,JST,,
IRL,Ireland,1970,1036.797,,,,,,,,,1036.797,526.9413,,,,,,1,JST,,
IRL,Ireland,1971,1099.255,,,,,,,,,1099.255,558.68475,,,,,,1,JST,,
IRL,Ireland,1972,1294.123,,,,,,,,,1294.123,657.72432,,,,,,1,JST,,
IRL,Ireland,1973,1429.031,,,,,,,,,1429.031,726.29018,,,,,,1,JST,,
IRL,Ireland,1974,1558.943,,,,,,,,,1558.943,792.31656,,,,,,1,JST,,
IRL,Ireland,1975,1868.733,,,,,,,,,1868.733,949.76408,,,,,,1,JST,,
IRL,Ireland,1976,2186.018,,,,,,,,,2186.018,1111.0208,,,,,,1,JST,,
IRL,Ireland,1977,2678.185,,,,,,,,,2678.185,1361.1592,,,,,,1,JST,,
IRL,Ireland,1978,3415.185,,,,,,,,,3415.185,1735.732,,,,,,1,JST,,
IRL,Ireland,1979,3694.995,,,,,,,,,3694.995,1877.9426,,,,,,1,JST,,
IRL,Ireland,1980,4129.865,,,,,,,,,4129.865,2140.7784,,,,,,1,JST,,
IRL,Ireland,1981,4421.083,,,,,,,,,4421.083,2213.1535,,,,,,1,JST,,
IRL,Ireland,1982,4764.283,,,,,,,,,4764.283,2333.7786,,,,,,1,JST,,
IRL,Ireland,1983,5173.72,,,,,,,,,5173.72,2600.4236,,,,,,1,JST,,
IRL,Ireland,1984,5645.76,,,,,,,,,5645.76,2850.562,,,,,,1,JST,,
IRL,Ireland,1985,5731.281,,,,,,,,,5731.281,2905.1607,,,,,,1,JST,,
IRL,Ireland,1986,6024.455,,,,,,,,,6024.455,3024.5161,,,,,,1,JST,,
IRL,Ireland,1987,6662.506,,,,,,,,,6662.506,3352.1085,,,,,,1,JST,,
IRL,Ireland,1988,7286.304,,,,,,,,,7286.304,3588.2798,,,,,,1,JST,,
IRL,Ireland,1989,8206.908,,,,,,,,,8206.908,3951.4249,,,,,,1,JST,,
IRL,Ireland,1990,8869.554,,,,,,,,,8869.554,4248.5436,,,,,,1,JST,,
IRL,Ireland,1991,8928.244,,,,,,,,,8928.244,4304.4121,,,,,,1,JST,,
IRL,Ireland,1992,8998.673,,,,,,,,,8998.673,4130.458,,,,,,1,JST,,
IRL,Ireland,1993,10994.16,,,,,,,,,10994.16,5073.8734,,,,,,1,JST,,
IRL,Ireland,1994,12449.96,,,,,,,,,12449.96,6914.9936,,,,,,1,JST,,
IRL,Ireland,1995,14169.6,,,,,,,,,14169.6,11300.669,,,,,,1,JST,,
IRL,Ireland,1996,16486.48,,,,,,,,,16486.48,12492.953,,,,,,1,JST,,
IRL,Ireland,1997,20843.56,,,,,,,,,20843.56,9926.8123,,,,,,1,JST,,
IRL,Ireland,1998,26254.28,,,,,,,,,26254.28,12496.762,,,,,,1,JST,,
IRL,Ireland,1999,34531.34,,,,,,,,,34531.34,18177,,,,,,1,JST,,
IRL,Ireland,2000,38748.52,,,,,,,,,38748.52,20400,,,,,,1,JST,,
IRL,Ireland,2001,45554.81,,,,,,,,,45554.81,,,,,,,1,JST,,
IRL,Ireland,2002,47706.92,,,,,,,,,47706.92,,,,,,,1,JST,,
IRL,Ireland,2003,53264,,,,,,,,,53264,,,,,,,1,JST,,
IRL,Ireland,2004,60677,,,,,,,,,60677,,,,,,,1,JST,,
IRL,Ireland,2005,71547,,,,,,,,,71547,,,,,,,1,JST,,
IRL,Ireland,2006,85874,,,,,,,,,85874,,,,,,,1,JST,,
IRL,Ireland,2007,91978,,,,,,,,,91978,,,,,,,1,JST,,
IRL,Ireland,2008,79833,,,,,,,,,79833,,,,,,,1,JST,,
IRL,Ireland,2009,90018,,,,,,,,,90018,,,,,,,1,JST,,
IRL,Ireland,2010,98996,,,,,,,,,98996,,,,,,,1,JST,,
IRL,Ireland,2011,93021,,,,,,,,,93021,,,,,,,1,JST,,
IRL,Ireland,2012,95978,,,,,,,,,95978,,,,,,,1,JST,,
IRL,Ireland,2013,115789,,,,,,,,,115789,,,,,,,1,JST,,
IRL,Ireland,2014,118164,,,,,,,,,118164,,,,,,,1,JST,,
IRL,Ireland,2015,134774,,,,,,,,,134774,,,,,,,1,JST,,
IRL,Ireland,2016,148197,,,,,,,,,148197,,,,,,,1,JST,,
IRL,Ireland,2017,159998,,,,,,,,,159998,,,,,,,1,JST,,
IRL,Ireland,2018,172643,,,,,,,,,172643,,,,,,,1,JST,,
IRL,Ireland,2019,203898,,,,,,,,,203898,,,,,,,1,JST,,
IRL,Ireland,2020,254895,,,,,,,,,254895,,,,,,,1,JST,,
IRN,Iran,1948,12400,,,,,,,,,,12400,,,,,,1,Mitchell,,
IRN,Iran,1949,12300,,,,,,,,,,12300,,,,,,1,Mitchell,,
IRN,Iran,1950,13800,,,,,,,,,,13800,,,,,,1,Mitchell,,
IRN,Iran,1951,13300,,,,,,,,,,13300,,,,,,1,Mitchell,,
IRN,Iran,1952,14200,,,,,,,,,,14200,,,,,,1,Mitchell,,
IRN,Iran,1953,18200,,,,,,,,,,18200,,,,,,1,Mitchell,,
IRN,Iran,1954,18500,,,,,,,,,,18500,,,,,,1,Mitchell,,
IRN,Iran,1955,20200,,,,,,,,,,20200,,,,,,1,Mitchell,,
IRN,Iran,1956,23600,,,,,,,,,,23600,,,,,,1,Mitchell,,
IRN,Iran,1957,27700,,,,,,,,,,27700,,,,,,1,Mitchell,,
IRN,Iran,1958,36300,,,,,,,,,,36300,,,,,,1,Mitchell,,
IRN,Iran,1959,40000,,,,,,,,,,40000,,,,,,1,Mitchell,,
IRN,Iran,1960,45100,,,,,,,,,,45100,,,,,,1,Mitchell,,
IRN,Iran,1961,38700,,,,,,,,,,38700,,,,,,1,Mitchell,,
IRN,Iran,1962,50100,,,,,,,,,,50100,,,,,,1,Mitchell,,
IRN,Iran,1963,57500,,,,,,,,,,57500,,,,,,1,Mitchell,,
IRN,Iran,1964,64600,,,,,,,,,,64600,,,,,,1,Mitchell,,
IRN,Iran,1965,74100,,,,,,,,,,74100,,,,,,1,Mitchell,,
IRN,Iran,1966,82400,,,,,,,,,,82400,,,,,,1,Mitchell,,
IRN,Iran,1967,96900,,,,,,,,,,96900,,,,,,1,Mitchell,,
IRN,Iran,1968,105000,,,,,,,,,,105000,,,,,,1,Mitchell,,
IRN,Iran,1969,112000,,,,,,,,,,112000,,,,,,1,Mitchell,,
IRN,Iran,1970,128000,,,,,,,,,,128000,,,,,,1,Mitchell,,
IRN,Iran,1971,155000,,,,,,,,,,155000,,,,,,1,Mitchell,,
IRN,Iran,1972,214000,,,,,,,,,,214000,,,,,,1,Mitchell,,
IRN,Iran,1973,278000,,,,,,,,,,278000,,,,,,1,Mitchell,,
IRN,Iran,1974,381000,,,,,,,,,,381000,,,,,,1,Mitchell,,
IRN,Iran,1975,458000,,,,,,,,,,458000,,,,,,1,Mitchell,,
IRN,Iran,1976,668000,,,,,,,,,,668000,,,,,,1,Mitchell,,
IRN,Iran,1977,822000,,,,,,,,,,822000,,,,,,1,Mitchell,,
IRN,Iran,1978,,,,,,,,,,,,,,,,,1,Mitchell,,
IRN,Iran,1979,1689000,,,,,,,,,,1689000,,,,,,1,Mitchell,,
IRN,Iran,1980,2258000,,,,,,,,,,2258000,,,,,,1,Mitchell,,
IRN,Iran,1981,2637000,,,,,,,,,,2637000,,,,,,1,Mitchell,,
IRN,Iran,1982,3293000,,,,,,,,,,3293000,,,,,,1,Mitchell,,
IRN,Iran,1983,3922000,,,,,,,,,,3922000,,,,,,1,Mitchell,,
IRN,Iran,1984,,,,,,,,,,,,,,,,,1,Mitchell,,
IRN,Iran,1985,,,,,,,,,,,,,,,,,1,Mitchell,,
IRN,Iran,1986,5509000,,,,,,,,,,5509000,,,,,,1,Mitchell,,
IRN,Iran,1987,6462000,,,,,,,,,,6462000,,,,,,1,Mitchell,,
IRN,Iran,1988,7118000,,,,,,,,,,7118000,,,,,,1,Mitchell,,
IRN,Iran,1989,8238000,,,,,,,,,,8238000,,,,,,1,Mitchell,,
IRN,Iran,1990,9729000,,,,,,,,,,9729000,,,,,,1,Mitchell,,
IRN,Iran,1991,1.23e+07,,,,,,,,,,12266000,,,,,,1,Mitchell,,
IRN,Iran,1992,1.41e+07,,,,,,,,,,14081000,,,,,,1,Mitchell,,
IRN,Iran,1993,1.83e+07,,,,,,,,,,18305000,,,,,,1,Mitchell,,
IRN,Iran,1994,2.59e+07,,,,,,,,,,25923000,,,,,,1,Mitchell,,
IRN,Iran,1995,3.43e+07,,,,,,,,,,34342000,,,,,,1,Mitchell,,
IRN,Iran,1996,4.59e+07,,,,,,,,,,45865000,,,,,,1,Mitchell,,
IRN,Iran,1997,5.50e+07,,,,,,,,,,54977000,,,,,,1,Mitchell,,
IRN,Iran,1998,6.74e+07,,,,,,,,,,67444000,,,,,,1,Mitchell,,
IRN,Iran,1999,8.20e+07,,,,,,,,,,81952000,,,,,,1,Mitchell,,
IRN,Iran,2000,1.02e+08,,,,,,,,,,1.022e+08,,,,,,1,Mitchell,,
IRN,Iran,2001,1.26e+08,,,,,,,,,,1.257e+08,,,,,,1,Mitchell,,
IRN,Iran,2002,1.55e+08,,,,,,,,,,1.553e+08,,,,,,1,Mitchell,,
IRN,Iran,2003,1.85e+08,,,,,,,,,,1.846e+08,,,,,,1,Mitchell,,
IRN,Iran,2004,2.12e+08,,,,,,,,,,2.122e+08,,,,,,1,Mitchell,,
IRN,Iran,2005,2.61e+08,,,,,,,,,,2.607e+08,,,,,,1,Mitchell,,
IRN,Iran,2006,3.28e+08,,,,,,,,,,3.281e+08,,,,,,1,Mitchell,,
IRN,Iran,2007,4.28e+08,,,,,,,,,,4.282e+08,,,,,,1,Mitchell,,
IRN,Iran,2008,4.40e+08,,,,,,,,,,4.400e+08,,,,,,1,Mitchell,,
IRN,Iran,2009,4.81e+08,,,,,,,,,,4.808e+08,,,,,,1,Mitchell,,
IRQ,Iraq,1950,47.3,,,,,,,,,,47.3,,,,,,1,Mitchell,,
IRQ,Iraq,1951,45.9,,,,,,,,,,45.9,,,,,,1,Mitchell,,
IRQ,Iraq,1952,43.4,,,,,,,,,,43.4,,,,,,1,Mitchell,,
IRQ,Iraq,1953,50.9,,,,,,,,,,50.9,,,,,,1,Mitchell,,
IRQ,Iraq,1954,59.8,,,,,,,,,,59.8,,,,,,1,Mitchell,,
IRQ,Iraq,1955,64.5,,,,,,,,,,64.5,,,,,,1,Mitchell,,
IRQ,Iraq,1956,73,,,,,,,,,,73,,,,,,1,Mitchell,,
IRQ,Iraq,1957,79.4,,,,,,,,,,79.4,,,,,,1,Mitchell,,
IRQ,Iraq,1958,95.7,,,,,,,,,,95.7,,,,,,1,Mitchell,,
IRQ,Iraq,1959,107,,,,,,,,,,107,,,,,,1,Mitchell,,
IRQ,Iraq,1960,103,,,,,,,,,,103,,,,,,1,Mitchell,,
IRQ,Iraq,1961,104,,,,,,,,,,104,,,,,,1,Mitchell,,
IRQ,Iraq,1962,113,,,,,,,,,,113,,,,,,1,Mitchell,,
IRQ,Iraq,1963,127,,,,,,,,,,127,,,,,,1,Mitchell,,
IRQ,Iraq,1964,128,,,,,,,,,,128,,,,,,1,Mitchell,,
IRQ,Iraq,1965,145,,,,,,,,,,145,,,,,,1,Mitchell,,
IRQ,Iraq,1966,156,,,,,,,,,,156,,,,,,1,Mitchell,,
IRQ,Iraq,1967,166,,,,,,,,,,166,,,,,,1,Mitchell,,
IRQ,Iraq,1968,179,,,,,,,,,,179,,,,,,1,Mitchell,,
IRQ,Iraq,1969,205,,,,,,,,,,205,,,,,,1,Mitchell,,
IRQ,Iraq,1970,218,,,,,,,,,,218,,,,,,1,Mitchell,,
IRQ,Iraq,1971,227,,,,,,,,,,227,,,,,,1,Mitchell,,
IRQ,Iraq,1972,260,,,,,,,,,,260,,,,,,1,Mitchell,,
IRQ,Iraq,1973,323,,,,,,,,,,323,,,,,,1,Mitchell,,
IRQ,Iraq,1974,462,,,,,,,,,,462,,,,,,1,Mitchell,,
IRQ,Iraq,1975,625,,,,,,,,,,625,,,,,,1,Mitchell,,
IRQ,Iraq,1976,755,,,,,,,,,,755,,,,,,1,Mitchell,,
IRQ,Iraq,1977,,,,,,,,,,,,,,,,,1,Mitchell,,
IRQ,Iraq,1978,,,,,,,,,,,,,,,,,1,Mitchell,,
IRQ,Iraq,1979,,,,,,,,,,,,,,,,,1,Mitchell,,
IRQ,Iraq,1980,,,,,,,,,,,,,,,,,1,Mitchell,,
IRQ,Iraq,1981,,,,,,,,,,,,,,,,,1,Mitchell,,
IRQ,Iraq,1982,,,,,,,,,,,,,,,,,1,Mitchell,,
IRQ,Iraq,1983,,,,,,,,,,,,,,,,,1,Mitchell,,
IRQ,Iraq,1984,,,,,,,,,,,,,,,,,1,Mitchell,,
IRQ,Iraq,1985,,,,,,,,,,,,,,,,,1,Mitchell,,
IRQ,Iraq,1986,,,,,,,,,,,,,,,,,1,Mitchell,,
IRQ,Iraq,1987,,,,,,,,,,,,,,,,,1,Mitchell,,
IRQ,Iraq,1988,,,,,,,,,,,,,,,,,1,Mitchell,,
IRQ,Iraq,1989,,,,,,,,,,,,,,,,,1,Mitchell,,
IRQ,Iraq,1990,,,,,,,,,,,,,,,,,1,Mitchell,,
IRQ,Iraq,1991,,,,,,,,,,,,,,,,,1,Mitchell,,
IRQ,Iraq,1992,,,,,,,,,,,,,,,,,1,Mitchell,,
IRQ,Iraq,1993,,,,,,,,,,,,,,,,,1,Mitchell,,
IRQ,Iraq,1994,,,,,,,,,,,,,,,,,1,Mitchell,,
IRQ,Iraq,1995,,,,,,,,,,,,,,,,,1,Mitchell,,
IRQ,Iraq,1996,,,,,,,,,,,,,,,,,1,Mitchell,,
IRQ,Iraq,1997,,,,,,,,,,,,,,,,,1,Mitchell,,
IRQ,Iraq,1998,,,,,,,,,,,,,,,,,1,Mitchell,,
IRQ,Iraq,1999,,,,,,,,,,,,,,,,,1,Mitchell,,
IRQ,Iraq,2000,,,,,,,,,,,,,,,,,1,Mitchell,,
IRQ,Iraq,2001,,,,,,,,,,,,,,,,,1,Mitchell,,
IRQ,Iraq,2002,,,,,,,,,,,,,,,,,1,Mitchell,,
IRQ,Iraq,2003,,,,,,,,,,,,,,,,,1,Mitchell,,
IRQ,Iraq,2004,10149,,,,,,,,,,10149,,,,,,1,Mitchell,,
IRQ,Iraq,2005,11399,,,,,,,,,,11399,,,,,,1,Mitchell,,
IRQ,Iraq,2006,15460,,,,,,,,,,15460,,,,,,1,Mitchell,,
IRQ,Iraq,2007,21721,,,,,,,,,,21721,,,,,,1,Mitchell,,
IRQ,Iraq,2008,28190,,,,,,,,,,28190,,,,,,1,Mitchell,,
IRQ,Iraq,2009,37300,,,,,,,,,,37300,,,,,,1,Mitchell,,
IRQ,Iraq,2010,51620,,,,,,,,,,51620,,,,,,1,Mitchell,,
ISL,Iceland,1886,.003089,,,,,,,,,,,,,.0033,,,.9360731,CS2,,
ISL,Iceland,1887,.0031826,,,,,,,,,,,,,.0034,,,.9360731,CS2,,
ISL,Iceland,1888,.0031826,,,,,,,,,,,,,.0034,,,.9360731,CS2,,
ISL,Iceland,1889,.0025274,,,,,,,,,,,,,.0027,,,.9360731,CS2,,
ISL,Iceland,1890,.0029954,,,,,,,,,,,,,.0032,,,.9360731,CS2,,
ISL,Iceland,1891,.0036507,,,,,,,,,,,,,.0039,,,.9360731,CS2,,
ISL,Iceland,1892,.0043995,,,,,,,,,,,,,.0047,,,.9360731,CS2,,
ISL,Iceland,1893,.0049612,,,,,,,,,,,,,.0053,,,.9360731,CS2,,
ISL,Iceland,1894,.0053356,,,,,,,,,,,,,.0057,,,.9360731,CS2,,
ISL,Iceland,1895,.0056164,,,,,,,,,,,,,.006,,,.9360731,CS2,,
ISL,Iceland,1896,.0054292,,,,,,,,,,,,,.0058,,,.9360731,CS2,,
ISL,Iceland,1897,.0051484,,,,,,,,,,,,,.0055,,,.9360731,CS2,,
ISL,Iceland,1898,.0058973,,,,,,,,,,,,,.0063,,,.9360731,CS2,,
ISL,Iceland,1899,.0058973,,,,,,,,,,,,,.0063,,,.9360731,CS2,,
ISL,Iceland,1900,.0074886,,,,,,,,,,,,,.008,,,.9360731,CS2,,
ISL,Iceland,1901,.0085183,,,,,,,,,,,,,.0091,,,.9360731,CS2,,
ISL,Iceland,1902,.0092671,,,,,,,,,,,,,.0099,,,.9360731,CS2,,
ISL,Iceland,1903,.0087991,,,,,,,,,,,,,.0094,,,.9360731,CS2,,
ISL,Iceland,1904,.0149772,,,,,,,,,,,,,.016,,,.9360731,CS2,,
ISL,Iceland,1905,.0199384,,,,,,,,,,,,,.0213,,,.9360731,CS2,,
ISL,Iceland,1906,.0230274,,,,,,,,,,,,,.0246,,,.9360731,CS2,,
ISL,Iceland,1907,.0219977,,,,,,,,,,,,,.0235,,,.9360731,CS2,,
ISL,Iceland,1908,.0219041,,,,,,,,,,,,,.0234,,,.9360731,CS2,,
ISL,Iceland,1909,.0317329,,,,,,,,,,,,,.0339,,,.9360731,CS2,,
ISL,Iceland,1910,.0269589,,,,,,,,,,,,,.0288,,,.9360731,CS2,,
ISL,Iceland,1911,.0274269,,,,,,,,,,,,,.0293,,,.9360731,CS2,,
ISL,Iceland,1912,.0284566,,,,,,,,,,,,,.0304,,,.9360731,CS2,,
ISL,Iceland,1913,.0398767,,,,,,,,,,,,,.0426,,,.9360731,CS2,,
ISL,Iceland,1914,.0430594,,,,,,,,,,,,,.046,,,.9360731,CS2,,
ISL,Iceland,1915,.0582237,,,,,,,,,,,,,.0622,,,.9360731,CS2,,
ISL,Iceland,1916,.0908927,,,,,,,,,,,,,.0971,,,.9360731,CS2,,
ISL,Iceland,1917,.1598813,,,,,,,,,,,,,.1708,,,.9360731,CS2,,
ISL,Iceland,1918,.1845936,,,,,,,,,,,,,.1972,,,.9360731,CS2,,
ISL,Iceland,1919,.2661256,,,,,,,,,,,,,.2843,,,.9360731,CS2,,
ISL,Iceland,1920,.2284018,,,,,,,,,,,,,.244,,,.9360731,CS2,,
ISL,Iceland,1921,.2542374,,,,,,,,,,,,,.2716,,,.9360731,CS2,,
ISL,Iceland,1922,.2273721,,,,,,,,,,,,,.2429,,,.9360731,CS2,,
ISL,Iceland,1923,.2086507,,,,,,,,,,,,,.2229,,,.9360731,CS2,,
ISL,Iceland,1924,.2354224,,,,,,,,,,,,,.2515,,,.9360731,CS2,,
ISL,Iceland,1925,.2277466,,,,,,,,,,,,,.2433,,,.9360731,CS2,,
ISL,Iceland,1926,.1990091,,,,,,,,,,,,,.2126,,,.9360731,CS2,,
ISL,Iceland,1927,.2015365,,,,,,,,,,,,,.2153,,,.9360731,CS2,,
ISL,Iceland,1928,.2471233,,,,,,,,,,,,,.264,,,.9360731,CS2,,
ISL,Iceland,1929,.2346735,,,,,,,,,,,,,.2507,,,.9360731,CS2,,
ISL,Iceland,1930,.1845936,,,,,,,,,,,,,.1972,,,.9360731,CS2,,
ISL,Iceland,1931,.1544521,,,,,,,,,,,,,.165,,,.9360731,CS2,,
ISL,Iceland,1932,.1713014,,,,,,,,,,,,,.183,,,.9360731,CS2,,
ISL,Iceland,1933,.1881507,,,,,,,,,,,,,.201,,,.9360731,CS2,,
ISL,Iceland,1934,.1844064,,,,,,,,,,,,,.197,,,.9360731,CS2,,
ISL,Iceland,1935,.1984475,,,,,,,,,,,,,.212,,,.9360731,CS2,,
ISL,Iceland,1936,.2255936,,,,,,,,,,,,,.241,,,.9360731,CS2,,
ISL,Iceland,1937,.2162329,,,,,,,,,,,,,.231,,,.9360731,CS2,,
ISL,Iceland,1938,.2714612,,,,,,,,,,,,,.29,,,.9360731,CS2,,
ISL,Iceland,1939,.3182648,,,,,,,,,,,,,.34,,,.9360731,CS2,,
ISL,Iceland,1940,.6571233,,,,,,,,,,,,,.702,,,.9360731,CS2,,
ISL,Iceland,1941,1.433128,,,,,,,,,,,,,1.531,,,.9360731,CS2,,
ISL,Iceland,1942,2.64347,,,,,,,,,,,,,2.824,,,.9360731,CS2,,
ISL,Iceland,1943,3.020708,,,,,,,,,,,,,3.227,,,.9360731,CS2,,
ISL,Iceland,1944,3.787352,,,,,,,,,,,,,4.046,,,.9360731,CS2,,
ISL,Iceland,1945,3.621667,,,,,,,,,,,,,3.869,,,.9360731,CS2,,
ISL,Iceland,1946,2.986073,,,,,,,,,,,,,3.19,,,.9360731,CS2,,
ISL,Iceland,1947,2.635982,,,,,,,,,,,,,2.816,,,.9360731,CS2,,
ISL,Iceland,1948,3.18452,,,,,,,,,,,,,3.402,,,.9360731,CS2,,
ISL,Iceland,1949,2.928972,,,,,,,,,,,,,3.129,,,.9360731,CS2,,
ISL,Iceland,1950,3.285616,,,,,,,,,,,,,3.51,,,.9360731,CS2,,
ISL,Iceland,1951,4.301256,,,,,,,,,,,,,4.595,,,.9360731,CS2,,
ISL,Iceland,1952,4.015753,,,,,,,,,,,,,4.29,,,.9360731,CS2,,
ISL,Iceland,1953,4.700959,,,,,,,,,,,,,5.022,,,.9360731,CS2,,
ISL,Iceland,1954,5.170868,,,,,,,,,,,,,5.524,,,.9360731,CS2,,
ISL,Iceland,1955,6.513196,,,,,,,,,,,,,6.958,,,.9360731,CS2,,
ISL,Iceland,1956,6.765936,,,,,,,,,,,,,7.228,,,.9360731,CS2,1,1
ISL,Iceland,1957,8.2,,,,,,,,,,,,8.2,8.76,,,1,OECD_MEI,,
ISL,Iceland,1958,10,,,,,,,,,,,,10,10.16,,,1,OECD_MEI,,
ISL,Iceland,1959,11.1,,,,,,,,,,,,11.1,10.99,,,1,OECD_MEI,,
ISL,Iceland,1960,10.9,,,,,,,,,,,,10.9,10.93,,,1,OECD_MEI,,
ISL,Iceland,1961,14.1,,,,,,,,,,,,14.1,14.14,,,1,OECD_MEI,,
ISL,Iceland,1962,17,,,,,,,,,,,,17,16.99,,,1,OECD_MEI,,
ISL,Iceland,1963,16.9,,,,,,,,,,,,16.9,16.91,,,1,OECD_MEI,,
ISL,Iceland,1964,21.5,,,,,,,,,,,,21.5,21.49,,,1,OECD_MEI,,
ISL,Iceland,1965,26.7,,,,,,,,,,,,26.7,26.74,,,1,OECD_MEI,,
ISL,Iceland,1966,28.1,,,,,,,,,,,,28.1,28.06,,,1,OECD_MEI,,
ISL,Iceland,1967,26.2,,,,,,,,,,,,26.2,26.24,,,1,OECD_MEI,,
ISL,Iceland,1968,29,,,,,,,,,,,,29,29.04,,,1,OECD_MEI,,
ISL,Iceland,1969,38.1,,,,,,,,,,,,38.1,38.08,,,1,OECD_MEI,,
ISL,Iceland,1970,46.7,,,,,,,,,,,,46.7,46.68,,,1,OECD_MEI,,
ISL,Iceland,1971,56.9,,,,,,56.644,,,,,,56.9,56.85,,,1,OECD_MEI,,
ISL,Iceland,1972,69.8,,,,,,69.016,,,,,,69.8,69.78,,,1,OECD_MEI,,
ISL,Iceland,1973,96.8,,,,,,95.84,,,,,,96.8,96.8,,,1,OECD_MEI,,
ISL,Iceland,1974,124.5,,,,,,124.68,,,,,,124.5,124.5,,,1,OECD_MEI,,
ISL,Iceland,1975,171,,,,,,166.6,,,,,,171,170.51,,,1,OECD_MEI,,
ISL,Iceland,1976,208,,,,,,207.67,,,,,,208,207.46,,,1,OECD_MEI,,
ISL,Iceland,1977,306,,,,,,305.14,,,,,,306,306,,,1,OECD_MEI,,
ISL,Iceland,1978,429,,,,,,429.73,,,,,,429,428.7,,,1,OECD_MEI,,
ISL,Iceland,1979,625,,,,,,629.38,,,,,,625,625.21,,,1,OECD_MEI,,
ISL,Iceland,1980,1012,,,,,,1009.71,,,,,,1012,1012,,,1,OECD_MEI,,
ISL,Iceland,1981,1620,,,,,,1627.65,,,,,,1620,1620,,,1,OECD_MEI,,
ISL,Iceland,1982,2092,,,,,,2075.62,,,,,,2092,2092,,,1,OECD_MEI,,
ISL,Iceland,1983,3722,,,,,,3698.04,,,,,,3722,3722,,,1,OECD_MEI,,
ISL,Iceland,1984,5305,,,,,,4681.17,,,,,,5305,5305,,,1,OECD_MEI,,
ISL,Iceland,1985,6755,,,,,,5958.25,,,,,,6755,6755,,,1,OECD_MEI,,
ISL,Iceland,1986,9682,,,,,,8597.47,,,,,,9682,9682,,,1,OECD_MEI,,
ISL,Iceland,1987,12749,,,,,,11208.8,,,,,,12749,12749,,,1,OECD_MEI,,
ISL,Iceland,1988,14854,,,,,,13006.8,,,,,,14854,14854,,,1,OECD_MEI,,
ISL,Iceland,1989,19725,,,,,,19799.8,,,,,,19725,19725,,,1,OECD_MEI,,
ISL,Iceland,1990,24644,,,,,,24643.9,,,,,,24644,24644,,,1,OECD_MEI,,
ISL,Iceland,1991,29553,,,,,,29555.5,,,,,,29553,,,,1,OECD_MEI,,
ISL,Iceland,1992,29942,,,,,,29943.8,,,,,,29942,,,,1,OECD_MEI,,
ISL,Iceland,1993,31572,,,,,,31568.9,,,,,,31572,,,,1,OECD_MEI,,
ISL,Iceland,1994,34960,,,,,,34954,,,,,,34960,,,,1,OECD_MEI,,
ISL,Iceland,1995,38323,,,,,,38315.3,,,,,,38323,,,,1,OECD_MEI,,
ISL,Iceland,1996,41578,,,,,,41555.7,,,,,,41578,,,,1,OECD_MEI,,
ISL,Iceland,1997,48452,,,,,,48351.3,,,,,,48452,,,,1,OECD_MEI,,
ISL,Iceland,1998,58226,,,,,,,,,,,,58226,,,,1,OECD_MEI,,
ISL,Iceland,1999,69462,,,,,,,,,,,,69462,,,,1,OECD_MEI,,
ISL,Iceland,2000,72546,,,,,,,,,,,,72546,,,,1,OECD_MEI,,
ISL,Iceland,2001,70869,,,,,,,,,,,,70869,,,,1,OECD_MEI,,
ISL,Iceland,2002,87755,,,,,,,,,,,,87755,,,,1,OECD_MEI,,
ISL,Iceland,2003,107586,,,,,,,,,,,,107586,,,,1,OECD_MEI,,
ISL,Iceland,2004,139953,,,,,,,,,,,,139953,,,,1,OECD_MEI,,
ISL,Iceland,2005,172785,,,,,,,,,,,,172785,,,,1,OECD_MEI,,
ISL,Iceland,2006,211548,,,,,,,,,,,,211548,,,,1,OECD_MEI,,
ISL,Iceland,2007,410797.3,,,,,,,,,,,,410797.3,,,,1,OECD_MEI,,
ISL,Iceland,2008,542602,,,,,,,,,,,,542602,,,,1,OECD_MEI,,
ISL,Iceland,2009,513912,,,,,,,,,,,,513912,,,,1,OECD_MEI,,
ISL,Iceland,2010,497659,,,,,,,,,,,,497659,,,,1,OECD_MEI,,
ISL,Iceland,2011,506122,,,,,,,,,,,,506122,,,,1,OECD_MEI,,
ISL,Iceland,2012,462552,,,,,,,,,,,,462552,,,,1,OECD_MEI,,
ISL,Iceland,2013,476238,,,,,,,,,,,,476238,,,,1,OECD_MEI,,
ISL,Iceland,2014,407713,,,,,,,,,,,,407713,,,,1,OECD_MEI,,
ISL,Iceland,2015,429453,,,,,,,,,,,,429453,,,,1,OECD_MEI,,
ISL,Iceland,2016,479561,,,,,,,,,,,,479561,,,,1,OECD_MEI,,
ISL,Iceland,2017,516358,,,,,,,,,,,,516358,,,,1,OECD_MEI,,
ISL,Iceland,2018,520618,,,,,,,,,,,,520618,,,,1,OECD_MEI,,
ISL,Iceland,2019,509944,,,,,,,,,,,,509944,,,,1,OECD_MEI,,
ISL,Iceland,2020,700164,,,,,,,,,,,,700164,,,,1,OECD_MEI,,
ISL,Iceland,2021,836489,,,,,,,,,,,,836489,,,,1,OECD_MEI,,
ISL,Iceland,2022,819482,,,,,,,,,,,,819482,,,,1,OECD_MEI,,
ISL,Iceland,2023,723043,,,,,,,,,,,,723043,,,,1,OECD_MEI,,
ISL,Iceland,2024,749492,,,,,,,,,,,,749492,,,,1,OECD_MEI,,
ISR,Israel,1948,.0098363,,,,,,,,,,.0097,,,,,,1.014048,Mitchell,,
ISR,Israel,1949,.0141967,,,,,,,,,,.014,,,,,,1.014048,Mitchell,,
ISR,Israel,1950,.0191655,,,,,,,,,,.0189,,,,,,1.014048,Mitchell,,
ISR,Israel,1951,.0244386,,,,,,,,,,.0241,,,,,,1.014048,Mitchell,,
ISR,Israel,1952,.026061,,,,,,,,,,.0257,,,,,,1.014048,Mitchell,,
ISR,Israel,1953,.0294074,,,,,,,,,,.029,,,,,,1.014048,Mitchell,,
ISR,Israel,1954,.0353903,,,,,,,,,,.0349,,,,,,1.014048,Mitchell,,
ISR,Israel,1955,.0423872,,,,,,,,,,.0418,,,,,,1.014048,Mitchell,,
ISR,Israel,1956,.0523249,,,,,,,,,,.0516,,,,,,1.014048,Mitchell,,
ISR,Israel,1957,.0583078,,,,,,,,,,.0575,,,,,,1.014048,Mitchell,,
ISR,Israel,1958,.0668258,,,,,,,,,,.0659,,,,,,1.014048,Mitchell,,
ISR,Israel,1959,.0735185,,,,,,,,,,.0725,,,,,,1.014048,Mitchell,,
ISR,Israel,1960,.0892362,,,,,,,,,,.088,,,,,,1.014048,Mitchell,,
ISR,Israel,1961,.0981598,,,,,,,,,,.0968,,,,,,1.014048,Mitchell,,
ISR,Israel,1962,.127263,,,,,,,,,,.1255,,,,,,1.014048,Mitchell,,
ISR,Israel,1963,.1630589,,,,,,,,,,.1608,,,,,,1.014048,Mitchell,,
ISR,Israel,1964,.1731994,,,,,,,,,,.1708,,,,,,1.014048,Mitchell,,
ISR,Israel,1965,.1926691,,,,,,,,,,.19,,,,,,1.014048,Mitchell,,
ISR,Israel,1966,.2036208,,,,,,,,,,.2008,,,,,,1.014048,Mitchell,,
ISR,Israel,1967,.2574668,,,,,,,,,,.2539,,,,,,1.014048,Mitchell,,
ISR,Israel,1968,.2938711,,,,,,,,,,.2898,,,,,,1.014048,Mitchell,,
ISR,Israel,1969,.3011722,,,,,,,,,,.297,,,,,,1.014048,Mitchell,,
ISR,Israel,1970,.3433567,,,,,,,,,,.3386,,,,,,1.014048,Mitchell,,
ISR,Israel,1971,.4401982,,,,,,.435,,,,.4341,,,,,,1.014048,Mitchell,,
ISR,Israel,1972,.5665486,,,,,,.556737,,,,.5587,,,,,,1.014048,Mitchell,,
ISR,Israel,1973,.7496857,,,,,,.74147,,,,.7393,,,,,,1.014048,Mitchell,,
ISR,Israel,1974,.8843513,,,,,,.871346,,,,.8721,,,,,,1.014048,Mitchell,,
ISR,Israel,1975,1.074891,,,,,,1.06274,,,,1.06,,,,,,1.014048,Mitchell,,
ISR,Israel,1976,1.368965,,,,,,1.34835,,,,1.35,,,,,,1.014048,Mitchell,,
ISR,Israel,1977,1.89627,,,,,,1.87183,,,,1.87,,,,,,1.014048,Mitchell,,
ISR,Israel,1978,2.75821,,,,,,2.69596,,,,2.72,,,,,,1.014048,Mitchell,,
ISR,Israel,1979,3.58973,,,,,,3.5477,,,,3.54,,,,,,1.014048,Mitchell,,
ISR,Israel,1980,7.078055,,,,,,6.9794,,,,6.98,,,,,,1.014048,Mitchell,1,1
ISR,Israel,1981,12.6756,,,,,,13.3539,,,,12.5,,12.6756,,,,1,OECD_MEI,,
ISR,Israel,1982,26.23668,,,,,,27.9302,,,,26.8,,26.23668,,,,1,OECD_MEI,,
ISR,Israel,1983,54.74105,,,,,,67.256,,,,68,,54.74105,,,,1,OECD_MEI,,
ISR,Israel,1984,246.2115,,,,,,304.195,,,,305,,246.2115,,,,1,OECD_MEI,,
ISR,Israel,1985,983.5217,,,,,,1051.74,,,,1051,,983.5217,,,,1,OECD_MEI,,
ISR,Israel,1986,2046.497,,,,,,2237.81,,,,2238,,2046.497,,,,1,OECD_MEI,,
ISR,Israel,1987,3061.639,,,,,,3345.89,,,,3346,,3061.639,,,,1,OECD_MEI,,
ISR,Israel,1988,3486.831,,,,,,3722.76,,,,3723,,3486.831,,,,1,OECD_MEI,,
ISR,Israel,1989,4784.233,,,,,,5375.57,,,,5376,,4784.233,,,,1,OECD_MEI,,
ISR,Israel,1990,6211.825,,,,,,7022.22,,,,7022,,6211.825,,,,1,OECD_MEI,,
ISR,Israel,1991,7144.581,,,,,,7987.65,,,,7988,,7144.581,,,,1,OECD_MEI,,
ISR,Israel,1992,9703.328,,,,,,10541,,,,10541,,9703.328,,,,1,OECD_MEI,,
ISR,Israel,1993,12404.71,,,,,,13485.6,,,,13486,,12404.71,,,,1,OECD_MEI,,
ISR,Israel,1994,12304.75,,,,,,14522.5,,,,14523,,12304.75,,,,1,OECD_MEI,,
ISR,Israel,1995,14367.2,,,,,,16715.6,,,,16716,,14367.2,,,,1,OECD_MEI,,
ISR,Israel,1996,16201.67,,,,,,20131.1,,,,20131,,16201.67,,,,1,OECD_MEI,,
ISR,Israel,1997,18448.6,,,,,,22400.9,,,,22401,,18448.6,,,,1,OECD_MEI,,
ISR,Israel,1998,20599.75,,,,,,,,,,25145,,20599.75,,,,1,OECD_MEI,,
ISR,Israel,1999,23542.9,,,,,,,,,,30263,,23542.9,,,,1,OECD_MEI,,
ISR,Israel,2000,25306.51,,,,,,,,,,31030,,25306.51,,,,1,OECD_MEI,,
ISR,Israel,2001,29197.83,,,,,,,,,,37796,,29197.83,,,,1,OECD_MEI,,
ISR,Israel,2002,30627.83,,,,,,,,,,38364,,30627.83,,,,1,OECD_MEI,,
ISR,Israel,2003,32971.98,,,,,,,,,,42838,,32971.98,,,,1,OECD_MEI,,
ISR,Israel,2004,38890.39,,,,,,,,,,52931,,38890.39,,,,1,OECD_MEI,,
ISR,Israel,2005,48161.41,,,,,,,,,,61077,,48161.41,,,,1,OECD_MEI,,
ISR,Israel,2006,52137.75,,,,,,,,,,64964.6,,52137.75,,,,1,OECD_MEI,,
ISR,Israel,2007,61347.93,,,,,,,,,,76947.9,,61347.93,,,,1,OECD_MEI,,
ISR,Israel,2008,72063.99,,,,,,,,,,95506.8,,72063.99,,,,1,OECD_MEI,,
ISR,Israel,2009,109615.5,,,,,,,,,,127510,,109615.5,,,,1,OECD_MEI,,
ISR,Israel,2010,114672,,,,,,,,,,,,114672,,,,1,OECD_MEI,,
ISR,Israel,2011,116518.1,,,,,,,,,,,,116518.1,,,,1,OECD_MEI,,
ISR,Israel,2012,126618.8,,,,,,,,,,,,126618.8,,,,1,OECD_MEI,,
ISR,Israel,2013,145838,,,,,,,,,,,,145838,,,,1,OECD_MEI,,
ISR,Israel,2014,197761,,,,,,,,,,,,197761,,,,1,OECD_MEI,,
ISR,Israel,2015,278202.4,,,,,,,,,,,,278202.4,,,,1,OECD_MEI,,
ISR,Israel,2016,326100.3,,,,,,,,,,,,326100.3,,,,1,OECD_MEI,,
ISR,Israel,2017,367107.5,,,,,,,,,,,,367107.5,,,,1,OECD_MEI,,
ISR,Israel,2018,411968.4,,,,,,,,,,,,411968.4,,,,1,OECD_MEI,,
ISR,Israel,2019,432887,,,,,,,,,,,,432887,,,,1,OECD_MEI,,
ISR,Israel,2020,560015.7,,,,,,,,,,,,560015.7,,,,1,OECD_MEI,,
ISR,Israel,2021,683127.4,,,,,,,,,,,,683127.4,,,,1,OECD_MEI,,
ISR,Israel,2022,614530.3,,,,,,,,,,,,614530.3,,,,1,OECD_MEI,,
ISR,Israel,2023,524636.1,,,,,,,,,,,,524636.1,,,,1,OECD_MEI,,
ISR,Israel,2024,526807.1,,,,,,,,,,,,526807.1,,,,1,OECD_MEI,,
ITA,Italy,1861,.3939118,,,,,,,,,,,,,.47133922,,,.8357289,CS2,,
ITA,Italy,1862,.4403427,,,,,,,,,,,,,.52689656,,,.8357289,CS2,,
ITA,Italy,1863,.4319576,,,,,,,,,,,,,.51686335,,,.8357289,CS2,,
ITA,Italy,1864,.4302027,,,,,,,,,,,,,.51476344,,,.8357289,CS2,,
ITA,Italy,1865,.435815,,,,,,,,,,,,,.52147893,,,.8357289,CS2,,
ITA,Italy,1866,.6483553,,,,,,,,,,,,,.77579625,,,.8357289,CS2,,
ITA,Italy,1867,.7283324,,,,,,,,,,,,,.87149364,,,.8357289,CS2,,
ITA,Italy,1868,.7397625,,,,,,,,,,,,,.88517046,,,.8357289,CS2,,
ITA,Italy,1869,.7413578,,,,,,,,,,,,,.88707928,,,.8357289,CS2,,
ITA,Italy,1870,.8168357,,,,,,,,,1.016232,,,,.97739313,,,.8357289,CS2,,
ITA,Italy,1871,.9232761,,,,,,,,,1.15991,,,,1.1047555,,,.8357289,CS2,,
ITA,Italy,1872,1.030609,,,,,,,,,1.287114,,,,1.233186,,,.8357289,CS2,,
ITA,Italy,1873,1.080938,,,,,,,,,1.333285,,,,1.2934069,,,.8357289,CS2,,
ITA,Italy,1874,1.100148,,,,,,,,,1.344492,,,,1.3163939,,,.8357289,CS2,,
ITA,Italy,1875,1.111152,,,,,,,,,1.355028,,,,1.3295599,,,.8357289,CS2,,
ITA,Italy,1876,1.12009,,,,,,,,,1.378372,,,,1.3402547,,,.8357289,CS2,,
ITA,Italy,1877,1.141556,,,,,,,,,1.394124,,,,1.3659402,,,.8357289,CS2,,
ITA,Italy,1878,1.128551,,,,,,,,,1.399185,,,,1.3503788,,,.8357289,CS2,,
ITA,Italy,1879,1.140819,,,,,,,,,1.421754,,,,1.3650591,,,.8357289,CS2,,
ITA,Italy,1880,1.170732,,,,,,,,,1.452638,,,,1.4008511,,,.8357289,CS2,,
ITA,Italy,1881,1.11832,,,,,,,,,1.404814,,,,1.3381372,,,.8357289,CS2,,
ITA,Italy,1882,1.044905,,,,,,,,,1.332975,,,,1.2502915,,,.8357289,CS2,,
ITA,Italy,1883,1.186081,,,,,,,,,1.309218,,,,1.4192168,,,.8357289,CS2,,
ITA,Italy,1884,1.222565,,,,,,,,,1.358953,,,,1.4628729,,,.8357289,CS2,,
ITA,Italy,1885,1.263152,,,,,,,,,1.416641,,,,1.5114369,,,.8357289,CS2,,
ITA,Italy,1886,1.342885,,,,,,,,,1.467719,,,,1.6068425,,,.8357289,CS2,,
ITA,Italy,1887,1.365584,,,,,,,,,1.494213,,,,1.6340035,,,.8357289,CS2,,
ITA,Italy,1888,1.363029,,,,,,,,,1.495246,,,,1.6309466,,,.8357289,CS2,,
ITA,Italy,1889,1.369673,,,,,,,,,1.54746,,,,1.6388959,,,.8357289,CS2,,
ITA,Italy,1890,1.316964,,,,,,,,,1.585264,,,,1.5758267,,,.8357289,CS2,,
ITA,Italy,1891,1.259984,,,,,,,,,1.599312,,,,1.5076472,,,.8357289,CS2,,
ITA,Italy,1892,1.29659,,,,,,,,,1.625393,,,,1.5514479,,,.8357289,CS2,,
ITA,Italy,1893,1.304816,,,,,,,,,1.649615,,,,1.5612905,,,.8357289,CS2,,
ITA,Italy,1894,1.265666,,,,,,,,,1.638873,,,,1.5144458,,,.8357289,CS2,,
ITA,Italy,1895,1.259219,,,,,,,,,1.615787,,,,1.506732,,,.8357289,CS2,,
ITA,Italy,1896,1.246669,,,,,,,,,1.598382,,,,1.4917145,,,.8357289,CS2,,
ITA,Italy,1897,1.27733,,,,,,,,,1.66924,,,,1.5284025,,,.8357289,CS2,,
ITA,Italy,1898,1.306885,,,,,,,,,1.701622,,,,1.5637669,,,.8357289,CS2,,
ITA,Italy,1899,1.375754,,,,,,,,,1.742061,,,,1.6461723,,,.8357289,CS2,,
ITA,Italy,1900,1.372663,,,,,,,,,1.746864,,,,1.6424739,,,.8357289,CS2,,
ITA,Italy,1901,1.399522,,,,,,,,,1.771137,,,,1.674613,,,.8357289,CS2,,
ITA,Italy,1902,1.40555,,,,,,,,,1.805998,,,,1.6818248,,,.8357289,CS2,,
ITA,Italy,1903,1.486184,,,,,,,,,1.888011,,,,1.7783088,,,.8357289,CS2,,
ITA,Italy,1904,1.544654,,,,,,,,,1.966616,,,,1.8482712,,,.8357289,CS2,,
ITA,Italy,1905,1.678128,,,,,,,,,2.049611,,,,2.0079813,,,.8357289,CS2,,
ITA,Italy,1906,1.784521,,,,,,,,,2.214412,,,,2.1352864,,,.8357289,CS2,,
ITA,Italy,1907,1.896978,,,,,,,,,2.475275,,,,2.2698487,,,.8357289,CS2,,
ITA,Italy,1908,1.914043,,,,,,,,,2.476204,,,,2.2902684,,,.8357289,CS2,,
ITA,Italy,1909,2.010423,,,,,,,,,2.525681,,,,2.4055922,,,.8357289,CS2,,
ITA,Italy,1910,2.102711,,,,,,,,,2.663885,,,,2.5160205,,,.8357289,CS2,,
ITA,Italy,1911,2.292017,,,,,,,,,2.81846,,,,2.7425359,,,.8357289,CS2,,
ITA,Italy,1912,2.351522,,,,,,,,,2.844954,,,,2.8137378,,,.8357289,CS2,,
ITA,Italy,1913,2.432086,,,,,,,,,2.961674,,,,2.910137,,,.8357289,CS2,,
ITA,Italy,1914,2.715729,,,,,,,,,3.493469,,,,3.2495339,,,.8357289,CS2,,
ITA,Italy,1915,3.534236,,,,,,,,,4.260201,,,,4.2289268,,,.8357289,CS2,,
ITA,Italy,1916,4.79007,,,,,,,,,5.105228,,,,5.7316077,,,.8357289,CS2,,
ITA,Italy,1917,7.456744,,,,,,,,,7.678475,,,,8.9224432,,,.8357289,CS2,,
ITA,Italy,1918,10.25418,,,,,,,,,10.04844,,,,12.269751,,,.8357289,CS2,,
ITA,Italy,1919,15.08356,,,,,,,,,13.59005,,,,18.048394,,,.8357289,CS2,,
ITA,Italy,1920,18.53926,,,,,,,,,16.36311,,,,22.183342,,,.8357289,CS2,,
ITA,Italy,1921,19.05069,,,,,,,,,16.80174,,,,22.795295,,,.8357289,CS2,,
ITA,Italy,1922,18.1381,,,,,,,,,16.25884,,,,21.703334,,,.8357289,CS2,,
ITA,Italy,1923,17.60203,,,,,,,,,15.92696,,,,21.061885,,,.8357289,CS2,,
ITA,Italy,1924,20.33567,,,,,,,,,17.02707,,,,24.332861,,,.8357289,CS2,,
ITA,Italy,1925,21.32485,,,,,,,,,17.55561,,,,25.516468,,,.8357289,CS2,,
ITA,Italy,1926,21.72252,,,,,,,,,17.42557,,,,25.992312,,,.8357289,CS2,,
ITA,Italy,1927,22.91352,,,,,,,,,16.98436,,,,27.417402,,,.8357289,CS2,,
ITA,Italy,1928,23.15281,,,,,,,,,16.85287,,,,27.70373,,,.8357289,CS2,,
ITA,Italy,1929,22.80539,,,,,,,,,16.92336,,,,27.288021,,,.8357289,CS2,,
ITA,Italy,1930,22.51624,,,,,,,,,17.26515,,,,26.942033,,,.8357289,CS2,,
ITA,Italy,1931,20.32412,,,,,,,,,17.35719,,,,24.319034,,,.8357289,CS2,,
ITA,Italy,1932,19.12169,,,,,,,,,18.28175,,,,22.880256,,,.8357289,CS2,,
ITA,Italy,1933,18.94264,,,,,,,,,19.0177,,,,22.666015,,,.8357289,CS2,,
ITA,Italy,1934,17.84543,,,,,,,,,19.35128,,,,21.353128,,,.8357289,CS2,,
ITA,Italy,1935,18.55775,,,,,,,,,21.29641,,,,22.20547,,,.8357289,CS2,,
ITA,Italy,1936,16.6529,,,,,,,,,23.43062,,,,19.926197,,,.8357289,CS2,,
ITA,Italy,1937,17.23141,,,,,,,,,25.21363,,,,20.61842,,,.8357289,CS2,,
ITA,Italy,1938,18.63926,,,,,,,,,28.36655,,,,22.302997,,,.8357289,CS2,,
ITA,Italy,1939,23.43983,,,,,,,,,33.60915,,,,28.047168,,,.8357289,CS2,,
ITA,Italy,1940,29.65675,,,,,,,,,41.68308,,,,35.486085,,,.8357289,CS2,,
ITA,Italy,1941,43.43858,,,,,,,,,56.6357,,,,51.976882,,,.8357289,CS2,,
ITA,Italy,1942,60.59163,,,,,,,,,79.79207,,,,72.501544,,,.8357289,CS2,,
ITA,Italy,1943,116.5302,,,,,,,,,151.3983,,,,139.43543,,,.8357289,CS2,,
ITA,Italy,1944,218.3865,,,,,,,,,222.6337,,,,261.31259,,,.8357289,CS2,,
ITA,Italy,1945,290.582,,,,,,,,,288.5894,,,,347.6989,,,.8357289,CS2,,
ITA,Italy,1946,439.6087,,,,,,,,,420.7368,,,,526.01829,,,.8357289,CS2,,
ITA,Italy,1947,645.4932,,,,,,,,,656.3135,,,,772.37157,,,.8357289,CS2,,
ITA,Italy,1948,855.8397,,,,,,,,,937.2918,,,,1024.0637,,,.8357289,CS2,,
ITA,Italy,1949,985.1584,,,,,,,,,1159.533,,,,1178.8014,,,.8357289,CS2,,
ITA,Italy,1950,1083.359,,,,,,,,,1296.565,1327.2942,,,1296.3048,,,.8357289,CS2,,
ITA,Italy,1951,1248.76,,,,,,,,,1494.161,1539.0416,,,1494.2173,,,.8357289,CS2,,
ITA,Italy,1952,1444.544,,,,,,,,,1728.478,1781.7763,,,1728.4841,,,.8357289,CS2,,
ITA,Italy,1953,1569.65,,,,,,,,,1878.302,1972.8654,,,1878.1813,,,.8357289,CS2,,
ITA,Italy,1954,1636.505,,,,,,,,,1958.198,2132.967,,,1958.1767,,,.8357289,CS2,,
ITA,Italy,1955,1795.835,,,,,,,,,2165.969,2334.3852,,,2148.8244,,,.8357289,CS2,,
ITA,Italy,1956,1937.069,,,,,,,,,2345.282,2520.3097,,,2317.8203,,,.8357289,CS2,,
ITA,Italy,1957,2053.141,,,,,,,,,2488.651,2649.4239,,,2456.7071,,,.8357289,CS2,,
ITA,Italy,1958,2300.99,,,,,,,,,2782.463,2948.9689,,,2753.2727,,,.8357289,CS2,,
ITA,Italy,1959,2656.824,,,,,,,,,3204.563,3367.299,,,3179.0509,,,.8357289,CS2,,
ITA,Italy,1960,2958.497,,,,,,,,,3560.299,3826.9456,,,3540.0199,,,.8357289,CS2,,
ITA,Italy,1961,3454.494,,,,,,,,,4151.333,1564.8644,,,4133.5103,,,.8357289,CS2,,
ITA,Italy,1962,3998.25,,,,,,,,,4834.346,2835.3484,,,4784.1472,,,.8357289,CS2,,
ITA,Italy,1963,4551.969,,,,,,,,,5509.201,4865.024,,,5446.7054,,,.8357289,CS2,,
ITA,Italy,1964,4884.404,,,,,,,,,5878.467,5629.3802,,,5844.4841,,,.8357289,CS2,,
ITA,Italy,1965,5645.283,,,,,,,,,6802.254,6559.0026,,,6754.9218,,,.8357289,CS2,,
ITA,Italy,1966,6442.501,,,,,,,,,7723.303,7333.688,,,7708.8411,,,.8357289,CS2,,
ITA,Italy,1967,7509.547,,,,,,,,,9022.141,8469.8931,,,8985.6257,,,.8357289,CS2,,
ITA,Italy,1968,8516.768,,,,,,,,,10257.04,9812.6811,,,10190.826,,,.8357289,CS2,,
ITA,Italy,1969,10031.66,,,,,,,,,12070.84,11620.28,,,12003.489,,,.8357289,CS2,,
ITA,Italy,1970,12603.07,,,,,,,,,15154.81,15442.061,,,15080.335,,,.8357289,CS2,,
ITA,Italy,1971,14780.62,,,,,,,,,17756.62,18385.866,,,17685.907,,,.8357289,CS2,,
ITA,Italy,1972,18584.13,,,,,,,,,22380.2,21794.481,,,22237.03,,,.8357289,CS2,,
ITA,Italy,1973,22304.46,,,,,,,,,26897.02,27113.987,,,26688.629,,,.8357289,CS2,,
ITA,Italy,1974,25099.61,,,,,,,,,30226.98,29541.335,,,30033.195,,,.8357289,CS2,,
ITA,Italy,1975,28665.14,,,,,,,,,34486.82,33053.242,,,34299.566,,,.8357289,CS2,,
ITA,Italy,1976,33746.88,,,,,,,,,40380.21,39405.661,,,40380.178,,,.8357289,CS2,,
ITA,Italy,1977,40955.05,,,,,,,,,49005.05,47875.555,,,49005.187,,,.8357289,CS2,,
ITA,Italy,1978,52461.96,,,,,,,,,62773.79,60425.457,,,62773.902,,,.8357289,CS2,,
ITA,Italy,1979,64902.46,,,,,,,,,77659.63,74886.25,,,77659.704,,,.8357289,CS2,,
ITA,Italy,1980,73298.22,,,,,,,,,87705.23,85215.388,,,87705.734,,,.8357289,CS2,,
ITA,Italy,1981,81490.27,,,,,,,,,97508.09,97610.354,,,97508.017,,,.8357289,CS2,,
ITA,Italy,1982,95568.46,,,,,,,,,114353.9,114136.97,,,114353.42,,,.8357289,CS2,,
ITA,Italy,1983,107841.6,,,,,,,,,129039.3,129114.22,,,129039.02,,,.8357289,CS2,,
ITA,Italy,1984,121124.7,,,,,,,,,144933.3,144607.93,,,144932.97,,,.8357289,CS2,,
ITA,Italy,1985,134121.5,,,,,,,,,160483.8,160101.64,,,160484.5,,,.8357289,CS2,,
ITA,Italy,1986,148697.7,,,,,,,,,177926.1,177661.17,,,177925.78,,,.8357289,CS2,,
ITA,Italy,1987,160659,,,,,,,,,192238.2,192121.97,,,192238.13,,,.8357289,CS2,,
ITA,Italy,1988,173136.1,,,,,,,,,207167.9,207099.22,,,207167.79,,,.8357289,CS2,,
ITA,Italy,1989,195129.7,,,,,,,,,233484,233438.52,,,233484.43,,,.8357289,CS2,,
ITA,Italy,1990,208364.5,,,,,,,,,249320.1,249448.68,,,249320.65,,,.8357289,CS2,,
ITA,Italy,1991,232188.4,,,,,,,,,277828,277853.81,,,277827.46,,,.8357289,CS2,,
ITA,Italy,1992,235571.8,,,,,,,,,281876,281985.47,,,281875.81,,,.8357289,CS2,,
ITA,Italy,1993,249940.6,,,,,,,,,299068.8,299028.54,,,299069.02,,,.8357289,CS2,,
ITA,Italy,1994,258266.4,,,,,,,,,309030.8,300061.46,,,309031.28,,,.8357289,CS2,,
ITA,Italy,1995,261409.5,,,,,,,,,312791.6,302127.29,,,312792.25,,,.8357289,CS2,,
ITA,Italy,1996,270292,,,,,,,,,323421.3,317104.54,,,323420.73,,,.8357289,CS2,,
ITA,Italy,1997,287263.9,,,,,,,,,343728.9,333114.7,,,343728.61,,,.8357289,CS2,,
ITA,Italy,1998,309386.1,,,,,,,,,370199.4,375980.62,,,370199.06,,,.8357289,CS2,,
ITA,Italy,1999,386045.9,,,,,,,,,395813,457000,,,461927.2,,,.8357289,CS2,,
ITA,Italy,2000,409035,,,,,,,,,419749,484000,,,489435,,,.8357289,CS2,,
ITA,Italy,2001,438450.2,,,,,,,,,467117,,,,524632.14,,,.8357289,CS2,,
ITA,Italy,2002,478292.1,,,,,,,,,510801,,,,572305.3,,,.8357289,CS2,,
ITA,Italy,2003,515011.3,,,,,,,,,542936.7,,,,616242.1,,,.8357289,CS2,,
ITA,Italy,2004,554147.9,,,,,,,,,577763.4,,,,663071.3,,,.8357289,CS2,,
ITA,Italy,2005,603913.5,,,,,,,,,625423.1,,,,722618.95,,,.8357289,CS2,,
ITA,Italy,2006,646957.6,,,,,,,,,666804.2,,,,774123.8,,,.8357289,CS2,,
ITA,Italy,2007,667027.9,,,,,,,,,684415.9,,,,798139.07,,,.8357289,CS2,,
ITA,Italy,2008,718168.4,,,,,,,,,731418.6,,,,859331.73,,,.8357289,CS2,,
ITA,Italy,2009,791156.6,,,,,,,,,809839.3,,,,946666.48,,,.8357289,CS2,,
ITA,Italy,2010,786310.3,,,,,,,,,797305.9,,,,940867.7,,,.8357289,CS2,,
ITA,Italy,2011,775267.3,,,,,,,,,775956.3,,,,927654,,,.8357289,CS2,,
ITA,Italy,2012,776468.2,,,,,,,,,774835.1,,,,929091,,,.8357289,CS2,,
ITA,Italy,2013,804066.4,,,,,,,,,799269.9,,,,962114,,,.8357289,CS2,,
ITA,Italy,2014,868253.8,,,,,,,,,868253.8,,,,1038918,,,.8357289,CS2,1,1
ITA,Italy,2015,942976.3,,,,,,,,,942976.3,,,,,,,1,JST,,
ITA,Italy,2016,1044360,,,,,,,,,1044360,,,,,,,1,JST,,
ITA,Italy,2017,1122467,,,,,,,,,1122467,,,,,,,1,JST,,
ITA,Italy,2018,1174903,,,,,,,,,1174903,,,,,,,1,JST,,
ITA,Italy,2019,1264740,,,,,,,,,1264740,,,,,,,1,JST,,
ITA,Italy,2020,1428893,,,,,,,,,1428893,,,,,,,1,JST,,
JAM,Jamaica,1953,14.9994,,,,,,,,,,15,,,,,,.9999598,Mitchell,,
JAM,Jamaica,1954,15.99936,,,,,,,,,,16,,,,,,.9999598,Mitchell,,
JAM,Jamaica,1955,16.99932,,,,,,,,,,17,,,,,,.9999598,Mitchell,,
JAM,Jamaica,1956,18.99924,,,,,,,,,,19,,,,,,.9999598,Mitchell,,
JAM,Jamaica,1957,21.99911,,,,,,,,,,22,,,,,,.9999598,Mitchell,,
JAM,Jamaica,1958,21.99911,,,,,,,,,,22,,,,,,.9999598,Mitchell,,
JAM,Jamaica,1959,24.99899,,,,,,,,,,25,,,,,,.9999598,Mitchell,,
JAM,Jamaica,1960,25.99895,,,,,,,,,,26,,,,,,.9999598,Mitchell,,
JAM,Jamaica,1961,22.99907,,,,,,,,,,23,,,,,,.9999598,Mitchell,,
JAM,Jamaica,1962,29.99879,,,,,,,,,,30,,,,,,.9999598,Mitchell,,
JAM,Jamaica,1963,28.99883,,,,,,,,,,29,,,,,,.9999598,Mitchell,,
JAM,Jamaica,1964,31.99871,,,,,,,,,,32,,,,,,.9999598,Mitchell,,
JAM,Jamaica,1965,31.99871,,,,,,,,,,32,,,,,,.9999598,Mitchell,,
JAM,Jamaica,1966,35.99855,,,,,,,,,,36,,,,,,.9999598,Mitchell,,
JAM,Jamaica,1967,37.99847,,,,,,,,,,38,,,,,,.9999598,Mitchell,,
JAM,Jamaica,1968,46.99811,,,,,,,,,,47,,,,,,.9999598,Mitchell,,
JAM,Jamaica,1969,55.99775,,,,,,,,,,56,,,,,,.9999598,Mitchell,,
JAM,Jamaica,1970,126.9949,,,,,,,,,,127,,,,,,.9999598,Mitchell,,
JAM,Jamaica,1971,159.9936,,,,,,159.994,,,,160,,,,,,.9999598,Mitchell,,
JAM,Jamaica,1972,172.993,,,,,,172.619,,,,173,,,,,,.9999598,Mitchell,,
JAM,Jamaica,1973,217.9912,,,,,,218.275,,,,218,,,,,,.9999598,Mitchell,,
JAM,Jamaica,1974,257.9896,,,,,,258.111,,,,258,,,,,,.9999598,Mitchell,,
JAM,Jamaica,1975,321.987,,,,,,322.275,,,,322,,,,,,.9999598,Mitchell,,
JAM,Jamaica,1976,338.9864,,,,,,338.54,,,,339,,,,,,.9999598,Mitchell,,
JAM,Jamaica,1977,473.9809,,,,,,474.443,,,,474,,,,,,.9999598,Mitchell,,
JAM,Jamaica,1978,569.9771,,,,,,569.924,,,,570,,,,,,.9999598,Mitchell,,
JAM,Jamaica,1979,628.9747,,,,,,629.198,,,,629,,,,,,.9999598,Mitchell,,
JAM,Jamaica,1980,716.9711,,,,,,716.502,,,,717,,,,,,.9999598,Mitchell,,
JAM,Jamaica,1981,774.9688,,,,,,774.637,,,,775,,,,,,.9999598,Mitchell,,
JAM,Jamaica,1982,875.9648,,,,,,876.163,,,,876,,,,,,.9999598,Mitchell,,
JAM,Jamaica,1983,1065.957,,,,,,1065.76,,,,1066,,,,,,.9999598,Mitchell,,
JAM,Jamaica,1984,1318.947,,,,,,1318.86,,,,1319,,,,,,.9999598,Mitchell,,
JAM,Jamaica,1985,1519.939,,,,,,1519.99,,,,1520,,,,,,.9999598,Mitchell,,
JAM,Jamaica,1986,2139.914,,,,,,2139.67,,,,2140,,,,,,.9999598,Mitchell,,
JAM,Jamaica,1987,2251.909,,,,,,2251.65,,,,2252,,,,,,.9999598,Mitchell,,
JAM,Jamaica,1988,3444.861,,,,,,3444.67,,,,3445,,,,,,.9999598,Mitchell,,
JAM,Jamaica,1989,3152.873,,,,,,3152.72,,,,3153,,,,,,.9999598,Mitchell,,
JAM,Jamaica,1990,4015.838,,,,,,4015.92,,,,4016,,,,,,.9999598,Mitchell,,
JAM,Jamaica,1991,7817.686,,,,,,7817.75,,,,7818,,,,,,.9999598,Mitchell,,
JAM,Jamaica,1992,13390.46,,,,,,13391.2,,,,13391,,,,,,.9999598,Mitchell,,
JAM,Jamaica,1993,16902.32,,,,,,16903.1,12270.6,,,16903,,,,,,.9999598,Mitchell,,
JAM,Jamaica,1994,21251.14,,,,,,21252.4,15951.9,,,21252,,,,,,.9999598,Mitchell,,
JAM,Jamaica,1995,29318.82,,,,,,29320.2,19472.9,,,29320,,,,,,.9999598,Mitchell,,
JAM,Jamaica,1996,33546.65,,,,,,33547.6,21573.1,,,33548,,,,,,.9999598,Mitchell,,
JAM,Jamaica,1997,34468.61,,,,,,34470.4,25821.2,,,34470,,,,,,.9999598,Mitchell,,
JAM,Jamaica,1998,36662.52,,,,,,,27179.7,,,36664,,,,,,.9999598,Mitchell,,
JAM,Jamaica,1999,45040.19,,,,,,,33379,,,45042,,,,,,.9999598,Mitchell,,
JAM,Jamaica,2000,47895.07,,,,,,,33831.3,,,47897,,,,,,.9999598,Mitchell,,
JAM,Jamaica,2001,54139.82,,,,,,,38964.5,,,54142,,,,,,.9999598,Mitchell,,
JAM,Jamaica,2002,59416.61,,,,,,,44704,,,59419,,,,,,.9999598,Mitchell,,
JAM,Jamaica,2003,63054.46,,,,,,,45220.9,,,63057,,,,,,.9999598,Mitchell,,
JAM,Jamaica,2004,74689.99,,,,,,,55258,,,74693,,,,,,.9999598,Mitchell,,
JAM,Jamaica,2005,84061.62,,,,,,,62572.8,,,84065,,,,,,.9999598,Mitchell,,
JAM,Jamaica,2006,77616.34,,,,,,,78178.2,,,77619.464,,,,,,.9999598,Mitchell,,
JAM,Jamaica,2007,89068.92,,,,,,,89116.4,,,89072.507,,,,,,.9999598,Mitchell,,
JAM,Jamaica,2008,91014.2,,,,,,,90956.3,,,91017.865,,,,,,.9999598,Mitchell,,
JAM,Jamaica,2009,97588.36,,,,,,,97592.4,,,97592.289,,,,,,.9999598,Mitchell,,
JAM,Jamaica,2010,103252.1,,,,,,,103252.1,,,103256.25,,,,,,.9999598,Mitchell,1,1
JAM,Jamaica,2011,112757.2,,,,,,,112757.2,,,,,,,,,1,ECLAC,,
JAM,Jamaica,2012,117908.8,,,,,,,117908.8,,,,,,,,,1,ECLAC,,
JAM,Jamaica,2013,122884.7,,,,,,,122884.7,,,,,,,,,1,ECLAC,,
JAM,Jamaica,2014,132667.2,,,,,,,132667.2,,,,,,,,,1,ECLAC,,
JAM,Jamaica,2015,159476.9,,,,,,,159476.9,,,,,,,,,1,ECLAC,,
JAM,Jamaica,2016,182903.2,,,,,,,182903.2,,,,,,,,,1,ECLAC,,
JAM,Jamaica,2017,205967.4,,,,,,,205967.4,,,,,,,,,1,ECLAC,,
JAM,Jamaica,2018,251413.4,,,,,,,251413.4,,,,,,,,,1,ECLAC,,
JAM,Jamaica,2019,288765.4,,,,,,,288765.4,,,,,,,,,1,ECLAC,,
JAM,Jamaica,2020,341946,,,,,,,341946,,,,,,,,,1,ECLAC,,
JAM,Jamaica,2021,406708.9,,,,,,,406708.9,,,,,,,,,1,ECLAC,,
JAM,Jamaica,2022,430073.6,,,,,,,430073.6,,,,,,,,,1,ECLAC,,
JOR,Jordan,1951,14.3,,,,,,,,,,14.3,,,,,,1,Mitchell,,
JOR,Jordan,1952,12.6,,,,,,,,,,12.6,,,,,,1,Mitchell,,
JOR,Jordan,1953,13.6,,,,,,,,,,13.6,,,,,,1,Mitchell,,
JOR,Jordan,1954,16.7,,,,,,,,,,16.7,,,,,,1,Mitchell,,
JOR,Jordan,1955,17.5,,,,,,,,,,17.5,,,,,,1,Mitchell,,
JOR,Jordan,1956,20.2,,,,,,,,,,20.2,,,,,,1,Mitchell,,
JOR,Jordan,1957,22.2,,,,,,,,,,22.2,,,,,,1,Mitchell,,
JOR,Jordan,1958,24.3,,,,,,,,,,24.3,,,,,,1,Mitchell,,
JOR,Jordan,1959,24.2,,,,,,,,,,24.2,,,,,,1,Mitchell,,
JOR,Jordan,1960,26.1,,,,,,,,,,26.1,,,,,,1,Mitchell,,
JOR,Jordan,1961,28.9,,,,,,,,,,28.9,,,,,,1,Mitchell,,
JOR,Jordan,1962,33.5,,,,,,,,,,33.5,,,,,,1,Mitchell,,
JOR,Jordan,1963,36.9,,,,,,,,,,36.9,,,,,,1,Mitchell,,
JOR,Jordan,1964,39.9,,,,,,,,,,39.9,,,,,,1,Mitchell,,
JOR,Jordan,1965,47.3,,,,,,,,,,47.3,,,,,,1,Mitchell,,
JOR,Jordan,1966,56,,,,,,,,,,56,,,,,,1,Mitchell,,
JOR,Jordan,1967,75.2,,,,,,,,,,75.2,,,,,,1,Mitchell,,
JOR,Jordan,1968,88,,,,,,,,,,88,,,,,,1,Mitchell,,
JOR,Jordan,1969,96.2,,,,,,,,,,96.2,,,,,,1,Mitchell,,
JOR,Jordan,1970,105,,,,,,,,,,105,,,,,,1,Mitchell,,
JOR,Jordan,1971,108,,,,,,,,,,108,,,,,,1,Mitchell,,
JOR,Jordan,1972,115,,,,,,,,,,115,,,,,,1,Mitchell,,
JOR,Jordan,1973,139,,,,,,,,,,139,,,,,,1,Mitchell,,
JOR,Jordan,1974,172,,,,,,,,,,172,,,,,,1,Mitchell,,
JOR,Jordan,1975,225,,,,,,,,,,225,,,,,,1,Mitchell,,
JOR,Jordan,1976,277,,,,,,,,,,277,,,,,,1,Mitchell,,
JOR,Jordan,1977,329,,,,,,,,,,329,,,,,,1,Mitchell,,
JOR,Jordan,1978,370,,,,,,,,,,370,,,,,,1,Mitchell,,
JOR,Jordan,1979,466,,,,,,,,,,466,,,,,,1,Mitchell,,
JOR,Jordan,1980,581,,,,,,,,,,581,,,,,,1,Mitchell,,
JOR,Jordan,1981,702,,,,,,,,,,702,,,,,,1,Mitchell,,
JOR,Jordan,1982,787,,,,,,,,,,787,,,,,,1,Mitchell,,
JOR,Jordan,1983,869,,,,,,,,,,869,,,,,,1,Mitchell,,
JOR,Jordan,1984,878,,,,,,,,,,878,,,,,,1,Mitchell,,
JOR,Jordan,1985,848,,,,,,,,,,848,,,,,,1,Mitchell,,
JOR,Jordan,1986,897,,,,,,,,,,897,,,,,,1,Mitchell,,
JOR,Jordan,1987,980,,,,,,,,,,980,,,,,,1,Mitchell,,
JOR,Jordan,1988,1167,,,,,,,,,,1167,,,,,,1,Mitchell,,
JOR,Jordan,1989,1302,,,,,,,,,,1302,,,,,,1,Mitchell,,
JOR,Jordan,1990,1425,,,,,,,,,,1425,,,,,,1,Mitchell,,
JOR,Jordan,1991,1647,,,,,,,,,,1647,,,,,,1,Mitchell,,
JOR,Jordan,1992,1716,,,,,,,,,,1716,,,,,,1,Mitchell,,
JOR,Jordan,1993,1716,,,,,,,,,,1716,,,,,,1,Mitchell,,
JOR,Jordan,1994,1742,,,,,,,,,,1742,,,,,,1,Mitchell,,
JOR,Jordan,1995,1739,,,,,,,,,,1739,,,,,,1,Mitchell,,
JOR,Jordan,1996,1533,,,,,,,,,,1533,,,,,,1,Mitchell,,
JOR,Jordan,1997,1626,,,,,,,,,,1626,,,,,,1,Mitchell,,
JOR,Jordan,1998,1613,,,,,,,,,,1613,,,,,,1,Mitchell,,
JOR,Jordan,1999,1766,,,,,,,,,,1766,,,,,,1,Mitchell,,
JOR,Jordan,2000,2017,,,,,,,,,,2017,,,,,,1,Mitchell,,
JOR,Jordan,2001,2095,,,,,,,,,,2095,,,,,,1,Mitchell,,
JOR,Jordan,2002,2273,,,,,,,,,,2273,,,,,,1,Mitchell,,
JOR,Jordan,2003,2830,,,,,,,,,,2830,,,,,,1,Mitchell,,
JOR,Jordan,2004,3139,,,,,,,,,,3139,,,,,,1,Mitchell,,
JOR,Jordan,2005,4023,,,,,,,,,,4023,,,,,,1,Mitchell,,
JOR,Jordan,2006,4566.4,,,,,,,,,,4566.4,,,,,,1,Mitchell,,
JOR,Jordan,2007,4833.2,,,,,,,,,,4833.2,,,,,,1,Mitchell,,
JOR,Jordan,2008,5573,,,,,,,,,,5573,,,,,,1,Mitchell,,
JOR,Jordan,2009,6039.5,,,,,,,,,,6039.5,,,,,,1,Mitchell,,
JOR,Jordan,2010,6550,,,,,,,,,,6550,,,,,,1,Mitchell,,
JPN,Japan,1868,26.4693,,,,24.037,,,,,,,,,,,,1.10119,AHSTAT,,
JPN,Japan,1869,55.1597,,,,50.091,,,,,,,,,,,,1.10119,AHSTAT,,
JPN,Japan,1870,61.11604,,,,55.5,,,,,,,,,,,,1.10119,AHSTAT,,
JPN,Japan,1871,80.07082,,,,72.713,,,,,,,,,,,,1.10119,AHSTAT,,
JPN,Japan,1872,118.6059,,,,107.707,,,,,,,,,,,,1.10119,AHSTAT,,
JPN,Japan,1873,155.7787,,,,141.464,,,,,90.1,,,,,,,1.10119,AHSTAT,,
JPN,Japan,1874,170.4532,,,,154.79,,,,,104.9,,,,,,,1.10119,AHSTAT,,
JPN,Japan,1875,170.1614,,,,154.525,,,,,100.3,,,,,,,1.10119,AHSTAT,,
JPN,Japan,1876,181.725,,,,165.026,,,,,107.8,,,,,,,1.10119,AHSTAT,,
JPN,Japan,1877,196.0625,,,,178.046,,,,,121.1,,,,,,,1.10119,AHSTAT,,
JPN,Japan,1878,250.4403,,,,227.427,,,,,168.7,,,,,,,1.10119,AHSTAT,,
JPN,Japan,1879,245.4123,,,,222.861,,,,,168.1,,,,,,,1.10119,AHSTAT,,
JPN,Japan,1880,232.2916,,,,210.946,,163,,,163,,,,,,,1.10119,AHSTAT,,
JPN,Japan,1881,225.6316,,,,204.898,,158,,,158.4,,,,,,,1.10119,AHSTAT,,
JPN,Japan,1882,220.6774,,,,200.399,,151,,,150.9,,,,,,,1.10119,AHSTAT,,
JPN,Japan,1883,216.386,,,,196.502,,142,,,141.6,,,,,,,1.10119,AHSTAT,,
JPN,Japan,1884,209.2679,,,,190.038,,130,,,130.3,,,,,,,1.10119,AHSTAT,,
JPN,Japan,1885,212.2136,,,,192.713,,133,,,133,,,,,,,1.10119,AHSTAT,,
JPN,Japan,1886,210.205,,,,190.889,,148,,,148,,,,,,,1.10119,AHSTAT,,
JPN,Japan,1887,205.612,,,,186.718,,150,,,150,,,,,,,1.10119,AHSTAT,,
JPN,Japan,1888,224.3124,,,,203.7,,150,,,150,,,,,,,1.10119,AHSTAT,,
JPN,Japan,1889,238.0233,,,,216.151,,155,,,155,,,,,,,1.10119,AHSTAT,,
JPN,Japan,1890,268.8819,,,,244.174,,178,,,178,,,,,,,1.10119,AHSTAT,,
JPN,Japan,1891,277.9601,,,,252.418,,187,,,187,,,,,,,1.10119,AHSTAT,,
JPN,Japan,1892,293.956,,,,266.944,,195,,,195,,,,,,,1.10119,AHSTAT,,
JPN,Japan,1893,338.5553,,,,307.445,,236,,,218,,,,,,,1.10119,AHSTAT,,
JPN,Japan,1894,372.4235,,,,338.201,,251,,,251,,,,,,,1.10119,AHSTAT,,
JPN,Japan,1895,454.9962,,,,413.186,,307,,,307,,,,,,,1.10119,AHSTAT,,
JPN,Japan,1896,509.819,,,,462.971,,335,,,333,,,,,,,1.10119,AHSTAT,,
JPN,Japan,1897,588.8139,,,,534.707,,376,,,376,,,,,,,1.10119,AHSTAT,,
JPN,Japan,1898,607.326,,,,551.518,,342,,,342,,,,,,,1.10119,AHSTAT,,
JPN,Japan,1899,820.8533,,,,745.424,,435,,,435,,,,,,,1.10119,AHSTAT,,
JPN,Japan,1900,811.708,,,,737.119,,414,,,414,,,,,,,1.10119,AHSTAT,,
JPN,Japan,1901,793.5758,,,,720.653,,404,,,404,,,,,,,1.10119,AHSTAT,,
JPN,Japan,1902,901.7181,,,,818.858,,458,,,458,,,,,,,1.10119,AHSTAT,,
JPN,Japan,1903,957.8865,,,,869.865,,470,,,470,,,,,,,1.10119,AHSTAT,,
JPN,Japan,1904,1079.555,,,,980.353,,688,,,688,,,,,,,1.10119,AHSTAT,,
JPN,Japan,1905,1250.887,,,,1135.941,,1082,,,782,,,,,,,1.10119,AHSTAT,,
JPN,Japan,1906,1643.529,,,,1492.503,,1055,,,1055,,,,,,,1.10119,AHSTAT,,
JPN,Japan,1907,1514.928,,,,1375.719,,744,,,744,,,,,,,1.10119,AHSTAT,,
JPN,Japan,1908,1456.635,,,,1322.783,,691,,,691,,,,,,,1.10119,AHSTAT,,
JPN,Japan,1909,1602.946,,,,1455.649,,746,,,746,,,,,,,1.10119,AHSTAT,,
JPN,Japan,1910,1733.938,,,,1574.604,,829,,,829,,,,,,,1.10119,AHSTAT,,
JPN,Japan,1911,1877.459,,,,1704.937,,903,,,903,,,,,,,1.10119,AHSTAT,,
JPN,Japan,1912,1924.342,,,,1747.512,,904,,,904,,,,,,,1.10119,AHSTAT,,
JPN,Japan,1913,1913.542,,,,1737.704,,884,,,884,,,,,,,1.10119,AHSTAT,,
JPN,Japan,1914,1854.599,,,,1684.177,,860,,,860,,,,,,,1.10119,AHSTAT,,
JPN,Japan,1915,2173.546,,,,1973.816,,1058,,,1058,,,,,,,1.10119,AHSTAT,,
JPN,Japan,1916,2984.158,,,,2709.94,,1338,,,1338,,,,,,,1.10119,AHSTAT,,
JPN,Japan,1917,4252.671,,,,3861.887,,1931,,,1931,,,,,,,1.10119,AHSTAT,,
JPN,Japan,1918,5443.588,,,,4943.369,,2538,,,2538,,,,,,,1.10119,AHSTAT,,
JPN,Japan,1919,6908.74,,,,6273.886,,3332,,,3332,,,,,,,1.10119,AHSTAT,,
JPN,Japan,1920,7295.632,,,,6625.226,,3133,,,3133,,,,,,,1.10119,AHSTAT,,
JPN,Japan,1921,7831.283,,,,7111.656,,3283,,,3283,,,,,,,1.10119,AHSTAT,,
JPN,Japan,1922,7669.032,,,,6964.314,,3148,,,3148,,,,,,,1.10119,AHSTAT,,
JPN,Japan,1923,7675.33,,,,6970.033,,3325,,,3325,,,,,,,1.10119,AHSTAT,,
JPN,Japan,1924,7548.459,,,,6854.821,,3199,,,3199,,,,,,,1.10119,AHSTAT,,
JPN,Japan,1925,7597.592,,,,6899.439,,3201,,,3201,,,,,,,1.10119,AHSTAT,,
JPN,Japan,1926,7449.262,,,,6764.739,,3127,,,3127,,,,,,,1.10119,AHSTAT,,
JPN,Japan,1927,7743.044,,,,7031.525,,3194,,,3194,,,,,,,1.10119,AHSTAT,,
JPN,Japan,1928,7933.703,,,,7204.664,,3161,,,3161,,,,,,,1.10119,AHSTAT,,
JPN,Japan,1929,7855.012,,,,7133.204,,2977,,,2977,,,,,,,1.10119,AHSTAT,,
JPN,Japan,1930,7107.079,,,,6454,,2636,,,2636,,,,,,,1.10119,AHSTAT,,
JPN,Japan,1931,6641.276,,,,6031,,2418,,,2418,,,,,,,1.10119,AHSTAT,,
JPN,Japan,1932,7022.288,,,,6377,,2577,,,2577,,,,,,,1.10119,AHSTAT,,
JPN,Japan,1933,7342.734,,,,6668,,2778,,,2778,,,,,,,1.10119,AHSTAT,,
JPN,Japan,1934,7698.418,,,,6991,,2953,,,2953,,,,,,,1.10119,AHSTAT,,
JPN,Japan,1935,7860.293,,,,7138,,2971,,,2971,,,,,,,1.10119,AHSTAT,,
JPN,Japan,1936,8613.507,,,,7822,,3247,,,3247,,,,,,,1.10119,AHSTAT,,
JPN,Japan,1937,10568.12,,,,9597,,4055,,,4055,,,,,,,1.10119,AHSTAT,,
JPN,Japan,1938,13235.2,,,,12019,,5301,,,5301,,,,,,,1.10119,AHSTAT,,
JPN,Japan,1939,18818.23,,,,17089,,7625,,,7625,,,,,,,1.10119,AHSTAT,,
JPN,Japan,1940,23687.7,,,,21511,,9581,,,9581,,,,,,,1.10119,AHSTAT,,
JPN,Japan,1941,29479.95,,,,26771,,12276,,,12276,,,,,,,1.10119,AHSTAT,,
JPN,Japan,1942,37806.05,,,,34332,,15363,,,15363,,,,,,,1.10119,AHSTAT,,
JPN,Japan,1943,46234.56,,,,41986,,20027,,,20027,,,,,,,1.10119,AHSTAT,,
JPN,Japan,1944,81132.37,,,,73677,,37752,,,37752,,,,,,,1.10119,AHSTAT,,
JPN,Japan,1945,410345.2,,,,372638,,96336,,,96000,,,,,,,1.10119,AHSTAT,,
JPN,Japan,1946,225382.7,,,,204672,,169000,,,169000,,,,,,,1.10119,AHSTAT,,
JPN,Japan,1947,460105.8,,,,417826,,352000,,,352000,,,,,,,1.10119,AHSTAT,,
JPN,Japan,1948,827649.9,,,,751596,,636000,,,636000,618000,,,,,,1.10119,AHSTAT,,
JPN,Japan,1949,975708.2,,,,886049,,698000,,,698000,678000,,,,,,1.10119,AHSTAT,,
JPN,Japan,1950,1194410,,,,1084654,,802000,,,802000,789000,,,,,,1.10119,AHSTAT,,
JPN,Japan,1951,1571993,,,,1427540,,1057000,,,1057000,1048000,,,,,,1.10119,AHSTAT,,
JPN,Japan,1952,2071230,,,,1880902,,1287000,,,1287000,1265000,,,,,,1.10119,AHSTAT,,
JPN,Japan,1953,2335199,,,,2120614,,1677000,,,1459000,1937000,,,,,,1.10119,AHSTAT,,
JPN,Japan,1954,2434996,,,,2211241,,1737000,,,1737000,2013000,,,,,,1.10119,AHSTAT,1,1
JPN,Japan,1955,2811863,,,,2553477,,1958000,,,2025800,2331000,,2811863,,,,1,OECD_MEI,,
JPN,Japan,1956,3140114,,,,3229104,,2341000,,,2276100,2714000,,3140114,,,,1,OECD_MEI,,
JPN,Japan,1957,3274692,,,,3550987,,2419000,,,2382200,2824000,,3274692,,,,1,OECD_MEI,,
JPN,Japan,1958,3671846,,,,3910764,,2700000,,,2670600,3185000,,3671846,,,,1,OECD_MEI,,
JPN,Japan,1959,4328225,,,,4258146,,3102000,,,3159500,3711000,,4328225,,,,1,OECD_MEI,,
JPN,Japan,1960,5266547,,,,5070530,,3726000,,,3827600,4150000,,5266547,,,,1,OECD_MEI,,
JPN,Japan,1961,6403508,,,,5959740,,5058000,,,4586500,4910000,,6403508,,,,1,OECD_MEI,,
JPN,Japan,1962,7561202,,,,6957441,,5960000,,,5541700,5720000,,7561202,,,,1,OECD_MEI,,
JPN,Japan,1963,9563113,,,,9446028,,5976667,,,7029800,7700000,,9563113,,,,1,OECD_MEI,,
JPN,Japan,1964,1.08e+07,,,,10627944,,7011875,,,7952900,8700000,,10806470,,,,1,OECD_MEI,,
JPN,Japan,1965,1.28e+07,,,,12043636,,8037741,,,9426400,10300000,,12771760,,,,1,OECD_MEI,,
JPN,Japan,1966,1.45e+07,,,,13528500,,9269225,,,1.07e+07,11700000,,14545610,,,,1,OECD_MEI,,
JPN,Japan,1967,1.66e+07,,,,14920700,,1.07e+07,,,1.21e+07,13400000,,16597300,,,,1,OECD_MEI,,
JPN,Japan,1968,1.88e+07,,,,17282200,,1.25e+07,,,1.41e+07,15200000,,18814860,,,,1,OECD_MEI,,
JPN,Japan,1969,2.27e+07,,,,20300000,,1.49e+07,,,1.70e+07,18300000,,22697640,,,,1,OECD_MEI,,
JPN,Japan,1970,2.65e+07,,,,23233400,,1.80e+07,,,1.99e+07,21400000,,26517720,,,,1,OECD_MEI,,
JPN,Japan,1971,3.44e+07,,,,,,2.21e+07,,,2.59e+07,27700000,,34380850,,,,1,OECD_MEI,,
JPN,Japan,1972,4.29e+07,,,,,,3.22e+07,,,3.17e+07,34500000,,42863990,,,,1,OECD_MEI,,
JPN,Japan,1973,5.00e+07,,,,,,3.77e+07,,,3.79e+07,40300000,,50046530,,,,1,OECD_MEI,,
JPN,Japan,1974,5.44e+07,,,,,,4.21e+07,,,4.24e+07,45000000,,54352780,,,,1,OECD_MEI,,
JPN,Japan,1975,6.04e+07,,,,,,4.69e+07,,,4.70e+07,49900000,,60432260,,,,1,OECD_MEI,,
JPN,Japan,1976,6.83e+07,,,,,,5.28e+07,,,5.30e+07,56200000,,68310540,,,,1,OECD_MEI,,
JPN,Japan,1977,7.31e+07,,,,,,5.71e+07,,,5.70e+07,60800000,,73132140,,,,1,OECD_MEI,,
JPN,Japan,1978,8.10e+07,,,,,,6.48e+07,,,6.37e+07,68900000,,81015500,,,,1,OECD_MEI,,
JPN,Japan,1979,8.74e+07,,,,,,6.68e+07,,,6.72e+07,71000000,,87377420,,,,1,OECD_MEI,,
JPN,Japan,1980,8.60e+07,,,,,,6.55e+07,,,6.58e+07,69600000,,86049890,,,,1,OECD_MEI,,
JPN,Japan,1981,9.48e+07,,,,,,7.21e+07,,,7.24e+07,76500000,,94779340,,,,1,OECD_MEI,,
JPN,Japan,1982,9.95e+07,,,,,,7.62e+07,,,7.65e+07,80900000,,99452580,,,,1,OECD_MEI,,
JPN,Japan,1983,1.02e+08,,,,,,7.60e+07,,,7.59e+07,80800000,,1.016e+08,,,,1,OECD_MEI,,
JPN,Japan,1984,1.07e+08,,,,,,8.13e+07,,,8.15e+07,86400000,,1.065e+08,,,,1,OECD_MEI,,
JPN,Japan,1985,1.11e+08,,,,,,8.42e+07,,,8.44e+07,89000000,,1.115e+08,,,,1,OECD_MEI,,
JPN,Japan,1986,1.21e+08,,,,,,9.34e+07,,,9.34e+07,98200000,,1.208e+08,,,,1,OECD_MEI,,
JPN,Japan,1987,1.29e+08,,,,,,9.82e+07,,,9.88e+07,1.030e+08,,1.290e+08,,,,1,OECD_MEI,,
JPN,Japan,1988,1.42e+08,,,,,,1.07e+08,,,1.07e+08,1.120e+08,,1.423e+08,,,,1,OECD_MEI,,
JPN,Japan,1989,1.39e+08,,,,,,1.09e+08,,,1.07e+08,1.140e+08,,1.394e+08,,,,1,OECD_MEI,,
JPN,Japan,1990,1.48e+08,,,,,,1.13e+08,,,1.14e+08,1.200e+08,,1.480e+08,,,,1,OECD_MEI,,
JPN,Japan,1991,1.61e+08,,,,,,1.23e+08,,,1.24e+08,1.310e+08,,1.609e+08,,,,1,OECD_MEI,,
JPN,Japan,1992,1.64e+08,,,,,,1.28e+08,,,1.28e+08,1.360e+08,,1.640e+08,,,,1,OECD_MEI,,
JPN,Japan,1993,1.70e+08,,,,,,1.36e+08,,,1.37e+08,1.460e+08,,1.696e+08,,,,1,OECD_MEI,,
JPN,Japan,1994,1.78e+08,,,,,,1.42e+08,,,1.41e+08,1.520e+08,,1.780e+08,,,,1,OECD_MEI,,
JPN,Japan,1995,2.01e+08,,,,,,1.60e+08,,,1.57e+08,1.720e+08,,2.007e+08,,,,1,OECD_MEI,,
JPN,Japan,1996,2.21e+08,,,,,,1.88e+08,,,1.77e+08,1.880e+08,,2.208e+08,,,,1,OECD_MEI,,
JPN,Japan,1997,2.40e+08,,,,,,2.04e+08,,,1.93e+08,2.040e+08,,2.404e+08,,,,1,OECD_MEI,,
JPN,Japan,1998,2.55e+08,,,,,,,,,2.04e+08,2.140e+08,,2.551e+08,,,,1,OECD_MEI,,
JPN,Japan,1999,2.85e+08,,,,,,,,,2.29e+08,2.400e+08,,2.852e+08,,,,1,OECD_MEI,,
JPN,Japan,2000,2.97e+08,2.479e+08,,,,,,,,2.35e+08,2.480e+08,,2.970e+08,,,,1,OECD_MEI,,
JPN,Japan,2001,3.37e+08,2.818e+08,,,,,,,,2.75e+08,2.820e+08,,3.373e+08,,,,1,OECD_MEI,,
JPN,Japan,2002,4.22e+08,3.480e+08,,,,,,,,3.42e+08,3.480e+08,,4.223e+08,,,,1,OECD_MEI,,
JPN,Japan,2003,4.41e+08,4.518e+08,,,,,,,,4.45e+08,3.630e+08,,4.412e+08,,,,1,OECD_MEI,,
JPN,Japan,2004,4.60e+08,4.709e+08,,,,,,,,4.64e+08,3.780e+08,,4.602e+08,,,,1,OECD_MEI,,
JPN,Japan,2005,4.84e+08,4.951e+08,,,,,,,,4.87e+08,3.990e+08,,4.838e+08,,,,1,OECD_MEI,,
JPN,Japan,2006,4.84e+08,4.953e+08,,,,,,,,4.80e+08,4.953e+08,,4.842e+08,,,,1,OECD_MEI,,
JPN,Japan,2007,4.87e+08,4.987e+08,,,,,,,,4.93e+08,4.987e+08,,4.868e+08,,,,1,OECD_MEI,,
JPN,Japan,2008,4.82e+08,4.939e+08,,,,,,,,4.88e+08,4.939e+08,,4.818e+08,,,,1,OECD_MEI,,
JPN,Japan,2009,4.87e+08,4.986e+08,,,,,,,,4.94e+08,4.986e+08,,4.867e+08,,,,1,OECD_MEI,,
JPN,Japan,2010,5.01e+08,5.153e+08,,,,,,,,5.10e+08,5.153e+08,,5.015e+08,,,,1,OECD_MEI,,
JPN,Japan,2011,5.28e+08,5.414e+08,,,,,,,,5.34e+08,,,5.280e+08,,,,1,OECD_MEI,,
JPN,Japan,2012,5.46e+08,5.602e+08,,,,,,,,5.54e+08,,,5.457e+08,,,,1,OECD_MEI,,
JPN,Japan,2013,5.77e+08,5.919e+08,,,,,,,,5.87e+08,,,5.769e+08,,,,1,OECD_MEI,,
JPN,Japan,2014,6.04e+08,6.178e+08,,,,,,,,6.12e+08,,,6.036e+08,,,,1,OECD_MEI,,
JPN,Japan,2015,6.31e+08,6.449e+08,,,,,,,,6.40e+08,,,6.306e+08,,,,1,OECD_MEI,,
JPN,Japan,2016,6.88e+08,7.012e+08,,,,,,,,6.93e+08,,,6.878e+08,,,,1,OECD_MEI,,
JPN,Japan,2017,7.35e+08,7.471e+08,,,,,,,,7.31e+08,,,7.346e+08,,,,1,OECD_MEI,,
JPN,Japan,2018,7.74e+08,7.874e+08,,,,,,,,7.85e+08,,,7.743e+08,,,,1,OECD_MEI,,
JPN,Japan,2019,8.18e+08,8.295e+08,,,,,,,,8.28e+08,,,8.180e+08,,,,1,OECD_MEI,,
JPN,Japan,2020,9.31e+08,9.439e+08,,,,,,,,9.43e+08,,,9.314e+08,,,,1,OECD_MEI,,
JPN,Japan,2021,9.95e+08,1.007e+09,,,,,,,,,,,9.952e+08,,,,1,OECD_MEI,,
JPN,Japan,2022,1.04e+09,1.051e+09,,,,,,,,,,,1.043e+09,,,,1,OECD_MEI,,
JPN,Japan,2023,1.08e+09,1.092e+09,,,,,,,,,,,1.083e+09,,,,1,OECD_MEI,,
JPN,Japan,2024,1.10e+09,,,,,,,,,,,,1.097e+09,,,,1,OECD_MEI,,
KAZ,Kazakhstan,2000,195441.5,195441.55,,,,,,,,,,,,,,,1,ADB,,
KAZ,Kazakhstan,2001,224234.5,224234.5,,,,,,,,,,,,,,,1,ADB,,
KAZ,Kazakhstan,2002,287292.4,287292.41,,,,,,,,,,,,,,,1,ADB,,
KAZ,Kazakhstan,2003,412138.9,412138.86,,,,,,,,,,,,,,,1,ADB,,
KAZ,Kazakhstan,2004,680632.6,680632.56,,,,,,,,,,,,,,,1,ADB,,
KAZ,Kazakhstan,2005,799439.6,799439.63,,,,,,,,,,,,,,,1,ADB,,
KAZ,Kazakhstan,2006,1281549,1281548.9,,,,,,,,,,,,,,,1,ADB,,
KAZ,Kazakhstan,2007,1532689,1532689,,,,,,,,,,,,,,,1,ADB,,
KAZ,Kazakhstan,2008,1947570,1947570,,,,,,,,,,,,,,,1,ADB,,
KAZ,Kazakhstan,2009,2457677,2457677,,,,,,,,,,,,,,,1,ADB,,
KAZ,Kazakhstan,2010,3116049,3116049,,,,,,,,,,,,,,,1,ADB,,
KAZ,Kazakhstan,2011,3844996,3844996,,,,,,,,,,,,,,,1,ADB,,
KAZ,Kazakhstan,2012,3880611,3880611,,,,,,,,,,,,,,,1,ADB,,
KAZ,Kazakhstan,2013,3518418,3518418,,,,,,,,,,,,,,,1,ADB,,
KAZ,Kazakhstan,2014,2980974,2980974,,,,,,,,,,,,,,,1,ADB,,
KAZ,Kazakhstan,2015,3032711,3032711,,,,,,,,,,,,,,,1,ADB,,
KAZ,Kazakhstan,2016,4589768,4589768,,,,,,,,,,,,,,,1,ADB,,
KAZ,Kazakhstan,2017,4967992,4967992,,,,,,,,,,,,,,,1,ADB,,
KAZ,Kazakhstan,2018,5605006,5605006,,,,,,,,,,,,,,,1,ADB,,
KAZ,Kazakhstan,2019,5928085,5928085,,,,,,,,,,,,,,,1,ADB,,
KAZ,Kazakhstan,2020,7186951,7186950.9,,,,,,,,,,,,,,,1,ADB,,
KEN,Kenya,1966,1333.593,,,,,,,,,,1333,,,,,,1.000445,Mitchell,,
KEN,Kenya,1967,1410.627,,,,,,,,,,1410,,,,,,1.000445,Mitchell,,
KEN,Kenya,1968,1627.724,,,,,,,,,,1627,,,,,,1.000445,Mitchell,,
KEN,Kenya,1969,1801.801,,,,,,,,,,1801,,,,,,1.000445,Mitchell,,
KEN,Kenya,1970,2226.99,,,,,,,,,,2226,,,,,,1.000445,Mitchell,,
KEN,Kenya,1971,2372.055,,,,,,,,,,2371,,,,,,1.000445,Mitchell,,
KEN,Kenya,1972,2805.248,,,,,,,,,,2804,,,,,,1.000445,Mitchell,,
KEN,Kenya,1973,3450.534,,,,,,,,,,3449,,,,,,1.000445,Mitchell,,
KEN,Kenya,1974,3756.671,,,,,,,,,,3755,,,,,,1.000445,Mitchell,,
KEN,Kenya,1975,4144.843,,,,,,,,,,4143,,,,,,1.000445,Mitchell,,
KEN,Kenya,1976,5122.278,,,,,,,,,,5120,,,,,,1.000445,Mitchell,,
KEN,Kenya,1977,7336.262,,,,,,,,,,7333,,,,,,1.000445,Mitchell,,
KEN,Kenya,1978,7882.505,,,,,,,,,,7879,,,,,,1.000445,Mitchell,,
KEN,Kenya,1979,9182.083,,,,,,,,,,9178,,,,,,1.000445,Mitchell,1,1
KEN,Kenya,1980,8433.75,,8433.75,,,,,,,,8430,,,,,,1,AFDB,,
KEN,Kenya,1981,9404.17,,9404.17,,,,,,,,9410,,,,,,1,AFDB,,
KEN,Kenya,1982,10634.9,,10634.9,,,,,,,,10600,,,,,,1,AFDB,,
KEN,Kenya,1983,11472.7,,11472.7,,,,,,,,11500,,,,,,1,AFDB,,
KEN,Kenya,1984,13095,,13095,,,,,,,,13100,,,,,,1,AFDB,,
KEN,Kenya,1985,12922.7,,12922.7,,,,,,,,12900,,,,,,1,AFDB,,
KEN,Kenya,1986,17522,,17522,,,,,,,,17500,,,,,,1,AFDB,,
KEN,Kenya,1987,18916.5,,18916.5,,,,,,,,18900,,,,,,1,AFDB,,
KEN,Kenya,1988,19159.9,,19159.9,,,,,,,,19200,,,,,,1,AFDB,,
KEN,Kenya,1989,21646.6,,21646.6,,,,,,,,21600,,,,,,1,AFDB,,
KEN,Kenya,1990,27528.7,,27528.7,,,,,,,,27500,,,,,,1,AFDB,,
KEN,Kenya,1991,31666.8,,31666.8,,,,,,,,31700,,,,,,1,AFDB,,
KEN,Kenya,1992,46576.8,,46576.8,,,,,,,,46600,,,,,,1,AFDB,,
KEN,Kenya,1993,59322.2,,59322.2,,,,,,,,59300,,,,,,1,AFDB,,
KEN,Kenya,1994,62406.6,,62406.6,,,,,,,,66800,,,,,,1,AFDB,,
KEN,Kenya,1995,66524.5,,66524.5,,,,,,,,69300,,,,,,1,AFDB,,
KEN,Kenya,1996,76237.6,,76237.6,,,,,,,,79000,,,,,,1,AFDB,,
KEN,Kenya,1997,89487.1,,89487.1,,,,,,,,91000,,,,,,1,AFDB,,
KEN,Kenya,1998,93489.1,,93489.1,,,,,,,,94100,,,,,,1,AFDB,,
KEN,Kenya,1999,109067,,109067,,,,,,,,110000,,,,,,1,AFDB,,
KEN,Kenya,2000,359646.6,,359646.58,,,,,,,,119000,,,,,,1,AFDB,,
KEN,Kenya,2001,368150.4,,368150.42,,,,,,,,126000,,,,,,1,AFDB,,
KEN,Kenya,2002,404818.4,,404818.45,,,,,,,,149000,,,,,,1,AFDB,,
KEN,Kenya,2003,451222.8,,451222.76,,,,,,,,193000,,,,,,1,AFDB,,
KEN,Kenya,2004,511472.8,,511472.85,,,,,,,,209000,,,,,,1,AFDB,,
KEN,Kenya,2005,558343.6,,558343.64,,,,,,,,231000,,,,,,1,AFDB,,
KEN,Kenya,2006,653115,,653114.98,,,,,,,,291789.47,,,,,,1,AFDB,,
KEN,Kenya,2007,777771.2,,777771.19,,,,,,,,373309.71,,,,,,1,AFDB,,
KEN,Kenya,2008,901055.2,,901055.16,,,,,,,,392855.96,,,,,,1,AFDB,,
KEN,Kenya,2009,1045657,,1045656.9,,,,,,,,442245.11,,,,,,1,AFDB,,
KEN,Kenya,2010,1271638,,1271638.4,,,,,,,,577205.86,,,,,,1,AFDB,,
KEN,Kenya,2011,1514152,,1514151.7,,,,,,,,,,,,,,1,AFDB,,
KEN,Kenya,2012,1727429,,1727429.1,,,,,,,,,,,,,,1,AFDB,,
KEN,Kenya,2013,1996347,,1996346.9,,,,,,,,,,,,,,1,AFDB,,
KEN,Kenya,2014,2330085,,2330084.6,,,,,,,,,,,,,,1,AFDB,,
KEN,Kenya,2015,2658272,,2658271.6,,,,,,,,,,,,,,1,AFDB,,
KEN,Kenya,2016,3080045,,3080044.6,,,,,,,,,,,,,,1,AFDB,,
KEN,Kenya,2017,3614899,,3614898.7,,,,,,,,,,,,,,1,AFDB,,
KEN,Kenya,2018,4156954,,4156954.1,,,,,,,,,,,,,,1,AFDB,,
KGZ,Kyrgyzstan,2000,4615.265,4615.2652,,,,,,,,,,,,,,,1,ADB,,
KGZ,Kyrgyzstan,2001,5559.938,5559.9377,,,,,,,,,,,,,,,1,ADB,,
KGZ,Kyrgyzstan,2002,7784.559,7784.559,,,,,,,,,,,,,,,1,ADB,,
KGZ,Kyrgyzstan,2003,10515.74,10515.743,,,,,,,,,,,,,,,1,ADB,,
KGZ,Kyrgyzstan,2004,12891.56,12891.561,,,,,,,,,,,,,,,1,ADB,,
KGZ,Kyrgyzstan,2005,15014.12,15014.12,,,,,,,,,,,,,,,1,ADB,,
KGZ,Kyrgyzstan,2006,22689.99,22689.992,,,,,,,,,,,,,,,1,ADB,,
KGZ,Kyrgyzstan,2007,31555.22,31555.223,,,,,,,,,,,,,,,1,ADB,,
KGZ,Kyrgyzstan,2008,34270.22,34270.217,,,,,,,,,,,,,,,1,ADB,,
KGZ,Kyrgyzstan,2009,40181.7,40181.698,,,,,,,,,,,,,,,1,ADB,,
KGZ,Kyrgyzstan,2010,50092.84,50092.843,,,,,,,,,,,,,,,1,ADB,,
KGZ,Kyrgyzstan,2011,56946.26,56946.263,,,,,,,,,,,,,,,1,ADB,,
KGZ,Kyrgyzstan,2012,70220.74,70220.744,,,,,,,,,,,,,,,1,ADB,,
KGZ,Kyrgyzstan,2013,79707.63,79707.625,,,,,,,,,,,,,,,1,ADB,,
KGZ,Kyrgyzstan,2014,69264.53,69264.53,,,,,,,,,,,,,,,1,ADB,,
KGZ,Kyrgyzstan,2015,70452.71,70452.709,,,,,,,,,,,,,,,1,ADB,,
KGZ,Kyrgyzstan,2016,97656.63,97656.628,,,,,,,,,,,,,,,1,ADB,,
KGZ,Kyrgyzstan,2017,118144.1,118144.06,,,,,,,,,,,,,,,1,ADB,,
KGZ,Kyrgyzstan,2018,121631.9,121631.93,,,,,,,,,,,,,,,1,ADB,,
KGZ,Kyrgyzstan,2019,139682.1,139682.11,,,,,,,,,,,,,,,1,ADB,,
KGZ,Kyrgyzstan,2020,174214,174213.95,,,,,,,,,,,,,,,1,ADB,,
KHM,Cambodia,2000,539638.6,539638.58,,,,,,,,,,,,,,,1,ADB,,
KHM,Cambodia,2001,612054.7,612054.69,,,,,,,,,,,,,,,1,ADB,,
KHM,Cambodia,2002,816966.7,816966.71,,,,,,,,,,,,,,,1,ADB,,
KHM,Cambodia,2003,946945.3,946945.23,,,,,,,,,,,,,,,1,ADB,,
KHM,Cambodia,2004,2653626,2653626,,,,,,,,,,,,,,,1,ADB,,
KHM,Cambodia,2005,2917204,2917203.5,,,,,,,,,,,,,,,1,ADB,,
KHM,Cambodia,2006,4024161,4024160.4,,,,,,,,,,,,,,,1,ADB,,
KHM,Cambodia,2007,4152217,4152217,,,,,,,,,,,,,,,1,ADB,,
KHM,Cambodia,2008,4546743,4546742.8,,,,,,,,,,,,,,,1,ADB,,
KHM,Cambodia,2009,5581238,5581237.3,,,,,,,,,,,,,,,1,ADB,,
KHM,Cambodia,2010,6133732,6133731.6,,,,,,,,,,,,,,,1,ADB,,
KHM,Cambodia,2011,6745987,6745986.3,,,,,,,,,,,,,,,1,ADB,,
KHM,Cambodia,2012,8897580,8897579.7,,,,,,,,,,,,,,,1,ADB,,
KHM,Cambodia,2013,1.17e+07,11679955,,,,,,,,,,,,,,,1,ADB,,
KHM,Cambodia,2014,1.42e+07,14210800,,,,,,,,,,,,,,,1,ADB,,
KHM,Cambodia,2015,1.50e+07,15010488,,,,,,,,,,,,,,,1,ADB,,
KHM,Cambodia,2016,1.74e+07,17372610,,,,,,,,,,,,,,,1,ADB,,
KHM,Cambodia,2017,2.33e+07,23260051,,,,,,,,,,,,,,,1,ADB,,
KHM,Cambodia,2018,2.85e+07,28459940,,,,,,,,,,,,,,,1,ADB,,
KHM,Cambodia,2019,3.56e+07,35590702,,,,,,,,,,,,,,,1,ADB,,
KNA,Saint Kitts and Nevis,1993,69.8,,,,,,,69.8,,,,,,,,,1,ECLAC,,
KNA,Saint Kitts and Nevis,1994,68.5,,,,,,,68.5,,,,,,,,,1,ECLAC,,
KNA,Saint Kitts and Nevis,1995,75.3,,,,,,,75.3,,,,,,,,,1,ECLAC,,
KNA,Saint Kitts and Nevis,1996,83.9,,,,,,,83.9,,,,,,,,,1,ECLAC,,
KNA,Saint Kitts and Nevis,1997,82.2,,,,,,,82.2,,,,,,,,,1,ECLAC,,
KNA,Saint Kitts and Nevis,1998,91.4,,,,,,,91.4,,,,,,,,,1,ECLAC,,
KNA,Saint Kitts and Nevis,1999,109.5,,,,,,,109.5,,,,,,,,,1,ECLAC,,
KNA,Saint Kitts and Nevis,2000,120.4,,,,,,,120.4,,,,,,,,,1,ECLAC,,
KNA,Saint Kitts and Nevis,2001,132.6,,,,,,,132.6,,,,,,,,,1,ECLAC,,
KNA,Saint Kitts and Nevis,2002,128.3,,,,,,,128.3,,,,,,,,,1,ECLAC,,
KNA,Saint Kitts and Nevis,2003,144.8,,,,,,,144.8,,,,,,,,,1,ECLAC,,
KNA,Saint Kitts and Nevis,2004,179,,,,,,,179,,,,,,,,,1,ECLAC,,
KNA,Saint Kitts and Nevis,2005,184.7,,,,,,,184.7,,,,,,,,,1,ECLAC,,
KNA,Saint Kitts and Nevis,2006,214.5,,,,,,,214.5,,,,,,,,,1,ECLAC,,
KNA,Saint Kitts and Nevis,2007,236.5,,,,,,,236.5,,,,,,,,,1,ECLAC,,
KNA,Saint Kitts and Nevis,2008,268.9,,,,,,,268.9,,,,,,,,,1,ECLAC,,
KNA,Saint Kitts and Nevis,2009,260.5,,,,,,,260.5,,,,,,,,,1,ECLAC,,
KNA,Saint Kitts and Nevis,2010,361,,,,,,,361,,,,,,,,,1,ECLAC,,
KNA,Saint Kitts and Nevis,2011,485.5,,,,,,,485.5,,,,,,,,,1,ECLAC,,
KNA,Saint Kitts and Nevis,2012,541.3,,,,,,,541.3,,,,,,,,,1,ECLAC,,
KNA,Saint Kitts and Nevis,2013,521.1,,,,,,,521.1,,,,,,,,,1,ECLAC,,
KNA,Saint Kitts and Nevis,2014,582.1,,,,,,,582.1,,,,,,,,,1,ECLAC,,
KNA,Saint Kitts and Nevis,2015,624.3,,,,,,,624.3,,,,,,,,,1,ECLAC,,
KNA,Saint Kitts and Nevis,2016,567.4,,,,,,,567.4,,,,,,,,,1,ECLAC,,
KNA,Saint Kitts and Nevis,2017,564.7,,,,,,,564.7,,,,,,,,,1,ECLAC,,
KNA,Saint Kitts and Nevis,2018,552.9,,,,,,,552.9,,,,,,,,,1,ECLAC,,
KNA,Saint Kitts and Nevis,2019,634.1,,,,,,,634.1,,,,,,,,,1,ECLAC,,
KNA,Saint Kitts and Nevis,2020,589.5,,,,,,,589.5,,,,,,,,,1,ECLAC,,
KOR,South Korea,1906,28.22003,,,,,,,,,,,,,29.93,,,.9428677,CS2,,
KOR,South Korea,1907,32.34885,,,,,,,,,,,,,34.309,,,.9428677,CS2,,
KOR,South Korea,1908,27.31582,,,,,,,,,,,,,28.971,,,.9428677,CS2,,
KOR,South Korea,1909,32.84103,,,,,,,,,,,,,34.831,,,.9428677,CS2,,
KOR,South Korea,1910,38.57743,,,,,,,,,,,,,40.915,,,.9428677,CS2,,
KOR,South Korea,1911,44.20918,,,,,,,,,,,,,46.888,,,.9428677,CS2,,
KOR,South Korea,1912,44.62404,,,,,,,,,,,,,47.328,,,.9428677,CS2,,
KOR,South Korea,1913,44.09887,,,,,,,,,,,,,46.771,,,.9428677,CS2,,
KOR,South Korea,1914,40.40471,,,,,,,,,,,,,42.853,,,.9428677,CS2,,
KOR,South Korea,1915,56.83324,,,,,,,,,,,,,60.277,,,.9428677,CS2,,
KOR,South Korea,1916,71.37037,,,,,,,,,,,,,75.695,,,.9428677,CS2,,
KOR,South Korea,1917,88.73045,,,,,,,,,,,,,94.107,,,.9428677,CS2,,
KOR,South Korea,1918,136.0926,,,,,,,,,,,,,144.339,,,.9428677,CS2,,
KOR,South Korea,1919,176.8047,,,,,,,,,,,,,187.518,,,.9428677,CS2,,
KOR,South Korea,1920,138.4149,,,,,,,,,,,,,146.802,,,.9428677,CS2,,
KOR,South Korea,1921,165.8118,,,,,,,,,,,,,175.859,,,.9428677,CS2,,
KOR,South Korea,1922,139.9583,,,,,,,,,,,,,148.439,,,.9428677,CS2,,
KOR,South Korea,1923,146.3576,,,,,,,,,,,,,155.226,,,.9428677,CS2,,
KOR,South Korea,1924,161.4359,,,,,,,,,,,,,171.218,,,.9428677,CS2,,
KOR,South Korea,1925,147.1798,,,,,,,,,,,,,156.098,,,.9428677,CS2,,
KOR,South Korea,1926,149.75,,,,,,,,,,,,,158.824,,,.9428677,CS2,,
KOR,South Korea,1927,161.6594,,,,,,,,,,,,,171.455,,,.9428677,CS2,,
KOR,South Korea,1928,151.6961,,,,,,,,,,,,,160.888,,,.9428677,CS2,,
KOR,South Korea,1929,187.3318,,,,,,,,,,,,,198.683,,,.9428677,CS2,,
KOR,South Korea,1930,156.2096,,,,,,,,,,,,,165.675,,,.9428677,CS2,,
KOR,South Korea,1931,168.6658,,,,,,,,,,,,,178.886,,,.9428677,CS2,,
KOR,South Korea,1932,200.6903,,,,,,,,,,,,,212.851,,,.9428677,CS2,,
KOR,South Korea,1933,193.8866,,,,,,,,,,,,,205.635,,,.9428677,CS2,,
KOR,South Korea,1934,223.1617,,,,,,,,,,,,,236.684,,,.9428677,CS2,,
KOR,South Korea,1935,236.9587,,,,,,,,,,,,,251.317,,,.9428677,CS2,,
KOR,South Korea,1936,252.0031,,,,,,,,,,,,,267.273,,,.9428677,CS2,,
KOR,South Korea,1937,350.4592,,,,,,,,,,,,,371.695,,,.9428677,CS2,,
KOR,South Korea,1938,460.1638,,,,,,,,,,,,,488.047,,,.9428677,CS2,,
KOR,South Korea,1939,703.0691,,,,,,,,,,,,,745.671,,,.9428677,CS2,,
KOR,South Korea,1940,935.3672,,,,,,,,,,,,,992.045,,,.9428677,CS2,,
KOR,South Korea,1941,1152.05,,,,,,,,,,,,,1221.857,,,.9428677,CS2,,
KOR,South Korea,1942,1370.232,,,,,,,,,,,,,1453.26,,,.9428677,CS2,,
KOR,South Korea,1943,2067.602,,,,,,,,,,,,,2192.887,,,.9428677,CS2,,
KOR,South Korea,1944,3838.585,,,,,,,,,,,,,4071.181,,,.9428677,CS2,,
KOR,South Korea,1945,,,,,,,,,,,,,,,,,.9428677,CS2,,
KOR,South Korea,1946,19.66537,,,,,,,,,,,,,20.856982,,,.9428677,CS2,,
KOR,South Korea,1947,43.56392,,,,,,,,,,,,,46.20364,,,.9428677,CS2,,
KOR,South Korea,1948,61.31545,,,,,,,,,,70,,,65.030807,,,.9428677,CS2,,
KOR,South Korea,1949,106.6853,,,,,,,,,,130,,,113.14986,,,.9428677,CS2,,
KOR,South Korea,1950,249.4023,,,,,,,,,,290,,,264.51468,,,.9428677,CS2,,
KOR,South Korea,1951,643.4598,,,,,,,,,,730,,,682.44977,,,.9428677,CS2,,
KOR,South Korea,1952,1261.988,,,,,,,,,,1430,,,1338.4573,,,.9428677,CS2,,
KOR,South Korea,1953,2670.746,,,,,,,,,,3030,,,2832.5776,,,.9428677,CS2,,
KOR,South Korea,1954,5116.58,,,,,,,,,,5840,,,5426.6152,,,.9428677,CS2,,
KOR,South Korea,1955,8239.086,,,,,,,,,,9500,,,8738.3271,,,.9428677,CS2,,
KOR,South Korea,1956,10653.12,,,,,,,,,,12500,,,11298.636,,,.9428677,CS2,,
KOR,South Korea,1957,12790.44,,,,,,,,,,15500,,,13565.463,,,.9428677,CS2,,
KOR,South Korea,1958,16963.32,,,,,,,,,,19600,,,17991.203,,,.9428677,CS2,,
KOR,South Korea,1959,20514.24,,,,,,,,,,21100,,,21757.289,,,.9428677,CS2,1,1
KOR,South Korea,1960,21591.67,,,,,,,,,,22800,,21591.67,22900,,,1,OECD_MEI,,
KOR,South Korea,1961,27625,,,,,,,,,,35800,,27625,36000,,,1,OECD_MEI,,
KOR,South Korea,1962,40158.33,,,,,,,,,,39400,,40158.33,40000,,,1,OECD_MEI,,
KOR,South Korea,1963,41908.33,,,,,,,,,,41900,,41908.33,42100,,,1,OECD_MEI,,
KOR,South Korea,1964,46383.33,,,,,,,,,,48900,,46383.33,49100,,,1,OECD_MEI,,
KOR,South Korea,1965,57766.67,,,,,,,,,,65600,,57766.67,66900,,,1,OECD_MEI,,
KOR,South Korea,1966,75750,,,,,,,,,,85000,,75750,86400,,,1,OECD_MEI,,
KOR,South Korea,1967,104700,,,,,,,,,,123000,,104700,124300,,,1,OECD_MEI,,
KOR,South Korea,1968,148458.3,,,,,,,,,,179000,,148458.3,179900,,,1,OECD_MEI,,
KOR,South Korea,1969,208258.3,,,,,,,,,,252000,,208258.3,254600,,,1,OECD_MEI,,
KOR,South Korea,1970,289008.3,,,,,,,,,,308000,,289008.3,334500,,,1,OECD_MEI,,
KOR,South Korea,1971,350600,,,,,,,,,,358000,,350600,386700,,,1,OECD_MEI,,
KOR,South Korea,1972,441191.7,,,,,,,,,,519000,,441191.7,541100,,,1,OECD_MEI,,
KOR,South Korea,1973,646883.3,,,,,,,,,,730000,,646883.3,755700,,,1,OECD_MEI,,
KOR,South Korea,1974,792158.3,,,,,,,,,,946000,,792158.3,959200,,,1,OECD_MEI,,
KOR,South Korea,1975,1028383,,,,,,,,,,1182000,,1028383,1201900,,,1,OECD_MEI,,
KOR,South Korea,1976,1297033,,,,,,,,,,1544000,,1297033,1594900,,,1,OECD_MEI,,
KOR,South Korea,1977,1815217,,,,,,,,,,2173000,,1815217,2312900,,,1,OECD_MEI,,
KOR,South Korea,1978,2526092,,,,,,,,,,2714000,,2526092,3207800,,,1,OECD_MEI,,
KOR,South Korea,1979,3172625,,,,,,,,,,3275000,,3172625,3949400,,,1,OECD_MEI,,
KOR,South Korea,1980,4037383,,,,,,,,,,3810000,,4037383,4778700,,,1,OECD_MEI,,
KOR,South Korea,1981,5021017,,,,,,,,,,3980000,,5021017,5897900,,,1,OECD_MEI,,
KOR,South Korea,1982,7746384,,,,,,,,,,5800000,,7746384,9603200,,,1,OECD_MEI,,
KOR,South Korea,1983,1.00e+07,,,,,,,,,,6780000,,10029720,11168000,,,1,OECD_MEI,,
KOR,South Korea,1984,1.12e+07,,,,,,,,,,6820000,,11176410,11803400,,,1,OECD_MEI,,
KOR,South Korea,1985,1.27e+07,,,,,,,,,,7560000,,12651880,14497100,,,1,OECD_MEI,,
KOR,South Korea,1986,1.67e+07,,,,,,,,,,8810000,,16686280,19469100,,,1,OECD_MEI,,
KOR,South Korea,1987,2.12e+07,,,,,,,,,,10100000,,21192300,24543700,,,1,OECD_MEI,,
KOR,South Korea,1988,2.59e+07,,,,,,,,,,12200000,,25947160,29745100,,,1,OECD_MEI,,
KOR,South Korea,1989,3.02e+07,,,,,,,,,,14300000,,30182790,35677200,,,1,OECD_MEI,,
KOR,South Korea,1990,3.84e+07,,,,,,,,,,15900000,,38437010,44131700,,,1,OECD_MEI,,
KOR,South Korea,1991,4.65e+07,,,,,,,,,,21700000,,46452100,54204700,,,1,OECD_MEI,,
KOR,South Korea,1992,5.70e+07,,,,,,,,,,24600000,,56975380,64764900,,,1,OECD_MEI,,
KOR,South Korea,1993,6.96e+07,,,,,,,,,,29000000,,69573560,75893904,,,1,OECD_MEI,,
KOR,South Korea,1994,7.90e+07,,,,,,,,,,32500000,,79032380,87459904,,,1,OECD_MEI,,
KOR,South Korea,1995,8.99e+07,,,,,,,,,,38900000,,89857610,1.017e+08,,,1,OECD_MEI,,
KOR,South Korea,1996,1.02e+08,,,,,,,,,,39500000,,1.021e+08,1.148e+08,,,1,OECD_MEI,,
KOR,South Korea,1997,1.19e+08,,,,,,,,,,35000000,,1.193e+08,1.289e+08,,,1,OECD_MEI,,
KOR,South Korea,1998,1.13e+08,,,,,,,,,,35600000,,1.132e+08,1.217e+08,,,1,OECD_MEI,,
KOR,South Korea,1999,1.47e+08,,,,,,,,,,44300000,,1.471e+08,1.707e+08,,,1,OECD_MEI,,
KOR,South Korea,2000,1.82e+08,1.967e+08,,,,,,,,,46997000,,1.817e+08,1.967e+08,,,1,OECD_MEI,,
KOR,South Korea,2001,2.16e+08,2.467e+08,,,,,,,,,53505500,,2.158e+08,2.467e+08,,,1,OECD_MEI,,
KOR,South Korea,2002,2.66e+08,2.836e+08,,,,,,,,,63150500,,2.655e+08,2.836e+08,,,1,OECD_MEI,,
KOR,South Korea,2003,2.83e+08,2.990e+08,,,,,,,,,65480800,,2.828e+08,2.990e+08,,,1,OECD_MEI,,
KOR,South Korea,2004,3.06e+08,3.217e+08,,,,,,,,,68423400,,3.063e+08,3.217e+08,,,1,OECD_MEI,,
KOR,South Korea,2005,3.32e+08,3.323e+08,,,,,,,,,77273600,,3.321e+08,3.323e+08,,,1,OECD_MEI,,
KOR,South Korea,2006,3.35e+08,3.711e+08,,,,,,,,,85830800,,3.346e+08,3.711e+08,,,1,OECD_MEI,,
KOR,South Korea,2007,3.11e+08,3.164e+08,,,,,,,,,86677400,,3.115e+08,3.164e+08,,,1,OECD_MEI,,
KOR,South Korea,2008,3.09e+08,3.306e+08,,,,,,,,,92142900,,3.094e+08,3.306e+08,,,1,OECD_MEI,,
KOR,South Korea,2009,3.63e+08,3.894e+08,,,,,,,,,1.054e+08,,3.625e+08,3.894e+08,,,1,OECD_MEI,,
KOR,South Korea,2010,4.00e+08,4.278e+08,,,,,,,,,1.142e+08,,4.001e+08,4.278e+08,,,1,OECD_MEI,,
KOR,South Korea,2011,4.24e+08,4.421e+08,,,,,,,,,,,4.240e+08,4.421e+08,,,1,OECD_MEI,,
KOR,South Korea,2012,4.44e+08,4.700e+08,,,,,,,,,,,4.437e+08,4.700e+08,,,1,OECD_MEI,,
KOR,South Korea,2013,4.87e+08,5.156e+08,,,,,,,,,,,4.871e+08,5.156e+08,,,1,OECD_MEI,,
KOR,South Korea,2014,5.40e+08,5.858e+08,,,,,,,,,,,5.403e+08,5.858e+08,,,1,OECD_MEI,,
KOR,South Korea,2015,6.43e+08,7.085e+08,,,,,,,,,,,6.433e+08,7.085e+08,,,1,OECD_MEI,,
KOR,South Korea,2016,7.39e+08,7.955e+08,,,,,,,,,,,7.390e+08,,,,1,OECD_MEI,,
KOR,South Korea,2017,8.07e+08,8.499e+08,,,,,,,,,,,8.071e+08,,,,1,OECD_MEI,,
KOR,South Korea,2018,8.44e+08,8.659e+08,,,,,,,,,,,8.435e+08,,,,1,OECD_MEI,,
KOR,South Korea,2019,8.85e+08,9.529e+08,,,,,,,,,,,8.850e+08,,,,1,OECD_MEI,,
KOR,South Korea,2020,1.07e+09,1.198e+09,,,,,,,,,,,1.074e+09,,,,1,OECD_MEI,,
KOR,South Korea,2021,1.29e+09,1.372e+09,,,,,,,,,,,1.291e+09,,,,1,OECD_MEI,,
KOR,South Korea,2022,1.33e+09,1.237e+09,,,,,,,,,,,1.332e+09,,,,1,OECD_MEI,,
KOR,South Korea,2023,1.20e+09,1.246e+09,,,,,,,,,,,1.200e+09,,,,1,OECD_MEI,,
KOR,South Korea,2024,1.24e+09,,,,,,,,,,,,1.242e+09,,,,1,OECD_MEI,,
KWT,Kuwait,1961,21.5,,,,,,,,,,21.5,,,,,,1,Mitchell,,
KWT,Kuwait,1962,26.3,,,,,,,,,,26.3,,,,,,1,Mitchell,,
KWT,Kuwait,1963,104,,,,,,,,,,104,,,,,,1,Mitchell,,
KWT,Kuwait,1964,96.5,,,,,,,,,,96.5,,,,,,1,Mitchell,,
KWT,Kuwait,1965,89,,,,,,,,,,89,,,,,,1,Mitchell,,
KWT,Kuwait,1966,81.4,,,,,,,,,,81.4,,,,,,1,Mitchell,,
KWT,Kuwait,1967,124,,,,,,,,,,124,,,,,,1,Mitchell,,
KWT,Kuwait,1968,134,,,,,,,,,,134,,,,,,1,Mitchell,,
KWT,Kuwait,1969,120,,,,,,,,,,120,,,,,,1,Mitchell,,
KWT,Kuwait,1970,108,,,,,,,,,,108,,,,,,1,Mitchell,,
KWT,Kuwait,1971,95.2,,,,,,,,,,95.2,,,,,,1,Mitchell,,
KWT,Kuwait,1972,108,,,,,,,,,,108,,,,,,1,Mitchell,,
KWT,Kuwait,1973,142,,,,,,,,,,142,,,,,,1,Mitchell,,
KWT,Kuwait,1974,172,,,,,,,,,,172,,,,,,1,Mitchell,,
KWT,Kuwait,1975,196,,,,,,,,,,196,,,,,,1,Mitchell,,
KWT,Kuwait,1976,290,,,,,,,,,,290,,,,,,1,Mitchell,,
KWT,Kuwait,1977,394,,,,,,,,,,394,,,,,,1,Mitchell,,
KWT,Kuwait,1978,491,,,,,,,,,,491,,,,,,1,Mitchell,,
KWT,Kuwait,1979,636,,,,,,,,,,636,,,,,,1,Mitchell,,
KWT,Kuwait,1980,669,,,,,,,,,,669,,,,,,1,Mitchell,,
KWT,Kuwait,1981,721,,,,,,,,,,721,,,,,,1,Mitchell,,
KWT,Kuwait,1982,1290,,,,,,,,,,1290,,,,,,1,Mitchell,,
KWT,Kuwait,1983,1248,,,,,,,,,,1248,,,,,,1,Mitchell,,
KWT,Kuwait,1984,1180,,,,,,,,,,1180,,,,,,1,Mitchell,,
KWT,Kuwait,1985,968,,,,,,,,,,968,,,,,,1,Mitchell,,
KWT,Kuwait,1986,944,,,,,,,,,,944,,,,,,1,Mitchell,,
KWT,Kuwait,1987,979,,,,,,,,,,979,,,,,,1,Mitchell,,
KWT,Kuwait,1988,1036,,,,,,,,,,1036,,,,,,1,Mitchell,,
KWT,Kuwait,1989,958,,,,,,,,,,958,,,,,,1,Mitchell,,
KWT,Kuwait,1990,939,,,,,,,,,,939,,,,,,1,Mitchell,,
KWT,Kuwait,1991,,,,,,,,,,,,,,,,,1,Mitchell,,
KWT,Kuwait,1992,1230,,,,,,,,,,1230,,,,,,1,Mitchell,,
KWT,Kuwait,1993,1042,,,,,,,,,,1042,,,,,,1,Mitchell,,
KWT,Kuwait,1994,1126,,,,,,,,,,1126,,,,,,1,Mitchell,,
KWT,Kuwait,1995,1185,,,,,,,,,,1185,,,,,,1,Mitchell,,
KWT,Kuwait,1996,1243,,,,,,,,,,1243,,,,,,1,Mitchell,,
KWT,Kuwait,1997,1248,,,,,,,,,,1248,,,,,,1,Mitchell,,
KWT,Kuwait,1998,1143,,,,,,,,,,1143,,,,,,1,Mitchell,,
KWT,Kuwait,1999,1371,,,,,,,,,,1371,,,,,,1,Mitchell,,
KWT,Kuwait,2000,1468,,,,,,,,,,1468,,,,,,1,Mitchell,,
KWT,Kuwait,2001,1641,,,,,,,,,,1641,,,,,,1,Mitchell,,
KWT,Kuwait,2002,2067,,,,,,,,,,2067,,,,,,1,Mitchell,,
KWT,Kuwait,2003,2612,,,,,,,,,,2612,,,,,,1,Mitchell,,
KWT,Kuwait,2004,3174,,,,,,,,,,3174,,,,,,1,Mitchell,,
KWT,Kuwait,2005,3727,,,,,,,,,,3727,,,,,,1,Mitchell,,
KWT,Kuwait,2006,3550.259,,,,,,,,,,3550.2591,,,,,,1,Mitchell,,
KWT,Kuwait,2007,4146.749,,,,,,,,,,4146.7492,,,,,,1,Mitchell,,
KWT,Kuwait,2008,4370.317,,,,,,,,,,4370.3175,,,,,,1,Mitchell,,
KWT,Kuwait,2009,4713.967,,,,,,,,,,4713.9675,,,,,,1,Mitchell,,
KWT,Kuwait,2010,5625.022,,,,,,,,,,5625.0226,,,,,,1,Mitchell,,
LAO,Laos,2000,339660,339660,,,,,,,,,,,,,,,1,ADB,,
LAO,Laos,2001,367640,367640,,,,,,,,,,,,,,,1,ADB,,
LAO,Laos,2002,493090,493090,,,,,,,,,,,,,,,1,ADB,,
LAO,Laos,2003,698930,698930,,,,,,,,,,,,,,,1,ADB,,
LAO,Laos,2004,1059290,1059290,,,,,,,,,,,,,,,1,ADB,,
LAO,Laos,2005,1414910,1414910,,,,,,,,,,,,,,,1,ADB,,
LAO,Laos,2006,1998320,1998320,,,,,,,,,,,,,,,1,ADB,,
LAO,Laos,2007,3064720,3064720,,,,,,,,,,,,,,,1,ADB,,
LAO,Laos,2008,3715330,3715330,,,,,,,,,,,,,,,1,ADB,,
LAO,Laos,2009,4790520,4790520,,,,,,,,,,,,,,,1,ADB,,
LAO,Laos,2010,6260920,6260920,,,,,,,,,,,,,,,1,ADB,,
LAO,Laos,2011,7169270,7169270,,,,,,,,,,,,,,,1,ADB,,
LAO,Laos,2012,8543540,8543540,,,,,,,,,,,,,,,1,ADB,,
LAO,Laos,2013,8790890,8790890,,,,,,,,,,,,,,,1,ADB,,
LAO,Laos,2014,9346570,9346570,,,,,,,,,,,,,,,1,ADB,,
LAO,Laos,2015,9742540,9742540,,,,,,,,,,,,,,,1,ADB,,
LAO,Laos,2016,9006250,9006250,,,,,,,,,,,,,,,1,ADB,,
LAO,Laos,2017,1.07e+07,10741820,,,,,,,,,,,,,,,1,ADB,,
LAO,Laos,2018,1.13e+07,11327120,,,,,,,,,,,,,,,1,ADB,,
LAO,Laos,2019,1.38e+07,13785645,,,,,,,,,,,,,,,1,ADB,,
LBN,Lebanon,1950,400,,,,,,,,,,400,,,,,,1,Mitchell,,
LBN,Lebanon,1951,452,,,,,,,,,,452,,,,,,1,Mitchell,,
LBN,Lebanon,1952,424,,,,,,,,,,424,,,,,,1,Mitchell,,
LBN,Lebanon,1953,414,,,,,,,,,,414,,,,,,1,Mitchell,,
LBN,Lebanon,1954,478,,,,,,,,,,478,,,,,,1,Mitchell,,
LBN,Lebanon,1955,555,,,,,,,,,,555,,,,,,1,Mitchell,,
LBN,Lebanon,1956,627,,,,,,,,,,627,,,,,,1,Mitchell,,
LBN,Lebanon,1957,790,,,,,,,,,,790,,,,,,1,Mitchell,,
LBN,Lebanon,1958,827,,,,,,,,,,827,,,,,,1,Mitchell,,
LBN,Lebanon,1959,997,,,,,,,,,,997,,,,,,1,Mitchell,,
LBN,Lebanon,1960,1115,,,,,,,,,,1115,,,,,,1,Mitchell,,
LBN,Lebanon,1961,1199,,,,,,,,,,1199,,,,,,1,Mitchell,,
LBN,Lebanon,1962,1411,,,,,,,,,,1411,,,,,,1,Mitchell,,
LBN,Lebanon,1963,1885,,,,,,,,,,1885,,,,,,1,Mitchell,,
LBN,Lebanon,1964,1390,,,,,,,,,,1390,,,,,,1,Mitchell,,
LBN,Lebanon,1965,1510,,,,,,,,,,1510,,,,,,1,Mitchell,,
LBN,Lebanon,1966,1541,,,,,,,,,,1541,,,,,,1,Mitchell,,
LBN,Lebanon,1967,1570,,,,,,,,,,1570,,,,,,1,Mitchell,,
LBN,Lebanon,1968,1749,,,,,,,,,,1749,,,,,,1,Mitchell,,
LBN,Lebanon,1969,1657,,,,,,,,,,1657,,,,,,1,Mitchell,,
LBN,Lebanon,1970,1677,,,,,,,,,,1677,,,,,,1,Mitchell,,
LBN,Lebanon,1971,2002,,,,,,,,,,2002,,,,,,1,Mitchell,,
LBN,Lebanon,1972,2275,,,,,,,,,,2275,,,,,,1,Mitchell,,
LBN,Lebanon,1973,2619,,,,,,,,,,2619,,,,,,1,Mitchell,,
LBN,Lebanon,1974,2998,,,,,,,,,,2998,,,,,,1,Mitchell,,
LBN,Lebanon,1975,3840,,,,,,,,,,3840,,,,,,1,Mitchell,,
LBN,Lebanon,1976,4900,,,,,,,,,,4900,,,,,,1,Mitchell,,
LBN,Lebanon,1977,5060,,,,,,,,,,5060,,,,,,1,Mitchell,,
LBN,Lebanon,1978,6150,,,,,,,,,,6150,,,,,,1,Mitchell,,
LBN,Lebanon,1979,6680,,,,,,,,,,6680,,,,,,1,Mitchell,,
LBN,Lebanon,1980,7670,,,,,,,,,,7670,,,,,,1,Mitchell,,
LBN,Lebanon,1981,9000,,,,,,,,,,9000,,,,,,1,Mitchell,,
LBN,Lebanon,1982,11100,,,,,,,,,,11100,,,,,,1,Mitchell,,
LBN,Lebanon,1983,12900,,,,,,,,,,12900,,,,,,1,Mitchell,,
LBN,Lebanon,1984,13800,,,,,,,,,,13800,,,,,,1,Mitchell,,
LBN,Lebanon,1985,20200,,,,,,,,,,20200,,,,,,1,Mitchell,,
LBN,Lebanon,1986,30000,,,,,,,,,,30000,,,,,,1,Mitchell,,
LBN,Lebanon,1987,69000,,,,,,,,,,69000,,,,,,1,Mitchell,,
LBN,Lebanon,1988,183000,,,,,,,,,,183000,,,,,,1,Mitchell,,
LBN,Lebanon,1989,287000,,,,,,,,,,287000,,,,,,1,Mitchell,,
LBN,Lebanon,1990,450000,,,,,,,,,,450000,,,,,,1,Mitchell,,
LBN,Lebanon,1991,689000,,,,,,,,,,689000,,,,,,1,Mitchell,,
LBN,Lebanon,1992,1199000,,,,,,,,,,1199000,,,,,,1,Mitchell,,
LBN,Lebanon,1993,1143000,,,,,,,,,,1143000,,,,,,1,Mitchell,,
LBN,Lebanon,1994,1437000,,,,,,,,,,1437000,,,,,,1,Mitchell,,
LBN,Lebanon,1995,1561000,,,,,,,,,,1561000,,,,,,1,Mitchell,,
LBN,Lebanon,1996,1753000,,,,,,,,,,1753000,,,,,,1,Mitchell,,
LBN,Lebanon,1997,1929000,,,,,,,,,,1929000,,,,,,1,Mitchell,,
LBN,Lebanon,1998,2052000,,,,,,,,,,2052000,,,,,,1,Mitchell,,
LBN,Lebanon,1999,2261000,,,,,,,,,,2261000,,,,,,1,Mitchell,,
LBN,Lebanon,2000,2389000,,,,,,,,,,2389000,,,,,,1,Mitchell,,
LBN,Lebanon,2001,2365000,,,,,,,,,,2365000,,,,,,1,Mitchell,,
LBN,Lebanon,2002,2566000,,,,,,,,,,2566000,,,,,,1,Mitchell,,
LBN,Lebanon,2003,2847000,,,,,,,,,,2847000,,,,,,1,Mitchell,,
LBN,Lebanon,2004,3031000,,,,,,,,,,3031000,,,,,,1,Mitchell,,
LBN,Lebanon,2005,2952000,,,,,,,,,,2952000,,,,,,1,Mitchell,,
LBN,Lebanon,2006,3321725,,,,,,,,,,3321725,,,,,,1,Mitchell,,
LBN,Lebanon,2007,3578115,,,,,,,,,,3578115,,,,,,1,Mitchell,,
LBN,Lebanon,2008,4269286,,,,,,,,,,4269286,,,,,,1,Mitchell,,
LBN,Lebanon,2009,4839666,,,,,,,,,,4839666,,,,,,1,Mitchell,,
LBN,Lebanon,2010,5728339,,,,,,,,,,5728339,,,,,,1,Mitchell,,
LBR,Liberia,1974,1221.745,,,,,,,,,,44.9,,,,,,27.21036,Mitchell,,
LBR,Liberia,1975,1061.204,,,,,,,,,,39,,,,,,27.21036,Mitchell,,
LBR,Liberia,1976,1610.853,,,,,,,,,,59.2,,,,,,27.21036,Mitchell,,
LBR,Liberia,1977,1447.591,,,,,,,,,,53.2,,,,,,27.21036,Mitchell,,
LBR,Liberia,1978,1972.751,,,,,,,,,,72.5,,,,,,27.21036,Mitchell,,
LBR,Liberia,1979,1975.472,,,,,,,,,,72.6,,,,,,27.21036,Mitchell,1,2
LBR,Liberia,1980,1784.999,,69.751,,,,,,,,65.6,,,,,,25.59102,AFDB,,
LBR,Liberia,1981,1383.016,,54.043,,,,,,,,49.9,,,,,,25.59102,AFDB,,
LBR,Liberia,1982,1692.897,,66.152,,,,,,,,61.6,,,,,,25.59102,AFDB,,
LBR,Liberia,1983,1946.658,,76.068,,,,,,,,73,,,,,,25.59102,AFDB,,
LBR,Liberia,1984,2336.588,,91.305,,,,,,,,89.4,,,,,,25.59102,AFDB,,
LBR,Liberia,1985,2946.806,,115.15,,,,,,,,114,,,,,,25.59102,AFDB,,
LBR,Liberia,1986,3848.301,,150.377,,,,,,,,148,,,,,,25.59102,AFDB,,
LBR,Liberia,1987,4541.331,,177.458,,,,,,,,176,,,,,,25.59102,AFDB,,
LBR,Liberia,1988,4871.456,,190.358,,,,,,,,189,,,,,,25.59102,AFDB,,
LBR,Liberia,1989,6058.315,,236.736,,,,,,,,227,,,,,,25.59102,AFDB,,
LBR,Liberia,1990,,,,,,,,,,,,,,,,,25.59102,AFDB,,
LBR,Liberia,1991,7219.79,,282.122,,,,,,,,282,,,,,,25.59102,AFDB,,
LBR,Liberia,1992,6817.78,,266.413,,,,,,,,266,,,,,,25.59102,AFDB,,
LBR,Liberia,1993,10896.89,,425.809,,,,,,,,424,,,,,,25.59102,AFDB,,
LBR,Liberia,1994,11727.8,,458.278,,,,,,,,458,,,,,,25.59102,AFDB,,
LBR,Liberia,1995,16705.41,,652.784,,,,,,,,653,,,,,,25.59102,AFDB,,
LBR,Liberia,1996,17816.93,,696.218,,,,,,,,696,,,,,,25.59102,AFDB,,
LBR,Liberia,1997,17574.79,,686.756,,,,,,,,687,,,,,,25.59102,AFDB,,
LBR,Liberia,1998,40203.75,,1571.01,,,,,,,,1571,,,,,,25.59102,AFDB,,
LBR,Liberia,1999,46187.7,,1804.84,,,,,,,,1805,,,,,,25.59102,AFDB,,
LBR,Liberia,2000,1597,,62.404702,,,,,,,,1597,,,,,,25.59102,AFDB,1,2
LBR,Liberia,2001,1697,,,,,,,,,,1697,,,,,,1,Mitchell,,
LBR,Liberia,2002,2363,,,,,,,,,,2363,,,,,,1,Mitchell,,
LBR,Liberia,2003,2695,,,,,,,,,,2695,,,,,,1,Mitchell,,
LBR,Liberia,2004,3727,,,,,,,,,,3727,,,,,,1,Mitchell,,
LBR,Liberia,2005,4871,,,,,,,,,,4871,,,,,,1,Mitchell,,
LBR,Liberia,2006,6485.117,,,,,,,,,,6485.1174,,,,,,1,Mitchell,,
LBR,Liberia,2007,8514.387,,,,,,,,,,8514.3869,,,,,,1,Mitchell,,
LBR,Liberia,2008,12443.5,,,,,,,,,,12443.498,,,,,,1,Mitchell,,
LBR,Liberia,2009,16847.78,,,,,,,,,,16847.78,,,,,,1,Mitchell,,
LBY,Libya,1958,13.99937,,,,,,,,,,14,,,,,,.9999552,Mitchell,,
LBY,Libya,1959,18.39918,,,,,,,,,,18.4,,,,,,.9999552,Mitchell,,
LBY,Libya,1960,21.99901,,,,,,,,,,22,,,,,,.9999552,Mitchell,,
LBY,Libya,1961,25.79884,,,,,,,,,,25.8,,,,,,.9999552,Mitchell,,
LBY,Libya,1962,28.79871,,,,,,,,,,28.8,,,,,,.9999552,Mitchell,,
LBY,Libya,1963,33.69849,,,,,,,,,,33.7,,,,,,.9999552,Mitchell,,
LBY,Libya,1964,44.698,,,,,,,,,,44.7,,,,,,.9999552,Mitchell,,
LBY,Libya,1965,66.79701,,,,,,,,,,66.8,,,,,,.9999552,Mitchell,,
LBY,Libya,1966,90.89593,,,,,,,,,,90.9,,,,,,.9999552,Mitchell,,
LBY,Libya,1967,116.9948,,,,,,,,,,117,,,,,,.9999552,Mitchell,,
LBY,Libya,1968,149.9933,,,,,,,,,,150,,,,,,.9999552,Mitchell,,
LBY,Libya,1969,201.991,,,,,,,,,,202,,,,,,.9999552,Mitchell,,
LBY,Libya,1970,240.9892,,,,,,,,,,241,,,,,,.9999552,Mitchell,,
LBY,Libya,1971,363.9837,,,,,,,,,,364,,,,,,.9999552,Mitchell,,
LBY,Libya,1972,412.9815,,,,,,,,,,413,,,,,,.9999552,Mitchell,,
LBY,Libya,1973,513.977,,,,,,,,,,514,,,,,,.9999552,Mitchell,,
LBY,Libya,1974,753.9662,,,,,,,,,,754,,,,,,.9999552,Mitchell,,
LBY,Libya,1975,867.9611,,,,,,,,,,868,,,,,,.9999552,Mitchell,,
LBY,Libya,1976,1138.949,,,,,,,,,,1139,,,,,,.9999552,Mitchell,,
LBY,Libya,1977,1443.935,,,,,,,,,,1444,,,,,,.9999552,Mitchell,,
LBY,Libya,1978,1687.924,,,,,,,,,,1688,,,,,,.9999552,Mitchell,,
LBY,Libya,1979,2246.899,,,,,,,,,,2247,,,,,,.9999552,Mitchell,1,1
LBY,Libya,1980,2898.87,,2898.87,,,,,,,,2899,,,,,,1,AFDB,,
LBY,Libya,1981,3512.16,,3512.16,,,,,,,,3512,,,,,,1,AFDB,,
LBY,Libya,1982,3232.28,,3232.28,,,,,,,,3232,,,,,,1,AFDB,,
LBY,Libya,1983,2884.45,,2884.45,,,,,,,,2884,,,,,,1,AFDB,,
LBY,Libya,1984,2711.31,,2711.31,,,,,,,,2711,,,,,,1,AFDB,,
LBY,Libya,1985,3492.19,,3492.19,,,,,,,,3492,,,,,,1,AFDB,,
LBY,Libya,1986,3041.42,,3041.42,,,,,,,,3041,,,,,,1,AFDB,,
LBY,Libya,1987,3438.64,,3438.64,,,,,,,,3439,,,,,,1,AFDB,,
LBY,Libya,1988,3011.59,,3011.59,,,,,,,,3012,,,,,,1,AFDB,,
LBY,Libya,1989,3521.44,,3521.44,,,,,,,,3521,,,,,,1,AFDB,,
LBY,Libya,1990,4452.23,,4452.23,,,,,,,,4452,,,,,,1,AFDB,,
LBY,Libya,1991,4292.77,,4292.77,,,,,,,,4293,,,,,,1,AFDB,,
LBY,Libya,1992,4987.17,,4987.17,,,,,,,,4987,,,,,,1,AFDB,,
LBY,Libya,1993,5209.29,,5209.29,,,,,,,,5209,,,,,,1,AFDB,,
LBY,Libya,1994,5885.93,,5885.93,,,,,,,,5886,,,,,,1,AFDB,,
LBY,Libya,1995,6251.4,,6251.4,,,,,,,,6251,,,,,,1,AFDB,,
LBY,Libya,1996,6323.7,,6323.7,,,,,,,,6324,,,,,,1,AFDB,,
LBY,Libya,1997,6654.5,,6654.5,,,,,,,,6655,,,,,,1,AFDB,,
LBY,Libya,1998,6683.8,,6683.8,,,,,,,,6684,,,,,,1,AFDB,,
LBY,Libya,1999,7001.2,,7001.2,,,,,,,,7001,,,,,,1,AFDB,,
LBY,Libya,2000,10450,,10450,,,,,,,,7314,,,,,,1,AFDB,,
LBY,Libya,2001,11210,,11210,,,,,,,,7403,,,,,,1,AFDB,,
LBY,Libya,2002,11600,,11600,,,,,,,,8360,,,,,,1,AFDB,,
LBY,Libya,2003,12350,,12350,,,,,,,,8681,,,,,,1,AFDB,,
LBY,Libya,2004,13090,,13090,,,,,,,,10154,,,,,,1,AFDB,,
LBY,Libya,2005,17000,,17000,,,,,,,,13384,,,,,,1,AFDB,,
LBY,Libya,2006,19560,,19560,,,,,,,,15455.3,,,,,,1,AFDB,,
LBY,Libya,2007,26717.8,,26717.8,,,,,,,,22013.8,,,,,,1,AFDB,,
LBY,Libya,2008,39744.5,,39744.5,,,,,,,,33323.1,,,,,,1,AFDB,,
LBY,Libya,2009,44721.4,,44721.4,,,,,,,,37391.7,,,,,,1,AFDB,,
LBY,Libya,2010,46350.6,,46350.6,,,,,,,,40093.9,,,,,,1,AFDB,,
LBY,Libya,2011,57940.91,,57940.916,,,,,,,,,,,,,,1,AFDB,,
LBY,Libya,2012,65609.1,,65609.1,,,,,,,,,,,,,,1,AFDB,,
LBY,Libya,2013,70148,,70148,,,,,,,,,,,,,,1,AFDB,,
LBY,Libya,2014,78248.3,,78248.302,,,,,,,,,,,,,,1,AFDB,,
LBY,Libya,2015,80986.99,,80986.992,,,,,,,,,,,,,,1,AFDB,,
LBY,Libya,2016,83821.54,,83821.537,,,,,,,,,,,,,,1,AFDB,,
LCA,Saint Lucia,1993,214.4,,,,,,,214.4,,,,,,,,,1,ECLAC,,
LCA,Saint Lucia,1994,213.5,,,,,,,213.5,,,,,,,,,1,ECLAC,,
LCA,Saint Lucia,1995,239.7,,,,,,,239.7,,,,,,,,,1,ECLAC,,
LCA,Saint Lucia,1996,225.7,,,,,,,225.7,,,,,,,,,1,ECLAC,,
LCA,Saint Lucia,1997,239.3,,,,,,,239.3,,,,,,,,,1,ECLAC,,
LCA,Saint Lucia,1998,273.6,,,,,,,273.6,,,,,,,,,1,ECLAC,,
LCA,Saint Lucia,1999,297.4,,,,,,,297.4,,,,,,,,,1,ECLAC,,
LCA,Saint Lucia,2000,315.9,,,,,,,315.9,,,,,,,,,1,ECLAC,,
LCA,Saint Lucia,2001,314.1,,,,,,,314.1,,,,,,,,,1,ECLAC,,
LCA,Saint Lucia,2002,321.9,,,,,,,321.9,,,,,,,,,1,ECLAC,,
LCA,Saint Lucia,2003,390.9,,,,,,,390.9,,,,,,,,,1,ECLAC,,
LCA,Saint Lucia,2004,519.3,,,,,,,519.3,,,,,,,,,1,ECLAC,,
LCA,Saint Lucia,2005,599.5,,,,,,,599.5,,,,,,,,,1,ECLAC,,
LCA,Saint Lucia,2006,605.3,,,,,,,605.3,,,,,,,,,1,ECLAC,,
LCA,Saint Lucia,2007,683.5,,,,,,,683.5,,,,,,,,,1,ECLAC,,
LCA,Saint Lucia,2008,671.9,,,,,,,671.9,,,,,,,,,1,ECLAC,,
LCA,Saint Lucia,2009,658.9,,,,,,,658.9,,,,,,,,,1,ECLAC,,
LCA,Saint Lucia,2010,643.6,,,,,,,643.6,,,,,,,,,1,ECLAC,,
LCA,Saint Lucia,2011,675,,,,,,,675,,,,,,,,,1,ECLAC,,
LCA,Saint Lucia,2012,701,,,,,,,701,,,,,,,,,1,ECLAC,,
LCA,Saint Lucia,2013,695.4,,,,,,,695.4,,,,,,,,,1,ECLAC,,
LCA,Saint Lucia,2014,748.6,,,,,,,748.6,,,,,,,,,1,ECLAC,,
LCA,Saint Lucia,2015,769.1,,,,,,,769.1,,,,,,,,,1,ECLAC,,
LCA,Saint Lucia,2016,859.7,,,,,,,859.7,,,,,,,,,1,ECLAC,,
LCA,Saint Lucia,2017,910,,,,,,,910,,,,,,,,,1,ECLAC,,
LCA,Saint Lucia,2018,1016.1,,,,,,,1016.1,,,,,,,,,1,ECLAC,,
LCA,Saint Lucia,2019,1054.9,,,,,,,1054.9,,,,,,,,,1,ECLAC,,
LCA,Saint Lucia,2020,983.5,,,,,,,983.5,,,,,,,,,1,ECLAC,,
LKA,Sri Lanka,1948,606.8822,,,,,,,,,,607,,,,,,.9998059,Mitchell,,
LKA,Sri Lanka,1949,639.8758,,,,,,,,,,640,,,,,,.9998059,Mitchell,,
LKA,Sri Lanka,1950,896.8259,,,,,,,,,,897,,,,,,.9998059,Mitchell,,
LKA,Sri Lanka,1951,990.8077,,,,,,,,,,991,,,,,,.9998059,Mitchell,,
LKA,Sri Lanka,1952,883.8284,,,,,,,,,,884,,,,,,.9998059,Mitchell,,
LKA,Sri Lanka,1953,816.8414,,,,,,,,,,817,,,,,,.9998059,Mitchell,,
LKA,Sri Lanka,1954,946.8162,,,,,,,,,,947,,,,,,.9998059,Mitchell,,
LKA,Sri Lanka,1955,1060.794,,,,,,,,,,1061,,,,,,.9998059,Mitchell,,
LKA,Sri Lanka,1956,1117.783,,,,,,,,,,1118,,,,,,.9998059,Mitchell,,
LKA,Sri Lanka,1957,1031.8,,,,,,,,,,1032,,,,,,.9998059,Mitchell,,
LKA,Sri Lanka,1958,1066.793,,,,,,,,,,1067,,,,,,.9998059,Mitchell,,
LKA,Sri Lanka,1959,1168.773,,,,,,,,,,1169,,,,,,.9998059,Mitchell,,
LKA,Sri Lanka,1960,1196.768,,,,,,,,,,1197,,,,,,.9998059,Mitchell,,
LKA,Sri Lanka,1961,1274.753,,,,,,,,,,1275,,,,,,.9998059,Mitchell,,
LKA,Sri Lanka,1962,1332.741,,,,,,,,,,1333,,,,,,.9998059,Mitchell,,
LKA,Sri Lanka,1963,1493.71,,,,,,,,,,1494,,,,,,.9998059,Mitchell,,
LKA,Sri Lanka,1964,1609.688,,,,,,,,,,1610,,,,,,.9998059,Mitchell,,
LKA,Sri Lanka,1965,1702.669,,,,,,,,,,1703,,,,,,.9998059,Mitchell,,
LKA,Sri Lanka,1966,1644.681,,,,,,,,,,1645,,,,,,.9998059,Mitchell,,
LKA,Sri Lanka,1967,1789.653,,,,,,,,,,1790,,,,,,.9998059,Mitchell,,
LKA,Sri Lanka,1968,1895.632,,,,,,,,,,1896,,,,,,.9998059,Mitchell,,
LKA,Sri Lanka,1969,1867.637,,,,,,,,,,1868,,,,,,.9998059,Mitchell,,
LKA,Sri Lanka,1970,1948.622,,,,,,,,,,1949,,,,,,.9998059,Mitchell,,
LKA,Sri Lanka,1971,2127.587,,,,,,2128.2,,,,2128,,,,,,.9998059,Mitchell,,
LKA,Sri Lanka,1972,2460.522,,,,,,2461.3,,,,2461,,,,,,.9998059,Mitchell,,
LKA,Sri Lanka,1973,2754.465,,,,,,2755.4,,,,2755,,,,,,.9998059,Mitchell,,
LKA,Sri Lanka,1974,2922.433,,,,,,2922.8,,,,2923,,,,,,.9998059,Mitchell,,
LKA,Sri Lanka,1975,3059.406,,,,,,3063.5,,,,3060,,,,,,.9998059,Mitchell,,
LKA,Sri Lanka,1976,4129.198,,,,,,4133.1,,,,4130,,,,,,.9998059,Mitchell,,
LKA,Sri Lanka,1977,5328.966,,,,,,5332,,,,5330,,,,,,.9998059,Mitchell,,
LKA,Sri Lanka,1978,5888.857,,,,,,5894.6,,,,5890,,,,,,.9998059,Mitchell,,
LKA,Sri Lanka,1979,7638.517,,,,,,7642.6,,,,7640,,,,,,.9998059,Mitchell,,
LKA,Sri Lanka,1980,9328.189,,,,,,9332.6,,,,9330,,,,,,.9998059,Mitchell,,
LKA,Sri Lanka,1981,9948.069,,,,,,9949.4,,,,9950,,,,,,.9998059,Mitchell,,
LKA,Sri Lanka,1982,11697.73,,,,,,11672,,,,11700,,,,,,.9998059,Mitchell,,
LKA,Sri Lanka,1983,14597.17,,,,,,14588.6,,,,14600,,,,,,.9998059,Mitchell,,
LKA,Sri Lanka,1984,16596.78,,,,,,16646.8,,,,16600,,,,,,.9998059,Mitchell,,
LKA,Sri Lanka,1985,18696.37,,,,,,18661.5,,,,18700,,,,,,.9998059,Mitchell,,
LKA,Sri Lanka,1986,21095.9,,,,,,21050.7,,,,21100,,,,,,.9998059,Mitchell,,
LKA,Sri Lanka,1987,24895.17,,,,,,24901.1,,,,24900,,,,,,.9998059,Mitchell,,
LKA,Sri Lanka,1988,32193.75,,,,,,32154.7,,,,32200,,,,,,.9998059,Mitchell,,
LKA,Sri Lanka,1989,34993.21,,,,,,35087.5,,,,35000,,,,,,.9998059,Mitchell,,
LKA,Sri Lanka,1990,39592.32,,,,,,39596.2,,,,39600,,,,,,.9998059,Mitchell,,
LKA,Sri Lanka,1991,46590.96,,,,,,46600.1,,,,46600,,,,,,.9998059,Mitchell,,
LKA,Sri Lanka,1992,50090.28,,,,,,50056.6,,,,50100,,,,,,.9998059,Mitchell,,
LKA,Sri Lanka,1993,59388.47,,,,,,59354.8,,,,59400,,,,,,.9998059,Mitchell,,
LKA,Sri Lanka,1994,70486.32,,,,,,70462.2,,,,70500,,,,,,.9998059,Mitchell,,
LKA,Sri Lanka,1995,75185.41,,,,,,75217.3,,,,75200,,,,,,.9998059,Mitchell,,
LKA,Sri Lanka,1996,78184.82,,,,,,78201.9,,,,78200,,,,,,.9998059,Mitchell,,
LKA,Sri Lanka,1997,85883.33,,,,,,85851.4,,,,85900,,,,,,.9998059,Mitchell,,
LKA,Sri Lanka,1998,96281.31,,,,,,,,,,96300,,,,,,.9998059,Mitchell,,
LKA,Sri Lanka,1999,108578.9,,,,,,,,,,108600,,,,,,.9998059,Mitchell,1,1
LKA,Sri Lanka,2000,118477,118477,,,,,,,,,118500,,,,,,1,ADB,,
LKA,Sri Lanka,2001,122210,122210.05,,,,,,,,,122200,,,,,,1,ADB,,
LKA,Sri Lanka,2002,139361,139361.01,,,,,,,,,139400,,,,,,1,ADB,,
LKA,Sri Lanka,2003,161635.4,161635.38,,,,,,,,,161600,,,,,,1,ADB,,
LKA,Sri Lanka,2004,188453.3,188453.34,,,,,,,,,188500,,,,,,1,ADB,,
LKA,Sri Lanka,2005,230701.3,230701.3,,,,,,,,,,,,,,,1,ADB,,
LKA,Sri Lanka,2006,259684.6,259684.57,,,,,,,,,,,,,,,1,ADB,,
LKA,Sri Lanka,2007,266592,266592.02,,,,,,,,,,,,,,,1,ADB,,
LKA,Sri Lanka,2008,277322.7,277322.65,,,,,,,,,277323,,,,,,1,ADB,,
LKA,Sri Lanka,2009,336710,336710.04,,,,,,,,,336710,,,,,,1,ADB,,
LKA,Sri Lanka,2010,407191.7,407191.71,,,,,,,,,407191.71,,,,,,1,ADB,,
LKA,Sri Lanka,2011,438707.4,438707.44,,,,,,,,,,,,,,,1,ADB,,
LKA,Sri Lanka,2012,450048.8,450048.81,,,,,,,,,,,,,,,1,ADB,,
LKA,Sri Lanka,2013,484578,484578.01,,,,,,,,,,,,,,,1,ADB,,
LKA,Sri Lanka,2014,612155.4,612155.36,,,,,,,,,,,,,,,1,ADB,,
LKA,Sri Lanka,2015,714987.9,714987.95,,,,,,,,,,,,,,,1,ADB,,
LKA,Sri Lanka,2016,776624.4,776624.46,,,,,,,,,,,,,,,1,ADB,,
LKA,Sri Lanka,2017,793299.2,793299.18,,,,,,,,,,,,,,,1,ADB,,
LKA,Sri Lanka,2018,830793.3,830793.26,,,,,,,,,,,,,,,1,ADB,,
LKA,Sri Lanka,2019,865467,865466.99,,,,,,,,,,,,,,,1,ADB,,
LKA,Sri Lanka,2020,1177150,1177150,,,,,,,,,,,,,,,1,ADB,,
LKA,Sri Lanka,2021,1459896,1459895.5,,,,,,,,,,,,,,,1,ADB,,
LKA,Sri Lanka,2022,1453597,1453597.2,,,,,,,,,,,,,,,1,ADB,,
LKA,Sri Lanka,2023,1658043,1658042.5,,,,,,,,,,,,,,,1,ADB,,
LSO,Lesotho,1980,48.467,,48.467,,,,,,,,,,,,,,1,AFDB,,
LSO,Lesotho,1981,58.621,,58.621,,,,,,,,,,,,,,1,AFDB,,
LSO,Lesotho,1982,77.167,,77.167,,,,,,,,,,,,,,1,AFDB,,
LSO,Lesotho,1983,84.667,,84.667,,,,,,,,,,,,,,1,AFDB,,
LSO,Lesotho,1984,103.276,,103.276,,,,,,,,,,,,,,1,AFDB,,
LSO,Lesotho,1985,133.139,,133.139,,,,,,,,,,,,,,1,AFDB,,
LSO,Lesotho,1986,154.643,,154.643,,,,,,,,,,,,,,1,AFDB,,
LSO,Lesotho,1987,156.813,,156.813,,,,,,,,,,,,,,1,AFDB,,
LSO,Lesotho,1988,219.877,,219.877,,,,,,,,,,,,,,1,AFDB,,
LSO,Lesotho,1989,245.182,,245.182,,,,,,,,,,,,,,1,AFDB,,
LSO,Lesotho,1990,264.224,,264.224,,,,,,,,,,,,,,1,AFDB,,
LSO,Lesotho,1991,312.778,,312.778,,,,,,,,,,,,,,1,AFDB,,
LSO,Lesotho,1992,351.152,,351.152,,,,,,,,,,,,,,1,AFDB,,
LSO,Lesotho,1993,433.184,,433.184,,,,,,,,,,,,,,1,AFDB,,
LSO,Lesotho,1994,486.587,,486.587,,,,,,,,,,,,,,1,AFDB,,
LSO,Lesotho,1995,537.697,,537.697,,,,,,,,,,,,,,1,AFDB,,
LSO,Lesotho,1996,641.622,,641.622,,,,,,,,,,,,,,1,AFDB,,
LSO,Lesotho,1997,787.029,,787.029,,,,,,,,,,,,,,1,AFDB,,
LSO,Lesotho,1998,983.165,,983.165,,,,,,,,,,,,,,1,AFDB,,
LSO,Lesotho,1999,957.321,,957.321,,,,,,,,,,,,,,1,AFDB,,
LSO,Lesotho,2000,1700.9,,1700.9,,,,,,,,,,,,,,1,AFDB,,
LSO,Lesotho,2001,2133.086,,2133.086,,,,,,,,,,,,,,1,AFDB,,
LSO,Lesotho,2002,2168.179,,2168.179,,,,,,,,,,,,,,1,AFDB,,
LSO,Lesotho,2003,2297.85,,2297.85,,,,,,,,,,,,,,1,AFDB,,
LSO,Lesotho,2004,2375.548,,2375.548,,,,,,,,,,,,,,1,AFDB,,
LSO,Lesotho,2005,2592.569,,2592.569,,,,,,,,,,,,,,1,AFDB,,
LSO,Lesotho,2006,3507.904,,3507.904,,,,,,,,,,,,,,1,AFDB,,
LSO,Lesotho,2007,4081.458,,4081.458,,,,,,,,,,,,,,1,AFDB,,
LSO,Lesotho,2008,4883.557,,4883.557,,,,,,,,,,,,,,1,AFDB,,
LSO,Lesotho,2009,5746.871,,5746.871,,,,,,,,,,,,,,1,AFDB,,
LSO,Lesotho,2010,6577.829,,6577.829,,,,,,,,,,,,,,1,AFDB,,
LSO,Lesotho,2011,6680.101,,6680.1012,,,,,,,,,,,,,,1,AFDB,,
LSO,Lesotho,2012,7148.681,,7148.6806,,,,,,,,,,,,,,1,AFDB,,
LSO,Lesotho,2013,8661.613,,8661.613,,,,,,,,,,,,,,1,AFDB,,
LSO,Lesotho,2014,9003.837,,9003.8373,,,,,,,,,,,,,,1,AFDB,,
LSO,Lesotho,2015,9829.375,,9829.3755,,,,,,,,,,,,,,1,AFDB,,
LSO,Lesotho,2016,11095.96,,11095.964,,,,,,,,,,,,,,1,AFDB,,
LSO,Lesotho,2017,12468.64,,12468.644,,,,,,,,,,,,,,1,AFDB,,
LSO,Lesotho,2018,14003.5,,14003.495,,,,,,,,,,,,,,1,AFDB,,
MAR,Morocco,1958,2281.045,,,,,,,,,,2280,,,,,,1.000458,Mitchell,,
MAR,Morocco,1959,2341.073,,,,,,,,,,2340,,,,,,1.000458,Mitchell,,
MAR,Morocco,1960,2641.21,,,,,,,,,,2640,,,,,,1.000458,Mitchell,,
MAR,Morocco,1961,2801.284,,,,,,,,,,2800,,,,,,1.000458,Mitchell,,
MAR,Morocco,1962,3241.485,,,,,,,,,,3240,,,,,,1.000458,Mitchell,,
MAR,Morocco,1963,3501.605,,,,,,,,,,3500,,,,,,1.000458,Mitchell,,
MAR,Morocco,1964,3591.646,,,,,,,,,,3590,,,,,,1.000458,Mitchell,,
MAR,Morocco,1965,3811.747,,,,,,,,,,3810,,,,,,1.000458,Mitchell,,
MAR,Morocco,1966,3801.742,,,,,,,,,,3800,,,,,,1.000458,Mitchell,,
MAR,Morocco,1967,4141.898,,,,,,,,,,4140,,,,,,1.000458,Mitchell,,
MAR,Morocco,1968,4592.104,,,,,,,,,,4590,,,,,,1.000458,Mitchell,,
MAR,Morocco,1969,5062.32,,,,,,,,,,5060,,,,,,1.000458,Mitchell,,
MAR,Morocco,1970,5512.526,,,,,,,,,,5510,,,,,,1.000458,Mitchell,,
MAR,Morocco,1971,6192.838,,,,,,,,,,6190,,,,,,1.000458,Mitchell,,
MAR,Morocco,1972,7343.365,,,,,,,,,,7340,,,,,,1.000458,Mitchell,,
MAR,Morocco,1973,8573.929,,,,,,,,,,8570,,,,,,1.000458,Mitchell,,
MAR,Morocco,1974,10905,,,,,,,,,,10900,,,,,,1.000458,Mitchell,,
MAR,Morocco,1975,12805.87,,,,,,,,,,12800,,,,,,1.000458,Mitchell,,
MAR,Morocco,1976,15106.92,,,,,,,,,,15100,,,,,,1.000458,Mitchell,,
MAR,Morocco,1977,18008.25,,,,,,,,,,18000,,,,,,1.000458,Mitchell,,
MAR,Morocco,1978,20809.54,,,,,,,,,,20800,,,,,,1.000458,Mitchell,,
MAR,Morocco,1979,23410.73,,,,,,,,,,23400,,,,,,1.000458,Mitchell,1,2
MAR,Morocco,1980,25311.6,,25311.6,,,,,,,,25300,,,,,,1,AFDB,,
MAR,Morocco,1981,29015.6,,29015.6,,,,,,,,29000,,,,,,1,AFDB,,
MAR,Morocco,1982,30063.7,,30063.7,,,,,,,,30100,,,,,,1,AFDB,,
MAR,Morocco,1983,34196.6,,34196.6,,,,,,,,34200,,,,,,1,AFDB,,
MAR,Morocco,1984,36778.9,,36778.9,,,,,,,,36800,,,,,,1,AFDB,,
MAR,Morocco,1985,40289,,40289,,,,,,,,40200,,,,,41075.034,1,AFDB,,
MAR,Morocco,1986,47675,,47675,,,,,,,,47700,,,,,48764.024,1,AFDB,,
MAR,Morocco,1987,52035,,52035,,,,,,,,52000,,,,,53232.089,1,AFDB,,
MAR,Morocco,1988,59578,,59578,,,,,,,,59600,,,,,63802.104,1,AFDB,,
MAR,Morocco,1989,66046,,66046,,,,,,,,66000,,,,,67566.899,1,AFDB,,
MAR,Morocco,1990,90659,,90659,,,,,,,,103700,,,,,90055.586,1,AFDB,,
MAR,Morocco,1991,103709,,103709,,,,,,,,110000,,,,,92768.609,1,AFDB,,
MAR,Morocco,1992,110082,,110082,,,,,,,,115400,,,,,98972.21,1,AFDB,,
MAR,Morocco,1993,115458,,115458,,,,,,,,128300,,,,,103641.73,1,AFDB,,
MAR,Morocco,1994,128284,,128284,,,,,,,,128300,,,,,115120.86,1,AFDB,,
MAR,Morocco,1995,135964,,135964,,,,,,,,136000,,,,,121111.53,1,AFDB,,
MAR,Morocco,1996,143818,,143818,,,,,,,,143800,,,,,127982.36,1,AFDB,,
MAR,Morocco,1997,166843,,166843,,,,,,,,166800,,,,,137200.66,1,AFDB,,
MAR,Morocco,1998,179795,,179795,,,,,,,,179800,,,,,146471.91,1,AFDB,,
MAR,Morocco,1999,200597,,200597,,,,,,,,200600,,,,,161998.22,1,AFDB,,
MAR,Morocco,2000,286576,,286576,,,,,,,,216500,,,,,173711.43,1,AFDB,,
MAR,Morocco,2001,345819.9,,345819.94,,,,,,,,249700,,,,,216087.77,1,AFDB,,
MAR,Morocco,2002,381494.3,,381494.32,,,,,,,,272200,,,,,243795.07,1,AFDB,,
MAR,Morocco,2003,411502.8,,411502.76,,,,,,,,298900,,,,,268141.69,1,AFDB,,
MAR,Morocco,2004,445879.6,,445879.62,,,,,,,,328700,,,,,292291.67,1,AFDB,,
MAR,Morocco,2005,508563.1,,508563.09,,,,,,,,375700,,,,,328899.57,1,AFDB,,
MAR,Morocco,2006,600555.1,,600555.08,,,,,,,,387583.13,,,,,385213.43,1,AFDB,,
MAR,Morocco,2007,705935.3,,705935.28,,,,,,,,459721.97,,,,,457174.86,1,AFDB,,
MAR,Morocco,2008,799905.7,,799905.71,,,,,,,,491841.79,,,,,488877,1,AFDB,,
MAR,Morocco,2009,855954.9,,855954.89,,,,,,,,528494.62,,,,,525379.79,1,AFDB,,
MAR,Morocco,2010,891865.7,,891865.67,,,,,,,,552288.57,,,,,549478.16,1,AFDB,,
MAR,Morocco,2011,949287.1,,949287.07,,,,,,,,,,,,,586777.14,1,AFDB,,
MAR,Morocco,2012,992175.9,,992175.96,,,,,,,,,,,,,612162.5,1,AFDB,,
MAR,Morocco,2013,1022816,,1022816,,,,,,,,,,,,,628941,1,AFDB,,
MAR,Morocco,2014,1086227,,1086227,,,,,,,,,,,,,660583.75,1,AFDB,,
MAR,Morocco,2015,1148665,,1148664.6,,,,,,,,,,,,,707057.54,1,AFDB,,
MAR,Morocco,2016,1211841,,1211841.2,,,,,,,,,,,,,751883.26,1,AFDB,,
MAR,Morocco,2017,1284552,,1284551.7,,,,,,,,,,,,,811024.34,1,AFDB,,
MAR,Morocco,2018,1361625,,1361624.8,,,,,,,,,,,,,858696.8,1,AFDB,,
MAR,Morocco,2019,1445870,,,,,,,,,,,,,,,911825.06,1.585688,CS1,1,2
MAR,Morocco,2020,1616422,,,,,,,,,,,,,,,1019382.3,1.585688,CS1,,
MAR,Morocco,2021,1723377,,,,,,,,,,,,,,,1086832.8,1.585688,CS1,,
MAR,Morocco,2022,1897023,,,,,,,,,,,,,,,1196340.8,1.585688,CS1,,
MAR,Morocco,2023,2038994,,,,,,,,,,,,,,,1285873.9,1.585688,CS1,,
MAR,Morocco,2024,2067340,,,,,,,,,,,,,,,1303749.8,1.585688,CS1,,
MDG,Madagascar,1962,5240.983,,,,,,,,,,5200,,,,,,1.007881,Mitchell,,
MDG,Madagascar,1963,5402.244,,,,,,,,,,5360,,,,,,1.007881,Mitchell,,
MDG,Madagascar,1964,5845.712,,,,,,,,,,5800,,,,,,1.007881,Mitchell,,
MDG,Madagascar,1965,6208.549,,,,,,,,,,6160,,,,,,1.007881,Mitchell,,
MDG,Madagascar,1966,6611.702,,,,,,,,,,6560,,,,,,1.007881,Mitchell,,
MDG,Madagascar,1967,7357.534,,,,,,,,,,7300,,,,,,1.007881,Mitchell,,
MDG,Madagascar,1968,7942.105,,,,,,,,,,7880,,,,,,1.007881,Mitchell,,
MDG,Madagascar,1969,8365.416,,,,,,,,,,8300,,,,,,1.007881,Mitchell,,
MDG,Madagascar,1970,9312.824,,,,,,,,,,9240,,,,,,1.007881,Mitchell,,
MDG,Madagascar,1971,9474.085,,,,,,,,,,9400,,,,,,1.007881,Mitchell,,
MDG,Madagascar,1972,10744.02,,,,,,,,,,10660,,,,,,1.007881,Mitchell,,
MDG,Madagascar,1973,11550.32,,,,,,,,,,11460,,,,,,1.007881,Mitchell,,
MDG,Madagascar,1974,13687.03,,,,,,,,,,13580,,,,,,1.007881,Mitchell,,
MDG,Madagascar,1975,13989.39,,,,,,,,,,13880,,,,,,1.007881,Mitchell,,
MDG,Madagascar,1976,16065.63,,,,,,,,,,15940,,,,,,1.007881,Mitchell,,
MDG,Madagascar,1977,20157.63,,,,,,,,,,20000,,,,,,1.007881,Mitchell,,
MDG,Madagascar,1978,22778.12,,,,,,,,,,22600,,,,,,1.007881,Mitchell,,
MDG,Madagascar,1979,24995.46,,,,,,,,,,24800,,,,,,1.007881,Mitchell,1,2
MDG,Madagascar,1980,30438.02,,30259.2,,,,,,,,30200,,,,,,1.00591,AFDB,,
MDG,Madagascar,1981,38993.08,,38764,,,,,,,,38800,,,,,,1.00591,AFDB,,
MDG,Madagascar,1982,41847.04,,41601.2,,,,,,,,41600,,,,,,1.00591,AFDB,,
MDG,Madagascar,1983,38757.7,,38530,,,,,,,,38600,,,,,,1.00591,AFDB,,
MDG,Madagascar,1984,48268.37,,47984.8,,,,,,,,48000,,,,,,1.00591,AFDB,,
MDG,Madagascar,1985,47999.99,,47718,,,,,,,,47800,,,,,,1.00591,AFDB,,
MDG,Madagascar,1986,58254.84,,57912.6,,,,,,,,58000,,,,,,1.00591,AFDB,,
MDG,Madagascar,1987,74803.86,,74364.4,,,,,,,,74400,,,,,,1.00591,AFDB,,
MDG,Madagascar,1988,91531.13,,90993.4,,,,,,,,91000,,,,,,1.00591,AFDB,,
MDG,Madagascar,1989,120377.2,,119670,,,,,,,,119600,,,,,,1.00591,AFDB,,
MDG,Madagascar,1990,115572,,114893,,,,,,,,115000,,,,,,1.00591,AFDB,,
MDG,Madagascar,1991,151403.5,,150514,,,,,,,,150600,,,,,,1.00591,AFDB,,
MDG,Madagascar,1992,184145.8,,183064,,,,,,,,183000,,,,,,1.00591,AFDB,,
MDG,Madagascar,1993,206094.8,,204884,,,,,,,,204800,,,,,,1.00591,AFDB,,
MDG,Madagascar,1994,322598.2,,320703,,,,,,,,320800,,,,,,1.00591,AFDB,,
MDG,Madagascar,1995,371785.2,,369601,,,,,,,,369600,,,,,,1.00591,AFDB,1,2
MDG,Madagascar,1996,436100,,433538,436100,,,,,,,433600,,,,,,1,AFRISTAT,,
MDG,Madagascar,1997,536800,,532790,536800,,,,,,,532800,,,,,,1,AFRISTAT,,
MDG,Madagascar,1998,593900,,590631,593900,,,,,,,590600,,,,,,1,AFRISTAT,,
MDG,Madagascar,1999,716800,,710065,716800,,,,,,,710000,,,,,,1,AFRISTAT,,
MDG,Madagascar,2000,825700,,981200.9,825700,,,,,,,803600,,,,,,1,AFRISTAT,,
MDG,Madagascar,2001,1085100,,1471532.1,1085100,,,,,,,1047000,,,,,,1,AFRISTAT,,
MDG,Madagascar,2002,1152600,,1575598.3,1152600,,,,,,,1126000,,,,,,1,AFRISTAT,,
MDG,Madagascar,2003,1177300,,1705188.8,1177300,,,,,,,1172000,,,,,,1,AFRISTAT,,
MDG,Madagascar,2004,1402600,,2111333,1402600,,,,,,,1399000,,,,,,1,AFRISTAT,,
MDG,Madagascar,2005,1417500,,2177308.9,1417500,,,,,,,1415000,,,,,,1,AFRISTAT,,
MDG,Madagascar,2006,1758300,,2740833.2,1758300,,,,,,,1750810,,,,,,1,AFRISTAT,,
MDG,Madagascar,2007,2077600,,3302402.5,2077600,,,,,,,2074830,,,,,,1,AFRISTAT,,
MDG,Madagascar,2008,2281800,,3725851.1,2281800,,,,,,,2262880,,,,,,1,AFRISTAT,,
MDG,Madagascar,2009,2406000,,4105519.3,2406000,,,,,,,2402910,,,,,,1,AFRISTAT,,
MDG,Madagascar,2010,2623000,,4498493.1,2623000,,,,,,,2618790,,,,,,1,AFRISTAT,,
MDG,Madagascar,2011,3250600,,5235490.7,3250600,,,,,,,,,,,,,1,AFRISTAT,,
MDG,Madagascar,2012,3389900,,5599332.6,3389900,,,,,,,,,,,,,1,AFRISTAT,,
MDG,Madagascar,2013,3552900,,5893928.2,3552900,,,,,,,,,,,,,1,AFRISTAT,,
MDG,Madagascar,2014,3912400,,6549305.7,3912400,,,,,,,,,,,,,1,AFRISTAT,,
MDG,Madagascar,2015,4400000,,7502259,4400000,,,,,,,,,,,,,1,AFRISTAT,,
MDG,Madagascar,2016,5479300,,8843767.8,5479300,,,,,,,,,,,,,1,AFRISTAT,,
MDG,Madagascar,2017,6607200,,9966247.9,6607200,,,,,,,,,,,,,1,AFRISTAT,,
MDG,Madagascar,2018,7103600,,11211945,7103600,,,,,,,,,,,,,1,AFRISTAT,,
MDG,Madagascar,2019,7740400,,,7740400,,,,,,,,,,,,,1,AFRISTAT,,
MDG,Madagascar,2020,8435900,,,8435900,,,,,,,,,,,,,1,AFRISTAT,,
MDG,Madagascar,2021,9626500,,,9626500,,,,,,,,,,,,,1,AFRISTAT,,
MDG,Madagascar,2022,1.11e+07,,,11057000,,,,,,,,,,,,,1,AFRISTAT,,
MDV,Maldives,2000,1730.139,1730.1385,,,,,,,,,,,,,,,1,ADB,,
MDV,Maldives,2001,1624.775,1624.7746,,,,,,,,,,,,,,,1,ADB,,
MDV,Maldives,2002,1856.679,1856.6793,,,,,,,,,,,,,,,1,ADB,,
MDV,Maldives,2003,2069.528,2069.5277,,,,,,,,,,,,,,,1,ADB,,
MDV,Maldives,2004,2477.264,2477.2641,,,,,,,,,,,,,,,1,ADB,,
MDV,Maldives,2005,3033.652,3033.6517,,,,,,,,,,,,,,,1,ADB,,
MDV,Maldives,2006,3707.596,3707.5963,,,,,,,,,,,,,,,1,ADB,,
MDV,Maldives,2007,4448.819,4448.8189,,,,,,,,,,,,,,,1,ADB,,
MDV,Maldives,2008,6097.637,6097.6371,,,,,,,,,,,,,,,1,ADB,,
MDV,Maldives,2009,7456.61,7456.6102,,,,,,,,,,,,,,,1,ADB,,
MDV,Maldives,2010,7538.724,7538.7236,,,,,,,,,,,,,,,1,ADB,,
MDV,Maldives,2011,8192.373,8192.3727,,,,,,,,,,,,,,,1,ADB,,
MDV,Maldives,2012,8428.289,8428.2895,,,,,,,,,,,,,,,1,ADB,,
MDV,Maldives,2013,10415.84,10415.84,,,,,,,,,,,,,,,1,ADB,,
MDV,Maldives,2014,11232.44,11232.439,,,,,,,,,,,,,,,1,ADB,,
MDV,Maldives,2015,13337.9,13337.9,,,,,,,,,,,,,,,1,ADB,,
MDV,Maldives,2016,13468.5,13468.5,,,,,,,,,,,,,,,1,ADB,,
MDV,Maldives,2017,14469.7,14469.7,,,,,,,,,,,,,,,1,ADB,,
MDV,Maldives,2018,14579.4,14579.4,,,,,,,,,,,,,,,1,ADB,,
MDV,Maldives,2019,14556.91,14556.913,,,,,,,,,,,,,,,1,ADB,,
MDV,Maldives,2020,19004.73,19004.73,,,,,,,,,,,,,,,1,ADB,,
MEX,Mexico,1890,.0163756,,,,,,,,.022,,,,,,,,.744344,HFS,,
MEX,Mexico,1891,.0178643,,,,,,,,.024,,,,,,,,.744344,HFS,,
MEX,Mexico,1892,.0186086,,,,,,,,.025,,,,,,,,.744344,HFS,,
MEX,Mexico,1893,.0186086,,,,,,,,.025,,,,,,,,.744344,HFS,,
MEX,Mexico,1894,.0200973,,,,,,,,.027,,,,,,,,.744344,HFS,,
MEX,Mexico,1895,.0230747,,,,,,,,.031,,,,,,,,.744344,HFS,,
MEX,Mexico,1896,.0275407,,,,,,,,.037,,,,,,,,.744344,HFS,,
MEX,Mexico,1897,.0312624,,,,,,,,.042,,,,,,,,.744344,HFS,,
MEX,Mexico,1898,.0379615,,,,,,,,.051,,,,,,,,.744344,HFS,,
MEX,Mexico,1899,.0439163,,,,,,,,.059,,,,,,,,.744344,HFS,,
MEX,Mexico,1900,.047638,,,,,,,,.064,,,,,,,,.744344,HFS,,
MEX,Mexico,1901,.1347263,,,,,,,,.181,,,,,,,,.744344,HFS,,
MEX,Mexico,1902,.1548236,,,,,,,,.208,,,,,,,,.744344,HFS,,
MEX,Mexico,1903,.1659887,,,,,,,,.223,,,,,,,,.744344,HFS,,
MEX,Mexico,1904,.1652444,,,,,,,,.222,,,,,,,,.744344,HFS,,
MEX,Mexico,1905,.1935294,,,,,,,,.26,,,,,,,,.744344,HFS,,
MEX,Mexico,1906,.2106493,,,,,,,,.283,,,,,,,,.744344,HFS,,
MEX,Mexico,1907,.2233032,,,,,,,,.3,,,,,,,,.744344,HFS,,
MEX,Mexico,1908,.231491,,,,,,,,.311,,,,,,,,.744344,HFS,,
MEX,Mexico,1909,.2620091,,,,,,,,.352,,,,,,,,.744344,HFS,,
MEX,Mexico,1910,.2902941,,,,,,,,.39,,,,,,,,.744344,HFS,,
MEX,Mexico,1911,,,,,,,,,,,,,,,,,.744344,HFS,,
MEX,Mexico,1912,,,,,,,,,,,,,,,,,.744344,HFS,,
MEX,Mexico,1913,,,,,,,,,,,,,,,,,.744344,HFS,,
MEX,Mexico,1914,,,,,,,,,,,,,,,,,.744344,HFS,,
MEX,Mexico,1915,,,,,,,,,,,,,,,,,.744344,HFS,,
MEX,Mexico,1916,,,,,,,,,,,,,,,,,.744344,HFS,,
MEX,Mexico,1917,,,,,,,,,,,,,,,,,.744344,HFS,,
MEX,Mexico,1918,,,,,,,,,,,,,,,,,.744344,HFS,,
MEX,Mexico,1919,,,,,,,,,,,,,,,,,.744344,HFS,,
MEX,Mexico,1920,,,,,,,,,,,,,,,,,.744344,HFS,,
MEX,Mexico,1921,,,,,,,,,,,,,,,,,.744344,HFS,,
MEX,Mexico,1922,,,,,,,,,,,,,,,,,.744344,HFS,,
MEX,Mexico,1923,,,,,,,,,,,,,,,,,.744344,HFS,,
MEX,Mexico,1924,,,,,,,,,,,,,,,,,.744344,HFS,,
MEX,Mexico,1925,.2977376,,,,,,,,.4,,,,,,,,.744344,HFS,,
MEX,Mexico,1926,.372172,,,,,,,,.5,,,,,,,,.744344,HFS,,
MEX,Mexico,1927,.2977376,,,,,,,,.4,,,,,,,,.744344,HFS,,
MEX,Mexico,1928,.4466064,,,,,,,,.6,,,,,,,,.744344,HFS,,
MEX,Mexico,1929,.4466064,,,,,,,,.6,,,,,,,,.744344,HFS,,
MEX,Mexico,1930,.4466064,,,,,,,,.6,,,,,,,,.744344,HFS,,
MEX,Mexico,1931,.1488688,,,,,,,,.2,,,,,,,,.744344,HFS,,
MEX,Mexico,1932,.2233032,,,,,,,,.3,,,,,,,,.744344,HFS,,
MEX,Mexico,1933,.372172,,,,,,,,.5,,,,,,,,.744344,HFS,,
MEX,Mexico,1934,.372172,,,,,,,,.5,,,,,,,,.744344,HFS,,
MEX,Mexico,1935,.372172,,,,,,,,.5,,,,,,,,.744344,HFS,,
MEX,Mexico,1936,.5210408,,,,,,,,.7,,,,,,,,.744344,HFS,,
MEX,Mexico,1937,.5210408,,,,,,,,.7,,,,,,,,.744344,HFS,,
MEX,Mexico,1938,.5210408,,,,,,,,.7,,,,,,,,.744344,HFS,,
MEX,Mexico,1939,.6699096,,,,,,,,.9,,,,,,,,.744344,HFS,,
MEX,Mexico,1940,.8187784,,,,,,,,1.1,,,,,,,,.744344,HFS,,
MEX,Mexico,1941,.9676471,,,,,,,,1.3,,,,,,,,.744344,HFS,,
MEX,Mexico,1942,1.339819,,,,,,,,1.8,,,,,,,,.744344,HFS,,
MEX,Mexico,1943,2.009729,,,,,,,,2.7,,,,,,,,.744344,HFS,,
MEX,Mexico,1944,2.53077,,,,,,,,3.4,,,,,,,,.744344,HFS,,
MEX,Mexico,1945,2.679638,,,,,,,,3.6,,,,,,,,.744344,HFS,,
MEX,Mexico,1946,2.679638,,,,,,,,3.6,,,,,,,,.744344,HFS,,
MEX,Mexico,1947,2.679638,,,,,,,,3.6,,,,,,,,.744344,HFS,1,2
MEX,Mexico,1948,3.051811,,,,,,,,4.1,,4.04,,,,,,.7553986,Mitchell,,
MEX,Mexico,1949,3.399294,,,,,,,,4.6,,4.5,,,,,,.7553986,Mitchell,,
MEX,Mexico,1950,4.713687,,,,,,,,6.2,,6.24,,,,,,.7553986,Mitchell,,
MEX,Mexico,1951,5.265128,,,,,,,,7.1,,6.97,,,,,,.7553986,Mitchell,,
MEX,Mexico,1952,5.484194,,,,,,,,7.5,,7.26,,,,,,.7553986,Mitchell,,
MEX,Mexico,1953,6.080959,,,,,,,,8.1,,8.05,,,,,,.7553986,Mitchell,,
MEX,Mexico,1954,6.806142,,,,,,,,9.7,,9.01,,,,,,.7553986,Mitchell,,
MEX,Mexico,1955,8.135644,,,,,,,,11.5,,10.77,,,,,,.7553986,Mitchell,,
MEX,Mexico,1956,9.049675,,,,,,,,12.8,,11.98,,,,,,.7553986,Mitchell,,
MEX,Mexico,1957,9.653995,,,,,,,,14,,12.78,,,,,,.7553986,Mitchell,,
MEX,Mexico,1958,10.36407,,,,,,,,15.3,,13.72,,,,,,.7553986,Mitchell,,
MEX,Mexico,1959,11.98818,,,,,,,,17,,15.87,,,,,,.7553986,Mitchell,,
MEX,Mexico,1960,13.10617,,,,,,,,18.3,,17.35,,,,,,.7553986,Mitchell,,
MEX,Mexico,1961,13.96732,,,,,,,,19.2,,18.49,,,,,,.7553986,Mitchell,,
MEX,Mexico,1962,15.78783,,,,,,,,21.7,,20.9,,,,,,.7553986,Mitchell,,
MEX,Mexico,1963,18.35619,,,,,,,,25.1,,24.3,,,,,,.7553986,Mitchell,,
MEX,Mexico,1964,21.6044,,,,,,,,29.2,,28.6,,,,,,.7553986,Mitchell,,
MEX,Mexico,1965,22.81304,,,,,,,,31,,30.2,,,,,,.7553986,Mitchell,,
MEX,Mexico,1966,25.60802,,,,,,,,34.4,,33.9,,,,,,.7553986,Mitchell,,
MEX,Mexico,1967,27.94975,,,,,,,,37,,37,,,,,,.7553986,Mitchell,,
MEX,Mexico,1968,31.95336,,,,,,,,41.7,,42.3,,,,,,.7553986,Mitchell,,
MEX,Mexico,1969,36.71237,,,,,,,,46.1,,48.6,,,,,,.7553986,Mitchell,,
MEX,Mexico,1970,40.79153,,,,,,,,50.9,,54,,,,,,.7553986,Mitchell,,
MEX,Mexico,1971,43.81312,,,,,,57.89,,54.8,,58,,,,,,.7553986,Mitchell,,
MEX,Mexico,1972,51.36711,,,,,,68.24,,66.4,,68,,,,,,.7553986,Mitchell,,
MEX,Mexico,1973,63.45348,,,,,,83.52,,84.1,,84,,,,,,.7553986,Mitchell,,
MEX,Mexico,1974,76.29527,,,,,,100.77,,101,,101,,,,,,.7553986,Mitchell,,
MEX,Mexico,1975,92.15863,,,,,,122.36,,122.3,,122,,,,,,.7553986,Mitchell,,
MEX,Mexico,1976,119.353,,,,,,157.97,,166,,158,,,,,,.7553986,Mitchell,,
MEX,Mexico,1977,157.1229,,,,,,212.2,,209.6,,208,,,,,,.7553986,Mitchell,,
MEX,Mexico,1978,203.9576,,,,,,270.2,,275.9,,270,,,,,,.7553986,Mitchell,,
MEX,Mexico,1979,272.6989,,,,,,362.9,,368.8,,361,,,,,,.7553986,Mitchell,,
MEX,Mexico,1980,360.3251,,,,,,481.2,,492,,477,,,,,,.7553986,Mitchell,,
MEX,Mexico,1981,479.6781,,,,,,643,,656,,635,,,,,,.7553986,Mitchell,,
MEX,Mexico,1982,778.816,,,,,,1031,,1011,,1031,,,,,,.7553986,Mitchell,,
MEX,Mexico,1983,1093.062,,,,,,1447,,1430,,1447,,,,,,.7553986,Mitchell,,
MEX,Mexico,1984,1748.748,,,,,,2315,,2321,,2315,,,,,,.7553986,Mitchell,,
MEX,Mexico,1985,2615.19,,,,,,3463,,3570,,3462,,,,,,.7553986,Mitchell,1,2
MEX,Mexico,1986,4373.758,,,,,,5790,,6145,,5790,,4373.758,,,,1,OECD_MEI,,
MEX,Mexico,1987,8347.498,,,,,,12629,,14116,,12627,,8347.498,,,,1,OECD_MEI,,
MEX,Mexico,1988,16798.25,,,,,,21191,,22312,,21191,,16798.25,,,,1,OECD_MEI,,
MEX,Mexico,1989,22527.71,,,,,,29087,,31392,,29087,,22527.71,,,,1,OECD_MEI,,
MEX,Mexico,1990,35026.03,,,,,,47439,,51048,,47439,,35026.03,,,,1,OECD_MEI,,
MEX,Mexico,1991,65530.95,,,,,,106227,,112184,,106227,,65530.95,,,,1,OECD_MEI,,
MEX,Mexico,1992,111290,,,,,,122220,,126471,,122220,,111290,,,,1,OECD_MEI,,
MEX,Mexico,1993,132478.1,,,,,,143902,,148911,,143902,,132478.1,,,,1,OECD_MEI,,
MEX,Mexico,1994,149074.9,,,,,,145429,,154519,,145115,,149074.9,,,,1,OECD_MEI,,
MEX,Mexico,1995,138615.6,,,,,,150572,,165367,,148534,,138615.6,,,,1,OECD_MEI,,
MEX,Mexico,1996,190285.3,,,,,,206180,,232678,,206010,,190285.3,,,,1,OECD_MEI,,
MEX,Mexico,1997,267771.6,,,,,,267113,,299823,,267211,,267771.6,,,,1,OECD_MEI,,
MEX,Mexico,1998,329476.6,,,,,,,,354863,,323912,,329476.6,,,,1,OECD_MEI,,
MEX,Mexico,1999,395600.3,,,,,,,,452929,,407601,,395600.3,,,,1,OECD_MEI,,
MEX,Mexico,2000,481781.1,,,,,,,515036,513156,,465485,,481781.1,,,,1,OECD_MEI,,
MEX,Mexico,2001,553218.2,,,,,,,595193.3,,,526346,,553218.2,,,,1,OECD_MEI,,
MEX,Mexico,2002,655806.9,,,,,,,680672.3,,,600839,,655806.9,,,,1,OECD_MEI,,
MEX,Mexico,2003,733692.7,,,,,,,781949.2,,,684690,,733692.7,,,,1,OECD_MEI,,
MEX,Mexico,2004,835338.9,,,,,,,847699.5,,,743221,,835338.9,,,,1,OECD_MEI,,
MEX,Mexico,2005,928857.6,,,,,,,967882.5,,,865024,,928857.6,,,,1,OECD_MEI,,
MEX,Mexico,2006,1073523,,,,,,,1113105.1,,,1218519.5,,1073523,,,,1,OECD_MEI,,
MEX,Mexico,2007,1177347,,,,,,,1243598.9,,,1350053.4,,1177347,,,,1,OECD_MEI,,
MEX,Mexico,2008,1272583,,,,,,,1356503.2,,,1482920.4,,1272583,,,,1,OECD_MEI,,
MEX,Mexico,2009,1436342,,,,,,,1466042.5,,,1614642.5,,1436342,,,,1,OECD_MEI,,
MEX,Mexico,2010,1576616,,,,,,,1694604.4,,,1833317.5,,1576616,,,,1,OECD_MEI,,
MEX,Mexico,2011,1808516,,,,,,,1938236.3,,,,,1808516,,,,1,OECD_MEI,,
MEX,Mexico,2012,2059556,,,,,,,2102633.2,,,,,2059556,,,,1,OECD_MEI,,
MEX,Mexico,2013,2232551,,,,,,,2308765.4,,,,,2232551,,,,1,OECD_MEI,,
MEX,Mexico,2014,2552624,,,,,,,2625497.2,,,,,2552624,,,,1,OECD_MEI,,
MEX,Mexico,2015,3015587,,,,,,,2995381.8,,,,,3015587,,,,1,OECD_MEI,,
MEX,Mexico,2016,3454805,,,,,,,3370532.7,,,,,3454805,,,,1,OECD_MEI,,
MEX,Mexico,2017,3865810,,,,,,,3686576.8,,,,,3865810,,,,1,OECD_MEI,,
MEX,Mexico,2018,4204234,,,,,,,3948945.3,,,,,4204234,,,,1,OECD_MEI,,
MEX,Mexico,2019,4375914,,,,,,,4198641.2,,,,,4375914,,,,1,OECD_MEI,,
MEX,Mexico,2020,5128724,,,,,,,5022692.8,,,,,5128724,,,,1,OECD_MEI,,
MEX,Mexico,2021,5838402,,,,,,,5655345.4,,,,,5838402,,,,1,OECD_MEI,,
MEX,Mexico,2022,6478127,,,,,,,6195370.5,,,,,6478127,,,,1,OECD_MEI,,
MEX,Mexico,2023,6836275,,,,,,,,,,,,6836275,,,,1,OECD_MEI,,
MEX,Mexico,2024,7591349,,,,,,,,,,,,7591349,,,,1,OECD_MEI,,
MLI,Mali,1962,6523.703,,,,,,,,,,6520,,,,,,1.000568,Mitchell,,
MLI,Mali,1963,7304.146,,,,,,,,,,7300,,,,,,1.000568,Mitchell,,
MLI,Mali,1964,8494.821,,,,,,,,,,8490,,,,,,1.000568,Mitchell,,
MLI,Mali,1965,9195.219,,,,,,,,,,9190,,,,,,1.000568,Mitchell,,
MLI,Mali,1966,11206.36,,,,,,,,,,11200,,,,,,1.000568,Mitchell,,
MLI,Mali,1967,12206.93,,,,,,,,,,12200,,,,,,1.000568,Mitchell,,
MLI,Mali,1968,11306.42,,,,,,,,,,11300,,,,,,1.000568,Mitchell,,
MLI,Mali,1969,11106.3,,,,,,,,,,11100,,,,,,1.000568,Mitchell,,
MLI,Mali,1970,12907.33,,,,,,,,,,12900,,,,,,1.000568,Mitchell,,
MLI,Mali,1971,14007.95,,,,,,,,,,14000,,,,,,1.000568,Mitchell,,
MLI,Mali,1972,15608.86,,,,,,,,,,15600,,,,,,1.000568,Mitchell,,
MLI,Mali,1973,17509.94,,,,,,,,,,17500,,,,,,1.000568,Mitchell,,
MLI,Mali,1974,27015.33,,,,,,,,,,27000,,,,,,1.000568,Mitchell,,
MLI,Mali,1975,31918.12,,,,,,,,,,31900,,,,,,1.000568,Mitchell,,
MLI,Mali,1976,35620.22,,,,,,,,,,35600,,,,,,1.000568,Mitchell,,
MLI,Mali,1977,40723.11,,,,,,,,,,40700,,,,,,1.000568,Mitchell,,
MLI,Mali,1978,48527.54,,,,,,,,,,48500,,,,,,1.000568,Mitchell,,
MLI,Mali,1979,56832.26,,,,,,,,,,56800,,,,,,1.000568,Mitchell,1,3
MLI,Mali,1980,59533.79,,59518.5,,,,,,,,59500,,,,,,1.000257,AFDB,,
MLI,Mali,1981,60263.98,,60248.5,,,,,,,,60200,,,,,,1.000257,AFDB,,
MLI,Mali,1982,68336.05,,68318.5,,,,,,,,68300,,,,,,1.000257,AFDB,,
MLI,Mali,1983,81269.38,,81248.5,,,,,,,,81200,,,,,,1.000257,AFDB,,
MLI,Mali,1984,107121.5,,107094,,,,,,,,107000,,,,,,1.000257,AFDB,,
MLI,Mali,1985,113800.2,,113771,,,,,,,,114000,,,,,,1.000257,AFDB,,
MLI,Mali,1986,117537.2,,117507,,,,,,,,118000,,,,,,1.000257,AFDB,,
MLI,Mali,1987,109331.1,,109303,,,,,,,,109000,,,,,,1.000257,AFDB,,
MLI,Mali,1988,114644.4,,114615,,,,,,,,114000,,,,,,1.000257,AFDB,,
MLI,Mali,1989,110461.4,,110433,,,,,,,,110000,,,,,,1.000257,AFDB,1,3
MLI,Mali,1990,98500,,98474.7,98500,,,,,,,98000,,,,,,1,AFRISTAT,,
MLI,Mali,1991,107400,,107368,107400,,,,,,,107000,,,,,,1,AFRISTAT,,
MLI,Mali,1992,108200,,108282,108200,,,,,,,108000,,,,,,1,AFRISTAT,,
MLI,Mali,1993,117800,,117786,117800,,,,,,,118000,,,,,,1,AFRISTAT,,
MLI,Mali,1994,171800,,174172,171800,,,,,,,174000,,,,,,1,AFRISTAT,,
MLI,Mali,1995,225600,,198195,225600,,,,,,,198000,,,,,,1,AFRISTAT,,
MLI,Mali,1996,239800,,240388,239800,,,,,,,240000,,,,,,1,AFRISTAT,,
MLI,Mali,1997,256300,,255997,256300,,,,,,,256000,,,,,,1,AFRISTAT,,
MLI,Mali,1998,261200,,267570,261200,,,,,,,268000,,,,,,1,AFRISTAT,,
MLI,Mali,1999,266400,,266025,266400,,,,,,,266000,,,,,,1,AFRISTAT,,
MLI,Mali,2000,292400,,408482.9,292400,,,,,,,291000,,,,,,1,AFRISTAT,,
MLI,Mali,2001,377300,,487245.1,377300,,,,,,,377000,,,,,,1,AFRISTAT,,
MLI,Mali,2002,488900,,626254.18,488900,,,,,,,486000,,,,,,1,AFRISTAT,,
MLI,Mali,2003,620900,,786161.7,620900,,,,,,,614000,,,,,,1,AFRISTAT,,
MLI,Mali,2004,558200,,767201.6,558200,,558240,,,,,570000,,,,,,1,AFRISTAT,,
MLI,Mali,2005,634700,,856847,634700,,634690,,,,,642000,,,,,,1,AFRISTAT,,
MLI,Mali,2006,698000,,931952.1,698000,,697999,,,,,700469,,,,,,1,AFRISTAT,,
MLI,Mali,2007,693700,,1018260.4,693700,,693743,,,,,699692,,,,,,1,AFRISTAT,,
MLI,Mali,2008,626800,,1023631.7,626800,,626751,,,,,734908,,,,,,1,AFRISTAT,,
MLI,Mali,2009,806800,,1187903.8,806800,,806806,,,,,800453,,,,,,1,AFRISTAT,,
MLI,Mali,2010,928000,,1294462.5,928000,,928049,,,,,923136,,,,,,1,AFRISTAT,,
MLI,Mali,2011,1087500,,1491952.9,1087500,,1087472,,,,,,,,,,,1,AFRISTAT,,
MLI,Mali,2012,1272000,,1718047.7,1272000,,1272038,,,,,,,,,,,1,AFRISTAT,,
MLI,Mali,2013,1324300,,1845370.8,1324300,,1324348,,,,,,,,,,,1,AFRISTAT,,
MLI,Mali,2014,1399700,,1976807.1,1399700,,1399691,,,,,,,,,,,1,AFRISTAT,,
MLI,Mali,2015,1487200,,2237133.4,1487200,,1487229,,,,,,,,,,,1,AFRISTAT,,
MLI,Mali,2016,1585000,,2562765.4,1585000,,1585033,,,,,,,,,,,1,AFRISTAT,,
MLI,Mali,2017,1661300,,2861675.6,1661300,,1661269,,,,,,,,,,,1,AFRISTAT,,
MLI,Mali,2018,1942600,,3145716.6,1942600,,1942596,,,,,,,,,,,1,AFRISTAT,,
MLI,Mali,2019,2111800,,,2111800,,2111780,,,,,,,,,,,1,AFRISTAT,,
MLI,Mali,2020,2616800,,,2616800,,2616843,,,,,,,,,,,1,AFRISTAT,,
MLI,Mali,2021,3064700,,,3064700,,3064720,,,,,,,,,,,1,AFRISTAT,,
MLI,Mali,2022,3480100,,,3480100,,3480127,,,,,,,,,,,1,AFRISTAT,,
MLI,Mali,2023,3332774,,,,,3332800,,,,,,,,,,,.9999923,BCEAO,1,3
MLI,Mali,2024,3356524,,,,,3356550,,,,,,,,,,,.9999923,BCEAO,,
MMR,Myanmar,1948,536.1975,,,,,,,,,,499,,,,,,1.074544,Mitchell,,
MMR,Myanmar,1949,643.6519,,,,,,,,,,599,,,,,,1.074544,Mitchell,,
MMR,Myanmar,1950,592.0738,,,,,,,,,,551,,,,,,1.074544,Mitchell,,
MMR,Myanmar,1951,651.1737,,,,,,,,,,606,,,,,,1.074544,Mitchell,,
MMR,Myanmar,1952,643.6519,,,,,,,,,,599,,,,,,1.074544,Mitchell,,
MMR,Myanmar,1953,809.1317,,,,,,,,,,753,,,,,,1.074544,Mitchell,,
MMR,Myanmar,1954,904.7661,,,,,,,,,,842,,,,,,1.074544,Mitchell,,
MMR,Myanmar,1955,1199.191,,,,,,,,,,1116,,,,,,1.074544,Mitchell,,
MMR,Myanmar,1956,1443.113,,,,,,,,,,1343,,,,,,1.074544,Mitchell,,
MMR,Myanmar,1957,1188.446,,,,,,,,,,1106,,,,,,1.074544,Mitchell,,
MMR,Myanmar,1958,1408.727,,,,,,,,,,1311,,,,,,1.074544,Mitchell,,
MMR,Myanmar,1959,1580.654,,,,,,,,,,1471,,,,,,1.074544,Mitchell,,
MMR,Myanmar,1960,1559.163,,,,,,,,,,1451,,,,,,1.074544,Mitchell,,
MMR,Myanmar,1961,1595.698,,,,,,,,,,1485,,,,,,1.074544,Mitchell,,
MMR,Myanmar,1962,1784.818,,,,,,,,,,1661,,,,,,1.074544,Mitchell,,
MMR,Myanmar,1963,2526.253,,,,,,,,,,2351,,,,,,1.074544,Mitchell,,
MMR,Myanmar,1964,2372.593,,,,,,,,,,2208,,,,,,1.074544,Mitchell,,
MMR,Myanmar,1965,2217.859,,,,,,,,,,2064,,,,,,1.074544,Mitchell,,
MMR,Myanmar,1966,2386.563,,,,,,,,,,2221,,,,,,1.074544,Mitchell,,
MMR,Myanmar,1967,2482.197,,,,,,,,,,2310,,,,,,1.074544,Mitchell,,
MMR,Myanmar,1968,2503.688,,,,,,,,,,2330,,,,,,1.074544,Mitchell,,
MMR,Myanmar,1969,2532.7,,,,,,,,,,2357,,,,,,1.074544,Mitchell,,
MMR,Myanmar,1970,2081.392,,,,,,,,,,1937,,,,,,1.074544,Mitchell,,
MMR,Myanmar,1971,2181.324,,,,,,,,,,2030,,,,,,1.074544,Mitchell,,
MMR,Myanmar,1972,2679.913,,,,,,,,,,2494,,,,,,1.074544,Mitchell,,
MMR,Myanmar,1973,3377.292,,,,,,,,,,3143,,,,,,1.074544,Mitchell,,
MMR,Myanmar,1974,4294.953,,,,,,,,,,3997,,,,,,1.074544,Mitchell,,
MMR,Myanmar,1975,5221.209,,,,,,,,,,4859,,,,,,1.074544,Mitchell,,
MMR,Myanmar,1976,5829.401,,,,,,,,,,5425,,,,,,1.074544,Mitchell,,
MMR,Myanmar,1977,6037.863,,,,,,,,,,5619,,,,,,1.074544,Mitchell,,
MMR,Myanmar,1978,6775,,,,,,,,,,6305,,,,,,1.074544,Mitchell,,
MMR,Myanmar,1979,7526.106,,,,,,,,,,7004,,,,,,1.074544,Mitchell,,
MMR,Myanmar,1980,8488.898,,,,,,,,,,7900,,,,,,1.074544,Mitchell,,
MMR,Myanmar,1981,9789.097,,,,,,,,,,9110,,,,,,1.074544,Mitchell,,
MMR,Myanmar,1982,10530.53,,,,,,,,,,9800,,,,,,1.074544,Mitchell,,
MMR,Myanmar,1983,11927.44,,,,,,,,,,11100,,,,,,1.074544,Mitchell,,
MMR,Myanmar,1984,13754.16,,,,,,,,,,12800,,,,,,1.074544,Mitchell,,
MMR,Myanmar,1985,12464.71,,,,,,,,,,11600,,,,,,1.074544,Mitchell,,
MMR,Myanmar,1986,17515.07,,,,,,,,,,16300,,,,,,1.074544,Mitchell,,
MMR,Myanmar,1987,10175.93,,,,,,,,,,9470,,,,,,1.074544,Mitchell,,
MMR,Myanmar,1988,16870.34,,,,,,,,,,15700,,,,,,1.074544,Mitchell,,
MMR,Myanmar,1989,22887.79,,,,,,,,,,21300,,,,,,1.074544,Mitchell,,
MMR,Myanmar,1990,32881.05,,,,,,,,,,30600,,,,,,1.074544,Mitchell,,
MMR,Myanmar,1991,,,,,,,,,,,,,,,,,1.074544,Mitchell,,
MMR,Myanmar,1992,,,,,,,,,,,,,,,,,1.074544,Mitchell,,
MMR,Myanmar,1993,,,,,,,,,,,,,,,,,1.074544,Mitchell,,
MMR,Myanmar,1994,105627.7,,,,,,,,,,98300,,,,,,1.074544,Mitchell,,
MMR,Myanmar,1995,135392.5,,,,,,,,,,126000,,,,,,1.074544,Mitchell,,
MMR,Myanmar,1996,180523.4,,,,,,,,,,168000,,,,,,1.074544,Mitchell,,
MMR,Myanmar,1997,236399.7,,,,,,,,,,220000,,,,,,1.074544,Mitchell,,
MMR,Myanmar,1998,303021.4,,,,,,,,,,282000,,,,,,1.074544,Mitchell,,
MMR,Myanmar,1999,371792.3,,,,,,,,,,346000,,,,,,1.074544,Mitchell,1,1
MMR,Myanmar,2000,499663,499663,,,,,,,,,465000,,,,,,1,ADB,,
MMR,Myanmar,2001,695452,695452,,,,,,,,,701000,,,,,,1,ADB,,
MMR,Myanmar,2002,1001382,1001382,,,,,,,,,1009000,,,,,,1,ADB,,
MMR,Myanmar,2003,1175379,1175379,,,,,,,,,1186000,,,,,,1,ADB,,
MMR,Myanmar,2004,1471750,1471750,,,,,,,,,1488000,,,,,,1,ADB,,
MMR,Myanmar,2005,1931735,1931735,,,,,,,,,1953000,,,,,,1,ADB,,
MMR,Myanmar,2006,2445595,2445595,,,,,,,,,2152940,,,,,,1,ADB,,
MMR,Myanmar,2007,3181113,3181113,,,,,,,,,2696660,,,,,,1,ADB,,
MMR,Myanmar,2008,3385387,3385387,,,,,,,,,2922650,,,,,,1,ADB,,
MMR,Myanmar,2009,4199165,4199165,,,,,,,,,3568550,,,,,,1,ADB,,
MMR,Myanmar,2010,5548877,5548877,,,,,,,,,4278930,,,,,,1,ADB,,
MMR,Myanmar,2011,6702818,6702818,,,,,,,,,,,,,,,1,ADB,,
MMR,Myanmar,2012,7735345,7735345,,,,,,,,,,,,,,,1,ADB,,
MMR,Myanmar,2013,9610044,9610044.4,,,,,,,,,,,,,,,1,ADB,,
MMR,Myanmar,2014,1.09e+07,10918078,,,,,,,,,,,,,,,1,ADB,,
MMR,Myanmar,2015,1.44e+07,14395987,,,,,,,,,,,,,,,1,ADB,,
MMR,Myanmar,2016,1.45e+07,14496433,,,,,,,,,,,,,,,1,ADB,,
MMR,Myanmar,2017,1.58e+07,15807264,,,,,,,,,,,,,,,1,ADB,,
MMR,Myanmar,2018,1.72e+07,17178695,,,,,,,,,,,,,,,1,ADB,,
MMR,Myanmar,2019,1.91e+07,19108381,,,,,,,,,,,,,,,1,ADB,,
MMR,Myanmar,2020,2.32e+07,23195048,,,,,,,,,,,,,,,1,ADB,,
MMR,Myanmar,2021,3.82e+07,38152322,,,,,,,,,,,,,,,1,ADB,,
MMR,Myanmar,2022,3.80e+07,38010579,,,,,,,,,,,,,,,1,ADB,,
MNG,Mongolia,2000,130775,130774.99,,,,,,,,,,,,,,,1,ADB,,
MNG,Mongolia,2001,156155.3,156155.34,,,,,,,,,,,,,,,1,ADB,,
MNG,Mongolia,2002,187727.8,187727.78,,,,,,,,,,,,,,,1,ADB,,
MNG,Mongolia,2003,212833.4,212833.37,,,,,,,,,,,,,,,1,ADB,,
MNG,Mongolia,2004,221327.6,221327.59,,,,,,,,,,,,,,,1,ADB,,
MNG,Mongolia,2005,269124.4,269124.37,,,,,,,,,,,,,,,1,ADB,,
MNG,Mongolia,2006,331903.4,331903.36,,,,,,,,,,,,,,,1,ADB,,
MNG,Mongolia,2007,590471.6,590471.57,,,,,,,,,,,,,,,1,ADB,,
MNG,Mongolia,2008,647335.3,647335.3,,,,,,,,,,,,,,,1,ADB,,
MNG,Mongolia,2009,651247.1,651247.04,,,,,,,,,,,,,,,1,ADB,,
MNG,Mongolia,2010,1157429,1157429,,,,,,,,,,,,,,,1,ADB,,
MNG,Mongolia,2011,1740944,1740943.8,,,,,,,,,,,,,,,1,ADB,,
MNG,Mongolia,2012,1834784,1834783.6,,,,,,,,,,,,,,,1,ADB,,
MNG,Mongolia,2013,2092735,2092734.9,,,,,,,,,,,,,,,1,ADB,,
MNG,Mongolia,2014,1816387,1816387.1,,,,,,,,,,,,,,,1,ADB,,
MNG,Mongolia,2015,1685417,1685416.9,,,,,,,,,,,,,,,1,ADB,,
MNG,Mongolia,2016,2147720,2147719.4,,,,,,,,,,,,,,,1,ADB,,
MNG,Mongolia,2017,2825997,2825996.8,,,,,,,,,,,,,,,1,ADB,,
MNG,Mongolia,2018,4030954,4030953.6,,,,,,,,,,,,,,,1,ADB,,
MNG,Mongolia,2019,3904159,3904158.4,,,,,,,,,,,,,,,1,ADB,,
MOZ,Mozambique,1984,80.845,,80.845,,,,,,,,,,,,,,1,AFDB,,
MOZ,Mozambique,1985,92.618,,92.618,,,,,,,,,,,,,,1,AFDB,,
MOZ,Mozambique,1986,109.595,,109.595,,,,,,,,,,,,,,1,AFDB,,
MOZ,Mozambique,1987,152.771,,152.771,,,,,,,,,,,,,,1,AFDB,,
MOZ,Mozambique,1988,244.377,,244.377,,,,,,,,,,,,,,1,AFDB,,
MOZ,Mozambique,1989,365.152,,365.152,,,,,,,,,,,,,,1,AFDB,,
MOZ,Mozambique,1990,495.787,,495.787,,,,,,,,,,,,,,1,AFDB,,
MOZ,Mozambique,1991,727,,727,,,,,,,,,,,,,,1,AFDB,,
MOZ,Mozambique,1992,1056.6,,1056.6,,,,,,,,,,,,,,1,AFDB,,
MOZ,Mozambique,1993,1606.1,,1606.1,,,,,,,,,,,,,,1,AFDB,,
MOZ,Mozambique,1994,2417.9,,2417.9,,,,,,,,,,,,,,1,AFDB,,
MOZ,Mozambique,1995,3264,,3264,,,,,,,,,,,,,,1,AFDB,,
MOZ,Mozambique,1996,3917.23,,3917.23,,,,,,,,,,,,,,1,AFDB,,
MOZ,Mozambique,1997,4901.66,,4901.66,,,,,,,,,,,,,,1,AFDB,,
MOZ,Mozambique,1998,5612.95,,5612.95,,,,,,,,,,,,,,1,AFDB,,
MOZ,Mozambique,1999,6994.39,,6994.39,,,,,,,,,,,,,,1,AFDB,,
MOZ,Mozambique,2000,9949.957,,9949.9574,,,,,,,,,,,,,,1,AFDB,,
MOZ,Mozambique,2001,10795.9,,10795.897,,,,,,,,,,,,,,1,AFDB,,
MOZ,Mozambique,2002,16677.83,,16677.834,,,,,,,,,,,,,,1,AFDB,,
MOZ,Mozambique,2003,19830.66,,19830.659,,,,,,,,,,,,,,1,AFDB,,
MOZ,Mozambique,2004,22745.05,,22745.049,,,,,,,,,,,,,,1,AFDB,,
MOZ,Mozambique,2005,27917.69,,27917.69,,,,,,,,,,,,,,1,AFDB,,
MOZ,Mozambique,2006,35166.36,,35166.36,,,,,,,,,,,,,,1,AFDB,,
MOZ,Mozambique,2007,42773.59,,42773.588,,,,,,,,,,,,,,1,AFDB,,
MOZ,Mozambique,2008,53888.27,,53888.265,,,,,,,,,,,,,,1,AFDB,,
MOZ,Mozambique,2009,72536.58,,72536.576,,,,,,,,,,,,,,1,AFDB,,
MOZ,Mozambique,2010,85275.45,,85275.452,,,,,,,,,,,,,,1,AFDB,,
MOZ,Mozambique,2011,105697.3,,105697.31,,,,,,,,,,,,,,1,AFDB,,
MOZ,Mozambique,2012,132716,,132715.96,,,,,,,,,,,,,,1,AFDB,,
MOZ,Mozambique,2013,160840.3,,160840.32,,,,,,,,,,,,,,1,AFDB,,
MOZ,Mozambique,2014,204814.7,,204814.72,,,,,,,,,,,,,,1,AFDB,,
MOZ,Mozambique,2015,249291.2,,249291.22,,,,,,,,,,,,,,1,AFDB,,
MOZ,Mozambique,2016,274220.3,,274220.34,,,,,,,,,,,,,,1,AFDB,,
MOZ,Mozambique,2017,308980.3,,308980.27,,,,,,,,,,,,,,1,AFDB,,
MOZ,Mozambique,2018,351242.8,,351242.75,,,,,,,,,,,,,,1,AFDB,,
MRT,Mauritania,1962,55.54147,,,,,,,,,,54.4,,,,,,1.020983,Mitchell,,
MRT,Mauritania,1963,54.82678,,,,,,,,,,53.7,,,,,,1.020983,Mitchell,,
MRT,Mauritania,1964,51.35544,,,,,,,,,,50.3,,,,,,1.020983,Mitchell,,
MRT,Mauritania,1965,43.80017,,,,,,,,,,42.9,,,,,,1.020983,Mitchell,,
MRT,Mauritania,1966,59.4212,,,,,,,,,,58.2,,,,,,1.020983,Mitchell,,
MRT,Mauritania,1967,70.75411,,,,,,,,,,69.3,,,,,,1.020983,Mitchell,,
MRT,Mauritania,1968,81.57653,,,,,,,,,,79.9,,,,,,1.020983,Mitchell,,
MRT,Mauritania,1969,83.92479,,,,,,,,,,82.2,,,,,,1.020983,Mitchell,,
MRT,Mauritania,1970,113.3291,,,,,,,,,,111,,,,,,1.020983,Mitchell,,
MRT,Mauritania,1971,115.5753,,,,,,,,,,113.2,,,,,,1.020983,Mitchell,,
MRT,Mauritania,1972,145.7964,,,,,,,,,,142.8,,,,,,1.020983,Mitchell,,
MRT,Mauritania,1973,152.5348,,,,,,,,,,149.4,,,,,,1.020983,Mitchell,,
MRT,Mauritania,1974,250.2429,,,,,,,,,,245.1,,,,,,1.020983,Mitchell,,
MRT,Mauritania,1975,298.7396,,,,,,,,,,292.6,,,,,,1.020983,Mitchell,,
MRT,Mauritania,1976,376.028,,,,,,,,,,368.3,,,,,,1.020983,Mitchell,,
MRT,Mauritania,1977,418.0925,,,,,,,,,,409.5,,,,,,1.020983,Mitchell,,
MRT,Mauritania,1978,422.0743,,,,,,,,,,413.4,,,,,,1.020983,Mitchell,,
MRT,Mauritania,1979,518.7614,,,,,,,,,,508.1,,,,,,1.020983,Mitchell,1,2
MRT,Mauritania,1980,579.9182,,567.74,,,,,,,,568,,,,,,1.02145,AFDB,,
MRT,Mauritania,1981,781.6854,,765.27,,,,,,,,765,,,,,,1.02145,AFDB,,
MRT,Mauritania,1982,728.8355,,713.53,,,,,,,,713,,,,,,1.02145,AFDB,,
MRT,Mauritania,1983,826.3126,,808.96,,,,,,,,809,,,,,,1.02145,AFDB,,
MRT,Mauritania,1984,984.7394,,964.06,,,,,,,,964,,,,,,1.02145,AFDB,,
MRT,Mauritania,1985,1243.442,,1217.33,,,,,,,,1220,,,,,,1.02145,AFDB,,
MRT,Mauritania,1986,1163.687,,1139.25,,,,,,,,1140,,,,,,1.02145,AFDB,,
MRT,Mauritania,1987,1368.478,,1339.74,,,,,,,,1340,,,,,,1.02145,AFDB,,
MRT,Mauritania,1988,1433.289,,1403.19,,,,,,,,1400,,,,,,1.02145,AFDB,,
MRT,Mauritania,1989,1739.326,,1702.8,,,,,,,,1700,,,,,,1.02145,AFDB,1,2
MRT,Mauritania,1990,1800,,1762.2,1800,,,,,,,1760,,,,,,1,AFRISTAT,,
MRT,Mauritania,1991,1900,,1937.6,1900,,,,,,,1940,,,,,,1,AFRISTAT,,
MRT,Mauritania,1992,2000,,2020.2,2000,,,,,,,2020,,,,,,1,AFRISTAT,,
MRT,Mauritania,1993,2100,,2093.8,2100,,,,,,,2090,,,,,,1,AFRISTAT,,
MRT,Mauritania,1994,2000,,1981.6,2000,,,,,,,1980,,,,,,1,AFRISTAT,,
MRT,Mauritania,1995,2200,,1820.2,2200,,,,,,,1820,,,,,,1,AFRISTAT,,
MRT,Mauritania,1996,2500,,1622.7,2500,,,,,,,1620,,,,,,1,AFRISTAT,,
MRT,Mauritania,1997,3300,,1757.9,3300,,,,,,,1760,,,,,,1,AFRISTAT,,
MRT,Mauritania,1998,3400,,1850.4,3400,,,,,,,1850,,,,,,1,AFRISTAT,,
MRT,Mauritania,1999,3900,,1967.5,3900,,,,,,,1970,,,,,,1,AFRISTAT,,
MRT,Mauritania,2000,4800,,5667,4800,,,,,,,2420,,,,,,1,AFRISTAT,,
MRT,Mauritania,2001,6500,,7610.8,6500,,,,,,,2770,,,,,,1,AFRISTAT,,
MRT,Mauritania,2002,8000,,9423.1,8000,,,,,,,2890,,,,,,1,AFRISTAT,,
MRT,Mauritania,2003,10000,,11827.3,10000,,,,,,,3220,,,,,,1,AFRISTAT,,
MRT,Mauritania,2004,11100,,13427,11100,,,,,,,,,,,,,1,AFRISTAT,,
MRT,Mauritania,2005,12800,,15380.9,12800,,,,,,,12828.2,,,,,,1,AFRISTAT,,
MRT,Mauritania,2006,14900,,17791.8,14900,,,,,,,14874.1,,,,,,1,AFRISTAT,,
MRT,Mauritania,2007,17100,,21155.8,17100,,,,,,,17105.7,,,,,,1,AFRISTAT,,
MRT,Mauritania,2008,20300,,24063.256,20300,,,,,,,20305.6,,,,,,1,AFRISTAT,,
MRT,Mauritania,2009,23100,,27652.103,23100,,,,,,,23211.1,,,,,,1,AFRISTAT,,
MRT,Mauritania,2010,25900,,31206.255,25900,,,,,,,,,,,,,1,AFRISTAT,,
MRT,Mauritania,2011,32400,,37415.384,32400,,,,,,,,,,,,,1,AFRISTAT,,
MRT,Mauritania,2012,36200,,41343.816,36200,,,,,,,,,,,,,1,AFRISTAT,,
MRT,Mauritania,2013,40500,,46967.324,40500,,,,,,,,,,,,,1,AFRISTAT,,
MRT,Mauritania,2014,44000,,51016.163,44000,,,,,,,,,,,,,1,AFRISTAT,,
MRT,Mauritania,2015,42800,,51205.118,42800,,,,,,,,,,,,,1,AFRISTAT,,
MRT,Mauritania,2016,44900,,52643.667,44900,,,,,,,,,,,,,1,AFRISTAT,,
MRT,Mauritania,2017,50800,,55747.954,50800,,,,,,,,,,,,,1,AFRISTAT,,
MRT,Mauritania,2018,58000,,59738.646,58000,,,,,,,,,,,,,1,AFRISTAT,,
MRT,Mauritania,2019,68900,,,68900,,,,,,,,,,,,,1,AFRISTAT,,
MRT,Mauritania,2020,79900,,,79900,,,,,,,,,,,,,1,AFRISTAT,,
MRT,Mauritania,2021,99900,,,99900,,,,,,,,,,,,,1,AFRISTAT,,
MRT,Mauritania,2022,103800,,,103800,,,,,,,,,,,,,1,AFRISTAT,,
MUS,Mauritius,1961,197.0344,,,,,,,,,,197,,,,,,1.000174,Mitchell,,
MUS,Mauritius,1962,182.0317,,,,,,,,,,182,,,,,,1.000174,Mitchell,,
MUS,Mauritius,1963,243.0424,,,,,,,,,,243,,,,,,1.000174,Mitchell,,
MUS,Mauritius,1964,208.0363,,,,,,,,,,208,,,,,,1.000174,Mitchell,,
MUS,Mauritius,1965,189.033,,,,,,,,,,189,,,,,,1.000174,Mitchell,,
MUS,Mauritius,1966,220.0384,,,,,,,,,,220,,,,,,1.000174,Mitchell,,
MUS,Mauritius,1967,223.0389,,,,,,,,,,223,,,,,,1.000174,Mitchell,,
MUS,Mauritius,1968,191.0333,,,,,,,,,,191,,,,,,1.000174,Mitchell,,
MUS,Mauritius,1969,217.0378,,,,,,,,,,217,,,,,,1.000174,Mitchell,,
MUS,Mauritius,1970,230.0401,,,,,,,,,,230,,,,,,1.000174,Mitchell,,
MUS,Mauritius,1971,262.0457,,,,,,,,,,262,,,,,,1.000174,Mitchell,,
MUS,Mauritius,1972,376.0656,,,,,,,,,,376,,,,,,1.000174,Mitchell,,
MUS,Mauritius,1973,467.0815,,,,,,,,,,467,,,,,,1.000174,Mitchell,,
MUS,Mauritius,1974,784.1367,,,,,,,,,,784,,,,,,1.000174,Mitchell,,
MUS,Mauritius,1975,993.1732,,,,,,,,,,993,,,,,,1.000174,Mitchell,,
MUS,Mauritius,1976,1099.192,,,,,,,,,,1099,,,,,,1.000174,Mitchell,,
MUS,Mauritius,1977,1219.213,,,,,,,,,,1219,,,,,,1.000174,Mitchell,,
MUS,Mauritius,1978,1449.253,,,,,,,,,,1449,,,,,,1.000174,Mitchell,,
MUS,Mauritius,1979,1426.249,,,,,,,,,,1426,,,,,,1.000174,Mitchell,1,1
MUS,Mauritius,1980,1720.3,,1720.3,,,,,,,,1720,,,,,,1,AFDB,,
MUS,Mauritius,1981,1533.4,,1533.4,,,,,,,,1533,,,,,,1,AFDB,,
MUS,Mauritius,1982,1741.1,,1741.1,,,,,,,,1741,,,,,,1,AFDB,,
MUS,Mauritius,1983,1803.8,,1803.8,,,,,,,,1804,,,,,,1,AFDB,,
MUS,Mauritius,1984,2050.3,,2050.3,,,,,,,,2050,,,,,,1,AFDB,,
MUS,Mauritius,1985,2038.8,,2038.8,,,,,,,,2039,,,,,,1,AFDB,,
MUS,Mauritius,1986,2432.2,,2432.2,,,,,,,,2432,,,,,,1,AFDB,,
MUS,Mauritius,1987,3303.7,,3303.7,,,,,,,,3304,,,,,,1,AFDB,,
MUS,Mauritius,1988,3820.2,,3820.2,,,,,,,,3820,,,,,,1,AFDB,,
MUS,Mauritius,1989,4510.9,,4510.9,,,,,,,,4511,,,,,,1,AFDB,,
MUS,Mauritius,1990,5577.8,,5577.8,,,,,,,,5578,,,,,,1,AFDB,,
MUS,Mauritius,1991,6676.5,,6676.5,,,,,,,,6676,,,,,,1,AFDB,,
MUS,Mauritius,1992,7199.3,,7199.3,,,,,,,,7209,,,,,,1,AFDB,,
MUS,Mauritius,1993,7422.3,,7422.3,,,,,,,,7423,,,,,,1,AFDB,,
MUS,Mauritius,1994,8863.4,,8863.4,,,,,,,,8864,,,,,,1,AFDB,,
MUS,Mauritius,1995,9570.5,,9570.5,,,,,,,,9571,,,,,,1,AFDB,,
MUS,Mauritius,1996,9827,,9827,,,,,,,,9827,,,,,,1,AFDB,,
MUS,Mauritius,1997,10609.6,,10609.6,,,,,,,,10610,,,,,,1,AFDB,,
MUS,Mauritius,1998,11586.4,,11586.4,,,,,,,,11586,,,,,,1,AFDB,,
MUS,Mauritius,1999,11997.7,,11997.7,,,,,,,,11998,,,,,,1,AFDB,,
MUS,Mauritius,2000,95539,,95539,,,,,,,,13294,,,,,,1,AFDB,,
MUS,Mauritius,2001,105998.2,,105998.2,,,,,,,,15446,,,,,,1,AFDB,,
MUS,Mauritius,2002,119455.4,,119455.4,,,,,,,,18150,,,,,,1,AFDB,,
MUS,Mauritius,2003,149564.5,,149564.51,,,,,,,,28578,,,,,,1,AFDB,,
MUS,Mauritius,2004,177761.4,,177761.44,,,,,,,,33330,,,,,,1,AFDB,,
MUS,Mauritius,2005,189439.7,,189439.67,,,,,,,,36703,,,,,,1,AFDB,,
MUS,Mauritius,2006,207521,,207521.05,,,,,,,,39648.2,,,,,,1,AFDB,,
MUS,Mauritius,2007,239318.4,,239318.42,,,,,,,,50051.1,,,,,,1,AFDB,,
MUS,Mauritius,2008,274313.7,,274313.68,,,,,,,,59434.2,,,,,,1,AFDB,,
MUS,Mauritius,2009,280826.6,,280826.55,,,,,,,,70923.4,,,,,,1,AFDB,,
MUS,Mauritius,2010,300231.4,,300231.39,,,,,,,,70035.5,,,,,,1,AFDB,,
MUS,Mauritius,2011,319536.7,,319536.67,,,,,,,,,,,,,,1,AFDB,,
MUS,Mauritius,2012,345617.2,,345617.2,,,,,,,,,,,,,,1,AFDB,,
MUS,Mauritius,2013,365608.8,,365608.74,,,,,,,,,,,,,,1,AFDB,,
MUS,Mauritius,2014,397556.6,,397556.55,,,,,,,,,,,,,,1,AFDB,,
MUS,Mauritius,2015,425740.7,,425740.73,,,,,,,,,,,,,,1,AFDB,,
MUS,Mauritius,2016,459783.3,,459783.3,,,,,,,,,,,,,,1,AFDB,,
MUS,Mauritius,2017,487370.5,,487370.54,,,,,,,,,,,,,,1,AFDB,,
MUS,Mauritius,2018,516924.9,,516924.92,,,,,,,,,,,,,,1,AFDB,,
MWI,Malawi,1965,18.99922,,,,,,,,,,19,,,,,,.9999589,Mitchell,,
MWI,Malawi,1966,21.59911,,,,,,,,,,21.6,,,,,,.9999589,Mitchell,,
MWI,Malawi,1967,24.49899,,,,,,,,,,24.5,,,,,,.9999589,Mitchell,,
MWI,Malawi,1968,25.09897,,,,,,,,,,25.1,,,,,,.9999589,Mitchell,,
MWI,Malawi,1969,28.49883,,,,,,,,,,28.5,,,,,,.9999589,Mitchell,,
MWI,Malawi,1970,32.69865,,,,,,,,,,32.7,,,,,,.9999589,Mitchell,,
MWI,Malawi,1971,38.7984,,,,,,,,,,38.8,,,,,,.9999589,Mitchell,,
MWI,Malawi,1972,40.59833,,,,,,,,,,40.6,,,,,,.9999589,Mitchell,,
MWI,Malawi,1973,55.09773,,,,,,,,,,55.1,,,,,,.9999589,Mitchell,,
MWI,Malawi,1974,73.39698,,,,,,,,,,73.4,,,,,,.9999589,Mitchell,,
MWI,Malawi,1975,73.59697,,,,,,,,,,73.6,,,,,,.9999589,Mitchell,,
MWI,Malawi,1976,72.79701,,,,,,,,,,72.8,,,,,,.9999589,Mitchell,,
MWI,Malawi,1977,99.99589,,,,,,,,,,100,,,,,,.9999589,Mitchell,,
MWI,Malawi,1978,93.79614,,,,,,,,,,93.8,,,,,,.9999589,Mitchell,,
MWI,Malawi,1979,90.59628,,,,,,,,,,90.6,,,,,,.9999589,Mitchell,1,1
MWI,Malawi,1980,97.196,,97.196,,,,,,,,97.2,,,,,,1,AFDB,,
MWI,Malawi,1981,114.75,,114.75,,,,,,,,115,,,,,,1,AFDB,,
MWI,Malawi,1982,130.81,,130.81,,,,,,,,131,,,,,,1,AFDB,,
MWI,Malawi,1983,127.757,,127.757,,,,,,,,128,,,,,,1,AFDB,,
MWI,Malawi,1984,154.247,,154.247,,,,,,,,154,,,,,,1,AFDB,,
MWI,Malawi,1985,166.932,,166.932,,,,,,,,167,,,,,,1,AFDB,,
MWI,Malawi,1986,220.776,,220.776,,,,,,,,221,,,,,,1,AFDB,,
MWI,Malawi,1987,298.022,,298.022,,,,,,,,298,,,,,,1,AFDB,,
MWI,Malawi,1988,435.92,,435.92,,,,,,,,436,,,,,,1,AFDB,,
MWI,Malawi,1989,452.706,,452.706,,,,,,,,453,,,,,,1,AFDB,,
MWI,Malawi,1990,482.118,,482.118,,,,,,,,482,,,,,,1,AFDB,,
MWI,Malawi,1991,633.863,,633.863,,,,,,,,634,,,,,,1,AFDB,,
MWI,Malawi,1992,756.703,,756.703,,,,,,,,757,,,,,,1,AFDB,,
MWI,Malawi,1993,1019.89,,1019.89,,,,,,,,1070,,,,,,1,AFDB,,
MWI,Malawi,1994,1535.43,,1535.43,,,,,,,,1535,,,,,,1,AFDB,,
MWI,Malawi,1995,2211.21,,2211.21,,,,,,,,2211,,,,,,1,AFDB,,
MWI,Malawi,1996,2756.84,,2756.84,,,,,,,,2757,,,,,,1,AFDB,,
MWI,Malawi,1997,3212.98,,3212.98,,,,,,,,3213,,,,,,1,AFDB,,
MWI,Malawi,1998,5248.44,,5248.44,,,,,,,,5248,,,,,,1,AFDB,,
MWI,Malawi,1999,7007.27,,7007.27,,,,,,,,7007,,,,,,1,AFDB,,
MWI,Malawi,2000,17982.87,,17982.865,,,,,,,,9737,,,,,,1,AFDB,,
MWI,Malawi,2001,19802.17,,19802.167,,,,,,,,11049,,,,,,1,AFDB,,
MWI,Malawi,2002,31335.79,,31335.79,,,,,,,,13979,,,,,,1,AFDB,,
MWI,Malawi,2003,41443.02,,41443.023,,,,,,,,17763,,,,,,1,AFDB,,
MWI,Malawi,2004,52959.14,,52959.141,,,,,,,,25723,,,,,,1,AFDB,,
MWI,Malawi,2005,65262.82,,65262.826,,,,,,,,31302,,,,,,1,AFDB,,
MWI,Malawi,2006,78008.69,,78008.687,,,,,,,,35007.694,,,,,,1,AFDB,,
MWI,Malawi,2007,104876.2,,104876.24,,,,,,,,49089.006,,,,,,1,AFDB,,
MWI,Malawi,2008,139643.3,,139643.3,,,,,,,,70596.708,,,,,,1,AFDB,,
MWI,Malawi,2009,173050.4,,173050.37,,,,,,,,81900.276,,,,,,1,AFDB,,
MWI,Malawi,2010,231710.7,,231710.7,,,,,,,,102112.22,,,,,,1,AFDB,,
MWI,Malawi,2011,314330.7,,314330.71,,,,,,,,,,,,,,1,AFDB,,
MWI,Malawi,2012,386461.4,,386461.42,,,,,,,,,,,,,,1,AFDB,,
MWI,Malawi,2013,521962.5,,521962.51,,,,,,,,,,,,,,1,AFDB,,
MWI,Malawi,2014,629763.1,,629763.11,,,,,,,,,,,,,,1,AFDB,,
MWI,Malawi,2015,778807.8,,778807.81,,,,,,,,,,,,,,1,AFDB,,
MWI,Malawi,2016,910147.5,,910147.48,,,,,,,,,,,,,,1,AFDB,,
MWI,Malawi,2017,1074660,,1074660.1,,,,,,,,,,,,,,1,AFDB,,
MWI,Malawi,2018,1286485,,1286485.2,,,,,,,,,,,,,,1,AFDB,,
MYS,Malaysia,1950,880.091,,,,,,,,,,890,,,,,,.9888663,Mitchell,,
MYS,Malaysia,1951,1095.664,,,,,,,,,,1108,,,,,,.9888663,Mitchell,,
MYS,Malaysia,1952,1071.931,,,,,,,,,,1084,,,,,,.9888663,Mitchell,,
MYS,Malaysia,1953,985.8997,,,,,,,,,,997,,,,,,.9888663,Mitchell,,
MYS,Malaysia,1954,1055.12,,,,,,,,,,1067,,,,,,.9888663,Mitchell,,
MYS,Malaysia,1955,1253.882,,,,,,,,,,1268,,,,,,.9888663,Mitchell,,
MYS,Malaysia,1956,1253.882,,,,,,,,,,1268,,,,,,.9888663,Mitchell,,
MYS,Malaysia,1957,1217.294,,,,,,,,,,1231,,,,,,.9888663,Mitchell,,
MYS,Malaysia,1958,1224.217,,,,,,,,,,1238,,,,,,.9888663,Mitchell,,
MYS,Malaysia,1959,1097.642,,,,,,,,,,1110,,,,,,.9888663,Mitchell,,
MYS,Malaysia,1960,1156.974,,,,,,,,,,1170,,,,,,.9888663,Mitchell,,
MYS,Malaysia,1961,1187.628,,,,,,,,,,1201,,,,,,.9888663,Mitchell,,
MYS,Malaysia,1962,1243.005,,,,,,,,,,1257,,,,,,.9888663,Mitchell,,
MYS,Malaysia,1963,1330.025,,,,,,,,,,1345,,,,,,.9888663,Mitchell,,
MYS,Malaysia,1964,1405.179,,,,,,,,,,1421,,,,,,.9888663,Mitchell,,
MYS,Malaysia,1965,1500.11,,,,,,,,,,1517,,,,,,.9888663,Mitchell,,
MYS,Malaysia,1966,1662.284,,,,,,,,,,1681,,,,,,.9888663,Mitchell,,
MYS,Malaysia,1967,1511.977,,,,,,,,,,1529,,,,,,.9888663,Mitchell,,
MYS,Malaysia,1968,1697.884,,,,,,,,,,1717,,,,,,.9888663,Mitchell,,
MYS,Malaysia,1969,1891.701,,,,,,,,,,1913,,,,,,.9888663,Mitchell,,
MYS,Malaysia,1970,2047.942,,,,,,,,,,2071,,,,,,.9888663,Mitchell,,
MYS,Malaysia,1971,2147.818,,,,,,2172.4,,,,2172,,,,,,.9888663,Mitchell,,
MYS,Malaysia,1972,2684.772,,,,,,2715.4,,,,2715,,,,,,.9888663,Mitchell,,
MYS,Malaysia,1973,3693.416,,,,,,3735.2,,,,3735,,,,,,.9888663,Mitchell,,
MYS,Malaysia,1974,4009.853,,,,,,4055.3,,,,4055,,,,,,.9888663,Mitchell,,
MYS,Malaysia,1975,4301.568,,,,,,4348.8,,,,4350,,,,,,.9888663,Mitchell,,
MYS,Malaysia,1976,5201.437,,,,,,5256.9,,,,5260,,,,,,.9888663,Mitchell,,
MYS,Malaysia,1977,6061.75,,,,,,6127.4,,,,6130,,,,,,.9888663,Mitchell,,
MYS,Malaysia,1978,7159.392,,,,,,7242.8,,,,7240,,,,,,.9888663,Mitchell,,
MYS,Malaysia,1979,8395.476,,,,,,8486,,,,8490,,,,,,.9888663,Mitchell,,
MYS,Malaysia,1980,9651.335,,,,,,9756.8,,,,9760,,,,,,.9888663,Mitchell,,
MYS,Malaysia,1981,10877.53,,,,,,11014.5,,,,11000,,,,,,.9888663,Mitchell,,
MYS,Malaysia,1982,12360.83,,,,,,12476.7,,,,12500,,,,,,.9888663,Mitchell,,
MYS,Malaysia,1983,13250.81,,,,,,13432.3,,,,13400,,,,,,.9888663,Mitchell,,
MYS,Malaysia,1984,13250.81,,,,,,13356.7,,,,13400,,,,,,.9888663,Mitchell,,
MYS,Malaysia,1985,13943.02,,,,,,14132.1,,,,14100,,,,,,.9888663,Mitchell,,
MYS,Malaysia,1986,14338.56,,,,,,14522.7,,,,14500,,,,,,.9888663,Mitchell,,
MYS,Malaysia,1987,16217.41,,,,,,16374.6,,,,16400,,,,,,.9888663,Mitchell,,
MYS,Malaysia,1988,18491.8,,,,,,18730.3,,,,18700,,,,,,.9888663,Mitchell,,
MYS,Malaysia,1989,21656.17,,,,,,21978.3,,,,21900,,,,,,.9888663,Mitchell,,
MYS,Malaysia,1990,25117.21,,,,,,25405.2,,,,25400,,,,,,.9888663,Mitchell,,
MYS,Malaysia,1991,27589.37,,,,,,27928.3,,,,27900,,,,,,.9888663,Mitchell,,
MYS,Malaysia,1992,35104.75,,,,,,35544.2,,,,35500,,,,,,.9888663,Mitchell,,
MYS,Malaysia,1993,47465.58,,,,,,48077.1,,,,48000,,,,,,.9888663,Mitchell,,
MYS,Malaysia,1994,55574.29,,,,,,56174.8,,,,56200,,,,,,.9888663,Mitchell,,
MYS,Malaysia,1995,62891.9,,,,,,63593.9,,,,63600,,,,,,.9888663,Mitchell,,
MYS,Malaysia,1996,72286.13,,,,,,74182.1,,,,73100,,,,,,.9888663,Mitchell,,
MYS,Malaysia,1997,80790.38,,,,,,82839.6,,,,81700,,,,,,.9888663,Mitchell,,
MYS,Malaysia,1998,56760.93,,,,,,,,,,57400,,,,,,.9888663,Mitchell,,
MYS,Malaysia,1999,72879.45,,,,,,,,,,73700,,,,,,.9888663,Mitchell,1,1
MYS,Malaysia,2000,78515.98,78515.988,,,,,,,,,79400,,,,,,1,ADB,,
MYS,Malaysia,2001,81016.16,81016.158,,,,,,,,,78400,,,,,,1,ADB,,
MYS,Malaysia,2002,89511.78,89511.783,,,,,,,,,87600,,,,,,1,ADB,,
MYS,Malaysia,2003,102440.5,102440.54,,,,,,,,,101600,,,,,,1,ADB,,
MYS,Malaysia,2004,114550.1,114550.14,,,,,,,,,112900,,,,,,1,ADB,,
MYS,Malaysia,2005,124337.8,124337.78,,,,,,,,,122900,,,,,,1,ADB,,
MYS,Malaysia,2006,141367.1,141367.14,,,,,,,,,141123.7,,,,,,1,ADB,,
MYS,Malaysia,2007,169007.4,169007.4,,,,,,,,,169007.4,,,,,,1,ADB,,
MYS,Malaysia,2008,183047.5,183047.45,,,,,,,,,182839.27,,,,,,1,ADB,,
MYS,Malaysia,2009,200916.6,200916.61,,,,,,,,,200916.61,,,,,,1,ADB,,
MYS,Malaysia,2010,224384,224384,,,,,,,,,224384,,,,,,1,ADB,,
MYS,Malaysia,2011,258956.2,258956.2,,,,,,,,,,,,,,,1,ADB,,
MYS,Malaysia,2012,289735.6,289735.64,,,,,,,,,,,,,,,1,ADB,,
MYS,Malaysia,2013,327596,327596.01,,,,,,,,,,,,,,,1,ADB,,
MYS,Malaysia,2014,346415.8,346415.86,,,,,,,,,,,,,,,1,ADB,,
MYS,Malaysia,2015,360502.9,360502.94,,,,,,,,,,,,,,,1,ADB,,
MYS,Malaysia,2016,380860.6,380860.63,,,,,,,,,,,,,,,1,ADB,,
MYS,Malaysia,2017,422820,422820.02,,,,,,,,,,,,,,,1,ADB,,
MYS,Malaysia,2018,427720.5,427720.52,,,,,,,,,,,,,,,1,ADB,,
MYS,Malaysia,2019,452559.5,452559.52,,,,,,,,,,,,,,,1,ADB,,
MYS,Malaysia,2020,523662.9,523662.89,,,,,,,,,,,,,,,1,ADB,,
MYS,Malaysia,2021,578301.9,578301.88,,,,,,,,,,,,,,,1,ADB,,
MYS,Malaysia,2022,602972.1,602972.07,,,,,,,,,,,,,,,1,ADB,,
MYS,Malaysia,2023,638423,638422.98,,,,,,,,,,,,,,,1,ADB,,
NAM,Namibia,1990,614.327,,614.327,,,,,,,,,,,,,,1,AFDB,,
NAM,Namibia,1991,821.948,,821.948,,,,,,,,,,,,,,1,AFDB,,
NAM,Namibia,1992,966.619,,966.619,,,,,,,,,,,,,,1,AFDB,,
NAM,Namibia,1993,1347.79,,1347.79,,,,,,,,,,,,,,1,AFDB,,
NAM,Namibia,1994,1628.54,,1628.54,,,,,,,,,,,,,,1,AFDB,,
NAM,Namibia,1995,1760.99,,1760.99,,,,,,,,,,,,,,1,AFDB,,
NAM,Namibia,1996,2761.64,,2761.64,,,,,,,,,,,,,,1,AFDB,,
NAM,Namibia,1997,2871.09,,2871.09,,,,,,,,,,,,,,1,AFDB,,
NAM,Namibia,1998,3669.06,,3669.06,,,,,,,,,,,,,,1,AFDB,,
NAM,Namibia,1999,4477.22,,4477.22,,,,,,,,,,,,,,1,AFDB,,
NAM,Namibia,2000,10845.18,,10845.185,,,,,,,,,,,,,,1,AFDB,,
NAM,Namibia,2001,11514.09,,11514.095,,,,,,,,,,,,,,1,AFDB,,
NAM,Namibia,2002,12433.69,,12433.694,,,,,,,,,,,,,,1,AFDB,,
NAM,Namibia,2003,13626.68,,13626.68,,,,,,,,,,,,,,1,AFDB,,
NAM,Namibia,2004,15821.62,,15821.621,,,,,,,,,,,,,,1,AFDB,,
NAM,Namibia,2005,17370.21,,17370.211,,,,,,,,,,,,,,1,AFDB,,
NAM,Namibia,2006,22518.14,,22518.143,,,,,,,,,,,,,,1,AFDB,,
NAM,Namibia,2007,24808.21,,24808.207,,,,,,,,,,,,,,1,AFDB,,
NAM,Namibia,2008,29240.9,,29240.899,,,,,,,,,,,,,,1,AFDB,,
NAM,Namibia,2009,47731.43,,47731.432,,,,,,,,,,,,,,1,AFDB,,
NAM,Namibia,2010,51567.01,,51567.013,,,,,,,,,,,,,,1,AFDB,,
NAM,Namibia,2011,57709.88,,57709.883,,,,,,,,,,,,,,1,AFDB,,
NAM,Namibia,2012,61330.15,,61330.15,,,,,,,,,,,,,,1,AFDB,,
NAM,Namibia,2013,68957.84,,68957.842,,,,,,,,,,,,,,1,AFDB,,
NAM,Namibia,2014,74365.98,,74365.987,,,,,,,,,,,,,,1,AFDB,,
NAM,Namibia,2015,81944.95,,81944.945,,,,,,,,,,,,,,1,AFDB,,
NAM,Namibia,2016,91056.1,,91056.098,,,,,,,,,,,,,,1,AFDB,,
NAM,Namibia,2017,101600.5,,101600.54,,,,,,,,,,,,,,1,AFDB,,
NAM,Namibia,2018,112785.6,,112785.56,,,,,,,,,,,,,,1,AFDB,,
NER,Niger,1962,4944.888,,,,,,,,,,4950,,,,,,.9989672,Mitchell,,
NER,Niger,1963,5833.969,,,,,,,,,,5840,,,,,,.9989672,Mitchell,,
NER,Niger,1964,5734.072,,,,,,,,,,5740,,,,,,.9989672,Mitchell,,
NER,Niger,1965,6713.06,,,,,,,,,,6720,,,,,,.9989672,Mitchell,,
NER,Niger,1966,6942.822,,,,,,,,,,6950,,,,,,.9989672,Mitchell,,
NER,Niger,1967,7352.399,,,,,,,,,,7360,,,,,,.9989672,Mitchell,,
NER,Niger,1968,7232.523,,,,,,,,,,7240,,,,,,.9989672,Mitchell,,
NER,Niger,1969,8531.18,,,,,,,,,,8540,,,,,,.9989672,Mitchell,,
NER,Niger,1970,8820.881,,,,,,,,,,8830,,,,,,.9989672,Mitchell,,
NER,Niger,1971,10589.05,,,,,,,,,,10600,,,,,,.9989672,Mitchell,,
NER,Niger,1972,11388.23,,,,,,,,,,11400,,,,,,.9989672,Mitchell,,
NER,Niger,1973,13585.95,,,,,,,,,,13600,,,,,,.9989672,Mitchell,,
NER,Niger,1974,17581.82,,,,,,,,,,17600,,,,,,.9989672,Mitchell,,
NER,Niger,1975,20079.24,,,,,,,,,,20100,,,,,,.9989672,Mitchell,,
NER,Niger,1976,24774.39,,,,,,,,,,24800,,,,,,.9989672,Mitchell,,
NER,Niger,1977,32266.64,,,,,,,,,,32300,,,,,,.9989672,Mitchell,,
NER,Niger,1978,46352.08,,,,,,,,,,46400,,,,,,.9989672,Mitchell,,
NER,Niger,1979,57240.82,,,,,,,,,,57300,,,,,,.9989672,Mitchell,1,3
NER,Niger,1980,64533.29,,64594,,,,,,,,64600,,,,,,.99906,AFDB,,
NER,Niger,1981,74682.73,,74753,,,,,,,,74700,,,,,,.99906,AFDB,,
NER,Niger,1982,70860.33,,70927,,,,,,,,70900,,,,,,.99906,AFDB,,
NER,Niger,1983,66483.45,,66546,,,,,,,,66500,,,,,,.99906,AFDB,,
NER,Niger,1984,78332.3,,78406,,,,,,,,78400,,,,,,.99906,AFDB,,
NER,Niger,1985,80515.45,,80591.2,,,,,,,,80600,,,,,,.99906,AFDB,,
NER,Niger,1986,82915.09,,82993.1,,,,,,,,83000,,,,,,.99906,AFDB,,
NER,Niger,1987,73077.54,,73146.3,,,,,,,,73100,,,,,,.99906,AFDB,,
NER,Niger,1988,82053.7,,82130.9,,,,,,,,82100,,,,,,.99906,AFDB,,
NER,Niger,1989,88114,,88196.9,,,,,,,,88200,,,,,,.99906,AFDB,1,3
NER,Niger,1990,77800,,77873.2,77800,,,,,,,77900,,,,,,1,AFRISTAT,,
NER,Niger,1991,80000,,79927.9,80000,,,,,,,79900,,,,,,1,AFRISTAT,,
NER,Niger,1992,71600,,71572.6,71600,,,,,,,71700,,,,,,1,AFRISTAT,,
NER,Niger,1993,79500,,79516.9,79500,,,,,,,79500,,,,,,1,AFRISTAT,,
NER,Niger,1994,91800,,91784.1,91800,,,,,,,91800,,,,,,1,AFRISTAT,,
NER,Niger,1995,100500,,100238,100500,,,,,,,100000,,,,,,1,AFRISTAT,,
NER,Niger,1996,90700,,90697.6,90700,,,,,,,90700,,,,,,1,AFRISTAT,,
NER,Niger,1997,74700,,73123.9,74700,,,,,,,73100,,,,,,1,AFRISTAT,,
NER,Niger,1998,59600,,59613,59600,,,,,,,59600,,,,,,1,AFRISTAT,,
NER,Niger,1999,92400,,68801.1,92400,,,,,,,68800,,,,,,1,AFRISTAT,,
NER,Niger,2000,101600,,103160,101600,,,,,,,76900,,,,,,1,AFRISTAT,,
NER,Niger,2001,135400,,136990,135400,,,,,,,104000,,,,,,1,AFRISTAT,,
NER,Niger,2002,134700,,136410,134700,,,,,,,95600,,,,,,1,AFRISTAT,,
NER,Niger,2003,191600,,194010,191600,,,,,,,149500,,,,,,1,AFRISTAT,,
NER,Niger,2004,162300,,233330,162300,,162281,,,,,181900,,,,,,1,AFRISTAT,,
NER,Niger,2005,171800,,248710,171800,,171783,,,,,192200,,,,,,1,AFRISTAT,,
NER,Niger,2006,196200,,289050,196200,,196177,,,,,228794,,,,,,1,AFRISTAT,,
NER,Niger,2007,270200,,355670,270200,,270172,,,,,269346,,,,,,1,AFRISTAT,,
NER,Niger,2008,290900,,399200,290900,,290929,,,,,291220,,,,,,1,AFRISTAT,,
NER,Niger,2009,353100,,472297.2,353100,,353103,,,,,356352,,,,,,1,AFRISTAT,,
NER,Niger,2010,448300,,576020,448300,,448347,,,,,450479,,,,,,1,AFRISTAT,,
NER,Niger,2011,472000,,611560,472000,,472026,,,,,,,,,,,1,AFRISTAT,,
NER,Niger,2012,634200,,802500,634200,,634240,,,,,,,,,,,1,AFRISTAT,,
NER,Niger,2013,698500,,883510,698500,,698472,,,,,,,,,,,1,AFRISTAT,,
NER,Niger,2014,885200,,1110730,885200,,885151,,,,,,,,,,,1,AFRISTAT,,
NER,Niger,2015,889400,,1151260,889400,,889425,,,,,,,,,,,1,AFRISTAT,,
NER,Niger,2016,980800,,1309469.4,980800,,980759,,,,,,,,,,,1,AFRISTAT,,
NER,Niger,2017,914700,,1448464.7,914700,,914730,,,,,,,,,,,1,AFRISTAT,,
NER,Niger,2018,908500,,1577520.5,908500,,908489,,,,,,,,,,,1,AFRISTAT,,
NER,Niger,2019,1027200,,,1027200,,1027245,,,,,,,,,,,1,AFRISTAT,,
NER,Niger,2020,1184100,,,1184100,,1184109,,,,,,,,,,,1,AFRISTAT,,
NER,Niger,2021,1267500,,,1267500,,1267467,,,,,,,,,,,1,AFRISTAT,,
NER,Niger,2022,1481100,,,1481100,,1481065,,,,,,,,,,,1,AFRISTAT,,
NER,Niger,2023,1483823,,,,,1483788,,,,,,,,,,,1.000024,BCEAO,1,3
NER,Niger,2024,1598868,,,,,1598830,,,,,,,,,,,1.000024,BCEAO,,
NGA,Nigeria,1951,128.9539,,,,,,,,,,129,,,,,,.9996425,Mitchell,,
NGA,Nigeria,1952,141.9492,,,,,,,,,,142,,,,,,.9996425,Mitchell,,
NGA,Nigeria,1953,162.9417,,,,,,,,,,163,,,,,,.9996425,Mitchell,,
NGA,Nigeria,1954,167.9399,,,,,,,,,,168,,,,,,.9996425,Mitchell,,
NGA,Nigeria,1955,174.9374,,,,,,,,,,175,,,,,,.9996425,Mitchell,,
NGA,Nigeria,1956,182.9346,,,,,,,,,,183,,,,,,.9996425,Mitchell,,
NGA,Nigeria,1957,200.9281,,,,,,,,,,201,,,,,,.9996425,Mitchell,,
NGA,Nigeria,1958,202.9274,,,,,,,,,,203,,,,,,.9996425,Mitchell,,
NGA,Nigeria,1959,214.9231,,,,,,,,,,215,,,,,,.9996425,Mitchell,,
NGA,Nigeria,1960,240.9138,,,,,,,,,,241,,,,,,.9996425,Mitchell,,
NGA,Nigeria,1961,242.9131,,,,,,,,,,243,,,,,,.9996425,Mitchell,,
NGA,Nigeria,1962,252.9095,,,,,,,,,,253,,,,,,.9996425,Mitchell,,
NGA,Nigeria,1963,268.9038,,,,,,,,,,269,,,,,,.9996425,Mitchell,,
NGA,Nigeria,1964,317.8863,,,,,,,,,,318,,,,,,.9996425,Mitchell,,
NGA,Nigeria,1965,327.8828,,,,,,,,,,328,,,,,,.9996425,Mitchell,,
NGA,Nigeria,1966,356.8724,,,,,,,,,,357,,,,,,.9996425,Mitchell,,
NGA,Nigeria,1967,322.8845,,,,,,,,,,323,,,,,,.9996425,Mitchell,,
NGA,Nigeria,1968,337.8792,,,,,,,,,,338,,,,,,.9996425,Mitchell,,
NGA,Nigeria,1969,446.8402,,,,,,,,,,447,,,,,,.9996425,Mitchell,,
NGA,Nigeria,1970,642.7701,,,,,,,,,,643,,,,,,.9996425,Mitchell,,
NGA,Nigeria,1971,669.7605,,,,,,670.1,,,,670,,,,,,.9996425,Mitchell,,
NGA,Nigeria,1972,746.733,,,,,,747.3,,,,747,,,,,,.9996425,Mitchell,,
NGA,Nigeria,1973,925.6689,,,,,,788.1,,,,926,,,,,,.9996425,Mitchell,,
NGA,Nigeria,1974,1756.372,,,,,,1619.3,,,,1757,,,,,,.9996425,Mitchell,,
NGA,Nigeria,1975,2604.069,,,,,,2463,,,,2605,,,,,,.9996425,Mitchell,,
NGA,Nigeria,1976,3862.619,,,,,,3728.4,,,,3864,,,,,,.9996425,Mitchell,,
NGA,Nigeria,1977,5556.013,,,,,,5420.1,,,,5558,,,,,,.9996425,Mitchell,,
NGA,Nigeria,1978,5099.176,,,,,,5100.6,,,,5101,,,,,,.9996425,Mitchell,,
NGA,Nigeria,1979,6144.802,,,,,,6146.7,,,,6147,,,,,,.9996425,Mitchell,1,1
NGA,Nigeria,1980,9226.7,,9226.7,,,,9226.7,,,,9230,,,,,,1,AFDB,,
NGA,Nigeria,1981,9744.7,,9744.7,,,,9744.7,,,,9740,,,,,,1,AFDB,,
NGA,Nigeria,1982,10048.6,,10048.6,,,,10048.6,,,,10000,,,,,,1,AFDB,,
NGA,Nigeria,1983,11282.5,,11282.5,,,,11282.5,,,,11300,,,,,,1,AFDB,,
NGA,Nigeria,1984,12204.1,,12204.1,,,,12204.1,,,,12200,,,,,,1,AFDB,,
NGA,Nigeria,1985,13227.4,,13227.4,,,,13227.4,,,,13200,,,,,,1,AFDB,,
NGA,Nigeria,1986,12662.9,,12662.9,,,,12662.9,,,,12700,,,,,,1,AFDB,,
NGA,Nigeria,1987,14906.1,,14906.1,,,,14906.1,,,,14900,,,,,,1,AFDB,,
NGA,Nigeria,1988,21446.3,,21446.3,,,,21446.3,,,,21400,,,,,,1,AFDB,,
NGA,Nigeria,1989,26664.1,,26664.1,,,,26664.1,,,,26700,,,,,,1,AFDB,,
NGA,Nigeria,1990,34540.1,,34540.1,,,,34540.1,,,,34500,,,,,,1,AFDB,,
NGA,Nigeria,1991,48707.6,,48707.6,,,,48707.6,,,,48700,,,,,,1,AFDB,,
NGA,Nigeria,1992,79273.4,,79273.4,,,,77653.8,,,,84300,,,,,,1,AFDB,,
NGA,Nigeria,1993,124422,,124422,,,,120446,,,,124000,,,,,,1,AFDB,,
NGA,Nigeria,1994,178440,,178440,,,,175781,,,,178000,,,,,,1,AFDB,,
NGA,Nigeria,1995,207509,,207509,,,,204415,,,,208000,,,,,,1,AFDB,,
NGA,Nigeria,1996,235577,,235577,,,,234006,,,,236000,,,,,,1,AFDB,,
NGA,Nigeria,1997,275098,,275098,,,,276564,,,,275000,,,,,,1,AFDB,,
NGA,Nigeria,1998,327300,,327300,,,,,,,,327000,,,,,,1,AFDB,,
NGA,Nigeria,1999,400826,,400826,,,,,,,,401000,,,,,,1,AFDB,,
NGA,Nigeria,2000,1034770,,1034769.5,,,,,,,,650000,,,,,,1,AFDB,,
NGA,Nigeria,2001,1310054,,1310053.7,,,,,,,,817000,,,,,,1,AFDB,,
NGA,Nigeria,2002,1598770,,1598769.6,,,,,,,,946000,,,,,,1,AFDB,,
NGA,Nigeria,2003,1984843,,1984842.9,,,,,,,,1226000,,,,,,1,AFDB,,
NGA,Nigeria,2004,2263588,,2263587.9,,,,,,,,1331000,,,,,,1,AFDB,,
NGA,Nigeria,2005,2631100,,2631100,,,,,,,,1542000,,,,,,1,AFDB,,
NGA,Nigeria,2006,4027902,,4027901.7,,,,,,,,1935005,,,,,,1,AFDB,,
NGA,Nigeria,2007,5832489,,5832488.5,,,,,,,,3116272.1,,,,,,1,AFDB,,
NGA,Nigeria,2008,9208463,,9208462.6,,,,,,,,4678182.9,,,,,,1,AFDB,,
NGA,Nigeria,2009,1.08e+07,,10780627,,,,,,,,5003866.6,,,,,,1,AFDB,,
NGA,Nigeria,2010,1.15e+07,,11525530,,,,,,,,5219993.4,,,,,,1,AFDB,,
NGA,Nigeria,2011,1.20e+07,,11987104,,,,,,,,,,,,,,1,AFDB,,
NGA,Nigeria,2012,1.55e+07,,15480439,,,,,,,,,,,,,,1,AFDB,,
NGA,Nigeria,2013,1.56e+07,,15632181,,,,,,,,,,,,,,1,AFDB,,
NGA,Nigeria,2014,1.88e+07,,18813898,,,,,,,,,,,,,,1,AFDB,,
NGA,Nigeria,2015,1.99e+07,,19924740,,,,,,,,,,,,,,1,AFDB,,
NGA,Nigeria,2016,2.27e+07,,22715138,,,,,,,,,,,,,,1,AFDB,,
NGA,Nigeria,2017,2.64e+07,,26398004,,,,,,,,,,,,,,1,AFDB,,
NGA,Nigeria,2018,3.07e+07,,30676883,,,,,,,,,,,,,,1,AFDB,,
NIC,Nicaragua,1948,9.98e-09,,,,,,,,,,1.780e-08,,,,,,.5604748,Mitchell,,
NIC,Nicaragua,1949,1.26e-08,,,,,,,,,,2.240e-08,,,,,,.5604748,Mitchell,,
NIC,Nicaragua,1950,1.37e-08,,,,,,,,,,2.440e-08,,,,,,.5604748,Mitchell,,
NIC,Nicaragua,1951,1.68e-08,,,,,,,,,,3.000e-08,,,,,,.5604748,Mitchell,,
NIC,Nicaragua,1952,2.02e-08,,,,,,,,,,3.600e-08,,,,,,.5604748,Mitchell,,
NIC,Nicaragua,1953,2.58e-08,,,,,,,,,,4.600e-08,,,,,,.5604748,Mitchell,,
NIC,Nicaragua,1954,2.96e-08,,,,,,,,,,5.280e-08,,,,,,.5604748,Mitchell,,
NIC,Nicaragua,1955,3.05e-08,,,,,,,,,,5.440e-08,,,,,,.5604748,Mitchell,,
NIC,Nicaragua,1956,2.99e-08,,,,,,,,,,5.340e-08,,,,,,.5604748,Mitchell,,
NIC,Nicaragua,1957,2.91e-08,,,,,,,,,,5.200e-08,,,,,,.5604748,Mitchell,,
NIC,Nicaragua,1958,2.82e-08,,,,,,,,,,5.040e-08,,,,,,.5604748,Mitchell,,
NIC,Nicaragua,1959,2.84e-08,,,,,,,,,,5.060e-08,,,,,,.5604748,Mitchell,,
NIC,Nicaragua,1960,2.96e-08,,,,,,,,,,5.280e-08,,,,,,.5604748,Mitchell,,
NIC,Nicaragua,1961,3.06e-08,,,,,,,,,,5.460e-08,,,,,,.5604748,Mitchell,,
NIC,Nicaragua,1962,3.96e-08,,,,,,,,,,7.060e-08,,,,,,.5604748,Mitchell,,
NIC,Nicaragua,1963,4.45e-08,,,,,,,,,,7.940e-08,,,,,,.5604748,Mitchell,,
NIC,Nicaragua,1964,5.16e-08,,,,,,,,,,9.200e-08,,,,,,.5604748,Mitchell,,
NIC,Nicaragua,1965,6.02e-08,,,,,,,,,,1.074e-07,,,,,,.5604748,Mitchell,,
NIC,Nicaragua,1966,6.33e-08,,,,,,,,,,1.130e-07,,,,,,.5604748,Mitchell,,
NIC,Nicaragua,1967,6.06e-08,,,,,,,,,,1.082e-07,,,,,,.5604748,Mitchell,,
NIC,Nicaragua,1968,5.44e-08,,,,,,,,,,9.700e-08,,,,,,.5604748,Mitchell,,
NIC,Nicaragua,1969,5.75e-08,,,,,,,,,,1.026e-07,,,,,,.5604748,Mitchell,,
NIC,Nicaragua,1970,6.48e-08,,,,,,,,,,1.156e-07,,,,,,.5604748,Mitchell,,
NIC,Nicaragua,1971,6.94e-08,,,,,,,,,,1.238e-07,,,,,,.5604748,Mitchell,,
NIC,Nicaragua,1972,8.40e-08,,,,,,,,,,1.498e-07,,,,,,.5604748,Mitchell,,
NIC,Nicaragua,1973,1.28e-07,,,,,,,,,,2.292e-07,,,,,,.5604748,Mitchell,,
NIC,Nicaragua,1974,1.47e-07,,,,,,,,,,2.626e-07,,,,,,.5604748,Mitchell,,
NIC,Nicaragua,1975,1.41e-07,,,,,,,,,,2.512e-07,,,,,,.5604748,Mitchell,,
NIC,Nicaragua,1976,1.81e-07,,,,,,,,,,3.230e-07,,,,,,.5604748,Mitchell,,
NIC,Nicaragua,1977,1.90e-07,,,,,,,,,,3.398e-07,,,,,,.5604748,Mitchell,,
NIC,Nicaragua,1978,1.77e-07,,,,,,,,,,3.158e-07,,,,,,.5604748,Mitchell,,
NIC,Nicaragua,1979,2.98e-07,,,,,,,,,,5.308e-07,,,,,,.5604748,Mitchell,,
NIC,Nicaragua,1980,4.60e-07,,,,,,,,,,8.204e-07,,,,,,.5604748,Mitchell,,
NIC,Nicaragua,1981,5.84e-07,,,,,,,,,,1.041e-06,,,,,,.5604748,Mitchell,,
NIC,Nicaragua,1982,7.34e-07,,,,,,,,,,1.309e-06,,,,,,.5604748,Mitchell,,
NIC,Nicaragua,1983,1.23e-09,,,,,,,,,,2.188e-09,,,,,,.5604748,Mitchell,,
NIC,Nicaragua,1984,2.34e-06,,,,,,,,,,4.168e-06,,,,,,.5604748,Mitchell,,
NIC,Nicaragua,1985,6.14e-06,,,,,,,,,,.00001096,,,,,,.5604748,Mitchell,,
NIC,Nicaragua,1986,.0000216,,,,,,,,,,.0000386,,,,,,.5604748,Mitchell,,
NIC,Nicaragua,1987,.0001594,,,,,,,,,,.0002844,,,,,,.5604748,Mitchell,,
NIC,Nicaragua,1988,,,,,,,,,,,,,,,,,.5604748,Mitchell,,
NIC,Nicaragua,1989,,,,,,,,,,,,,,,,,.5604748,Mitchell,,
NIC,Nicaragua,1990,29.70517,,,,,,,,,,53,,,,,,.5604748,Mitchell,,
NIC,Nicaragua,1991,424.8399,,,,,,,,,,758,,,,,,.5604748,Mitchell,,
NIC,Nicaragua,1992,473.6012,,,,,,,,,,845,,,,,,.5604748,Mitchell,,
NIC,Nicaragua,1993,451.7427,,,,,,,,,,806,,,,,,.5604748,Mitchell,,
NIC,Nicaragua,1994,614.8409,,,,,,,,,,1097,,,,,,.5604748,Mitchell,,
NIC,Nicaragua,1995,696.1097,,,,,,,,,,1242,,,,,,.5604748,Mitchell,,
NIC,Nicaragua,1996,927.5858,,,,,,,,,,1655,,,,,,.5604748,Mitchell,,
NIC,Nicaragua,1997,1224.637,,,,,,,,,,2185,,,,,,.5604748,Mitchell,,
NIC,Nicaragua,1998,1429.771,,,,,,,,,,2551,,,,,,.5604748,Mitchell,,
NIC,Nicaragua,1999,1766.056,,,,,,,,,,3151,,,,,,.5604748,Mitchell,,
NIC,Nicaragua,2000,1912.34,,,,,,,,,,3412,,,,,,.5604748,Mitchell,,
NIC,Nicaragua,2001,1831.071,,,,,,,3075.6,,,3267,,,,,,.5604748,Mitchell,,
NIC,Nicaragua,2002,1887.679,,,,,,,3136.5,,,3368,,,,,,.5604748,Mitchell,,
NIC,Nicaragua,2003,2358.478,,,,,,,3810.6,,,4208,,,,,,.5604748,Mitchell,,
NIC,Nicaragua,2004,2694.202,,,,,,,4845,,,4807,,,,,,.5604748,Mitchell,,
NIC,Nicaragua,2005,3242.347,,,,,,,5799.4,,,5785,,,,,,.5604748,Mitchell,,
NIC,Nicaragua,2006,5527.301,,,,,,,6647.8,,,9861.8183,,,,,,.5604748,Mitchell,,
NIC,Nicaragua,2007,7183.789,,,,,,,8797.4,,,12817.326,,,,,,.5604748,Mitchell,,
NIC,Nicaragua,2008,8750.927,,,,,,,10097.9,,,15613.417,,,,,,.5604748,Mitchell,,
NIC,Nicaragua,2009,10706.92,,,,,,,11478,,,19103.303,,,,,,.5604748,Mitchell,,
NIC,Nicaragua,2010,14478.9,,,,,,,14478.9,,,25833.274,,,,,,.5604748,Mitchell,1,1
NIC,Nicaragua,2011,17274.7,,,,,,,17274.7,,,,,,,,,1,ECLAC,,
NIC,Nicaragua,2012,18824.1,,,,,,,18824.1,,,,,,,,,1,ECLAC,,
NIC,Nicaragua,2013,21472.8,,,,,,,21472.8,,,,,,,,,1,ECLAC,,
NIC,Nicaragua,2014,24239.8,,,,,,,24239.8,,,,,,,,,1,ECLAC,,
NIC,Nicaragua,2015,30675.4,,,,,,,30675.4,,,,,,,,,1,ECLAC,,
NIC,Nicaragua,2016,31897.5,,,,,,,31897.5,,,,,,,,,1,ECLAC,,
NIC,Nicaragua,2017,36193.1,,,,,,,36193.1,,,,,,,,,1,ECLAC,,
NIC,Nicaragua,2018,31256.9,,,,,,,31256.9,,,,,,,,,1,ECLAC,,
NIC,Nicaragua,2019,37526.6,,,,,,,37526.6,,,,,,,,,1,ECLAC,,
NIC,Nicaragua,2020,46614.8,,,,,,,46614.8,,,,,,,,,1,ECLAC,,
NIC,Nicaragua,2021,58392.8,,,,,,,58392.8,,,,,,,,,1,ECLAC,,
NIC,Nicaragua,2022,63179.2,,,,,,,63179.2,,,,,,,,,1,ECLAC,,
NLD,Netherlands,1870,59.89899,,,,,,,,,59.89899,,,,,,,1,JST,,
NLD,Netherlands,1871,64.89057,,,,,,,,,64.89057,,,,,,,1,JST,,
NLD,Netherlands,1872,76.23508,,,,,,,,,76.23508,,,,,,,1,JST,,
NLD,Netherlands,1873,74.87373,,,,,,,,,74.87373,,,,,,,1,JST,,
NLD,Netherlands,1874,75.32751,,,,,,,,,75.32751,,,,,,,1,JST,,
NLD,Netherlands,1875,79.41154,,,,,,,,,79.41154,,,,,,,1,JST,,
NLD,Netherlands,1876,83.49556,,,,,,,,,83.49556,,,,,,,1,JST,,
NLD,Netherlands,1877,84.8569,,,,,,,,,84.8569,,,,,,,1,JST,,
NLD,Netherlands,1878,90.75604,,,,,,,,,90.75604,,,,,,,1,JST,,
NLD,Netherlands,1879,85.31068,,,,,,,,,85.31068,,,,,,,1,JST,,
NLD,Netherlands,1880,86.67202,,,,,,,,,86.67202,,,,,,,1,JST,,
NLD,Netherlands,1881,88.03336,,,,,,,,,88.03336,,,,,,,1,JST,,
NLD,Netherlands,1882,88.48714,,,,,,,,,88.48714,,,,,,,1,JST,,
NLD,Netherlands,1883,84.40312,,,,,,,,,84.40312,,,,,,,1,JST,,
NLD,Netherlands,1884,84.40312,,,,,,,,,84.40312,,,,,,,1,JST,,
NLD,Netherlands,1885,84.40312,,,,,,,,,84.40312,,,,,,,1,JST,,
NLD,Netherlands,1886,89.84848,,,,,,,,,89.84848,,,,,,,1,JST,,
NLD,Netherlands,1887,88.48714,,,,,,,,,88.48714,,,,,,,1,JST,,
NLD,Netherlands,1888,87.57958,,,,,,,,,87.57958,,,,,,,1,JST,,
NLD,Netherlands,1889,92.57117,,,,,,,,,92.57117,,,,,,,1,JST,,
NLD,Netherlands,1890,94.38628,,,,,,,,,94.38628,,,,,,,1,JST,,
NLD,Netherlands,1891,88.48714,,,,,,,,,88.48714,,,,,,,1,JST,,
NLD,Netherlands,1892,85.76446,,,,,,,,,85.76446,,,,,,,1,JST,,
NLD,Netherlands,1893,87.57958,,,,,,,,,87.57958,,,,,,,1,JST,,
NLD,Netherlands,1894,90.75604,,,,,,,,,90.75604,,,,,,,1,JST,,
NLD,Netherlands,1895,92.57117,,,,,,,,,92.57117,,,,,,,1,JST,,
NLD,Netherlands,1896,90.75604,,,,,,,,,90.75604,,,,,,,1,JST,,
NLD,Netherlands,1897,91.6636,,,,,,,,,91.6636,,,,,,,1,JST,,
NLD,Netherlands,1898,92.11739,,,,,,,,,92.11739,,,,,,,1,JST,,
NLD,Netherlands,1899,99.37787,,,,,,,,,99.37787,,,,,,,1,JST,,
NLD,Netherlands,1900,97.10896,,,,,,,,,97.10896,,,,,,,1,JST,,
NLD,Netherlands,1901,100.7392,,,,,,,,,100.7392,,,,,,,1,JST,,
NLD,Netherlands,1902,100.7392,,,,,,,,,100.7392,,,,,,,1,JST,,
NLD,Netherlands,1903,106.1846,,,,,,,,,106.1846,,,,,,,1,JST,,
NLD,Netherlands,1904,107.0921,,,,,,,,,107.0921,,,,,,,1,JST,,
NLD,Netherlands,1905,117.5291,,,,,,,,,117.5291,,,,,,,1,JST,,
NLD,Netherlands,1906,125.6971,,,,,,,,,125.6971,,,,,,,1,JST,,
NLD,Netherlands,1907,117.9829,,,,,,,,,117.9829,,,,,,,1,JST,,
NLD,Netherlands,1908,120.7055,,,,,,,,,120.7055,,,,,,,1,JST,,
NLD,Netherlands,1909,124.3358,,,,,,,,,124.3358,,,,,,,1,JST,,
NLD,Netherlands,1910,127.5122,,,,,,,,,127.5122,,,,,,,1,JST,,
NLD,Netherlands,1911,128.4198,,,,,,,,,128.4198,,,,,,,1,JST,,
NLD,Netherlands,1912,135.6803,,,,,,,,,135.6803,,,,,,,1,JST,,
NLD,Netherlands,1913,273.1757,,,,,,,,,273.1757,,,,,,,1,JST,,
NLD,Netherlands,1914,311.5601,,,,,,,,,311.5601,,,,,,,1,JST,,
NLD,Netherlands,1915,431.0789,,,,,,,,,431.0789,,,,,,,1,JST,,
NLD,Netherlands,1916,557.9337,,,,,,,,,557.9337,,,,,,,1,JST,,
NLD,Netherlands,1917,693.5536,,,,,,,,,693.5536,,,,,,,1,JST,,
NLD,Netherlands,1918,858.0984,,,,,,,,,858.0984,,,,,,,1,JST,,
NLD,Netherlands,1919,1038.249,,,,,,,,,1038.249,,,,,,,1,JST,,
NLD,Netherlands,1920,1090.434,,,,,,,,,1090.434,,,,,,,1,JST,,
NLD,Netherlands,1921,1079.997,,,,,,,,,1079.997,,,,,,,1,JST,,
NLD,Netherlands,1922,999.6778,,,,,,,,,999.6778,,,,,,,1,JST,,
NLD,Netherlands,1923,998.7703,,,,,,,,,998.7703,,,,,,,1,JST,,
NLD,Netherlands,1924,1006.938,,,,,,,,,1006.938,,,,,,,1,JST,,
NLD,Netherlands,1925,987.4257,,,,,,,,,987.4257,,,,,,,1,JST,,
NLD,Netherlands,1926,973.3586,,,,,,,,,973.3586,,,,,,,1,JST,,
NLD,Netherlands,1927,991.9636,,,,,,,,,991.9636,,,,,,,1,JST,,
NLD,Netherlands,1928,998.3165,,,,,,,,,998.3165,,,,,,,1,JST,,
NLD,Netherlands,1929,992.8711,,,,,,,,,992.8711,,,,,,,1,JST,,
NLD,Netherlands,1930,1048.232,,,,,,,,,1048.232,,,,,,,1,JST,,
NLD,Netherlands,1931,953.846,,,,,,,,,953.846,,,,,,,1,JST,,
NLD,Netherlands,1932,961.1065,,,,,,,,,961.1065,,,,,,,1,JST,,
NLD,Netherlands,1933,901.2075,,,,,,,,,901.2075,,,,,,,1,JST,,
NLD,Netherlands,1934,853.5606,,,,,,,,,853.5606,,,,,,,1,JST,,
NLD,Netherlands,1935,755.5441,,,,,,,,,755.5441,,,,,,,1,JST,,
NLD,Netherlands,1936,796.8381,,,,,,,,,796.8381,,,,,,,1,JST,,
NLD,Netherlands,1937,1049.14,,,,,,,,,1049.14,,,,,,,1,JST,,
NLD,Netherlands,1938,1101.325,,,,,,,,,1101.325,,,,,,,1,JST,,
NLD,Netherlands,1939,1062.299,,,,,,,,,1062.299,,,,,,,1,JST,,
NLD,Netherlands,1940,1445.744,,,,,,,,,1445.744,,,,,,,1,JST,,
NLD,Netherlands,1941,1888.633,,,,,,,,,1888.633,,,,,,,1,JST,,
NLD,Netherlands,1942,,,,,,,,,,,,,,,,,1,JST,,
NLD,Netherlands,1943,,,,,,,,,,,,,,,,,1,JST,,
NLD,Netherlands,1944,,,,,,,,,,,,,,,,,1,JST,,
NLD,Netherlands,1945,1860.499,,,,,,,,,1860.499,,,,,,,1,JST,,
NLD,Netherlands,1946,2786.21,,,,,,,,,2786.21,,,,,,,1,JST,,
NLD,Netherlands,1947,3131.991,,,,,,,,,3131.991,,,,,,,1,JST,,
NLD,Netherlands,1948,3303.066,,,,,,,,,3303.066,,,,,,,1,JST,,
NLD,Netherlands,1949,3404.713,,,,,,,,,3404.713,,,,,,,1,JST,,
NLD,Netherlands,1950,3085.706,,,,,,,,,3085.706,3085.7055,,,,,,1,JST,,
NLD,Netherlands,1951,3194.613,,,,,,,,,3194.613,3194.6127,,,,,,1,JST,,
NLD,Netherlands,1952,3521.334,,,,,,,,,3521.334,3521.3345,,,,,,1,JST,,
NLD,Netherlands,1953,3748.225,,,,,,,,,3748.225,3748.2246,,,,,,1,JST,,
NLD,Netherlands,1954,4015.955,,,,,,,,,4015.955,4015.9549,,,,,,1,JST,,
NLD,Netherlands,1955,4347.214,,,,,,,,,4347.214,4347.2145,,,,,,1,JST,,
NLD,Netherlands,1956,4188.392,,,,,,,,,4188.392,4188.3914,,,,,,1,JST,,
NLD,Netherlands,1957,4106.711,,,,,,,,,4106.711,4106.711,,,,,,1,JST,,
NLD,Netherlands,1958,4596.793,,,,,,,,,4596.793,4596.7936,,,,,,1,JST,,
NLD,Netherlands,1959,4805.533,,,,,,,,,4805.533,4805.5325,,,,,,1,JST,,
NLD,Netherlands,1960,5127.716,,,,,,,,,5127.716,5127.7164,,,,,,1,JST,,
NLD,Netherlands,1961,5517.967,,,,,,,,,5517.967,5517.9674,,,,,,1,JST,,
NLD,Netherlands,1962,5939.983,,,,,,,,,5939.983,5939.983,,,,,,1,JST,,
NLD,Netherlands,1963,6484.52,,,,,,,,,6484.52,6484.5193,,,,,,1,JST,,
NLD,Netherlands,1964,7010.904,,,,,,,,,7010.904,7010.9043,,,,,,1,JST,,
NLD,Netherlands,1965,7709.726,,,,,,,,,7709.726,7709.7259,,,,,,1,JST,,
NLD,Netherlands,1966,8240.648,,,,,,,,,8240.648,8240.6487,,,,,,1,JST,,
NLD,Netherlands,1967,8753.42,,,,,,,,,8753.42,8753.4204,,,,,,1,JST,,
NLD,Netherlands,1968,9751.737,,,,,,,,,9751.737,9751.7368,,,,,,1,JST,,
NLD,Netherlands,1969,10541.31,,,,,,,,,10541.31,10541.314,,,,,,1,JST,,
NLD,Netherlands,1970,11775.6,,,,,,,,,11775.6,11775.597,,,,,,1,JST,,
NLD,Netherlands,1971,13545.34,,,,,,,,,13545.34,13545.339,,,,,,1,JST,,
NLD,Netherlands,1972,15941.3,,,,,,,,,15941.3,15941.299,,,,,,1,JST,,
NLD,Netherlands,1973,15945.84,,,,,,,,,15945.84,15945.837,,,,,,1,JST,,
NLD,Netherlands,1974,17892.55,,,,,,,,,17892.55,17892.554,,,,,,1,JST,,
NLD,Netherlands,1975,21418.43,,,,,,,,,21418.43,21418.426,,,,,,1,JST,,
NLD,Netherlands,1976,23165.48,,,,,,,,,23165.48,23165.48,,,,,,1,JST,,
NLD,Netherlands,1977,26214.88,,,,,,,,,26214.88,26214.883,,,,,,1,JST,,
NLD,Netherlands,1978,27313.03,,,,,,,,,27313.03,27313.031,,,,,,1,JST,,
NLD,Netherlands,1979,28079.92,,,,,,,,,28079.92,28079.92,,,,,,1,JST,,
NLD,Netherlands,1980,29758.91,,,,,,,,,29758.91,29758.907,,,,,,1,JST,,
NLD,Netherlands,1981,29055.55,,,,,,,,,29055.55,29055.547,,,,,,1,JST,,
NLD,Netherlands,1982,35116,,,,,,,,,35116,32808.31,,,,,,1,JST,,
NLD,Netherlands,1983,38408,,,,,,,,,38408,36148.132,,,,,,1,JST,,
NLD,Netherlands,1984,41748,,,,,,,,,41748,38571.318,,,,,,1,JST,,
NLD,Netherlands,1985,45018,,,,,,,,,45018,41189.63,,,,,,1,JST,,
NLD,Netherlands,1986,48017,,,,,,,,,48017,44111.975,,,,,,1,JST,,
NLD,Netherlands,1987,50866,,,,,,,,,50866,47057.008,,,,,,1,JST,,
NLD,Netherlands,1988,53705,,,,,,,,,53705,50505.738,,,,,,1,JST,,
NLD,Netherlands,1989,59262,,,,,,,,,59262,53999.846,,,,,,1,JST,,
NLD,Netherlands,1990,62316,,,,,,,,,62316,56223.369,,,,,,1,JST,,
NLD,Netherlands,1991,62953,,,,,,,,,62953,58673.782,,,,,,1,JST,,
NLD,Netherlands,1992,67080,,,,,,,,,67080,61305.707,,,,,,1,JST,,
NLD,Netherlands,1993,74549,,,,,,,,,74549,67885.52,,,,,,1,JST,,
NLD,Netherlands,1994,76367,,,,,,,,,76367,70381.312,,,,,,1,JST,,
NLD,Netherlands,1995,85060,,,,,,,,,85060,79865.318,,,,,,1,JST,,
NLD,Netherlands,1996,96599,,,,,,,,,96599,89530.837,,,,,,1,JST,,
NLD,Netherlands,1997,103018,,,,,,,,,103018,96519.052,,,,,,1,JST,,
NLD,Netherlands,1998,121407,,,,,,,,,121407,,,,,,,1,JST,,
NLD,Netherlands,1999,135412,,,,,,,,,135412,134500,,,,,,1,JST,,
NLD,Netherlands,2000,148562,,,,,,,,,148562,147100,,,,,,1,JST,,
NLD,Netherlands,2001,159544,,,,,,,,,159544,,,,,,,1,JST,,
NLD,Netherlands,2002,169491,,,,,,,,,169491,,,,,,,1,JST,,
NLD,Netherlands,2003,178415,,,,,,,,,178415,,,,,,,1,JST,,
NLD,Netherlands,2004,186750,,,,,,,,,186750,,,,,,,1,JST,,
NLD,Netherlands,2005,201188,,,,,,,,,201188,,,,,,,1,JST,,
NLD,Netherlands,2006,229932,,,,,,,,,229932,,,,,,,1,JST,,
NLD,Netherlands,2007,240520,,,,,,,,,240520,,,,,,,1,JST,,
NLD,Netherlands,2008,237960,,,,,,,,,237960,,,,,,,1,JST,,
NLD,Netherlands,2009,272542,,,,,,,,,272542,,,,,,,1,JST,,
NLD,Netherlands,2010,305061,,,,,,,,,305061,,,,,,,1,JST,,
NLD,Netherlands,2011,317631,,,,,,,,,317631,,,,,,,1,JST,,
NLD,Netherlands,2012,340014,,,,,,,,,340014,,,,,,,1,JST,,
NLD,Netherlands,2013,326193,,,,,,,,,326193,,,,,,,1,JST,,
NLD,Netherlands,2014,334602,,,,,,,,,334602,,,,,,,1,JST,,
NLD,Netherlands,2015,428097,,,,,,,,,428097,,,,,,,1,JST,,
NLD,Netherlands,2016,446579,,,,,,,,,446579,,,,,,,1,JST,,
NLD,Netherlands,2017,409671,,,,,,,,,409671,,,,,,,1,JST,,
NLD,Netherlands,2018,407643,,,,,,,,,407643,,,,,,,1,JST,,
NLD,Netherlands,2019,442773,,,,,,,,,442773,,,,,,,1,JST,,
NLD,Netherlands,2020,512799,,,,,,,,,512799,,,,,,,1,JST,,
NOR,Norway,1950,2790.621,,,,,,,,,,4820,,,,,,.5789669,Mitchell,,
NOR,Norway,1951,3248.004,,,,,,,,,,5610,,,,,,.5789669,Mitchell,,
NOR,Norway,1952,3473.802,,,,,,,,,,6000,,,,,,.5789669,Mitchell,,
NOR,Norway,1953,3618.543,,,,,,,,,,6250,,,,,,.5789669,Mitchell,,
NOR,Norway,1954,3769.075,,,,,,,,,,6510,,,,,,.5789669,Mitchell,,
NOR,Norway,1955,3867.499,,,,,,,,,,6680,,,,,,.5789669,Mitchell,,
NOR,Norway,1956,3989.082,,,,,,,,,,6890,,,,,,.5789669,Mitchell,,
NOR,Norway,1957,3971.713,,,,,,,,,,6860,,,,,,.5789669,Mitchell,,
NOR,Norway,1958,4081.717,,,,,,,,,,7050,,,,,,.5789669,Mitchell,,
NOR,Norway,1959,4255.407,,,,,,,,,,7350,,,,,,.5789669,Mitchell,,
NOR,Norway,1960,4498.573,,,,,,,,,,7770,,,,,,.5789669,Mitchell,,
NOR,Norway,1961,4707.001,,,,,,,,,,8130,,,,,,.5789669,Mitchell,,
NOR,Norway,1962,5077.54,,,,,,,,,,8770,,,,,,.5789669,Mitchell,,
NOR,Norway,1963,5361.233,,,,,,,,,,9260,,,,,,.5789669,Mitchell,,
NOR,Norway,1964,5691.245,,,,,,,,,,9830,,,,,,.5789669,Mitchell,,
NOR,Norway,1965,6142.839,,,,,,,,,,10610,,,,,,.5789669,Mitchell,,
NOR,Norway,1966,6611.802,,,,,,,,,,11420,,,,,,.5789669,Mitchell,,
NOR,Norway,1967,7098.134,,,,,,,,,,12260,,,,,,.5789669,Mitchell,,
NOR,Norway,1968,8175.013,,,,,,,,,,14120,,,,,,.5789669,Mitchell,,
NOR,Norway,1969,8840.825,,,,,,,,,,15270,,,,,,.5789669,Mitchell,,
NOR,Norway,1970,9958.23,,,,,,,,,,17200,,,,,,.5789669,Mitchell,,
NOR,Norway,1971,11121.95,,,,,,,,,,19210,,,,,,.5789669,Mitchell,,
NOR,Norway,1972,12963.07,,,,,,,,,,22390,,,,,,.5789669,Mitchell,,
NOR,Norway,1973,14943.14,,,,,,,,,,25810,,,,,,.5789669,Mitchell,,
NOR,Norway,1974,16714.78,,,,,,,,,,28870,,,,,,.5789669,Mitchell,,
NOR,Norway,1975,19482.24,,,,,,,,,,33650,,,,,,.5789669,Mitchell,,
NOR,Norway,1976,18770.11,,,,,,,,,,32420,,,,,,.5789669,Mitchell,,
NOR,Norway,1977,21421.78,,,,,,,,,,37000,,,,,,.5789669,Mitchell,,
NOR,Norway,1978,23268.68,,,,,,,,,,40190,,,,,,.5789669,Mitchell,,
NOR,Norway,1979,25040.32,,,,,,,,,,43250,,,,,,.5789669,Mitchell,,
NOR,Norway,1980,26377.73,,,,,,,,,,45560,,,,,,.5789669,Mitchell,,
NOR,Norway,1981,30326.29,,,,,,,,,,52380,,,,,,.5789669,Mitchell,,
NOR,Norway,1982,34049.04,,,,,,,,,,58810,,,,,,.5789669,Mitchell,,
NOR,Norway,1983,38165.5,,,,,,,,,,65920,,,,,,.5789669,Mitchell,,
NOR,Norway,1984,47475.29,,,,,,,,,,82000,,,,,,.5789669,Mitchell,,
NOR,Norway,1985,57115.09,,,,,,,,,,98650,,,,,,.5789669,Mitchell,,
NOR,Norway,1986,58938.83,,,,,,,,,,101800,,,,,,.5789669,Mitchell,,
NOR,Norway,1987,88350.35,,,,,,,,,,152600,,,,,,.5789669,Mitchell,,
NOR,Norway,1988,108324.7,,,,,,,,,,187100,,,,,,.5789669,Mitchell,,
NOR,Norway,1989,126388.5,,,,,,,,,,218300,,,,,,.5789669,Mitchell,,
NOR,Norway,1990,137562.5,,,,,,,,,,237600,,,,,,.5789669,Mitchell,,
NOR,Norway,1991,148099.7,,,,,,,,,,255800,,,,,,.5789669,Mitchell,1,1
NOR,Norway,1992,187180,,,,,,,,,,323300,,187180,,,,1,OECD_MEI,,
NOR,Norway,1993,185360,,,,,,,,,,340100,,185360,,,,1,OECD_MEI,,
NOR,Norway,1994,210107,,,,,,,,,,355000,,210107,,,,1,OECD_MEI,,
NOR,Norway,1995,217362,,,,,,,,,,358700,,217362,,,,1,OECD_MEI,,
NOR,Norway,1996,247110,,,,,,,,,,392700,,247110,,,,1,OECD_MEI,,
NOR,Norway,1997,268754,,,,,,,,,,417000,,268754,,,,1,OECD_MEI,,
NOR,Norway,1998,278716,,,,,,,,,,497500,,278716,,,,1,OECD_MEI,,
NOR,Norway,1999,342361,,,,,,,,,,525300,,342361,,,,1,OECD_MEI,,
NOR,Norway,2000,370378,,,,,,,,,,565200,,370378,,,,1,OECD_MEI,,
NOR,Norway,2001,384630,,,,,,,,,,659600,,384630,,,,1,OECD_MEI,,
NOR,Norway,2002,399712,,,,,,,,,,713800,,399712,,,,1,OECD_MEI,,
NOR,Norway,2003,427689,,,,,,,,,,748000,,427689,,,,1,OECD_MEI,,
NOR,Norway,2004,472058,,,,,,,,,,743442,,472058,,,,1,OECD_MEI,,
NOR,Norway,2005,552246,,,,,,,,,,839012,,552246,,,,1,OECD_MEI,,
NOR,Norway,2006,679503,,,,,,,,,,971483,,679503,,,,1,OECD_MEI,,
NOR,Norway,2007,760448,,,,,,,,,,,,760448,,,,1,OECD_MEI,,
NOR,Norway,2008,729838,,,,,,,,,,,,729838,,,,1,OECD_MEI,,
NOR,Norway,2009,737821,,,,,,,,,,,,737821,,,,1,OECD_MEI,,
NOR,Norway,2010,784614,,,,,,,,,,,,784614,,,,1,OECD_MEI,,
NOR,Norway,2011,824760,,,,,,,,,,,,824760,,,,1,OECD_MEI,,
NOR,Norway,2012,820076,,,,,,,,,,,,820076,,,,1,OECD_MEI,,
NOR,Norway,2013,874546,,,,,,,,,,,,874546,,,,1,OECD_MEI,,
NOR,Norway,2014,910322,,,,,,,,,,,,910322,,,,1,OECD_MEI,,
NOR,Norway,2015,1766857,,,,,,,,,,,,1766857,,,,1,OECD_MEI,,
NOR,Norway,2016,1842653,,,,,,,,,,,,1842653,,,,1,OECD_MEI,,
NOR,Norway,2017,1944684,,,,,,,,,,,,1944684,,,,1,OECD_MEI,,
NOR,Norway,2018,2096769,,,,,,,,,,,,2096769,,,,1,OECD_MEI,,
NOR,Norway,2019,2161960,,,,,,,,,,,,2161960,,,,1,OECD_MEI,,
NOR,Norway,2020,2464909,,,,,,,,,,,,2464909,,,,1,OECD_MEI,,
NOR,Norway,2021,2723568,,,,,,,,,,,,2723568,,,,1,OECD_MEI,,
NOR,Norway,2022,2811071,,,,,,,,,,,,2811071,,,,1,OECD_MEI,,
NOR,Norway,2023,2674047,,,,,,,,,,,,2674047,,,,1,OECD_MEI,,
NOR,Norway,2024,2752215,,,,,,,,,,,,2752215,,,,1,OECD_MEI,,
NPL,Nepal,1957,94.42517,,,,,,,,,,97.6,,,,,,.9674711,Mitchell,,
NPL,Nepal,1958,112.2266,,,,,,,,,,116,,,,,,.9674711,Mitchell,,
NPL,Nepal,1959,128.6736,,,,,,,,,,133,,,,,,.9674711,Mitchell,,
NPL,Nepal,1960,176.0797,,,,,,,,,,182,,,,,,.9674711,Mitchell,,
NPL,Nepal,1961,216.7135,,,,,,,,,,224,,,,,,.9674711,Mitchell,,
NPL,Nepal,1962,220.5834,,,,,,,,,,228,,,,,,.9674711,Mitchell,,
NPL,Nepal,1963,284.4365,,,,,,,,,,294,,,,,,.9674711,Mitchell,,
NPL,Nepal,1964,366.6715,,,,,,,,,,379,,,,,,.9674711,Mitchell,,
NPL,Nepal,1965,465.3536,,,,,,,,,,481,,,,,,.9674711,Mitchell,,
NPL,Nepal,1966,489.5403,,,,,,,,,,506,,,,,,.9674711,Mitchell,,
NPL,Nepal,1967,514.6946,,,,,,,,,,532,,,,,,.9674711,Mitchell,,
NPL,Nepal,1968,576.6127,,,,,,,,,,596,,,,,,.9674711,Mitchell,,
NPL,Nepal,1969,714.9611,,,,,,,,,,739,,,,,,.9674711,Mitchell,,
NPL,Nepal,1970,676.2623,,,,,,,,,,699,,,,,,.9674711,Mitchell,,
NPL,Nepal,1971,758.4973,,,,,,,,,,784,,,,,,.9674711,Mitchell,,
NPL,Nepal,1972,814.6107,,,,,,,,,,842,,,,,,.9674711,Mitchell,,
NPL,Nepal,1973,1054.543,,,,,,,,,,1090,,,,,,.9674711,Mitchell,,
NPL,Nepal,1974,1248.038,,,,,,,,,,1290,,,,,,.9674711,Mitchell,,
NPL,Nepal,1975,1289.639,,,,,,,,,,1333,,,,,,.9674711,Mitchell,,
NPL,Nepal,1976,1582.783,,,,,,,,,,1636,,,,,,.9674711,Mitchell,,
NPL,Nepal,1977,1869.154,,,,,,,,,,1932,,,,,,.9674711,Mitchell,,
NPL,Nepal,1978,2128.436,,,,,,,,,,2200,,,,,,.9674711,Mitchell,,
NPL,Nepal,1979,2451.572,,,,,,,,,,2534,,,,,,.9674711,Mitchell,,
NPL,Nepal,1980,2766.967,,,,,,,,,,2860,,,,,,.9674711,Mitchell,,
NPL,Nepal,1981,3095.907,,,,,,,,,,3200,,,,,,.9674711,Mitchell,,
NPL,Nepal,1982,3579.643,,,,,,,,,,3700,,,,,,.9674711,Mitchell,,
NPL,Nepal,1983,4227.849,,,,,,,,,,4370,,,,,,.9674711,Mitchell,,
NPL,Nepal,1984,4779.307,,,,,,,,,,4940,,,,,,.9674711,Mitchell,,
NPL,Nepal,1985,5437.188,,,,,,,,,,5620,,,,,,.9674711,Mitchell,,
NPL,Nepal,1986,6723.924,,,,,,,,,,6950,,,,,,.9674711,Mitchell,,
NPL,Nepal,1987,8397.648,,,,,,,,,,8680,,,,,,.9674711,Mitchell,,
NPL,Nepal,1988,9510.24,,,,,,,,,,9830,,,,,,.9674711,Mitchell,,
NPL,Nepal,1989,11338.76,,,,,,,,,,11720,,,,,,.9674711,Mitchell,,
NPL,Nepal,1990,13747.76,,,,,,,,,,14210,,,,,,.9674711,Mitchell,,
NPL,Nepal,1991,17037.17,,,,,,,,,,17610,,,,,,.9674711,Mitchell,,
NPL,Nepal,1992,19765.43,,,,,,,,,,20430,,,,,,.9674711,Mitchell,,
NPL,Nepal,1993,24496.37,,,,,,,,,,25320,,,,,,.9674711,Mitchell,,
NPL,Nepal,1994,29527.22,,,,,,,,,,30520,,,,,,.9674711,Mitchell,,
NPL,Nepal,1995,32458.65,,,,,,,,,,33550,,,,,,.9674711,Mitchell,,
NPL,Nepal,1996,34383.92,,,,,,,,,,35540,,,,,,.9674711,Mitchell,,
NPL,Nepal,1997,37344.38,,,,,,,,,,38600,,,,,,.9674711,Mitchell,,
NPL,Nepal,1998,44029.61,,,,,,,,,,45510,,,,,,.9674711,Mitchell,,
NPL,Nepal,1999,53317.33,,,,,,,,,,55110,,,,,,.9674711,Mitchell,1,1
NPL,Nepal,2000,60979.7,60979.7,,,,,,,,,63030,,,,,,1,ADB,,
NPL,Nepal,2001,70577,70577,,,,,,,,,72160.12,,,,,,1,ADB,,
NPL,Nepal,2002,77156.2,77156.2,,,,,,,,,76587.927,,,,,,1,ADB,,
NPL,Nepal,2003,83754.1,83754.1,,,,,,,,,81236.053,,,,,,1,ADB,,
NPL,Nepal,2004,93969.7,93969.7,,,,,,,,,93079.578,,,,,,1,ADB,,
NPL,Nepal,2005,100205.8,100205.8,,,,,,,,,102233.27,,,,,,1,ADB,,
NPL,Nepal,2006,113060.8,113060.8,,,,,,,,,116162.31,,,,,,1,ADB,,
NPL,Nepal,2007,126888,126887.99,,,,,,,,,132833.48,,,,,,1,ADB,,
NPL,Nepal,2008,154343.9,154343.9,,,,,,,,,161646.57,,,,,,1,ADB,,
NPL,Nepal,2009,196459.4,196459.38,,,,,,,,,202443.19,,,,,,1,ADB,,
NPL,Nepal,2010,218159,218159.02,,,,,,,,,210841.33,,,,,,1,ADB,,
NPL,Nepal,2011,222351.3,222351.34,,,,,,,,,,,,,,,1,ADB,,
NPL,Nepal,2012,263705.7,263705.7,,,,,,,,,,,,,,,1,ADB,,
NPL,Nepal,2013,301590.2,301590.19,,,,,,,,,,,,,,,1,ADB,,
NPL,Nepal,2014,354830,354830.03,,,,,,,,,,,,,,,1,ADB,,
NPL,Nepal,2015,424744.6,424744.63,,,,,,,,,,,,,,,1,ADB,,
NPL,Nepal,2016,503287.1,503287.11,,,,,,,,,,,,,,,1,ADB,,
NPL,Nepal,2017,569402.4,569402.39,,,,,,,,,,,,,,,1,ADB,,
NPL,Nepal,2018,669394.9,669394.95,,,,,,,,,,,,,,,1,ADB,,
NPL,Nepal,2019,726642.8,726642.76,,,,,,,,,,,,,,,1,ADB,,
NPL,Nepal,2020,856260.9,856260.85,,,,,,,,,,,,,,,1,ADB,,
NPL,Nepal,2021,1049410,1049410.2,,,,,,,,,,,,,,,1,ADB,,
NZL,New Zealand,1948,420.8543,,,,,,,,,,381,,,,,,1.104605,Mitchell,,
NZL,New Zealand,1949,468.3524,,,,,,,,,,424,,,,,,1.104605,Mitchell,,
NZL,New Zealand,1950,531.3148,,,,,,,,,,481,,,,,,1.104605,Mitchell,,
NZL,New Zealand,1951,543.4655,,,,,,,,,,492,,,,,,1.104605,Mitchell,,
NZL,New Zealand,1952,540.1517,,,,,,,,,,489,,,,,,1.104605,Mitchell,,
NZL,New Zealand,1953,631.8339,,,,,,,,,,572,,,,,,1.104605,Mitchell,,
NZL,New Zealand,1954,679.3318,,,,,,,,,,615,,,,,,1.104605,Mitchell,,
NZL,New Zealand,1955,678.2272,,,,,,,,,,614,,,,,,1.104605,Mitchell,,
NZL,New Zealand,1956,683.7502,,,,,,,,,,619,,,,,,1.104605,Mitchell,,
NZL,New Zealand,1957,684.8549,,,,,,,,,,620,,,,,,1.104605,Mitchell,,
NZL,New Zealand,1958,649.5075,,,,,,,,,,588,,,,,,1.104605,Mitchell,,
NZL,New Zealand,1959,727.9344,,,,,,,,,,659,,,,,,1.104605,Mitchell,,
NZL,New Zealand,1960,827.3489,,,,,,,,,,749,,,,,,1.104605,Mitchell,,
NZL,New Zealand,1961,809.6752,,,,,,,,,,733,,,,,,1.104605,Mitchell,,
NZL,New Zealand,1962,806.3614,,,,,,,,,,730,,,,,,1.104605,Mitchell,,
NZL,New Zealand,1963,829.558,,,,,,,,,,751,,,,,,1.104605,Mitchell,,
NZL,New Zealand,1964,883.6837,,,,,,,,,,800,,,,,,1.104605,Mitchell,,
NZL,New Zealand,1965,866.01,,,,,,,,,,784,,,,,,1.104605,Mitchell,,
NZL,New Zealand,1966,894.7297,,,,,,,,,,810,,,,,,1.104605,Mitchell,,
NZL,New Zealand,1967,862.6962,,,,,,,,,,781,,,,,,1.104605,Mitchell,,
NZL,New Zealand,1968,861.5916,,,,,,,,,,780,,,,,,1.104605,Mitchell,,
NZL,New Zealand,1969,884.7883,,,,,,,,,,801,,,,,,1.104605,Mitchell,,
NZL,New Zealand,1970,951.0646,,,,,,,,,,861,,,,,,1.104605,Mitchell,,
NZL,New Zealand,1971,1048.27,,,,,,,,,,949,,,,,,1.104605,Mitchell,,
NZL,New Zealand,1972,1346.513,,,,,,,,,,1219,,,,,,1.104605,Mitchell,,
NZL,New Zealand,1973,1706.614,,,,,,,,,,1545,,,,,,1.104605,Mitchell,,
NZL,New Zealand,1974,1768.472,,,,,,,,,,1601,,,,,,1.104605,Mitchell,,
NZL,New Zealand,1975,1931.953,,,,,,,,,,1749,,,,,,1.104605,Mitchell,,
NZL,New Zealand,1976,2109.795,,,,,,,,,,1910,,,,,,1.104605,Mitchell,1,2
NZL,New Zealand,1977,2148.456,,,,,,,,,,1945,,2148.456,,,,1,OECD_MEI,,
NZL,New Zealand,1978,2625.891,,,,,,,,,,2378,,2625.891,,,,1,OECD_MEI,,
NZL,New Zealand,1979,2864.608,,,,,,,,,,2458,,2864.608,,,,1,OECD_MEI,,
NZL,New Zealand,1980,2983.967,,,,,,,,,,2530,,2983.967,,,,1,OECD_MEI,,
NZL,New Zealand,1981,3461.401,,,,,,,,,,2930,,3461.401,,,,1,OECD_MEI,,
NZL,New Zealand,1982,3700.119,,,,,,,,,,3030,,3700.119,,,,1,OECD_MEI,,
NZL,New Zealand,1983,4177.553,,,,,,,,,,3430,,4177.553,,,,1,OECD_MEI,,
NZL,New Zealand,1984,4654.988,,,,,,,,,,3760,,4654.988,,,,1,OECD_MEI,,
NZL,New Zealand,1985,5251.781,,,,,,,,,,4100,,5251.781,,,,1,OECD_MEI,,
NZL,New Zealand,1986,6087.292,,,,,,,,,,4670,,6087.292,,,,1,OECD_MEI,,
NZL,New Zealand,1987,7280.879,,,,,,,,,,6670,,7280.879,,,,1,OECD_MEI,,
NZL,New Zealand,1988,8235.748,,,,,,,,,,8130,,8235.748,,,,1,OECD_MEI,,
NZL,New Zealand,1989,9906.77,,,,,,,,,,9360,,9906.77,,,,1,OECD_MEI,,
NZL,New Zealand,1990,10026.13,,,,,,,,,,9500,,10026.13,,,,1,OECD_MEI,,
NZL,New Zealand,1991,10145.49,,,,,,,,,,9690,,10145.49,,,,1,OECD_MEI,,
NZL,New Zealand,1992,10026.13,,,,,,,,,,9770,,10026.13,,,,1,OECD_MEI,,
NZL,New Zealand,1993,10742.28,,,,,,,,,,10550,,10742.28,,,,1,OECD_MEI,,
NZL,New Zealand,1994,11339.07,,,,,,,,,,11030,,11339.07,,,,1,OECD_MEI,,
NZL,New Zealand,1995,12293.94,,,,,,,,,,11580,,12293.94,,,,1,OECD_MEI,,
NZL,New Zealand,1996,12652.02,,,,,,,,,,11050,,12652.02,,,,1,OECD_MEI,,
NZL,New Zealand,1997,13487.53,,,,,,,,,,11780,,13487.53,,,,1,OECD_MEI,,
NZL,New Zealand,1998,15397.27,,,,,,,,,,12380,,15397.27,,,,1,OECD_MEI,,
NZL,New Zealand,1999,17784.44,,,,,,,,,,14650,,17784.44,,,,1,OECD_MEI,,
NZL,New Zealand,2000,18978.03,15932,,,,,,,,,15700,,18978.03,,,,1,OECD_MEI,,
NZL,New Zealand,2001,22797.51,19094,,,,,,,,,18790,,22797.51,,,,1,OECD_MEI,,
NZL,New Zealand,2002,24468.53,20463,,,,,,,,,20020,,24468.53,,,,1,OECD_MEI,,
NZL,New Zealand,2003,26855.7,22453.084,,,,,,,,,21710,,26855.7,,,,1,OECD_MEI,,
NZL,New Zealand,2004,27810.57,23345.541,,,,,,,,,21790,,27810.57,,,,1,OECD_MEI,,
NZL,New Zealand,2005,29600.95,24840.425,,,,,,,,,22470,,29600.95,,,,1,OECD_MEI,,
NZL,New Zealand,2006,31868.77,26651.109,,,,,,,,,23265.44,,31868.77,,,,1,OECD_MEI,,
NZL,New Zealand,2007,32704.28,27425.813,,,,,,,,,23537.3,,32704.28,,,,1,OECD_MEI,,
NZL,New Zealand,2008,34733.37,29076.404,,,,,,,,,24239.4,,34733.37,,,,1,OECD_MEI,,
NZL,New Zealand,2009,35568.88,29843.231,,,,,,,,,24550.731,,35568.88,,,,1,OECD_MEI,,
NZL,New Zealand,2010,37597.98,31521,,,,,,,,,26678.5,,37597.98,,,,1,OECD_MEI,,
NZL,New Zealand,2011,40581.95,34044.176,,,,,,,,,,,40581.95,,,,1,OECD_MEI,,
NZL,New Zealand,2012,43446.55,36420.168,,,,,,,,,,,43446.55,,,,1,OECD_MEI,,
NZL,New Zealand,2013,47624.11,39881.37,,,,,,,,,,,47624.11,,,,1,OECD_MEI,,
NZL,New Zealand,2014,50608.07,42359.259,,,,,,,,,,,50608.07,,,,1,OECD_MEI,,
NZL,New Zealand,2015,55024.35,46111.229,,,,,,,,,,,55024.35,,,,1,OECD_MEI,,
NZL,New Zealand,2016,60283,60283.245,,,,,,,,,,,60283,,,,1,OECD_MEI,,
NZL,New Zealand,2017,65542,65541.636,,,,,,,,,,,65542,,,,1,OECD_MEI,,
NZL,New Zealand,2018,71855,71855,,,,,,,,,,,71855,,,,1,OECD_MEI,,
NZL,New Zealand,2019,80330.88,80330.876,,,,,,,,,,,,,,,1,ADB,1,2
OMN,Oman,1972,19,,,,,,,,,,19,,,,,,1,Mitchell,,
OMN,Oman,1973,24.9,,,,,,,,,,24.9,,,,,,1,Mitchell,,
OMN,Oman,1974,48.4,,,,,,,,,,48.4,,,,,,1,Mitchell,,
OMN,Oman,1975,71.6,,,,,,,,,,71.6,,,,,,1,Mitchell,,
OMN,Oman,1976,102,,,,,,,,,,102,,,,,,1,Mitchell,,
OMN,Oman,1977,111,,,,,,,,,,111,,,,,,1,Mitchell,,
OMN,Oman,1978,114,,,,,,,,,,114,,,,,,1,Mitchell,,
OMN,Oman,1979,123,,,,,,,,,,123,,,,,,1,Mitchell,,
OMN,Oman,1980,155,,,,,,,,,,155,,,,,,1,Mitchell,,
OMN,Oman,1981,213,,,,,,,,,,213,,,,,,1,Mitchell,,
OMN,Oman,1982,249,,,,,,,,,,249,,,,,,1,Mitchell,,
OMN,Oman,1983,299,,,,,,,,,,299,,,,,,1,Mitchell,,
OMN,Oman,1984,284,,,,,,,,,,284,,,,,,1,Mitchell,,
OMN,Oman,1985,329,,,,,,,,,,329,,,,,,1,Mitchell,,
OMN,Oman,1986,313,,,,,,,,,,313,,,,,,1,Mitchell,,
OMN,Oman,1987,335,,,,,,,,,,335,,,,,,1,Mitchell,,
OMN,Oman,1988,315,,,,,,,,,,315,,,,,,1,Mitchell,,
OMN,Oman,1989,345,,,,,,,,,,345,,,,,,1,Mitchell,,
OMN,Oman,1990,391,,,,,,,,,,391,,,,,,1,Mitchell,,
OMN,Oman,1991,406,,,,,,,,,,406,,,,,,1,Mitchell,,
OMN,Oman,1992,433,,,,,,,,,,433,,,,,,1,Mitchell,,
OMN,Oman,1993,452,,,,,,,,,,452,,,,,,1,Mitchell,,
OMN,Oman,1994,473,,,,,,,,,,473,,,,,,1,Mitchell,,
OMN,Oman,1995,471,,,,,,,,,,471,,,,,,1,Mitchell,,
OMN,Oman,1996,503,,,,,,,,,,503,,,,,,1,Mitchell,,
OMN,Oman,1997,550,,,,,,,,,,550,,,,,,1,Mitchell,,
OMN,Oman,1998,506,,,,,,,,,,506,,,,,,1,Mitchell,,
OMN,Oman,1999,511,,,,,,,,,,511,,,,,,1,Mitchell,,
OMN,Oman,2000,549,,,,,,,,,,549,,,,,,1,Mitchell,,
OMN,Oman,2001,702,,,,,,,,,,702,,,,,,1,Mitchell,,
OMN,Oman,2002,772,,,,,,,,,,772,,,,,,1,Mitchell,,
OMN,Oman,2003,808,,,,,,,,,,808,,,,,,1,Mitchell,,
OMN,Oman,2004,912,,,,,,,,,,912,,,,,,1,Mitchell,,
OMN,Oman,2005,1134,,,,,,,,,,1134,,,,,,1,Mitchell,,
OMN,Oman,2006,1229.6,,,,,,,,,,1229.6,,,,,,1,Mitchell,,
OMN,Oman,2007,1916.9,,,,,,,,,,1916.9,,,,,,1,Mitchell,,
OMN,Oman,2008,1993,,,,,,,,,,1993,,,,,,1,Mitchell,,
OMN,Oman,2009,2364.8,,,,,,,,,,2364.8,,,,,,1,Mitchell,,
OMN,Oman,2010,2875.9,,,,,,,,,,2875.9,,,,,,1,Mitchell,,
PAK,Pakistan,1948,2468.966,,,,,,,,,,2635,,,,,,.9369888,Mitchell,,
PAK,Pakistan,1949,2501.76,,,,,,,,,,2670,,,,,,.9369888,Mitchell,,
PAK,Pakistan,1950,2747.251,,,,,,,,,,2932,,,,,,.9369888,Mitchell,,
PAK,Pakistan,1951,3464.985,,,,,,,,,,3698,,,,,,.9369888,Mitchell,,
PAK,Pakistan,1952,3003.049,,,,,,,,,,3205,,,,,,.9369888,Mitchell,,
PAK,Pakistan,1953,3317.877,,,,,,,,,,3541,,,,,,.9369888,Mitchell,,
PAK,Pakistan,1954,3560.558,,,,,,,,,,3800,,,,,,.9369888,Mitchell,,
PAK,Pakistan,1955,4090.893,,,,,,,,,,4366,,,,,,.9369888,Mitchell,,
PAK,Pakistan,1956,4609.985,,,,,,,,,,4920,,,,,,.9369888,Mitchell,,
PAK,Pakistan,1957,4901.389,,,,,,,,,,5231,,,,,,.9369888,Mitchell,,
PAK,Pakistan,1958,5152.501,,,,,,,,,,5499,,,,,,.9369888,Mitchell,,
PAK,Pakistan,1959,5396.119,,,,,,,,,,5759,,,,,,.9369888,Mitchell,,
PAK,Pakistan,1960,5770.914,,,,,,,,,,6159,,,,,,.9369888,Mitchell,,
PAK,Pakistan,1961,5473.889,,,,,,,,,,5842,,,,,,.9369888,Mitchell,,
PAK,Pakistan,1962,5746.553,,,,,,,,,,6133,,,,,,.9369888,Mitchell,,
PAK,Pakistan,1963,6502.703,,,,,,,,,,6940,,,,,,.9369888,Mitchell,,
PAK,Pakistan,1964,7726.41,,,,,,,,,,8246,,,,,,.9369888,Mitchell,,
PAK,Pakistan,1965,8442.27,,,,,,,,,,9010,,,,,,.9369888,Mitchell,,
PAK,Pakistan,1966,9932.082,,,,,,,,,,10600,,,,,,.9369888,Mitchell,,
PAK,Pakistan,1967,9650.985,,,,,,,,,,10300,,,,,,.9369888,Mitchell,,
PAK,Pakistan,1968,10306.88,,,,,,,,,,11000,,,,,,.9369888,Mitchell,,
PAK,Pakistan,1969,11806.06,,,,,,,,,,12600,,,,,,.9369888,Mitchell,,
PAK,Pakistan,1970,13117.84,,,,,,,,,,14000,,,,,,.9369888,Mitchell,,
PAK,Pakistan,1971,15460.32,,,,,,16488.1,,,,16500,,,,,,.9369888,Mitchell,,
PAK,Pakistan,1972,18646.08,,,,,,19938.5,,,,19900,,,,,,.9369888,Mitchell,,
PAK,Pakistan,1973,20801.15,,,,,,22194.2,,,,22200,,,,,,.9369888,Mitchell,,
PAK,Pakistan,1974,21082.25,,,,,,22516.9,,,,22500,,,,,,.9369888,Mitchell,,
PAK,Pakistan,1975,23986.91,,,,,,25621.1,,,,25600,,,,,,.9369888,Mitchell,,
PAK,Pakistan,1976,31857.62,,,,,,34043.7,,,,34000,,,,,,.9369888,Mitchell,,
PAK,Pakistan,1977,37479.55,,,,,,39966.1,,,,40000,,,,,,.9369888,Mitchell,,
PAK,Pakistan,1978,44225.87,,,,,,47193.5,,,,47200,,,,,,.9369888,Mitchell,,
PAK,Pakistan,1979,53220.96,,,,,,56829.5,,,,56800,,,,,,.9369888,Mitchell,,
PAK,Pakistan,1980,62497.16,,,,,,66671.4,,,,66700,,,,,,.9369888,Mitchell,,
PAK,Pakistan,1981,67744.29,,,,,,72285.3,,,,72300,,,,,,.9369888,Mitchell,,
PAK,Pakistan,1982,81799.13,,,,,,87340.7,,,,87300,,,,,,.9369888,Mitchell,,
PAK,Pakistan,1983,94635.88,,,,,,100566,,,,101000,,,,,,.9369888,Mitchell,,
PAK,Pakistan,1984,99320.81,,,,,,105780,,,,106000,,,,,,.9369888,Mitchell,,
PAK,Pakistan,1985,115249.6,,,,,,123060,,,,123000,,,,,,.9369888,Mitchell,,
PAK,Pakistan,1986,135863.4,,,,,,145251,,,,145000,,,,,,.9369888,Mitchell,,
PAK,Pakistan,1987,162099.1,,,,,,173016,,,,173000,,,,,,.9369888,Mitchell,,
PAK,Pakistan,1988,178027.9,,,,,,189834,,,,190000,,,,,,.9369888,Mitchell,,
PAK,Pakistan,1989,203326.6,,,,,,217026,,,,217000,,,,,,.9369888,Mitchell,,
PAK,Pakistan,1990,238932.2,,,,,,254620,,,,255000,,,,,,.9369888,Mitchell,,
PAK,Pakistan,1991,286718.6,,,,,,305978,,,,306000,,,,,,.9369888,Mitchell,,
PAK,Pakistan,1992,348559.8,,,,,,371796,,,,372000,,,,,,.9369888,Mitchell,,
PAK,Pakistan,1993,354181.8,,,,,,378111,,,,378000,,,,,,.9369888,Mitchell,,
PAK,Pakistan,1994,407590.2,,,,,,435388,,,,435000,,,,,,.9369888,Mitchell,,
PAK,Pakistan,1995,460061.5,,,,,,490961,,,,491000,,,,,,.9369888,Mitchell,,
PAK,Pakistan,1996,494730.1,,,,,,528011,,,,528000,,,,,,.9369888,Mitchell,,
PAK,Pakistan,1997,655892.2,,,,,,699806,,,,700000,,,,,,.9369888,Mitchell,,
PAK,Pakistan,1998,685875.8,,,,,,,,,,732000,,,,,,.9369888,Mitchell,,
PAK,Pakistan,1999,744906.1,,,,,,,,,,795000,,,,,,.9369888,Mitchell,1,1
PAK,Pakistan,2000,820802.2,820802.2,,,,,,,,,876000,,,,,,1,ADB,,
PAK,Pakistan,2001,876554,876554,,,,,,,,,965000,,,,,,1,ADB,,
PAK,Pakistan,2002,1000275,1000275.2,,,,,,,,,1118000,,,,,,1,ADB,,
PAK,Pakistan,2003,1211788,1211788,,,,,,,,,1388000,,,,,,1,ADB,,
PAK,Pakistan,2004,2174736,2174736,,,,,,,,,1687000,,,,,,1,ADB,,
PAK,Pakistan,2005,2512214,2512214,,,,,,,,,2307000,,,,,,1,ADB,,
PAK,Pakistan,2006,2720685,2720685,,,,,,,,,2849975,,,,,,1,ADB,,
PAK,Pakistan,2007,3155635,3155635,,,,,,,,,3398406,,,,,,1,ADB,,
PAK,Pakistan,2008,3296958,3296958,,,,,,,,,3319512.6,,,,,,1,ADB,,
PAK,Pakistan,2009,3621216,3621216,,,,,,,,,3859120.8,,,,,,1,ADB,,
PAK,Pakistan,2010,4131206,4131206,,,,,,,,,4549399.9,,,,,,1,ADB,,
PAK,Pakistan,2011,4852502,4852502,,,,,,,,,,,,,,,1,ADB,,
PAK,Pakistan,2012,5526428,5526428,,,,,,,,,,,,,,,1,ADB,,
PAK,Pakistan,2013,6616776,6616775.3,,,,,,,,,,,,,,,1,ADB,,
PAK,Pakistan,2014,7616655,7616655,,,,,,,,,,,,,,,1,ADB,,
PAK,Pakistan,2015,8883972,8883972,,,,,,,,,,,,,,,1,ADB,,
PAK,Pakistan,2016,1.03e+07,10310302,,,,,,,,,,,,,,,1,ADB,,
PAK,Pakistan,2017,1.19e+07,11892171,,,,,,,,,,,,,,,1,ADB,,
PAK,Pakistan,2018,1.31e+07,13109406,,,,,,,,,,,,,,,1,ADB,,
PAK,Pakistan,2019,1.44e+07,14407651,,,,,,,,,,,,,,,1,ADB,,
PAK,Pakistan,2020,1.72e+07,17205666,,,,,,,,,,,,,,,1,ADB,,
PAN,Panama,1948,10.52403,,,,,,,,,,29,,,,,,.3628975,Mitchell,,
PAN,Panama,1949,8.709541,,,,,,,,,,24,,,,,,.3628975,Mitchell,,
PAN,Panama,1950,8.709541,,,,,,,,,,24,,,,,,.3628975,Mitchell,,
PAN,Panama,1951,9.072438,,,,,,,,,,25,,,,,,.3628975,Mitchell,,
PAN,Panama,1952,9.798234,,,,,,,,,,27,,,,,,.3628975,Mitchell,,
PAN,Panama,1953,10.88693,,,,,,,,,,30,,,,,,.3628975,Mitchell,,
PAN,Panama,1954,11.97562,,,,,,,,,,33,,,,,,.3628975,Mitchell,,
PAN,Panama,1955,11.97562,,,,,,,,,,33,,,,,,.3628975,Mitchell,,
PAN,Panama,1956,12.33852,,,,,,,,,,34,,,,,,.3628975,Mitchell,,
PAN,Panama,1957,13.79011,,,,,,,,,,38,,,,,,.3628975,Mitchell,,
PAN,Panama,1958,14.5159,,,,,,,,,,40,,,,,,.3628975,Mitchell,,
PAN,Panama,1959,15.2417,,,,,,,,,,42,,,,,,.3628975,Mitchell,,
PAN,Panama,1960,15.2417,,,,,,,,,,42,,,,,,.3628975,Mitchell,,
PAN,Panama,1961,15.96749,,,,,,,,,,44,,,,,,.3628975,Mitchell,,
PAN,Panama,1962,17.78198,,,,,,,,,,49,,,,,,.3628975,Mitchell,,
PAN,Panama,1963,21.77385,,,,,,,,,,60,,,,,,.3628975,Mitchell,,
PAN,Panama,1964,18.50777,,,,,,,,,,51,,,,,,.3628975,Mitchell,,
PAN,Panama,1965,20.32226,,,,,,,,,,56,,,,,,.3628975,Mitchell,,
PAN,Panama,1966,22.49965,,,,,,,,,,62,,,,,,.3628975,Mitchell,,
PAN,Panama,1967,25.40283,,,,,,,,,,70,,,,,,.3628975,Mitchell,,
PAN,Panama,1968,29.3947,,,,,,,,,,81,,,,,,.3628975,Mitchell,,
PAN,Panama,1969,30.84629,,,,,,,,,,85,,,,,,.3628975,Mitchell,,
PAN,Panama,1970,36.28975,,,,,,,,,,100,,,,,,.3628975,Mitchell,,
PAN,Panama,1971,38.10424,,,,,,,,,,105,,,,,,.3628975,Mitchell,,
PAN,Panama,1972,55.88622,,,,,,,,,,154,,,,,,.3628975,Mitchell,,
PAN,Panama,1973,58.42651,,,,,,,,,,161,,,,,,.3628975,Mitchell,,
PAN,Panama,1974,71.12792,,,,,,,,,,196,,,,,,.3628975,Mitchell,,
PAN,Panama,1975,62.78128,,,,,,,,,,173,,,,,,.3628975,Mitchell,,
PAN,Panama,1976,68.95053,,,,,,,,,,190,,,,,,.3628975,Mitchell,,
PAN,Panama,1977,77.29718,,,,,,,,,,213,,,,,,.3628975,Mitchell,,
PAN,Panama,1978,89.2728,,,,,,,,,,246,,,,,,.3628975,Mitchell,,
PAN,Panama,1979,109.2322,,,,,,,,,,301,,,,,,.3628975,Mitchell,,
PAN,Panama,1980,121.5707,,,,,,,,,,335,,,,,,.3628975,Mitchell,,
PAN,Panama,1981,130.6431,,,,,,,,,,360,,,,,,.3628975,Mitchell,,
PAN,Panama,1982,137.5382,,,,,,,,,,379,,,,,,.3628975,Mitchell,,
PAN,Panama,1983,135.3608,,,,,,,,,,373,,,,,,.3628975,Mitchell,,
PAN,Panama,1984,138.264,,,,,,,,,,381,,,,,,.3628975,Mitchell,,
PAN,Panama,1985,148.4251,,,,,,,,,,409,,,,,,.3628975,Mitchell,,
PAN,Panama,1986,162.941,,,,,,,,,,449,,,,,,.3628975,Mitchell,,
PAN,Panama,1987,160.4007,,,,,,,,,,442,,,,,,.3628975,Mitchell,,
PAN,Panama,1988,110.3209,,,,,,,,,,304,,,,,,.3628975,Mitchell,,
PAN,Panama,1989,111.4095,,,,,,,,,,307,,,,,,.3628975,Mitchell,,
PAN,Panama,1990,157.1346,,,,,,,,,,433,,,,,,.3628975,Mitchell,,
PAN,Panama,1991,202.1339,,,,,,,,,,557,,,,,,.3628975,Mitchell,,
PAN,Panama,1992,231.8915,,,,,,,,,,639,,,,,,.3628975,Mitchell,,
PAN,Panama,1993,256.9315,,,,,,,,,,708,,,,,,.3628975,Mitchell,,
PAN,Panama,1994,291.7696,,,,,,,,,,804,,,,,,.3628975,Mitchell,,
PAN,Panama,1995,295.7615,,,,,,,,,,815,,,,,,.3628975,Mitchell,,
PAN,Panama,1996,305.1968,,,,,,,,,,841,,,,,,.3628975,Mitchell,,
PAN,Panama,1997,361.446,,,,,,,,,,996,,,,,,.3628975,Mitchell,,
PAN,Panama,1998,408.2597,,,,,,,,,,1125,,,,,,.3628975,Mitchell,,
PAN,Panama,1999,414.7919,,,,,,,,,,1143,,,,,,.3628975,Mitchell,,
PAN,Panama,2000,899.3406,,,,,,,,,,2478.222,,,,,,.3628975,Mitchell,,
PAN,Panama,2001,979.9538,,,,,,,,,,2700.3594,,,,,,.3628975,Mitchell,,
PAN,Panama,2002,990.2397,,,,,,,1335.5,,,2728.7032,,,,,,.3628975,Mitchell,,
PAN,Panama,2003,1374.974,,,,,,,1463.5,,,3788.878,,,,,,.3628975,Mitchell,,
PAN,Panama,2004,1707.715,,,,,,,1633.1,,,4705.777,,,,,,.3628975,Mitchell,,
PAN,Panama,2005,2059.339,,,,,,,1906.3,,,5674.7123,,,,,,.3628975,Mitchell,,
PAN,Panama,2006,2405.478,,,,,,,2610.3,,,6628.532,,,,,,.3628975,Mitchell,,
PAN,Panama,2007,3331.336,,,,,,,3053.9,,,9179.824,,,,,,.3628975,Mitchell,,
PAN,Panama,2008,3560.113,,,,,,,3763.6,,,9810.242,,,,,,.3628975,Mitchell,,
PAN,Panama,2009,4613.938,,,,,,,4403.5,,,12714.161,,,,,,.3628975,Mitchell,,
PAN,Panama,2010,5230.4,,,,,,,5230.4,,,14412.883,,,,,,.3628975,Mitchell,1,1
PAN,Panama,2011,6229.3,,,,,,,6229.3,,,,,,,,,1,ECLAC,,
PAN,Panama,2012,7069.2,,,,,,,7069.2,,,,,,,,,1,ECLAC,,
PAN,Panama,2013,6346.5,,,,,,,6346.5,,,,,,,,,1,ECLAC,,
PAN,Panama,2014,8316.5,,,,,,,8316.5,,,,,,,,,1,ECLAC,,
PAN,Panama,2015,8214.7,,,,,,,8214.7,,,,,,,,,1,ECLAC,,
PAN,Panama,2016,8221.5,,,,,,,8221.5,,,,,,,,,1,ECLAC,,
PAN,Panama,2017,8347,,,,,,,8347,,,,,,,,,1,ECLAC,,
PAN,Panama,2018,8725.7,,,,,,,8725.7,,,,,,,,,1,ECLAC,,
PAN,Panama,2019,7908.8,,,,,,,7908.8,,,,,,,,,1,ECLAC,,
PAN,Panama,2020,9111.2,,,,,,,9111.2,,,,,,,,,1,ECLAC,,
PAN,Panama,2021,9529.4,,,,,,,9529.4,,,,,,,,,1,ECLAC,,
PAN,Panama,2022,9213.7,,,,,,,9213.7,,,,,,,,,1,ECLAC,,
PER,Peru,1948,1.13e-06,,,,,,,,,,1.610e-06,,,,,,.7002302,Mitchell,,
PER,Peru,1949,1.18e-06,,,,,,,,,,1.680e-06,,,,,,.7002302,Mitchell,,
PER,Peru,1950,1.38e-06,,,,,,,,,,1.970e-06,,,,,,.7002302,Mitchell,,
PER,Peru,1951,1.69e-06,,,,,,,,,,2.410e-06,,,,,,.7002302,Mitchell,,
PER,Peru,1952,1.91e-06,,,,,,,,,,2.730e-06,,,,,,.7002302,Mitchell,,
PER,Peru,1953,2.17e-06,,,,,,,,,,3.100e-06,,,,,,.7002302,Mitchell,,
PER,Peru,1954,2.36e-06,,,,,,,,,,3.370e-06,,,,,,.7002302,Mitchell,,
PER,Peru,1955,2.51e-06,,,,,,,,,,3.580e-06,,,,,,.7002302,Mitchell,,
PER,Peru,1956,2.95e-06,,,,,,,,,,4.210e-06,,,,,,.7002302,Mitchell,,
PER,Peru,1957,3.06e-06,,,,,,,,,,4.370e-06,,,,,,.7002302,Mitchell,,
PER,Peru,1958,3.28e-06,,,,,,,,,,4.680e-06,,,,,,.7002302,Mitchell,,
PER,Peru,1959,4.24e-06,,,,,,,,,,6.050e-06,,,,,,.7002302,Mitchell,,
PER,Peru,1960,4.97e-06,,,,,,,,,,7.100e-06,,,,,,.7002302,Mitchell,,
PER,Peru,1961,5.81e-06,,,,,,,,,,8.300e-06,,,,,,.7002302,Mitchell,,
PER,Peru,1962,6.21e-06,,,,,,,,,,8.870e-06,,,,,,.7002302,Mitchell,,
PER,Peru,1963,7.21e-06,,,,,,,,,,.0000103,,,,,,.7002302,Mitchell,,
PER,Peru,1964,9.24e-06,,,,,,,,,,.0000132,,,,,,.7002302,Mitchell,,
PER,Peru,1965,.0000111,,,,,,,,,,.0000158,,,,,,.7002302,Mitchell,,
PER,Peru,1966,.0000127,,,,,,,,,,.0000182,,,,,,.7002302,Mitchell,,
PER,Peru,1967,.0000145,,,,,,,,,,.0000207,,,,,,.7002302,Mitchell,,
PER,Peru,1968,.000016,,,,,,,,,,.0000228,,,,,,.7002302,Mitchell,,
PER,Peru,1969,.0000193,,,,,,,,,,.0000275,,,,,,.7002302,Mitchell,,
PER,Peru,1970,.0000303,,,,,,,,,,.0000433,,,,,,.7002302,Mitchell,,
PER,Peru,1971,.0000326,,,,,,.0000466,,,,.0000466,,,,,,.7002302,Mitchell,,
PER,Peru,1972,.0000422,,,,,,.0000603,,,,.0000603,,,,,,.7002302,Mitchell,,
PER,Peru,1973,.000053,,,,,,.0000757,,,,.0000757,,,,,,.7002302,Mitchell,,
PER,Peru,1974,.0000735,,,,,,.0001055,,,,.000105,,,,,,.7002302,Mitchell,,
PER,Peru,1975,.0000861,,,,,,.0001233,,,,.000123,,,,,,.7002302,Mitchell,,
PER,Peru,1976,.0001085,,,,,,.000155,,,,.000155,,,,,,.7002302,Mitchell,,
PER,Peru,1977,.0001295,,,,,,.000185,,,,.000185,,,,,,.7002302,Mitchell,,
PER,Peru,1978,.0001891,,,,,,.0002704,,,,.00027,,,,,,.7002302,Mitchell,,
PER,Peru,1979,.0003228,,,,,,.0004607,,,,.000461,,,,,,.7002302,Mitchell,,
PER,Peru,1980,.0005112,,,,,,.0007297,,,,.00073,,,,,,.7002302,Mitchell,,
PER,Peru,1981,.0007527,,,,,,.0010747,,,,.001075,,,,,,.7002302,Mitchell,,
PER,Peru,1982,.0010566,,,,,,.0015093,,,,.001509,,,,,,.7002302,Mitchell,,
PER,Peru,1983,.0020762,,,,,,.0029651,,,,.002965,,,,,,.7002302,Mitchell,,
PER,Peru,1984,.0042434,,,,,,.0060586,,,,.00606,,,,,,.7002302,Mitchell,,
PER,Peru,1985,.0161053,,,,,,.0230979,,,,.023,,,,,,.7002302,Mitchell,,
PER,Peru,1986,.0301099,,,,,,.0434101,,,,.043,,,,,,.7002302,Mitchell,,
PER,Peru,1987,.0672221,,,,,,.0963758,,,,.096,,,,,,.7002302,Mitchell,,
PER,Peru,1988,.4152365,,,,,,.592681,,,,.593,,,,,,.7002302,Mitchell,,
PER,Peru,1989,7.284494,,,,,,10.3641,,,,10.403,,,,,,.7002302,Mitchell,,
PER,Peru,1990,495.763,,,,,,707.331,,,,708,,,,,,.7002302,Mitchell,,
PER,Peru,1991,1125.97,,,,,,1607.1,,,,1608,,,,,,.7002302,Mitchell,,
PER,Peru,1992,2019.464,,,,,,2842.7,1576.9,,,2884,,,,,,.7002302,Mitchell,,
PER,Peru,1993,3041.1,,,,,,4337.3,2338,,,4343,,,,,,.7002302,Mitchell,,
PER,Peru,1994,3913.586,,,,,,5589.2,3722.8,,,5589,,,,,,.7002302,Mitchell,,
PER,Peru,1995,5250.326,,,,,,7498.2,4594.6,,,7498,,,,,,.7002302,Mitchell,,
PER,Peru,1996,6282.465,,,,,,8972.4,5408.5,,,8972,,,,,,.7002302,Mitchell,,
PER,Peru,1997,10625.99,,,,,,15175.1,6463.7,,,15175,,,,,,.7002302,Mitchell,,
PER,Peru,1998,13419.91,,,,,,,6482.1,,,19165,,,,,,.7002302,Mitchell,,
PER,Peru,1999,15596.23,,,,,,,7311,,,22273,,,,,,.7002302,Mitchell,,
PER,Peru,2000,14755.25,,,,,,,7087.2,,,21072,,,,,,.7002302,Mitchell,,
PER,Peru,2001,15016.44,,,,,,,7489.2,,,21445,,,,,,.7002302,Mitchell,,
PER,Peru,2002,15439.38,,,,,,,8176.9,,,22049,,,,,,.7002302,Mitchell,,
PER,Peru,2003,14950.61,,,,,,,9311.6,,,21351,,,,,,.7002302,Mitchell,,
PER,Peru,2004,16615.06,,,,,,,12419.6,,,23728,,,,,,.7002302,Mitchell,,
PER,Peru,2005,18443.36,,,,,,,15488.9,,,26339,,,,,,.7002302,Mitchell,,
PER,Peru,2006,22893.68,,,,,,,18975.5,,,32694.5,,,,,,.7002302,Mitchell,,
PER,Peru,2007,30798.22,,,,,,,24476.1,,,43983,,,,,,.7002302,Mitchell,,
PER,Peru,2008,34026.85,,,,,,,28930.1,,,48593.8,,,,,,.7002302,Mitchell,,
PER,Peru,2009,35369.54,,,,,,,33146.6,,,50511.3,,,,,,.7002302,Mitchell,,
PER,Peru,2010,42650.6,,,,,,,42650.6,,,60909.4,,,,,,.7002302,Mitchell,1,1
PER,Peru,2011,48766.3,,,,,,,48766.3,,,,,,,,,1,ECLAC,,
PER,Peru,2012,57246.6,,,,,,,57246.6,,,,,,,,,1,ECLAC,,
PER,Peru,2013,62228.8,,,,,,,62228.8,,,,,,,,,1,ECLAC,,
PER,Peru,2014,68382.1,,,,,,,68382.1,,,,,,,,,1,ECLAC,,
PER,Peru,2015,71324.2,,,,,,,71324.2,,,,,,,,,1,ECLAC,,
PER,Peru,2016,73804.7,,,,,,,73804.7,,,,,,,,,1,ECLAC,,
PER,Peru,2017,81713.1,,,,,,,81713.1,,,,,,,,,1,ECLAC,,
PER,Peru,2018,92248,,,,,,,92248,,,,,,,,,1,ECLAC,,
PER,Peru,2019,99426.9,,,,,,,99426.9,,,,,,,,,1,ECLAC,,
PER,Peru,2020,143100.2,,,,,,,143100.2,,,,,,,,,1,ECLAC,,
PER,Peru,2021,144621.1,,,,,,,144621.1,,,,,,,,,1,ECLAC,,
PER,Peru,2022,136968,,,,,,,136968,,,,,,,,,1,ECLAC,,
PHL,Philippines,1948,1138.179,,,,,,,,,,1150,,,,,,.9897212,Mitchell,,
PHL,Philippines,1949,969.9268,,,,,,,,,,980,,,,,,.9897212,Mitchell,,
PHL,Philippines,1950,1138.179,,,,,,,,,,1150,,,,,,.9897212,Mitchell,,
PHL,Philippines,1951,1039.207,,,,,,,,,,1050,,,,,,.9897212,Mitchell,,
PHL,Philippines,1952,1068.899,,,,,,,,,,1080,,,,,,.9897212,Mitchell,,
PHL,Philippines,1953,1098.591,,,,,,,,,,1110,,,,,,.9897212,Mitchell,,
PHL,Philippines,1954,1098.591,,,,,,,,,,1110,,,,,,.9897212,Mitchell,,
PHL,Philippines,1955,1167.871,,,,,,,,,,1180,,,,,,.9897212,Mitchell,,
PHL,Philippines,1956,1296.535,,,,,,,,,,1310,,,,,,.9897212,Mitchell,,
PHL,Philippines,1957,1385.61,,,,,,,,,,1400,,,,,,.9897212,Mitchell,,
PHL,Philippines,1958,1514.273,,,,,,,,,,1530,,,,,,.9897212,Mitchell,,
PHL,Philippines,1959,1603.348,,,,,,,,,,1620,,,,,,.9897212,Mitchell,,
PHL,Philippines,1960,1672.629,,,,,,,,,,1690,,,,,,.9897212,Mitchell,,
PHL,Philippines,1961,1959.648,,,,,,,,,,1980,,,,,,.9897212,Mitchell,,
PHL,Philippines,1962,2296.153,,,,,,,,,,2320,,,,,,.9897212,Mitchell,,
PHL,Philippines,1963,2405.023,,,,,,,,,,2430,,,,,,.9897212,Mitchell,,
PHL,Philippines,1964,2365.434,,,,,,,,,,2390,,,,,,.9897212,Mitchell,,
PHL,Philippines,1965,2573.275,,,,,,,,,,2600,,,,,,.9897212,Mitchell,,
PHL,Philippines,1966,2711.836,,,,,,,,,,2740,,,,,,.9897212,Mitchell,,
PHL,Philippines,1967,3157.211,,,,,,,,,,3190,,,,,,.9897212,Mitchell,,
PHL,Philippines,1968,3246.286,,,,,,,,,,3280,,,,,,.9897212,Mitchell,,
PHL,Philippines,1969,3978.679,,,,,,,,,,4020,,,,,,.9897212,Mitchell,,
PHL,Philippines,1970,4265.699,,,,,,,,,,4310,,,,,,.9897212,Mitchell,,
PHL,Philippines,1971,4958.503,,,,,,5011.1,,,,5010,,,,,,.9897212,Mitchell,,
PHL,Philippines,1972,6403.497,,,,,,6469.5,,,,6470,,,,,,.9897212,Mitchell,,
PHL,Philippines,1973,7195.273,,,,,,7267.2,,,,7270,,,,,,.9897212,Mitchell,,
PHL,Philippines,1974,8917.389,,,,,,9007.8,,,,9010,,,,,,.9897212,Mitchell,,
PHL,Philippines,1975,10194.13,,,,,,10314.8,,,,10300,,,,,,.9897212,Mitchell,,
PHL,Philippines,1976,11975.63,,,,,,12074.9,,,,12100,,,,,,.9897212,Mitchell,,
PHL,Philippines,1977,14746.85,,,,,,14938.5,,,,14900,,,,,,.9897212,Mitchell,,
PHL,Philippines,1978,16726.29,,,,,,16945.5,,,,16900,,,,,,.9897212,Mitchell,,
PHL,Philippines,1979,18606.76,,,,,,18843.6,,,,18800,,,,,,.9897212,Mitchell,,
PHL,Philippines,1980,22268.73,,,,,,22541.1,,,,22500,,,,,,.9897212,Mitchell,,
PHL,Philippines,1981,23258.45,,,,,,23524.3,,,,23500,,,,,,.9897212,Mitchell,,
PHL,Philippines,1982,23258.45,,,,,,23524.5,,,,23500,,,,,,.9897212,Mitchell,,
PHL,Philippines,1983,33155.66,,,,,,33546,,,,33500,,,,,,.9897212,Mitchell,,
PHL,Philippines,1984,34046.41,,,,,,34442,,,,34400,,,,,,.9897212,Mitchell,,
PHL,Philippines,1985,36421.74,,,,,,36756,,,,36800,,,,,,.9897212,Mitchell,,
PHL,Philippines,1986,42755.96,,,,,,43167,,,,43200,,,,,,.9897212,Mitchell,,
PHL,Philippines,1987,53247,,,,,,53804.3,,,,53800,,,,,,.9897212,Mitchell,,
PHL,Philippines,1988,60570.94,,,,,,61195.7,,,,61200,,,,,,.9897212,Mitchell,,
PHL,Philippines,1989,80464.34,,,,,,81275.8,,,,81300,,,,,,.9897212,Mitchell,,
PHL,Philippines,1990,91945.1,,,,,,92935.7,,,,92900,,,,,,.9897212,Mitchell,,
PHL,Philippines,1991,105900.2,,,,,,107693,,,,107000,,,,,,.9897212,Mitchell,,
PHL,Philippines,1992,115797.4,,,,,,117535,,,,117000,,,,,,.9897212,Mitchell,,
PHL,Philippines,1993,142519.9,,,,,,143708,,,,144000,,,,,,.9897212,Mitchell,,
PHL,Philippines,1994,158355.4,,,,,,159899,,,,160000,,,,,,.9897212,Mitchell,,
PHL,Philippines,1995,192995.6,,,,,,194625,,,,195000,,,,,,.9897212,Mitchell,,
PHL,Philippines,1996,230605,,,,,,233121,,,,233000,,,,,,.9897212,Mitchell,,
PHL,Philippines,1997,263265.8,,,,,,266327,,,,266000,,,,,,.9897212,Mitchell,,
PHL,Philippines,1998,283060.3,,,,,,,,,,286000,,,,,,.9897212,Mitchell,,
PHL,Philippines,1999,391929.6,,,,,,,,,,396000,,,,,,.9897212,Mitchell,1,1
PHL,Philippines,2000,386981,386981,,,,,,,,,391000,,,,,,1,ADB,,
PHL,Philippines,2001,399025.3,399025.32,,,,,,,,,392000,,,,,,1,ADB,,
PHL,Philippines,2002,487532.5,487532.5,,,,,,,,,478000,,,,,,1,ADB,,
PHL,Philippines,2003,529222.4,529222.46,,,,,,,,,520000,,,,,,1,ADB,,
PHL,Philippines,2004,547563.8,547563.83,,,,,,,,,568000,,,,,,1,ADB,,
PHL,Philippines,2005,635664.3,635664.32,,,,,,,,,620000,,,,,,1,ADB,,
PHL,Philippines,2006,777432.8,777432.8,,,,,,,,,,,,,,,1,ADB,,
PHL,Philippines,2007,918515.2,918515.2,,,,,,,,,,,,,,,1,ADB,,
PHL,Philippines,2008,1061147,1061147.4,,,,,,,,,,,,,,,1,ADB,,
PHL,Philippines,2009,1217715,1217714.9,,,,,,,,,,,,,,,1,ADB,,
PHL,Philippines,2010,1348494,1348494.1,,,,,,,,,,,,,,,1,ADB,,
PHL,Philippines,2011,1494704,1494703.7,,,,,,,,,,,,,,,1,ADB,,
PHL,Philippines,2012,1606476,1606475.6,,,,,,,,,,,,,,,1,ADB,,
PHL,Philippines,2013,2045189,2045189.1,,,,,,,,,,,,,,,1,ADB,,
PHL,Philippines,2014,2316359,2316359,,,,,,,,,,,,,,,1,ADB,,
PHL,Philippines,2015,2667609,2667609.3,,,,,,,,,,,,,,,1,ADB,,
PHL,Philippines,2016,3069459,3069459,,,,,,,,,,,,,,,1,ADB,,
PHL,Philippines,2017,3550830,3550830,,,,,,,,,,,,,,,1,ADB,,
PHL,Philippines,2018,3889046,3889045.6,,,,,,,,,,,,,,,1,ADB,,
PHL,Philippines,2019,4500018,4500018.1,,,,,,,,,,,,,,,1,ADB,,
PNG,Papua New Guinea,1973,92.06626,,,,,,,,,,99.4,,,,,,.9262199,Mitchell,,
PNG,Papua New Guinea,1974,129.6708,,,,,,,,,,140,,,,,,.9262199,Mitchell,,
PNG,Papua New Guinea,1975,139.8592,,,,,,,,,,151,,,,,,.9262199,Mitchell,,
PNG,Papua New Guinea,1976,125.0397,,,,,,,,,,135,,,,,,.9262199,Mitchell,,
PNG,Papua New Guinea,1977,156.5312,,,,,,,,,,169,,,,,,.9262199,Mitchell,,
PNG,Papua New Guinea,1978,165.7934,,,,,,,,,,179,,,,,,.9262199,Mitchell,,
PNG,Papua New Guinea,1979,180.6129,,,,,,,,,,195,,,,,,.9262199,Mitchell,,
PNG,Papua New Guinea,1980,187.0964,,,,,,,,,,202,,,,,,.9262199,Mitchell,,
PNG,Papua New Guinea,1981,179.6867,,,,,,,,,,194,,,,,,.9262199,Mitchell,,
PNG,Papua New Guinea,1982,175.0556,,,,,,,,,,189,,,,,,.9262199,Mitchell,,
PNG,Papua New Guinea,1983,190.8013,,,,,,,,,,206,,,,,,.9262199,Mitchell,,
PNG,Papua New Guinea,1984,230.6288,,,,,,,,,,249,,,,,,.9262199,Mitchell,,
PNG,Papua New Guinea,1985,225.9977,,,,,,,,,,244,,,,,,.9262199,Mitchell,,
PNG,Papua New Guinea,1986,238.0385,,,,,,,,,,257,,,,,,.9262199,Mitchell,,
PNG,Papua New Guinea,1987,260.2678,,,,,,,,,,281,,,,,,.9262199,Mitchell,,
PNG,Papua New Guinea,1988,298.2428,,,,,,,,,,322,,,,,,.9262199,Mitchell,,
PNG,Papua New Guinea,1989,319.5459,,,,,,,,,,345,,,,,,.9262199,Mitchell,,
PNG,Papua New Guinea,1990,318.6197,,,,,,,,,,344,,,,,,.9262199,Mitchell,,
PNG,Papua New Guinea,1991,386.2337,,,,,,,,,,417,,,,,,.9262199,Mitchell,,
PNG,Papua New Guinea,1992,404.7581,,,,,,,,,,437,,,,,,.9262199,Mitchell,,
PNG,Papua New Guinea,1993,550.1746,,,,,,,,,,594,,,,,,.9262199,Mitchell,,
PNG,Papua New Guinea,1994,568.699,,,,,,,,,,614,,,,,,.9262199,Mitchell,,
PNG,Papua New Guinea,1995,649.2802,,,,,,,,,,701,,,,,,.9262199,Mitchell,,
PNG,Papua New Guinea,1996,986.4243,,,,,,,,,,1065,,,,,,.9262199,Mitchell,,
PNG,Papua New Guinea,1997,932.7035,,,,,,,,,,1007,,,,,,.9262199,Mitchell,,
PNG,Papua New Guinea,1998,927.1462,,,,,,,,,,1001,,,,,,.9262199,Mitchell,,
PNG,Papua New Guinea,1999,1244.84,,,,,,,,,,1344,,,,,,.9262199,Mitchell,1,1
PNG,Papua New Guinea,2000,1271.7,1271.7,,,,,,,,,1373,,,,,,1,ADB,,
PNG,Papua New Guinea,2001,1311.124,1311.1243,,,,,,,,,1286,,,,,,1,ADB,,
PNG,Papua New Guinea,2002,1598.677,1598.6767,,,,,,,,,1555,,,,,,1,ADB,,
PNG,Papua New Guinea,2003,1706.516,1706.5163,,,,,,,,,1685,,,,,,1,ADB,,
PNG,Papua New Guinea,2004,2231.781,2231.7815,,,,,,,,,2188,,,,,,1,ADB,,
PNG,Papua New Guinea,2005,3017.347,3017.3468,,,,,,,,,2968,,,,,,1,ADB,,
PNG,Papua New Guinea,2006,3790.346,3790.3459,,,,,,,,,3270.53,,,,,,1,ADB,,
PNG,Papua New Guinea,2007,4923.298,4923.2978,,,,,,,,,4315.77,,,,,,1,ADB,,
PNG,Papua New Guinea,2008,5519.6,5519.6,,,,,,,,,4843.68,,,,,,1,ADB,,
PNG,Papua New Guinea,2009,6232.68,6232.6804,,,,,,,,,5443.73,,,,,,1,ADB,,
PNG,Papua New Guinea,2010,7643.428,7643.4283,,,,,,,,,6688.71,,,,,,1,ADB,,
PNG,Papua New Guinea,2011,9619.497,9619.4968,,,,,,,,,,,,,,,1,ADB,,
PNG,Papua New Guinea,2012,11143.92,11143.917,,,,,,,,,,,,,,,1,ADB,,
PNG,Papua New Guinea,2013,12046.68,12046.68,,,,,,,,,,,,,,,1,ADB,,
PNG,Papua New Guinea,2014,13439.8,13439.8,,,,,,,,,,,,,,,1,ADB,,
PNG,Papua New Guinea,2015,14844.9,14844.9,,,,,,,,,,,,,,,1,ADB,,
PNG,Papua New Guinea,2016,16032.4,16032.4,,,,,,,,,,,,,,,1,ADB,,
PNG,Papua New Guinea,2017,16339.8,16339.8,,,,,,,,,,,,,,,1,ADB,,
PNG,Papua New Guinea,2018,15780,15780,,,,,,,,,,,,,,,1,ADB,,
PNG,Papua New Guinea,2019,17124.8,17124.8,,,,,,,,,,,,,,,1,ADB,,
POL,Poland,1990,14406.49,,,,,,,,,,,,14406.49,,,,1,OECD_MEI,,
POL,Poland,1991,15279.18,,,,,,,,,,,,15279.18,,,,1,OECD_MEI,,
POL,Poland,1992,21202.02,,,,,,,,,,,,21202.02,,,,1,OECD_MEI,,
POL,Poland,1993,28512.32,,,,,,,,,,,,28512.32,,,,1,OECD_MEI,,
POL,Poland,1994,40741.98,,,,,,,,,,,,40741.98,,,,1,OECD_MEI,,
POL,Poland,1995,52805.52,,,,,,,,,,,,52805.52,,,,1,OECD_MEI,,
POL,Poland,1996,67866,,,,,,,,,,,,67866,,,,1,OECD_MEI,,
POL,Poland,1997,79239.8,,,,,,,,,,,,79239.8,,,,1,OECD_MEI,,
POL,Poland,1998,89919.5,,,,,,,,,,,,89919.5,,,,1,OECD_MEI,,
POL,Poland,1999,111383.9,,,,,,,,,,,,111383.9,,,,1,OECD_MEI,,
POL,Poland,2000,106455.9,,,,,,,,,,,,106455.9,,,,1,OECD_MEI,,
POL,Poland,2001,119567.9,,,,,,,,,,,,119567.9,,,,1,OECD_MEI,,
POL,Poland,2002,140774.9,,,,,,,,,,,,140774.9,,,,1,OECD_MEI,,
POL,Poland,2003,163158.9,,,,,,,,,,,,163158.9,,,,1,OECD_MEI,,
POL,Poland,2004,181975.8,,,,,,,,,,,,181975.8,,,,1,OECD_MEI,,
POL,Poland,2005,220639,,,,,,,,,,,,220639,,,,1,OECD_MEI,,
POL,Poland,2006,275830.9,,,,,,,,,,,,275830.9,,,,1,OECD_MEI,,
POL,Poland,2007,335266.2,,,,,,,,,,,,335266.2,,,,1,OECD_MEI,,
POL,Poland,2008,349943.1,,,,,,,,,,,,349943.1,,,,1,OECD_MEI,,
POL,Poland,2009,388344.9,,,,,,,,,,,,388344.9,,,,1,OECD_MEI,,
POL,Poland,2010,449192,,,,,,,,,,,,449192,,,,1,OECD_MEI,,
POL,Poland,2011,468052.6,,,,,,,,,,,,468052.6,,,,1,OECD_MEI,,
POL,Poland,2012,484813,,,,,,,,,,,,484813,,,,1,OECD_MEI,,
POL,Poland,2013,555835.3,,,,,,,,,,,,555835.3,,,,1,OECD_MEI,,
POL,Poland,2014,606282.7,,,,,,,,,,,,606282.7,,,,1,OECD_MEI,,
POL,Poland,2015,692124.4,,,,,,,,,,,,692124.4,,,,1,OECD_MEI,,
POL,Poland,2016,815304,,,,,,,,,,,,815304,,,,1,OECD_MEI,,
POL,Poland,2017,906374.6,,,,,,,,,,,,906374.6,,,,1,OECD_MEI,,
POL,Poland,2018,1012353,,,,,,,,,,,,1012353,,,,1,OECD_MEI,,
POL,Poland,2019,1154872,,,,,,,,,,,,1154872,,,,1,OECD_MEI,,
POL,Poland,2020,1531714,,,,,,,,,,,,1531714,,,,1,OECD_MEI,,
POL,Poland,2021,1724787,,,,,,,,,,,,1724787,,,,1,OECD_MEI,,
POL,Poland,2022,1584901,,,,,,,,,,,,1584901,,,,1,OECD_MEI,,
POL,Poland,2023,1685134,,,,,,,,,,,,1685134,,,,1,OECD_MEI,,
POL,Poland,2024,1858496,,,,,,,,,,,,1858496,,,,1,OECD_MEI,,
PRT,Portugal,1854,.1895432,,,,,,,,,,,,,,,.1895432,1,CS1,,
PRT,Portugal,1855,.2045071,,,,,,,,,,,,,,,.20450714,1,CS1,,
PRT,Portugal,1856,.2144831,,,,,,,,,,,,,,,.2144831,1,CS1,,
PRT,Portugal,1857,.2244591,,,,,,,,,,,,,,,.22445905,1,CS1,,
PRT,Portugal,1858,.234435,,,,,,,,,,,,,,,.23443501,1,CS1,,
PRT,Portugal,1859,.234435,,,,,,,,,,,,,,,.23443501,1,CS1,,
PRT,Portugal,1860,.2593749,,,,,,,,,,,,,,,.25937491,1,CS1,,
PRT,Portugal,1861,.2693509,,,,,,,,,,,,,,,.26935086,1,CS1,,
PRT,Portugal,1862,.2942908,,,,,,,,,,,,,,,.29429076,1,CS1,,
PRT,Portugal,1863,.3042667,,,,,,,,,,,,,,,.30426672,1,CS1,,
PRT,Portugal,1864,.2992787,,,,,,,,,,,,,,,.29927874,1,CS1,,
PRT,Portugal,1865,.2942908,,,,,,,,,,,,,,,.29429076,1,CS1,,
PRT,Portugal,1866,.2893028,,,,,,,,,,,,,,,.28930278,1,CS1,,
PRT,Portugal,1867,.2893028,,,,,,,,,,,,,,,.28930278,1,CS1,,
PRT,Portugal,1868,.2793268,,,,,,,,,,,,,,,.27932682,1,CS1,,
PRT,Portugal,1869,.2843148,,,,,,,,,,,,,,,.2843148,1,CS1,,
PRT,Portugal,1870,.2992787,,,,,,,,,.2992787,,,,,,.29927874,1,CS1,,
PRT,Portugal,1871,.3242186,,,,,,,,,.3242186,,,,,,.32421863,1,CS1,,
PRT,Portugal,1872,.3441705,,,,,,,,,.3441705,,,,,,.34417055,1,CS1,,
PRT,Portugal,1873,.3740984,,,,,,,,,.3740984,,,,,,.37409842,1,CS1,,
PRT,Portugal,1874,.3890623,,,,,,,,,.3890623,,,,,,.38906236,1,CS1,,
PRT,Portugal,1875,.4339542,,,,,,,,,.4339542,,,,,,.43395417,1,CS1,,
PRT,Portugal,1876,.3890623,,,,,,,,,.3890623,,,,,,.38906236,1,CS1,,
PRT,Portugal,1877,.3990383,,,,,,,,,.3990383,,,,,,.39903832,1,CS1,,
PRT,Portugal,1878,.4189902,,,,,,,,,.4189902,,,,,,.41899023,1,CS1,,
PRT,Portugal,1879,.4140022,,,,,,,,,.4140022,,,,,,.41400225,1,CS1,,
PRT,Portugal,1880,.4289662,,,,,,,,,.4289662,,,,,,.42896619,1,CS1,,
PRT,Portugal,1881,.4588941,,,,,,,,,.4588941,,,,,,.45889407,1,CS1,,
PRT,Portugal,1882,.4539061,,,,,,,,,.4539061,,,,,,.45390609,1,CS1,,
PRT,Portugal,1883,.478846,,,,,,,,,.478846,,,,,,.47884598,1,CS1,,
PRT,Portugal,1884,.5037858,,,,,,,,,.5037858,,,,,,.50378588,1,CS1,,
PRT,Portugal,1885,.5237378,,,,,,,,,.5237378,,,,,,.52373779,1,CS1,,
PRT,Portugal,1886,.5786055,,,,,,,,,.5786055,,,,,,.57860556,1,CS1,,
PRT,Portugal,1887,.6334733,,,,,,,,,.6334733,,,,,,.63347333,1,CS1,,
PRT,Portugal,1888,.6983171,,,,,,,,,.6983171,,,,,,.69831706,1,CS1,,
PRT,Portugal,1889,.7531848,,,,,,,,,.7531848,,,,,,.75318482,1,CS1,,
PRT,Portugal,1890,.7581728,,,,,,.5684657,,,.7581728,,,,,,.7581728,1,CS1,,
PRT,Portugal,1891,.3541465,,,,,,.5797036,,,.3541465,,,,,,.35414651,1,CS1,,
PRT,Portugal,1892,.4289662,,,,,,.6032588,,,.4289662,,,,,,.42896619,1,CS1,,
PRT,Portugal,1893,.4040263,,,,,,.5602663,,,.4040263,,,,,,.4040263,1,CS1,,
PRT,Portugal,1894,.4189902,,,,,,.5584636,,,.4189902,,,,,,.41899023,1,CS1,,
PRT,Portugal,1895,.4389422,,,,,,.5617055,,,.4389422,,,,,,.43894215,1,CS1,,
PRT,Portugal,1896,.4539061,,,,,,.5666121,,,.4539061,,,,,,.45390609,1,CS1,,
PRT,Portugal,1897,.473858,,,,,,.5732015,,,.473858,,,,,,.473858,1,CS1,,
PRT,Portugal,1898,.5237378,,,,,,.6018123,,,.5237378,,,,,,.52373779,1,CS1,,
PRT,Portugal,1899,.5387017,,,,,,.6071114,,,.5387017,,,,,,.53870173,1,CS1,,
PRT,Portugal,1900,.5387017,,,,,,.6046763,,,.5387017,,,,,,.53870173,1,CS1,,
PRT,Portugal,1901,.5586537,,,,,,.6117163,,,.5586537,,,,,,.55865364,1,CS1,,
PRT,Portugal,1902,.5636416,,,,,,.6167138,,,.5636416,,,,,,.56364162,1,CS1,,
PRT,Portugal,1903,.5636416,,,,,,.6080419,,,.5636416,,,,,,.56364162,1,CS1,,
PRT,Portugal,1904,.5636416,,,,,,.6070424,,,.5636416,,,,,,.56364162,1,CS1,,
PRT,Portugal,1905,.5636416,,,,,,.6048326,,,.5636416,,,,,,.56364162,1,CS1,,
PRT,Portugal,1906,.5736176,,,,,,.6093612,,,.5736176,,,,,,.57361758,1,CS1,,
PRT,Portugal,1907,.5786055,,,,,,.6090886,,,.5786055,,,,,,.57860556,1,CS1,,
PRT,Portugal,1908,.5935695,,,,,,.6137698,,,.5935695,,,,,,.5935695,1,CS1,,
PRT,Portugal,1909,.5636416,,,,,,.5991664,,,.5636416,,,,,,.56364162,1,CS1,,
PRT,Portugal,1910,.6284853,,,,,,.6437508,,,.6284853,,,,,,.62848535,1,CS1,,
PRT,Portugal,1911,.6534252,,,,,,.6608658,,,.6534252,,,,,,.65342525,1,CS1,,
PRT,Portugal,1912,.6683892,,,,,,,,,.6683892,,,,,,.66838918,1,CS1,,
PRT,Portugal,1913,.7282449,,,,,,.7282449,,,.7282449,,,,,,.72824493,1,CS1,,
PRT,Portugal,1914,.8230165,,,,,,.8230165,,,.8230165,,,,,,.82301653,1,CS1,,
PRT,Portugal,1915,.9128001,,,,,,.9128001,,,.9128001,,,,,,.91280015,1,CS1,,
PRT,Portugal,1916,1.06244,,,,,,1.06244,,,1.06244,,,,,,1.0624395,1,CS1,,
PRT,Portugal,1917,1.351742,,,,,,1.351742,,,1.351742,,,,,,1.3517423,1,CS1,,
PRT,Portugal,1918,1.785697,,,,,,1.785697,,,1.785697,,,,,,1.7856965,1,CS1,,
PRT,Portugal,1919,2.927944,,,,,,2.893028,,,2.927944,,,,,,2.9279437,1,CS1,,
PRT,Portugal,1920,4.189902,,,,,,4.140023,,,4.189902,,,,,,4.1899023,1,CS1,,
PRT,Portugal,1921,5.401981,,,,,,5.307209,,,5.401981,,,,,,5.4019812,1,CS1,,
PRT,Portugal,1922,7.756307,,,,,,7.636596,,,7.756307,,,,,,7.7563073,1,CS1,,
PRT,Portugal,1923,9.906126,,,,,,9.841283,,,9.906126,,,,,,9.9061262,1,CS1,,
PRT,Portugal,1924,12.16069,,,,,,12.07091,,,12.16069,,,,,,12.160693,1,CS1,,
PRT,Portugal,1925,12.16069,,,,,,12.46995,,,12.16069,,,,,,12.160693,1,CS1,,
PRT,Portugal,1926,12.46496,,,,,,12.88395,,,12.46496,,,,,,12.464959,1,CS1,,
PRT,Portugal,1927,12.79417,,,,,,13.51243,,,12.79417,,,,,,12.794166,1,CS1,,
PRT,Portugal,1928,14.00624,,,,,,14.69957,,,14.00624,,,,,,14.006245,1,CS1,,
PRT,Portugal,1929,15.67223,,,,,,16.63491,,,15.67223,,,,,,15.67223,1,CS1,,
PRT,Portugal,1930,17.60258,,,,,,18.32583,,,17.60258,,,,,,17.602578,1,CS1,,
PRT,Portugal,1931,17.47289,,,,,,19.18377,,,17.47289,,,,,,17.47289,1,CS1,,
PRT,Portugal,1932,18.74483,,,,,,21.20889,,,18.74483,,,,,,18.744825,1,CS1,,
PRT,Portugal,1933,18.54032,,,,,,22.0319,,,18.54032,,,,,,18.540318,1,CS1,,
PRT,Portugal,1934,21.45829,,,,,,25.54344,,,21.45829,,,,,,21.458286,1,CS1,,
PRT,Portugal,1935,23.72782,,,,,,27.56357,,,23.72782,,,,,,23.727816,1,CS1,,
PRT,Portugal,1936,24.90997,,,,,,28.81555,,,24.90997,,,,,,24.909967,1,CS1,,
PRT,Portugal,1937,24.7703,,,,,,29.12481,,,24.7703,,,,,,24.770304,1,CS1,,
PRT,Portugal,1938,25.57836,,,,,,30.3319,,,25.57836,,,,,,25.578356,1,CS1,,
PRT,Portugal,1939,28.631,,,,,,32.1575,,,28.631,,,,,,28.630999,1,CS1,,
PRT,Portugal,1940,32.09764,,,,,,37.99343,,,32.09764,,,,,,32.097645,1,CS1,,
PRT,Portugal,1941,48.24872,,,,,,54.79295,,,48.24872,,,,,,48.248721,1,CS1,,
PRT,Portugal,1942,73.46295,,,,,,80.76536,,,73.46295,,,,,,73.462954,1,CS1,,
PRT,Portugal,1943,89.94324,,,,,,96.89149,,,89.94324,,,,,,89.943237,1,CS1,,
PRT,Portugal,1944,113.3069,,,,,,115.9955,,,113.3069,,,,,,113.30693,1,CS1,,
PRT,Portugal,1945,124.5648,,,,,,131.2487,,,124.5648,,,,,,124.5648,1,CS1,,
PRT,Portugal,1946,138.3466,,,,,,141.1947,,,138.3466,,,,,,138.34658,1,CS1,,
PRT,Portugal,1947,130.72,,,,,,133.0992,,,130.72,,,,,,130.71996,1,CS1,,
PRT,Portugal,1948,123.4724,,,,,,123.9014,,,123.4724,,,,,,123.47243,1,CS1,,
PRT,Portugal,1949,115.1724,,,,,,115.3919,,,115.1724,,,,,,115.17243,1,CS1,,
PRT,Portugal,1950,119.4471,,,,,,119.7464,,,119.4471,117.7163,,,,,119.44713,1,CS1,,
PRT,Portugal,1951,137.1744,,,,,,137.1744,,,137.1744,130.68505,,,,,137.17441,1,CS1,,
PRT,Portugal,1952,142.1973,,,,,,142.1973,,,142.1973,134.17663,,,,,142.1973,1,CS1,,
PRT,Portugal,1953,148.5271,,,,,,148.5271,,,148.5271,141.1598,,,,,148.52705,1,CS1,,
PRT,Portugal,1954,163.915,,,,,,163.915,,,163.915,155.12615,,,,,163.91496,1,CS1,,
PRT,Portugal,1955,171.4169,,,,,,171.4169,,,171.4169,162.60811,,,,,171.41689,1,CS1,,
PRT,Portugal,1956,181.7619,,,,,,181.7619,,,181.7619,173.08287,,,,,181.76195,1,CS1,,
PRT,Portugal,1957,192.8851,,,,,,192.8851,,,192.8851,183.05883,,,,,192.88515,1,CS1,,
PRT,Portugal,1958,208.5125,,,,,,208.5125,,,208.5125,196.52637,,,,,208.51248,1,CS1,,
PRT,Portugal,1959,224.8032,,,,,,224.8032,,,224.8032,214.4831,,,,,224.80322,1,CS1,,
PRT,Portugal,1960,240.4405,,,,,,240.4405,,,240.4405,227.95064,,,,,240.44054,1,CS1,,
PRT,Portugal,1961,239.2983,,,,,,239.2983,,,239.2983,230.44463,,,,,239.29829,1,CS1,,
PRT,Portugal,1962,259.0607,,,,,,259.0607,,,259.0607,246.90496,,,,,259.06066,1,CS1,,
PRT,Portugal,1963,294.4853,,,,,,294.4853,,,294.4853,279.32682,,,,,294.48529,1,CS1,,
PRT,Portugal,1964,335.2321,,,,,,335.2321,,,335.2321,321.22585,,,,,335.23209,1,CS1,,
PRT,Portugal,1965,370.0133,,,,,,365.3096,,,370.0133,343.17295,,,,,370.01327,1,CS1,,
PRT,Portugal,1966,413.1992,,,,,,392.1499,,,413.1992,364.62126,,,,,413.19919,1,CS1,,
PRT,Portugal,1967,441.8501,,,,,,417.8131,,,441.8501,388.56356,,,,,441.85014,1,CS1,,
PRT,Portugal,1968,472.2269,,,,,,445.0624,,,472.2269,421.48422,,,,,472.22693,1,CS1,,
PRT,Portugal,1969,533.7836,,,,,,533.7836,,,533.7836,468.37123,,,,,533.78358,1,CS1,,
PRT,Portugal,1970,554.4837,,,,,,554.4837,,,554.4837,501.29189,,,,,554.48369,1,CS1,,
PRT,Portugal,1971,631.6277,,,,,,631.6277,,,631.6277,523.23899,,,,,631.62778,1,CS1,,
PRT,Portugal,1972,744.9347,,,,,,744.9347,,,744.9347,610.02983,,,,,744.93471,1,CS1,,
PRT,Portugal,1973,955.2279,,,,,,955.2279,,,955.2279,826.00932,,,,,955.2279,1,CS1,,
PRT,Portugal,1974,1044.817,,,,,,1044.817,,,1044.817,91.030616,,,,,1044.817,1,CS1,,
PRT,Portugal,1975,1299.149,,,,,,1132.76,,,1299.149,1133.7676,,,,,1299.1491,1,CS1,,
PRT,Portugal,1976,1228.634,,,,,,1228.634,,,1228.634,1277.9202,,,,,1228.634,1,CS1,,
PRT,Portugal,1977,1370.732,,,,,,1370.732,,,1370.732,1426.562,,,,,1370.7315,1,CS1,,
PRT,Portugal,1978,1570.605,,,,,,1551.87,,,1570.605,1628.5751,,,,,1570.6048,1,CS1,,
PRT,Portugal,1979,1971.105,,,,,,1978.183,,,1971.105,2069.0137,,,,,1971.1046,1,CS1,,
PRT,Portugal,1980,2434.194,,,,,,2402.365,,,2434.194,2480.5219,,,,,2434.1936,1,CS1,,
PRT,Portugal,1981,2651.49,,,,,,2616.799,,,2651.49,2695.5038,,,,,2651.4899,1,CS1,,
PRT,Portugal,1982,3087.095,,,,,,3045.166,,,3087.095,3132.9496,,,,,3087.0951,1,CS1,,
PRT,Portugal,1983,3369.988,,,,,,3323.296,,,3369.988,3388.3341,,,,,3369.9883,1,CS1,,
PRT,Portugal,1984,3909.937,,,,,,3852.615,,,3909.937,3910.5755,,,,,3909.9371,1,CS1,,
PRT,Portugal,1985,4947.97,,,,,,4892.395,,,4947.97,4987.979,,,,,4947.9704,1,CS1,,
PRT,Portugal,1986,6709.924,,,,,,6655.425,,,6709.924,6778.6634,,,,,6709.9241,1,CS1,,
PRT,Portugal,1987,7721.107,,,,,,7614.005,,,7721.107,7666.5237,,,,,7721.1071,1,CS1,,
PRT,Portugal,1988,8750.881,,,,,,8589.709,,,8750.881,8998.3141,,,,,8750.8804,1,CS1,,
PRT,Portugal,1989,9284.818,,,,,,9117.133,,,9284.818,9492.124,,,,,9284.8186,1,CS1,,
PRT,Portugal,1990,12015,,,,,,11732.76,,,12015,12245.488,,,,,12014.999,1,CS1,1,1
PRT,Portugal,1991,13553,,,,,,14043.16,,,13553,14325.476,,,,,,1,JST,,
PRT,Portugal,1992,16477,,,,,,16580.54,,,16477,17038.936,,,,,,1,JST,,
PRT,Portugal,1993,17669,,,,,,18270.47,,,17669,18829.621,,,,,,1,JST,,
PRT,Portugal,1994,19888,,,,,,19554.37,,,19888,17901.857,,,,,,1,JST,,
PRT,Portugal,1995,21680,,,,,,21705.69,,,21680,19458.106,,,,,,1,JST,,
PRT,Portugal,1996,24641,,,,,,23936.79,,,24641,21458.286,,,,,,1,JST,,
PRT,Portugal,1997,28847,,,,,,27163.27,,,28847,24351.313,,,,,,1,JST,,
PRT,Portugal,1998,33682,,,,,,,,,33682,28715.795,,,,,,1,JST,,
PRT,Portugal,1999,40031,,,,,,,,,40031,,,,,,,1,JST,,
PRT,Portugal,2000,42520,,,,,,,,,42520,,,,,,,1,JST,,
PRT,Portugal,2001,46972,,,,,,,,,46972,,,,,,,1,JST,,
PRT,Portugal,2002,46201,,,,,,,,,46201,,,,,,,1,JST,,
PRT,Portugal,2003,49110,,,,,,,,,49110,,,,,,,1,JST,,
PRT,Portugal,2004,49840,,,,,,,,,49840,,,,,,,1,JST,,
PRT,Portugal,2005,56191,,,,,,,,,56191,,,,,,,1,JST,,
PRT,Portugal,2006,58053,,,,,,,,,58053,,,,,,,1,JST,,
PRT,Portugal,2007,56480,,,,,,,,,56480,,,,,,,1,JST,,
PRT,Portugal,2008,54361,,,,,,,,,54361,,,,,,,1,JST,,
PRT,Portugal,2009,54479,,,,,,,,,54479,,,,,,,1,JST,,
PRT,Portugal,2010,53512,,,,,,,,,53512,,,,,,,1,JST,,
PRT,Portugal,2011,50090,,,,,,,,,50090,,,,,,,1,JST,,
PRT,Portugal,2012,47845,,,,,,,,,47845,,,,,,,1,JST,,
PRT,Portugal,2013,50475,,,,,,,,,50475,,,,,,,1,JST,,
PRT,Portugal,2014,54988,,,,,,,,,54988,,,,,,,1,JST,,
PRT,Portugal,2015,66400,,,,,,,,,66400,,,,,,,1,JST,,
PRT,Portugal,2016,76981,,,,,,,,,76981,,,,,,,1,JST,,
PRT,Portugal,2017,89105,,,,,,,,,89105,,,,,,,1,JST,,
PRT,Portugal,2018,101393.2,,,,,,,,,101393.2,,,,,,,1,JST,,
PRT,Portugal,2019,115317.9,,,,,,,,,115317.9,,,,,,,1,JST,,
PRT,Portugal,2020,138912.3,,,,,,,,,138912.3,,,,,,,1,JST,,
PRY,Paraguay,1948,97.5563,,,,,,,,,,97,,,,,,1.005735,Mitchell,,
PRY,Paraguay,1949,153.8775,,,,,,,,,,153,,,,,,1.005735,Mitchell,,
PRY,Paraguay,1950,230.3133,,,,,,,,,,229,,,,,,1.005735,Mitchell,,
PRY,Paraguay,1951,397.2654,,,,,,,,,,395,,,,,,1.005735,Mitchell,,
PRY,Paraguay,1952,585.3378,,,,,,,,,,582,,,,,,1.005735,Mitchell,,
PRY,Paraguay,1953,865.9379,,,,,,,,,,861,,,,,,1.005735,Mitchell,,
PRY,Paraguay,1954,1076.136,,,,,,,,,,1070,,,,,,1.005735,Mitchell,,
PRY,Paraguay,1955,1434.178,,,,,,,,,,1426,,,,,,1.005735,Mitchell,,
PRY,Paraguay,1956,1952.132,,,,,,,,,,1941,,,,,,1.005735,Mitchell,,
PRY,Paraguay,1957,2008.453,,,,,,,,,,1997,,,,,,1.005735,Mitchell,,
PRY,Paraguay,1958,2397.672,,,,,,,,,,2384,,,,,,1.005735,Mitchell,,
PRY,Paraguay,1959,2623.963,,,,,,,,,,2609,,,,,,1.005735,Mitchell,,
PRY,Paraguay,1960,2689.335,,,,,,,,,,2674,,,,,,1.005735,Mitchell,,
PRY,Paraguay,1961,3410.448,,,,,,,,,,3391,,,,,,1.005735,Mitchell,,
PRY,Paraguay,1962,3329.989,,,,,,,,,,3311,,,,,,1.005735,Mitchell,,
PRY,Paraguay,1963,3706.134,,,,,,,,,,3685,,,,,,1.005735,Mitchell,,
PRY,Paraguay,1964,4498.653,,,,,,,,,,4473,,,,,,1.005735,Mitchell,,
PRY,Paraguay,1965,4941.176,,,,,,,,,,4913,,,,,,1.005735,Mitchell,,
PRY,Paraguay,1966,5062.87,,,,,,,,,,5034,,,,,,1.005735,Mitchell,,
PRY,Paraguay,1967,6729.373,,,,,,,,,,6691,,,,,,1.005735,Mitchell,,
PRY,Paraguay,1968,5819.183,,,,,,,,,,5786,,,,,,1.005735,Mitchell,,
PRY,Paraguay,1969,6594.604,,,,,,,,,,6557,,,,,,1.005735,Mitchell,,
PRY,Paraguay,1970,7341.866,,,,,,,,,,7300,,,,,,1.005735,Mitchell,,
PRY,Paraguay,1971,7844.733,,,,,,7848.1,,,,7800,,,,,,1.005735,Mitchell,,
PRY,Paraguay,1972,9453.909,,,,,,9420.6,,,,9400,,,,,,1.005735,Mitchell,,
PRY,Paraguay,1973,12571.69,,,,,,12494.3,,,,12500,,,,,,1.005735,Mitchell,,
PRY,Paraguay,1974,15186.6,,,,,,15120,,,,15100,,,,,,1.005735,Mitchell,,
PRY,Paraguay,1975,17902.08,,,,,,17828.7,,,,17800,,,,,,1.005735,Mitchell,,
PRY,Paraguay,1976,21723.88,,,,,,21590,,,,21600,,,,,,1.005735,Mitchell,,
PRY,Paraguay,1977,28764.02,,,,,,28574.1,,,,28600,,,,,,1.005735,Mitchell,,
PRY,Paraguay,1978,40028.25,,,,,,39812.3,,,,39800,,,,,,1.005735,Mitchell,,
PRY,Paraguay,1979,49783.88,,,,,,49537,,,,49500,,,,,,1.005735,Mitchell,,
PRY,Paraguay,1980,62757.87,,,,,,62363.6,,,,62400,,,,,,1.005735,Mitchell,,
PRY,Paraguay,1981,62757.87,,,,,,62432.1,,,,62400,,,,,,1.005735,Mitchell,,
PRY,Paraguay,1982,60545.25,,,,,,60200.1,,,,60200,,,,,,1.005735,Mitchell,,
PRY,Paraguay,1983,76033.57,,,,,,75586.7,,,,75600,,,,,,1.005735,Mitchell,,
PRY,Paraguay,1984,98360.89,,,,,,97806.9,,,,97800,,,,,,1.005735,Mitchell,,
PRY,Paraguay,1985,125716.9,,,,,,125202,,,,125000,,,,,,1.005735,Mitchell,,
PRY,Paraguay,1986,159911.9,,,,,,158674,,,,159000,,,,,,1.005735,Mitchell,,
PRY,Paraguay,1987,245399.3,,,,,,243667,,,,244000,,,,,,1.005735,Mitchell,,
PRY,Paraguay,1988,329881.1,,,,,,330160,,,,328000,,,,,,1.005735,Mitchell,,
PRY,Paraguay,1989,437494.8,,,,,,434891,,,,435000,,,,,,1.005735,Mitchell,,
PRY,Paraguay,1990,561200.1,,,,,,558059,490566,,,558000,,,,,,1.005735,Mitchell,,
PRY,Paraguay,1991,743238.2,,,,,,738908,625167,,,739000,,,,,,1.005735,Mitchell,,
PRY,Paraguay,1992,910190.2,,,,,,905029,803575,,,905000,,,,,,1.005735,Mitchell,,
PRY,Paraguay,1993,1060045,,,,,,1054000,958328,,,1054000,,,,,,1.005735,Mitchell,,
PRY,Paraguay,1994,1377857,,,,,,1370310,1272596,,,1370000,,,,,,1.005735,Mitchell,,
PRY,Paraguay,1995,1709750,,,,,,1756640,1539363,,,1700000,,,,,,1.005735,Mitchell,,
PRY,Paraguay,1996,1718801,,,,,,1715580,1570673,,,1709000,,,,,,1.005735,Mitchell,,
PRY,Paraguay,1997,1896816,,,,,,1900870,1789142,,,1886000,,,,,,1.005735,Mitchell,,
PRY,Paraguay,1998,1995378,,,,,,,1922271,,,1984000,,,,,,1.005735,Mitchell,,
PRY,Paraguay,1999,2179428,,,,,,,2103845,,,2167000,,,,,,1.005735,Mitchell,,
PRY,Paraguay,2000,2576693,,,,,,,2478222,,,2562000,,,,,,1.005735,Mitchell,,
PRY,Paraguay,2001,2758731,,,,,,,2700359,,,2743000,,,,,,1.005735,Mitchell,,
PRY,Paraguay,2002,2774823,,,,,,,2728703,,,2759000,,,,,,1.005735,Mitchell,,
PRY,Paraguay,2003,3809724,,,,,,,3788878,,,3788000,,,,,,1.005735,Mitchell,,
PRY,Paraguay,2004,4811437,,,,,,,4705777,,,4784000,,,,,,1.005735,Mitchell,,
PRY,Paraguay,2005,5818177,,,,,,,5674712,,,5785000,,,,,,1.005735,Mitchell,,
PRY,Paraguay,2006,6666547,,,,,,,6628532,,,6628532,,,,,,1.005735,Mitchell,,
PRY,Paraguay,2007,9232471,,,,,,,9179824,,,9179824,,,,,,1.005735,Mitchell,,
PRY,Paraguay,2008,9866504,,,,,,,9869844,,,9810242,,,,,,1.005735,Mitchell,,
PRY,Paraguay,2009,1.28e+07,,,,,,,12787594,,,12714161,,,,,,1.005735,Mitchell,,
PRY,Paraguay,2010,1.45e+07,,,,,,,14495541,,,14412883,,,,,,1.005735,Mitchell,1,1
PRY,Paraguay,2011,1.62e+07,,,,,,,16170405,,,,,,,,,1,ECLAC,,
PRY,Paraguay,2012,1.77e+07,,,,,,,17736134,,,,,,,,,1,ECLAC,,
PRY,Paraguay,2013,2.04e+07,,,,,,,20359366,,,,,,,,,1,ECLAC,,
PRY,Paraguay,2014,2.22e+07,,,,,,,22233808,,,,,,,,,1,ECLAC,,
PRY,Paraguay,2015,2.31e+07,,,,,,,23061709,,,,,,,,,1,ECLAC,,
PRY,Paraguay,2016,2.48e+07,,,,,,,24837188,,,,,,,,,1,ECLAC,,
PRY,Paraguay,2017,2.90e+07,,,,,,,29017587,,,,,,,,,1,ECLAC,,
PRY,Paraguay,2018,3.02e+07,,,,,,,30155798,,,,,,,,,1,ECLAC,,
PRY,Paraguay,2019,3.25e+07,,,,,,,32499209,,,,,,,,,1,ECLAC,,
PRY,Paraguay,2020,3.97e+07,,,,,,,39692318,,,,,,,,,1,ECLAC,,
PRY,Paraguay,2021,4.27e+07,,,,,,,42653492,,,,,,,,,1,ECLAC,,
PRY,Paraguay,2022,4.23e+07,,,,,,,42313114,,,,,,,,,1,ECLAC,,
QAT,Qatar,1966,117,,,,,,,,,,117,,,,,,1,Mitchell,,
QAT,Qatar,1967,153,,,,,,,,,,153,,,,,,1,Mitchell,,
QAT,Qatar,1968,174,,,,,,,,,,174,,,,,,1,Mitchell,,
QAT,Qatar,1969,180,,,,,,,,,,180,,,,,,1,Mitchell,,
QAT,Qatar,1970,198,,,,,,,,,,198,,,,,,1,Mitchell,,
QAT,Qatar,1971,237,,,,,,,,,,237,,,,,,1,Mitchell,,
QAT,Qatar,1972,346,,,,,,,,,,346,,,,,,1,Mitchell,,
QAT,Qatar,1973,413,,,,,,,,,,413,,,,,,1,Mitchell,,
QAT,Qatar,1974,564,,,,,,,,,,564,,,,,,1,Mitchell,,
QAT,Qatar,1975,1005,,,,,,,,,,1005,,,,,,1,Mitchell,,
QAT,Qatar,1976,1576,,,,,,,,,,1576,,,,,,1,Mitchell,,
QAT,Qatar,1977,2087,,,,,,,,,,2087,,,,,,1,Mitchell,,
QAT,Qatar,1978,2307,,,,,,,,,,2307,,,,,,1,Mitchell,,
QAT,Qatar,1979,2492,,,,,,,,,,2492,,,,,,1,Mitchell,,
QAT,Qatar,1980,2270,,,,,,,,,,2270,,,,,,1,Mitchell,,
QAT,Qatar,1981,3400,,,,,,,,,,3400,,,,,,1,Mitchell,,
QAT,Qatar,1982,3790,,,,,,,,,,3790,,,,,,1,Mitchell,,
QAT,Qatar,1983,3620,,,,,,,,,,3620,,,,,,1,Mitchell,,
QAT,Qatar,1984,4130,,,,,,,,,,4130,,,,,,1,Mitchell,,
QAT,Qatar,1985,4020,,,,,,,,,,4020,,,,,,1,Mitchell,,
QAT,Qatar,1986,4490,,,,,,,,,,4490,,,,,,1,Mitchell,,
QAT,Qatar,1987,4780,,,,,,,,,,4780,,,,,,1,Mitchell,,
QAT,Qatar,1988,3400,,,,,,,,,,3400,,,,,,1,Mitchell,,
QAT,Qatar,1989,4000,,,,,,,,,,4000,,,,,,1,Mitchell,,
QAT,Qatar,1990,3600,,,,,,,,,,3600,,,,,,1,Mitchell,,
QAT,Qatar,1991,4010,,,,,,,,,,4010,,,,,,1,Mitchell,,
QAT,Qatar,1992,4300,,,,,,,,,,4300,,,,,,1,Mitchell,,
QAT,Qatar,1993,3900,,,,,,,,,,3900,,,,,,1,Mitchell,,
QAT,Qatar,1994,3900,,,,,,,,,,3900,,,,,,1,Mitchell,,
QAT,Qatar,1995,3720,,,,,,,,,,3720,,,,,,1,Mitchell,,
QAT,Qatar,1996,3890,,,,,,,,,,3890,,,,,,1,Mitchell,,
QAT,Qatar,1997,4130,,,,,,,,,,4130,,,,,,1,Mitchell,,
QAT,Qatar,1998,4220,,,,,,,,,,4220,,,,,,1,Mitchell,,
QAT,Qatar,1999,4180,,,,,,,,,,4180,,,,,,1,Mitchell,,
QAT,Qatar,2000,4450,,,,,,,,,,4450,,,,,,1,Mitchell,,
QAT,Qatar,2001,5220,,,,,,,,,,5220,,,,,,1,Mitchell,,
QAT,Qatar,2002,6290,,,,,,,,,,6290,,,,,,1,Mitchell,,
QAT,Qatar,2003,11280,,,,,,,,,,11280,,,,,,1,Mitchell,,
QAT,Qatar,2004,14590,,,,,,,,,,14590,,,,,,1,Mitchell,,
QAT,Qatar,2005,22360,,,,,,,,,,22360,,,,,,1,Mitchell,,
QAT,Qatar,2006,27883.1,,,,,,,,,,27883.1,,,,,,1,Mitchell,,
QAT,Qatar,2007,40736.7,,,,,,,,,,40736.7,,,,,,1,Mitchell,,
QAT,Qatar,2008,50869.5,,,,,,,,,,50869.5,,,,,,1,Mitchell,,
QAT,Qatar,2009,53116.3,,,,,,,,,,53116.3,,,,,,1,Mitchell,,
QAT,Qatar,2010,68336.8,,,,,,,,,,68336.8,,,,,,1,Mitchell,,
RUS,Russian Federation,1995,80800,,,,,,,,,,,,80800,,,,1,OECD_MEI,,
RUS,Russian Federation,1996,103800,,,,,,,,,,,,103800,,,,1,OECD_MEI,,
RUS,Russian Federation,1997,130300,,,,,,,,,,,,130300,,,,1,OECD_MEI,,
RUS,Russian Federation,1998,187700,,,,,,,,,,,,187700,,,,1,OECD_MEI,,
RUS,Russian Federation,1999,266100,,,,,,,,,,,,266100,,,,1,OECD_MEI,,
RUS,Russian Federation,2000,418900,,,,,,,,,,,,418900,,,,1,OECD_MEI,,
RUS,Russian Federation,2001,583800,,,,,,,,,,,,583800,,,,1,OECD_MEI,,
RUS,Russian Federation,2002,763200,,,,,,,,,,,,763200,,,,1,OECD_MEI,,
RUS,Russian Federation,2003,1147000,,,,,,,,,,,,1147000,,,,1,OECD_MEI,,
RUS,Russian Federation,2004,1534800,,,,,,,,,,,,1534800,,,,1,OECD_MEI,,
RUS,Russian Federation,2005,2009200,,,,,,,,,,,,2009200,,,,1,OECD_MEI,,
RUS,Russian Federation,2006,2785200,,,,,,,,,,,,2785200,,,,1,OECD_MEI,,
RUS,Russian Federation,2007,3702200,,,,,,,,,,,,3702200,,,,1,OECD_MEI,,
RUS,Russian Federation,2008,3794800,,,,,,,,,,,,3794800,,,,1,OECD_MEI,,
RUS,Russian Federation,2009,4038100,,,,,,,,,,,,4038100,,,,1,OECD_MEI,,
RUS,Russian Federation,2010,5062700,,,,,,,,,,,,5062700,,,,1,OECD_MEI,,
RUS,Russian Federation,2011,5938600,,,,,,,,,,,,5938600,,,,1,OECD_MEI,,
RUS,Russian Federation,2012,6430100,,,,,,,,,,,,6430100,,,,1,OECD_MEI,,
RUS,Russian Federation,2013,6985600,,,,,,,,,,,,6985600,,,,1,OECD_MEI,,
RUS,Russian Federation,2014,7171500,,,,,,,,,,,,7171500,,,,1,OECD_MEI,,
RUS,Russian Federation,2015,7239100,,,,,,,,,,,,7239100,,,,1,OECD_MEI,,
RUS,Russian Federation,2016,7714800,,,,,,,,,,,,7714800,,,,1,OECD_MEI,,
RUS,Russian Federation,2017,8446000,,,,,,,,,,,,8446000,,,,1,OECD_MEI,,
RUS,Russian Federation,2018,9339000,,,,,,,,,,,,9339000,,,,1,OECD_MEI,,
RUS,Russian Federation,2019,9658400,,,,,,,,,,,,9658400,,,,1,OECD_MEI,,
RUS,Russian Federation,2020,1.25e+07,,,,,,,,,,,,12523900,,,,1,OECD_MEI,,
RUS,Russian Federation,2021,1.32e+07,,,,,,,,,,,,13200360,,,,1,OECD_MEI,,
RUS,Russian Federation,2022,1.54e+07,,,,,,,,,,,,15432700,,,,1,OECD_MEI,,
RWA,Rwanda,1964,907.9857,,,,,,,,,,906,,,,,,1.002192,Mitchell,,
RWA,Rwanda,1965,1173.566,,,,,,,,,,1171,,,,,,1.002192,Mitchell,,
RWA,Rwanda,1966,1232.696,,,,,,,,,,1230,,,,,,1.002192,Mitchell,,
RWA,Rwanda,1967,1481.239,,,,,,,,,,1478,,,,,,1.002192,Mitchell,,
RWA,Rwanda,1968,1567.428,,,,,,,,,,1564,,,,,,1.002192,Mitchell,,
RWA,Rwanda,1969,1829,,,,,,,,,,1825,,,,,,1.002192,Mitchell,,
RWA,Rwanda,1970,2169.745,,,,,,,,,,2165,,,,,,1.002192,Mitchell,,
RWA,Rwanda,1971,2477.418,,,,,,,,,,2472,,,,,,1.002192,Mitchell,,
RWA,Rwanda,1972,2525.523,,,,,,,,,,2520,,,,,,1.002192,Mitchell,,
RWA,Rwanda,1973,3572.813,,,,,,,,,,3565,,,,,,1.002192,Mitchell,,
RWA,Rwanda,1974,4297.398,,,,,,,,,,4288,,,,,,1.002192,Mitchell,,
RWA,Rwanda,1975,4860.629,,,,,,,,,,4850,,,,,,1.002192,Mitchell,,
RWA,Rwanda,1976,6530.281,,,,,,,,,,6516,,,,,,1.002192,Mitchell,,
RWA,Rwanda,1977,8052.61,,,,,,,,,,8035,,,,,,1.002192,Mitchell,,
RWA,Rwanda,1978,8980.64,,,,,,,,,,8961,,,,,,1.002192,Mitchell,,
RWA,Rwanda,1979,11279.67,,,,,,,,,,11255,,,,,,1.002192,Mitchell,1,1
RWA,Rwanda,1980,12026.3,,12026.3,,,,,,,,12000,,,,,,1,AFDB,,
RWA,Rwanda,1981,11728.5,,11728.5,,,,,,,,11800,,,,,,1,AFDB,,
RWA,Rwanda,1982,11442.2,,11442.2,,,,,,,,11500,,,,,,1,AFDB,,
RWA,Rwanda,1983,12294.4,,12294.4,,,,,,,,12300,,,,,,1,AFDB,,
RWA,Rwanda,1984,13332.3,,13332.3,,,,,,,,13300,,,,,,1,AFDB,,
RWA,Rwanda,1985,14576.7,,14576.7,,,,,,,,14700,,,,,,1,AFDB,,
RWA,Rwanda,1986,17212.1,,17212.1,,,,,,,,17300,,,,,,1,AFDB,,
RWA,Rwanda,1987,17668.6,,17668.6,,,,,,,,17800,,,,,,1,AFDB,,
RWA,Rwanda,1988,18210.4,,18210.4,,,,,,,,18300,,,,,,1,AFDB,,
RWA,Rwanda,1989,15930.5,,15930.5,,,,,,,,16100,,,,,,1,AFDB,,
RWA,Rwanda,1990,16723.7,,16723.7,,,,,,,,16800,,,,,,1,AFDB,,
RWA,Rwanda,1991,18023.1,,18023.1,,,,,,,,18100,,,,,,1,AFDB,,
RWA,Rwanda,1992,22508.9,,22508.9,,,,,,,,22600,,,,,,1,AFDB,,
RWA,Rwanda,1993,24919.4,,24919.4,,,,,,,,25000,,,,,,1,AFDB,,
RWA,Rwanda,1994,28810,,28810,,,,,,,,28800,,,,,,1,AFDB,,
RWA,Rwanda,1995,40658.4,,40658.4,,,,,,,,40700,,,,,,1,AFDB,,
RWA,Rwanda,1996,45423,,45423,,,,,,,,45400,,,,,,1,AFDB,,
RWA,Rwanda,1997,55745.9,,55745.9,,,,,,,,55700,,,,,,1,AFDB,,
RWA,Rwanda,1998,55291,,55291,,,,,,,,55300,,,,,,1,AFDB,,
RWA,Rwanda,1999,59172.3,,59172.3,,,,,,,,59200,,,,,,1,AFDB,,
RWA,Rwanda,2000,118035.9,,118035.86,,,,,,,,63100,,,,,,1,AFDB,,
RWA,Rwanda,2001,130229.5,,130229.51,,,,,,,,63700,,,,,,1,AFDB,,
RWA,Rwanda,2002,141964.3,,141964.25,,,,,,,,70400,,,,,,1,AFDB,,
RWA,Rwanda,2003,162687.5,,162687.45,,,,,,,,82300,,,,,,1,AFDB,,
RWA,Rwanda,2004,188229.1,,188229.13,,,,,,,,99900,,,,,,1,AFDB,,
RWA,Rwanda,2005,219558.4,,219558.4,,,,,,,,129300,,,,,,1,AFDB,,
RWA,Rwanda,2006,287455.5,,287455.49,,,,,,,,,,,,,,1,AFDB,,
RWA,Rwanda,2007,375900.6,,375900.63,,,,,,,,,,,,,,1,AFDB,,
RWA,Rwanda,2008,466389.9,,466389.94,,,,,,,,,,,,,,1,AFDB,,
RWA,Rwanda,2009,527100,,527100,,,,,,,,,,,,,,1,AFDB,,
RWA,Rwanda,2010,615935.8,,615935.81,,,,,,,,,,,,,,1,AFDB,,
RWA,Rwanda,2011,780375.6,,780375.57,,,,,,,,,,,,,,1,AFDB,,
RWA,Rwanda,2012,889922,,889922.02,,,,,,,,,,,,,,1,AFDB,,
RWA,Rwanda,2013,1028186,,1028185.8,,,,,,,,,,,,,,1,AFDB,,
RWA,Rwanda,2014,1223871,,1223871.1,,,,,,,,,,,,,,1,AFDB,,
RWA,Rwanda,2015,1482104,,1482104.4,,,,,,,,,,,,,,1,AFDB,,
RWA,Rwanda,2016,1716000,,1716000,,,,,,,,,,,,,,1,AFDB,,
RWA,Rwanda,2017,1984515,,1984515.1,,,,,,,,,,,,,,1,AFDB,,
RWA,Rwanda,2018,2285010,,2285009.7,,,,,,,,,,,,,,1,AFDB,,
SAU,Saudi Arabia,1960,920,,,,,,,,,,920,,,,,,1,Mitchell,,
SAU,Saudi Arabia,1961,970,,,,,,,,,,970,,,,,,1,Mitchell,,
SAU,Saudi Arabia,1962,1080,,,,,,,,,,1080,,,,,,1,Mitchell,,
SAU,Saudi Arabia,1963,1310,,,,,,,,,,1310,,,,,,1,Mitchell,,
SAU,Saudi Arabia,1964,1370,,,,,,,,,,1370,,,,,,1,Mitchell,,
SAU,Saudi Arabia,1965,1500,,,,,,,,,,1500,,,,,,1,Mitchell,,
SAU,Saudi Arabia,1966,1720,,,,,,,,,,1720,,,,,,1,Mitchell,,
SAU,Saudi Arabia,1967,1920,,,,,,,,,,1920,,,,,,1,Mitchell,,
SAU,Saudi Arabia,1968,2200,,,,,,,,,,2200,,,,,,1,Mitchell,,
SAU,Saudi Arabia,1969,2320,,,,,,,,,,2320,,,,,,1,Mitchell,,
SAU,Saudi Arabia,1970,2400,,,,,,,,,,2400,,,,,,1,Mitchell,,
SAU,Saudi Arabia,1971,2650,,,,,,,,,,2650,,,,,,1,Mitchell,,
SAU,Saudi Arabia,1972,3780,,,,,,,,,,3780,,,,,,1,Mitchell,,
SAU,Saudi Arabia,1973,5290,,,,,,,,,,5290,,,,,,1,Mitchell,,
SAU,Saudi Arabia,1974,7330,,,,,,,,,,7330,,,,,,1,Mitchell,,
SAU,Saudi Arabia,1975,14200,,,,,,,,,,14200,,,,,,1,Mitchell,,
SAU,Saudi Arabia,1976,24300,,,,,,,,,,24300,,,,,,1,Mitchell,,
SAU,Saudi Arabia,1977,38400,,,,,,,,,,38400,,,,,,1,Mitchell,,
SAU,Saudi Arabia,1978,49200,,,,,,,,,,49200,,,,,,1,Mitchell,,
SAU,Saudi Arabia,1979,54700,,,,,,,,,,54700,,,,,,1,Mitchell,,
SAU,Saudi Arabia,1980,59000,,,,,,,,,,59000,,,,,,1,Mitchell,,
SAU,Saudi Arabia,1981,73000,,,,,,,,,,73000,,,,,,1,Mitchell,,
SAU,Saudi Arabia,1982,83800,,,,,,,,,,83800,,,,,,1,Mitchell,,
SAU,Saudi Arabia,1983,84900,,,,,,,,,,84900,,,,,,1,Mitchell,,
SAU,Saudi Arabia,1984,83000,,,,,,,,,,83000,,,,,,1,Mitchell,,
SAU,Saudi Arabia,1985,81800,,,,,,,,,,81800,,,,,,1,Mitchell,,
SAU,Saudi Arabia,1986,86300,,,,,,,,,,86300,,,,,,1,Mitchell,,
SAU,Saudi Arabia,1987,91800,,,,,,,,,,91800,,,,,,1,Mitchell,,
SAU,Saudi Arabia,1988,93400,,,,,,,,,,93400,,,,,,1,Mitchell,,
SAU,Saudi Arabia,1989,91400,,,,,,,,,,91400,,,,,,1,Mitchell,,
SAU,Saudi Arabia,1990,102000,,,,,,,,,,102000,,,,,,1,Mitchell,,
SAU,Saudi Arabia,1991,120000,,,,,,,,,,120000,,,,,,1,Mitchell,,
SAU,Saudi Arabia,1992,123000,,,,,,,,,,123000,,,,,,1,Mitchell,,
SAU,Saudi Arabia,1993,122000,,,,,,,,,,122000,,,,,,1,Mitchell,,
SAU,Saudi Arabia,1994,126000,,,,,,,,,,126000,,,,,,1,Mitchell,,
SAU,Saudi Arabia,1995,125000,,,,,,,,,,125000,,,,,,1,Mitchell,,
SAU,Saudi Arabia,1996,133000,,,,,,,,,,133000,,,,,,1,Mitchell,,
SAU,Saudi Arabia,1997,141000,,,,,,,,,,141000,,,,,,1,Mitchell,,
SAU,Saudi Arabia,1998,140000,,,,,,,,,,140000,,,,,,1,Mitchell,,
SAU,Saudi Arabia,1999,157000,,,,,,,,,,157000,,,,,,1,Mitchell,,
SAU,Saudi Arabia,2000,166000,,,,,,,,,,166000,,,,,,1,Mitchell,,
SAU,Saudi Arabia,2001,180000,,,,,,,,,,180000,,,,,,1,Mitchell,,
SAU,Saudi Arabia,2002,203000,,,,,,,,,,203000,,,,,,1,Mitchell,,
SAU,Saudi Arabia,2003,223000,,,,,,,,,,223000,,,,,,1,Mitchell,,
SAU,Saudi Arabia,2004,264000,,,,,,,,,,264000,,,,,,1,Mitchell,,
SAU,Saudi Arabia,2005,285000,,,,,,,,,,285000,,,,,,1,Mitchell,,
SAU,Saudi Arabia,2006,312742,,,,,,,,,,312742,,,,,,1,Mitchell,,
SAU,Saudi Arabia,2007,383557,,,,,,,,,,383557,,,,,,1,Mitchell,,
SAU,Saudi Arabia,2008,425494,,,,,,,,,,425494,,,,,,1,Mitchell,,
SAU,Saudi Arabia,2009,521558,,,,,,,,,,521558,,,,,,1,Mitchell,,
SAU,Saudi Arabia,2010,625592,,,,,,,,,,625592,,,,,,1,Mitchell,,
SDN,Sudan,1950,.0255095,,,,,,,,,,.0255,,,,,,1.000374,Mitchell,,
SDN,Sudan,1951,.034713,,,,,,,,,,.0347,,,,,,1.000374,Mitchell,,
SDN,Sudan,1952,.0325121,,,,,,,,,,.0325,,,,,,1.000374,Mitchell,,
SDN,Sudan,1953,.0308115,,,,,,,,,,.0308,,,,,,1.000374,Mitchell,,
SDN,Sudan,1954,.0303113,,,,,,,,,,.0303,,,,,,1.000374,Mitchell,,
SDN,Sudan,1955,.0289108,,,,,,,,,,.0289,,,,,,1.000374,Mitchell,,
SDN,Sudan,1956,.0302113,,,,,,,,,,.0302,,,,,,1.000374,Mitchell,,
SDN,Sudan,1957,.0286107,,,,,,,,,,.0286,,,,,,1.000374,Mitchell,,
SDN,Sudan,1958,.0323121,,,,,,,,,,.0323,,,,,,1.000374,Mitchell,,
SDN,Sudan,1959,.0328123,,,,,,,,,,.0328,,,,,,1.000374,Mitchell,,
SDN,Sudan,1960,.0371139,,,,,,,,,,.0371,,,,,,1.000374,Mitchell,,
SDN,Sudan,1961,.0450168,,,,,,,,,,.045,,,,,,1.000374,Mitchell,,
SDN,Sudan,1962,.0520194,,,,,,,,,,.052,,,,,,1.000374,Mitchell,,
SDN,Sudan,1963,.0660247,,,,,,,,,,.066,,,,,,1.000374,Mitchell,,
SDN,Sudan,1964,.0630235,,,,,,,,,,.063,,,,,,1.000374,Mitchell,,
SDN,Sudan,1965,.0660247,,,,,,,,,,.066,,,,,,1.000374,Mitchell,,
SDN,Sudan,1966,.0740277,,,,,,,,,,.074,,,,,,1.000374,Mitchell,,
SDN,Sudan,1967,.0820306,,,,,,,,,,.082,,,,,,1.000374,Mitchell,,
SDN,Sudan,1968,.0810303,,,,,,,,,,.081,,,,,,1.000374,Mitchell,,
SDN,Sudan,1969,.1010377,,,,,,,,,,.101,,,,,,1.000374,Mitchell,,
SDN,Sudan,1970,.1160434,,,,,,,,,,.116,,,,,,1.000374,Mitchell,,
SDN,Sudan,1971,.1240463,,,,,,,,,,.124,,,,,,1.000374,Mitchell,,
SDN,Sudan,1972,.1440538,,,,,,,,,,.144,,,,,,1.000374,Mitchell,,
SDN,Sudan,1973,.1760658,,,,,,,,,,.176,,,,,,1.000374,Mitchell,,
SDN,Sudan,1974,.2370886,,,,,,,,,,.237,,,,,,1.000374,Mitchell,,
SDN,Sudan,1975,.281105,,,,,,,,,,.281,,,,,,1.000374,Mitchell,,
SDN,Sudan,1976,.3501308,,,,,,,,,,.35,,,,,,1.000374,Mitchell,,
SDN,Sudan,1977,.4971857,,,,,,,,,,.497,,,,,,1.000374,Mitchell,,
SDN,Sudan,1978,.6342369,,,,,,,,,,.634,,,,,,1.000374,Mitchell,,
SDN,Sudan,1979,.8373128,,,,,,,,,,.837,,,,,,1.000374,Mitchell,1,1
SDN,Sudan,1980,1.09741,,1.09741,,,,,,,,1.097,,,,,,1,AFDB,,
SDN,Sudan,1981,1.53091,,1.53091,,,,,,,,1.531,,,,,,1,AFDB,,
SDN,Sudan,1982,2.09098,,2.09098,,,,,,,,2.091,,,,,,1,AFDB,,
SDN,Sudan,1983,2.3361,,2.3361,,,,,,,,2.336,,,,,,1,AFDB,,
SDN,Sudan,1984,2.76415,,2.76415,,,,,,,,2.764,,,,,,1,AFDB,,
SDN,Sudan,1985,4.1446,,4.1446,,,,,,,,4.145,,,,,,1,AFDB,,
SDN,Sudan,1986,5.8488,,5.8488,,,,,,,,5.849,,,,,,1,AFDB,,
SDN,Sudan,1987,7.7683,,7.7683,,,,,,,,7.768,,,,,,1,AFDB,,
SDN,Sudan,1988,11.218,,11.218,,,,,,,,11.218,,,,,,1,AFDB,,
SDN,Sudan,1989,18.8988,,18.8988,,,,,,,,18.899,,,,,,1,AFDB,,
SDN,Sudan,1990,27.6589,,27.6589,,,,,,,,27.659,,,,,,1,AFDB,,
SDN,Sudan,1991,44.305,,44.305,,,,,,,,44.305,,,,,,1,AFDB,,
SDN,Sudan,1992,89.19,,89.19,,,,,,,,89,,,,,,1,AFDB,,
SDN,Sudan,1993,157.038,,157.038,,,,,,,,157,,,,,,1,AFDB,,
SDN,Sudan,1994,242.768,,242.768,,,,,,,,243,,,,,,1,AFDB,,
SDN,Sudan,1995,404.636,,404.636,,,,,,,,405,,,,,,1,AFDB,,
SDN,Sudan,1996,753.593,,753.593,,,,,,,,754,,,,,,1,AFDB,,
SDN,Sudan,1997,998.454,,998.454,,,,,,,,998,,,,,,1,AFDB,,
SDN,Sudan,1998,1290.78,,1290.78,,,,,,,,1291,,,,,,1,AFDB,,
SDN,Sudan,1999,1650.09,,1650.09,,,,,,,,1650,,,,,,1,AFDB,,
SDN,Sudan,2000,3.654979,,3.6549792,,,,,,,,2346,,,,,,1,AFDB,,
SDN,Sudan,2001,4.44326,,4.4432595,,,,,,,,2713.88,,,,,,1,AFDB,,
SDN,Sudan,2002,5.688443,,5.6884431,,,,,,,,3522.6362,,,,,,1,AFDB,,
SDN,Sudan,2003,7.585804,,7.585804,,,,,,,,4584.822,,,,,,1,AFDB,,
SDN,Sudan,2004,9.747592,,9.7475921,,,,,,,,6043.6879,,,,,,1,AFDB,,
SDN,Sudan,2005,14.05862,,14.058623,,,,,,,,8130.0635,,,,,,1,AFDB,,
SDN,Sudan,2006,17.89216,,17.892159,,,,,,,,10519.351,,,,,,1,AFDB,,
SDN,Sudan,2007,19.74504,,19.745037,,,,,,,,11367.603,,,,,,1,AFDB,,
SDN,Sudan,2008,22.98476,,22.984759,,,,,,,,13629.96,,,,,,1,AFDB,,
SDN,Sudan,2009,28.5191,,28.519102,,,,,,,,16106.328,,,,,,1,AFDB,,
SDN,Sudan,2010,35.61159,,35.611589,,,,,,,,,,,,,,1,AFDB,,
SDN,Sudan,2011,41.91388,,41.913882,,,,,,,,,,,,,,1,AFDB,,
SDN,Sudan,2012,58.79205,,58.792053,,,,,,,,,,,,,,1,AFDB,,
SDN,Sudan,2013,66.44567,,66.445672,,,,,,,,,,,,,,1,AFDB,,
SDN,Sudan,2014,77.73899,,77.738994,,,,,,,,,,,,,,1,AFDB,,
SDN,Sudan,2015,93.10345,,93.103456,,,,,,,,,,,,,,1,AFDB,,
SDN,Sudan,2016,117.0484,,117.04845,,,,,,,,,,,,,,1,AFDB,,
SDN,Sudan,2017,143.9003,,143.90033,,,,,,,,,,,,,,1,AFDB,,
SDN,Sudan,2018,170.3948,,170.3948,,,,,,,,,,,,,,1,AFDB,,
SEN,Senegal,1962,35266.77,,,,,,,,,,35300,,,,,,.9990587,Mitchell,,
SEN,Senegal,1963,30870.91,,,,,,,,,,30900,,,,,,.9990587,Mitchell,,
SEN,Senegal,1964,30071.67,,,,,,,,,,30100,,,,,,.9990587,Mitchell,,
SEN,Senegal,1965,28972.7,,,,,,,,,,29000,,,,,,.9990587,Mitchell,,
SEN,Senegal,1966,27074.49,,,,,,,,,,27100,,,,,,.9990587,Mitchell,,
SEN,Senegal,1967,25276.19,,,,,,,,,,25300,,,,,,.9990587,Mitchell,,
SEN,Senegal,1968,28373.27,,,,,,,,,,28400,,,,,,.9990587,Mitchell,,
SEN,Senegal,1969,27973.64,,,,,,,,,,28000,,,,,,.9990587,Mitchell,,
SEN,Senegal,1970,34467.53,,,,,,,,,,34500,,,,,,.9990587,Mitchell,,
SEN,Senegal,1971,35166.87,,,,,,,,,,35200,,,,,,.9990587,Mitchell,,
SEN,Senegal,1972,39063.2,,,,,,,,,,39100,,,,,,.9990587,Mitchell,,
SEN,Senegal,1973,44158.39,,,,,,,,,,44200,,,,,,.9990587,Mitchell,,
SEN,Senegal,1974,67736.18,,,,,,,,,,67800,,,,,,.9990587,Mitchell,,
SEN,Senegal,1975,75129.22,,,,,,,,,,75200,,,,,,.9990587,Mitchell,,
SEN,Senegal,1976,94810.67,,,,,,,,,,94900,,,,,,.9990587,Mitchell,,
SEN,Senegal,1977,108897.4,,,,,,,,,,109000,,,,,,.9990587,Mitchell,,
SEN,Senegal,1978,126880.5,,,,,,,,,,127000,,,,,,.9990587,Mitchell,,
SEN,Senegal,1979,120886.1,,,,,,,,,,121000,,,,,,.9990587,Mitchell,1,3
SEN,Senegal,1980,137870.1,,137939,,,,,,,,138000,,,,,,.9995005,AFDB,,
SEN,Senegal,1981,163144.5,,163226,,,,,,,,163000,,,,,,.9995005,AFDB,,
SEN,Senegal,1982,188903.6,,188998,,,,,,,,189000,,,,,,.9995005,AFDB,,
SEN,Senegal,1983,189057.5,,189152,,,,,,,,189000,,,,,,.9995005,AFDB,,
SEN,Senegal,1984,191549.3,,191645,,,,,,,,192000,,,,,,.9995005,AFDB,,
SEN,Senegal,1985,193390.4,,193487,,,,,,,,193000,,,,,,.9995005,AFDB,,
SEN,Senegal,1986,226872.6,,226986,,,,,,,,227000,,,,,,.9995005,AFDB,,
SEN,Senegal,1987,214313.9,,214421,,,,,,,,214000,,,,,,.9995005,AFDB,,
SEN,Senegal,1988,214799.7,,214907,,,,,,,,215000,,,,,,.9995005,AFDB,,
SEN,Senegal,1989,230714.7,,230830,,,,,,,,231000,,,,,,.9995005,AFDB,1,3
SEN,Senegal,1990,204100,,204202,204100,,,,,,,204000,,,,,,1,AFRISTAT,,
SEN,Senegal,1991,213200,,213216,213200,,,,,,,213000,,,,,,1,AFRISTAT,,
SEN,Senegal,1992,217400,,217389,217400,,,,,,,217000,,,,,,1,AFRISTAT,,
SEN,Senegal,1993,197700,,197746,197700,,,,,,,198000,,,,,,1,AFRISTAT,,
SEN,Senegal,1994,304100,,305341,304100,,,,,,,305000,,,,,,1,AFRISTAT,,
SEN,Senegal,1995,316700,,316757,316700,,,,,,,317000,,,,,,1,AFRISTAT,,
SEN,Senegal,1996,343600,,343620,343600,,,,,,,344000,,,,,,1,AFRISTAT,,
SEN,Senegal,1997,344100,,343212,344100,,,,,,,343000,,,,,,1,AFRISTAT,,
SEN,Senegal,1998,397000,,397004,397000,,,,,,,397000,,,,,,1,AFRISTAT,,
SEN,Senegal,1999,439800,,439757,439800,,,,,,,440000,,,,,,1,AFRISTAT,,
SEN,Senegal,2000,464900,,790400,464900,,,,,,,464000,,,,,,1,AFRISTAT,,
SEN,Senegal,2001,541200,,905200,541200,,,,,,,533000,,,,,,1,AFRISTAT,,
SEN,Senegal,2002,564500,,974100,564500,,,,,,,564000,,,,,,1,AFRISTAT,,
SEN,Senegal,2003,832900,,1280600,832900,,,,,,,832000,,,,,,1,AFRISTAT,,
SEN,Senegal,2004,817100,,1445800,817100,,817123,,,,,888000,,,,,,1,AFRISTAT,,
SEN,Senegal,2005,885400,,1553300,885400,,885365,,,,,963000,,,,,,1,AFRISTAT,,
SEN,Senegal,2006,1011500,,1751200,1011500,,1011506,,,,,1104510,,,,,,1,AFRISTAT,,
SEN,Senegal,2007,1144600,,1973022,1144600,,1144561,,,,,1266570,,,,,,1,AFRISTAT,,
SEN,Senegal,2008,1237700,,2006600,1237700,,1237694,,,,,1252720,,,,,,1,AFRISTAT,,
SEN,Senegal,2009,1345900,,2225998,1345900,,1345862,,,,,1366890,,,,,,1,AFRISTAT,,
SEN,Senegal,2010,1535200,,2540249,1535200,,1535160,,,,,1549150,,,,,,1,AFRISTAT,,
SEN,Senegal,2011,1611500,,2711427,1611500,,1611480,,,,,,,,,,,1,AFRISTAT,,
SEN,Senegal,2012,1724900,,2894664,1724900,,1724931,,,,,,,,,,,1,AFRISTAT,,
SEN,Senegal,2013,1926100,,3127078.1,1926100,,1926071,,,,,,,,,,,1,AFRISTAT,,
SEN,Senegal,2014,2043300,,3484519,2043300,,2043325,,,,,,,,,,,1,AFRISTAT,,
SEN,Senegal,2015,2497000,,3953096.6,2497000,,2497027,,,,,,,,,,,1,AFRISTAT,,
SEN,Senegal,2016,2918200,,4153697.9,2918200,,2918173,,,,,,,,,,,1,AFRISTAT,,
SEN,Senegal,2017,3128200,,4452202,3128200,,3128180,,,,,,,,,,,1,AFRISTAT,,
SEN,Senegal,2018,3612600,,4842668.4,3612600,,3612598,,,,,,,,,,,1,AFRISTAT,,
SEN,Senegal,2019,3973500,,,3973500,,3973518,,,,,,,,,,,1,AFRISTAT,,
SEN,Senegal,2020,4518500,,,4518500,,4518524,,,,,,,,,,,1,AFRISTAT,,
SEN,Senegal,2021,5281100,,,5281100,,5281107,,,,,,,,,,,1,AFRISTAT,,
SEN,Senegal,2022,6609600,,,6609600,,6609584,,,,,,,,,,,1,AFRISTAT,,
SEN,Senegal,2023,7389000,,,,,7388982,,,,,,,,,,,1.000002,BCEAO,1,3
SEN,Senegal,2024,7567838,,,,,7567820,,,,,,,,,,,1.000002,BCEAO,,
SGP,Singapore,1963,840.0403,,,,,,,,,,841,,,,,,.9988589,Mitchell,,
SGP,Singapore,1964,853.0255,,,,,,,,,,854,,,,,,.9988589,Mitchell,,
SGP,Singapore,1965,880.9935,,,,,,,,,,882,,,,,,.9988589,Mitchell,,
SGP,Singapore,1966,1004.852,,,,,,,,,,1006,,,,,,.9988589,Mitchell,,
SGP,Singapore,1967,983.876,,,,,,,,,,985,,,,,,.9988589,Mitchell,,
SGP,Singapore,1968,1194.635,,,,,,,,,,1196,,,,,,.9988589,Mitchell,,
SGP,Singapore,1969,1415.383,,,,,,,,,,1417,,,,,,.9988589,Mitchell,,
SGP,Singapore,1970,1629.139,,,,,,,,,,1631,,,,,,.9988589,Mitchell,,
SGP,Singapore,1971,1757.992,,,,,,1760,,,,1760,,,,,,.9988589,Mitchell,,
SGP,Singapore,1972,2382.278,,,,,,2385,,,,2385,,,,,,.9988589,Mitchell,,
SGP,Singapore,1973,2628.997,,,,,,2632,,,,2632,,,,,,.9988589,Mitchell,,
SGP,Singapore,1974,2854.739,,,,,,2858,,,,2858,,,,,,.9988589,Mitchell,,
SGP,Singapore,1975,3466.04,,,,,,3472,,,,3470,,,,,,.9988589,Mitchell,,
SGP,Singapore,1976,3995.436,,,,,,4000,,,,4000,,,,,,.9988589,Mitchell,,
SGP,Singapore,1977,4404.968,,,,,,4412,,,,4410,,,,,,.9988589,Mitchell,,
SGP,Singapore,1978,4924.374,,,,,,4926,,,,4930,,,,,,.9988589,Mitchell,,
SGP,Singapore,1979,5703.484,,,,,,5706,,,,5710,,,,,,.9988589,Mitchell,,
SGP,Singapore,1980,6123.005,,,,,,6135,,,,6130,,,,,,.9988589,Mitchell,,
SGP,Singapore,1981,7231.738,,,,,,7242,,,,7240,,,,,,.9988589,Mitchell,,
SGP,Singapore,1982,8150.688,,,,,,8157,,,,8160,,,,,,.9988589,Mitchell,,
SGP,Singapore,1983,8600.175,,,,,,8607,,,,8610,,,,,,.9988589,Mitchell,,
SGP,Singapore,1984,8859.878,,,,,,8866,,,,8870,,,,,,.9988589,Mitchell,,
SGP,Singapore,1985,8769.98,,,,,,8785,,,,8780,,,,,,.9988589,Mitchell,,
SGP,Singapore,1986,9808.794,,,,,,9822,,,,9820,,,,,,.9988589,Mitchell,,
SGP,Singapore,1987,10987.45,,,,,,11031,,,,11000,,,,,,.9988589,Mitchell,,
SGP,Singapore,1988,11986.31,,,,,,11958,,,,12000,,,,,,.9988589,Mitchell,,
SGP,Singapore,1989,13684.37,,,,,,13745,,,,13700,,,,,,.9988589,Mitchell,,
SGP,Singapore,1990,15282.54,,,,,,15261,,,,15300,,,,,,.9988589,Mitchell,,
SGP,Singapore,1991,16381.29,,,,,,16430,,,,16400,,,,,,.9988589,Mitchell,,
SGP,Singapore,1992,18478.89,,,,,,18515,,,,18500,,,,,,.9988589,Mitchell,,
SGP,Singapore,1993,22873.87,,,,,,22882,,,,22900,,,,,,.9988589,Mitchell,,
SGP,Singapore,1994,23373.3,,,,,,23411,,,,23400,,,,,,.9988589,Mitchell,,
SGP,Singapore,1995,25371.02,,,,,,25350,,,,25400,,,,,,.9988589,Mitchell,,
SGP,Singapore,1996,26969.19,,,,,,27040,,,,27000,,,,,,.9988589,Mitchell,,
SGP,Singapore,1997,27468.62,,,,,,27511,,,,27500,,,,,,.9988589,Mitchell,,
SGP,Singapore,1998,27168.96,,,,,,,,,,27200,,,,,,.9988589,Mitchell,,
SGP,Singapore,1999,31064.51,,,,,,,,,,31100,,,,,,.9988589,Mitchell,1,1
SGP,Singapore,2000,33262,33262,,,,,,,,,33300,,,,,,1,ADB,,
SGP,Singapore,2001,36083,36083,,,,,,,,,36100,,,,,,1,ADB,,
SGP,Singapore,2002,35828,35828,,,,,,,,,35800,,,,,,1,ADB,,
SGP,Singapore,2003,38723,38723,,,,,,,,,38700,,,,,,1,ADB,,
SGP,Singapore,2004,44162,44162,,,,,,,,,44200,,,,,,1,ADB,,
SGP,Singapore,2005,46086,46086,,,,,,,,,46100,,,,,,1,ADB,,
SGP,Singapore,2006,52243,52243,,,,,,,,,52242.6,,,,,,1,ADB,,
SGP,Singapore,2007,63939,63939,,,,,,,,,63938.6,,,,,,1,ADB,,
SGP,Singapore,2008,75704,75704,,,,,,,,,75703.8,,,,,,1,ADB,,
SGP,Singapore,2009,93472,93472,,,,,,,,,93471.8,,,,,,1,ADB,,
SGP,Singapore,2010,112487,112487,,,,,,,,,112465.5,,,,,,1,ADB,,
SGP,Singapore,2011,130592,130592,,,,,,,,,,,,,,,1,ADB,,
SGP,Singapore,2012,140709,140709,,,,,,,,,,,,,,,1,ADB,,
SGP,Singapore,2013,154597,154597,,,,,,,,,,,,,,,1,ADB,,
SGP,Singapore,2014,160218,160218,,,,,,,,,,,,,,,1,ADB,,
SGP,Singapore,2015,160446,160446,,,,,,,,,,,,,,,1,ADB,,
SGP,Singapore,2016,172754,172754,,,,,,,,,,,,,,,1,ADB,,
SGP,Singapore,2017,188532,188532,,,,,,,,,,,,,,,1,ADB,,
SGP,Singapore,2018,188798,188798,,,,,,,,,,,,,,,1,ADB,,
SGP,Singapore,2019,195666,195666,,,,,,,,,,,,,,,1,ADB,,
SGP,Singapore,2020,259878,259878,,,,,,,,,,,,,,,1,ADB,,
SGP,Singapore,2021,286176.3,286176.3,,,,,,,,,,,,,,,1,ADB,,
SGP,Singapore,2022,255547.3,255547.3,,,,,,,,,,,,,,,1,ADB,,
SLB,Solomon Islands,2000,248.285,248.285,,,,,,,,,,,,,,,1,ADB,,
SLB,Solomon Islands,2001,237.6712,237.6712,,,,,,,,,,,,,,,1,ADB,,
SLB,Solomon Islands,2002,248.7564,248.7564,,,,,,,,,,,,,,,1,ADB,,
SLB,Solomon Islands,2003,329.7494,329.7494,,,,,,,,,,,,,,,1,ADB,,
SLB,Solomon Islands,2004,368.724,368.724,,,,,,,,,,,,,,,1,ADB,,
SLB,Solomon Islands,2005,588.412,588.412,,,,,,,,,,,,,,,1,ADB,,
SLB,Solomon Islands,2006,775.333,775.333,,,,,,,,,,,,,,,1,ADB,,
SLB,Solomon Islands,2007,974.748,974.748,,,,,,,,,,,,,,,1,ADB,,
SLB,Solomon Islands,2008,995.3994,995.3994,,,,,,,,,,,,,,,1,ADB,,
SLB,Solomon Islands,2009,1127.554,1127.5545,,,,,,,,,,,,,,,1,ADB,,
SLB,Solomon Islands,2010,1303.806,1303.8055,,,,,,,,,,,,,,,1,ADB,,
SLB,Solomon Islands,2011,1872.724,1872.724,,,,,,,,,,,,,,,1,ADB,,
SLB,Solomon Islands,2012,2395.803,2395.8034,,,,,,,,,,,,,,,1,ADB,,
SLB,Solomon Islands,2013,2698.461,2698.4614,,,,,,,,,,,,,,,1,ADB,,
SLB,Solomon Islands,2014,2652.91,2652.9103,,,,,,,,,,,,,,,1,ADB,,
SLB,Solomon Islands,2015,3271.957,3271.9566,,,,,,,,,,,,,,,1,ADB,,
SLB,Solomon Islands,2016,3520.618,3520.6179,,,,,,,,,,,,,,,1,ADB,,
SLB,Solomon Islands,2017,3647.874,3647.8743,,,,,,,,,,,,,,,1,ADB,,
SLB,Solomon Islands,2018,3935.731,3935.7309,,,,,,,,,,,,,,,1,ADB,,
SLB,Solomon Islands,2019,3847.873,3847.8733,,,,,,,,,,,,,,,1,ADB,,
SLE,Sierra Leone,1958,18.1,,,,,,,,,,18.1,,,,,,1,Mitchell,,
SLE,Sierra Leone,1959,17.5,,,,,,,,,,17.5,,,,,,1,Mitchell,,
SLE,Sierra Leone,1960,18.3,,,,,,,,,,18.3,,,,,,1,Mitchell,,
SLE,Sierra Leone,1961,19,,,,,,,,,,19,,,,,,1,Mitchell,,
SLE,Sierra Leone,1962,21,,,,,,,,,,21,,,,,,1,Mitchell,,
SLE,Sierra Leone,1963,20,,,,,,,,,,20,,,,,,1,Mitchell,,
SLE,Sierra Leone,1964,21,,,,,,,,,,21,,,,,,1,Mitchell,,
SLE,Sierra Leone,1965,22,,,,,,,,,,22,,,,,,1,Mitchell,,
SLE,Sierra Leone,1966,22,,,,,,,,,,22,,,,,,1,Mitchell,,
SLE,Sierra Leone,1967,22,,,,,,,,,,22,,,,,,1,Mitchell,,
SLE,Sierra Leone,1968,27,,,,,,,,,,27,,,,,,1,Mitchell,,
SLE,Sierra Leone,1969,32,,,,,,,,,,32,,,,,,1,Mitchell,,
SLE,Sierra Leone,1970,29,,,,,,,,,,29,,,,,,1,Mitchell,,
SLE,Sierra Leone,1971,32,,,,,,,,,,32,,,,,,1,Mitchell,,
SLE,Sierra Leone,1972,39,,,,,,,,,,39,,,,,,1,Mitchell,,
SLE,Sierra Leone,1973,48,,,,,,,,,,48,,,,,,1,Mitchell,,
SLE,Sierra Leone,1974,55,,,,,,,,,,55,,,,,,1,Mitchell,,
SLE,Sierra Leone,1975,60,,,,,,,,,,60,,,,,,1,Mitchell,,
SLE,Sierra Leone,1976,72,,,,,,,,,,72,,,,,,1,Mitchell,,
SLE,Sierra Leone,1977,84,,,,,,,,,,84,,,,,,1,Mitchell,,
SLE,Sierra Leone,1978,107,,,,,,,,,,107,,,,,,1,Mitchell,,
SLE,Sierra Leone,1979,128,,,,,,,,,,128,,,,,,1,Mitchell,,
SLE,Sierra Leone,1980,153,,,,,,,,,,153,,,,,,1,Mitchell,,
SLE,Sierra Leone,1981,152,,,,,,,,,,152,,,,,,1,Mitchell,,
SLE,Sierra Leone,1982,253,,,,,,,,,,253,,,,,,1,Mitchell,,
SLE,Sierra Leone,1983,359,,,,,,,,,,359,,,,,,1,Mitchell,,
SLE,Sierra Leone,1984,486,,,,,,,,,,486,,,,,,1,Mitchell,,
SLE,Sierra Leone,1985,900,,,,,,,,,,900,,,,,,1,Mitchell,,
SLE,Sierra Leone,1986,1852,,,,,,,,,,1852,,,,,,1,Mitchell,,
SLE,Sierra Leone,1987,2889,,,,,,,,,,2889,,,,,,1,Mitchell,,
SLE,Sierra Leone,1988,4637,,,,,,,,,,4637,,,,,,1,Mitchell,,
SLE,Sierra Leone,1989,8675,,,,,,,,,,8675,,,,,,1,Mitchell,,
SLE,Sierra Leone,1990,14253,,,,,,,,,,14253,,,,,,1,Mitchell,,
SLE,Sierra Leone,1991,25092,,,,,,,,,,25092,,,,,,1,Mitchell,,
SLE,Sierra Leone,1992,31387,,,,,,,,,,31387,,,,,,1,Mitchell,,
SLE,Sierra Leone,1993,35053,,,,,,,,,,35053,,,,,,1,Mitchell,,
SLE,Sierra Leone,1994,38542,,,,,,,,,,38542,,,,,,1,Mitchell,,
SLE,Sierra Leone,1995,49902,,,,,,,,,,49902,,,,,,1,Mitchell,,
SLE,Sierra Leone,1996,53208,,,,,,,,,,53208,,,,,,1,Mitchell,,
SLE,Sierra Leone,1997,83611,,,,,,,,,,83611,,,,,,1,Mitchell,,
SLE,Sierra Leone,1998,89744,,,,,,,,,,89744,,,,,,1,Mitchell,1,1
SLE,Sierra Leone,1999,134078,,134078,,,,,,,,134078,,,,,,1,AFDB,,
SLE,Sierra Leone,2000,180604.9,,180604.91,,,,,,,,139957,,,,,,1,AFDB,,
SLE,Sierra Leone,2001,265863.8,,265863.78,,,,,,,,189437,,,,,,1,AFDB,,
SLE,Sierra Leone,2002,370040.3,,370040.31,,,,,,,,247478,,,,,,1,AFDB,,
SLE,Sierra Leone,2003,481439.1,,481439.1,,,,,,,,292950,,,,,,1,AFDB,,
SLE,Sierra Leone,2004,571029.8,,571029.8,,,,,,,,344524,,,,,,1,AFDB,,
SLE,Sierra Leone,2005,758544.9,,758544.96,,,,,,,,424173,,,,,,1,AFDB,,
SLE,Sierra Leone,2006,900475.3,,900475.25,,,,,,,,489297.59,,,,,,1,AFDB,,
SLE,Sierra Leone,2007,1135324,,1135323.9,,,,,,,,549580.51,,,,,,1,AFDB,,
SLE,Sierra Leone,2008,1431201,,1431201.3,,,,,,,,666668.33,,,,,,1,AFDB,,
SLE,Sierra Leone,2009,1878987,,1878987.3,,,,,,,,807479.11,,,,,,1,AFDB,,
SLE,Sierra Leone,2010,2413927,,2413926.9,,,,,,,,1048055.4,,,,,,1,AFDB,,
SLE,Sierra Leone,2011,2958295,,2958294.4,,,,,,,,,,,,,,1,AFDB,,
SLE,Sierra Leone,2012,3623234,,3623234,,,,,,,,,,,,,,1,AFDB,,
SLE,Sierra Leone,2013,4228684,,4228684.1,,,,,,,,,,,,,,1,AFDB,,
SLE,Sierra Leone,2014,4929146,,4929146.2,,,,,,,,,,,,,,1,AFDB,,
SLE,Sierra Leone,2015,5487870,,5487870.2,,,,,,,,,,,,,,1,AFDB,,
SLE,Sierra Leone,2016,6197844,,6197843.8,,,,,,,,,,,,,,1,AFDB,,
SLE,Sierra Leone,2017,7144898,,7144897.7,,,,,,,,,,,,,,1,AFDB,,
SLE,Sierra Leone,2018,8250950,,8250949.5,,,,,,,,,,,,,,1,AFDB,,
SLV,El Salvador,1948,11.23304,,,,,,,,,,10.171429,,,,,,1.104372,Mitchell,,
SLV,El Salvador,1949,13.12625,,,,,,,,,,11.885714,,,,,,1.104372,Mitchell,,
SLV,El Salvador,1950,16.2816,,,,,,,,,,14.742857,,,,,,1.104372,Mitchell,,
SLV,El Salvador,1951,17.1651,,,,,,,,,,15.542857,,,,,,1.104372,Mitchell,,
SLV,El Salvador,1952,20.69909,,,,,,,,,,18.742857,,,,,,1.104372,Mitchell,,
SLV,El Salvador,1953,21.7088,,,,,,,,,,19.657143,,,,,,1.104372,Mitchell,,
SLV,El Salvador,1954,23.98065,,,,,,,,,,21.714286,,,,,,1.104372,Mitchell,,
SLV,El Salvador,1955,23.60201,,,,,,,,,,21.371429,,,,,,1.104372,Mitchell,,
SLV,El Salvador,1956,27.136,,,,,,,,,,24.571429,,,,,,1.104372,Mitchell,,
SLV,El Salvador,1957,27.136,,,,,,,,,,24.571429,,,,,,1.104372,Mitchell,,
SLV,El Salvador,1958,25.49522,,,,,,,,,,23.085714,,,,,,1.104372,Mitchell,,
SLV,El Salvador,1959,26.00007,,,,,,,,,,23.542857,,,,,,1.104372,Mitchell,,
SLV,El Salvador,1960,24.35929,,,,,,,,,,22.057143,,,,,,1.104372,Mitchell,,
SLV,El Salvador,1961,23.22337,,,,,,,,,,21.028571,,,,,,1.104372,Mitchell,,
SLV,El Salvador,1962,23.09715,,,,,,,,,,20.914286,,,,,,1.104372,Mitchell,,
SLV,El Salvador,1963,27.89328,,,,,,,,,,25.257143,,,,,,1.104372,Mitchell,,
SLV,El Salvador,1964,29.53406,,,,,,,,,,26.742857,,,,,,1.104372,Mitchell,,
SLV,El Salvador,1965,29.53406,,,,,,,,,,26.742857,,,,,,1.104372,Mitchell,,
SLV,El Salvador,1966,31.17484,,,,,,,,,,28.228571,,,,,,1.104372,Mitchell,,
SLV,El Salvador,1967,31.93213,,,,,,,,,,28.914286,,,,,,1.104372,Mitchell,,
SLV,El Salvador,1968,33.4467,,,,,,,,,,30.285714,,,,,,1.104372,Mitchell,,
SLV,El Salvador,1969,36.34962,,,,,,,,,,32.914286,,,,,,1.104372,Mitchell,,
SLV,El Salvador,1970,37.23312,,,,,,,,,,33.714286,,,,,,1.104372,Mitchell,,
SLV,El Salvador,1971,39.75739,,,,,,,,,,36,,,,,,1.104372,Mitchell,,
SLV,El Salvador,1972,49.22344,,,,,,,,,,44.571429,,,,,,1.104372,Mitchell,,
SLV,El Salvador,1973,58.8157,,,,,,,,,,53.257143,,,,,,1.104372,Mitchell,,
SLV,El Salvador,1974,70.30117,,,,,,,,,,63.657143,,,,,,1.104372,Mitchell,,
SLV,El Salvador,1975,81.78664,,,,,,,,,,74.057143,,,,,,1.104372,Mitchell,,
SLV,El Salvador,1976,115.7382,,,,,,,,,,104.8,,,,,,1.104372,Mitchell,,
SLV,El Salvador,1977,124.6994,,,,,,,,,,112.91429,,,,,,1.104372,Mitchell,,
SLV,El Salvador,1978,137.1945,,,,,,,,,,124.22857,,,,,,1.104372,Mitchell,,
SLV,El Salvador,1979,166.7286,,,,,,,,,,150.97143,,,,,,1.104372,Mitchell,,
SLV,El Salvador,1980,180.3597,,,,,,,,,,163.31429,,,,,,1.104372,Mitchell,,
SLV,El Salvador,1981,181.3694,,,,,,,,,,164.22857,,,,,,1.104372,Mitchell,,
SLV,El Salvador,1982,206.1074,,,,,,,,,,186.62857,,,,,,1.104372,Mitchell,,
SLV,El Salvador,1983,201.4375,,,,,,,,,,182.4,,,,,,1.104372,Mitchell,,
SLV,El Salvador,1984,230.9715,,,,,,,,,,209.14286,,,,,,1.104372,Mitchell,,
SLV,El Salvador,1985,291.0493,,,,,,,,,,263.54286,,,,,,1.104372,Mitchell,,
SLV,El Salvador,1986,348.0981,,,,,,,,,,315.2,,,,,,1.104372,Mitchell,,
SLV,El Salvador,1987,348.6029,,,,,,,,,,315.65714,,,,,,1.104372,Mitchell,,
SLV,El Salvador,1988,378.137,,,,,,,,,,342.4,,,,,,1.104372,Mitchell,,
SLV,El Salvador,1989,425.341,,,,,,,,,,385.14286,,,,,,1.104372,Mitchell,,
SLV,El Salvador,1990,524.1665,,,,,,,,,,474.62857,,,,,,1.104372,Mitchell,,
SLV,El Salvador,1991,614.9143,,,,,,,,,,556.8,,,,,,1.104372,Mitchell,,
SLV,El Salvador,1992,793.1285,,,,,,,,,,718.17143,,,,,,1.104372,Mitchell,,
SLV,El Salvador,1993,928.0511,,,,,,,,,,840.34286,,,,,,1.104372,Mitchell,,
SLV,El Salvador,1994,955.3134,,,,,,,,,,865.02857,,,,,,1.104372,Mitchell,,
SLV,El Salvador,1995,1106.391,,,,,,,,,,1001.8286,,,,,,1.104372,Mitchell,,
SLV,El Salvador,1996,1249.266,,,,,,,,,,1131.2,,,,,,1.104372,Mitchell,,
SLV,El Salvador,1997,1223.392,,,,,,,,,,1107.7714,,,,,,1.104372,Mitchell,,
SLV,El Salvador,1998,1270.217,,,,,,,,,,1150.1714,,,,,,1.104372,Mitchell,,
SLV,El Salvador,1999,1373.208,,,,,,,,,,1243.4286,,,,,,1.104372,Mitchell,,
SLV,El Salvador,2000,1207.299,,,,,,,,,,1093.2,,,,,,1.104372,Mitchell,,
SLV,El Salvador,2001,1323.148,,,,,,,1266.6,,,1198.1,,,,,,1.104372,Mitchell,,
SLV,El Salvador,2002,1204.207,,,,,,,1161.7,,,1090.4,,,,,,1.104372,Mitchell,,
SLV,El Salvador,2003,1323.7,,,,,,,1206.1,,,1198.6,,,,,,1.104372,Mitchell,,
SLV,El Salvador,2004,1353.739,,,,,,,1361.3,,,1225.8,,,,,,1.104372,Mitchell,,
SLV,El Salvador,2005,1497.639,,,,,,,1455.2,,,1356.1,,,,,,1.104372,Mitchell,,
SLV,El Salvador,2006,1642.659,,,,,,,1656.5,,,1487.4141,,,,,,1.104372,Mitchell,,
SLV,El Salvador,2007,1913.545,,,,,,,1937.6,,,1732.7,,,,,,1.104372,Mitchell,,
SLV,El Salvador,2008,1943.584,,,,,,,1956.1,,,1759.9,,,,,,1.104372,Mitchell,,
SLV,El Salvador,2009,2185.552,,,,,,,2312.5,,,1979,,,,,,1.104372,Mitchell,,
SLV,El Salvador,2010,2641.7,,,,,,,2641.7,,,2392.0382,,,,,,1.104372,Mitchell,1,1
SLV,El Salvador,2011,2780.9,,,,,,,2780.9,,,,,,,,,1,ECLAC,,
SLV,El Salvador,2012,2796.4,,,,,,,2796.4,,,,,,,,,1,ECLAC,,
SLV,El Salvador,2013,2893.3,,,,,,,2893.3,,,,,,,,,1,ECLAC,,
SLV,El Salvador,2014,2925,,,,,,,2925,,,,,,,,,1,ECLAC,,
SLV,El Salvador,2015,3259.7,,,,,,,3259.7,,,,,,,,,1,ECLAC,,
SLV,El Salvador,2016,3135.5,,,,,,,3135.5,,,,,,,,,1,ECLAC,,
SLV,El Salvador,2017,3663,,,,,,,3663,,,,,,,,,1,ECLAC,,
SLV,El Salvador,2018,3812.5,,,,,,,3812.5,,,,,,,,,1,ECLAC,,
SLV,El Salvador,2019,4251.3,,,,,,,4251.3,,,,,,,,,1,ECLAC,,
SLV,El Salvador,2020,4997,,,,,,,4997,,,,,,,,,1,ECLAC,,
SLV,El Salvador,2021,5138.6,,,,,,,5138.6,,,,,,,,,1,ECLAC,,
SLV,El Salvador,2022,4997.3,,,,,,,4997.3,,,,,,,,,1,ECLAC,,
SOM,Somalia,1960,5.19075,,,,,,,,,,94.6,,,,,,.0548705,Mitchell,,
SOM,Somalia,1961,8.285446,,,,,,,,,,151,,,,,,.0548705,Mitchell,,
SOM,Somalia,1962,9.108503,,,,,,,,,,166,,,,,,.0548705,Mitchell,,
SOM,Somalia,1963,10.86436,,,,,,,,,,198,,,,,,.0548705,Mitchell,,
SOM,Somalia,1964,10.75462,,,,,,,,,,196,,,,,,.0548705,Mitchell,,
SOM,Somalia,1965,10.48027,,,,,,,,,,191,,,,,,.0548705,Mitchell,,
SOM,Somalia,1966,11.08384,,,,,,,,,,202,,,,,,.0548705,Mitchell,,
SOM,Somalia,1967,12.34586,,,,,,,,,,225,,,,,,.0548705,Mitchell,,
SOM,Somalia,1968,13.7725,,,,,,,,,,251,,,,,,.0548705,Mitchell,,
SOM,Somalia,1969,15.36374,,,,,,,,,,280,,,,,,.0548705,Mitchell,,
SOM,Somalia,1970,20.63131,,,,,,,,,,376,,,,,,.0548705,Mitchell,,
SOM,Somalia,1971,18.0524,,,,,,,,,,329,,,,,,.0548705,Mitchell,,
SOM,Somalia,1972,24.19789,,,,,,,,,,441,,,,,,.0548705,Mitchell,,
SOM,Somalia,1973,27.81935,,,,,,,,,,507,,,,,,.0548705,Mitchell,,
SOM,Somalia,1974,34.51355,,,,,,,,,,629,,,,,,.0548705,Mitchell,,
SOM,Somalia,1975,45.32304,,,,,,,,,,826,,,,,,.0548705,Mitchell,,
SOM,Somalia,1976,54.59615,,,,,,,,,,995,,,,,,.0548705,Mitchell,,
SOM,Somalia,1977,72.70342,,,,,,,,,,1325,,,,,,.0548705,Mitchell,,
SOM,Somalia,1978,94.81623,,,,,,,,,,1728,,,,,,.0548705,Mitchell,,
SOM,Somalia,1979,128.1226,,,,,,,,,,2335,,,,,,.0548705,Mitchell,1,1
SOM,Somalia,1980,152.54,,152.54,,,,,,,,2780,,,,,,1,AFDB,,
SOM,Somalia,1981,151.88,,151.88,,,,,,,,3670,,,,,,1,AFDB,,
SOM,Somalia,1982,253.22,,253.22,,,,,,,,4030,,,,,,1,AFDB,,
SOM,Somalia,1983,359.38,,359.38,,,,,,,,4310,,,,,,1,AFDB,,
SOM,Somalia,1984,486.17,,486.17,,,,,,,,5330,,,,,,1,AFDB,,
SOM,Somalia,1985,899.73,,899.73,,,,,,,,9770,,,,,,1,AFDB,,
SOM,Somalia,1986,1851.5,,1851.5,,,,,,,,12100,,,,,,1,AFDB,,
SOM,Somalia,1987,2888.5,,2888.5,,,,,,,,30000,,,,,,1,AFDB,,
SOM,Somalia,1988,4637.07,,4637.07,,,,,,,,45400,,,,,,1,AFDB,,
SOM,Somalia,1989,8674.9,,8674.9,,,,,,,,139800,,,,,,1,AFDB,,
SOM,Somalia,1990,14252.5,,14252.5,,,,,,,,,,,,,,1,AFDB,,
SOM,Somalia,1991,25091.8,,25091.8,,,,,,,,,,,,,,1,AFDB,,
SOM,Somalia,1992,31387.2,,31387.2,,,,,,,,,,,,,,1,AFDB,,
SOM,Somalia,1993,35053.4,,35053.4,,,,,,,,,,,,,,1,AFDB,,
SOM,Somalia,1994,38541.8,,38541.8,,,,,,,,,,,,,,1,AFDB,,
SOM,Somalia,1995,49901.7,,49901.7,,,,,,,,,,,,,,1,AFDB,,
SOM,Somalia,1996,53207.6,,53207.6,,,,,,,,,,,,,,1,AFDB,,
SOM,Somalia,1997,83611,,83611,,,,,,,,,,,,,,1,AFDB,,
SOM,Somalia,1998,89744.4,,89744.4,,,,,,,,,,,,,,1,AFDB,,
SOM,Somalia,1999,134078,,134078,,,,,,,,,,,,,,1,AFDB,,
SSD,South Sudan,2011,4912.987,,4912.9875,,,,,,,,,,,,,,1,AFDB,,
SSD,South Sudan,2012,6576.252,,6576.2524,,,,,,,,,,,,,,1,AFDB,,
SSD,South Sudan,2013,6473.046,,6473.0462,,,,,,,,,,,,,,1,AFDB,,
SSD,South Sudan,2014,7843.849,,7843.8494,,,,,,,,,,,,,,1,AFDB,,
SSD,South Sudan,2015,12737.94,,12737.941,,,,,,,,,,,,,,1,AFDB,,
SSD,South Sudan,2016,36681.7,,36681.703,,,,,,,,,,,,,,1,AFDB,,
SSD,South Sudan,2017,48263.26,,48263.26,,,,,,,,,,,,,,1,AFDB,,
SSD,South Sudan,2018,60929.89,,60929.885,,,,,,,,,,,,,,1,AFDB,,
STP,Sao Tome and Principe,1995,8.389805,,14.2253,,,,,,,,,,,,,,.5897805,AFDB,,
STP,Sao Tome and Principe,1996,13.96759,,23.6827,,,,,,,,,,,,,,.5897805,AFDB,,
STP,Sao Tome and Principe,1997,29.01867,,49.2025,,,,,,,,,,,,,,.5897805,AFDB,,
STP,Sao Tome and Principe,1998,28.06382,,47.5835,,,,,,,,,,,,,,.5897805,AFDB,,
STP,Sao Tome and Principe,1999,29.56151,,50.1229,,,,,,,,,,,,,,.5897805,AFDB,,
STP,Sao Tome and Principe,2000,255.1241,,432.57472,,,,,,,,,,,,,,.5897805,AFDB,1,1
STP,Sao Tome and Principe,2001,88.9,,150.73404,88.9,,,,,,,,,,,,,1,AFRISTAT,,
STP,Sao Tome and Principe,2002,103.8,,191.8598,103.8,,,,,,,,,,,,,1,AFRISTAT,,
STP,Sao Tome and Principe,2003,157,,295.1232,157,,,,,,,,,,,,,1,AFRISTAT,,
STP,Sao Tome and Principe,2004,161.2,,298.1017,161.2,,,,,,,,,,,,,1,AFRISTAT,,
STP,Sao Tome and Principe,2005,180.4,,432.57472,180.4,,,,,,,,,,,,,1,AFRISTAT,,
STP,Sao Tome and Principe,2006,224.1,,553.11041,224.1,,,,,,,,,,,,,1,AFRISTAT,,
STP,Sao Tome and Principe,2007,285.4,,763.83344,285.4,,,,,,,,,,,,,1,AFRISTAT,,
STP,Sao Tome and Principe,2008,429,,1044.817,429,,,,,,,,,,,,,1,AFRISTAT,,
STP,Sao Tome and Principe,2009,436.6,,1130.3546,436.6,,,,,,,,,,,,,1,AFRISTAT,,
STP,Sao Tome and Principe,2010,551.8,,1414.6038,551.8,,,,,,,,,,,,,1,AFRISTAT,,
STP,Sao Tome and Principe,2011,656.7,,1561.8922,656.7,,,,,,,,,,,,,1,AFRISTAT,,
STP,Sao Tome and Principe,2012,716.5,,1879.4794,716.5,,,,,,,,,,,,,1,AFRISTAT,,
STP,Sao Tome and Principe,2013,1050.2,,2140.3801,1050.2,,,,,,,,,,,,,1,AFRISTAT,,
STP,Sao Tome and Principe,2014,1099.1,,2499.6807,1099.1,,,,,,,,,,,,,1,AFRISTAT,,
STP,Sao Tome and Principe,2015,1431,,2828.2293,1431,,,,,,,,,,,,,1,AFRISTAT,,
STP,Sao Tome and Principe,2016,1522.2,,3148.2614,1522.2,,,,,,,,,,,,,1,AFRISTAT,,
STP,Sao Tome and Principe,2017,1578,,3362.3853,1578,,,,,,,,,,,,,1,AFRISTAT,,
STP,Sao Tome and Principe,2018,1849.3,,3605.2547,1849.3,,,,,,,,,,,,,1,AFRISTAT,,
STP,Sao Tome and Principe,2019,1907.4,,,1907.4,,,,,,,,,,,,,1,AFRISTAT,,
STP,Sao Tome and Principe,2020,2243.8,,,2243.8,,,,,,,,,,,,,1,AFRISTAT,,
STP,Sao Tome and Principe,2021,2202.9,,,2202.9,,,,,,,,,,,,,1,AFRISTAT,,
STP,Sao Tome and Principe,2022,2586.4,,,2586.4,,,,,,,,,,,,,1,AFRISTAT,,
SUR,Suriname,2006,935.6,,,,,,,935.6,,,,,,,,,1,ECLAC,,
SUR,Suriname,2007,1170.1,,,,,,,1170.1,,,,,,,,,1,ECLAC,,
SUR,Suriname,2008,1343.4,,,,,,,1343.4,,,,,,,,,1,ECLAC,,
SUR,Suriname,2009,1676.5,,,,,,,1676.5,,,,,,,,,1,ECLAC,,
SUR,Suriname,2010,1969.2,,,,,,,1969.2,,,,,,,,,1,ECLAC,,
SUR,Suriname,2011,2078.8,,,,,,,2078.8,,,,,,,,,1,ECLAC,,
SUR,Suriname,2012,2619,,,,,,,2619,,,,,,,,,1,ECLAC,,
SUR,Suriname,2013,2744.4,,,,,,,2744.4,,,,,,,,,1,ECLAC,,
SUR,Suriname,2014,2803.2,,,,,,,2803.2,,,,,,,,,1,ECLAC,,
SUR,Suriname,2015,2949.3,,,,,,,2949.3,,,,,,,,,1,ECLAC,,
SUR,Suriname,2016,3296.9,,,,,,,3296.9,,,,,,,,,1,ECLAC,,
SUR,Suriname,2017,3785.8,,,,,,,3785.8,,,,,,,,,1,ECLAC,,
SUR,Suriname,2018,4583.1,,,,,,,4583.1,,,,,,,,,1,ECLAC,,
SUR,Suriname,2019,5749.2,,,,,,,5749.2,,,,,,,,,1,ECLAC,,
SUR,Suriname,2020,8013.3,,,,,,,8013.3,,,,,,,,,1,ECLAC,,
SUR,Suriname,2021,9914.9,,,,,,,9914.9,,,,,,,,,1,ECLAC,,
SUR,Suriname,2022,14119.9,,,,,,,14119.9,,,,,,,,,1,ECLAC,,
SWE,Sweden,1871,801.744,,,,,,,,,92.76192,,,,,,,8.64303,JST,,
SWE,Sweden,1872,948.4524,,,,,,,,,109.7361,,,,,,,8.64303,JST,,
SWE,Sweden,1873,1028.493,,,,,,,,,118.9968,,,,,,,8.64303,JST,,
SWE,Sweden,1874,956.3686,,,,,,,,,110.652,,,,,,,8.64303,JST,,
SWE,Sweden,1875,838.8042,,,,,,,,,97.04978,,,,,,,8.64303,JST,,
SWE,Sweden,1876,804.2667,,,,,,,,,93.05379,,,,,,,8.64303,JST,,
SWE,Sweden,1877,643.859,,,,,,,,,74.49459,,,,,,,8.64303,JST,,
SWE,Sweden,1878,593.6439,,,,,,,,,68.68469,,,,,,,8.64303,JST,,
SWE,Sweden,1879,620.4319,,,,,,,,,71.78407,,,,,,,8.64303,JST,,
SWE,Sweden,1880,705.1572,,,,,,,,,81.5868,,,,,,,8.64303,JST,,
SWE,Sweden,1881,688.8716,,,,,,,,,79.70256,,,,,,,8.64303,JST,,
SWE,Sweden,1882,739.4723,,,,,,,,,85.55707,,,,,,,8.64303,JST,,
SWE,Sweden,1883,706.0543,,,,,,,,,81.69059,,,,,,,8.64303,JST,,
SWE,Sweden,1884,738.262,,,,,,,,,85.41704,,,,,,,8.64303,JST,,
SWE,Sweden,1885,718.2283,,,,,,,,,83.09914,,,,,,,8.64303,JST,,
SWE,Sweden,1886,727.3497,,,,,,,,,84.15448,,,,,,,8.64303,JST,,
SWE,Sweden,1887,734.0126,,,,,,,,,84.92538,,,,,,,8.64303,JST,,
SWE,Sweden,1888,810.5461,,,,,,,,,93.78032,,,,,,,8.64303,JST,,
SWE,Sweden,1889,859.8903,,,,,,,,,99.48944,,,,,,,8.64303,JST,,
SWE,Sweden,1890,865.8527,,,,,,,,,100.1793,,,,,,,8.64303,JST,,
SWE,Sweden,1891,857.7568,,,,,,,,,99.2426,,,,,,,8.64303,JST,,
SWE,Sweden,1892,847.5596,,,,,,,,,98.06279,,,,,,,8.64303,JST,,
SWE,Sweden,1893,881.6815,,,,,,,,,102.0107,,,,,,,8.64303,JST,,
SWE,Sweden,1894,902.5329,,,,,,,,,104.4232,,,,,,,8.64303,JST,,
SWE,Sweden,1895,933.6694,,,,,,,,,108.0257,,,,,,,8.64303,JST,,
SWE,Sweden,1896,1043.551,,,,,,,,,120.739,,,,,,,8.64303,JST,,
SWE,Sweden,1897,1145.637,,,,,,,,,132.5504,,,,,,,8.64303,JST,,
SWE,Sweden,1898,1229.927,,,,,,,,,142.3028,,,,,,,8.64303,JST,,
SWE,Sweden,1899,1210.861,,,,,,,,,140.0968,,,,,,,8.64303,JST,,
SWE,Sweden,1900,1211.398,,,,,,,,,140.1589,,,,,,,8.64303,JST,,
SWE,Sweden,1901,1219.246,,,,,,,,,141.067,,,,,,,8.64303,JST,,
SWE,Sweden,1902,1222.288,,,,,,,,,141.4189,,,,,,,8.64303,JST,,
SWE,Sweden,1903,1314.004,,,,,,,,,152.0305,,,,,,,8.64303,JST,,
SWE,Sweden,1904,1299.863,,,,,,,,,150.3943,,,,,,,8.64303,JST,,
SWE,Sweden,1905,1384.509,,,,,,,,,160.1879,,,,,,,8.64303,JST,,
SWE,Sweden,1906,1532.917,,,,,,,,,177.3588,,,,,,,8.64303,JST,,
SWE,Sweden,1907,1425.489,,,,,,,,,164.9293,,,,,,,8.64303,JST,,
SWE,Sweden,1908,1552.641,,,,,,,,,179.6408,,,,,,,8.64303,JST,,
SWE,Sweden,1909,1569.471,,,,,,,,,181.5881,,,,,,,8.64303,JST,,
SWE,Sweden,1910,1634.05,,,,,,,,,189.0598,,,,,,,8.64303,JST,,
SWE,Sweden,1911,1721.865,,,,,,,,,199.2201,,,,,,,8.64303,JST,,
SWE,Sweden,1912,1807.278,,,,,,,,,209.1024,,,,,,,8.64303,JST,,
SWE,Sweden,1913,1904.926,,,,,,,,,220.4003,,,,,,,8.64303,JST,,
SWE,Sweden,1914,2496.501,,,,,,,,,288.8456,,,,,,,8.64303,JST,,
SWE,Sweden,1915,2704.916,,,,,,,,,312.9592,,,,,,,8.64303,JST,,
SWE,Sweden,1916,3284.573,,,,,,,,,380.0257,,,,,,,8.64303,JST,,
SWE,Sweden,1917,4519.548,,,,,,,,,522.9125,,,,,,,8.64303,JST,,
SWE,Sweden,1918,6564.576,,,,,,,,,759.5225,,,,,,,8.64303,JST,,
SWE,Sweden,1919,5794.572,,,,,,,,,670.4329,,,,,,,8.64303,JST,,
SWE,Sweden,1920,5953.975,,,,,,,,,688.8759,,,,,,,8.64303,JST,,
SWE,Sweden,1921,4925.895,,,,,,,,,569.9269,,,,,,,8.64303,JST,,
SWE,Sweden,1922,4533.763,,,,,,,,,524.5571,,,,,,,8.64303,JST,,
SWE,Sweden,1923,4453.447,,,,,,,,,515.2646,,,,,,,8.64303,JST,,
SWE,Sweden,1924,4334.896,,,,,,,,,501.5482,,,,,,,8.64303,JST,,
SWE,Sweden,1925,4331.898,,,,,,,,,501.2013,,,,,,,8.64303,JST,,
SWE,Sweden,1926,4264.993,,,,,,,,,493.4604,,,,,,,8.64303,JST,,
SWE,Sweden,1927,4334.463,,,,,,,,,501.4981,,,,,,,8.64303,JST,,
SWE,Sweden,1928,4479.708,,,,,,,,,518.3029,,,,,,,8.64303,JST,,
SWE,Sweden,1929,4773.961,,,,,,,,,552.3481,,,,,,,8.64303,JST,,
SWE,Sweden,1930,4958.728,,,,,,,,,573.7256,,,,,,,8.64303,JST,,
SWE,Sweden,1931,4883.204,,,,,,,,,564.9874,,,,,,,8.64303,JST,,
SWE,Sweden,1932,4912.256,,,,,,,,,568.3488,,,,,,,8.64303,JST,,
SWE,Sweden,1933,5289.882,,,,,,,,,612.0402,,,,,,,8.64303,JST,,
SWE,Sweden,1934,5739.313,,,,,,,,,664.0395,,,,,,,8.64303,JST,,
SWE,Sweden,1935,6531.063,,,,,,,,,755.6451,,,,,,,8.64303,JST,,
SWE,Sweden,1936,7499.341,,,,,,,,,867.675,,,,,,,8.64303,JST,,
SWE,Sweden,1937,8195.502,,,,,,,,,948.2209,,,,,,,8.64303,JST,,
SWE,Sweden,1938,8920.187,,,,,,,,,1032.067,,,,,,,8.64303,JST,,
SWE,Sweden,1939,12237.93,,,,,,,,,1415.93,,,,,,,8.64303,JST,,
SWE,Sweden,1940,12633.32,,,,,,,,,1461.677,,,,,,,8.64303,JST,,
SWE,Sweden,1941,14436.13,,,,,,,,,1670.263,,,,,,,8.64303,JST,,
SWE,Sweden,1942,17281.36,,,,,,,,,1999.456,,,,,,,8.64303,JST,,
SWE,Sweden,1943,19520.98,,,,,,,,,2258.58,,,,,,,8.64303,JST,,
SWE,Sweden,1944,21557.63,,,,,,,,,2494.221,,,,,,,8.64303,JST,,
SWE,Sweden,1945,23928.49,,,,,,,,,2768.53,,,,,,,8.64303,JST,,
SWE,Sweden,1946,24960.15,,,,,,,,,2887.893,,,,,,,8.64303,JST,,
SWE,Sweden,1947,25109.21,,,,,,,,,2905.14,,,,,,,8.64303,JST,,
SWE,Sweden,1948,27157.6,,,,,,,,,3142.139,,,,,,,8.64303,JST,,
SWE,Sweden,1949,28670.68,,,,,,,,,3317.203,,,,,,,8.64303,JST,,
SWE,Sweden,1950,30701.57,,,,,,,,,3552.177,6890,,,,,,8.64303,JST,,
SWE,Sweden,1951,35373.54,,,,,,,,,4092.724,8580,,,,,,8.64303,JST,,
SWE,Sweden,1952,39548.22,,,,,,,,,4575.736,8870,,,,,,8.64303,JST,,
SWE,Sweden,1953,41929.88,,,,,,,,,4851.294,9250,,,,,,8.64303,JST,,
SWE,Sweden,1954,44013.07,,,,,,,,,5092.32,9400,,,,,,8.64303,JST,,
SWE,Sweden,1955,45922.59,,,,,,,,,5313.251,9590,,,,,,8.64303,JST,,
SWE,Sweden,1956,48283.13,,,,,,,,,5586.366,10370,,,,,,8.64303,JST,,
SWE,Sweden,1957,50242.7,,,,,,,,,5813.088,10720,,,,,,8.64303,JST,,
SWE,Sweden,1958,52041.61,,,,,,,,,6021.222,10910,,,,,,8.64303,JST,,
SWE,Sweden,1959,53528.08,,,,,,,,,6193.208,12660,,,,,,8.64303,JST,,
SWE,Sweden,1960,56525.23,,,,,,,,,6539.979,12660,,,,,,8.64303,JST,,
SWE,Sweden,1961,59144.95,,,,,,,,,6843.08,6820,,,,,,8.64303,JST,,
SWE,Sweden,1962,62847.46,,,,,,,,,7271.461,7260,,,,,,8.64303,JST,,
SWE,Sweden,1963,67334.78,,,,,,,,,7790.645,7770,,,,,,8.64303,JST,,
SWE,Sweden,1964,72102.24,,,,,,,,,8342.241,8300,,,,,,8.64303,JST,,
SWE,Sweden,1965,75210.09,,,,,,,,,8701.82,8700,,,,,,8.64303,JST,,
SWE,Sweden,1966,80351.9,,,,,,,,,9296.728,9250,,,,,,8.64303,JST,,
SWE,Sweden,1967,86586.39,,,,,,,,,10018.06,10000,,,,,,8.64303,JST,,
SWE,Sweden,1968,90485.96,,,,,,,,,10469.24,10460,,,,,,8.64303,JST,,
SWE,Sweden,1969,94750.42,,,,,,,,,10962.64,10940,,,,,,8.64303,JST,,
SWE,Sweden,1970,98149.39,,,,,,,,,11355.9,11400,,,,,,8.64303,JST,,
SWE,Sweden,1971,110447.6,,,,,,,,,12778.8,12820,,,,,,8.64303,JST,,
SWE,Sweden,1972,121961.8,,,,,,,,,14111,14150,,,,,,8.64303,JST,,
SWE,Sweden,1973,132566.8,,,,,,,,,15338,15380,,,,,,8.64303,JST,,
SWE,Sweden,1974,149325.6,,,,,,,,,17277,17320,,,,,,8.64303,JST,,
SWE,Sweden,1975,173586.6,,,,,,,,,20084,20150,,,,,,8.64303,JST,,
SWE,Sweden,1976,191175.2,,,,,,,,,22119,22190,,,,,,8.64303,JST,,
SWE,Sweden,1977,210647.9,,,,,,,,,24372,24430,,,,,,8.64303,JST,,
SWE,Sweden,1978,237864.8,,,,,,,,,27521,27580,,,,,,8.64303,JST,,
SWE,Sweden,1979,266896.8,,,,,,,,,30880,30970,,,,,,8.64303,JST,,
SWE,Sweden,1980,289697.1,,,,,,,,,33518,33610,,,,,,8.64303,JST,,
SWE,Sweden,1981,311088.6,,,,,,,,,35993,36110,,,,,,8.64303,JST,,
SWE,Sweden,1982,328305.5,,,,,,,,,37985,38460,,,,,,8.64303,JST,,
SWE,Sweden,1983,361901,,,,,,,,,41872,87000,,,,,,8.64303,JST,,
SWE,Sweden,1984,389143.8,,,,,,,,,45024,96800,,,,,,8.64303,JST,,
SWE,Sweden,1985,397631.3,,,,,,,,,46006,100400,,,,,,8.64303,JST,,
SWE,Sweden,1986,434243.1,,,,,,,,,50242,112200,,,,,,8.64303,JST,,
SWE,Sweden,1987,449809.2,,,,,,,,,52043,115400,,,,,,8.64303,JST,,
SWE,Sweden,1988,474761.7,,,,,,,,,54930,116900,,,,,,8.64303,JST,,
SWE,Sweden,1989,522203.3,,,,,,,,,60419,,,,,,,8.64303,JST,,
SWE,Sweden,1990,533387.3,,,,,,,,,61713,,,,,,,8.64303,JST,,
SWE,Sweden,1991,557959.4,,,,,,,,,64556,,,,,,,8.64303,JST,,
SWE,Sweden,1992,553594.8,,,,,,,,,64051,,,,,,,8.64303,JST,,
SWE,Sweden,1993,577380.4,,,,,,,,,66803,,,,,,,8.64303,JST,,
SWE,Sweden,1994,592860,,,,,,,,,68594,,,,,,,8.64303,JST,,
SWE,Sweden,1995,590344.9,,,,,,,,,68303,,,,,,,8.64303,JST,,
SWE,Sweden,1996,621779.6,,,,,,,,,71940,,,,,,,8.64303,JST,,
SWE,Sweden,1997,640569.6,,,,,,,,,74114,,,,,,,8.64303,JST,1,1
SWE,Sweden,1998,674891,,,,,,,,,78085,,,674891,,,,1,OECD_MEI,,
SWE,Sweden,1999,751952,,,,,,,,,87325,,,751952,,,,1,OECD_MEI,,
SWE,Sweden,2000,770478,,,,,,,,,88918,,,770478,,,,1,OECD_MEI,,
SWE,Sweden,2001,838725,,,,,,,,,96727,717200,,838725,,,,1,OECD_MEI,,
SWE,Sweden,2002,867006,,,,,,,,,95827,731900,,867006,,,,1,OECD_MEI,,
SWE,Sweden,2003,913027.9,,,,,,,,,98425.66,774600,,913027.9,,,,1,OECD_MEI,,
SWE,Sweden,2004,941136,,,,,,,,,98198,937500,,941136,,,,1,OECD_MEI,,
SWE,Sweden,2005,1069390,,,,,,,,,100374.4,1086672.7,,1069390,,,,1,OECD_MEI,,
SWE,Sweden,2006,1191929,,,,,,,,,100763,1219125.4,,1191929,,,,1,OECD_MEI,,
SWE,Sweden,2007,1289489,,,,,,,,,100459,1320037,,1289489,,,,1,OECD_MEI,,
SWE,Sweden,2008,1373394,,,,,,,,,99409,1485303,,1373394,,,,1,OECD_MEI,,
SWE,Sweden,2009,1485962,,,,,,,,,100072,1628197,,1485962,,,,1,OECD_MEI,,
SWE,Sweden,2010,1584653,,,,,,,,,96394,1580736,,1584653,,,,1,OECD_MEI,,
SWE,Sweden,2011,1598424,,,,,,,,,92246,,,1598424,,,,1,OECD_MEI,,
SWE,Sweden,2012,1692502,,,,,,,,,88002,,,1692502,,,,1,OECD_MEI,,
SWE,Sweden,2013,1844896,,,,,,,,,82359,,,1844896,,,,1,OECD_MEI,,
SWE,Sweden,2014,2025780,,,,,,,,,81090.93,,,2025780,,,,1,OECD_MEI,,
SWE,Sweden,2015,2282597,,,,,,,,,71700.22,,,2282597,,,,1,OECD_MEI,,
SWE,Sweden,2016,2488274,,,,,,,,,60718.14,,,2488274,,,,1,OECD_MEI,,
SWE,Sweden,2017,2694856,,,,,,,,,56247.67,,,2694856,,,,1,OECD_MEI,,
SWE,Sweden,2018,2901568,,,,,,,,,60695.07,,,2901568,,,,1,OECD_MEI,,
SWE,Sweden,2019,3295658,,,,,,,,,62359.38,,,3295658,,,,1,OECD_MEI,,
SWE,Sweden,2020,3945735,,,,,,,,,62094.7,,,3945735,,,,1,OECD_MEI,,
SWE,Sweden,2021,4422075,,,,,,,,,,,,4422075,,,,1,OECD_MEI,,
SWE,Sweden,2022,4325022,,,,,,,,,,,,4325022,,,,1,OECD_MEI,,
SWE,Sweden,2023,3963122,,,,,,,,,,,,3963122,,,,1,OECD_MEI,,
SWE,Sweden,2024,3990594,,,,,,,,,,,,3990594,,,,1,OECD_MEI,,
SWZ,Eswatini,1980,49.857,,49.857,,,,,,,,,,,,,,1,AFDB,,
SWZ,Eswatini,1981,51.083,,51.083,,,,,,,,,,,,,,1,AFDB,,
SWZ,Eswatini,1982,58.087,,58.087,,,,,,,,,,,,,,1,AFDB,,
SWZ,Eswatini,1983,60.841,,60.841,,,,,,,,,,,,,,1,AFDB,,
SWZ,Eswatini,1984,67.808,,67.808,,,,,,,,,,,,,,1,AFDB,,
SWZ,Eswatini,1985,76.924,,76.924,,,,,,,,,,,,,,1,AFDB,,
SWZ,Eswatini,1986,115.137,,115.137,,,,,,,,,,,,,,1,AFDB,,
SWZ,Eswatini,1987,125.415,,125.415,,,,,,,,,,,,,,1,AFDB,,
SWZ,Eswatini,1988,142.767,,142.767,,,,,,,,,,,,,,1,AFDB,,
SWZ,Eswatini,1989,168.984,,168.984,,,,,,,,,,,,,,1,AFDB,,
SWZ,Eswatini,1990,192.577,,192.577,,,,,,,,,,,,,,1,AFDB,,
SWZ,Eswatini,1991,211.543,,211.543,,,,,,,,,,,,,,1,AFDB,,
SWZ,Eswatini,1992,254.291,,254.291,,,,,,,,,,,,,,1,AFDB,,
SWZ,Eswatini,1993,290.496,,290.496,,,,,,,,,,,,,,1,AFDB,,
SWZ,Eswatini,1994,311.585,,311.585,,,,,,,,,,,,,,1,AFDB,,
SWZ,Eswatini,1995,363.158,,363.158,,,,,,,,,,,,,,1,AFDB,,
SWZ,Eswatini,1996,423.031,,423.031,,,,,,,,,,,,,,1,AFDB,,
SWZ,Eswatini,1997,491.754,,491.754,,,,,,,,,,,,,,1,AFDB,,
SWZ,Eswatini,1998,500.868,,500.868,,,,,,,,,,,,,,1,AFDB,,
SWZ,Eswatini,1999,662.691,,662.691,,,,,,,,,,,,,,1,AFDB,,
SWZ,Eswatini,2000,1930.219,,1930.219,,,,,,,,,,,,,,1,AFDB,,
SWZ,Eswatini,2001,2280.494,,2280.494,,,,,,,,,,,,,,1,AFDB,,
SWZ,Eswatini,2002,2582.457,,2582.457,,,,,,,,,,,,,,1,AFDB,,
SWZ,Eswatini,2003,2955.424,,2955.424,,,,,,,,,,,,,,1,AFDB,,
SWZ,Eswatini,2004,3162.591,,3162.5907,,,,,,,,,,,,,,1,AFDB,,
SWZ,Eswatini,2005,3469.913,,3469.9127,,,,,,,,,,,,,,1,AFDB,,
SWZ,Eswatini,2006,4340.298,,4340.2986,,,,,,,,,,,,,,1,AFDB,,
SWZ,Eswatini,2007,5271.962,,5271.9624,,,,,,,,,,,,,,1,AFDB,,
SWZ,Eswatini,2008,6082.962,,6082.9625,,,,,,,,,,,,,,1,AFDB,,
SWZ,Eswatini,2009,7713.23,,7713.2301,,,,,,,,,,,,,,1,AFDB,,
SWZ,Eswatini,2010,8322.733,,8322.7333,,,,,,,,,,,,,,1,AFDB,,
SWZ,Eswatini,2011,8778.408,,8778.4086,,,,,,,,,,,,,,1,AFDB,,
SWZ,Eswatini,2012,9657.839,,9657.8384,,,,,,,,,,,,,,1,AFDB,,
SWZ,Eswatini,2013,11196.93,,11196.933,,,,,,,,,,,,,,1,AFDB,,
SWZ,Eswatini,2014,11638.65,,11638.649,,,,,,,,,,,,,,1,AFDB,,
SWZ,Eswatini,2015,13219.08,,13219.08,,,,,,,,,,,,,,1,AFDB,,
SWZ,Eswatini,2016,14134.03,,14134.032,,,,,,,,,,,,,,1,AFDB,,
SWZ,Eswatini,2017,14441.13,,14441.131,,,,,,,,,,,,,,1,AFDB,,
SWZ,Eswatini,2018,15052.7,,15052.702,,,,,,,,,,,,,,1,AFDB,,
SYC,Seychelles,1980,158.7,,158.7,,,,,,,,,,,,,,1,AFDB,,
SYC,Seychelles,1981,157.7,,157.7,,,,,,,,,,,,,,1,AFDB,,
SYC,Seychelles,1982,143,,143,,,,,,,,,,,,,,1,AFDB,,
SYC,Seychelles,1983,130.9,,130.9,,,,,,,,,,,,,,1,AFDB,,
SYC,Seychelles,1984,134.1,,134.1,,,,,,,,,,,,,,1,AFDB,,
SYC,Seychelles,1985,154.2,,154.2,,,,,,,,,,,,,,1,AFDB,,
SYC,Seychelles,1986,153.1,,153.1,,,,,,,,,,,,,,1,AFDB,,
SYC,Seychelles,1987,153.9,,153.9,,,,,,,,,,,,,,1,AFDB,,
SYC,Seychelles,1988,186.1,,186.1,,,,,,,,,,,,,,1,AFDB,,
SYC,Seychelles,1989,217,,217,,,,,,,,,,,,,,1,AFDB,,
SYC,Seychelles,1990,215.4,,215.4,,,,,,,,,,,,,,1,AFDB,,
SYC,Seychelles,1991,264.2,,264.2,,,,,,,,,,,,,,1,AFDB,,
SYC,Seychelles,1992,290,,290,,,,,,,,,,,,,,1,AFDB,,
SYC,Seychelles,1993,334.3,,334.3,,,,,,,,,,,,,,1,AFDB,,
SYC,Seychelles,1994,324.4,,324.4,,,,,,,,,,,,,,1,AFDB,,
SYC,Seychelles,1995,333.74,,333.74,,,,,,,,,,,,,,1,AFDB,,
SYC,Seychelles,1996,448.557,,448.557,,,,,,,,,,,,,,1,AFDB,,
SYC,Seychelles,1997,649.365,,649.365,,,,,,,,,,,,,,1,AFDB,,
SYC,Seychelles,1998,774.499,,774.499,,,,,,,,,,,,,,1,AFDB,,
SYC,Seychelles,1999,1071.97,,1071.97,,,,,,,,,,,,,,1,AFDB,,
SYC,Seychelles,2000,3197.274,,3197.2736,,,,,,,,,,,,,,1,AFDB,,
SYC,Seychelles,2001,3631.386,,3631.3859,,,,,,,,,,,,,,1,AFDB,,
SYC,Seychelles,2002,4007.034,,4007.0344,,,,,,,,,,,,,,1,AFDB,,
SYC,Seychelles,2003,4221.726,,4221.7261,,,,,,,,,,,,,,1,AFDB,,
SYC,Seychelles,2004,4812.213,,4812.2133,,,,,,,,,,,,,,1,AFDB,,
SYC,Seychelles,2005,4891.682,,4891.6816,,,,,,,,,,,,,,1,AFDB,,
SYC,Seychelles,2006,5039.918,,5039.9181,,,,,,,,,,,,,,1,AFDB,,
SYC,Seychelles,2007,4638.095,,4638.0946,,,,,,,,,,,,,,1,AFDB,,
SYC,Seychelles,2008,5983.381,,5983.3808,,,,,,,,,,,,,,1,AFDB,,
SYC,Seychelles,2009,6400.93,,6400.9298,,,,,,,,,,,,,,1,AFDB,,
SYC,Seychelles,2010,7266.431,,7266.4306,,,,,,,,,,,,,,1,AFDB,,
SYC,Seychelles,2011,7595.686,,7595.6861,,,,,,,,,,,,,,1,AFDB,,
SYC,Seychelles,2012,7553.679,,7553.6786,,,,,,,,,,,,,,1,AFDB,,
SYC,Seychelles,2013,9340.244,,9340.2441,,,,,,,,,,,,,,1,AFDB,,
SYC,Seychelles,2014,11754.59,,11754.593,,,,,,,,,,,,,,1,AFDB,,
SYC,Seychelles,2015,12261.34,,12261.341,,,,,,,,,,,,,,1,AFDB,,
SYC,Seychelles,2016,12795.84,,12795.845,,,,,,,,,,,,,,1,AFDB,,
SYC,Seychelles,2017,13593.24,,13593.24,,,,,,,,,,,,,,1,AFDB,,
SYC,Seychelles,2018,14574.09,,14574.093,,,,,,,,,,,,,,1,AFDB,,
SYR,Syria,1951,337,,,,,,,,,,337,,,,,,1,Mitchell,,
SYR,Syria,1952,300,,,,,,,,,,300,,,,,,1,Mitchell,,
SYR,Syria,1953,353,,,,,,,,,,353,,,,,,1,Mitchell,,
SYR,Syria,1954,439,,,,,,,,,,439,,,,,,1,Mitchell,,
SYR,Syria,1955,424,,,,,,,,,,424,,,,,,1,Mitchell,,
SYR,Syria,1956,565,,,,,,,,,,565,,,,,,1,Mitchell,,
SYR,Syria,1957,631,,,,,,,,,,631,,,,,,1,Mitchell,,
SYR,Syria,1958,607,,,,,,,,,,607,,,,,,1,Mitchell,,
SYR,Syria,1959,735,,,,,,,,,,735,,,,,,1,Mitchell,,
SYR,Syria,1960,825,,,,,,,,,,825,,,,,,1,Mitchell,,
SYR,Syria,1961,872,,,,,,,,,,872,,,,,,1,Mitchell,,
SYR,Syria,1962,992,,,,,,,,,,992,,,,,,1,Mitchell,,
SYR,Syria,1963,1029,,,,,,,,,,1029,,,,,,1,Mitchell,,
SYR,Syria,1964,1095,,,,,,,,,,1095,,,,,,1,Mitchell,,
SYR,Syria,1965,1240,,,,,,,,,,1240,,,,,,1,Mitchell,,
SYR,Syria,1966,1350,,,,,,,,,,1350,,,,,,1,Mitchell,,
SYR,Syria,1967,1619,,,,,,,,,,1619,,,,,,1,Mitchell,,
SYR,Syria,1968,1867,,,,,,,,,,1867,,,,,,1,Mitchell,,
SYR,Syria,1969,2088,,,,,,,,,,2088,,,,,,1,Mitchell,,
SYR,Syria,1970,2341,,,,,,,,,,2341,,,,,,1,Mitchell,,
SYR,Syria,1971,2502,,,,,,,,,,2502,,,,,,1,Mitchell,,
SYR,Syria,1972,3151,,,,,,,,,,3151,,,,,,1,Mitchell,,
SYR,Syria,1973,3797,,,,,,,,,,3797,,,,,,1,Mitchell,,
SYR,Syria,1974,5540,,,,,,,,,,5540,,,,,,1,Mitchell,,
SYR,Syria,1975,6970,,,,,,,,,,6970,,,,,,1,Mitchell,,
SYR,Syria,1976,8560,,,,,,,,,,8560,,,,,,1,Mitchell,,
SYR,Syria,1977,10900,,,,,,,,,,10900,,,,,,1,Mitchell,,
SYR,Syria,1978,13900,,,,,,,,,,13900,,,,,,1,Mitchell,,
SYR,Syria,1979,16100,,,,,,,,,,16100,,,,,,1,Mitchell,,
SYR,Syria,1980,21900,,,,,,,,,,21900,,,,,,1,Mitchell,,
SYR,Syria,1981,24800,,,,,,,,,,24800,,,,,,1,Mitchell,,
SYR,Syria,1982,29500,,,,,,,,,,29500,,,,,,1,Mitchell,,
SYR,Syria,1983,37000,,,,,,,,,,37000,,,,,,1,Mitchell,,
SYR,Syria,1984,45600,,,,,,,,,,45600,,,,,,1,Mitchell,,
SYR,Syria,1985,55000,,,,,,,,,,55000,,,,,,1,Mitchell,,
SYR,Syria,1986,61200,,,,,,,,,,61200,,,,,,1,Mitchell,,
SYR,Syria,1987,67200,,,,,,,,,,67200,,,,,,1,Mitchell,,
SYR,Syria,1988,79800,,,,,,,,,,79800,,,,,,1,Mitchell,,
SYR,Syria,1989,95000,,,,,,,,,,95000,,,,,,1,Mitchell,,
SYR,Syria,1990,119000,,,,,,,,,,119000,,,,,,1,Mitchell,,
SYR,Syria,1991,146000,,,,,,,,,,146000,,,,,,1,Mitchell,,
SYR,Syria,1992,182000,,,,,,,,,,182000,,,,,,1,Mitchell,,
SYR,Syria,1993,208000,,,,,,,,,,208000,,,,,,1,Mitchell,,
SYR,Syria,1994,207000,,,,,,,,,,207000,,,,,,1,Mitchell,,
SYR,Syria,1995,225000,,,,,,,,,,225000,,,,,,1,Mitchell,,
SYR,Syria,1996,244000,,,,,,,,,,244000,,,,,,1,Mitchell,,
SYR,Syria,1997,261000,,,,,,,,,,261000,,,,,,1,Mitchell,,
SYR,Syria,1998,282000,,,,,,,,,,282000,,,,,,1,Mitchell,,
SYR,Syria,1999,313000,,,,,,,,,,313000,,,,,,1,Mitchell,,
SYR,Syria,2000,369000,,,,,,,,,,369000,,,,,,1,Mitchell,,
SYR,Syria,2001,420000,,,,,,,,,,420000,,,,,,1,Mitchell,,
SYR,Syria,2002,495000,,,,,,,,,,495000,,,,,,1,Mitchell,,
SYR,Syria,2003,628000,,,,,,,,,,628000,,,,,,1,Mitchell,,
SYR,Syria,2004,637000,,,,,,,,,,637000,,,,,,1,Mitchell,,
TCD,Chad,1960,4563.374,,,,,,,,,,5310,,,,,,.8593924,Mitchell,,
TCD,Chad,1961,4821.191,,,,,,,,,,5610,,,,,,.8593924,Mitchell,,
TCD,Chad,1962,5010.258,,,,,,,,,,5830,,,,,,.8593924,Mitchell,,
TCD,Chad,1963,5611.833,,,,,,,,,,6530,,,,,,.8593924,Mitchell,,
TCD,Chad,1964,5611.833,,,,,,,,,,6530,,,,,,.8593924,Mitchell,,
TCD,Chad,1965,5663.396,,,,,,,,,,6590,,,,,,.8593924,Mitchell,,
TCD,Chad,1966,5474.33,,,,,,,,,,6370,,,,,,.8593924,Mitchell,,
TCD,Chad,1967,5594.645,,,,,,,,,,6510,,,,,,.8593924,Mitchell,,
TCD,Chad,1968,6273.564,,,,,,,,,,7300,,,,,,.8593924,Mitchell,,
TCD,Chad,1969,6600.134,,,,,,,,,,7680,,,,,,.8593924,Mitchell,,
TCD,Chad,1970,7390.775,,,,,,,,,,8600,,,,,,.8593924,Mitchell,,
TCD,Chad,1971,7966.567,,,,,,,,,,9270,,,,,,.8593924,Mitchell,,
TCD,Chad,1972,8284.543,,,,,,,,,,9640,,,,,,.8593924,Mitchell,,
TCD,Chad,1973,8422.046,,,,,,,,,,9800,,,,,,.8593924,Mitchell,,
TCD,Chad,1974,12117.43,,,,,,,,,,14100,,,,,,.8593924,Mitchell,,
TCD,Chad,1975,13320.58,,,,,,,,,,15500,,,,,,.8593924,Mitchell,,
TCD,Chad,1976,16758.15,,,,,,,,,,19500,,,,,,.8593924,Mitchell,,
TCD,Chad,1977,19336.33,,,,,,,,,,22500,,,,,,.8593924,Mitchell,,
TCD,Chad,1978,23719.23,,,,,,,,,,27600,,,,,,.8593924,Mitchell,,
TCD,Chad,1979,27156.8,,,,,,,,,,31600,,,,,,.8593924,Mitchell,1,4
TCD,Chad,1980,22773.9,,26477,,,,,,,,26500,,,,,,.860139,AFDB,,
TCD,Chad,1981,27248.34,,31679,,,,,,,,31700,,,,,,.860139,AFDB,,
TCD,Chad,1982,28523.93,,33162,,,,,,,,33200,,,,,,.860139,AFDB,,
TCD,Chad,1983,35053.24,,40753,,,,,,,,40700,,,,,,.860139,AFDB,,
TCD,Chad,1984,56016.55,,65125,,,,,,,,65100,,,,,,.860139,AFDB,,
TCD,Chad,1985,58785.34,,68344,,,,,,,,68300,,,,,,.860139,AFDB,,
TCD,Chad,1986,59468.29,,69138,,,,,,,,69100,,,,,,.860139,AFDB,,
TCD,Chad,1987,60722.37,,70596,,,,,,,,70600,,,,,,.860139,AFDB,,
TCD,Chad,1988,52961.34,,61573,,,,,,,,61600,,,,,,.860139,AFDB,,
TCD,Chad,1989,57163.98,,66459,,,,,,,,66500,,,,,,.860139,AFDB,1,4
TCD,Chad,1990,57058.18,,66336,60700,,,,,,,66300,,,,,,.9400029,AFRISTAT,,
TCD,Chad,1991,60630.19,,68810,64500,,,,,,,68900,,,,,,.9400029,AFRISTAT,,
TCD,Chad,1992,53674.17,,62864,57100,,,,,,,62800,,,,,,.9400029,AFRISTAT,,
TCD,Chad,1993,42770.13,,45470,45500,,,,,,,45500,,,,,,.9400029,AFRISTAT,,
TCD,Chad,1994,55554.17,,59794,59100,,,,,,,59800,,,,,,.9400029,AFRISTAT,,
TCD,Chad,1995,80182.25,,85330,85300,,,,,,,85300,,,,,,.9400029,AFRISTAT,,
TCD,Chad,1996,106596.3,,113876,113400,,,,,,,114000,,,,,,.9400029,AFRISTAT,,
TCD,Chad,1997,102272.3,,108471,108800,,,,,,,109000,,,,,,.9400029,AFRISTAT,1,4
TCD,Chad,1998,94053.45,,99754,,,,,,,,99800,,,,,,.942854,AFDB,,
TCD,Chad,1999,90373.5,,95851,,,,,,,,96700,,,,,,.942854,AFDB,,
TCD,Chad,2000,83715.06,,88789,,,,,,,,114000,,,,,,.942854,AFDB,,
TCD,Chad,2001,142576.5,,151218,,,,,,,,139000,,,,,,.942854,AFDB,,
TCD,Chad,2002,173133.5,,183627,,,,,,,,177000,,,,,,.942854,AFDB,,
TCD,Chad,2003,174139.5,,184694,,,,,,,,171000,,,,,,.942854,AFDB,,
TCD,Chad,2004,179492.1,,190371,,,,,,,,175000,,,,,,.942854,AFDB,,
TCD,Chad,2005,238597.7,,253059,,,,,,,,232000,,,,,,.942854,AFDB,1,4
TCD,Chad,2006,357600,,379274,357600,,,,,,,357601,,,,,,1,AFRISTAT,,
TCD,Chad,2007,361800,,400758,361800,,,,,,,389690,,,,,,1,AFRISTAT,,
TCD,Chad,2008,469600,,506402,469600,,,,,,,440634,,,,,,1,AFRISTAT,,
TCD,Chad,2009,443100,,482881,443100,,,,,,,442827,,,,,,1,AFRISTAT,,
TCD,Chad,2010,564700,,605276,564700,,,,,,,564706,,,,,,1,AFRISTAT,,
TCD,Chad,2011,625900,,691330,625900,,,,,,,,,,,,,1,AFRISTAT,,
TCD,Chad,2012,717200,,784283,717200,,,,,,,,,,,,,1,AFRISTAT,,
TCD,Chad,2013,763900,,852112,763900,,,,,,,,,,,,,1,AFRISTAT,,
TCD,Chad,2014,966100,,1077709,966100,,,,,,,,,,,,,1,AFRISTAT,,
TCD,Chad,2015,912200,,1027048,912200,,,,,,,,,,,,,1,AFRISTAT,,
TCD,Chad,2016,812700,,1037164.3,812700,,,,,,,,,,,,,1,AFRISTAT,,
TCD,Chad,2017,798600,,1112359.5,798600,,,,,,,,,,,,,1,AFRISTAT,,
TCD,Chad,2018,842000,,1169362.9,842000,,,,,,,,,,,,,1,AFRISTAT,,
TCD,Chad,2019,1069700,,,1069700,,,,,,,,,,,,,1,AFRISTAT,,
TCD,Chad,2020,1165100,,,1165100,,,,,,,,,,,,,1,AFRISTAT,,
TCD,Chad,2021,1374500,,,1374500,,,,,,,,,,,,,1,AFRISTAT,,
TCD,Chad,2022,1731000,,,1731000,,,,,,,,,,,,,1,AFRISTAT,,
TGO,Togo,1962,3634.743,,,,,,,,,,3630,,,,,,1.001307,Mitchell,,
TGO,Togo,1963,3804.965,,,,,,,,,,3800,,,,,,1.001307,Mitchell,,
TGO,Togo,1964,4425.775,,,,,,,,,,4420,,,,,,1.001307,Mitchell,,
TGO,Togo,1965,5226.821,,,,,,,,,,5220,,,,,,1.001307,Mitchell,,
TGO,Togo,1966,5747.5,,,,,,,,,,5740,,,,,,1.001307,Mitchell,,
TGO,Togo,1967,6678.715,,,,,,,,,,6670,,,,,,1.001307,Mitchell,,
TGO,Togo,1968,7559.865,,,,,,,,,,7550,,,,,,1.001307,Mitchell,,
TGO,Togo,1969,9702.661,,,,,,,,,,9690,,,,,,1.001307,Mitchell,,
TGO,Togo,1970,10113.2,,,,,,,,,,10100,,,,,,1.001307,Mitchell,,
TGO,Togo,1971,11915.55,,,,,,,,,,11900,,,,,,1.001307,Mitchell,,
TGO,Togo,1972,11815.42,,,,,,,,,,11800,,,,,,1.001307,Mitchell,,
TGO,Togo,1973,11615.16,,,,,,,,,,11600,,,,,,1.001307,Mitchell,,
TGO,Togo,1974,25132.8,,,,,,,,,,25100,,,,,,1.001307,Mitchell,,
TGO,Togo,1975,21628.22,,,,,,,,,,21600,,,,,,1.001307,Mitchell,,
TGO,Togo,1976,32942.99,,,,,,,,,,32900,,,,,,1.001307,Mitchell,,
TGO,Togo,1977,36447.56,,,,,,,,,,36400,,,,,,1.001307,Mitchell,,
TGO,Togo,1978,48162.85,,,,,,,,,,48100,,,,,,1.001307,Mitchell,,
TGO,Togo,1979,52768.86,,,,,,,,,,52700,,,,,,1.001307,Mitchell,1,3
TGO,Togo,1980,55372.25,,55336,,,,,,,,55300,,,,,,1.000655,AFDB,,
TGO,Togo,1981,80020.39,,79968,,,,,,,,80000,,,,,,1.000655,AFDB,,
TGO,Togo,1982,90132.02,,90073,,,,,,,,90100,,,,,,1.000655,AFDB,,
TGO,Togo,1983,83123.42,,83069,,,,,,,,83100,,,,,,1.000655,AFDB,,
TGO,Togo,1984,90745.41,,90686,,,,,,,,90700,,,,,,1.000655,AFDB,,
TGO,Togo,1985,82790,,82735.8,,,,,,,,82700,,,,,,1.000655,AFDB,,
TGO,Togo,1986,89730.25,,89671.5,,,,,,,,89700,,,,,,1.000655,AFDB,,
TGO,Togo,1987,91102.95,,91043.3,,,,,,,,91000,,,,,,1.000655,AFDB,,
TGO,Togo,1988,64419.58,,64377.4,,,,,,,,64400,,,,,,1.000655,AFDB,,
TGO,Togo,1989,63195.88,,63154.5,,,,,,,,63200,,,,,,1.000655,AFDB,1,3
TGO,Togo,1990,75300,,75250.7,75300,,,,,,,75300,,,,,,1,AFRISTAT,,
TGO,Togo,1991,78500,,78480.7,78500,,,,,,,78500,,,,,,1,AFRISTAT,,
TGO,Togo,1992,57100,,57112,57100,,,,,,,57300,,,,,,1,AFRISTAT,,
TGO,Togo,1993,46500,,46570.7,46500,,,,,,,46800,,,,,,1,AFRISTAT,,
TGO,Togo,1994,95300,,95293.7,95300,,,,,,,95300,,,,,,1,AFRISTAT,,
TGO,Togo,1995,131200,,131199,131200,,,,,,,131000,,,,,,1,AFRISTAT,,
TGO,Togo,1996,120900,,120958,120900,,,,,,,121000,,,,,,1,AFRISTAT,,
TGO,Togo,1997,122800,,123250,122800,,,,,,,123000,,,,,,1,AFRISTAT,,
TGO,Togo,1998,129100,,131768,129100,,,,,,,132000,,,,,,1,AFRISTAT,,
TGO,Togo,1999,142200,,144774,142200,,,,,,,145000,,,,,,1,AFRISTAT,,
TGO,Togo,2000,172900,,245241.86,172900,,,,,,,177000,,,,,,1,AFRISTAT,,
TGO,Togo,2001,158600,,238339.04,158600,,,,,,,162000,,,,,,1,AFRISTAT,,
TGO,Togo,2002,145000,,232958.9,145000,,,,,,,148000,,,,,,1,AFRISTAT,,
TGO,Togo,2003,152600,,258689.43,152600,,,,,,,155000,,,,,,1,AFRISTAT,,
TGO,Togo,2004,192400,,305781.46,192400,,192373,,,,,193000,,,,,,1,AFRISTAT,,
TGO,Togo,2005,184200,,312808.2,184200,,184178,,,,,187000,,,,,,1,AFRISTAT,,
TGO,Togo,2006,250300,,383822.22,250300,,250319,,,,,250188,,,,,,1,AFRISTAT,,
TGO,Togo,2007,274600,,459276.5,274600,,274560,,,,,278430,,,,,,1,AFRISTAT,,
TGO,Togo,2008,333300,,530918.1,333300,,333339,,,,,335857,,,,,,1,AFRISTAT,,
TGO,Togo,2009,362200,,616689.51,362200,,362246,,,,,372912,,,,,,1,AFRISTAT,,
TGO,Togo,2010,416300,,717030.98,416300,,416310,,,,,419370,,,,,,1,AFRISTAT,,
TGO,Togo,2011,493200,,831303.75,493200,,493229,,,,,,,,,,,1,AFRISTAT,,
TGO,Togo,2012,522500,,905578.71,522500,,522460,,,,,,,,,,,1,AFRISTAT,,
TGO,Togo,2013,540200,,999014.9,540200,,540205,,,,,,,,,,,1,AFRISTAT,,
TGO,Togo,2014,557900,,1096947.6,557900,,557911,,,,,,,,,,,1,AFRISTAT,,
TGO,Togo,2015,686700,,1319048,686700,,686660,,,,,,,,,,,1,AFRISTAT,,
TGO,Togo,2016,776500,,1473056,776500,,776491,,,,,,,,,,,1,AFRISTAT,,
TGO,Togo,2017,856700,,1644383.7,856700,,856721,,,,,,,,,,,1,AFRISTAT,,
TGO,Togo,2018,914600,,1729126.9,914600,,914589,,,,,,,,,,,1,AFRISTAT,,
TGO,Togo,2019,962900,,,962900,,962713,,,,,,,,,,,1,AFRISTAT,,
TGO,Togo,2020,1085600,,,1085600,,1082540,,,,,,,,,,,1,AFRISTAT,,
TGO,Togo,2021,1241800,,,1241800,,1241846,,,,,,,,,,,1,AFRISTAT,,
TGO,Togo,2022,1549000,,,1549000,,1543906,,,,,,,,,,,1,AFRISTAT,,
TGO,Togo,2023,1569172,,,,,1564012,,,,,,,,,,,1.003299,BCEAO,1,3
TGO,Togo,2024,1612262,,,,,1606960,,,,,,,,,,,1.003299,BCEAO,,
THA,Thailand,1948,2856.873,,,,,,,,,,2950,,,,,,.9684315,Mitchell,,
THA,Thailand,1949,3069.928,,,,,,,,,,3170,,,,,,.9684315,Mitchell,,
THA,Thailand,1950,3931.832,,,,,,,,,,4060,,,,,,.9684315,Mitchell,,
THA,Thailand,1951,4822.789,,,,,,,,,,4980,,,,,,.9684315,Mitchell,,
THA,Thailand,1952,4919.632,,,,,,,,,,5080,,,,,,.9684315,Mitchell,,
THA,Thailand,1953,5684.693,,,,,,,,,,5870,,,,,,.9684315,Mitchell,,
THA,Thailand,1954,6236.699,,,,,,,,,,6440,,,,,,.9684315,Mitchell,,
THA,Thailand,1955,7001.76,,,,,,,,,,7230,,,,,,.9684315,Mitchell,,
THA,Thailand,1956,7485.976,,,,,,,,,,7730,,,,,,.9684315,Mitchell,,
THA,Thailand,1957,7931.454,,,,,,,,,,8190,,,,,,.9684315,Mitchell,,
THA,Thailand,1958,8183.247,,,,,,,,,,8450,,,,,,.9684315,Mitchell,,
THA,Thailand,1959,8783.674,,,,,,,,,,9070,,,,,,.9684315,Mitchell,,
THA,Thailand,1960,9781.158,,,,,,,,,,10100,,,,,,.9684315,Mitchell,,
THA,Thailand,1961,10749.59,,,,,,,,,,11100,,,,,,.9684315,Mitchell,,
THA,Thailand,1962,10749.59,,,,,,,,,,11100,,,,,,.9684315,Mitchell,,
THA,Thailand,1963,9878.002,,,,,,,,,,10200,,,,,,.9684315,Mitchell,,
THA,Thailand,1964,10459.06,,,,,,,,,,10800,,,,,,.9684315,Mitchell,,
THA,Thailand,1965,12492.77,,,,,,,,,,12900,,,,,,.9684315,Mitchell,,
THA,Thailand,1966,14139.1,,,,,,,,,,14600,,,,,,.9684315,Mitchell,,
THA,Thailand,1967,15107.53,,,,,,,,,,15600,,,,,,.9684315,Mitchell,,
THA,Thailand,1968,16657.02,,,,,,,,,,17200,,,,,,.9684315,Mitchell,,
THA,Thailand,1969,17334.92,,,,,,,,,,17900,,,,,,.9684315,Mitchell,,
THA,Thailand,1970,18787.57,,,,,,,,,,19400,,,,,,.9684315,Mitchell,,
THA,Thailand,1971,20627.59,,,,,,,,,,21300,,,,,,.9684315,Mitchell,,
THA,Thailand,1972,24017.1,,,,,,,,,,24800,,,,,,.9684315,Mitchell,,
THA,Thailand,1973,29052.95,,,,,,,,,,30000,,,,,,.9684315,Mitchell,,
THA,Thailand,1974,31667.71,,,,,,,,,,32700,,,,,,.9684315,Mitchell,,
THA,Thailand,1975,33604.57,,,,,,,,,,34700,,,,,,.9684315,Mitchell,,
THA,Thailand,1976,40093.07,,,,,,,,,,41400,,,,,,.9684315,Mitchell,,
THA,Thailand,1977,43966.79,,,,,,,,,,45400,,,,,,.9684315,Mitchell,,
THA,Thailand,1978,52779.52,,,,,,,,,,54500,,,,,,.9684315,Mitchell,,
THA,Thailand,1979,61495.4,,,,,,,,,,63500,,,,,,.9684315,Mitchell,,
THA,Thailand,1980,69146.01,,,,,,,,,,71400,,,,,,.9684315,Mitchell,,
THA,Thailand,1981,70986.03,,,,,,,,,,73300,,,,,,.9684315,Mitchell,,
THA,Thailand,1982,75828.19,,,,,,,,,,78300,,,,,,.9684315,Mitchell,,
THA,Thailand,1983,79217.7,,,,,,,,,,81800,,,,,,.9684315,Mitchell,,
THA,Thailand,1984,85996.72,,,,,,,,,,88800,,,,,,.9684315,Mitchell,,
THA,Thailand,1985,83091.42,,,,,,,,,,85800,,,,,,.9684315,Mitchell,,
THA,Thailand,1986,98780.02,,,,,,,,,,102000,,,,,,.9684315,Mitchell,,
THA,Thailand,1987,127833,,,,,,,,,,132000,,,,,,.9684315,Mitchell,,
THA,Thailand,1988,143327.9,,,,,,,,,,148000,,,,,,.9684315,Mitchell,,
THA,Thailand,1989,169475.5,,,,,,,,,,175000,,,,,,.9684315,Mitchell,,
THA,Thailand,1990,188844.2,,,,,,,,,,195000,,,,,,.9684315,Mitchell,,
THA,Thailand,1991,214991.8,,,,,,,,,,222000,,,,,,.9684315,Mitchell,,
THA,Thailand,1992,242107.9,,,,,,,,,,250000,,,,,,.9684315,Mitchell,,
THA,Thailand,1993,286655.7,,,,,,,,,,296000,,,,,,.9684315,Mitchell,,
THA,Thailand,1994,335077.3,,,,,,,,,,346000,,,,,,.9684315,Mitchell,,
THA,Thailand,1995,375751.4,,,,,,,,,,388000,,,,,,.9684315,Mitchell,,
THA,Thailand,1996,410615,,,,,,,,,,424000,,,,,,.9684315,Mitchell,,
THA,Thailand,1997,415457.1,,,,,,,,,,429000,,,,,,.9684315,Mitchell,,
THA,Thailand,1998,428046.8,,,,,,,,,,442000,,,,,,.9684315,Mitchell,,
THA,Thailand,1999,556848.1,,,,,,,,,,575000,,,,,,.9684315,Mitchell,1,1
THA,Thailand,2000,509395,509395,,,,,,,,,526000,,,,,,1,ADB,,
THA,Thailand,2001,567790,567790,,,,,,,,,579000,,,,,,1,ADB,,
THA,Thailand,2002,656307,656307,,,,,,,,,664000,,,,,,1,ADB,,
THA,Thailand,2003,750204,750204,,,,,,,,,767000,,,,,,1,ADB,,
THA,Thailand,2004,829876,829876,,,,,,,,,859000,,,,,,1,ADB,,
THA,Thailand,2005,890221,890221,,,,,,,,,911000,,,,,,1,ADB,,
THA,Thailand,2006,911468,911468,,,,,,,,,,,,,,,1,ADB,,
THA,Thailand,2007,999902,999902,,,,,,,,,,,,,,,1,ADB,,
THA,Thailand,2008,1041224,1041224,,,,,,,,,,,,,,,1,ADB,,
THA,Thailand,2009,1174551,1174551,,,,,,,,,,,,,,,1,ADB,,
THA,Thailand,2010,1302442,1302442,,,,,,,,,,,,,,,1,ADB,,
THA,Thailand,2011,1414297,1414297,,,,,,,,,,,,,,,1,ADB,,
THA,Thailand,2012,1598261,1598261,,,,,,,,,,,,,,,1,ADB,,
THA,Thailand,2013,1661304,1661304,,,,,,,,,,,,,,,1,ADB,,
THA,Thailand,2014,1682469,1682469,,,,,,,,,,,,,,,1,ADB,,
THA,Thailand,2015,1778078,1778078,,,,,,,,,,,,,,,1,ADB,,
THA,Thailand,2016,1864192,1864192,,,,,,,,,,,,,,,1,ADB,,
THA,Thailand,2017,2038861,2038861,,,,,,,,,,,,,,,1,ADB,,
THA,Thailand,2018,2095155,2095155,,,,,,,,,,,,,,,1,ADB,,
THA,Thailand,2019,2214391,2214391,,,,,,,,,,,,,,,1,ADB,,
TJK,Tajikistan,2000,99.3,99.3,,,,,,,,,,,,,,,1,ADB,,
TJK,Tajikistan,2001,134.4,134.4,,,,,,,,,,,,,,,1,ADB,,
TJK,Tajikistan,2002,193.8,193.8,,,,,,,,,,,,,,,1,ADB,,
TJK,Tajikistan,2003,292,292,,,,,,,,,,,,,,,1,ADB,,
TJK,Tajikistan,2004,463.7,463.7,,,,,,,,,,,,,,,1,ADB,,
TJK,Tajikistan,2005,750.8,750.8,,,,,,,,,,,,,,,1,ADB,,
TJK,Tajikistan,2006,969.4,969.4,,,,,,,,,,,,,,,1,ADB,,
TJK,Tajikistan,2007,1267.9,1267.9,,,,,,,,,,,,,,,1,ADB,,
TJK,Tajikistan,2008,1669.408,1669.4081,,,,,,,,,,,,,,,1,ADB,,
TJK,Tajikistan,2009,2191.769,2191.7688,,,,,,,,,,,,,,,1,ADB,,
TJK,Tajikistan,2010,2525.254,2525.2544,,,,,,,,,,,,,,,1,ADB,,
TJK,Tajikistan,2011,3264.131,3264.1312,,,,,,,,,,,,,,,1,ADB,,
TJK,Tajikistan,2012,4093.058,4093.0582,,,,,,,,,,,,,,,1,ADB,,
TJK,Tajikistan,2013,4788.677,4788.677,,,,,,,,,,,,,,,1,ADB,,
TJK,Tajikistan,2014,4884.918,4884.918,,,,,,,,,,,,,,,1,ADB,,
TJK,Tajikistan,2015,5403.296,5403.2957,,,,,,,,,,,,,,,1,ADB,,
TJK,Tajikistan,2016,8728.135,8728.1346,,,,,,,,,,,,,,,1,ADB,,
TJK,Tajikistan,2017,12258.09,12258.089,,,,,,,,,,,,,,,1,ADB,,
TJK,Tajikistan,2018,13489.68,13489.676,,,,,,,,,,,,,,,1,ADB,,
TJK,Tajikistan,2019,16696.7,16696.701,,,,,,,,,,,,,,,1,ADB,,
TJK,Tajikistan,2020,20010.37,20010.371,,,,,,,,,,,,,,,1,ADB,,
TKM,Turkmenistan,2011,13942.2,13942.2,,,,,,,,,,,,,,,1,ADB,,
TKM,Turkmenistan,2012,13250.5,13250.5,,,,,,,,,,,,,,,1,ADB,,
TKM,Turkmenistan,2013,14908.8,14908.8,,,,,,,,,,,,,,,1,ADB,,
TKM,Turkmenistan,2014,18006.3,18006.3,,,,,,,,,,,,,,,1,ADB,,
TKM,Turkmenistan,2015,23590.8,23590.8,,,,,,,,,,,,,,,1,ADB,,
TON,Tonga,2000,27.82,27.819998,,,,,,,,,,,,,,,1,ADB,,
TON,Tonga,2001,32.9984,32.998398,,,,,,,,,,,,,,,1,ADB,,
TON,Tonga,2002,42.36472,42.364715,,,,,,,,,,,,,,,1,ADB,,
TON,Tonga,2003,51.629,51.629002,,,,,,,,,,,,,,,1,ADB,,
TON,Tonga,2004,65.82291,65.822903,,,,,,,,,,,,,,,1,ADB,,
TON,Tonga,2005,68.7292,68.729204,,,,,,,,,,,,,,,1,ADB,,
TON,Tonga,2006,55.70216,55.702165,,,,,,,,,,,,,,,1,ADB,,
TON,Tonga,2007,73.7595,73.759498,,,,,,,,,,,,,,,1,ADB,,
TON,Tonga,2008,72.55958,72.559575,,,,,,,,,,,,,,,1,ADB,,
TON,Tonga,2009,77.9084,77.908399,,,,,,,,,,,,,,,1,ADB,,
TON,Tonga,2010,90.09031,90.090309,,,,,,,,,,,,,,,1,ADB,,
TON,Tonga,2011,96.93149,96.931489,,,,,,,,,,,,,,,1,ADB,,
TON,Tonga,2012,119.276,119.27598,,,,,,,,,,,,,,,1,ADB,,
TON,Tonga,2013,152.1044,152.10442,,,,,,,,,,,,,,,1,ADB,,
TON,Tonga,2014,174.5558,174.5558,,,,,,,,,,,,,,,1,ADB,,
TON,Tonga,2015,188.1815,188.18146,,,,,,,,,,,,,,,1,ADB,,
TON,Tonga,2016,216.5175,216.51754,,,,,,,,,,,,,,,1,ADB,,
TON,Tonga,2017,237.8966,237.89663,,,,,,,,,,,,,,,1,ADB,,
TON,Tonga,2018,238.6427,238.6427,,,,,,,,,,,,,,,1,ADB,,
TON,Tonga,2019,258.5653,258.56535,,,,,,,,,,,,,,,1,ADB,,
TON,Tonga,2020,245.9676,245.96759,,,,,,,,,,,,,,,1,ADB,,
TON,Tonga,2021,330.5393,330.53927,,,,,,,,,,,,,,,1,ADB,,
TON,Tonga,2022,394.1347,394.13472,,,,,,,,,,,,,,,1,ADB,,
TON,Tonga,2023,391.3646,391.36459,,,,,,,,,,,,,,,1,ADB,,
TTO,Trinidad and Tobago,1991,2058.2,,,,,,,2058.2,,,,,,,,,1,ECLAC,,
TTO,Trinidad and Tobago,1992,2277.4,,,,,,,2277.4,,,,,,,,,1,ECLAC,,
TTO,Trinidad and Tobago,1993,2492,,,,,,,2492,,,,,,,,,1,ECLAC,,
TTO,Trinidad and Tobago,1994,3072.3,,,,,,,3072.3,,,,,,,,,1,ECLAC,,
TTO,Trinidad and Tobago,1995,3307.3,,,,,,,3307.3,,,,,,,,,1,ECLAC,,
TTO,Trinidad and Tobago,1996,3316.2,,,,,,,3316.2,,,,,,,,,1,ECLAC,,
TTO,Trinidad and Tobago,1997,3898.2,,,,,,,3898.2,,,,,,,,,1,ECLAC,,
TTO,Trinidad and Tobago,1998,4072.4,,,,,,,4072.4,,,,,,,,,1,ECLAC,,
TTO,Trinidad and Tobago,1999,4281.9,,,,,,,4281.9,,,,,,,,,1,ECLAC,,
TTO,Trinidad and Tobago,2000,4887.2,,,,,,,4887.2,,,,,,,,,1,ECLAC,,
TTO,Trinidad and Tobago,2001,6695.6,,,,,,,6695.6,,,,,,,,,1,ECLAC,,
TTO,Trinidad and Tobago,2002,7331.6,,,,,,,7331.6,,,,,,,,,1,ECLAC,,
TTO,Trinidad and Tobago,2003,7309.4,,,,,,,7309.4,,,,,,,,,1,ECLAC,,
TTO,Trinidad and Tobago,2004,8377.6,,,,,,,8377.6,,,,,,,,,1,ECLAC,,
TTO,Trinidad and Tobago,2005,12316.1,,,,,,,12316.1,,,,,,,,,1,ECLAC,,
TTO,Trinidad and Tobago,2006,13507.9,,,,,,,13507.9,,,,,,,,,1,ECLAC,,
TTO,Trinidad and Tobago,2007,15122.1,,,,,,,15122.1,,,,,,,,,1,ECLAC,,
TTO,Trinidad and Tobago,2008,16659.7,,,,,,,16659.7,,,,,,,,,1,ECLAC,,
TTO,Trinidad and Tobago,2009,23160.3,,,,,,,23160.3,,,,,,,,,1,ECLAC,,
TTO,Trinidad and Tobago,2010,25283,,,,,,,25283,,,,,,,,,1,ECLAC,,
TTO,Trinidad and Tobago,2011,31184.8,,,,,,,31184.8,,,,,,,,,1,ECLAC,,
TTO,Trinidad and Tobago,2012,35680.9,,,,,,,35680.9,,,,,,,,,1,ECLAC,,
TTO,Trinidad and Tobago,2013,40123.6,,,,,,,40123.6,,,,,,,,,1,ECLAC,,
TTO,Trinidad and Tobago,2014,47719.2,,,,,,,47719.2,,,,,,,,,1,ECLAC,,
TTO,Trinidad and Tobago,2015,44254,,,,,,,44254,,,,,,,,,1,ECLAC,,
TTO,Trinidad and Tobago,2016,45383.8,,,,,,,45383.8,,,,,,,,,1,ECLAC,,
TTO,Trinidad and Tobago,2017,44012.7,,,,,,,44012.7,,,,,,,,,1,ECLAC,,
TTO,Trinidad and Tobago,2018,44976.8,,,,,,,44976.8,,,,,,,,,1,ECLAC,,
TTO,Trinidad and Tobago,2019,43036.7,,,,,,,43036.7,,,,,,,,,1,ECLAC,,
TTO,Trinidad and Tobago,2020,52104.7,,,,,,,52104.7,,,,,,,,,1,ECLAC,,
TTO,Trinidad and Tobago,2021,51828.4,,,,,,,51828.4,,,,,,,,,1,ECLAC,,
TTO,Trinidad and Tobago,2022,54166.8,,,,,,,54166.8,,,,,,,,,1,ECLAC,,
TUN,Tunisia,1958,58.98108,,,,,,,,,,59,,,,,,.9996793,Mitchell,,
TUN,Tunisia,1959,75.97562,,,,,,,,,,76,,,,,,.9996793,Mitchell,,
TUN,Tunisia,1960,87.97178,,,,,,,,,,88,,,,,,.9996793,Mitchell,,
TUN,Tunisia,1961,94.96953,,,,,,,,,,95,,,,,,.9996793,Mitchell,,
TUN,Tunisia,1962,103.9666,,,,,,,,,,104,,,,,,.9996793,Mitchell,,
TUN,Tunisia,1963,129.9583,,,,,,,,,,130,,,,,,.9996793,Mitchell,,
TUN,Tunisia,1964,127.9589,,,,,,,,,,128,,,,,,.9996793,Mitchell,,
TUN,Tunisia,1965,129.9583,,,,,,,,,,130,,,,,,.9996793,Mitchell,,
TUN,Tunisia,1966,141.9545,,,,,,,,,,142,,,,,,.9996793,Mitchell,,
TUN,Tunisia,1967,151.9512,,,,,,,,,,152,,,,,,.9996793,Mitchell,,
TUN,Tunisia,1968,170.9452,,,,,,,,,,171,,,,,,.9996793,Mitchell,,
TUN,Tunisia,1969,180.9419,,,,,,,,,,181,,,,,,.9996793,Mitchell,,
TUN,Tunisia,1970,192.9381,,,,,,,,,,193,,,,,,.9996793,Mitchell,,
TUN,Tunisia,1971,240.9227,,,,,,,,,,241,,,,,,.9996793,Mitchell,,
TUN,Tunisia,1972,277.9108,,,,,,,,,,278,,,,,,.9996793,Mitchell,,
TUN,Tunisia,1973,322.8964,,,,,,,,,,323,,,,,,.9996793,Mitchell,,
TUN,Tunisia,1974,403.8704,,,,,,,,,,404,,,,,,.9996793,Mitchell,,
TUN,Tunisia,1975,474.8477,,,,,,,,,,475,,,,,,.9996793,Mitchell,,
TUN,Tunisia,1976,513.8351,,,,,,,,,,514,,,,,,.9996793,Mitchell,,
TUN,Tunisia,1977,575.8152,,,,,,,,,,576,,,,,,.9996793,Mitchell,,
TUN,Tunisia,1978,687.7794,,,,,,,,,,688,,,,,,.9996793,Mitchell,,
TUN,Tunisia,1979,785.7479,,,,,,,,,,786,,,,,,.9996793,Mitchell,1,1
TUN,Tunisia,1980,950.695,,950.695,,,,,,,,951,,,,,,1,AFDB,,
TUN,Tunisia,1981,1164.6,,1164.6,,,,,,,,1165,,,,,,1,AFDB,,
TUN,Tunisia,1982,1455.07,,1455.07,,,,,,,,1455,,,,,,1,AFDB,,
TUN,Tunisia,1983,1699.24,,1699.24,,,,,,,,1699,,,,,,1,AFDB,,
TUN,Tunisia,1984,1814.28,,1814.28,,,,,,,,1814,,,,,,1,AFDB,,
TUN,Tunisia,1985,2059.12,,2059.12,,,,,,,,2059,,,,,,1,AFDB,,
TUN,Tunisia,1986,2111.59,,2111.59,,,,,,,,2112,,,,,,1,AFDB,,
TUN,Tunisia,1987,2125.67,,2125.67,,,,,,,,2126,,,,,,1,AFDB,,
TUN,Tunisia,1988,2494.42,,2494.42,,,,,,,,2494,,,,,,1,AFDB,,
TUN,Tunisia,1989,2524.06,,2524.06,,,,,,,,2524,,,,,,1,AFDB,,
TUN,Tunisia,1990,2678.11,,2678.11,,,,,,,,2638,,,,,,1,AFDB,,
TUN,Tunisia,1991,2697.29,,2697.29,,,,,,,,2697,,,,,,1,AFDB,,
TUN,Tunisia,1992,2893.95,,2893.95,,,,,,,,2894,,,,,,1,AFDB,,
TUN,Tunisia,1993,2997.95,,2997.95,,,,,,,,2998,,,,,,1,AFDB,,
TUN,Tunisia,1994,3318.61,,3318.61,,,,,,,,3319,,,,,,1,AFDB,,
TUN,Tunisia,1995,3637.47,,3637.47,,,,,,,,3637,,,,,,1,AFDB,,
TUN,Tunisia,1996,4108.82,,4108.82,,,,,,,,4109,,,,,,1,AFDB,,
TUN,Tunisia,1997,4644.52,,4644.52,,,,,,,,4645,,,,,,1,AFDB,,
TUN,Tunisia,1998,4994.24,,4994.24,,,,,,,,4994,,,,,,1,AFDB,,
TUN,Tunisia,1999,5794.08,,5794.08,,,,,,,,5794,,,,,,1,AFDB,,
TUN,Tunisia,2000,15633.91,,15633.907,,,,,,,,6369,,,,,,1,AFDB,,
TUN,Tunisia,2001,17401.87,,17401.874,,,,,,,,7014,,,,,,1,AFDB,,
TUN,Tunisia,2002,18300.59,,18300.589,,,,,,,,6892,,,,,,1,AFDB,,
TUN,Tunisia,2003,19457.06,,19457.06,,,,,,,,7265,,,,,,1,AFDB,,
TUN,Tunisia,2004,21466.53,,21466.525,,,,,,,,8036,,,,,,1,AFDB,,
TUN,Tunisia,2005,23820.5,,23820.503,,,,,,,,9140,,,,,,1,AFDB,,
TUN,Tunisia,2006,26545.76,,26545.762,,,,,,,,10339.3,,,,,,1,AFDB,,
TUN,Tunisia,2007,29853.12,,29853.118,,,,,,,,11579.2,,,,,,1,AFDB,,
TUN,Tunisia,2008,34147.55,,34147.556,,,,,,,,12990.8,,,,,,1,AFDB,,
TUN,Tunisia,2009,38591.1,,38591.096,,,,,,,,14873.9,,,,,,1,AFDB,,
TUN,Tunisia,2010,43267.45,,43267.452,,,,,,,,16454.2,,,,,,1,AFDB,,
TUN,Tunisia,2011,47203.33,,47203.327,,,,,,,,,,,,,,1,AFDB,,
TUN,Tunisia,2012,51167.89,,51167.885,,,,,,,,,,,,,,1,AFDB,,
TUN,Tunisia,2013,54548.96,,54548.963,,,,,,,,,,,,,,1,AFDB,,
TUN,Tunisia,2014,58801.55,,58801.549,,,,,,,,,,,,,,1,AFDB,,
TUN,Tunisia,2015,61899.2,,61899.195,,,,,,,,,,,,,,1,AFDB,,
TUN,Tunisia,2016,64948.55,,64948.55,,,,,,,,,,,,,,1,AFDB,,
TUN,Tunisia,2017,69514.73,,69514.723,,,,,,,,,,,,,,1,AFDB,,
TUN,Tunisia,2018,74780.78,,74780.782,,,,,,,,,,,,,,1,AFDB,,
TUR,Turkey,1933,.000159,,,,,,,,,,,.00029261,,,,,.5433413,NBS,,
TUR,Turkey,1934,.000167,,,,,,,,,,,.00030731,,,,,.5433413,NBS,,
TUR,Turkey,1935,.0001652,,,,,,,,,,,.00030406,,,,,.5433413,NBS,,
TUR,Turkey,1936,.0001935,,,,,,,,,,,.00035617,,,,,.5433413,NBS,,
TUR,Turkey,1937,.0002061,,,,,,,,,,,.00037923,,,,,.5433413,NBS,,
TUR,Turkey,1938,.0002306,,,,,,,,,,,.00042448,,,,,.5433413,NBS,,
TUR,Turkey,1939,.0002765,,,,,,,,,,,.00050883,,,,,.5433413,NBS,,
TUR,Turkey,1940,.0003455,,,,,,,,,,,.00063592,,,,,.5433413,NBS,,
TUR,Turkey,1941,.0004501,,,,,,,,,,,.00082836,,,,,.5433413,NBS,,
TUR,Turkey,1942,.0006325,,,,,,,,,,,.00116413,,,,,.5433413,NBS,,
TUR,Turkey,1943,.0006703,,,,,,,,,,,.00123367,,,,,.5433413,NBS,,
TUR,Turkey,1944,.0008119,,,,,,,,,,,.0014943,,,,,.5433413,NBS,,
TUR,Turkey,1945,.0007649,,,,,,,,,,,.00140785,,,,,.5433413,NBS,,
TUR,Turkey,1946,.0008614,,,,,,,,,,,.00158545,,,,,.5433413,NBS,,
TUR,Turkey,1947,.0008699,,,,,,,,,,,.0016011,,,,,.5433413,NBS,1,2
TUR,Turkey,1948,,,,,,,,,,,,,,,,,.7371169,Mitchell,,
TUR,Turkey,1949,.0020742,,,,,,,,,,.002814,,,,,,.7371169,Mitchell,,
TUR,Turkey,1950,.0023409,,,,,,,,,,.0031758,,,,,,.7371169,Mitchell,,
TUR,Turkey,1951,.0029632,,,,,,,,,,.00402,,,,,,.7371169,Mitchell,,
TUR,Turkey,1952,.0035262,,,,,,,,,,.0047838,,,,,,.7371169,Mitchell,,
TUR,Turkey,1953,.0043411,,,,,,,,,,.0058893,,,,,,.7371169,Mitchell,,
TUR,Turkey,1954,.0049782,,,,,,,,,,.0067536,,,,,,.7371169,Mitchell,,
TUR,Turkey,1955,.0062376,,,,,,,,,,.0084621,,,,,,.7371169,Mitchell,,
TUR,Turkey,1956,.0079266,,,,,,,,,,.0107535,,,,,,.7371169,Mitchell,,
TUR,Turkey,1957,.0101786,,,,,,,,,,.0138087,,,,,,.7371169,Mitchell,,
TUR,Turkey,1958,.0108898,,,,,,,,,,.0147735,,,,,,.7371169,Mitchell,1,2
TUR,Turkey,1959,.0127122,,,,,,,,,,.0172458,,.01271217,,,,1,OECD_MEI,,
TUR,Turkey,1960,.0135261,,,,,,,,,,.0184719,,.01352613,,,,1,OECD_MEI,,
TUR,Turkey,1961,.0146499,,,,,,,,,,.0198789,,.0146499,,,,1,OECD_MEI,,
TUR,Turkey,1962,.0160221,,,,,,,,,,.021708,,.01602209,,,,1,OECD_MEI,,
TUR,Turkey,1963,.0177801,,,,,,,,,,.02412,,.01778008,,,,1,OECD_MEI,,
TUR,Turkey,1964,.0204572,,,,,,,,,,.028542,,.02045725,,,,1,OECD_MEI,,
TUR,Turkey,1965,.0240156,,,,,,,,,,.032964,,.02401561,,,,1,OECD_MEI,,
TUR,Turkey,1966,.0289052,,,,,,,,,,.039798,,.02890524,,,,1,OECD_MEI,,
TUR,Turkey,1967,.033146,,,,,,,,,,.045627,,.03314603,,,,1,OECD_MEI,,
TUR,Turkey,1968,.037948,,,,,,,,,,.051858,,.03794799,,,,1,OECD_MEI,,
TUR,Turkey,1969,.0440257,,,,,,,,,,.060501,,.04402569,,,,1,OECD_MEI,,
TUR,Turkey,1970,.0515384,,,,,,,,,,.071556,,.05153842,,,,1,OECD_MEI,,
TUR,Turkey,1971,.0636953,,,,,,.043991,,,,.08844,,.06369527,,,,1,OECD_MEI,,
TUR,Turkey,1972,.0778205,,,,,,.053725,,,,.107937,,.07782055,,,,1,OECD_MEI,,
TUR,Turkey,1973,.1030651,,,,,,.071063,,,,.142911,,.1030651,,,,1,OECD_MEI,,
TUR,Turkey,1974,.131586,,,,,,.090668,,,,.182307,,.131586,,,,1,OECD_MEI,,
TUR,Turkey,1975,.1731245,,,,,,.118943,,,,.23919,,.1731245,,,,1,OECD_MEI,,
TUR,Turkey,1976,.2213352,,,,,,.151763,,,,.30552,,.2213352,,,,1,OECD_MEI,,
TUR,Turkey,1977,.3077854,,,,,,.210282,,,,.4221,,.3077854,,,,1,OECD_MEI,,
TUR,Turkey,1978,.417408,,,,,,.288872,,,,.58089,,.417408,,,,1,OECD_MEI,,
TUR,Turkey,1979,.6542237,,,,,,.45648,,,,.91656,,.6542237,,,,1,OECD_MEI,,
TUR,Turkey,1980,1.086939,,,,,,.758149,,,,1.52358,,1.086939,,,,1,OECD_MEI,,
TUR,Turkey,1981,1.500226,,,,,,1.0241,,,,2.05824,,1.500226,,,,1,OECD_MEI,,
TUR,Turkey,1982,2.07085,,,,,,1.41295,,,,2.84013,,2.07085,,,,1,OECD_MEI,,
TUR,Turkey,1983,3.067125,,,,,,2.09,,,,4.2009,,3.067125,,,,1,OECD_MEI,,
TUR,Turkey,1984,3.602425,,,,,,2.4873,,,,4.99887,,3.602425,,,,1,OECD_MEI,,
TUR,Turkey,1985,5.033623,,,,,,3.4677,,,,.0069747,,5.033623,,,,1,OECD_MEI,,
TUR,Turkey,1986,7.734559,,,,,,5.0617,,,,5.06,,7.734559,,,,1,OECD_MEI,,
TUR,Turkey,1987,12.70048,,,,,,8.4375,,,,8.44,,12.70048,,,,1,OECD_MEI,,
TUR,Turkey,1988,16.64863,,,,,,11.0204,,,,11.02,,16.64863,,,,1,OECD_MEI,,
TUR,Turkey,1989,28.7854,,,,,,19.0921,,,,19.09,,28.7854,,,,1,OECD_MEI,,
TUR,Turkey,1990,46.49065,,,,,,30.2367,,,,30.24,,46.49065,,,,1,OECD_MEI,,
TUR,Turkey,1991,68.87217,,,,,,44.2786,,,,44.28,,68.87217,,,,1,OECD_MEI,,
TUR,Turkey,1992,115.304,,,,,,76.3726,,,,76.37,,115.304,,,,1,OECD_MEI,,
TUR,Turkey,1993,189.9929,,,,,,125.868,,,,126,,189.9929,,,,1,OECD_MEI,,
TUR,Turkey,1994,339.765,,,,,,228.413,,,,228,,339.765,,,,1,OECD_MEI,,
TUR,Turkey,1995,571.3375,,,,,,384.391,,,,384,,571.3375,,,,1,OECD_MEI,,
TUR,Turkey,1996,1320.008,,,,,,882.292,,,,882,,1320.008,,,,1,OECD_MEI,,
TUR,Turkey,1997,2327.256,,,,,,1490,,,,1492,,2327.256,,,,1,OECD_MEI,,
TUR,Turkey,1998,3771.505,,,,,,,,,,2433,,3771.505,,,,1,OECD_MEI,,
TUR,Turkey,1999,6889.853,,,,,,,,,,4710,,6889.853,,,,1,OECD_MEI,,
TUR,Turkey,2000,11111.12,,,,,,,,,,7407,,11111.12,,,,1,OECD_MEI,,
TUR,Turkey,2001,16732.79,,,,,,,,,,10840,,16732.79,,,,1,OECD_MEI,,
TUR,Turkey,2002,23295.41,,,,,,,,,,14814,,23295.41,,,,1,OECD_MEI,,
TUR,Turkey,2003,33872.95,,,,,,,,,,21194,,33872.95,,,,1,OECD_MEI,,
TUR,Turkey,2004,42378.68,,,,,,,,,,26782,,42378.68,,,,1,OECD_MEI,,
TUR,Turkey,2005,61991.24,,,,,,,,,,40751,,61991.24,,,,1,OECD_MEI,,
TUR,Turkey,2006,71770.96,,,,,,,,,,71770.962,,71770.96,,,,1,OECD_MEI,,
TUR,Turkey,2007,76350.72,,,,,,,,,,76350.72,,76350.72,,,,1,OECD_MEI,,
TUR,Turkey,2008,85476.23,,,,,,,,,,85476,,85476.23,,,,1,OECD_MEI,,
TUR,Turkey,2009,107346.6,,,,,,,,,,107346.56,,107346.6,,,,1,OECD_MEI,,
TUR,Turkey,2010,135190.6,,,,,,,,,,135190.57,,135190.6,,,,1,OECD_MEI,,
TUR,Turkey,2011,161212.8,,,,,,,,,,,,161212.8,,,,1,OECD_MEI,,
TUR,Turkey,2012,179934.5,,,,,,,,,,,,179934.5,,,,1,OECD_MEI,,
TUR,Turkey,2013,229370.2,,,,,,,,,,,,229370.2,,,,1,OECD_MEI,,
TUR,Turkey,2014,258292.9,,,,,,,,,,,,258292.9,,,,1,OECD_MEI,,
TUR,Turkey,2015,311646.9,,,,,,,,,,,,311646.9,,,,1,OECD_MEI,,
TUR,Turkey,2016,382723.5,,,,,,,,,,,,382723.5,,,,1,OECD_MEI,,
TUR,Turkey,2017,450621.7,,,,,,,,,,,,450621.7,,,,1,OECD_MEI,,
TUR,Turkey,2018,511913.3,,,,,,,,,,,,511913.3,,,,1,OECD_MEI,,
TUR,Turkey,2019,721824.8,,,,,,,,,,,,721824.8,,,,1,OECD_MEI,,
TUR,Turkey,2020,1219228,,,,,,,,,,,,1219228,,,,1,OECD_MEI,,
TUR,Turkey,2021,2111943,,,,,,,,,,,,2111943,,,,1,OECD_MEI,,
TUR,Turkey,2022,3116245,,,,,,,,,,,,3116245,,,,1,OECD_MEI,,
TUR,Turkey,2023,4763762,,,,,,,,,,,,4763762,,,,1,OECD_MEI,,
TUR,Turkey,2024,6303764,,,,,,,,,,,,6303764,,,,1,OECD_MEI,,
TWN,Taiwan,1950,620,,,,,,,,,,620,,,,,,1,Mitchell,,
TWN,Taiwan,1951,940,,,,,,,,,,940,,,,,,1,Mitchell,,
TWN,Taiwan,1952,1290,,,,,,,,,,1290,,,,,,1,Mitchell,,
TWN,Taiwan,1953,1680,,,,,,,,,,1680,,,,,,1,Mitchell,,
TWN,Taiwan,1954,2130,,,,,,,,,,2130,,,,,,1,Mitchell,,
TWN,Taiwan,1955,2560,,,,,,,,,,2560,,,,,,1,Mitchell,,
TWN,Taiwan,1956,3230,,,,,,,,,,3230,,,,,,1,Mitchell,,
TWN,Taiwan,1957,3810,,,,,,,,,,3810,,,,,,1,Mitchell,,
TWN,Taiwan,1958,5130,,,,,,,,,,5130,,,,,,1,Mitchell,,
TWN,Taiwan,1959,5570,,,,,,,,,,5570,,,,,,1,Mitchell,,
TWN,Taiwan,1960,6120,,,,,,,,,,6120,,,,,,1,Mitchell,,
TWN,Taiwan,1961,7340,,,,,,,,,,7340,,,,,,1,Mitchell,,
TWN,Taiwan,1962,10300,,,,,,,,,,10300,,,,,,1,Mitchell,,
TWN,Taiwan,1963,12500,,,,,,,,,,12500,,,,,,1,Mitchell,,
TWN,Taiwan,1964,15600,,,,,,,,,,15600,,,,,,1,Mitchell,,
TWN,Taiwan,1965,16600,,,,,,,,,,16600,,,,,,1,Mitchell,,
TWN,Taiwan,1966,18400,,,,,,,,,,18400,,,,,,1,Mitchell,,
TWN,Taiwan,1967,23700,,,,,,,,,,23700,,,,,,1,Mitchell,,
TWN,Taiwan,1968,25900,,,,,,,,,,25900,,,,,,1,Mitchell,,
TWN,Taiwan,1969,28800,,,,,,,,,,28800,,,,,,1,Mitchell,,
TWN,Taiwan,1970,32100,,,,,,,,,,32100,,,,,,1,Mitchell,,
TWN,Taiwan,1971,40000,,,,,,,,,,40000,,,,,,1,Mitchell,,
TWN,Taiwan,1972,55200,,,,,,,,,,55200,,,,,,1,Mitchell,,
TWN,Taiwan,1973,82400,,,,,,,,,,82400,,,,,,1,Mitchell,,
TWN,Taiwan,1974,88100,,,,,,,,,,88100,,,,,,1,Mitchell,,
TWN,Taiwan,1975,131000,,,,,,,,,,131000,,,,,,1,Mitchell,,
TWN,Taiwan,1976,164000,,,,,,,,,,164000,,,,,,1,Mitchell,,
TWN,Taiwan,1977,219000,,,,,,,,,,219000,,,,,,1,Mitchell,,
TWN,Taiwan,1978,300000,,,,,,,,,,300000,,,,,,1,Mitchell,,
TWN,Taiwan,1979,323000,,,,,,,,,,323000,,,,,,1,Mitchell,,
TWN,Taiwan,1980,397000,,,,,,,,,,397000,,,,,,1,Mitchell,,
TWN,Taiwan,1981,452000,,,,,,,,,,452000,,,,,,1,Mitchell,,
TWN,Taiwan,1982,517000,,,,,,,,,,517000,,,,,,1,Mitchell,,
TWN,Taiwan,1983,613000,,,,,,,,,,613000,,,,,,1,Mitchell,,
TWN,Taiwan,1984,670000,,,,,,,,,,670000,,,,,,1,Mitchell,,
TWN,Taiwan,1985,751000,,,,,,,,,,751000,,,,,,1,Mitchell,,
TWN,Taiwan,1986,1138000,,,,,,,,,,1138000,,,,,,1,Mitchell,,
TWN,Taiwan,1987,1568000,,,,,,,,,,1568000,,,,,,1,Mitchell,,
TWN,Taiwan,1988,1950000,,,,,,,,,,1950000,,,,,,1,Mitchell,,
TWN,Taiwan,1989,2069000,,,,,,,,,,2069000,,,,,,1,Mitchell,,
TWN,Taiwan,1990,1932000,,,,,,,,,,1932000,,,,,,1,Mitchell,,
TWN,Taiwan,1991,2165000,,,,,,,,,,2165000,,,,,,1,Mitchell,,
TWN,Taiwan,1992,2434000,,,,,,,,,,2434000,,,,,,1,Mitchell,,
TWN,Taiwan,1993,2806000,,,,,,,,,,2806000,,,,,,1,Mitchell,,
TWN,Taiwan,1994,3139000,,,,,,,,,,3139000,,,,,,1,Mitchell,,
TWN,Taiwan,1995,3163000,,,,,,,,,,3163000,,,,,,1,Mitchell,,
TWN,Taiwan,1996,3426000,,,,,,,,,,3426000,,,,,,1,Mitchell,,
TWN,Taiwan,1997,3715000,,,,,,,,,,3715000,,,,,,1,Mitchell,,
TWN,Taiwan,1998,3855000,,,,,,,,,,3855000,,,,,,1,Mitchell,,
TWN,Taiwan,1999,4507000,,,,,,,,,,4507000,,,,,,1,Mitchell,1,1
TWN,Taiwan,2000,4492000,4492000,,,,,,,,,4492000,,,,,,1,ADB,,
TWN,Taiwan,2001,5025900,5025900,,,,,,,,,,,,,,,1,ADB,,
TWN,Taiwan,2002,5491600,5491600,,,,,,,,,,,,,,,1,ADB,,
TWN,Taiwan,2003,6552800,6552800,,,,,,,,,,,,,,,1,ADB,,
TWN,Taiwan,2004,7368000,7368000,,,,,,,,,,,,,,,1,ADB,,
TWN,Taiwan,2005,7871100,7871100,,,,,,,,,,,,,,,1,ADB,,
TWN,Taiwan,2006,8222600,8222600,,,,,,,,,,,,,,,1,ADB,,
TWN,Taiwan,2007,8220000,8220000,,,,,,,,,,,,,,,1,ADB,,
TWN,Taiwan,2008,8153700,8153700,,,,,,,,,,,,,,,1,ADB,,
TWN,Taiwan,2009,1.05e+07,10511590,,,,,,,,,,,,,,,1,ADB,,
TWN,Taiwan,2010,1.15e+07,11457130,,,,,,,,,,,,,,,1,ADB,,
TWN,Taiwan,2011,1.18e+07,11830200,,,,,,,,,,,,,,,1,ADB,,
TWN,Taiwan,2012,1.24e+07,12418380,,,,,,,,,,,,,,,1,ADB,,
TWN,Taiwan,2013,1.35e+07,13470750,,,,,,,,,,,,,,,1,ADB,,
TWN,Taiwan,2014,1.43e+07,14310090,,,,,,,,,,,,,,,1,ADB,,
TWN,Taiwan,2015,1.53e+07,15292590,,,,,,,,,,,,,,,1,ADB,,
TWN,Taiwan,2016,1.62e+07,16177680,,,,,,,,,,,,,,,1,ADB,,
TWN,Taiwan,2017,1.67e+07,16741420,,,,,,,,,,,,,,,1,ADB,,
TWN,Taiwan,2018,1.77e+07,17716000,,,,,,,,,,,,,,,1,ADB,,
TWN,Taiwan,2019,1.91e+07,19060600,,,,,,,,,,,,,,,1,ADB,,
TZA,Tanzania,1966,1123.865,,,,,,,,,,1120,,,,,,1.003451,Mitchell,,
TZA,Tanzania,1967,1194.107,,,,,,,,,,1190,,,,,,1.003451,Mitchell,,
TZA,Tanzania,1968,1304.486,,,,,,,,,,1300,,,,,,1.003451,Mitchell,,
TZA,Tanzania,1969,1665.729,,,,,,,,,,1660,,,,,,1.003451,Mitchell,,
TZA,Tanzania,1970,1685.798,,,,,,,,,,1680,,,,,,1.003451,Mitchell,,
TZA,Tanzania,1971,2067.109,,,,,,,,,,2060,,,,,,1.003451,Mitchell,,
TZA,Tanzania,1972,2338.041,,,,,,,,,,2330,,,,,,1.003451,Mitchell,,
TZA,Tanzania,1973,2779.56,,,,,,,,,,2770,,,,,,1.003451,Mitchell,,
TZA,Tanzania,1974,3471.941,,,,,,,,,,3460,,,,,,1.003451,Mitchell,,
TZA,Tanzania,1975,4294.771,,,,,,,,,,4280,,,,,,1.003451,Mitchell,,
TZA,Tanzania,1976,5348.395,,,,,,,,,,5330,,,,,,1.003451,Mitchell,,
TZA,Tanzania,1977,6402.018,,,,,,,,,,6380,,,,,,1.003451,Mitchell,,
TZA,Tanzania,1978,6853.571,,,,,,,,,,6830,,,,,,1.003451,Mitchell,,
TZA,Tanzania,1979,10435.89,,,,,,,,,,10400,,,,,,1.003451,Mitchell,1,1
TZA,Tanzania,1980,13345.9,,13345.9,,,,,,,,13300,,,,,,1,AFDB,,
TZA,Tanzania,1981,15396.2,,15396.2,,,,,,,,15400,,,,,,1,AFDB,,
TZA,Tanzania,1982,18323.1,,18323.1,,,,,,,,18300,,,,,,1,AFDB,,
TZA,Tanzania,1983,20564.3,,20564.3,,,,,,,,20600,,,,,,1,AFDB,,
TZA,Tanzania,1984,20608.3,,20608.3,,,,,,,,20600,,,,,,1,AFDB,,
TZA,Tanzania,1985,25468.3,,25468.3,,,,,,,,25500,,,,,,1,AFDB,,
TZA,Tanzania,1986,35809.5,,35809.5,,,,,,,,35800,,,,,,1,AFDB,,
TZA,Tanzania,1987,47130.6,,47130.6,,,,,,,,47100,,,,,,1,AFDB,,
TZA,Tanzania,1988,64600.4,,64600.4,,,,,,,,64100,,,,,,1,AFDB,,
TZA,Tanzania,1989,83716.7,,83716.7,,,,,,,,83700,,,,,,1,AFDB,,
TZA,Tanzania,1990,113002,,113002,,,,,,,,113000,,,,,,1,AFDB,,
TZA,Tanzania,1991,138803,,138803,,,,,,,,139000,,,,,,1,AFDB,,
TZA,Tanzania,1992,186118,,186118,,,,,,,,186000,,,,,,1,AFDB,,
TZA,Tanzania,1993,247328,,247328,,,,,,,,247000,,,,,,1,AFDB,,
TZA,Tanzania,1994,329626,,329626,,,,,,,,330000,,,,,,1,AFDB,,
TZA,Tanzania,1995,428284,,428284,,,,,,,,428000,,,,,,1,AFDB,,
TZA,Tanzania,1996,449214,,449214,,,,,,,,449000,,,,,,1,AFDB,,
TZA,Tanzania,1997,493869,,493869,,,,,,,,494000,,,,,,1,AFDB,,
TZA,Tanzania,1998,545517,,545517,,,,,,,,546000,,,,,,1,AFDB,,
TZA,Tanzania,1999,632582,,632582,,,,,,,,633000,,,,,,1,AFDB,,
TZA,Tanzania,2000,1258976,,1258975.9,,,,,,,,695000,,,,,,1,AFDB,,
TZA,Tanzania,2001,1876107,,1876107.4,,,,,,,,766000,,,,,,1,AFDB,,
TZA,Tanzania,2002,2355570,,2355570.1,,,,,,,,959000,,,,,,1,AFDB,,
TZA,Tanzania,2003,2778837,,2778836.4,,,,,,,,1114000,,,,,,1,AFDB,,
TZA,Tanzania,2004,3153781,,3153781.1,,,,,,,,1316000,,,,,,1,AFDB,,
TZA,Tanzania,2005,4250725,,4250725,,,,,,,,1759000,,,,,,1,AFDB,,
TZA,Tanzania,2006,5164456,,5164455.6,,,,,,,,2245621.3,,,,,,1,AFDB,,
TZA,Tanzania,2007,6223589,,6223588.6,,,,,,,,2642802.1,,,,,,1,AFDB,,
TZA,Tanzania,2008,7458779,,7458779.1,,,,,,,,3169028.2,,,,,,1,AFDB,,
TZA,Tanzania,2009,8780143,,8780143.4,,,,,,,,3924469.5,,,,,,1,AFDB,,
TZA,Tanzania,2010,1.10e+07,,11012664,,,,,,,,4715500.6,,,,,,1,AFDB,,
TZA,Tanzania,2011,1.30e+07,,13021322,,,,,,,,,,,,,,1,AFDB,,
TZA,Tanzania,2012,1.46e+07,,14647105,,,,,,,,,,,,,,1,AFDB,,
TZA,Tanzania,2013,1.61e+07,,16106768,,,,,,,,,,,,,,1,AFDB,,
TZA,Tanzania,2014,1.86e+07,,18614151,,,,,,,,,,,,,,1,AFDB,,
TZA,Tanzania,2015,2.21e+07,,22115315,,,,,,,,,,,,,,1,AFDB,,
TZA,Tanzania,2016,2.48e+07,,24842256,,,,,,,,,,,,,,1,AFDB,,
TZA,Tanzania,2017,2.83e+07,,28336326,,,,,,,,,,,,,,1,AFDB,,
TZA,Tanzania,2018,3.22e+07,,32199591,,,,,,,,,,,,,,1,AFDB,,
UGA,Uganda,1966,6.680543,,,,,,,,,,6.74,,,,,,.9911786,Mitchell,,
UGA,Uganda,1967,7.513134,,,,,,,,,,7.58,,,,,,.9911786,Mitchell,,
UGA,Uganda,1968,8.841313,,,,,,,,,,8.92,,,,,,.9911786,Mitchell,,
UGA,Uganda,1969,9.54505,,,,,,,,,,9.63,,,,,,.9911786,Mitchell,,
UGA,Uganda,1970,11.00208,,,,,,,,,,11.1,,,,,,.9911786,Mitchell,,
UGA,Uganda,1971,11.1012,,,,,,,,,,11.2,,,,,,.9911786,Mitchell,,
UGA,Uganda,1972,15.16503,,,,,,,,,,15.3,,,,,,.9911786,Mitchell,,
UGA,Uganda,1973,20.91387,,,,,,,,,,21.1,,,,,,.9911786,Mitchell,,
UGA,Uganda,1974,29.73536,,,,,,,,,,30,,,,,,.9911786,Mitchell,,
UGA,Uganda,1975,32.11419,,,,,,,,,,32.4,,,,,,.9911786,Mitchell,,
UGA,Uganda,1976,44.10744,,,,,,,,,,44.5,,,,,,.9911786,Mitchell,,
UGA,Uganda,1977,57.19101,,,,,,,,,,57.7,,,,,,.9911786,Mitchell,,
UGA,Uganda,1978,69.18427,,,,,,,,,,69.8,,,,,,.9911786,Mitchell,,
UGA,Uganda,1979,105.0649,,,,,,,,,,106,,,,,,.9911786,Mitchell,1,1
UGA,Uganda,1980,138.765,,138.765,,,,,,,,140,,,,,,1,AFDB,,
UGA,Uganda,1981,279.179,,279.179,,,,,,,,283,,,,,,1,AFDB,,
UGA,Uganda,1982,293.513,,293.513,,,,,,,,298,,,,,,1,AFDB,,
UGA,Uganda,1983,424.485,,424.485,,,,,,,,435,,,,,,1,AFDB,,
UGA,Uganda,1984,947.621,,947.621,,,,,,,,987,,,,,,1,AFDB,,
UGA,Uganda,1985,2190.14,,2190.14,,,,,,,,2256,,,,,,1,AFDB,,
UGA,Uganda,1986,5958.69,,5958.69,,,,,,,,6062,,,,,,1,AFDB,,
UGA,Uganda,1987,,,,,,,,,,,,,,,,,1,AFDB,,
UGA,Uganda,1988,,,,,,,,,,,,,,,,,1,AFDB,,
UGA,Uganda,1989,,,,,,,,,,,,,,,,,1,AFDB,,
UGA,Uganda,1990,,,,,,,,,,,,,,,,,1,AFDB,,
UGA,Uganda,1991,,,,,,,,,,,,,,,,,1,AFDB,,
UGA,Uganda,1992,206011,,206011,,,,,,,,214463,,,,,,1,AFDB,,
UGA,Uganda,1993,259395,,259395,,,,,,,,269945,,,,,,1,AFDB,,
UGA,Uganda,1994,354020,,354020,,,,,,,,354020,,,,,,1,AFDB,,
UGA,Uganda,1995,408701,,408701,,,,,,,,408701,,,,,,1,AFDB,,
UGA,Uganda,1996,450836,,450836,,,,,,,,450836,,,,,,1,AFDB,,
UGA,Uganda,1997,512532,,512532,,,,,,,,512532,,,,,,1,AFDB,,
UGA,Uganda,1998,612437,,612437,,,,,,,,612437,,,,,,1,AFDB,,
UGA,Uganda,1999,689358,,689358,,,,,,,,689358,,,,,,1,AFDB,,
UGA,Uganda,2000,1522215,,1522214.8,,,,,,,,8.055e+08,,,,,,1,AFDB,,
UGA,Uganda,2001,1656834,,1656833.8,,,,,,,,908800,,,,,,1,AFDB,,
UGA,Uganda,2002,2063205,,2063205.3,,,,,,,,1099400,,,,,,1,AFDB,,
UGA,Uganda,2003,2433196,,2433196.3,,,,,,,,1234900,,,,,,1,AFDB,,
UGA,Uganda,2004,2646678,,2646678,,,,,,,,1341200,,,,,,1,AFDB,,
UGA,Uganda,2005,3101453,,3101452.8,,,,,,,,1604400,,,,,,1,AFDB,,
UGA,Uganda,2006,3626248,,3626247.8,,,,,,,,2030736.7,,,,,,1,AFDB,,
UGA,Uganda,2007,4422791,,4422791.1,,,,,,,,2464664.9,,,,,,1,AFDB,,
UGA,Uganda,2008,5785728,,5785727.7,,,,,,,,3124741.9,,,,,,1,AFDB,,
UGA,Uganda,2009,6745061,,6745061,,,,,,,,3573495.5,,,,,,1,AFDB,,
UGA,Uganda,2010,9544423,,9544423,,,,,,,,4712120.2,,,,,,1,AFDB,,
UGA,Uganda,2011,1.06e+07,,10550477,,,,,,,,,,,,,,1,AFDB,,
UGA,Uganda,2012,1.21e+07,,12123126,,,,,,,,,,,,,,1,AFDB,,
UGA,Uganda,2013,1.33e+07,,13270542,,,,,,,,,,,,,,1,AFDB,,
UGA,Uganda,2014,1.53e+07,,15286509,,,,,,,,,,,,,,1,AFDB,,
UGA,Uganda,2015,1.71e+07,,17069551,,,,,,,,,,,,,,1,AFDB,,
UGA,Uganda,2016,1.86e+07,,18566536,,,,,,,,,,,,,,1,AFDB,,
UGA,Uganda,2017,2.10e+07,,21046971,,,,,,,,,,,,,,1,AFDB,,
UGA,Uganda,2018,2.44e+07,,24361967,,,,,,,,,,,,,,1,AFDB,,
URY,Uruguay,1948,.000442,,,,,,,,,,.000442,,,,,,1,Mitchell,,
URY,Uruguay,1949,.0005,,,,,,,,,,.0005,,,,,,1,Mitchell,,
URY,Uruguay,1950,.000588,,,,,,,,,,.000588,,,,,,1,Mitchell,,
URY,Uruguay,1951,.000577,,,,,,,,,,.000577,,,,,,1,Mitchell,,
URY,Uruguay,1952,.00063,,,,,,,,,,.00063,,,,,,1,Mitchell,,
URY,Uruguay,1953,.000712,,,,,,,,,,.000712,,,,,,1,Mitchell,,
URY,Uruguay,1954,.000763,,,,,,,,,,.000763,,,,,,1,Mitchell,,
URY,Uruguay,1955,.000807,,,,,,,,,,.000807,,,,,,1,Mitchell,,
URY,Uruguay,1956,.000904,,,,,,,,,,.000904,,,,,,1,Mitchell,,
URY,Uruguay,1957,.00098,,,,,,,,,,.00098,,,,,,1,Mitchell,,
URY,Uruguay,1958,.001248,,,,,,,,,,.001248,,,,,,1,Mitchell,,
URY,Uruguay,1959,.001771,,,,,,,,,,.001771,,,,,,1,Mitchell,,
URY,Uruguay,1960,.002394,,,,,,,,,,.002394,,,,,,1,Mitchell,,
URY,Uruguay,1961,.002924,,,,,,,,,,.002924,,,,,,1,Mitchell,,
URY,Uruguay,1962,.002832,,,,,,,,,,.002832,,,,,,1,Mitchell,,
URY,Uruguay,1963,.003652,,,,,,,,,,.003652,,,,,,1,Mitchell,,
URY,Uruguay,1964,.005185,,,,,,,,,,.005185,,,,,,1,Mitchell,,
URY,Uruguay,1965,.0105,,,,,,,,,,.0105,,,,,,1,Mitchell,,
URY,Uruguay,1966,.0147,,,,,,,,,,.0147,,,,,,1,Mitchell,,
URY,Uruguay,1967,.0309,,,,,,,,,,.0309,,,,,,1,Mitchell,,
URY,Uruguay,1968,.0476,,,,,,,,,,.0476,,,,,,1,Mitchell,,
URY,Uruguay,1969,.0767,,,,,,,,,,.0767,,,,,,1,Mitchell,,
URY,Uruguay,1970,.0878,,,,,,,,,,.0878,,,,,,1,Mitchell,,
URY,Uruguay,1971,.135,,,,,,,,,,.135,,,,,,1,Mitchell,,
URY,Uruguay,1972,.198,,,,,,,,,,.198,,,,,,1,Mitchell,,
URY,Uruguay,1973,.3570001,,,,,,,,,,.357,,,,,,1,Mitchell,,
URY,Uruguay,1974,.5860001,,,,,,,,,,.586,,,,,,1,Mitchell,,
URY,Uruguay,1975,.8340002,,,,,,,,,,.834,,,,,,1,Mitchell,,
URY,Uruguay,1976,1.38,,,,,,,,,,1.38,,,,,,1,Mitchell,,
URY,Uruguay,1977,1.938,,,,,,,,,,1.938,,,,,,1,Mitchell,,
URY,Uruguay,1978,3.588001,,,,,,,,,,3.588,,,,,,1,Mitchell,,
URY,Uruguay,1979,6.160001,,,,,,,,,,6.16,,,,,,1,Mitchell,,
URY,Uruguay,1980,9.100002,,,,,,,,,,9.1,,,,,,1,Mitchell,,
URY,Uruguay,1981,9.800002,,,,,,,,,,9.8,,,,,,1,Mitchell,,
URY,Uruguay,1982,13.7,,,,,,,,,,13.7,,,,,,1,Mitchell,,
URY,Uruguay,1983,14.9,,,,,,,,,,14.9,,,,,,1,Mitchell,,
URY,Uruguay,1984,22.10001,,,,,,,,,,22.1,,,,,,1,Mitchell,,
URY,Uruguay,1985,46.00001,,,,,,,,,,46,,,,,,1,Mitchell,,
URY,Uruguay,1986,84.00002,,,,,,,,,,84,,,,,,1,Mitchell,,
URY,Uruguay,1987,135,,,,,,,,,,135,,,,,,1,Mitchell,,
URY,Uruguay,1988,222,,,,,,,,,,222,,,,,,1,Mitchell,,
URY,Uruguay,1989,383.0001,,,,,,,,,,383,,,,,,1,Mitchell,,
URY,Uruguay,1990,770.0002,,,,,,,,,,770,,,,,,1,Mitchell,,
URY,Uruguay,1991,1528,,,,,,,,,,1528,,,,,,1,Mitchell,,
URY,Uruguay,1992,2583.001,,,,,,,,,,2583,,,,,,1,Mitchell,,
URY,Uruguay,1993,4074.001,,,,,,,,,,4074,,,,,,1,Mitchell,,
URY,Uruguay,1994,5341.001,,,,,,,,,,5341,,,,,,1,Mitchell,,
URY,Uruguay,1995,7066.001,,,,,,,,,,7066,,,,,,1,Mitchell,,
URY,Uruguay,1996,8819.002,,,,,,,,,,8819,,,,,,1,Mitchell,,
URY,Uruguay,1997,10295,,,,,,,,,,10295,,,,,,1,Mitchell,,
URY,Uruguay,1998,14420,,,,,,,14420.1,,,14420,,,,,,1,Mitchell,,
URY,Uruguay,1999,14874,,,,,,,15144.3,,,14874,,,,,,1,Mitchell,,
URY,Uruguay,2000,14356,,,,,,,14514.3,,,14356,,,,,,1,Mitchell,,
URY,Uruguay,2001,13755,,,,,,,14048.3,,,13755,,,,,,1,Mitchell,,
URY,Uruguay,2002,14278,,,,,,,14714.2,,,14278,,,,,,1,Mitchell,,
URY,Uruguay,2003,19177,,,,,,,19711,,,19177,,,,,,1,Mitchell,,
URY,Uruguay,2004,22225.01,,,,,,,22281.4,,,22225,,,,,,1,Mitchell,,
URY,Uruguay,2005,29680.01,,,,,,,29731.3,,,29680,,,,,,1,Mitchell,,
URY,Uruguay,2006,35711.19,,,,,,,35691.7,,,35711.18,,,,,,1,Mitchell,,
URY,Uruguay,2007,47050.94,,,,,,,47050.9,,,47050.926,,,,,,1,Mitchell,,
URY,Uruguay,2008,55266.98,,,,,,,55267,,,55266.965,,,,,,1,Mitchell,,
URY,Uruguay,2009,61816.19,,,,,,,61843.6,,,61816.177,,,,,,1,Mitchell,,
URY,Uruguay,2010,79252.3,,,,,,,79252.3,,,79252.285,,,,,,1,Mitchell,1,1
URY,Uruguay,2011,94491.7,,,,,,,94491.7,,,,,,,,,1,ECLAC,,
URY,Uruguay,2012,103202.3,,,,,,,103202.3,,,,,,,,,1,ECLAC,,
URY,Uruguay,2013,116671.1,,,,,,,116671.1,,,,,,,,,1,ECLAC,,
URY,Uruguay,2014,117871.9,,,,,,,117871.9,,,,,,,,,1,ECLAC,,
URY,Uruguay,2015,123945.8,,,,,,,123945.8,,,,,,,,,1,ECLAC,,
URY,Uruguay,2016,132120.2,,,,,,,132120.2,,,,,,,,,1,ECLAC,,
URY,Uruguay,2017,145778.8,,,,,,,145778.8,,,,,,,,,1,ECLAC,,
URY,Uruguay,2018,155305.3,,,,,,,155305.3,,,,,,,,,1,ECLAC,,
URY,Uruguay,2019,162952.2,,,,,,,162952.2,,,,,,,,,1,ECLAC,,
URY,Uruguay,2020,188512.2,,,,,,,188512.2,,,,,,,,,1,ECLAC,,
URY,Uruguay,2021,219421.1,,,,,,,219421.1,,,,,,,,,1,ECLAC,,
URY,Uruguay,2022,219260.7,,,,,,,219260.7,,,,,,,,,1,ECLAC,,
USA,United States,1949,105755.7,,,,,,,,,,110000,,,,,,.9614158,Mitchell,,
USA,United States,1950,110562.8,,,,,,,,,,115000,,,,,,.9614158,Mitchell,,
USA,United States,1951,118254.1,,,,,,,,,,123000,,,,,,.9614158,Mitchell,,
USA,United States,1952,124022.6,,,,,,,,,,129000,,,,,,.9614158,Mitchell,,
USA,United States,1953,125945.5,,,,,,,,,,131000,,,,,,.9614158,Mitchell,,
USA,United States,1954,129791.1,,,,,,,,,,135000,,,,,,.9614158,Mitchell,,
USA,United States,1955,132675.4,,,,,,,,,,138000,,,,,,.9614158,Mitchell,,
USA,United States,1956,133636.8,,,,,,,,,,139000,,,,,,.9614158,Mitchell,,
USA,United States,1957,132675.4,,,,,,,,,,138000,,,,,,.9614158,Mitchell,,
USA,United States,1958,138443.9,,,,,,,,,,144000,,,,,,.9614158,Mitchell,1,2
USA,United States,1959,140366.7,,,,,,,,,,146000,,140366.7,,,138900,1,OECD_MEI,,
USA,United States,1960,140300,,,,,,,,,,146000,,140300,,,140000,1,OECD_MEI,,
USA,United States,1961,143066.7,,,,,,,,,,151000,,143066.7,,,141100,1,OECD_MEI,,
USA,United States,1962,146475,,,,,,,,,,153000,,146475,,,145200,1,OECD_MEI,,
USA,United States,1963,150925,,,,,,,,,,159000,,150925,,,148300,1,OECD_MEI,,
USA,United States,1964,156808.3,,,,,,,,,,167000,,156808.3,,,153700,1,OECD_MEI,,
USA,United States,1965,163458.3,,,,,,,,,,174000,,163458.3,,,160700,1,OECD_MEI,,
USA,United States,1966,170958.3,,,,,,,,,,179000,,170958.3,,,169100,1,OECD_MEI,,
USA,United States,1967,177666.7,,,,,,,,,,190000,,177666.7,,,171900,1,OECD_MEI,,
USA,United States,1968,190133.3,,,,,,,,,,204000,,190133.3,,,184300,1,OECD_MEI,,
USA,United States,1969,201425,,,,,,,,,,211000,,201425,,,198700,1,OECD_MEI,,
USA,United States,1970,209116.7,,,,,,,,,,222000,,209116.7,,,206200,1,OECD_MEI,,
USA,United States,1971,223183.3,,,,,,,,,,237000,,223183.3,,,215500,1,OECD_MEI,,
USA,United States,1972,239041.7,,,,,,,,,,259000,,239041.7,,,230100,1,OECD_MEI,,
USA,United States,1973,256350,,,,,,,,,,272000,,256350,,,251500,1,OECD_MEI,,
USA,United States,1974,269200,,,,,,,,,,284000,,269200,,,263800,1,OECD_MEI,,
USA,United States,1975,281433.3,,,,,,,,,,298000,,281433.3,,,273900,1,OECD_MEI,,
USA,United States,1976,297200,,,,,,,,,,318000,,297200,,,288400,1,OECD_MEI,,
USA,United States,1977,320000,,,,,,,,,,344000,,320000,,,308300,1,OECD_MEI,,
USA,United States,1978,346316.7,,,,,,,,,,372000,,346316.7,,,334400,1,OECD_MEI,,
USA,United States,1979,372708.3,,,,,,,,,,397000,,372708.3,,,358600,1,OECD_MEI,,
USA,United States,1980,395733.3,,,,,,,,,,424000,,395733.3,,,385800,1,OECD_MEI,,
USA,United States,1981,424900,,,,,,,,,,451000,,424900,,,411300,1,OECD_MEI,,
USA,United States,1982,453000,,,,,,,,,,491000,,453000,,,442700,1,OECD_MEI,,
USA,United States,1983,503175,,,,,,,,,,538000,,503175,,,477200,1,OECD_MEI,,
USA,United States,1984,538641.7,,,,,,,,,,570000,,538641.7,,,525100,1,OECD_MEI,,
USA,United States,1985,586950,,,,,,,,,,641000,,586950,,,557000,1,OECD_MEI,,
USA,United States,1986,666358.3,,,,,,,,,,746000,,666358.3,,,621400,1,OECD_MEI,,
USA,United States,1987,743450,,,,,,,,,,767000,,743450,,,730200,1,OECD_MEI,,
USA,United States,1988,774758.3,,,,,,,,,,804000,,774758.3,,,756200,1,OECD_MEI,,
USA,United States,1989,782191.7,,,,,,,,,,812000,,782191.7,,,785700,1,OECD_MEI,,
USA,United States,1990,810566.7,,,,,,,,,,844000,,810566.7,,,795400,1,OECD_MEI,,
USA,United States,1991,858983.3,,,,,,,,,,916000,,858983.3,,,827200,1,OECD_MEI,,
USA,United States,1992,965941.7,,,,,,,,,,1047000,,965941.7,,,910400,1,OECD_MEI,,
USA,United States,1993,1078508,,,,,,,,,,1154000,,1078508,,,1030400,1,OECD_MEI,,
USA,United States,1994,1145217,,,,,,,,,,1230000,,1145217,,,1131600,1,OECD_MEI,,
USA,United States,1995,1143075,,,,,,,,,,1203000,,1143075,,,1151400,1,OECD_MEI,,
USA,United States,1996,1106533,,,,,,,,,,1193000,,1106533,,,1123500,1,OECD_MEI,,
USA,United States,1997,1070125,,,,,,,,,,1204000,,1070125,,,1081200,1,OECD_MEI,,
USA,United States,1998,1080558,,,,,,,,,,1212000,,1080558,,,1074000,1,OECD_MEI,,
USA,United States,1999,1102275,,,,,,,,,,1310000,,1102275,,,1098100,1,OECD_MEI,,
USA,United States,2000,1103600,,,,,,,,,,1242000,,1103600,,,1122100,1,OECD_MEI,,
USA,United States,2001,1140300,,,,,,,,,,1357000,,1140300,,,1096700,1,OECD_MEI,,
USA,United States,2002,1196700,,,,,,,,,,1352000,,1196700,,,1190700,1,OECD_MEI,,
USA,United States,2003,1274042,,,,,,,,,,1431000,,1274042,,,1227300,1,OECD_MEI,,
USA,United States,2004,1344592,,,,,,,,,,1512000,,1344592,,,1306000,1,OECD_MEI,,
USA,United States,2005,1371950,,,,,,,,,,1520000,,1371950,,,1367100,1,OECD_MEI,,
USA,United States,2006,1375000,,,,,,,,,,1386500,,1375000,,,1379500,1,OECD_MEI,,
USA,United States,2007,1373008,,,,,,,,,,1393200,,1373008,,,1371700,1,OECD_MEI,,
USA,United States,2008,1435200,,,,,,,,,,1630800,,1435200,,,1377700,1,OECD_MEI,,
USA,United States,2009,1638050,,,,,,,,,,1723800,,1638050,,,1582800,1,OECD_MEI,,
USA,United States,2010,1742692,,,,,,,,,,1865500,,1742692,,,1674700,1,OECD_MEI,,
USA,United States,2011,2010508,,,,,,,,,,,,2010508,,,1846300,1,OECD_MEI,,
USA,United States,2012,2315500,,,,,,,,,,,,2315500,,,2201800,1,OECD_MEI,,
USA,United States,2013,2549725,,,,,,,,,,,,2549725,,,2476700,1,OECD_MEI,,
USA,United States,2014,2815158,,,,,,,,,,,,2815158,,,2714100,1,OECD_MEI,,
USA,United States,2015,3021900,,,,,,,,,,,,3021900,,,2955600,1,OECD_MEI,,
USA,United States,2016,3248917,,,,,,,,,,,,3248917,,,3107200,1,OECD_MEI,,
USA,United States,2017,3524533,,,,,,,,,,,,3524533,,,3399100,1,OECD_MEI,,
USA,United States,2018,3680583,,,,,,,,,,,,3680583,,,3659100,1,OECD_MEI,,
USA,United States,2019,3845317,,,,,,,,,,,,3845317,,,3754100,1,OECD_MEI,,
USA,United States,2020,1.28e+07,,,,,,,,,,,,12781800,,,3989300,1,OECD_MEI,,
USA,United States,2021,1.94e+07,,,,,,,,,,,,19355330,,,18088500,1,OECD_MEI,,
USA,United States,2022,2.04e+07,,,,,,,,,,,,20395940,,,20520900,1,OECD_MEI,,
USA,United States,2023,1.85e+07,,,,,,,,,,,,18500860,,,19527500,1,OECD_MEI,,
USA,United States,2024,1.81e+07,,,,,,,,,,,,18082510,,,17943500,1,OECD_MEI,,
USA,United States,2025,1.86e+07,,,,,,,,,,,,,,,18422600,1.007747,CS1,1,2
UZB,Uzbekistan,2000,273147,273147,,,,,,,,,,,,,,,1,ADB,,
UZB,Uzbekistan,2001,373547,373547,,,,,,,,,,,,,,,1,ADB,,
UZB,Uzbekistan,2002,468186,468186,,,,,,,,,,,,,,,1,ADB,,
UZB,Uzbekistan,2003,574964,574964,,,,,,,,,,,,,,,1,ADB,,
UZB,Uzbekistan,2004,820000,820000,,,,,,,,,,,,,,,1,ADB,,
UZB,Uzbekistan,2005,1431000,1431000,,,,,,,,,,,,,,,1,ADB,,
UZB,Uzbekistan,2006,1986000,1986000,,,,,,,,,,,,,,,1,ADB,,
UZB,Uzbekistan,2007,3109000,3109000,,,,,,,,,,,,,,,1,ADB,,
UZB,Uzbekistan,2008,4082000,4082000,,,,,,,,,,,,,,,1,ADB,,
UZB,Uzbekistan,2009,5581000,5581000,,,,,,,,,,,,,,,1,ADB,,
UZB,Uzbekistan,2010,7717000,7717000,,,,,,,,,,,,,,,1,ADB,,
UZB,Uzbekistan,2011,9380000,9380000,,,,,,,,,,,,,,,1,ADB,,
UZB,Uzbekistan,2012,1.05e+07,10529075,,,,,,,,,,,,,,,1,ADB,,
UZB,Uzbekistan,2013,1.48e+07,14766099,,,,,,,,,,,,,,,1,ADB,,
UZB,Uzbekistan,2014,1.84e+07,18394120,,,,,,,,,,,,,,,1,ADB,,
UZB,Uzbekistan,2015,2.31e+07,23110930,,,,,,,,,,,,,,,1,ADB,,
UZB,Uzbekistan,2016,2.73e+07,27306100,,,,,,,,,,,,,,,1,ADB,,
UZB,Uzbekistan,2017,3.32e+07,33237290,,,,,,,,,,,,,,,1,ADB,,
UZB,Uzbekistan,2018,3.82e+07,38225060,,,,,,,,,,,,,,,1,ADB,,
UZB,Uzbekistan,2019,4.10e+07,40983422,,,,,,,,,,,,,,,1,ADB,,
VCT,Saint Vincent and the Grenadines,1993,84.9,,,,,,,84.9,,,,,,,,,1,ECLAC,,
VCT,Saint Vincent and the Grenadines,1994,96.2,,,,,,,96.2,,,,,,,,,1,ECLAC,,
VCT,Saint Vincent and the Grenadines,1995,95.2,,,,,,,95.2,,,,,,,,,1,ECLAC,,
VCT,Saint Vincent and the Grenadines,1996,96.3,,,,,,,96.3,,,,,,,,,1,ECLAC,,
VCT,Saint Vincent and the Grenadines,1997,129.2,,,,,,,129.2,,,,,,,,,1,ECLAC,,
VCT,Saint Vincent and the Grenadines,1998,150.7,,,,,,,150.7,,,,,,,,,1,ECLAC,,
VCT,Saint Vincent and the Grenadines,1999,198.5,,,,,,,198.5,,,,,,,,,1,ECLAC,,
VCT,Saint Vincent and the Grenadines,2000,232.5,,,,,,,232.5,,,,,,,,,1,ECLAC,,
VCT,Saint Vincent and the Grenadines,2001,253.7,,,,,,,253.7,,,,,,,,,1,ECLAC,,
VCT,Saint Vincent and the Grenadines,2002,264.3,,,,,,,264.3,,,,,,,,,1,ECLAC,,
VCT,Saint Vincent and the Grenadines,2003,279.8,,,,,,,279.8,,,,,,,,,1,ECLAC,,
VCT,Saint Vincent and the Grenadines,2004,319.7,,,,,,,319.7,,,,,,,,,1,ECLAC,,
VCT,Saint Vincent and the Grenadines,2005,354.9,,,,,,,354.9,,,,,,,,,1,ECLAC,,
VCT,Saint Vincent and the Grenadines,2006,370.5,,,,,,,370.5,,,,,,,,,1,ECLAC,,
VCT,Saint Vincent and the Grenadines,2007,397.6,,,,,,,397.6,,,,,,,,,1,ECLAC,,
VCT,Saint Vincent and the Grenadines,2008,386.1,,,,,,,386.1,,,,,,,,,1,ECLAC,,
VCT,Saint Vincent and the Grenadines,2009,359.1,,,,,,,359.1,,,,,,,,,1,ECLAC,,
VCT,Saint Vincent and the Grenadines,2010,345.5,,,,,,,345.5,,,,,,,,,1,ECLAC,,
VCT,Saint Vincent and the Grenadines,2011,331.4,,,,,,,331.4,,,,,,,,,1,ECLAC,,
VCT,Saint Vincent and the Grenadines,2012,360.9,,,,,,,360.9,,,,,,,,,1,ECLAC,,
VCT,Saint Vincent and the Grenadines,2013,374.2,,,,,,,374.2,,,,,,,,,1,ECLAC,,
VCT,Saint Vincent and the Grenadines,2014,426.3,,,,,,,426.3,,,,,,,,,1,ECLAC,,
VCT,Saint Vincent and the Grenadines,2015,437.8,,,,,,,437.8,,,,,,,,,1,ECLAC,,
VCT,Saint Vincent and the Grenadines,2016,479.8,,,,,,,479.8,,,,,,,,,1,ECLAC,,
VCT,Saint Vincent and the Grenadines,2017,475.8,,,,,,,475.8,,,,,,,,,1,ECLAC,,
VCT,Saint Vincent and the Grenadines,2018,516,,,,,,,516,,,,,,,,,1,ECLAC,,
VCT,Saint Vincent and the Grenadines,2019,580.4,,,,,,,580.4,,,,,,,,,1,ECLAC,,
VCT,Saint Vincent and the Grenadines,2020,586.3,,,,,,,586.3,,,,,,,,,1,ECLAC,,
VEN,Venezuela,1948,.0138,,,,,,,,,,.0138,,,,,,1,Mitchell,,
VEN,Venezuela,1949,.01537,,,,,,,,,,.01537,,,,,,1,Mitchell,,
VEN,Venezuela,1950,.01576,,,,,,,,,,.01576,,,,,,1,Mitchell,,
VEN,Venezuela,1951,.01646,,,,,,,,,,.01646,,,,,,1,Mitchell,,
VEN,Venezuela,1952,.01909,,,,,,,,,,.01909,,,,,,1,Mitchell,,
VEN,Venezuela,1953,.02085,,,,,,,,,,.02085,,,,,,1,Mitchell,,
VEN,Venezuela,1954,.02169,,,,,,,,,,.02169,,,,,,1,Mitchell,,
VEN,Venezuela,1955,.02414,,,,,,,,,,.02414,,,,,,1,Mitchell,,
VEN,Venezuela,1956,.02756,,,,,,,,,,.02756,,,,,,1,Mitchell,,
VEN,Venezuela,1957,.03649,,,,,,,,,,.03649,,,,,,1,Mitchell,,
VEN,Venezuela,1958,.04017,,,,,,,,,,.04017,,,,,,1,Mitchell,,
VEN,Venezuela,1959,.03823,,,,,,,,,,.03823,,,,,,1,Mitchell,,
VEN,Venezuela,1960,.03574,,,,,,,,,,.03574,,,,,,1,Mitchell,,
VEN,Venezuela,1961,.03684,,,,,,,,,,.03684,,,,,,1,Mitchell,,
VEN,Venezuela,1962,.03604,,,,,,,,,,.03604,,,,,,1,Mitchell,,
VEN,Venezuela,1963,.0384,,,,,,,,,,.0384,,,,,,1,Mitchell,,
VEN,Venezuela,1964,.0439,,,,,,,,,,.0439,,,,,,1,Mitchell,,
VEN,Venezuela,1965,.0479,,,,,,,,,,.0479,,,,,,1,Mitchell,,
VEN,Venezuela,1966,.0502,,,,,,,,,,.0502,,,,,,1,Mitchell,,
VEN,Venezuela,1967,.0557,,,,,,,,,,.0557,,,,,,1,Mitchell,,
VEN,Venezuela,1968,.0609,,,,,,,,,,.0609,,,,,,1,Mitchell,,
VEN,Venezuela,1969,.0664,,,,,,,,,,.0664,,,,,,1,Mitchell,,
VEN,Venezuela,1970,.0707,,,,,,,,,,.0707,,,,,,1,Mitchell,,
VEN,Venezuela,1971,.0819,,,,,,.0000814,,,,.0819,,,,,,1,Mitchell,,
VEN,Venezuela,1972,.0965,,,,,,.000096,,,,.0965,,,,,,1,Mitchell,,
VEN,Venezuela,1973,.115,,,,,,.0001143,,,,.115,,,,,,1,Mitchell,,
VEN,Venezuela,1974,.169,,,,,,.0001687,,,,.169,,,,,,1,Mitchell,,
VEN,Venezuela,1975,.256,,,,,,.0002552,,,,.256,,,,,,1,Mitchell,,
VEN,Venezuela,1976,.29,,,,,,.000287,,,,.29,,,,,,1,Mitchell,,
VEN,Venezuela,1977,.374,,,,,,.0003698,,,,.374,,,,,,1,Mitchell,,
VEN,Venezuela,1978,.44,,,,,,.0002732,,,,.44,,,,,,1,Mitchell,,
VEN,Venezuela,1979,.465,,,,,,.0004635,,,,.465,,,,,,1,Mitchell,,
VEN,Venezuela,1980,.545,,,,,,.0005426,,,,.545,,,,,,1,Mitchell,,
VEN,Venezuela,1981,.583,,,,,,.0005802,,,,.583,,,,,,1,Mitchell,,
VEN,Venezuela,1982,.608,,,,,,.0006044,,,,.608,,,,,,1,Mitchell,,
VEN,Venezuela,1983,.762,,,,,,.0007596,,,,.762,,,,,,1,Mitchell,,
VEN,Venezuela,1984,.967,,,,,,.0009625,,,,.967,,,,,,1,Mitchell,,
VEN,Venezuela,1985,1.05,,,,,,.001047,,,,1.05,,,,,,1,Mitchell,,
VEN,Venezuela,1986,1.1,,,,,,.0010932,,,,1.1,,,,,,1,Mitchell,,
VEN,Venezuela,1987,1.23,,,,,,.0012246,,,,1.23,,,,,,1,Mitchell,,
VEN,Venezuela,1988,1.45,,,,,,.0014531,,,,1.45,,,,,,1,Mitchell,,
VEN,Venezuela,1989,1.7,,,,,,.0016798,,,,1.7,,,,,,1,Mitchell,,
VEN,Venezuela,1990,2.69,,,,,,.00266,,,,2.69,,,,,,1,Mitchell,,
VEN,Venezuela,1991,3.48,,,,,,.0034149,,,,3.48,,,,,,1,Mitchell,,
VEN,Venezuela,1992,3.75,,,,,,.0036736,,,,3.75,,,,,,1,Mitchell,,
VEN,Venezuela,1993,4.16,,,,,,.004086,,,,4.16,,,,,,1,Mitchell,,
VEN,Venezuela,1994,9.74,,,,,,.0098109,,,,9.74,,,,,,1,Mitchell,,
VEN,Venezuela,1995,13.44,,,,,,.0136735,,,,13.44,,,,,,1,Mitchell,,
VEN,Venezuela,1996,27.78,,,,,,.0334935,,,,27.78,,,,,,1,Mitchell,,
VEN,Venezuela,1997,49.18,,,,,,.0559096,,,,49.18,,,,,,1,Mitchell,,
VEN,Venezuela,1998,51.49,,,,,,,,,,51.49,,,,,,1,Mitchell,,
VEN,Venezuela,1999,64.13,,,,,,,,,,64.13,,,,,,1,Mitchell,,
VEN,Venezuela,2000,80.37,,,,,,,,,,80.37,,,,,,1,Mitchell,,
VEN,Venezuela,2001,92.87,,,,,,,,,,92.87,,,,,,1,Mitchell,,
VEN,Venezuela,2002,109.73,,,,,,,,,,109.73,,,,,,1,Mitchell,,
VEN,Venezuela,2003,190.56,,,,,,,,,,190.56,,,,,,1,Mitchell,,
VEN,Venezuela,2004,279.27,,,,,,,,,,279.27,,,,,,1,Mitchell,,
VEN,Venezuela,2005,429.22,,,,,,,,,,429.22,,,,,,1,Mitchell,,
VEN,Venezuela,2006,786.8066,,,,,,,,,,786.80656,,,,,,1,Mitchell,,
VEN,Venezuela,2007,980.6949,,,,,,,,,,980.69496,,,,,,1,Mitchell,,
VEN,Venezuela,2008,1242.615,,,,,,,,,,1242.6154,,,,,,1,Mitchell,,
VEN,Venezuela,2009,1552.685,,,,,,,,,,1552.6851,,,,,,1,Mitchell,,
VEN,Venezuela,2010,2173.135,,,,,,,,,,2173.1352,,,,,,1,Mitchell,,
VNM,Vietnam,2000,1.52e+08,1.525e+08,,,,,,,,,,,,,,,1,ADB,,
VNM,Vietnam,2001,1.91e+08,1.911e+08,,,,,,,,,,,,,,,1,ADB,,
VNM,Vietnam,2002,2.36e+08,2.355e+08,,,,,,,,,,,,,,,1,ADB,,
VNM,Vietnam,2003,3.14e+08,3.141e+08,,,,,,,,,,,,,,,1,ADB,,
VNM,Vietnam,2004,4.03e+08,4.027e+08,,,,,,,,,,,,,,,1,ADB,,
VNM,Vietnam,2005,5.31e+08,5.315e+08,,,,,,,,,,,,,,,1,ADB,,
VNM,Vietnam,2006,7.23e+08,7.232e+08,,,,,,,,,,,,,,,1,ADB,,
VNM,Vietnam,2007,4.43e+08,4.434e+08,,,,,,,,,,,,,,,1,ADB,,
VNM,Vietnam,2008,4.43e+08,4.430e+08,,,,,,,,,,,,,,,1,ADB,,
VNM,Vietnam,2009,5.82e+08,5.815e+08,,,,,,,,,,,,,,,1,ADB,,
VNM,Vietnam,2010,6.41e+08,6.410e+08,,,,,,,,,,,,,,,1,ADB,,
VNM,Vietnam,2011,7.06e+08,7.060e+08,,,,,,,,,,,,,,,1,ADB,,
VNM,Vietnam,2012,8.61e+08,8.610e+08,,,,,,,,,,,,,,,1,ADB,,
VNM,Vietnam,2013,1.02e+09,1.017e+09,,,,,,,,,,,,,,,1,ADB,,
VNM,Vietnam,2014,1.24e+09,1.240e+09,,,,,,,,,,,,,,,1,ADB,,
VNM,Vietnam,2015,1.46e+09,1.456e+09,,,,,,,,,,,,,,,1,ADB,,
VNM,Vietnam,2016,1.71e+09,1.714e+09,,,,,,,,,,,,,,,1,ADB,,
VNM,Vietnam,2017,1.98e+09,1.982e+09,,,,,,,,,,,,,,,1,ADB,,
VNM,Vietnam,2018,2.17e+09,2.174e+09,,,,,,,,,,,,,,,1,ADB,,
VNM,Vietnam,2019,2.46e+09,2.457e+09,,,,,,,,,,,,,,,1,ADB,,
VNM,Vietnam,2020,2.94e+09,2.941e+09,,,,,,,,,,,,,,,1,ADB,,
VNM,Vietnam,2021,3.53e+09,3.529e+09,,,,,,,,,,,,,,,1,ADB,,
VNM,Vietnam,2022,3.27e+09,3.266e+09,,,,,,,,,,,,,,,1,ADB,,
VNM,Vietnam,2023,3.78e+09,3.784e+09,,,,,,,,,,,,,,,1,ADB,,
VUT,Vanuatu,2000,4933,4933,,,,,,,,,,,,,,,1,ADB,,
VUT,Vanuatu,2001,5085,5085,,,,,,,,,,,,,,,1,ADB,,
VUT,Vanuatu,2002,11524.5,11524.5,,,,,,,,,,,,,,,1,ADB,,
VUT,Vanuatu,2003,12176.3,12176.3,,,,,,,,,,,,,,,1,ADB,,
VUT,Vanuatu,2004,12733.3,12733.3,,,,,,,,,,,,,,,1,ADB,,
VUT,Vanuatu,2005,13749.73,13749.733,,,,,,,,,,,,,,,1,ADB,,
VUT,Vanuatu,2006,15501.32,15501.323,,,,,,,,,,,,,,,1,ADB,,
VUT,Vanuatu,2007,18489.33,18489.333,,,,,,,,,,,,,,,1,ADB,,
VUT,Vanuatu,2008,20000.54,20000.542,,,,,,,,,,,,,,,1,ADB,,
VUT,Vanuatu,2009,21579.51,21579.509,,,,,,,,,,,,,,,1,ADB,,
VUT,Vanuatu,2010,22145.07,22145.068,,,,,,,,,,,,,,,1,ADB,,
VUT,Vanuatu,2011,22413.35,22413.35,,,,,,,,,,,,,,,1,ADB,,
VUT,Vanuatu,2012,22835.6,22835.603,,,,,,,,,,,,,,,1,ADB,,
VUT,Vanuatu,2013,26475.86,26475.862,,,,,,,,,,,,,,,1,ADB,,
VUT,Vanuatu,2014,28201.79,28201.786,,,,,,,,,,,,,,,1,ADB,,
VUT,Vanuatu,2015,35467.85,35467.852,,,,,,,,,,,,,,,1,ADB,,
VUT,Vanuatu,2016,42657.61,42657.61,,,,,,,,,,,,,,,1,ADB,,
VUT,Vanuatu,2017,46510.4,46510.4,,,,,,,,,,,,,,,1,ADB,,
VUT,Vanuatu,2018,55062.63,55062.625,,,,,,,,,,,,,,,1,ADB,,
VUT,Vanuatu,2019,62948.53,62948.526,,,,,,,,,,,,,,,1,ADB,,
VUT,Vanuatu,2020,67667.25,67667.254,,,,,,,,,,,,,,,1,ADB,,
VUT,Vanuatu,2021,76325.2,76325.2,,,,,,,,,,,,,,,1,ADB,,
WSM,Samoa,1961,.83,,,,,,,,,,.83,,,,,,1,Mitchell,,
WSM,Samoa,1962,.98,,,,,,,,,,.98,,,,,,1,Mitchell,,
WSM,Samoa,1963,1.05,,,,,,,,,,1.05,,,,,,1,Mitchell,,
WSM,Samoa,1964,1.27,,,,,,,,,,1.27,,,,,,1,Mitchell,,
WSM,Samoa,1965,1.2,,,,,,,,,,1.2,,,,,,1,Mitchell,,
WSM,Samoa,1966,1.15,,,,,,,,,,1.15,,,,,,1,Mitchell,,
WSM,Samoa,1967,1.09,,,,,,,,,,1.09,,,,,,1,Mitchell,,
WSM,Samoa,1968,1.12,,,,,,,,,,1.12,,,,,,1,Mitchell,,
WSM,Samoa,1969,.9,,,,,,,,,,.9,,,,,,1,Mitchell,,
WSM,Samoa,1970,1.28,,,,,,,,,,1.28,,,,,,1,Mitchell,,
WSM,Samoa,1971,1.94,,,,,,,,,,1.94,,,,,,1,Mitchell,,
WSM,Samoa,1972,2.31,,,,,,,,,,2.31,,,,,,1,Mitchell,,
WSM,Samoa,1973,2.76,,,,,,,,,,2.76,,,,,,1,Mitchell,,
WSM,Samoa,1974,3.21,,,,,,,,,,3.21,,,,,,1,Mitchell,,
WSM,Samoa,1975,3.48,,,,,,,,,,3.48,,,,,,1,Mitchell,,
WSM,Samoa,1976,4.04,,,,,,,,,,4.04,,,,,,1,Mitchell,,
WSM,Samoa,1977,4.76,,,,,,,,,,4.76,,,,,,1,Mitchell,,
WSM,Samoa,1978,5.23,,,,,,,,,,5.23,,,,,,1,Mitchell,,
WSM,Samoa,1979,5.77,,,,,,,,,,5.77,,,,,,1,Mitchell,,
WSM,Samoa,1980,9.14,,,,,,,,,,9.14,,,,,,1,Mitchell,,
WSM,Samoa,1981,14.1,,,,,,,,,,14.1,,,,,,1,Mitchell,,
WSM,Samoa,1982,17.4,,,,,,,,,,17.4,,,,,,1,Mitchell,,
WSM,Samoa,1983,16.9,,,,,,,,,,16.9,,,,,,1,Mitchell,,
WSM,Samoa,1984,19.4,,,,,,,,,,19.4,,,,,,1,Mitchell,,
WSM,Samoa,1985,20,,,,,,,,,,20,,,,,,1,Mitchell,,
WSM,Samoa,1986,21.6,,,,,,,,,,21.6,,,,,,1,Mitchell,,
WSM,Samoa,1987,28.7,,,,,,,,,,28.7,,,,,,1,Mitchell,,
WSM,Samoa,1988,30.2,,,,,,,,,,30.2,,,,,,1,Mitchell,,
WSM,Samoa,1989,33.2,,,,,,,,,,33.2,,,,,,1,Mitchell,,
WSM,Samoa,1990,47.3,,,,,,,,,,47.3,,,,,,1,Mitchell,,
WSM,Samoa,1991,42.9,,,,,,,,,,42.9,,,,,,1,Mitchell,,
WSM,Samoa,1992,38,,,,,,,,,,38,,,,,,1,Mitchell,,
WSM,Samoa,1993,43.7,,,,,,,,,,43.7,,,,,,1,Mitchell,,
WSM,Samoa,1994,47.2,,,,,,,,,,47.2,,,,,,1,Mitchell,,
WSM,Samoa,1995,60.9,,,,,,,,,,60.9,,,,,,1,Mitchell,,
WSM,Samoa,1996,60.8,,,,,,,,,,60.8,,,,,,1,Mitchell,,
WSM,Samoa,1997,74.5,,,,,,,,,,74.5,,,,,,1,Mitchell,,
WSM,Samoa,1998,66.5,,,,,,,,,,66.5,,,,,,1,Mitchell,,
WSM,Samoa,1999,80.3,,,,,,,,,,80.3,,,,,,1,Mitchell,1,1
WSM,Samoa,2000,93.3,93.3,,,,,,,,,93.3,,,,,,1,ADB,,
WSM,Samoa,2001,106.83,106.83,,,,,,,,,86.8,,,,,,1,ADB,,
WSM,Samoa,2002,109.72,109.72,,,,,,,,,95.6,,,,,,1,ADB,,
WSM,Samoa,2003,133.82,133.82,,,,,,,,,118.2,,,,,,1,ADB,,
WSM,Samoa,2004,134.69,134.69,,,,,,,,,124.9,,,,,,1,ADB,,
WSM,Samoa,2005,177.65,177.65,,,,,,,,,160.7,,,,,,1,ADB,,
WSM,Samoa,2006,187.645,187.645,,,,,,,,,170.13,,,,,,1,ADB,,
WSM,Samoa,2007,192.305,192.305,,,,,,,,,179.22,,,,,,1,ADB,,
WSM,Samoa,2008,188.78,188.78,,,,,,,,,174.377,,,,,,1,ADB,,
WSM,Samoa,2009,223.838,223.838,,,,,,,,,200.602,,,,,,1,ADB,,
WSM,Samoa,2010,264.632,264.632,,,,,,,,,246.986,,,,,,1,ADB,,
WSM,Samoa,2011,253.594,253.594,,,,,,,,,,,,,,,1,ADB,,
WSM,Samoa,2012,246.264,246.264,,,,,,,,,,,,,,,1,ADB,,
WSM,Samoa,2013,285.561,285.561,,,,,,,,,,,,,,,1,ADB,,
WSM,Samoa,2014,348.555,348.555,,,,,,,,,,,,,,,1,ADB,,
WSM,Samoa,2015,373.862,373.862,,,,,,,,,,,,,,,1,ADB,,
WSM,Samoa,2016,422.675,422.675,,,,,,,,,,,,,,,1,ADB,,
WSM,Samoa,2017,496.38,496.38,,,,,,,,,,,,,,,1,ADB,,
WSM,Samoa,2018,525.765,525.765,,,,,,,,,,,,,,,1,ADB,,
WSM,Samoa,2019,550.643,550.643,,,,,,,,,,,,,,,1,ADB,,
ZAF,South Africa,1948,792.4266,,,,,,,,,,792,,,,,,1.000539,Mitchell,,
ZAF,South Africa,1949,763.4109,,,,,,,,,,763,,,,,,1.000539,Mitchell,,
ZAF,South Africa,1950,917.4939,,,,,,,,,,917,,,,,,1.000539,Mitchell,,
ZAF,South Africa,1951,937.5046,,,,,,,,,,937,,,,,,1.000539,Mitchell,,
ZAF,South Africa,1952,919.4949,,,,,,,,,,919,,,,,,1.000539,Mitchell,,
ZAF,South Africa,1953,983.5294,,,,,,,,,,983,,,,,,1.000539,Mitchell,,
ZAF,South Africa,1954,1061.571,,,,,,,,,,1061,,,,,,1.000539,Mitchell,,
ZAF,South Africa,1955,993.5348,,,,,,,,,,993,,,,,,1.000539,Mitchell,,
ZAF,South Africa,1956,980.5278,,,,,,,,,,980,,,,,,1.000539,Mitchell,,
ZAF,South Africa,1957,994.5353,,,,,,,,,,994,,,,,,1.000539,Mitchell,,
ZAF,South Africa,1958,967.5208,,,,,,,,,,967,,,,,,1.000539,Mitchell,,
ZAF,South Africa,1959,1022.55,,,,,,,,,,1022,,,,,,1.000539,Mitchell,,
ZAF,South Africa,1960,992.5343,,,,,,,,,,992,,,,,,1.000539,Mitchell,,
ZAF,South Africa,1961,1023.551,,,,,,,,,,1023,,,,,,1.000539,Mitchell,,
ZAF,South Africa,1962,1173.632,,,,,,,,,,1173,,,,,,1.000539,Mitchell,,
ZAF,South Africa,1963,1310.706,,,,,,,,,,1310,,,,,,1.000539,Mitchell,1,6
ZAF,South Africa,1964,1432.771,,,,,,,,,,1432,,,,,1593,.899417,CS1,1,6
ZAF,South Africa,1965,1582.074,,,,,,,,,,1460,,1593.389,,,1759,.9928991,OECD_MEI,,
ZAF,South Africa,1966,1746.82,,,,,,,,,,1596,,1759.313,,,1856,.9928991,OECD_MEI,,
ZAF,South Africa,1967,1843.155,,,,,,,,,,1705,,1856.337,,,2185,.9928991,OECD_MEI,,
ZAF,South Africa,1968,2169.706,,,,,,,,,,2050,,2185.223,,,2359,.9928991,OECD_MEI,,
ZAF,South Africa,1969,2342.425,,,,,,,,,,2223,,2359.177,,,2513,.9928991,OECD_MEI,,
ZAF,South Africa,1970,2495.261,,,,,,,,,,2259,,2513.107,,,2605,.9928991,OECD_MEI,,
ZAF,South Africa,1971,2586.049,,,,,,2445.8,,,,2446,,2604.544,,,2963,.9928991,OECD_MEI,,
ZAF,South Africa,1972,2942.347,,,,,,2807.95,,,,2808,,2963.39,,,3420,.9928991,OECD_MEI,,
ZAF,South Africa,1973,3395.945,,,,,,3381.95,,,,3382,,3420.232,,,4085,.9928991,OECD_MEI,,
ZAF,South Africa,1974,4055.87,,,,,,4011.05,,,,4011,,4084.876,,,4384,.9928991,OECD_MEI,,
ZAF,South Africa,1975,4352.805,,,,,,4285.5,,,,4286,,4383.935,,,4602,.9928991,OECD_MEI,,
ZAF,South Africa,1976,4568.925,,,,,,4436.9,,,,4437,,4601.601,,,4806,.9928991,OECD_MEI,,
ZAF,South Africa,1977,4771.454,,,,,,4647.6,,,,4648,,4805.578,,,5410,.9928991,OECD_MEI,,
ZAF,South Africa,1978,5371.71,,,,,,5132.8,,,,5133,,5410.127,,,6506,.9928991,OECD_MEI,,
ZAF,South Africa,1979,6460.255,,,,,,6197.5,,,,6198,,6506.457,,,8689,.9928991,OECD_MEI,1,6
ZAF,South Africa,1980,8627.58,,8220.1,,,,8398.1,,,,8400,,8689.283,,,11063,1.049571,AFDB,,
ZAF,South Africa,1981,11616.87,,11068.2,,,,11273.3,,,,11300,,11062.92,,,13146,1.049571,AFDB,,
ZAF,South Africa,1982,13540.83,,12901.3,,,,13124.4,,,,13100,,13145.98,,,18100,1.049571,AFDB,,
ZAF,South Africa,1983,17155.45,,16345.2,,,,16586.4,,,,16600,,18099.84,,,24185,1.049571,AFDB,,
ZAF,South Africa,1984,24292.43,,23145.1,,,,23412.7,,,,23400,,24185.14,,,22423,1.049571,AFDB,,
ZAF,South Africa,1985,22088.33,,21045.1,,,,21332.3,,,,21300,,22422.91,,,25293,1.049571,AFDB,,
ZAF,South Africa,1986,24038.54,,22903.2,,,,23206.7,,,,23200,,25292.74,,,34398,1.049571,AFDB,,
ZAF,South Africa,1987,33242.34,,31672.3,,,,32025.5,,,,32200,,34398.36,,,42357,1.049571,AFDB,,
ZAF,South Africa,1988,41486.09,,39526.7,,,,39933.8,,,,39900,,42356.54,,,46419,1.049571,AFDB,,
ZAF,South Africa,1989,44902.97,,42782.2,,,,43343.4,,,,43300,,46419.39,,,53419,1.049571,AFDB,,
ZAF,South Africa,1990,52850.43,,50354.3,,,,50354.2,,,,50300,,53419.33,,,60910,1.049571,AFDB,1,6
ZAF,South Africa,1991,60261.38,,,,,,,,,,,,60910.06,,,71571,.9893502,OECD_MEI,1,6
ZAF,South Africa,1992,70809,,70809,,,,70809,,,,70800,,71571.22,,,76398,1,AFDB,,
ZAF,South Africa,1993,75550,,75550,,,,75550,,,,75500,,76398.08,,,94538,1,AFDB,,
ZAF,South Africa,1994,94511,,94511,,,,94511,,,,94500,,94538.01,,,112745,1,AFDB,,
ZAF,South Africa,1995,111844,,111844,,,,111844,,,,112000,,112745.1,,,156055,1,AFDB,,
ZAF,South Africa,1996,147664,,147664,,,,147664,,,,148000,,156055.3,,,182365,1,AFDB,,
ZAF,South Africa,1997,173335,,173335,,,,173335,,,,173000,,182365.2,,,222984,1,AFDB,,
ZAF,South Africa,1998,213532,,213532,,,,,,,,214000,,222984.3,,,269316,1,AFDB,,
ZAF,South Africa,1999,259935,,259935,,,,,,,,258000,,269315.5,,,274355,1,AFDB,,
ZAF,South Africa,2000,520665,,520665,,,,,,,,267000,,274354.8,,,315556,1,AFDB,,
ZAF,South Africa,2001,606276,,606276,,,,,,,,313000,,315556.1,,,358251,1,AFDB,,
ZAF,South Africa,2002,715817,,715817,,,,,,,,358000,,358251,,,387788,1,AFDB,,
ZAF,South Africa,2003,808047,,808047,,,,,,,,388000,,387787.7,,,421494,1,AFDB,,
ZAF,South Africa,2004,914150,,914150,,,,,,,,421000,,421494.1,,,503053,1,AFDB,,
ZAF,South Africa,2005,1101130,,1101130,,,,,,,,503000,,503052.6,,,605679,1,AFDB,,
ZAF,South Africa,2006,1349293,,1349293,,,,,,,,605679.31,,605679.3,,,738317,1,AFDB,,
ZAF,South Africa,2007,1667580,,1667580,,,,,,,,739057.34,,738317.3,,,753655,1,AFDB,,
ZAF,South Africa,2008,1914200,,1914200,,,,,,,,753628.23,,753655.1,,,806345,1,AFDB,,
ZAF,South Africa,2009,1948222,,1948222,,,,,,,,805925.33,,806344.8,,,862876,1,AFDB,,
ZAF,South Africa,2010,2083114,,2083114,,,,,,,,862407.18,,862875.6,,,947269,1,AFDB,,
ZAF,South Africa,2011,2255299,,2255299,,,,,,,,,,947269.3,,,1035142,1,AFDB,,
ZAF,South Africa,2012,2373439,,2373438.8,,,,,,,,,,1035142,,,1132039,1,AFDB,,
ZAF,South Africa,2013,2513866,,2513865.4,,,,,,,,,,1132039,,,1241272,1,AFDB,,
ZAF,South Africa,2014,2696862,,2696862,,,,,,,,,,1241272,,,1428508,1,AFDB,,
ZAF,South Africa,2015,2975277,,2975276.4,,,,,,,,,,1428504,,,1606911,1,AFDB,,
ZAF,South Africa,2016,3170101,,3170101.3,,,,,,,,,,1606911,,,1700966,1,AFDB,,
ZAF,South Africa,2017,3391655,,3391654.4,,,,,,,,,,1700966,,,1778087,1,AFDB,,
ZAF,South Africa,2018,3638894,,3638894,,,,,,,,,,1778087,,,1835280,1,AFDB,,
ZAF,South Africa,2019,3755941,,,,,,,,,,,,1835280,,,2189376,2.046522,OECD_MEI,1,6
ZAF,South Africa,2020,4480606,,,,,,,,,,,,2189376,,,,2.046522,OECD_MEI,,
ZAF,South Africa,2021,4739868,,,,,,,,,,,,2316060,,,,2.046522,OECD_MEI,,
ZAF,South Africa,2022,4940722,,,,,,,,,,,,2414204,,,,2.046522,OECD_MEI,,
ZAF,South Africa,2023,5279024,,,,,,,,,,,,2579510,,,,2.046522,OECD_MEI,,
ZAF,South Africa,2024,5538294,,,,,,,,,,,,2706198,,,,2.046522,OECD_MEI,,
ZMB,Zambia,1965,75.99707,,,,,,,,,,76,,,,,,.9999614,Mitchell,,
ZMB,Zambia,1966,104.9959,,,,,,,,,,105,,,,,,.9999614,Mitchell,,
ZMB,Zambia,1967,121.9953,,,,,,,,,,122,,,,,,.9999614,Mitchell,,
ZMB,Zambia,1968,160.9938,,,,,,,,,,161,,,,,,.9999614,Mitchell,,
ZMB,Zambia,1969,180.993,,,,,,,,,,181,,,,,,.9999614,Mitchell,,
ZMB,Zambia,1970,185.9928,,,,,,,,,,186,,,,,,.9999614,Mitchell,,
ZMB,Zambia,1971,198.9923,,,,,,,,,,199,,,,,,.9999614,Mitchell,,
ZMB,Zambia,1972,200.9922,,,,,,,,,,201,,,,,,.9999614,Mitchell,,
ZMB,Zambia,1973,258.99,,,,,,,,,,259,,,,,,.9999614,Mitchell,,
ZMB,Zambia,1974,265.9897,,,,,,,,,,266,,,,,,.9999614,Mitchell,,
ZMB,Zambia,1975,330.9872,,,,,,,,,,331,,,,,,.9999614,Mitchell,,
ZMB,Zambia,1976,399.9846,,,,,,,,,,400,,,,,,.9999614,Mitchell,,
ZMB,Zambia,1977,392.9848,,,,,,,,,,393,,,,,,.9999614,Mitchell,,
ZMB,Zambia,1978,396.9847,,,,,,,,,,397,,,,,,.9999614,Mitchell,,
ZMB,Zambia,1979,516.98,,,,,,,,,,517,,,,,,.9999614,Mitchell,1,1
ZMB,Zambia,1980,518.98,,518.98,,,,,,,,519,,,,,,1,AFDB,,
ZMB,Zambia,1981,563.66,,563.66,,,,,,,,564,,,,,,1,AFDB,,
ZMB,Zambia,1982,689.46,,689.46,,,,,,,,689,,,,,,1,AFDB,,
ZMB,Zambia,1983,795.28,,795.28,,,,,,,,795,,,,,,1,AFDB,,
ZMB,Zambia,1984,869.89,,869.89,,,,,,,,870,,,,,,1,AFDB,,
ZMB,Zambia,1985,1231.45,,1231.45,,,,,,,,1231,,,,,,1,AFDB,,
ZMB,Zambia,1986,2303.73,,2303.73,,,,,,,,2304,,,,,,1,AFDB,,
ZMB,Zambia,1987,3225.08,,3225.08,,,,,,,,3225,,,,,,1,AFDB,,
ZMB,Zambia,1988,5243.82,,5243.82,,,,,,,,5281,,,,,,1,AFDB,,
ZMB,Zambia,1989,7946.6,,7946.6,,,,,,,,7900,,,,,,1,AFDB,,
ZMB,Zambia,1990,12764.3,,12764.3,,,,,,,,12500,,,,,,1,AFDB,,
ZMB,Zambia,1991,22658.7,,22658.7,,,,,,,,22400,,,,,,1,AFDB,,
ZMB,Zambia,1992,,,,,,,,,,,,,,,,,1,AFDB,,
ZMB,Zambia,1993,97330.7,,97330.7,,,,,,,,96300,,,,,,1,AFDB,,
ZMB,Zambia,1994,140967,,140967,,,,,,,,141000,,,,,,1,AFDB,,
ZMB,Zambia,1995,227058,,227058,,,,,,,,227100,,,,,,1,AFDB,,
ZMB,Zambia,1996,271135,,271135,,,,,,,,271100,,,,,,1,AFDB,,
ZMB,Zambia,1997,355221,,355221,,,,,,,,355200,,,,,,1,AFDB,,
ZMB,Zambia,1998,414941,,414941,,,,,,,,414900,,,,,,1,AFDB,,
ZMB,Zambia,1999,513023,,513023,,,,,,,,513000,,,,,,1,AFDB,,
ZMB,Zambia,2000,2324.441,,2324.4413,,,,,,,,775900,,,,,,1,AFDB,,
ZMB,Zambia,2001,257472.2,,257472.18,,,,,,,,929600,,,,,,1,AFDB,,
ZMB,Zambia,2002,338449.7,,338449.69,,,,,,,,1157800,,,,,,1,AFDB,,
ZMB,Zambia,2003,422986.3,,422986.31,,,,,,,,1498100,,,,,,1,AFDB,,
ZMB,Zambia,2004,558158.5,,558158.52,,,,,,,,1841000,,,,,,1,AFDB,,
ZMB,Zambia,2005,576326.4,,576326.4,,,,,,,,2099700,,,,,,1,AFDB,,
ZMB,Zambia,2006,830187.2,,830187.16,,,,,,,,3340083.1,,,,,,1,AFDB,,
ZMB,Zambia,2007,1039946,,1039946,,,,,,,,3825564.5,,,,,,1,AFDB,,
ZMB,Zambia,2008,1281511,,1281511.2,,,,,,,,4982458.3,,,,,,1,AFDB,,
ZMB,Zambia,2009,1379691,,1379690.7,,,,,,,,4961903.3,,,,,,1,AFDB,,
ZMB,Zambia,2010,1791654,,1791653.6,,,,,,,,6977882.5,,,,,,1,AFDB,,
ZMB,Zambia,2011,2180478,,2180477.9,,,,,,,,,,,,,,1,AFDB,,
ZMB,Zambia,2012,2569899,,2569898.8,,,,,,,,,,,,,,1,AFDB,,
ZMB,Zambia,2013,3104222,,3104221.4,,,,,,,,,,,,,,1,AFDB,,
ZMB,Zambia,2014,3495915,,3495914.7,,,,,,,,,,,,,,1,AFDB,,
ZMB,Zambia,2015,4726214,,4726213.5,,,,,,,,,,,,,,1,AFDB,,
ZMB,Zambia,2016,5501410,,5501409.6,,,,,,,,,,,,,,1,AFDB,,
ZMB,Zambia,2017,6369694,,6369693.6,,,,,,,,,,,,,,1,AFDB,,
ZMB,Zambia,2018,7338442,,7338441.4,,,,,,,,,,,,,,1,AFDB,,
ZWE,Zimbabwe,1980,.63,,.63,,,,,,,,,,,,,,1,AFDB,,
ZWE,Zimbabwe,1981,.6788,,.6788,,,,,,,,,,,,,,1,AFDB,,
ZWE,Zimbabwe,1982,.8252,,.8252,,,,,,,,,,,,,,1,AFDB,,
ZWE,Zimbabwe,1983,.7514,,.7514,,,,,,,,,,,,,,1,AFDB,,
ZWE,Zimbabwe,1984,.8739,,.8739,,,,,,,,,,,,,,1,AFDB,,
ZWE,Zimbabwe,1985,1.0208,,1.0208,,,,,,,,,,,,,,1,AFDB,,
ZWE,Zimbabwe,1986,1.1268,,1.1268,,,,,,,,,,,,,,1,AFDB,,
ZWE,Zimbabwe,1987,1.2589,,1.2589,,,,,,,,,,,,,,1,AFDB,,
ZWE,Zimbabwe,1988,1.6173,,1.6173,,,,,,,,,,,,,,1,AFDB,,
ZWE,Zimbabwe,1989,1.9331,,1.9331,,,,,,,,,,,,,,1,AFDB,,
ZWE,Zimbabwe,1990,2.4672,,2.4672,,,,,,,,,,,,,,1,AFDB,,
ZWE,Zimbabwe,1991,3.0356,,3.0356,,,,,,,,,,,,,,1,AFDB,,
ZWE,Zimbabwe,1992,3.2112,,3.2112,,,,,,,,,,,,,,1,AFDB,,
ZWE,Zimbabwe,1993,6.2586,,6.2586,,,,,,,,,,,,,,1,AFDB,,
ZWE,Zimbabwe,1994,7.396,,7.396,,,,,,,,,,,,,,1,AFDB,,
ZWE,Zimbabwe,1995,11.2697,,11.2697,,,,,,,,,,,,,,1,AFDB,,
ZWE,Zimbabwe,1996,13.8744,,13.8744,,,,,,,,,,,,,,1,AFDB,,
ZWE,Zimbabwe,1997,21.3196,,21.3196,,,,,,,,,,,,,,1,AFDB,,
ZWE,Zimbabwe,1998,26.3318,,26.3318,,,,,,,,,,,,,,1,AFDB,,
ZWE,Zimbabwe,1999,35.4732,,35.4732,,,,,,,,,,,,,,1,AFDB,,
ZWE,Zimbabwe,2000,1716.173,,1716.1731,,,,,,,,,,,,,,1,AFDB,,
ZWE,Zimbabwe,2001,866.1364,,866.13637,,,,,,,,,,,,,,1,AFDB,,
ZWE,Zimbabwe,2002,630.7019,,630.70191,,,,,,,,,,,,,,1,AFDB,,
ZWE,Zimbabwe,2003,694.6343,,694.6343,,,,,,,,,,,,,,1,AFDB,,
ZWE,Zimbabwe,2004,1291.091,,1291.0911,,,,,,,,,,,,,,1,AFDB,,
ZWE,Zimbabwe,2005,672.4312,,672.43118,,,,,,,,,,,,,,1,AFDB,,
ZWE,Zimbabwe,2006,1084.437,,1084.4369,,,,,,,,,,,,,,1,AFDB,,
ZWE,Zimbabwe,2007,603.1027,,603.10274,,,,,,,,,,,,,,1,AFDB,,
ZWE,Zimbabwe,2008,313.8955,,313.89551,,,,,,,,,,,,,,1,AFDB,,
ZWE,Zimbabwe,2009,1381.249,,1381.2494,,,,,,,,,,,,,,1,AFDB,,
ZWE,Zimbabwe,2010,2328.536,,2328.536,,,,,,,,,,,,,,1,AFDB,,
ZWE,Zimbabwe,2011,3100.401,,3100.4014,,,,,,,,,,,,,,1,AFDB,,
ZWE,Zimbabwe,2012,3718.808,,3718.808,,,,,,,,,,,,,,1,AFDB,,
ZWE,Zimbabwe,2013,3888.05,,3888.0503,,,,,,,,,,,,,,1,AFDB,,
ZWE,Zimbabwe,2014,4377.276,,4377.2757,,,,,,,,,,,,,,1,AFDB,,
ZWE,Zimbabwe,2015,4736.074,,4736.0736,,,,,,,,,,,,,,1,AFDB,,
ZWE,Zimbabwe,2016,4863.845,,4863.8452,,,,,,,,,,,,,,1,AFDB,,
ZWE,Zimbabwe,2017,3744.811,,3744.8113,,,,,,,,,,,,,,1,AFDB,,
ZWE,Zimbabwe,2018,4011.197,,4011.1965,,,,,,,,,,,,,,1,AFDB,,
